tx_hash,start_time,end_time,block_number,gas_used,kind,error
0xce04f2afd1025f6cdac1418a28e9101789ee9e42c35655e5386263f20efdbcba,1764457472,1764457475,455,51596,,
0x9cce8c71a8622dc741dbd71487994925cdbaf7353d3a83e0737468ea20c2ec92,1764457472,1764457475,455,51608,,
0xe0a304fdccb57ecd16c48444f9cfe4aeea8f6ac90fecfb944bd86f97bcea836a,1764457472,1764457475,455,51608,,
0xc3569263c31ab7e4600a3f498d7ad2d31b5dc9c66e13d6385f46db156c4dec04,1764457472,1764457475,455,51608,,
0xa626fdc5135686a75c3f120377dd9c02ec487d4b3de561847975a4a859ecb1b5,1764457472,1764457475,455,51608,,
0x9ef81ac2d59397f77f79358d254b67cfe13b70522f03258cc959d978603e61b7,1764457472,1764457475,455,51584,,
0xcc663b0f2f92c42d65a6731a6aab78503c4809dfcaf02bce481ed12106415eef,1764457472,1764457475,455,51608,,
0x5b9eae4741e6a15a692a980d9d4fb77ec141af64fe79355fb07c435e496ac79a,1764457473,1764457477,456,51608,,
0xa029655bac42801e49f9d9103bcbc8700e8b8279b97d6b0af368e8fe3073506b,1764457473,1764457477,456,51608,,
0x23e280e98fa3ba7f9ee87f36bf2b02b0880505e28dfbbad2bef6b5816da7cd94,1764457473,1764457477,456,51608,,
0xf5b554b8f6ba582246a746c9792e589e9909fa4676bc4b56c557d096c87b896e,1764457474,1764457477,456,51608,,
0x57eeb34171b69eec6ae4a139d7020b652afd8348e4450e65b695562d344a5036,1764457474,1764457477,456,51608,,
0xe7e6e8553411731fbf0ca8e86c5202f8f8d6139e712eda6665d7062d8c92abdf,1764457474,1764457477,456,51608,,
0xdd438ff2c0d9a98fcb679c382750237f975334375fc6e05969e8a1e8cd5fde3b,1764457474,1764457477,456,51608,,
0xe4bc9e0a4a5f1bc21d544351b6788fdd36a1443bb4bc8d9cfa53a2f03eb3d374,1764457474,1764457477,456,51608,,
0x64c983e086485361027f1eb5969fd89ac1cc993e8abf0cceabd84295bd9724d5,1764457474,1764457477,456,51608,,
0x0786957a9972eb3e6b6b61507c1430eec600c71bda69a2891a445dd6a27499ba,1764457474,1764457477,456,51608,,
0x81410d7de3279a91a8a0b6df96dd3febea3bc831559ebfd2b811b55f2acc068f,1764457475,1764457479,457,51608,,
0xe48577472d519e5e36dae8c3a98933e84280baa9ac5bb325c5959fd9a946fc0f,1764457475,1764457479,457,51608,,
0xcdcfa625c58da53b4f69d2710a6f595f1efef76cddafa6e9658764c40d57626c,1764457475,1764457479,457,51608,,
0xbd3ba238ac282512c803fa708cd72bf97a6246f988eb777fdbe40afd4ab6c510,1764457476,1764457479,457,51596,,
0xdeaae5873218479f53421f5a2ade9ad49cf7416cc26bb5aa25e949fa97f1c831,1764457476,1764457479,457,51608,,
0xc1cdcad0c4ff7a9f584bd7352eb1dc61d4c412f820b096f8a35dfbabf210740d,1764457476,1764457479,457,51608,,
0xf0dc72a95e9950af31833bcd2292d7c6439555f92c7ea2d0ac3d40059cd26c5b,1764457476,1764457479,457,51608,,
0x7c44db237b798d42921ec6bd0fa1762e4ba6f481ad0bd2751c516d655d4135e4,1764457476,1764457479,457,51608,,
0xe58de9df2a5e1c7de524556bf816fed6b51f4e0e8429fc1553cd025bbe7a7cf1,1764457476,1764457479,457,51608,,
0x24421893d25296ddee1726ba05f4c8a7c02278704bb733bb771a926cbd3e3331,1764457476,1764457479,457,51608,,
0xedf9e1a9e861979e1fd9304db51000e3c8e736552a4b9c5e31a5ec54bb63e9f9,1764457477,1764457481,458,51608,,
0x1672e46d147ee86820c6ee1e1a79f54dfa8c37e9aceaf533d0f68b1babd82c3e,1764457477,1764457481,458,51608,,
0x00910104cb05561261a398cd3fa296a2f0375fb8336e04992c8b124432867829,1764457477,1764457481,458,51608,,
0xe372999f58c1bb1c3a65affe9be2e00bf8edfa3d8a359edc4d7326bcf92206c5,1764457478,1764457481,458,51608,,
0x158e31fe5e3b2ad867d644a09aa2e18155170754b9a40cb7f7002365faae7c0d,1764457478,1764457481,458,51608,,
0xf8eb960416c7157d53966e4ab1cf33846bed912d1be768e9eb488f73a0e029bb,1764457478,1764457481,458,51596,,
0x4a18da719d96e0e0d2906f1b2316ba8da9fc7b8427b1f5d01cbcdae4b3316280,1764457478,1764457481,458,51608,,
0x2251ae4ecebc9f68e76de5f7fe2126c8f97d112edf3325c273f935e61c9a41b4,1764457478,1764457481,458,51608,,
0x593197daafc3b3a513c49bba2ea1ff5bf759fba37bdba361dedd3a960d096757,1764457478,1764457481,458,51608,,
0xae7124b677d5fa015a0f9ae7495c537aae2782916451d04c46b13e4bccbd29c4,1764457478,1764457481,458,51608,,
0xd3c1d83ed0769d81478ce87a51bed792e1b68b9abc2a02935bc727d6558b6825,1764457479,1764457483,459,51608,,
0x6d94d9c0e4c2e9dddd959172876072105fa5686c51a01eab9c58a156845d9793,1764457479,1764457483,459,51608,,
0x86c43003bcc5e2d62d214df53eef7e68fe64391f2baf873b5d4b686d7a9e56e5,1764457479,1764457483,459,51608,,
0xe54f41f7ca76a5e5121005a98f0620354a782e86565ea4f8fa6dd977f9b6d9f2,1764457480,1764457483,459,51608,,
0xe21752e3269183c21dc66eed0d74783a2df2343d5cd47756299589786ef20019,1764457480,1764457483,459,51608,,
0x7b06dc1b6f84e402733cb9ce56f6d7aaa78dd7ed1ca464f3030de99d57c97fc2,1764457480,1764457483,459,51608,,
0x2e9864e1778d3400b8acfb788225df66156f4d9eb3d01a84186feb4728cfaa75,1764457480,1764457483,459,51608,,
0xb29d640a6331a49ae1e7eb133afc2f8e951bdf8feb7b5176a8e345de72dd538c,1764457480,1764457483,459,51608,,
0x979c98ac6a3444c0b2dd67f67398e985e25d78a89fd986bdb2f9768e88c8bb1b,1764457480,1764457483,459,51608,,
0x12f5e527600eeaf1f412bad64137c543a9bddde0515ebd42eb0b79451bf3836d,1764457480,1764457483,459,51608,,
0x205aa11ed0839ea36f6f0387d167c1bf8ca3394378e2a39e2c4fbc5c5784391f,1764457481,1764457485,460,51608,,
0x1a5f8db17f0c7db46e78cbd0008dbfb98ca106aed673bfd1d74ccf9ccca46e86,1764457481,1764457485,460,51608,,
0xe73be08792c52e2b4441b6a20574f2c1dd1089f153bc7839afdbc9df92673381,1764457481,1764457485,460,51608,,
0xe13cd7decb880a77a703ee5a36768091c9fd90aca2d72d270e6731b5e037c9d8,1764457482,1764457485,460,51608,,
0x3a61c2a7ae40d14bbef4b1ab133820539b607b6cc0cba006f617c365a78eb155,1764457482,1764457485,460,51608,,
0xff5cd4be6b8bc43094c4056c0957ff01454abef8d8b44296b0e2b0e30a448db7,1764457482,1764457485,460,51596,,
0x0e6bd162a8ac2b4d2e129525f94805d98b1c011d8c2c26cfb4cba9643c25c8a6,1764457482,1764457485,460,51608,,
0x880bd109657ba6fc300098726de14fd170f97cb599ca570a0b8958e40879868d,1764457482,1764457485,460,51608,,
0xb4e713a2d2df54ff5dd3d9c9f9aed80586a85540b4d3fe6d41fc7b9482b0c4db,1764457482,1764457485,460,51608,,
0x1ecaf64ca9208ea60a2343beab35eed2761b559bba7fb902ce088db6f511d80d,1764457482,1764457485,460,51608,,
0x46f2883f1a9d5ee5e58d5dc7bd2c926934faff014eaf2bd76afc1d073dbb60b6,1764457483,1764457487,461,51608,,
0x555c16419f777ac17de52c13e227a74d7e2ee2255e291e618145797a6ca6b953,1764457483,1764457487,461,51608,,
0xf6d2f99bcb9ce8e8dd4f0f9252f2eb2961f2ba1e037cf78b17d2214ea8139664,1764457483,1764457487,461,51608,,
0xa142cd7d29f8f00fbfe737e19771304889b2a3e7b63c8b82c0e9702921219ed4,1764457484,1764457487,461,51608,,
0xa93d1f8b66e029fc041567e3cf764df72b24b6d8f578249a92aebe4565aeb861,1764457484,1764457487,461,51608,,
0xb272f2e072ecda0df5e222e744523fb8c084d64ee7bc8d87aab13e7a5fd8f7e5,1764457484,1764457487,461,51608,,
0x78749fbb000dc9aece73dde42356c82e8d353572f785d98dd5570d8609100946,1764457484,1764457487,461,51608,,
0xf68d188f48def0004bfa5bc2d3acb504bfcabb256dc26c28eb6607c49702c7e3,1764457484,1764457487,461,51608,,
0xad30d062befbc050e83096273df1a516ce8177e8f9c48a1c4e82476694716577,1764457484,1764457487,461,51608,,
0x92d538a5b2996fb79234a28771660c5dcc0698ef91a5c06116818f5533c2b9ca,1764457484,1764457487,461,51608,,
0x771e8935fa7b0b81c47797b86593b93af093fc082a7324d64cfd85f637eeb109,1764457485,1764457489,462,51596,,
0x880e30e3a7802728fbe900716729ae6c8e551caba916525d2ba12f7bfb82db40,1764457485,1764457489,462,51608,,
0xaac80d14239da4be4cfaab867560ea94523d56479213639424f28059fd5c09fd,1764457485,1764457489,462,51608,,
0xdc7dec93b6d4fb00d3558dd34cc3d29e6a3e96c60b8c5f341fa624e251950696,1764457486,1764457489,462,51608,,
0xd258bdb5ee898d45d624f43e341e11b46483850410d06781ea37d2f0cebbcb49,1764457486,1764457489,462,51608,,
0xe78e835f18869f067e2f5eea3e2c67a3e9f978450ec5963b52bef12e80b9c594,1764457486,1764457489,462,51596,,
0x0a23ac20191514b862765bd736eb9e366a49af5ce83cb3055ff689e3da693471,1764457486,1764457489,462,51608,,
0x35661186c29f7da7ee131d94f501994a234dd86ca4878f39a6e405a619e3a99c,1764457486,1764457489,462,51608,,
0xdf5b811ffbe5d78a50d777c1d87e418698ef5ca9d5d5c315b4dd7a99d95d5eab,1764457486,1764457489,462,51608,,
0xfd47c7ac76ce92ba2aa63fcb1b107114b5b5f8296c77845856dccd4c8cd8904d,1764457486,1764457489,462,51608,,
0x8df05cd87bd5258d7797328c769d1e9a6532bbe0e9d7ff182730798122b92179,1764457487,1764457491,463,51608,,
0xee8b526c9ee2f8e813236bfaadbd5dc16730d5a313ce9e8dc5947b6ffacd11cd,1764457487,1764457491,463,51608,,
0x19eacc7883e9c76a6215790b4e9b0f5d8da9695e9376e15e52e96931adecf7a7,1764457487,1764457491,463,51608,,
0x1e4053d42f310a650a3e425bd60617dee55af22dcf41a54a89fef85e44f0acfa,1764457488,1764457491,463,51608,,
0x81215b47cec249d8dea064d57e6dfe08da57e770fc5f85dc7f9cbaa4525e0b9f,1764457488,1764457491,463,51608,,
0x118c4d22bf41d7d28865eb9d70492c10338e2ffb89ac00962ba6f5ebb191493c,1764457488,1764457491,463,51608,,
0x1a09d48702ba2de3fc614469a33f422c7f9ffde1eabe5c0b5b9195295b9e1bfe,1764457488,1764457491,463,51608,,
0x6d02928b821cbab792e1421d01b7f89a8df22508101cbad50730a3258b08ff9f,1764457488,1764457491,463,51608,,
0x603496327bdd47bf21699ee9ffe3eab45a7c009aa8736156c9dc2e06aeabf5cc,1764457488,1764457491,463,51608,,
0x4d3a2beccd53578393063d649f8475b7c5eaf264a9ad9be95900e4d1fddb5a0b,1764457488,1764457491,463,51608,,
0xe944ad0488c9e60a869e6b3f4fa459b3fc2f841326d414e1002e8ef9c5fb76e5,1764457489,1764457493,464,51608,,
0x175adf6f2e5c5d90dd623fc52a30a9c881a78b1622498fc1e7afa546dec606c7,1764457489,1764457493,464,51608,,
0xc28339ac55c71e971b8f6eefa5ee7e0286b6b16c4e3fe190a30b5fa901f207cd,1764457489,1764457493,464,51608,,
0x9bf325fe82cb44378cd39c8c806e149cb084c080b80693a0830ba5460a75da61,1764457490,1764457493,464,51608,,
0x33806efad6a736f2c24ae97313f6907bbc82d82850c05c162cf97fea32fd4a38,1764457490,1764457493,464,51608,,
0x07a3ecc4f47a970b80fbaeeb28af413e30e32921cf040b5dd26e5278cad7b91f,1764457490,1764457493,464,51608,,
0x8e220791b2e0c09787f9f34d68f306e7236ec7c9384b320fac39f95e7969e85e,1764457490,1764457493,464,51608,,
0xb6aae373058fae30cdce88ec7ffc601676d34d111cfdf0c6baf750e7c4dbe8c8,1764457490,1764457493,464,51608,,
0xe9f2bd3e1cf93f4745c6e9a0817d52b6f6af240533ead1cddea1c18d136a145b,1764457490,1764457493,464,51596,,
0xddd80d6310351655a593d04a63f2430eaa35560f9513492032acff2b7d25696a,1764457490,1764457493,464,51608,,
0xea40450217c2faff1223962e97c0b96c456b2d1ec9d62e1f228c199608a6b516,1764457491,1764457495,465,51608,,
0xfdcb395a6afea192b75d09e7938ac9805e1ebbdaae0099da36f59c8a4220247b,1764457491,1764457495,465,51608,,
0xee4090867ff79cdb79981e9c7f6c463e6c8bf626c237d1a61ea5c67a6c6116c6,1764457491,1764457495,465,51608,,
0xcff61fd1535e04fe7eff5bf6e3d549d07a3055a441edade4f87d4aec1822d9af,1764457492,1764457495,465,51596,,
0x604d41c1250349dd814981469de06da8f5d008ded179c4bfb8e418ffe19ec1ad,1764457492,1764457495,465,51608,,
0x78a555c08d5a9c53d80a882e9e4bb0a41619302dc56d16673d9e9079d9ef1c88,1764457492,1764457495,465,51608,,
0x714e62781bb2b6fa17a21c3410e8e046fce77b01105a7d08a11e584e7cc3e92b,1764457492,1764457495,465,51608,,
0x40bff6bc7fa2dc2514e8d76dcbfdd864274612460f5305c61cb7a96d05a0857c,1764457492,1764457495,465,51608,,
0x73841a50a688ab776606d40c7d26b386278eb3332510534a3e1366440920290d,1764457492,1764457495,465,51608,,
0xc8c0f85ad696995bbb0e345bec19b02e405ec59e64f92b9aefb562cadf4b7201,1764457493,1764457495,465,51596,,
0x83d576701409cc6245c9223ff6f657c12a4548ec52d11e92fe7134bb02eb294a,1764457493,1764457497,466,51608,,
0xc8683d1cd56f6c2d51e5ffd66817fa2bba2922b231711cfb08b8707f86805e58,1764457493,1764457497,466,51608,,
0x3e8ec8153d3d733a9fb69d16b3c11849f3cab2b245f5e3ee3bb567cc521dc3f0,1764457493,1764457497,466,51608,,
0x36159bef888dac6418cb820ccc70fd14b0784ea6f4f5dc0dcf4fa69fc73dab98,1764457494,1764457497,466,51608,,
0x62b0c3c922ec0b989e9569fd1bf5bab6e1b2394bfbe32b8831d180621c63fcfb,1764457494,1764457497,466,51608,,
0x88fd0bb37f4f0fb46bc18b915ed289960b5c463fc0f1e3c3155b1ad22ff278b0,1764457494,1764457497,466,51608,,
0x68eda6242f7bcec1355d8a4373fb1ca0a481209cfb3be87c61f59af0dede3979,1764457494,1764457497,466,51608,,
0xd4d68340dbc8f866c5e14195d252dc6afb5b43cc300ca236b5b34b011ded9ee3,1764457494,1764457497,466,51608,,
0x9777ec7856fd66d6bf82b62f14adaa7c65b43d57e08b0a7a5449b9832e63e8f5,1764457494,1764457497,466,51608,,
0x05b73453a6e22d55c22953f8502eb4e80913a4646d6b41b8667c83aef1136adb,1764457495,1764457499,467,51608,,
0x70dbd96b5a2cd7ec01697deda2776a0a8df38d15b3d5182cd353ef3082b06724,1764457495,1764457499,467,51608,,
0xa73fa4ba1e50299b895e6bcf707e253795db07481faae26f773fa2dd45882f86,1764457495,1764457499,467,51608,,
0xe88aaf4b26fc30024dc6a9f63938c039e739ffbdaf46fad2b00a0ae4468efbef,1764457495,1764457499,467,51608,,
0xc0d8d023c714466879767f3b19b9b651e6665df121a8c6400239f25cceb30c45,1764457496,1764457499,467,51608,,
0x1e057221e6745b72f90f12115e66d26d3e0b9c632691030d5167786bea55b6b3,1764457496,1764457499,467,51608,,
0x90ee4edf06277faf506f6d9a2f1d4e41e763c731606e84bf82453ef3e8b999bc,1764457496,1764457499,467,51596,,
0xf9b51c4d96531ae139d95d1ad1380cdd220664aaac48922cd30e1debcb3100ff,1764457496,1764457499,467,51608,,
0x0920757996d1e171542d5b03e13c4e3b98875672778005be71df9dd66880fea9,1764457496,1764457499,467,51608,,
0x86eab1a0ddd8da57ae7298f066965ea81b9933c278610f6440e4cede04af49f2,1764457496,1764457499,467,51608,,
0x71649236dc596999a5de3ba8b5184a1e68e6c87f7a665d525e8a5517c0678381,1764457497,1764457501,468,51608,,
0x5f08c30b71fc2eea9d41f6db18bf5d42ef9d0b6fa50d5ddfcb91d6911fa9e439,1764457497,1764457501,468,51608,,
0x7296310a52b65c011308d6d88d880b1fb9834e481f60b4d96ac6ad5d49cc8b09,1764457497,1764457501,468,51608,,
0xa00df8ec781a9041d825c493098793dd0beb2ce8e53f93d52db38fca8f7ee579,1764457497,1764457501,468,51608,,
0xc26eb72613529fd47208418fc03f7b2e66b7e417de1b9428e2b51a9216f6cfba,1764457498,1764457501,468,51584,,
0x13621be924112629e22525b934713b29a6d564f61e31ecf1c14ff396e447847c,1764457498,1764457501,468,51608,,
0xa53eb4dffc61ae5b9d4d42cfad9fe9ce6e712baa194ad823dcc9c653aec35e53,1764457498,1764457501,468,51608,,
0xc558d016e30de21022bae2823f57c69c25898d883746012e7141938f66567617,1764457498,1764457501,468,51608,,
0x5fb356101bbd1846b374c4d78aa04a1b264552689bde281e35bbdeab5e38ccfc,1764457498,1764457501,468,51608,,
0xf8dd77fe94a696353080c2417718769a1ffddc2bf3b45aafccee4610e969994e,1764457498,1764457501,468,51608,,
0xdc25f746ac2e624f7cee18a5c3114f5601a89c1e27ce706f51512c583a1cbf28,1764457499,1764457503,469,51608,,
0x0c2dc09b16fb06e25549a4c2df16fbf65a5a9191f5cbc6afea5fa9873e5cbea7,1764457499,1764457503,469,51608,,
0x1c8503a0ee08fcd0eed832850a07f622fc9dbf23dfe921618d0a29e0f19e08f3,1764457499,1764457503,469,51608,,
0x7818c55a100db9e7b017175d2751d66d334286b578369c4a22d56066af305129,1764457499,1764457503,469,51608,,
0x8efe6dcb1803bec820fb9072232a0788d5462b62968a333e1db50bb66680be68,1764457500,1764457503,469,51608,,
0xa3b3188b0257e5c956ad1c0d9d9fb35d82a6324ff87e208721c1834d1b2895ca,1764457500,1764457503,469,51608,,
0xbe44adff404f5c122dd6b5cbcdb837b7631f54215f11026cea4556a7058d4d8b,1764457500,1764457503,469,51608,,
0xc761d763b7f76d48350ef638283949aff24771442ab38aebce03263518982cb2,1764457500,1764457503,469,51608,,
0xf0814e5a22a8df74dc4a5b6c95ed7c8fbeaa1216eefa18b655821b20164dfbb4,1764457500,1764457503,469,51608,,
0x297b5a0a347eb1f85b52e92d3d758a355c985a209758ac4746684c2a095d9c02,1764457500,1764457503,469,51608,,
0x6d56449386ecd8e8653e3a691bbfff9596f524138f001ed6f9443b8d2ec1a0f9,1764457501,1764457505,470,51608,,
0xad4d8709eeb70bc3b1c6b614f826e59800687af35e49f50176e849e5535d39f7,1764457501,1764457505,470,51608,,
0xc3798a6f85a2be57cffa1f67254f0385dfee1fff3bf4da58ccee8fbe6e7a3133,1764457501,1764457505,470,51608,,
0xd9217442d5ba916e8ec9dc1810c48a11096915a942f3be32d6e4fe1bb2d80c63,1764457501,1764457505,470,51608,,
0x40a7a0ccbb53650db08ebab8e198b5a149efd60892bf1d03d3407bd1d95c80d0,1764457502,1764457505,470,51608,,
0x02c033c762a67302f5683139cf2e31a819bfcdba02653830ef44128b1d950233,1764457502,1764457505,470,51608,,
0x70b97d36c03240a6f89f27615ee18ac007b80f55fba848d6357f176c60c94928,1764457502,1764457505,470,51608,,
0x5c671a724369809bf6622fe3b6ec735a073a1e742598518f501a37fc2d51b0c0,1764457502,1764457505,470,51608,,
0x4db4117f52431702e44b61f4a59818284362308c45c3611b9f240cd48151da86,1764457502,1764457505,470,51608,,
0x15e594007984dfabfa8a8747aa4c620e3543acea18a2f5ce00ed3761cc3e92bd,1764457502,1764457505,470,51608,,
0xec98848bedfa658663eb4d3497b78d6f87bce325b4ceca2fb35355e40d4f85de,1764457503,1764457507,471,51596,,
0x87bc5114f6d7f0bd07eb466f9a8d88dccb3640b516051a6c77ba5ed55cdf1adb,1764457503,1764457507,471,51596,,
0x5401caf8b0959903a02510f854ee8543042276b206469b7f951cdd000f4f9662,1764457503,1764457507,471,51608,,
0x2e2bf76bd2fc11a1b8ecc7ed368bf75f1801c239357bd679101c4ca4a8f92761,1764457503,1764457507,471,51608,,
0x99bb08eb1d50de9a823771e469979242307412b811b4f863f7f467d6848910f9,1764457504,1764457507,471,51608,,
0xce82b1144f43f5308aa5931c6c434d630ba5217d7e528007d315eaf260902537,1764457504,1764457507,471,51608,,
0x1f95aa34fcd20f9417d9b437c05077b426939f9356209c2f0c1fa7d7b9f043a6,1764457504,1764457507,471,51608,,
0x881ec2880529ba25409941e91cbf578ebaff54b43b38e45e1518f52beccc0fd8,1764457504,1764457507,471,51608,,
0xeda3bf5937c279acc789016f7e9bb5799c2ca2d54abdda1b415d7b48933c4d01,1764457504,1764457507,471,51608,,
0x9dfa49af92aa2d1b189932202f741750380526358258849cfb56edf75de35437,1764457504,1764457507,471,51608,,
0x8946254272f1aec8e0e1a85175f2fb50ad6413685952259da2b79f847487d062,1764457505,1764457509,472,51608,,
0xb175154fe5d46fb27ccd2fdbad0cfd952520de6641fc685d53768332b5a46470,1764457505,1764457509,472,51608,,
0x821fe96fc0c3b74ddddd326f71b52611404c394db235ab20f5a6d0ad75d18900,1764457505,1764457509,472,51608,,
0x3e1291f1c27feea97f7070503f4326eb272aa36da55ded5390da9d34c0a65597,1764457505,1764457509,472,51608,,
0x916efd7c2bf0406c0e78ae5479bad7bc32ec9b8eaf3bb64cdccd01fd84301c2d,1764457506,1764457509,472,51608,,
0xf759bce83022e31112190f4145ad2106e9f5eb9a72c2ecc9a74d0c47caf42953,1764457506,1764457509,472,51608,,
0x3b16410ac6f2187bcd4f8bb7e3d764df50f85dbd959b28b6e15eb7943dc1c741,1764457506,1764457509,472,51608,,
0x58a7abd60b067929caf6e661f7429cc0d83f3d1ae1cad28a451a2d5d20ddbc9f,1764457506,1764457509,472,51608,,
0x963bb7304af076a851f794c6e1c6f35af03feef0d9d736565ecebd0657885d2a,1764457506,1764457509,472,51608,,
0xf7a0630a827c21f5694d939e77a1cb7e3608e2162f9baa4385ec5b1a2be9b1b5,1764457506,1764457509,472,51608,,
0x4f527199c7cfb5eb299ed55eb55dacf665015316a9d755f536c1e6c085081953,1764457507,1764457511,473,51608,,
0xa9ad790e2d98e4ec500ef9cf25b88da2982edf289e0a1f2e8729cb0e589b2a90,1764457507,1764457511,473,51608,,
0x2dd47066a28823ed1a013e8f847238808d5a539dedff22546676e701176b10c9,1764457507,1764457511,473,51608,,
0xbca8f6aae281ee34a6be7186475c606c12af18e7c278d92bdd695670774c4828,1764457507,1764457511,473,51608,,
0x55b837a57ea6854d249957331f5c11fcb7298ab3bade96eefafed4fc11d6c563,1764457508,1764457511,473,51608,,
0xd45abe5c9c73414e4907b5b1d3596bda7e063be668f4f2ba4564096b0c64149f,1764457508,1764457511,473,51608,,
0x8f100ee9b092bb03f9bf8e84fe1cf628a5eae34c4f01349692550dfa2f8bfbc6,1764457508,1764457511,473,51608,,
0x42e116aeeef59625dfef5af91501737cb5393fe0fbbf090a5e417739df17d1da,1764457508,1764457511,473,51608,,
0x6227940423766a39749ea6f489a71e30abf33d7241efbd066ec22a6c25393904,1764457508,1764457511,473,51608,,
0xfd41ce48f04cf817586f2baa5eaac27e76b51b8c6efbe42a30389caa561715b0,1764457508,1764457511,473,51608,,
0xc8682c5c1146c73dc6d4747bb055c5f25b2dbad1782f893ea6b481eba0b03501,1764457509,1764457513,474,51608,,
0x1dbaa3809cce34f3751442b73f162e9334300c3ee976df0afd80b9f5de65f5bb,1764457509,1764457513,474,51608,,
0xff26cff7bc3d8fd1cc5479a5ce443ff00be6de9f612cea0d32738c711e5bee3d,1764457509,1764457513,474,51608,,
0xe1e3b76571641961d4778ccc6bb5ad975a83d3a15c6dabea118c87b2a7e92fde,1764457509,1764457513,474,51608,,
0x14a0e819095c31f20d708d5d3a3c5eb2ab4404dac5c8d56d10df48836d3e33c8,1764457510,1764457513,474,51608,,
0x50f3400418419369c2ad2ebbf9a5b7df51632e08fafdfffd312a0ad29ca9fea4,1764457510,1764457513,474,51608,,
0x3048305195d26cbd0506a7678141a0e1716a4643ac3a7152a139a12f33431f3d,1764457510,1764457513,474,51596,,
0xcdc9db585fa147628d09644963455a9493c256f3e3c9797147d2b14a135be043,1764457510,1764457513,474,51608,,
0x479b82aa9801a2860e73352541506c98ffa8c2ae2362341112a304eed41a05f8,1764457510,1764457513,474,51608,,
0xd0761c0a70d3dbd5486525716b47506c2791d2766b1d4b47f0f8e594945484f9,1764457510,1764457513,474,51608,,
0xf6dc034e4debf46000e1371b23cfe1a01827beb14d765c935b83643ca668f0f1,1764457511,1764457515,475,51608,,
0x97ac21197691dbb580e187c4d3f5b3e83be992f8372fb3a0ebc1d2f0515f2126,1764457511,1764457515,475,51608,,
0x095397029ef56a90ff1519c52276c0e5b3bb378f895b5748396348fbd6a803a7,1764457511,1764457515,475,51608,,
0xeb18f6ff68c00053c8240aa8e99c9e30f19724e282b4f490a6f2ad6fec1594d4,1764457511,1764457515,475,51608,,
0x8d4db2ee8f9905150f0bd0906c8e7416ed5880e03965c1f89568482a838eeb61,1764457512,1764457515,475,51608,,
0x255dcfc9e43e3b441a44fa6803edc7b36a804374ecb8971cc2dbc132c964d099,1764457512,1764457515,475,51608,,
0x6921b7bced41ba063a54d0dee6a52c1a0a781d5b8f0401da33804a9a8db27529,1764457512,1764457515,475,51608,,
0xa592c51764b719406108d3527be3c4f704922f1588a14b3ee971ec625d734a38,1764457512,1764457515,475,51596,,
0xd21c97f75c9f19f3d20574cb435f84c2a670a2d7f1e91577cef61a8f592ba9fb,1764457512,1764457515,475,51596,,
0x7cdfd61bb7c83a0b4012cc0f221f0b102fddf1eaef7316deed9327c9aa2436a6,1764457512,1764457515,475,51608,,
0x9a71239213adb365c30a9774ae35727a66034585de2df9997a57949d232e86f0,1764457513,1764457517,476,51608,,
0x7b9f08f30aa129b3c1ab6256007e87afdd67e3d6530ba51e77c2a8fb9f5a9a23,1764457513,1764457517,476,51608,,
0x671ce470ac6e71697a6932e0abc6b9adc232aa7e48f5c8f688b03e7227cd5cc7,1764457513,1764457517,476,51608,,
0xb114ef29bc1c4052cfd082339421e954013eab9b8c2b443d6e7805fd3885451c,1764457513,1764457517,476,51608,,
0xe91d96142aba6fb875c5d7fc4d40a0d87de1e8ec1c0e5d94b43ae108c9c7aed1,1764457514,1764457517,476,51608,,
0x081a6cd56085d6fdd1a5603e5f11056142f853af33e5d23557f7f172a6dfbaeb,1764457514,1764457517,476,51584,,
0x3a2827f0eb03d97b458ae2463bb318da7ee44d658c3790a1ab253e98a4e06c64,1764457514,1764457517,476,51608,,
0x0facb4192416d4542a76bba0b7d9cf84ba3e67aac5f66fe44c92c58cc6b241ca,1764457514,1764457517,476,51608,,
0xd3394b72c2c3835407b185c85aaa937a40c8cbb2437c7a79e55a5cc47191f1fe,1764457514,1764457517,476,51608,,
0x4c2dfa8e76e73b8e20c1219b059e11d3137ea60314c2b9aa457fcea20cde088b,1764457514,1764457517,476,51608,,
0x19e68db1773fd863ea000aa0b211bf27abbc6774a5f1d50b741ad1e238d7683a,1764457515,1764457519,477,51608,,
0xb31d0b55a2bac51da47fe5b274321e38a8aad6cb86abbf9c0a3d2e2d2aad0db4,1764457515,1764457519,477,51608,,
0xa248576af4794e987e255d626134eefb45426aaa12ac3fdda17313d8400247e2,1764457515,1764457519,477,51608,,
0x1e330fec9e5d883d8c1d4431c5b3d16d464285567ac6f6f8bc43a10622515dfc,1764457515,1764457519,477,51608,,
0x96bc7bbc3d997bbf7d7904040f423d9eaa51950fc7f63977d664cb21df32a9d7,1764457516,1764457519,477,51608,,
0x2974cdad1d0d1cad085bc167aaf67b2f86e6cbefd3558e361c076fa2720ccc31,1764457516,1764457519,477,51608,,
0x7b1d034f6e7125930755d6a11ad182d90941d9ddf46df6df6eb6564a0023777c,1764457516,1764457519,477,51608,,
0xad160999870ef5a796911e0a3f895338404afa55785fd02d568f870e48af1968,1764457516,1764457519,477,51608,,
0x7857c7c0bb5317c55adbf5ea3cb9289a075c638f3636d2032771f29f3ee2376a,1764457516,1764457519,477,51608,,
0x3ecd8ec816025133beec754b81d5cf88504380e5977cc215da2d2d75df56b6e1,1764457516,1764457519,477,51608,,
0xdacec06236261f43f9893620b7fbcf7cb6f77787aac20368d8c539ce9ff5cc4a,1764457517,1764457521,478,51608,,
0x758e02b446ea292866b770a1be211d819b2e86debed58b32070bf8472cad02ce,1764457517,1764457521,478,51608,,
0x1a822b692b6d412aa4c3e4dfb2e168457d8d2d9c338ed6283ded37ccc9252996,1764457517,1764457521,478,51608,,
0x6245b3b5011788d3d9477bacaf7c545a12227862271fdc3e1c7787e15f104b18,1764457517,1764457521,478,51608,,
0x84f3b600a00699fd912d0c02d9951358e49d6ba5bb9a06208b0180df5da0635f,1764457518,1764457521,478,51608,,
0x418ddae7180687bfd28f2b0f3459b61f6e0bacf61dc897dac2188aa1e663187c,1764457518,1764457521,478,51608,,
0xda283a52b51f5115aa2abf2b189713abb5bf9f83a8154bde1c78a7f782848e39,1764457518,1764457521,478,51608,,
0xc1c5e23a99eff61274c0760ec52fde49e10c04a59abda2114404ca1cb5c18ee3,1764457518,1764457521,478,51608,,
0xab842fa7f0b27bdb1e58666bf875f0288302c7472c4049c4167626ff7b46f88d,1764457518,1764457521,478,51608,,
0x81cafdd9368634d7bfafee46d2f48293a5a61d5d25e7de712d79581dcc179e5e,1764457519,1764457521,478,51608,,
0x79d246d5eb6d3b7e11c6c0e03c943569f949a33c1fe8ae121e2edcf69fc2848e,1764457519,1764457523,479,51608,,
0x775e8c53ab9738183f94199ccc549e3e095589947e98c0531bb0b63b210ff431,1764457519,1764457523,479,51608,,
0xfb8d06d762575d310edae7784674d543f24064e81c9437fd76872f1dd9c9cb9b,1764457519,1764457523,479,51608,,
0xe0fa91b802484e18e72a3c7f5e976d1a6cc2da9dcd88eea5e9736345750d4c61,1764457519,1764457523,479,51608,,
0xeb11f0f1b82f89e95a96706a7a00a73493f70a5ab071116b097187673d2f91e5,1764457520,1764457523,479,51608,,
0x4689c41cac1e2c36a14537ec8149af57780adae81266284facc0431ab8d852f3,1764457520,1764457523,479,51608,,
0xfb0c881376983c60a0ddc5f839d18d7757563cb16b81742038f4ce8ddf2406c1,1764457520,1764457523,479,51608,,
0xeac7ce2a21f3a95251cd3373cd5bd3ee4c39cd48b364b889fb1a5df2d423bdd2,1764457520,1764457523,479,51608,,
0x878d74439c1e9aeb49100408c65b33529c3154aba1d74798896d9f82a1817626,1764457520,1764457523,479,51608,,
0xd99053764828609b28e04ebaa134d44c471204795ea15fa89cc18af5556c90ba,1764457521,1764457525,480,51608,,
0x740cc82f69474b7e4e86d7ce88f5dad4e9daa5e2b95e9cd00ae7662c61a97cbb,1764457521,1764457525,480,51596,,
0xc32f649204c304df5e8af09ae4fc3921c260d01a3be735ee8eb34b4e33178345,1764457521,1764457525,480,51608,,
0xc27dd0abf0c3470186c718d67d19ce907fa7592756dc4b163ba4a2b5c5b3e0ec,1764457521,1764457525,480,51596,,
0xa806c126383545379d07608047e04c585a814c3adfc1b8b74ae7b390ba889c80,1764457521,1764457525,480,51608,,
0xf1b605cafa4a4e188db716dd2c21f76a5cb628c2ef7d8ff452d78acfad4680fc,1764457522,1764457525,480,51608,,
0x3d21f7d56f1f76effaa633c9849768dac74a87cdb2ec5889eab492b8d5fbee3c,1764457522,1764457525,480,51596,,
0x09451391dd73e4e824f0d9a2320e6924cc7a0996cdbad403770aa249e2ae6486,1764457522,1764457525,480,51608,,
0x84288e27c93e4146c06ff686591c1a72adcbc26aaeaac63c2b558a89b430c08a,1764457522,1764457525,480,51608,,
0xd33232d7e9446efc9234dc7cee3a41dd31a70570c240d897a4243db361c83dba,1764457522,1764457525,480,51608,,
0x4ca08cef00409d0f479907c02a77d6b10dfd604faabfbc91050509785d8af878,1764457523,1764457527,481,51608,,
0x10b338d4d666df8a0763b79b82e5442e72db961c93f5bcb9dbf4cc1991b4442e,1764457523,1764457527,481,51608,,
0x8bd6f355ec583a54415c7940761998db7d31ce1398076ee2620fdb655e3941f0,1764457523,1764457527,481,51608,,
0xa779e856eb5854b39484a1ea0739b656a91a1786eabf0e89c257425f4734ec0f,1764457523,1764457527,481,51608,,
0x3a3e435a7fdc49713c62727bea41f6360c21bbcc6d5d0d0eb753afc9d62a6528,1764457523,1764457527,481,51608,,
0x8d5d64477fe258d4cf00aa023767ab22b44a4f27ae7ded22b0323af767576bd5,1764457524,1764457527,481,51608,,
0xcf48cf56d489f82728d5941717a181f10c70e343142027687c7cdfbf85f35d00,1764457524,1764457527,481,51608,,
0xfdc09bc9b4f82d31e7a2d98fd0158838cdd8e8687ad6073ab323e96298527633,1764457524,1764457527,481,51608,,
0xd99d41dd50850bf9e622801af38b2b32e88edf2f9e5c15a362616d3a8f440e3a,1764457524,1764457527,481,51596,,
0xd4eddcd95bfddcae827de7f895583f774e02618317b5b82ddc3ba7e324844f1b,1764457524,1764457527,481,51608,,
0xc3ac7d011695d2064453331597f95a22c26687c84638a1e28c7870fb3d92729d,1764457525,1764457529,482,51596,,
0xeb3c5b3ad1a96a7a6b6ef54e97a6027988b21a5620d5d46d7b6866e2f19a76cd,1764457525,1764457529,482,51608,,
0xf9ceb62c43160c270376a31a3c3679642317519170f23f7d5ab566b637b78e8d,1764457525,1764457529,482,51608,,
0x7dc64b2d0959cb3673809eaee6e12ed5f8de9e905929768515ddc315a3eaa4ac,1764457525,1764457529,482,51608,,
0x274b79503d1107c0ebf5a40939db39edb71b8cdafac87eeab142a2ac1f15c9d1,1764457525,1764457529,482,51608,,
0xacd674c99ed717b16cc013cbb3c2d70ba2cb935ddf2f9a4b8178ace0a91ad5da,1764457526,1764457529,482,51608,,
0xc65bfc03cd1cc5811469af8119253496e37279684a87611a4485416e73269f31,1764457526,1764457529,482,51608,,
0x1ca7d466a8f1c34838f6a4b8224955f2777c621cee20ee7d119652700008d5fb,1764457526,1764457529,482,51608,,
0xe966c835fcb41b8d1dd64a2d7513b7bfb30f4ff1a8b187086a705e7c930dc19f,1764457526,1764457529,482,51608,,
0x68e63a2d6183e08c0c7897383b317e18c8b17f28f3438ecbf0abac5d09d757ae,1764457526,1764457529,482,51608,,
0xefd73c897b24b09ffa2ca2b3ef26c3913edd120d0b3fd7fdbdefd4955743e65e,1764457527,1764457531,483,51596,,
0xbf745a0d43e4339cc8162f2cd2a3eb421fa63b4edbd1a873dee42e5f32850813,1764457527,1764457531,483,51608,,
0x15a91e7ef5714ba0081afdcf5b0295abdd6b10518ac277f7a882e0662beabcf8,1764457527,1764457531,483,51608,,
0x2ca1c8fe838c820797219652c86a310e8fa1752d8d1a21ba2695beb2e2b0c007,1764457527,1764457531,483,51608,,
0xff716becf3f47ef17a6c038c816823ad9ad0f233b172d574d7a61d2a0a1954c2,1764457527,1764457531,483,51608,,
0x3425bce090d614ee2710bcd874f541bdbc8b196bd7ad300932cbe4a32cca7171,1764457528,1764457531,483,51608,,
0xdd237a1ec12818134469a1ec8ad3d31555bc7de82fcf3dd83206fd7147274a9d,1764457528,1764457531,483,51608,,
0xe01f3cc8962063c65fd49fc86b86429c5144e9ed9678d8ebb6602755bd3871ab,1764457528,1764457531,483,51608,,
0x6e1ce75c8cdeb748e11b6a151f8814efd8047b59d5ab51682c43cb6dfc5e3087,1764457528,1764457531,483,51608,,
0x3b28542c9e2e4dd65d321931cb2ae5ba9bb0abacb7c8ff375898b46e1d7baff0,1764457528,1764457531,483,51608,,
0x09005f4108e7713bf860b4c989eb46bb1d7e5aa7730666d1ec96f4451bd813e3,1764457529,1764457533,484,51608,,
0xfcac12f08febe377992cd5600c326cb2fa388452c5e93fd1a88437528b8fb590,1764457529,1764457533,484,51608,,
0x4d29a18ee70872752f5ed88f6519019db57b5b70964daae38ec2d7d212bd3964,1764457529,1764457533,484,51608,,
0x63541f953be8f20a6e1fde376cd08824bfd66a9b9516a925b4a7ffaf24ab200a,1764457529,1764457533,484,51608,,
0x9ba6e4a3113811db895a131dfe5d758f5cb0812cd4414eaaff1c3576bd5c9a95,1764457529,1764457533,484,51608,,
0xcfc93c5220c4b7d9d46ca0cb07f26f650966d04c413cffe7e5aa45e69365a5f0,1764457530,1764457533,484,51608,,
0x8331c08ae3da3a81f32a940ddea857dbfd4454f1c8745e72d326d2d8e6001007,1764457530,1764457533,484,51608,,
0xa943f20f2e933742cacae35cd45d8c71539741d332159a629e30968ed6aec5c9,1764457530,1764457533,484,51608,,
0xbe754efb7eb52361977871b1e1b031e8cd09951fa802b2630edc6bbe1f5f86c4,1764457530,1764457533,484,51608,,
0xb9d6fb6e0148fb66d1be357f792a54b5c43bce75f91915fd8906935b2b5a46db,1764457530,1764457533,484,51608,,
0x6069a10bc7587d335dd91c8c744850ea057955397bbd9893dd353a439d4e8353,1764457531,1764457535,485,51608,,
0xdc76f75009b03273039c5bce91a5dfcd5c5247e6df12aaa8b4d2b16a71a277d2,1764457531,1764457535,485,51608,,
0x82974e25f1d2eb413c580534b246374610ed3048f7972e8212c4f954f8fb47c1,1764457531,1764457535,485,51608,,
0x134d193f00f808756ca1e1488e2a2a76e4bf6806e68e8a5e12f5b44a003a5eb5,1764457531,1764457535,485,51608,,
0x4f82b14ae6a5a9c15ef0cf28f81b802676e7e84cd316984ee2a9a7f2f232a387,1764457531,1764457535,485,51608,,
0x51056baf479cee77f441f4768b09b644b44d281c1a55b33cc3c81808c9bbc0b2,1764457532,1764457535,485,51608,,
0x133467e9b5199a2d0dae81df55a1ca3e028783b1463897d41dc49e2bc989d985,1764457532,1764457535,485,51608,,
0xe14c03105e6ca52826cf2753566dc2f8caa33b2e551cee5d39bf540159baf552,1764457532,1764457535,485,51608,,
0x12cec4d1c35ec18712bc6bdf51ee0984e363825c293b45a57f9ed8d3c3377c55,1764457532,1764457535,485,51608,,
0xf619a5fa2209b915e7a39f72fb0549a3297e579d656c9f367ea4a2170aa3884f,1764457532,1764457535,485,51608,,
0xbba79404efa6dfba9649c6648412780fb3527b174e3bdc32e1a5948fe9122581,1764457533,1764457537,486,51596,,
0x52ff44d9197aa32b4a1b660b26bbc2dbfa8a58a85dcb9f40adb409e006a50ad7,1764457533,1764457537,486,51608,,
0x516767b4d7f045c09d2d351da7f4163af6565e986a4ffdd1b2e7726a6d8d9b5c,1764457533,1764457537,486,51608,,
0xab7e37eded6c3778f5aef11415674d698676fb39bba691927ee406a360d3e43f,1764457533,1764457537,486,51608,,
0xc6c344b5e47c3a2ff995fa526a6b15952797019bb907da9b80b2893ab204d9f9,1764457533,1764457537,486,51608,,
0x33d08a1e02f4713c538434ca76a563b6f4e532928ef934e38378726faabc1131,1764457534,1764457537,486,51608,,
0x4605e9632a4f93e6f7545bba4fd6069713ee1e6e6f1e698d8e8e64f79ef1e5cd,1764457534,1764457537,486,51608,,
0x0cb41425c872d87777c798561fe21cba392bcbdcebdd6d6056de2660b31365cd,1764457534,1764457537,486,51608,,
0xb3c0a92d4ce1b4a555099399797b30642cc3914ba40bbd49db95e0fc073a8d07,1764457534,1764457537,486,51608,,
0x64512606829be236a3636a30a21f102ebbd58eb254094504468e80352fa5156c,1764457534,1764457537,486,51608,,
0x944f49dbfb3ee721e597e54d8b3b35c07652c9c3927cffde3c3246e86716bbce,1764457535,1764457539,487,51584,,
0x5588eb2285e254340929b92a1bb06fbfc6fbe0002b2338359d41e6aa1a1ad02b,1764457535,1764457539,487,51608,,
0xfc48073607f4a768d1134930172ee3251aacdff0e82f87a416b300f1602eb6e1,1764457535,1764457539,487,51608,,
0x5b3383fb64cdcbf3d34cffde7156d6b0b663d405eff756f80a3e0dc05382c882,1764457535,1764457539,487,51608,,
0x25d3102b69977c86e669f2b8352d63b7e7b0e1511203119b13461272fe416075,1764457535,1764457539,487,51608,,
0xbb0a88eb2480a133621c04813d6a57b11a7f65f39ad9b91872cb1c7cadcde588,1764457536,1764457539,487,51608,,
0xf43f973c9a3a602acd344b5593fe4aa2713f2f0f55fa53c86529052d77ca6841,1764457536,1764457539,487,51608,,
0xe26eeb39e48f49cf18994cf0a4705ab64da4a70be9c5266eaac406efbeb9303a,1764457536,1764457539,487,51608,,
0x17c548704940f69a4f978c8fe80a713df4a8ece3452dd2b8cebea9c85312b254,1764457536,1764457539,487,51608,,
0x88bc27356911db8182812cea9fb3bde63a569aacae2fcea27fa3cd92e9c27779,1764457536,1764457539,487,51608,,
0x1d50dc326f36669a1d571f7a93e3c1240724efc49defe75ec8b3a8f806a644e3,1764457537,1764457541,488,51608,,
0x60623bec0efbdec27416d65d65946906ee47b891677ed707576c25d26df5e852,1764457537,1764457541,488,51608,,
0xc51c6cf0598493b54fdeff9f6f47a85506cdba76f25351406dfb15a2aff58e4a,1764457537,1764457541,488,51596,,
0xecd1f272f740f067dfa1aadfdabd7e46325ab280803535112fa9bb5a9708e8f7,1764457537,1764457541,488,51608,,
0x6e013d19ea0138ecb80eff6d931d811d262384cdb85fa63c44687277ffb2fc30,1764457537,1764457541,488,51608,,
0x53b320ee5da8442ff58361e342f3f1a653d82afc8407fb9b666d7386e1379485,1764457538,1764457541,488,51608,,
0x544bee37702a8acf1c3d55c5e9ffd09cba1b9271f998ed0b4645495b621aa398,1764457538,1764457541,488,51608,,
0x6d9149d633ad0ec8a4bb4d3f6e488aaec452bd1a83b54fd380f1f92453a27e66,1764457538,1764457541,488,51608,,
0x26a88e987d6473c23819c9f05de39ac313368f0e2fbc32551151670183df78e4,1764457538,1764457541,488,51608,,
0x8cb43431b9f325022942a6e5f348589f5bacf82d02b5655ef1064fb522b8d17f,1764457538,1764457541,488,51608,,
0xef29e5028367e6b032111e5212590a239279fac1fe17dd3501c19aed99df2135,1764457539,1764457543,489,51608,,
0x132363b67dc8b12bcbf692880f5583b9c68d0ef539ff20d58c5126560ad70497,1764457539,1764457543,489,51608,,
0x22c4f44c8769424a823b8a5c778f6f1b207c52d7b0244dedeb98670342270aae,1764457539,1764457543,489,51608,,
0xae9abe858e0921e4ce127738eb574793b5339ee6bc379e65f0c5f3f32699a6a9,1764457539,1764457543,489,51608,,
0xc5cf7e6cb709b3af9505952e85dd883310c1ff4a47a8d951be701fde08937ca0,1764457539,1764457543,489,51608,,
0x57c6791ccd254a58519881cefb5c54963510fe8e4915f88bf64c6f661a04029c,1764457540,1764457543,489,51596,,
0x5b47fab4fc46d530dbf0f1dfcc86180764b373018cfb5cfcf421795531c4cf24,1764457540,1764457543,489,51608,,
0xa7212d63e6d3842924cfff0eb07a6ebaea69a0520be08e241bc3084c5da95e84,1764457540,1764457543,489,51608,,
0xdcccad986aff488b5a1e947058811c06d4cf546a9ceaa43c0539790489dc4f32,1764457540,1764457543,489,51608,,
0x36903dafc01c4793efa212a1f070d31b9eb345ee56b89f4361de5035aefec49e,1764457540,1764457543,489,51608,,
0x4adb7b31990659654683a62e7d91e3d418692997d94962b765f41210b505c311,1764457541,1764457545,490,51608,,
0x704690473f43ab07a91883ff880c804df73dc06c1f56e63ef38637dd05236a10,1764457541,1764457545,490,51608,,
0x502881a7b40278b5efe4ffa6400c185e9edfe29ca4d48484f5844c3d932e20cd,1764457541,1764457545,490,51608,,
0x4ea5bfe1fc388351a5e8aa5d69a9be025d29d0ba4b527acd23e5dd8060645f71,1764457541,1764457545,490,51608,,
0x844e6e92e5ab20bf788e9b14287e9dc698313e5108b061be712a34906e5b701b,1764457541,1764457545,490,51608,,
0xd1e9a5e1cb245397b1aaf0bcca2fd43873c7fc8159eeacdbdb829a22845f41b5,1764457542,1764457545,490,51608,,
0xa732baf4e90e249295745bceb1b0f10f8d929edb3e3459382500d056a1802841,1764457542,1764457545,490,51608,,
0x3c0573b2592924304d9ee87015c5c4aac5b7151a66d8096afd61a6b44cd44800,1764457542,1764457545,490,51608,,
0x1d336f5c7a00ac2592cb3c56bf34f2b22f5fb05f512ed504a4bdda931f4f057a,1764457542,1764457545,490,51608,,
0x2ca18ff35881a9106d977490caf2900884807bb462a33c63520af8c41b708012,1764457542,1764457545,490,51608,,
0x7cedfd5ba39cb5f2740ce97c93b6a263ae088f87bdbedee94d43a8e3a16bfa8f,1764457543,1764457547,491,51608,,
0xfeb4a546c6d3e83ddc1a9e930805b3352baad746d3b9e68fbb1799add60bf065,1764457543,1764457547,491,51608,,
0x207687a94abae2bc61d7a2738218c5095de19f8500e702e17ec0f7706088806b,1764457543,1764457547,491,51608,,
0x853dff2e46958015371b7ba00409640e79613638580623d537c342e56a1b439f,1764457543,1764457547,491,51608,,
0x5e7337baa80e1391e7067f432bd96354891b293c48ec2d287ba227e7f2cbaf66,1764457543,1764457547,491,51608,,
0x593f7296b1ca8085555f446ee4bf85ae07d9a50210ea158e00f62a563dea2982,1764457544,1764457547,491,51608,,
0xc12b8c61b58f3fc56321964659f909412100ba0a9c3f388ef9ac27fa04a3fd9e,1764457544,1764457547,491,51608,,
0x89547c0fd88287abb0b827eab5e857257259952bbcafec5074531d3d11ffa618,1764457544,1764457547,491,51608,,
0x90b5e65ead69a3f764bde44b2e9622c354ad194445b785d966ff068e504ebee6,1764457544,1764457547,491,51608,,
0x144e043785a9697798853608c44563a3e2aa4d87e9cf86177dbbd9926e120c67,1764457545,1764457549,492,51608,,
0xe08e39d0239dc95e1bece193540205611df9624f91054f0d0c397d44fd73e554,1764457545,1764457549,492,51608,,
0x5058906a1803f0ce88f822b9453f91b99e7ac8fafcb58c41b5271d231b7f9078,1764457545,1764457549,492,51608,,
0xbcfa6d977a94433bdf0968131eaceb8a6ad894216db9e0325cd861625aa1a70f,1764457545,1764457549,492,51608,,
0xc7a5e2360e3f9cd51352c5cddf30540a4cdb3f197f1acdcfffa78f654029b53f,1764457545,1764457549,492,51608,,
0x74eebe257949f16376f671cf92f4056ac4ab1826454342763bd4a9c3132ecef5,1764457545,1764457549,492,51608,,
0xdf3e9d36fbef5022294116f6085da1df81e2a35a470e6827a4beb7603d44ad88,1764457546,1764457549,492,51608,,
0x81936075777cfbdbc2150405d7869547b91628ade747bb2f69cc84bf10b1b2d9,1764457546,1764457549,492,51608,,
0xe1e2e9df98b836bad052cfb50d6ff881ce8c46bb6a5ff535d1debdfa981c5d78,1764457546,1764457549,492,51596,,
0x59e06920c5bf0d8fff32e59936246ba504fc4139b481f3a4d86432e0dca85229,1764457546,1764457549,492,51608,,
0x0e9afdd44ffb91109a461791ff4d3c8d2f087a7ab5260a96bd4dfd9f10f0a6fd,1764457547,1764457551,493,51608,,
0x4359614a879aa19f807c4aeceb7fe50924da2c747a5a158d3275df9a4fee38c0,1764457547,1764457551,493,51608,,
0xe9638409ec22255d5519e05eb46d99c05cd92aa99151124faa4bc603c3893cf3,1764457547,1764457551,493,51608,,
0x7b771bed30d5f31ea09a687265f8144034d42b26fa89f04da1c9ae7d0a5a57e2,1764457547,1764457551,493,51608,,
0x27fa00b8b991adb28f52d1446872db12a94f23ff06508ca05225bebe6c86410e,1764457547,1764457551,493,51608,,
0x24c747a7fd3fd0a7d1432dd2bc180c8f562edec8493cfd09b5c19dccfa33bc45,1764457547,1764457551,493,51608,,
0xe943165a285fe9db19b0b67b158e9cfd841e733868f3dcfb5d10cf63ea357e29,1764457548,1764457551,493,51608,,
0xf4f61d8b4fa1a84ea302ea3f11372afd96e376d1aa2206a040479bfce5091698,1764457548,1764457551,493,51608,,
0x6f952aaec1e48fa4923e0f6979e0e8249b22e00d5e75109ed0ff78680bf975bb,1764457548,1764457551,493,51608,,
0xb7e0a3f05c4f0b2d8cb0143c06342af5583ba1e1d25d2cea2052a4c85e615563,1764457548,1764457551,493,51608,,
0x04f9b1b2a15232ea381b77f086d4a2cf37d7e814f84ce734e3e0dfbfdd186c2c,1764457549,1764457553,494,51608,,
0xadbe2ddba50f24d2622817cdd174be814558ce2133356b8485b25807cf29a7fd,1764457549,1764457553,494,51608,,
0x94b737a28384c0f7be559c66608d3117a16d59af5d8c9e0bd1d24fbc1e1be946,1764457549,1764457553,494,51608,,
0x2db73200fdf19cd4006dd967e0cdbcf26c9d9af49f3bc4716227d7128fa240f2,1764457549,1764457553,494,51608,,
0xa784d91fc866ea8b6e99e7fd9965faa3e52d6ed9b14f9727e472150b25effe46,1764457549,1764457553,494,51608,,
0xe4c116ca1e6a447b877ecae0fd646850b3b1acb621300819f9cf25a52b3ec090,1764457549,1764457553,494,51596,,
0xc40377439e75330b168db5d1f3ba2336fdfc290fc718d9a9deeb8b31946b9746,1764457550,1764457553,494,51608,,
0x9acbe7586cc0f69d9a6d2d777086791bdc7e67a588616dcb0770592ce0ddfda2,1764457550,1764457553,494,51608,,
0x66b85f5055c34552d24a51565adfae0a5d054acf30557fba3827c7d5c10e5347,1764457550,1764457553,494,51596,,
0x3d04a633e07fd37f7669eff1c90818db8007dd46fc55866b21a611cb61db19f9,1764457550,1764457553,494,51608,,
0x4621b2caaf351f9c0726f3007559762c2bfcc9b4f7e41557adbf0759d6db392c,1764457551,1764457555,495,51608,,
0xca3b72cec55b3457ded7f5743380dbdcad6b6a3687bc1dd20b2457ec68f573b5,1764457551,1764457555,495,51608,,
0x2923f4862130009b0450f5a24c2affb42e5e87ea93b06f73c9995885b6e0f794,1764457551,1764457555,495,51596,,
0x4813c5183c1e7afddc561abc6d055d0c895635f82350796e848471e16f46a837,1764457551,1764457555,495,51608,,
0xa785f458f87cf067fbc1f04bc7a76a33c1ed839816e6bdfe60f5e5e60000a9ea,1764457551,1764457555,495,51608,,
0xe5221a309191add87fcb33dd7f2aea7cc07c8a3a14239677fe6a46e88becd86a,1764457551,1764457555,495,51608,,
0x89a5de2d02afb4cb48a305c3af11450fb8f91eddb1bfc2ba396d319a540e8448,1764457552,1764457555,495,51608,,
0xeb36280e6c473a0ce7804a0e94c9fe50785a0938eccbe0bda09d99e3b5636134,1764457552,1764457555,495,51608,,
0x3796e71ba61060ade44ca8762d0eef195220a9ce901cfdeaac583c6a42d61d2b,1764457552,1764457555,495,51608,,
0xe781bbcc52903c6a09c1c13a01fc5b8b4a4bb9b1a0edcc9a083499ae3cc824f2,1764457552,1764457555,495,51608,,
0x01caa8a9fe5ab7d311c0869ec56a719aa696e21662e29aeb0c61475b4551b7d5,1764457553,1764457557,496,51608,,
0x567055e7c2d00edfc596abb91a3252c9bcca7e9f2e8b4cdaecc3a98c244b34d2,1764457553,1764457557,496,51608,,
0x9740580daeefb6ec71119c78b4b73c75ed6892e5d5dab79de83c11136c16a65a,1764457553,1764457557,496,51584,,
0x0e02455931f097b3a122fc1d3002a5095e8e21726f16307c2143ecd3a54d6079,1764457553,1764457557,496,51596,,
0x33c64395bbd4ba0476988dc8a1545be1cc6f62e7d6127389920d3d858f29a5fb,1764457553,1764457557,496,51608,,
0xc8a307a9ed950c2e1eaca649406533473585bc752d76fe0185bd9dd1b06afaee,1764457553,1764457557,496,51608,,
0x2697e6001fb3a289513c5b44d9a0ecdf59cd78a648ae6b3ed2867e3cf4950c23,1764457554,1764457557,496,51608,,
0xf6c88f43a418268f2ba0c6e1e97917fe68d973670113ee31ba0f9cf8ba12fee8,1764457554,1764457557,496,51608,,
0x98cae6f05e99a5c504f1e746bd31c0c97fe90d8b792d7b718a1ceed22de80d39,1764457554,1764457557,496,51608,,
0x47c87f0ba370bda6a398f5c30b027d90b0f31e0a72bbfe00d39a9151fb8b18e9,1764457554,1764457557,496,51608,,
0xcba07bb86eb43b6a59ffd24a9e30cd4c517b3d01e811be7d146d261595e7063b,1764457555,1764457559,497,51608,,
0x30770fb91c8a1939a7bac75b0044050c3c52b5a6b547ae59094c865bb3a4e2c5,1764457555,1764457559,497,51608,,
0xa4fa84d40777f4676f5a865697265a6428cf47600b8878dee083bc0dd6444d48,1764457555,1764457559,497,51608,,
0xb844452f536d8bc5e365e42aee53b7242da3f41ebd90b03e0e690da83fba89d7,1764457555,1764457559,497,51608,,
0x35461ca08acd20ba9c070517d37526191eabd62cfc5fa4b2c01a746029fe5e91,1764457555,1764457559,497,51608,,
0x21a698f0a1cd6f3807f28e6e4e31ba008109d2221499ccb353a386a070333531,1764457555,1764457559,497,51608,,
0xa00074b6c3cf7ec48e3c5bceff1b9dffe8a5bcc3f4a5dd5d5b99c8c22be790d8,1764457556,1764457559,497,51608,,
0x88519ccbdb8527f6b7587aad19c2f6a7dd6b46ce8a077911c15521523da761a8,1764457556,1764457559,497,51608,,
0x4867a456515f72081b63f3cd832acd5960e35a81071c93ab43a6b16c704e6045,1764457556,1764457559,497,51608,,
0xc15f2f74f2c3529967762b454e2dd147da4999e9c85bf777be4e29d5d75f3030,1764457556,1764457559,497,51608,,
0x485b8f43f9f1afb9b5dbe436c01154e13a490326c2093287da9982cb76c67d4b,1764457557,1764457561,498,51608,,
0xf47aa463c8efc89d4b5b414dc18e96a4dd188e5d4d0ea78e1f4a61d61fba9441,1764457557,1764457561,498,51608,,
0xe68ad83a0a6831eddc6e9c2ad17966e55b732994e12f134fb798879f7bfc9b93,1764457557,1764457561,498,51608,,
0xe5c9f97f410fb8d3defb03e50f70051a66f8c7c59c3e9d19b3b65e3b4f0fc6ba,1764457557,1764457561,498,51608,,
0x0716197dedab00f041c33f53b97066455e0c6c2b345e622153a0ca053686c735,1764457557,1764457561,498,51608,,
0x86b0cc1312987c473bcc6fd767244c39349f9177b6bd443f2be992a99bbd38a4,1764457557,1764457561,498,51608,,
0x2a82cf18033b70891a3aa901c7027b15889c8af412bf9df6370e5e947ddb6f0e,1764457558,1764457561,498,51608,,
0xd77e8b210189386170f072f233a56502ee776e6a2036111c246384a13b247024,1764457558,1764457561,498,51608,,
0xb0affceeaca83af1dee801d2bdca8f7604e990a7a9a86cf67bf53ba5508434f7,1764457558,1764457561,498,51608,,
0xb0c46731fc57f3a8a20f8690e1e6a091c68296e21c21aa033855439026e4af7e,1764457558,1764457561,498,51608,,
0xc31465255241bce8f541bb03207295cfc659e245d8b725ceeecb4c9ca9a6d6fe,1764457559,1764457563,499,51608,,
0x3f774a688ba331778c112d3224c9a7d3430a5aea7a02f1a1fda51a26fcc90c0c,1764457559,1764457563,499,51608,,
0x32b16867c6384f769691c742a912cab84471cad9a5a72443f2a8ed37973bd58b,1764457559,1764457563,499,51608,,
0x156f86bba9a9072eeec14b3a5f62d9d5b9bce844fe17c5ff3d338e4a91e0aa56,1764457559,1764457563,499,51608,,
0xd3710e30c8c3fbf46cf92703c91fcbf1f96ce4c5c96c8250d76c8fbadfbb3177,1764457559,1764457563,499,51608,,
0xa401899d66e66d8c411e15000699ed55fc9014762fc77a0dbe7c06e7ef4ef89c,1764457559,1764457563,499,51608,,
0xde955d968c23706f41f68bb96273fc972a5c0614093cc00bc7e2efe670ebf647,1764457560,1764457563,499,51608,,
0xf27c81adc7df59332dcf302322ca34f7149798878bac74d314dfbfd9f235a279,1764457560,1764457563,499,51596,,
0x2ce1e2c1969289a69501b53ed7d524bafa3a1fb0be0677029a48222a9dcd0ac6,1764457560,1764457563,499,51608,,
0x74f42d5fdda64b993faf1c8b5983edc939c21158f7f370d9235ca14a00b9b10a,1764457560,1764457563,499,51608,,
0x65f90758bcd15a63f7e8b455221fe4ed81676ed5220d278b2760592a4b307662,1764457561,1764457565,500,51608,,
0xee47d59f2284a5164efd5148e8f20e60aac6c1cdc7a2272a16ac3d1b241ffda9,1764457561,1764457565,500,51608,,
0x04748b17d0f5a876d4a0688df2d4f2f355a7f828fdca70e5b167ad7d1a0bb3bb,1764457561,1764457565,500,51608,,
0x1f2f1c3408459fd2d6b173e2f17725cf22895f71034a15aa3f38e0a1eb10babf,1764457561,1764457565,500,51608,,
0xe31c81a0cdbe90e6d01a282c0c094e0331abbc5a46501152f603c08eec1bf8d0,1764457561,1764457565,500,51596,,
0xe5a52c9c356f34a3e8e8cc33c156654d37279bd5fdf34fc66b2ae77098345200,1764457561,1764457565,500,51608,,
0xdee3ad9569ba87945705e22861e8d9ed661ccadd96f5dfc1709cbdcc88b28408,1764457562,1764457565,500,51608,,
0xe826a7f4a67e03b2372cdfb8d45cb66fd64bebd3168e99b77c77523867ae404f,1764457562,1764457565,500,51608,,
0x7008497cf2f8e7652b07a142cca1a12fe733e1795863f39038078bb801987998,1764457562,1764457565,500,51608,,
0xb6fe344ba12e1910b8dd1d729bb476da18c7f1a75b561631152dab1e434cb88d,1764457562,1764457565,500,51608,,
0x8e0979b3fbde968d5070a0160b935e7664698d270449d9dcf13ea27e79c6bfad,1764457563,1764457567,501,51608,,
0xd9d7a2870c0ad457250440f1caa9ce9500bd1c748ca209bfd59322917e820db7,1764457563,1764457567,501,51608,,
0xaa60a41bfda397b96d017552f9bd04937bc0cce2a2f7fd6e07f49946e4b131bd,1764457563,1764457567,501,51608,,
0xd5cf3aeaffaf2fe2198a215396e160765fe307fd98e3342506a978729611ff3e,1764457563,1764457567,501,51608,,
0x323af6ff120284b43eb2f9cdcf5afdbba544760461087341c9d987f0abf99942,1764457563,1764457567,501,51608,,
0x4c49f347060e106eb0e07569513ad2ca4da87245be046080403bc6f404b503ae,1764457563,1764457567,501,51608,,
0x54830e105ca298b176989e4efadc92f4eabb3adb44d913329b07ad28c1254bbb,1764457564,1764457567,501,51608,,
0x4b129f04fa7b49b114a353c3434888613eed4224a59ac9210cdf9df300f11bfc,1764457564,1764457567,501,51608,,
0x5c1da8cc616fbbe44428718a7c88fd6c10604ccf605b9d2a93d0773c85d1f1fb,1764457564,1764457567,501,51596,,
0x071bb722008497c1a8692c62f0dcb285be40f5eae6a92c0d3e89a758a811f677,1764457564,1764457567,501,51608,,
0x09f20dbc4af3c2ad32c30b08c13948de08ae5128e6a59ea3898c4eaa4c085543,1764457565,1764457569,502,51608,,
0xb332e3a7175b056ef2c2236ffe8f30fddca647487d39284a2a231651f7c70821,1764457565,1764457569,502,51608,,
0x92b8c7e33b8fe127d0160e87d77e73f6ba7e6a8028d2eceb65a53fda5e65a7fa,1764457565,1764457569,502,51608,,
0x43e35dface3d4f189e7a8af029d85db443d222838a81c6b5fbc8f5ad9ad1d9b4,1764457565,1764457569,502,51608,,
0xb0f8dfc569e02f401785a6687a9571231acafec25821b73ff348655a76e0bb3e,1764457565,1764457569,502,51608,,
0xed8c9eeecbe4751591b11e70d0e1a88d4308b9b37f927465e1ed5e1ade0c4eab,1764457565,1764457569,502,51608,,
0xe60599b30e797870db370381bc0b9be317c4a6a0ac1f1ea95d408b4779beb481,1764457566,1764457569,502,51608,,
0x6df4be5741f195802fd9a98a7cb5a24f8b7dac66bce281792e47ca847127b03c,1764457566,1764457569,502,51608,,
0xae46f50d9aa67f00eb6761df54ca7a8453a9728a790584ae58d215abc882f8a2,1764457566,1764457569,502,51608,,
0xfd52441d8d8bd88540e126a7485f5ac6e50e94b17f27821c968768f17320deff,1764457566,1764457569,502,51608,,
0x6feea09a475bfebe13fd6d0f5ea38348c70a79d1671674dc71b9edf6ee6c8f3a,1764457567,1764457571,503,51596,,
0x1205058d9b6f39687e09ff1c517b99b91894f0912f23a22e192b606bf8c520d0,1764457567,1764457571,503,51608,,
0x66a42ea150ea03e5a5308dff34b22156adcb5de9c1e03b37ad9309c65c0e005c,1764457567,1764457571,503,51608,,
0xa3707bb0b313ca7488bd543024e7582144b9cb383a3d899cfee57695f76749c9,1764457567,1764457571,503,51608,,
0xaf914e37f2cac039239c85d1d153dcc154ef00ae3a96c9eac7d8e635bf9d6b0a,1764457567,1764457571,503,51596,,
0x402f6ef9ab6cb39a8375b4447104d5cde8dd56d9aa0d66c071732b24f8ff9ba3,1764457567,1764457571,503,51608,,
0x672ab59a998e2867bd484608db11682ff7685b0e6d06eff338da2dae8f934ead,1764457568,1764457571,503,51608,,
0x75fb643276cf0c4e7a98318760c7cc86354c03606d838fbf26705cd5b808d80f,1764457568,1764457571,503,51608,,
0x135f1cf01593c3eabc5ffe6fa5a3e0dc8d0ce89171cc760d13533f54f156099e,1764457568,1764457571,503,51608,,
0xdd3828f26bb56e5abd8ffbd7c743c1dd67898f57ccaa42015b01530483458093,1764457568,1764457571,503,51608,,
0x37a0673d2a7cbb39dbc46ddd2734e822fa12ac60a01b47ee85fa14d15cdec84c,1764457569,1764457573,504,51608,,
0xa34552b6e531f761a88603728f793f358bf38dd7c11c6506bae0c7f0573ecc38,1764457569,1764457573,504,51608,,
0x8487e0dc660b615c898985ad10b462fe838c1705a7b61728b896044fc027210b,1764457569,1764457573,504,51608,,
0xa4f07b6988664fd24b0785ad43079c24837caca47684b2d3d00fa60df12d7d3e,1764457569,1764457573,504,51608,,
0xc63eaf51e8dbb237b6faf2a53be6248e5e4a620f7b084707d7796611049a6b18,1764457569,1764457573,504,51608,,
0xec5c63a0334ba7aa18a5c5469310c8a2415da4cd03c793a43474796c31d6bec3,1764457569,1764457573,504,51608,,
0x9fb614638e7f72e06c0a4a7d891bc643d8be319ab9e774ea34fed51dc84e78f8,1764457570,1764457573,504,51608,,
0x298fb0397c5c275ae69916a6c9e9cef80cd0675826e3a53b4916c92f5f349415,1764457570,1764457573,504,51608,,
0x709e7f92c6c730b6f6422643026319839d0f7545f098bfcf77342a19f5f7264b,1764457570,1764457573,504,51608,,
0x1ed19f636a0d2ce1fcfae8f17a44b7d9c36b911b512a223c6999a8fec09490c8,1764457571,1764457573,504,51608,,
0x4b2ccd8a60a684334270961948a116d46d0c111fd9d8300553339d225d401493,1764457571,1764457575,505,51608,,
0xd751d0ddad49997373749ba84988a6eb7e5d9cb0decf59783c4196cbc6b69500,1764457571,1764457575,505,51608,,
0x0a3023ef0721e6f9478539ba9d2fc2abcd8a3dca50a139c4cc95fe4d326df88b,1764457571,1764457575,505,51608,,
0x61de6ed609865d754648c73f6a5b1030a3309ddf9effd483acd84fa69683b7c4,1764457571,1764457575,505,51608,,
0x7a028a64bc83e9ea4a2ff1e4ceaf0af71444924e0e790b60edcea7d3dcba1b0c,1764457571,1764457575,505,51608,,
0xaedba808951550e886cf05f5a05335e51ca466a42c4414c464d1ee9dfa371a6c,1764457571,1764457575,505,51596,,
0xea024f7c5e1c941ccff13a27dfe042c44cf983b2e3a767c8f1dea3483a0d07cd,1764457572,1764457575,505,51608,,
0xb93213e35fd8fecbf5475b96badf45db95c77da78030d2f98b0b8dfc70f1db4f,1764457572,1764457575,505,51608,,
0x2951c32700105f32929fc459988e49fb5fd3e3217d5f860dccde885a15f2d1a0,1764457572,1764457575,505,51608,,
0x22663a0dc6b5f4ac5517f8580d53a5869274795f721a189745f77fa4da195499,1764457573,1764457577,506,51608,,
0x4f581999238de8a6580061deee46fde6476faf556969090129c6f4682ef1613e,1764457573,1764457577,506,51608,,
0x5a048f8de04cd14a36d9c10be356cd2f456830fba5c78fef35a173c1fb7425c6,1764457573,1764457577,506,51608,,
0x12e9b4ce0a05812682890dc9d527afb30a002f2c7ad27a5d836d30b4b9a3dc3c,1764457573,1764457577,506,51608,,
0x28c11221aacb234d7d33e1973ecabd106049f6615092aa8377cbf1aa1e88c1c6,1764457573,1764457577,506,51608,,
0xcf8c47f517319d8c16b25600ae831e9dc844f7f36eb9d0bfbc944f88c0a973b8,1764457573,1764457577,506,51608,,
0xe7291a4f3cf1f59691ccbb2797f0383e4d19985ba64141a8036da733c43beb18,1764457573,1764457577,506,51608,,
0xca97cf4fc5f7fe983126ce2bf6d4e44116692df8637318c089dc038f57b466e2,1764457574,1764457577,506,51608,,
0xb60df0baaab4ec6a873c4ffc831f8b8b394a902cab08143700a247cd6b5732d8,1764457574,1764457577,506,51608,,
0xe8e0e9648758955c4c98466986f2a35d55c52d43faedcf1b8712a8210a551eb9,1764457574,1764457577,506,51608,,
0x06e1f6c6010c6cfe7a50b13ba562ba8ea189c81a55dde6976f8d0de6c8bdcf99,1764457575,1764457579,507,51608,,
0x18768f2df739ffbb048b79af2b190e219e916266822d5599f99fcefa9b07cbf7,1764457575,1764457579,507,51608,,
0xef8c8b6e1a4904b1abb631f76c30f4aecaacf472f3f7bb7eb670f4c46a69c70d,1764457575,1764457579,507,51608,,
0x5a906ff32615062bd7971a83f3117f300b485ade9b9685080a9641aa1f17603a,1764457575,1764457579,507,51596,,
0x28f653d76f7cd4022fba89d3878fe60126a3809b1b324386916bf51707de3301,1764457575,1764457579,507,51608,,
0x40acc1ead5cef4792745461748d91393d6f92e2ff9e2f64ee336368ec381ee1c,1764457575,1764457579,507,51608,,
0xaac24ce2184a2a208f2f1a153e88b7dbb2aa51e62c1518fe4a825f74f0d3c284,1764457575,1764457579,507,51608,,
0x5ea9473dae7ed12d1e27018544131854c075bf4aeffa99add0462f68935a35d0,1764457576,1764457579,507,51608,,
0xbabbe1318a0be03280cc282ea806178cd05a2cf032b832d2dd45086c45f8e73f,1764457576,1764457579,507,51608,,
0x277fd0d353fc743acea43f0936fab2b3924ecf8bc686420c894f6b3ac78577cf,1764457576,1764457579,507,51608,,
0xc59cb5f32a555ab65c8b74ff58bd3172933a4f5379256d9e9086df1bb05ea3c0,1764457577,1764457581,508,51608,,
0xc870484ad024ad774a4d860bbc628b426e6ddf2c11da1af9789187b90b4f225a,1764457577,1764457581,508,51608,,
0x28d1131dad463d52b8354053d61f72d0813e963ee4c5014bd77b403a961ead91,1764457577,1764457581,508,51608,,
0xde25667647ccf43364175a018cdc668aa69556bbaf5374dd97c4c75aa04a6b32,1764457577,1764457581,508,51608,,
0x503e37261e7a0e881416486bee587a999f1cd2e4d7ce12decf1c7e5994e37a60,1764457577,1764457581,508,51608,,
0xd8aa0c2e99049a3518200b4680aad5ed48e8555cabef368f92c97a451b139658,1764457577,1764457581,508,51608,,
0xd763dc5540bc9540d109cc365b63c48e893cc2ac6b6501193a01cd8c4bbcac86,1764457577,1764457581,508,51608,,
0x44fb0067d600365f13efa546558c3e985af5c02fe4e6382a14e72e6c367570ab,1764457578,1764457581,508,51608,,
0xa8f21db3664c2975cf42cb19671c6bddaae27d4e2a1ca28f89b6f6493bea8c94,1764457578,1764457581,508,51608,,
0x2ba99271c500ef4ab64e74fd7f43dbe9c304c2c7cc0e51c626bdad70bf351ff3,1764457578,1764457581,508,51608,,
0xad5b1a45826110111c4950c4d41bd9b625c762300993fea5b084dfa2643704a4,1764457579,1764457583,509,51608,,
0x623d001197aba5d0430d6c3805701db591a7797459b5e61a7b54fc2ed47a121b,1764457579,1764457583,509,51608,,
0xc3f223d93d7636d3991a7400178b39ea2e4b5b77139037492ec4b47e713a2fb0,1764457579,1764457583,509,51608,,
0xb75ff08a8f5d29879df7522f0e7f89b0315f853ababef46b428741ec1b5e005d,1764457579,1764457583,509,51608,,
0x69930aa149147a534204cbb3a380300b80dc57e40e1ebe9439acadcdc74a4484,1764457579,1764457583,509,51608,,
0x554ff285486e786c890b1613901321a32808986dc56a17d631d6c96a66303a4f,1764457579,1764457583,509,51608,,
0x8df524b59c4e1b1861b8566ad23310df670c825ba265e9c19d6aa7174f8686bd,1764457579,1764457583,509,51608,,
0xe7bb6fbcca3a054a9672b4be0bcb1e1ab56d05aa352fb772da0a802698381e6e,1764457580,1764457583,509,51608,,
0xcab7b08207c42fd8cbdffe3211e948caa9bc4cd7c5a8fe347c1de0704b400487,1764457580,1764457583,509,51596,,
0x08f05faa17958a1e14fb3fab8b66ee81ad25569156f0464eab645d1500161d20,1764457580,1764457583,509,51608,,
0x35bf3b034b5a59e1d672b8eaa0e903dcee771eaf1e9b1dbbeb0998867cac069a,1764457581,1764457585,510,51608,,
0xeda7e662084a661be624682c7bb4b323f8ff1907f0839b92dc8c17043bfd561b,1764457581,1764457585,510,51608,,
0x31b3edb56746ea1befee7783a0b6fe1f4d8270c6f2899e53a978b069560436f3,1764457581,1764457585,510,51608,,
0x86ee88b6335a74078ae27ee9f02ff87a89c3f7781de9dca04b6378ee445857ee,1764457581,1764457585,510,51608,,
0xb6fbfdaa112f6cdb8aaf3ad569046195c22ee1d83482e0b20cdc0df203b0b118,1764457581,1764457585,510,51596,,
0x1e5f0079916fbcb89e3980f89bf5aedc3b32368d2ed59b7e762703eb05f3d006,1764457581,1764457585,510,51608,,
0xfebde50e793f61af2f5ac597733688058875024b6e5e4919e1997087a0f1c076,1764457581,1764457585,510,51608,,
0xf710083e6d535094708b8ef8b2a5218ed350e8e0a27e7abe89fba5050af9a496,1764457582,1764457585,510,51596,,
0x277d0b322e128723878e7c2eddeffd900cda63de1bd200503cba41e0a616f8eb,1764457582,1764457585,510,51608,,
0x952fb6e05e28a060fe9a99360ea2ac16ea40e26cd5d190939829ab0ee43de0cd,1764457582,1764457585,510,51608,,
0x9027540779c910b72dd959e4b180429a73415803c3c146e97ec98b9ce64fefe4,1764457583,1764457587,511,51608,,
0x6d849bae0cc262b1a6427a1b0bbee3277cb3a9b3cc69ea1469443f008f6cec98,1764457583,1764457587,511,51608,,
0xf911f58ae1ab2791e66355a15f25e40ad80234d35911acf261d80707980626e9,1764457583,1764457587,511,51608,,
0x4d5567c0c818867cf344935a60d4d6a431eea44a7449acdbf3b5faf057fc3c41,1764457583,1764457587,511,51608,,
0x06346ee47cec57b7673e075415283e53a720e883b57ee8d891802e749338dc31,1764457583,1764457587,511,51608,,
0x2cdc98590a6d311731eeae670efde27ec661805a504ac4500a0050a5fee43d11,1764457583,1764457587,511,51608,,
0xf1053852bb3f43e7a3c1589fb998c92a993925f18d25ffbe3c8ab53d785c2a9b,1764457583,1764457587,511,51608,,
0xe48faf8d0f5159f3a8443f1f7ac0d63198118c66ecba3797288d3d0a9fbfcb9c,1764457584,1764457587,511,51608,,
0xef5637811752e8c31822e14bce62b73bf32bd0fc6949bc98a672a4b73a98a7fe,1764457584,1764457587,511,51608,,
0x15e614caebef29c2b159ec7cb14f61465002528e1dcbc0568876d12c08600601,1764457584,1764457587,511,51608,,
0x4d7150005769f1bb9728007c0ad054de972affa7b492e6915337bc808032f12b,1764457585,1764457589,512,51608,,
0x0a847f53f5bff853d33b8473574072f94605fd6579dfe422d77dec633a44a651,1764457585,1764457589,512,51608,,
0x5747c6e18231c5a40e1be10fc50106cc9e51c48218ae19bd58ee964f33fe93ac,1764457585,1764457589,512,51608,,
0x99029d811e33e3a18e0fb3093029c43606fc942d3d8f25f0b431799190dfb227,1764457585,1764457589,512,51608,,
0xe584a8f3a6bf92b6e9c2ac213e147a43dc35c96f4b922f9f62e04b61e31972a8,1764457585,1764457589,512,51608,,
0xfaa6c9fc6b0c9bc6590779436b0e4885c0ab0669f8912d05865e77c7ac8190ca,1764457585,1764457589,512,51608,,
0x94521c1a2f53e2937d32c7972a9d973418c9ed60d655c7710a7348a34891166a,1764457585,1764457589,512,51608,,
0xa7a97058e69f860340cc76974b4ab0ba590f54bf6fd2027804c8bad69f597ce4,1764457586,1764457589,512,51608,,
0x68a6b29861b41de81d53b5a88fd05833270a5eb1b8bc9d170ff232176e5d3c01,1764457586,1764457589,512,51596,,
0x16f6acaa6682ca4af02b67f4a1a4049f9d1dd87d802f658cfba2d6b52574a1d3,1764457586,1764457589,512,51608,,
0x416f542ec7be06438f460e952b30604ddbe1795e2ff62858b404aa6350a8caec,1764457587,1764457591,513,51596,,
0xf0e407187cba146f7046ac8767f11c817f9339f3f81b9375e945586dc032b148,1764457587,1764457591,513,51608,,
0x5e92ee05a41f786e2198c2be509e1498af30d6bb5159051a2558d78e194aa605,1764457587,1764457591,513,51596,,
0x7069f53c0388e7acfb914450224c1a7df0ba46a163a2308b37bd1a17dbd283b3,1764457587,1764457591,513,51608,,
0x1903f3c3fe5ae298d3d54291396def7e7d68c5bb60ad5b8f77392f53bbdf824d,1764457587,1764457591,513,51608,,
0xce758cbdb1ad7435aa90ed0d0a8fe7d0178438fb658ed8d7ae646bc2d3f14426,1764457587,1764457591,513,51608,,
0xa78f527da1867874b311e45613a9bd693cec93fc7ce2f214077a30682353dace,1764457587,1764457591,513,51608,,
0x3784088b7f15c8d86223b6ee947b2f22be2725ec6ca737b7c0e59b473e07990b,1764457588,1764457591,513,51608,,
0x836260e55e155ee701c4598987088e0422a56aa121542a00437b2c63bff65947,1764457588,1764457591,513,51608,,
0x30aa21eff93d1ba8fee3ea4165e4a194bd12dc99c9de9ac92a4d53feb9f9b541,1764457588,1764457591,513,51608,,
0x8bbf4d4d9a6cc62a81e2214a27336eb8a13ebc22c3b0aa9bd5d8070de0d537c5,1764457589,1764457593,514,51608,,
0xc1b6ac7a3ebf646cfcf45b34e4b4c7bc9ab10da8bdca0159c8832a1420a4ca78,1764457589,1764457593,514,51608,,
0xbb16f7fe46176ec6f9edd63e05fb84344c8702e6127e274d1736751e4bba27e9,1764457589,1764457593,514,51608,,
0x6ffc4745c9ab6a0d4f1b4d20aa7314d90546772a347411ded557de6171f5e283,1764457589,1764457593,514,51608,,
0x579cf06c2a1a1e789adaa2204ed8d08757fc73a0ad8cc935cfafa5f52871eccb,1764457589,1764457593,514,51608,,
0xc6157898642fed71af2da7dfc1ee3b08bd1dc0f01f4ae4c39286b7093866d1dd,1764457589,1764457593,514,51608,,
0xac3ea8e8e706c9e233b8a6302c3ef117d8646ba70224729b5a2026f4c725d8ce,1764457589,1764457593,514,51608,,
0x8c51eb86bbb6bc93345fe501a426fb2e9bae1957f1a8e9ec08b9f817097ede85,1764457590,1764457593,514,51608,,
0xd65237928ecbb4420cd32692b1def11294c712e821e866faf2a6c2deea648006,1764457590,1764457593,514,51608,,
0x9f8d4d4dfa8b44c0ae98073a9ed103c6febb316bfa761cb0bd839eedf5520e4e,1764457590,1764457593,514,51608,,
0x9bdcf90e3949dbe75485336d719b8b19081542bacc45c01352a5eb05dc2ea4dc,1764457591,1764457595,515,51608,,
0x1eb7771d709005c0ee337c37d6da4ed2fc703e12c2c4d116834364d44ca3ba82,1764457591,1764457595,515,51608,,
0xccda99a6ed6a4ae76c5c5cd53a70a8c2ecd172491fef08992fadd0cdfbb6e06b,1764457591,1764457595,515,51608,,
0x953b26a97c312ba6e6e9cc1b349d40ba5d59328f99a8e9190db2eaaf7978d98b,1764457591,1764457595,515,51596,,
0x37f5a99f375c9fdbb0a804837f60260ac27d71923942fd035d2cb2c75bea70c4,1764457591,1764457595,515,51608,,
0xaf4f5ef10e5955e7b9beecb0a9316e03194e268b3f1f502e4e6f8b2f03198eba,1764457591,1764457595,515,51608,,
0x8fff4f9f8fb6cd7750d9e0432df3f0058570aadac8eda763024d7dd97aed8940,1764457591,1764457595,515,51608,,
0x012b75bd75a9d46589b8d79b25c0cba263de0d0fd396086a9ec08eaea3a60276,1764457592,1764457595,515,51608,,
0x350c06e30a5e0a43ff3f487a2e0838189260025a0b3b9bb6ea326e5792be7ac9,1764457592,1764457595,515,51608,,
0xea5ba49735b96d0bb77731ca46278ca812f2cf9144783993ac80afe3c8c0bc62,1764457592,1764457595,515,51608,,
0x57469bb0cd440c53080dd523c04666b4eb585a72412206290b905d2b3b4f1f31,1764457593,1764457597,516,51608,,
0x493513862f87c4f37301161daa8b440e1e13bb15a5cac5a5a837c1b8350ede81,1764457593,1764457597,516,51608,,
0xa93fe12d9cac05e72f7c2a0bebb29fea53082a0672a32939df78ec64ba096eb3,1764457593,1764457597,516,51608,,
0xdb75f79d235639cfaba68a8721bd5241f06bb09520fed94725319194b5cbd481,1764457593,1764457597,516,51596,,
0xb73d81faf87c6ab6a27005f2218aabec9b03ec24957edb73a44c510e3b4a8a6b,1764457593,1764457597,516,51608,,
0xd108465fc46e4630961cd3b5179ca469e3a91877cf0f1e3f97f135482363ce54,1764457593,1764457597,516,51608,,
0xcf8b3b3980d52067f2a78692791e69dad858ccd0c3ae19ad13d3a70f30f2b2a2,1764457593,1764457597,516,51608,,
0x56bb1c37fb8611bc2fefe0d2f7bc5171826edcb6ec88a854deaecd07c10f943e,1764457594,1764457597,516,51608,,
0x19f948b1ec01f75c3cafdaa9f4edd611a80a3661f1277302566449368cecd5aa,1764457594,1764457597,516,51608,,
0x66df4e439ecc830f84ed9508c51ddbcb70c3a4ecbc5f2d0f17e0efe134747ea5,1764457594,1764457597,516,51608,,
0xbe1ad9bf20b6fe0babe87b1387ad6d16146d557eead6e793114e9ddab0ba9eda,1764457595,1764457599,517,51608,,
0x561562710c5bc24754323fb27b34d4831e6127573b59f5ea73a32e43ec9cb2cf,1764457595,1764457599,517,51608,,
0x892f7446f6c3597cfb7ed48423c0557d53d26bc355cc19f9107c15036d70def8,1764457595,1764457599,517,51608,,
0xd14af3643e6554d005bb1823367383bcb98acc45b1dd69b9786eb0f351dcae02,1764457595,1764457599,517,51596,,
0x01bd1889650e2f5e330f97b13d283fd78e2f9d1bf9f6b31d45bef13a4dda6581,1764457595,1764457599,517,51608,,
0xc15c1bf7538382e75c9fe81e60ce54217fd3b71eced468f0436b37736f9b7036,1764457595,1764457599,517,51608,,
0x6f1a41de5e479c7f1452430025fc9f631cac38269e2bbcd81a6366bb8ab4d64b,1764457595,1764457599,517,51596,,
0x457c41f321d9422fea83724f5ab37517fbd31a1637e7db9595672c575690a674,1764457596,1764457599,517,51608,,
0xd13a0edf653fccb8c13a22b3755f98b753490b1c9e3a19782a2e955b2c5e5013,1764457596,1764457599,517,51608,,
0x37b5bf2ba6bab4ff6dd1f60647e2a3aa61abe83b6f35b39cf96e8400e08a2c16,1764457596,1764457599,517,51608,,
0xdaf36d76e789c7c6417e3bf08de8e3e65b24de6aea1e312c324ae1349eef3ec0,1764457597,1764457601,518,51608,,
0xeafd9bf4cfbe0a33c5a6d16a1f3c9050ca2a55df3e2d643ceebe45bdbcff8435,1764457597,1764457601,518,51608,,
0xcc3d000114f7d54b6e0d85cc1db796a5b4e1b0eb7f8f4f9d42300e83f075e3ef,1764457597,1764457601,518,51608,,
0x554ce720af1e9fcfa4bc802b402eb27e7c77606677e789907f025771bef9d8cc,1764457597,1764457601,518,51608,,
0xf981d5e62a6d05fd55bbd30b2cd88ab821823d6d79bfbc7de3d91a67fb1986da,1764457597,1764457601,518,51608,,
0x2e27d3834b687dc7d5d1276cd89749caeec66c84e166b0e4114d15aece241e59,1764457597,1764457601,518,51608,,
0x4ec5a0870e6da8d30b843cd73c9a5fcf73471e6c7d4b0b100b37e29daeeb8d5f,1764457597,1764457601,518,51608,,
0xc03a7f68fa40a9ad378a1be69b6f78d1135f5fdc99a0bdc681e42ec4074c2aba,1764457598,1764457601,518,51608,,
0xb122cee42a7680c8e278830646753f7927cfadf47e43739dd4feaeb7141e5bd7,1764457598,1764457601,518,51608,,
0xbf9601977e28cfe2a6786c36860fd73d60937cfdc1dca406de28f4736a7c9f67,1764457599,1764457601,518,51608,,
0xb06fb5c56e6251bdfa21593f4ccd26470d6bb77aa1cf9b5e68cc4ba916630bce,1764457599,1764457603,519,51608,,
0x8b742d28ff98332eb3c948ae4387043d15409f29de12be87ba69211ed488f1f5,1764457599,1764457603,519,51608,,
0x52e9753e0adb798bf4f4f6a66fb712b8bd322a502e6ee973570ca863ac05ba88,1764457599,1764457603,519,51608,,
0xa731ed13eda4ce124bb67146866093a53bbd5da6756c33c1938f264a482260af,1764457599,1764457603,519,51608,,
0x4e7049dd24921b19fdd2bd3981f8ea7f958dfae53558dd0b1d950d6fbb05d3e4,1764457599,1764457603,519,51608,,
0x3c3b79791da43abd1ae0e3e335a6fde1b925b51337b3032c3e4fc110a95af946,1764457599,1764457603,519,51608,,
0x4b47eed7a2e5555ed3fbc29c28eb56ff293b46a2236aaa2cc0dc342b3ee018f6,1764457599,1764457603,519,51608,,
0x1122111410e8f8f641abcfd1e7ec3f410cb7084300ab8b5d5a57085bf1923098,1764457600,1764457603,519,51608,,
0x4ac0ab3185d7a43e29a1713fd2b8b9de776d0c6a1f7c1b4b31fff8c28b7af3e5,1764457600,1764457603,519,51608,,
0x7ba217932c10bc0f36aab8119f0bdc62412d25a73983a31e4c69c983a129518e,1764457601,1764457605,520,51608,,
0x7be874004562df236409578a3cf933ef066144d417add31c603ea82a4f941bff,1764457601,1764457605,520,51608,,
0x14d2d8fd968a7fbc89de6afab121883c4c95711326829182980aa0647fda9c46,1764457601,1764457605,520,51608,,
0xf1ebe381e815df5d627ec836e0bc90fce993e7fc9e72605c514adbb088482e74,1764457601,1764457605,520,51608,,
0x9f95ad6b685027b99a3a94d3cb1381eb4d696d92d51807d701279d105f719946,1764457601,1764457605,520,51608,,
0xaf598c5ae68da4ba351bd8e4b60fa04234ecf8a305409c70f59453bba1707582,1764457601,1764457605,520,51608,,
0x28d16cffe2efe156ed67f584311630a4276ae9418d1fcaeed45f078687b9a924,1764457601,1764457605,520,51608,,
0x50601fce15c8234d0923eed79b2bb428b18793ef826b7031661d89b6f0647803,1764457601,1764457605,520,51608,,
0xab6e59be8692d292879c8fc3bdea506d391c240d6dc778914727fc5a10dd3208,1764457602,1764457605,520,51608,,
0xd7c6653fc23729d6bdae20cc1bf5fb75b072d03069949a66488bf5689a3ef6c6,1764457602,1764457605,520,51608,,
0x0c9ea5d00bf8c74b08c4f2d23b2a3f6ddcc3bd2b863a0289b299c6ff4d02843c,1764457603,1764457607,521,51608,,
0xffffc7238fee0d0f985dec4dac2a7013b3e11e17d1feb8219c2d3e1015c83b57,1764457603,1764457607,521,51608,,
0x4642b6c02da989155ef5769c62596f98ed9cae97f64592adf5f099cb64df23ea,1764457603,1764457607,521,51608,,
0x9145b2b77c62b849aaabfc8355bc8bf55143d907cf75ff4a95d4f717ecbfd456,1764457603,1764457607,521,51608,,
0x141eca4b498a410547a1b0af2aedae4be3973cceaeff9e6bf52b2f54d8819b31,1764457603,1764457607,521,51608,,
0x9af7c3e465f3879a03e7e1edf964592acca643f63b0ba6ca5fddc624a4fe3f05,1764457603,1764457607,521,51608,,
0x5dbf6531bc4e8a74b9e9a42a418d6f759df7811e715c2d57471d4d6b6ae22571,1764457603,1764457607,521,51608,,
0x08ce9bc46ebd2e2a91a060df0fa3e8188d985d0490c2073e092adfd4e81f6e73,1764457603,1764457607,521,51608,,
0x11af9577b20f5621a8c8807fe83298d7d6f94273496b5c8cd630a030a96871b9,1764457604,1764457607,521,51608,,
0xd4de721ab354e13e8aec68ee0a013cbb17e5020b5cf4caebb4c737d036fbeed8,1764457604,1764457607,521,51608,,
0x1037f2a675b1ce5a8495f9a9120b74889ba2b7df7d02b0fbefa7ca62d0b9c6c6,1764457605,1764457609,522,51608,,
0xc39a59d97cf67b17226ad0d27b3698c2a09a9b37496fec9575f64c14d1054655,1764457605,1764457609,522,51608,,
0x08259cafb5be02a348271c133c4934dd3670f190070c45011958d4a1f374221b,1764457605,1764457609,522,51608,,
0x9d929eb42fc024362ba1bba16e10afa125ebaf1e976f885c2d2664190bc7d322,1764457605,1764457609,522,51608,,
0x33195fa85a44eb55dba317ec31b407f0b081b0e815aa289fdd46954ff6592675,1764457605,1764457609,522,51608,,
0x653dbcde799e45b448399efef6c4abcae3a4a5c97dc89acbdadeae6904b28870,1764457605,1764457609,522,51596,,
0x04c90fc338c20fc5674af4928b32d1265518b33bc6510355f1c7a67b92ec4181,1764457605,1764457609,522,51608,,
0xd536b6fb1135614342a318d5911ba35f10ff124d22c34cf8c95baae87c359da1,1764457605,1764457609,522,51608,,
0xc0a4d35cb8a5eb44852decba3d9a271ceae07fecc00a72f91719e221c17cd2f6,1764457606,1764457609,522,51608,,
0xc003df1703f915cc63d3ca79d506165e57a6acb92ab14d97067516a7625bbfad,1764457606,1764457609,522,51608,,
0xedb77ed42489f73e342e5b44109921da065ebedcd3740e84cf77bbe10c8a240d,1764457607,1764457611,523,51608,,
0xd030a2f72d77e76ae6ccd0efbc5c8ad6efdf018f29e14554feac8b1085b766c3,1764457607,1764457611,523,51608,,
0x4040e9595535a58ea4a728bc1d794bac1da3e1b74e17d3763806c93feec83bc3,1764457607,1764457611,523,51608,,
0x5d891e59139491ca74200aea73fdc1908526fe59218952ce94719b6260dc39ed,1764457607,1764457611,523,51608,,
0x5cb51fbd923428de946c7852137d25b1c4559336187c71434c3857530a1e7869,1764457607,1764457611,523,51608,,
0x5a4bda70a9d58418fbf256a0cc649d0bcbdfb3b700536ec6374a8dd24a103903,1764457607,1764457611,523,51608,,
0x427cc9b29e4cf11ca42bdbf3a7b6a86f2fcca6c4cb3f3b61a0bd26bc4952b318,1764457607,1764457611,523,51608,,
0x76f77252ea164dbb7001f1975d780901331069578f844d477993b763939783a2,1764457607,1764457611,523,51608,,
0x69e8863f568c0c6683201c601a5dd723ae45b597a05862e83368b7c43c366755,1764457608,1764457611,523,51608,,
0x1eb17e148999782f29272483caebb39d3daa1a680b1f9ef0da168097c3d6df53,1764457608,1764457611,523,51596,,
0x4b099bca2fb3931e62a264de92388a9fe55c48a7103dff8996f1e9a20ff8a0a0,1764457609,1764457613,524,51608,,
0xce461ca1fd875e937fe74f60cbe0056b3e766439b79f2e8b888ecfc04dcf7439,1764457609,1764457613,524,51608,,
0xd5a6de468a70fec51f5c460bac485c9b6203de13d1f3015d2cdffdf9bb8ec25f,1764457609,1764457613,524,51608,,
0xee8efd9eded91485d30de7089a069c97bbe380873ca793e6d111b6a579e78b25,1764457609,1764457613,524,51608,,
0xa6d1e754e2b29af8180c1bc1735c650ba3d47d8789dd00e8d3c740fe2102a9fa,1764457609,1764457613,524,51608,,
0xf83cc853fab8ab98d1552c07f26e6574d68c2dbf847acbbd0a76994a502dbeed,1764457609,1764457613,524,51608,,
0xa3cd464e3606f6eef1c142d5c32d0e323ff32501875c9bf06a4c46a0cec1a1cc,1764457609,1764457613,524,51608,,
0x75c539cfb9b02c5427f33c9beebc3cedd97d1eb20d88e77a46adfd09051ad3ea,1764457609,1764457613,524,51608,,
0xefd4edffbc240afb8e632def90086cebae80afc9104d37f0aa19eaae0a2d3c91,1764457610,1764457613,524,51608,,
0xda79ae75fc88526484600515edf849e9d853de5233a4a727329abf59cf5c28c9,1764457610,1764457613,524,51608,,
0xdcce23d45f448903067208348293098334988756646714a99c879c42d6da6dc5,1764457611,1764457615,525,51608,,
0xe5ca80da7e02386831d43c86d21565b58faaea13e75f9618ded9995fbe863033,1764457611,1764457615,525,51608,,
0xcc856b35bbae1fc48ac5b3c0e3fc452431db4144ae2830d8fc67f603b82f874a,1764457611,1764457615,525,51608,,
0x07ef4a5d8df2d99263495321c4f5ac4520d5eb27eac3ace6051db70cd23c610f,1764457611,1764457615,525,51608,,
0xd86c90a4dd9ca4549697025eff4bea0795fa881c7db946d8cb00203798708fbc,1764457611,1764457615,525,51608,,
0x852feca099ecdedc09b30dfc774de50248dd5b473fcb918bbf012fdf570ebb8b,1764457611,1764457615,525,51608,,
0xe13bbb98d45dc7e6f5bf38f7b03f2475a6b340c9eefc30f041fa10bb7687e5c0,1764457611,1764457615,525,51608,,
0x4121de6b00ab7b4cbdf6b5cfdea903c39c3035fbe2e60cdbde8c46aeee7c16b5,1764457611,1764457615,525,51608,,
0x7fda99694c03e67f764c88d6c91cc5a28efe927b4eaecf4b21f8098c340f54b9,1764457612,1764457615,525,51608,,
0x9a5e3ae4929b6025518eedd015900c00b107dd4d1158520ffe912df2711662f7,1764457612,1764457615,525,51608,,
0xc38b9d21fa22b838c03894c7edd125394f4b0df436cdd866c99fdd98affd2609,1764457613,1764457617,526,51608,,
0x3a4e1df55bddbcc7ded0b8e9787de8dc1126509c47833d612d04695cb2a79af2,1764457613,1764457617,526,51608,,
0x1538e2808a3ec6e0d523ea4229325bbf2492261f53c6c06dd3a99b199f746898,1764457613,1764457617,526,51608,,
0xad084b75e48ceed06fbf53c96b0850286d091152c2bd3f3c326680b333a6c203,1764457613,1764457617,526,51608,,
0x0adfbcf3c70292073a38cbb1f9f8463476b56a6522079d655db297fcce19e294,1764457613,1764457617,526,51608,,
0x4659023f9e0214637b17b77c820e3e19774845a93b98b49ae9908f53e280888f,1764457613,1764457617,526,51608,,
0x956d044a2b9ed7ff2fbf228586678aa467ff951d00d229af70a44d0d42447336,1764457613,1764457617,526,51608,,
0x1ec21a19bdcbc48b91b26af0a52d7c9a639dc45572344e3d779e78f889b1f65c,1764457613,1764457617,526,51608,,
0x9af9ada4b48bef3a58eb8621f98e39cb13606d5a305217d617bb1bfc6481de2a,1764457614,1764457617,526,51608,,
0xac41eb88090b348d0e9ed5c7c900f92ccda2f93810d4877d0bdf09fdb1e2975d,1764457614,1764457617,526,51608,,
0x6afdce8576876b11140fd7d350b74ec3bbcacc15bd68f81734bd23cb1275b9e5,1764457615,1764457619,527,51608,,
0x4790dfbda99fafbe922dfdeefcfd7089b273424d177a0ff0657ca112672f1659,1764457615,1764457619,527,51608,,
0xf80aff77b031e5a81445cfe58b6556eb1097abf6f36a5eda18068214de851114,1764457615,1764457619,527,51608,,
0x5789a2f37140340df14fb9acb49b75710a3147995dae73411dffc878cdf6dde1,1764457615,1764457619,527,51608,,
0x10a2ba353474e495d9e0b09e0cacc4180777f1853726cc375a77ff000ce6e7b3,1764457615,1764457619,527,51608,,
0xf7eebfa1f8968f7499737702bef04e15c47af54836edf2303b899c8533edeb0e,1764457615,1764457619,527,51608,,
0xae24fe84d3b4b2fc7bc6c285780f24bace5b1b74241a64e0301d4d2a22e8422d,1764457615,1764457619,527,51608,,
0xb87310263e69378e77eb47a650c1e37d3304dbed03bac84524eff08b32c7cdde,1764457615,1764457619,527,51596,,
0x362b2fb46a02c4f91f26b6d49345b7df8f87d6f74d16368369deeba050de929e,1764457616,1764457619,527,51608,,
0x2ebb6a675e5184271e57e3b4cf67eb4ce6e71584f17f2f29aa7d6554627b1f15,1764457616,1764457619,527,51608,,
0xab0384b972fba60410d698c75a1e199c0e4a6363da0f4d48843a9e053f516360,1764457617,1764457621,528,51608,,
0x9fbf0aa5ea62801fa6db7a85570edaeecb189bce58b2b3ed95595d5598abb488,1764457617,1764457621,528,51608,,
0x38e80ee2dc2c7b3a2ffeaff6356cc6a9f180839e155fc4d1b80b5c05fd220f03,1764457617,1764457621,528,51608,,
0x756e7c1c4b8966898ce637a67b115b12b63116676ff8ac05cf9ddb2f9f140d7a,1764457617,1764457621,528,51608,,
0x67abc661fddf373051053d407423c7c8cfd979f212271e684b6523e357380ea8,1764457617,1764457621,528,51608,,
0xb46110d881d6555f000c1325754ebd47916a4fcc97b84eabdd6e9c017e800a17,1764457617,1764457621,528,51608,,
0x3e690ade4bd81a93021643a9670f55322c32c7bb33b93dc7f9c4c4b659e42c30,1764457617,1764457621,528,51596,,
0xc87e5986e5b60264b12a1c946c7ff1b8d8a47abaf393384345d1fb6ba89fed54,1764457617,1764457621,528,51608,,
0xf0ee0a9ec8524e11f90a9eca2a4cd8722e42a460ce89254887d4ed9d0f240078,1764457618,1764457621,528,51608,,
0xbd8bec2d43d40f05d60dbf8f2ef8c09289c155d59eefc161fe295fcc8ff463c2,1764457618,1764457621,528,51608,,
0xe15c79ae00aad724971c02d29df02af818b2cee15bb45409201d423a08e10ad9,1764457619,1764457623,529,51596,,
0x92b671e0f4b998f6600e234813ff5d788e27fd50e1b474ac83d55da425bd172d,1764457619,1764457623,529,51608,,
0x1ea75b77b6e58c5a8e486becf8d2fb9c421097bc8769dcb6423e4cc0f73787fa,1764457619,1764457623,529,51608,,
0x6f44bec71dc384b89ae27db63a9dd1dae20f95a052c6302c1a7cb690c466bcfa,1764457619,1764457623,529,51608,,
0x42ede39e9a0d506c83d9031ea957e5e69838e819e4eefe195c605b5d6233f85f,1764457619,1764457623,529,51608,,
0xc947424424c45183fc753cfbb63c83fafa52f8c0a52fb90605ac2f2592f90d25,1764457619,1764457623,529,51608,,
0x7fea39d7f7b7750cfeaabfc2a56f8202157e7ad93f5250a934bf7938e3e6dd01,1764457619,1764457623,529,51608,,
0x0f64aca08069c792c9db21045766222149eb277f00e797dc0bd2186a83fd8dbb,1764457619,1764457623,529,51608,,
0x38477c32f3141442e62cec719371f5455e0074e3083bcea81d1011b713274593,1764457620,1764457623,529,51596,,
0x86a298a2dc7e23e318f5e4df5044ec0993989808841daaeb13e7cf79de4bb396,1764457620,1764457623,529,51608,,
0x0680071a801e48591ba71579b76b7bfadce0332dccfa8806fd4c633d7ea00117,1764457621,1764457625,530,51608,,
0x6101e2dc4107b5aaa2a213f72fe06f035f53ff49e70f4c0a8a48e2f8c54d2bf6,1764457621,1764457625,530,51608,,
0x40dca31ebd1752e422a46266bb5a65c7da75688ce1dc0eb0033a3db6bdacd33f,1764457621,1764457625,530,51608,,
0x038718802d762506eef2f81d01f64748d1ef7b2c1cebb8dfe75e05c5ab17b332,1764457621,1764457625,530,51608,,
0x48df4ffe9350ebd163dd8696c787251b93223929026aa330f033f97ecb92512a,1764457621,1764457625,530,51608,,
0xba777d0e1d5e2aaeed685860993632d65dccc3102237ed55af51c5a4602ff079,1764457621,1764457625,530,51608,,
0x0155272aafc3e545d6616bfa825c37a29b2d1e6c536719fee4045f017c828e47,1764457621,1764457625,530,51608,,
0x8d6c4ba32da0758643522b252cbbb0cb29edde20a7b0cee005d943378576548c,1764457621,1764457625,530,51608,,
0x04af77f7761c1cd652b4ce8d1bb4e215f8e393064c000e20d19b74b3eea2783d,1764457622,1764457625,530,51608,,
0x514540a138591d00084fe8c609eb4f40285604e9493e82c08d0cf02f7e9229ce,1764457622,1764457625,530,51608,,
0xd6f1eee352b3ba64dc69deff3ab2948b6dbc0a4de03b13c5bb161a7412497828,1764457623,1764457627,531,51608,,
0x858779b50dec4c392d92bfb39382efbac2b63c75df46087cd1d2c21d25c9c7cb,1764457623,1764457627,531,51608,,
0xe03114dfc18c0cb87d907782fa98f700190375fd578073816b4b859389c5db5e,1764457623,1764457627,531,51608,,
0xd4dcf528b29a66ec70079da45c315be3504d9e923ef92ac028c02715565b18de,1764457623,1764457627,531,51608,,
0xea78abf0876e6ed63586bc6715f3af624fe61214cec2db198eb79bd47ba09db8,1764457623,1764457627,531,51608,,
0x9af5445061bb0d91daed5def5bcafddf692ee4b6a3a0ceb0145dde526581e6db,1764457623,1764457627,531,51608,,
0xfba8735a3944ca306423fa1423876c2b15f85f04a7d0bf48a03316bacdd3899a,1764457623,1764457627,531,51608,,
0xc4c031b028bf27591f10aef7616bc55f58ce5ada922a82e20e780845e89c7c43,1764457623,1764457627,531,51608,,
0xe1fd065a24b172e4224fb8c0bb4fc3881c03d6a1d52f9789c678c6a7883b1ff8,1764457624,1764457627,531,51608,,
0x0675425ceefe9043b49ea3daed22a0c8474a5c782be857dcf7cd6e32559e79cb,1764457625,1764457627,531,51608,,
0x4dde3227928137cf82eba7aa4a4a709f661e8339e4c43afa9a7bd0bd68ffa9c3,1764457625,1764457629,532,51608,,
0xa160f8eabe4ec5b85520013dd543ff516eb11d4d3ddca92df11997f09a882669,1764457625,1764457629,532,51608,,
0x26a707c4436532fa88b34ed97647462ef7707d63cebf43d4a8dd4a340728ad49,1764457625,1764457629,532,51608,,
0x1ece8fd54d2eea712e5facc12165f3bb8677cecf36aa7ae9862eed1eaa78666f,1764457625,1764457629,532,51608,,
0xd0c8c3de0fec5e3d1f785e29333250778053854ff6e222491a826cb320ecac67,1764457625,1764457629,532,51608,,
0xb9981b958d54bc2206d19035f6c5dad1c031e642dc1564af7e219c796f034b8a,1764457625,1764457629,532,51608,,
0x7107ddc77be7bdf14c309c0aadaac6b3773341ed9d39dac28fe1468d0fbc5958,1764457625,1764457629,532,51608,,
0xbd8ef7e4bb74330f35bef9fde05d946d03f7f4b63fa5c9e619c889e14be40002,1764457625,1764457629,532,51608,,
0x199215e3522d640a234b754f10f8c441ce0d901feeec032ea7b8069c9c999645,1764457626,1764457629,532,51596,,
0x95c08a51beb1f16bd9399b8c1aad14fe7a0f1280ab77c59687d1e77d13319d4c,1764457627,1764457629,532,51608,,
0xaa3795feb9f162c0ff9eaebb44a714fdbfd22b9fa579958faf22e0039221029b,1764457627,1764457631,533,51608,,
0x0c5b9750b0962347916ad5f48056fee36f8e694e3a09c1ea2da1256038b77a2d,1764457627,1764457631,533,51608,,
0x57ba17da470c1a4151b934f56435ef35d4a043b319496d7b8ddd3eaa43a07de5,1764457627,1764457631,533,51608,,
0xa7e65cb93a325e34929afb22d6e0e558cbb4c8a4ea4d4bffa1f1e0b072c33d52,1764457627,1764457631,533,51608,,
0xe26180b334d2c99b1217550273f2e1dbd4b717b0afd2cf5a3d5ec950e298a27f,1764457627,1764457631,533,51608,,
0xa46784f49a927061083b068868282527e551be33ee109aeb033a61bec818920b,1764457627,1764457631,533,51596,,
0x5c09c6911fff633244f6e173849cdbffbf7abafd839f607d133fcfff5af9f802,1764457627,1764457631,533,51608,,
0x831de60171232a33e29a2d2d2b5d85f62f876bf791582015726301cedd1ae66d,1764457627,1764457631,533,51608,,
0x00af6a86b917cb93e4985661911e83b2b337a53afc2711ae60814fe37e0107fb,1764457628,1764457631,533,51608,,
0x797fb5012423c093e108e985408bf41d240b96442863ca4b3029796a75129064,1764457629,1764457633,534,51608,,
0xb769c4c4e369e3ae256c13029f9061edde1c5155fbf73a7d1b1c2ec40795186d,1764457629,1764457633,534,51596,,
0x6036ff21dfea2820b3659307a106f3e1b8da06435cabb5d10ba88416cb3f1f7b,1764457629,1764457633,534,51608,,
0x6ed631f9a5890f563323442d639e3c872e3316dfc06c35549baadc0816009d5c,1764457629,1764457633,534,51596,,
0x85c25f0e940f13827769e7ee387de3f888da38c623492aa70c8419e77ece58d5,1764457629,1764457633,534,51608,,
0x0f02141eb31b5331923f72ce4d92e0ce0224286b664b5972301e3adb25f06c18,1764457629,1764457633,534,51608,,
0x103c7033b353938f6e32d684fb103cd1094ef8073b0875c20c5c39941918ceff,1764457629,1764457633,534,51608,,
0xea3d339b5afb775fe439cda5c23a06cf80a490c36a3e8b53829b6621a63abbda,1764457629,1764457633,534,51608,,
0x888a14c4a641d4713aee1191836d1395ab2543c547ddfaa2c5f8fd5d8d122d57,1764457629,1764457633,534,51608,,
0xe5e8669a952c3e61a63970ca70798c3fe5ac1c954a4783dac3ea208396487018,1764457630,1764457633,534,51608,,
0xa6546b23c9bbec4325c85a6efd6abeb7228fef8d00dca50d17c791377707e098,1764457631,1764457635,535,51608,,
0xbe2095c41da2b5a496c6c3a2a1dc0df1448dd39cd371cf8009ef65f254034a5e,1764457631,1764457635,535,51608,,
0x477f0f643003d4930085e1782331d5050321629ef0fd9d3116842a1fb928eb11,1764457631,1764457635,535,51608,,
0x27aceb1b73ab418db9f38de2100992e4efe93636f95088e005c114d303374adf,1764457631,1764457635,535,51596,,
0xfef63b97332d5e8788caa026b0c7ab087a40da40a0905e4de51e57466f6e1b83,1764457631,1764457635,535,51608,,
0xd10737cb4974187b248fca7ff25d53eb8780babe99d0df7048232aaba652fa66,1764457631,1764457635,535,51608,,
0xbd7dc4d6181955dc8612377e603267980ebf0a3686cc504222139610c7868669,1764457631,1764457635,535,51608,,
0x428fadb57b120f6488cd10e48fe9e24bc36ed3b081c72c6bd85ce3c394b69140,1764457631,1764457635,535,51608,,
0x86b97d3fc1e13bd5b30af9cfec6ad35e1784bf08474c19064babf27e48fb49e8,1764457631,1764457635,535,51596,,
0x009d6c25c57e7f33b124b6a8643e5097e7fa079d96543f4a2be5d7928846fd48,1764457632,1764457635,535,51608,,
0xe7bc718d98d0de58128073f87d38f1cc30ef1657d55b3e96a44b390db44655c6,1764457633,1764457637,536,51608,,
0xfab7378d91f8fd34e57642cabfc27495d2c8b33877c46746424d10b0b748bfe1,1764457633,1764457637,536,51608,,
0x8b75330d215ea6a49982511a168eb21899827aadf292ff3cdc6570f61fd1740a,1764457633,1764457637,536,51608,,
0x051216b9e1fd91e9ea5568eaee3b0cbf051828b5a885882cdebc3ad27573e7b4,1764457633,1764457637,536,51608,,
0x0d85a987e3231e80d2b1eca633fb20fd5a85d5fa82f0a866ccebe293c99638d2,1764457633,1764457637,536,51608,,
0x3472bfaae835074f796a4970a0404ccd1713b6b421deba846a94a5a3661f54db,1764457633,1764457637,536,51608,,
0x35b740fb00f766fa1776e45514e6ef5d95f85092d9989b079b3066b058b930ef,1764457633,1764457637,536,51608,,
0x1637dc7442e03bd1e380ff720619be05fac46ed1d1c38b2da119e81a2f26742d,1764457633,1764457637,536,51608,,
0x4404dd71187478374253d26799516f028b9c34ef92bd49f1076a46335c690e00,1764457633,1764457637,536,51608,,
0xb49def6d1550780543f93633878e62d90ea87abda784aa5953399e391944d45c,1764457634,1764457637,536,51608,,
0x9b3e565abf204919625db5eb6777bb19c98d43a48475c1379849c7bd7ae9380f,1764457635,1764457639,537,51608,,
0xe14ca9eaf007e624c105902a80dea1726e377f48e39b364c898bedcd8b94a1c6,1764457635,1764457639,537,51608,,
0x0d528d05a8aa592dcc8e023ea76040c40aaef096969a19efb550ad6551cf11b5,1764457635,1764457639,537,51608,,
0xc43126ed8c8dbc26204d73c851c7c1db29f646b6d55830e9c328d04ff2625ee5,1764457635,1764457639,537,51596,,
0x1e5567dc4983c355ecd2249325e126a55bbb97c850ab3ffc2303618bcf87fb8e,1764457635,1764457639,537,51608,,
0x235b0fd509edeba74237febfcb9e17030a14e34f21340bf3bc635cbf0c788ad5,1764457635,1764457639,537,51608,,
0x51dbdba01f43de25d8afc2e3f22fd96472635de9c219966c3ba20c08e2f20d30,1764457635,1764457639,537,51608,,
0xf28b6f3f42118e47eb56bc32c14882a07317bbdd5252ff2e66f5cc2c4600b721,1764457635,1764457639,537,51608,,
0xbbfa9587852be706842dd4ed73041f66ad769ea8865a16bb7c8d7a8938245f62,1764457635,1764457639,537,51608,,
0xfca9798a45b970318b29ae9af8212c294863950c4672e2f6628faf437cfd599e,1764457636,1764457639,537,51596,,
0x25ab620b643342c566b0c87e54489a15a919dd07f81574344332794679767ae7,1764457637,1764457641,538,51608,,
0xed725389801907c900989c1f7bfa35cc9de86cbbc7a29e241be0e39d1d9a611e,1764457637,1764457641,538,51608,,
0x451e7508008fbe63585a19a6d47f41c75a66a75ef92c3b3ca61e13129a2f85d2,1764457637,1764457641,538,51608,,
0x7c24bed1ddc4dc1dafe4c18aa70a66017885b4739815408d68a3b95afb212096,1764457637,1764457641,538,51608,,
0x43b97a23a5913f70fed87c5c6a5a45c404d561435ee41a5e585c53fccf5e7908,1764457637,1764457641,538,51608,,
0xd0638db41eb77245e4eb549e9c9853322eec4bf3256f4a81b6e6fd7f3e66965e,1764457637,1764457641,538,51608,,
0xb714336fdba0788b429e91e269d27c94694f72fc381d0d79a09d87d65f14c0b8,1764457637,1764457641,538,51608,,
0xd29bf60fcfa885b1eeae3ce4f60489f8650a3c4c9714d6ef1016aca2fc3cbe56,1764457637,1764457641,538,51608,,
0xcc60da6be75fb27da9458c2c9610b365721597e11cde82c81b94b2619032e895,1764457637,1764457641,538,51608,,
0x841045c7be251b3c9151a9d9e9bfa91d83e38f24386ee464270841335eadac16,1764457638,1764457641,538,51608,,
0x690d446518e00fe2d23f5bd9343345ec62e32af54aa458b456f1245693aa3d7f,1764457639,1764457643,539,51608,,
0x410a76b754774ed2b217994ede5f81f59aa5833e31673a28f36c350cec281a03,1764457639,1764457643,539,51608,,
0x48ee6e24a08c12c3182f47ce8e91f947644dc8e4b81a6609f684005788e9a4fa,1764457639,1764457643,539,51596,,
0xa1a0e4cf837f165695997fd4140c3dd798359facaa34391dac6b37cc5e2da711,1764457639,1764457643,539,51608,,
0x383a4c9d1df3749e8d250217d715f3e1c015fb150503cc54fa95f8acd33a8467,1764457639,1764457643,539,51608,,
0x90a05993059cb1b4a6a668b97cc442f8a90ed2eac89ca89a46e3519eb5d0b262,1764457639,1764457643,539,51608,,
0xeb3e150f264762893bc99457bd71abcf1b3ec85119bb91db3e1e1816befd670d,1764457639,1764457643,539,51608,,
0x4a4f6e4c6eabc46bcbeaa376d13e8f14b871109f1c367249e4e08bc6e6fb1046,1764457639,1764457643,539,51608,,
0x078180b63b209af6750e80280479ba5dcf9956bf2932fc59d669a44561d034df,1764457639,1764457643,539,51596,,
0xe7fdb9f53c00eb69e1a9118702c41788aba45b47d0fea0dcaf8f95db540ed2b3,1764457640,1764457643,539,51608,,
0x167eca3368c800419ef6bf2e3abf3eed20a3494a182024f00e0f9f029b135927,1764457641,1764457645,540,51608,,
0x42f22a459fb945760d277477f6f3be34599b3821efd1c649d9a82e4d14267f66,1764457641,1764457645,540,51608,,
0xba861ab69035abd657e001ef2915f28b3a202886b55d5233ef236f537abf2b3f,1764457641,1764457645,540,51608,,
0x304e100e686b80a299522c16cba97d43d39e2845633107fd92895fd81f3399c8,1764457641,1764457645,540,51608,,
0x7c43a17eb568641ab8392a3c9830447f4cbac9967007b97d2f2cb574d977cfa4,1764457641,1764457645,540,51608,,
0x22cd0fd356fc00a8c77a3b02f2491d94ef8152c11518d500ddcede33f5b9836a,1764457641,1764457645,540,51608,,
0x46230ec0dbab500fcb15c66291d5695b69da2982af6164d7cac94e55f7295818,1764457641,1764457645,540,51608,,
0xde3b4e862f6fb611b0fbeaa7dbad4f882734899b18c5280f637c960d63a39898,1764457641,1764457645,540,51608,,
0xe12de16751d1e2e76bf994dee823fdc1ce9f09fe53f67d33afadf235dcf53682,1764457641,1764457645,540,51608,,
0x5c03c4bc35365e2580aca13adb39fd6e1d0a4c3ff6dac026c05c68040040d316,1764457642,1764457645,540,51608,,
0x698e2b29cbd3abb873112304e41188c1de3daccea721138d2d08b8409a224bb3,1764457643,1764457647,541,51608,,
0x37a363acfd2c8b3925017b90b735e784834f8f49caf83cf050ed075ddd9de573,1764457643,1764457647,541,51608,,
0x2069cb4ae442ec613015564bda8b4311da7a820c2e7e4d61e8cd7787a73e1fd0,1764457643,1764457647,541,51608,,
0x772afbc307fe582803252b1b1c0fe7c7875a1f45410ac197a8d41f51372af26e,1764457643,1764457647,541,51608,,
0xee39fb0c3f9286f399775dd320f537ef40992bb6f444507b6674909c1dbd4af8,1764457643,1764457647,541,51608,,
0x5aa234e8533bccfc7c444b3020791eb854ca9fb390c3719329ed7dcf662747d3,1764457643,1764457647,541,51608,,
0x7c23489705c730782748495b9b8866972bee3008bda39ac5b3a004f178693921,1764457643,1764457647,541,51608,,
0x06c5837cd1484e3a1f0389f4734f217492721ebd393bb93ed48905a138a5e613,1764457643,1764457647,541,51608,,
0x49f76a3f94620b5b4b579b806743f5dfcabe7d65db53d02135083ab681683bdf,1764457643,1764457647,541,51608,,
0xaf1e4cd7e4e9d5fa416da94a33716468ae3970742b1fb1a6dfd95a0ea2c03956,1764457644,1764457647,541,51608,,
0x52550cc1f035469af838038d98dc3a9c87691b083243bfc91e94b1393f5fd4d4,1764457645,1764457649,542,51608,,
0xe559f41ab9d85f401a6702a9d9e6ea01198ec1ec5f3e5b37b991626bef907c3e,1764457645,1764457649,542,51608,,
0x15a030a68f83d0ea1879f6d0748b75324055f5f48ff496fcc8cb66273874d0f8,1764457645,1764457649,542,51596,,
0x7311e6f048518c5e6746fd94aed24e70c3dd577918537589474ced414f035174,1764457645,1764457649,542,51608,,
0xd31b3d69896116182f28fa669cc41cc047b22ee4ce7dfbe6167c9b718aef7c18,1764457645,1764457649,542,51608,,
0x48b879cbbe15350702ff85aec4f7451546af7f87adf88c3f73a35f1b5a03fc2a,1764457645,1764457649,542,51608,,
0x3199d89c9dc640d9011bb25969a6f7040df4f1e2d4ce455c58af443c108094aa,1764457645,1764457649,542,51608,,
0x217bfdd3b1795a3eb58c6975d451c3b6da65bee4e2072d7cece6f0cd27a71c36,1764457645,1764457649,542,51608,,
0x607566cf283a6d5c874c8ae873a5c309d08b88a8c1290aeba68a41a12ce0e044,1764457645,1764457649,542,51608,,
0x6d1d932cb74926cb14106a3f310169db832471afc848addce5b2aad26619e157,1764457646,1764457649,542,51608,,
0x08b74093df22597644b8ce335201f33918561ffe333626108d9b67326624c60e,1764457647,1764457651,543,51608,,
0xfc9526e5bed730c6edcf7eb9e026c96e58c97f7a5945f1e33ca1c11a86f5b457,1764457647,1764457651,543,51608,,
0x5ccbd19fcb3ab39daccd5db305a6587f48f1acd2be2492c000ad27497415047d,1764457647,1764457651,543,51608,,
0x8e48e30f68399f8b656a22823e8a91577cf46e7f1857c5a4d7e916b1739d54f7,1764457647,1764457651,543,51608,,
0x89f958725cb8cdba745d628e75538d8d71817b8e0f6a0216a13d849ba88694f8,1764457647,1764457651,543,51608,,
0x3d5c4fdff2024b61268d4fa9e3142b1998f195cbacb344b263f89f1d25ed38df,1764457647,1764457651,543,51608,,
0x11fd91ee995195dd411930d04a8b797e7a9e1732d3beb2d440b785bb5ee31e0e,1764457647,1764457651,543,51608,,
0xad21444d6a4a3dfe5cbd4cd929d167ce54e6c15009a0bb1ef1aec1ad14b89e52,1764457647,1764457651,543,51608,,
0xe1593513bb9ed6a85d5245e8c8a0a83126c70579e13585e9f40a7cc0628f42c9,1764457647,1764457651,543,51608,,
0xf0bcb55cf9aef64ce72b5d10cd703b9263f0774c9e416d45a82dcdd127bd7b46,1764457648,1764457651,543,51608,,
0x209afd804d1e2e4415991c051e3cb12165f5a30acc9e1c90701d1e38a5f668b1,1764457649,1764457653,544,51584,,
0xc6e92f5c2b5a37374cf527f5c9a3af49d946985817df68df2fadec5044d27e1b,1764457649,1764457653,544,51608,,
0x3aaeb0bc0815819d9ed0690b7512d5fd4b7b3109feaffc4a9e1a2d625a42c7fd,1764457649,1764457653,544,51608,,
0x55049d9365f24e0f63eeb453cbf1e32ea093e8e9c36a8be3702d5401276df744,1764457649,1764457653,544,51608,,
0x72200cae363f036bb94b8c08857397c68ec0fd53bfa9fa86871797aa9787bb3a,1764457649,1764457653,544,51608,,
0xed629f76ae3b8743cd9090fe64cf390da0ee20b067ec69be089ed129ec66696a,1764457649,1764457653,544,51608,,
0xf160d7ffc6530d36bed7ecc82fd963034e4718d26460e10f5a9d316092becc95,1764457649,1764457653,544,51608,,
0x9689407638be21bae50beec72d18f68d80e6f3bee125c7ccfbc19d9c02099c2a,1764457649,1764457653,544,51608,,
0x5a33da5b41c00343fab7f2ee91e38c494ca1a1b0e952fef358ae9f8211a9b7a9,1764457649,1764457653,544,51608,,
0x0c3bc26250978773f5b113d09acbbc66e205ae07b9ec5864f9ff434b7b2acc04,1764457650,1764457653,544,51608,,
0x6855e013a2a261b239ab200f8cf141ac2b8ed3044e99f52abfe17f3d1e7933f5,1764457651,1764457655,545,51608,,
0x9b8e3d616b7db71959672b5887bc0c42eb9bdf52af92db38b523fe4e4e6db624,1764457651,1764457655,545,51608,,
0x90fb67bf29adb965796cb7d160d5322e3f087703a6ae8a891daab663ca85ae63,1764457651,1764457655,545,51608,,
0xef1babb6429b30cf019ea67e7ed963a9e9c80475ca0c00e300fb8fef33484642,1764457651,1764457655,545,51596,,
0x8a9252bb94a0c848903450ec4e022347300e06a971caca8e41d4293e86980e55,1764457651,1764457655,545,51608,,
0x5a0fdb983f4e25ecac39a61b6cb6cf4ac0ec89d2daf92724fb1698fa5fdd949e,1764457651,1764457655,545,51596,,
0x8456fc2dd3e9c3f2af8878348b06a6168c15f6b159b73a88b776a0ee9f57d912,1764457651,1764457655,545,51608,,
0x1247029040ba5a6a200a6174d42a2592466c945071fc9006dd665f71b509824a,1764457651,1764457655,545,51608,,
0x952e7e1281493e35c53a3cb741ffce8e24d57befaf45a6097ee54b5c60f931b0,1764457651,1764457655,545,51608,,
0x444e2e671bc4243e281bb20b6f440ccc41261720593e8a7cc3feb764b770d757,1764457653,1764457655,545,51608,,
0x9d9b3693e032c7fe41345709559768f09528958c6fbde954747e7b3b8ec8c294,1764457653,1764457657,546,51608,,
0x9f12a935e6b603216f5108ad592f0765fa67d3eb9484e2a2d378bba651dd64cc,1764457653,1764457657,546,51608,,
0x385a0c0c3194c6ae8bfb806c5a70d2ee585ba3e0889e03e393ec16206e1b030c,1764457653,1764457657,546,51608,,
0x60b2028046fad427af8e993c614d674c11b3e89fb289ea4f267e9b8641083aeb,1764457653,1764457657,546,51608,,
0x46c01333c788887bfb0fc4926b08fc1d4518bfb0eadf539e5188adcbedf37ea7,1764457653,1764457657,546,51608,,
0x7b489b4808cc903dcb37fb7537ab94cbfc4077f4b5811223021830398796e389,1764457653,1764457657,546,51608,,
0xc17ef0dda1625360e47da5238581cb6eba74fed4d656f0e0b129164caa0b24af,1764457653,1764457657,546,51608,,
0x70eee393004b6fa4343c357716b645de7f44a3f304ad651b12b6305fb14cc2b5,1764457653,1764457657,546,51608,,
0x268becf7dbb98c124874fdd59c06a609ddad5aec0d89812e7040027b9792bd8c,1764457653,1764457657,546,51608,,
0xf0cd9a7e14d0d861a8a4a11898e78b4ec822a6f05207f2f4288c8953c2ab0467,1764457655,1764457659,547,51608,,
0xa97dbdb1666f782f7b184cd39dcc4ee0c45b3becf7d82a97c914951066d5b743,1764457655,1764457659,547,51608,,
0xe894d919724af15cfe0dc1fe9ee2b3de241b9f212a04639f2f32ea84603164f6,1764457655,1764457659,547,51608,,
0x8e0ae25cda96e6d380369662a4233eb902e711a9b10f3ff38bef5fc1fb17c636,1764457655,1764457659,547,51608,,
0x6443334e326672a652d2b3c9d9a93d912478c90e7d72dae9534db1b05e9953de,1764457655,1764457659,547,51608,,
0x747e4672f3b28ae87821dcca34f631cb908a36866dad50dde5327b3116d6c382,1764457655,1764457659,547,51608,,
0xcdc877fc72f626f4f7134856bf1c666e4ce45344f38a7705fff57cdfa565ab63,1764457655,1764457659,547,51608,,
0x15361183cf0dfd9cb6c3f19a7b053c8e05e4e8ebd591476eb416088f638c7448,1764457655,1764457659,547,51608,,
0xe72dfa0dd58140facd67008e74f27ddd0d7f28adbe01b5bd03caec305fe3366d,1764457655,1764457659,547,51608,,
0x3a7d99b1873116f8ce71bc76a5236186b335a78b366b0a640702c6db5ddc3807,1764457655,1764457659,547,51608,,
0xf5b4517220e7ca34ed2ce1be63723c662c5f8142d6d722fc7fa0296ee0c97047,1764457657,1764457661,548,51608,,
0x19d2df9b37b5806fbf76560195ca8e2fe4634e875196453e407549dc1b7239d8,1764457657,1764457661,548,51608,,
0x0d9895a3e7d4adf6b0a22b389021a521527ee8f65715b2dcc7a4201ed769f23f,1764457657,1764457661,548,51608,,
0xc96c531dcecc97ce33be1a8241d1f5eb746f7c6fb3bdf1d1485ca9339515bff1,1764457657,1764457661,548,51608,,
0x68963392d34de122939d712404cea0ddfb635e74602b667f3b24429d27f10a3a,1764457657,1764457661,548,51608,,
0x2fa62ef3683e871b3c3acf378d7663de47663e142632c96e9fcc8f25f0406855,1764457657,1764457661,548,51608,,
0x21072cf99a6d6af51d858875a18899718bec6464e3c8cf66de7ce2cae8471692,1764457657,1764457661,548,51608,,
0x98d7569fb99285ceba25d15d97c3726e05fd83899e5c7f08486826fd928f58e1,1764457657,1764457661,548,51608,,
0x7912042964446ccba269db24cca1689faf637d43c71ac6f99a157298780714ca,1764457657,1764457661,548,51608,,
0x2bf7df1e416ab152a29ce177974634d38c675e27925cc144189eb871a9513f1b,1764457657,1764457661,548,51608,,
0x4150707cff0b99b64890b5cf5bf62d3964f752b2beff4ddb3e59aafbf8f2dd4f,1764457659,1764457663,549,51596,,
0xf05df2eff6c1e6692d54dec00b8cc787972eee89843fa6d5b8902d12de2e7d40,1764457659,1764457663,549,51608,,
0x4474a27e525302a12c6a5ec51ce60566203d68f2883824ed4ea9ca41e2f6540d,1764457659,1764457663,549,51608,,
0x0a075b19255489423fbd1ee2f1ba2c101083ea4152f9faa5719cf11741e52022,1764457659,1764457663,549,51608,,
0xfebdcddd3e38a53d8f7a414bf7db27e4d6260866b17ce8f087b9cb192b0e959b,1764457659,1764457663,549,51608,,
0x70b07f7b66dee7490524727de0d8e06538b3a1cb015087ba7fdc8235d0f13aed,1764457659,1764457663,549,51608,,
0x1870029f16b6fdb0714cdb2f0c92b12caf2ea6c746a1bef190de1ba39bebcc99,1764457659,1764457663,549,51608,,
0x3a66afe755a53acd7a79be85c0152006907c9623546f3c65f39befc5ebcd76e6,1764457659,1764457663,549,51608,,
0x6ea6141a18ac13411392b5ba729b7cfa8bceea28caa8bb434d231dfd83c9eeb9,1764457659,1764457663,549,51608,,
0x0284ae85e7aebb86a07b6f7be5520f3709f20290b3eec3dd4d2723aea508e678,1764457659,1764457663,549,51608,,
0x7e5f1b27b5f95dbf92f1cd4ab2142a654431771840dbacbe923ffe2acbd5796e,1764457661,1764457665,550,51608,,
0x49f8421376cc7a83737309e6023ba8860e5d84c9ed0a0e3e7e383a6e438302be,1764457661,1764457665,550,51608,,
0xc5298ff5857d65ae82cff0dc216806bc972c300a090f26006e265ab7df90c432,1764457661,1764457665,550,51608,,
0xe4ca185645bcfd8dd194761c9581ac1eb35002087ce80ec1c581406972638e44,1764457661,1764457665,550,51608,,
0x9fb00ac0abbc336328770692c1160137a4e3468a25e6136a1c23dddf0619cc65,1764457661,1764457665,550,51608,,
0x973f7a4b8c4df7cc00129d08c9a9d3a4710adb3d5ea5f251d5cd3512a0752cbb,1764457661,1764457665,550,51608,,
0xca9efd709dbe6a732a8c0e17bcc5f74aded053cc48c7672e17d6e0fcac6039d5,1764457661,1764457665,550,51596,,
0x111528f4f33044e3e7ee30dd657fadb40108332329ef09f6f0559f1a03ac88a7,1764457661,1764457665,550,51608,,
0x78e1d9e6537f21ea4518516a51a3b2dbee9247e7e4a3127fdccfabc211e50d9f,1764457661,1764457665,550,51608,,
0x4599fa5eebaf20f8a298ec7c1bed52789550e81e3d72c26af216dd9725d30564,1764457661,1764457665,550,51608,,
0xeffc21fa2f1992225f3a914715de5c78cc87448ebf87d0b13bc5accf4647653e,1764457663,1764457667,551,51608,,
0x250501a85c1a023e4c0123e26095673289d037ac1f3f406924c1f66990ec1e15,1764457663,1764457667,551,51608,,
0xcb44c4fd8426615e14846f0a97f4dde150a62dc2a87f1c678286cacf463b829e,1764457663,1764457667,551,51608,,
0x2fd9a003a5ea5cdfb5c328be92d5c41894e93ace05ca1aaa815e4e489b95f646,1764457663,1764457667,551,51608,,
0xd7b0dd48915de103c5430412c6cd0420d70e4d62b3cd7afc6f019cb908cc3647,1764457663,1764457667,551,51608,,
0x4894e7cd875fcbb82eb72af1c69c66e8806a67b7cbe2b12cdfe7a315845a7242,1764457663,1764457667,551,51608,,
0xaafe4502fcbfaa0ba9fa28e11c369f4f4e1b157c16330960bcd7b8ebe370f0df,1764457663,1764457667,551,51608,,
0xca4f56a6d31bd7a957815e9108e05c029093349b09b8c07f7b218c78feffed10,1764457663,1764457667,551,51608,,
0xef37537bc9f514d2393c0777547d6a8b1524f146c480b078c0e3f991403a21ee,1764457663,1764457667,551,51596,,
0x3d4747e9958c64472755a708d12c5706a7de5933f64a8588b41619809fe662a8,1764457663,1764457667,551,51608,,
0x419304b559ac321ffc541f6a2dbd768bc8b49cd7c79d6a86136c088cf6f08c8b,1764457665,1764457669,552,51608,,
0x4c3f5da87794e65eb3ddc008626f5112a84b4b9b95aaeb93ac741d019159a6fb,1764457665,1764457669,552,51608,,
0xc40c614052653719dc91754e903fe1ffc0a905c0fb2e87b3a55a1423ae4e592e,1764457665,1764457669,552,51608,,
0x0e0c65d6fc964d2938e732fa2c529ad22207d0c07f3e68d6c7c811e671b7cd01,1764457665,1764457669,552,51608,,
0x43f38384b3f5726c51315a105c0779b49e97b11e7b88ae607c05d1306e843705,1764457665,1764457669,552,51608,,
0x64b2cfe2108182b30506dd96891efc5f727979974ccfebffad3654437c9d0edc,1764457665,1764457669,552,51608,,
0xafa7703b16b9cd4b7bf6a2f7cc3c6847cbf8ea6a68b0a9fbb95508f958bd5281,1764457665,1764457669,552,51608,,
0x18c1cebb40846c2d21482f54b3bfe761afdd43cc954cdc634da8d93f9ef43386,1764457665,1764457669,552,51608,,
0x943215db0a03223b70e92c3132b4b902cc69ca013f7038f5465024ab9e3689a2,1764457665,1764457669,552,51608,,
0x74126753141e4c0cd8bf15322ad823e6078d39fe5b84aad39f863d7ab0593678,1764457665,1764457669,552,51608,,
0xab7ace85e752dc8535dd18f81ec9545298dea8410e1d22b6d3b0331ce7067908,1764457667,1764457671,553,51608,,
0xc7044b982f355eddd3e161884cb5075ceaf0ea0a60989c7f7eb13430260cfa5c,1764457667,1764457671,553,51608,,
0x4e6ba6be9b5d09c497f16cc1db72ca1fb6bc85c07cfccccafcd37b4cd3b65457,1764457667,1764457671,553,51608,,
0x4308d78cba9f73bcbe60fde91cefae77873c38b41f7f40af2b866ef36c26db74,1764457667,1764457671,553,51608,,
0x3e79854330db7794ed4fb57dd5e4dc9d7cb5116f880cb7f8660455c604414c93,1764457667,1764457671,553,51608,,
0xfda56bcbffc72b5e77a20368ebca2ff80b1cfe272c07a29361f75a73132b1045,1764457667,1764457671,553,51608,,
0x0a46466dd8b4a54d57f4f5dc285d9e3310d1b4d96819c4fa06f4fa42fec810b4,1764457667,1764457671,553,51608,,
0x5e31d36dfb1bf63950aa705489a88b2e8dab0627a41955c667be7be195918bd6,1764457667,1764457671,553,51608,,
0x28ecc28096bf9a029356dd2b566960e0490041aab4bade88e2254be35f519cb9,1764457667,1764457671,553,51608,,
0xf71a5e2d6d13d6285fdcc7186f514b3b8de5b8e45d5e76b393361b836830f179,1764457667,1764457671,553,51608,,
0x05393b5d33dfa4a09c42b83c00c9f8f7789103dd59085e30680540a0d2460357,1764457669,1764457673,554,51608,,
0x0967504ad1c0d2a31504dd091fc753a3ec1521dba3289abb8811a660679b8570,1764457669,1764457673,554,51608,,
0x71aaff7df357b2fd29be3e680de09981c2f0a51c067177eb4fae1b4ddc155b1d,1764457669,1764457673,554,51608,,
0xf727acc1577299cce688443b8a15f7bf310bb507c654a3450fe2777d19f57966,1764457669,1764457673,554,51608,,
0xa2b08806c9229e0247d5a2c74b083c47637f37768a7869eb1bc1d658c1b2f056,1764457669,1764457673,554,51608,,
0xb0e92a8cc3bc43d6973d600d59aee8b501efdee330a021907fa9d9fe69187763,1764457669,1764457673,554,51608,,
0x603fcac9c2bd0d45527f607517307cff754883bdc570d65147a0a460e7950496,1764457669,1764457673,554,51608,,
0x83bada1a6666bd27d3591ce640d8debf954a78956531123c609c9b9f5f2a4cf4,1764457669,1764457673,554,51608,,
0x78f32a0e2de15e32b162c0bc5d253d8191c01f26ef3ba3e1a2fd0fa34f663329,1764457669,1764457673,554,51608,,
0x5f57e4e440d8b61f55792eeb8af9c1742b9969d960ddf24bf118c1334ebc323e,1764457669,1764457673,554,51608,,
0xed6b70c4754cc0ce83af6bcf79100a2248f309d60dd825f44998be7159a9c9d8,1764457671,1764457675,555,51608,,
0xe54209bb0732b7247a7d732fb0d29ed81e6fa1c03d77bd527268e03c3c4e710b,1764457671,1764457675,555,51608,,
0x43b11bc7d32d893d81e8c13e2301eecbe8568e7f29a7cca2191652adec42568f,1764457671,1764457675,555,51608,,
0x7b1d932236dd9d234f0994b25d8b0fb3c17e9fd4175cb54ad36df738e945a7ce,1764457671,1764457675,555,51608,,
0x03444d9c34c94916c1cb002624b12c23bba5d9cac5f96573e68fe72c77572ae9,1764457671,1764457675,555,51608,,
0x1662812d558c49bb1054892818481aaee223387dec68047e3fc6e18ab7a1c79b,1764457671,1764457675,555,51608,,
0x904c6dc80e7fc121af7f10a5a1ca3dd94800605cb6ae6fbf69e7acd99854a2b3,1764457671,1764457675,555,51608,,
0x43b18c64e7e7b7ce1f653752d5e06fc093e6fe71416f844608bb6fbd473e5bc9,1764457671,1764457675,555,51608,,
0xb646c864a415d5e4a0697e1810f00f5ef96b055f267206274a54a97bfd7ec5af,1764457671,1764457675,555,51608,,
0x061b281e262436bde2f75060237bed6b67c74c4512eaa1de29258c2950e11039,1764457671,1764457675,555,51608,,
