tx_hash,start_time,end_time,block_number,gas_used,kind,error
0x861131351c8831487f3adfcd4813061a75b7dbfc44dfe77350ef593412f0cb28,1764459575,1764459579,1507,34496,,
0x61910d4853f68eedc30e59134ee5db0a0da0cc4ed019f4dee313f2f994364220,1764459575,1764459579,1507,34508,,
0xa34cc2861accb64c5f4bbe4f619e2545d85ccf1ac16348d8c4a95463d9d88e44,1764459575,1764459579,1507,34508,,
0xdeb5152edf26d572a590e230501cd2f22920d8a02a31ee0f8a28799410bbb477,1764459575,1764459579,1507,34508,,
0x17b54705cb4faed394b591b08df6f774eee6c4c3ae77b8f638ea0aec8a203533,1764459575,1764459579,1507,34508,,
0x5bb1400ebc6bb1f5adeeede4f23515ea07c6f4744f9432b9ca3cb583ac54189a,1764459575,1764459579,1507,34508,,
0x12993820a7e3d04757bf65512478cd21eda291e590026d184b1e50cda3022786,1764459576,1764459579,1507,34496,,
0xfb1fe9e8925ff77577a6a6bdb59e4eeb43c6c04e491e6d4f8972137647621d0b,1764459576,1764459579,1507,34508,,
0x5fd5310178111a6cbb8b38f8966e078f0ba1330109185e49d7f40dab7a34790f,1764459576,1764459579,1507,34508,,
0xb89850797c108a1e49b78695895b66f3b151c3ce1e97734f83763870f28f4bc8,1764459576,1764459579,1507,34508,,
0x6a4fdda5d5be2f03831aae4d1f443be2a75e524301dfbabedabad107560b0068,1764459576,1764459579,1507,34508,,
0x0f9fbc702711a63f7a559f7ee06a30a65095a3add24bb1b1935e16875cdfc6b1,1764459576,1764459579,1507,34496,,
0x0931fe29def6b7b2cb54823c72dc6b55a55217936ecf07ed7a65347950ce0220,1764459576,1764459579,1507,34508,,
0x37dca38060cfde0b22dddf18561d383f20726fdc4653142e5d88ce164c9b1075,1764459576,1764459579,1507,34508,,
0x3ee76b42b5cf9ef05c191947ba1e3f143ae45ad2d6673950fe6eefda62fc3798,1764459576,1764459579,1507,34508,,
0x0766d4015201610f3915d2386c0fffa2157291f86e653f6974831896c9404325,1764459576,1764459579,1507,34508,,
0xac8d4e346ae5b6057d4cf92c91ac4c0961d6763627a01412e786fa3fd4ad1aa6,1764459576,1764459579,1507,34508,,
0xe25727ac0c22e2fe6161f719dc40b5a9a5587aa081e6f3b78729ff44a7433fc0,1764459576,1764459579,1507,34508,,
0x12ebcb8f8b6296b14beb6319d2285bae77067889adc0bddf72b57cd3d7d9fd35,1764459576,1764459579,1507,34508,,
0x7dca2a23f2a9dac690a0ad7f6b413afe4e3557bd0a271a7ee1dfcc6e9cf5a5ac,1764459576,1764459579,1507,34508,,
0x53e5f93aa6a578b781ef8cc28707215300215329c1d4510c558d9377b9e25765,1764459576,1764459579,1507,34508,,
0xecfe64f854acac9b1b4e6da381806297e629f05326de47598b9b5c34ac001c8c,1764459576,1764459579,1507,34508,,
0x571baf5597e165603d84bb6c1ac6bb51bbdf30b17bc968e8039180c5376b5301,1764459576,1764459579,1507,34508,,
0xaabf11e24503016a04a2290d3b792f90800881317c63ebb72d4494ece5a58556,1764459576,1764459579,1507,34508,,
0x2c81cfe32be668d4df6f6626e72a9676929d1c8166dc95732bcad975dcae473b,1764459576,1764459579,1507,34508,,
0x161eba674a24b58496d510be534a4be6a0a3aeae94f8382df12827b9bf871980,1764459576,1764459579,1507,34508,,
0xaff2adbfcd2a82edae660ccd7fb4513c458f8e5d5a4304f539ff1f49e0b69814,1764459576,1764459579,1507,34508,,
0xd8700d725b6ffb14355ebac19e87a4e102b5cc2a048407dd26db9366cadab8e0,1764459576,1764459579,1507,34508,,
0x8aeff31fa04f8a52fbf404546bc73c13c94e37cbb7d6537f84a338d9278fd4c3,1764459576,1764459579,1507,34484,,
0xd9cfda3f5cea4f6c924d8f3cc4f6309444fd96ecfad60b11712fcd7df72e2968,1764459576,1764459579,1507,34508,,
0xc403f51374efa13db9ab304fff36e2a11a90bcc7be1da8436685130a86a1bd09,1764459576,1764459579,1507,34508,,
0xa294fab542989e61edfe416293e007fb24f019617445fc57a06e06f4bb99aecf,1764459576,1764459579,1507,34508,,
0x49f03590447cada48d58316cce716f30fb8bc9930e3fdc5ca216786521d0b9f6,1764459576,1764459579,1507,34508,,
0x16174d26b841920f38d8c74a3130641a66d99342a2bc15bf732c50ec47f1867d,1764459576,1764459579,1507,34508,,
0x2fb0b2abc242542ab6e688e486a92be8720b2b749973f7a1ea560dcf5d480725,1764459576,1764459579,1507,34508,,
0x8584f3dcd0d7e44f02f184cd4adc8f9866f0e21da38d689a4bf02fc90c203d46,1764459576,1764459579,1507,34508,,
0xad3380fe97ccd77e9a6d0bf4400c8fcba1da0aaf4f1a7b27139d30dc0f7bb57b,1764459576,1764459579,1507,34508,,
0x5fa91692bdb37c68e5c35169374d1914b03fee8c677e4f232946cd18d4e48330,1764459576,1764459579,1507,34508,,
0x2d6352667840b96a2d00744882f9fa30424a5f293b0b83c6ec0b13eb5227469e,1764459576,1764459579,1507,34508,,
0xecf0726dcef18bc41830a05a22fee93410cd2b42b8e8b93a97f5d8b659135130,1764459576,1764459579,1507,34508,,
0xfb9093f0a6b637016f2b944fa946eee5b6ceceb4b32a1ab8c8f4bafa47ee2e93,1764459577,1764459581,1508,34508,,
0x766f889b076fe59f15a7492f6b2e67b5b66bc093c36f0c646608ccc1d7fdc405,1764459577,1764459581,1508,34508,,
0xcc2949e19aca608ae077ecf3cd21c49fd68c0c677e8bf038a561036170dfcd32,1764459577,1764459581,1508,34508,,
0xa3f126a98d5778bf25e67723598572d8756aa7532ac29e5ef9818c4c3763899e,1764459577,1764459581,1508,34508,,
0x0d8a0f58366fbaecd9d5359bdc8854b91faeeb103e233a94b7c1a50497ead1d2,1764459577,1764459581,1508,34508,,
0xcf812087da4bba77b02b4c74b4bae7ed51719b8e33d3ff5423d4b85ad817ed30,1764459577,1764459581,1508,34496,,
0x6516a4cb4f37de15e1681b97cb954d70ad60dd1b2012556fa442bfc6cd2754d8,1764459578,1764459581,1508,34508,,
0xf859a069e120c67824b11e30c27b565067903f81d1afe79988d81ad32378374f,1764459578,1764459581,1508,34508,,
0x7ce1eca718e57fb6378b94d4b42ee7f0347da2a9ea656d47da8e20a33e746be0,1764459578,1764459581,1508,34508,,
0xef8c6902dfb4d9b995ad641c19320a1016d5c787ad7c701fa8662f2d499f2e5b,1764459578,1764459581,1508,34508,,
0x2ec9bf1c37b4e9f7261a5e9151e2ed995a6373fa310fe6c875d890f6fb5d68d4,1764459578,1764459581,1508,34508,,
0x2abd2f5ad38065e98fca93f79419ca4550dae32a8c35c926f8fe17b744d80a2c,1764459578,1764459581,1508,34496,,
0xd99b8f7ab2dfeecdd1bfb73d0c60c3f53642d4e71ec64e0b5783619a205de45b,1764459578,1764459581,1508,34508,,
0x9b6b402e0807fe7492bc85fca5060a65f4fa612c263443068f6fd6a722833ec2,1764459578,1764459581,1508,34508,,
0xc400cc2a53daa88ef00b124be1f0f5013bba1826c1a54322879d195923832e81,1764459578,1764459581,1508,34508,,
0xe21501d56ed004a8bfaae32e23cd76051dbb89515020756ce71d6b62dc1435ac,1764459578,1764459581,1508,34508,,
0x9253bdb13543d9d7e069024e5b0caed6b3973bef19ce3b9d402b0d1a4d898817,1764459578,1764459581,1508,34508,,
0x2f9973df081171bdda2be23e2275e99218bf61558a472c641c2f296343ceb47a,1764459578,1764459581,1508,34508,,
0x49a8b4d9c4529be7c83321e115ca9a1fdf46508958fe5c77438f19a5f8aff76b,1764459578,1764459581,1508,34508,,
0xa9b96a8be456caaafbcf819029224c608fbc2dcdfab4aa6814a12bea040eba92,1764459578,1764459581,1508,34508,,
0x2d6519ae945594689eacb9b239f266a5168876aaf0120d2d66e0cc9fbcdeb626,1764459578,1764459581,1508,34508,,
0x1627499df506807e4ce67acbc3c83b114d3966ee40666550fd7ca8da793c7123,1764459578,1764459581,1508,34508,,
0x6b85cda85870ec7f8db1910a3115b2feb872be4fa97e6abf856fbb1e8db815b7,1764459578,1764459581,1508,34508,,
0xeaead9db93dbbe6b83345a3174f12a269a62195c0e582cd1a1f34121b131fa3d,1764459578,1764459581,1508,34508,,
0xe1db26a7a9a18a811bbe08500618e0fce5980b6bcd0d9d57505d3b741e97125b,1764459578,1764459581,1508,34508,,
0xaa58bfb50410ddf8417dd919c3942f137ea49a3a4c7b0d7cde7bc7c4381705e8,1764459578,1764459581,1508,34508,,
0x9ff0b70ac27e67c4cb4f77317293dea106abc57583fcf93affe20bebf5b0cabf,1764459578,1764459581,1508,34508,,
0x21fcd40dc045471b5a3e72fae2eb231bcd3321099a4ca7ee955fa173516e9d73,1764459578,1764459581,1508,34508,,
0x7a746c54d224137bfff17b20559f1bef164ff05691a8c0c8a4d1406e1f061027,1764459578,1764459581,1508,34508,,
0x34b3b3ce8a84c5ac9c47d38b90af15a1f38e05ddfc111fe499536810f15cc38e,1764459578,1764459581,1508,34508,,
0xbcd75ba4a0c4410d608124bc49dfebf3dbcc41dc3ea76a97316b5ec3588089af,1764459578,1764459581,1508,34508,,
0x723ae9a96fc1bd79f837c864c939e8a9fc399f514e89e2cce9b9d4cf11cb45a9,1764459578,1764459581,1508,34508,,
0x1a9df297d0e35784dac30a158897884ba4b95c67599fa00348e044d297b13908,1764459578,1764459581,1508,34508,,
0xa850539a817064b6fad8d6c778406882d115c4af59607d6c23f6e2c810b4a7ec,1764459578,1764459581,1508,34508,,
0xa3e99cd374e0b20f896ee545b12a0e5c4a54c7072567076f537476f2255d8f2c,1764459578,1764459581,1508,34508,,
0x0985839dc08a4f636f53cb204ae6ae341e2ebbb269387fb65ecc18e71ff85cbe,1764459578,1764459581,1508,34508,,
0x31246bc8e84cced48ce1e3373bc75005095ec7f0a90e8b623a477cd7175b2a97,1764459578,1764459581,1508,34496,,
0xed826b441216e14a9c3ecb2450ccb0f87b5b3a974fe551805097b0c6643a4a09,1764459578,1764459581,1508,34508,,
0xa98f5d5e59eaf23c7ce21a7747543d8b01714590f3a66dc65eab144e64fe835f,1764459578,1764459581,1508,34508,,
0x6084adc8d598335891a91e4f1984d9c6bca8b795a21b5938b820391c26db5f50,1764459578,1764459581,1508,34508,,
0xf3fb2c594feda4c726b1f0f60ee5b0d4af1e17ae4ee9bc569a10287cf2446724,1764459579,1764459583,1509,34508,,
0x59761d2ebb6568505e9b91bd1aa784c0fa803bfef472634e14ad3836734297bf,1764459579,1764459583,1509,34508,,
0xbad7ea491fdcfba35990cdc46b63f7093efbdb5f41d9191ee6acdbd62395ce1c,1764459579,1764459583,1509,34508,,
0xb5f1106ebcefd6437bb79743666406000ba89f611522c3d44ea1afce119e60c3,1764459579,1764459583,1509,34508,,
0xa40f4e00ad6e605276adf6402445580c5728ba84235914b7fac5c4b00d32adc3,1764459579,1764459583,1509,34508,,
0x6895967be14b2611f05ecd71bbe374fb59063eb919cf5098836787f862bc555b,1764459580,1764459583,1509,34508,,
0x0af038625750609cad6af6367559fd75ac4a84f28aa3a7c5bb9a447b45a58049,1764459580,1764459583,1509,34496,,
0x060a2e141a5ba35abe0ecb3defc94898ace335a4079039272475bfd220cc7afa,1764459580,1764459583,1509,34508,,
0x1dc73d9b2e63c42093f85fc92146c98de50d859a6e6e09492688aeba18876eac,1764459580,1764459583,1509,34508,,
0x1cb32dddc4ce909b7d21dfbc2b75410e40c6ec223d30414296d3de65f119c496,1764459580,1764459583,1509,34508,,
0x31e7cf8da51c400159fb79828b96e92455581f5d895d4833c680f230db0c5d73,1764459580,1764459583,1509,34508,,
0xafa5a26e9e596aabe94beee297ab5ab7892436c848bcbc6f46ccfde1bc1a97d7,1764459580,1764459583,1509,34508,,
0x0d1765814087960071783cca6fdf128c2c2f58381bd1e0d6cb4f95de86a5c5d3,1764459580,1764459583,1509,34508,,
0xdd89fe8cd6e0e6f1085e0ce66ae5ca0826d16b558017cb74df1b0b8d1dda0fd8,1764459580,1764459583,1509,34508,,
0xa6089c4123c3a7c4b0065c38e244969566eb712c33ab382a49eb7d8760f8698b,1764459580,1764459583,1509,34508,,
0x2055a5de17b352fbb7c9879424bb868701cb8235b304ea5aa9ac120f45d591e7,1764459580,1764459583,1509,34508,,
0x5f1cbd404c6032ff731941548e0d5098b3874d1d2aa30befabfc4c053f8f238d,1764459580,1764459583,1509,34508,,
0x8f681622c4e087b78419f7c1bc4242b939d422a88e5b7d03dcf2f6f1b62a0147,1764459580,1764459583,1509,34508,,
0x48c05a09722a662467c1a5f788deadeaa8b0efbd99304af181a74cf9225f023c,1764459580,1764459583,1509,34508,,
0x2fd8ab5119ca2cab32028dfe84972408e48d7fc868861e465b348d2f8141c924,1764459580,1764459583,1509,34508,,
0x59cc9640743c8b30bce8b7a2cc3e8d3ad762813ed47324f9b44806e4be06941d,1764459580,1764459583,1509,34508,,
0x80a0178e2d8059b48e94a7644027d4f8fbf7f679fe2b60efc2e0827148889725,1764459580,1764459583,1509,34508,,
0xa1135f78086300854fad3e9b9690463a712387e9337f290255be56e91d9a030b,1764459580,1764459583,1509,34508,,
0x7b364bdadc5b5e3b5441851bd7453076d94978f5a49049ca45096a719bef9bd4,1764459580,1764459583,1509,34508,,
0x7b0ba69f7fe06287a8b60f0fca14efbc966d35c20fb6f047c00e11fe32b7347e,1764459580,1764459583,1509,34508,,
0xf130998ed803aabc2f63684cdbd896bd450ad4ee9272597bea12f1870a911d80,1764459580,1764459583,1509,34508,,
0x89945593ae1c2c61619edabc328c7e3b91375d519818086f481213ede6d5168f,1764459580,1764459583,1509,34508,,
0x5061aed3b62fba0f61af4cc5563ee9751499296d88c4381b4f2eb42a135413e6,1764459580,1764459583,1509,34508,,
0x3a21c26aad0f23be5393a96caa2abe7ca825d97bf78681940c8e6ec54227f94b,1764459580,1764459583,1509,34508,,
0xf4ee5b0cb0707faf26cb6a95a303382010eea33d8ac26c9fadbd19f34cde10df,1764459580,1764459583,1509,34508,,
0x926160435c205600d198278ba66808dd3f5712f2938fe21fc112ad5d9426544d,1764459580,1764459583,1509,34508,,
0x42e93cce32bac71e6703f8883581ca8d19e8757dca8ef5742a4c82d1ef70080b,1764459580,1764459583,1509,34496,,
0x86935a9a5307df58c541fe90ae6296b2285a8b3db5788e55e3161d65c418b6e1,1764459580,1764459583,1509,34508,,
0xc25fca0f7ccf4d265e5936bd8b0e4362ce4393530e306f28b8b2d74026fce1bd,1764459580,1764459583,1509,34508,,
0x63c4d5a0e4f09969794b4cdba722d6adf122c309a94bc724e4188214e7a1889b,1764459580,1764459583,1509,34508,,
0x70e2266eb765531c0bfb91d68f3d2c495bc5623f2e166a930bfb2a00e881c388,1764459580,1764459583,1509,34496,,
0xaca4c5929f61892e86f566dd5029e5805bc4af39da79ad277663f6690fe72425,1764459580,1764459583,1509,34508,,
0x3d950f83a2875ec145e5196b9e21aac46f7f366212fa962e60f6cfa06fca706d,1764459580,1764459583,1509,34508,,
0x295ae88bc1098c51132f16df70a901d3ccfa5db4800c0fa42eb933bc7d208b5f,1764459580,1764459583,1509,34508,,
0x4f82df1e4ff6673ffdae622e2500788344d9c0eb1ef3f383ecffd9ebff6a9830,1764459580,1764459583,1509,34508,,
0x9c404013620d96f6311cae742b7d9182fa4db8042fd058a7def770e9bf338e74,1764459581,1764459585,1510,34508,,
0xb2c613070bcf1e4eddf5f12b654696abf679952c37182e4defb608994fb1cc23,1764459581,1764459585,1510,34508,,
0x1a9f19d9d745423978bccbe7b13215a5452a45a4c2defdf85318d3aff693fd47,1764459581,1764459585,1510,34496,,
0x8af05fb51148c49bea7a6a7053b03da4356ab4e1bf67d0dced468198c29fb543,1764459581,1764459585,1510,34484,,
0x031d40c1688653527478ec246d808a0a3c012162672f490bc402f0fda9b6372e,1764459582,1764459585,1510,34508,,
0x91799cb107bc1ee71e88100fc889dba652830d0468b0345ea8191c3d94d7f76d,1764459582,1764459585,1510,34508,,
0xf3ee7b284fdf277ddafa4c08eae8739dc609347ccb34e35d28a35a776ef5d6dd,1764459582,1764459585,1510,34508,,
0xcb4093eefbfbb090474f4aa6cd8a2b2acd68a798a0a61d77348333846e531562,1764459582,1764459585,1510,34508,,
0xb96e34560a0dd881ec0db2e01759a07733dfcd4cd60130f5fd1cd261f6dc0511,1764459582,1764459585,1510,34508,,
0x3158080807f998d7668b2c89937ebfa79477aeb2a0be044b7d44722101d6a8f0,1764459582,1764459585,1510,34508,,
0x30a8daf9c5c3751a6c85753a45017b3718901b7caf632ff0bf492edd14ad5d38,1764459582,1764459585,1510,34508,,
0xe571a16f4b25f92860ee0ab6856d5557ca0b82d883a05e78f7fd586890fbda2f,1764459582,1764459585,1510,34508,,
0x815e00eb874fd42404e7508ec2f782c2533334eced9425dc068f859c1e05dba7,1764459582,1764459585,1510,34508,,
0x1a3bfdf6f322d390e9b380d4b8df177610c197f3218b8a1ab0424ad38bc800b5,1764459582,1764459585,1510,34508,,
0x2fd2d77522c8d819f350a774cd0b4287df66a97b7ff912ebd1811bd69f925f59,1764459582,1764459585,1510,34508,,
0x32fa0ccca9e78d5d47bebab7ca218a76078cf54eea39ff1b040c2c137cb5a3d9,1764459582,1764459585,1510,34508,,
0xccf64b96282d9235aa8ec4b1864d7fff99102f036e3f47c0a6047b32bd72fa8c,1764459582,1764459585,1510,34508,,
0x0b0c95b78076e04a11e5b9c0e51ecbc3b73e5e76f48bc632d15e77bf621d9caf,1764459582,1764459585,1510,34508,,
0x6481428c121064cf961f6e69c2b034db9cf161739720a64a31b0cee94710238f,1764459582,1764459585,1510,34508,,
0x5d8851d1fe14210142c493a4e8345de11920c0010f80947f818a64345cf2f0e5,1764459582,1764459585,1510,34508,,
0x4c68ab18224a39906e372aeb4922463f7b6fc9f9e67c076e03d5880bbab3da6a,1764459582,1764459585,1510,34508,,
0x7a53ef0f427356e7926add77937a568228860adff602dc2a6112920d763f9cb4,1764459582,1764459585,1510,34508,,
0x72b86fb590873aa3e1c00da862d20d0fbbde9221378b832a387b8a2c8ad32535,1764459582,1764459585,1510,34508,,
0xe2ecea0c06fbdb1bc9fbfb7c10324ec8143afe3b51d5f3f12cc2fe1dee1ca483,1764459582,1764459585,1510,34508,,
0xc25a1aa8587a618fe64b7c9d97a6e49b3898903b9cee0a842a0cea30b24f38cc,1764459582,1764459585,1510,34508,,
0x81e516cc2e67b159eca782e3e64e0a9f9e5bf1a31e5bc9f7cfe952f49363a6df,1764459582,1764459585,1510,34508,,
0x0099dcf16e59394c8160b7fd6f1f7596e38c185c39bb6bfe571fdd4e2c321078,1764459582,1764459585,1510,34508,,
0xe1cece004874aa17475f45d0e9691ec8354abf8712a9b6a2b8d947bb5a42fd49,1764459582,1764459585,1510,34508,,
0x8431fdd07828abf188fb5ca92267cf845f9a51bb283187d21bb44b8037cc9a03,1764459582,1764459585,1510,34508,,
0xdea43c9511a1698c48ca2c550380721b26440e419b8760118521c22f769d38b3,1764459582,1764459585,1510,34508,,
0x8b6ebc1f27324edc377eee64ff1856c5c5944451112da3d85ffcbf2d7b09f996,1764459582,1764459585,1510,34508,,
0x334daec2d091f99e5488e2882ff8bcf95ae38f59c8fdc6fc071d08363d830dee,1764459582,1764459585,1510,34508,,
0x1352a09e86153fc657b554bc842950bce6dc288c45df8496615aec5c9fef0733,1764459582,1764459585,1510,34508,,
0x2d9b1a16592da4d2298d6f61b912a42d132d5861427a7221e010d87483f62072,1764459582,1764459585,1510,34508,,
0x27b96f424eba0a463ddee5ecf43b2f1a9f036c9ae0a33d9e2c73e3c089b6cc68,1764459582,1764459585,1510,34508,,
0xf816171a2b81a610504ebc55b1a72f47b1f647f5a7d4d9c500fac8439e445bff,1764459582,1764459585,1510,34508,,
0x09a5b8e8cce7948f3fa4d356c4bebb66c081411b028422b163dd524410f45de5,1764459582,1764459585,1510,34508,,
0x9923b93efac5b66daa0a27667285dbf8bd65b101315312bd5a56f6e1ceb9373b,1764459582,1764459585,1510,34508,,
0x9a130db6748cbc71075e7b34a7f7e8e0fae2233bb7ca362370ca09b0c1893606,1764459582,1764459585,1510,34496,,
0xc5995d873ac9117cb4dc3bf76cf5050c9d5d73dbcde6363da9148a6c59ba1a7f,1764459582,1764459585,1510,34496,,
0xd96a7d849fb4eba150d4582e17d9731b9f919f1659fb4daaf52a67ccfbb4b27d,1764459583,1764459587,1511,34508,,
0x5e4e520af7ece14a88e63457cf0a999c19baf52adcca800e02ef60cdcff068dd,1764459583,1764459587,1511,34508,,
0x0898ff83a9be8f8c52950fb6b0f062d7f689dafdd9e592344edfd4103bca7ff1,1764459583,1764459587,1511,34508,,
0x0eec64bbb227832fa47afa343d9843c57ddce3e32acd7bfbd5b9a9d0fead88a6,1764459583,1764459587,1511,34508,,
0x950e12b055fa758e00de556c1e22f3599e373edace3d35210b39d03f82681df0,1764459584,1764459587,1511,34508,,
0x0d85b9affa9602dbceb9ed66c064e091fa592b83e1a79702a4e3e911df2da83e,1764459584,1764459587,1511,34508,,
0x2307cde1fcfe9deadce2e0dcd34e50c18d71ff7bc222293fb8cb29e68834f063,1764459584,1764459587,1511,34508,,
0xe74e504a80c94b0c6c4c3a92e98f9f1419e669e8bdeb0c23dc9690e43a020e0a,1764459584,1764459587,1511,34508,,
0x60b5c29e43cd08af93b27ac285f0e9c654897cff0825c8358cf1c95c5bf57268,1764459584,1764459587,1511,34508,,
0xe13f8f67b89be94dd1ba1b891a4dba11b785a1c603abecbc08e30027226346db,1764459584,1764459587,1511,34508,,
0xe56371440340d820a0d6806c3290aa0cef1ff47e57c2ebc070645a59192cbc3d,1764459584,1764459587,1511,34508,,
0x4381dbd8b9b28fcf47be517ed36f97f5de58b6c039ceb49eab8105f05e84503f,1764459584,1764459587,1511,34496,,
0x5d66bd4d5a6c925f335d1c94de558b8a6f8652b26f1399e675c22b826e343649,1764459584,1764459587,1511,34508,,
0x20adb93906b0008d0020d1ffd1ae47f265e15438d752481abc01782619d7d8b4,1764459584,1764459587,1511,34508,,
0xd9f009e7684bd2d8485ab11155f68316b24c28a9f83ca1b70975c117db588119,1764459584,1764459587,1511,34508,,
0xd5329ac10f944956bcf6c6c4af4b6d9e8da647803ae09be729fc29a93ddec5cc,1764459584,1764459587,1511,34508,,
0xc3500284fc3b2116cb1c7010b2d7c81546f91883681a37492482887314733065,1764459584,1764459587,1511,34508,,
0x48dcbdf204e11cdbc0eb8a8dcfbda70aa20883f0ccb223bca7568694bb9f41a6,1764459584,1764459587,1511,34508,,
0xa4cb890889a380dc5ecc9b932b1728fc982eeb5bdb3a1b3ff3005a4153506828,1764459584,1764459587,1511,34508,,
0x3a5a1160cd9aaa0a61597cdf4a92066b4949a0e89d47ce0a7f3816b20dea585a,1764459584,1764459587,1511,34508,,
0x8b54dfa2880ccce9598434975002653869ed655a9beebf3545092cce6d74eccf,1764459584,1764459587,1511,34508,,
0xdd92d19c4c7f0339f00bd2b503b603fc94ebcc7fb1d1469f9246141a44d70a6a,1764459584,1764459587,1511,34508,,
0x50f5e499d8c328c2a543174e2a7e23c35808e5e1cd568f0faabd66e5ed8853e4,1764459584,1764459587,1511,34508,,
0xf31d2df70de9b1b63bf7ffe1b6e9a9fe0253472efe0b3e4b843e1e0ed4dfac2d,1764459584,1764459587,1511,34508,,
0xf7dd70f7185b9ea6f8acae93156f42140bc9ff8ab44a14e488e23ce5caaaae17,1764459584,1764459587,1511,34508,,
0x2fa0838c0e2b35c908df69f4a654649079f33e25b5282df05510a7be8612f76c,1764459584,1764459587,1511,34508,,
0x2512ccf86d70edf4772056d5567acea9734ba7f4e966f0752c2fd5eb101fbefa,1764459584,1764459587,1511,34508,,
0xab54694f93ad36580807366fc4681cf772c80799d96b09d548f47493057bedfd,1764459584,1764459587,1511,34508,,
0x0f2b490b028c07fefccf7fba23cd0103bf2cd952afb87456265d54fba5746218,1764459584,1764459587,1511,34508,,
0x23d974700dcb2d51c6b8db1a927278ac08f54fdccf753f3d56ce619dff725a8e,1764459584,1764459587,1511,34508,,
0x235a9cdf01b744801dcb58c0122443d9e460d0c28dd0a5df964d1815fb2bc15c,1764459584,1764459587,1511,34508,,
0x120d541e6738da87eb5867ea0580428acaa1f0ddd45a2383a6300448ba111738,1764459584,1764459587,1511,34508,,
0xd9a0acf74488990f16cb76878c0605ec273b3ff4480ff479a74779d94976ff37,1764459584,1764459587,1511,34508,,
0x041a13f96eb19b515441285b5bd4bdd7433694f1488a9d9e6326b08d282ee35c,1764459584,1764459587,1511,34508,,
0x336c153897f340b6916a053316fa7686d98537061708f4729e4153e2e28f6b48,1764459584,1764459587,1511,34508,,
0x9fcc113f431d66e47bc144ea258a7b2b8d3a502f7419babb3c223f4f9e1099fc,1764459584,1764459587,1511,34508,,
0x7731f8e9df6983bb4b7931241162d4fe8311ed98ac048a8d5e986d0794c24f1f,1764459584,1764459587,1511,34508,,
0x70c0040361fa971f47266650ebe62af16bfc24589bb985ae1320ac5b0316efc3,1764459584,1764459587,1511,34508,,
0xf87f4555c60cb378df6ae0e87e8bb959141331b568b56bf1767ab5d7bb55cf35,1764459584,1764459587,1511,34508,,
0xd1a0ec93c24dfc2cc5fd24fb99f9f5eab3718188f993688080be6616a4f7f05d,1764459584,1764459587,1511,34508,,
0xf09ddb1f6ed973eeb396006c4ae28cb7b1f4e01d7b01afc3d1bc0be26688ad4d,1764459585,1764459589,1512,34508,,
0xb1256e4a15572146e85eb270d23842276eec2caadb878ed6d641fc6d27a7a5f7,1764459585,1764459589,1512,34508,,
0x848f2f168559f366cb6af70dfaa10f12c301c8dcaa74cc7062c9b0d41f70d04f,1764459585,1764459589,1512,34508,,
0x26c700dce70f10756134da1b227a8bb1c14656689c254d90fef27ccb1839d716,1764459586,1764459589,1512,34508,,
0x4ff033caca13c94ba79632aa9fe3051eed469ac89a436b0bd0e742ff72ba0f62,1764459586,1764459589,1512,34484,,
0xee0f7aceafff0a3159b9b70daf1e41b1f6402c80914054888e9141d573d7dcaf,1764459586,1764459589,1512,34508,,
0x93d5028957ec884a3975b10c0080329f274a1799bf0a1ddf431974ffd815ae9f,1764459586,1764459589,1512,34508,,
0x4c20d97f2c73d79140f40b9415ba3d430034d1279965bb8d3ab7663ce37d2fda,1764459586,1764459589,1512,34508,,
0xfc8df841d52da305940b4c00f17a425520f5cfc7339eadd0b645547256f398c3,1764459586,1764459589,1512,34508,,
0x6447b319ee940d38270382a434fb4902bd2ae65873ea33cf3863c5d99605d8eb,1764459586,1764459589,1512,34508,,
0x92eba3d7f6104cf94c29cdb8c0ccbc06aa5a680727b4e4d0529b2dd4ced5a465,1764459586,1764459589,1512,34508,,
0x9434f177e6af9582419ce585a55e62b54d908c717b6b2e42ee656a42ed12afa0,1764459586,1764459589,1512,34508,,
0xca89099522073489e62be952b5d9c55244a7524d42ba599a348542e24d5530ce,1764459586,1764459589,1512,34496,,
0xbba0a3494f974e57f8f92a5608b7b1e990b8c1a862d235e662c633a5d8c347f5,1764459586,1764459589,1512,34496,,
0x3d76186a3b2575492d2abadf7277f2a33f836d429dc76b736b19885cae7d0fd4,1764459586,1764459589,1512,34508,,
0x51730c729d43198ac2d9be9aae02ec5a38840c91ae313df99b2ee9e67a201f71,1764459586,1764459589,1512,34508,,
0x5b63d6dd98b0f881f1c38a316f79d724f72c016aed650bf54926da6f2c908b7d,1764459586,1764459589,1512,34508,,
0x5a225fa5174d86124b63322ff8a8e886f5a29d6fd7d7e4a634807d55cae4346f,1764459586,1764459589,1512,34508,,
0xa052213d8934f636256eb4aaf08d4404f789f3f818b8acab6d4fddb8ff14a0cc,1764459586,1764459589,1512,34508,,
0x0032d5b056a2e1463ebbcc79f3201db5efc81a02c75098f47415434ddedd8c01,1764459586,1764459589,1512,34508,,
0x0abad7ba578e170270c51f7a9829802c0468e93bc874182778255b97ab31412b,1764459586,1764459589,1512,34508,,
0x96be1335ae506918c6d65e3b1d50b7b73326e9221da71a4fb4eea771aaa89d38,1764459586,1764459589,1512,34508,,
0xb25b91f99f42dd757c77cfcfcfbaece747656a7a69056f61a9db6e53e380df53,1764459586,1764459589,1512,34508,,
0x21ece869942e23ed9de9444d6c8d73147bb172ea021b342368071959990baf4b,1764459586,1764459589,1512,34508,,
0x36b5798137aefc7c5489c4e216181f947c4341732ea8668b314d1dbe15b10a7f,1764459586,1764459589,1512,34508,,
0xf7b6199167965293d9c3232ff4b986640bea3b36e2a15dcbcfa82e5b1a432daa,1764459586,1764459589,1512,34508,,
0x9bb5c75e279f5c4de250874884bfd65a0d01583f7c3554a1cea973a4262d190e,1764459586,1764459589,1512,34508,,
0xf9d20c3b01d85325092a5fcb4cbe578a410a6aaef281ab23ab03a9095b082bb3,1764459586,1764459589,1512,34508,,
0x310553baaec6d35308281b4761cab6dc0d8ff47369a5ee5d2026cffb2de50392,1764459586,1764459589,1512,34508,,
0x02a1ad74a83a0a70cd7e2026be06912a0cf2d2e03e0827227442effe2b730e51,1764459586,1764459589,1512,34508,,
0x25b7ec0f7cbfc61f799449adb1378f5db9b7253ee2279c719aff867445a924a2,1764459586,1764459589,1512,34508,,
0xcaa4f48d44a8176b31047663a4ad23911773976887316ab3e29f47fe9fe8eaa6,1764459586,1764459589,1512,34508,,
0x33dbde793cd563c05d72a27e29fa74e2df6b551d412a75a8026c0ca766371abe,1764459586,1764459589,1512,34508,,
0x38acc0af000b5cc7bffcea65642a0e9bc94ffdfc73a5a9738e8413af7f62b6cd,1764459586,1764459589,1512,34508,,
0x309eb48da52eb0750457ae71757c0c701a78d0acbbe767293ab6378565712b83,1764459586,1764459589,1512,34508,,
0x4d1fb9672fe64be9e597236c3f4413ce4da5c723c13bfe45395faf71302eeaec,1764459586,1764459589,1512,34508,,
0x32297fbec15b9461d7b3726dc6d7300abac50aca5869cdf50836f26ee610939d,1764459586,1764459589,1512,34508,,
0xfc2a4fd4f8456ea44a2b8ea0e3971e16321ff9e787bece6dda7a2340f799008b,1764459586,1764459589,1512,34508,,
0x8fa26845b56c47439c6bf6bd32c267a91ffa2e02a6ca763a7e5d736b4827d59c,1764459586,1764459589,1512,34508,,
0x41a74b0dd2ba96f7fd914976723f90702eea9032d206c1a044dc0ed68e53f409,1764459586,1764459589,1512,34508,,
0x65468466405cb26e5069f224edf476985f2b2ce73fc219ff22b5d3d824e4e2ab,1764459587,1764459591,1513,34508,,
0xab6624b17139dc19146dcba1219b1010ba560b3a0285f723fd6402853bc0ebe6,1764459587,1764459591,1513,34508,,
0xe62043f85d8796101c00cbf958ece6c805fead0f226f22f0dae6224b074708a7,1764459588,1764459591,1513,34508,,
0x536ff94404c8b4338f2f8ea5582c5c7aa6ec39ba1b295bc994a32eb2e4ad49f3,1764459588,1764459591,1513,34508,,
0xdcf8303601a2cc38169df620204afb0c733414ae2c7ff12620b56a77bc195928,1764459588,1764459591,1513,34496,,
0xb7d40e129f6c49b28a6672a3e75e8ee54580e193b37e1e7b287e4a1b8b8102da,1764459588,1764459591,1513,34508,,
0x1c5892cb249668b55b4250c27ba0ac874dba281105743f46d7fc3e3210869a6c,1764459588,1764459591,1513,34508,,
0xe9b708e8b275a05c81d2843ad5e11056a86143f0f19bcde1e6ef08427cb8d767,1764459588,1764459591,1513,34508,,
0x57636e616e612278d7f1cba4438cba12df974be7b929d7339ab30b04a39d3a76,1764459588,1764459591,1513,34508,,
0xb358d189c83a76a9a4d2fafbbe4402485d7c3f45151d48278751d9cf41d1b3d0,1764459588,1764459591,1513,34508,,
0x737dc4e2256d106f789b4e0d34fbdd636921c3c8f1740ce96fa28829355e9c88,1764459588,1764459591,1513,34508,,
0x929723998e8e8685e69428e230f99325ad1ee3d899b99bc945daf373d404dbd0,1764459588,1764459591,1513,34508,,
0xdccb75d29fd75e512400c9af25b948a448b7cf6667c4ddcd9a302a6c29ba49bf,1764459588,1764459591,1513,34508,,
0x986e7620ecefcb6299ea80ffb739a5b15f7b0f023c12afcbcf89d74868c9d5e2,1764459588,1764459591,1513,34508,,
0x4c478017d91924303b39e1c6701d0a2b335ebff95af2791337a82957739f5c0d,1764459588,1764459591,1513,34508,,
0x1df0c4ab419a2364b2890ddeaa81300344a9a2ab6fd7ab8a767825ecc61bf31d,1764459588,1764459591,1513,34508,,
0xc791c968c87d19cd8865656d5bc0f5f998aea545152fc7f590a619dc7b31b169,1764459588,1764459591,1513,34496,,
0xcb4dec3b6f4b9df7b64c7ddaeefd8cb37f295b7ad460db750a80d0fab2ed18ea,1764459588,1764459591,1513,34508,,
0x5b581ef2022f47c6f7bd575b5182325287cc9fa16fe9fa64a8910593251eb47a,1764459588,1764459591,1513,34496,,
0x2c8613091b7a0db3de6138781f1709f5321427c37c06f3d032e224087093493d,1764459588,1764459591,1513,34508,,
0xdb1a2b709b7ccb26a990552d8ead59a420c461bc52cfd500301f9804d230bbd6,1764459588,1764459591,1513,34508,,
0x9020b1840c4ab3825a9c74ffea98052539f5bf468a731391e9057791f7392a9a,1764459588,1764459591,1513,34508,,
0xb1de0dbf5162a62f9ba4768a9bebdd0f4118655bb460a6d21406548373bc409d,1764459588,1764459591,1513,34508,,
0x4e6aa53ab1d5eae07048af9f4dd9f141ca0a89771a2b67c70460bb5858f83c9b,1764459588,1764459591,1513,34508,,
0x64d3585968df9ad7ef4d92479298704c74bdffab34e354b8f077101d269b8af0,1764459588,1764459591,1513,34508,,
0xb2e2ac8b2ae49bcff47ec6838f0100edb9c648b32f93f4165ac2f3f7a3a2b3c7,1764459588,1764459591,1513,34508,,
0x287fd8b05159455115d6943c3124b10e5b316b63cbcfffb89fbd484fe647b123,1764459588,1764459591,1513,34508,,
0xce2d2dc2f0ec1421c85cbdc42cbd6d8a346b54cc8c23231d9aba8e584122805d,1764459588,1764459591,1513,34508,,
0x3ddc8ee21bd587aebf3f1b14477c8a811c382b811be9998e0926f51c1c9e1cb2,1764459588,1764459591,1513,34508,,
0x443349504fa4cf768c219d3211ac209b1e057e4551e10bd4201d8cda0de694db,1764459588,1764459591,1513,34496,,
0x97ef210b25f320a9562da9f2c36c697b1b202925c9f61c22e8bc0d739ffad0cb,1764459588,1764459591,1513,34508,,
0xc344e70677725753db166934ecb8f31d857158c3123c16501cb9768bddee3942,1764459588,1764459591,1513,34508,,
0x5eb4bfd713338ae2213b9946fcfc9b4cebfff5a4d5d3a268297d996ca2aaaa43,1764459588,1764459591,1513,34508,,
0x8b682e34ff3f6a750db5fab31bcc572b7212cb03316061e42f75e9c4ea904c10,1764459588,1764459591,1513,34508,,
0x5331e0d287317699001401c695b9b89ae0d93fdb37848cf1e9836cc6e1b8cbb3,1764459588,1764459591,1513,34496,,
0xc9a0ce9ae6223c231cfdd7bd2a6b9768bb72385d60e64c7b7538f95302f7a622,1764459588,1764459591,1513,34508,,
0xd6a7bca698a06c970f4868a627c2fc372372d11ed7f307828e9452175e449907,1764459588,1764459591,1513,34508,,
0x9a7f2d7daefdaeb614a0ef73a1f11339b15b817da91e565f6a478ec220e78479,1764459588,1764459591,1513,34496,,
0x10ec4f56a7139b21253040df3713888c0f1a8520275cf158e758a3ef2628736b,1764459588,1764459591,1513,34508,,
0x99ed8d45c814b2085574bfe3317530dc0765ff078445311c98a0fd8aaafbc27c,1764459588,1764459591,1513,34508,,
0x02ff604551ef144eebd62628f84a3d06c15e1df2f30d3051aeaf60810300cc1f,1764459589,1764459593,1514,34508,,
0x67615db11e632a1becacd072397bf5dc35f7491fe7e42656b989568a8680172b,1764459589,1764459593,1514,34508,,
0xa96db16d53e261f2de7c8dc115307b8866b9f2f662fdb90185b0b4dbac3fab8f,1764459590,1764459593,1514,34508,,
0x37ded7f7b820e2186497706ce22c5f8eb3aee69a5cdc66e7ee9db69debc2df92,1764459590,1764459593,1514,34508,,
0x8690f1b79696750b6c150918e4fdfd49627b84f5998e30aa577123461bc032c3,1764459590,1764459593,1514,34508,,
0x200a5fe82b95d4158fd71332bea7f96b790f420d4069a6bc2a4c62f26820439f,1764459590,1764459593,1514,34508,,
0x6d83c8037b42a014fd0b39b9cd6498707528db8d72a1317908bd52ebc11a592b,1764459590,1764459593,1514,34508,,
0x6aa1f715141ba32b20de4a61f9512b7adb755eefa0b361e5afb37f4851d10201,1764459590,1764459593,1514,34508,,
0xb6407673f67b67f2caacd925ef02a8303d3a683a757ae625189e519efe83606f,1764459590,1764459593,1514,34508,,
0x324978a344c3b789ca7ef627df37604434250cf0c16e3dd59d804d623613a9a6,1764459590,1764459593,1514,34508,,
0xfa4d5cd403440b39f10c2ba4526692cadb896ce0862e9737e0da7e47c635695e,1764459590,1764459593,1514,34508,,
0xea385a18c02b9f43a24121178bcb60e2685015fab3da075c0c490a3f65466869,1764459590,1764459593,1514,34508,,
0x59279ce77f7e40de00ac048c8246f0e6ce190935947e7c702a861cbcfefd6da8,1764459590,1764459593,1514,34508,,
0x10370b7edddf7fd191a96246a56d9dc8ffc81eb0af4551cd5a3c2b3948ae344a,1764459590,1764459593,1514,34508,,
0xeada4438435a062c6213214a5ae58bcf97abd4ab40d5d0d52c28a089afbdb443,1764459590,1764459593,1514,34508,,
0x40ac1b4d76b3ff47ae970ce7dc83f698a2e3aef87dd47677f151845fdb478048,1764459590,1764459593,1514,34508,,
0xc807735a6a1d3728bbb4f8279aa164055ffde51122c8dcb66053011fedb07fca,1764459590,1764459593,1514,34508,,
0xb0f7c5dbcf8dbb35938368c6f930d2d5f2462bcaad60b88c3fe5ad1ca661844c,1764459590,1764459593,1514,34508,,
0x60c02d1767e682c28ae8f49c58f2ac8a7e2fa22c5ad7e7adbaf93d7546a40aeb,1764459590,1764459593,1514,34508,,
0x2f0f649f9c94e6e108d23a346f39c06de01f47d8b301e113ec84b4e91f708296,1764459590,1764459593,1514,34508,,
0x2184be8aff2b650327be8413f5df63efde97fec83e57bd9a0379999978ea9168,1764459590,1764459593,1514,34508,,
0xcc3b367ae3ac7eaeb91bc64249059985a647cf4b9e71b7e3bb413287fa05193a,1764459590,1764459593,1514,34508,,
0x1b6440bef8eadf0c117ca39555c622321b2c873bbc9447c4310aab95286b3532,1764459590,1764459593,1514,34508,,
0x1239e45167f7cddda0bc4d63fca391a4669df5359f0509d932c6ac1c556d5248,1764459590,1764459593,1514,34508,,
0xf8cee739d9a71d0e6c953e69ba90f4b1b266bba736eb253903607f85ca468be3,1764459590,1764459593,1514,34508,,
0xc523a3b30d6d032cf2b5077662a4f2e562d29489c795f9325e3f3dc27e88852a,1764459590,1764459593,1514,34508,,
0x93a97f253021f55dc8b3cac346c7ef31d5eb3c532f02408c34afcec743977dca,1764459590,1764459593,1514,34508,,
0xddd88d382aedf7d631622751b9833e2ce74084d633fe379287c900d5dd65e91d,1764459590,1764459593,1514,34508,,
0xaa033def2dcb1ba66c3d18554c3b3a7ecbe85fff462fc54fc7885cef8219a33f,1764459590,1764459593,1514,34508,,
0x7a0d92d6ab5560ce8cd2b66cda833823b9f10acae353b0964c654b00e951295d,1764459590,1764459593,1514,34508,,
0x40bd118f7e0fbb3e6f23223d80d8bc1a17344f65973fdca1af435df29b53f365,1764459590,1764459593,1514,34508,,
0x8a52712a1e54338674381e5e7d14b36f98aae1b6c8a20c621da61dbff5cbb5c1,1764459590,1764459593,1514,34508,,
0xd3481d40805b8424e879a4ab09264cb0d30c2a9ba9703f5bb29b11bf32507e62,1764459590,1764459593,1514,34508,,
0xef5aa917be8f307c335916c4285082e5bcf5dff2335466ed49f4b306b4692a92,1764459590,1764459593,1514,34508,,
0xa18faa751d74a17e4a43015dfd18c5e0e33c632c0c57d48712ea7aafbd971269,1764459590,1764459593,1514,34496,,
0x699cbcfdbe85364c3376d7f76a2aa094256a69df431c7bcb7b5919daf354de41,1764459590,1764459593,1514,34508,,
0x3282a2979684489781779ef97353a43e4111ffbe7aa3841d1b433d7c5935d727,1764459590,1764459593,1514,34508,,
0x2329af34934434026d709d233b3d883ec1f3d5487bf4e534d13858c80a16b116,1764459590,1764459593,1514,34484,,
0x43fa09ecfc81e306c6686733226836c61a964e524df1f533fb0c0f076d680ced,1764459590,1764459593,1514,34508,,
0x63cd1bed034e0ee7354e81c12e949bc2c3b394f8a36d18df9b5691015f456b07,1764459590,1764459593,1514,34508,,
0xfe089ac2fc14ba458d808036e34c51eba18eb3450cd1ed0086dc3822a6e69aa9,1764459591,1764459595,1515,34508,,
0x6cc52a464fa813c4ca83ba6d36301fb35412fd5bb5959077f4e78136d15f6297,1764459592,1764459595,1515,34508,,
0x475b09148bb57e4ef2ee0d1f4b7c3ea4e56e3c40d9f2272d5322fb06f7110907,1764459592,1764459595,1515,34508,,
0x934c060f02a7a7f1b1dbbc0fdf7102f54d74d646eb5430e78df355fe7f909bdd,1764459592,1764459595,1515,34508,,
0xa739ec7bd1fa93cf53025305e8d86e6f5b10e74d1afeeb251a87351f64262469,1764459592,1764459595,1515,34508,,
0x7672ae39610ac18a7253325890ed5fd5ec03eeeb1199b64e8d33c07396139ba9,1764459592,1764459595,1515,34508,,
0x1341e03b1788aa010541e508364c97e119e1ca654abb4ffab4bf5949d904daac,1764459592,1764459595,1515,34496,,
0xbc4bde5c17da1726154ee151832703366e29242f7eac62b2466fe6853ac5ed07,1764459592,1764459595,1515,34508,,
0x9f4d6556b9cd7b584e63daf4ca1d8e446dd47fe5d0d17fd57d129cdf74e28272,1764459592,1764459595,1515,34508,,
0xd3aa9ed158c18058f3cd37c8bd429f3f8c2c7811f6dcb8822ac4e85f7ea7df1b,1764459592,1764459595,1515,34508,,
0x49f485f6559c3386ceb918da947f1c0449b9cd5ae3d67db29b582a6dfa507a6d,1764459592,1764459595,1515,34508,,
0x855f0489527417fd501fe4d2eeeced25330b8aa44c1500b31357006d969c4490,1764459592,1764459595,1515,34508,,
0x4c94e037cca679e28a72a446308a3ef31478e2fd91227305a47685f168482e5f,1764459592,1764459595,1515,34508,,
0x1ce9182c01325d1288b2f0d6ba65db7f64e2cb9ba4f122e4a55a28ab88013ec1,1764459592,1764459595,1515,34508,,
0xc8218d388f52fa5d18b483a1d656f6dc767c1176682f9a11e2a5047c65cdd226,1764459592,1764459595,1515,34508,,
0xccd492eaaae347d487f12271b79b8f1e71189221d18f71fd24d62dd641879c98,1764459592,1764459595,1515,34508,,
0x080ae9147df81d63217f11931f6254383ea3d139d3e2482aab883e9ac95cca24,1764459592,1764459595,1515,34508,,
0x0211f507588d1b3fb999d3c78929ea241726d88cd801e5debaf58bb074d9d32a,1764459592,1764459595,1515,34508,,
0x8d1b5be890bfb70670e03b72129192244aa18d4dfa70cac0e329938acf1ef45f,1764459592,1764459595,1515,34508,,
0xa7300030a028e09361c6464755b0fecf6caa2d791879f4d901b4ccd0d303254c,1764459592,1764459595,1515,34508,,
0x6cd772105b094ca39e5124414417dd6d20ef476516cb1892138cc2e468e88269,1764459592,1764459595,1515,34508,,
0xf89310544c0e5aeb599bbb1203ade5deac7caf1a9c11ec72279c081ed58b4f8f,1764459592,1764459595,1515,34508,,
0x8170ff6d4705711d0747a279dcf34e7e9ee1127b203dd493c595b50e6887f6ac,1764459592,1764459595,1515,34508,,
0xddc06497a5b12073b1ea71c80c685631920499aa29467a609cf863964a876ace,1764459592,1764459595,1515,34508,,
0xa124e66022cdd7b78b8a91635343fc241277243579bf1a7ffeb6e4d8e1896fc3,1764459592,1764459595,1515,34508,,
0x49d1a0030cffac97ad30aba20feac720c280db47e70994bf08b8ae07631e2f74,1764459592,1764459595,1515,34508,,
0x58e5885588048a1f517494ca39efba212bf40cce86c1a94e99ba28335b6f053a,1764459592,1764459595,1515,34508,,
0x5b93c9d00df522d992edfb246bf0f96db7e459e25394e804f4c6304fdf3214c7,1764459592,1764459595,1515,34508,,
0x7bcdbc58defc93bd65d85139a96ab9f11db9ad376c3e2475b61b4950f5013346,1764459592,1764459595,1515,34508,,
0xa5ba6e02aa72c75fd3918b7e06ece3c87312f68daf5e0e35f0faec2f22471cef,1764459592,1764459595,1515,34508,,
0x84bd2c5f7cdb723c729923ffe6cf29bf27a4570872830e8af5d69b154fbee4a8,1764459592,1764459595,1515,34496,,
0x9361fd218cdcb158caa369101d06e9a67385404327b25f767e2525dcc1e824c1,1764459592,1764459595,1515,34508,,
0xfb1270542703bc9613c88a030d380a00bef79032a680ee3ec4b1fb8911498dfb,1764459592,1764459595,1515,34508,,
0xfba9daac3c6a48db5c515483cba40b5455093e52bf5516191eeea7db2ea6c672,1764459592,1764459595,1515,34508,,
0xdbe5ddc7a1954d12b20606c6846cf6fef7c1512319dfc8b2fd252ee734c41bfb,1764459592,1764459595,1515,34508,,
0x791235248eefe0394ef5b11495961a3c3ac1ded058800ea54222975bb1977ba1,1764459592,1764459595,1515,34508,,
0x43a9639ba4b60407e0907797069606345e987e827bb88517048feb0b7ab034cd,1764459592,1764459595,1515,34508,,
0x01eedc23c42f3ad1d8b4a6cf7c3713cb8f9739ee47b768fa3965233c6f4007c2,1764459592,1764459595,1515,34508,,
0x2700570782f52251ee1964c173c039468ad484c576cab1c5da447b61f272aa4d,1764459592,1764459595,1515,34508,,
0x4e82ca610ace17712ccb821e852ef0b8013191c849d3a1d61bebedd155f98df4,1764459592,1764459595,1515,34508,,
0x9b5920122405d447d59f599c36f1a3f45303571d5d07e7ae8d86ba2b71cc2b0e,1764459593,1764459597,1516,34508,,
0xd5ef85733249f33e07168b0c2430beca9169f0d2e70c3a62dcd6441177d55031,1764459594,1764459597,1516,34508,,
0xd0535082662c724196e1fd0b7bbaa720ecee8a25c5792df9b8099542661cf82b,1764459594,1764459597,1516,34508,,
0x475efa048703cecb98ec7e69e46d0a83913f5ef203872100d7590791b1ef82d5,1764459594,1764459597,1516,34508,,
0xa97b33fc73c35daa07a85e398d530bdb57810583bef2ded238f1b48433807697,1764459594,1764459597,1516,34508,,
0x13adb1db97653e0f842c651b09bf5849f0c4420291b101683cca1c813ba780da,1764459594,1764459597,1516,34496,,
0xcd50f6ccf462e611e6716d33ba71305bc870f1f76bbe208fe8083d1841c1b9a5,1764459594,1764459597,1516,34508,,
0xd0249bb968719f8567d9d3202e1f40f3e80aaa1e4b9c586e4a348bacae6012c8,1764459594,1764459597,1516,34508,,
0xa3cef36f15c932e19506448d91b326fb4105b14e473a726fcdc6c16d56150514,1764459594,1764459597,1516,34508,,
0x716b76b92bf86ce07e184f840a69afe18d596129b9a650150ae5c1de5ef40fe0,1764459594,1764459597,1516,34508,,
0xdb7551a09531efb3dece3ac72cbdc01092dfe8202c4d26f8878610e286a48a6e,1764459594,1764459597,1516,34508,,
0xa5a7d8689c0fe9a950071f9fa89075eaa7a615ad45d1598d58912d2a6f4e546f,1764459594,1764459597,1516,34496,,
0xb99059a0b56ce455509cf68f2ac2810583e4aaa65ff525361aa0090239596ab5,1764459594,1764459597,1516,34508,,
0x34f7e9fd2eb5c142f5e98fb1c8a376b58f11d17ca2c6988e406c1682ee56da3f,1764459594,1764459597,1516,34508,,
0xee647cd9f3cb12d05bd70cb4471bba4275877104b86a426025c755be6a01af5c,1764459594,1764459597,1516,34508,,
0xeaa00f96b72e33ceff37d913b9668b51ebef68acf5ff0becf6517d9ce01169b5,1764459594,1764459597,1516,34508,,
0xe56ed127bd46a3fb1a0a7782850559b064a63a5605ad960b287128670517c228,1764459594,1764459597,1516,34508,,
0x3ffcab7a5172d9f4562dfa975e60a3a35f7ab8cbfb0195328c50d6a8c860586b,1764459594,1764459597,1516,34508,,
0xff3d53d8f67341bb4ae6dfcb8ec075a7af256450040f97df233f728371e89a36,1764459594,1764459597,1516,34508,,
0x500fe68b247755c01057f747cab98c56a57e227aa72c535d74626c14f1372964,1764459594,1764459597,1516,34508,,
0xe1b471a1d307a03aac08ac5379d24c812ccaf7e6946a4ff38235c31aab5d7339,1764459594,1764459597,1516,34508,,
0x7bd59abebcfce84ef7375af310c51a25b1a736fdd9007eaac18066d0d06f3f23,1764459594,1764459597,1516,34508,,
0xd3e32ffba4961ce7bd1b325a79985c7e04b63e3d5dd13f6915035f1c0f645886,1764459594,1764459597,1516,34508,,
0xad68cdf8e62010e874ec6cc33abc74dc68483fa4605ad3001c946ef04d80d241,1764459594,1764459597,1516,34508,,
0x9fb522c4ac7b12c0df528893db9af184e247d4305849c4ec7243da44e44caac4,1764459594,1764459597,1516,34508,,
0x9be52880515128cf9ba527363bbb5645f665c3cd59cf9e7a2eed82e137371f44,1764459594,1764459597,1516,34496,,
0x4a700a2b66b02521a389d4f51a8eb9a8cc6ff57387d8984566f5499636c3a45f,1764459594,1764459597,1516,34508,,
0x0a7f727be5abd7955dfe27bf13d41ac8519b36bb82fd8b4ef0b63a77fcbe2151,1764459594,1764459597,1516,34508,,
0x3e62d9c03ece4ddd5ab9b05999d43bd90fbe1ac281889bce7159380b3dbb72ae,1764459594,1764459597,1516,34508,,
0x1b5ab94ccf94fc8b9ab1e4f71900295e5559691c043614ff14251495c36e38d3,1764459594,1764459597,1516,34508,,
0x4a6135f3257e80e1c8153d46a80a77b707088a9342f685377347019d5ece3f33,1764459594,1764459597,1516,34508,,
0x39a6f5341dbb4a7ad251f892e24ecae384f20201bd7eda7d2f18c293aded0e86,1764459594,1764459597,1516,34508,,
0xb744e175827ecbf7eec7c319f9ddb03b3507443e2fbd02117646cca9efdb7bed,1764459594,1764459597,1516,34508,,
0x2e01b1d903dcc1dc13aff21849fad97444aac70d7e5f5e3008ce7aa3bc70a633,1764459594,1764459597,1516,34508,,
0xbeeb97c6009d5fbc7678e6896a4261c5f978b1148d4c13928972a3bfa5773e90,1764459594,1764459597,1516,34508,,
0x1eb81283ae9acd5f1734e9a4efe4d37ee945f920948653444af8bfbaca10ba18,1764459594,1764459597,1516,34508,,
0x41a91760856ca2df8da5c6bb33e0a9e4671fdeb978df9cf30fea7444a85f3b9a,1764459594,1764459597,1516,34508,,
0x727c51a81ca495eeeb27bde71c28839ab27b0c058d7e26c6a3207b06e7d778ba,1764459594,1764459597,1516,34508,,
0xd8558ad5d57e6d0ab4d91674e3d993d4ad447b04bd85ed7d406ca6504a855dc0,1764459594,1764459597,1516,34496,,
0xe1bfc94ba3c6fd968e49705347677ce9a90748cbe7853357a71f2da0377ba5de,1764459594,1764459597,1516,34508,,
0x469e6ad39fd6656574a573feb9fc0c2dadb0ec9f6be7651f84b9b8fc8ea07d98,1764459596,1764459599,1517,34508,,
0x0dd796783ca0f36002df66bab5251afb0333f0bcedc775c32e8259cc4449d6e6,1764459596,1764459599,1517,34508,,
0xef2435633c0af5a26c4008b65eaa9f33656974fb25f5f7fe1607af1dcac2f6ee,1764459596,1764459599,1517,34508,,
0xb370094eababfceb2430465a6bf24c70862f4a59aeaf7e8f4aecc96998a673d0,1764459596,1764459599,1517,34508,,
0x35d62ee5511ac088183465189fd831ce699be23f9b4738512deb290182375438,1764459596,1764459599,1517,34508,,
0xb22fa0708faebf32428e5ee17dac1d1b08c531a0b8b46ce2ec02ce0c3725a91e,1764459596,1764459599,1517,34508,,
0x0571b69f743b071562d7e165e44a254c582698bf1a233e17b303dc212800071d,1764459596,1764459599,1517,34508,,
0xf5c30a45f024533d8ace2f98b94d08d29078bc75b028d31aaf64bf3c26a9f7b0,1764459596,1764459599,1517,34508,,
0xf789fe0d6bc8e7df5aad85c64e7860a4da4f78be996407db527f3670033c9632,1764459596,1764459599,1517,34508,,
0xf2a0ae06ba824f1dac117adbdf2c0f89559fdd0b7dae308b1ae15b51c6ad92a7,1764459596,1764459599,1517,34508,,
0xa8ccce4bf4b20ca3d5495301b151a44957f01abe673a4cadd4894a21f9874d13,1764459596,1764459599,1517,34508,,
0x65ff0d75bd1baf6c9083b01b2543e7f3b9d1f502d17e0710f85686cd87a6427c,1764459596,1764459599,1517,34508,,
0x3a620a7e874b2aa8a9f2a6e787bd70c917ed08a2d80261af43a3efa3ec82635e,1764459596,1764459599,1517,34508,,
0xd9d4163a0d6e89d3541aa7a9690d4bf99d45e33ae834c2ab341deadce538bea4,1764459596,1764459599,1517,34508,,
0x955a5a0f92f43f440247661a656113412eec041fee5fed7efdd693b1f8e7925d,1764459596,1764459599,1517,34508,,
0x2aeb761b691e437d0f2d9ec769d9bbfb72e48337e88bc3587ddb80173cc79495,1764459596,1764459599,1517,34508,,
0xb6f79ce4c17e54faad6c06a2d87179c4d7b8314d37d4afc9a94d9c60ff6d8daa,1764459596,1764459599,1517,34508,,
0x3b4702e311986ba86401ed8b61adef13503c975da5c14d54f3f8cd98b099379e,1764459596,1764459599,1517,34508,,
0x52d7d37100e15f06d98856658a3bf358ac1106e329be1a69001a08bc4ff86739,1764459596,1764459599,1517,34508,,
0x16a71c86eda173aac9e527da7ca993f04e8deccb4bf517142acdd85110737742,1764459596,1764459599,1517,34508,,
0x7af91cd6cf1ef1eadbfc2f62fe7027403e01298d4e5fb55e2fe2ffccbd08e29e,1764459596,1764459599,1517,34508,,
0xb005eb6f7ea82416ecf13e6a378499272a203f1e6ba07de0c31b4c6eab46f10d,1764459596,1764459599,1517,34508,,
0xb00db69e0240cae649bfd1767d6ac56516cd8e1dbb668f64db369316d84719ea,1764459596,1764459599,1517,34508,,
0xd614970494a840180a070b9f9ff0695abdd36396b75fa0deeea4619725edddac,1764459596,1764459599,1517,34508,,
0x921ae6f197239772ac98dbb0be0a21bff673e89e2c414121a886c71810ddf30b,1764459596,1764459599,1517,34508,,
0x7c1c0500b6caff2f7a77dbdff6c46c1c3646c7594b3e3ebe7953e186499e7415,1764459596,1764459599,1517,34508,,
0xb2a73ecb69cd960f9920260aac12b5d751ca0863a74b8a485696e4a9f5755a16,1764459596,1764459599,1517,34508,,
0x41a9a13e0330979ea4cbd3903f8689f86a58fed942b9bce9401edffeacd60a52,1764459596,1764459599,1517,34508,,
0x92ebc6567032d052d890d009cc7a24a9d3f41793e47233676aa2e00674f29944,1764459596,1764459599,1517,34508,,
0x2a3c79ae0fd6721b877bd02a30b98f0788ecabc0a515698e2fc0d6fe2f89b8c2,1764459596,1764459599,1517,34484,,
0x0245cd244e5c57bd44e8ebbc4e84272c0d8b6fa3925e635cdf50693462a908a5,1764459596,1764459599,1517,34496,,
0x6a90bf5d7dda6de532b2a2fe738a5c9acb4b835e40e6069e78a671f3974b8a66,1764459596,1764459599,1517,34508,,
0x62043c6d08871f59fad284388eb7409c7f4b16d57d90d34d7e685c1847c34be1,1764459596,1764459599,1517,34508,,
0x817b0a8b704e2b71d514243bc5154c660fa5fe91c3bb50ccbdfb0667cb32b0a8,1764459596,1764459599,1517,34508,,
0xbd2d90cfe60f86d0108822171ae57c661118b95bf66f65e27380b9376071538e,1764459596,1764459599,1517,34508,,
0xc847f76349d0e56233661742ab685b994214db1afd42537b1c387c55082b71a9,1764459596,1764459599,1517,34508,,
0x639010537a0f4c953e050d9d2217298cb40bcbe60451e26c0a507209bcf6febf,1764459596,1764459599,1517,34508,,
0x4a6030e37d8a18daf55e1f05d0300380ad115999573a24f1fdb3e4d490cac8af,1764459596,1764459599,1517,34508,,
0x3d7585527abf1014c739adca0e086d59ae6d514787c6f19df5e806065c13a420,1764459596,1764459599,1517,34508,,
0x97ddef6463b7f6b9a4d4d844a874079ffa6f0493c5d9d2b50f45441cc5b73354,1764459596,1764459599,1517,34508,,
0x933ef879e0e64475d00ae6f5b35f5d8e6e4ceb7717e63c89475d6b62f4736799,1764459598,1764459601,1518,34508,,
0x0cf346a218a1083968f44807c6b89dfd50d46dc9eb1447066ee33330d2c693c1,1764459598,1764459601,1518,34496,,
0xdd6bf0b4f527edbbd614f84c1a4c29eb4ba820c2b3ac856fb00897027bf0d703,1764459598,1764459601,1518,34508,,
0x36b29d5bc47bada24dfb81f88212a4cda84105347372e2c3987384fe93657848,1764459598,1764459601,1518,34508,,
0x1f62bae0414e65646c38c4c6f7006ecccfb5ce6dfeac7758f941d9686eaa86c2,1764459598,1764459601,1518,34508,,
0x480a14413de0e1a737c3d665758f57e4815a194a2112a432e4207107c5ecd283,1764459598,1764459601,1518,34508,,
0xc363e19df4f6c511b9aed0a1b86c5192d22d17f0626601e858db5eb730079679,1764459598,1764459601,1518,34508,,
0xf9b1adb3516572ed21f8f86043ab4451006f9575b2ae4d2880738162c0a3a4ce,1764459598,1764459601,1518,34508,,
0xd4d198092391fecfa99c789cf189108edf2cf98b71ce6ea99f8b8a8372b1a7a8,1764459598,1764459601,1518,34496,,
0xa4e8875aa57f517dbcc0eaa179fedb1634847a364daa2094588202b7164953fd,1764459598,1764459601,1518,34508,,
0xeaf13df7d243e4bd5570b51f8b2f030d211789aeffbc12197982735ca64cc9d8,1764459598,1764459601,1518,34508,,
0x9fad795685ea6d52b1ded384138d2b3867c49bd947bc1e77a9e1b7401a64397f,1764459598,1764459601,1518,34508,,
0x0f16904bc4db9edcb35a164f3e460c9e3b664b3f57c24d9857c06126cc78d497,1764459598,1764459601,1518,34508,,
0x7dff96012636178c40509f60db62aaa06b3db45f3977fa521ed9c0067abe1655,1764459598,1764459601,1518,34508,,
0x7578e09dfa2e90e8d0d36f534bc7afc51fb0073a3267516b3aad073cb615541e,1764459598,1764459601,1518,34508,,
0x3616f117f1f081ac8ad4212ee0b9a4512fddf2a113704d8c8eb3908a7312bf38,1764459598,1764459601,1518,34508,,
0x38f4d962caa7e2979c92b85af8d51c9989adf7670facf3958f2e60d89bf21e63,1764459598,1764459601,1518,34496,,
0x75cbd4875741f128bf3f56ff6f71bc07768c54113e60fc64f856494bc43217b7,1764459598,1764459601,1518,34508,,
0x847b3064a098c88ecf7948e35a11def6911557b5b1328e4a863711f1ece5939c,1764459598,1764459601,1518,34508,,
0xf0255c1fce8087266f493db6b4edc380bc282bcf10bc5c078352cb93f6671759,1764459598,1764459601,1518,34508,,
0x323ee29ed8a6c48374c6009d83a03590a9e668bbe7093f174df656f3712784b4,1764459598,1764459601,1518,34508,,
0x0b64c52783338827f0478c1a138639597ae4f3d29607c05306b3d894b5428091,1764459598,1764459601,1518,34508,,
0xe7e990b890a377a60ba2a6f6589c6b385e1a9412d70aa9a2f2d44266ca9f90de,1764459598,1764459601,1518,34508,,
0xf54e360b63757a607b3cb9f74b13b24c742f7abff82d07412add6c888debab6b,1764459598,1764459601,1518,34496,,
0xfa12b71801ec27b3eec90072d91e678186e9b041c129d620e052f75816914928,1764459598,1764459601,1518,34508,,
0xc2e37442b1f5b5596bd3c7a40cffae7a2a9ab9460289f57ced1a3fa67fb58381,1764459598,1764459601,1518,34508,,
0xe1e2a8cf927bee4274d6d557fe8012cc2610a627319497774e73b8a92c4c1b7b,1764459598,1764459601,1518,34496,,
0xde06ce15ca40b0fc6c2e63c6fc930198b3c18e16e723009459db097213a2d111,1764459598,1764459601,1518,34508,,
0x53ae0366ab81c236cd98fb595ea57146193f654f308d379276e580e4b929421e,1764459598,1764459601,1518,34508,,
0xae8cc531657684a56c490443f0efd61f4fa10834290691e5bba6d8143a969c46,1764459598,1764459601,1518,34508,,
0x5fb2496ca049acec2a9ee6ca2cd50d89f4a5dca8244abc9199b7eaf078ec263b,1764459598,1764459601,1518,34508,,
0xd3a17bbc1838cd094ca1501d101347d4343fcad859b61bb9dff5033e585bd486,1764459598,1764459601,1518,34508,,
0xeacb51b51caabbe9344cb1de1cfddcc42c00dbd9881e7c88b0479f4da8739142,1764459598,1764459601,1518,34508,,
0x498bb9f3bc5fb630b65e52390b8ca4c02bde5f54801e36d9718e1bf80cbc7bbc,1764459598,1764459601,1518,34508,,
0x7d3cb52e9888117549539188e0d1fdc0fa4eb8fedcb6c526832119de30e3b81a,1764459598,1764459601,1518,34508,,
0xbf50228d516ced38adfdab1db8b00d8cbbb99f7645f068c4e38554b7bb00c828,1764459598,1764459601,1518,34508,,
0xd00648ab0b9e1eda5d2dc318cf43c501a4e53ad6b3411198d211cb766ed11aa0,1764459598,1764459601,1518,34508,,
0x8159a9b2a25116ce6f106580d0145ef1cf5a3ea95188c49005c8fd2f44b2af48,1764459598,1764459601,1518,34508,,
0x4496c7096b03af871c7c41d1277a736dd712787f02825e050878fbd925a44ea7,1764459598,1764459601,1518,34508,,
0x7ccbadad2d8e6cb45a7ba451120d11c1c7254703bcc8f7d662a9726f91db2e66,1764459599,1764459601,1518,34508,,
0xc46d8567795a4f45d7ee5705924cd11823eed3cb11601a04c4f22a27be46d225,1764459600,1764459603,1519,34508,,
0xbb5918c7333d7f1f5a6f90fc12821442dd3f355dcee2c0868f3e0997c5572857,1764459600,1764459603,1519,34508,,
0x8520e716612bfc39d1b0cea7a07825c07adbb87a8018ee8268323b6d33d01d7c,1764459600,1764459603,1519,34508,,
0x25e765f728da937631c07fdefcfb9dfc18bb806b2949cd8864e91167213c3899,1764459600,1764459603,1519,34508,,
0x1c8dee4bdd50cdc1ed3889ab3d83ce9ce7e9356322ee1c82828d4e72ea3537ad,1764459600,1764459603,1519,34508,,
0x048d727752a6763cf2e50414cf791f490ec431b66e03b96b5eeb5cbcf92599fc,1764459600,1764459603,1519,34508,,
0x33234d12d86a50e3ec8908a9f365a4075c1d4421209a1c2a2bfe2888d7ad4974,1764459600,1764459603,1519,34508,,
0xd9acff922ed1295c3895e0ef58e54ad29d486c8782ac440dc64d1dc28af67499,1764459600,1764459603,1519,34508,,
0xf490b7ce4608c878dbc48c548ad781464e62c541285860bc64e33c1cff6e51cb,1764459600,1764459603,1519,34508,,
0x508a49a4f919f994151b7eccc2e4085f06dae9062e21eb7d49230df926720ccd,1764459600,1764459603,1519,34508,,
0xc1e440c2b7412a74a21dba4f86f056d6881e9cf5ad079b329f4c505d12d8c349,1764459600,1764459603,1519,34508,,
0xc8638c8350cfea95b2d2932fc490e9a7dc733e595d7f3d642689dc70fdd4492d,1764459600,1764459603,1519,34508,,
0x31c22220bec4dbeab1ec380c979bb995823b35deb9a8b498edafde75382075cb,1764459600,1764459603,1519,34508,,
0x870440dbe5e90627a8cbe919cc1036d72d791e0cef57dc6f0cdb05c8bb84b9ae,1764459600,1764459603,1519,34508,,
0xc89b6054015ab477b599525db7db03b00947bc3e20786dda8eb5ef46b629ab41,1764459600,1764459603,1519,34508,,
0xa81dddb74dfb54dc9a64630415ed098b790564aa7bed78e3ae1d9e37175a5d4b,1764459600,1764459603,1519,34508,,
0x355c3b1f908d8adc12b256d3f0c543a82dbed99ce5f67f9f5c4d3bbfab4e87d1,1764459600,1764459603,1519,34508,,
0x56c29c8a59bb0c17e44c71130af90c9bb3d2412f1700ecfec81bc535b07f800a,1764459600,1764459603,1519,34508,,
0xb82478f4952652ad4dc2689df64957d893738e0ecd08bca23d0cbdefbd591150,1764459600,1764459603,1519,34508,,
0x8a39daeffe3b8b995f2989b6f54211ae41e183cc3ff6f442c23db88374e77920,1764459600,1764459603,1519,34508,,
0x348bc64b27ce457caf6fad08eca4296ea02d044fcf5b3188c4dfeeff2d7f6736,1764459600,1764459603,1519,34508,,
0x3642c6f6f62fa7c5b6faf1b16f75a868a94b60ea9af625226d1e197fa28e5a8c,1764459600,1764459603,1519,34496,,
0xe5acf8bac9c2d2bf1d6a18869a09a4dacc245ea343db975504a08eb4a92da068,1764459600,1764459603,1519,34508,,
0xa0ed274134ef16895af49afb454639520b9fd691a0f49275891737f498043009,1764459600,1764459603,1519,34508,,
0x5f221b91edd57a65e92e501c68916cc10b6de8a7bbeeae42a709b835e2970403,1764459600,1764459603,1519,34508,,
0xf774f1f39f173ac29daf5a4050a6c18c9fdbcd78d988c27a177855cf8431fb81,1764459600,1764459603,1519,34508,,
0xe28496361dc4a07db9339045f3610f2e895146f967c863ee2c2e82439a38c8c8,1764459600,1764459603,1519,34508,,
0xd8d835f461b8b749acbbbd3924c8c98e25bd95a10cf9462f945748aa2a62ee64,1764459600,1764459603,1519,34508,,
0xdd077efd50f5183cee8aec5226f31707aeb99fb094788d04c0ebb4144bd6b457,1764459600,1764459603,1519,34508,,
0xa5cc14ccc143ed961c855f60f01e135537a6cb2a9220b046a30555e426ba68b1,1764459600,1764459603,1519,34508,,
0x3d6f92c3a17ca541af13523fee234cb30501f9be2b3e8e8c7f6c87f01e02faab,1764459600,1764459603,1519,34508,,
0x3197f40314d99ca87eca8d609b30056c642bfcdb6955e55ef68c3919fcfe266e,1764459600,1764459603,1519,34508,,
0x544efe3850c60bc61baa84be1f968d4bf764404857b0bdd08271d7bebb881b10,1764459600,1764459603,1519,34508,,
0x64a7356112a3324407e0819c7edb94b756b9ff66854d3c2a35f66f4eaaa24fa7,1764459600,1764459603,1519,34508,,
0xcdde4a89b8c12befab5d77aa4f51c3c395a835c09a76aebfedab6490469e80f0,1764459600,1764459603,1519,34508,,
0x9f8ec952c5cf80dd86d5206f8f27c29ec7c4fa414302d353c3a04c8b579d9c66,1764459600,1764459603,1519,34508,,
0xf321a635f0ae098efa48736923b3433a4c69a48acd7472f406eda3d6e7db5256,1764459600,1764459603,1519,34508,,
0x70b369ce03871d3a87c7189ad8eb260ae8a286b22c4581dc8e6d51c0ea51fc58,1764459600,1764459603,1519,34508,,
0xf5940b61218d0e54ac091562e0556d92480ea2876e4b1fbdc69a4b1e7d42d3c5,1764459601,1764459603,1519,34496,,
0x802a4a71948c83db04ea398b3b979246b488013e42cf9e5ef48f1ddb4cf4c312,1764459601,1764459605,1520,34508,,
0x1980d1cdf4c0105b512baff532c732881ead557170ff45c69bbc2c9d46f1cf02,1764459602,1764459605,1520,34508,,
0x447fd38d1d28211b6cfa096664a770bfd1e1768bb27428982def6a6891c377ea,1764459602,1764459605,1520,34508,,
0x5b5441cb371b7a9d7f8d116b712cf7f386d587b45e21c91305c097e2899a0f09,1764459602,1764459605,1520,34508,,
0xa4b7a47a0ab378ed21215bcc4486d00879ee322ba85a551735f9699108945f4e,1764459602,1764459605,1520,34508,,
0x0e8b3a508652290d7686cc2ac63ebe27e924d4ea89e1a5c772cb4af5b77ed3d3,1764459602,1764459605,1520,34508,,
0x83aba7312d00def74a47761faa278298dfaaef0b91a223d509852727e76e5141,1764459602,1764459605,1520,34508,,
0x6e3eff0b2747c6d1fe8ee56429e1fe587d27553f0fa7230f4772d2725b63d3ff,1764459602,1764459605,1520,34508,,
0x2512a6b0d5a1fed13e222d7a31204a0601fba2cb2a122b917193613d1df12387,1764459602,1764459605,1520,34496,,
0xed15bff8cf2b7d88345b760e4fa2b6fdf7ed4667a9480c00b732228fa0994552,1764459602,1764459605,1520,34508,,
0xafcaf2a10e858caca737a5010e201ffa45410b5b14bf4bfb07356a209778e6a7,1764459602,1764459605,1520,34496,,
0x8ab76c6480d6dfa81646eabaf9218712ed5ccb08a167b126b12e664b8b569950,1764459602,1764459605,1520,34508,,
0xa0837b0635ff97d70f3cb9426fc16b56a9b39a9e17d8d8d5be18a297e46532ce,1764459602,1764459605,1520,34508,,
0x6878ffb75b3901830a000c6e94796d6aea071f5ac503833779855b1c95498a4a,1764459602,1764459605,1520,34508,,
0x0a0e2e0a40d68963a45a8d35a7d2a57f645454a0d810bd3effa3192fd8bc6039,1764459602,1764459605,1520,34508,,
0x251e4958df3168a16b60e369bb007dbdc7ea84f6b4139db173bacea4e691b5d8,1764459602,1764459605,1520,34508,,
0xd77adb342dbc82c72a6f189a89e9c21d348f942421b5fc9550ea9fb5a53200a5,1764459602,1764459605,1520,34508,,
0xb2753a529ef889d8ef984ec0417cf2f21e8d7d76782f2690c4c7ea482b410231,1764459602,1764459605,1520,34508,,
0x314d04da3a40c1a61e82f8ff734565a47c4b57674f148d1bd32a27a34e0d215f,1764459602,1764459605,1520,34508,,
0xeccddaccaead563e757e85f0da5d1f38a5245ba68a5800a9e4de6c85f0644f13,1764459602,1764459605,1520,34508,,
0xe9d3687b4597e860ab876a34353d4934277a12a712aa732c8ec3da285011a7bc,1764459602,1764459605,1520,34508,,
0xea7c0f2b81f6016bdcb11e9fc438d6b434fc69a9d556d8d51459fa8c453755ae,1764459602,1764459605,1520,34508,,
0x3ff09ef2c9ab487e0c2655ba3b4a4b982048cfd01af00f97294205b9306d68ce,1764459602,1764459605,1520,34508,,
0xaba98bec44b5ee161695551d4d137b3d321e58511107333555d5c301b7f12958,1764459602,1764459605,1520,34508,,
0x2d75ee95acc06fcbcd9f186b8361203b42917010a2ae15ab98c34dc6457e4bea,1764459602,1764459605,1520,34508,,
0xdcb758545741855b254b3fa90f89604fe791adc746720abf88019be824b22551,1764459602,1764459605,1520,34508,,
0xd8f662ee44975e463ca1179669db6f797be32c3b6506df9b06e045fdd3e31c92,1764459602,1764459605,1520,34508,,
0x7101e1ad37d0b5e643acec00ab6e4f9ee961515d316e4634989c2293ff929703,1764459602,1764459605,1520,34508,,
0x729022869228fb29fb50ce800004def19aab17f2a607771cbedff1f7d182294c,1764459602,1764459605,1520,34508,,
0x0ba10965d959564ad1dfc18d797d24555dfeb35e2e5ecc67dfc7025dbb562d4b,1764459602,1764459605,1520,34508,,
0x39d99b2f30352a4b7a91414d317e8c89543fcb397a87f52ab7dab53968bab02f,1764459602,1764459605,1520,34508,,
0x56e8123c6c0dc1857fcabab52901b970b0b70fa9fb61478af408ea5349a8e567,1764459602,1764459605,1520,34508,,
0x61827e631bc8f008d5b387f639f3bdaa4dabe37d330fc550dd92a0f77197c6a0,1764459602,1764459605,1520,34508,,
0xc839d60dd715d442ef6bd4d932c8ad1f37a639063b53b8b042ca1ee20f24c528,1764459602,1764459605,1520,34508,,
0xcba8f5bfd511524a0e67bc7822f4b684d40f05a7d7a40ed004151fea0dc70798,1764459602,1764459605,1520,34508,,
0xba87dceb4260edd38133bca33ba7e9ebf162cf0a843fccde3d32d3bc2cb35a9a,1764459602,1764459605,1520,34508,,
0x186776a70a098d414c056a12d16714c2a9a2699dd822333e3998c72eb3c9b196,1764459602,1764459605,1520,34508,,
0x1d7661849e409289bfce913b198e22a7d73d1cee66b44e845bfbb0add9d865f8,1764459602,1764459605,1520,34496,,
0xbb23bcd9bd2a8a6761008efc18078a40dce5d288873c58572638cc50dbc6a97f,1764459602,1764459605,1520,34508,,
0xc21b8ba79f8419711bce65e5e51c32fa1d1a5e2201a46d22b7ca17899ebcd613,1764459603,1764459607,1521,34508,,
0x1edd11ca7cdef108813cdd39d1c6acaeabe330b26b6fdd4f101d1bf90256aae0,1764459603,1764459607,1521,34508,,
0xb1093bc8b8bb4fa019e4d6f8f76eea40a6a45e1c8a356b524ce036cf55e9a11c,1764459604,1764459607,1521,34508,,
0xdb1e58841b2cde9a045af8d0170afc2ee2cb417bbe090063e914861ec9f3e524,1764459604,1764459607,1521,34508,,
0xca0231818c3a0ad2bc79a13e2321d5700e8f6ba5b525ff077541852ddbc59e3c,1764459604,1764459607,1521,34508,,
0x2d536c2033069fd5d3be643dc2883ed9ebf4754cdd755488d865f8a560aa6cbe,1764459604,1764459607,1521,34508,,
0x2445941bb7f496e57e70fcf83023f5bd2e08cba08629805f2cb090be469b6ca2,1764459604,1764459607,1521,34496,,
0x44a5a8207b51cb31534334093beca420b6fbb972ea5a861a22372242296fd378,1764459604,1764459607,1521,34508,,
0x973b74640abd87dd74ceed39d1e64a3f84932c8206977d2a2a0465688958546d,1764459604,1764459607,1521,34508,,
0xed4bed7c85b1f7efa4665dcd4e590f0c1b9a0f986a687db1813790ac9f83be8f,1764459604,1764459607,1521,34508,,
0x4dcf4ccbc191a53446631a87137d767affb2163bd394ec0855ba8abae3210023,1764459604,1764459607,1521,34508,,
0x20c671c7998739d69645f5b9f0841ee09bd41c3a022d67a1e1e8c18878508703,1764459604,1764459607,1521,34508,,
0xbe9b814ae54767fccb3c08f340bdd6dbb4f8e97cea8762e34d22a1b9fd04080a,1764459604,1764459607,1521,34508,,
0x3ddb35d43355ac13b1d05c818672c334f62cc8beb0af9aa8b92cf4e1541aa26c,1764459604,1764459607,1521,34508,,
0xbc753bada7e283cb4b075054ba86eeae39d5b0dd27cc0995f902ed10cb1f2b23,1764459604,1764459607,1521,34508,,
0x7c4f2d17930edc53a8378cd049a2d179846bb3d9f1e1ca77e8f6bb742efc460b,1764459604,1764459607,1521,34508,,
0x8f62d30c4ce83973452374d6cf5605e5e20171fa915eeec2731d996a42e0dfff,1764459604,1764459607,1521,34496,,
0x6819c049e200faf6b60176fe4ec7680c26eae3c81547d6a334a80ee638dedda1,1764459604,1764459607,1521,34508,,
0x796ac29b711be2b8ee43f468debdddae3d4b028acc652720d602cf284eaa714b,1764459604,1764459607,1521,34508,,
0xbc635748b909e100d45e96f701161782e0c21b07c234cd00b41c0271cd508ee1,1764459604,1764459607,1521,34508,,
0xe38e8932aedf7eefdf58f2011720bc69f198e9b0e23b8bfa03058b24478ea819,1764459604,1764459607,1521,34508,,
0xa5c7d697df45dfb6c11ab5867fbbd325a7eaadcf31afad98761754b1d2b0e635,1764459604,1764459607,1521,34508,,
0x7272cf0823e0cbe468712cd746811116040300273f08e645781c93efe3b26290,1764459604,1764459607,1521,34508,,
0x8cf2fac3ac97d7c9aec8b517bcc994d092bb56a542163cf23aa29f9f6835fbb8,1764459604,1764459607,1521,34508,,
0x122e14174dab9bd47241ff5844b7b24f846016208c238d5fe72af354729629b2,1764459604,1764459607,1521,34508,,
0xb6b4067772c81137a1ed595c6e99e50c50fa3269a09cae7b0afe6fd2dcd10ced,1764459604,1764459607,1521,34508,,
0x9454194bd54746eaa11ce0821c1b30e4d4d7c293a5593df9dbad7bf6359a8443,1764459604,1764459607,1521,34508,,
0x49cab1368291fa021fc58ee39772052ec63f70176843aa3f39a85c38800612b2,1764459604,1764459607,1521,34508,,
0xf6b076c413364b0c00d070c3f38d246d08b3250f3ac7343e0ad7bb4795e18b27,1764459604,1764459607,1521,34508,,
0x9ebd47fd509997ff716e22a20cb50a82459f8e1f7cbd18cbd4080222b548a989,1764459604,1764459607,1521,34508,,
0x8442b59e2887399ccde91d369d3f96e34c677c9acdf097869a5a9be87cceb798,1764459604,1764459607,1521,34508,,
0xef6f89b0922fcee5720cfa9b0b69d184ee5f02b3c4b3c7a145279e3d884910b9,1764459604,1764459607,1521,34508,,
0x2ca1f6214a7629b317023300fd0b622afe6b51b957f97e9c10894274b6dbb736,1764459604,1764459607,1521,34508,,
0x1d36fbd2e8298253b845efb70c6225feb46c38784f9e6915a28c81c19bc97292,1764459604,1764459607,1521,34496,,
0x07772b8f59fb0bf374f4ec0f32a3c8b546bd991f8452f9903062cc5de5fdfe00,1764459604,1764459607,1521,34508,,
0x448562c39be535154f761fb087e3f85d9859189ff53dfede3ba99618cd4f5dc7,1764459604,1764459607,1521,34508,,
0x5046c2134352b17860cf644f933cdcf10e84ffc084ca283c6d94896bc913587e,1764459604,1764459607,1521,34508,,
0x39bd9ebbd554336b1819754e2dce837affcecb524ccc0fefa64b957c36c533d2,1764459604,1764459607,1521,34508,,
0x9629781328a162e4f546adf56783c767ac5c35c38c36946e73efe5896c2a0b11,1764459604,1764459607,1521,34508,,
0x9ba3d73948fd9e01481a0dadf193e210a5ecdb59c97f226b438b3b113c48304a,1764459605,1764459609,1522,34508,,
0xb1d1af67e9548a846bb204f31b2bb54eccd76cc429ba268689d60c59717e8b54,1764459605,1764459609,1522,34496,,
0xd31b914287788f056a1acffccbe16286588937b0ce996062e1328840a0b58078,1764459605,1764459609,1522,34508,,
0xfb0611f8022b8c4df9129a55ccee2956c125609dc8bfe7b17dde378976a33a8f,1764459606,1764459609,1522,34508,,
0x9ee484641f12b650e7a481821a07a2f9a1bc7b8b1a98cac55236a6a61527f21d,1764459606,1764459609,1522,34508,,
0x193d3cefaf64d266a2ce22fb28582e0960a8043db286773f4e3af0c05490c771,1764459606,1764459609,1522,34508,,
0xd172413ac4be77bf1e54eb93cbbdfb0e3bc677b5fbd9861665ff4caf46fbde74,1764459606,1764459609,1522,34508,,
0x442c4fb8915180b5f3439375b8a178ee44af723fd9e93476f6b8df42002c4e3a,1764459606,1764459609,1522,34508,,
0x10bffd83f7e6a8107fc1ff40a111b8b631e6d3c7007bf8e9cc93004b07662f64,1764459606,1764459609,1522,34508,,
0xa57bcbd4f49ac4173cb61873524230d610d0c45433789a04bea4da0b825bd53b,1764459606,1764459609,1522,34508,,
0x4e3039ab690fedfc90dbe6977f3664ef200cfa91b83232ece730e27efcc9853a,1764459606,1764459609,1522,34508,,
0x06e443361652a30da80bfce25850f11fb9d18a35579561d2c85d8a15ac7739c1,1764459606,1764459609,1522,34508,,
0xb7edb72aa3b0b25e9c1bde85e66049af606f4d8984fada93b1ad2df269fd0842,1764459606,1764459609,1522,34508,,
0x8d709c86d05f0dca68dbc37a52976a6cd222b3a032cf07bfb1e0f2630869deac,1764459606,1764459609,1522,34508,,
0x6f89c03339201c534db486b6da2f121a74bf7799a04b0f4c8fc3df85d095a0c7,1764459606,1764459609,1522,34508,,
0x9e48285565b2b0c57839dcfd2e43397cb6fcde420707ba307cf1d0ffa5038e2b,1764459606,1764459609,1522,34508,,
0x1032b1229aed10c9d14cb3a7a9f1e060c84b54fb5576d3a76a417a88937b398e,1764459606,1764459609,1522,34508,,
0x6089fd46daa2b192205c69d3e3c57ef748bf584e983394ed784623883a8e2f4a,1764459606,1764459609,1522,34508,,
0x8a71bed087fec609e9b15f9b7346aa315839d2c5be510108daed2fd1c490c5b8,1764459606,1764459609,1522,34508,,
0x63524b007e2dbb31c100a5560b9e90b4f30a88be253d89835909aa9092ad45ad,1764459606,1764459609,1522,34508,,
0x1bc51110c40ebcb4a190d1adfdb48d0dc04ea1635541a2e226ac9654db3f14e7,1764459606,1764459609,1522,34508,,
0x54f1d712afdf5271838b3e665cad0f6a47c46a453f5840251a5895fb1be36272,1764459606,1764459609,1522,34508,,
0x9bdbdbfe07eede615bdff63776c0cb20f8bf2ec3187e515a46610c364507f102,1764459606,1764459609,1522,34508,,
0xe03917b66c2d6f581a7ae3a769f0c8691af1a3824b0e2712662805915fe975b2,1764459606,1764459609,1522,34508,,
0xdbc42a0cdcd92baf5f23a0c40334352fe2a3a8b104bee8ebae7904f23a40b0a8,1764459606,1764459609,1522,34496,,
0x99fd76a50706f59d6f547340aed4043393c7b585513b3dc1bd72f282df06359c,1764459606,1764459609,1522,34508,,
0x8475365734056837937ccdf9bac451c5c77360ea41f85013b5e2be762f208fb6,1764459606,1764459609,1522,34508,,
0x6aa3181b8c915eb8212493b6e6c5eac3d6241de05503d918fd5283b477e57c56,1764459606,1764459609,1522,34508,,
0xa2e3862c1706375f64da5f59a4a062c1eba5e752b81f9cb86b29287242226844,1764459606,1764459609,1522,34508,,
0x9db3fb0a887e1226666835662ad5272a238724c80083f3cfc8a6799fabde1ea3,1764459606,1764459609,1522,34508,,
0x033aa09aad3cd60caf0206ba2d1043357f93a80aaa2a6939451eb7fdd7cd94b3,1764459606,1764459609,1522,34508,,
0x8358dbb1bc01ed668d2ce0493d4ecdb9129bc5a234d89541b0ca0ea24a00ca0f,1764459606,1764459609,1522,34508,,
0x8f0c097583936e0bb5cf7ed776e3676e380ff9131f127ff6d8b8e1a79bdcb6b5,1764459606,1764459609,1522,34496,,
0xbd045ba6164c2e4090b4ed2affc0a1f0ab8e86bd48d0d8ce6156625721532316,1764459606,1764459609,1522,34508,,
0xbbd2abf4d8c9bd4a49cc898fa0e5a25ed5a9e0765fe1bcf06e657d607c81bc3c,1764459606,1764459609,1522,34508,,
0xd021ce54989db3075bb467fc6c239c27b949c72421eca85b89df226d9133b010,1764459606,1764459609,1522,34496,,
0x7e19044c5a699846bfad934ccd5251c8ef62a516646878853c28a62c632939a1,1764459606,1764459609,1522,34508,,
0x71c638f08847726f6517892c97b7f08d763ac217e3f87ec72b9ec703df2992df,1764459606,1764459609,1522,34508,,
0x2f465c2f77bfc487fd6c172a4d4df7853ef6e1b0c77224824f84dbbc191b288e,1764459606,1764459609,1522,34508,,
0x12709499e065605156ce0e56dd433e8c92b7db1315acfe0c5f5196cec8135d53,1764459607,1764459609,1522,34508,,
0x1e22b262906ebd993ae37492357d5c61e96d7ac22e6b306a6586f03f863030ec,1764459607,1764459611,1523,34508,,
0x8530cc2de7536af00af7b467731432a4e5b20f2e71ee18e9a6c206c9536dcf46,1764459607,1764459611,1523,34508,,
0x6b3f074590b4836f5c38ef7aef45d73f873d344dd808f2431a5fa3761ae4d6f7,1764459607,1764459611,1523,34508,,
0xedc12e78f9cf011a6d31dbfe36af1e34eedeaca0b62b5d3bb2e1a1260c1318dc,1764459608,1764459611,1523,34508,,
0xf1ce3750b744afc7744fb27caf1781c5ebbac08ca32283fdb5aca7b8c4fc403e,1764459608,1764459611,1523,34508,,
0xfe1a2f225cb496ae332752eb2a072bba08d82b218a3fe7fb28875690ca5ee46a,1764459608,1764459611,1523,34508,,
0xb1f5f100af2bd833c4aa6e93973d3e120ab98be574de2fefda6b9d8d8b39de6a,1764459608,1764459611,1523,34508,,
0xe3e152507056c601c7cd36d3b3877a91805b3c588845dc0e9462bc7d2d969bab,1764459608,1764459611,1523,34508,,
0x2d756f87e97681b258a5ebe96073f6b586932922336be406642e9b2421a97465,1764459608,1764459611,1523,34508,,
0x6d3d2e6830006b70e1db73972324ccfce4fba7c89dc9b0c5abe57c47b7132d95,1764459608,1764459611,1523,34508,,
0x2b49f113cbf5a920552ee6603c5340c7768dd6ff9e9fa456a354f36927520bad,1764459608,1764459611,1523,34508,,
0xeb6a3b4809d9e532bc8addf98dab51edf1e385dc00fee9261e6c5962e1682d88,1764459608,1764459611,1523,34508,,
0x0203bd553fe21028b89f6333e63c8e92f17c29683cd174f5395b7fb4f12d7068,1764459608,1764459611,1523,34508,,
0xf11477446bf0c36a6533d09f7d2701f9fe09bbd57b36999baad22b6ea781aac6,1764459608,1764459611,1523,34508,,
0xa1da7b20e6adea8ba27002454dc9de7654f458af6190d7e716579e00638c360d,1764459608,1764459611,1523,34508,,
0x441cb4040b9aa99f8f013333f831bb87788157c2d5515f201539a29f8247cdf7,1764459608,1764459611,1523,34508,,
0x0af96f0b6e9bd477d3689e49296a7c363a2ddc807ce8ff020fe7591417a20f26,1764459608,1764459611,1523,34508,,
0x7530cb43b65e55822566b5f17b37c200a8023068403956d6b44a88d54122a3c9,1764459608,1764459611,1523,34508,,
0x642fc2e38789b5aa39fa3cdac08a050fe18c10d8b3c4d74ef7f3e46977e59143,1764459608,1764459611,1523,34508,,
0xd98fa4d714bc77632ee9e2b3ae0354ec4e380fb89f8d61ed09ff4b22d3cfb94b,1764459608,1764459611,1523,34508,,
0xcd6b377998d33da085508047b1a1f25f564601da9a70b89da2091aae45b82042,1764459608,1764459611,1523,34508,,
0xe2f6b7e8b3707b8f0938b805ecedf93e5ab100f18ef6dfd8a807bcb26aee92ab,1764459608,1764459611,1523,34508,,
0xb49ddafc2676a5850ea9c45710dcf96c8bf07cab18f0fffc08d23770ca434a28,1764459608,1764459611,1523,34508,,
0xd8d5df49d9af26d9fe536cdd34c94eed3008d7c7bcf4ee316e98db00945d2b0d,1764459608,1764459611,1523,34508,,
0xe80fb24ef67479e713b78c5310a18a251fcf97642c036bfc1a68bd550380c159,1764459608,1764459611,1523,34508,,
0x2ae55462fef375d5f8a5aa5b21f610ae32873dc7a68689cb58e47d2c81b7f065,1764459608,1764459611,1523,34508,,
0x011014a6cb138345956dcd0c4132807958dcbf36c954de9f9aedfa29ee1f68ca,1764459608,1764459611,1523,34508,,
0x3186e003e54cf33f639f2315883bec2823129fbaab83ecd6bc5e6efa9a2c517c,1764459608,1764459611,1523,34508,,
0x01903555501bed3a46fa3abe1153a3352ef0d0cac51c4364515063760d6019d8,1764459608,1764459611,1523,34508,,
0xac89b904ee3b9291a2c1e785dadd88cb3afbc5ffed7eb3fa46503b87a481296b,1764459608,1764459611,1523,34508,,
0xc771f77d8a071bcf99a9df266adf129865996f49ff28630f698fa8ef5a7ed269,1764459608,1764459611,1523,34508,,
0x7291110b3297913e176b021f0514bec46f769a2799df8748aab8fc9af6a9d793,1764459608,1764459611,1523,34508,,
0x46c2b86e30237180849636aa5434c4ce597363610eeabcb381ee93e24b03d0f5,1764459608,1764459611,1523,34508,,
0x5402f9d5630dc977c19348552217396152899eca1239d4ceae70fa1fe57c4dff,1764459608,1764459611,1523,34508,,
0xf2767508d5f1c8e8c3c014d7a6ccb066ed4787400f7060b50a3a0514a104b087,1764459608,1764459611,1523,34508,,
0xe5870a14cf05dcec3bf560e881b8678243874b0daa8ae44f41e1bac9908b2467,1764459608,1764459611,1523,34508,,
0xf5c69a677e6f87d853ec1df81b85224279caee704542373ad1db06251ac0a15a,1764459608,1764459611,1523,34508,,
0x03f9c1e0a9d1dc6993856a69e80d6b775865953293230f3db32575f74a738909,1764459608,1764459611,1523,34508,,
0xa86e9c5ff39d4d1e12b17e066dc772ceeb8c5e632b9e506be69d534b61e49b08,1764459608,1764459611,1523,34508,,
0xc4dad6e92ba562618d0a0d7a9735c4c7a8d8aecdeb90c6083f60a162e35f5e69,1764459609,1764459613,1524,34496,,
0xf1422054cf8fb87b60c5a6c1b27919139877e6d7466d6836332085fe6df7ab43,1764459609,1764459613,1524,34508,,
0xf870c70eec1d67f860f7e929f9325f1704cc0aa89cec62c48a92fe9eaf5e55bf,1764459609,1764459613,1524,34508,,
0xf1e2e510039055158b5cbf18fed21031edf60591668aaea75a75e26c969c61d9,1764459609,1764459613,1524,34508,,
0x22204a3ec6e9ee3f785bdfe04caf366a553827c482d1608bf623e9ac014c0b14,1764459610,1764459613,1524,34508,,
0x2d4adb00a19b106e053e7b4c6196d19243eda8c051be736897a7e84a4424778f,1764459610,1764459613,1524,34496,,
0x31c74a20e094ef85c5498acee7b238576b699998dac0b6898e05558ca228fdbd,1764459610,1764459613,1524,34508,,
0x75cf510b477c8cbb97077f4659b756a8f97f87885dd367fdbdc2fa995616a262,1764459610,1764459613,1524,34508,,
0x3f9e7071901a0a9397b19a0314b72ee79fa993934c056d2370cd6f39cdb46286,1764459610,1764459613,1524,34508,,
0x3e6b41e4643c4a37abb94fae60c1a434d4ab1672858bea0b331791d441b535bc,1764459610,1764459613,1524,34508,,
0xf48e9ebd96b4f2e900a852fd8b32ef25ec524a90a246c09a33dbfb264aa49b89,1764459610,1764459613,1524,34508,,
0x8041b43c2d0aee50aa23053572ca0631a9e2d9bbb8e3095e2e8f5142fd22f211,1764459610,1764459613,1524,34508,,
0x3dd1584fab41f10b9e4b3157d1f59df5fdd3b6ba9d6e12e9eb4017adc180c38e,1764459610,1764459613,1524,34508,,
0x0724024e9e519817dd775dd424deec0d5c034f8023c6d5f8af024214e0c6e42f,1764459610,1764459613,1524,34508,,
0xa91b0ba7758ade0b7c7274c1d93693d5f8b8f86f404d16d8ede2ec28aa952546,1764459610,1764459613,1524,34508,,
0x00e2d1bb13c78b2a20793ef9ef357d526aab6fb90f6575c8396b695c28a44cb8,1764459610,1764459613,1524,34508,,
0x2f6e2f9a22fa16e972b8c7e97434e9c4e67b2e2b3647ea1cd47ddd6097425a36,1764459610,1764459613,1524,34508,,
0x6eaf4d84946a70e4a7418afcccde6de2489f58b137a82db4a516335841ae7307,1764459610,1764459613,1524,34508,,
0xe09434d9087163431bd18c887920d36161bd67842ca5fc6a17503463a447c502,1764459610,1764459613,1524,34508,,
0x7d49a343bbb299d3671d812128211a8c09ad75aa51ca5fad67a1d04b9fdc0eb7,1764459610,1764459613,1524,34508,,
0xf9000f220ffd02926fa9c5052dbdb018f0fe4f83140a096f765cce4fa60836c7,1764459610,1764459613,1524,34508,,
0xc3bc96f70389d5c3f2b099c081cdf0e7b00adc7539c99f90e13bc12cf6a1cce1,1764459610,1764459613,1524,34508,,
0x74271204523d1f5b7aafa5e19f56056c0b25dcb0e3b090ece563215d416f61f9,1764459610,1764459613,1524,34508,,
0x73b2543d6ca7b98d6a3ae0f0e885d307f6d8bad5fa0f35dfbb323bd21815d421,1764459610,1764459613,1524,34508,,
0xbf7cf919750f4be0e184c424765ccbaf5a8f390e4e49f8905671fca0037be61d,1764459610,1764459613,1524,34508,,
0xb52c5b01d73cfb09dddfe7b5e91cc1e0342f741f262dd57ee4e8d75dcbf47c11,1764459610,1764459613,1524,34508,,
0x1314a2ef9dcfd48dc6aae2613147d3ea79512e71a952bda9616183b9cd00d1d1,1764459610,1764459613,1524,34508,,
0xd6570a555cff5d264503f9b52da250d6fcf28ad40f6fb7f4cff64bc1f4f06c29,1764459610,1764459613,1524,34508,,
0xdf4b283f4eb45816d7127c39bc6bc02d8e30c5439c3dddfb37c1dea9fe59cb0e,1764459610,1764459613,1524,34508,,
0x15d28ed5aeba7eba9ea72d0b7c4ad4b9fbdc6be1f4c6db2ce6e201a6fdd7989a,1764459610,1764459613,1524,34508,,
0xe3dcee35c497349c942734bee44ce930c3c85e0d116d55562b2b824f01a35e97,1764459610,1764459613,1524,34508,,
0xe7fcc750afcee08ac19772480eca061eff45802d290e6232cd6619d1c2b10a73,1764459610,1764459613,1524,34496,,
0xa4d1c8913ff74830a5c89f933a1f8dd71befd5aa53a568990a51f67f807de9c7,1764459610,1764459613,1524,34508,,
0x72a51a221475d3975f15dc59c9648d6298228826271ae0dd11f669c1380fa8d5,1764459610,1764459613,1524,34508,,
0xe7760fbfcd22693ee14da20603a4816d53bc8e7f288b00f6ccd1fb4b136ef446,1764459610,1764459613,1524,34508,,
0x10c4606c508f0da67db409f5b8250bae400b7876cba06366bd990980ceb0d07b,1764459610,1764459613,1524,34508,,
0xe4a32759226c0200542f68abef43443f90a093b371084a26cdee6ced1571769a,1764459610,1764459613,1524,34508,,
0x5dc4bc782ca0a3a8c9fd55144d35627a2cda5a56dce51c63bf9f05908fd587b9,1764459610,1764459613,1524,34508,,
0x02a44f0b21fa6e4ffb4d75721039e598472a5bb67dc8ca4d10a510cc4aed108c,1764459610,1764459613,1524,34508,,
0xdfbf6c8cb15d6a16d2731e04aad8938d4969251eff42a9f50a9a3e42ed132410,1764459611,1764459613,1524,34508,,
0xdc9a431c611c7cb720024391898049ee04eaa16179e9ffc8c7b527e9a91adcf9,1764459611,1764459615,1525,34508,,
0xca7d9d0ddb7bb76bfece19ed0a6ce3fecd5291f5abd9ef6b3bdec87f7b967392,1764459611,1764459615,1525,34508,,
0x6904ddb3dd467841d3b5eacc2991198e8fbd0fe97d37af16ccfceb8b5ee682f8,1764459611,1764459615,1525,34508,,
0x118e14bc0a1b5214614c15e7d9411e8eccf08f75aec3be654d21e52d460af262,1764459611,1764459615,1525,34508,,
0x8008268640adf3b8540dc0fc4d07f66cad005ab1afebd3c8161712930d8ba4d7,1764459612,1764459615,1525,34508,,
0xdb96ba62d7e1062a9c877bc383c09ee7bb3e81ce685098fea8665b4da017ccf2,1764459612,1764459615,1525,34508,,
0x18440925a274481e60971fc286b06cf77bca44ec8691ff85552f08881958db78,1764459612,1764459615,1525,34508,,
0x3e3d70977ba0fdc2bead38939516d0c46328b7cab8505956e68d5dd0dcd82e3d,1764459612,1764459615,1525,34508,,
0x1553feda9ea56a4347d1847e78dd3b495a0a0f7d7392a8acccf73719cf8fd1cf,1764459612,1764459615,1525,34508,,
0x4aebef6284d624252d08237441a347b056d4ac88c4eff4baca9bbd5527461eda,1764459612,1764459615,1525,34496,,
0x974ee36ea29471123f208f70a2e6ee49a5be36c3e6bdca53b4fd9159065accb2,1764459612,1764459615,1525,34496,,
0x317a6b5ef8df9b74f1b83fd88553082fb5dfa1989f9c1b3bfb21b92d02bfe76e,1764459612,1764459615,1525,34508,,
0x313ae95a4f043e8b288aff0c246a2de854b4aaf8af3594a39221e71f9ad15abd,1764459612,1764459615,1525,34508,,
0x53558422b1291553f89847deb533d94ffbc3b05df1e7335bd44ccf24eb5df644,1764459612,1764459615,1525,34508,,
0x4c4fb49793b220f848e50c809d2fa8e3545347c2b32c132cfd08fe036ce5feff,1764459612,1764459615,1525,34508,,
0xffe41461460ad37bc1616984d666c15f576735d8c81a501f6e29ff852c9ec1e4,1764459612,1764459615,1525,34508,,
0xa195056bf6c612b4c3f1c1c0ac6ee56a1cdb737440defea95589b55785ab3c3f,1764459612,1764459615,1525,34508,,
0x2415c395ebfc1f77638bb03b2d83f1e78e2a00ce04bed67f815ac04f8f934026,1764459612,1764459615,1525,34508,,
0x8cfc40acd3b2c357f72f4f68cabf4c38c8e5d73c0f85c610e08e62f7a3438049,1764459612,1764459615,1525,34508,,
0x492e03e47a7dc25aece5a5c3454935837fe23b76c04c78829db3584054875a45,1764459612,1764459615,1525,34508,,
0xdcbdc60ebeff30fff3fb7eadbee4ab4510cb242852e105492eb15cc93a7cd0ed,1764459612,1764459615,1525,34496,,
0x79e860406cec4613c6938cb8b75140202d6003e6222541f1b493a40dfee3f48a,1764459612,1764459615,1525,34508,,
0x8c4a78fd53f74231fb1c00ee79902f5e25b755fb640a80712d8cfcb6c5ca3ac8,1764459612,1764459615,1525,34508,,
0x4235f1b9acef87216fa83ffbef6f4aeca557f202572d366a828406f6c7783d49,1764459612,1764459615,1525,34508,,
0xf83510a803b8dd45441576f9609a28797fa8a840508413be495830af787bf7e8,1764459612,1764459615,1525,34508,,
0xebcf11544e6e873b80f20c8ef2c9a082b451c15ea6010b7429b8e0acaf506278,1764459612,1764459615,1525,34508,,
0x6d7d60e23adb83e5cdd26d4fb060d21561155bcfcc29701c32d97c800df23422,1764459612,1764459615,1525,34508,,
0xf04740d77c7e551b97bdf0c3008fa057e2857e0d0368ec2465d92a402592e673,1764459612,1764459615,1525,34508,,
0x88572df69ee9357020f2f7c4f6ce65143c05b889322833b0de96835c0186ea3b,1764459612,1764459615,1525,34508,,
0xf8f32a55a4a04c3358b5c2d11cdf24fbb21da7a8b9c41ba1e7a52bbf1e4d7bf7,1764459612,1764459615,1525,34508,,
0x7e9f84f646e8a3d1aad8e6424415f870985679b669c7c697a68914b325c16a91,1764459612,1764459615,1525,34508,,
0xdb7745e94e0d9bcf5a39bad1aed8582577e8fd1aca099a5af15b8d98cd1aaf1d,1764459612,1764459615,1525,34508,,
0x6eb7deeface6b4935407ca02f7f0bda9280857aa6500be5ebd1d9a0aaa8e61e4,1764459612,1764459615,1525,34508,,
0xffd3fc925e23b6aeb8995f98fa06b4e4efb15ba6935116a8bf23a6a3176c889e,1764459612,1764459615,1525,34508,,
0xfd0aaefea39812d0638a488557e3d2338f0494704c08c9bba3138f0c32a1ef41,1764459612,1764459615,1525,34508,,
0x62e9886e89493b656cab23643098f383466169e5fa288b2221057cdde9e90f0a,1764459612,1764459615,1525,34508,,
0xfc01cf1d69ffd5f753a046236bea6a65aed4c1bbb701db8e38e649397115efa5,1764459612,1764459615,1525,34508,,
0xc3ff6905af6c011e55cedd9a5ff5890541ec6e6e2c624397d6621bddbe43c443,1764459612,1764459615,1525,34508,,
0xc0e793210eea09952791aa06d2ebc44d62a99b1858cee3b3fe33f2ab71acd316,1764459612,1764459615,1525,34508,,
0xa20317e9f72ae42766669686dd5e74a569bd07ca7e299a0e08fe3a45702b052a,1764459613,1764459617,1526,34508,,
0xb1a31bafbcb2b9a71ee845d7098b2561b3516cc38b4c643f25fc36645145ce3c,1764459613,1764459617,1526,34508,,
0xe867931a537a4e096ffcd24363d95ce5aa3c08ff2b1114b35a5f4476be3006e3,1764459613,1764459617,1526,34508,,
0xa0835a36dac40e76788390a764454c029de387c55d07b67e1dad5f553ce10dc9,1764459613,1764459617,1526,34508,,
0xb13dbbba9186b570a384df6bd12cb97f1b0772df9d5f69e4c08e91983c390700,1764459613,1764459617,1526,34508,,
0xdb0d91034fb7734f254024277f8cd0d692178ba0ee0be7d011e2eaa4499f639d,1764459614,1764459617,1526,34508,,
0x3528c595a5d36776bcc23fe6d4ef9583f64504784e3998acd2272dbb12479713,1764459614,1764459617,1526,34508,,
0x8a70e998b30dd8b7317ae9ed46334c8e07ec65b3c3143be2d020bd28aad05839,1764459614,1764459617,1526,34508,,
0x2ee2ce3f3ee69eba29594e38db0c772736f615916518fe88f85f2bde8afa08ee,1764459614,1764459617,1526,34496,,
0x04a3d00de078c63a1cf267717ee0d8c4b68af83e5b01797be62fd2eaf4d200d6,1764459614,1764459617,1526,34508,,
0xfe4dd67512762c4d118f0139d85bfafc92123a16768e35f1eec3492f836fdfd9,1764459614,1764459617,1526,34508,,
0x54a37abc7a8aae177282e992bfed11942d1a2112ab4883dbb20d5705a19de44a,1764459614,1764459617,1526,34508,,
0x65a3e86dcab43029e25ecab7ef31d5ce41da44df1fe7840e98dc695d6aa08019,1764459614,1764459617,1526,34508,,
0x9969843b12c1c4fa17687fea67f8109fa6e63ee9cfb8a56e33526afdd0dafd9c,1764459614,1764459617,1526,34496,,
0xb561b17f66171f9d6708a0033e52ce4e2c4edc12837cc79b540ad9cd1e47d2ec,1764459614,1764459617,1526,34508,,
0xf6b081bb396fa3ca965b1d1fd25714b9a4a30ef8fea4a55e41ad7d1b19580a3e,1764459614,1764459617,1526,34508,,
0x24b19819ab3dc7d49aaa77bcffbf767ed7c29483dedea6743ac274a56b54fef4,1764459614,1764459617,1526,34508,,
0xceb7fee52e2fd0d66aaa7babc72a0e2f060ac991bfe684a0ab1b9464c5616ea2,1764459614,1764459617,1526,34508,,
0xcf92dbe87a6c8f104ecf3a6295ce00adeb06006dd0beb7c20df5418b457f6101,1764459614,1764459617,1526,34508,,
0x4c017bd61cb82af589726b98be9b154ddfcde39ea2e2ca924b8bb710700c5481,1764459614,1764459617,1526,34508,,
0xc9d17bd8a79345106a9eca34932d0d894bf93f2ec7d7171e4aad60f0f242afa1,1764459614,1764459617,1526,34508,,
0x2fc0e66a148da87154252d561ca24edd827e4ea5161a7e63c5fd9c5ce70fe8f9,1764459614,1764459617,1526,34508,,
0x2e0bd78c774063d1b31b2439ebbdcf7d21047f8fbd99df607e0a33e56f387153,1764459614,1764459617,1526,34508,,
0x87b862a6c54ba1283e02a6edd1eb3292d675e144a80b466ffe36a9b20c59b803,1764459614,1764459617,1526,34508,,
0x7456117ee4292125cd12e4aec5919c8987967b7285b29fab16568aeb0ef09b04,1764459614,1764459617,1526,34496,,
0x135ae97d60149e167de7c733fe2d8b2cdf93677df6cc285a12138985c47af01a,1764459614,1764459617,1526,34508,,
0xd18adcf6bc437ec9b0239128d86bcb431fef565c0fd16b78b9740f695ef42a73,1764459614,1764459617,1526,34508,,
0xd0ae188b75badfec57f56783a3ad8263005b84f93ee62dfb3a749d1ab5bb0fd4,1764459614,1764459617,1526,34508,,
0xa7a26d6f241946d59d151ed76287ddda9a1712b5820dec78be8967832d73bd69,1764459614,1764459617,1526,34496,,
0x3fe9a0028bf3856cc10240496d69aa894126a5b14ac69822ddf80bb6813cff0e,1764459614,1764459617,1526,34508,,
0x0412e3fcfe40845064908988e6ecb4b1a595a365c8d353c328cee6075a814add,1764459614,1764459617,1526,34508,,
0x3b73ff43b5f5760d6eead9a9f45cb98b6bee20bd30e0bec3a23b92c7c23f9ac9,1764459614,1764459617,1526,34508,,
0xfdaa69c541fbde881d46a97ab6d1645b7bd03c9921d2dd79acac06f5cbc47392,1764459614,1764459617,1526,34496,,
0x27e2bbc5d6e616688538048f2c1d334a5b3254e12f6e15cf84e754a4ed76d84f,1764459614,1764459617,1526,34508,,
0x511937c885b829afc450670aeb52dd64ad43bc3558443e72546daece15108be5,1764459614,1764459617,1526,34508,,
0xb5950bd4f375d7c9d20dfa9382131d7b3da26189bd0bf92df579e6afda9096dd,1764459614,1764459617,1526,34508,,
0xb7a0737621600a51c76fccb2ad303222dab31264cee4d97b40490c93e4a35072,1764459614,1764459617,1526,34508,,
0x1a72548dc2b9e7ba76cf10825d0e2a95ebd2ad97e4537b0df30a1d10e433a501,1764459614,1764459617,1526,34508,,
0x067315757d0543ffb83179afaf402167e1b93f5be3ec50b48ba53a927f93b514,1764459614,1764459617,1526,34496,,
0xeea05c6d9ab9dd4c3b1d5e8184b350d8e9998afcc1b9975f4a98472e0996be60,1764459615,1764459617,1526,34508,,
0x735c88b6df0a52b89a459b0d35874699bb3d95ea60b38c330100cf90f0da70a1,1764459615,1764459619,1527,34508,,
0x99f5053a142248e2676a0fce9818c130a1f1aa18e3e6afd6b92c58355010d38a,1764459615,1764459619,1527,34508,,
0xb13fa8819d400dec9cb33bd0f16d043eed2736b4d5702cbad016762f584b0102,1764459615,1764459619,1527,34508,,
0x02daa8530d7c93ddc352e6106800bdcfc5b1df6451d75b453d5cf44d26f04d85,1764459615,1764459619,1527,34508,,
0x0653dd62038c9bce3fb9df92d9859f0dc403ea563760f5d4651372c05448c8ed,1764459615,1764459619,1527,34508,,
0xf59ac67216f25b795fcd017d4003345e6370e9ebd6fcb9902955e23899544d66,1764459616,1764459619,1527,34508,,
0x4ebaff56331cc8b2a72d6715af51f9cbde878077df2e6679c763aac943934d59,1764459616,1764459619,1527,34508,,
0x7698f6376a03f806f4695f540f14216436bf21aaf1923dc2b5a688e6b58667cf,1764459616,1764459619,1527,34508,,
0xf90ebc15f083960eee1b7972e9e3153c86556452181a30d386c1af1f4642e214,1764459616,1764459619,1527,34508,,
0xcfcf5258716ffea448ff37befb6721c04e9589bff4cdb3290c3c650be8c0008d,1764459616,1764459619,1527,34508,,
0x26a629a3b8bca3ad7d2751b8f8d8b51019e810ea4f2a12327e73046389f258ac,1764459616,1764459619,1527,34508,,
0x37813c05ef087b4c17d2c6b340d3e4c292fab2ac01c20a10af04dd26d90df48b,1764459616,1764459619,1527,34496,,
0x52233b0b30b1167127d5d02c363514d2a01bf46210e47adbf453516af83151c9,1764459616,1764459619,1527,34508,,
0x4d8d8b992699b4710f56ddee39d59654103de32cf2ed40829d7244f7feabe4ec,1764459616,1764459619,1527,34508,,
0xd61a6929e19d5ee48bad3c2f34c94bfd7f0b2aece4e8b4cbc459095c0e44a3fb,1764459616,1764459619,1527,34508,,
0x50899b739769be4ced03ae46b237671966e6c2001dfb9d4ed250d47432903a96,1764459616,1764459619,1527,34508,,
0x5451fa4f0b87ab7e260612fa75ba23d5d8d880b8dc27b1945a682e2479c1427c,1764459616,1764459619,1527,34508,,
0x50670d82a491adf5d6b0bfe90713188e2cb6f22cb12f35f7e76484ee444afe40,1764459616,1764459619,1527,34508,,
0x772d3bb3278be0cac918e343e2babde3d86edb7e741860a6225551835d8fabbe,1764459616,1764459619,1527,34508,,
0x43608d72b89d9fd7f810dd7a7d43cfb24247900a9090fd38dd4003bedb14708a,1764459616,1764459619,1527,34508,,
0xa6ec856d3d1ecca415a043f622d6cdfb61141059377cb26e24eb65d962226c31,1764459616,1764459619,1527,34496,,
0x374ef127d44aefe59ac0587fa6464f7170d1f1ff252feb7df0f45d6f00cece48,1764459616,1764459619,1527,34508,,
0x8dd5c41511f7c142b76aedc30e640b287c6086e1ce568744fe4e423c9cbdea3a,1764459616,1764459619,1527,34508,,
0x09b9b99114f8f71951ebd1728e5c98ff9f30e142facd8180e7d06dd7fcf258e0,1764459616,1764459619,1527,34508,,
0xaeb576c2c3ea20525e57efecaade1d549fe849cd020de09e013f46b98f920981,1764459616,1764459619,1527,34508,,
0xce399e07c627dfd33c86639a8099196ad07184b811a96025eea466821c012129,1764459616,1764459619,1527,34508,,
0xb188cfae3d4cb731010608e1874da997fa96aa57e0aa97f47696a1ad7de38d78,1764459616,1764459619,1527,34508,,
0xbef0fdb3daf3c2c12b0cc59feca220f47c1152c9d22527c7d733c8fa80e44a2f,1764459616,1764459619,1527,34496,,
0x52402bc3aff923f992636ec71d3cdbb881a5fcbb4270e363feab71809063c57b,1764459616,1764459619,1527,34508,,
0xcef389588d95c47e4dc0d6b92eef8696b57a354fb6b099e33ddd7ce0fd33b8a9,1764459616,1764459619,1527,34508,,
0xbabd1d197c8d052012a5a15916672a53010ca151a6780cd19e3ba8c6d7e90f07,1764459616,1764459619,1527,34508,,
0x46ba3f9ed2347809674973b3945840c4503a9eca86a45737ba71c1a9d211578f,1764459616,1764459619,1527,34508,,
0x73da266da0dafc9353792c348f801e69bc74668d1e258fbd86561a8d28680623,1764459616,1764459619,1527,34496,,
0x5813bc41c3d0d9c49764fd0741f23bd42dcdcac8011dbd732ecd0de3d885dd8c,1764459616,1764459619,1527,34508,,
0x9cf6ec3b5a273dd9017cc1c093d96bfc9cf87ffd71443f4e90c26d4972758390,1764459616,1764459619,1527,34508,,
0x48de29e337ad77dc430d7b6b023c97d084a9b22dcd957c2f34e801ccdee11a3c,1764459616,1764459619,1527,34508,,
0xada1b6100390b9e8b3c9c7279c060e0facc22945146bbe6f32d3cb0608c8e857,1764459616,1764459619,1527,34508,,
0xae3247bbc08b735815a48bf0b0e183169a29fb738e6887ca080dc03553661188,1764459616,1764459619,1527,34508,,
0xc0c2e1215e883c5ee70f8e5961b881fd9813b36880cb52cc240bd976e7e46d85,1764459617,1764459619,1527,34508,,
0xbdda49feaafa2b8f6917c3c8174c6a5417862064623562dcf30574c8ba14b184,1764459617,1764459621,1528,34508,,
0xe1e01156986e348b33c6a7944036b0e185eab06f047731488d6f33f1e13374c9,1764459617,1764459621,1528,34508,,
0x9d4b86259394356313c9ad2e3d5a01591320c8e6c1e5afa1a64a09b2bfc937c4,1764459617,1764459621,1528,34508,,
0x28254d22336842a10bdf12ad70418f6a3a4ac93d4b0e3a5154f141bb74a6f0f5,1764459617,1764459621,1528,34508,,
0xa6e540663b8309e3d946c38fb47503be47e40adbbfb2ef25a964cc98b0b425a4,1764459617,1764459621,1528,34508,,
0xdede189ee5ae95c06ef39c5d9216ebd52c852d45af92fe86d456c05433740468,1764459617,1764459621,1528,34508,,
0x3370879f485ef530fdacb750cb9805b137527d406d99d705a7960c7e60a6a30a,1764459618,1764459621,1528,34508,,
0x35cfaa07946eff067198f46b3433b94405962b36eae606d60c8d2ed93d6d8341,1764459618,1764459621,1528,34508,,
0xaef2f9edddd5a173c94cd2797095ffa145e12e7fb18a66c344c3bb008eccdf2f,1764459618,1764459621,1528,34508,,
0xd3839dcbccf457729c495f82586d4d388568153d97af9cc0c6c190098188816e,1764459618,1764459621,1528,34508,,
0x415dc3c577a865b3b66e4ec9352043813e2ab17e7b8fa41a591fe5d3aa1a6d96,1764459618,1764459621,1528,34508,,
0xa375820ef827ef26fe4923ff6d3ede394737f43e0b9d42c02b8ca71cca888121,1764459618,1764459621,1528,34508,,
0x632fd282a3f17161b270ae90248bec4b2a974946e177b4c96d8437d8d8f3f5a3,1764459618,1764459621,1528,34508,,
0x410e5bfd4c4c170af9a80746ee356d88cee7d58f662c778e3e9ce9d50666092c,1764459618,1764459621,1528,34508,,
0x5e62a8d1b105cf5a944cdd8e96b6af3cb29c76fa8912c65014c3d5e96b3ae486,1764459618,1764459621,1528,34508,,
0xd9bb0769bcb6460266b453256919e367d5d26146857aeb73a4fa39991b72ac8d,1764459618,1764459621,1528,34508,,
0xa8dce4f06187e919a0d5c80e9759862175e8086b1cf1a7d01e86629ffd213013,1764459618,1764459621,1528,34508,,
0xccf3dfe291d004d93e9b3da5a60f57d9413916dcc54d07cb6d2a82e023df794a,1764459618,1764459621,1528,34508,,
0xa0a2dea7c60d75e3ced8245c6c8847560c9796143fd64cb6731ac3614b33cb27,1764459618,1764459621,1528,34508,,
0x6013598662fc61af382a9e87bc9873ef4b9e72a5dd985fcfdb820c1ada4670a4,1764459618,1764459621,1528,34508,,
0xda3eaf7b558c1643dc354e20f4ba34234a242c459edd41d17482c6f6c20ef5b6,1764459618,1764459621,1528,34508,,
0x6af5b50a3b579d23e4c0d6331e0c1003cbd4f3992ef3fb2a08ad5607093c6581,1764459618,1764459621,1528,34508,,
0x66e713ede37beb973656f1bb2453dc69b110671d558cd3f76b5d044431f999ff,1764459618,1764459621,1528,34508,,
0x6a1e3798da40dfe8c92c6a29612d069471d6153c64c4df387bcb5e0292a29dcb,1764459618,1764459621,1528,34508,,
0x853845fa3354e58251faecac8f04652e868b1da63c642922dd6218f9a55f60de,1764459618,1764459621,1528,34496,,
0x5f94047c039f486833bd9c6ad5fbbdb152fed88eb16b954b84dfa9636cb12cc6,1764459618,1764459621,1528,34508,,
0xb397aa741037f36e12cbf0788b4a20dce09928df387a78695f67c4814a2621d9,1764459618,1764459621,1528,34508,,
0x97dc2e86bb8713f27af1da2c2b3213adf3cccfe9329df56fced4088255b1816b,1764459618,1764459621,1528,34508,,
0x384c938210efc55a8c7dcd0f671eeec7b3bc2d5d60337e77a232932abf4189d5,1764459618,1764459621,1528,34508,,
0xbe872511895d304c4015b363f4e60941b36bde899358c9e7e20f9ef86c192af9,1764459618,1764459621,1528,34508,,
0x0bd50dfe8ab25740722b2634fcac7c5b2287de7b284845aeeb0637a811209b1a,1764459618,1764459621,1528,34508,,
0xdff000e3d1cde3512ab1e945672c574b9cb9424335bff5d8d36d90954d7cbd7b,1764459618,1764459621,1528,34508,,
0xf86a31c70ee7f982ab51067e7f9955421b6c88a64b822b6cc30b59ff58c56b16,1764459618,1764459621,1528,34508,,
0xb0523cd6c620dceb0d92cb52828598fb6e749a1bcb80a6c8d60b381090a392be,1764459618,1764459621,1528,34508,,
0x3061e696e81726810a651c05890845390affe8f34093025716324ab08addd636,1764459618,1764459621,1528,34508,,
0x201a0b208913793818931059f66d0ff377bf0b293ade4c2b07ed89b0f471eb87,1764459618,1764459621,1528,34508,,
0x7cc8741940fba483a88ec7e923140f8af59d96b3f6cf24d1878a4b877621fe70,1764459618,1764459621,1528,34508,,
0x0404b9f6fc37744b7ae05ba8571bda41cfbb5d54d54c315d64d27707e000eed8,1764459618,1764459621,1528,34508,,
0xb63ccd575853e466e46d64b641f87a217262fa22b8c13c001e0bf63d9880170e,1764459618,1764459621,1528,34508,,
0x7b6ba774b18fbb5598c3668f30f83d63619dc79502bd424627091416de0cb732,1764459619,1764459623,1529,34508,,
0x3add859e03359c50797ac78a154c793e3f2bd776a4c2023fc2f6ef7f7204c6a6,1764459619,1764459623,1529,34508,,
0xfdbc0616fdc55769ce1a2b8f9425ac5976efce8ae8e2e5ebd02422a8c7f61219,1764459619,1764459623,1529,34508,,
0x9d2182cdba962d93bebf65467edf2dbc600b14d8f40f034bb4a728d0dc6ca7f7,1764459619,1764459623,1529,34508,,
0x7f5daaf2ee99aca612f2172962aeb21d2b9d80677e082628735277207bd734a5,1764459619,1764459623,1529,34508,,
0xf024ec7f50fbd42e2070a65af750c6c602d145863281b560f97f6d0fc88f0ebf,1764459619,1764459623,1529,34508,,
0xd5fdcdddc1d5163d17897b437387dc865f4a0934092d32e2411d576b4976ffed,1764459619,1764459623,1529,34508,,
0xeb96ff1d6548315ffce0aab9a1878763dc6766a668f4a96f51b08b631bf82a03,1764459620,1764459623,1529,34508,,
0xa12d2d282115948c954949702b7fc11e65b77d7097c271eb069817f98f384f5e,1764459620,1764459623,1529,34484,,
0x9d3f215908020e0f7eebfb6fdcfe30439659a2de098f81162aa3b270c7938849,1764459620,1764459623,1529,34508,,
0x68abdd799df277489bc31c8e79dbb3a9f102ebfd9cbc86830d5d8849ab61412d,1764459620,1764459623,1529,34508,,
0x8a03e26bd07bbaabddf4b9cb3832b61cd8b1cae8ffe68693c856f413a398c76b,1764459620,1764459623,1529,34508,,
0xe6b3ff4d95f3b52583813b7cd455763adfa71bcda0b8a97a93f90ec6bda55fa9,1764459620,1764459623,1529,34508,,
0x392aae14a5427b63851d84429bb3e9798d57159e3ad8a0f5ecebc5db911913ea,1764459620,1764459623,1529,34508,,
0x1fac3d4578029ef89cb658c69db70632e4de45eca6a114117aa12fffabe653f7,1764459620,1764459623,1529,34508,,
0xb8159188558b206ba2d9b32d4b407106eac1df998ca08cc87caa45edbba26d8e,1764459620,1764459623,1529,34508,,
0xfa261ba94a5820d0be086250e50b4612c88f4b86c4563682ba950495dbf782fd,1764459620,1764459623,1529,34508,,
0x2504e0b5c58e9faaa82e6016cd8aeea8fd6a1a9a3cd48dd25bd9b1267d79eff8,1764459620,1764459623,1529,34508,,
0xb5371c00f12ecfd62b7cd6f5aa1c6ba153e4e0d07cc32268efac4a3e195961b4,1764459620,1764459623,1529,34508,,
0x5f5af920fed1f6e2055911e098ea692291fc3d460b9688526fcca6b261383e95,1764459620,1764459623,1529,34508,,
0x02041183c77a27e1c423804480b5eb0419907b01140a0756a848f37bf6b31db8,1764459620,1764459623,1529,34508,,
0x11491fb26c41db546911310859b7001902fc2976761b04479c53cf2dcc5160f9,1764459620,1764459623,1529,34508,,
0x07fa8ad325ba4e3b7fa2aca148594fbd70dcb58760d0bfe6bdff3510e34290da,1764459620,1764459623,1529,34496,,
0x000954d4a5d450f73d8c822837feb58b0fd7168e4e0cf8a23b38ef0be3e0cce7,1764459620,1764459623,1529,34508,,
0x16551e6830745ce83c8130f4ceac5f665aabb8a026f78e1244cbd839f25ed2b5,1764459620,1764459623,1529,34508,,
0x481833849fd339cbd6953386070b164e1b8b47e3404fee68d067a55b7d949106,1764459620,1764459623,1529,34508,,
0x371af83d93632858cfa16002b9b9a2dd46e7d94f4bf4dbffb2911c10c3780231,1764459620,1764459623,1529,34508,,
0xea4b1a1e337b5ec67240f9b4d36c1b7ccddcdfcd49c56cee63faa77fc2d61400,1764459620,1764459623,1529,34508,,
0xcc8a9caaa585f36d0da05e10a61c63e1a34f63f77332766fcf768384de824e4e,1764459620,1764459623,1529,34508,,
0x076d2fa688931d962cd2b33d93bf208b2cb7d3c1832e52a9230e94cfaf4c7a11,1764459620,1764459623,1529,34508,,
0xe4902b708d1f2c312d010a2da2e8d9ef5122cb75ed5ceb500b4f43a17ca5744e,1764459620,1764459623,1529,34508,,
0xf05323da8ab16d6eeca81edd0bb9df9ccf769c78b982b836f63b227e1df549bb,1764459620,1764459623,1529,34508,,
0x7b5e6027f45bf073135d542509ca37698984019fff06395bf860d6b798d704dd,1764459620,1764459623,1529,34508,,
0xbdec465e1612554e01c16defbf9d0394b7cc4e9af76f92d69148da1a3d366470,1764459620,1764459623,1529,34508,,
0x8292466abe88fa72560acfd90399c3f6d14dea33b35aae570cee9e31a762891f,1764459620,1764459623,1529,34508,,
0xf098aa600205738fdf41392d479551aaec6f1fa2fed0a4aff7f938881a3c5ca0,1764459620,1764459623,1529,34508,,
0x51039e6b699b9a72deb26f6ab1463647eaf15e9b8482fe42e3cb3f6f8f094e40,1764459620,1764459623,1529,34508,,
0x66a27304333050761e73e9a8d66068527b17606fcdc56efee0f3b0a6f13c6069,1764459620,1764459623,1529,34508,,
0xbecb05a43ff4ecd70e8a87160e3edc2fff1aee04e519b7d218f9fcd5fe725805,1764459620,1764459623,1529,34508,,
0x2cb1894f99c1bcba76413a14c9a4193aa708b56980f36a9c949bf97784a15b77,1764459621,1764459625,1530,34496,,
0xfa823004c04fbeb1b04fb4efb01d63bd755739e5f9de7f6b336ca6b473b9279f,1764459621,1764459625,1530,34508,,
0xd422fc58856969456c6aead08d7a387dd252fa3995afeff565bd962b2d42ceab,1764459621,1764459625,1530,34508,,
0xfdbddf40681a83fc1b78f03e5211a73638bb60718dd63d8e17b413ceaf5a8c8f,1764459621,1764459625,1530,34508,,
0x0964c237ede8357be30e34574d76bede73a573688d7b8073162a9cc7ef9cbbf2,1764459621,1764459625,1530,34508,,
0xb71940db016b37e57221168c4dc4ac1bac34784957b1a7e0ec4b1dcf44c7e0cd,1764459621,1764459625,1530,34508,,
0x413dc37c12a90f68229b2f862e33567ae3cdf4f5b7851969c8d3c8ce80a9d377,1764459621,1764459625,1530,34508,,
0x32210fbc4bc49def73a08dca20795d96840731f835bc972567fdb826b43411f9,1764459621,1764459625,1530,34508,,
0x9718c69b84a0e1c460545c062611e83624441065d90f4e8e36e6670176d76af1,1764459622,1764459625,1530,34508,,
0x4dfc9f5cbbb02a235aa030caed2c3dcc9110d40f5cc1e5071a5567777c3f9852,1764459622,1764459625,1530,34508,,
0x75a73ff45e02e4980b2db679c20de4ed5fd98b27eeb9b615554b272caf00e927,1764459622,1764459625,1530,34508,,
0x64db26c1bf2bdd90e7f1d49a4fed5f4ae259b1f5ea2d89288b06de98e00c1710,1764459622,1764459625,1530,34496,,
0x49280330ef4a0a97a6e946433453e976e66a3bdaa569de9f0cf762811c08af50,1764459622,1764459625,1530,34508,,
0xcaa05eb0e3a7b808ab3d11d0e028c2f4643b50d3b7678fb4e59b1bb6c8e8e42d,1764459622,1764459625,1530,34508,,
0xf23eff79b773691d287d0c8641643ac60b6131405fd0e1c4367cb2d387b13cd3,1764459622,1764459625,1530,34508,,
0x1e0904d75bcc6ae31ebe759797790552c1c63059bf9705ecd23dfe4e89e88fee,1764459622,1764459625,1530,34508,,
0xa4073efbc1eae73391e8b0f4f315b830399d2531d8125685d332f51eb68c4127,1764459622,1764459625,1530,34508,,
0xb744effab61e3dced78a39dafe3246fe6c7337f8c2a79fc8d491c92fbe89924e,1764459622,1764459625,1530,34508,,
0x9dfcde504ac51c91f76cd0572b6a748916cdc7fb980b1ece18954b1b5b30f382,1764459622,1764459625,1530,34508,,
0x49152492059fa88ae229b1993fb7ea3986c2af5633b5af7aab363449a6edb9d9,1764459622,1764459625,1530,34508,,
0x3f16905dc716e6d8ed4181d262a9e69be2656cfc9e4d182518307e818359b35d,1764459622,1764459625,1530,34508,,
0x55a1a1953a0752fe6482ff09a5fcf0f4942aec7ccc1343a19ebe89a9375eaa07,1764459622,1764459625,1530,34508,,
0x926a574ca4a93e7440c06867e7db2e11e1578b76d752a8710990e6bac0bbb9bb,1764459622,1764459625,1530,34508,,
0x5cc0485a5f5a576a873d88769ca0363971919aef5816c4733ab9d98657125236,1764459622,1764459625,1530,34508,,
0xb303378f6ed1f570c693e3b9cae866a0da62588fe9c8177c462c8f87260e854c,1764459622,1764459625,1530,34508,,
0xc0fd83c4367c6f59f72fae67f74075891d49501ac2844cd53008c8d688a10aa1,1764459622,1764459625,1530,34508,,
0x348d24d4ab852c900aa7f8e8c389aa941a477ebb13e853d40a04a8a267e14994,1764459622,1764459625,1530,34508,,
0xdd9a97a5c9605bf83324e9203dbcdb7bac29fe81e361e16d218064867e54f119,1764459622,1764459625,1530,34508,,
0x8b83f47f59aeff4d9d56a948e8c9b8eb291b7595832509dad838168197122942,1764459622,1764459625,1530,34508,,
0xe1538447a6633cd66482dbd04a274f1d2e18c5e3a05953a540ae4ec649cd6f1e,1764459622,1764459625,1530,34508,,
0x8b7514a6a1875e98a7454acae92a684068b6de3755b105fe60e9a191da89b953,1764459622,1764459625,1530,34508,,
0xf0c2bea93633c31f2032c23b9c8fbccc6576f88ebc467da10c502171668950d9,1764459622,1764459625,1530,34508,,
0x7ea73666aaf926e1124cd2908b3682307ab553451389e2a6364cd82f8e9de167,1764459622,1764459625,1530,34508,,
0x56081ce3e2dd36db20e68091c92ee4b3dc250e5653a0dc21ee1f421b51474532,1764459622,1764459625,1530,34508,,
0x9dcefdaee853d0b0df021da7a7924215c826b88e06647487787fdcc22135280f,1764459622,1764459625,1530,34496,,
0x13c692f86e52b3cdddc946192ce425fa74ab363b8491f5505538aa51072f19d3,1764459622,1764459625,1530,34508,,
0x2e3ec39e6be44a748843cdba5628261daec824260bd4269da728f7dd6775f93f,1764459622,1764459625,1530,34508,,
0xfdee02a966772e020f70ea4fe5e6709103f36955cc9a3b95193e9323baa7001d,1764459622,1764459625,1530,34508,,
0x1c6a54c23fee22479ecdbdec328ef24c79cf61537f2b95105b41b9727b38af7d,1764459622,1764459625,1530,34508,,
0x0c371d0827b7e17edd28eccc5523d02efc3d63bee64569c49461850bbd5d6ac6,1764459623,1764459625,1530,34508,,
0x83157878bae45cb06cdf4530a9b875b094adde2d26130070dc5c1cff2114d51f,1764459623,1764459627,1531,34508,,
0x9dc10065e5fd73f55e268066016e39d49fafb657c4976f5794637bc05fd80764,1764459623,1764459627,1531,34508,,
0x496c29909b1ad9da60b5eb66fb8ab57e5ad8fa988f01a15f68dcb12e823e8e38,1764459623,1764459627,1531,34508,,
0x4a8e1a0a733df39dc786add3a22a555b6e7e0abc6cd8ad2fd827c11f1fab3e40,1764459623,1764459627,1531,34496,,
0x38f852caddf4b640dd23846f89cca95787c1ac37dca3d8ef611ef5867f1c4205,1764459623,1764459627,1531,34508,,
0xf04a9a47a3932142c27c8f90dd923454659f3620450bf7f2b01cc751fe6bf6b9,1764459623,1764459627,1531,34508,,
0xdf8dc07a8f0a783b47dc27f7b080c30505093140ad6cb11c3923234e234a225e,1764459623,1764459627,1531,34508,,
0x30cf79080cf89fd9f1a3e8fd37c8f679ea6c82d9079e3daad669aec8907f7ba9,1764459623,1764459627,1531,34508,,
0x56a6e9ebb323a098470cf8f9eb4353ba7db69872538ede2bf5887f2354f65544,1764459624,1764459627,1531,34508,,
0x492c9dae52de31458f3d359210acb3e83df301a8ae7045dbf1223ae4c13d9f2f,1764459624,1764459627,1531,34508,,
0x692a061c5547cfa997ded38908b37c8ebdf8c3aac9068cc204b16da5dc56d35f,1764459624,1764459627,1531,34508,,
0x7a1973212b594d446c4b0bf34e218609c5a0cf9f2af00ee60b65c78e5c562d26,1764459624,1764459627,1531,34508,,
0x2abce7e00cf5238dc84e3a002d1006c27f99be32f7767d34ee8dd58073528091,1764459624,1764459627,1531,34508,,
0x2b184099880efcbf28c0f944855c38fbee12ea761fe9b6f8b8b40411d19f901f,1764459624,1764459627,1531,34508,,
0x63712081711b68a42bec87ac90aac5b5ce1f3b4e23e9aa4d5e12a4e57f167202,1764459624,1764459627,1531,34508,,
0xf1ed6f664bfdc7a120dd41fb970d9e0b9d70d044b331e420d2a181f10de5d0fa,1764459624,1764459627,1531,34508,,
0x237c93898d7c90265ceae0e79503bcbefcee237adbaca21a0c1ea9cea8fcd8aa,1764459624,1764459627,1531,34508,,
0x871ce85bc2d43eb8feeb7833a7e7da661abe9c851e47c45e89cfc34fea7a7a3e,1764459624,1764459627,1531,34508,,
0xb852f61ba7bbb3d5c92b1fcf947e5fcfed3f5d31502f419874f932e551619b91,1764459624,1764459627,1531,34508,,
0x553182d3011d975465c91017cf94c12c51498da6eac80b77fa249bb75eea9c7e,1764459624,1764459627,1531,34508,,
0xd3321b2941ec48508b78db19d0be62fe8b940e2329e5a7b42b75b6768482c4aa,1764459624,1764459627,1531,34508,,
0x91c1bcb953eba20ca991dbe7b7008a572051c07520ee9c46e1cac31ec44d7b71,1764459624,1764459627,1531,34508,,
0x2f805d105e0a889b8cc762875b417ae04eac8b1e0b824ac1bf714ccb1ae2d543,1764459624,1764459627,1531,34508,,
0x564e81d9b33344a9df78c5a2fd6dd2b4931285616786908abdffa1d3b8e9e93e,1764459624,1764459627,1531,34508,,
0x8378cc1aaa516c6b91dd9eeb549782e80c91a4bde425a7187e6d8c1f7e44d4f3,1764459624,1764459627,1531,34508,,
0xa4d2b585dfc7d99f2caf7a491258c5eaee29e9c127f053018d35f6fd0a8f1704,1764459624,1764459627,1531,34508,,
0x5f02a47e6531b17860cfaab5420bb5d6ed178e78c0d11142811a3318781fa080,1764459624,1764459627,1531,34508,,
0x856b36433678e1328b72f3c9affa6fec2bc3a7ca9e85ad2f5e180720dd42cc7f,1764459624,1764459627,1531,34508,,
0x94aeccf50c6dd5c7aacb65fa1cb20dbfbcd270966967ef9afb2c64cd3c3fc2ec,1764459624,1764459627,1531,34508,,
0xfc0302fb341bfe76e03a3b36501880e4d8603c93e7038ad95c842e81b83aaa08,1764459624,1764459627,1531,34508,,
0xaec852f759aa7b68d13280c8ff9d8a9feea112125411bb53caf57607b51dee71,1764459624,1764459627,1531,34508,,
0x696b638540454dca92c57ec55e55077b9d1c17413c88b92a190baba442daf4e4,1764459624,1764459627,1531,34508,,
0x9077a5248438525dca52a5fba6f4738bc9035e201ae88f07d1e09e5fdbb5d00f,1764459624,1764459627,1531,34508,,
0xc3093076d705b9e4575bebee34788ed294bc2b229f3efba848896eea75af9bf5,1764459624,1764459627,1531,34508,,
0x48fb06d2d3bc6041d6528780601ba92f2cbeaf71b0dab0b63c1171fd39ad247d,1764459624,1764459627,1531,34508,,
0xb5ba35618d2ae84db2b78d0c5aa17f71b48076b765b08022032c7587d82c6c8a,1764459624,1764459627,1531,34508,,
0x0a880107e453d628ca56328bae74270c29b01b78c18dcb6948cc7240dcb63356,1764459624,1764459627,1531,34508,,
0xf18293b73541c507ffd2bf925a0999dac294283b6c550c1967bb198b43dab4f4,1764459624,1764459627,1531,34508,,
0xa9f39d3dd60dcc9c6544cec6b50abd97881a8a0a9d92eee2d3aad29fe42c4d58,1764459624,1764459627,1531,34508,,
0xdca9bd9769eaa5cbfd3a189619caf68089876d5f9da68d3c98dfe93ca630acf5,1764459625,1764459629,1532,34508,,
0xfd63c67a5a3cd4d9cf82b664d36a1a36195274c374d3ad593a0d0c0d3defacf3,1764459625,1764459629,1532,34508,,
0x150d73f113da506a6b4129cfc0afb54de25ab37a162956c6ea8890283da9b08d,1764459625,1764459629,1532,34508,,
0xce7c9809a01edfc569e424af194448559790bce9ecd7ca2c55e3527c951cc912,1764459625,1764459629,1532,34508,,
0x7b6423fe04a500e924001e10441c5a78d9a8168fd3602363b164b42e90e19c30,1764459625,1764459629,1532,34508,,
0xcddb727013d2e6dda0fe0e6b345826beaa453cae8a71325b1bc24542ed0553e7,1764459625,1764459629,1532,34508,,
0xcc19d2c7f7722fe94d30287e4e8433d59360d0944c4545252a8e59bdf63d8cde,1764459625,1764459629,1532,34508,,
0xb0ddf0dceada49d1165caf465bf04e5856ce5c3ea4d33998775f6bbcb12e43d8,1764459625,1764459629,1532,34508,,
0x5d70c0e72931e36e6be04e2af007929dacb956b42554faf3f05e0590737b757f,1764459625,1764459629,1532,34508,,
0xa18b086e4e08b916a542abf79e7e09276b8d3e9704aacb6565719d8a32a923a2,1764459626,1764459629,1532,34508,,
0xe2094d02b4975a06c6a91cfa611a985c71feacc53590817496f2391c4b8d268f,1764459626,1764459629,1532,34508,,
0x1235befa4039fb025d09c29205e00429086f495276ab786260b159620349427c,1764459626,1764459629,1532,34508,,
0x641580dda4c63a8ec8be2010b44495df310f506a41524595f0aa45454fcd60a1,1764459626,1764459629,1532,34508,,
0x3679db0b8d04cd34d73199c17b8aba51531cd384047347edfe1a1237437bf75b,1764459626,1764459629,1532,34508,,
0xd572f3a64e10b753a516fa40c7a98b914c523b460fc357b4f6fbc852d983d740,1764459626,1764459629,1532,34508,,
0x63a51e8c53f6106683122d8de425e7cfa0db8bd983e938a33042a0cab88f3dfb,1764459626,1764459629,1532,34508,,
0xfe6552e7eeb16e701783a76fe989a4d1327a50f1772112c10808f34f758ad458,1764459626,1764459629,1532,34508,,
0x879ba4d67176ff4d47ce9b2f54881dc1454844eda6b7a1dd7223a6dc3d0e453a,1764459626,1764459629,1532,34508,,
0x8e9e6b4bb2a04f8cb359446bba3a034bfdc06b47261176bbf8a119cb637849e7,1764459626,1764459629,1532,34508,,
0xd839a1e42e5f4a57a9a52f062e6f80deaaf596a41363981c193f2327b7210b49,1764459626,1764459629,1532,34508,,
0xb6348a7965d413cc06e89efaed9570201e3533c3e80e3d485f6ed115145070cd,1764459626,1764459629,1532,34508,,
0xd3b845d7814a7436d94bb9c792b9c72d48c0f373ec43e3f34949a69129bad93e,1764459626,1764459629,1532,34508,,
0x25b4fad0cc8b3b10155623496eafff18904044f01c8858264d388f1f4b02cdf5,1764459626,1764459629,1532,34496,,
0xe5a644d0e131ec66db66b5f6368dadab079c8a31a4f01fe5c06acea182e0b4a4,1764459626,1764459629,1532,34508,,
0x80fad9dd97aab25d0ffb80351a55553110ef41a6314a434a2da962454327f935,1764459626,1764459629,1532,34508,,
0xa53b8307b56b98b2176cfc580ff144774dfee9c327297134f16654942bc59abb,1764459626,1764459629,1532,34508,,
0xf8df0b292979960d7c11b5941f8305116c5fe3b67b2b7ba5f52cc23e3b0a81ba,1764459626,1764459629,1532,34508,,
0xf36f13b9e9b07119a1e6c4239e3fe513bb98dbf7b916094a1cada5006a5bfec8,1764459626,1764459629,1532,34508,,
0xbc0862275eea38da6f410355fec14bf83a2a0c79ca1583b0d7e8df93607b2d11,1764459626,1764459629,1532,34508,,
0x1753fdcc1841a4562edbd75097a18ce013031a2969c7a75b69627a850755ea86,1764459626,1764459629,1532,34508,,
0x142ee1ee22257a24240a9bd100ab8b48d3c086fcfaf1c1b3e9948aaa5f54aa08,1764459626,1764459629,1532,34508,,
0xbe320c5f25237c8ba3b4bc3bf683aec2ba2414aa33ef89fac130ab0becac4b71,1764459626,1764459629,1532,34508,,
0x93b8584bd2f90798691ef1a1f060c59f3479fd66addd35d5a70030befc081d12,1764459626,1764459629,1532,34508,,
0xc58e123cdea542007e636fd58e55015abdd2491eeaca494d58eb82b532e7bec7,1764459626,1764459629,1532,34508,,
0x5bec84e7357750bc00280c17133d3b978218640131594bab85cdb5ea88d0876d,1764459626,1764459629,1532,34508,,
0xfec1bdc4cec65b9b5138fce439d1cf672bc900fba98401e65e90722cb4fae7f1,1764459626,1764459629,1532,34508,,
0x8db40209d18bc91ffdac40be6c93b94558ce0f502457e266a10c02bc42df998b,1764459626,1764459629,1532,34508,,
0x5af8615354a41f0d400736c9bbec4845810c568225485542b04d40ceb93304c9,1764459626,1764459629,1532,34508,,
0x0eb60272f68d5e9c5e19c720fc03dfe86ec9df6c4d8139a7fc4623f950d6b25a,1764459626,1764459629,1532,34508,,
0xbaba46c09e0b743891ac516ece10cc229d7777e75b4a553497061cb114d855dd,1764459627,1764459629,1532,34508,,
0xe22e31af7366d4d3335b270965cb07ad78546be011c93f4a24a3515265e1a129,1764459627,1764459631,1533,34508,,
0x38ba77eee3f38eb6b856c9d61ec03d2a959f74ff051902e23b6f78005e45f003,1764459627,1764459631,1533,34508,,
0x09939760f2fe534627cbb969c3a3c5fc34d8d25cdbbce00acf6dfc29642e35f5,1764459627,1764459631,1533,34508,,
0x717dccc2b036a60a2bbd53740b882896aa198e710c88e2cb46670d9cc5a0d195,1764459627,1764459631,1533,34508,,
0x1ef4cc6908733f87ee2b853c4dd90f309ef2816e00f2a45b031161b221ed4d60,1764459627,1764459631,1533,34508,,
0x956b57be250f8625c80711df61989286d6fe2aa5129c104d231132fb72b62012,1764459627,1764459631,1533,34508,,
0x34b44901231dc53dd28f2d14ea218431f6b4daab4cd1f098032c0d8fb9a8a197,1764459627,1764459631,1533,34508,,
0xa951922aa852712489153d3c99208d6b313d7614273e955b209e290e7b6890b7,1764459627,1764459631,1533,34508,,
0xf68882673074e0bce3f6d4c6c6111ecc6f3197ee27c81d9ac4e17946f8ea7fa5,1764459627,1764459631,1533,34508,,
0x8dc470cb32a308562adf4aa462a6a4561180639a9588414558acea36c34ecf9d,1764459628,1764459631,1533,34508,,
0x3bed9a3208a48f7eb244c04518f64baf00a0b923dac9c0999e0bfb691a422b74,1764459628,1764459631,1533,34508,,
0x0b234799706b1c99d1cf53f138f8b8ab23041dea52fc3518b097d4e917edf9e3,1764459628,1764459631,1533,34508,,
0x9fdb839153e0c7a92233d3c777baa35259e25045e1b9de606b6ea3a0c26d01c5,1764459628,1764459631,1533,34496,,
0xfe25737addb9bd8b5ed086589c606fdee7e2641394a2deed4bc6eb0f31be067a,1764459628,1764459631,1533,34508,,
0xa6c6d0c07bb09bb0f5a6abcdcbd87f4bff145c9a677fa897c2ee6111fbfe234c,1764459628,1764459631,1533,34508,,
0x8d456eb3b1bde9e424902fa9e8c16136ac92040005a745dfa66d88a39e7162b5,1764459628,1764459631,1533,34508,,
0xe35a4fa27041b3fdbe0ad8354bf31cccaf154e60691c981d9b96d8b182b736c6,1764459628,1764459631,1533,34508,,
0xa9c4be667d8e15738180a2116dbd2b93f80ea6a76c0cbce3497d92c8d5c4a81a,1764459628,1764459631,1533,34508,,
0x93bd2920722ea179a50a5b3e2e053f148749bf6a8bfacf50467443eabd28b536,1764459628,1764459631,1533,34496,,
0x63af85744f513a44261a07016aadf9d8766432f0f8a4056fa53ff208b86a4c5c,1764459628,1764459631,1533,34496,,
0x5a0a73bf055a29f26b6be98d53bf273f82f403cf6127b7422257ef58e3e614bc,1764459628,1764459631,1533,34508,,
0xb37e0d82017c1c27306a347109a2556c904e88d3beb65ef2869d71d212dc7f11,1764459628,1764459631,1533,34508,,
0x34819db470fb279497d4b5f05e11fa807a8fd61a5ca4e062fdaa7b4aab24ca40,1764459628,1764459631,1533,34508,,
0xb3d98164ac7ba6b2a247dcfe8814f9a392cdeb16925a41b4fd2f247573423493,1764459628,1764459631,1533,34508,,
0xb26e1e0fa29e7a32277fb0674f4d881106fa7f21e5cde13996012cbb523850e0,1764459628,1764459631,1533,34508,,
0xdddf633722206f2d73f0e821178459ca3aef7e79aa9103428c2703dc0973ba5e,1764459628,1764459631,1533,34508,,
0xc73220a38ee616364f79e8ba3031c88e32bee41e30cc80dfc1ea275216ecba4f,1764459628,1764459631,1533,34508,,
0x7eac0e18eaf4fbe235900ee103d1b13e21858d122506e419026a1abb93cb4b65,1764459628,1764459631,1533,34496,,
0xd83d3074654b398e075b97e65161fcff04129471975e10717d204045a9fbc512,1764459628,1764459631,1533,34508,,
0xbc4235858dca852e4560201d7a04ec59106d24a3ab462a8ec7df7cb43d12916d,1764459628,1764459631,1533,34508,,
0xbdf116a493fbcb1eb4ba5272f08b92ee88e5f6887d0bf0faf2ce061f28a2be2e,1764459628,1764459631,1533,34508,,
0x6b73813cb91ad20f63dcfa7c74a150e25409b64a05ae30e33f543ac3d086ca23,1764459628,1764459631,1533,34508,,
0x16fe9c4a5f8e2e575c4f1eff50dbd6e2c2df07e68e9a5bf8d7e889daa60aa509,1764459628,1764459631,1533,34508,,
0x0c5ead2aabb62d0a0fba5fb1872f7435e5ab92c50d4e33803ffc12c9f876c154,1764459628,1764459631,1533,34508,,
0x21edb01946f9351fc0245567f34ca58591948f6e404ccc20c378f2a34e850e51,1764459628,1764459631,1533,34508,,
0xc64d676ef0746e49a2cd7f9d95336362cb1cdd0dd350abe8becb85569c11ece3,1764459628,1764459631,1533,34508,,
0xd3ad70eb97611ef4f34b816417c9a6d3bf82ddf2e4fa7efe3c7b7ada141b934e,1764459628,1764459631,1533,34508,,
0xc86acf29842e233528ddf17f55d36a88f2b75ee6cf8160c1ebf5bcdb2085efa8,1764459628,1764459631,1533,34508,,
0x5301c7cce5eafe4a559f8e051b7cbd8d1e2c5d62efb85928620fa7778799a35e,1764459629,1764459631,1533,34508,,
0xfbde8821830cbef9ccbd8cc20aa9cfd1395fc5ef4af93413939196d2f9a8706d,1764459629,1764459633,1534,34508,,
0xbc6ec72f20ed15dcf4dd1d857f64a0e9856e2e3a20538f481677d87dee5f9e32,1764459629,1764459633,1534,34508,,
0x91c9bb859b9019ef9da1aca4c227842efb773ad1cfc9748a50aa0e45f25a6e6d,1764459629,1764459633,1534,34508,,
0xf1f65b4d9791889fc247863b19dbead77b1deef5b7326f2dca373b22ccc43b94,1764459629,1764459633,1534,34508,,
0xde08c85b05ee760a72932216a525f943f98a1b11cf382f5746a96296b9134ad7,1764459629,1764459633,1534,34508,,
0x219887b1ea9dabd543b82c0a5bf598cabce78618e4cf74f4010882daa65588f5,1764459629,1764459633,1534,34508,,
0xba72f507af751efa7c3a3cf0be900d014a435c791dbd95bcd303a6e8bf602ffd,1764459629,1764459633,1534,34508,,
0xe83632718f6a82e106605b42782def1f253f9cd52ee7c0d281dbc7a429094388,1764459629,1764459633,1534,34508,,
0x6705c3cc77b8d15af0c98d71097cd5c5b6b0fa0768d1c72847e626f31be7f960,1764459629,1764459633,1534,34508,,
0x04d74f9e923abaeba9f65b7faed1be3e687e62fa048369963d13221c92d538c9,1764459629,1764459633,1534,34508,,
0x9a6cd3e9f7d5d2ebf79537be4a9bed3db32c187cfe2d4a19c25bb31158432abd,1764459630,1764459633,1534,34496,,
0xe20a2a4d9ccbc9b225ee1c61d3deab44c59a32696fe6da2b98bd40fd4a491894,1764459630,1764459633,1534,34508,,
0x73b00853fa174431529b0c7286ff3f7f4b3d6e274d096659044ee4fc12c25a18,1764459630,1764459633,1534,34508,,
0x9ba7a3b0c2fce3d2fde7091160d9f4eb2629888095fd8d7957e1b9176b4d97ea,1764459630,1764459633,1534,34508,,
0xcf67b6d5c95819b88b3dcc2fca26155d12b674efb4c6be63c27657dd186e3936,1764459630,1764459633,1534,34508,,
0x1ffd895617f31c24345006fd36ac8da127140ab715868d6ccb2d15ff672fa106,1764459630,1764459633,1534,34508,,
0x35690a0d4b8626b6f00370ac11b9ae7ca421e06f23f338a2b9a19cd0a04dcebb,1764459630,1764459633,1534,34508,,
0xc291410b2a970c48994c5f154e92ea030934c586130a38bea95d4f0e99726d01,1764459630,1764459633,1534,34508,,
0x45e5fc5e67af0301a8694e3c9424b0bd35bb1ba5461a1b298eb5235e0f0fe7b7,1764459630,1764459633,1534,34508,,
0xf578ddf2d9141dc88f6cdb172acf539b4a0a322a5cecc5cccbce5542a36b1bad,1764459630,1764459633,1534,34508,,
0xf84062a18c69a3cf6df901999a94f80d07cddc63ace648869665ff6905c21a9b,1764459630,1764459633,1534,34508,,
0x6e3732c1b568382f5b9a21b25b650559d9e3a76d2345c80509ab026575f2b95c,1764459630,1764459633,1534,34508,,
0x1903a0d601769c1b26ca3b7ffd6f1fc7291e328b18250c6aa528f9886218c62f,1764459630,1764459633,1534,34508,,
0xb0c1e96c162ba8d5aea9d271f59fbb1f68c5def8f06e1a3a0f00ebc56ad96fe2,1764459630,1764459633,1534,34508,,
0x31ad9ce684fa7534a372c8a423d5d78cd00d61f152c30512933da4bf5d24992e,1764459630,1764459633,1534,34508,,
0x40aa1624b993545777d1a9ee0ac6ee9d95fb20cb052ecf186af0b069cf21a186,1764459630,1764459633,1534,34508,,
0x207608562e49fd9028a1c35fb5e6177ceb4f64c17c29253c4574fedf65405b7b,1764459630,1764459633,1534,34508,,
0x89ec2287d087a424f9a229bf32b8d25ed72d98690ba05902df42ca7ae4f6afa5,1764459630,1764459633,1534,34496,,
0x848dcc18bb7af580a6577c979b11874966bca506c59b9e113b47ec5b77cdcb1e,1764459630,1764459633,1534,34508,,
0xdf5c737296936102de280f6540f1fff7c66f3f45760f780e8c19fcb593225bfe,1764459630,1764459633,1534,34508,,
0xf08cc0ea95c7e90d6338800cb00b3d857b8fa8a91d291cd3698171c1ed47fbe2,1764459630,1764459633,1534,34508,,
0x67e05b05dee91b4ede2e9ee65e0e843900831aedd5ec8ba611d74027942b3263,1764459630,1764459633,1534,34508,,
0x35418078e957f1a6769a9f04d1796cb9fc46a39c86181ae5c7aae5e0825f5126,1764459630,1764459633,1534,34508,,
0xe52828b21e081546cb8ad50f2ff4abf5744f1e674ab9057316784db5c94c7f42,1764459630,1764459633,1534,34496,,
0xf0b4dd2ec274319bf7faac2135232cba0597f2d571d11443362d9d27eb9e3ff4,1764459630,1764459633,1534,34508,,
0xfea06ca181aea9127b7ee43fbe104b85e3bf5357fe2f4eac452fbee8483c4237,1764459630,1764459633,1534,34508,,
0xd29baa5f27e20f0e924cd28062a46cb7fd584c3cb5a1f731659aedf531ce245a,1764459630,1764459633,1534,34508,,
0x323bbb191b7034301138e2ad4f76e2a1ca6d212138037b95400c761dd9a1eabd,1764459630,1764459633,1534,34508,,
0xb187aa2bc96f95379e87b1232332a6cc1f8195252dfeb0f06c948abbca098916,1764459630,1764459633,1534,34508,,
0x0856638333672bcb22e4f9e9a425d93cf294c32855d870c47a53442bb7982d3f,1764459631,1764459635,1535,34496,,
0x18027e75241d005adb70b6b6c34e428a69ccf7a2ca9a453a28eecad2e72e2d10,1764459631,1764459635,1535,34508,,
0x8fa3a0c76dbbed266035fddb59e17dee2587e69c1254ee32b146957fc5365c4e,1764459631,1764459635,1535,34508,,
0x403237459d0d0d2d5eb8b7a464dc5429d41c3399695115831154320eaa3bd674,1764459631,1764459635,1535,34508,,
0xccabcfa247bb78ed3cfc08413650fc49f33c55be8e7bfb1b4a08c2afbe7bfffa,1764459631,1764459635,1535,34496,,
0x0f9adc6fbcb910c09e934da719d9eee77148a20764df0a4dae6f923b72474d86,1764459631,1764459635,1535,34508,,
0x0334db01933f3cde83d6e425f0a6c9cabe45edf88cff14c31faeee4ca8275f06,1764459631,1764459635,1535,34496,,
0x73c9fc5278ea2e63f5f14524db17931a68af4bc248157975b3ed84267cace72b,1764459631,1764459635,1535,34508,,
0x04fac55407f6fa885748d3fc07f2d28519a3bd3ce17400a2b0dfd31ae780a416,1764459631,1764459635,1535,34508,,
0x910588c90e079037f9384e8af8a7e0cb8bfb1dc481a919b19c752da6073820b7,1764459631,1764459635,1535,34508,,
0x6e27f47ce030d96dca18bcdc43eb8a1eac69cd32c1414e1b6c6960c40f888a9e,1764459631,1764459635,1535,34508,,
0x6e0c398e107e3f744a9c7b522d22623ae95b10c277cd660a902e1780b274dd43,1764459632,1764459635,1535,34508,,
0xa110007062736b56083ea7c0b074ddb178115565f8d7de31190cc4435f3c8a7f,1764459632,1764459635,1535,34508,,
0x9a12336de5781e69446970a58496391bc3471f87005bee3b77f8cdaeaa650077,1764459632,1764459635,1535,34508,,
0x82702bedd058caf87dab4f4cc84e93fed7b417fc711007035f3ef5e96dda8440,1764459632,1764459635,1535,34508,,
0xc57934a7eac97228e1ff1021a7424a648152c8f79d04cc1338bdbd53dd5e069a,1764459632,1764459635,1535,34508,,
0x6724977541fb10fd286f13a39847738b8966ea10388ea36f4dd50b981daab787,1764459632,1764459635,1535,34508,,
0x3ccd1c96e5f8d8bb7abb21ae51224bb9b8325ea88c09bc897af373e0fbebfa0d,1764459632,1764459635,1535,34496,,
0xa9479857864d33ce4b9d02ae0c2aa43e9e807d69c6adbb28eacd5b3d7f2be6be,1764459632,1764459635,1535,34508,,
0xca5523102c86fd400678357c78f443d2175e5aceb308b41cd1dab20189995dd1,1764459632,1764459635,1535,34508,,
0x9ad4a12ff2320417ab1f4dd81228d439ca745c708981debf550588df7938a33c,1764459632,1764459635,1535,34508,,
0x5f459e59e6dd0647e7c471c714d1dce83ff23058526161bab673889e7e51a048,1764459632,1764459635,1535,34508,,
0x7c7c69af2e0054bd8480a291a80346de176e10bbaf5941a61e61c41669e5ee8f,1764459632,1764459635,1535,34508,,
0xa044c7e291453a5e88106889483b2786f335574030950aaf1ce1d5d3c400e077,1764459632,1764459635,1535,34508,,
0xe5538438eb87a96ac2b7d8412eeedbcb57db615bfbda13790ce7dcf8f6445f7f,1764459632,1764459635,1535,34508,,
0x1d6dfa0af8973eec0a7e64a2070adf83f8d6b30f7e543b9ae49bf631157c473b,1764459632,1764459635,1535,34496,,
0x566f211ee01e06503c7897df25665373b0c7beff1c4c93bdef27009d81be8467,1764459632,1764459635,1535,34508,,
0x1f3e33374d2af3710cc92e1d881be0128eb91ba251ccc3ea0a6222d161841fc7,1764459632,1764459635,1535,34496,,
0x1d540dc8abc3dde30ffe7caf85c1b9774ff2661b97681f11b95a63f453db0a1c,1764459632,1764459635,1535,34496,,
0xb90c962de4b5065c13543e3ae3e010be87dacfb1f101d67f5bfc8131ae8e30c3,1764459632,1764459635,1535,34508,,
0x5770fc9bf594580434e81ee2fa26063c44bfd6a54ebd77f3a0bb4a67c84fd6ea,1764459632,1764459635,1535,34508,,
0xce10dfed5b0e4570cec8d89526f35734e24e518be6981dd5f3475d6ba54885c8,1764459632,1764459635,1535,34508,,
0x6c83dac47d7c7e92396f2a0cf19cce01b3849fe69ee29cbcea4a2767526c673e,1764459632,1764459635,1535,34508,,
0x82137d9dae31ce8878e506318631b08414fab41f9b66d58c1fefe7345e54dcd3,1764459632,1764459635,1535,34508,,
0x29801c477c4dc65d2fb16e0fb480890b2eb40033731089803e431358cb3d82c2,1764459632,1764459635,1535,34508,,
0xbc9a7d96494c19a953815b805b5a204ddf23819001dcc2cb0e3f63da8aa9a280,1764459632,1764459635,1535,34508,,
0x178b630cfb02f36fe79a459b5bd1056afb3fe01700221e5bf7edfef81784f6e5,1764459632,1764459635,1535,34508,,
0x928e68751bd7e36ffb60c8ca9e82b8323936ba82826781f6de1198ed9c277c62,1764459632,1764459635,1535,34508,,
0x819b23b3623948e40108a5f87d8d710d960d00164f80245166631c37bc1c994e,1764459632,1764459635,1535,34508,,
0xbe1fab016da705411708e3967d4adc18ded0525b3fcfe1b6bdd6e9fec7dd79c7,1764459633,1764459635,1535,34508,,
0x6a13518f60e058f6270bddb6d3dd688d96af5c47f0f43c04cac415f1c5569165,1764459633,1764459637,1536,34508,,
0xda7fbde363ea1b0985882358f9135fdd32a2e2dca08c4f89d114965d0fc5e942,1764459633,1764459637,1536,34508,,
0x049b57c6c82806bc01909af8567fb44228a1238a3cb513b856a0a9358e75e63e,1764459633,1764459637,1536,34508,,
0xe0ce8487a7ab886aca2381d54b5520280acc7c0b83fc3e7bd41c3ecce2b7a983,1764459633,1764459637,1536,34508,,
0x5e98b3f5ae15ce321836aba67a524051c423fb8263b9873d27925e80200bee84,1764459633,1764459637,1536,34508,,
0x41994c77889846bf6ea4e085eb40e789700c51bb7eecd5039d7f9a57770a8de3,1764459633,1764459637,1536,34508,,
0x14a8e753d6f24f3b2a7293b5db47cf2ecb05b63771658f7233dfff4dd933c6e0,1764459633,1764459637,1536,34508,,
0x0c41b95fc56dede8a47f24630943a6e7d4d7292e19ae5d1b7900db950e4cf285,1764459633,1764459637,1536,34508,,
0x1aefd42eccdd76165d1a28db437d3b9e74ad9a84dd80cbeec873fbdcbc5c7573,1764459633,1764459637,1536,34508,,
0x56308a5a8ac8c780a9b303142c6fe906a43226bd1066e0da9624558582d330fd,1764459633,1764459637,1536,34508,,
0x3e19c0a3df091d3d1e4fd973cc3d307065c7a6d3c1ffa318aed906987cd49370,1764459633,1764459637,1536,34508,,
0x5099be851f7b11a90ab35d15909bf5254e005ea6023714e50497a0eee4067e67,1764459634,1764459637,1536,34508,,
0x2d6dd1c9a2ae26adcb0f98c85520c61de6ce4b7949f9b3ac453dcb7fe6eeed97,1764459634,1764459637,1536,34508,,
0xa6baed42210982462506ea0efc8b1c796287656385b3888d44b21ddcd8df3a23,1764459634,1764459637,1536,34508,,
0x4619a8ebeac6e5d438658316a9249b6f7190ffff9046d3b89cbc3c8776d1ae43,1764459634,1764459637,1536,34508,,
0xe57f22ef026b801a75e9033d423ef3d2584bd07b92f3faba9408dbbd421907fa,1764459634,1764459637,1536,34508,,
0x0e66d022583b0c10e5ccd54547fe64e7a55138144dc6073198c6f0770b183a9e,1764459634,1764459637,1536,34508,,
0x9d028ba40361233def073938975947cf769a7e6c9f211f32c304f75f69f6a53b,1764459634,1764459637,1536,34508,,
0x4bdce03a37e5a37202bc1f033930450d147023ed10991b7dc851e388596b1607,1764459634,1764459637,1536,34496,,
0xc850f6430413f1dc426b1cf747cbb629ea65348b2526bb01807d10244d29483b,1764459634,1764459637,1536,34508,,
0x572f5a0fee32e3f2b2b949caec9c0a1e5dbe7e0081830f75fd182a213530ed2e,1764459634,1764459637,1536,34508,,
0x9144f263b9bdcff61413617285fb5539c045331e604bb3c61f447694f8924045,1764459634,1764459637,1536,34508,,
0x9464c14a70d12fa456c888aa5880dcfab201318cb01850ea97a0a3a9219dc316,1764459634,1764459637,1536,34508,,
0x4598d5830d1069abd491f121b426706dec774f168f8a4256de84d712047bd8ef,1764459634,1764459637,1536,34496,,
0x055051c8049d6087dfe0d14c6c4a512e3379436046e6603472aa100da8fd9fde,1764459634,1764459637,1536,34508,,
0x656826acd98d868b80a30e38d9474dc2a918f2fc72eb8a22da046e781a0c24ab,1764459634,1764459637,1536,34508,,
0xae68f675405998a83964b62b54a918b0aeaff72179194a1e72edff3b2a6fb022,1764459634,1764459637,1536,34508,,
0x069bb106f625564fad7e592aa38905464324af4f30f536ecbd3c2213c403fac1,1764459634,1764459637,1536,34508,,
0x11b9c28946be698abecdd3b18dfb9539899379aa5ee5d238ecc6231ce9406cd2,1764459634,1764459637,1536,34508,,
0xb6dcc42db88f83a42e01679db13401dbf26219ec93de8878cc96d0ffc26b8da6,1764459634,1764459637,1536,34508,,
0x9ac5807735eec32c136a5afc7922a6381fa12b0b8b5a9af75f627153bae412e0,1764459634,1764459637,1536,34496,,
0x21cb81153a9f7c7fa320927ec9570f1bd5810caa992cb606a1383dd839bf65d1,1764459634,1764459637,1536,34508,,
0xdb64a966a99b4a814ad6c256c912624487faa9504a82666b82d0ea9efaaa7568,1764459634,1764459637,1536,34508,,
0x787c11c93e4b300f5fbbd290af602f0fa2f0c63b7878fb227de8796c66af55c2,1764459634,1764459637,1536,34508,,
0x7c8321a2d694482b166526a12a91f16386b3bbed00db91e2bfbeaee294fcd956,1764459634,1764459637,1536,34508,,
0x932b410be34a0c1585d9a3ff47f4331649bd9d25aaaeabaeac1444fab126abe8,1764459634,1764459637,1536,34508,,
0xb60e86661f751fd2b09b4df3392efbb9e52790fb2836615aab1054aa038f87ff,1764459634,1764459637,1536,34508,,
0x748bfd2be419ad82ec261f6ef5b2e609a8ede5ebb9dc74445b3209592a31988e,1764459634,1764459637,1536,34508,,
0x050607400d73413c07b1c592677d3902a7966ee6e9a58f974b8aee59e02873a5,1764459635,1764459637,1536,34508,,
0xd149292dda09c7c8bfcedc6ff698ae35be9beb2566f8928d5d7ab5dc620ae6ee,1764459635,1764459639,1537,34508,,
0xc7d42474488641936609021aeb035f1f64b7e4203029490972e870ae834cc1c6,1764459635,1764459639,1537,34508,,
0x9ed444b17f5bb27035036f5fcb1f4e85cf19b47e993e7b7bf438ff70970b0459,1764459635,1764459639,1537,34508,,
0x48a78f0f6d8c183b03377c4ebaf56b09cb1fb237864aae6d21a07b72495617e5,1764459635,1764459639,1537,34508,,
0xa86c4f81957f0c933bd9950eacd7161a96881c5c88e60a53cc4d15a2e4457ae6,1764459635,1764459639,1537,34508,,
0xe775afb8e5f4e7025d497ceb467753eb124c961facbb60da92c3f6fd5e2625f3,1764459635,1764459639,1537,34508,,
0xfdf6411ee8090fd304ba9c404ef28d11abed928325d31d70b47c277c4ec17418,1764459635,1764459639,1537,34508,,
0x35bbd70a431fa1408400fc263013fa54bdde48bff6165a31d123fc164fab7131,1764459635,1764459639,1537,34508,,
0x7e84ca99d7f5cd6e989647807d6ae79f3069740e2ecf44fe0945fbb5366af869,1764459635,1764459639,1537,34508,,
0x9b803dd15b6f0b7290218e9afbd89654c2122568345a305c7905e3fec6ab2dd2,1764459635,1764459639,1537,34508,,
0xa50215511b0e3ee26c16a220070a5424df378c5ce5b38deb264bb625af5f266b,1764459635,1764459639,1537,34508,,
0x804b0b8d7e72231c41c4cfb158dbaad600d8ad9beee6eca9084325184d781de3,1764459635,1764459639,1537,34508,,
0x4ae4971ab96c3bd4d8f914042a3a40b7f3a9ef65de0b349db3205d92f735a07a,1764459636,1764459639,1537,34508,,
0xd5bf82942a194b6cdedc97fef1a3cfa7970db5ec29314005e07a2e0408b297d8,1764459636,1764459639,1537,34508,,
0xab6123090ce713f79cc3687ebc862c89688965f2d3b1f1b453a99b9f04e99666,1764459636,1764459639,1537,34508,,
0x9c012496d827fc7ded5a4a2a009bd0d7b3cdae64ad714a43bea3d0af4b54a6a0,1764459636,1764459639,1537,34496,,
0x2bb4018543f214dba3874f6790f7f9b409bb2f9757f7d46836127220990435f3,1764459636,1764459639,1537,34508,,
0x8bf1f1c6f38aeb4c2ee44b5cd25c0a72540d09876896c2ceb57f24dc24c375a6,1764459636,1764459639,1537,34508,,
0xcf8bc6bfb9469687054840b3b7660a94bb091e686a63b5ed51254b34f77c99c4,1764459636,1764459639,1537,34508,,
0xc4c3d94ee4876facb1a9bb0ac32199717ffce2e1f8d28197311cd7f1cf142f54,1764459636,1764459639,1537,34508,,
0xda5ff77cbd6b8cc8ff8d174d52fbc4bcd575a11ead7ee03eff09a6b3e4152d47,1764459636,1764459639,1537,34508,,
0x9bd1e3321729c586a782c9f7e16b4511240586e1ff0ced8b7098656e665979b6,1764459636,1764459639,1537,34508,,
0x2cff6f7eb117d07cfa3148375f27de07b19baa7635d82e3c8e17d550508658c7,1764459636,1764459639,1537,34508,,
0xac63cfc73960fdefd2d11439b599f5e3625abffe148fc9e965e32331a6e970e3,1764459636,1764459639,1537,34508,,
0xe75eaf50e5f6732c287684d672db52afab948a72d6270ddf0d0bc1a7b3f64f8a,1764459636,1764459639,1537,34508,,
0x10a009a74b971700e7487fabdb3f4d5a1a2cecb3582b00cfa744724d95bc8bcc,1764459636,1764459639,1537,34508,,
0xfce0f0762da4a0f727e3363ba6b142d45160a0895956e06dbbb9bada55b922e6,1764459636,1764459639,1537,34508,,
0x23d0c677f58116debc9db2dcecba4de4698c8359237313fa4d2d166cb222daf2,1764459636,1764459639,1537,34508,,
0xa01cbe1fc6fd7390d7db08866abd353b6d555c3bc451c37d8f58f32aa98a3a58,1764459636,1764459639,1537,34508,,
0x7f8d96a1a5b0d53ae0d18da8026dd72c9db3131097367b914ff72f7b448a823b,1764459636,1764459639,1537,34508,,
0x5872672a3b362aade2c2484a05ac8a03a7f9b4ae053e2a889e2f43ab7d8ed9ca,1764459636,1764459639,1537,34508,,
0xed269a4a34d48b1bff34baa830843922479af99f315134d3c9d6f39d8b0fd792,1764459636,1764459639,1537,34508,,
0x92fc177fcf482b918ca641e15348f7179a054f8fb0a156849fa32fc9c2ad8f75,1764459636,1764459639,1537,34508,,
0x6611b7df86a78a2f3209f8cac061da76ad443d534e563ed48d6c114b7be54cef,1764459636,1764459639,1537,34508,,
0xcc86650469151d6b2db935566d10af76fcc7c01039ac561f5120d8c97eef2284,1764459636,1764459639,1537,34508,,
0xa949a325a0fc9ce7b7928d7ccc5fc213a4cc91b209b2912b89cdaadc21fd2018,1764459636,1764459639,1537,34508,,
0xc8be19f5d1e0a4a5073e6df40102555d60bd841b0b74c48af2c20f8ed382167c,1764459636,1764459639,1537,34508,,
0xec0823c84550ec0ffce30570d20d89a02406f18a2c649549158053016f7572cd,1764459636,1764459639,1537,34508,,
0x8af566957065f40d2faa4c0289443f19a1bdb2c91bf9b54a2df5451efb195e46,1764459636,1764459639,1537,34508,,
0xb2506104de7bebaba7163aa86531dbb6b2972a340bac2f3eb614a638176568aa,1764459637,1764459641,1538,34508,,
0x13958730b130d3272397ff7b947c75ace258d90c128a1f118fbdcaaeacf01c7a,1764459637,1764459641,1538,34508,,
0x01b09d90e8d6e732bc200c085fae77e3509c31acdf322f415c60be6073b2577c,1764459637,1764459641,1538,34508,,
0x2e5a2223bcf631c6934edcbcb33e72298633afeb4861691648937eda370d9227,1764459637,1764459641,1538,34508,,
0xf56ffec8bae0b1c70ae1b4b821b9dbc56451ef3a6377f2f47d4b3bd74c03447a,1764459637,1764459641,1538,34508,,
0x99318c039782fe441a03890859944683671e40b3e7f416c6a597673faa140fb4,1764459637,1764459641,1538,34508,,
0xad08f5413b5fc8fbbc88e4f8bb59407786f436cddbbb72a95dbb43839b5805ca,1764459637,1764459641,1538,34508,,
0x3bc06e03959738187c3e44fb152b2e84435a839d1b8dd816706dde51fd4e8dc1,1764459637,1764459641,1538,34508,,
0xe576f8e48fd8b352653bb8b04ee4dd493d5df60923c8f80ae588593d40a53800,1764459637,1764459641,1538,34508,,
0xd2ff3841a3ea1054ae492c9e186182a6f40fddd4436072025640e743ee6ca248,1764459637,1764459641,1538,34508,,
0xba359aadcc75aaae2811632221d8cb0e54ec55d7e1f5445f25019f8204874393,1764459637,1764459641,1538,34508,,
0x8aeefc755a15e23e71afd0d68c9ab7899a7c8d9ac233b75e88ebcc5515c8725a,1764459637,1764459641,1538,34508,,
0xbd607414b727e1d4756ceb985fe837422fda6440d8202dc9f38ca5aa10231d79,1764459637,1764459641,1538,34508,,
0x183d1c9b1ff2298b617946576d3383fcdf4070a0aec341465d87d591a68822e0,1764459638,1764459641,1538,34508,,
0xe94304ac98782271097e7d1cdade77d363d6639ba1798965df9d90008700022e,1764459638,1764459641,1538,34496,,
0xdf5c161eb653d457b40aa08bd6e79231215831cbb280892b78d358f6132cf829,1764459638,1764459641,1538,34508,,
0x014cf6b46d7e23df195800685911b02432edb43b1db84ee4d5a0c96edb3ef50a,1764459638,1764459641,1538,34508,,
0x15dc0c177e88fdc4b67a496b3e98632d021ca06746b455fc02d092e4eba97922,1764459638,1764459641,1538,34508,,
0x39c0cb3daa01258019d5ec8713eb6ed6addef4d672b6916efadea5b13d614005,1764459638,1764459641,1538,34508,,
0x416c97eebd509a61013cab0b2c4e9d7d61ffae4aaa553f626bff168ee665e0f3,1764459638,1764459641,1538,34508,,
0xd55ee3223b938a946b797703d7645a5b3355a806663fbca9102b3cff5bb35bb3,1764459638,1764459641,1538,34508,,
0x7197e3efce26f84efe4eb476ac3b6ca78f8181842bf7b4c6d8b14647cfbfad06,1764459638,1764459641,1538,34508,,
0x871b21566edd7806267e880f5bc8e02b1cdaadd715ad85c0e499f9463d4d235c,1764459638,1764459641,1538,34508,,
0xa67687d0081ea8f8e46821d86c9559dbbd4aa7f9e97cbac3cb9729d24517cd26,1764459638,1764459641,1538,34508,,
0x0dd11df18c3317f60e2ddde9eb771d2f320fda8fd0cb1834063ef8c5a15b9f17,1764459638,1764459641,1538,34508,,
0xba0582a93d56c3797b8e425fa1787dbb7c59eced34e0658c5a4c25fc96c4c22b,1764459638,1764459641,1538,34508,,
0x03cede3311edf3fa59ca5df36755a4c8e4d38cfa3a137cb433791f45bae2a38b,1764459638,1764459641,1538,34508,,
0x500b621cf75548562fb204c71ac7832c4c3ddf995ced5cccd30898d84385f6fc,1764459638,1764459641,1538,34508,,
0x92be8f51d1380c7aa3102412a863a29df0d9654ca9a891e6cfd132143aa9c46f,1764459638,1764459641,1538,34508,,
0x94631511a27f9171dfc0783069bcdf29494861b5e219c3cd49f359112eec3f74,1764459638,1764459641,1538,34508,,
0x762582c630064ea2967cae8aa7fce2ea592dfdd4afa0d25c7e7fdc359468e4d9,1764459638,1764459641,1538,34508,,
0x4f4addaf453f0c60bd37439999733dcf0b6bd97f4baffd4bfb2b89d7b6a66f0e,1764459638,1764459641,1538,34508,,
0xe12642a6156881ad0b055f42d4af662db9f9e3de5c27eb8325ab0551854835e4,1764459638,1764459641,1538,34508,,
0xc843021782a4f351ba205861da49e1372bdfb7bfc069ebd8d1a6f736a99b0b61,1764459638,1764459641,1538,34508,,
0x2c85b30647999133a4bfc2085de4469bf495e52d2af5c03758170d59036805bf,1764459638,1764459641,1538,34508,,
0x7663006aa87f27b6ccf6a1152666bf088b69c220e6dcbadf30b6e5b81750289d,1764459638,1764459641,1538,34508,,
0xb7c3c67f4d151644e5cfc0bdd8fb40f21ae825ea65c0461a4dd387203388d93b,1764459638,1764459641,1538,34508,,
0xae0155385e18fd235649d793bd43398e4eeeb2abaf37d12231100ee741ccd791,1764459638,1764459641,1538,34508,,
0x02083d524bbb6ee3ec7fe234a931c94632ef370bef3ed9e550b32af1ca100396,1764459638,1764459641,1538,34496,,
0x001fc7a4a66f111618fea5984c49a3dacc5a6f5b165f4ac1fc5d93ec92261a7b,1764459639,1764459641,1538,34508,,
0xa6ce60a374c9b09e5ebbb3104126b75224b7c3c02ad752107279601e4b536213,1764459639,1764459643,1539,34508,,
0x5af6f0a7138dd82ab4e9976b1e946898b248368f88cb52e076edfe09f1703aff,1764459639,1764459643,1539,34496,,
0xf732725e035c937a2c444b476a808fb23d77acbfa64405a4b3e3957c5c3ea21b,1764459639,1764459643,1539,34508,,
0x3379acd65e9f77e726773bbc7cf4f8acf25e79323cbd511a57d1a0c221dbba99,1764459639,1764459643,1539,34508,,
0xfa2323f0d795c9bfe980c366547995a6b44cfe6193fe6742ec64e3d4051faca5,1764459639,1764459643,1539,34508,,
0x60bd2a736d60d6a1ff8be06858c7c7778e9f312d766c848549ec4441d9ee63fb,1764459639,1764459643,1539,34508,,
0x558d25940eda6d3ba62c9821eb482739224d8d8f61a28ba16bd8f754d0c4eb0c,1764459639,1764459643,1539,34508,,
0x2bf9f0f6e6b1707320da121d116baaccf35c5b38d18d3341246d51c596538086,1764459639,1764459643,1539,34508,,
0xb04a68a991ed44245a9774994751dae812549265fdc2c153564ccc4a0d4d9886,1764459639,1764459643,1539,34496,,
0x3794baeadc90159cda53e35962c80028d3c53f7812b7485600d498b4cbd6be96,1764459639,1764459643,1539,34508,,
0x3393357acb56965dcf88abe1028c49ed230e48e82cc6a0306a2dbd0a0fedd078,1764459639,1764459643,1539,34508,,
0x96d7fae9e5b342e0ef5b8331b01ad51a65d42b7af15b868afa93b5792c238763,1764459639,1764459643,1539,34508,,
0xa971d0d979d889fabf36c0d5b7620bafd841db2cd7f3cff2d4acdac7fe0a00d1,1764459639,1764459643,1539,34508,,
0x8c079a6b3231b38f45ea3bd04ceae5f5bed995244c9216bf27aac8c570aeab98,1764459640,1764459643,1539,34508,,
0x43b161208f75744f73cf3b30bd98bbdc3d90566115231ad1e83f1e21c997267c,1764459640,1764459643,1539,34508,,
0xe9035f711f4cbf31785237a4403bef760eeda08609168a2272b639accf3cc068,1764459640,1764459643,1539,34496,,
0xee29155bbc8ac61a8b7603b965962ac452e6fac295cc6d930e40bdad4d1a6300,1764459640,1764459643,1539,34508,,
0xe6c096fc804ded0a3b308bd44dce14854e5b00703388a8290e71f34d054f5db3,1764459640,1764459643,1539,34508,,
0x7e018bb045785ce46d4859fd35bf1f1c439de3da71aa032936393cbecd07e4e6,1764459640,1764459643,1539,34496,,
0x8affa6077d67da9011cad34f83ff06451360edbada42183d2842e948a1926bca,1764459640,1764459643,1539,34496,,
0x6ebd2cc6e50fc392dd9df6498124974bc106d4032978078e30859ddbd9b5204a,1764459640,1764459643,1539,34496,,
0xed0aafb85267dda40c5d43d106f019359ea8b63849c991774169b377f023aa1a,1764459640,1764459643,1539,34508,,
0x6a31700fa8df00cda6d24fbb4b268979f6af08cd6706a62ca3a38eea90937f6e,1764459640,1764459643,1539,34508,,
0x372d89db846609bfbdd30c73933906c53ecdf74d680560e46d4b5822a630b7b9,1764459640,1764459643,1539,34508,,
0x9142f3ad12e282df5cc8bf5c53bce1b5a15a28b5483e5d95d142ce09d8e4c565,1764459640,1764459643,1539,34508,,
0x538a05ea0b267de101f7df50998e49930b2354c58cfa75a25a5478178e87bc0a,1764459640,1764459643,1539,34508,,
0x400ce5b2b17ca63fe9b9012f1555f818b1070b4fa621c27b9af33d0d687338e3,1764459640,1764459643,1539,34508,,
0x6b99cb22f801a3298b54dd0ef7e0f444c891dafbd77400037987ecd8665633ee,1764459640,1764459643,1539,34496,,
0x930857b0eafcee5e13d73947e170c12947205d9ad826f41b4fbfc10e6d485784,1764459640,1764459643,1539,34508,,
0x156d24753b5d38cf05287601174e335f74139d65c1058587c91f8dc61aeae46b,1764459640,1764459643,1539,34508,,
0xd4d1045dc04b38b1e7a256a7cdc5ee3f8ed35994977a6a2efc96fdee2288ed56,1764459640,1764459643,1539,34508,,
0xea99d1cd3415a962767b82de8fe69a2f30c8049846ba9320945fd2e6e9d81e18,1764459640,1764459643,1539,34508,,
0xd32c2c4dffdcf0d13913ab8641b0c9f37e8b1b04eded765e8c53890b79b8f46b,1764459640,1764459643,1539,34508,,
0x5a35ea4fae6ed8145272ff0bbc6fa519d51f68241cc224f3130a025dc2c2b3f8,1764459640,1764459643,1539,34508,,
0xf3a37a11efe09888d14d138aa34d9352f527a0b64f8d299c3c312da0d906bb0a,1764459640,1764459643,1539,34508,,
0x8218561a3d7edf81e52e3e14e5850afeace96865b671304c74e5d6a2c7aadfff,1764459640,1764459643,1539,34508,,
0xa63c96c5cc9ce233b0aed76749a1e70e358d8a0761d938495ec85a9e1563e9bf,1764459640,1764459643,1539,34508,,
0xf750d5574fcd0726c915a2dd7a18e3904502c2324f68ab8b59682c6877747e04,1764459640,1764459643,1539,34508,,
0x77339be2bd6c67b06d91898b6ae0ba6088a4ec8c6733481bc195bf60e17b4f6f,1764459641,1764459643,1539,34508,,
0x5146fdd898d291545fa3817a6d2f38a6fb1db2726523eb4ff340d01a80fe1e3e,1764459641,1764459645,1540,34508,,
0x977cb379dea35c35fc89cced542e473e44ead49860c26b8c22d4a08868f4583f,1764459641,1764459645,1540,34508,,
0x4261ae6933d4171d135fbc99fdde8dc898d48b707a141672bb8afe530c522151,1764459641,1764459645,1540,34508,,
0x7c92f7903b499082aac58ceb365f49f9b287d1acb8977705cbba21a1b00cc0a0,1764459641,1764459645,1540,34496,,
0x549afae529400f854a07c994ba3ff612a1b9e912233e1485f22fe7d9ff5f6b60,1764459641,1764459645,1540,34508,,
0x51f68308a46e6d14c65bdce8c2dcc93483c1d85d7878f3fbc859fb8c0b2af2f9,1764459641,1764459645,1540,34508,,
0xcae86e9dc65c6c7cce95d2034b87e5708d507c914b9a505952f1f4bb56115a96,1764459641,1764459645,1540,34508,,
0x1450bcce5b8f9ffc7df5244b679e5e7fc347ccbcdec87dd26e7212ce092da870,1764459641,1764459645,1540,34508,,
0x0bad798f9649be571c0f3c57009a1563c369f7d3a0515667298c5179264cedd9,1764459641,1764459645,1540,34508,,
0xb8bf2d65223e69ac3059f566fdc23740bd205ccf879b10a57cbec7432aa3d5a9,1764459641,1764459645,1540,34508,,
0x3fba8f1b4aea2f763bc9fc3ddad0cd8eb8237deffd19d09827b636a7626979fc,1764459641,1764459645,1540,34508,,
0x699066a0b1b72f2ab7cd11a80f4732faefd476f0e5d7b1a822e6276c7d15ceec,1764459641,1764459645,1540,34508,,
0x2e4d494c2d04c81d9eccab365615b4e16b7fbb83ebaa2ff33d82cb73d5cb721b,1764459641,1764459645,1540,34508,,
0x9d52ca9c72db51b3853f66dbcd4d325662b0e4359cde2a15c05b5982818cea87,1764459641,1764459645,1540,34508,,
0xdcce3283f10cd0c90ddfeef94ef84d07a0a743a62790f18f791a51b1cbc9b7ca,1764459642,1764459645,1540,34508,,
0x21e3d98fb90f3ff200631a5cafdaa22a62ce1a1385126a87a9de4c9219b15837,1764459642,1764459645,1540,34508,,
0xceac9e89adef088ecee1aac7dfe66300a8a9666e757c6ec314d283fdcfa94d63,1764459642,1764459645,1540,34508,,
0x4035cf95528d3c5c22f91373717e949adf4a06c0d017320dab34324444fd782c,1764459642,1764459645,1540,34508,,
0x26a5fa6fc9eecd7af269504ad2440df08835d321773ef338b5ba47b0120eb552,1764459642,1764459645,1540,34508,,
0xd3a4944e0dc74cca019a171b8d39fe027dfb5c93b206d0d8c3e34fcd1d8e3660,1764459642,1764459645,1540,34508,,
0xdf6250e164b39a9d547a6b92ef929d25c83197afdf5e44f28719c62c4df3c922,1764459642,1764459645,1540,34508,,
0x78c6f61aeeb1f4ed3f9b458d90ff4accd6a0d0e447b6302fb075c0b99cbc26f3,1764459642,1764459645,1540,34508,,
0x854e42942f78c344d28aa6cdc968a4402cd9d7f75228acfb9d6aa781808cd970,1764459642,1764459645,1540,34496,,
0x1222b03cadbbf2cf9c5a4716b0d23ddf29edca68266b2d9e094e2f54f7352d52,1764459642,1764459645,1540,34496,,
0x51a44ad4ec563873d11f461ff31f5986d041442ea16eeaeca210665018a0b7a1,1764459642,1764459645,1540,34508,,
0xc38fa08e63ea5328bf895e3eaedf0c7108ffad1722107b60d4a85f9f229ae0df,1764459642,1764459645,1540,34508,,
0x38ebc85a4ea04f4c8c3897336e8a956071b0aa0dae472e55b249aa7a278ba4a0,1764459642,1764459645,1540,34508,,
0x5c2c4b1bbb0d94f15c768b12ece825781a4db69d6de03176e94af115661a7e59,1764459642,1764459645,1540,34508,,
0xf8b78715245deab261a638bab9cef3edcb1ce997df03a48eb3ecc1703b5804ca,1764459642,1764459645,1540,34508,,
0x12fc7ae560361fc6ed0cc89708b0c64550ff68ae84cfebcfc5d73fd5c6f0cfac,1764459642,1764459645,1540,34496,,
0xa5410f9ba87a669881c296492b8c7ddd275b782d7780e1db9074bc457e00947c,1764459642,1764459645,1540,34508,,
0xa6e032a4f3f5490313dba21f330744d03685edc3281e3d973856f2c503a0119f,1764459642,1764459645,1540,34508,,
0x68e7065d086c09dc131af6e333156adb36577f6fe3fe03c75360adbd5af32f95,1764459642,1764459645,1540,34496,,
0x93b32aeb987945651b477a377f620e073ce26150a4351eb29cc4b4172953f342,1764459642,1764459645,1540,34508,,
0x23fe87c7e5d6e57e3e6afdf8361f7f33641d49141d4755afa05df28f2b624f18,1764459642,1764459645,1540,34508,,
0xf4a0061b6b5f84d8b077d1bed787252c1db37fcc2233a86a128b040401e2ff98,1764459642,1764459645,1540,34508,,
0xcb092af8fdb9da5dc82dd78bec2ad173b37ebfd1c8cd48b17bdfe47370f423f1,1764459642,1764459645,1540,34508,,
0x6d36177222555af3991bc03a067d671f0f9347828ddc9f577f2bf5272fab59ca,1764459642,1764459645,1540,34508,,
0x180bb5a52e47f1ea23091a9bcd22776feff148b045d986a38c62b93cbafcec7a,1764459642,1764459645,1540,34508,,
0xb23c71862c4917e7cb4b85ec0e9b49c601ac2952d0b0d2d1ad0d797be3a0bad9,1764459643,1764459647,1541,34496,,
0x661953aaad2612451f4733d3f611b538756f33ea0b96156a46220a9842e5f2a0,1764459643,1764459647,1541,34508,,
0xcb8d64c45497f3a36f3df5828cd7623787a82d98d945276e6bc4b430b2df5c40,1764459643,1764459647,1541,34508,,
0xc060210a5c1e5fd5e7fe81dae66325fb6577f5cef4e778d86dbafa75465b5239,1764459643,1764459647,1541,34508,,
0xf9836d56c2ee748062dad6203bd54baa20fb7e3c66aa8afcd9d7438945716af4,1764459643,1764459647,1541,34508,,
0xe2a4c68d1b894c6fdeb6b6ebbfa3ff2bb25e84d20f26e27c69ffcc6df8f7d5ea,1764459643,1764459647,1541,34508,,
0xca9208a4cfb220c78794890e97eca82015e36e2c1f1c17f20b9cd07008b8ad7a,1764459643,1764459647,1541,34508,,
0x6a9a5bd068863b0cd59722ade28996440b923172f0892c058eb5341d60b0034b,1764459643,1764459647,1541,34508,,
0xb4dcfbf1040ec4674950a863eb219ceeca268e9c63e0eef4ab0bb93359c84c62,1764459643,1764459647,1541,34508,,
0x085c054026cc899f15f8b453677993de6be70dd6c81de990a3703ee343e7e17d,1764459643,1764459647,1541,34508,,
0x65ddb7354fe182259cad6c0dd385a57fdaeea883525d1d764b147db770cf7f77,1764459643,1764459647,1541,34508,,
0x0f0d7fdd814f5394895a97b9104bd2ef5e4181b4d41f3740ee7d88d0a4f5c655,1764459643,1764459647,1541,34508,,
0x602e27c1a015175732e30bab16edb7c5e80041640186f1771918ae1ba22f6a60,1764459643,1764459647,1541,34508,,
0x601ff9b1a7ab76e5c72a57883323b0397577c3814d7e819d98467bcbc8d6c60a,1764459643,1764459647,1541,34508,,
0xfd5aa886abd13b7010cb3e618712a6709a4335bf9424452e2cfb4955e74dab20,1764459643,1764459647,1541,34508,,
0xe4fa89b11ec8bd253c5c25441a01e2729ae7a00f970d2672ff7758f51e6ba9a0,1764459644,1764459647,1541,34508,,
0x023a2b6968e549a2fada6cd36296746c0ef9dcb56dd0b1529751a14b47613b33,1764459644,1764459647,1541,34508,,
0xb373aa7ace7b0b894e159dc1fc6058c958906fa86f75848d8e47d7de2faf0014,1764459644,1764459647,1541,34508,,
0x815611701cb6ce714214e8a58795f2e0cf950b048bbfd220f14833aef464ac1b,1764459644,1764459647,1541,34508,,
0xd9f394a26eb7c6187c32b16f731cf4ebcb27db12bd7b96c6b786279da0424b80,1764459644,1764459647,1541,34508,,
0xc438c5a3c56939ed0dc4921e3edf275368bc9c7d3becccc63491e19dafbdf071,1764459644,1764459647,1541,34508,,
0x61ee968f151ac2070189d0825c965934438c228d4bf2af73d8a0e562190a11cf,1764459644,1764459647,1541,34508,,
0x29bf1c9cec1d8fb9d7af978e1d09b832335d547812c171043b6a7576e0d3ac1a,1764459644,1764459647,1541,34508,,
0x51bc25181416e7bf0d5b9eab462fb69b41075a8fde18bcc27e2c4ec05b2e1d3c,1764459644,1764459647,1541,34508,,
0x5d6136f8427bed22e1ab56d44c6563dcbfdcb53c4348c4ac7750c888298fa6a5,1764459644,1764459647,1541,34496,,
0xe60c9f05167f602803f6332c95b5aa47a7a0219bed6fbedeadfde1885a379908,1764459644,1764459647,1541,34508,,
0xc663063aafa65c057ec41de18bc028743a936baccb4d853ca60a941f7033cbc1,1764459644,1764459647,1541,34508,,
0xfc513e8fafcc12438aad42e38cf4efa1461cfe9f0072acd3a0c91f455d892f82,1764459644,1764459647,1541,34508,,
0xe62ae9fb2038cddd10cebcff7652a81462c7a3c08d22944c756406746646201f,1764459644,1764459647,1541,34508,,
0xe02f4883bb5fea124633f2fbc6c53ac4d5fae6c98d84487cb098dd56b7c320f4,1764459644,1764459647,1541,34508,,
0x2c33379461b203721ad30bea759e92760c1d72682fc9bae1094646779146aab3,1764459644,1764459647,1541,34508,,
0x4a6f4d54cb5a0eb29f5f3010dc8e073a25bbf23274d0614addbaa9774a9d1366,1764459644,1764459647,1541,34508,,
0x7dc59c202fc4b01b4a1914026d1b65a1c743a8ae653c0426fd671f340e36423e,1764459644,1764459647,1541,34508,,
0x44125f5d795da460452f0445a9f0c4cdebb6064145f9aba9d14c6811b7164d78,1764459644,1764459647,1541,34508,,
0x69b7678f5b2feea0330a5347b8564d4764e5dacaa3e2220f0887788db6ab1cda,1764459644,1764459647,1541,34508,,
0xedcea0ba732b18b5c625ad81004e4e6a328cdef26b8e8f85659a0893dcf682cc,1764459644,1764459647,1541,34508,,
0x069011a52aee4f64ba34cdbb4e59981380bd4d2a7748dd63ea6e311fcd0e16d1,1764459644,1764459647,1541,34508,,
0x82d53c2c15fafdf477e3a6fb4b153bda1f50899db85d5f0b1ab402a764dc29e5,1764459644,1764459647,1541,34508,,
0x94e5680add06d67072d6328eea81f072348e845525d53acb68d096ee5a8b0d7b,1764459644,1764459647,1541,34508,,
0x87b25189d36b6af58cbaa9899a36ee325c0851f20cda5510960b7147f9c1067a,1764459645,1764459647,1541,34508,,
0x38634ab618be57a4de07c32c16fac813415a7a5958840bbfe64e4901e47cca85,1764459645,1764459649,1542,34508,,
0xff54ac73efc2066dc8b4db2163fa26261a278ee9c91ad56a3b9781ecbee90acf,1764459645,1764459649,1542,34508,,
0x554b82a424e7f8f6e015fa7b9db86798b962bfc2a32070f9453f4bd8e63a6c21,1764459645,1764459649,1542,34508,,
0xfe7c54c5ee0cca4e66674ef26f062570a7ba4e8edb23c7392a6177894b11b9f8,1764459645,1764459649,1542,34508,,
0xb0258f1c5fc7c1a49fd5b041264288054cc1d1ed2750a644b397a19bb9ae1b98,1764459645,1764459649,1542,34508,,
0xbba75ff1cc3958f3bd61d182eda8220dabc5924bbed82a1c93570cbadd3b6eb2,1764459645,1764459649,1542,34508,,
0xe13917523c18a4e89575da37e69222723c14d7493696fa4d45a1399646e2b99d,1764459645,1764459649,1542,34508,,
0xecf442004e9c558263172926efc8b089dac3637a978fe2c583bd28a48c9158bd,1764459645,1764459649,1542,34508,,
0x11c9b07f67aa77aa5e23ad1f7ed978957d0a30a6234a16fa4aa42ceb67f5d729,1764459645,1764459649,1542,34508,,
0xc574e310bced8065699e957f56e0b6378984925dd34d70476899584275d11120,1764459645,1764459649,1542,34508,,
0x06a63c5c5111c1b2cf2a12c8336bb0d5ad350da5042619bf362aae847ce3071d,1764459645,1764459649,1542,34508,,
0x8f97ecb913fd854b2314524665ec7eff1e118d0b8d2e0144bb6f50eaf375bab3,1764459645,1764459649,1542,34508,,
0x6d7d7044c793483d0e0782d5960dc9bb01bae3e071f0a791c0c77af5f41daa47,1764459645,1764459649,1542,34508,,
0x46b000cc213f1d74a8d46a569c4d99250dd186f99c9b3b10872625362f827d0b,1764459645,1764459649,1542,34508,,
0x720d4f34d905589f596174102512692e1329bf92f38e421c66d602bc8ca02488,1764459645,1764459649,1542,34508,,
0xf9db92b636ed4dda12dcc45dac371c07b281acdcaaa2b191fb9c022513c9d3b5,1764459646,1764459649,1542,34508,,
0x97001ccf50535f263d2bcf877f12c8a6b4fe86d933a48ddd5d8032e72c915af1,1764459646,1764459649,1542,34508,,
0xc567fa884de3be96d2fe7fefbaecaf98f92291ff1aa8123d59e96f33760a68a3,1764459646,1764459649,1542,34496,,
0x0b9ab8ca2c8e156b8d677c754d189032c64a3ba59ea2adcf9d1b8c9afb8f84e9,1764459646,1764459649,1542,34508,,
0x7cf67dfddb7497914b1b558da241c27c367daca302e93e6068640c00930dceac,1764459646,1764459649,1542,34508,,
0x5993102becb2529cafcf7584b8b3476705f271fd8aa27338cd0b64bf02546ba9,1764459646,1764459649,1542,34508,,
0x511ac06a060135cd7ffc5589c74f7929de10f8a1d03428106ec4ad7333b4c297,1764459646,1764459649,1542,34508,,
0x6505509698594b6deff86ca79fe8f5da491da40f906b68e73f900bcd884377a2,1764459646,1764459649,1542,34508,,
0xb18fe588297c9c8502403d09547b2b163f6524117ac5e77ee886e6f71128cb16,1764459646,1764459649,1542,34496,,
0xbaf375a8f47e537813c13e1b6a78c01338ccb52189b26680942ed366e99eb84f,1764459646,1764459649,1542,34508,,
0x96ce9f7868f5db2463c12bf10e372b36d1785670e41b2512e8118dd011f71f5e,1764459646,1764459649,1542,34496,,
0x08f6af85386be9582991849c96336c6cc2ef017cb3fb2e6b1e28797c1652ccf8,1764459646,1764459649,1542,34508,,
0xa4508b12d879774f4639a9febbb8947479027a6d35f425d09a8f534b270bcc9b,1764459646,1764459649,1542,34508,,
0x21f38da4a1fabac5386411afbca56aeab0e8f538cf62dfab47ac9a9963c114a1,1764459646,1764459649,1542,34508,,
0xf5979a6477171176882c8304813eff732568e5c8f3156b48e9d54b0a5e19153c,1764459646,1764459649,1542,34484,,
0xb2b97b968c9048527157fa9fd314f0c856736570e6cffbafc0c5d99c792bdc6d,1764459646,1764459649,1542,34508,,
0x17d73d99c2645128a45078ab8649848c7f7da7f38dcbf7c456a2007b73e09f0f,1764459646,1764459649,1542,34508,,
0x14dd588edda8c20ecaa60490574d9b5a99cafa328c7e77e285f14bf4714fd0ac,1764459646,1764459649,1542,34508,,
0xdd7a080ead038c350f89269c0e3d5463099cfc551dae481aeff98c572588b491,1764459646,1764459649,1542,34508,,
0x2397077be55bdf5327d3350543aee94642168211d906b7383e22c8bb9d1f9dac,1764459646,1764459649,1542,34508,,
0x3c6d9ce550bcd89ce4b54cf5ff0007092efad060321dce9ae785b0d4333932e3,1764459646,1764459649,1542,34508,,
0x1f1c5479221d2e79f9ed5b4b6c6993fd3d5863fac13a50d921e9ee87e6748ccb,1764459646,1764459649,1542,34508,,
0x01823fbf8f775aeb978300ca4d3affe0ba5be1adc89f40da4f416d7bf91334c7,1764459646,1764459649,1542,34508,,
0x33de9f7f3dd8f998c08f52cea08f679bbd3062547f1078a6f82da57b62125fe4,1764459646,1764459649,1542,34508,,
0x714bfb71e0480f9c50689d8eb38db9e806e8342690e41e43147bb17f3ca6c7ea,1764459647,1764459651,1543,34508,,
0x937db1d9be68e4dace4c68de9712038755a1445282bbd342cf254e0f9e450776,1764459647,1764459651,1543,34508,,
0x96b3a46f0b24516c3e85787c22390bbc66cfb7e27b2e66859bdd5a68b8146e1b,1764459647,1764459651,1543,34508,,
0xbc234e64e367d60e031b1a9ed2de38776d0aa7821d8e2aa25432b850e2fa4512,1764459647,1764459651,1543,34508,,
0xe85d5e14985c8e6c058de885eba9df3b128ea764a2f0570aad6d51120a2fe3f9,1764459647,1764459651,1543,34508,,
0x2094637e658ba8772c2324a885c8033f4a35276ae9e64e73abd6157de5e5b463,1764459647,1764459651,1543,34508,,
0x5de2f9490ca7e9af55bf22b14fb11507045ea3366432260c8236b37cf6dc219d,1764459647,1764459651,1543,34508,,
0xf8c599cdc8c81471006cb7df8bb01c74f0cd40a43a2e39533c9b148d306c7c95,1764459647,1764459651,1543,34508,,
0xe670ecb1e63cb1d28ad6476a74941e1ef69cbf6b857b443688c2dc288a278e65,1764459647,1764459651,1543,34508,,
0x401af67cb4a03150ce378ffc944e08c382b122e74f42544442d81e0be5cbe9c0,1764459647,1764459651,1543,34496,,
0xa69ec7a5d3e120e5d4c611ca417226b4926048c3a6bb9342816b0fb13b6fa0ef,1764459647,1764459651,1543,34508,,
0x8705f5dd6bd2a1b9a07f253e9c659692de74caf394b3c16c61852e97729b87c2,1764459647,1764459651,1543,34508,,
0x83daf58b1de680ad1bc873f9037b2eaac6dccfee983504a488d451ce8239ab0a,1764459647,1764459651,1543,34508,,
0xd8d577c30b7dd8f5a5ac631c12bce859a18b10605f8aefe8fddfadcf7680f9da,1764459647,1764459651,1543,34508,,
0xf543ef8277d75f347d9c304ef015f7e1467d541717e5ca37d8253b30294f79b6,1764459647,1764459651,1543,34508,,
0x584a8fc70643a1b4bf1e21bc3be83f774381e3f10f5d2304f88cc64bf5c62e5c,1764459647,1764459651,1543,34508,,
0x05a6524cb185be43175ac3944f0e9ded11ae62f12292edeb34b91404ced23d44,1764459648,1764459651,1543,34508,,
0x56af95fb62054e48224c86d34bc3a5f16d031372c1186102e507dcd3321f3f92,1764459648,1764459651,1543,34508,,
0x494621833cbbfbafb0eb94a27a2ffa553db925df542b3352f5f33725391e53c6,1764459648,1764459651,1543,34508,,
0x09d4d91cef47d543425ad0e90b26f7bbb3dc974207c8c7006d79f78d9f852674,1764459648,1764459651,1543,34508,,
0x31d1dfe516d8105ccd1a35b0b132df90449ce0f1b9062322dcbd609be664ee49,1764459648,1764459651,1543,34508,,
0x12d48bdbe1ebac768d1c0221e23e2def3b1d81fbf54f8b5f26ecc08e4e5fe360,1764459648,1764459651,1543,34508,,
0x6ed1a139672e6194d91a588f09756704e2fb2edd045028c55df550ddee5bc68b,1764459648,1764459651,1543,34508,,
0x94a94244aa659898a98986540d4893cd756798ffb6594ee1e0c7497c0dc31f6d,1764459648,1764459651,1543,34508,,
0x519bb274e45e7c7c008f666a1ddfd8a9d23c08ad16f340de5fca6d336a29a106,1764459648,1764459651,1543,34508,,
0xf9afd9a397137a82fc69a2867cb5367d31851cef718701772b3ed855446f3da3,1764459648,1764459651,1543,34508,,
0xc23972667beadf072a5346bfcbbc8f79d1d6f9723a64424e994d9caf227c9105,1764459648,1764459651,1543,34508,,
0xf98fdb76d3ffd3a854ee298e408f8b7d67b876de51a441c43a95579d27f665e5,1764459648,1764459651,1543,34508,,
0xa048cabe63b1eae20883fb455f1972d52a56a9115a1cbfb28f08a793a320e108,1764459648,1764459651,1543,34508,,
0x14fa9520754dde9c5a6e15eeba85355aeb01d8a3805a2dca044f510d7c0bcfce,1764459648,1764459651,1543,34508,,
0x9de5f115493eebd4e5eb96584ff9aa53b1a2ef5d2cdedd966ce668ea781553d3,1764459648,1764459651,1543,34508,,
0xaec694921de3d7127c1a3361d4f4c77dea97feeae24773d17e6b5630fcccfe5a,1764459648,1764459651,1543,34508,,
0xfab518eddb0fc15e9d681cff21da419c22db7a916e6ba75af293509b8b99664c,1764459648,1764459651,1543,34508,,
0x819b8a0d79e416d3a62fd885564b36a687e6d1f4360d10916df91850865fefdc,1764459648,1764459651,1543,34508,,
0xd74b2b88bcb146e8e434eea228980274871ab7d18c85197732f33f50dea4c136,1764459648,1764459651,1543,34508,,
0x850c8ef6ca67938643f53ed5832868078a71b476d1a6476152d55163acfbd4a3,1764459648,1764459651,1543,34508,,
0x01e69532fd015a179991333ba60e3e1af09c35b4bf8cf78079e5812369234f35,1764459648,1764459651,1543,34508,,
0x19ee9d6e1b0345e5410cba7706923ead77e8a685bd20071f05697761651c795b,1764459648,1764459651,1543,34508,,
0xf48af3a39f091000efaca40063021de80c444c6e10c75c2998e769fd27ad5564,1764459648,1764459651,1543,34508,,
0x6f75630e9949f7a3a100b72bf4b40ab9abc8a397c035bdf7f4da18378ec59b02,1764459649,1764459651,1543,34496,,
0x797e788bdfb0dbe7f1f6e1d7465b701418d0d2901a028c45498f6aa148be6cc6,1764459649,1764459653,1544,34508,,
0x2189cdfd0ee1a7721e9837656ec52a47fc880a844e73369c9ee150a53f2f2c0a,1764459649,1764459653,1544,34508,,
0xf31ac73520a7546831288d303ebc60ace3b61c54aa83a4689ff370263fa78cba,1764459649,1764459653,1544,34508,,
0x3c426a8d66b1754991d797f55e7112d354ef186691958c40e4b298b991d0fd82,1764459649,1764459653,1544,34508,,
0xad39804b0cfae75aefe5f787883d1728da056a03c8b1314b355752c1129b1a68,1764459649,1764459653,1544,34508,,
0xa1531049a091104f90478be678b723bbe4873e28862e578f2ead6bcac00811ec,1764459649,1764459653,1544,34508,,
0xa2943530063fc2655ae4d1531ae39b5b92b1f42d66b9fe563acdbffae0fd7bf7,1764459649,1764459653,1544,34508,,
0x3447c7fc606fc1099e4f2ad3fe885b617cc12ff6e434df8b43ff1d411f86aa03,1764459649,1764459653,1544,34508,,
0x420db1cb6c6ae130079ec7769a4ceea23e5da3669e1db37b81dac38882665b4e,1764459649,1764459653,1544,34508,,
0x4935d9c8217ad1d81051c9ed07be7704606bfb9834cc080ba4e832c8809d9dc2,1764459649,1764459653,1544,34508,,
0xec69059a59c8c3f7e82937acbd42c4860a641cbce7aacd7893ffbd60bfbe2784,1764459649,1764459653,1544,34508,,
0xfd34bc737d76568ebadddcbf41b8a6811d4192d90ba6150fbb5ae91f2774c6c5,1764459649,1764459653,1544,34508,,
0x920181b969083108d6216a3ebc1fb281a881e700351b920eae93cc3466e6cf02,1764459649,1764459653,1544,34508,,
0x7ec34619a44610aa95330e6539113f1faf5f1489948d29340782fd9c16a62ab6,1764459649,1764459653,1544,34508,,
0xd66686e5585428d7bf0103a66a021d6cfc713c46053a45d66edcafcba3ca7ce8,1764459649,1764459653,1544,34508,,
0xc55ed0765a0b469beabf30eadcf92bdeabf1f832dffa3419d131defaffcb046b,1764459649,1764459653,1544,34508,,
0x29cd3a3e5ea0b0ddcd19183d9372a31ed30b85f45898db2ce64a235c1d3e1523,1764459650,1764459653,1544,34496,,
0x51baf129be50afc66ebe39576d5b6c805ea5a7400f0ba971924e422cb8988551,1764459650,1764459653,1544,34508,,
0x4cf9e24cbc3d05867ac1c5d23455774228c08677589bcfb634e5a8d8824783cf,1764459650,1764459653,1544,34508,,
0x9faaf821fe2df841da724ab641e432d69594c496ddc17fb3c650d6ec420ca79d,1764459650,1764459653,1544,34508,,
0xfa45e96576f4abc21f3444cb67573187b3b0525a204fc9daeb24e4d611908812,1764459650,1764459653,1544,34508,,
0x6b0219b443ed58fe8b242cd8fafc6d644f46fe25dd858d20849560ab3b0f03de,1764459650,1764459653,1544,34508,,
0xcbce4d91128dda063bfe4eb80b404d540bbf8b9bee4b114d584208fc0603fc12,1764459650,1764459653,1544,34508,,
0x127f5a91845b1c30d62ab2abe8293aa6f8993eaf9b5082d5821ee33ed07a00fe,1764459650,1764459653,1544,34508,,
0xc8f17f2aea7809ea573243ba2a869984aa40929bdbbebb8e952ba3ea3e1ae2e8,1764459650,1764459653,1544,34508,,
0x4ea249e0ac66f15762bfeacf2e9a16f6b4a56ff98ab136db001c273f269f488b,1764459650,1764459653,1544,34508,,
0x4362176a72179c055996b6ebe75369a85a99651f519213c6a8e632213bf2fca9,1764459650,1764459653,1544,34508,,
0x2124ad5ef0cffeadfd5b95b189f772a72f552af09c6c15e0a57b09471edfe730,1764459650,1764459653,1544,34508,,
0xf9c01bb4de69043ee35174466409a3039c1cc1c98c1aa5a4cb27a8df0c765f7d,1764459650,1764459653,1544,34508,,
0x6f73bf18f9025412c6708ebbf643af8b7d3214a4dd4bb5d9bd0eeca1dfed9e0a,1764459650,1764459653,1544,34496,,
0x5d40b4aaef64ad88578cb899ad5f45b568affe17de6309151f58af672e333558,1764459650,1764459653,1544,34508,,
0x63d4239bbba45e7ba965fcb034e47af07b2228287dbf50f0ebdcf6727a30e756,1764459650,1764459653,1544,34508,,
0x32f083d870d380145eb91d5add2c40daefc72907390b4f0e0daa220208e6c7ca,1764459650,1764459653,1544,34508,,
0x3d97aef622c300baa3d4ab3661ffb71530cb342bcbe86ee73b9ff8a5dadae326,1764459650,1764459653,1544,34508,,
0x7a21a227581de9f0b77d0134f1be49622bdcf8afdeb5f9d1f7ec6ea4e285a536,1764459650,1764459653,1544,34508,,
0xc24a2d1fb4e9b2d11b74353e11e5546b1e59dccfebfd1d95e5de1d01e627f635,1764459650,1764459653,1544,34508,,
0xa85a970fc5065ff2e7da97a2f9f53d7c980cf2da6b671e869309bd99fd4a2019,1764459650,1764459653,1544,34508,,
0xf16611e6c2524b814b6732a6bc2c139fe8d81ab90a511d3356f62fe3cebf1da6,1764459650,1764459653,1544,34508,,
0x59abe382fdadf9985d4ad0e07447e35de1e18f9a13c4a55b6f16efb99935934e,1764459651,1764459653,1544,34508,,
0x0c142300fa0ae235db10a1c3b98004e088128c5811bd454c6fa518e9f4d015c4,1764459651,1764459655,1545,34508,,
0x558e3453d1d4a7d25bd86f97c60529858adb6230b650cc1a704988c41af9320c,1764459651,1764459655,1545,34508,,
0xdfb6b1c7be54aa42a1f60916d086f7d3e8df58b3b1600ad542281e085815c793,1764459651,1764459655,1545,34508,,
0x6106d4e3e22e36aaef849059a0513d6080c5c330d04aa7276d50b76dcd49e5d4,1764459651,1764459655,1545,34508,,
0x2ec2166c64cb4be3c9cd2b811510bbd8cc53f9e1cfd5f57a3f6cf1fef02c84cc,1764459651,1764459655,1545,34508,,
0x7f252fdd6b5f6311d96281285a0e894457cfc06b62c6121146e1029c8b40f1fc,1764459651,1764459655,1545,34496,,
0x8c54575db6f7d3bdb706cb999e731686abfd180a0ddcc96d4ec3815eeb4ae90d,1764459651,1764459655,1545,34508,,
0xaa24a4ab6294fb79965c0481bd1b29f74e91a3d803553cd2b4341e0c7bcd2345,1764459651,1764459655,1545,34496,,
0x99a8a0ff98f2d3cd72c912373fbe6d3f18a1c49fc611a697880b314b506ad6d6,1764459651,1764459655,1545,34508,,
0x1520266632ac7a9372c1c46fa232f076894f3fd93bc3f33cb27db135cf7d4ca9,1764459651,1764459655,1545,34508,,
0xd9f3baa9bcb642ff218f22daad4daa5c92fd69fcefbde768e4bb5b33d5b3fde2,1764459651,1764459655,1545,34508,,
0xdc58cb8e9eb0173713c81f5722e287ae9f4b810656e18d57e80d192db260b5b6,1764459651,1764459655,1545,34508,,
0x16ffff9cc7b2c41c0b16e84630238ae6bc819407c23dc45ffa68f75928ffbcc8,1764459651,1764459655,1545,34496,,
0x52b09f3d2782f8feee0790dc56a6d68a19c67115a2b910184e847a16833672dc,1764459651,1764459655,1545,34508,,
0xdb12d1647e8d9f00ab253f68891a1b880b8daa1fc24da4b6951c6d09063ac8b5,1764459651,1764459655,1545,34508,,
0x2b9aae1d0bf77b8f373cebb47efeb51bd93d98e59f47a2dda54c8feb7a9f2361,1764459651,1764459655,1545,34508,,
0x0f09bc57db140234a39b5bb3ed70257c7ccad9a3cbef5bb82959ce597265e7ec,1764459651,1764459655,1545,34508,,
0x525ed7652d586ba0c5eda29ca5123fab5b945cb0a375779347511a29ce51bcda,1764459652,1764459655,1545,34508,,
0x0e2e5230b35cb87c30892f4b4096991c1a68812a4cdad82e61ba65c12a8e865d,1764459652,1764459655,1545,34508,,
0x30bd5952b718cf3b3c60ac4b61f153f6950e4e83a55a40cf0f0bfc500f195103,1764459652,1764459655,1545,34508,,
0xe23c06e117e38f73ce698ef2dca795412b922b5518500abc755c65f0f97a38be,1764459652,1764459655,1545,34508,,
0xf9ae15501364b695a8293c6899e44e77ef58f09a2f4fa650a6d60668b549e88c,1764459652,1764459655,1545,34508,,
0xe8cbaa240a45d6ed6c56fbdd0b1d0532e9dcbac4387f2b411a9bc7bed6bc6135,1764459652,1764459655,1545,34508,,
0x11f9c601cad38ea665743293bc7396cc78671f72ab696c02b2442fe8781f26ba,1764459652,1764459655,1545,34508,,
0x7963920ad0caad3429bad189cfefb66502a0b0c5ec781fbe8392e7ff8294ba79,1764459652,1764459655,1545,34508,,
0xa05e3cfb3f2d1ab8323372a8bd7e0f37f45930fc103a75cf9791b92b459bcbbf,1764459652,1764459655,1545,34508,,
0x3fca8d57a927ac100705ee2b2c701038be7701e9c11aca4e1a73b1e2ad5687c0,1764459652,1764459655,1545,34508,,
0x8c4520f448b4e70bd05f336644d73cd8653b4b74313a3cabe1b6ea8199fe09b0,1764459652,1764459655,1545,34508,,
0x57db2390e608f779d7e8dd59ef8f79ec96773d2afbf13d3422cac14c31e0a850,1764459652,1764459655,1545,34508,,
0x23640dd9d2bc7303247157d0c34d8c55e103b5d4514851f28c56d53f0fe98097,1764459652,1764459655,1545,34508,,
0x515062674303b959d4ce733b75a57ddbfe7322c3e43e7530adfede0564536a25,1764459652,1764459655,1545,34496,,
0x91752e5865ca67715b331957139106e2e2b22082ab25f564588a90d7c1b32ce3,1764459652,1764459655,1545,34508,,
0x39c60b4653f2530684774739a7437c08463e5acde6a4929e5dd413bb5dd80700,1764459652,1764459655,1545,34508,,
0xd0b9cbcb494a5da7f815e74a1776eb9ee2c597b6972b32ec5e04a98763e6bf3b,1764459652,1764459655,1545,34496,,
0xa1305985829821e60ed2a97e24005626096993c7f8a82c0ad9954b43a3c574b8,1764459652,1764459655,1545,34508,,
0xaffc44e6dfb3fe49c8cc5a57a5478cb6dd2f9baa2d98b6b65f2aa97e5cefe1bb,1764459652,1764459655,1545,34508,,
0xf1bc05708359f657cab1fae95da87b6f14d7c553405e607354002fb434310b98,1764459652,1764459655,1545,34508,,
0x8a4b6ea156f9a0aa4e95bb2a448fded7f3778661073f173155db1e305104d3e8,1764459652,1764459655,1545,34508,,
0xdf538407a35f6c33c3ad2a404f07e4bad286291b67453d7f65b9bf0735adfa86,1764459652,1764459655,1545,34508,,
0x57a316c13a21957880060ad6a05c0a17f8521cb76da1d4f6c882c990d4877c1b,1764459653,1764459657,1546,34508,,
0x572bc98f0ae208c9f405ac669f4e062e0fd3c377450345206e6d1ec03818afd4,1764459653,1764459657,1546,34508,,
0xc998c3c2c57da175ba1cd937e0a8deb502e22abe068e44a75a4f1ccdb791deaf,1764459653,1764459657,1546,34508,,
0x2bfb94480c5ebcbb0a52a758ca560d90763db3183afd6ba2beb8d73156444b7c,1764459653,1764459657,1546,34508,,
0xc020cdcd099ca00a6af2c9ae306734042dfe582e8b565c5c9f5de2980a0f66b0,1764459653,1764459657,1546,34508,,
0x09c97dd1b09374f73cac8ce589786516563a97a427ade8e57760ad6ecdd02c0c,1764459653,1764459657,1546,34496,,
0x56c07b8472dc1b3c6c898f66da03f8fa31edb0db1db4c0ad1be74873a39a5a94,1764459653,1764459657,1546,34496,,
0x00df2b3f9076a7c0922de64f4d2cf24b47efb34ef8683c82e38c083d6c90f2da,1764459653,1764459657,1546,34508,,
0x3cdb0dc6c95f0e3ea9fe40edbae3f5689776347480062391018015e138c98caf,1764459653,1764459657,1546,34508,,
0x6141e0540ee499846c93bd57ce371e6d3af96756e1446bcaea8bdc7cc45a0f40,1764459653,1764459657,1546,34508,,
0x96aca956e731d5798dd1a755334eeae838afa9c4ab4d44c93c6ab86da255abb3,1764459653,1764459657,1546,34508,,
0xc08ce42fbf960106e5f43272cbfb6097ed950de3b0b6ed794b76e28d6fc03e2c,1764459653,1764459657,1546,34508,,
0xfd1c35525668e302a3355d053e103d7dba43074f74e04203086f7676368abb74,1764459653,1764459657,1546,34508,,
0x842653082b063b9fde689179dff3dc673ab995154b5d5436790e0aa8ae7627aa,1764459653,1764459657,1546,34508,,
0xadd5cb0d098c6a36b7c8efdb86019fbcaf8a63dc6a3e6c03d69e9ce4e4ad9f5f,1764459653,1764459657,1546,34508,,
0x1ed75c02a5c77cd9835b75fff72d21035cf248cb971b4331e84c6d4bfdfe9d73,1764459653,1764459657,1546,34508,,
0xa4b568df4fd1a25927d0c97779174fda3cf227f92a39dfc3ac230c6fb3087a1a,1764459653,1764459657,1546,34508,,
0xdefb000bc2049efe9d763c63ff46729d7cab49da2e6de562b2a8b13f3544d57a,1764459653,1764459657,1546,34508,,
0x44450a776c95973494c828fd2621a7210f40f4c2b58ed2cd6d4127ac9b918f84,1764459654,1764459657,1546,34508,,
0xa747c7800a6f34987c3a4da27c8c5e0ec5157b8f18b412bbc16b20e5e07ac663,1764459654,1764459657,1546,34508,,
0x8cf48f5dc4bd15d5491582ba92182122411189542b19e712f37fa8749c46be85,1764459654,1764459657,1546,34508,,
0x41caf1fb719ac830aa3ff14a97b581fc08d0a598ac0660e1d1644a1b62c4db94,1764459654,1764459657,1546,34496,,
0xec9c06a7ae4fece056a5479631a8de1c96e6acb18e33e49e1926369a802b8dd1,1764459654,1764459657,1546,34508,,
0xe9e54d3aacc6e865f2ad450e9fb67de1efa22061bae6b7fec32efb79057cfc56,1764459654,1764459657,1546,34508,,
0xda17b0125116c422b975c2ea13dcc3263ffcfed45c3373f8552d69e56f105d5e,1764459654,1764459657,1546,34508,,
0x03a716c6aa1d0221a12009b3ab088757eba3cb082b9f7a2364f71516b0fb6587,1764459654,1764459657,1546,34508,,
0xe0d8efc2825741fefc277ef77cdf5d9fcf9d817d0b5e92bff773200e9934a75e,1764459654,1764459657,1546,34508,,
0x6c99e735d9ea8163774690d2db047e96ac5e99038eee91f8292ecec4ffaf3ee8,1764459654,1764459657,1546,34508,,
0xddde55793f3660caf2072b14a01e386b0ba5a574a96b52a94eddd62c35becd12,1764459654,1764459657,1546,34508,,
0xcb592848e073a820d0568bd52b3d8470924efa6df680fe29025989035cedec43,1764459654,1764459657,1546,34508,,
0x3f9a6c4276df1a2d072eb5f3b54dc5d7e4dbfa7b88b7d2c1d975bb2a132682d9,1764459654,1764459657,1546,34508,,
0x9629c7400a36f16360aab1c43e771828132c6501530ddf90d15f7fe580590798,1764459654,1764459657,1546,34508,,
0xe456c5553f92f989c28405f111ce3b72f54e89cb8ffae4740137cf0ca122775e,1764459654,1764459657,1546,34508,,
0x3972d50d01201e4131eec3be29720e0a5b8a8635b3c69d77ac6670d5ad9dda3c,1764459654,1764459657,1546,34508,,
0xdeb94344038c5c6de4da4be800aaf57857f32fc101b1d42ca01aa0fb50e773e7,1764459654,1764459657,1546,34508,,
0x07ef2c4b8b532763a6942e12a05f288ededc0e4d3030a65b3dfbde93db362681,1764459654,1764459657,1546,34508,,
0xbe8c5e5e8ba53f6e11b123e0ae8325ea03cbaf8ca0db8bfbc3fdc9567b5e2e57,1764459654,1764459657,1546,34508,,
0x4165f7d21adcca050b4b0589b44b4ad761043a213f07904d206597abb9b41923,1764459654,1764459657,1546,34508,,
0x7c0bff1ce894eebe1aed745a4345cd4ca8589f19213bd73b472456ca29272bd2,1764459654,1764459657,1546,34508,,
0xe9666d655e469ae548c1c4aa2c9ba94087b81ebd213c58a415943d70c021e7e0,1764459655,1764459657,1546,34508,,
0xb07ca0be4f5b8cccd9c1a1a5e99657aaeeb3666899077532baa53e06906ba478,1764459655,1764459659,1547,34508,,
0x82b4491797832dfc45ea6dde85454d65832239a971fb8c434bef345104b1343f,1764459655,1764459659,1547,34508,,
0x6c8dfcbdc3ed7d71b24263d712e987dc58789efe1c2c0bcd5c8fd84adbe654cd,1764459655,1764459659,1547,34508,,
0xed71acad19ad20f165286df94c67675138ff06cb24bbcb0660bbae7bb57ae723,1764459655,1764459659,1547,34508,,
0x66a10272b0984c566813dab6d64991e57385168e068c7468d165f597d94ee885,1764459655,1764459659,1547,34508,,
0x2cde1b410bd63213955f46dfb2a730fd5a9959b6486862f81188a361782a755b,1764459655,1764459659,1547,34508,,
0x0002092f7309ad8def551c0d5eaf365b380a09d3e8657f8f554f0c0e0a98ed84,1764459655,1764459659,1547,34508,,
0x6c790b6f0745c3d33b66b219b1664cce4151f816d78dde2eb5a37afddf5c2a0e,1764459655,1764459659,1547,34508,,
0x593300ff2e8cd5ebea3fc38601e2e5cae470a555e7db19b746e88f7e584ab2b6,1764459655,1764459659,1547,34508,,
0xb08e51399d6e5c5c9f2dbf1876b27ddc7fec96c9c6d6f4a9dc310c0925c320b0,1764459655,1764459659,1547,34508,,
0x2b9fdc3739e549eb3e511749f0ce041bf653f09b269f476f0bb66732c42182c4,1764459655,1764459659,1547,34508,,
0x256e47a7345a50979373ef8189231dd249b4e1e690b36717d3892713be9a94ad,1764459655,1764459659,1547,34508,,
0x8e446f1fb070c17586a508d63c57e86fd8ea8cf4813ed7552be409b95fa400d3,1764459655,1764459659,1547,34508,,
0xeaf2a775aa31edd52e0467805a275d5219d5912adb7bfe5b1c4fbaf26b42c51a,1764459655,1764459659,1547,34508,,
0x743c3616a61702df38c44e3738ecb9d10a53dcd49008a4b3885d0e564dd569c2,1764459655,1764459659,1547,34508,,
0xb71677225e57ffa233f4cc90fec36fd7bf5e6009f88f65a85be384568ed8fc42,1764459655,1764459659,1547,34508,,
0x69214e5ec283c71da8c1c609b7ac3d6236a8d7dcad65a12de42d8757f1d24eda,1764459655,1764459659,1547,34508,,
0xe1feece30985fe337cedb9c86cfd4b198b64d34c91fec61a78cddab59bcb52cc,1764459655,1764459659,1547,34508,,
0x685f92fb30f95b384eb94f443cc2b90fa0479846aef5924a5814b6e57225fec4,1764459656,1764459659,1547,34508,,
0x7053c77285b540cada939af571f18f9b32fe4094e7869feafedea57ebfe9ce25,1764459656,1764459659,1547,34508,,
0x345a2521a04302fa5daf5518cc6d248ad7095b63379861305d74475d0b190695,1764459656,1764459659,1547,34508,,
0xcaa09e7a3c39242150e29a0a7406c4e040501b042f0cb49c05ee6fa659356668,1764459656,1764459659,1547,34508,,
0x8250e77cb0c68bef7331219f28b10738d061e9affd735b9b408b9d50fcd7f85a,1764459656,1764459659,1547,34508,,
0x04f4d829873fe56cd951a67e3583288f5fe1605bd14bd4d7ced924f70d378c51,1764459656,1764459659,1547,34508,,
0x3813f2a621bf788925cd60e48fa9c385c8af29a9a4a5a190ef9981c8a19caf4e,1764459656,1764459659,1547,34508,,
0x68e6578c59d5798f816cd03c05c5b6385585cf8f9948a052460124b4bdaa5ed6,1764459656,1764459659,1547,34508,,
0x1ee27e0289eba22e4a909226dd8f44b52f230f845aea8c5bad33d9f355bf333c,1764459656,1764459659,1547,34508,,
0x2f03cad7f0f4a0e4edd8795e8413ed3173fe63180a91184108b529895488daca,1764459656,1764459659,1547,34508,,
0x4e423c587ecc1833f01e34de71363f34b52d8e8d6343a5fbe7f1ddadc3f7ea4f,1764459656,1764459659,1547,34508,,
0x8351a85cd1684ab7fcd2894c64988eca919cb6c9b747d410a28feea7e9de31f1,1764459656,1764459659,1547,34496,,
0x9ea1cee39a879b909336311ba15653f170c0f0a8000164408c56c13ab524b5b9,1764459656,1764459659,1547,34508,,
0xe0d1f4a868d47e3e93cb063fe311803aa5e9a784ee2009ac16da364d046af569,1764459656,1764459659,1547,34508,,
0x2922748a9a6ae06a23791cd75129e259a9ca66c8b57a8f33e9ee89effcb13aa6,1764459656,1764459659,1547,34508,,
0x126cf5a33a0ea28cc3984e5c67b2e4b6756388175814b9c09630f9cf742ddb6e,1764459656,1764459659,1547,34508,,
0x6acd41c67c864d3ecfe3150c83a357afe15c31a1d2813edc3034e63341251bb2,1764459656,1764459659,1547,34508,,
0xf3bb76037b42e1be7dec0887a0d89e7e2b7737167390cd0f9bd8b633bc16a577,1764459656,1764459659,1547,34508,,
0x2f13b356b8334bd4e63da153a3928cd5543d8294c0195a94d194a6a40074bda3,1764459656,1764459659,1547,34496,,
0x5d71e7c2178110fd8aebdb46a96b9709ccec63cb813dd6819745d01bf40d0587,1764459656,1764459659,1547,34508,,
0x0a862d78432e79cabef04d6861549516a7fe270cdb42201f9c8a21565baf3a21,1764459657,1764459659,1547,34508,,
0x027733e25b5dd2e64ad67ad90982ba2a799fa3c797d8b20c67e6e51482500fa7,1764459657,1764459661,1548,34508,,
0x27eb77e805b97b5d511ba216efb4c78c069a4479a2cc832594ca3e173f669a5f,1764459657,1764459661,1548,34508,,
0x10db7d4f01d2d55121e3c0a82c07768af1a329d770947ce0173b4f4b5d20b479,1764459657,1764459661,1548,34508,,
0xe45de4372cb6797b8f5ad4136385e45fcac545cd853a776ffdca478d6209a0d4,1764459657,1764459661,1548,34508,,
0x508d7b9136d850c969d29e6de97801df34a786c0e0dec88d74b25f359b71fac1,1764459657,1764459661,1548,34508,,
0xb06905daf7dc1f5c805fdd047580ede710e5f683d48ebc5745bd5cf8e72bad76,1764459657,1764459661,1548,34484,,
0x18a774e06e552999f660cfc991c4c219e677d760529a1b3d5e14bc9a6889c51a,1764459657,1764459661,1548,34508,,
0x5660a3eae352aee397215ef1241184573dfd44321f5865337ca96f68e3df7d90,1764459657,1764459661,1548,34508,,
0xdc283d0751091e1c23e69b527269758d537b03a9d3095d5f9a94b2083bf381b9,1764459657,1764459661,1548,34508,,
0x67da7bde3256f0b79a190104279df463a16a131d93927789928f9cd253201791,1764459657,1764459661,1548,34508,,
0x82d71f265fc7024b2bf98e708d8d76936c0f0a0bb50636caa08344daa7ca1633,1764459657,1764459661,1548,34508,,
0xa99842361825b878a205e357faacb7ca171866aaf0c052a3cad9772f0d3d7ce1,1764459657,1764459661,1548,34508,,
0x097ecb1e035ddd5eebb94fcda6072cb3fbe03ce84d1f47f044ff8e37b0667531,1764459657,1764459661,1548,34508,,
0x4a62e02a1d1986b1a78e5cfc7c7ae6a53dd6c9d580c7a403122a137ec829c5eb,1764459657,1764459661,1548,34508,,
0x607e28b7624280040f1ffd7454fdd544fc057d814189a2bbb7fb9bca1046ec11,1764459657,1764459661,1548,34508,,
0x7a2dd2e3c6dc79dd1623378b311d5e181d4f6cc8ab9a600fad37630815bd002e,1764459657,1764459661,1548,34508,,
0x78040c64d1d8201cce53dfc037b5d808efcf880583c21b4672c857796dad6dbc,1764459657,1764459661,1548,34508,,
0xa036e6bc2d33dc268e1bea3b312d3a83dbf8d58a8e7918d5d9aa88354cf2e971,1764459657,1764459661,1548,34508,,
0x3a51cc9769ef7e181eae8f9abbf46718e9390bd0cf0118fde3c49e797613bc9d,1764459657,1764459661,1548,34508,,
0x4477ca8fff081fb47d44235bc34002bf785eff9d6182f543132e7f49d74999db,1764459658,1764459661,1548,34508,,
0x7eae13c852a286cfc0ecd8223a4e099c6963bd616e2d9a8c11554edb7d439ffe,1764459658,1764459661,1548,34508,,
0x1c6f7d34a80bde2ff3b0f73ebe997c286e5078f5ce5b1b3a7328ea7510d40e4c,1764459658,1764459661,1548,34508,,
0x76dd755905f0b5ebf50e93afa757df643c8d7d6f5faf058c4c5ec2fded98b678,1764459658,1764459661,1548,34508,,
0xea44820ec0f9e8c80748879a94f44b452c0c54dc9ea8ee51298181a3ad5640bb,1764459658,1764459661,1548,34508,,
0xced4eba31c94698ba19e4937f36736b777f13484a87ecaf3b32e45e13cf5d12e,1764459658,1764459661,1548,34508,,
0x9a51164ef6160d4f6d98abceddd49b91344d10fe877c766d83ce8a6109b7cd16,1764459658,1764459661,1548,34508,,
0x4dd65df761a84f84bdbdf402755f6e40932bf1792f27396164d0a18c2b15c824,1764459658,1764459661,1548,34508,,
0x7c8c148356d7e8d663d6626ee6b9fa2a7c97b70214fe41f1846ad1866427e409,1764459658,1764459661,1548,34508,,
0xdc208dc4b6d5c6330745d573049e11b10a44c06d93ac80c796fe15780671f51c,1764459658,1764459661,1548,34508,,
0x059220adedd230db6792b285d535291fd09ddf699175190a53d8996360a31c83,1764459658,1764459661,1548,34508,,
0xbdf7a13672fd97d9683d5f0ac2f3742251ae42e40d0da1243ec11f1afeb7f103,1764459658,1764459661,1548,34508,,
0xfd9930046047677d0c789ff03cdb057db47ebde324271c6fc0ad0a293930998d,1764459658,1764459661,1548,34508,,
0x3e8156ad006be1ec970ead213bec1f00ffd5b639c281b17032266c84dc66123d,1764459658,1764459661,1548,34508,,
0x6e095f182355825ce1f6a293c12daed973c19b2730f7e38066242fa51bc45965,1764459658,1764459661,1548,34508,,
0x36699fa2cdb65659922f8883087ca13c32d4314c587dd100c9586846f8b65ee4,1764459658,1764459661,1548,34508,,
0x9e30ef82b665e19ba534723e620b303fb293871fec2dfc8655e7a17e667a7778,1764459658,1764459661,1548,34508,,
0x60ee460b0f39317f4e02f8786691b342495285a6ea46b36c89dc59a7cf83b1f4,1764459658,1764459661,1548,34508,,
0x4c6ccb3df8159a68e626f286b857452565c4a431a496feac8e4dd7befadaa947,1764459658,1764459661,1548,34508,,
0xa4c1262a9fe47cb0543a6e9548c4f3a707903943f0b88789d5a9aa9ffab38d1f,1764459658,1764459661,1548,34508,,
0x63eddee5ceddb0de66d471df567126769d1034eb0eb6a67cb8af4db3b16c7764,1764459659,1764459663,1549,34508,,
0xba662f2d2343d77f7298e9e76c982d1832d9dc5c32cf2bb3d4e3bded6857141a,1764459659,1764459663,1549,34508,,
0x48b18cf60f4329b7767c63c1f6325027620b39fecbd0b859a7b8b345bb03b8dd,1764459659,1764459663,1549,34508,,
0x6f7ed04b3cb200f252f96cc875ee12b4ca28c5a97ddeddd9565e1b0546376798,1764459659,1764459663,1549,34508,,
0xb69bb42e3313d6467bd69099b237c81926239128dbc923ac2b304e980fcb723f,1764459659,1764459663,1549,34508,,
0xb31f749b99b5bb814483012d02f2cdeeb822aa1e3066d8ffe74cb756eadf8caf,1764459659,1764459663,1549,34508,,
0xff8675d20c8f559e3d7f6b100ee3a752f377873437dbecab3d333ab53d5552cb,1764459659,1764459663,1549,34508,,
0x02b6bf5668e6969403a964b9b66b85b60e006ad0445c448e196af87ed5b521fd,1764459659,1764459663,1549,34508,,
0xc1db6eb76f40a7698f97566763a2f337bacf6fc010114915214531a148840686,1764459659,1764459663,1549,34508,,
0x179643e154a34146dc33a29195cc11780ea38cacf3777c394529cbb5b337f96e,1764459659,1764459663,1549,34508,,
0x907b7785d8f01c10f1040e82184b13430ff187041ca97ae40e819dd038253a06,1764459659,1764459663,1549,34508,,
0x2912bc1f26ec4477f3ea8f31fac012a91bc3fd9720a04d6109f73e634c29c664,1764459659,1764459663,1549,34508,,
0x933f5d441d88888c33b3383bebed4c96072f385f4a9e5530837e4e6c77e8680b,1764459659,1764459663,1549,34508,,
0xefafb113e2a666c63a8854287c47317eb6f76274a1066363efeb9c55e4a1a79b,1764459659,1764459663,1549,34508,,
0x3c030926dd858c43ece3712448a0c41e2aacbe72f1846e1d7e7f7288353cab70,1764459659,1764459663,1549,34508,,
0xb7b05377b4ef80a8ee1b7d8b34b0e369669eb7bffc8b645baf9723a842ee6c23,1764459659,1764459663,1549,34508,,
0x8e47242cecebc5785ac83a97bbc717a821064118025381c75cfffdbfb66d41e7,1764459659,1764459663,1549,34508,,
0x66d038a3216916ae1974e3b030cc7d4575aafaaded63bd60502ecf1486d267e3,1764459659,1764459663,1549,34508,,
0x185b7b96e809cb209453c7893003a4c5682319d40e37206873fc8bc1433193da,1764459659,1764459663,1549,34508,,
0x683c10819cb9b0ef7e4bccedc20cf17a35b94bccefc3cfb02f6f36cd5302cb9b,1764459659,1764459663,1549,34508,,
0xea2316d601345355ddde1f0dd804e5f0a6ab9005d33ad65f27080e25357f2801,1764459660,1764459663,1549,34508,,
0xb19ba9410fcd5dbc7247c86bd3661914d28b2d5463e31582d0d739cd41bf441f,1764459660,1764459663,1549,34508,,
0xd829feaebecda0054afe5792bf9844c79b28843f4c656a4eff9a5d641bc54fb9,1764459660,1764459663,1549,34508,,
0xd1045d1ba95f5227354cc2df74c0a11c5369b5b4fef4da495777a8a6875ef1b2,1764459660,1764459663,1549,34508,,
0xce5b9a2104028264b9f19b6ee8c8f6f9a68aa6d8276d5988e319c3b9860300c9,1764459660,1764459663,1549,34508,,
0x55894dcfad33f81add5caf0c982f71072c0303d1906fb067160433683a798f7d,1764459660,1764459663,1549,34508,,
0xcff9ae07ed288ad0bb70c4841f6121b7532f2fc48bee4f4d347453b5041307d3,1764459660,1764459663,1549,34496,,
0x8b8d898f590be402a0fc48af5f066cec2b118c134f810586401d2354ab9ce159,1764459660,1764459663,1549,34508,,
0x022c35b74c75ac34530f621a905fdc21ca1ea291e25a5f3cc44a1c9033269ca2,1764459660,1764459663,1549,34508,,
0x78f52e6c04de24649f11b43137412a43a5209d66c8397b937b0a1c3bfbc8268a,1764459660,1764459663,1549,34508,,
0x0b3b331970b99ba7b02e867b3b9e1f3d55a7d1e539ce5cb43107d4c3a7b2954f,1764459660,1764459663,1549,34508,,
0x192d479279c4c352cecc8cc022bee191577bd85dbd662e30aff77e157e48b6e6,1764459660,1764459663,1549,34508,,
0xa94ae489ab465d5487658b5dae883721857cc80fe4e3c3476326709bb17cb9c3,1764459660,1764459663,1549,34508,,
0xe911203a0e4ada65be154c90f459005bc1d739eabd0e17290bd38beba3b90962,1764459660,1764459663,1549,34508,,
0x7b6f05c0bcd1bf0b9949a283d4114809f4b4c4e7a474d3110bd78dd721c8e087,1764459660,1764459663,1549,34508,,
0xb38340872be4dfb65067a6863954609450d74c7aa10f81aa3d700c4c3143f78f,1764459660,1764459663,1549,34508,,
0x9937191dc47d494584fb3dcb09e4a543ceb76a0021eb3c817223de1bdf804075,1764459660,1764459663,1549,34496,,
0x7f4f2e8d2942ad5096ffa29bbf517019844a8fff54327bc6cbf428e02fb5aca9,1764459660,1764459663,1549,34508,,
0x5f12a33c23beace9636e86d7f646f06bd5bc04ed1deb7656d938c9b7687457a9,1764459660,1764459663,1549,34508,,
0x102521b9c82da86f3a0055ae223e3043e797357a2478ff20398976d31b1b37aa,1764459661,1764459663,1549,34508,,
0x3510373de36b27f3f0255e0a55c393ca501b468a4b5a90f1810229ed3a41a294,1764459661,1764459665,1550,34508,,
0xde3688f35648dd7a1c6999574787775c35a52e6a7a305317fdf0936b6d1a6cca,1764459661,1764459665,1550,34508,,
0xb6c3589a96f34b79573ea82f3aafffda3971c6e306724d9a42d524736afbeb73,1764459661,1764459665,1550,34508,,
0xc0b7f02ba9925165cf33e2aab77a8a80e813b5ef529b84d13b79d23acf75f1c6,1764459661,1764459665,1550,34496,,
0xa5a2f2ec51a5455091fc0fc8fee3f6e2c1c4fcf55976d810b5c09fbd0626c1c4,1764459661,1764459665,1550,34508,,
0x00d50046838559db785fc25c998b3680a3d644a15acd340e2ac3a8ce65d15065,1764459661,1764459665,1550,34508,,
0xccfb9f3ee5f175183ddc40925b64d8ca8e01f83c0fc184fdec1c05e8924194ef,1764459661,1764459665,1550,34508,,
0x90e6f7eae7d6bb5090a74c77f9be722c03745a624e864bfc9c31fa9c51ff417e,1764459661,1764459665,1550,34508,,
0x3884e0d527895020a553bf3b52e0e5ff4d29ac87db0d671e3ac1fa486f2a2d20,1764459661,1764459665,1550,34508,,
0xf762cd116f661a0f1e04e8ec608e61e9aeaffb4b94e3e29342c5f6cb76d07c34,1764459661,1764459665,1550,34508,,
0xca8c18fe2e8687f26d01aacab833a2733c7dd72570c6c043d3affc321ac86eea,1764459661,1764459665,1550,34508,,
0xad92fff684474e86f3391172ec7e99a3952b46d6319af52c74613b14b46d88ca,1764459661,1764459665,1550,34508,,
0xccc5f548062be7be8fe2ff4f93d2b015c44ceaaf560aa48c58773062cf33de87,1764459661,1764459665,1550,34508,,
0xf8f0da175412b0f04ce459e98c08d894fff6df55c149fa7db70d9eff2c87755a,1764459661,1764459665,1550,34508,,
0xaf9b098e7986e2dc927879a2eb9237b5b13b1435233ba62c73c3ddf17e2c2ad5,1764459661,1764459665,1550,34496,,
0x7b186810ebf0ebaa161dbdbe32fc20ad28d6152e87798b346f8558dbe0a486a3,1764459661,1764459665,1550,34508,,
0xb4f169295d0e9d43b61bb7f23029134679c37c6e74088757da9f972c9ad05c69,1764459661,1764459665,1550,34508,,
0x2e2e6e1b0f0b9b9dcc17faf595bc2244afe8a41796cb28d7634e16bdf9e9447c,1764459661,1764459665,1550,34508,,
0x5187fd19c90c17c992fad0b96fa52391c5305155d06677ec976f776057fb3f24,1764459661,1764459665,1550,34508,,
0x794b6d1416953b9c357369708e7497cf46ec19fc87e5aa2a3dee15fedff45556,1764459661,1764459665,1550,34508,,
0x74b416e173a8fbf4d054a2dc837632820ad0c8487291a43abc18fa1bd2a7f0e1,1764459662,1764459665,1550,34508,,
0x7736bc8c6a0c3df7480983ffb6a4efd8be7964110a66f0f2b4d6c2393b2c6509,1764459662,1764459665,1550,34496,,
0x288d7c5003390f0841ebe0656af33618fa62444d93260f84a58ce4b32789e02f,1764459662,1764459665,1550,34508,,
0x124a70f2f36d9ceb8d3adcadc22aeee4b997bd5f9c73f000d341379ebad6156f,1764459662,1764459665,1550,34508,,
0x79d7cdc1afa2c048b1aceea18664d1701e5cf4a08de374aa4575755ad649879f,1764459662,1764459665,1550,34508,,
0xd97a2ced433906a8931ab603ed166ab61c30677e6e37afa466098144c8e45686,1764459662,1764459665,1550,34508,,
0x5172a254f47aed7be7d09257e2e7913e476426be27449d39e62a981abdcd6e08,1764459662,1764459665,1550,34508,,
0x3326d376304f980aa817f29d4a56cc5a9cafcbe3df8e86cc413e0658504bdaa8,1764459662,1764459665,1550,34508,,
0x590de9b4a6e5d6a7733012d5b648f14d8f93e4152a283029caca8acd115d8bdf,1764459662,1764459665,1550,34508,,
0x24f0a0ca02d2eace673506ce52ba93d003d5c283cb309d645269be0f116519ef,1764459662,1764459665,1550,34508,,
0x04c54e0e21d9d655f909fb0cdc6c25d47299ca750c431b55e1bfffd938207d3f,1764459662,1764459665,1550,34508,,
0x9f4e9194c486f7b2557aed28b1e2fcc0d64369422feaa8a6cee772b78e2a6655,1764459662,1764459665,1550,34508,,
0x7f54108c97b0a46c5af983dcbedc6a926ed5bcb3adad4bd6e77015083c4fbe6f,1764459662,1764459665,1550,34508,,
0x8380eaec600f0db6180b64cffa40ea4dd6cb70d6867b96553562cfab246661e1,1764459662,1764459665,1550,34508,,
0xc93b8a4c425be1a16854f7d75dff65ec866f77f0379582b78afa9f9dadc8a9a6,1764459662,1764459665,1550,34508,,
0x3ff94c2ecbe8f7b1e00638649cce8def093efef9a4d86fed5131c4c75bc33719,1764459662,1764459665,1550,34508,,
0x483cd97566cef2727554196b91ed04a864e4405d2370d813cde477bb5cee2d81,1764459662,1764459665,1550,34508,,
0x4ba654a071d4175fd706292b4376204db7ef2996933e1e0d7f84f1465f56ecfb,1764459662,1764459665,1550,34508,,
0x5d374f33ec7f5cf4d86a9240fc62267f1b008801b1fee5d9872aaf2807783243,1764459662,1764459665,1550,34508,,
0x8679bc08aac3d0b4b42f4564e1c509f1f8361c55041ea823dab5c4629280e881,1764459663,1764459665,1550,34508,,
0x330bb21b9ffc7d8d64002204bd22ed965e04ade9601d8fafe7b7b8eb66acca27,1764459663,1764459667,1551,34508,,
0x07554e8f94eb42ec3acf6ca2960f5a1758607f9cf403db2f5ef73f55c151ddb4,1764459663,1764459667,1551,34508,,
0x239c7eb9a8a4a44b9e58e2e5b983b4d4987013b525d28ea0acaba2cfac42b901,1764459663,1764459667,1551,34496,,
0x13c319d8521b5cfdc9114added6e7b4879382d41a08b20ec49726a228057871c,1764459663,1764459667,1551,34496,,
0x316a45d0a4a660ffa53c14a8293fa34a0270c5b4b993f6f7c9ebf23c4220ec14,1764459663,1764459667,1551,34508,,
0x67c7c6389649ba666cfb44dc9488ebfbb8eb0bde4a8eb35bd146ddc3a4c11b65,1764459663,1764459667,1551,34508,,
0x4953968c2b0312191f155874b07bda03fcf0ddff4792ec07e71d2c740e8e6977,1764459663,1764459667,1551,34508,,
0x7d8d9e0d8959dc0860e71857d8741b701bea3d5b83abb546184aaa7f167296b5,1764459663,1764459667,1551,34508,,
0x0002904300b66a9c6fbbe5da8aefceecd69ee5fad52b61d3b520ce4a6620ac13,1764459663,1764459667,1551,34508,,
0xbf26bfd80c7bd6e5a95fdf52f81ceb96ed3164671af7b423b1b9feb4f6f5ce13,1764459663,1764459667,1551,34508,,
0x453c11016b7887f0efad490cf66de4d5d28ef4fecc86ea00a9f930c38089d74e,1764459663,1764459667,1551,34508,,
0xc5050897bf7d8a3177dded27d385d5c43f93121bdc2ae68ee2e597248bfeb588,1764459663,1764459667,1551,34508,,
0x3f9e20e900265fcc627f95cff5e0f2ceb196cc83df6733774b9b8b364afb6a14,1764459663,1764459667,1551,34508,,
0xf5f1db036ece15b7aea73d2b1df5d90dc4bcdc4b824a917bfad57c8c7fb8f9ae,1764459663,1764459667,1551,34508,,
0x86fdd5553235536e7ef56e04d32d11678652aa184a38891e41996720e358679f,1764459663,1764459667,1551,34508,,
0x005c7b1de3bec2d5f061eda163a0ef514b21861b36bbef7ffecb23648b523ef0,1764459663,1764459667,1551,34508,,
0x1d0d3a73e08a93590ccd076ec361a3bfd7d2d48cb315bca146f48dabc6450508,1764459663,1764459667,1551,34508,,
0x8d250f3036d012de536868e432984c9cb44d112d4300e6bb2f9c15de6a8cbd7f,1764459663,1764459667,1551,34508,,
0x95c96c6e29b742e1e78c6f997838acc288802823114df0bb407ea80bc13fbba5,1764459663,1764459667,1551,34508,,
0xd7c79b4470c5f4c7c05c3bc101230292b7475db559a2233b039f1746a70d2676,1764459663,1764459667,1551,34508,,
0xef9faed5c2152a9c18bbfdd374d2c6d619e5bc1b39f2c7497dce81214677c1d8,1764459664,1764459667,1551,34496,,
0x056e0e3e658a91af50198233b7e95d70ca34abc21dd9d8f326611cc47d38091e,1764459664,1764459667,1551,34508,,
0x42d55e102f3629ee038a67af0bcee596a85364470dba4c8ea77758d15fc7e35e,1764459664,1764459667,1551,34508,,
0x9e304fd3ab72e53611e4e141e4d733ec80f47c68722817ea3ac97569f8169e40,1764459664,1764459667,1551,34508,,
0x0fc1c87061a5f98cb659be3c2d819e069804772c3647de26eee3a3f6a0b70fd7,1764459664,1764459667,1551,34508,,
0x549e2e4b6870501704e7dd7b42e9142e50eff5224a69f9ed1f230ea52ed04441,1764459664,1764459667,1551,34496,,
0xaa498308d088b994aa4eb9dca0420ec1696bb744a636addbe621fadfdf93de06,1764459664,1764459667,1551,34508,,
0xc8a9de1bcb55461d3fd96081720654310c15f18aaff5475a4a93c5a0de7bc27e,1764459664,1764459667,1551,34508,,
0x7eed17dfdc1540b53aed05e01f08769973f00e694ca18ac32a70a90785431084,1764459664,1764459667,1551,34508,,
0x611cea891e9fdc6023126a6f8e21275d94613708d517108cdddf03e25568b5c5,1764459664,1764459667,1551,34508,,
0x94240834d8779c3aa7f9ce18f053a4d172350c74c60e1f16bb15d4d2083f64de,1764459664,1764459667,1551,34508,,
0xf3ece90f52e6fe10e944ee8f24dc7fa29d07244f4dcb605504714e8b9de0cf5a,1764459664,1764459667,1551,34508,,
0x121ceb9fd5403f6c7b7159845be1d488889d674ed800016f2b86e66eb1bf6077,1764459664,1764459667,1551,34508,,
0x482fc24a935ab15849c44f2e3877dacf3364c7b560ba73f4a640c722d19432bd,1764459664,1764459667,1551,34508,,
0xc07f0c60b2f0655fdfa316cb981ad2c5c1369e8a6d61637a9d162f0f4e7528d7,1764459664,1764459667,1551,34508,,
0x2377e065cd0552f35b5ac746c2107a439491812aad9d9fe49c09d7c4f6d40d40,1764459664,1764459667,1551,34508,,
0x77cb1092bd844e97da17a4771581a560ab65251242d38799e417f8d969dc125f,1764459664,1764459667,1551,34508,,
0x1a2c6fb0945cb3cc6302604db40c143f9449661619d38082bef6239d490bdcba,1764459664,1764459667,1551,34508,,
0x3cbbeb373624e39bf53a6a2a120021bf80bb15d097442ac98f1b7b180e818292,1764459665,1764459669,1552,34508,,
0xe51efea33ea50d90d704b55171373229b2de0f5476d154e677f40e127bff5b6d,1764459665,1764459669,1552,34508,,
0x654cb79001baafbcdf30ec3e69937f5f4246f90b448c3db824674586d2131f84,1764459665,1764459669,1552,34508,,
0x31b6b860e6d477df73f3d787773815534f9d2bd79a5a04261f21e7b61b543a2b,1764459665,1764459669,1552,34508,,
0xa5e52f0e5e4d0e3782dcdc64e580840c64b8f2e710de0e0399ae32e0d4abf19b,1764459665,1764459669,1552,34508,,
0x579992f9d516e0d9cd29dea7640d2da4dce9f7f996801c2577ae67d15322ebea,1764459665,1764459669,1552,34508,,
0x991991ca999b9a270c62b1773498d49d668843eea61427c106308f1f84e0a3bc,1764459665,1764459669,1552,34508,,
0x875ebd8fc33959df50b7359766a2e8192ff69216e1210d9d326f063eed40e380,1764459665,1764459669,1552,34508,,
0x4a8bac4cb01e216660c7cf37914f2d468bfb94a46ac893aac88c9c4ba87c77cd,1764459665,1764459669,1552,34508,,
0x2a635dbad29dca86acca97a72467e8edcbdcb157c761a20ffe42fa7ba546a716,1764459665,1764459669,1552,34508,,
0x7f02c97d72032913753293c79987fafc3e3eaee98aba1741a569825d98e4355f,1764459665,1764459669,1552,34508,,
0xf7a48d0937bb76157943b6002d647583e7a976f60421b90b1c4e57d80f9f068c,1764459665,1764459669,1552,34508,,
0x2e7a48783b1b1ecde5a7c350ad179d9bb756dc97e5d3eb60bf26a42b384acb63,1764459665,1764459669,1552,34508,,
0x4fbde0f8c9300dc5a4561fa8321b63f39f5dfe54202e479b136a42db627cc4d9,1764459665,1764459669,1552,34508,,
0xf722882b97f0316818e21c59a5496d8c31caeb7ffdb0b8a331ffddd07263c793,1764459665,1764459669,1552,34508,,
0x5e55f19b559a53f93b9518bed96790b58d50fd2e6c0f658fd2ab68d09798d4e5,1764459665,1764459669,1552,34508,,
0x769994b0048cff2a0c57eb8cfc7871ec805e0d27a354e09d8dc9c31eca57d462,1764459665,1764459669,1552,34508,,
0xb017e9b3ce88d6ce2842f223bdfdb9c3f049f36f9cf3da7a8799061d5e737c60,1764459665,1764459669,1552,34508,,
0x9c63a0502c49c333526d56af5b785a839c5ef94258b2ce3a713ed702757db023,1764459665,1764459669,1552,34508,,
0x53298cd4ba629a56a21c016ebd1f6910cdd9feb7386b41e4f0125f4042332424,1764459665,1764459669,1552,34508,,
0x5808fa687f934c120110dad832b5cc530b9fd7d20f0a3277da2c64434d0d5ec0,1764459665,1764459669,1552,34508,,
0x798d7d520aee72d463d8350f19d7f331d61be04899025d22f64d7d732f8b18db,1764459665,1764459669,1552,34508,,
0x9f6926dd3796fcaa1ed42307f2bff01326ce31160a6bf789e948f45e8583f1a2,1764459666,1764459669,1552,34508,,
0x476944a63aa8709229292964f99dfa44a580c9cef4c30580c22fa3a46ae015c8,1764459666,1764459669,1552,34496,,
0xfc2ef5028e31266356ec917577776f0dd00c8a56b98181198b47eae53a9780f0,1764459666,1764459669,1552,34508,,
0xfc3e22f19edc980ee924a9d9ed7ebefb0c5b89218d77a9861251b6ceef00cbba,1764459666,1764459669,1552,34508,,
0xaff25a44ac8a0fa7555bd0ee9750c25049c6d927827b1d11cda9ad6db4dda37e,1764459666,1764459669,1552,34508,,
0x0911815b471c0e03e0b737c57ea6e58b3000630e69fa51b813f269deed2b9d50,1764459666,1764459669,1552,34508,,
0x2579a869ec5a21a38d6ceb11d1354f86c8a3b8ecbe894593e962117acaccbc91,1764459666,1764459669,1552,34496,,
0xa368bc79461c0b4ee44f3d638867ec292941ba75e01289b15cd6373c7f3bd56d,1764459666,1764459669,1552,34508,,
0x17d21885da3579f58a183e1314a0bacd5b73a068b126b6ce56088d9cbc8b64f7,1764459666,1764459669,1552,34508,,
0xc5b1629f5b6ee0a90faf170c8f2c7b2df28a24035156b7f90d9a25163cf15332,1764459666,1764459669,1552,34508,,
0xf34daa0083a101e9526f9e23fcb5921007d8f135d6e2dbe85e017d01253e6619,1764459666,1764459669,1552,34508,,
0x06e3f7c3210bf1f1e594456c320205279c6e6f02facf1661a1d711f0d9d331d3,1764459666,1764459669,1552,34508,,
0x75eccfe3902529fd8074679800152c7e403fe91f26dfc7d6748dac689fd5d918,1764459666,1764459669,1552,34496,,
0x1cd04850d675dcbd6a46938aac788ea4d9c9d4506bdf2b5883859de2e28bf9c8,1764459666,1764459669,1552,34508,,
0x071065ca3f936d61191e9331a650d8cb26b2500cadf77cfadfe6861313359793,1764459666,1764459669,1552,34496,,
0x38f804a3befb68826cd226e4bac99fe36bdf6aeeba3987678a3fe9616bc07902,1764459666,1764459669,1552,34508,,
0x7944501f554a2acb9eb13cbb3abddfef7657945d92ec743b491501eb44521fc8,1764459666,1764459669,1552,34496,,
0x4a7f470af8bf0e300e2770f392c1e545a445017bee9829778a3ebccae2c85c31,1764459667,1764459669,1552,34508,,
0x2a63d6e88b2d1ef449945a0f7ebb9857fcdbd0a12198bc3da187577d6218b53e,1764459667,1764459671,1553,34508,,
0x9ff1db4c794ce07f4510e2ab920df4bb30440555dac7c0e5faad35f9a35b955b,1764459667,1764459671,1553,34508,,
0x3d4df041d008c76ebaf2f15927fd24d7aa134f0efef2f487f69a09ad57539e5c,1764459667,1764459671,1553,34508,,
0xe0c3ea561553ba2e7a6c0b817f0087cc67397bb78103b9eb742166664eb43dc4,1764459667,1764459671,1553,34508,,
0x20e910b22ea5b1e8ef8896b443b8bf6fadb1e0f8885903200a8f2866b99d4a9f,1764459667,1764459671,1553,34508,,
0x9f293cc32bae614603b8d16c21f9990d59521ee7aaae0092c5c1c43139aa697a,1764459667,1764459671,1553,34508,,
0x6e7a41081c44d34fc887fd289de95090fc56d31777e6d200d18c7c80b45729c6,1764459667,1764459671,1553,34508,,
0x9afba95e47c1a5ddbbf261e5ff632ea3f724f76c910b535a07fb709f110d62a9,1764459667,1764459671,1553,34508,,
0x4e30f52b58507d29714122f823ab73e59d06e25aad6421c125c1863ab503741d,1764459667,1764459671,1553,34508,,
0xa2454c1e8fa69848b876e9d953632369a5c16aee12f88d5a4168bfc0af49f0f8,1764459667,1764459671,1553,34508,,
0xd186ab98c63b369db9b08b5b883081274a80f465521e5e189feb7c4bf3d492d2,1764459667,1764459671,1553,34508,,
0x040831358cb21ba21f6b18f9cb611af18f63799e740746d4d5ee1c6f9ab7bd16,1764459667,1764459671,1553,34508,,
0x98e32bd608735af22b6b24b854135b857db8542437f5bf2ec2032c4a3c2e4305,1764459667,1764459671,1553,34508,,
0xbb3373f60411f1da63b8565da84a71514a9352e549a21654f134802cfc25d563,1764459667,1764459671,1553,34508,,
0xac441fc9d66b41297d1e7de6be2b1bb862f8a069fb866412f8cf4ab1bf5b1273,1764459667,1764459671,1553,34508,,
0xf58640e901eca4831b2954152ca95bc2efa9b300471e1ec0dbf3ac4b4cb51ee1,1764459667,1764459671,1553,34508,,
0x9c5a371d320d04b4019938cb7cbcadcbbaad621e997e75e2975d8c8caafa06bc,1764459667,1764459671,1553,34508,,
0x32afa8b53c70a80f046c3e251f8f020c373e6c9682846ad68b9aa31cfe558398,1764459667,1764459671,1553,34496,,
0xa4e642c9c0c1e452c6f1eb09c8568067feb60fc3aae95806bf526b41ca0c05d2,1764459667,1764459671,1553,34508,,
0xa4d1b12c605e93858f8df19c5853bd454a27eb05ad7df34598388eb7e092cab6,1764459667,1764459671,1553,34508,,
0x205fa7d1bf31be098e333845549f0255248501871719edbaec28a736f009e0ef,1764459667,1764459671,1553,34508,,
0xc9f4ee19d0d0f354f7644432ef0a87fa5fb12a03c42fc9da825ad918cf7c9762,1764459667,1764459671,1553,34508,,
0xfba1aaa52221be659f9976a960cfc9f5c953342354697f8d15399f1553516e69,1764459668,1764459671,1553,34508,,
0xc22484d5b66d884fd76c4b6c46ca1509f1c077a4f18a412cca0f94b4bb149686,1764459668,1764459671,1553,34508,,
0x816120896dd6ccee3af50d1d0e3252aa2078365723497443baf4eeda39d68f73,1764459668,1764459671,1553,34508,,
0xb881e369db9bbdbe81b01b1632e35f8a52a5552ebd121883160278e7ac223c99,1764459668,1764459671,1553,34508,,
0xedf9ab2322792dd9dd45155b2071e2d69df9f67ca9c8486ca2a68fa5af11090c,1764459668,1764459671,1553,34508,,
0x8edf448a40ed99f44dad10cf3f9d098634ab1cf41cfd7f4f2d700746ccd33e65,1764459668,1764459671,1553,34508,,
0x6823664e3fa5629dc2614cd411cd6c3186a6b61da91c36c480d649f6793996e1,1764459668,1764459671,1553,34496,,
0x93b9fc331b32b0d32894d366984e0b85d239fcd21e4b9071bf2dd34d09d9787c,1764459668,1764459671,1553,34508,,
0xd4c6b2a47d28c8f3cadfbb8fbd52e7f468b20e3d77354be3f4117c97cd9ad716,1764459668,1764459671,1553,34508,,
0x529b67bb65a624c92d825117a08571a22a7b31bfed465822bf4d2b719e30b8bd,1764459668,1764459671,1553,34508,,
0xbb3a8273fa5dc8ecf090d7b9c9a753319593527b0073ec5163eab8eec26f289e,1764459668,1764459671,1553,34508,,
0x298e4884e14a101ac3cf6d21cf21d282b9c5699167be7acea83a61861d415b8d,1764459668,1764459671,1553,34508,,
0x4c9de774daaf7fc480213a745825060c064a5842b98192de2fa09e5245d9967a,1764459668,1764459671,1553,34508,,
0xc0a4d001c083526c40416bbcd63d380a4d165d17e8b6ee996d714db7dd495223,1764459668,1764459671,1553,34508,,
0x9a825ab7cabd85eaf8daf08dcf9b9e68cc34dc21c41de9e490c9980a11d76691,1764459668,1764459671,1553,34508,,
0x05bceee057969e32b834f7fb6c50b68cfea711b4101d70c185795a17ec2fe3d9,1764459668,1764459671,1553,34496,,
0xc8e87a07fc4842abaa56f5298e6e8feb805610c6af12a5e1b67333186f23eddc,1764459668,1764459671,1553,34508,,
0x79add1ff96602f6ed4482e1d1603545ef177e2e53f66ec19ea1739d1b81b3a21,1764459669,1764459673,1554,34508,,
0x4fb69e67040805890d2b22504efd014d3b4a7ae245e6c9d4a209ac65a0432aa1,1764459669,1764459673,1554,34508,,
0x73b2483de1daed6eca16364a51f22d6c6a3f696ff0320de15ff05d446590c3ec,1764459669,1764459673,1554,34496,,
0x266f6a6a1a6d2671b36f7be4304c1a47807e7a3e1480c9d6dad3d80b2ea2aafd,1764459669,1764459673,1554,34508,,
0xa468fc779ff01da27767907473978a68f508de8cd1b708fa26909815adef1cb7,1764459669,1764459673,1554,34508,,
0xecbac8d84d2f3ef2e5abfa65f7f59853cf862678c4d46ece38afb61676ddaf5b,1764459669,1764459673,1554,34508,,
0x5050235851f6be100affb87f51c1e5e26121b7d7fd92c7f262153ab5de02fd17,1764459669,1764459673,1554,34508,,
0x3f6bfcb4bac794d777e1d4c7142fef8255a937553b5466f5f4d7f1ede91889ef,1764459669,1764459673,1554,34496,,
0x71c4367d99b7fd966ee5e814df0602ba51df50eff05af6ae998f6e80e1e19c8e,1764459669,1764459673,1554,34508,,
0xb1ff408caeece15eb1aa3ad33689f17e20190539fdba3aababe1d8e6b233254a,1764459669,1764459673,1554,34496,,
0xb0821549ca5d43ba748aac36fbda1a040a4f6e1de63fa9330141cd150d58907a,1764459669,1764459673,1554,34508,,
0x698893c429f5ddeb38814e282c23c25af912e29e509f33ad6a2bc882457511e2,1764459669,1764459673,1554,34508,,
0xca10a4de1ff1d3d66d500b78d46dcf6f9a9b6cbfe98086d35ed16c7c0debc692,1764459669,1764459673,1554,34496,,
0xe943d6e7522f4b37f129ba3afb63176b7373a664d03b5cff829331ad3b7c74ff,1764459669,1764459673,1554,34496,,
0x050245f7cca513bb738c8c5991426ea11936817c7b4cd488aec0e1c22c0d0632,1764459669,1764459673,1554,34508,,
0x165019f51b9e6b26a02f7e9039438926df91c0ecd4793e19006a2c1e2f03a71f,1764459669,1764459673,1554,34508,,
0x18b2792d61d64ba12dee0271e5cd7eb88e2afa426bddd9f4eadf0970fae6dc5b,1764459669,1764459673,1554,34508,,
0x364831a5185d56a5dcbb12d8e585fea35a11838ef65fda82db6221a72ac6457b,1764459669,1764459673,1554,34508,,
0x9dc042678690833a5755bcb6d221eae6b06923328bef8e6b379b8f38b05c028d,1764459669,1764459673,1554,34508,,
0x069c1d8848a140d7819c2b6af27a56bcd130ecf8b233454c5879103923212724,1764459669,1764459673,1554,34508,,
0xfffb5af62e2ad5d41a06e65074f3ed7d41231dc99f9039a8a22cc3cfbcca4608,1764459669,1764459673,1554,34508,,
0x87ef33407df183742af62ea8d597b9590587034a903b107f02d46cece620dc57,1764459669,1764459673,1554,34496,,
0x7930441d94fd40868ec457c12678b3a65564afca3a2636d751f5649d7390ed96,1764459669,1764459673,1554,34508,,
0x580a3b58ad97df988841f1476997767f2f4158ac8bb836dcb9f2f37b9ff39da4,1764459670,1764459673,1554,34508,,
0x983dba4ac1a2e6110eb873fecdc3eecff6b403cd85c6d5d5844eac8c474dea66,1764459670,1764459673,1554,34496,,
0x02b213cb93bd02599744335fcde49258081ac78f4cd48eb5ab8afc14304474a6,1764459670,1764459673,1554,34508,,
0x6b215d4c0872913890b753c134b19f895f803e154e48b88074b866c9c6c137e0,1764459670,1764459673,1554,34508,,
0xf0f28ce42344717614b10451dea13c9d888307eed988bec93f9359cdd9c3bf64,1764459670,1764459673,1554,34508,,
0xd5beae0200769e4842b93a3ba203518eff7c19c2073094f98cf95c760ecc1945,1764459670,1764459673,1554,34508,,
0x832b8dc9086a4e028ec60b4e8fb3b384270734c2f4973288cb90373d82ed1340,1764459670,1764459673,1554,34496,,
0x931c0f6ca433ab6ea20e76c28f4ab5da1f0ee5fa5cf86c8451aac352b0db92dd,1764459670,1764459673,1554,34508,,
0xaf40e8c11af7e47858ca97cbf22904ec160f28fff084d6eac7834a4173eaeaef,1764459670,1764459673,1554,34508,,
0x0cf47dfee7801a32f5763451f3f5bbb14396f570acc8f9210b0187066f8bb062,1764459670,1764459673,1554,34508,,
0x024bc0ed14c96006adafa12d39b5bcc3692606d8c72431b7e31599c6e4b81d8b,1764459670,1764459673,1554,34508,,
0xa0f25ec9f36ab0ed095b5c0971d1270486101bb88730571c2dd1610c675909c7,1764459670,1764459673,1554,34508,,
0xa3b281b810a62ad86d091bff0aa6520fa1407fac706d81a89cbb259aaf44276d,1764459670,1764459673,1554,34508,,
0x16c13c1c6251ed40e142b32e92f81f382a39b8c3e91c53b1f45dcf311cf35786,1764459670,1764459673,1554,34508,,
0x104ff94c652a42d5ff4c86cbf3bec57f13e9d511aa06956257c7bd628b53b26d,1764459670,1764459673,1554,34508,,
0x2e3f94b18895f9df73ce740693dae352c39a72187bf953ba1582ef75c2ce337c,1764459670,1764459673,1554,34508,,
0x1006dadf01c0be6ca0f6ca9d91ffb2094afdd3e92c187d160a00dcd3c7155bd5,1764459671,1764459673,1554,34508,,
0x2482542f825490fd1126a41cf68c7860b1cc58916f49476d3ab4e97c656bdadf,1764459671,1764459675,1555,34508,,
0x9e0f80e7d033fe88f60dcba60488fccc75566f7f72a6b545c340b107b62ff073,1764459671,1764459675,1555,34508,,
0x7c49c347e330b15fe384731e02eaa3ee819ec118594468b031b1929800989109,1764459671,1764459675,1555,34508,,
0x4d69081187635bb5e99160ef76bb55358a43501762e49a13cc5821bb96566f3a,1764459671,1764459675,1555,34508,,
0x8be278cfad99ca58b5bb64dd44142f2c51d0eb38f45afb0eeb25b74709910449,1764459671,1764459675,1555,34508,,
0xa12e8954466d0fab5a4a35177b312161aac64fdc79141e474dd87e2237c7d33e,1764459671,1764459675,1555,34508,,
0x6f0966d5a11a5cf09192e8be9398cd43dd65278bea755e88a1a38e191994e582,1764459671,1764459675,1555,34508,,
0x68db52080d210a66977806fdaa50812ae5f086629266b81c1ca3bfda1618a8e3,1764459671,1764459675,1555,34508,,
0xa280c9939ba2ec18b50cabac58213f87d1fc7a47e7f3d245b96984418ee1088c,1764459671,1764459675,1555,34508,,
0xbfe94a1a61ebb115e25f60ef4e77e7213ec17538c04310f9a707432250f19bfd,1764459671,1764459675,1555,34508,,
0x2c178ad476ae8db9be324fb842cb7c34375a8900d04b24f91e0080b79c78ed62,1764459671,1764459675,1555,34508,,
0xa1019ad053883d39a03db048e0e8558762661e66c0c5fc3d721a942c8c264eae,1764459671,1764459675,1555,34508,,
0x5b3095e42d46c41265427081fb6e12acc56d75259585d57e1b6947286528c7a1,1764459671,1764459675,1555,34508,,
0xb36055c2a07251fe84309b401fab0d76ae46d78d6907e1ea61ddb8f1360b0b77,1764459671,1764459675,1555,34496,,
0x50eeb9f488530debc94e5db1b1069ac80174dd3cc076d9e53a5b2165db146710,1764459671,1764459675,1555,34508,,
0x2c8c59582b021863d552ac596387bad0f125449a4cb004fe2ef6fd456b99630c,1764459671,1764459675,1555,34508,,
0xe6dd0e2a6b7a3538cc6260ed641111459e8e174c9ed8e5a790a519ffa680a36d,1764459671,1764459675,1555,34496,,
0xd19f5b391931dfb75b9152d17e3de7ca562e4a1009d784e27b419e55b1be1b07,1764459671,1764459675,1555,34508,,
0xaff4b6e069ded51f9b70fe4f027970b161763aaa204a746ce472978729644d02,1764459671,1764459675,1555,34508,,
0xf86e2ee50f94c5ffd6ae7cbc89540c30034cf808453e7b59512d1a643450f933,1764459671,1764459675,1555,34508,,
0xd18939f0607e2a1817faeec7a7b5f364069bfa58cacb2777a800a6e15f6cf820,1764459671,1764459675,1555,34508,,
0x0d2a929c634a1504014fb66bb1cf12942ca9184b3d7b7ce03e9afd94140d41b7,1764459671,1764459675,1555,34508,,
0xb660c6b7a22200d81b0b2072d43df0c74f3f194cb500d5fe8065da99fa5f9254,1764459671,1764459675,1555,34508,,
0x80026c1c38a06785411430ebef4febc7e54e3075c112476af0e11fe82f3c9e9c,1764459672,1764459675,1555,34508,,
0xb2f734efe325b8d8ef87c009748e2a863575b74790343c2aef521449ee9400e2,1764459672,1764459675,1555,34496,,
0xe2359186352fb9eed29502a6afd98f6fc5160d9d6a82b88868a9c037b87b16e5,1764459672,1764459675,1555,34508,,
0xec2e1b4cc0f4aee00291b5db6c5d682087fcc9fc3cc473ac15b3f515bd0276dc,1764459672,1764459675,1555,34508,,
0x52aa87b780412cc4e9db1d4c28ef80a6f7050bf665a0b6a339c949512cf716ec,1764459672,1764459675,1555,34508,,
0x1a2ea7a29c1c2e35259258f07bb4fe2efb25d86cfc48deac9a55f2979c94dbf8,1764459672,1764459675,1555,34508,,
0x9c773e2de5c8d579fe6beb1acac8f2c0e7e2cb6a1a991f347cd8981dd037d244,1764459672,1764459675,1555,34508,,
0xf95fb7aa94369458b0d799730b95411f4fae0f73c37e43271a6242cbf82b987b,1764459672,1764459675,1555,34508,,
0xf3b191b5331b4aec55b47f6c4e46d57e26426447ed569ae341a13fb080b48751,1764459672,1764459675,1555,34508,,
0x2993dede22686048389f8f7336b8d801350f7f0305d943516ae76e939f6d5012,1764459672,1764459675,1555,34508,,
0x220fac196617d1f4fa54955e6cca75acd04a0afc3aa7e1214542280decb8bf8f,1764459672,1764459675,1555,34496,,
0x8554a401b98bcbe82515bf704e3e4dae69ff2be4707f28f53dcad2073714a817,1764459672,1764459675,1555,34508,,
0x1d2f98292bf3a88450698d794ea9c933f30ba4747d68e99e9217359a37bb0bdb,1764459672,1764459675,1555,34496,,
0xc57d04c04155ddb63745814429a17f5eb7116c4fb64851e3e55b71ccf02e6aa2,1764459672,1764459675,1555,34508,,
0xe7796ea5e93e99e78744fd2942984761125714d01c79231806f9e00d9bff1b7e,1764459672,1764459675,1555,34508,,
0x204e15533b3bbad15b5abe21e00fe9426adabcf8e0bf0229728f2d27461084fa,1764459673,1764459675,1555,34508,,
0xcbd2f2c69f3ce06229d4d17a9d4d3a212e62718868939db8235a90d95e7c4bc7,1764459673,1764459677,1556,34508,,
0xa25c79d47894ef24d0e043443af4e472a9bb4c9171874cc9e684a7785a090586,1764459673,1764459677,1556,34508,,
0x6f43d3865ac855deda7a5d14d264f0007aeebf3a0f200858c01dde0c85005c96,1764459673,1764459677,1556,34508,,
0xeaa1a906659a39c9a61fd3159ae3e12fb6c8474cc31286fba8a2ff3e577e385f,1764459673,1764459677,1556,34508,,
0x63fd6c3774b882a8ea2661669146633535ae3c4d10388aafe880932e498a2d87,1764459673,1764459677,1556,34508,,
0xcb490599a42f5d8c3a13a6d28e1dbfa954459968fbf8bb9b34bf717880b329ab,1764459673,1764459677,1556,34508,,
0x46629eea06f0144a237c6edd1d385c544c890c55e2e609884909a05e035a66a7,1764459673,1764459677,1556,34508,,
0xcdb9388b918853cc329ad9a01450d3c6a59c307658aca612252bd9280e583317,1764459673,1764459677,1556,34508,,
0x2f2e47b3d26b0a1116023c19b0e66e494dfc54d23286c98117966ecc73f08819,1764459673,1764459677,1556,34508,,
0x3fa6a9427b4e274a41bc550b53f960dbacfa25e5feac49e2b29f241c999d4f25,1764459673,1764459677,1556,34508,,
0x8056710b9079340c7cad880bdffc649ebace9060347dd0bbc068048bf7219786,1764459673,1764459677,1556,34508,,
0xb2146e77ce26259d06f952945169dd0c7a44d52e9fed92aac108e8eb9552f8dc,1764459673,1764459677,1556,34508,,
0x6cae8d0ed72bbdbbe611f6425bf5693fb726b372a1a0684ffc704bbc2fa75b5d,1764459673,1764459677,1556,34508,,
0x713c2af997179a8c468f6cfdbccec5737a26283540281f6136d71be9f1ac6295,1764459673,1764459677,1556,34508,,
0xacd5c899435527217f17f93d36abcb12bc993fea97ab12dd18f37ef25c9cf0e7,1764459673,1764459677,1556,34508,,
0x3a8f9911bfea93cfc0e66aa01626fb715476d0bb172024e573675e4ebe896319,1764459673,1764459677,1556,34508,,
0x165b784d7833517bbeb73a0d4b32bcd314e67b848f2c63c62441dfd66d0f6e8c,1764459673,1764459677,1556,34496,,
0x2f95a559dcb5ddb983eb4d96666fa69426deb6b355e9f0940065d13f9d830f02,1764459673,1764459677,1556,34508,,
0xf7cae71efd62f0ae5d69a5a582a14f90e63fe4c761241b8f069ab4f88e4b42dd,1764459673,1764459677,1556,34508,,
0x862d5697b5436d5fef9ac5ff49b806c4e48bc787dd33b52b507b316df0786c55,1764459673,1764459677,1556,34508,,
0xe09a76b18dc824f04329f5c590f26cebab7f0efaab6121a3b9286ca7a7965875,1764459673,1764459677,1556,34508,,
0x236ce52c3f3f5127bd878a126c7b5ff63886b88da48170164cc0ebcf0a1ad0db,1764459673,1764459677,1556,34508,,
0x02eeebb66a766bcc9a016a9df9aa7195508e851845f102ea1e8f39b9af79579c,1764459673,1764459677,1556,34508,,
0x94bbb3618029e086a90806fb8f27b8185a5a667a23e9ea7300498d236f039be8,1764459673,1764459677,1556,34508,,
0xf8f9df16d3fa237875656322762153be9db3dabbfa5352e883bb990cfc1634ff,1764459674,1764459677,1556,34508,,
0x121e27e630b9fc7226661ac25e46090848a2f50a13c235d2937f3b39aae5cc58,1764459674,1764459677,1556,34508,,
0x06d55bd58f47a55ac41634217f834ba76e3fb8375a03f078933dc4561a173130,1764459674,1764459677,1556,34508,,
0x8233d39084abe7b2c8a0344c910c3d7afb9c6acd4a2be5ae265fe1958480883b,1764459674,1764459677,1556,34508,,
0x87cd3bbbfb3609d564e33c5ffe36de3ae663f811a29c34bad5d954029befd8c8,1764459674,1764459677,1556,34508,,
0xe9e58d2f699bcd172de42da795fda16dd686fae29bf96b388c5b2dc41d2d2553,1764459674,1764459677,1556,34508,,
0x42fa646d4740d879f3f1d105621473db3f8758fdb1a45e294fceabdc7adee6a7,1764459674,1764459677,1556,34508,,
0x066190139bd671c384982c49346cd908adb2b8c66c22f64f245ba31bab11c065,1764459674,1764459677,1556,34496,,
0x1a01fa8c264ad3adfa170718528a4daefad663fa417cc6d93c2a47b5e13e88d6,1764459674,1764459677,1556,34508,,
0x5fdad6a3901dbf1597e683bba78c603e2982c0786f4b2f7878193038e71d2744,1764459674,1764459677,1556,34508,,
0xd45dc8385573d38391bd93249d36f7768656ac4cd0a371651f57f2db83208f91,1764459674,1764459677,1556,34508,,
0xb44f1144a8ec6bf49109ce3478c3ea7067540f24292019cc144fec9a54b25087,1764459674,1764459677,1556,34508,,
0xaab8d8927cfb31516ff05391a784eea5003b3bf6034c7b9bacf4cd083a543fe8,1764459674,1764459677,1556,34508,,
0x679db6b28482d3cd5e24ee15cdffa26f12fb8fc53af0e66e24fa0396a7e77e74,1764459674,1764459677,1556,34508,,
0xd6f53087054e216822636adc7a4aa5458d63073963211516551c1be33e59ddb8,1764459674,1764459677,1556,34508,,
0x8febff6783146dc14a2cc109473d1d28615dd61baa99ef60466e024a2ea9372f,1764459675,1764459677,1556,34508,,
0x41cbff002723da89e5ab08e2ba04742b9c84edaf6d9172e633940e27becc9ead,1764459675,1764459679,1557,34508,,
0x10b1b870eea792c14498fadd2ef981df1aae79e717fec14a4cc92933a314fc35,1764459675,1764459679,1557,34508,,
0x82867b1a34248b828516a46d5d8ab18d60c7e52204051ff407df037e6ca218ab,1764459675,1764459679,1557,34508,,
0x2152f3641b729f68be27f147d6ed816e400fa4d5d6d1d7df62aa7cbfc33de0bd,1764459675,1764459679,1557,34496,,
0xfa8112a1a1ddbdc094961cb28f4f69dc5d44ec325bffd54c52feb9292621666f,1764459675,1764459679,1557,34508,,
0xf7d18fb144a98635284ac6583fad5631e8a856b69576cc99cc66b94e5e30291e,1764459675,1764459679,1557,34508,,
0xb9882a1d3cadfef9c64ae939cad9075d39a7175be5fa67bde8c4b507486f6218,1764459675,1764459679,1557,34508,,
0x1a92dc80da8ebedb4dca15969badf25f988c1bbce45a71f66754b3cec4e8e45f,1764459675,1764459679,1557,34508,,
0x22a80538a6763e86ec309092481a55d58fd188c819d22c3b88d72fe3305e2e39,1764459675,1764459679,1557,34508,,
0x77a3cb8db7ae90297cc379ff2e883f2473962632c2977651c28849810e3f086e,1764459675,1764459679,1557,34508,,
0xca8b119767552b3d6ec7088ac3b5e2750f23d816a078e3d9fcec47f636a7a679,1764459675,1764459679,1557,34508,,
0x971f7dd601498a51fdd91cff35de2bf0bd3687f6ddc8468fa16f05d14a684649,1764459675,1764459679,1557,34508,,
0xc5fa0f364b40d9c8c39c4c45821ac37e47ffc6afc882b7b05b1d37eb5d3db595,1764459675,1764459679,1557,34508,,
0x7160de073b40bf61445781c21b742439ba8e4e63c24b042134453da3de6a828f,1764459675,1764459679,1557,34508,,
0xa4460cdfb51442c68cbcc0c2b743d6fa86ed33bdbde21a3d8bda4c0aff3f70eb,1764459675,1764459679,1557,34508,,
0xb107c73a81b1027fa11c50b74ae8ac069e277c72ddea616aa015a5e3bcb6de81,1764459675,1764459679,1557,34496,,
0x411375631affe994ecef59d0ae50f0a8ec562f706f710d65a74cfa39d6e5e97e,1764459675,1764459679,1557,34508,,
0xcd128dd6e011bc423d0cf3c56b100258d3cc00f40206c893b0a6d035b5fa9ce6,1764459675,1764459679,1557,34508,,
0x30efbb72940508861b9d7767b14dbc587d002e4485f772b880ba52688b4fc352,1764459675,1764459679,1557,34508,,
0xaf6a8fa33c938ddad359fe8a6667d8436871efd20d8cea1e67b91c9272bf1c1a,1764459675,1764459679,1557,34508,,
0x8c2842f495fd7f83911a221d709b669dae48f9a75cd08b651219ec7d30989777,1764459675,1764459679,1557,34508,,
0x7a78a0082b163fb167343b20e5d2049f9958e1172f74d5d3deaa0126cbdf9f04,1764459675,1764459679,1557,34508,,
0x45a4fc23476526a89b53b48335f31adecd5cbf1228404419b18d62718c8193b6,1764459675,1764459679,1557,34508,,
0xf33b36322d85f7159ef7e74a9691ff76724438dc7f91376a5f723c70ea2b71db,1764459675,1764459679,1557,34508,,
0xb22db9dff6bb070ebfbe0481c73c3039c09ed5e412156e8d80bccf604ee0e806,1764459676,1764459679,1557,34508,,
0x6c7486c39a38728bd709c40831b36da5734772e58ffd14cb2b63fca31f603036,1764459676,1764459679,1557,34508,,
0x2537419701422eb09b014ff0221a7d57c21d0817e93108d7e97794b926c7275d,1764459676,1764459679,1557,34508,,
0x0612ca9fb10a62496df8aad5b4bdb73e3e235c69143ce6c7f4a8976e4318d9f9,1764459676,1764459679,1557,34508,,
0x4c51e25cee27b1a69d1b521951622a7db20796ff50c22dbf180582490d52e913,1764459676,1764459679,1557,34508,,
0xc662361596ec3ab71ac6c7010ddf3f8fa3670cd3d8e7d6580fb4c1d2fbedc540,1764459676,1764459679,1557,34508,,
0x0f591b2ebe434bb6c9f897ad0f45cb0678a846d91c9f2249876e423fe8ad49e6,1764459676,1764459679,1557,34508,,
0xe1744a3e6bc11b7c4dbe2de962b8aef27954844d9a4c1f1da42bc0be1a20c884,1764459676,1764459679,1557,34508,,
0xf3393b8defda25dcf28332b06be3913dc856a33e340fb435b7da81a3b77316ea,1764459676,1764459679,1557,34496,,
0xc06e6d38f1c2e606e5f058f4d9a6c79dd55a136d3509c549ac46a9342ac4d2d2,1764459676,1764459679,1557,34508,,
0xe4d1d82605d0593e9ac1689309f546c00b406efa6b43ba4bddd5c0b57f386c62,1764459676,1764459679,1557,34508,,
0x99599b9f05233c97867ba34ddc15d8c134f637b3740025db3781ee394a35e0ad,1764459676,1764459679,1557,34508,,
0x1f15c1710bcfd1b0d65d9d068ed4009f433f4da1d40b0f72db3862fc974027af,1764459676,1764459679,1557,34508,,
0x6c9d931f2af41e639f613353f3f0a9479fd67b87d380f2b7eb03308da07ebf48,1764459676,1764459679,1557,34508,,
0xcf5c545f090269645ed738888365778c2a69480797b7131439692451d73b5b58,1764459677,1764459679,1557,34508,,
0xeb2fd54fe8bd5277a2bfc3014e3a4d839dd62655271f4aa4ef101271cd941380,1764459677,1764459681,1558,34508,,
0xb0694bd1ffc9126a3b99462cf013fcfa1eb2178bb4c16a65c130a592c8622d54,1764459677,1764459681,1558,34508,,
0xd1033633e9041e6cfa34e81b299a8fa0f7984e5421891f3b0ac08dfaa1c297c2,1764459677,1764459681,1558,34496,,
0x8ba281f946bac05c1b71a2542d6633d6b7235c5e8c7558b4d0848e22ee1014df,1764459677,1764459681,1558,34508,,
0x71d2f33278f71ef0a390f3e0d454aef67133925185c3a989297b4cd9be4b6563,1764459677,1764459681,1558,34508,,
0xa590ac03f9dac7c7a7c52b8f2d8e2245f4affd5eeabefe3cab5b1ace3a09a7e7,1764459677,1764459681,1558,34496,,
0xad27985ed707544b6633d6c33308934d18de3a4bd8ad4205446592ce1af22195,1764459677,1764459681,1558,34496,,
0x1b6235275305c42831d5d7fbc143d0473c859c3fb4d5c23909ac3f02c8cd2eb9,1764459677,1764459681,1558,34508,,
0x0a20da85c7f7a3e07e29241c24bda5931cd5eaf9c85b7177f5f034caac35be48,1764459677,1764459681,1558,34496,,
0x5c970704fc6811f56e953e39ac04d02ebef571ff415639feb5f59efe91e39068,1764459677,1764459681,1558,34508,,
0x443aba3c3597b47de8366ad673fa5e6d61b6245724dd3b0441278d1c20d07c74,1764459677,1764459681,1558,34508,,
0xd4d7d7b7e22dccc898b4a768adcdbd33a64e571da0543a9249e770b15cc64acc,1764459677,1764459681,1558,34508,,
0x5d9711074c75a04177929fe1133f4f8e369fc6f8b1a0c44e1d4822da2e83b000,1764459677,1764459681,1558,34508,,
0x1dd048b50c49467524918017c25594e747e868e7089ae5c1725151a96bc7807e,1764459677,1764459681,1558,34508,,
0xf2f51227524cbe19504a967d3c37a90dd9da88013f090e88e64d6bcee4556af8,1764459677,1764459681,1558,34508,,
0x290772b7e057bd941bb80781a7cef1711019834016c9fb75634f2b15f817991f,1764459677,1764459681,1558,34508,,
0x6838d09db68f79797da62e4a649bbb27647f82dc73a058ad0eb7d19f1a7274bf,1764459677,1764459681,1558,34508,,
0x6aceaac89c32f08d41762a548d70ebd763c7ad5c88eec88043f7f9f9cf42e393,1764459677,1764459681,1558,34508,,
0x7f892d288162e8a74997f9ef3ed0fdf9c065ac906386536a3b8939495c181690,1764459677,1764459681,1558,34508,,
0xe335afa472efaa4b27913816385f735f60951533f271a1f5ba4b84d5fd41d045,1764459677,1764459681,1558,34508,,
0x4c3971d0407cdb9e7180668c22ef89f7e4c4158b89e03ee6cb461eeaffefc272,1764459677,1764459681,1558,34508,,
0xf1eff36ff93ab5b3e7b603bcea4443e4c0d6ac78802206115c446ae2727105c4,1764459677,1764459681,1558,34508,,
0xc782a88d47c8862bdcff7a3f0c4b303b79e15701c87f4bdba7e66d25af3ee9f7,1764459677,1764459681,1558,34508,,
0x587b5c463d390473d01e22a422279ed4ab841e805bc204d4de805c5ab5ba3142,1764459677,1764459681,1558,34508,,
0x194862502fe3ebfc8210b3645d410e482d2eb73e5f28da39eed798c034aadfc9,1764459677,1764459681,1558,34496,,
0x978cdd6dc5980a15e0d0aad60494fefa5249294d7735bdeac3b46d1887b6e0d0,1764459678,1764459681,1558,34508,,
0x2a984ef52ea2d706dc6f0e4a4aaa0690506c296d49d28f58ed8ba5c1dedbace8,1764459678,1764459681,1558,34508,,
0x1bb382860e0c4451ca7ebfc82080139e4facf890b1f7c502e8af6eaf0bd2ea2a,1764459678,1764459681,1558,34496,,
0x86b541f435f447e27c59f06e9d19a8de26f38d8e51daa0bd635669181545ec6a,1764459678,1764459681,1558,34508,,
0x78361333c8b2c716743ce20bf6d8ec05c46d327e7b58dd9fcb9e2eac0c8d2634,1764459678,1764459681,1558,34508,,
0x1312078efb2a1bc42eab6635db50514f0fbb176e4dfb43ef271d04e7b4a68ddc,1764459678,1764459681,1558,34508,,
0xcee0c572a686d4ce6aa30f4ae2f47f2acdfe42d65e914ab24e8cf3831e9892b1,1764459678,1764459681,1558,34508,,
0xe4dc5c0b18e694556343c1349a294c86a1883763ec7c97e611e395b06a5005b3,1764459678,1764459681,1558,34508,,
0x2081ba5ca994debb19ad19575e50f9fcb7b94bcf34ddae41713fc706ef4a399d,1764459678,1764459681,1558,34508,,
0xd46032209a328f9ae27aa6dabae09de798cfd10a2af5f1cb133335b7f32fd6b5,1764459678,1764459681,1558,34508,,
0x8ccab30d7ac82799538e665334a5242f8c96745f5f69ffb6bb5924d830a03a45,1764459678,1764459681,1558,34508,,
0xfd7c07fc3a17a8ea4769ffab9cf7624b48fadca3fee6b09e2b8042ad0f866526,1764459678,1764459681,1558,34508,,
0x2f218731d55adfd41bbd78d36bcf92909be26b64bf9b28607608db46995a0c87,1764459678,1764459681,1558,34508,,
0x15b9a0797340f4deba17320fbb1ca8b1e496ecbe7e6855dba60060702fddc95a,1764459678,1764459681,1558,34508,,
0x0e1472cbc25552abc07fabda77e9234a4096645ceca5b448fb11da1575e2cdf4,1764459679,1764459683,1559,34508,,
0x1b7086cf9001721c009985bf7db0f47f5359afce2ec53d6df01388b30ce39c2e,1764459679,1764459683,1559,34508,,
0x64df12cd26a08a4d41855b41362d4cdbf9f9d31b7080d7adee6ca42dedb4c5a8,1764459679,1764459683,1559,34508,,
0xe35c0a9628453b9b01a7e6cbb05cfee7c73b57f0049c3947136385a0d8c39cd9,1764459679,1764459683,1559,34508,,
0xaab4f40ba8a6aeb02907fe45bb062a240b229948f8d2d25af21934c6b5970dce,1764459679,1764459683,1559,34508,,
0xbd4fc87fefac3b3536b5fe9e4088090efee0cb44b26dd2fffe6f0f57dd417716,1764459679,1764459683,1559,34508,,
0x501360dac756d6b8d52273409b12ece39646bba2c4a3073448005c292e35c23e,1764459679,1764459683,1559,34508,,
0x860efc24825a3c6294ab4aaa8ac2255b36f5bd2b616c2a5e3ebfa9d2934f0499,1764459679,1764459683,1559,34508,,
0x8ab0dc8e8058fc6a79b6445d7b193bf8a34e6633278ce11b5ebd78679dfd4741,1764459679,1764459683,1559,34496,,
0xfcbbfa8d80f68b86a2acc56cc69d38364da3b1e5ef6c0897ac07649f22eed1dd,1764459679,1764459683,1559,34508,,
0x5ed1a2d1dec9247fb8144143c409640a35fe7d46fc0d75e3f7226913dfd163d3,1764459679,1764459683,1559,34508,,
0x49fa5a43aaa9540ab338ff32b7ad867d028b51e52a764464f96cbf5c9a42f082,1764459679,1764459683,1559,34508,,
0x71e1cbb636dcff004cd61cd88186a9fd3bc561de11ab6784ccc582effc98f4ac,1764459679,1764459683,1559,34508,,
0x40ec35efe9f53f54f555cd141ecb59c8934ee5fffe1a8a83ee48d812c1ac0fb4,1764459679,1764459683,1559,34508,,
0x92dce6dd805be2b52be120a1b1654d3bfa3003b08fc8c500f5a3c830fd03cd43,1764459679,1764459683,1559,34508,,
0x8114d8af3475f918604eab3b7b8915fc3dd9e584e09e2b2e6d98a89e59f11a7d,1764459679,1764459683,1559,34508,,
0x9e050a402747fa49ffc5ee81c0f6a145f930c78db0a2a87a50ce8f2efe1fa5e5,1764459679,1764459683,1559,34508,,
0xff8a82187501dccb264042a8e7f84c3f23789d605247c6ca4b5682d624353079,1764459679,1764459683,1559,34508,,
0x3692f1dcf757fe871411f887d3d82d37d21298fca21dc1cf461dbcee658d8a0a,1764459679,1764459683,1559,34508,,
0x5e3864f19089470373cfc092d001c59e96cd161c9fe1026c022320a102abcb61,1764459679,1764459683,1559,34508,,
0xdcdd3243ef5e75daaa8ce7602b558bb078101fb3eea5d7a45fdcc018f36958c9,1764459679,1764459683,1559,34508,,
0x1df34dd687b1727e9da51e8fba971fb99d262a8492b7f3607aa2315c3f6d03e3,1764459679,1764459683,1559,34508,,
0x8e9b8e24fe9b72dd440ff0cfd0c7697664809af2c9a284eda68dd5391e0510b8,1764459679,1764459683,1559,34508,,
0x0435d9502a6b9ca7bb671559eed8a0316edf26f4595d38f5779f1b969eaaceb5,1764459679,1764459683,1559,34508,,
0x1819b2f151c21ec36269938c076f1a1571bd560215a041e07d24574b9c5f7f90,1764459679,1764459683,1559,34496,,
0x4b6e2ad965703180a68f39c54f0a633147dcd4168882e0bcd9ec493d736bf65b,1764459679,1764459683,1559,34508,,
0xc665a479b34ad15001a397b55eb15a08d8aaefac00bded22e2e37a8f71164315,1764459680,1764459683,1559,34508,,
0x4533a04f7b33a30fc0fdfadf19c1e1b4f4051a70fa2de4ac981fddcc55b5f858,1764459680,1764459683,1559,34508,,
0xe911470c0bd142d50aabd8417d8b75f4bbc31c536241ed4b9f4f32edf9cf2d5a,1764459680,1764459683,1559,34508,,
0xcafa4bf5a2ddd54a72dd9469a14bcbe1d888890b6a3165e7ba4aec2d424a3ced,1764459680,1764459683,1559,34508,,
0xe447a37318aabd6f87bd1dce1fb5e817c36133ca5ae8366444481db3514610d7,1764459680,1764459683,1559,34508,,
0x3ac25d3cf847fb2c144bdb0c66a10ad82efc6d4ddc3fd0d3e90f0514e7d55528,1764459680,1764459683,1559,34508,,
0xb8facca68b1d4b6e88792b071e2db4442ad6a9a2708c7d93b6213a953350fd41,1764459680,1764459683,1559,34508,,
0x91de89d1d9cc7224723c2b4a3b4b1c0470a6d2de70fbc319cb60453ecfeac687,1764459680,1764459683,1559,34508,,
0xceed39e7c40d7adc5accfd2aba8526e38995521639b74285f28bdeef56dba919,1764459680,1764459683,1559,34496,,
0x82f1541d47bbe28200a07f9965cd4cf36087a5bf937e897858976cc8f4fd46fd,1764459680,1764459683,1559,34508,,
0xfd0ff0b9462f9dfcaadad98d2f99205f305ef3aaafbf5af9f08969a8e14e9268,1764459680,1764459683,1559,34508,,
0xd516ae3ea016ec1a86038e160f5bcca30cff1580070a94043c52409ea893d7ce,1764459680,1764459683,1559,34508,,
0xc4866a976254405a3bcd2468709518b576aba5988dae6e1fae8d285a9a06943f,1764459680,1764459683,1559,34508,,
0x7743a45e349e56f4846d387948eb3f5090015b54f89f7e7e2c1d7b9e9de03e59,1764459681,1764459685,1560,34508,,
0x9c0e9a7a17edc170a4f9a97052f6e4cea00d1d570bd3348a706402b0b0deb15c,1764459681,1764459685,1560,34508,,
0x7eb5cac44ad05912a33e7a6ba8040aaeb707960fb65f2eb6d4815a959ea63fc7,1764459681,1764459685,1560,34508,,
0x25ed7931cf8b56e5ad7617672c8e9e61af8e1fa17e71df0d5353abd7be296066,1764459681,1764459685,1560,34508,,
0x4c927103d3cdc9e6db5ba5136148fd73dde6067687248c29ff8f6f25dc38070f,1764459681,1764459685,1560,34508,,
0xcbe65a789640fcd5b2871d9b6ed382eff2c86fbb883d341c9d7bf84ea4f38f1f,1764459681,1764459685,1560,34508,,
0x6779d3ff165479cfef3f3ca7897413f2648e7a74cd97ac0de04041a6e2a55960,1764459681,1764459685,1560,34508,,
0x06934e85eafe13b6100251d46dd24ce5dc565d2bef0fbd8933dd24c0e4d57599,1764459681,1764459685,1560,34508,,
0xee9aa173fe550a9d06252c18e93095e7e6ff617c5354ffc0e90d33b81cc90b0b,1764459681,1764459685,1560,34508,,
0x1d0dc1fb6e8a81a82e7a58e4e2622982570a15330118cc973c8372578f4ed7b3,1764459681,1764459685,1560,34508,,
0x2fd50ff894b841da5d01532335743f4a5680b0387b24f780d587a861f244dfd0,1764459681,1764459685,1560,34508,,
0x0609377598c327aadd62df83a5234f80477ae0adc9e571b5f6b59779b14fec62,1764459681,1764459685,1560,34508,,
0x828f88be6d19a01c66ac55bdade79921583d3bcd647ea483800f31e9386ddea3,1764459681,1764459685,1560,34508,,
0x8277ffe2ac3c59437cc02d0bac0e470fb7b75f9a4cf964c5f5132c83a5ff86d2,1764459681,1764459685,1560,34508,,
0xb582690e2d3d0c4d0178e972014ba38e870092c2f1df37134ba9dc21cefd190a,1764459681,1764459685,1560,34508,,
0xa1ccb82a6c2a6166d758ee98aa1296a5d256f31d8857eb52066283b5fd50b261,1764459681,1764459685,1560,34508,,
0x8a87e86a0b64005352eaaea98a3916a955ac4092576a7754fad6e49ca5eb8efc,1764459681,1764459685,1560,34508,,
0x74f68420018352b062966ecc26adf34e890f6e81ddfe871d539eab39c8bdc16e,1764459681,1764459685,1560,34508,,
0x11a87d34178627ea8e18c0a18d1ddef77fcec62cab2b0e7cfac276b1c2541cc9,1764459681,1764459685,1560,34508,,
0xe34f6c3eb7e01b69a437e27c2712b7f1fa6cf911520ab4e8f59051117f083c30,1764459681,1764459685,1560,34508,,
0xa17cf858bf40b1780e49a63387a7d0ec8da7b0ab24dd79a48787ca9a4675e325,1764459681,1764459685,1560,34508,,
0x5df80533809beb78d214219ba0b2579fab31a37d6ba52a39249ff71f0573d06f,1764459681,1764459685,1560,34508,,
0x33470e7d3f8547079c928de54bd633db516f16d6a8c19722899eedb88bdbc617,1764459681,1764459685,1560,34496,,
0x310cb645576ca955b9bc2101756fe3b4d25ad299d267f2d756fbd82171a843e8,1764459681,1764459685,1560,34508,,
0x18ea9207443c4c19211827c8074d2ec8c218fd026fd515a24d281330ab2d801e,1764459681,1764459685,1560,34508,,
0xbfd6d3f77d6cecda08cf6b7fa56ef4b3663fd46671bfeeabedd1824b87cdbc06,1764459681,1764459685,1560,34508,,
0x4d92a82885123d7e4568e21f10b14eaf1cbd3c1cddcc61e6c29e2860ab8de98e,1764459681,1764459685,1560,34508,,
0x10c69e9305a5903aea4862f0eadc58f6f64dc552e2be4f98498234448a92c449,1764459682,1764459685,1560,34508,,
0xd92f571eaf499aeb56ce8cdb186af420f9cdb4f0bee7070802e5a9a3b5b64c11,1764459682,1764459685,1560,34508,,
0x6dfd30050a43d0204354bee358828a181739e8f42914d56124c6a34730274cac,1764459682,1764459685,1560,34508,,
0x4f90b045798f3b2dd1613873902b8b2ae538e0878ee26dcc3a64c36eaf85de71,1764459682,1764459685,1560,34508,,
0x1c8f5c18a90d70d8dcd307df92d4451e02c8f9ddbda6f7fd107c0c3d443c143a,1764459682,1764459685,1560,34508,,
0xf6d65fe4f5242a9fd2d2099ae605630c91a565d25bf28ca0a293cf825f3f2c22,1764459682,1764459685,1560,34508,,
0x2d4822c1fd156edfe97c960b4a02a93fc6c1b0faaeb735d507772d5b4c49628e,1764459682,1764459685,1560,34508,,
0xef933c1bf0d222f09d24bcc708f41363e37d7dfb0886d02955bf8687d99355a7,1764459682,1764459685,1560,34508,,
0x30bbccf3029d29123620150116a66ee93af47461140794de1220c877324c258a,1764459682,1764459685,1560,34508,,
0x234a68245b1aa19142a4e35b0d1ace2422400a7252f0e506baf67e5e181dfa15,1764459682,1764459685,1560,34508,,
0x05d13843291210b58233c480d8e81d31952a1b489737007754b7eeaac6b488bc,1764459682,1764459685,1560,34508,,
0x23c464edcd2725a664d5cfc63607b65effb02e90617b24388c03c3d010294cd6,1764459682,1764459685,1560,34508,,
0x9d20684513d8497b6d68e72698baa283436515ae79fdb52f92f7e5aeacd03a00,1764459683,1764459685,1560,34508,,
0x1d29e334a978d49f58b4c52b2e0b4e9b81d541f4c5fae0589cd9e3b84e8044f2,1764459683,1764459687,1561,34508,,
0x3fd49b1728f71df902b878c89f899d8a46a7ee2bf30031e0ac8eecd8f4cfe1f1,1764459683,1764459687,1561,34508,,
0x8bb765cb0bdd68ecd8b3e93132ad1a519d5202bc9a04cd65a0994dc083e6aaf2,1764459683,1764459687,1561,34508,,
0x0e27dfe4c1c3df4082897a16ee93c36035b27dc93d38aa49f9616bf80302eb05,1764459683,1764459687,1561,34508,,
0xdb4e0dde213e443a82977e6724de241d1e79770bff603669153cc032e274b535,1764459683,1764459687,1561,34508,,
0x256747bc2241ff72dfb6a7295cea0f250c611f6da48553130e3eea2300130893,1764459683,1764459687,1561,34508,,
0xadcf5cf33bbb3674922d686b0ae5a654f7103e5e20ea92aa727a322e7b17af0c,1764459683,1764459687,1561,34508,,
0xfd4ffb9e999b68b4cce14d7e1fe065434e90adbd8a7a55399ac549ac98acd2d9,1764459683,1764459687,1561,34508,,
0x12bb2ec19da224d10734517b20b41c76a88cb9d068400cceb762c01801ee5d11,1764459683,1764459687,1561,34508,,
0x1afe7d45cdf7439ad0d2d1a61122bf9c1b68315c68855826e449df071f117632,1764459683,1764459687,1561,34496,,
0x898ac9a9d8fe2eadaf9b5ac665fb1bf986d978e3db677340a1aed6a2afd4f7d8,1764459683,1764459687,1561,34508,,
0x440e7b604c89b950d240821f45d0f6511e119d7d7b608ceb7c879606536b0d88,1764459683,1764459687,1561,34508,,
0xeb2e31fd932512dec2b15d42ecaaeae11581e70092e408a3f72ff5e4ed2244a1,1764459683,1764459687,1561,34508,,
0xfcf41a633864581a2ea4a109ea22a10ce4552710af143d25a97ad95efcd2d7da,1764459683,1764459687,1561,34508,,
0x0e490974871aa25502c72eb62a7930b0ffeff62d0048a2b5ab31873b731f3307,1764459683,1764459687,1561,34508,,
0x0e92218b6d20048cbba6e88ec7f7f156e8afa2d6883c1786906223633b8a461b,1764459683,1764459687,1561,34508,,
0xc4a5c9abeefb1cc6f8f4b7829ad70638f2bb5783a1370fd49db1275b68f0a38c,1764459683,1764459687,1561,34508,,
0xaa10c9867e8942e824a149c28c9affc4529d41ee96b64326b2d31791554a8b39,1764459683,1764459687,1561,34508,,
0x69c926b6244db038d0561eb4d6fda41488cb7a3ccbb4a710128e426ea9a1473c,1764459683,1764459687,1561,34508,,
0x4903ac175b554555cea8ad968d3a65faa3d61417b5a3f80c67326ad06302f7fb,1764459683,1764459687,1561,34508,,
0xd829a647a1200d3bb5d8b1589d837ab14d0b818df40585ad23685f73d62986a4,1764459683,1764459687,1561,34496,,
0xd6a54736bb56d96ab2af388836f1f6547229ab5703d28c75ef9aea3c65a8bb05,1764459683,1764459687,1561,34508,,
0x874750e9cb081e19c477d12f26b494fb22da95f7f0d6202426d7cd4c574783c9,1764459683,1764459687,1561,34508,,
0xf5e8ef52c860533b8077c4c9c6f9f6f12fed275c01df48f0f9fd6d5cb53fd794,1764459683,1764459687,1561,34508,,
0x8d325d808e6ff7fc7079559fdf74f6201123cf918300901a2ff518b16909d098,1764459683,1764459687,1561,34508,,
0x7db7f523a8ed87d48cfae19728f3a8cb497ec1244707a16bfbe7d2c6d61fc562,1764459683,1764459687,1561,34508,,
0x0c25c6e15198218fa41ec5339cd24068c63b9bb48feab43f3c0899a79d8b428a,1764459683,1764459687,1561,34508,,
0x8f93587f3ee9b320ec8c9be4452cfbbd6848582e2b93798c08a061b0b6c4ad21,1764459684,1764459687,1561,34508,,
0x8b2c9f0158b31e8098a63317d9e8d75d352aae8e04f994e7ba6bcdb81cce38e5,1764459684,1764459687,1561,34508,,
0xc1dbc91bf250c7eada6db113b3bb06465803c2051c30ba9b7bd03eeeb875babc,1764459684,1764459687,1561,34508,,
0x43a42f031ca0c188a782b4971f30aeeb1d5d02159197df8218c5e3b806e15026,1764459684,1764459687,1561,34508,,
0xb3ca516e9605c0161bbeb8e56a348445891e36ef948a2f1484878bad8f333b4d,1764459684,1764459687,1561,34508,,
0x9cfee74cd78c43a481972526a3f58719d0edd65d29123cf1acb6123830c2b3aa,1764459684,1764459687,1561,34508,,
0x6606c89cdfde881c732a721602db6a206c4bc4873f7a4eb3ff657986772e25ef,1764459684,1764459687,1561,34508,,
0xb494a1366d13f74b2d5d6841ae030f53e8987eea946ed213e6586060f211cc14,1764459684,1764459687,1561,34508,,
0x35566573327c6d0713aef692a0233c79f835748f6d37a24c77ff3586b699797d,1764459684,1764459687,1561,34508,,
0x8e323321dbbb80de2258ad6fa6364d3198d8c1be5212deb0f341da9d9bab89ad,1764459684,1764459687,1561,34508,,
0x50ab8d317386245d83e0be0720625ac66accd8ca8a211eb8dc32a0b76944c13a,1764459684,1764459687,1561,34508,,
0x040bb0b9dc6ceb5b6629bdd4347ec6c61b8b7ee2b05c6e01477b408bef6877fb,1764459684,1764459687,1561,34508,,
0xa9a3510590e828312dce06a22017a125286e6fb6b32675032351a1323a98b0fe,1764459685,1764459689,1562,34496,,
0x953c3d4673ba63cf2d2fd6bce9d365323e063dd8e04649a66808fb8c75cd1e3a,1764459685,1764459689,1562,34508,,
0xfb1177dbad2f40900c40260cb7735554a73c5860937596f5c893997d6ee81266,1764459685,1764459689,1562,34508,,
0xa858e9bc09058abf9af12855e2ca3fac24339613fb8e88c75605c5aec2b41653,1764459685,1764459689,1562,34508,,
0x697e4fd6e5f17ea5635accb8cded172ee2313d5616fb6fb08a8ab888201b8025,1764459685,1764459689,1562,34508,,
0x77f6efb29468547d1fec9e63a3ddb74d3d41a73fee18ba6ffeb0b75800de3a2b,1764459685,1764459689,1562,34508,,
0x476547bedbb8b75dbeef5f0001322440fbf1c762c5d24462255c019ea3fd0541,1764459685,1764459689,1562,34496,,
0x0da10fb33edfe680951a58bb24b96a322199d04e9eb2cb131e89b0f7c0bb37c7,1764459685,1764459689,1562,34508,,
0x168d03235771471a6b22b9654fb50cff15bd1863b77771603e93dc737376df17,1764459685,1764459689,1562,34508,,
0x5ed2627f6ca62d21264ee41e6dd44964e3f3fe0006a8e6de58e97efb7158bf41,1764459685,1764459689,1562,34496,,
0xb299d0618b6e16c05622982c0d5977d1fa0b2a199e4a5415037fc2e4a664ae75,1764459685,1764459689,1562,34508,,
0x663ed70924d1c875f97d0a263a7a4b6153eea6221f8eeb5a7b4d33ec3d386fb1,1764459685,1764459689,1562,34508,,
0xc57020eba5560d2dfd5a8259f664ec97ccfe0a304ee0dd604d203fbac189b8ba,1764459685,1764459689,1562,34496,,
0xb3e98196274b47572a42b1c653a2183d122f317e7ed82029c345f411002390f2,1764459685,1764459689,1562,34508,,
0x6e6e3b38fdc1696dfa3ea637c0b27fecfc60f66a4085eca90a870a5d5db10a55,1764459685,1764459689,1562,34496,,
0xe82d8871477f1a3a4f0672a3cb10722b7e4161c8ad3a61fa4c8dd07a08cd862e,1764459685,1764459689,1562,34508,,
0xa06c66ecdbb96f2c967eb5ce845cd0210ff006b34f6775baec5db5ed717761ac,1764459685,1764459689,1562,34508,,
0x6b35052a7b44445af0708de59ce7e70874298da959082b76c6d525f08ac18498,1764459685,1764459689,1562,34508,,
0x14c29e0010600c30e18948a3926b94791e835ba46fde79bff7b06fcfc0fbe1a1,1764459685,1764459689,1562,34508,,
0xa4fe3fd41e7a04f9892505298f9dfdd4a583b4df3c6e2d153e605ae5e7cdfe9b,1764459685,1764459689,1562,34508,,
0xa2d72fc190ae74f9982ee502f44527d907396b5397f43c7d7e0bcd0b9f71d166,1764459685,1764459689,1562,34496,,
0x59927682aa26c9ebac2acb368dad04c9c7be6bf698e2797c1b93af104001dd68,1764459685,1764459689,1562,34508,,
0x63956d4935f2f13f8a26d3e7d22c88e23cbed9cc40192ecd01b77403183f04b5,1764459685,1764459689,1562,34508,,
0x09a54cd0e21d76db526c20e618f382b94a17e2509616537e677fba8d4d7ede99,1764459685,1764459689,1562,34508,,
0x4179c5f5fb51d958230b7a41384c3a6d1c6a64d047e075d5629aff3bfe69b740,1764459685,1764459689,1562,34508,,
0xfa54010cb9b306a18245c600c66c6a7688734d87ece64614f1ba178685ecbcec,1764459685,1764459689,1562,34508,,
0x1e289eb958006dc7c3cb16ea0a63393788219431f74e1daed9f68b742319280e,1764459685,1764459689,1562,34508,,
0xf86e1679c05e13deee433ee390b7293bc40a8e77a92959120c65207f7405b7fe,1764459685,1764459689,1562,34508,,
0x0c9a28ab1e34dfbdcb92cf474c66c682671627b30d39540d60022effefce83c4,1764459686,1764459689,1562,34508,,
0x400d9d6dd843eedd3e0e3a2be63bf9b9a28b2f68d710611d3011c519536d7b4a,1764459686,1764459689,1562,34508,,
0x7a3ee5c4263aa16c69863bff23dfd69d0530892153449b9921280448c72b5d42,1764459686,1764459689,1562,34508,,
0x6e47fdb3c97e2e75699cfb36d181fd6192bf436b5d9456a2e724998a36bdc479,1764459686,1764459689,1562,34508,,
0x698b8c4bfb50216781dad8412d127b2ca78a2f7a9b9c01360bd19e340ecacfcd,1764459686,1764459689,1562,34508,,
0xd387c3db52d79a22c3bc6006d705953ce8a6d1833130e327f85d4ffdcb414c38,1764459686,1764459689,1562,34508,,
0xe4d1ba812bbc1406b221e447115f931d4a2f1847483a9e03acb3337f2cedb865,1764459686,1764459689,1562,34508,,
0xebe39fc0c87c20847eb850e6b35f0c23d4566823c8fa1f8750f6dade264d877f,1764459686,1764459689,1562,34508,,
0x14ef0664520342bbe84c85d4a751fb970c857e0c5d4440b1141c465ba27c8dd1,1764459686,1764459689,1562,34508,,
0xb58f795bd56e12b6c2a88c637586a56b116856dc2b1bb8d98a4fe87ae0948fef,1764459686,1764459689,1562,34508,,
0x462c54349caab075d7b9badd2249a0a9fd749cc8c9eea6c3c30894c59e0a039c,1764459686,1764459689,1562,34508,,
0x945ebfb1ad149d6b32afebb2f03e10351cd7bae70e8c5319c1c89dd6f1fc1259,1764459687,1764459689,1562,34508,,
0x8f4bb247686d46d28687be96ab1b955cafb054acf00ac172d5dbcc192d614005,1764459687,1764459691,1563,34508,,
0xf739298a0fc002593539f9b5138af842f96b3847e13f1571f85d59bbf2e23dd5,1764459687,1764459691,1563,34508,,
0xa8d1f74467723ac7fd34679e9502a309d537490cf3b533070c79bb9d0a2a9136,1764459687,1764459691,1563,34508,,
0xf4a84f9d1e0bec72effab0cc274f48b883a89827dbf5c3eb3ed4ab3397f0e6a5,1764459687,1764459691,1563,34496,,
0x853f23f75c316dc5c02a05264dcb5e1de2ae542c46709d07e798f6299560c3a0,1764459687,1764459691,1563,34508,,
0x1e30b073123b67d1afba50ef2b4ea357b55cff7c3d77a38523b80649a2b274da,1764459687,1764459691,1563,34508,,
0x5282aa37a8962ef2f679db5f257cd066de9dffdafab3d3c1026c92abf829104d,1764459687,1764459691,1563,34508,,
0x4881ba48a28a26ecc08b478bcb85cf2fb3dd1f529c9641f1ac6c669acf53faf5,1764459687,1764459691,1563,34496,,
0xaab95968a2b3692e10b76f46e31b490058961e77fbb18e6e887fd273eaa09d0f,1764459687,1764459691,1563,34508,,
0xc65be14bde5ae5c7d4f5444592822cd1cc1c0a33ad598c89db32de21c8c6808c,1764459687,1764459691,1563,34508,,
0x0f7bc8852d97680e3107dfe24ffebfd6e97ffcce0dd62bae7ce19b42c4effeb6,1764459687,1764459691,1563,34508,,
0x76c543f34852d9dc84b8c1b16d5836d4f3a8b6d8e30b80b570a384fc72aca9e0,1764459687,1764459691,1563,34508,,
0x81a9774003433dcdaff1bcaf4c717e8f8ed21b30803a478b9d5e80b1c5b4fc0c,1764459687,1764459691,1563,34508,,
0x96eb006951950324a36fae7ae03c1ceb3b2ddb897e6bfcd19c5e9da956fc9d03,1764459687,1764459691,1563,34508,,
0x7fa44a9a303dc33c3637199bd51839a91d57026c6bcdd82c3333ffcc61f3d116,1764459687,1764459691,1563,34508,,
0xb1474f2d7a996199e55bbbd1226c6328c6cba5a8948e9447be424fe62325a38d,1764459687,1764459691,1563,34508,,
0x5b5a135db1773bc995f05c935dec87904b094bc9c511580e544f788294c5ff60,1764459687,1764459691,1563,34508,,
0xdae1831e522f794c8703b5a202bd98ceb5e1884835c0f840a5f61fa8d493f513,1764459687,1764459691,1563,34508,,
0xbf92984a20308734204d1d0ee24db8abaaeaf13caf10fe7ccd4ba926e3d1beca,1764459687,1764459691,1563,34508,,
0x0e1f79cb204f5225e91fecac36f6c5d7ce97c6c8bd7f92eae2ebefa4737f4538,1764459687,1764459691,1563,34508,,
0xeb6921842937e6c4c54fa6cd3208234ea7a62be95a4d72b8411ca96257896cc9,1764459687,1764459691,1563,34508,,
0x203e03a98409b3694751b98ebbd8f78e52059e99b81ef7423088e3007fa619d3,1764459687,1764459691,1563,34508,,
0x96bf93d646ef0d6976318ef830e619fa79253830633d52a031d67c8ad5d11b15,1764459687,1764459691,1563,34508,,
0x1cb9139f1c4a5092aab90b6db8619a81cbacd94a3db5b088ad196f8de73d71e7,1764459687,1764459691,1563,34508,,
0x0f7a84ec8c4e7c1a3be19e6ffed516dba09a814d1af32beab84ab5bce83478d8,1764459687,1764459691,1563,34508,,
0x12918eacc520b6195f5493ca33be1ca470b1325b335931b0660d884fecce7093,1764459687,1764459691,1563,34508,,
0x3ad9a2201054939c7989712fae7a940b16afa9d0c39c7982926cced6d653f720,1764459687,1764459691,1563,34508,,
0xe24bff7aaa509dbef41fa205d8812cbe212b5fbfe9e1af497909eea826f7d848,1764459687,1764459691,1563,34508,,
0xe132589bd6a1bad25a204b62873e3375b282af8a6343931042c82544c370b4c6,1764459688,1764459691,1563,34508,,
0xe63a9aa428b51884cecdf9da6c4acf5110ae201e3149bc893deb59a617a1b8cf,1764459688,1764459691,1563,34508,,
0x5e07159a82538dae94b7ce9b1ecf4c83a0d3f440d0746dffbc91cfa0b0d7480a,1764459688,1764459691,1563,34508,,
0xa34413abc858530b050931c408d5f5ff0efdb657514761dc7ad6437e2e71a893,1764459688,1764459691,1563,34508,,
0xc8360c752988bcf50cb062a69d8f4829645a11051173308e5272c217e2b263db,1764459688,1764459691,1563,34508,,
0xe61a9662acd03f6f84301b109cfb814093b1f807456ccdc6f9455b5d6f37eef3,1764459688,1764459691,1563,34508,,
0xda145c4944bcbdbf9664cb2646d3d51e3e21bda0de5c544ace96f51e253d9254,1764459688,1764459691,1563,34508,,
0x83b2f56dfd04f63c5430864fc3e60f1178cc3de453205bd0bfe3ba42c34caa6b,1764459688,1764459691,1563,34508,,
0x86c2806359cb552147a3a6dc52b1ba6b5daa1ec8d03253fd557914adff56a96d,1764459688,1764459691,1563,34508,,
0x7f765d9eaf4f33e7eb52b8878d907998002d812eeb330f2dbf328d6ff92582eb,1764459688,1764459691,1563,34508,,
0x49788c4919312f0ef5260430c324408f2594cb559821372648845d6b7b357f30,1764459689,1764459691,1563,34508,,
0x12f6ebcae0c281c2f1566e84e69ecea1a6c02b7403066532bdeeea9e97221c3c,1764459689,1764459693,1564,34508,,
0x61374e2999aef34bab27a7e6be46caa682ac5a82db6507400a907b949613f47c,1764459689,1764459693,1564,34508,,
0x99aad2d4c5dcf7da48f4744b709b6ceb87704fb6808d33617c1f6d8b71244bbe,1764459689,1764459693,1564,34508,,
0xb5193a833814e08136c416ce0cedc5833d6378e67a8d09b7e4c5c38ec2db1740,1764459689,1764459693,1564,34508,,
0xddb1a4114554eafb808c1f78285ea693f907942490ed573a876ff79fe07c9e39,1764459689,1764459693,1564,34508,,
0x005e4badf4def98130e0ccc3b6efd2826e825fcdf1595df86e27a567ce3bb563,1764459689,1764459693,1564,34508,,
0xb6048a223773ec9c5b753db077e373dfdd9f25c4cb6050fcaa52008fc3a05aed,1764459689,1764459693,1564,34496,,
0x7ca97f443c6560de6eade10e68b3b60d55b5b305a4d32e2d81c9b34620b39842,1764459689,1764459693,1564,34508,,
0x53252d3b6fd7edd7ca309b75a5743f3e983d9fe977999b1267d073c671e99fab,1764459689,1764459693,1564,34508,,
0x04da105b4c716db6fe03111d0aa0b56c1e77813ee3ea8c0061bd4e01c48c0e08,1764459689,1764459693,1564,34508,,
0xb5e4c9e031015dc16f9e75038030fcc3bb82e84a2355037487db6ff611cc2924,1764459689,1764459693,1564,34508,,
0xa5ccf3506621f0f4be0f6864fc2ba30d6efee2c0135539944be0f602f2e31a9d,1764459689,1764459693,1564,34508,,
0x3aa089f65166ec491e873da37c2031e284b88a78b8a42d861d8131326f06f7c5,1764459689,1764459693,1564,34508,,
0xfaeab9e27fcfd45914f20422d9006b30bc8943d3c4df6e5656208cd5fbb73c74,1764459689,1764459693,1564,34508,,
0x44e639a61e414b25095f19020bc7e16ff4e33a6dd971d61bc19125b8d2e58843,1764459689,1764459693,1564,34508,,
0xfb7bf022b3e65cb4da1d46e5cbbcd25154cd6d217d577fef37ccf90f7c245c48,1764459689,1764459693,1564,34508,,
0x716595affed64845dac4398f72c775eb4fc735f87c0cff8c9467bd4d7c5e5dfd,1764459689,1764459693,1564,34508,,
0xc1d28a937962bac7e171212d6445868ae2e027d803c93ab75bddd41947002292,1764459689,1764459693,1564,34508,,
0x9754f62c2c99e12c308d6ee4bc0385d6407064a51b2dd26779f4d0b5945c9b27,1764459689,1764459693,1564,34508,,
0xee8d0449129b59998dbfd4af39882404fd6ce7b290e05ccc4ca3188b62b65be1,1764459689,1764459693,1564,34496,,
0xadb4aaa135a3caa09d2099877fac4c95dd648452d7ffe2a8e70dbdd65496d3dd,1764459689,1764459693,1564,34496,,
0xae6c315578597d96606a3aecb65032ec8fa5900211d8d73afa0a54fd4cd8dc21,1764459689,1764459693,1564,34508,,
0x93fb2c717ef8f5803b1d3626463e999c52d39e76ae9551dbb7aef4de4d39bdda,1764459689,1764459693,1564,34508,,
0x6ecbad0ebc3a1ea8c743cc118381c28bb23f5e8852886ff96a831079a2691907,1764459689,1764459693,1564,34508,,
0x7701d5ad6074cc42c8fb107641c10b9ad26efe412d1a6625a8873f8dcf9505de,1764459689,1764459693,1564,34508,,
0x403bcf2377b25c2d78324d1d9442938693e23e602f5ad7cf1387b5ede2f6598b,1764459689,1764459693,1564,34508,,
0x7a50b69d43af7166abb1d7d1dc67a41b2d51f4d7885ab3f3ef9af1a495c45d4f,1764459689,1764459693,1564,34508,,
0xae392071cb8f93dd47c8a7a4f46384f110a8db063ebd9ca1063e92ded225e9b0,1764459689,1764459693,1564,34508,,
0x53b216a8c1e37c9b849d12a7d57b67ce8269038aa3e44ac48bdc20fc9bb1551e,1764459689,1764459693,1564,34508,,
0xeedff5a37d376f37503c38771f18a86a90811c29dba5a04b268d265d94bcb6f1,1764459690,1764459693,1564,34508,,
0x053f6ccd9b1d7b6a2c396c92b44754e37ba741d2e0ceb91e3cb38b3bca07e2fb,1764459690,1764459693,1564,34508,,
0x514e42547ec78d942ddd6071388b90f6c7f6a237982376b39bcb1f5e9b22225b,1764459690,1764459693,1564,34508,,
0x7d26e43ea7b7c5ba5685373c7ea527223af5f579693d174eef92ba551ecfc5bb,1764459690,1764459693,1564,34508,,
0xbdec64050dd40501d5a70b90d92b204a240dc90fe394ad0e256cf49ecd8657f3,1764459690,1764459693,1564,34508,,
0xf80697cd7a61247e5e33351e2d2e1a97742c105b50e9c78ae99a15c1b0efef04,1764459690,1764459693,1564,34508,,
0xcae761d6d35a77c3cca59503a67ab8d74a3f23b4b12b23be2f61a743eb75b49f,1764459690,1764459693,1564,34508,,
0x103e580c0d27a96aabc53e9cdb054edfb65f7abf7168f92213b99fb262a588e5,1764459690,1764459693,1564,34508,,
0x44366fd43a5d4c9da1f09df0d1a25c2ecb3b51eff0d6dda83424e8a7b4ab42fa,1764459690,1764459693,1564,34508,,
0xb118b248f288e12e7a85f905a9edfe35c80b0c96b93a30c9d1042c0d893e3252,1764459690,1764459693,1564,34496,,
0x6f36db26b69212d9942886d2f29d55bf96b0f7c777f72eeed448f7913f405600,1764459691,1764459695,1565,34508,,
0x2cc5e8af908d0d4965dc0d6fcc33a43e5934d9b3dbc6af358e1673c253c3223d,1764459691,1764459695,1565,34508,,
0x81b1c73e425781020163f2dd191d07e1341f52c2b58cd818ea0904f0aa8475b6,1764459691,1764459695,1565,34508,,
0xa302a2d65df7bc4eab7fd392fbd1267601caf249863623b45f5d92d410ba59c9,1764459691,1764459695,1565,34508,,
0xbaa4970c0866165bd8bf1472b3ffaaf072e01ecd57b2fe549ca3255c48e1fbd4,1764459691,1764459695,1565,34508,,
0x2b16d3f8e82b3e3f05312fe129df09f3c2da32838aa05ff0701acb1f9cc26ba6,1764459691,1764459695,1565,34508,,
0xe170dc305f90b0ca2cbf03df7b8d6eaa920daec2115ed6662f69caef9114f34b,1764459691,1764459695,1565,34508,,
0xed4da6dd2be08950e46b1950108d42ddbd21e7adda6f78743ee8e53eacd72c55,1764459691,1764459695,1565,34508,,
0x437c3f8243d34daaa23e2f84fa64ea0e88fc5abb38f3966c9ed2f1bef2a4185a,1764459691,1764459695,1565,34508,,
0x6564e8d588edc33197bd45ab321c66d697e4f6a675aa5d3474dc40557825d5c8,1764459691,1764459695,1565,34508,,
0xcb9b98355d79c3febee49259302f205302f3ccde0b3fdd8ea01da295a31349aa,1764459691,1764459695,1565,34508,,
0xadfd6adc2b0504bbc73167d7bf72c0e854b50688ab1c91a8fba2de84acab3116,1764459691,1764459695,1565,34508,,
0x5beb84b31fa7e077052c59b3c92692909f9e50e09725fa756635e413f26bc360,1764459691,1764459695,1565,34508,,
0x1d8f8e3616416aab6661e790379092599a1a39bde7bb8e1099fc302f56672bc7,1764459691,1764459695,1565,34508,,
0x3394ec96d1301c02b48ce15b88d005c1b5247881dbba16acec8e994d7fb8edf8,1764459691,1764459695,1565,34508,,
0x2dcd48f8d505f86d4fb092b74fec89930205553c2870671b7ef4dbc20ab000f5,1764459691,1764459695,1565,34508,,
0x363525536d8177a49175ec52e33610ba671e3cb8036fa0618b90e96eca660288,1764459691,1764459695,1565,34496,,
0x06c2eec4d5857064b45ddd893a210c6f4048ccb5b1fc045a19df0c4d59f6c117,1764459691,1764459695,1565,34508,,
0xae4f0117a26fbba8953d50e0f1137dcb6d718b7febebe4917688dbb12d94104b,1764459691,1764459695,1565,34496,,
0x9ab928dfb96cc394be5c62e4a90a08baebc82124ce91862dae7a2fc74bf596e6,1764459691,1764459695,1565,34496,,
0x070aeffcbea04a37ff00a4d517cde76a9878d91a3d457f2c57617c7fc14a303d,1764459691,1764459695,1565,34508,,
0x2d216acf964a0f1cffcd5359efd9226743d59bceed2249266c12c073e849ca29,1764459691,1764459695,1565,34508,,
0x88240cc3271a9ac6e72131cc9594bf9c14ebc9a3db54375f08f3e5e9f7deeb23,1764459691,1764459695,1565,34496,,
0x91fe791f94c78ca1a85f3f74b094f0d2b045368adc739ecce2e9dfd506b41592,1764459691,1764459695,1565,34508,,
0xd00cb50c60e043f8988337f60adee873f11eb4dfbae1a4c7d4b18dfd95289f24,1764459691,1764459695,1565,34508,,
0xbbe04ecdf2af28ddb39a9866e4734d55819b2d0057617e3c3fe8f6a926ee6d07,1764459691,1764459695,1565,34508,,
0x31baf9823072dca94f97e2710c3f8b28c61afa84ccd70dcbf8433a626647385f,1764459691,1764459695,1565,34508,,
0xfecb9ee2957746865d1ac5eb3ad10f8fd897874127643ad8e89812577bc09405,1764459691,1764459695,1565,34508,,
0x68a1e6716de8581a5ef73eef2c33960835a3589cc0085542ed69610c89171066,1764459691,1764459695,1565,34508,,
0x69ebbc03aafe72dc853537529806a1d64d306c57f989285a5157f31be8b5000d,1764459691,1764459695,1565,34508,,
0xf480aa3b310197da6fd511cfdde57723b72497f152dd7a02e62d03c909d894e2,1764459692,1764459695,1565,34508,,
0x64a71fcf803f50192633c4d0d68f795c058a1e6b57d44c7bd98374b3f7edbbf3,1764459692,1764459695,1565,34508,,
0xc5296a862bbae8c49190bc6448ca1fc9cde33401f1b64f21550ec4426f935d31,1764459692,1764459695,1565,34508,,
0x87f1ca8431c8ef051bb7c836293ea4d8c8fcf86b4b7f42aab1a3b8d2f6d09dd9,1764459692,1764459695,1565,34508,,
0x1883fe68ea7ccc3c91e47d2caea696405e61e4774bda7dea1da97f2293e0201d,1764459692,1764459695,1565,34508,,
0x0c0a693af6d74870e835ad931f3ce95e73003c25cc6850f45f3cb22a17cd16ad,1764459692,1764459695,1565,34508,,
0x3b169c2246ff67054f5cfe9fe0a6be4bc036669c823e78c0f76e0ad9fa8c3288,1764459692,1764459695,1565,34508,,
0x0d6067e50ff2e6afb59042f4fd91421b1afad7286978b0d432255490a486ffa9,1764459692,1764459695,1565,34508,,
0x995c4e1bb6fe34be36b9e47dfa8ec86f2479b9979142bc2bbbf777e349011589,1764459692,1764459695,1565,34508,,
0x3b5433a871247910c299fe1935823386e47c223f0319a257f1ec31db12c3a481,1764459693,1764459697,1566,34508,,
0x3942e27e07bb2e795d5f8d8dc8c579d581c9ebb665e92b7a5bfd677393f0181b,1764459693,1764459697,1566,34508,,
0x2570b547cf1e50361da396b2d25b478b22dbfe2af75cd6886e79bbfa42479a18,1764459693,1764459697,1566,34496,,
0x2507abcec188e6cb83a17038f5aee7ef53a70115a25342c617e02bd580b385f7,1764459693,1764459697,1566,34508,,
0x0013f599a1747dd2b410140fc867cdbe86c0ad6c26a6092b670fde180e3f1434,1764459693,1764459697,1566,34508,,
0x312eea43b1d58aeaddfb91b23d62132fa3f3f8746218fe79341db82e95289723,1764459693,1764459697,1566,34508,,
0x610a2bfd79268ce90442d1acc69c42d58d8f279732d4566de2d212db0f409bca,1764459693,1764459697,1566,34508,,
0x983be8992fadb3a083782195882fd1810c4af7ce53e046f72767cc0d0491f29f,1764459693,1764459697,1566,34508,,
0x14e26696e73802488575fd885f8294480c0391c397eb061e6bcca0e0b4aa69db,1764459693,1764459697,1566,34508,,
0x1e5169beb6cef93c18b10337eef660fe6e12bd36bfcf9b9ff7721883275b5b97,1764459693,1764459697,1566,34508,,
0x76c92d219cd4c4bbfe5575570e32699288f19075909607122944aaba95be759a,1764459693,1764459697,1566,34508,,
0xffec8f113b432a2ae8c115850f08d36449cb4867f18bb1afb8fea296e9b7b02b,1764459693,1764459697,1566,34508,,
0xf03e041a64952b6e60c41869c6f48f61b4ebec87a31eaee17b2f18b688af4887,1764459693,1764459697,1566,34508,,
0x661622d33965c1a2bb0b1f9c4fae8376f35f385569055acd2fa2f0db2b4c4981,1764459693,1764459697,1566,34508,,
0x9c78b3071973b635bc19b877bf257cd685752f952921ed2ecfd1b96bdee69b8d,1764459693,1764459697,1566,34508,,
0x42519dcf2b4f9de92b5222fdd0dee50aba3f53b084d8aba5438b480ff4013a08,1764459693,1764459697,1566,34508,,
0xb95f11801b87656345c557d043dfeb1da9ba194188289cc40fa0e9fe5cd97938,1764459693,1764459697,1566,34508,,
0x6082495328ce7d6ecaca6eb73612940aad5cf4d51e4f9d1dc7da7f9b0c7103c9,1764459693,1764459697,1566,34508,,
0xaa36d6b26b0c980751aa7371aa359b9cc51639ba3adb7f18b7b8ea2330b75af5,1764459693,1764459697,1566,34508,,
0x2660c8265eb0ff3c07262f30d07ccd2bb0f657c6d3e5abae30f43eec97f1e736,1764459693,1764459697,1566,34508,,
0xa0ba15340605f852f8e398fb4001b3ff154bf78cd26190365736e6b25d59e3da,1764459693,1764459697,1566,34508,,
0x2184200de21d5f3c89733c788e319103a3acce3692eeb90ad735b98a9805d4d4,1764459693,1764459697,1566,34484,,
0xdbd465d93b824c87ddee409fc5e19ed314b91a830c32b081c628a805ec122c3c,1764459693,1764459697,1566,34508,,
0x8eaf7a0e44a144beb0c2379e984fc813631936410948e55ffb56557ac6fbe396,1764459693,1764459697,1566,34508,,
0x385c743d416564af9b7503f480329ac783bc1bb730f7f131df3221eba53588b6,1764459693,1764459697,1566,34508,,
0x7c805dee487d8e32f66bdbf52f457ef4af3e9d71f36322361b4bd2e7e6abd504,1764459693,1764459697,1566,34508,,
0x31ed3586a434c980dc52e8a4f09eea06d38e7693a730a8704a3578019ba18538,1764459693,1764459697,1566,34496,,
0xc7fc4e330bd349a985fee1b04d26baeed8170b4845f01a0d0cc8a0e56c286d6f,1764459693,1764459697,1566,34508,,
0xcb208b9f85e3ed68f88f4c60f83614fba83eada7b2a5f1626dbf91b266bb7d55,1764459693,1764459697,1566,34508,,
0x839641ded3fd7c3fe25d8c87f27c6f563ce5f5fadd032543c24962b536c79c51,1764459693,1764459697,1566,34508,,
0xe6e096753776d9225d1a01ba7865f9c2c674ee6c459567c02bf9330a8509c61f,1764459693,1764459697,1566,34508,,
0xc6ea782a6250747148a890b406de411636c78a71442444fcd253879a15c08ccc,1764459694,1764459697,1566,34508,,
0x480b4650f070355115d26e7f0d5a845a381a35daee2be3c7d8678fd9c49957e2,1764459694,1764459697,1566,34508,,
0xed0f801fe9e2970562996e5575c67374be7f7778d76d2d7f34607952575549f0,1764459694,1764459697,1566,34496,,
0xb513315eda88ea4e32a6cb0a765fb1fa8445e627e8f69bb12a1384384362b8c8,1764459694,1764459697,1566,34508,,
0xf89161d79358ac2ab5cd5a416db1cc89a2ce733d3002b2ed04eaa2d164cdb8db,1764459694,1764459697,1566,34496,,
0xad8be5a730d96f3166e57fff5a005f5b6d0196417cf41ab6b2bad4554d2fe605,1764459694,1764459697,1566,34508,,
0x828c7b482ae8e443053070ad733701121abd6c6877a87703c15943ea918d0dd1,1764459694,1764459697,1566,34508,,
0xaedd20076ae877351a0b72211183dab44f8bc06581a494be94d7cd0a136c1f90,1764459694,1764459697,1566,34496,,
0x646231d7c4477535caf0861a9b226091e60452081c34d61c89184ba75b000b72,1764459695,1764459697,1566,34508,,
0xbd27193665731136ee1b03d5af4d6eb216a00377ac0f2be04ca0b82cfc7ae4bd,1764459695,1764459699,1567,34508,,
0xab74a0a0f477b260dd4806dcd8eadd6f46be0aa10c2c2b1e8b2626b20bfd362f,1764459695,1764459699,1567,34508,,
0x5f7692b75921a7b6730079b136209d26962dce3841174959d8405241f02d84da,1764459695,1764459699,1567,34508,,
0xc951e8a399cbb51c053dc5e9f5a6bbb6613d3e99f95e5bc7b79bdfc888c5c6fb,1764459695,1764459699,1567,34496,,
0x16b60383b0dc6accfb36af4ca670647b7128f47acce714231dea923090250a3a,1764459695,1764459699,1567,34508,,
0x2264570dc3dad3b86fba413e4d3453ba9d054d155af080a2495d0d47af04110c,1764459695,1764459699,1567,34508,,
0x5f7c147fa36b4eec9fe1e3e39ad2cb197a90136dca76257f1fe6384e812dc127,1764459695,1764459699,1567,34508,,
0x05b101f7f6a7c644c47d0adb347ef6fd9b2a69a52202eabba4c10b700a0516ab,1764459695,1764459699,1567,34508,,
0x1e205515fc25aa9099eee65d3476c3b3d7d1dd24e30fb0e6f85a01eccd089397,1764459695,1764459699,1567,34508,,
0x245ab08b2f62d0c9152243cb91e46dcd834feffa0855c7ef02e902cd1211bbaa,1764459695,1764459699,1567,34508,,
0x96ddda2f94f79370c2ed217afec55b88929878db55e46bbfe2e635b68966952d,1764459695,1764459699,1567,34508,,
0xcc6ca152972114d24c2c08c7d2d2e9b95dd109413f9a26373c648f0c11dbcb12,1764459695,1764459699,1567,34508,,
0x414cc8081db15a2e90b5f5df4e9d88c1e91b4dfbc458fe837a0a2ed1bd745b97,1764459695,1764459699,1567,34508,,
0xaf36c0eee18b597356958097d768d566009e3ed27d8d66f67a1d3976180b1546,1764459695,1764459699,1567,34508,,
0x570de4549d652e189f14b0b90a597de3baed7004e52aea6677f6b1b89845e075,1764459695,1764459699,1567,34508,,
0x06057660798c7f21ce342608f34587ec6f5f44900935f27bb8d51be9ef509410,1764459695,1764459699,1567,34508,,
0x61a20e9786668a4aa4c379b111a598df23c81985dfaf993265db83f5f5d281dd,1764459695,1764459699,1567,34508,,
0x770c94ab0805a363cd9281baf92182c9ecbec3241a639cfa93c0ea1365bc83aa,1764459695,1764459699,1567,34508,,
0x07eba48fd6a38e7842b7712b78578ac66b67f56ddbe241f82c0fed25a86dfe7b,1764459695,1764459699,1567,34508,,
0x67a3ed0027ee1ef9a82c59448173163ea480fa6954145b381d25512e442a19ef,1764459695,1764459699,1567,34508,,
0xfbfa76d94f9d468586b30c7181f5538dd4e00dc032b51af937770943f588bb3a,1764459695,1764459699,1567,34508,,
0xd89317eb76ed0b72420d398c10278ff5193ec258639408c306a5301939d38082,1764459695,1764459699,1567,34508,,
0xa51f0e7f86ddb9ed67ea579d253a0735bd4ac13324e1fd5082169574dce345e1,1764459695,1764459699,1567,34508,,
0xbcead0b5480ede5f83431647a7fab220edd4a90fc4ecd3e13612555b8dcdb9c0,1764459695,1764459699,1567,34508,,
0x92d97d3c7e5a13b57db51655f4772730fe1ecd01448dd3a5d1eec2e353159cbf,1764459695,1764459699,1567,34508,,
0x8eee010c1428462bdbacc5afe81ab045e7de0bd043554cf137f5dbe00d89cb6a,1764459695,1764459699,1567,34508,,
0x444bdd6aa19d3359320d8fdcf27a5e6cb39769a8fea65e9a9f48a759bae8c64a,1764459695,1764459699,1567,34508,,
0xb6ba58eb5ce6b826201b71e12787224d01ce44b4b747cfca97890c8119038b17,1764459695,1764459699,1567,34508,,
0x5bfff0a3613cd4ff6436f60ba42c1ae7d436af3a8cec0226daee7cf03b83fe22,1764459695,1764459699,1567,34508,,
0xde2c308b7dcf8d54e246488639acb1bc618b55c2fb0b8b06df4cfd8effce8a0e,1764459695,1764459699,1567,34508,,
0x1b2c2301e765dad7fd48854ea8c8804ecc1f73ce6c4e217e3bfd668d07fa30cc,1764459695,1764459699,1567,34508,,
0x3b5fd1b6cfa0d31f4bd501dcac9d7b9aabe02aa4412477501bc8fcc02fd0d756,1764459696,1764459699,1567,34508,,
0xac9919b7343454cc0ab6bb274071a23d77e977d3bfd91294b23c5e6bece88a87,1764459696,1764459699,1567,34508,,
0xe0d025976ece4b0f92ee80f1adf2cca256e7be1eff83b309b47f3cc02e9952b9,1764459696,1764459699,1567,34508,,
0x286968fbcc1cc39138bc4e0f923c98fb418d915c537135a2952ba536e6640112,1764459696,1764459699,1567,34508,,
0x9e4114c38eb5c002aa25c1d09f9bef383314da0b05f167b17c758ce01331a4cd,1764459696,1764459699,1567,34508,,
0x6f4b42b1b4d8d7f18d9162343cc8678f54073dd02f736520322b6e6c0a3a8dc4,1764459696,1764459699,1567,34508,,
0x2ea37074f2e05c64edf455d91d06eb2b58b84c117f159018a6a9abf23e463429,1764459696,1764459699,1567,34508,,
0x8abc06b86ed7fe5bd0971a2b858b90f89064a7deb6d9a045ca3d513ec9037cef,1764459696,1764459699,1567,34508,,
0x1bb52e4c1a9bb3578f8b2f99465598ff1038750c4b3c5de5aa67d052bb8418eb,1764459697,1764459701,1568,34508,,
0x9bfcb994842905fd970da028187e7ea907742ad9de1721c5a032a957cc8aa6ff,1764459697,1764459701,1568,34508,,
0x8c2ae428b59a5f9dae91357c13a5d03b067b4a90c054ed1e8f71fe25cd11af6d,1764459697,1764459701,1568,34508,,
0xc612d4854067a471b72aafe016218f9b252f7434dbc88892a20b8a4e9a3fb337,1764459697,1764459701,1568,34508,,
0x3d5abb96bba66b900204b82a27dd76b849c4c15b72a159c2900de18ea4cb3f49,1764459697,1764459701,1568,34508,,
0x33645a735098e26f7e41d3cde9a2b95dad5af6e33703c6a57c504e01eff45ffc,1764459697,1764459701,1568,34508,,
0xe3b9bda3223e6f416891295215787211ad74ac8df627cf1e6889b580fa506b39,1764459697,1764459701,1568,34496,,
0x809ca5aaa1cb530cc4a7d497ea956b53087e598ef8282c9597a2e0a764ec33ec,1764459697,1764459701,1568,34496,,
0x16fb55c83f40294c5c84a09db424d9d953e09db3d8a0491ca250024a1b69b048,1764459697,1764459701,1568,34508,,
0x976e59b6f8fa81bc3464b57f99cc600f90fb3223a298a7551159bcc29466097a,1764459697,1764459701,1568,34508,,
0x6805de82c377d2538b40a5991915921a561aaed3244d5b4c2560b3a3c55dfab7,1764459697,1764459701,1568,34508,,
0x8245e9719a8f32b878d4160efb242025920a27d8ad4931351b9f7472a7e86042,1764459697,1764459701,1568,34508,,
0x32020841ee7ee5da6e0a89599f8fc45c909d8c5e585d1e22855855f968f44966,1764459697,1764459701,1568,34508,,
0x4e10e0a5b4ae78351718b2674bc7802674b5defa792e5767454f17747a4b977b,1764459697,1764459701,1568,34508,,
0xe22940202e0032ec30aa15bee07540c68dba0ae551bfe66956ff1b04819dbce6,1764459697,1764459701,1568,34508,,
0x088ca51612641f73f24b0089705be53a44757e2d807c5f820845dea382185fb9,1764459697,1764459701,1568,34508,,
0x4c845a1a214287733b562df09dc37a3f5eff832e65c634cb154292b242e80166,1764459697,1764459701,1568,34508,,
0x559aeb1d1f6fc4c9349ba8a7c674299dc167c849aadf38edc4eb0585820d0500,1764459697,1764459701,1568,34508,,
0x5eced4165f5c01481831f798b28c412eb7ab611fdd01b55fd981bb4882f7045c,1764459697,1764459701,1568,34496,,
0x5dc4513e11ea3842683716cb6d0f17586d5c48798609bcc72b2f22dcf66e5fb7,1764459697,1764459701,1568,34508,,
0xcc7c66396e0b922097110fe8f278bb37bdee684cb057b14d0d87bcae8e01a2b5,1764459697,1764459701,1568,34496,,
0x925a333cccdc3e15a79b1966ed1fbad1cc72f8c2e062ba290bcd19a0190b1e63,1764459697,1764459701,1568,34508,,
0xccb61b730b5d0a4b24fd13cc00fdec7172616d89d275c7912b599c1d626bda07,1764459697,1764459701,1568,34508,,
0x815c2f655714f0c82fbc69b74f1eca49fcdfe8858621372a22d288e2720d2db1,1764459697,1764459701,1568,34508,,
0x5e94a9e93d44c000a5ee5b8feec16f9ce1a4bd1322fee421b61da45c77a41ff8,1764459697,1764459701,1568,34508,,
0x19eb63f406cfc2915be623203db0d1ded16f2550911bc6e3b496ed9cde75c03a,1764459697,1764459701,1568,34508,,
0x8660f286d3f562730abfb5ce4f53008c241174b8038fbfd54bc567d1d966f65a,1764459697,1764459701,1568,34508,,
0x3397c6b76b31600cbb6755d8f3f119cb663008a56e358e306d5fc865aa448327,1764459697,1764459701,1568,34508,,
0x33510026a3499864142528522c19f78e45a5466cc1db56706415c7217e9325ce,1764459697,1764459701,1568,34508,,
0x321c556e2d46da9828e2c5f40c6bba63031f09634d33c7ab9d552c808299e790,1764459697,1764459701,1568,34496,,
0x2660f088e34a621c98e9e5720c394c3444425621ce72229becf826b27185cc9b,1764459697,1764459701,1568,34508,,
0x42a3077b6d1f593c2650dd1aef19ec3798b9a80655bc838b58c23d3cec672759,1764459697,1764459701,1568,34508,,
0x54b3dfd305446bfe601287c6d67ed791f2d6b9278b09cf852bb0adea392c858d,1764459698,1764459701,1568,34508,,
0x76e9c5aba643a490b123e700df5f9b6c91799545c08f2f53eb1615dbd3157eab,1764459698,1764459701,1568,34508,,
0xf9cd6c8fa138ee3738a3794ddbe2354915147da9ea522ad605204d634ecaada7,1764459698,1764459701,1568,34508,,
0x6115e72deec4122db8970d2ce2ea16cb19b369665404b7e3e8ecb3dbf8d3ab68,1764459698,1764459701,1568,34508,,
0x87c8ccdd9895a238779a60356886b4decbe8e1bf5e3a32207e620f41deefd026,1764459698,1764459701,1568,34508,,
0x44ecf52b00af8b6b6622b654604e3dfafac961d664b6f2c6cb726d06d38a1057,1764459698,1764459701,1568,34508,,
0xebca9913dd424e1f5db14c52fe83fe7960aabce495751d845a24e9d0bd25fb40,1764459698,1764459701,1568,34508,,
0xdcaf71b10b1c362923b77bc27547db0e641e1815170f38dab5557dd7aef159a7,1764459699,1764459701,1568,34508,,
0xeb7630c5b88d4225a27065d63c2928fe5f9dcc2e93030ede466904a8d4fbb291,1764459699,1764459703,1569,34508,,
0x59e2102d14500a73b8759765098b43d4360f321628ea6e2d4381fd6c1d8b1418,1764459699,1764459703,1569,34508,,
0x14fc40f073c90a81d1f4aaac2fa3df683fddaf3181366dcb01ec8ecdeeaa8ecd,1764459699,1764459703,1569,34508,,
0xbb92938316859918a1d5a37c744f43b5453f52e4405aca2b1d326499c135af0e,1764459699,1764459703,1569,34496,,
0xe5fcafd299299cedf1f8f7761043f792ea728eb15f8b9dc3eab88ddb6ee8e348,1764459699,1764459703,1569,34508,,
0x7c3bd8dca8737c5c938eb12ccf593b222fada455a62a3751f07bf321a66c9fea,1764459699,1764459703,1569,34508,,
0xe979726233d26fbd8a0d4171d4441b938bbcc4b185544358fb6cf31a3f6c78d3,1764459699,1764459703,1569,34508,,
0x689091034a7d390a9c20bd09b8a451df8af43bbf35eb2c54319a7d2000304358,1764459699,1764459703,1569,34508,,
0x0a80d395d70582f2dae4239f841a41e19baa79700cecab32c624ab6f712400f3,1764459699,1764459703,1569,34508,,
0x4a45d587936d4253584cb09b2d02c5864c742c6b1a081ba4f1c7140b946b2b26,1764459699,1764459703,1569,34508,,
0xace90b02d7f45f09108b8cb6abdac57b067ef30f7104294f0d97b521e43550b8,1764459699,1764459703,1569,34508,,
0xf04b05edb5d6cbd6dd3f6daf427ccf609d8e85c5b3a26121e3056124feea0ec7,1764459699,1764459703,1569,34508,,
0xc566bd4d6753b99be558a09c4f7aa66dc8afd030dbbb2dc5ce1131bfc0f5aa44,1764459699,1764459703,1569,34508,,
0x69ff51e698c8633d4da00b19864506d8339db22b57258719fccf15da71238ba7,1764459699,1764459703,1569,34508,,
0x5b2406de7bcc8403707b792f0dc11dadf5341e7d2b60c2f1678930db3e1d7427,1764459699,1764459703,1569,34508,,
0x5cc0d4c4f449fa464ef9117a54e5f9c1b252dc2e0572dbacc0f776b904f786eb,1764459699,1764459703,1569,34508,,
0x246503feeddd1c5f6ca18d792a7c4d52e3e188b16a0e91b4036d383a10614b3f,1764459699,1764459703,1569,34508,,
0x30d5a6ce24af75f0a2951dbaa5a67df3e163815252fea1060a1671b59b2d388c,1764459699,1764459703,1569,34508,,
0x13d79877e56eb4fabb99c7a28919782068cd5aaa40ce5387b55165eec1aef256,1764459699,1764459703,1569,34496,,
0x05dea67bd45a8bd8662fd7bbce4e459fda56c946672a3ee146474789f94228be,1764459699,1764459703,1569,34508,,
0xdd921544f5c710033eac22f2d69c52ca0c6dc4c91097c95a2df18ce26906ad70,1764459699,1764459703,1569,34496,,
0xbbcefcaff5291f7109bd2f7e5cb4d1a14133fb38427b52e6533b2cf9fcda4e77,1764459699,1764459703,1569,34508,,
0xd18e3b311fbe992cefb2b65bce8ce89a54181a5ee2957293022efe4f7efaa9c4,1764459699,1764459703,1569,34508,,
0xbe513dc605dac46a856ddf9b896ffe40a74f02ba36adb3f2fb1264905ac4a8b7,1764459699,1764459703,1569,34508,,
0xc42b7a115e69426d47622a8e625b2ab5b1007f16eabf106b1364c79c28fdd523,1764459699,1764459703,1569,34508,,
0xe5e10f4328bfbd0b4bdf2997db109cab9c015d1c276faa86bb90e2e927a2dd1c,1764459699,1764459703,1569,34508,,
0x4522300558651b620facdc6a78517a535705aa400e7b456fe2767f993fabfe5c,1764459699,1764459703,1569,34508,,
0x45c74414aa95ebb1bc077d0111bb4df0fd1c5789e18725907e145360d1d3c00d,1764459699,1764459703,1569,34508,,
0x5507d87f9b57973bef66234690656ac5c03d84c6792e58e49854f01bf361162d,1764459699,1764459703,1569,34508,,
0xa625e9521e6a19f48158ef0dc390d2760df802d506a77c9565119493637099c1,1764459699,1764459703,1569,34508,,
0xbdcfb8a9f8cf1817c6f528142aac2f71ce246aa75a7177d6e35f9de728b792a5,1764459699,1764459703,1569,34508,,
0x811b496a4b0721e5ddcd4462bd356b0538e66957c08c049e33074798788a17e5,1764459699,1764459703,1569,34508,,
0xeade2fd81a78ab2bcf07417e749ba989ae109d23a026fa3675a2d7d3a6903765,1764459700,1764459703,1569,34508,,
0x3360d53a5d8c8871eb7726210214d480c67bd07da56dcb79ecd962963dfe62e4,1764459700,1764459703,1569,34508,,
0x4add2c29bbfc8cb6b8d70f9349c72b87f86d952eb76ef5389732aa46e65a1f2e,1764459700,1764459703,1569,34508,,
0x940165814f7697be88818edea26861b9162ff1acb691251b35734ed0bb7cda6c,1764459700,1764459703,1569,34508,,
0xf38ae003ca6bf4ca01379e2c456c444eb4ddc5a2c865c6a0500cbf4972cb6773,1764459700,1764459703,1569,34508,,
0x44a46213ea36770f6f6edf849763da17f2d9940b14268564fa57afc9c0dde5ea,1764459700,1764459703,1569,34508,,
0x07cf805c1123ccfd88260818a27352f100f599af92806e9410fc33c2853e40bf,1764459701,1764459703,1569,34508,,
0xffb153dfa2f5dd0ced5b19f42a6df60f1efc570187c40ad3eb00a310f0679918,1764459701,1764459705,1570,34508,,
0xc106685c6d653804fd8b929bf49968c84699126e6c6e1c032e0793357d058e10,1764459701,1764459705,1570,34508,,
0x14fd059ec3889a8a86dedbc06e3dfa67d865c623645d790eab8d7d74603cc3db,1764459701,1764459705,1570,34508,,
0x0a3fca027e6b127a696397edb7a2b83ccc79a1a7cc6d08f8674f5515c12c1841,1764459701,1764459705,1570,34508,,
0x09ef67dbcd5ef032a774219dd99c8207231a6986e28aff12a17fac12a5685235,1764459701,1764459705,1570,34508,,
0x93cdc55de0bb786aecd5ae143cf450ce0fc4be05bd4b620ab57c5fba90c15193,1764459701,1764459705,1570,34508,,
0xb1dcd671f27bd9d58d444912314c8a6e8fd07ca123920235612ee5b55214c182,1764459701,1764459705,1570,34508,,
0xe4b5d4f1ff52088e6f6ec749f00a9318e18917db7838805efe011647266b1bad,1764459701,1764459705,1570,34508,,
0x8f351b3d08d7251e24c5061c3ccb4c2c06a94829f0a97a8d0fec3aa96f413686,1764459701,1764459705,1570,34508,,
0xa19194d72a604c1c2eca202edf3eeec25ee18bf197ccb1e89e80318f96bc010a,1764459701,1764459705,1570,34508,,
0x8a9ade4bd89232cecf6da02133f6e05053fa375f2412e351f0dfdffb85bce26f,1764459701,1764459705,1570,34496,,
0x1180e25baf092528510f82478ea6f084225e0b6bd6ce3a31e0fcbf716125411b,1764459701,1764459705,1570,34508,,
0x68f2db020d9ec47fb9a79a0d9380f87c4e6e95558e4d7103347713a610de2764,1764459701,1764459705,1570,34508,,
0xdbf81e93afd3e24833a75e77ca40d130f8f910782ddb56250f52d9fda7b520b7,1764459701,1764459705,1570,34508,,
0x698a26b4e6d505a8a9e57dd2a52366208bf9ed29bf1f3d4b258c9d9c05c2fe58,1764459701,1764459705,1570,34508,,
0x3c23504c2427419cb9415741c5f43e643fd234a2f24b9fbabbc2b517d066b6c9,1764459701,1764459705,1570,34508,,
0xe6ecae5f8f03a00b1cc59d550b307c129afa54d5924698b9458d9408e3618006,1764459701,1764459705,1570,34508,,
0xf9a64cfa54ae0291f4ce37350ca9485d4dfe41f02cb07567595db819e1778034,1764459701,1764459705,1570,34508,,
0x16128a989fb39ce4a5cd5930c50ca766c8f49422a744f899d3f1db73f097866a,1764459701,1764459705,1570,34508,,
0xf28f98b8a85bcdfe53f664151503a3b85d305a660e883ebac4ac0ee12947b9c9,1764459701,1764459705,1570,34508,,
0xd0d6c07db72f6bd6432beb3fb1ff414237121c2cc8414071d656f7c4b2b57961,1764459701,1764459705,1570,34508,,
0x35c866ec259482da4b01c2e1c61f16af786c24a56688807489b6bc77badbaba1,1764459701,1764459705,1570,34508,,
0xddf63ad52da9473c8d2ae6bb6b0664fd3630f6d5be0b023cedf56a6d009f9d55,1764459701,1764459705,1570,34508,,
0x317f5e36be634c6eff5593fcaf9625dc797b852aa96ed0a0d4b901bffc7751ad,1764459701,1764459705,1570,34508,,
0xeefddbd1f1e43b1cbb538f400eaa0e4f1a69251eb05c60f856ae07d4573a7783,1764459701,1764459705,1570,34508,,
0x69e142473aec1c78979c288d604d2e43109ea920340c41a95de93721a8e23f38,1764459701,1764459705,1570,34508,,
0x821d8d51c16e7052260dce031641e28cf9d39448236e60ae23dcc18f4f51a952,1764459701,1764459705,1570,34508,,
0x03b80f123ae99a87a6605d1790c5deb8980c97f1e44779834b21df4b8c3f5bc8,1764459701,1764459705,1570,34508,,
0xcd1b9ad6280a0551aab678bc607d6995b4cdf5efec58388e937005da9905de85,1764459701,1764459705,1570,34508,,
0x540e814ace4fd0319d2aac6d83ae1c25387cc648b64542e7683c057d7a406997,1764459701,1764459705,1570,34496,,
0x2c937fc9c5b3cea1e6d6e84c18b0cd3e6257c9c5a365be3b1fbe381e15786846,1764459701,1764459705,1570,34508,,
0xc1cffa979f52908c34f035eb4d516bd96cff24307cb956af747d95aa9b4e0476,1764459701,1764459705,1570,34508,,
0x7ef465598b048f995e782a7f5c9bbe08e4183d9bc3a64c342c48686727198834,1764459701,1764459705,1570,34508,,
0x0ab02cbf16ac5abd7d72795ff831230603e24de724bdddc1cf4ffc11873bbf64,1764459702,1764459705,1570,34508,,
0xb34c1636b8c68ca5989788bbeb6941b20374194d540a5df08c939d6abf2214dc,1764459702,1764459705,1570,34508,,
0xb54051746cdbc7adbeece51120b23c92aeca48f04f6b5a714fb93b72fc02606f,1764459702,1764459705,1570,34508,,
0xf76fdf93385fa745faf6a1f0fcc6a78ae8b39886ce1690f6539b3682013562c6,1764459702,1764459705,1570,34508,,
0x89aa78c4916963bc362d4d3380508d9b49e963964af5e1967f5bfc3899ef99e7,1764459702,1764459705,1570,34508,,
0x108b60729b26f5fca63bae9fff85b04446f743310cce5737eb79e13266f2c3e3,1764459702,1764459705,1570,34496,,
0x7cab4bef3ad58878dafdb788819b3067d409e584cf02c4cdc4dd17f90da0a756,1764459703,1764459707,1571,34508,,
0x9a416ff1bb8f1db6a644600e984d97af94ca0990f414f4502c858d8747b406e4,1764459703,1764459707,1571,34508,,
0x721bc4907170af2a781fb7ef227efb72923a57fa91c4b56e86f89228ece2a498,1764459703,1764459707,1571,34508,,
0x08ae43d590091bb92ff48de303bbf96619e1014bfb345b6a03c3d2a28d6a30b5,1764459703,1764459707,1571,34508,,
0xe528222cec64028d017acb11e003943a560b662c28eb37312c67bd9859a62c49,1764459703,1764459707,1571,34508,,
0x06bd70ea260f3a2235b4f69daded5fd0bb297c8711b153c44635c180a288c1c2,1764459703,1764459707,1571,34508,,
0x9160d690a99c8a378a5bed3a066b959e39e90305d9414090b65119458ebb8a58,1764459703,1764459707,1571,34508,,
0xd9b222174c70d3282fd84326dbf9b727e8aeb45919f72c918deb987198d13ce5,1764459703,1764459707,1571,34508,,
0x1fcca4cac87f9bf67b0eb07873d7635e9fed662e73742c1ab6a29899e693fb0e,1764459703,1764459707,1571,34508,,
0x78184be904cf1abde6b1a1cf346aaa82a0c9a8066cea1815e249aa0b62da95bd,1764459703,1764459707,1571,34508,,
0x482c3654885ee9ce2a96afc2fcb2bb167960ae9b2eb6d7fc229cc6cafbcc55aa,1764459703,1764459707,1571,34508,,
0xa98f21c26af9d871ce14427f4c057a71f911f7f652a00c5756ab5e4e5fbfb5ee,1764459703,1764459707,1571,34508,,
0x995f0226dd3798211c04daea54526357ccccc7be72bb0101443f4307138ce9ee,1764459703,1764459707,1571,34508,,
0xf56a9c702f72ad8aacfa55bb7c2eaf65a08d6d08f7cc5a58de7d98fca5d56b4a,1764459703,1764459707,1571,34508,,
0x5bf4c425c8ee0d5cdb00866f9aa99d04d6f3e4e672c8a4168fc134c534db1df7,1764459703,1764459707,1571,34508,,
0x3d956c02ed271a2a1fe7f59ed582167b73a89b102667440951e12cc24fa909c4,1764459703,1764459707,1571,34508,,
0xb0c7b79fefcb777d99440eac8e0fd87db1eac7c43a9cf0f2211829f2757c2609,1764459703,1764459707,1571,34508,,
0xdd99b344e56131c504ed621ab21e0d5439910b441ab87a74f681abbd4441783a,1764459703,1764459707,1571,34508,,
0x4923ef777f4ba92d1f8e1a1f273f37cfc75b811a1579213aea45f01eee4c46ff,1764459703,1764459707,1571,34508,,
0xd5c37c8e286e58519bdb0f0ad01e5c27b5ca82184e9a00fc6a3b7fb6e351f6d0,1764459703,1764459707,1571,34508,,
0x370900a343a556e93f11fe470d2ec5ed548607a9f196c8640429e91d0298c1ac,1764459703,1764459707,1571,34508,,
0xd2c7845be4f7b7b08c11ea2e2ed9633942f950b626b9a7277c59d359535dde85,1764459703,1764459707,1571,34508,,
0x04671e5e802ef15535d50b811f92bbb5aed6977ada188350fed7fd007c54515f,1764459703,1764459707,1571,34508,,
0xdc3df4c3f7f180673b169d11a2ae0b385a3fafb249b50d300edfb50f030d7cdd,1764459703,1764459707,1571,34508,,
0xd36831e3b359f7d50f15f8bfcf4b6029e10b685195a5d0a710ad9a3e6965ed48,1764459703,1764459707,1571,34496,,
0x5eb14e07f75d160b0d3148cd9b6354119d77a9dd6c53845492eb69d44bac8f7d,1764459703,1764459707,1571,34508,,
0x94ddf9e9901cb2cce0ae40bc4ea341b5653e500a544746acd31add9e65843388,1764459703,1764459707,1571,34508,,
0x648e79408c81c34d2402f658a6409c5266918ee8da2abf98e7efd80778d8abae,1764459703,1764459707,1571,34508,,
0x5350044777de12d32a782a9641721d42c9839a62bd914e02161c86f63d583b19,1764459703,1764459707,1571,34508,,
0xf5f5a90d1cc9f0e64174bf6496d9ec2c9d16da6d717930d36c56e81429dd8845,1764459703,1764459707,1571,34496,,
0xb155656b0e3ffd88b6a05ffc3de7221c8eab56885b8ec092ee4f7e99fff6b2ea,1764459703,1764459707,1571,34508,,
0x311cb730d090c3692b6362af4c501d2fd17e45da090bd7b925bc1ff53f602189,1764459703,1764459707,1571,34508,,
0x76726a7b8ef2324f388f9bde545e6eb1d493e32772bfcf2fcd1131fceea29a8f,1764459703,1764459707,1571,34508,,
0x5f0a2689fb68ee81b0e4906dde5efe8b1b230cdedcedc4c4336d6e961e437912,1764459703,1764459707,1571,34508,,
0x91e327b39cd3dc183c551f7191aaf37dc13d24a704fb1ac5a4454221a575f137,1764459704,1764459707,1571,34508,,
0xe7c7628ea3ed158439c82bb4c18e9ecc8b67b2acd832c9d8f85b44281395ba47,1764459704,1764459707,1571,34496,,
0x21c4e4080f6db782db57621466fa52597117b685572ceb3c8bb4360178bd1ee2,1764459704,1764459707,1571,34508,,
0xc187ddfdbf8d47d6a70bd0aa407f2854eefc66e1fe419c23267b17652c02a296,1764459704,1764459707,1571,34496,,
0x6a6700d1c2097df13323a82577d5eddd1c7eab1cba119ad43090cb08c096006a,1764459704,1764459707,1571,34508,,
0xa74ad109b829ecb8d685dc034bb8f79ab6faed1095e863dbbf3fb3597f268ae9,1764459705,1764459709,1572,34508,,
0x9ac2edd4937c8612847510cb48a5103b46a421fc08af591a65bd7685e997eae0,1764459705,1764459709,1572,34508,,
0xfcd941831d232f6f7729baff882c3bd8308350b030c0270824b2f39357c56156,1764459705,1764459709,1572,34508,,
0x72f55b63a7a86662af5d518f3e2ebed73cbdc5c09fb77d0d9a449fefc6fea04e,1764459705,1764459709,1572,34508,,
0xbcd24f53b57190c47ae6f676b5561a89fa601a7c2575c62ed65a18a1c2aeefd2,1764459705,1764459709,1572,34508,,
0xb69c9f84eb2c619516dead418d6e6124b5fdd4fde23f8206ef9e689417d26bb2,1764459705,1764459709,1572,34508,,
0x8d8cb3d067eead48b738ae122cefbc2397e836760e43e31d65aaa581dd4fef5e,1764459705,1764459709,1572,34508,,
0x42cba5c4fe4a6121b104854d7147dfdc7cd7864b8534c4a96a0c9b539fec5bfd,1764459705,1764459709,1572,34508,,
0x9354a8b3db98a5d40413b22f9005d30a6fe39822dcba811034630dd0ff7b86b1,1764459705,1764459709,1572,34508,,
0xe5eb241afcbcf14754a9802983d1ef3809ef01c24b8638f7f64516588ed77a0d,1764459705,1764459709,1572,34508,,
0xedc47a50ff7094235af9c0636fa2f367ebfc721a0861fdb5352782a5c0283050,1764459705,1764459709,1572,34508,,
0xf42e65d37fa38229778adb52c30cf307e2d369df96c3631136070413fd086c93,1764459705,1764459709,1572,34508,,
0xedc8ea26373aab77dc608889a381eadb963fdceae7447422a0672313f1e55b8d,1764459705,1764459709,1572,34508,,
0xb05c097450bfe73b73d8ffe95c73477e27fe2c156eaa31bbca878d8a66726919,1764459705,1764459709,1572,34508,,
0xa3b09c30e658d6cbec4d105e71acebcca65edc87614261f2673f67eda59349c8,1764459705,1764459709,1572,34508,,
0x941453bd6caf40aa1f77707238ea65bae485171c31c8f834b4070616908e996d,1764459705,1764459709,1572,34496,,
0xc132a0a77f80957a85993100c59be95f611e813247f5582cc51cb30f39fb1332,1764459705,1764459709,1572,34496,,
0x241c139f0011e0f3b8501bf54284ad1d327f92d20f09bf7648386113ed966c45,1764459705,1764459709,1572,34508,,
0x0dc5c812d7f4a92f2739bf82d2b6ce142e05fa4e4f8c72eb5f054a1739e44800,1764459705,1764459709,1572,34508,,
0xa4d8b13a35fa42de289066afbff668aad548b0d0c7edaa86827ba043564aff6d,1764459705,1764459709,1572,34508,,
0xe35add0f2119d347cc39702e217d2798bd63f07562bf6a437a83114f241824d6,1764459705,1764459709,1572,34508,,
0x68bd27fb167bd30492ece9fc236f6bea5d368cc3eac8ee38d1bac4efe4255792,1764459705,1764459709,1572,34508,,
0x633725136ab0b8ab55ed4a74c5176eb8842557a4138a7d9590561c7d1e80d613,1764459705,1764459709,1572,34508,,
0xe3c39fc5231da0879e543f9ccf2b677a960dcf46887952e46f17ac12ba44fce4,1764459705,1764459709,1572,34508,,
0x808366e399379b7b1e5df1b28464e658605fcda96ed78e43e61aa55c7690f1ec,1764459705,1764459709,1572,34508,,
0xeac2c9bef3da14bf88896b57cc7d47cec7f3d0c71cf80be1ca61381aad6a0070,1764459705,1764459709,1572,34508,,
0xd3d1d2cd8b35d72faa17fe3d2ce27fdb0aeb1ca5fb6a97afc8f1667346a40f08,1764459705,1764459709,1572,34508,,
0x831420f7caee687eb50351743d4e497a68ea73660f270d0364507c7ed72c3214,1764459705,1764459709,1572,34508,,
0xb747966a0495603f0daed59a6c0174c6ed3096e9c89f0ad8d20489ed780e6480,1764459705,1764459709,1572,34508,,
0x6c08291f11d33e0a450fa9ea10edf513b29b9827faa322a55b04dd38a364d3e5,1764459705,1764459709,1572,34508,,
0xc1a8d048e0f7830a82402c0cd51b1f9b4d898c3a73aaa0958ab75ada6b2e856a,1764459705,1764459709,1572,34496,,
0xa6e9d9257e72d54db9889ff336a56e744bc114a5372bac920cd6f7d29bbe0f35,1764459705,1764459709,1572,34508,,
0x460e00ce52a9a063e9f1aecaa1d5bea0230fc5bb9467e2e795410af2a57f2ca9,1764459705,1764459709,1572,34508,,
0xa0243b9b860978f4f6524c3675d49f6024c5c71d223aebcca37dbf3fa9031077,1764459705,1764459709,1572,34508,,
0xb065dab0cbca45d35f1f3005874c238d7b88b8bba1626c1ab6b6c0b37e21f5f0,1764459705,1764459709,1572,34508,,
0x87d5bb9eab60f69b4cee6c51df4c1a56d038021e65ea89b177a257855c13d252,1764459706,1764459709,1572,34508,,
0xa718ecee79537187592b9a6edff123a29a4b597a3146d10de2806cac30291b4b,1764459706,1764459709,1572,34508,,
0x20be97439948e2a0b05dda127bf9d6a820a7409601d1a26f1d3b78ccd580df66,1764459706,1764459709,1572,34508,,
0xc855c5a96a4d8bfd83500830799210c3b360cd53c03ca713d606b9a4d9ee5b29,1764459706,1764459709,1572,34508,,
0x7506dba9cd50d739277642cfff16aafa86b39dce42c2da6739215ef2e9ad077e,1764459707,1764459709,1572,34508,,
0x2a86352e7a7581a4ef9b384f41b4e1cf47106938e1b21ad054988daea0600269,1764459707,1764459711,1573,34496,,
0xb90be17bd7a1116e9c143877bd06cb61b7be6c692f836119d9226695a2081528,1764459707,1764459711,1573,34508,,
0x1d3d99805523f02be112a70363904108327f201a40b68da0201a7b95bcb6a43f,1764459707,1764459711,1573,34508,,
0x159c70a81e93b30f614dfa7d65b012d23c6036d15e56ad0702943108304439bc,1764459707,1764459711,1573,34508,,
0x77acb0bc5bd75ede2010c80128348244b53039ac14168fb5348e67589cc358c2,1764459707,1764459711,1573,34508,,
0x6e0ccf2f7f695135fd2c223a23cc9f9005dad37f590837875c9004cb69fd7649,1764459707,1764459711,1573,34508,,
0x8fc639541d0e123d4b77e7fb75b4204e90e20a7274ac173f7c2aa9815ba073ea,1764459707,1764459711,1573,34508,,
0xda44338f1d4896a586b85588adc5cf091f3fcc495ff6745f1d0c8b1091bb64a6,1764459707,1764459711,1573,34508,,
0xb6d272a64f8280830da56d611b022b9be156ef4845bc39e3e63565fdd8d7f4f8,1764459707,1764459711,1573,34508,,
0xd9ac9f65b35977b6174517595980af45c69b67a2f92e9eb09e07c74b226ebd88,1764459707,1764459711,1573,34508,,
0x6a9cd079762abb83ab2d47939113c1c43b68f3cde43b327f0c242eb5e741f8e3,1764459707,1764459711,1573,34508,,
0x1b5989c10c45027ae5cb1c9844aea772b72f6387293264ebf6a95ea21e82cf81,1764459707,1764459711,1573,34508,,
0x58d133aa6de4950a2ff955a3e5618e39fc95600cb48a69c047948f3574686f77,1764459707,1764459711,1573,34508,,
0xe2a39bc51ce1634b1671f0121a340e04849c4655ec10f83b7a27196946144fb8,1764459707,1764459711,1573,34496,,
0xd06b4f6439ae57cda13b238a2e30f4811e9b2f9960624b97a5211c4de96735a2,1764459707,1764459711,1573,34508,,
0x36ea965a6e54b8f7c18948b896c900d73fa552f67701e7ceb43310996551b416,1764459707,1764459711,1573,34508,,
0x2328aa7d885f1f29bb1285544ecbde4447da5abe79bdc7f6994ad873378c3f2e,1764459707,1764459711,1573,34508,,
0xef7643220dbb4b63e22553c18f7f60df5e87fe2459888ca0e5b7defb59c8f08d,1764459707,1764459711,1573,34508,,
0x08c6431e532f72d748c2f150ecb4586121fcc68512a68b47f7de2a12f4fc9296,1764459707,1764459711,1573,34508,,
0x8576e79fe2ee1147013f72c3e797bb41ef2a14d98499ba563544dccae23963f9,1764459707,1764459711,1573,34508,,
0x8937fbea1d2de5463bf972e22ff5b9067d12eb8039fd05c0a16fa0caae321651,1764459707,1764459711,1573,34508,,
0xa6d81c57d3faf9b844bd71b724058986dc2c7bb49c58f9da6f610ce4d5cf6183,1764459707,1764459711,1573,34508,,
0x71defeda1f39a686754841b0dc2e8288a8b8c33bc95ce7a5e6ce623e1971c437,1764459707,1764459711,1573,34496,,
0xc04bc5d086b32988dec319ba453ecaf7e9c42ec9c257e4dfdb57f03264abd64b,1764459707,1764459711,1573,34508,,
0xb74ca217b4923921cc1c0eff97d79c0c1e47d9e5849b2aa70113ffe6a02a512f,1764459707,1764459711,1573,34508,,
0x5dfe7453ff4a959b4043875cad04db71b8e87303a20eedd45c7d379a29df7f16,1764459707,1764459711,1573,34508,,
0x6dd6f8377f2303f7effafb984eb227f55969e8c4277d4da43cc43a555937cfe3,1764459707,1764459711,1573,34508,,
0x4175932d2c59a1a6cac194266e5f222fcdf76d0c2b3f98fb98774927b3f18f9e,1764459707,1764459711,1573,34508,,
0x3be868befe47c177aa8ce478ad91a67ff59db5825419a13e8011bc61ef54a730,1764459707,1764459711,1573,34508,,
0x619cc7b12b9ba9774bd4d4cd2d8154183e146562bde3398d5ea1035d9ab6a9e1,1764459707,1764459711,1573,34508,,
0x9110efe333ac2352197b0ed3813ecd2e92514b4e0d60fcff9d4d9235229439cb,1764459707,1764459711,1573,34508,,
0xa9b508b4506adb5eccc84fabcb8f09617c6981fbeee447c7fb0432dfc0fb9fd2,1764459707,1764459711,1573,34508,,
0x85c1f8e6b8c9a31726705c2e487496d28436b01f26935dcc218a151a83a3f9fe,1764459707,1764459711,1573,34508,,
0x434da2324a3e70ebce74bb2fb4aa89cbce032c381896415d2bb0091e37a0831d,1764459707,1764459711,1573,34508,,
0x7ad39d30a88f6d3492fb00e7b84861c7955dcfdd4667fae959904a509743d06f,1764459707,1764459711,1573,34508,,
0xafd4c3944dc216d1ac4da83443db0fd26da6a46f7733a346a1f6a2dfb57a4eca,1764459708,1764459711,1573,34508,,
0x43ad9225a5105ea2309361f1ea1ae07033be6165dbbf030f224f2a162d2bb3ed,1764459708,1764459711,1573,34508,,
0xceb26d3f8ba75ee5fef9beef28fe34a08fa95d68093a853272f8dbc368481f60,1764459708,1764459711,1573,34496,,
0x43af43162037dd095a38c45e9c6a7214fb298ef0c87ee87dfce891d1ef12e419,1764459708,1764459711,1573,34508,,
0x0e936c8b7031095f9d1e260b69ecdf48313aca47a756cfdefa3271a9a750924d,1764459709,1764459713,1574,34508,,
0x4438ba7251199381321aae510de14761271d6bdc4c4e1b4a20321b6441902a94,1764459709,1764459713,1574,34508,,
0xf3f7f3b1bca7d62f5545c546c706f9c2153937d4708b32a7ad3296f7477db916,1764459709,1764459713,1574,34508,,
0x7626a84ee92b9c94ffab9fcce4c7346fdee0e62126b53f88d8b8e7063b131a57,1764459709,1764459713,1574,34508,,
0x42ea7b3fe0eff0295d64f1cdfc2b14881f9d8972d44f50b01a3612ea8693972a,1764459709,1764459713,1574,34508,,
0xdbe8f34fa5fbf0a3e3ae785a57b0e04f9839467c1f12d060ce72b361f0c81486,1764459709,1764459713,1574,34508,,
0xcb5eccb0e2095b7f2f196b691a4180401c29804d6df85611cb0c0af75474ca05,1764459709,1764459713,1574,34508,,
0x792ac38d8b5c6bcb151ef4bc133ba37e808af07900e9d81088050d7b3940e7ad,1764459709,1764459713,1574,34508,,
0x7f58176e0c7c728a8f55f43b088c5eba1ec45d53be76bc169795af889fbaa707,1764459709,1764459713,1574,34508,,
0x10115c05eba7f92fd254658a436e0e9457cabd37ba5eb73ff280bcc89e9840d5,1764459709,1764459713,1574,34508,,
0x02a05cc5bc430f3c5b8daa61ff44767fd7da77fd926089d5647182277a09a51a,1764459709,1764459713,1574,34508,,
0x8510cad4ec3cb260310200dd10f6bf18389c824b45f6364d3db0fca3ca10844c,1764459709,1764459713,1574,34508,,
0xe0558c67ccbebc67012c9692ef5cc55b1cca7f4be1c26f2b01ef6a267b28cf09,1764459709,1764459713,1574,34508,,
0x3716963f6ba4a0b2bd13cab9a688bfb2dd672bfa88f771b48fb66ba89e3b8aa1,1764459709,1764459713,1574,34508,,
0xf049ffad26888c16a95c895332a3d1d100f8510acb9326e512f75d2a5f7f6d72,1764459709,1764459713,1574,34508,,
0x1839399beb8b9e52f23ae69301e4ad241dcbbb59f8f003960d9c4a200edbab47,1764459709,1764459713,1574,34508,,
0xc9c4674490935ee29f636511c8f5a72204162731132a7a5bdba3bbc2c2cd4e93,1764459709,1764459713,1574,34508,,
0xe85f490d82dbd47f73b4cf2ac00265d590df59c0e1f2fadbc25648c06a9d3abc,1764459709,1764459713,1574,34508,,
0x90397b118d326a607b13626ef630598a43f2277d2e3e949822651cc7a8f879da,1764459709,1764459713,1574,34508,,
0xc1de895152ffdb1cdb30c64fe1fd1582ec6821c7cfc4147b3df989580453d1fa,1764459709,1764459713,1574,34508,,
0xa7c66ca81d01bcc296e6be07e487778ec044fe0559e5f6c49cbee9ed0bfcc2ba,1764459709,1764459713,1574,34508,,
0xc63245b1bb9ccf1ca50bdfbcbc4d7baf1574fb69d07d7002f5a77c8fa7c1919d,1764459709,1764459713,1574,34508,,
0xabdb1e996dde51fea71d90e358667e8c72f535ecd2b9b6b98b22cd76842f6a18,1764459709,1764459713,1574,34508,,
0x7580c3e805df3dd37adbffec26a81e5dcfcc1922bdd39830a127524a6472f1d3,1764459709,1764459713,1574,34508,,
0xbc75c817dfaf7354c7b55c75661820e439c732b3c70bec813c01f94d841d873d,1764459709,1764459713,1574,34508,,
0xc46eb82dd15ad2c18fbc59797180373d3869d4698a5b44b9087929639ce105fa,1764459709,1764459713,1574,34508,,
0xe6c10ac209bcf07e9bb3e07e875aeaadf8c8f7ccd7160171b4671ee2a491a73b,1764459709,1764459713,1574,34508,,
0x433a6e1d464a91c63e852a02270e6b3a23eb6ba6cfaa16d6a6a7b8f7778ec724,1764459709,1764459713,1574,34508,,
0x4a428d95cba279da06e4976ad0ef623b932745b83aedee2300369bcd8de3f7e1,1764459709,1764459713,1574,34508,,
0xbe26c9d5875de9d93f44b26289970426beaa682bcf5f41a6440162f08342f002,1764459709,1764459713,1574,34508,,
0xa490587dfc4181c3b39a623efa4e989b99841647442d8cd39f7741ea2054fc4a,1764459709,1764459713,1574,34508,,
0x7832c0a11cca3451ec5cc1ac6f65c9244b2975dc1f21cf1ff9b326880e60f428,1764459709,1764459713,1574,34508,,
0x920baae0e60a047e438661754b782133ea1ce89fc84b847a600a7e8529b5839e,1764459709,1764459713,1574,34508,,
0x86eca857c25e56f8ad08ab6f427694cb6113f6da34f93032df84df813158ced6,1764459709,1764459713,1574,34508,,
0x0888c094bc99bcdfc8cb56e756eeec12a3dfeeda26a4d7dbebab96d441b77628,1764459709,1764459713,1574,34508,,
0x105a826503d312bbbf5ae022ab0aeac1986aa0446228208145c9c8000036766a,1764459709,1764459713,1574,34496,,
0x7610e0ff5558f817b3892b1f9d9016fa87778362ef8c94cabeb2e8dba619ee1f,1764459710,1764459713,1574,34496,,
0x83bb1ebfe6fa27513f8fe1a0cf88c71377a37acc0366d6f5598f1872d2f665ef,1764459710,1764459713,1574,34496,,
0x140b712bee4b35db1440d272bc95df3d31bc76bece68999b84947fdcb9ef192d,1764459710,1764459713,1574,34508,,
0x46df019a04b9315d4b16d0452d10c6f819d1e461ed9da0a111bfe2494cf79485,1764459711,1764459713,1574,34496,,
0x0ccf58769b9863bca4b72c42524017e6abf527082839472ab2b018ac365ac9bb,1764459711,1764459715,1575,34508,,
0xbb3e287e695b5d30c56bf991d33b6c15e8db7046e64eb4020ca894fea11d5b5e,1764459711,1764459715,1575,34508,,
0x4bfcb4505b8b3220a2e5a0cc1380bc681a3a0b8afb8ece121358a290d6869c84,1764459711,1764459715,1575,34508,,
0xb9e99cad99dcb5f93d58d671e2f7efa4cc0db3fd14a519e5145a6a5d83c69c13,1764459711,1764459715,1575,34508,,
0x483979119e25f3dbd38db466363fa59367126804a27e61efb873bfdd3c896a77,1764459711,1764459715,1575,34508,,
0x48f0b27bdd5604f32c03faedab6b03c4364621f9252bcbd541252e35010f4726,1764459711,1764459715,1575,34508,,
0x8dd1eedce880a76d512a1145bbbf02033b0ba1d054312c0a73a52c2a29f10402,1764459711,1764459715,1575,34508,,
0x93a3a7079f398dc420d96a1a699ae0943d8225f6c150d7b61b7da1886b1646e2,1764459711,1764459715,1575,34508,,
0x88845de5c30132229b502d12cd192a39fc0b65ce559519c939bc740917b36604,1764459711,1764459715,1575,34508,,
0x1d9d955260d09f46dfca0bd0757ed3a86cb2985840c04302d09207e3afec3bc9,1764459711,1764459715,1575,34508,,
0x73d3a083f3db77a9b5eb701b19da8004cff6524e96335d6a13eef4bc9bc430e7,1764459711,1764459715,1575,34508,,
0xe0ba14c8fcb998e3d03f27e7f7c5503823ea289bb63b184c106924894bb61832,1764459711,1764459715,1575,34508,,
0xa402930186c16c4c6b437a9b14040dc29785318b1ed52dd422d218c4903644f3,1764459711,1764459715,1575,34508,,
0xde2ab12459595406080217e80677f40575aaf10d99badfb526b069699d1f9d0b,1764459711,1764459715,1575,34508,,
0x7b6d652d25fa4963e7b21ff4cb078c52a624e00032ac64adfcaf589bd0b833cc,1764459711,1764459715,1575,34508,,
0x4d4680a3932c1279d8fe19d821b665970f02fc5d9e77c7122a50d4f0a8eda6bc,1764459711,1764459715,1575,34508,,
0xe4545049555704a416259339a621156c75980fda3ec8c51103a75738935877ce,1764459711,1764459715,1575,34508,,
0x427ac588a0dba9736a5761e661d0de6847399a5c8dbf658845a39a5f3b87f75f,1764459711,1764459715,1575,34508,,
0xe49a6a23e54c5ef0ee3fe8406d299256d7b77ffee577f2552de8757c64f06581,1764459711,1764459715,1575,34508,,
0xbf7df849a9003f807038cdcb945a7a7f723bfd81da007449b5c3cf54f307bace,1764459711,1764459715,1575,34508,,
0xdfb5ac07daf53e9b5b43c0d01d131ece1ab85af3911dc02c9e26712aae92cc61,1764459711,1764459715,1575,34508,,
0x2d6be2932532819a2b6918e1ddfd9f9aeefd19ee0005aa6a781f7688d86e0a6b,1764459711,1764459715,1575,34508,,
0x2fb8434548d2d208a29d0c5393263a8b4061d556661ab55de42628047592b234,1764459711,1764459715,1575,34508,,
0xf2dedc1bb1a515b870a7c701f74a899b2a7170214a51fd4bb7b1b4b70e904b5a,1764459711,1764459715,1575,34508,,
0xc1c94f61e85e35dd1760154f10fa7ffa2da7bd68cd939b3433c6dc53abb1f306,1764459711,1764459715,1575,34508,,
0x68a958ebae878387eb843b235c9ae10abed9926d2eaa241ea550b8632a7a9686,1764459711,1764459715,1575,34508,,
0xd98f58ba9f5e3a343a7d2eb0be2f7ec0e86b7dd280237233aa2f118b9e466660,1764459711,1764459715,1575,34508,,
0xd2a34c835710b4dbb71018377610bcf6de68f2cdd31e9e946983bd71b6237d3f,1764459711,1764459715,1575,34508,,
0x88064dab4419a144f4cf12236f0cfb6f09be68b590c13bb623974cc503b8ffd1,1764459711,1764459715,1575,34508,,
0x346ecdc2bc82f9cab583a2b43ffe647d0cde44afee68c56be9086e4c017cd89f,1764459711,1764459715,1575,34508,,
0x38cf556b43a78d5f8fddd0c1eba7a1bfab72ae7a0d27fb665dab9931ef18b769,1764459711,1764459715,1575,34508,,
0xc522545549599ec750b4f7b51bee41302517a4dec47734c82b33a5266fdccd0f,1764459711,1764459715,1575,34496,,
0x874d332267a425a30659a23e4dc355fb6425f81c4c330b13df5444c547122518,1764459711,1764459715,1575,34508,,
0x357952a86c2d46b0f01b92ad2b6205499303f1089e0eaabf44a5608737da2529,1764459711,1764459715,1575,34508,,
0xb9c055d7e7bd99dfe7a064d4f91bde649b0dc54fbf1fc4a7575e767b1549f2e5,1764459711,1764459715,1575,34508,,
0x7d1d80885049ee16ad4c7dbd1351e21bc6430f924119121daa54d376aaab7583,1764459711,1764459715,1575,34508,,
0xbdcbac2f89bfd14fdcf3a0aa73d13d5f98dacca70b83035d57127c09a705a93e,1764459712,1764459715,1575,34508,,
0x484b32772db12965de3cc3fa7f926709b04133a97ebfed6513d7dd498e6670ab,1764459712,1764459715,1575,34508,,
0x387f710343f52036e8422b60dd7380b7fafe672b6c19f38190e39714bb3b8477,1764459713,1764459715,1575,34508,,
0x32685ab8f26bdb7930022b4e886e95f8bdcbcbd8da84a1135d49437c8663da34,1764459713,1764459717,1576,34508,,
0x55b9c1c7e506780d21aab62ac48ea4f81be447aaf1e926dec05bd2463b30824d,1764459713,1764459717,1576,34508,,
0x247fc55ebf3f7dc41a9a67884c86f468ce5b5fea871459866537383541418b47,1764459713,1764459717,1576,34508,,
0x549fed92bbc2445f1989af0a69940d601f518a0851bfce4d061ff4bd67b38d80,1764459713,1764459717,1576,34508,,
0x3e7a63a1c9fa083e79acc9bfa2f28c58917e476c96bcd67f2828bc1ae49d723d,1764459713,1764459717,1576,34508,,
0x2a91467c50a9f7202128f9256ae3da7a1858e3d766d45a5b95f15275f5a7b96c,1764459713,1764459717,1576,34508,,
0xfa0ac8d58eefda04be4ff3ce0af77bf81690666b10863857fd904fe59649d32b,1764459713,1764459717,1576,34508,,
0x63a1a3a6e4637a0e10755e9f80aadb65cf6fec492a9b6fad78d18e84c289d1c9,1764459713,1764459717,1576,34508,,
0x3bce9cc459f1a330b7373b2ae958c9d3e0f385006ada095e3f9c7e05f6a3d774,1764459713,1764459717,1576,34508,,
0x0e52da02c6e275c2236acf07801c4354965d2a03e9a1530b121db234d3bd9ea4,1764459713,1764459717,1576,34508,,
0xb6cc794adc275c251335904607a05d9a0796fd85889537a65a6bdd84a669af7b,1764459713,1764459717,1576,34508,,
0x0006aeda83aa58f1a71b7bbf79f8fb08dd228eb1aae80f07a1674c27bb3e0ee8,1764459713,1764459717,1576,34508,,
0x7f6f467973d44ab023cf07b43925809f216db075413d22e80c8d0b1b2efbf4b7,1764459713,1764459717,1576,34508,,
0xbf57127b5814827714ef4f944c51eb7b378bb16c57df8a74bb7774b3a6aec52f,1764459713,1764459717,1576,34508,,
0x2cdbcfefc0c1af43ed250ddd63ff6fb384285772e72a49fd19f11970d5162fef,1764459713,1764459717,1576,34508,,
0xd1acd067097f68154c3b6b315c18ad8fb45d492510f6f24f186892110e5aca77,1764459713,1764459717,1576,34508,,
0x495f7a9b0170d205106b492aca1719b428550a93ff90ca89c83985d324e725f9,1764459713,1764459717,1576,34508,,
0x0b3f5c961c5bf8ede38bb72b27043b4d63e1a91ebaf29079add51b9126257809,1764459713,1764459717,1576,34496,,
0x1530b23f2b971aa5b6e056b3f55da5a54c348a3d841a19bb9cf1d6568d23166a,1764459713,1764459717,1576,34508,,
0x68669da926a9f9204d49e5730001e7dda72278c474bc0857c7b3c4d43299e6b5,1764459713,1764459717,1576,34508,,
0xbd266309e35c0159e60226eab89c448da70ad607fa0cbdd6747e39eb1dfd3e97,1764459713,1764459717,1576,34508,,
0x850333cba2acf83f56134a7449f459c58452ad324f01f22d3198158423ea410e,1764459713,1764459717,1576,34508,,
0xc992aea70a147e84a0791f6f6a4359c3d4860fb79f0af4d1c2ec5565dd3d40d0,1764459713,1764459717,1576,34508,,
0xb04877a96783e9eab9f117077d8cd653bd59fdec7f95d590715e67f91c10ef78,1764459713,1764459717,1576,34508,,
0x127805aea98c6b6436d0dbede89f17418d3c169b82b279e8781db9c70ac3ca81,1764459713,1764459717,1576,34508,,
0xa8831914d80b331d20c8ad5a9d72a9700043ebb4f06fc4f5333fa8fa7178bcb8,1764459713,1764459717,1576,34508,,
0x1e52fa4181d7d1845046f824f18e92c20af3687bb8abe5ec2610318de2cf8fab,1764459713,1764459717,1576,34508,,
0x24b8ff0cfe473fc61d58b708731490fe18f2f2d74a15f13babe3727718dbdf42,1764459713,1764459717,1576,34508,,
0xe70ec81b5b3155286ae4b75edae07970434a15701fc18ae770fd42d1a8dda094,1764459713,1764459717,1576,34508,,
0x28f01ad370362567c65a384cb7d76fb0ca31feecffc24c5181aa35a616fd7229,1764459713,1764459717,1576,34508,,
0x87c50146accf3f592edc3483a57f7a06a3aef3adc012d330e40659a6a5a97d00,1764459713,1764459717,1576,34508,,
0x7f87e1d81f61ada1ca1d10aa389b64ea8012aeba5697f3d2502d88d25c59f2bb,1764459713,1764459717,1576,34508,,
0x4fc33c0353d496b3c63d73e5cde5f08f5738f45ba26ffa17af5e8163b3034e47,1764459713,1764459717,1576,34508,,
0x243fd44c2666cbee1aae26a4cf6695a6bcf2d555ced09cc6d4aa3b07db08ec02,1764459713,1764459717,1576,34508,,
0x425e906590f0a89795d4539f4fbc0481a099c8a38e39a7d25befb32e60cde189,1764459713,1764459717,1576,34508,,
0xa5a353e1e87d96b7803fee16b354edb9fa3283dfccb5b73b4ffc8d754a86f601,1764459713,1764459717,1576,34508,,
0x9b5a801bcff0f3b9f5c22ba7fca4f5f40c52765ecc13c690e8d91f459192dacf,1764459713,1764459717,1576,34508,,
0x7d7a7e1a6dcd3c419aa0cf83e1736dfed695784292a766deff960d7b1b312c54,1764459714,1764459717,1576,34508,,
0xd07ff8d69fb6e19976adec5d400c11a67a6db171d3e404aca371f3c91ced1ad2,1764459714,1764459717,1576,34508,,
0x389a43fef465f6f7c5c7e6116a77d9204efa8f45bcd7b07c8111df46e58196d1,1764459715,1764459719,1577,34508,,
0x7e23e0bfed046057bf5199cca11a3d07be8d88ffe5309c731c8138bce6297fdd,1764459715,1764459719,1577,34508,,
0x1018dd551144f8f20d0dc067bb5af8ff82d028dda1902e0ebb4501781984aff7,1764459715,1764459719,1577,34508,,
0xbfb1ac979aa65f062a3b495c1ed4c8716ed6e410422238566befda9e46fe0c80,1764459715,1764459719,1577,34508,,
0xc61e7bab14f23944e26ce67eb07e0f59467c0eb0a076c5612a93518cb37e3cdd,1764459715,1764459719,1577,34508,,
0x34ad8785235a2378d7fb8e942b13964a8c73364093d121ba773556b78dc0e30e,1764459715,1764459719,1577,34508,,
0x4c6e7e3d475669a6767d4aa462348b1d5ab639639709e5ba44b9c52aa94c3a13,1764459715,1764459719,1577,34508,,
0x37b49d2e1c373dcd6366c756ccfdf3753eb5eb1e35c6d22d831b0be8c1bdb999,1764459715,1764459719,1577,34508,,
0x3009e2e07f10f8452802f1e2a6f34303cb6a0b072a606ce66313df5b51b11cae,1764459715,1764459719,1577,34508,,
0x708ecf4174438166ad4c5bd4c90b94b119b534af7935b6ad813f5ae1389d9c43,1764459715,1764459719,1577,34496,,
0x13e033640b397cb79c793d3d55ed6315a0c1bf7a6209c064898938282145a126,1764459715,1764459719,1577,34508,,
0x8a2583dc4d0d75178f4969a01b48bdc406dfed14ce9be9061a55d939f045dcfb,1764459715,1764459719,1577,34496,,
0x391a61fa44fcde05f94e4477360e77f30541c42d594fb9cb3c84aa435e7a6586,1764459715,1764459719,1577,34508,,
0x769eb23eb146b3f1ece5bbad636de84807fb7d2305af422436690b24db55d52d,1764459715,1764459719,1577,34496,,
0x05a5916d24f9032ac129179a51ad0d19532eba7d153627af2c53d91a15a1d36b,1764459715,1764459719,1577,34508,,
0x0651ae61fbdbc9b00c4054884c945aa600d413edb890c9aac33d488694b8d8a9,1764459715,1764459719,1577,34508,,
0x3e24e388ce20d5663050c124e6797a0239f4a34d6235c946bc56d3da8773d7da,1764459715,1764459719,1577,34508,,
0xca21f720b6599679322fb93b036c3ace3644c2c456b395e9c0a336393ce4fe80,1764459715,1764459719,1577,34508,,
0x470ac29613d9d7582e2f2d89c23d69d56498460c79f32e126198217b73cfab88,1764459715,1764459719,1577,34508,,
0x1f0d4957c1d54f8c81cb1e2b96451d5fb836d8ad395af8a7e85e846f773b33c4,1764459715,1764459719,1577,34508,,
0x9a06b7383e76681bf05b51e30042f0e8c41b01d16f62dd511cba5f21455cdfcf,1764459715,1764459719,1577,34508,,
0xb628c0001d610d72fd563b8794d030852978d3c8a0085f99b33438afe54ce000,1764459715,1764459719,1577,34496,,
0xa0e7f8ffc38d2524764e0c80b31aede2645fd36bb82b22872d5c772e029f6941,1764459715,1764459719,1577,34508,,
0x31b25382c3e8f37a8a3762de0ff244b00b47566fada815bc2cdd299f857cfc40,1764459715,1764459719,1577,34508,,
0x94e5c5c0bb53bc8f44cc0eb53405d01f19ad21a25fd329cb13b56e0c1f97e5d4,1764459715,1764459719,1577,34508,,
0x9380bb83c52ef53d1a2011258e41e3b704447e3c60ef0c841987d5ae58ac274b,1764459715,1764459719,1577,34508,,
0x59e220885c6e62d3b11dff0015ba2b7fa808ccb0716e989d931a45b51d50ae8b,1764459715,1764459719,1577,34508,,
0xb7956e6b1c522e2f72e06d650e27d73d6749134e207879344d64290db442f44a,1764459715,1764459719,1577,34508,,
0x868a562b54a86a25293b8fe627eee3fd7ade9d4931dd7c46fcf7d4df89b460a8,1764459715,1764459719,1577,34496,,
0x491323220fcb7a7f4631f921b591825afbe9f34f909c48e3155f2bc3b727e437,1764459715,1764459719,1577,34508,,
0x379f2f86e540d4a3507b33e35923a953e90dc841ac7b0ebd72e1657c666a8e62,1764459715,1764459719,1577,34508,,
0xfef94cc962948660a339bb0d6d081523fb79083f4ef353dd868331f268d259ca,1764459715,1764459719,1577,34508,,
0xae75f450051f3eb05b3b36aaee4d2cd961977180570ce4d8a2e992865a4bbd52,1764459715,1764459719,1577,34508,,
0x824f93e8599af745cc82b26f5e59dce81c4415863dd7fbf979d9d6c4f1ac158d,1764459715,1764459719,1577,34508,,
0x237a167e07c24c5097f386f574714934f3d414df5db8d079af9da36bc82c5532,1764459715,1764459719,1577,34508,,
0x89dd988a2ffbc729511a9c7000dcfeee82e0dfee4acd2d5e0ba88d23d9e9d4b7,1764459715,1764459719,1577,34508,,
0xb664d29aadb63a1d3a253ef7118679bc6f8a780382482e25189d5041ddc6a41f,1764459715,1764459719,1577,34508,,
0x83a6fa66a017ffb16cfe604df3ae912b6561200a1c9958287dcb3551498ab7d3,1764459715,1764459719,1577,34508,,
0xddaa46aead5ce69fc4f421674da6e0814707f7b6c3444522b7b782c76cd44122,1764459716,1764459719,1577,34508,,
0xe60dfb272e154d0c87dca5b5add5568a82fdad5b59246e6836c18d5ebe32315b,1764459717,1764459719,1577,34508,,
0x49e00413b3303a951a0afb7a6de52a413d256126069d1309d20015b5dab79af8,1764459717,1764459721,1578,34508,,
0xbdc2ce6828c3d535ceed5ee9bc160a3ba2ac59390c69c93ce51279b346b81852,1764459717,1764459721,1578,34508,,
0xffdaa0dbbd9e2d0da87cea4922027972764baf1bcae6f49d6142c55f642672a4,1764459717,1764459721,1578,34508,,
0x6b5391aae41ddb794cd9988638941d9d4a5b87a7cbeeb71b7cf2dc2d720d8514,1764459717,1764459721,1578,34508,,
0x6e07132b90db78443cbeb905208a36f6ea7b99ff3ff39301d3863247e633f08c,1764459717,1764459721,1578,34508,,
0x02b7cec80b1bdfff7f0614bd4383a0823b5443b6768e161d6de4b20ab2c7d0f3,1764459717,1764459721,1578,34508,,
0xbbe4282ab1b83e0f222a351e51bbdbeb2443d33a9c610bf5887712829585222f,1764459717,1764459721,1578,34508,,
0x87e81e73fbb738ddeb08891326c972b14ad93cda132af589ee9eac0f51e82ede,1764459717,1764459721,1578,34508,,
0x3ff1006a07a4c2e692d7c1271f5930893d0e46481083ab94ac2272faae710c29,1764459717,1764459721,1578,34508,,
0x7d51ece725f1b15b6118cf89b822aba1d869b6587d7f153093ca1758c7c7831d,1764459717,1764459721,1578,34508,,
0x88da98bdc2ee43d7ddebafae1192710b46b050a51b60c430e5e5115e5982f2e3,1764459717,1764459721,1578,34508,,
0xbaf8c0757f4e3701ac7310db8eb5c5c5e601b80290ae6f96d303375ef5920589,1764459717,1764459721,1578,34508,,
0x12e7bdcb6638da70df7d9bf3e4367c43a71e9894b88e50d240d9de56d9e7ed6a,1764459717,1764459721,1578,34508,,
0xc6f8d767ebdaada107092fde49573d9609deee7080632d4fb9de9164874a38e6,1764459717,1764459721,1578,34508,,
0x8d0923df6f84b762a5ef6a2f28da19e8d5777964e8dddc7bce6158a89fad29c7,1764459717,1764459721,1578,34508,,
0x48d49c303fc8f7f291451330b3813b738c2ea834349c3f2733aee5475b496aff,1764459717,1764459721,1578,34496,,
0xf04dbbbef3f486d63d729a32f032e3613a6900a1b17275cff582eeacf9d21e39,1764459717,1764459721,1578,34508,,
0x2bead3c6642605c145dc159465b0e3c8f3b35cd4f5e00fbe0fafdf5cacc7e2bb,1764459717,1764459721,1578,34508,,
0xbc1d502ec2c902e443a71d3e1b6d2b62ff7a8bc32c4b0e855de107be2f3f7d6d,1764459717,1764459721,1578,34508,,
0xc3855c820a8dd00068834cf014321168b01f343a8cf71cb9ff0d6322cfa92e58,1764459717,1764459721,1578,34508,,
0x7b248a967999223869d84d30ec3a7a0a55422d5966ab67ccd94786a74e96fef7,1764459717,1764459721,1578,34508,,
0x6d02c9600731c1da4499119c6d08334e2b238d5244ed88393445821ab9db3b13,1764459717,1764459721,1578,34508,,
0x36c51c91d05c2b7db28ca3c84de2f7b5ee25a4a9fa8df659befa2877820ad980,1764459717,1764459721,1578,34508,,
0xd5a7cdcf463f0f0e0c6d291a161bb5ff2af46d390a05b79b0e415a8e3c27c795,1764459717,1764459721,1578,34508,,
0x3c3223fc6c36bebad9560e5df79b50453a668310589b8033e96c7485af2a538d,1764459717,1764459721,1578,34508,,
0x253b3cb0cc7b3c75a2ae0097b92bd2066f501d5c7d53c5a7f97370f99b7da155,1764459717,1764459721,1578,34508,,
0xfd9217f1d03a68457e7639ed2d071e1223ae023e36b3730792309e145b4cf57c,1764459717,1764459721,1578,34508,,
0xc8b62d1ce4438a5ba6ce71d0026c2d112804fde42259c1d0f91708ee5b42c04f,1764459717,1764459721,1578,34508,,
0x47ed382c6027e15483d3ee97da0bd660eec6503cca078d3bb4816b2b2adf9aea,1764459717,1764459721,1578,34508,,
0x8931aa55c9697f6d396e81ce03c2df596756e2ee2acd5ebb816868b96f0b39aa,1764459717,1764459721,1578,34496,,
0xd46346254a25e91e8c477c219e389db80b3d005ef7d91a57a5f5778dea1ac6d8,1764459717,1764459721,1578,34508,,
0xa847b1d69869f03e32e540297c4974c751a67591d215d1d32c31c84cf920dceb,1764459717,1764459721,1578,34496,,
0x16089afde77a923925d4a25b856037cb7b56d52ed026450f77901f9e90390b72,1764459717,1764459721,1578,34496,,
0x3af722d7acf6dd00d0ca1dc985add4e626bee9fec10e277261440705e393f1a9,1764459717,1764459721,1578,34508,,
0x7e9f5d3521d0983c3f88d424db0fd99ca0b61cd27768dc641376598f5e041bc5,1764459717,1764459721,1578,34508,,
0xaa215294ad6967ecb55b3ba955080dd4cce369ccb5e36afd0775f814c82ce513,1764459717,1764459721,1578,34508,,
0x5c943fcb896493ebe2d38b85b64efe863b94030e335090735f9dead88779d0c5,1764459717,1764459721,1578,34508,,
0x5c93abbce16d11de22ae2e3f936a1d119e644946d74df6c08794f06631fff209,1764459717,1764459721,1578,34508,,
0xdb763bf891123910cb13741cc5a7e5893228b51a786a00df6b71e5c9338baa24,1764459718,1764459721,1578,34496,,
0x9c47081fbda7b8bdb1ee9eda4934b5f0bab7b1048ed86e70ea4c4e3c3a5ef169,1764459719,1764459723,1579,34508,,
0x01feb3a38145c4df7002b02dddd783acfac9be26411f1fd75a417b446903739c,1764459719,1764459723,1579,34496,,
0xa5c3df85a35b02df90f32522188dfffbba9e61ddf60762f75abb8fbb8586031c,1764459719,1764459723,1579,34508,,
0xe45d9b91b7ef9461fc15e476e021995e5e6bf50cca903cb58ebff7e9e1254fcc,1764459719,1764459723,1579,34508,,
0xa1c6e831c59418696f678a721067c00a1000837351f96b7775c64a638d0dcb43,1764459719,1764459723,1579,34508,,
0xe9ca493a4780abd1ff274d0e5070adaaa7563bc272acad5291082500b800a22c,1764459719,1764459723,1579,34508,,
0x4d2e35e09410438bbc5aed765f9828c5c1339b93a5dd8baa9fcfb5c03ceb9b98,1764459719,1764459723,1579,34508,,
0x3beb5206d605b4510bdc1599a7eb2dfd6304bbd948fcb6ab35fb7215e0651617,1764459719,1764459723,1579,34508,,
0x1d2828c6c5d507fbfeefb43ec91e0b677e4b2c5ceaadee7c0f19f845d28b11ef,1764459719,1764459723,1579,34508,,
0x927cf430c9031bf6cdf85f047a734472f8ade8d374849273a7ad98928b92d477,1764459719,1764459723,1579,34496,,
0xc2e086b477454cc7c7c37dc25b8d0ff36fd704c982f24d8a85ba85677593d175,1764459719,1764459723,1579,34508,,
0xecd720597122339e58c061a0b8db5c00b2538228bc97b5961aa248fd335f77f5,1764459719,1764459723,1579,34508,,
0x526f838148ac1bb4ef28b67dc04ecf6f12cac2e3005f31cbb0e67a1257aee805,1764459719,1764459723,1579,34508,,
0xd8021642056f7d3b763a0df03ef76a7962557dcc3ecfe14fadbcf0ba659745a1,1764459719,1764459723,1579,34508,,
0x0a327a0f78583a3cd03ccb2af5854bcc14ba876d70c279e1f009990a77527739,1764459719,1764459723,1579,34508,,
0x9075741224880f1dc7005a32699cae131e653147712de9e403cd20906e2238b6,1764459719,1764459723,1579,34496,,
0xb053da090a668369b6f3ccb2bac52b237bf76117ec1962a2c9c97ed5741960a6,1764459719,1764459723,1579,34496,,
0x88640978cb982984685d40560cc91c75afcee2654797dc55b82c64dc2f96f679,1764459719,1764459723,1579,34508,,
0x8e89598a398329fe15c0c423b71adf2a5650a916b179fcb5ec0f829e3a13a4a1,1764459719,1764459723,1579,34508,,
0x1e4ef7056bb64885530a60d8841f7fa325978c8d1a04694602b22dc7ba6e1402,1764459719,1764459723,1579,34508,,
0x3ab00834afe17c6e4460dee1d277eeb1a0717e986ad75794ac5f3b0ba76f1457,1764459719,1764459723,1579,34508,,
0xde15409ea86dc238e678508ba4af15b414c91e2fdc4d6ce2fb97da6fba9fedb3,1764459719,1764459723,1579,34508,,
0xe588bbba3c3968d86bf41a94a354849692b320912a4baac9fe27f957c9577212,1764459719,1764459723,1579,34508,,
0x2349e8914b6abaf8c169534cb432674af7caa4ffdacbbc70f6e5f5939cbf2f4b,1764459719,1764459723,1579,34508,,
0x70cb8bde0c486e52f4830b636323da5cfdbbdd3aad40cededcc6bfa3ff82b7c1,1764459719,1764459723,1579,34508,,
0x91c9173604a54ff86ba8c83217e9341ac93451dd714909acf73eec71c81ef8f7,1764459719,1764459723,1579,34508,,
0x853f7217fe0d72f2e8abbeae5a31d41631df4f3f2de7f6cfa24a541391ee537f,1764459719,1764459723,1579,34508,,
0xc605993f84a569ead3b27b6fa23f0f350101e1be5f06b61eaee0bc01a12b4a5b,1764459719,1764459723,1579,34508,,
0xad17cacc67b6fe36a110719a904b7878aa7525f5ab6f7c0330a7455c3dfe4fa6,1764459719,1764459723,1579,34508,,
0xb5c63a92d7aa86dfa897bbf4cb69033fc136dbe81169d80aeea2cf8e33a3071a,1764459719,1764459723,1579,34496,,
0x92bfcd4447c10a79269421876be380d924fd64c01e512f178d62f20c148554f4,1764459719,1764459723,1579,34508,,
0x97398922706a62942107b0a8f9f2bf459519784814436d085f85fec53288e89b,1764459719,1764459723,1579,34508,,
0x2f3bb689fccea1ce9dea201fea9268106a859e8778f2824bd703ed2429932bc6,1764459719,1764459723,1579,34508,,
0xc2e9d2ff883da930a9c23f883d2acdf411310448dc0e73585a223b59eab4eea7,1764459719,1764459723,1579,34508,,
0xa495bb549e995e3cf7e54a53e32fb61eb5b88074ae5feaff7660e229d8050969,1764459719,1764459723,1579,34508,,
0xdf8af7cae1af4f6269074e515c991f31d33a091f9f9b008a6bc77efc38124c22,1764459719,1764459723,1579,34508,,
0x1f6da41d8fedf5f8eec0ca593a19d4cf67e53a0cb4a55e0646367535844a4e58,1764459719,1764459723,1579,34484,,
0xe1f1054f48ac28b7129e9ca2d1267d2b4a49c1a5299c7b724f7751a9375a42b5,1764459719,1764459723,1579,34508,,
0x06db22eaa65756ce93fc819b8abc6303cb0124cabebc40c82e3788f96ecb81f2,1764459719,1764459723,1579,34508,,
0x95d0cd14486e6819117a33283ba62e56f6918722e0da8913b26a858420a33f20,1764459721,1764459723,1579,34496,,
0x6b7b3c8dc3ee719a7c6493a19d79451f83d86f2125e635b7263da4b618c15f38,1764459721,1764459725,1580,34508,,
0x12295d500163dda238a37cbe7b09eb803d601704f8a7a4dfac80d94712ed45a1,1764459721,1764459725,1580,34508,,
0x703f4258a2235d5ecf727e13c1bf5972f7da48ad1beda14c486a7b7e05c58db5,1764459721,1764459725,1580,34508,,
0x01e375ed61effdb723db9e32da86a2950bd328190bb471cdcdc272bd5b07ab25,1764459721,1764459725,1580,34508,,
0x90bf50b05a858a759b82e51bc35285a39b194a1a1563e9768e49ac40f9bae22a,1764459721,1764459725,1580,34508,,
0x1b1068eb934b36dcf864559ea59c971a089e7c27a526cca413573ff6bad22c8d,1764459721,1764459725,1580,34508,,
0xedc861f016ecccf3a1a8965c383094fe5e1cfcf37961bd44a43a79beb0e33860,1764459721,1764459725,1580,34508,,
0x9c752b30c633b1d9227ad9c4d0c098f06fb9dd65691b1680d037be4909bed200,1764459721,1764459725,1580,34508,,
0x4e9e1e99c04d8278f5e2a7ad57a1e5feeb3b75cc19d4da1ea893ac26ebf19bde,1764459721,1764459725,1580,34508,,
0x527f5a3178437b301fac185ecb54c59c5fb199f4e3499b303030cb96c91a80be,1764459721,1764459725,1580,34508,,
0x55b76d1c6100753718fffa9b0044207c5b9e0309587ab2b2e5ab02f0c5109b74,1764459721,1764459725,1580,34508,,
0xeb35c139d9ac97908c58433a239056633fa3b1af79a786ef5e07cdbf1c45041d,1764459721,1764459725,1580,34508,,
0x9665ab209876be6cc0b3fdaefcb97341e705b00bf83175473d8214f7de428747,1764459721,1764459725,1580,34508,,
0x5282de85124012c1a16bc9bcacccdd26a2bad0f849d3d735f617413967ad5ca9,1764459721,1764459725,1580,34508,,
0x336efe67f3dd63d854341447a053d6cce3c0fb4064790c505fb87377bcf7a098,1764459721,1764459725,1580,34508,,
0x763e4c99389028af20852f5f22668efa6e03e0ea6721744916ad2b17797882af,1764459721,1764459725,1580,34508,,
0xd65e3c6efadc203da66d386d6f40bbaaf492dcecb36f4c954a6859ba6cad251c,1764459721,1764459725,1580,34508,,
0x3cab4ca491f5142ca5b5477c82cb1b5c12d0393fa53f51b9a506a5079f1f556f,1764459721,1764459725,1580,34508,,
0x2a2ff01dc0c68c8c4171d2b55237a0c64f5fc5c4b90182f87c8bcbb3d4a97878,1764459721,1764459725,1580,34508,,
0xa0d6145e138d2e89ba4c7946069e31640801f6317e2d2e49ca8478346ab8fef5,1764459721,1764459725,1580,34508,,
0xa5d6bd726ea8200f98e8c63bd87e9d9c26ad4a7681c2cdd78b30e62b1eae870e,1764459721,1764459725,1580,34508,,
0xd2f080d46cd0c830303b364eda37bf9117698c69f343aea52d2f0502cbdf7355,1764459721,1764459725,1580,34508,,
0x35f27e3dfa2523f37ea3063412f0372e61ba6ca8bb60cd21d4435d259fa9da8c,1764459721,1764459725,1580,34508,,
0xbf7a45a7da4c6e99f4a7e9228bc7f797ee15fa2b8d544b70d220c6418a9d4b3c,1764459721,1764459725,1580,34508,,
0xa96f9e16c29b93a10acf9c0f48b7196605c208fd495ff1316137984f784cd14f,1764459721,1764459725,1580,34508,,
0x45fd036353a3165874c3dbaea1f4539af45d5d124a6110608aed658a207c71a6,1764459721,1764459725,1580,34508,,
0x0d9b42802d9a640ccd13571a067714933ecc761b69c7af14717c2d3a8147bdab,1764459721,1764459725,1580,34508,,
0x534386048e29c487f00b2d14327f8c431ef5ca032f3700ccb019d1201a068d79,1764459721,1764459725,1580,34508,,
0x1d68f6f38ffdda095a92d9c89e0f094175cd6205ebc113c6a14e47b6c2a3f472,1764459721,1764459725,1580,34508,,
0xdb9922daa551dcbcd83c499cabac735e886dc6532d96923fd7fc2f2fec392868,1764459721,1764459725,1580,34508,,
0x10ff5da83579f791bda41a6fdf52f1116f242fa53c352c5b13b9160a1e891f4b,1764459721,1764459725,1580,34508,,
0xfbe4ad08525142dc919f6e149d27a6d32f78c611412df9590d805d4b99db5484,1764459721,1764459725,1580,34508,,
0xf36ede09482c2ca553f936fadb216fd1da75062bc3077bea36164a960a20129e,1764459721,1764459725,1580,34508,,
0xa89d6da658dbe1f38945cc57d7b77146cd65459aa56d08bcf523deea5a1edc0f,1764459721,1764459725,1580,34508,,
0x1c6411e4f82e72e221bf346c9d014ebb8a0c860ebcfe920aa3ba3e9c903cfe51,1764459721,1764459725,1580,34508,,
0x6c28734849e5a703fa44cb6efb7b9078a6f771655cbc79472e37646608b2f16f,1764459721,1764459725,1580,34508,,
0x733f1f205079e30f1eb0189338ef6b79a5928dd8950ce122abd719a8628082e5,1764459721,1764459725,1580,34496,,
0x9f776e78fc3c898605082ec10b41eb2a6f7eab777ad0e1dfa088a70c94ed1651,1764459721,1764459725,1580,34508,,
0xffceb701382a10459b9aa815dedf32fa328e87bb368b9ee2bd1f52cf538b75a6,1764459721,1764459725,1580,34508,,
0x0e953aeabf3903d4b0593ad77e778a9632b51fbcdfb342e1c539d283da5e66a9,1764459723,1764459727,1581,34508,,
0xeb5e3fc86066fee6eba83878878279151457801951451b985fbdf5a374325ed2,1764459723,1764459727,1581,34508,,
0x0d6992c4083e7e994182ec56ea6bf17999e8d888f76d602e2fa27c67d3d4b232,1764459723,1764459727,1581,34508,,
0x6c11e7bc5162912799ade6ced4d78b39f4a6c432429f22964feeb5452e5b64f2,1764459723,1764459727,1581,34508,,
0x53d26f73aee33d435097d8b8e74f2b74696c34f2b3b3d6a996be07621d61a9ac,1764459723,1764459727,1581,34508,,
0xd64e2999c76ada9631b2a21201638151b65b71d698c87c4b86278c826f16f281,1764459723,1764459727,1581,34508,,
0x99c03fade0e6c847255f3e856b52af2720d220856371fad5b9fece7765221c1f,1764459723,1764459727,1581,34508,,
0xfdb6f879bab6434da003e8836487a8c0cc76e725bdc67af3e0bab74d3d68868f,1764459723,1764459727,1581,34508,,
0x469a33a11dcc4a7b8c7defbf69c646e77847cbcee8ebd5796ef927f427af4ef7,1764459723,1764459727,1581,34508,,
0x62f203e72d0bb946a724d98ec1913cb5275d2482c0605fb8818b553e9a5e87a2,1764459723,1764459727,1581,34508,,
0x0e9a05c9c0f55a4e38644ba859d78e6279fa1b0184c8add63881f7a5831b9be6,1764459723,1764459727,1581,34508,,
0xae0f344853026f60f4a77e05c9e5f223f4d89bbb7b4f8735ffaada8fc972e449,1764459723,1764459727,1581,34508,,
0x5244088084da47eda9b1ff349023876e005b06c91b4bc4c86c7d07b1e1aa251c,1764459723,1764459727,1581,34508,,
0x79038e0b1993fcfcbd1dd51311d088f1d517354522d2aef0220e728f32f909e6,1764459723,1764459727,1581,34508,,
0xfbdacefa633c4941232b02f7e3693932478f0162b3703422a9c96c7ecfbc014e,1764459723,1764459727,1581,34508,,
0x2e3076d7ce64895f4a9e47b068aacc385beaf08f7aad6471f80022710ccb2d75,1764459723,1764459727,1581,34496,,
0xf249721eb87e11b833eb608c9f4483c275f6d0208239c9d407c1ceb034e697b0,1764459723,1764459727,1581,34508,,
0xbe3a2c5618eda46313f1b216ca3220e4e7fb764aff9bea256b82516340c6d1ba,1764459723,1764459727,1581,34496,,
0x6b34538e1b10482125ca818eb7779164f83ec7a5d2e5cb3e75ef72391238367d,1764459723,1764459727,1581,34496,,
0xd1c15f63a7130fe6adabfc6c022b3eb001e49da6ed3e12c2995acd04e30dbcea,1764459723,1764459727,1581,34508,,
0x640c2837805d05b5a8d468baf2c4ce30abbcd51bdef57abe630bc7436998509b,1764459723,1764459727,1581,34508,,
0x3e1447d8944985c8bf3b36119edb59f23441da35b846bfda840ccabd39784b84,1764459723,1764459727,1581,34508,,
0x0d9e1531b73e7dc1aca92a73d9909559dc4401efdfaf01ae9d660cdb8496c531,1764459723,1764459727,1581,34508,,
0xbc96409783992859680e4f2a1783152eb213786cf9d48212015a090c4570456b,1764459723,1764459727,1581,34508,,
0x03eaf516dd3e354aa59c5f9494f88dd90174add6ed7d06f43b73fb9966b139cc,1764459723,1764459727,1581,34508,,
0xfcb6bcab68f0da30be26cb88dea67578f0d45992137885bc812d0f0221e29ecf,1764459723,1764459727,1581,34508,,
0xdbdd0ab8aa08677d991076333081339e3c74854494ce0585e2a8a51c755b2f3c,1764459723,1764459727,1581,34508,,
0xf3207915d345a2218f972698d5bc92f80a86cc8f81fde66c93e3359b0e21df8c,1764459723,1764459727,1581,34508,,
0xb990056428611fc09145823930cbc4abd07c091952921d7d76b71d03dbc3af56,1764459723,1764459727,1581,34508,,
0xfbdab7855aa81b4f9731e8c6799b11769ace422d2112f481516836458a1162c6,1764459723,1764459727,1581,34508,,
0x46d4ee934437a4636e1d46c6341f4a3cc09c3bf9126125346c7193af6c1a58ed,1764459723,1764459727,1581,34508,,
0x6934298c405f8d2b5bd81e04339ddb2da0e51a023e0e26bb50e2c615281cb14d,1764459723,1764459727,1581,34508,,
0x9c65fe67415e1659a0f705b34a8b832c5b395abb74d7913138c0a8ab4838ed68,1764459723,1764459727,1581,34508,,
0x10fe5c669bfc98a3af23e61419d525d0f3746e8ddcdbb9199982c5acb2d32409,1764459723,1764459727,1581,34508,,
0xea9e03a04dd15c00cb2f8e56f5d83f1e2afa82bf7ccc7c97db90770a0c7c7ff2,1764459723,1764459727,1581,34508,,
0xca32142a34caebb731bd2e07d97cf0066fd3623861b48cddb0fcd9e07621ca29,1764459723,1764459727,1581,34496,,
0x3cf241d1534795f9951730ec8ae77ac2805272192abb267a794f84ac9a89cd26,1764459723,1764459727,1581,34508,,
0x000cb59bb93d9540b13401a0bb5eafa4e08c5ae80e9b36628a8f65131ce6d300,1764459723,1764459727,1581,34508,,
0x2f021bf81b6a624c6a326ae538ca53241ae8e4621066273b3a86c01aef41a100,1764459723,1764459727,1581,34508,,
0x5822177794faa300426ae286ed3c9f53c77dfe076a653d853bdf40da40ac8e1d,1764459724,1764459727,1581,34508,,
0x9db3a0710b52014c1ba6b1c3087f9fd07df327b6e4c53c3f8fd7b336c9d4fbe9,1764459725,1764459729,1582,34508,,
0xcb1e67b4fcdbb13091b2b9ef3561b9a33632629473a2320d24a34398d18508ec,1764459725,1764459729,1582,34508,,
0x1edb1149a7d4ff21e7ada1edefacbff0c7fe80e60b1e75a358c2a7fbbbdc5011,1764459725,1764459729,1582,34508,,
0x96c8906bf76ff473866801212fcfc1d2a9c3e322329f66155158bbee66b1fa59,1764459725,1764459729,1582,34508,,
0x45fd7d99bb553a31fe12a4f3be37194233793b8e95c31e2265e22a9e7d13b60e,1764459725,1764459729,1582,34508,,
0x3218b894d83df56127451703429e566566517b009229d101cf1ed8d14dd5b195,1764459725,1764459729,1582,34508,,
0x826310c2fbd4f0eff757f3e38f27296991fda15868684069e9c6dd8eba771ba1,1764459725,1764459729,1582,34496,,
0xe65717832c49f2412d04fb974c18409dd5a9f5e628d97c73ff385e86d412bbda,1764459725,1764459729,1582,34508,,
0x2829bcf1207b03af8b6892b15d1333b25509a8d47756e3b753c300de472c288b,1764459725,1764459729,1582,34508,,
0x36081316253ecdc995091e4c57630726fbef1b1d61f90e499397a2455e60c99a,1764459725,1764459729,1582,34508,,
0xf2aed8080ff7d98604d7e9da11cc800696524317c996995ed39aca654b463344,1764459725,1764459729,1582,34508,,
0x7cef91ef4e7add84f20357fedf7184878720744f8db04f4faabd738043520b3d,1764459725,1764459729,1582,34508,,
0x2e465baca626f551418ce2a2043e1fdeb1a477775bb56d6347516053a6beeca6,1764459725,1764459729,1582,34508,,
0x8d76730215f57fc54ddd2839cf2731dfb3e44914fbcf817bab60bfa061ab1ea8,1764459725,1764459729,1582,34508,,
0xcccd710b0275a4bc85e947c21e7a946fa6b377134681ed4ce7666f8e914471a5,1764459725,1764459729,1582,34508,,
0x1005f96a4aac27cf732e7ad2a380e6f4f6d067cc4d929de662f3284ad36d3af4,1764459725,1764459729,1582,34508,,
0x620f87364b9fe9a096d90bc1b8c1f86ce75e8a7b338e7b1f944b776a77b6c49c,1764459725,1764459729,1582,34508,,
0x18e9d48f5284b30c0c9221b96f247360c69c93c8870204a5164f6b055ba6cb61,1764459725,1764459729,1582,34508,,
0xe03215a9c9348f191e04a041edbff1b36921bffe3a91c25a4fd05b8638cd027d,1764459725,1764459729,1582,34508,,
0x8f099b99ef9f115958580a0d693fe17121ba6ed7d46c11c9f756c290b52533dd,1764459725,1764459729,1582,34508,,
0x26365fe90b1768eb3eaed4ec830d59dfe069ee03e654393284a49f68b8224152,1764459725,1764459729,1582,34508,,
0xd6d1b8a2990512f6e4a4f5e2c7de84c353872dbabbc8e63d7e84f40c9184e5cb,1764459725,1764459729,1582,34496,,
0x4e570f71498f72d26dd79969b79efc247b402a7a71fb9e4838b8a945d9d5013d,1764459725,1764459729,1582,34508,,
0xbac9ef66fd6ab6a3eca3f235a3e36ba326b9d12db7493be37aab85763b8e3eea,1764459725,1764459729,1582,34508,,
0x739f4ee8c0fa733771d52932dcb5ddda57de01b9f8c4d3104b92251f1574259f,1764459725,1764459729,1582,34484,,
0x97443676f0422fa1556a295b2592135336cd6e0861b92c3ba9e77dbdcc52fff1,1764459725,1764459729,1582,34508,,
0x6049d6be06ce07fa012516a2d32aa706f2a46cc90206e49f1aeaf6b8ec643f15,1764459725,1764459729,1582,34508,,
0x47731d9519a79a97ba5a9077e5bbe7c30019be3ecf7c22fa744529547733a5a2,1764459725,1764459729,1582,34508,,
0x3d04fb0faf0de69dd9d400b38886edf04eab5344e3e625dd4847c5e7428a6201,1764459725,1764459729,1582,34508,,
0x5fa5bc9a2f989f2075f48fe1a7b3fc37023d8787eea75b1d911594745152e0c2,1764459725,1764459729,1582,34508,,
0xf537dcd4a8327891fb587da70b66a5a6a39f1d56c11febf0db2bbcf366c44322,1764459725,1764459729,1582,34496,,
0x2be0a00379a41d888d9a20c7922e6ff18a66c78dbab7b17026162968c57de828,1764459725,1764459729,1582,34508,,
0x58107ce11a8d50391a39cd791fae48af9faf196ff28f5068026fdd56e55b45ef,1764459725,1764459729,1582,34508,,
0x9513d611fba3927579790de0130bfab262237181c7b9cac7185c4828f32b640a,1764459725,1764459729,1582,34508,,
0x1e748615e4397331a910dc153e5e7d9b20ef5cf9086e395eb5dc79c313006a49,1764459725,1764459729,1582,34508,,
0xd7c2f494bd08a9a3fd71a1af8a09e2a977553294f9d3631ff5b4d6778ce4ef62,1764459725,1764459729,1582,34508,,
0xe13b3ba8e00c85b2d6cfabbf57c91bc7b1bf7e3388c96fd126e2eb63cb7abd6d,1764459725,1764459729,1582,34508,,
0xfbae151caa68c2cbe32d6c4cbfac79f0f60bbf3e1fdef20bda3e31d4feec801d,1764459725,1764459729,1582,34508,,
0xe955d14ef0b4b5202447116ddf23fa8e4e56b935db26f22a628a59396dd42d1d,1764459725,1764459729,1582,34508,,
0x7c6913921134871e17d22dbc01b15640169e4d017180ff8c59ebd3ec93a9736d,1764459726,1764459729,1582,34508,,
0x4011873cc42751d20ff78907e2914b7ab6a263835858b68cc341812757dc1d78,1764459727,1764459731,1583,51608,,
0xf407f9c0d2a650c7c026f863955dfe45108b8eb54bdc722c4b90753a0eed9909,1764459727,1764459731,1583,51608,,
0xf12cdbaafaad436ce7b39ce9d2947fe1d7a7e2c1d52669decac0c1a569a9ad75,1764459727,1764459731,1583,51608,,
0x7cd19774636c57d1d51d29aaa3e13f0a2f9bacad9aac06ae465652633a55e107,1764459727,1764459731,1583,51608,,
0x462728522acc8dac76caf1d8c0d3048c28dfdadcdec7312cc58ecebddd2e4c84,1764459727,1764459731,1583,51608,,
0x9cb4b8368a8d42532709119cc1c9bf537171b27ec6a1f542b12570bfbf472322,1764459727,1764459731,1583,51608,,
0x41f4ec94c1a8998f549b1e8b5655e78258134027b300fb13b3da1abf36c0e2da,1764459727,1764459731,1583,51584,,
0xbeca6239faedadf2fff030d0d60853fd1380a357d50d7e05024190aa791ed05d,1764459727,1764459731,1583,51608,,
0x6a6072bbe9a06f1f9d8a4b967f5ef5bf5e473fb85d31952a10cdcc0f3fe1ed32,1764459727,1764459731,1583,51608,,
0xf02506f178a0a007bceb84fa0f12832160c993c2d8f530cb7180a0ef69616476,1764459727,1764459731,1583,51608,,
0x75c3d9702042b0241c408d98663f4f33f7081d06ab3e8c8e8d0608b1c2dc306c,1764459727,1764459731,1583,51608,,
0xd1b696d2f04db15e412a127b53f94e41fc00cb99b7581d53eb8955cd5035a994,1764459727,1764459731,1583,51608,,
0x120bba60b8c2a25e4bb9604d34bc4cb81e22a8dc0daabd7426d577c2b177afc7,1764459727,1764459731,1583,51608,,
0x19f762318ae26f0fd932b2c30a11e2ad3ca59eac6598f3f9fadd5c64eec23cb6,1764459727,1764459731,1583,51608,,
0x14c8c2632d05fdfc0034f4fa94a4a6dcda1182970f3d98ef42471d89715f96c0,1764459727,1764459731,1583,51608,,
0x860a1bd2966f05a0d8f5f5ddf81cab6e60aa35a1f0b4dfa88a38ac32329ce25c,1764459727,1764459731,1583,51608,,
0x36cacd9c1a017fa5e65edd2b62cbed435e1229f25b6b4f38261d45805d5696fb,1764459727,1764459731,1583,51608,,
0xdc7c00f9e4c60aaa423db83f6703bb1b4ff469708a4ef48c299e7110fb2a53e7,1764459727,1764459731,1583,51608,,
0x66c8fc7ec7002f714d5d2edee9d104fad9b576d5ab081dcbf8e24ea991f0c6d8,1764459727,1764459731,1583,51608,,
0x42371e4b5c52d008794c959e95d7d54aaf2c6b376eb4668e7da6b2d8d66b5b24,1764459727,1764459731,1583,51608,,
0x22e4fe9e8a579596928efc15ee4d6edc29f97d83239ce19597f918eaa4db2f5f,1764459727,1764459731,1583,51608,,
0x470a4c7682fc8026b7326886d35d2f13146b0049fa2807a0ce2b6babd81089ab,1764459727,1764459731,1583,51608,,
0xeadb610b06f7d253db01d4d56cdcaa74859e2dea217db5ef2d771a54a3e0ae4d,1764459727,1764459731,1583,51608,,
0xfad3071ae086d214a9ace2ed89452c21aeeda75e4973dc9fdf511bb491ccaabf,1764459727,1764459731,1583,51608,,
0x3799911b75d816bcc261dd8658822eac321a3b4618f54d03d7f9af95769a322a,1764459727,1764459731,1583,51608,,
0x7c3f0d7075c71664c90e98ae9109efbdd9eabb6ae272b7fe02a5c93e60166980,1764459727,1764459731,1583,51608,,
0x44d95e0fe5e98c1e8ebf8ff49efe8061fde12f3741e0f2489750838a2e1bb913,1764459727,1764459731,1583,51608,,
0xc1ebaebf2e9e0ec242e13b71ee26447a9030985aa916304fcd9d1e34f619a08d,1764459727,1764459731,1583,51608,,
0x007afd31a0a36dd1339c05be7afa1789f1120550b5cd5015ebbc16c0785374e3,1764459727,1764459731,1583,51608,,
0x18fe6c3512d1201975fd2cc4561cf1163ac1796ffd9221b2671631068bb809b1,1764459727,1764459731,1583,51608,,
0xfcce39e46e348ea675170dd4db02ae1b75e8f732fbaa0303ba26254d449c3cd8,1764459727,1764459731,1583,51608,,
0x109077f0b247a07b61aa0fbe11bd30d0b43ebb94152071bdf3bc5c57c80aed43,1764459727,1764459731,1583,51608,,
0x0b1badcacb22ab93b93929aec62a3bb2ffc618cabbc0b5c9d9d7f6aca37d4bfc,1764459727,1764459731,1583,51608,,
0x305c06d9e84d80e761faa8afd27de2b25f4b57279f4bbcb35dc0b040a38ae055,1764459727,1764459731,1583,51608,,
0x177b5980b9b7eb4c3233f9ea5cabf918291ab24511d9c02450b841876731f882,1764459727,1764459731,1583,51596,,
0xb91bceed502a1ffb1db9adbc2a06112071a1f7a8025fa4fd48f5502204e5fd06,1764459727,1764459731,1583,51608,,
0x38935dd9ea3b89b60042a670ff9525aae3fc9bc471073e7bfe3bb001baf96bef,1764459727,1764459731,1583,51608,,
0xe374a7c2929d9210a932400613ac3bab23dd91f5c772e2ab54bb3dac00e44fbc,1764459727,1764459731,1583,51608,,
0x47a64b60721818dc2768dc82eb46104f2343cc78dc8e0900d719bcf620de56a3,1764459728,1764459731,1583,51608,,
0xdf4d5a80af53b2a77e9f4d55cdf37a2b001603dbf10254a889bc910bdc086a69,1764459728,1764459731,1583,51608,,
0xbadce7816f1323f9c4d40cc2ea43df14506c00a4d2ebf0fc8a13525d0a4864a6,1764459729,1764459733,1584,51608,,
0x5b27d2e45190f4c87542bb7bb7d024e8cc0ac0084a6d1abe23e6efd6f9bf2d47,1764459729,1764459733,1584,51608,,
0x86d201d4cfe8a6b39c09c839e1c2486b7d768f905f637a58520af0796244ac4b,1764459729,1764459733,1584,51608,,
0x96d256a3a8f6884cf439b57924f6fec38d6f20918e9a0ccd60f77b42e557519e,1764459729,1764459733,1584,51608,,
0x22a7f5f366b3515364a126ff3da69da44956318c63e2d945c35db39a7d82ea3e,1764459729,1764459733,1584,51608,,
0x848e606dbd4de3efe7f51a389cd45109b1e41ac20cb539ddc4ca1b21efd43b4f,1764459729,1764459733,1584,51608,,
0x19c697374a5e8ad6cb904137e1e84dfe1a4f99c5ab5a6a2f0b98f8aa9cf2fee5,1764459729,1764459733,1584,51608,,
0xd108fa910f17ab1c025fa96287661403e5ee8befa87acd1e46089cb53c51d0bb,1764459729,1764459733,1584,51608,,
0x5837e8c6c55c331708fbd4dcb9361027d591bbbdf71db329587d12ab15a35a1c,1764459729,1764459733,1584,51608,,
0x73dfab3950c999d7895395bd4e8a58bb4f1e1cec82f35a483342c72e2b83dfdb,1764459729,1764459733,1584,51608,,
0x787bb64f58ec78ca5c8b89806a1f88218a3c7d553ac010a1bfd558b224d71585,1764459729,1764459733,1584,51608,,
0x232de1e67050c3d6a7284d06710466c4ee8724ba0279fd9971047f3ab0f9b411,1764459729,1764459733,1584,51608,,
0xfaac29e396445c52b42544f35d4293fe96e05c1b19f78968ca20c900736eb197,1764459729,1764459733,1584,51608,,
0x788784af091dbf344a29c49c9846c36f1ce5998de27c0bfbc9d409bdd306a889,1764459729,1764459733,1584,51608,,
0x99cc492e07a07af394b2a1bfb5274d01b2b3ad3865db2be638768e2c9e90bfc4,1764459729,1764459733,1584,51608,,
0x181b171b8ddaaf46906f8678f1226fc1668e7b9367887ee66bb2d47ae531a375,1764459729,1764459733,1584,51608,,
0xea9e46f6a8b782e9c481164fba49506c159dea9aed822216f0774a0168c04593,1764459729,1764459733,1584,51608,,
0xfd9b7b44d00d9cd16ae1d78873c19ced5c5e4c04c5d3cb53ca6782a5f737dda1,1764459729,1764459733,1584,51608,,
0x8c6190d65d7a9c62028509c643251ff8f90ac3b2773590964ff3d3d7b4c320e2,1764459729,1764459733,1584,51608,,
0x450ecd37cccea826e1d0c904191ab4195555fb84b82804aea4a1d56443b6554d,1764459729,1764459733,1584,51596,,
0x9d9410c493f00d06b35eb2a43b02db3520002c3d15d05ad62974b7a333dce705,1764459729,1764459733,1584,51608,,
0x2bf1ec1f6730aaa8f2e6a88761f3591b5c069dc1403951143811d00eaf9ffe24,1764459729,1764459733,1584,51608,,
0x025f0e9734481c3968592cf550a4282b88aeca54820b47c5095d8a9a57853947,1764459729,1764459733,1584,51608,,
0xa75e41703b0296379c3f4af5dbfb022776be4e9078375cd0f266f5701a51b48a,1764459729,1764459733,1584,51608,,
0x0428b3e6cbfb799d9811906ffe85bb78562e71b6e0bafcb70516c9322dfe8b02,1764459729,1764459733,1584,51608,,
0x7a2d381b03bed11102776b9b74919750254ea19e480d146ed798180d7c545e67,1764459729,1764459733,1584,51608,,
0xc0263293291acf9ed84e60ebdb59271c227a7066c0874f99a73efac37088e58b,1764459729,1764459733,1584,51608,,
0x1118944b75cf927a1ea4cae0f29b9de0e30e406be4180f12378ce309f1f23a95,1764459729,1764459733,1584,51608,,
0x1823736426ce90457345838293f4c15eca7ff0552859af8b3035059e86f9836f,1764459729,1764459733,1584,51608,,
0xa08a6a53a23b66a6dfbe351574f70a1a067583e262dbf3511b3fa94df4fe451e,1764459729,1764459733,1584,51608,,
0xf21806d8e49522d83d679264cde84c84875c15bbf8e56d76738dcdab74891e63,1764459729,1764459733,1584,51608,,
0x3bd094f6e6757bd0a3ebaa0f8dd8354cea95d8a410515a35ceb93077ee70ec93,1764459729,1764459733,1584,51608,,
0x60ab46aba0b50f8a3a7f749eddf7c5a34f962c8309148b5f40bdfccb356e836e,1764459729,1764459733,1584,51608,,
0xcc54caeaef1fdb5aab45168fbaa55085fa33ae7aac923fd768aea53f8efce9e3,1764459729,1764459733,1584,51608,,
0xd02b9fd6300b7f12362e96d30d6127724b24d18f31e66bc452a2c3be131c9e97,1764459729,1764459733,1584,51608,,
0xa776efe26a01d80feafcb12b658af4e188abb54372df3958b45c4373aa6e63c0,1764459729,1764459733,1584,51608,,
0xc51f7a45dcfe1083bdce244b9e4eeb6b4be5863acc3056e1b7ba6ecc8f44696a,1764459729,1764459733,1584,51608,,
0x9a917e367e35d4ea555f21fe58c70c6e7ca0b3369d9024ece547b7ca53f6ecbc,1764459730,1764459733,1584,51608,,
0x3a76fd03fe869a210703fee5715e2316e97bfb131222728a2eea74762f568dfc,1764459730,1764459733,1584,51608,,
0x3c971be30e0a3d1ab43fcf301bd54d20acac5219d5a696a8c0712d8e869698cf,1764459730,1764459733,1584,51608,,
0xbd726cf42856721de6eee830a8f1723bf5bb2bd0c69f06653901f947a9d515f1,1764459731,1764459735,1585,51608,,
0xf4ec9b954f40c360a33041ec06007ffb88e472f40b867a219bbf7b30a086f866,1764459731,1764459735,1585,51608,,
0xbae4e4797ac9d7d03996dc463aef397066a8ee9be9106f110e65a155035296c7,1764459731,1764459735,1585,51608,,
0xaaf903fa2de14e7e2b388bc061b78640ebc1a0f9e61bd2045cf6a79b382b08c3,1764459731,1764459735,1585,51608,,
0xbb432afc92821e7becea9fcbee59bf3835a98db5a4ce9330494c8ac944b5e0dc,1764459731,1764459735,1585,51608,,
0xad99d9cd9a2f79fd565c9c5cbf3216173db5305b76def2f1d7cabae98de00fb7,1764459731,1764459735,1585,51608,,
0x29b2b5c2932586fe7b9db73bc0cae0eb3ae4b2bd69fac25fb87598947ffb9b9e,1764459731,1764459735,1585,51608,,
0xf75f37c0828e3b0067b471e9f179b5b695129b30223b6c159072bdae414dd942,1764459731,1764459735,1585,51608,,
0x93d602645697730fd49c48ccb8a84c2e2b5124716425555632a2e2e23a28482d,1764459731,1764459735,1585,51608,,
0x0d1126434db917fd374bc9e87f87a44cab7b8df57453a8457ef7f14cb85f7605,1764459731,1764459735,1585,51608,,
0xedd952f154137cb958ba9b000476677f98f50b4f9c96067497b566057b4354a2,1764459731,1764459735,1585,51608,,
0x85c123b971af3f2e668b07bb1b58f8ff88cb2f9ef8ced8b7a212d8b851227666,1764459731,1764459735,1585,51608,,
0x9ab127078f0054029f277d915aeb713cd7de57f4454ae9191852946ccf95fd2f,1764459731,1764459735,1585,51608,,
0x722a48bb19279019cfa7440bf85df0a62511251987e6c5dbc4c71f44d78d4024,1764459731,1764459735,1585,51608,,
0x89a90126246f9b3f03b7ad00e80fcab8a5163e4eaefa5b653ffb4267bd01e18f,1764459731,1764459735,1585,51608,,
0x3f87c55a026b8a35da2159478ea23b506a2600a47ebc44b9aba2c1e1d8eb96da,1764459731,1764459735,1585,51608,,
0xe91d35b7948055d872e455efd25d8e8755e0071ca8986e074bf795dae5c891e8,1764459731,1764459735,1585,51608,,
0x57f5af2979bf98805a6d276f53c54d7c4ebcca2ba7d6c755aae5503b8ea3ebc9,1764459731,1764459735,1585,51608,,
0xbd7dab6e96cd510ac2162fbf664537bf4c59d6745c8a35952ec57e982c69537e,1764459731,1764459735,1585,51608,,
0xe298130025618de537aae99a5656e24ff8301d8e8864496b35f7f8098ef3dfb8,1764459731,1764459735,1585,51608,,
0x26d1071e07066ce1b309e66e1758e6f7e82409e739d25fa05bdbf71d15820e49,1764459731,1764459735,1585,51608,,
0x5748e368507b2a4edd6205c64344ed6aec9bd6c02dcbdf07aee6030fcf093b53,1764459731,1764459735,1585,51608,,
0x673187656033043f0d3d43f7b77eb2820ad65f00d23fa6e1659c3ec530fee65b,1764459731,1764459735,1585,51608,,
0x211733fdcdbf389afbbbc231f4584c5c6aaf2d5ca7107ba084595fce18370843,1764459731,1764459735,1585,51608,,
0xb0283cf4e39499d112d2b518d994e628139eec146c5bcb0a9e85478c39408670,1764459731,1764459735,1585,51608,,
0xe0461795fd37bcc65c0644a45353feb23b3811f89a10606137f1062b22033b67,1764459731,1764459735,1585,51608,,
0xdbf0c30f2c46c31448283492e0cd2b39cffd7c3fb1e8b97b9109ee478a0a33b0,1764459731,1764459735,1585,51608,,
0x5dab6ef7cda24689c72c305c9ff82234af858d3b02d2d4fd86b7911ca1bd9488,1764459731,1764459735,1585,51608,,
0xe52df77ea787e348edb96371c515fa3eaf2ac0c5899082ecd1cbdf16666eb3dc,1764459731,1764459735,1585,51608,,
0x49416c91a3b87cbb9fd81db6b871b95c4a0c15797376c5b22198c96264fe1ff8,1764459731,1764459735,1585,51608,,
0x6e84fa9ace3a5829239195b4443a9302e131a62a96d0c200394b38dcfd0af4be,1764459731,1764459735,1585,51608,,
0xc8d86d8ed2a88f454fefce603178fa9350513e29a1c1783bb644e552a3588571,1764459731,1764459735,1585,51596,,
0x9a9b626f5ac915c10c08bf773d5a66a2686552ae2b8c37250f4d9b983a0ec68a,1764459731,1764459735,1585,51608,,
0x090a654b21ae3c7e564e869c5800ae1f09a84c91cd2145127f2a6f4fa57bba08,1764459731,1764459735,1585,51608,,
0x4bc3918bb2dc172feb554f7e1fc9fbbe3bb2354882b61e309b42641a550c74aa,1764459731,1764459735,1585,51608,,
0x4501cce49af02f0b5ab1b099ce2094139f37f2d691bd972da50dd797e4e7a8c7,1764459731,1764459735,1585,51608,,
0xfa079cdb96c28f1e068f370305b3da1edfcbed557ed84dad224a683cf742e4ec,1764459731,1764459735,1585,51608,,
0x348b86ba9abec6a17dbb28dd1fc0c59383dd62301fab27940c5fa14819fa3a27,1764459732,1764459735,1585,51608,,
0xab86a337efd5979e38c8f5be19f873ac617f71ad30ef7c5fd5c42d94fff3eb6e,1764459732,1764459735,1585,51608,,
0x0e37b4ab1a6cf73385c800ddd943eecc9a1ba29cebb231e26e5e151d55297932,1764459732,1764459735,1585,51608,,
0x97acef3a154317a79cd00e1b654703dd29059c4b11f7c0a247e53db06379c1d3,1764459733,1764459737,1586,51608,,
0x6fb92b2c8e43de449d68d1bbfeb27572110abd2840a2c941bd0b776ba1d9178f,1764459733,1764459737,1586,51596,,
0x1df299c8fbaa17e5cf3abddaf28736cb416642665432948b08803de619fa06ab,1764459733,1764459737,1586,51608,,
0x35f78b8a92e8617fb5694ced3b82665fc17de4f837af6d966c1ff6dbc04db53c,1764459733,1764459737,1586,51608,,
0xd2dd5636ff1a9efae3a3dc646b07de95d0c823279140e979bdd59ae4e224fd77,1764459733,1764459737,1586,51608,,
0xc546dcde40daef3ce387a3220ff5a983612077dacee69fecb44d5b89b4d5e89c,1764459733,1764459737,1586,51608,,
0x181571c5354f110bea90bc5e84c10ae82a7055147b21331718ec5b8d72d27db5,1764459733,1764459737,1586,51608,,
0x7f59c0c846d549d9b48b83973553fac3da723769e290447b8bdd59c6db40b2f3,1764459733,1764459737,1586,51608,,
0xdfa75824dae15b35854ad91fea3b9dd5d6303cca9ddab1f32032d222abd3846a,1764459733,1764459737,1586,51608,,
0xb676377a5297023b32d98073cbae81117fa48693911571a7bfedd6b346f2e173,1764459733,1764459737,1586,51608,,
0x9f0d056e0828167fad0f9dc4c54d419cf5799f9940fbe2f49c8d881c4763034a,1764459733,1764459737,1586,51608,,
0xcbd580b4486017ca82ccd4b9320811afe9d95c45d47c789d967b780ce3fcb1d5,1764459733,1764459737,1586,51608,,
0x0435b9a4169413d009792e7bfa7383e3b1653ee9e1c1b2a35542d4624b42d3f6,1764459733,1764459737,1586,51608,,
0x1b46fed677c5eeb946f88dd3d89217ca48f823b52442f8d4d581d83602461060,1764459733,1764459737,1586,51608,,
0xe5c1df56fd188f4c50f5d81978db3cbcdb8f4fe987c6b41941c50cbd3d16e985,1764459733,1764459737,1586,51608,,
0x19c45dd3a6c6310a5fd619b68657502cc4871773ab3a5c02747d21bd3866df17,1764459733,1764459737,1586,51608,,
0x7b19cf17f8693b412f5dc0488d098f4d0a4b8e34d379be4ded6aa65c83b3d871,1764459733,1764459737,1586,51608,,
0xb1f67f29ccdcf0bb2abc9aee86cffc0e3c9a126f4b6ccae12ccdc774781891b4,1764459733,1764459737,1586,51608,,
0x0aef428b9d64a67c03659a0b0724b0d20e05197b79cefd53f5dc0626fa20c298,1764459733,1764459737,1586,51608,,
0xeb3ffbcdedbc7323b4e640644523b77db0dea3ce993a2574c21f98ee6ada1970,1764459733,1764459737,1586,51608,,
0xc55563daf352862b3e748d98fdf061d45284e9d47c87089b3ce3ae1a7f3e1ceb,1764459733,1764459737,1586,51608,,
0x1df5e319dbb176375fb27d166751e9f179c3dd4e5f0dc94a9ef58e1a6540d414,1764459733,1764459737,1586,51608,,
0xee089cfb232af90b192722780d886d38f282dc747f294ae3003cc50c6d155acc,1764459733,1764459737,1586,51608,,
0x1f2bcff02a9c0dcf7d1d3f3380c48b9ea00a57bd781c4224fb0fbd002b365795,1764459733,1764459737,1586,51608,,
0x707098462cff297d0bf99a006d55e0aa69a603b9153a8a9a315045f9d4b3b2e5,1764459733,1764459737,1586,51608,,
0xb0d152e34ce12b29381811aa66efe94b5da93915343e4fd913d623fd928755d9,1764459733,1764459737,1586,51608,,
0x5048a58124c727039a4dcb052b76d3755dd66c930df5975ae60211ed18981bf6,1764459733,1764459737,1586,51608,,
0x4e6628c0b2791ac67408db7e7d9773fd277556ca939e1b7ce1071961b3baece9,1764459733,1764459737,1586,51608,,
0x4a0781a94ea65dbb690a03e1cf4143edf6e70726ff7c7b154e3d61245e4b30e7,1764459733,1764459737,1586,51596,,
0xf7e7db2622468874d3787a00d4f9d9371bcf7d4a40845309c8b5f0a3df47be5a,1764459733,1764459737,1586,51608,,
0xfea19df8b3803529db62d04d8f9888b3870278fc06fe6af863a3ae91da9503e9,1764459733,1764459737,1586,51608,,
0x08515b7f7a2e5424c51ff312c5e27ab7a3b5cde3c76d0f612d1fa41b303fcb27,1764459733,1764459737,1586,51608,,
0x51019f9504224d01adf6f5d6d3a1415a893e9590da209c2ade0d9a238a52346d,1764459733,1764459737,1586,51608,,
0xa43b2a8f6edcd9bbffcb9ce4b8104534a07614702945d0815a0579a0d1224b85,1764459733,1764459737,1586,51608,,
0x6e07edbc16c2fad451ed5f869c105267edc9127a4333f66b943f32c80014c776,1764459733,1764459737,1586,51608,,
0x85842fd086fee7e80d7afd0ab7ad617fca3fb3c0998b5582d30fa2db8f8be07a,1764459733,1764459737,1586,51608,,
0xbf4e26c730178f80652cc01e78ae65bbddb7a4b95ccdbfa0e2f77175715b067f,1764459734,1764459737,1586,51596,,
0xc162b26b159c1d229014faa39cb4bd9c15414b58ee62de735a9a89e0003ed53e,1764459734,1764459737,1586,51608,,
0x0947758217ed6db4c4ac756caf4adab909ec70248475ba0c74cc86670e0ddf4f,1764459734,1764459737,1586,51608,,
0xfee2b0768fdff6e0e161b454672f4ba638582a0c7f81ef24a9cd364231b6844e,1764459734,1764459737,1586,51608,,
0x343ba123d834ee85a5133810120ce87d4e977b3dc1cf89bc17e3c288f740da25,1764459735,1764459739,1587,51608,,
0x458b44f6315da581580cbdd4356406b09a81dc84e750ff02ce7532ded95cb3d9,1764459735,1764459739,1587,51608,,
0x5d0deb944f4abb1792557be4b4d5fc265914ca97cbe9c2e399ddf4bef334a992,1764459735,1764459739,1587,51608,,
0x9020d6a0c5f83a18a469de24a27edf338e43d14c9554b043e4213d18fe565e42,1764459735,1764459739,1587,51608,,
0xabccebba8b80a7f15007ca03552b8101ca1f895e2ed5ef209a3a9521810af2df,1764459735,1764459739,1587,51608,,
0x62bb6510abb8ad591df0314cfb8ff7cecba36cb63dca7f8476518255774a00f5,1764459735,1764459739,1587,51608,,
0x67ecaa8625eaa6c7988f43fd3879f67a174844cc1c187f4943777aae75714b2d,1764459735,1764459739,1587,51608,,
0xa60ab3bddaa49ed1d82ea86a6b8f1772c51fc2df51bb41740073f3093b7e9b70,1764459735,1764459739,1587,51608,,
0xd08bc0e8cec521db1c5bddc1d13f3eb82083e4907fe929a45e29f1a952995ff2,1764459735,1764459739,1587,51608,,
0xcbf8ac28c02ea7b1b9240b2ffb2b4b115ff9aa23d5de049dd1101d1e78813fb3,1764459735,1764459739,1587,51608,,
0xdcd3bc92483fdd852a5db4dbaca4dc563ec3b93542069751aa0aad619a5e4eb2,1764459735,1764459739,1587,51608,,
0xef46419686171a45bfaf36c4d9b9ca5bf965aa1a4e1353cf762250a080cdc7b7,1764459735,1764459739,1587,51608,,
0xd3b6d1907c47db0aeda24b82132ac18db475e7fc84f5f12b552e8be9a84ec0e5,1764459735,1764459739,1587,51608,,
0x70647e03e1376bdf9f2d0003b4ff45e6cd0930403c51e24b9d3311fc0ac4d303,1764459735,1764459739,1587,51608,,
0xb9b5c1230ec64cec7a35de385be6cf66b395e1a051fa977a72f55aea22a13c67,1764459735,1764459739,1587,51608,,
0xfd47adbbf3acf13bbf578f4591a8e1afd94405d3df23ffad23ec263de4969633,1764459735,1764459739,1587,51608,,
0x002a57829b5b82506d0c88e56e0cdfeab3973306920717db70eff802b156d191,1764459735,1764459739,1587,51608,,
0x4b32db5bfcd5449fa06fe804fccc1d6432bb43dd03dab21f15e1bac927bdf2d7,1764459735,1764459739,1587,51608,,
0x03b53f472f64c45ed310c66a411cf6a2da3c4a13c0fdf49c7e4eac9b20f92b6d,1764459735,1764459739,1587,51608,,
0x39caa1b87c66a1fb04d38399df2b5d05fcb7a01c10b766cd6724be58e312dc9c,1764459735,1764459739,1587,51608,,
0x1cdc4c98663189423f3eea27a47936194a2dc2ddb10ba9d14ac12a29536eb205,1764459735,1764459739,1587,51608,,
0x98442c64f3781dcdc477ec4ae8f863e3ff4f57256f7d2f551306493a1fe66bd1,1764459735,1764459739,1587,51608,,
0x98754b9ad16860fb1211ec2a5680767bae92f8270c5433c03f45ee3a654c99a6,1764459735,1764459739,1587,51608,,
0xb7c96ed51790951248ce1d13d184bd13ca0c9e2b24239432fe17ac67ef223c5b,1764459735,1764459739,1587,51608,,
0x60d30b8fb048812cd0ae7572512dcb8b292ced17e5ef4d292a84d9a1fffbc7bc,1764459735,1764459739,1587,51608,,
0x3ecee3dcf510f99c71ae1b084e1d05cc724eceb3de4f69d00a0bfd1a04a5636b,1764459735,1764459739,1587,51608,,
0xcd8305fe55408a02aa285c483e4c9365088b3ed442b5c3abe9912b395d372d5f,1764459735,1764459739,1587,51596,,
0x3701e00dd02503b248fac6591c61de84571b90311ecc19384a4b90d64fa678d5,1764459735,1764459739,1587,51608,,
0xb47937354e9b27fdfe5c8e8e8d636a5bdb0c92005a9ab1e30f8473a8aff6d806,1764459735,1764459739,1587,51608,,
0xbf2d2446a85b00b4f0fc4c63316fd1c56cff612c52bdd5199fcbaf9e7b5b4330,1764459735,1764459739,1587,51608,,
0xa5eb1b314f865bcece9978f535efc3cd572fe7ea3b413530ea8cd23edba3d0d1,1764459735,1764459739,1587,51608,,
0xcc9c9aeb4389d618551f28b01ad6bc0355a9f55803c7332381836d6104fce45f,1764459735,1764459739,1587,51608,,
0xe3960000eeb9969b7a22b60bb50f697242862d348fa6f73dd76d2f5cae5c38fb,1764459735,1764459739,1587,51608,,
0xc5d129185534abbc061e9fca88ff0ff545d06c1e963c0b12ff0a580d0e4ad732,1764459735,1764459739,1587,51608,,
0xc64802c08182a5f608eef45e2b6f4e28a48e830863f4c322ec9bc5664ee52eb2,1764459735,1764459739,1587,51608,,
0x437c57e41292637df30cf24aa9e2964c7d691b87690342d2b3a32a86953a955b,1764459736,1764459739,1587,51608,,
0x2609d0809da5f535357266bbb827efd762fa419772291b565a06e61a0f31b276,1764459736,1764459739,1587,51608,,
0x23f04b2cbec293cd054d6f358a4d2dd2e04bf13af4effec2763c28b4219a123f,1764459736,1764459739,1587,51596,,
0x166f9db2cde20c1980255e5e0b25aff3d220816fbe549d5a924d5b8c4bc2fc88,1764459736,1764459739,1587,51608,,
0x4ba545177c217aa54adc590c6033a28b514549c281d0a4c75ff1d250df16ff98,1764459736,1764459739,1587,51608,,
0xca9106314853293c4255d91168b382c291bf8999d8124ac6fe4761fca48745a6,1764459737,1764459741,1588,51608,,
0x217de9a1f16b451b790987bc28133c53607c8e934f2b1a46fae29b96daa1dab8,1764459737,1764459741,1588,51608,,
0x1ca22960d9ed484bb99ca2c4db101d9885122323899bf900a6a9b9effacb28fb,1764459737,1764459741,1588,51608,,
0x35e9441631b1a6545068b2819ea77946d8aa5781709ed55c3c2cc418f61b9746,1764459737,1764459741,1588,51608,,
0xc352712a55f7d3245f2c9bf569e0a5a2a46022c70d04a8fb6eeca48d0ae15643,1764459737,1764459741,1588,51608,,
0x1cc46724cdc0600fca63dd2be738b2dbbc5fd3a037bd021b917122c355f9b166,1764459737,1764459741,1588,51596,,
0x953f2a3a6abeb06920247fb54999763d53548dfec0cf420e324696a14d7ca1a8,1764459737,1764459741,1588,51608,,
0x3ffbbd04b4e94fdb559886f74f2222b1d7111b5df7696639f044a415581501da,1764459737,1764459741,1588,51596,,
0x5db8633cd951c34667697841fa3fcc1a77d7749e8f1e27ef904876274a4cb898,1764459737,1764459741,1588,51596,,
0xe1b2186ec604e38c0102185df6cbc2660f1872ffe7f9f2c8c99f0165d1833058,1764459737,1764459741,1588,51608,,
0xa94b668de2176a060fdbd815e4d615e25eea2000e723fa28554ff17f44448a5a,1764459737,1764459741,1588,51608,,
0xe41ebd9b67f6546810b718d56dc20b7fd3116b04e6c2168754a8d95c8ad331f9,1764459737,1764459741,1588,51608,,
0x1521e786c7e301441c3cf4d37fe490a232bc09ca0cba861294831a619a99047d,1764459737,1764459741,1588,51596,,
0x80155a67b9e94768719e92d16673e60f3625071984af5f6373ef008f39ef03b1,1764459737,1764459741,1588,51608,,
0xb13bda1f4706ff1986160550b6f0ba12c36388cf44b9493681fc9380bc3b1ee0,1764459737,1764459741,1588,51608,,
0x0eda84dff4448fcfd34dac606c17c42a87956e7637fb8b67a996b24ca2bd2541,1764459737,1764459741,1588,51596,,
0xd57f343b65d29bbf73de64a393443fc8872bbfc0a60e9d45e5e1e918d6a92700,1764459737,1764459741,1588,51608,,
0x2ae1d71555713f915f1e456b141164e18061857c2a2db03a92b7eb216949171a,1764459737,1764459741,1588,51608,,
0xc1911236b4929c2bcb4d50d79d69f6714148e97a16608e76ca1fa083a55630d5,1764459737,1764459741,1588,51608,,
0xe219c85d77a902b5b6c2facc48a705871715269bd132639a0f242756c74988a3,1764459737,1764459741,1588,51608,,
0xfb8b7528f566adbbb354daaf374709139f9ab4e772e078b19dbde97e7f59e98e,1764459737,1764459741,1588,51608,,
0xfc93c1152ceaa1d8eeafaa1167a18449d3efb3f8d1e976a23bb9f8a0f2550ed2,1764459737,1764459741,1588,51608,,
0x609a89008bf09b787b9c1934d1947a2dd105e94b7c38cba7aa388cd6c5ff8e46,1764459737,1764459741,1588,51608,,
0xc85f11d94d1992329a3abff9fcb4030ed470f297a55a359db4ea221307bf4953,1764459737,1764459741,1588,51608,,
0x4e8a6c74c2c752397f4922fa153a61a4f0aa918d024be72473dbe3c78506f13c,1764459737,1764459741,1588,51608,,
0xe7674ddf099a1ee7b43ae2c35c2b12607998affb1fbc852bfced6116ba89bcb5,1764459737,1764459741,1588,51596,,
0xf22ad7a6da486533a3c7847ceb86304fcafc20624568f42b33f8d6e557639ba8,1764459737,1764459741,1588,51608,,
0x9bc188ea4bbe90a445a4185327107fb210f014e760e7e53ff28ae4b8b829e0f7,1764459737,1764459741,1588,51608,,
0x356aadf004416824b65986ea1fbc691ff5b9ec8aef1d0f5c304cd06106661f60,1764459737,1764459741,1588,51608,,
0x618fab3c6ef6bbf34a15b055f63876c3dbe2673df6d61e3b0c9a295913e310ab,1764459737,1764459741,1588,51608,,
0x0771d3e7402ab95fe8468b8b4cc54fd1381d27589ca053f0dc6bc80e2fd26439,1764459737,1764459741,1588,51608,,
0xf614e2d9a80058769d99490a6abf14843ac7faff3735fda19daf76c41d8ea448,1764459737,1764459741,1588,51608,,
0xd5a430a20f79d1cd77b42421ce2e1f01a34b2357f170318496e76169e38ac0ae,1764459737,1764459741,1588,51608,,
0x32567627af4af434360c43a05940f3122fc9672e207ba773ccc095554392b1d3,1764459737,1764459741,1588,51608,,
0xafb3a3ffa3fb73627de5110f4756589260e1bd524018b0a0d436735603a40a60,1764459737,1764459741,1588,51608,,
0xd72b8ec3131a09ccf9ac5b13914d2a86a280ccb9b0bb37ec3c4cf2fdbdf162cc,1764459738,1764459741,1588,51608,,
0x2c9f9119abde415ff266740d772b7e2b84577889357ddd428b822dae995e82c7,1764459738,1764459741,1588,51608,,
0x00b9c91b3faecf0e0162986a89af0433f1531d1f7e7ab0fe60b0e394d0e4a926,1764459738,1764459741,1588,51608,,
0x5e3f21eb08869bedabb414ab9af2226e2382fffa7768cbffd1f89f8ab4c3cd9a,1764459738,1764459741,1588,51608,,
0x56fd46efeaf2362c1c29e093064916cad263faf11a6b6d6915b68cb8aee7a3bc,1764459738,1764459741,1588,51608,,
0xd06cbac28b1c1eab2749b82fe9f012c4e8f4cc8f0f3f5a5cc468daaef7c36a6c,1764459739,1764459743,1589,51608,,
0x161eec4867e084543138b6ac56ac97c70ea71aa714665376a3c2b1fa6d5db03f,1764459739,1764459743,1589,51608,,
0x658031056f3be3fea5f3c589c1921272cd457116d66fbcd5c8355947f3b33d70,1764459739,1764459743,1589,51596,,
0x4c8abcfc1c8343d7d2398dca5a5b5c613d505de1a1dd942b163b9ba3c285c95c,1764459739,1764459743,1589,51608,,
0x1bcc88bf32db39d826f402b8b77f729e9e09c74452cca3d2b046e064d75e9907,1764459739,1764459743,1589,51608,,
0x828d088f23b7d69e3992951ea25e963319ab8c39c361da7d58bcfa37977e9870,1764459739,1764459743,1589,51608,,
0xb63b30f4a7e6979745ec494e018a305b35bbdad1383229e61441e652b5806cad,1764459739,1764459743,1589,51608,,
0x19beb1dea502333ef5305519a45347c2e96ec0ace34442d76624bcf7ebe7922c,1764459739,1764459743,1589,51608,,
0x2631ed59c9cbed1ef7ae5cc7d50d7a1172faeaab184eab968c6ba2b556e49d42,1764459739,1764459743,1589,51608,,
0xe09b196d368e9d86f7bd5d58f80e38c30986b2a10ca5b2a549d4e31063ac86df,1764459739,1764459743,1589,51608,,
0xbf12bac7333b7c736e94b9b04d160a7515f0dd7302b094d22fd637ca78598f87,1764459739,1764459743,1589,51608,,
0xd71a36f8ea321414b4e8a4d34b92be94dbc0abb4a0177b29512a8a10db7562d1,1764459739,1764459743,1589,51608,,
0x063646a19ee25977d6e3e732b7a92dd4851496193cdd0d74a3c558dd90769945,1764459739,1764459743,1589,51608,,
0xece2663b6ab809ae6da3c6559f1c0b123bfb96009fb8f549b339e41b5eeafdb9,1764459739,1764459743,1589,51608,,
0x05f6cf36414fa5c24acbcddab82630d90b06f63966a2b229fb40919d63e98237,1764459739,1764459743,1589,51608,,
0x764b96480718833efcba6909592e0376bbec99a3e968707781275dceb92d775a,1764459739,1764459743,1589,51608,,
0x4b676fb7fcedaf60f8e02fbf4c03f8bd970d386407ee6142277e12639b8158e8,1764459739,1764459743,1589,51608,,
0xb022bb05f610661e2b844efc3a2c0b84c07170eae8c4433880d8f25552d1bb67,1764459739,1764459743,1589,51608,,
0xeb5627a3e1fc01bbcf935b675d19fa21b70aac24e99fe2e98a4285b7c7c25f28,1764459739,1764459743,1589,51608,,
0x58c930798bc2597cf6e10f1e8d50811e77cfba38ed8af39f508e2ebfe4ea8a40,1764459739,1764459743,1589,51608,,
0x49869c30a4cd4a321e9b283bd3cb5fe0b31e393f9d557e01b3b611f41a0efa64,1764459739,1764459743,1589,51608,,
0x777ebe327b4b76259fcb3137fe4d9f63511271e2e3c4b5c2fce8d3129259b174,1764459739,1764459743,1589,51608,,
0xf42d31f9d2f7aa4776fe2d885e98bbb5788bc939d8ae543816b37726dd098f46,1764459739,1764459743,1589,51608,,
0xbd3833da6bbc837a3bac94daedc7cd0ee357b91561419bd7c02cbd4181161090,1764459739,1764459743,1589,51608,,
0x20e9ed6489048da1c990c2ddecb352c87af5ffba946143ef8c83545194cce042,1764459739,1764459743,1589,51608,,
0xefe1bbea9f3739572ca17092a4265705da7a18c3b0cdded0bdf31302d2237572,1764459739,1764459743,1589,51608,,
0x16973b22b67ee5b035d94ad2ae6cfb23049835dfb15b18ada7af59431695cd9e,1764459739,1764459743,1589,51608,,
0xa6ff23bdac00498cc5c9b46bd5b723e3403f3b6267860a48fbc5cde56bf299fe,1764459739,1764459743,1589,51596,,
0x51e51527154dd6f7aba78fc00ef02ac87bc9cf1fdd1fa55732fa4591ee7ab2f8,1764459739,1764459743,1589,51608,,
0x5f7f1ce6bf456424999b95ee90ed84d39a90f9a3e70bad10eee5e862a498d172,1764459739,1764459743,1589,51608,,
0xcae03cc4ea5009313c8e1439021d5729a48e245496efd620f76a5645d75cf291,1764459739,1764459743,1589,51608,,
0x0f165d09780569df01df382a5b3243ba9ba7bee2e6cf54367aa9329aea63d1cd,1764459739,1764459743,1589,51608,,
0xf60902d3c0952eec7e527d109bf56bcf702bc55976fc1919742f9a3022260ef8,1764459739,1764459743,1589,51596,,
0x35915148451d0fa6dde2212329967f2e61794ae07ca6d3b7a0428eb9b0141736,1764459739,1764459743,1589,51608,,
0x184b5808b29da7bbeb80ac16dbf1d34ff36612b3c4c74034efb1f212f46080b4,1764459740,1764459743,1589,51608,,
0xa84709a39e44c61d5bde50b68d2f2a38529558a9d75317f5ca7dc0c43a69c2eb,1764459740,1764459743,1589,51608,,
0x882773601cd4c45cf7c70d3b650ff16966902e34ba5f775996e15cfcbdc6c6cc,1764459740,1764459743,1589,51608,,
0x6cd3bebae830ec72c9e605f1f6310cba13506dbc7b6cfc5071204f0530fb7563,1764459740,1764459743,1589,51608,,
0x2a4b3aea0fb60711d4a3e8a0df39777f4000b35ee6970470cb3c62a52d621c9d,1764459740,1764459743,1589,51608,,
0x8abf6c3b481f131387fee8a0207ad8be805f5146b86adfc9709ea9ec171563ae,1764459740,1764459743,1589,51608,,
0x951714fa4cca4a9c94e5b2f13be2f0132945a2bf1534359137ce3eb4a6761847,1764459741,1764459745,1590,51608,,
0x9c0b3901d8cd5274816ea1161f6f06f5ecc21b2284061bf05108929aaabf1378,1764459741,1764459745,1590,51608,,
0x3ee7c6e9962e74a26e64e9222dde39ecb1c62a2a5a5ba18e7ce2f3f0f0e68c0a,1764459741,1764459745,1590,51608,,
0xc2da2524a1268f3abfc3aa40517b599665066b2a041dc210bce98103cbf510dd,1764459741,1764459745,1590,51608,,
0x8c23d28f211a0fc6686371a366e84acd6fe5d35e51d9494d4edbc6fdc06814a5,1764459741,1764459745,1590,51608,,
0xa88f7b0cf2cf5af738bbfded19f84c48255dc5aae4ae21738d8caa51123b8981,1764459741,1764459745,1590,51608,,
0x4945e86e238afac84fddd68eb8a3a607e9fefc3d1f7c693e78362afbc4a671aa,1764459741,1764459745,1590,51608,,
0x2f5ad5de96deb779feddd2f974fc97f4cc0d4e7b48dc7b5dd966c2591d25604f,1764459741,1764459745,1590,51608,,
0x17640ec50a2b17255515832d964414bada729e731a8ade9bbbb94257577f2835,1764459741,1764459745,1590,51608,,
0x55129234efb14696b0941ae04ebe64caf428d802682007c1ff380e03c80b9ce1,1764459741,1764459745,1590,51608,,
0x345b024bdd23258e0dfae18ab5fcc5a62551f1a2bfe0269e323d44bb4bcfd18a,1764459741,1764459745,1590,51596,,
0xe06519fe9572b00b5f3c623f17d348dcfcc08dae53c7e3967234c4dfc4b238f0,1764459741,1764459745,1590,51596,,
0xa94433130de2b978536ade3ed452fc144556759e3c26387efb9289b3085652e7,1764459741,1764459745,1590,51608,,
0xc797fa59b1f963a2a07a409a40c775a6d9d21ae0c9099f94dbb0cbf9747bd43e,1764459741,1764459745,1590,51596,,
0x76aa0e94b10e2d471bb4b0d9a8e785b60fc4046779288eeaecc442d4731b29f4,1764459741,1764459745,1590,51608,,
0x15d146d7783ba6daa75a58e40fdc33768c771500a634732e9ee33ecbcb89afd6,1764459741,1764459745,1590,51608,,
0x4a20f8c152be33979bba06c0d107d17ce2ef43475bdcdbfcb28ea0971bf787f0,1764459741,1764459745,1590,51608,,
0xd8cc36ef3ed7c32167e04af31d52e8df3200f5ed7c20c5781c773136739dea97,1764459741,1764459745,1590,51608,,
0x6d96c207945078383314d04b8a5123937d22792f739fb9dbfaf41de64f2eb7e3,1764459741,1764459745,1590,51608,,
0x06aea962d224f7a97dea88ad826211ae0a7d3a8d768114545d6726482708135a,1764459741,1764459745,1590,51608,,
0x64253d99a3cd496b2bb040b7deadb00a72c681c51f155ac66ea957b03d1699d6,1764459741,1764459745,1590,51608,,
0x43ac0112c778e695deb097fa480045c2d25d7e7448af2b1aee83b541733c511a,1764459741,1764459745,1590,51596,,
0x5647a60f8bb3ac59c3627340673a977141d5daab43b461684e76082d84fa7771,1764459741,1764459745,1590,51608,,
0xe315690ea2baf1e2eadff7be266f219ac58b995180c8ff336a3c790485f718a4,1764459741,1764459745,1590,51596,,
0x5bb86335a19832e51867fdb9ef2acece1d9a95fe9789f20ecdb29aa68f0ecc6d,1764459741,1764459745,1590,51608,,
0xb2e823b5ae55cccf9ffb43f6e07877f6e60ce353cb3e8d6767636d09ff1532ed,1764459741,1764459745,1590,51608,,
0x2f175ee0cb981aced5b2a31285ff20056ffb1b3cb228be2afff4a15f55b91795,1764459741,1764459745,1590,51608,,
0x01d8131468a66aaf66bcc23eddb6986b7bf583e2ab6a407ad5497b89a7f238da,1764459741,1764459745,1590,51608,,
0x66c55260fd26b1839ec3a73491e86e2ae7b27b3f5557760812792bbe4e8ef4d7,1764459741,1764459745,1590,51608,,
0x660d3994337c8a78eaba2e86f04d8b826fa7a882861eac4984106e3dc9809e3e,1764459741,1764459745,1590,51608,,
0x971c4cea4b11508265c00914b0087a54b47ea720a766d2cb0d91b2eedf872f0d,1764459741,1764459745,1590,51608,,
0x5d47923090d3d8577547f94815368b83c80e2d71ab3b0f8fce9d08d367466cb9,1764459741,1764459745,1590,51608,,
0x076939190491cbf279d588609e371a95d5eecfbd692c9a2bbc3fe76a8a968597,1764459741,1764459745,1590,51608,,
0x85b162273b07828fe4a3136cb15f39ea4abca9582c85b9bb27a13b6ebb906fed,1764459741,1764459745,1590,51608,,
0x286df1f5afda7a6f977a1a7499b482c29689e9bb519059dc1f4a835a80cca09f,1764459742,1764459745,1590,51608,,
0xa4d0b0450d89b84e2671bf2a8f66c2f3499a5fb74b1bdfb7bab055e9da004de1,1764459742,1764459745,1590,51596,,
0xc76e50d033fa8ef61e0e667b5aa16b273ae03d477bd74239891234ebe3519062,1764459742,1764459745,1590,51608,,
0xe88feb3c766d8e28906fc52e94dc92b4f1d76a3961975d53a156afaeb3d53702,1764459742,1764459745,1590,51608,,
0x89bb21184c1e443c1360c06d58727cbf187313880263f901f4a73e759493e3b2,1764459742,1764459745,1590,51608,,
0xa61339bf7367635654e8a95893bd00f087e2f8f9e6bc95deb11fa2973f1c0db9,1764459742,1764459745,1590,51608,,
0x83fa0d00a12124e4eb4352e9a29373249036a5d2b90c7e76de804d9818e61fc5,1764459743,1764459747,1591,51608,,
0xe8aab5412b20aa9e90e7b4e658bc2f942e96796207d7ff59abe2c1579a29d9e1,1764459743,1764459747,1591,51608,,
0x9788b4b9761306c7d34ac9cb815e4f75c6a66c548f199d43bf9b8a316b33aa6d,1764459743,1764459747,1591,51608,,
0x989ab7c67c9b82a2fddb7a55c6276a0c27badd938311c7059a7f891989cbdea3,1764459743,1764459747,1591,51608,,
0xadb74b8ae81355b81e980f51ad29bd99e093bedb1eec3efb56e1c7316943da19,1764459743,1764459747,1591,51608,,
0xdc3a8a95c19b42dd644c90cb8e46a8d5e0efbaccc346f38b89556ecda6320f72,1764459743,1764459747,1591,51608,,
0x35d205456c9b75a5311f1a450faf07b0f2b88109f8c22b1d825d0714701f430c,1764459743,1764459747,1591,51608,,
0x44925ab1a53085c343bf5ed0683f26d54f335e36662041d07fe51cfb742ab57c,1764459743,1764459747,1591,51608,,
0x38ee8cf394e8508205723876faff8507da29ea967a1404adae4c99c22bd299b8,1764459743,1764459747,1591,51608,,
0xaca0fea49f8249f59f8cc2a151869e19ca61041e9461f9117cc7ac092e393bb1,1764459743,1764459747,1591,51608,,
0x35147276d748ec6f635ab0232e96b2a887e4edfc2a889972e89981d57952e677,1764459743,1764459747,1591,51608,,
0xba25196d94cb466e55c0fb537b22603a535309b0dce7fd0f6e26eb9608234197,1764459743,1764459747,1591,51608,,
0x1d6da76017dc1de45899eab6366d0777310794cd3c1f1cbe3712f80b0113dc4f,1764459743,1764459747,1591,51608,,
0x8ac07fd5d595b2d509afc573a5cd93f11d4ac668139f444f912e4087bfec807f,1764459743,1764459747,1591,51596,,
0x754cb0fb0ab702e4de7bf4973f77d6c9c4465c06125ecac31e469897e8a96621,1764459743,1764459747,1591,51608,,
0x71e6dbe80dea63a6215cce19fbbf6d807837b851736a674b84a30c2220666c31,1764459743,1764459747,1591,51596,,
0xfadb5fe08bcc5a6b4b6657b89542411e28a0e880665be76cef798174733484e6,1764459743,1764459747,1591,51608,,
0x8a118fbcbd15dc42aa4c1163c8c7ba6377d8ef9d70bbdd86ee1d988704f09b64,1764459743,1764459747,1591,51608,,
0xb93f28bebdad10dddeb90df20674065f3960afa84dc398fbaa6a53b4db2e2580,1764459743,1764459747,1591,51608,,
0x69b94e2cf5320a3cd3a4520d48123b985e74004e9c58d50213f780d9b34eaf95,1764459743,1764459747,1591,51608,,
0xa8f9f1740d4bca60a6256204b400e0ce7f40459414d8ea1502d0b39ee46aec75,1764459743,1764459747,1591,51608,,
0x3205e31a0648c9c66ff30625362603455b2e847867f114ba4dd37096c805d0f9,1764459743,1764459747,1591,51608,,
0x938c572dac43a79e9d1dfaee830eea2f9af5134e28e1d3a6979790a874127df9,1764459743,1764459747,1591,51608,,
0x7688b2efa355665a0aa3dd66e9ad477a662368518dff10412e9dfccda7cf8804,1764459743,1764459747,1591,51608,,
0xcb64b992a9ae869418a96cb95a4e523c3332e75874e5912aece851a687dbcbf9,1764459743,1764459747,1591,51608,,
0x6572cde962bbba7505b1d7b8903be00a19fa892adc5f527208f47163e75695a2,1764459743,1764459747,1591,51608,,
0xbc98ae3f4f5abc43f297bbacad525b2d177446dbefc216dc956f946186f393de,1764459743,1764459747,1591,51608,,
0x28aa92389440dadf0a981a6d1f3852cc1d8c044db76908ae8414c5ee3117b380,1764459743,1764459747,1591,51608,,
0x5847d4ec71564692f32cab37c16cd5e312309020ea497c753af6b263a02303cb,1764459743,1764459747,1591,51608,,
0xf7a8e0f2864f92a45ae4d00e9d8a8f0d2e056cec03b1ac738385718b98af8972,1764459743,1764459747,1591,51596,,
0x24a12f5e24f88aa5f267cc8800b0f26b3113f7f5e99615c18d83801601287812,1764459743,1764459747,1591,51608,,
0xaa69ad20517ea78c4fd7b44b3c6614283a432fc581b75fb67d92b8e665b32e66,1764459743,1764459747,1591,51608,,
0x92eea8eb20f43745cc7afd182a78e2c0f02d45f5abb1091776d07abdb410967d,1764459743,1764459747,1591,51608,,
0xe215638e086f48d025a99328941089de63b0b2af06a7444e001b84174d6cc471,1764459744,1764459747,1591,51608,,
0x0d77d316c0fd06d87030633c515900eaa0a1f5c9a79adff31d8f8bec8f3d7931,1764459744,1764459747,1591,51608,,
0x6f468ee9d2e4723520544d0b996937081a4e47b686aede4c2b5cc980e73f4653,1764459744,1764459747,1591,51608,,
0xe42d071b403a388ec2bdb35960e9e809d85f21acb938c702110b4da2bb1c7918,1764459744,1764459747,1591,51608,,
0xf98c93b1d18fdb0972bca6108831ed94e4cd57c7e3b143a18c43f497def2cacd,1764459744,1764459747,1591,51596,,
0x469fbc9e67725452df9f7f0feedc7d420ecc60ac561e09e7fe348bbbb2db50e4,1764459744,1764459747,1591,51608,,
0xcb131e92e763d88eea09de89e38a975adfcbd67c5765043e63cdc377fe260ba1,1764459744,1764459747,1591,51596,,
0x74aec6cf77f782b55328fc9e027a15e631c19eaf11ea895ae12dc287c13fae84,1764459745,1764459749,1592,51608,,
0x4a2327e7453a97d5a5599a38261dedb201fbb5b5760423bc454f99edbf336de0,1764459745,1764459749,1592,51596,,
0xb6bd6e921cab3f7d45666bc7430be68274ee7680ef8e909be3eee3798258669d,1764459745,1764459749,1592,51608,,
0x5bb0492e637f35dd925bd4a5512d10fd9cb436acb115c56cd0c74af7ffa95acb,1764459745,1764459749,1592,51608,,
0xe0aafdf934b77d0bac483c2155dd6939c6b9fa46144eb31c1d6b6ca78293bca3,1764459745,1764459749,1592,51608,,
0xd276c473b19d34af387c0ec6ff38a53762cefb21455ba66106965450f97ffa6d,1764459745,1764459749,1592,51608,,
0x8d8ebcd06d8810264fb771cef0b3fcf24e0f1981fefebf6eff6ef008e5578468,1764459745,1764459749,1592,51608,,
0xa902d9b177a2307ce0ee7fba7dc9efef35e63a4311ce851d1ae1ff462dc41dfc,1764459745,1764459749,1592,51608,,
0x86a39b9822c7f1d2a35b209cbe1bc231c11945346d50f20b5c404a12691a03de,1764459745,1764459749,1592,51608,,
0xd62385bffd8d9bd8e62772b9593cfe7b90a9bb62fd1c5df61b54d2d79b231ec6,1764459745,1764459749,1592,51608,,
0x8820d3e4e6558cce044575a787ec10ea2a4760a7ccf598639c83044e8c458b35,1764459745,1764459749,1592,51608,,
0x4b336bd5f9f3efb71ea66da6c629609e6cb76227602541e3784ede14ed57c7cf,1764459745,1764459749,1592,51608,,
0x5f5e92f1389e6d4bd1ac5b62ea1df005fa4b3ae79385d887571ade21d0223564,1764459745,1764459749,1592,51608,,
0xcadabca68535bb6a6e7ce172afb77590885b145279fae06944f94bf4b8c6be14,1764459745,1764459749,1592,51608,,
0x818bd79d4eaf9b5ff468422ad0f78fddd36117f3c9ccc1ce294bb99f2c221d77,1764459745,1764459749,1592,51608,,
0xb558546ebcba570b1b6086f4ecbbab8fbed9d0e94b0dc0da8fb1ba7cf488bdb4,1764459745,1764459749,1592,51608,,
0xad35157bbec6a9ed1c851df8005007e413fa12f2caf00f115f2a310077c44998,1764459745,1764459749,1592,51608,,
0x518f05d25db38b39fbc930c2b6e4d3645d93551b52252b0fe49cf4efd28ede00,1764459745,1764459749,1592,51608,,
0xb77039a406789823833f072fdd5a080176cfbf6298941fc7c14bd64e6589946f,1764459745,1764459749,1592,51608,,
0x880c80e08f7d1f1b42b9e5b6ac7845dd91e43ccfe28ecce18e71bb220af80caa,1764459745,1764459749,1592,51608,,
0x14c63ef8fef77672a4728e591a5a6f1e9a8ad65b855035d9b09140ff5b167d86,1764459745,1764459749,1592,51608,,
0x96731abfb4944172f4906cb1595d7501c496106619ac49b5af65ad4aed1e4777,1764459745,1764459749,1592,51596,,
0xb6d77f54886de4a69f054748caf2ef7348bf83723abc00ba4fe807cb9a22aebd,1764459745,1764459749,1592,51608,,
0xd566873bedb38f7ce2f848bfd771f7fd3b42deaf46b655b9d0048b5a2a13c7bb,1764459745,1764459749,1592,51608,,
0x6416be9fb31418f57e6fc7c5d2955be46882f8101a5161cc875368ecc2378671,1764459745,1764459749,1592,51608,,
0x7dabb8cb45b32c632a9115dfac814a72e5ae00fb2e5a822fb7af8af6dc02296e,1764459745,1764459749,1592,51596,,
0xd9ed5066c17ddc588e3c2dbf7271f1ae16e9aeef1818b17c315b03790cdf81e9,1764459745,1764459749,1592,51608,,
0x04fe87032e789d52f4990431074016f05f4763044d5e8f587f4cdf3970236b0d,1764459745,1764459749,1592,51608,,
0x5241c70bc2a3e439b4df74caa5c4e006797635e06de32b9021c8abb35c4b0ced,1764459745,1764459749,1592,51608,,
0x95ef941518e420df405293736928591078b43bf164c9820626a5b8d75d869da7,1764459745,1764459749,1592,51608,,
0x5bdbcaa7cb42e126b5bcc5f1f23232b9289201ac31af3917f6b86426ec7312cf,1764459745,1764459749,1592,51608,,
0x061f9358cd452a9f1aa989e099013a9f2502e35d88e61e4895713c6b471ce77c,1764459745,1764459749,1592,51608,,
0xe1544adfcddb7857edfd7b8d5c4df751e04c0ba57a2fa48391fa4635374576a5,1764459746,1764459749,1592,51608,,
0x7ebdc8a6c330cd032672c04d40cea0817f05af17ab9f0b175b11c861810837f7,1764459746,1764459749,1592,51608,,
0x5499755a36cbbc5e98117b1cbfd9be56fcf40fb6bda774c5a23fc9dd183d229e,1764459746,1764459749,1592,51608,,
0x2b8e9c510d743a64b7047ec45b54fecb69da60fb139fa4c2e3aedd126fae5579,1764459746,1764459749,1592,51596,,
0x2121bd0b6a5a129ae5bfe983dc3ba73c2a78a05f5076b47d7c9cc52b88d83af5,1764459746,1764459749,1592,51608,,
0x8ac0989ee22f57e1c60a3b3d18b8a85ce868045fed54a8b13ec35a5711aa2841,1764459746,1764459749,1592,51608,,
0x840ef4a08bf1c834f88ad22281d725d94553eaebf668eaa2611d9834ea6627b5,1764459746,1764459749,1592,51596,,
0xec7c43a1dbd027b8829bb8d1ca80697231b0ad0372286c3734e8a6ca98f76dbc,1764459746,1764459749,1592,51596,,
0xad527e0fc0256526e62bf71ac41f54dd5138d148d7eee7c9ff1bdee0402bde52,1764459747,1764459751,1593,51608,,
0xece2bda784ed5c176bdeb26208cf4ad9db4681a4a2dddcb37c22132c38cea264,1764459747,1764459751,1593,51608,,
0xa2272f46454b2ba52da4a9d5bfea62864b25b43a3d32256d1529e2cbccf4bd94,1764459747,1764459751,1593,51608,,
0x224006b4991c3d51a4de666e4aa9275ab16ab6ade1edb1d6ddb926f98b9e65d6,1764459747,1764459751,1593,51608,,
0xff0e67d394f10761eb17fd75a706b6093daf1c8e7e3ae846bb7074210a0868a7,1764459747,1764459751,1593,51608,,
0x144d9be5a2101dbd65c37db6f8454004977005612db38412a3a8197d3e720bd2,1764459747,1764459751,1593,51608,,
0x0095ba96d31bec0e772dc0cd78b3a155ba24417d1cd55faa0c3e8745f6a1e659,1764459747,1764459751,1593,51608,,
0x73c2895a3adf07e3e9f1a7ac94059a008a71fcab65a1a75962b56ff3e379a40e,1764459747,1764459751,1593,51608,,
0x0292884ca267637b6eed58af634d2ab5c2d4b7b2151a17dd9d2afc221624b615,1764459747,1764459751,1593,51608,,
0x793061121a3cb882f7fc797b4486477f45fd08540d110787494e7519c6381661,1764459747,1764459751,1593,51608,,
0x5cfce3f5eb60fb0e1a2ddf1ede2bf41b1f7edadc25030baf3322e34a4c7fd7ea,1764459747,1764459751,1593,51608,,
0x968891732108309e71f0f40a25f6c610927e93497b2f195e6c96476797e19649,1764459747,1764459751,1593,51608,,
0xa10acad16b819299123bc09b2f063876d8058dba85ed2f98db3069800c850dd2,1764459747,1764459751,1593,51608,,
0x178cbbd8a183d3187997d89cbacb113d561acfa9ca99d655e2c6264e8fb675cc,1764459747,1764459751,1593,51608,,
0xfd1e04d58ea68af6067a7c00ac2a3a93a207a6a423985512a7b94d0d850504dd,1764459747,1764459751,1593,51608,,
0xe4b9b8e95d15042a827a1042cbd19dd48124a5bd2ef67d09bb324c1ad9ce2201,1764459747,1764459751,1593,51608,,
0xacde69ea30e6f7f0903599120f27fcd3e89f9101cd55f70d7b1d15372a461ba7,1764459747,1764459751,1593,51608,,
0x6b4674f01fcce8764deafc3af74419b1e2e914981e9d6488a6268bced9921a66,1764459747,1764459751,1593,51608,,
0xdf55780d002509780b47856df02091280074c5b87971d50f958653fcec585346,1764459747,1764459751,1593,51608,,
0x58036209c0ff7ca38341f45f4301685d59f8eeeb78e38518ed237697393234cd,1764459747,1764459751,1593,51608,,
0xcbc9a0f404bd91c68e9de5bafb092dfa47463fcdeb28d52ee51a0baa2b334fcd,1764459747,1764459751,1593,51608,,
0xba867b6aebdf6150cdf83eea022c1cfb37e7b7e929c254693e214354074e368a,1764459747,1764459751,1593,51608,,
0xebafa1d2f05cba0a575912287017007232709c515b1dc29ddf48a30a52cf50ea,1764459747,1764459751,1593,51608,,
0x2a16d7af3a4a6b3b4e54cc9b90a49a675170b3cd2ebe207bc32d3ab4da2c2bfa,1764459747,1764459751,1593,51608,,
0xe6126bef89b3afa4d2f409243564b98ba6cc312b6ba400b3c45880019159a2a8,1764459747,1764459751,1593,51608,,
0xbaa52bb51bf0e9655234090519cffcecc0d4004b022df7b4c197a2e994ed71a0,1764459747,1764459751,1593,51608,,
0x88b2ddc8d130cbfaefb844b8323b92565b6d2f569e594fc5e84f3b69154c684d,1764459747,1764459751,1593,51596,,
0xf0742c7c1592ba62fbf1233bc3a1db92b0bf89f922ae9fde40637f8169ccf3e3,1764459747,1764459751,1593,51608,,
0xe21747ed758a77f1f5ca7c9afa7e41a039b6499320219ba7c01d3739b6fd514a,1764459747,1764459751,1593,51608,,
0xa706465d3dc067ffc594dbc0b15b2f66905caaf7819125e74c667802523054be,1764459747,1764459751,1593,51608,,
0xfedd472172652ee721f43b0bab257a219b727457bdc043be7ff035288a8e3d2f,1764459747,1764459751,1593,51608,,
0x486e8f3b2b5853828dcdfe4e91a268ce8e31f7c7e0d4634d3b788ec135feddeb,1764459747,1764459751,1593,51596,,
0xa015d269d5ace27f8f1f8d2d200874fe3bd174d91c4b8c4dc244908dbaa8e74d,1764459748,1764459751,1593,51608,,
0xdc687b5d070a3c897d918c7f45ae57a6db1f1f0d0f751dfd18dd36f7fae46c6b,1764459748,1764459751,1593,51608,,
0x33e3276dcdfd4f9a156aa008fe00605c15063beea39134cb8b20a084a03e4e14,1764459748,1764459751,1593,51608,,
0x892c663a07200b7640b080d4edcdf1f156533c338fc1b7cbfe34c4932585093c,1764459748,1764459751,1593,51608,,
0xa3b49962c93c22f9c7a832d5fb6b119350e509a12360b0071a77a2abdb88a24c,1764459748,1764459751,1593,51608,,
0x057a07fcc581321d41ad190c29841a500e29f201ec53062cda7aeb994b2a8598,1764459748,1764459751,1593,51608,,
0xbb53e6a152c80c0cf0f35c7ad0a99e1a08bfe6f409e4427b84eb1a243cfda77e,1764459748,1764459751,1593,51608,,
0x8ab77e6cdb487682fcdef5cae84b41829afba5214a803c4b68363a943b6054bc,1764459748,1764459751,1593,51608,,
0x66d45f6eab2c530b8d93b57fa84ddbc0fae9aaa5f572950e55c2358ee1365903,1764459749,1764459753,1594,51608,,
0x89d2490f42edb469c0dad52dd3efa873107d818304d0651a4854c787b60aa725,1764459749,1764459753,1594,51608,,
0x0c86b066192cddbb870d1264db1cabd7ffc8b71826a6d50cc33c6ecde6decadf,1764459749,1764459753,1594,51608,,
0x5dd4b733d936d2ef001a83b3b89eb310ba47b4ae2a6b53b44acf7d2578381f6c,1764459749,1764459753,1594,51608,,
0x3def7aed3f78e1560592326fe71eca5ec0f09a532119b766c6764313b14b4e09,1764459749,1764459753,1594,51608,,
0x5ada5d77d53249f3e8c6045522f566a14415e9cc4da649e85784bb34b452e8d3,1764459749,1764459753,1594,51608,,
0x80077a5fa8c9201bf9c2fc8045b658bc877ee495d7c3825e7f553df4da248b89,1764459749,1764459753,1594,51608,,
0xc910641cfe067479d6995c9798f1074b4dce2951e3062d4a5f1c576107c68985,1764459749,1764459753,1594,51608,,
0xe1df2ea2034829cec5f8c14899a9c6468b7479a41711f1128ba15030c84a23fa,1764459749,1764459753,1594,51608,,
0xf22808b4996e30ac9ee08a6423c7c2fa89f1e363e72165e717d91f904db7190f,1764459749,1764459753,1594,51608,,
0x82326d3f663f5a8a04fa2def3500fb1e5ee7c63503d98f447e787604f3174080,1764459749,1764459753,1594,51608,,
0x30b8cbc36d9cf039c3922be41225a350ed22180c68bda8e51dfc4e598a67985c,1764459749,1764459753,1594,51608,,
0x1d5d66fb634e79e78696b7ff876cdfc457b061d67d17f40980ee3ad9762f6890,1764459749,1764459753,1594,51608,,
0xb810331f2fad8f89c3e9605b92834b262ba9a1f0d10577b1290ba5a0434cfc3f,1764459749,1764459753,1594,51608,,
0x47775d5f946945d7f7365739a6f32417edb57ec3d87cad15dbdf61ea6be41c09,1764459749,1764459753,1594,51608,,
0xd7961319cc29ff09456a3e3d9241bbe0c595f865b53bd81f844b43c6859d395d,1764459749,1764459753,1594,51608,,
0x20f1a564f3ac4d95632e24e77bf1cd45a87dd036d5a96da44f3e3f1a53b6cf1b,1764459749,1764459753,1594,51608,,
0xd3be5879179ec49105c5abdd9a36be20cf489f530a31d0cddce199b686bae2b0,1764459749,1764459753,1594,51608,,
0x321c0b5068ebcaefb051ab76247ebc1c068dd50c86fe44fa2b3aaccec861d0b6,1764459749,1764459753,1594,51608,,
0xd39c99d2a06a54523f5bd4bd5558b3b89448eb1e1f2ed20a1e17155e04491e35,1764459749,1764459753,1594,51608,,
0xca9d74a5f73bb6702086188488e02449b043150bbb052c5cdc07850e5a6ef8f0,1764459749,1764459753,1594,51608,,
0x51a473df0155256bde51c812bf5c54ed02576f55ac81835fcf464951bde3cbe3,1764459749,1764459753,1594,51608,,
0x8c545d7947d81d2ea7e973f5165d5801d707ba43584879a75890ebadc4e2beee,1764459749,1764459753,1594,51596,,
0x6a34a0ec2ca33cd2142be1b26cc7346a9946be5d0a48ce9c94d763b595602791,1764459749,1764459753,1594,51608,,
0x77ff69c5c8748aa6717c078c394d76f76317fca31ddae17700552fc8c87f4993,1764459749,1764459753,1594,51608,,
0x7ed02462d59c8e30f0f208d86e6bdc9e7b79c0e042e95a9152a862521a7b4d4c,1764459749,1764459753,1594,51608,,
0x26e6c81952b395b58e4c6368fd29ba6c37cfc01a3db72089a5061de58f7fb2d2,1764459749,1764459753,1594,51608,,
0xf82863af873666205f6257098afdf9f2a48562b5c4f44221fc80ae57488a7aec,1764459749,1764459753,1594,51608,,
0x4498b2e41a2acc6beb5a8feff5149845dfec71abae6bf401865d92e5c580d34e,1764459749,1764459753,1594,51608,,
0x0ebe712adb422dbf428b49c13f24298d1ecd25968931404dcebdecf6ac248b3a,1764459749,1764459753,1594,51608,,
0x57877bb70709aa1113c79d2ec824d0d64b4892519521799369239e8be48d138b,1764459749,1764459753,1594,51608,,
0x51743bc75889b005cef47a01c66c6fa536d0243f2cf4d32a494579548d01caf7,1764459750,1764459753,1594,51608,,
0x1331aa8fb7ba446b0c2e34cfd00bac63c1fef5fb014f272679aa2f992f35e764,1764459750,1764459753,1594,51608,,
0xe9b9005cf01ed9078a55fe86a26fb7d21f6d680741b6f3ada91c1a9d1da58500,1764459750,1764459753,1594,51608,,
0x6262c922a11741a072a6df3324b7d4288af1cec19d8383a4ce0d8382f81c2137,1764459750,1764459753,1594,51608,,
0xf845d8903a13a7e4d7eeb7b65095d3a6035868d94ce3088a5d585e4b8905626d,1764459750,1764459753,1594,51608,,
0xdcc4af8c09c1135ab564c128f172a075aacccd5d562872b942253fc2dbf8fa78,1764459750,1764459753,1594,51608,,
0xb5be3dc23c71a1b09c81d61c672e2de39a0638a0d8a3c9340e41b5030709fc9f,1764459750,1764459753,1594,51608,,
0x9dc38978e2be69824127a74223d1f2f84350702a1065358edc1faab7b9ca2b87,1764459750,1764459753,1594,51608,,
0x53af5a9bbf9e601d8728f63993f0db2978802429b56b3f79c058ce0a75d0aea5,1764459750,1764459753,1594,51608,,
0xe91de005203de2024f52f6c22fb713aceeca94b7d785b86723a6c8aea5b9fcd6,1764459751,1764459755,1595,51608,,
0x70bc894fda4041268b7b90aacd56f74c2f4a537331b04596e96f013df49decd8,1764459751,1764459755,1595,51608,,
0xe6433f31e118a64da9e4dea9ec37dc8b8f11d00cfc44f37efcd9e5345046e2c0,1764459751,1764459755,1595,51608,,
0x6202c9fd2c1528108ed3a9f3dadcf5cc8c40fc3ff86b4ac68bf5169aa2561394,1764459751,1764459755,1595,51596,,
0x6c0e56cbcd1cf1ab4fa083ed55dc433a954de5046532d02a414b5ed321f3586b,1764459751,1764459755,1595,51608,,
0x878972672bcd11bfb2af955687aaafefb1e3a1059dc984a88bc269ec9b486f2f,1764459751,1764459755,1595,51608,,
0x176758b675d796464bca341a0a9fac476b6d370777c3d0282f2ba2a7bf7e043c,1764459751,1764459755,1595,51608,,
0x54df71633fac197420f905f804d5ac721f637b0c9a4cf38fca7387068e726ebe,1764459751,1764459755,1595,51608,,
0x6bfc3e2d1a8c13db0cf8cb3ae044b37668f29124f8ade427ed6aa9b12362b5e2,1764459751,1764459755,1595,51608,,
0x96d55e28b7c9fd64184fb92ed88660de5c49fc7a46987cfda005746bf757bc15,1764459751,1764459755,1595,51608,,
0x71d05ae53a5cb408c4566a2896b0408a0e64ab9071f429fed50e4c263e373444,1764459751,1764459755,1595,51608,,
0x5b5f9dd3190b6e768cab0534344780d2924ed16b85d7b17848f35aba2bb2f4a7,1764459751,1764459755,1595,51608,,
0xe579181e6a09bb62f899b7a9f0d66cfd92e7f2be14f1f6853dc6fee90de94c4e,1764459751,1764459755,1595,51608,,
0xcb5f1c9cf72a3a4f708af9b845c1b94eac7a2ba8ece9cb64c18dde41eda5b0fe,1764459751,1764459755,1595,51608,,
0x5396fdf11ee021b454ceb01274d042e83970c112ab4ce6cbcf6b33033e3cf187,1764459751,1764459755,1595,51608,,
0x0de3892e0444b41aec1d959021a67acf95f94ecbd84e1321aaddf901820ccc90,1764459751,1764459755,1595,51608,,
0x616ef1fd602780cceb566a3e4f5497398918139b40a0336e3e04b8c8adcba791,1764459751,1764459755,1595,51608,,
0x55448ba6962cdd0562afbd7b444cff3d40e88688b3a48869f68350dfdf84e97d,1764459751,1764459755,1595,51608,,
0x8e8de96172fd7a7ef75fc54ec9b5590efd2a626a19bc6b8c50ae9767c002e4b2,1764459751,1764459755,1595,51608,,
0xf910097be84868beac75d2b8332849b142e00e062b3834441e5d81bf4e383761,1764459751,1764459755,1595,51608,,
0xfff5ece9859174ef5e3a31c4979533a73269e21cb5b682f7d3d4b5a616113f5c,1764459751,1764459755,1595,51608,,
0x24e101b6e6f6414dfca154fb1a9e4984780011fdd452c0c9ff4d26ca74d8a674,1764459751,1764459755,1595,51608,,
0xbfdce1f3d6dffce93f96ce27afbb48f9fb218271eff20912ccf12b4f335ba302,1764459751,1764459755,1595,51608,,
0x471a70a9639b12f315659ec035f2de5d7616a9974761f8c500750b726057600a,1764459751,1764459755,1595,51608,,
0xa65924c946511062cb85eb705c50beba5bad8988f8ab9bd3c991aca4d3d74dda,1764459751,1764459755,1595,51608,,
0xaeae0e2fa1f7bd1cd8215a19c92ee4926913378fbdb78ced3b6a4db99e9bdf4b,1764459751,1764459755,1595,51608,,
0x2905d06f4a4fd54c1717013e877751e6b4f8fa660ddaa37e7d02680e3895a45f,1764459751,1764459755,1595,51608,,
0x50d438020e88e7c673121fc84d8c50d8fcb825ccac981be84179032b3c1fda99,1764459751,1764459755,1595,51596,,
0x620d4d1e078740569d2b2eb92234aafdbce7a8554f000f7c5f8838e9d6d613ac,1764459751,1764459755,1595,51608,,
0x1991c1f8ffe6b2c1cc1aee9060e5a4b5a476706093b426e4d033b339fee48f40,1764459751,1764459755,1595,51608,,
0x8d1d2b4636aad94bbc104db2cc14046c8f24b388e17868db45ae31e78dd430ff,1764459752,1764459755,1595,51608,,
0x21b4dbacde8e618ecb47c2b08a8584dd537f45c7285ffe80bd71bc6937f23947,1764459752,1764459755,1595,51608,,
0x5fd461c771879b63d12b289d129513b59a9c909f52385f88a3f7932697b22d07,1764459752,1764459755,1595,51608,,
0x08f414ad057cd4475bbe1454838c7daa8dde1784d1223430b13f2c0871aaee41,1764459752,1764459755,1595,51608,,
0x6399f8caa98243abdd772353e60c15ecb2036647e90ff3a48b234170a364189a,1764459752,1764459755,1595,51608,,
0xda71e039d0a9b7a745521d059c1c0ed7a0a80c44d4124b005f0b4be4d1430128,1764459752,1764459755,1595,51608,,
0xab7ca7d6e31ea350b26d2cd5946db604ac88dfd8a10e7321d3e94c176a262010,1764459752,1764459755,1595,51608,,
0x5a85847a8f54bea39ce4eb4f5e26ea8fdfff2347749ecb24645e5d93afc3d4f3,1764459752,1764459755,1595,51608,,
0x5b76bc83c146a637665c094fd913516ba0c6c6eab61d3a4a48c9e63f0c2cf8a7,1764459752,1764459755,1595,51608,,
0x1418c0c8316a3b54b8e6766999c1655c690d12a5166787bb0fb452b249112df8,1764459752,1764459755,1595,51608,,
0x7183c0966ca266afaa8d0329ac9d43d72a5c1967fce956e9870f1835dbb579c8,1764459753,1764459757,1596,51596,,
0x84b9805f0aeb28c9fd8d794e7967c2fadb12a38abbaff2ae15964727d00eca72,1764459753,1764459757,1596,51608,,
0x13028e036591ac437d06c5e85822db0d43f97f5959ef86ec0258034d10c9ca83,1764459753,1764459757,1596,51608,,
0xb77a43ef5d3f596f4d9c2b24ad008fcd32171a6d25977c9945934ae53255383d,1764459753,1764459757,1596,51608,,
0x2055b7fc389392c87aef5ef71b85643a3a0ca49ed98c3b74f6911fe44770ef63,1764459753,1764459757,1596,51596,,
0x15eeb9638d16cae039e06a047dc375990717666a5c052195e54c2dc0c5e4ed3a,1764459753,1764459757,1596,51608,,
0xed916c3c33d7cc51e5ef2cee863778264ffc413101b770fbce937d5694b75b33,1764459753,1764459757,1596,51608,,
0x37ce4b7bf3a059a97ef08317705c44db491a453b99af530a33d728ff70be56ee,1764459753,1764459757,1596,51608,,
0xccdffa35108e19122cb31fb2b2bbf1ae9501f03f5e588b17ac32ad6b23d88ff8,1764459753,1764459757,1596,51608,,
0x5c830083e1ea72d1b45f4b1b0704aa15707c08e6aa294d4110563c37567651a2,1764459753,1764459757,1596,51608,,
0x215c6dbf7952a81fa79cea753babc0c70f1a7ea21eeebcd96b34eeab7e6b9a3a,1764459753,1764459757,1596,51608,,
0xe69181c380021517971d5b72d19e94615e3deaf944ff6c1760cd6d9e84741023,1764459753,1764459757,1596,51608,,
0x6362992af322f9f9e020735a42c07b08c711b8a89d3420847f2f235ea18eab3a,1764459753,1764459757,1596,51608,,
0xd2317b1fae93e30900756e7c01968bd865c1c038fe611ab477189c8b2f0f086c,1764459753,1764459757,1596,51608,,
0x596ceb4ad2ab4f9bb6e0c5e98f267dfa6ed385ac8b13035e607317e64bbee181,1764459753,1764459757,1596,51608,,
0x5f3d097ba59f0cfabf76249bc1045a4e404b3a402fcc263bd1604d0066949535,1764459753,1764459757,1596,51608,,
0x5bca0c6667d793042f777154dfaa54034f9b4a13a6d58431dc15c819dcbba877,1764459753,1764459757,1596,51608,,
0x0329ad6ae1418fb34f69788cbf85f4cdc2a4bd6b6b3251a6485051d0c041989c,1764459753,1764459757,1596,51608,,
0xe0dc549dea9e0ddbd0ca29a3a50bb6053b216014df0bc52dbd61ee160ec624f8,1764459753,1764459757,1596,51608,,
0x563bdb4e1c35930bdc12e6a7ad80723f40392db8d0bda7406003c7574cd5254a,1764459753,1764459757,1596,51608,,
0xe7a831fb6565054d5ba18274b734ae6d5a00309b373c039dbee835563711f3c2,1764459753,1764459757,1596,51608,,
0x0ffce4cc8b2a46fb98ece424d62422941faf15b4e1a6d2ff413d1b2ed372246f,1764459753,1764459757,1596,51608,,
0xce61116f555be2d2e97219b9dd89d52062db8589fa6ec192d2d0b11bfcf3db9b,1764459753,1764459757,1596,51608,,
0x2e4b58aee3f655a3fb7bc43b2621adfea9671dd8e9b19e2c1c8350f139f0cc78,1764459753,1764459757,1596,51608,,
0x3c27fa88ec0c856d58ad13589d2018df77f26598c9f13ba9ce87b6aada5377a4,1764459753,1764459757,1596,51608,,
0x2ca8a51e646a20c7b44717ea83c1c4460f5cf4e244424c95b58adbbcaffdc8e4,1764459753,1764459757,1596,51608,,
0xaf0575eb9d60595e34a1d9b81856d797ace527661804209b3aecaf681b7e35ef,1764459753,1764459757,1596,51608,,
0x8759264e2e65a2f067b99f7570c9a6aee63a9201932d3d5eec672a15891d87d1,1764459753,1764459757,1596,51608,,
0x8f220f3005e68c4eebad48c0bcabecb2576b241cb4376259c762853cf3c81b37,1764459753,1764459757,1596,51608,,
0x8333f143913c06523872f6be3b3cb42b3715f63c71b9a346a3ec60260f79766a,1764459753,1764459757,1596,51608,,
0xe415151edb2e0e3bd4b15ff15fdb6ebc7b10b6d4a671676d6cc72ebfe5d4c0a7,1764459754,1764459757,1596,51608,,
0xccfeefd47c27c9f99837f9331a239fca6e79fbe7d740f8bfa5db6cd6c7612ce0,1764459754,1764459757,1596,51608,,
0xf5930b2cfd72036ef1d1efdf824e39141e71c4713471a400e12d605b43c852a3,1764459754,1764459757,1596,51608,,
0xe2af6fe75d6496d9893cdda405209dd133d9303d67e30c8e0624887a3c181183,1764459754,1764459757,1596,51608,,
0xcbadf1fba6e2c69773960235be29200e107c9eca6f40b060f56abb2660f5a73f,1764459754,1764459757,1596,51608,,
0x118ed98132147511a19205a4455b14fd5097ba6ffde400f08074106d21175b65,1764459754,1764459757,1596,51608,,
0xdbf27b8987cf3cc79d702469a3e9d2610993204a3d967ccc83bb72bf0d839cac,1764459754,1764459757,1596,51608,,
0x722cd393256a667a5c597ce156330b19e006b832489de176a1285cae86e9afda,1764459754,1764459757,1596,51608,,
0x0679fbc59775517cd06124e372cb881b16dca8ac709f0bab90ec25702d4b75f3,1764459754,1764459757,1596,51608,,
0x21f20518df2fa19b62da3f6b18aa149d695e26f0c035d44b04094e127e18f226,1764459754,1764459757,1596,51608,,
0x6dd84f9eefa92e9a0dc77c817ada8553926688c6e7b2ede5d81bba0cc3ea7245,1764459755,1764459759,1597,51608,,
0x5e7e25662ccbfd33a6c84a24ee11cf5585af6b7d0f1106386cb63e9a9fe7feb1,1764459755,1764459759,1597,51608,,
0xb28c0912c8b87bbc0d43c7138a6d4a7e296c0293f1bbe89a30e465e1636e6834,1764459755,1764459759,1597,51608,,
0x3d165a07c53a89e777230e555b466cc0a57f935496a960b344e684989f5a9534,1764459755,1764459759,1597,51608,,
0x34af93816af76b0a6473aad2a12afc9434945d65292a2c1df5fdc7bdcbd1687e,1764459755,1764459759,1597,51608,,
0x68ac9ddc0329ab2c884a446c4714e1d0696d17705e274cac55750a17a1912814,1764459755,1764459759,1597,51596,,
0x60ee9e5bbbec044d72b1f2ff5dfd64f4ff1bd8d0137e01de00f6e31033cdbe9f,1764459755,1764459759,1597,51608,,
0x8094474da1510feb1cec7f989e70c23d0c98876cbc56bcc173adf8f8c05a0e9c,1764459755,1764459759,1597,51608,,
0x073ca10544e074d73a809eb7b8a9a6c6b2df8b4e349afafec125c0d8f4f82270,1764459755,1764459759,1597,51608,,
0xe4f6f87a24dcd2ce8a1a7ba77b0614ad55501940ec270cb8734b24bad4e2a524,1764459755,1764459759,1597,51608,,
0x7bf737eefe6ff317e399a2b496643c82f51ea186a86e2447b3fbc606608e5beb,1764459755,1764459759,1597,51608,,
0xf44b11c0e8cb8a4db6390967ca61c9a61f24a1433b27c1f9834b2d43311e576e,1764459755,1764459759,1597,51596,,
0xb959f3e70fe46eb661d565033118c3eaeee9a16117126cbd5cfadadfc8d21a6c,1764459755,1764459759,1597,51608,,
0xe369d093f80dd4af6ea98edfb088ce52f185dbf21e760a36c0af327ab2dcd9d9,1764459755,1764459759,1597,51608,,
0xca2b2d37e453a4c3824bb3369a9162ae2f50c2975e75605185e47e52d0844c01,1764459755,1764459759,1597,51608,,
0x41a29761bf78d15a06ab011f98e93ab93400ec84a4db22c3d6c7ee18f88e09d8,1764459755,1764459759,1597,51608,,
0x1c8ed75f7b3184856a0c5512507262111b97e8d5aeb2daa53ccdf6109bbb2437,1764459755,1764459759,1597,51608,,
0x7c059438ee3952687b7211a56ee6e5b9fce7df39854001aaf03cf778c325aed6,1764459755,1764459759,1597,51608,,
0xade611c632fe7041b13bad03fe908e6c434280b5a4d01e429b2cff30c9be1ab2,1764459755,1764459759,1597,51608,,
0x4946dc6dab897f45630ba777cf77df80955c126ede185c2f5c72d824bca1e72c,1764459755,1764459759,1597,51608,,
0x7770af844393c2f00ad45c65520a4a854cce9b55a1a755ca42d92328af888f80,1764459755,1764459759,1597,51608,,
0xd079ac0805b2104f9387a571b6ce973a7e89e8673b21897c73f3952a2b5f297c,1764459755,1764459759,1597,51608,,
0x23586686bc3d6bce1a95f945d826910ac10f2840e24daf4ab5502e74103cfc24,1764459755,1764459759,1597,51608,,
0x440fd2b748d294e265be4bd0d1af2bb27b4d9a84a2ba1a414ba8b41a51fcc039,1764459755,1764459759,1597,51608,,
0xe0a21a08aefa6f33ac8ae740e4d6aef882dc3d07083fea34d66b484e8a2d8df1,1764459755,1764459759,1597,51596,,
0x1dd0bfbfe6ad45ebe0730d6d8bffc08977853140b9a58016d32751a54cb7faa3,1764459755,1764459759,1597,51608,,
0xee7e0382c25ad4febefaf45428f47263b73b31ac5ec85e0b5978455a4c5da020,1764459755,1764459759,1597,51608,,
0x7f7a1b10ae43815bb113fb4815e44ec6973ebfa25e1e5fc72d05b92012bd9138,1764459755,1764459759,1597,51608,,
0x63b53a7aad46770de60c5386076d040b3adfc1079db4d54f06c692f0c38674b9,1764459755,1764459759,1597,51608,,
0xbf65f023d77b19fab450cc6e79aca1ed8942c84cefb9715a58956ce3cd9a3dc8,1764459756,1764459759,1597,51608,,
0x05aa2d3b00a469ce17cfe592e7d4db5e52a75d6667a228b09db6c12258eaace4,1764459756,1764459759,1597,51608,,
0xc9545772028c22399ba2f0b75e71db6d91905e9c55e52843bef8eb8884b147bb,1764459756,1764459759,1597,51608,,
0xae9bb8bdf5ce658c8459003bd7675af6c2e0832eea567017ebc7c2aefb3b6264,1764459756,1764459759,1597,51608,,
0x9ef7a15c5a524f37341871ecd46079b5be4d8eeb54d2995adf417544aeb396ba,1764459756,1764459759,1597,51608,,
0x3a49a2994f201de6d5732a72fb0c629f4f90f92d48ac77a32ad4a1c181fd0fa3,1764459756,1764459759,1597,51596,,
0xdae480717ec28500b4bc1501ecb1e4cfdd943dfe559d590a676790d0ec167a1a,1764459756,1764459759,1597,51608,,
0x6e1e03eb3a540cc047e6e08e526623b2042b12b559470081ae0f8280339d5307,1764459756,1764459759,1597,51608,,
0x582b8b496403f7344e2ad5201dcb5ba1242c6ede0181cc47fadf14f159d4a53c,1764459756,1764459759,1597,51608,,
0xce4b9de996e24dff4e8397c7f81ef391f7a32610082c538a1b85a6c8514f1bf1,1764459756,1764459759,1597,51608,,
0x30617c6f6b84dae5b315e7b93d449ea01bbc2059ee06658fbde576fc298af2ab,1764459756,1764459759,1597,51608,,
0x58a77cf80e9d49b2aa597d8436ee54ab9abe703680f70ebc1a0bbb78a0284f6e,1764459757,1764459761,1598,51608,,
0xb598e595be58fb054731fb450a1c0ae0f5f73dfba27c2a9db5717b2e09f358d6,1764459757,1764459761,1598,51608,,
0x3a24e48d913b42ef8749b58299d69feea556ca39d542f5a861b29f352b7a4aad,1764459757,1764459761,1598,51608,,
0x5f8122e60ba5bc94a8c0dff1efa0a9d0f0223c9f70664e65c40721a3528d9d26,1764459757,1764459761,1598,51608,,
0xf10d5750daae35e841d8c2638d799216fd37fd2142b2a8d7d517d4675595cc59,1764459757,1764459761,1598,51608,,
0x4aba8a1b74604cfc306166b64f5b705fc88a1266241f246f19a4e0e7b742842b,1764459757,1764459761,1598,51608,,
0xc0fce5f4003f0b79e699a17c25859c625d435ef253bb889570b7b314eec9fdfe,1764459757,1764459761,1598,51608,,
0xa397a801351434cdd96d9c116b4b3811e6d88a5772eede681fd274d4f542ddcd,1764459757,1764459761,1598,51608,,
0xa5dc058457b22f6854a4581d54ef2723a51922a650595dd913f76f546063dc0f,1764459757,1764459761,1598,51608,,
0xb04bac94f18f372c2864d243219c729e5e6043b40e659f0cb083bee7bfc73ee9,1764459757,1764459761,1598,51608,,
0xc6c2da117a7d8f012d3c5815b55793ac482b92b834dca55528e3c75250a6637d,1764459757,1764459761,1598,51608,,
0xa4fdb61f15517ab34a9992b86cf3a93c98f24cf44c7a4c92dd910769790751b5,1764459757,1764459761,1598,51608,,
0x5023c006c50b0f4f31a2fea18e06c6e46267d1d6bd72ad578d578bcbf8d231e0,1764459757,1764459761,1598,51608,,
0x5bb54aad670e36bbb6a4fc357822f4baef31b31106f8462ee0e2b9bcccadbae2,1764459757,1764459761,1598,51608,,
0x1b21a9aae702ede142adf0470b624c6c9b4d52c8bfc96c5d6981492d6f00b2fa,1764459757,1764459761,1598,51608,,
0x39c2705870dcb70881304f52eb313c47c58bc04902dc8b2ac2b3a87871315756,1764459757,1764459761,1598,51608,,
0x5494ce7f8242d4aba86d7d9d86eed75907b684681d1326d5c28e5ef871c1a1b9,1764459757,1764459761,1598,51608,,
0xdf349f3b37106e01a4715ebbb1562ed7702ec51a2e24bb47acc83da170765604,1764459757,1764459761,1598,51608,,
0x84d8ae43aaa0734e2d85cbca25d461fd295fc8d7ed0ca8d631157ed7195e7fb9,1764459757,1764459761,1598,51608,,
0x33b11a56907ad5b7e4eaedd64fd376a50df1c324566cff805195036bff4d0d1b,1764459757,1764459761,1598,51608,,
0x3334bb40dd4e134f94ad00670977c7e639ae73d8d9cd0201fb5ea43ffb8e7040,1764459757,1764459761,1598,51608,,
0xcdc5d469e90dc94f65f7c592ae40261c9c9bdbaa80aaa92570d3a521919535aa,1764459757,1764459761,1598,51608,,
0x7d46bbd62e8b4fed756cdbe22e9fc4426955cf7af9bd42c932e697ecc34ee8de,1764459757,1764459761,1598,51608,,
0x8e97f2515682cd959d8bd05b49f2dd7a27290041c107effb3cdbd5e7d2f16e30,1764459757,1764459761,1598,51608,,
0xcdca39945f09aa70adfe54a4edb6638e14c6684c2ecd63e2692c4b3362728d3a,1764459757,1764459761,1598,51608,,
0xcfa70411f3424a3ab5f7d906b085966c3376434fa99d66465a832e33a6b35909,1764459757,1764459761,1598,51608,,
0x26ee269091bf4c55d676844e8bf0713ccd037e9f0dac152cb61f402475b91e36,1764459757,1764459761,1598,51608,,
0xdf6f34fc5d3368f302e82e3cecd425d80d174cb01aef05ab26d2bdea87a03052,1764459757,1764459761,1598,51608,,
0x56167c21c670b1c0e1b3daa5c9026a6717b98a0f81965f49c00be2bd15f259a0,1764459757,1764459761,1598,51608,,
0xef0897ee76618c9cb338941b5a5bfc672f33f039a42ed32afea58f0a2af90a3e,1764459758,1764459761,1598,51608,,
0x494d544668c9be4f2239d19c2001e6d01ea8baee8ebd113612e0e333a01e8800,1764459758,1764459761,1598,51608,,
0x80a24f72ddb2076e90d4e181257d98fa744838b045db02f76362e41a8cc8167f,1764459758,1764459761,1598,51608,,
0x85aeb1b64ae249c64343d7a758ed6ffd71015b446003c5b14b2430190f5ac4d9,1764459758,1764459761,1598,51608,,
0x3914b9b9639388d5a31b340afc65754b31235b049013d38989309a15090a02b2,1764459758,1764459761,1598,51608,,
0x5291a48a0b6d58ec524e52a04c287f0d945e9af76ea6528cc05dcb29cec07587,1764459758,1764459761,1598,51608,,
0x60534c39574776da48eb8615e46e7cb846b4981460a1318b69517049c3b792d5,1764459758,1764459761,1598,51608,,
0x55e32bf82185ea3c961440c2f4d09beb3a5ac382b4b0a8e464fe8bb36e47c6d7,1764459758,1764459761,1598,51608,,
0x1e810589c810d83a2b6835b0dcb4340b3819e4e4b227a5598bd3884a780930ea,1764459758,1764459761,1598,51608,,
0xf485b102cdf98c25920f32fc51a7458715f181f283dd26153f79a72ac697e9eb,1764459758,1764459761,1598,51596,,
0x5529101d99b53a1223fb9318a845004ecad67ebe16979144b580c4c7114d78a5,1764459758,1764459761,1598,51608,,
0xc32b7e80854927b3d4ed9957886c34e4785e75acc4a252880dc528f6de586a84,1764459759,1764459763,1599,51608,,
0x2c8f7812828feb613e72f78a688f59f8de91de0ef77cb779d94301a9b55d0ec8,1764459759,1764459763,1599,51608,,
0xf12b72e6b034fd68e42caf1dca4cf0fe3fbd1617a81968a28e01093dfe1e77b5,1764459759,1764459763,1599,51608,,
0xdeaab5c2915dc03be3cd10fd91c7be5dec2bd7e32841cc811879967a7df7969b,1764459759,1764459763,1599,51608,,
0xd48da91e3dfcceac6e4b2e669dc723e952a871df7a233f30f494d305076a058b,1764459759,1764459763,1599,51608,,
0x53c18070cbd2f0c23ee49978b6eaa1ef926b53217b22e9cea56a5b0479702476,1764459759,1764459763,1599,51608,,
0xa7db2996f2074e27e8c4ae684df446b3a7ef012738cf8695ed7c056ceb8cf9d7,1764459759,1764459763,1599,51608,,
0x6e1016fb34ea0606aa8d95204f7b67655099fc66714af1a61603cfffd1fc4e47,1764459759,1764459763,1599,51608,,
0x393718aa8e86c4141bdaa7d3c8392e330ea1b480d8d01e317536d0e9dde64f19,1764459759,1764459763,1599,51608,,
0x8e25df77aa477ecd5f9a56c050b0d4c02a1fc087aa9befb16fa145b91266a10c,1764459759,1764459763,1599,51608,,
0xf1caf2922aad5b9a0a71776731428d67403453ee28ed532f447acdb397d518b5,1764459759,1764459763,1599,51608,,
0x68b6bc562788ffb1a054c805e65800477dccf8b2c5c14e39d35d8d198f81cbd5,1764459759,1764459763,1599,51608,,
0xc856fe2cc01ab4d91586ecffc61328f432aa96a8b5fec1e99b4e0f4fa6939e1b,1764459759,1764459763,1599,51608,,
0x25c67913fc32e23e1a72a98bbcf8153d3aa4a6ae8ef7a38ab24a9f2d6a73f891,1764459759,1764459763,1599,51608,,
0x5a18a5b9b289785e16d3365575f2ea9d59797dbe8bcf5a0747c96ef3bfeba99c,1764459759,1764459763,1599,51608,,
0x9c90c070bab58d793195d8ad5ed35a1df519e7fb52d0ed005c703767c2dacbc6,1764459759,1764459763,1599,51608,,
0xee82eca8ec6ae248c6b87777692a369dd44468efcb7c10d4f297ade73c195dc1,1764459759,1764459763,1599,51596,,
0x1ed58f9b9cf5eb338d6508bf6d7526dadfe973fb1591ab16102210f20f9ef417,1764459759,1764459763,1599,51608,,
0xdb4e06ca57362c6a3b56744482b143c4c2022104e120650d5473de6951061d8e,1764459759,1764459763,1599,51608,,
0xf63e3cde091d9800ae6f5a973f83d6b4d2d8314a83868218363cc62dd17afca1,1764459759,1764459763,1599,51608,,
0xb8bc40a7f8ddc08aa7e87e1b7444e66d1852c05ceb32a9f7117500b1b9a46b4e,1764459759,1764459763,1599,51608,,
0x3c451032133efa33834b41601f476309ff1ef0aee6f5b1c849069f73c0420694,1764459759,1764459763,1599,51608,,
0x5647f8390d3bdceeb3e354d21bcf2af3469e4b376279879f2da2e252f8213d55,1764459759,1764459763,1599,51608,,
0x3809c7e9e3e14c328f5ff36e9dea25bafdb0af10ea016df8855be49aa6c2097c,1764459759,1764459763,1599,51608,,
0xfa060a02c6937ed4aeb314cabf4a38d8af10f7569f92398e9c43fdd071f13304,1764459759,1764459763,1599,51608,,
0x6ada4aa518753e41f49ec47d2e8840e085019396768ddff455d1f721fd948081,1764459759,1764459763,1599,51608,,
0xc74064973883be98826aa2dba2d92cbfcb80f260dba6f00b514f41ff085b7adf,1764459759,1764459763,1599,51608,,
0x0ae9d006f3be0d8bf05191fe62caa506034f502f2d39e36e48459a990dc27fb2,1764459759,1764459763,1599,51608,,
0xdf2f2e5821b39d590d3fdc7285beb17bd4a5b5fcb59e5fe06dc7d99afb4f8f1f,1764459760,1764459763,1599,51608,,
0xf2db157822dcb3bf117c8e9766044f1d97eeedd5cb3450a09294e01bb4aa476a,1764459760,1764459763,1599,51608,,
0xc85590dbf022bc108da3529dc3b03e7dfefe2a265d733073c09db1dc3c7d7494,1764459760,1764459763,1599,51608,,
0x1d04a023ad9eac43512ab56d178cf7a3f7e2a203d720a813dc5126ee62176dbd,1764459760,1764459763,1599,51608,,
0xf2784b184a00feb0548ac260f2a723591d15d49da3d1114bdcef6b28629323c7,1764459760,1764459763,1599,51608,,
0x9e1d0cf5cccdc82eaae6793a5f839a3822448c7775891de0e237eb16ab86da4f,1764459760,1764459763,1599,51608,,
0x704cc470ca2cf573c0d3cc42f72a33cbc5a6404431e1ae6b1db0dbd5f54782b8,1764459760,1764459763,1599,51608,,
0x50e815dd6fa2aacf53daedb05015d2aac38cd7b4a7006e5a94a70d3b163d596a,1764459760,1764459763,1599,51608,,
0x7e70be3b259575fe8949f3aea35e3771f5ddac3595c1771168e5f41d61ce750b,1764459760,1764459763,1599,51608,,
0xb4a65af815d301c38d196bcb8411f77d9bcac5ad055dfd83907d48097124d1ae,1764459760,1764459763,1599,51608,,
0xdd5a3155c81c5a1b6aa589b12e0901847e2bdd7fb135f023b1fc39d6b2fbac9e,1764459760,1764459763,1599,51608,,
0x4c5b91f2f103d36a522548e52466d12a39422100396c8acd788a584329af75ab,1764459760,1764459763,1599,51596,,
0x6baa4bb34ac23687fa6e23897347add7a2a73699fc1252c3904b90b7ca0e1388,1764459761,1764459765,1600,51608,,
0x053d40afc13519fb45d69af21f439467299c0c63bdf30a5209806deab7c84f00,1764459761,1764459765,1600,51608,,
0xc4a04f1b8deb8e110f97278c93b6d0be57f62f552f0d8191952acde1d0496248,1764459761,1764459765,1600,51608,,
0x3ef01b0c5bace14acb6b96adf52080d62f6c5fd34cefa2a35fdd6f38593785ce,1764459761,1764459765,1600,51608,,
0x73a864597bbacab88ee2fc04a8f7eeeda590947bf0d420aa8b39025b2b29a3ac,1764459761,1764459765,1600,51608,,
0x8d9eb56a9c7d3ce845c251189002dfe4677e88fe8d530ad8e534f76daca39cd3,1764459761,1764459765,1600,51608,,
0x8297fa2e424e0677727443822d2bf7e3aaddf46d8d9878f2fd02b4be570d6265,1764459761,1764459765,1600,51608,,
0x2a12ebe02a3fb93dfcb3a00b5c2bf3444efdee9852b849e6e62c0f61ece49ece,1764459761,1764459765,1600,51596,,
0x1bea00a7238bf163da1ba69ba668b85a33b59541c714d6c42afa64aaaeb0286e,1764459761,1764459765,1600,51608,,
0x4ffdaa8698bc9030c224e28043ba9263cafd7755eb823f487f070e4ac4245b2f,1764459761,1764459765,1600,51608,,
0x48828c17578105d515b8cd4442b920979ed30292e8ab8df1d2a744aa4825b350,1764459761,1764459765,1600,51608,,
0x8e6d43c4acbf68ecce93b43400d88be679e3ce1e4b4835a3045e2b377c3b247c,1764459761,1764459765,1600,51608,,
0xc7c8f5c26a9e934aeed13b52e7b938dda108b831ac8e67591d79990ebf285aa2,1764459761,1764459765,1600,51608,,
0x95291f4b2a35c0e92bc0f5f2b172d338276c7e23bd15dc8f0a5f72840f42e5e4,1764459761,1764459765,1600,51608,,
0x7309b415020d764a82d0552760fe6b9a8b615894e98110c1c997318392d5eccc,1764459761,1764459765,1600,51608,,
0x4235b01d33d6fdad740f1ae462393c3c236c0cebbe240c2dd3cea7e274af917a,1764459761,1764459765,1600,51608,,
0x8395bc8b1e9097d168197ae26371e2363323cf5cd76bcbe272d67908ff982544,1764459761,1764459765,1600,51608,,
0xc5f4960036551f7354f7d1ed2ba73fa9fddbd0db152528d3b8b58767b14b8cca,1764459761,1764459765,1600,51608,,
0xffbd880a78c8f6f7d90d49b2349ad3023a76fbe1bf2735c7c3438b3dc5489de5,1764459761,1764459765,1600,51608,,
0x758ceb3f6a14be55eebec70d75d8cb9abbe552f93df56dae1c76318d6e2737c2,1764459761,1764459765,1600,51596,,
0xcf9b180150dbcfa3fc84dc77eec08c8f606fb4e65afdfad9b98fbaeb99080626,1764459761,1764459765,1600,51608,,
0x8540d3f9e51468563e9bd0efb3de822e6a7405cf0b63ff45a8b74674f191da18,1764459761,1764459765,1600,51596,,
0x06a7f15aacdec36ca074174e186f54d0d4d2b96a97dfad92673b699158215a1c,1764459761,1764459765,1600,51608,,
0x45442f18ab494238bf643e163eb020abde7f932c23c0371be46ebc8b2a6ca282,1764459761,1764459765,1600,51608,,
0xc04b5d65f046715f61a4b9a947cdbc9cced822ffbf644a9918c5e020c80aaccc,1764459761,1764459765,1600,51596,,
0x21a19f958c856d6cf640c95a7ba7389682fe383193b3a64e1714d7cea8d6592b,1764459761,1764459765,1600,51608,,
0x51934a88ff0b605518588c7a63b6000c8a8d9c5ef57d481d5538832f57a463da,1764459761,1764459765,1600,51608,,
0x8269a289b21827a958c43ab1f96aea74a545acb7581d6bac7be2371de3a9a564,1764459762,1764459765,1600,51608,,
0x6f315592c1107a42bd3b79af8f44b00daa73f8fdb39309dfdff404c229588caa,1764459762,1764459765,1600,51608,,
0xdea506f7775bf613ea42ded8b4e2d79992f4b38a442634d14e021dba36a70a7f,1764459762,1764459765,1600,51608,,
0x3d97e9ab0179ca8d5738a7f331d3f8f202635d15d2f09be8fc02a25750162adf,1764459762,1764459765,1600,51608,,
0xd51a76ad2110da5ecd613815351e902aaab13998183aecfb0cc0a42176fb2cb2,1764459762,1764459765,1600,51608,,
0x757217f5be4359641ad4ccaa35c03f9a7102ab7d0334f5b4ece8b6385e15340b,1764459762,1764459765,1600,51608,,
0x10bb8ae6082985db9fac5b1252e71d3dd9ca8a81144b9ba67402ab15ebf1a3a4,1764459762,1764459765,1600,51608,,
0xf60ca4c8b0a99f20c97c27da4a8a9ff2fdbcd073324e238a4944127482ffe2a6,1764459762,1764459765,1600,51608,,
0x6dabf4b57d2a39a7a5f1c9c6a7c2a4d6867d04cb34c71faba1ea228efb84c877,1764459762,1764459765,1600,51596,,
0xd56dc2dabfd11a7428e61c608d18bac084d45686c14f3fe5acbf5ca53f71a0f1,1764459762,1764459765,1600,51608,,
0xef8a3f4a66b6f362464beac81a725f387a0e8ea151966552c234ab126c4e061c,1764459762,1764459765,1600,51608,,
0xae3ec28f908eb4f0e6e714cb24ffd04b2a4f0680bc7c128973267ac6c00b0dd3,1764459762,1764459765,1600,51608,,
0xe7db386411482289bd8c2c468e98622f67faa278b0cb22eadd90a327deabb517,1764459762,1764459765,1600,51608,,
0x5db5f411309108128fba80aa0e58b86b7d6e3805a210d1a5c97e80769cedf597,1764459763,1764459767,1601,51608,,
0x75b46e22c207a2b92495c06bb21925dee28747ec404d94cfd4ddca0b07afcb63,1764459763,1764459767,1601,51608,,
0x560471ed7c39f0740b1fe245b9707585a80247792e617ef56d8cef2cba0a166d,1764459763,1764459767,1601,51608,,
0x8e27fc89adafa7de58c621f453ec3908404f574b9965da8a241169a23fa5d59b,1764459763,1764459767,1601,51608,,
0xc0887540b9a9394b81bacd7922feb6e8991db546c98d2280ac1c3f876b38a0be,1764459763,1764459767,1601,51608,,
0x523850058318a5bcfee6215c803ce427b78f4c49ba7ba238c52688a7da8019a4,1764459763,1764459767,1601,51608,,
0xdf098d494c0ee30566f051ee12097087b8a93918a2d7fd63c79926359d2f579e,1764459763,1764459767,1601,51608,,
0x1061db55dd06fd368e9b73a422c7a29b1543f7adac4dd5a930a8e421c8a6741b,1764459763,1764459767,1601,51608,,
0x9482286925200cf43711d475a57527fa554fd5f283b4d1269df664d8d2c75817,1764459763,1764459767,1601,51608,,
0x4b48d422d1bfe8de98cdd1964823c54c48ee2bd7c8d70cd4fe83a7bdf1d936e5,1764459763,1764459767,1601,51608,,
0x6ef527d4f5ddca1d898ca0b073c729d5aa48758bc5dd39c517ee7f26e8bbab56,1764459763,1764459767,1601,51608,,
0xfd6404bd104140d855b86451023152991168165d848d2161ece8b6f69f30c6b3,1764459763,1764459767,1601,51608,,
0x8df5f72a7f3626adfaceee2443dc012e889f738f4a80f6752185d6be3003d29e,1764459763,1764459767,1601,51608,,
0xf2c19db2f09946819b516beb620db09e4f7f089ee91cc1d46884911d2c9d1749,1764459763,1764459767,1601,51608,,
0x3accd4f74537f9cdb9c128c2ef5e610962ec34c23497783bd6d564475d010855,1764459763,1764459767,1601,51608,,
0x641f8319ee9b50d6c2d068c2db181c2cfde2fac64074100c668b1e6f51919a77,1764459763,1764459767,1601,51608,,
0xbf8bd73118b80e1e62ee19917e8c6058879aa8990cefe7b99cc33f98fbdd29d3,1764459763,1764459767,1601,51608,,
0x470c4c96b93c20c469f34412299bf54f7be63f0c2086f9bb54822bff38756cbf,1764459763,1764459767,1601,51608,,
0xdb62efd17918448e5abc7811a87661f7f0133e4bd0c3c873b08e48e89acafbf3,1764459763,1764459767,1601,51608,,
0xc6f17905aaf2dc19e5cdd68b9fdde409002957c7919bf45b7333a0779a719694,1764459763,1764459767,1601,51608,,
0xc657ec95a363b056e395d70e37555103f8ae532f0b733134fc6b2e18ce41c5c5,1764459763,1764459767,1601,51608,,
0x4deb5b44a25b217f396efc9ace886ae8c275900e609b0ac03bbef6b03159659b,1764459763,1764459767,1601,51608,,
0x8358f8d23e85d074dcc21646d078cd41ece65293809af544d811d55759f42a26,1764459763,1764459767,1601,51608,,
0xe52231ffc1d1113115d70f08a39b09e7d721f90dfc8f7ee9ac6d55d9526e6278,1764459763,1764459767,1601,51608,,
0x96bbe7b973997c1be3b6a5e0a67b6790f3faba0d65072386ba950d84fb37ae06,1764459763,1764459767,1601,51608,,
0xa53daacdbdd53afdf2ca4b68ec475719feb266d09560d52bdb50045366a8c604,1764459763,1764459767,1601,51608,,
0x016e15c009ed7b9b645de98f29765e445abd673aad7654488dd4131f610f0351,1764459763,1764459767,1601,51608,,
0xdeffe2d59eed161df4d1f1361193db0610733b6a6d76f674de01f408fe6fe90d,1764459764,1764459767,1601,51608,,
0x32fd99653c660af23915bf1f37e82cdf26999c77a40357abe6e1687d50a6f7b3,1764459764,1764459767,1601,51608,,
0x7ab697341b964d534e09d813108892c436d10f6a923de14626de129d61cdccba,1764459764,1764459767,1601,51608,,
0xc37aadc6317a6529ec419720e44974d92019dc5d76bd210e140a89f339550970,1764459764,1764459767,1601,51608,,
0x7c09f4015ac366869a6557adb6ba34183c800293dd66da6be213051fdef156ff,1764459764,1764459767,1601,51608,,
0xbe4fb6623cd9af1110bcdf1eebdf1bb3cf6492613a9f43f6ff1d242916473216,1764459764,1764459767,1601,51608,,
0x55146844139e86849d11ac905ad0bb929027970bc629781dc737f5b9bda6c1af,1764459764,1764459767,1601,51608,,
0xc595d67411de21497f30fe2c9da77a373d383df0e8e1efa36233eb96126458df,1764459764,1764459767,1601,51608,,
0x4fc651c1bc7428284b5d2e8c28037516f91d6a09b636549b9713da9b1461ca3c,1764459764,1764459767,1601,51608,,
0xda082edf896c19c7ca6e2d90e0af19df86a9c0a15405cf0177f1d714965c7584,1764459764,1764459767,1601,51608,,
0x9ec83573d8b0285ed0f9e4fb97d99a25941979fd6e325b709896d0b3a18db995,1764459764,1764459767,1601,51608,,
0x669accba4c2d2af80e1d6f44278ae0e77178cf4f2acbe2145128d7adbf4dc664,1764459764,1764459767,1601,51608,,
0x52c24d58111620bb68fff3f7616f14978fdfa1b2051b0420fa28df8cc57e215a,1764459764,1764459767,1601,51608,,
0x3e50634dc49fb492254d45aac8332d66c8261f4d9320d9e2a63a9598c7c6716d,1764459765,1764459769,1602,51608,,
0x4051dfbf166eaec202cf6a1b79b6865a0673a276395f58baa301081e48d2eed1,1764459765,1764459769,1602,51608,,
0x1b620a56a0d7486105eeba2ac9ba1f37dfdc33e049e3eb4f8d89211e354f31d1,1764459765,1764459769,1602,51608,,
0x17a3fd6749ec694a49630659838440a736ec7601eb1432292f5a8b37c62e7b52,1764459765,1764459769,1602,51608,,
0x26a1870bcbd77b2f648081def67eb6838465431e3ffca354ec19090b07051bc2,1764459765,1764459769,1602,51608,,
0x62c837474f5bb9616c3076dbc63023cce2682ae432fc28fad95db6d46f2422ba,1764459765,1764459769,1602,51608,,
0xeb8a7911e8e5910d8000815c337478b480b8065639125e3d917f39cc20bc2583,1764459765,1764459769,1602,51608,,
0xea3b961c26e2a7c94472a97ad3327a4fda58cf3c8a29ed09ecdfb7be129e9d0e,1764459765,1764459769,1602,51608,,
0xf460a5538fe917e231d436d21e238a47fc06c430cca1c9914d0d4114e1d69201,1764459765,1764459769,1602,51608,,
0x24908d032dcc8465605a089b4ae34167027a0a7bfa9b9eb1cf933d45922adc2c,1764459765,1764459769,1602,51608,,
0xd733c938aa9dff2d00e63fc1e385dcb9b84c00f33981c35003b215cf1a08b967,1764459765,1764459769,1602,51608,,
0x0840b6d411ac790c16085aa5706254d9ce88abbccaa038b5244b43eb5f31b7d9,1764459765,1764459769,1602,51608,,
0xed83a1b10c0034c8aed3cb766cf0e44d8ef7a2406efa6fc7fbd281e14d8c54d2,1764459765,1764459769,1602,51608,,
0x4be956835a602c1cf86b3fc13aa23c6d82fae584c21c4813acd3141ef119b30b,1764459765,1764459769,1602,51596,,
0xdd38881bfc242378b3927ce6f45bc70c24e4b6788a79a3ff35eef42f7d531d40,1764459765,1764459769,1602,51608,,
0xb28bc4203a7ca06065db8927ea938a3d02448c6b80017f0b9f3f85f2f05f680e,1764459765,1764459769,1602,51608,,
0x5b4a3489ac86db489e7ec7a39a431338dbba3c98dbdefe842d121ccc90dcba67,1764459765,1764459769,1602,51596,,
0x709357d1b597d6cb28e9b75b26e7d5960021ef32f565b5c57dca133a2a4ad73a,1764459765,1764459769,1602,51608,,
0x170dec0df000421a2e11bbd3edff6afa92d81d796936b49ec1f9789fcd85d8c7,1764459765,1764459769,1602,51608,,
0xc31508e122177d77726de4c89ba46f4d0160fa98bdc8a1fe0de5ee9f717139b6,1764459765,1764459769,1602,51608,,
0xee1f3db7cb73b92a99143f770269dbcc2a0335ae1afca91f36edede2ed2496cf,1764459765,1764459769,1602,51608,,
0xafccc2de32269fa6675a442527248c51e9acf2d1f55f2b76bd65a43d83ef9e77,1764459765,1764459769,1602,51608,,
0xa3b6cfd669688a56028842b4760542da03ed66b7e9c1dd0f8448049eb6e60c00,1764459765,1764459769,1602,51608,,
0xeb4079c2f4274f9941fecb52b31fdfa26811649a477b6b251772ebdf946e2aa4,1764459765,1764459769,1602,51608,,
0x10e3fd26b09cb0856361ddbdbad8f66b2a529cd1da1cf82141757636a75c358e,1764459765,1764459769,1602,51608,,
0x8f6fc07fcbc47807a029a83c95be531cc636191250a23151399e5a60463c9137,1764459765,1764459769,1602,51608,,
0xbb8d0ee49ec114d6262c81c6d6d3757547c0796e7bd000bdfcd92c31f4c29400,1764459766,1764459769,1602,51608,,
0x2d5ff2cf64ad2b2c6a19b2e070bea553ebb44311c0e8299348f64cd764d1f326,1764459766,1764459769,1602,51608,,
0x6673c2bf76dafc7bd36f14770c060f3169dee9e5288d28554252d17521277235,1764459766,1764459769,1602,51608,,
0xb78f8a664a62378bfa1ad91260286ccc349761f81a8d3a3021f1b5b6a399ae0a,1764459766,1764459769,1602,51608,,
0x908d6002b64667a7f1d8eb74580df2d459f716676a9068e8d67176abc5e1b4ac,1764459766,1764459769,1602,51596,,
0x0d93221aeeba1a4905737209e1599dc81f24b24a00d57af0509736c6cb3d4d2c,1764459766,1764459769,1602,51608,,
0x832f1ca2122aecafdf26aefd37650bdb3f54fbf31cb6ae8497756ad7d81a2e29,1764459766,1764459769,1602,51608,,
0x2fcac443c87dd2af1d98323261d310f730ec49fe9cf8083169a7c920120c3756,1764459766,1764459769,1602,51608,,
0x240ba34fc0ede90de1d6aeae9f2c2f1817f763496820d13ed716e7a554dc577a,1764459766,1764459769,1602,51608,,
0x081c58a589575bb9fa422082cae04b33a2e9ff5608a3535350874e4db87ccf60,1764459766,1764459769,1602,51608,,
0xa91faeeb96eed733dd81153e668db2b806b7b114c23ceebba877ed93ce5395d7,1764459766,1764459769,1602,51608,,
0xbe4281dffe10efd553be7d8171d2c680a769e5cf4da8ebe7ca70b39f702b3ae6,1764459766,1764459769,1602,51608,,
0x6c141451a32571e6852c81bb5029fc427f69c7c826a930224a9b09e58d562ebb,1764459766,1764459769,1602,51608,,
0x1fefcf8c5166a3ea2f293ae74bf94f8db6a2f95adce5f32722bfe8f037a16c4e,1764459766,1764459769,1602,51608,,
0x047d15dcfb250685eb63154e85032bff3d4ca38f15968b1e00a24ba208796abd,1764459767,1764459771,1603,51608,,
0x8b1519a5f617bdf8e2d84e57d46c35adb13508ff3aca1f02217fedbb0f957619,1764459767,1764459771,1603,51608,,
0xea6338d7bd36e4347d06f1b456867f68b95964f615b70f0afcf005961944ca59,1764459767,1764459771,1603,51596,,
0x54841e5bbeab25389c6369d21f3d438144642c7eb9019849e3282050731f699a,1764459767,1764459771,1603,51608,,
0x97ac975f7e1b07f1f36a15812d71f81ca559df850f5e2ea964d5b4635fdf8061,1764459767,1764459771,1603,51608,,
0x8b4a52a44525492ddcd4b1514105302173637185f9e7b844e8f9e96ec11215b9,1764459767,1764459771,1603,51608,,
0x6fda998bf9b4f40140b06d31213904c3ed826ea59e6bc23d9d6634ca68f5340b,1764459767,1764459771,1603,51608,,
0xa0c1c0b259f961ba7e3b6689e0a772b6d1156cca0fdc3c7d2c30e9f5cb6584f5,1764459767,1764459771,1603,51608,,
0xc3329c0aa3be1a8a6f2d79e87037a1482752fd5e9d6db7c4a7e7f8e665972640,1764459767,1764459771,1603,51608,,
0xc40869e50ced2cb91e0cec4bcf9ab159839243158689019e59198cf4278bd762,1764459767,1764459771,1603,51608,,
0x616d57b28ca3dbb1cfb8a02c213683e7bfdfde628eb1dfa110bb563cc9b220f9,1764459767,1764459771,1603,51608,,
0x31853b87b3b282da13a0042e98bb6a3d3d14f3225327e2ae6d3b502222308abc,1764459767,1764459771,1603,51596,,
0x192bc9e3bbd4f8520acd6b2300826408a765d9a3ca5690c71855118f7a748e43,1764459767,1764459771,1603,51608,,
0x9a103923f8a40c79cb152ca032120c598fd52fb2cdf7911c8f646316a9f6db52,1764459767,1764459771,1603,51608,,
0x9a31378613486dc33338e0c0d597b5f42287a4e02779321c52e3362fb3714596,1764459767,1764459771,1603,51596,,
0x54da455bb9d8ec5186fee9193bce90e41ae25779caea1bca92d095b158219fd5,1764459767,1764459771,1603,51608,,
0x3be41a4f6e4e855731b7b90ee92a52fc132e990af06b8d9b3faee08e0ec3fd31,1764459767,1764459771,1603,51608,,
0x9e54ddcc38b58edd96680d0d8b883a026d0f5bde4fa432a950f81a22ed4ff9a3,1764459767,1764459771,1603,51608,,
0x2459195c69c3e0020a51ed09822b7af8f17cd8e92797109e886bfab3ef87a2e8,1764459767,1764459771,1603,51608,,
0x03e5ec01cc30f29033c1662d1231029c6f9cc687a5cbef4cb7a2d8abb0748aae,1764459767,1764459771,1603,51608,,
0x9eccab3b8f19e1fc06178efd0999c7a87bf6b4c5865b5b8ced08909abfdd601c,1764459767,1764459771,1603,51608,,
0x8f4b233242d84827d1f383f26274f8b7525d216a0df67dee55f46002aca8fb92,1764459767,1764459771,1603,51608,,
0x7e0fe7276de8f447a9c9677359a44996f077e89c987fe915116ba68966677362,1764459767,1764459771,1603,51608,,
0xf1fc1e99cc0be86c147e49d77a260c2503295058c23ce1298bce46c90c563e10,1764459767,1764459771,1603,51608,,
0xf030ffc76ee0fe631282728e383b06283fe874b5315677857fe278eb74bf41f8,1764459767,1764459771,1603,51608,,
0xc0349f156797b03c9315f0f670f273eb998036a884ac72aed883ebf8fb3a9ab7,1764459768,1764459771,1603,51608,,
0xb3bcea9c6f186217ee1c4719108699cbe42cf0245ac27d2313a7a96499f9698e,1764459768,1764459771,1603,51596,,
0x225c737c7a46de254652bbf132e1347c9e8fee59dbc7d5a14cc562865feb1303,1764459768,1764459771,1603,51608,,
0x4375c8e8aae1669a311d0d4381828ae1114d928425e3c3e1f60281d6527081c8,1764459768,1764459771,1603,51596,,
0x52cdc914218b08507caf8015d3725e5fb8b32143b43f7943311f87186692fc6a,1764459768,1764459771,1603,51608,,
0xf4087ebe0505b3dd3deeafbef9598c9d3f0c241614d84c4bff0625892a3107db,1764459768,1764459771,1603,51608,,
0xdc20522d7006ed5ce5eaa76dfbc3dc0f0efbd46d02bebb0887be0556db576225,1764459768,1764459771,1603,51608,,
0xa72879895ec58368c6e575414f973ca743d8d5570c253e05d73a9eec59135622,1764459768,1764459771,1603,51608,,
0x807d55a8dfbd9099ca701afa16d9013093163dd7ae9425d347eda80965b25211,1764459768,1764459771,1603,51608,,
0x147632f91f4eb570521a959b1e52d480917a392fbf29f962434be65ffacf877a,1764459768,1764459771,1603,51608,,
0xb83c17cead812dbff2b98337e9f5145341604e70618c1a744595b56d77f53d47,1764459768,1764459771,1603,51608,,
0x311e394cf197f8c5b68c0f00df3ecb25685482f423bdf294ce17b16e717cd5dd,1764459768,1764459771,1603,51608,,
0xfd82437476bc119e2c836e0922219e3c7596727cba0be95d090e51aa29b5320d,1764459768,1764459771,1603,51608,,
0xed767410bc4d7c91d6d7138c3f85af6995151709c6c2c24db0e0a26b4b7d8723,1764459768,1764459771,1603,51596,,
0x7a95ae541332efa66075d6f2cebd0e0fb8bfc388200f2d9e1dd57b73ba6e4188,1764459768,1764459771,1603,51608,,
0x2ecff165c8a127f6a2ed19d8984e0e65c894a05e702ef5a3d1b6a79462c94b43,1764459769,1764459773,1604,51608,,
0x507d3977e00496815b8ea2cda5dbf52cc77e5175879b1a5ea3802df43f5d6b6e,1764459769,1764459773,1604,51596,,
0x2f8caed47c06b4115c80ec0cdc7b708db1701f4045b73eefbb63b5604d6147ac,1764459769,1764459773,1604,51608,,
0xd92af27d594c3bd32dd04e71c148f09fc5d87f112623b0da39c010f44a5dbdd1,1764459769,1764459773,1604,51608,,
0xef6a3169150cb071ae8d571bb545079905bc5ea8b5a1ba13845e0c80eabf1178,1764459769,1764459773,1604,51608,,
0xb2f0712df16cb8191f74e1019a1ff994023b81df18bba5a7cd962c7f769120a9,1764459769,1764459773,1604,51608,,
0x382c2b2caf67748e647d651c76ead5b35750f2c62c8746336427f910f1b5d870,1764459769,1764459773,1604,51608,,
0xefabe1b674625d830097fe114695688760a19a064971ed9678ad141cdf3d9029,1764459769,1764459773,1604,51608,,
0x321e23b7e8b8752c136d1554b977b7e7625e6c92ed6bf1f6e3b5d20c6ff8ae9f,1764459769,1764459773,1604,51608,,
0x13c12513cee3f0ece5ac17ccde74048d26c0884cf9357b5fbf07f2c612b0a58f,1764459769,1764459773,1604,51608,,
0x1723e9ba81896dc2601ea00a33f98cd17e79d1efbd26757e89293f415470559e,1764459769,1764459773,1604,51608,,
0xc99731589aeed223406de3d5f6452026c08948b65ebb0f7848cafc7c325b0a86,1764459769,1764459773,1604,51608,,
0x7babfa7a41210cd02a17888f3117ce126ddb80f9253b688fcd5c51264c43130e,1764459769,1764459773,1604,51596,,
0x3128b3fa2ab7f3244780f673c6c0b6bfcf6ed998097f9d7acc23ad8bd289e72d,1764459769,1764459773,1604,51596,,
0x669790b1308e25cd372e1bd98cb19498d16610ce0066b8ec07bd7d8d1f7ff45d,1764459769,1764459773,1604,51608,,
0x5f9c28db8488071e1c1009629684c27bd25dadd6f78091938b5429111ff904c0,1764459769,1764459773,1604,51608,,
0xfc926cb3d548333ca54ece234e49b6bcfee79fac6f48c5edd56ee8cb535afb7a,1764459769,1764459773,1604,51608,,
0x6f7bfa18b0af7e61eb455df925b28f90d57ab1f1873c847c89e930d5b2f19eba,1764459769,1764459773,1604,51608,,
0x1e9c56c083a8e9ffb29bc6ad9ff3503a737ab77e4d1928c72d2a1b43c1a261a5,1764459769,1764459773,1604,51608,,
0xc4b0d417c020c3d93384032652309bf02795c2528640ece77a7aaf44e6b4f9e9,1764459769,1764459773,1604,51608,,
0x69227d3076949b3596d56da821c385f4fc9e92819c137f4da4eca439f9863e3c,1764459769,1764459773,1604,51596,,
0x0db9558298129ab52f70984b92c4f026c9f0cdcc4c665558ab67f8d542e22997,1764459769,1764459773,1604,51608,,
0x1407bab187b069918dcd489c59667799f6319186008558b18857ec3506dc26b2,1764459769,1764459773,1604,51608,,
0x4d2fb2f799cb4b5ce1fcea73d9e6d29eba9600dce7ed2074b0d0eadd54012c3a,1764459769,1764459773,1604,51608,,
0xe4e406f12f1c25f337823fff3d4423a593b64418742982cbfa4fb39be3a17077,1764459769,1764459773,1604,51608,,
0xda0531e7e7b2ef5d1e810e3eab609b78a093c59e5467f839caf0a469534bd984,1764459770,1764459773,1604,51608,,
0x0095b99f29a42bdb0121edff76bd7003534725e3a825b6a01e7a613fe8889ab9,1764459770,1764459773,1604,51608,,
0x83471edc1342c1b2c6f30620f9d947778c62fb108d750887cdb0bedd14d7ad46,1764459770,1764459773,1604,51608,,
0xc0abb6b1b4ad27781c5c5e08fa1149d208cba21ce7b3dc63dc4118b533cb1771,1764459770,1764459773,1604,51608,,
0x0000b5e613110dbde210788dabf0602ccd20eb30280ff7a31682f57dbf1bbc76,1764459770,1764459773,1604,51608,,
0x06feaf8f0887ced0bff57f740824ceb510246d4ebf6f94ac720b25e5235f8196,1764459770,1764459773,1604,51608,,
0x7c8f9f85473384947221f56bbb44cacb005e70cb18b4b300e7fcd1210c41c54a,1764459770,1764459773,1604,51608,,
0x1ca682485b8c35b81ae3fad72bde944d874972ab93d98b81e1b0cd0e96cb84fd,1764459770,1764459773,1604,51608,,
0xbf1262616642aff96fef45253eddd9ffe53232d9c06c4c24404a8aac7092d1db,1764459770,1764459773,1604,51608,,
0x139f37e20f4dbc02540e5cc5cb0eea8d3d04639a2af7166a0c7b326f60a2bf96,1764459770,1764459773,1604,51608,,
0x491a706f58e90d0c1be1045bb0bec493b30c91f54118e7274edadae2f3dfce15,1764459770,1764459773,1604,51608,,
0xd55f9655273a45e190509b6adfa1a60def4b745699cbc047399d43e01a2b336e,1764459770,1764459773,1604,51608,,
0x55ade80900e7396611f3b7a86e6596627ecdde3bc7fd03fc3bead02239e42628,1764459770,1764459773,1604,51608,,
0x1fb8afc5d8fc92e51ea0299afb35e4e665e8839b47d7b32a65ee889efdc9a7c5,1764459770,1764459773,1604,51608,,
0xb999651b466da118de72623582f894041233d85587a5395d41532a4c069bdd09,1764459770,1764459773,1604,51608,,
0xce0b9f6ea899b0a4e111de0ed85ac895ded950e54cf89cbc071c359ab53e48d9,1764459771,1764459775,1605,51608,,
0xb7f1f5319a8a5ca784e9af7a84a718f4db596479383fd576ffc996e7e107fbcf,1764459771,1764459775,1605,51608,,
0x8ade8fa7548676506edfbbe1058a76c1f009dd16f966a3bf7a8deff9d763e1fc,1764459771,1764459775,1605,51608,,
0xcdf39d88e2b2493e6949bea417b57819983f9a2f71c896a718786b98c3a26a52,1764459771,1764459775,1605,51608,,
0x3b98d01c78393f8db9edf259ac4ecafe203285479cbd028871f6eecf6f9a9805,1764459771,1764459775,1605,51596,,
0x55e1bc1473ee071be0549dc692a1f5ee22d9c04dfd38179df9b9edb40ba8d0a8,1764459771,1764459775,1605,51608,,
0x7b17588be2ff6f30758ff46bb07ff85a490285f0313bf63de836b6b7fc565a1f,1764459771,1764459775,1605,51608,,
0xe05a479b78a55c72a8c571f14ccf5cfa962783a4b5282781c8c5d950dd2390d8,1764459771,1764459775,1605,51608,,
0x0b09c2b88f6a27c32ce65bc387341533e7840753b9410fa62c0d31a6c4d24cfa,1764459771,1764459775,1605,51608,,
0x230b7b4480e95eb2d2e600595d4e18e6079b784b8bc571a1ffda9b8c6582659f,1764459771,1764459775,1605,51608,,
0xfe361d9f198cb1eaa7dce86d8116b3977daf4e42c35984cde130fdf55b68d90f,1764459771,1764459775,1605,51608,,
0xad0e241dabef0338a8112e8b3239f6e526c30eca594c3be18964046857c00d7c,1764459771,1764459775,1605,51608,,
0xded4ad76e9de447058e441e70f88a1ee7e2d551694165d5e849f9b5ac36cd223,1764459771,1764459775,1605,51608,,
0x1ac50a552553cb7ec92dc9f84b063207f2ecea05440415619290979e2c91abba,1764459771,1764459775,1605,51608,,
0xfe47b78b49dd67cea6ba3f8de9bd3c3c10f022ff27fba0e77bae2790e9fcd666,1764459771,1764459775,1605,51608,,
0x1eb996be2fb7e83278dc4831d8a2b801e8919f9895f9dc4a4270f09e2dc4c9dd,1764459771,1764459775,1605,51608,,
0xd19958094d9e0c39c9bf1fd024b4ebb9ec4cfe0fb0b2192682f9d03391396f70,1764459771,1764459775,1605,51608,,
0x391190b8057d133ff70760110a393600fde5b22db3fb5fbe81e332621743719a,1764459771,1764459775,1605,51608,,
0x160e10299c791a247a5890d3d79159091d7f7f3e2c8433c18cf4f2c5144c4903,1764459771,1764459775,1605,51608,,
0xd267246ff8e0fed978ddef06c71ed1417a022a3614e280ef555564ba22bb55a6,1764459771,1764459775,1605,51608,,
0x4cbb306cd97128324d399622d073e53226cdc5dad3d15dde9200c34fe295aaa8,1764459771,1764459775,1605,51608,,
0x14fb1a92da85355aeadd59e5c207db0fe4e825dbc80cd9a2b32c6e9cbd7ac23d,1764459771,1764459775,1605,51608,,
0xefe2b6b01f80788b555f772689a143e31cf2f27e984af06540751ff2621e4f27,1764459771,1764459775,1605,51608,,
0xc9afc634b03b65df79353ad0709958646e3458f1726056112437c5e705e4165f,1764459771,1764459775,1605,51608,,
0xa6b937f1319e8d74db5d4034213d9ca74e6f89baf2587c3cc304f0ba0066a0eb,1764459772,1764459775,1605,51608,,
0xbf8749fbcc0052dc0bb901d9793c1c290b76cc24f94344b4514612cfa676d511,1764459772,1764459775,1605,51608,,
0x22f1c9d163f7853dbf8103c34c94feb09418b799e1919f20787b9634cb9c4882,1764459772,1764459775,1605,51608,,
0x4a068f7e085f4f67800fc9a8481664b07e38349da6e6ae849f065dc59609269b,1764459772,1764459775,1605,51608,,
0x48c6c842de87f2c632e67dc55269fc33f5bb35446f1c9d802a6a90b151ad5803,1764459772,1764459775,1605,51608,,
0xdaa4dd504f7aeed3dfb14353862c7eed2d5249ba0f77f6867f1cd0a926ffda05,1764459772,1764459775,1605,51608,,
0xe38e27e73c85fd35523f6edbb5babc9512dd8bd300ce8e506076bcb35e6f8a82,1764459772,1764459775,1605,51608,,
0x0192f34c51a871a2872be68b8bb6c680602b540b8930ff7f14769cec114ac39d,1764459772,1764459775,1605,51608,,
0x781734ddddb5487abc403eab6ed20ebe5cb751ddcda5ea2e90ec82b363dfce47,1764459772,1764459775,1605,51608,,
0x485985e7ca386421d0e6d39e52eaa489488409be915081e863e4eb47bf30b40f,1764459772,1764459775,1605,51608,,
0xd53e3e4df2fac97be17a6ea6c2c2e6ac5ac82182891fd260bbc252da2f4593cc,1764459772,1764459775,1605,51608,,
0xdbd92caa91dd5050e816d573cde58e22ab551d3a49d1d4ccf4f528689d87b723,1764459772,1764459775,1605,51608,,
0xff64e231950c1d83002daf3d3ca4062dd9ea4bc8eb9e88884bc6cfe63c400ae1,1764459772,1764459775,1605,51608,,
0x977fad7729ff84c230b2798aa4f2632a672ff14aa4e562e4c2f0d9fa72cc8762,1764459772,1764459775,1605,51608,,
0x0ee1de857d8c3e9ef3c2ea17aa967fd1b2749fa2304e0725272570aba27a6da6,1764459772,1764459775,1605,51596,,
0x7c3f426a0eace992defd756f8e7cb8633be0ad12590f36c06043cceb61fec451,1764459772,1764459775,1605,51608,,
0x72d2a25e1ddb1990d17b7484aef119e4f3cb76e47219fc93b5971baca537dcb1,1764459773,1764459777,1606,51608,,
0x1fbe7a26e8a25a666ad0ca5221d2359e294a9b33941f67a844cf896c438b356c,1764459773,1764459777,1606,51608,,
0x1a1f1865269c53f54b9d06695878790d825d2df73891ba1fcd0127f0ecb348d9,1764459773,1764459777,1606,51608,,
0x132ac1ce18c582211630c7bc976d95661e8842d48e307d63f952fc2c676a154c,1764459773,1764459777,1606,51608,,
0x7c8c5cbb04fcfdca9d342a8067b6dcefc162be1b2cb15db423a93b82efbf7ab0,1764459773,1764459777,1606,51608,,
0xbe707dc56f73f5066071713e14c17db7a96e6356fb125411a0673810c7d1c733,1764459773,1764459777,1606,51608,,
0x904d3672e2f5204cb1803c2f7dc727ab69179d6c217c541a307f53e90285f181,1764459773,1764459777,1606,51608,,
0x109922eeed848f3fc5ae40c5684687e7103a97b43d0b3865955b4688c77e4425,1764459773,1764459777,1606,51608,,
0x592e19bab1102b868f23e2461be42078d0af02ffa6d1b34466a159e37bbcf57b,1764459773,1764459777,1606,51608,,
0x1488b2896fd52f5da9efd2d5104fe6f71a3d4c4d545b0a6a3b210add29303901,1764459773,1764459777,1606,51608,,
0x5fed3ee2dcd7dc4eedf4f10b54a09f00973c3f1ed33332cc88514c673212ede1,1764459773,1764459777,1606,51608,,
0xa00f4f30dc926a47318663bfdd68329d01957573d6edbcd4c8e12e4e3c1a5fe5,1764459773,1764459777,1606,51608,,
0xdea5ec04ff013ac8b4fffef9f3cf821ce6eb48e024a41d1d07863b74274edf21,1764459773,1764459777,1606,51608,,
0x752641621000bfccd169cb5d89cb7ec275268ee04c4713474298e400ec3d57fb,1764459773,1764459777,1606,51608,,
0x4e44f4d829744386c689aedef6a43ec18888893d0fda2d68a2d96b90d9da50fa,1764459773,1764459777,1606,51608,,
0xb0d9b42e1f0a1b9fd38c660361d9929e8bd474c0fd537bd3e60bc28744f14307,1764459773,1764459777,1606,51608,,
0x9094ebc4c1be617614ce034c720975b932a1f96ad24aa6e0c935938ad07995ee,1764459773,1764459777,1606,51608,,
0xe0c6d0835ab1cb2d156c2b0c60d1f098ece81393056458e8a43ecc6b15d17d33,1764459773,1764459777,1606,51608,,
0x32b45ca031648f0ce7f10c064d9d0577bea47594674ad1fae02b617aa0b84b94,1764459773,1764459777,1606,51608,,
0x0962c41a24cba868fe66b9b2f47b04694197e288293a3860e883623483ff6050,1764459773,1764459777,1606,51608,,
0x87d30f7f6534d631fa82a4795aa607fbdb24d0f45557702f839b962ed36cbb82,1764459773,1764459777,1606,51608,,
0xe8d6b4b5af6c5dcedffaef337192405599963162b7367c7c5d2b4119999b6fb1,1764459773,1764459777,1606,51608,,
0x42091f6a0b6984f969e509ae7073d811df407981029b0ab112a2aa2aa68f55f5,1764459773,1764459777,1606,51608,,
0x6af1c98183a512d5aa1917e752c0cc9c02f2b7c125be5e61c32a0680d93fab6b,1764459773,1764459777,1606,51608,,
0xbc77197304029674746cc81ad03d5f4499ebb40950f14c37d5f1f8656f6846a8,1764459774,1764459777,1606,51608,,
0xa3c11044712c370b00f37ea8986387db8534154a1d9f387c884cd702c89a5468,1764459774,1764459777,1606,51608,,
0x0737c85cb12cef4a0bc61e7f8e74f80ab72193e1ad343165736edd40172d059d,1764459774,1764459777,1606,51608,,
0x7b46f34d165a2f5aa2e1771db9f1522442647308f2820ea9acb1e8f350a69a8d,1764459774,1764459777,1606,51608,,
0xa203a2209e791dbbe4e7d565e0953c87d3eba7b72c7315f12b475cf3d24b7d01,1764459774,1764459777,1606,51608,,
0x6e192448a8cbc90cf3bfc6ed7a62b0e1515a12163144670c0ae4d5fe104ed18d,1764459774,1764459777,1606,51608,,
0xb7b97e0cb8be6aa6b3fe090e21f796a48601eaeab24e76d8fd7c0115f087a5f9,1764459774,1764459777,1606,51608,,
0x0bfa17043cd4192d0762b83e46f896bfdd9e56b4144e9a4f674e78fc76431dbb,1764459774,1764459777,1606,51608,,
0xc55ae5eb94f73f04cb3f07c5bc7b1e465b55967d676e8f1b24372125a210d48c,1764459774,1764459777,1606,51608,,
0xe25c1e62baf422d1b69f2bdf1019879f74b75fe247ad12b45d2f7afb1cbae5f9,1764459774,1764459777,1606,51608,,
0xe166c29e54e18cd028ada21eb68a2a0b94b19a3b5dbe5aa5991dd0059094532b,1764459774,1764459777,1606,51608,,
0x9b6ac30ae1165ddfb20240d47b5eb2e8c2ae1649e2ae4625700cb935cc613037,1764459774,1764459777,1606,51596,,
0x7c8b245ba69b8e5f4fd71afc23744ad788378ba68075a45d062c33498784b9ab,1764459774,1764459777,1606,51608,,
0xd78c3f4707af44865d197662462fda6f8dcb0d587dbf41e3a49b9f5a858dbce9,1764459774,1764459777,1606,51608,,
0x35316c4c024de0a09a9213134c5992c8fbdfafedfec2b300069eabf7ae029ff1,1764459774,1764459777,1606,51608,,
0x8a902938749deeaf2bda02194d0ca150310898efbd1be859aa0303e05aab93ee,1764459774,1764459777,1606,51608,,
0x6e66454a72cc7f5b0deb2ee4574294268fed314acf21a4bbf8c322d73169260d,1764459775,1764459779,1607,51608,,
0xb91bc611dbad02c8e467d1b45f6ff1f3be544700660f4a6ae6c78f0f234a351b,1764459775,1764459779,1607,51608,,
0x4df01a41e63bd74c483a0079d0d15ecbeb62683c33a4f93f45bb0eb4c95d88a9,1764459775,1764459779,1607,51608,,
0xd77446bcb5c661f25d9c23a98e700a99ba937dc9bf184d671847fdd236847cb9,1764459775,1764459779,1607,51608,,
0x812c7d7557bf5e8a4814b503281024205baa9f4cfe3d7bc9be72f11cac3c8c1c,1764459775,1764459779,1607,51608,,
0xd2168116cf886b4628752a00f435fa5dedb80e5c28e5628f09c9944a4fa8cc49,1764459775,1764459779,1607,51608,,
0x22f33f54b140ca85561aaa311ce6ab4c9be29975456e31f534f8dcd4e57a514c,1764459775,1764459779,1607,51596,,
0xce151cf826cbbdbb38a1c59a37bc2a66aa859fb0b873833c22e31ae85b2bf51d,1764459775,1764459779,1607,51608,,
0x8e39894fbfbb4a04f68f286a9c0e41c8142fd73825138c5e33904431e0391618,1764459775,1764459779,1607,51608,,
0x0b18e124cdd0df2b00fefa3cf599c022c9ab51d46453108a66fa8537ae54f7c0,1764459775,1764459779,1607,51608,,
0x3406b713447baabad281eb0bfa76d8fe170dea77bfef1d3bde4c0d2bf0081399,1764459775,1764459779,1607,51596,,
0x53b9f9badb618927a5a4837edf5f8e169f31d44dc3e6dd94beb47837cf119de1,1764459775,1764459779,1607,51608,,
0xcfe424aed29befec605450d78388c2ebef845b7e45e50445afe69d6ff4ee9c68,1764459775,1764459779,1607,51608,,
0x5a0de8a15a8ba5ffc3a835222cdac8c967e376beb44f150afde9caa9db962f8c,1764459775,1764459779,1607,51596,,
0x063584e1714eef023e4296da5d0ddca501b65695346f054f411595d5a755d86c,1764459775,1764459779,1607,51608,,
0x7df3fec0e7361d87adbea52ef0c3d4844f8c62e0cdf84b086403ca8fb42efe80,1764459775,1764459779,1607,51608,,
0xc008b161bbef1714ed53151311d841ee18b5ddd9f167dcbe9d5bdba1ccbd5834,1764459775,1764459779,1607,51608,,
0xb774505965c57ed1963f3cfa29971fe11465fc11259d8fbc785c1f72702e90e6,1764459775,1764459779,1607,51608,,
0x8ab5800b689a965efa4794cdf899aafe0f573b418c5c5ec2ee4a7ca163d80c44,1764459775,1764459779,1607,51608,,
0x38cac733909fcc998bebd1b97c513dd0a7c53a5eaab564be443cc4fc164c8d10,1764459775,1764459779,1607,51608,,
0x2dfad9eb00d003aeb1dbd20792a75af12c44df98b9a78c42c013dad996adb188,1764459775,1764459779,1607,51608,,
0x8fb0fe227257016fb173be8773a4c8cf698c215f7af0a32918c26baeb5dd59e6,1764459775,1764459779,1607,51608,,
0x7f64d33f59e83208edbfac9334a1bf04ea705015b1b6b7685c0e1fab32d70031,1764459775,1764459779,1607,51608,,
0x9ab44c1ff9c1f41b7981a6bfc7a2d023ed0a6c1dacc4cfa36e3c624857c4cc9d,1764459776,1764459779,1607,51608,,
0x48327aa017026ff0eedc25cefd8d0e4f7deb5e75408a7bc272a20d5a04cdfa49,1764459776,1764459779,1607,51608,,
0x60e067d1fbfd57b2e9dd78438f355b4d9e6cd9c062343563b7c46c3d65adb8a7,1764459776,1764459779,1607,51608,,
0x542da5ecbfc0242c688e7444410970e78c8c8ad43487b3518860909e93acf48f,1764459776,1764459779,1607,51608,,
0x830fa792d3587dad09cd9193d7b3725a636cfbce83b77be4c02e2ec96d4979f8,1764459776,1764459779,1607,51608,,
0xc3cfa6b8756a414d01ef1cbc48bb800aac5dac248c2657cb1003cb46d3116350,1764459776,1764459779,1607,51608,,
0xdffd9c9a5e4e020697f9be2d84f050bf36834162b74ff1ad91412b38150c1d67,1764459776,1764459779,1607,51608,,
0x5e76f52e0bece9e1f2395d6c741ee9c11af3619d3d3667b3c0eeec6b1ce994f8,1764459776,1764459779,1607,51596,,
0x60625bbb96f5005f797aa38932b3f7fc0aa1cbbc35aece11b5597042f124dedd,1764459776,1764459779,1607,51608,,
0x9eb05933aee582b3b6d36422752251f9bf9112d8d4b0c7423448c65cc5507242,1764459776,1764459779,1607,51608,,
0xa5977c4dfbfe88e3ec5f95ffc4d6c2ebc30e577ce64f032a97c1c6698ccb704e,1764459776,1764459779,1607,51608,,
0xf787bbea8a9db02fd836a29d2adf20e393fdb62d7281456ce5f7cffd86b1940d,1764459776,1764459779,1607,51608,,
0xcb9a61509426a876ef40d5b214accb4f57842ca48881ed7ead308a2448626380,1764459776,1764459779,1607,51608,,
0x9a01039483d1b2d519432ffe6a85d46f4e60cc3e4b28e32289dea86fa54a3ea2,1764459776,1764459779,1607,51608,,
0x75e0603d4edc22638436f5f4fe8af81f2de1bd8835b427e8f16eebfd53c89aa8,1764459776,1764459779,1607,51608,,
0xbdfd6d821215a65625afef0c06425340185c2bee25c9f3a904accb5cd03d0fd0,1764459776,1764459779,1607,51608,,
0xcdf4d2980a5495c6c1461e5e716a324caacb23d9f161785ed0f85d859b2cfc2e,1764459776,1764459779,1607,51608,,
