tx_hash,start_time,end_time,block_number,gas_used,kind,error
0x850a010341ba66ff9f8f19d8a75209a9a2aa1d5666d58184886d9b3e4237d5f1,1764513534,1764513537,2059,161822,,
0xc2a64f4eda70717b9fcad20f1e3041bcd507a87a8669e086d9ab36172ad8a100,1764513535,1764513539,2060,107722,,
0x1965c263b88149be68695e6fa5ebac5aad4671fb2879b476fb1dcff26d9910bb,1764513535,1764513539,2060,97306,,
0xcc8c3725d1fdcfa8d7bc8f15673e83f06e79635362a3b809f62bfcd507ce4682,1764513535,1764513539,2060,97306,,
0x1671ddc80741bb73a49db37328424928f597b7a1f1e68bb6c4fb920b9b23f049,1764513535,1764513539,2060,97306,,
0x034f82f386700f557cba27cbea4644d33b098d0c9302574c5c64291935ee22ac,1764513535,1764513539,2060,97306,,
0xef2b49486bfa55c653ea6576155ec7f6454e0e0b23a624e521dc1d53e3b4429b,1764513535,1764513539,2060,97306,,
0x3ab4437315fc57facfb8b36f866371474281e51eed6ecea6962a52f21f5312f5,1764513535,1764513539,2060,97306,,
0x69b7b5e02e9055c01ec99c8b3a877761825a699d7314b6206d21daa60104ff05,1764513535,1764513539,2060,97306,,
0x3167a88762afb308f75c1ecbfae202c8dd375131ae4b04b3d35eae30912fd058,1764513535,1764513539,2060,97306,,
0x520d2e47c4a0b66c89ff5c393fe4ce8e40447c6a8b5be11ffae16516df77370b,1764513535,1764513539,2060,97306,,
0x5175496c5d0c03129bb50bc4f6d8f2e6bf7f782dcedfd66de96c12e76a91267b,1764513535,1764513539,2060,97306,,
0xecb0248b82103b2a1a70a00f8eb5847750a6205db71317e683292d24205723ff,1764513535,1764513539,2060,97306,,
0x2deb5ad0d8b6298ccc0d4760ebf6e066d5cda642f22e51a0c90fc0ebba02759b,1764513535,1764513539,2060,97306,,
0xe5937b156c935452e52b397a7defe31edced003e2a20f51dee1fb2d5fb38f276,1764513535,1764513539,2060,97306,,
0x70748b62621dff8ff7fe2810ad6f19f8fcfd5de80ca791758efb80a0890c88bf,1764513535,1764513539,2060,97306,,
0x23f762adb0e4ab9f8d751d3711d1bbc04d0e9f56c02ae7df0ff6b3352216f98f,1764513535,1764513539,2060,97306,,
0x94f914198faf8c6aa1f48c2fcef85106f14eb370f08f443d64652f28fdc1cf56,1764513535,1764513539,2060,97306,,
0x53897bd07fb439a2c154a003c1c41dbf2d6edd421a20010c67412bc6cf3b11fb,1764513535,1764513539,2060,97306,,
0x1020373431f1f3de31e50a0abb8b2f19c9b502764dd4d7bd993a883eaf65fcd6,1764513535,1764513539,2060,97306,,
0x3dda50d92e4283e1606470af35e00c7140cf71ae26b0a2923eb8e23508e4db18,1764513535,1764513539,2060,97306,,
0x9401b62b41bccf3ada3a2bbf36f4a8d822d0fe64941bb8ec0f600c9ea2cc9c66,1764513535,1764513539,2060,97306,,
0xb4327ac02f18d05f9682256693f56d2d9b7d61bcc7d47a39c4847e657d1255c9,1764513535,1764513539,2060,97306,,
0x5253afed7f3f9aecbae58d5bf8fc049cd2cd122ab4cfe199ffb8992972239bbf,1764513535,1764513539,2060,97306,,
0x7cd7924254fa294ea11b27adc2af8ab10c035d302b241ca06ef67fdecd94ace5,1764513535,1764513539,2060,97306,,
0x504d541153a0fc6a7e28abb696499cb62d687caf0e2e656247e159a0cae1282d,1764513535,1764513539,2060,97306,,
0xc9671b11b672f1ad627058a9ac6b2dcaf032996dccd8cbf95b3231f618151ff5,1764513535,1764513539,2060,97306,,
0x477838992223dcdf8996888eca8909090c7bb751f6143c2a03e3d97ccc3966c1,1764513535,1764513539,2060,97306,,
0xcbc1edb5072bbb51cbd964e5970897aec299a693518c307f445aa6a1a5768572,1764513535,1764513539,2060,97306,,
0x9d308dd4b282a2d22979c8d0b250562c08c25f0c961ded8842d4230a3c654f84,1764513535,1764513539,2060,97306,,
0xab426b45cbf6041eb931bf0c6c0e6134e79888ed1ddcdeb83159087f9bdef875,1764513535,1764513539,2060,97306,,
0x41d7bf4eb0c26352d1e3830099d7fdbaa759448d923d3c063e6e79a2dfbf4d5d,1764513535,1764513539,2060,97306,,
0xa5350603f26c0bcdfa6d03681c31b40899c9d73d0122a6dfc489aeb12773de16,1764513535,1764513539,2060,97306,,
0x17bfbae1c737ae02fcaddf743538d330971a78e2b1034583a6becc9a5fde9b1f,1764513535,1764513539,2060,97306,,
0xb8fb4fb1ed67a177d25608b6242147fcf3d5dc793ede3664268fbd16b406a48b,1764513535,1764513539,2060,97306,,
0x97d6eb77900b95b67fbcf94525a6f75584bc9b1e99e644bb5cf0f30981e0cf58,1764513535,1764513539,2060,97306,,
0x1818a184878e39f210b5b1ac005607856f8924e854fdb52a952b26292c946a52,1764513535,1764513539,2060,97306,,
0xc264062ee282c2fc25a3029266a161dcc2dec13600c185360761a2699fc95b17,1764513535,1764513539,2060,97306,,
0x29f427963f620d5b8f863dfb2000801c2ed0e5917536a00f2ac1e56d264bc410,1764513535,1764513539,2060,97306,,
0xbf9bcb96475658e2f4c83b8ca90af4a7ec8cd8a5fb27774b3d49ca4bee0b97ed,1764513535,1764513539,2060,97306,,
0x6c9a751f7d45d2336f5392fbd9fe75a02f274358c6a00268d3cb4da686986e04,1764513535,1764513539,2060,97306,,
0x713730d60df79ec6865bced59395d99af41732ff831dae5908d017da83be5636,1764513535,1764513539,2060,97306,,
0x1f72b21b6b3e7b6cfd0c29cfac97db5e2e80535bf7baef8ef143264e6d08e31c,1764513535,1764513539,2060,97306,,
0x994c8b134fd11ea644c02b250ce28ca2b613d21ab8a56b4b889d0f3b337ffccd,1764513535,1764513539,2060,97306,,
0x542fe2422b18a44ca273e6fdc934094f712f7ad952a75117e2f53ae45df51e2c,1764513535,1764513539,2060,97306,,
0x91ef9607d5d6ee61c40e5b5120b3d94dbf875a3f990c25397dfc27802698d0c9,1764513535,1764513539,2060,97306,,
0xd037a35f89b59127bd46e91a7d4b608bbd195df4cf7621fa630426b29df63989,1764513535,1764513539,2060,97306,,
0xfb63e102b54149ddf9c667dab6c0558c3808ca5940aba7ba64aa90f9cb13b662,1764513535,1764513539,2060,97306,,
0x3f515a6dd740c8b858b4afa8ec33c4a50cddbe3f6ce782960ef1fce6679cd879,1764513535,1764513539,2060,97306,,
0x242d4a4d71e808aecc0d4f148ab1631b9d1b9d836a264f579afeba433c2d7a2b,1764513535,1764513539,2060,97306,,
0xf993286dcd025b1468915677bf0ddf98f5684594060bd0e25e22764d92a44cd8,1764513535,1764513539,2060,97306,,
0x05e481c1fa0b777acce7f47d4bfaeb9bc53055928bd7d80bb7547ead9969014d,1764513535,1764513539,2060,97306,,
0x906e37f904de69119cdf276ee00c259efaedcfd28590b42e197a61f9e68d327f,1764513535,1764513539,2060,97306,,
0x895d4020e0ae62f5d2587d8fe4047a215c57f74df313423a757ad6d197dac50a,1764513535,1764513539,2060,97306,,
0x775dbd6297e3ef97f4a38f152d9957695ccc15ab3b9656ffa7ca8ebb37cd1acf,1764513535,1764513539,2060,97306,,
0x3f0363e6d95185bb05add64d5bf6d0e1599c851e4cfabc2a3e73965924357ea7,1764513535,1764513539,2060,97306,,
0x00c3894eacb3745803f3d90bb2375f2c7a1b7a3466d1ed1c17000ba6b51a7023,1764513535,1764513539,2060,97306,,
0x237a0b3dcf727901e2a25ebb870aa3e99bcb2e3cb2a19e9c2f7a0f4b01bce5c2,1764513535,1764513539,2060,97306,,
0xadbde8edd09a3dad8c55d174f49ab132b24982d5aa8200cfa0fa8034676e4e10,1764513535,1764513539,2060,97306,,
0x09895f40d3f5f49cfccb3b26f1c4459d3c0ced247f6443be3780ef47ee1ba45e,1764513535,1764513539,2060,97306,,
0x8e0131af17f4ae3fd19c63ab1f4898e73a3e18e377fa255c20a5d9d4f54e43c7,1764513537,1764513541,2061,107722,,
0x185937222ec7b8b83d5d754eef3908293e094122cd7fc0305388fab33f269299,1764513537,1764513541,2061,97306,,
0x34f510a20e4dd2797e13cbcf9c83394959b0b485889e0d1735e17a952c064601,1764513537,1764513541,2061,97306,,
0x155d209f09cb0aa14629becfb6b4f4eb2e0f9a0d587821a76b94f24ffdc1c3d2,1764513537,1764513541,2061,97306,,
0xfa15d9201d7b508410a6f804471738ccc824f602136921b00eb380705751577c,1764513537,1764513541,2061,97306,,
0x9cdc94f95f77faf2a63a8e99c3e988ad0e692cf5b6f025329fc0e83a0bf4f0f9,1764513537,1764513541,2061,97306,,
0xf459bbafb4b2eadae4ca5d88ebd76a96dacef869c77decab69f3ce3556baa668,1764513537,1764513541,2061,97306,,
0xa085cb5058eca893008e7402aa6eac285f3772a830cbc2da6a647752f8264e31,1764513537,1764513541,2061,97306,,
0x363f88ffe53402d9758832fcf212298a6c3ee12a8c38adaa22b237f921ca6664,1764513537,1764513541,2061,97306,,
0xf339d786536135e3ae087b5a33024fe1f59069acea09eba1ccb2974cca267d1e,1764513537,1764513541,2061,97306,,
0x56fe2f113a3075dd925b5dc7657e1726e25a78e44336d8eb0284040aae621645,1764513537,1764513541,2061,97306,,
0x215bdc647337dd6cef616be2075bbf5370dfcf7cd41483915c10f98926ea6077,1764513537,1764513541,2061,97306,,
0xfd4a705a89413d76cbf6324f3ae4ff0070dd028bab481be1be483f28c1ac7543,1764513537,1764513541,2061,97306,,
0xd08b3016612079e9ee0ffd42f3a46a62e9dbe0b7180fe562b979d014e010b50c,1764513537,1764513541,2061,97306,,
0xadf9cf7973f3e1ab1164bd8c666cd3145b23b9ecb3f567050af618a68ce32066,1764513537,1764513541,2061,97306,,
0x3a5584b490b11693055aa3c9cc33035dfab0f361d46263f3cc0c99e094bd46f6,1764513537,1764513541,2061,97306,,
0x7d6f4cb383179a3ec5c5c7d7a6fa324aff69987714474487b4704dc8ea8b1fc9,1764513537,1764513541,2061,97306,,
0xe8e97cd8eab48d7461c395949e8546a264865703d0aa4e178c107f1eb6cbc59f,1764513537,1764513541,2061,97306,,
0xd96207daf5200c6494632eebf049cdb9ce146bf18123c1254197960997ddfce2,1764513537,1764513541,2061,97306,,
0x9c28f4a9969ac08a0f2a24651a3659d8f9903d7892ec36900f425d0b177cae5d,1764513537,1764513541,2061,97306,,
0x2b0d4e353958f611a8930745f7073ee27db4063cbdf4249844cc33f99d4d793f,1764513537,1764513541,2061,97306,,
0x36ca0e064b726f2eaa09df6f2500800fda103f8e088c348a3d82ab6361667838,1764513537,1764513541,2061,97306,,
0x09de88ad7fd4e5e27f63dda93720f780c7da1ed9b3dc4aea273a3266b288f6b1,1764513537,1764513541,2061,97306,,
0x09c6a55586b0fa89b48f8d88bb2148eff480120a9806647d1921afe5dd4e2ecf,1764513537,1764513541,2061,97306,,
0xd08a53ecdc05297c96203c651c4d74ba4e5b348f1794df2943251a6705f024dd,1764513537,1764513541,2061,97306,,
0x0b55941b6c2d5aef54f3f9ae343bf6920b92eb0bf48c2430f7475c536f25747d,1764513537,1764513541,2061,97306,,
0x12415d7c200637f08423b05686d1d2dabb5a21242342c3eaa97fa428612ba69d,1764513537,1764513541,2061,97306,,
0xe682099f6d5a2e72dd0943efdf60e3f18b2e96ecd55e2d6872e3436044ff9a3f,1764513537,1764513541,2061,97306,,
0xdfc3c3e7eb43143908d27d702239da9fb2457c655de5734241a3340a22fbb7a9,1764513537,1764513541,2061,97306,,
0x44f847aad966cc4138a17c876469cf3e576173d8ef6ab91d10e9200d647024fb,1764513537,1764513541,2061,97306,,
0x57b10e7bf09a57b09b742e67862494a7d359510e6f9f31f25e16395564dc8b4a,1764513537,1764513541,2061,97306,,
0xa000c332841701d9cf343f7c98ac459aef13e9fe52a3cdebcd8ab8d446f78b8c,1764513537,1764513541,2061,97306,,
0xe0771913e2c130be27c756285c7348464f3b29c2637341466bb4ad437ce70873,1764513537,1764513541,2061,97306,,
0x52d82aa4050eb26fad3030940691f0ff32b5f96531743c7141daae23321fecb7,1764513537,1764513541,2061,97306,,
0x22f5e5d7e68056af68d8c8d29a5985228da5ee866b437e6ad9177c174db15d82,1764513537,1764513541,2061,97306,,
0xa21311ebecc31a1ac75759a5cb89f242e87c7b2bcb56c4c8c5a8c8afc41d12d9,1764513537,1764513541,2061,97306,,
0xd257488f5eacfc2852d6069ea35cfb9e62ca2f4aea42b1f16dcfb3e66865606e,1764513537,1764513541,2061,97306,,
0x40f6c9ecf57336aba2c35ed813639e4a7982c199e688505a52e52e8364f2491d,1764513537,1764513541,2061,97306,,
0xd2874fcc9d68d425b778262bc2d4206645636b9c5cce435d681de81a816bc037,1764513537,1764513541,2061,97306,,
0xf3cbc3cebd720cf6ea7d40e1c51738de7fbc17a80a27d64bb6c98e192726c4e3,1764513537,1764513541,2061,97306,,
0xae42baa671ceab3eb7d62c142e1bd3070d012bd7c50683a0af8b1b5208f62744,1764513537,1764513541,2061,97306,,
0x04d1b06ff8fa6ef995fe74d9e95b2edc243b7d69fbb9429659c7ec8609a8e97e,1764513537,1764513541,2061,97306,,
0x7ed1882671f2dbb466597efdb4bd250327e98f219073bf680f1cee5e57b928af,1764513537,1764513541,2061,97306,,
0xeca62fe2a4ef2b738c0365878fc900b76a9b8f18df722fa67cb59daa39f1ddba,1764513537,1764513541,2061,97306,,
0x2204aafa7a3c30e6ed97053e32862bdaac3e5ab89475fd92fe550460dbd5412c,1764513537,1764513541,2061,97306,,
0xcadfceb63d1257ccbdd22a5085deecfb9d7370aa1a25e2ab6c6d6d94a64a3b9c,1764513537,1764513541,2061,97306,,
0x8850aca42e21f1f60eece431156316b83d8422e6db142ce1b5db22e6a4fc8f84,1764513537,1764513541,2061,97306,,
0xd3b60a99ba1c545799e53f8c7710678c0afa9c3fc4a4a0f58ab424bd553a98ff,1764513537,1764513541,2061,97306,,
0x0cc33121318e7ef67b67085edbb08df3d198c8f07715d71577198af74e3c9b2e,1764513537,1764513541,2061,97306,,
0xdb1c6f5eff27d0f8f42a8154ae19480f07b5c1337cf143bc521182387e618964,1764513537,1764513541,2061,97306,,
0x862584dcdeef595cfc64584a5b10df962dba11f455f35bb3c18dabed9eb8810e,1764513537,1764513541,2061,97306,,
0xaa44bb51e233de86ee35c7bbcbd5ef9653d62804ef9352746b47fbb15c6a4308,1764513537,1764513541,2061,97306,,
0xacb20bb1b9ea56ea529a3832a34d18bcd3dc67e8830a850ffa1a0f6f4ee00f93,1764513537,1764513541,2061,97306,,
0xcae9fad988ec957cca2ac2f9e5ab177cf1e4b28ff6532e6117e5372a32a9dbb3,1764513537,1764513541,2061,97306,,
0xb573ecdb17b79197dcc619c02f13d3e3a981e3b5ec18a39d8822340c05b132b5,1764513537,1764513541,2061,97306,,
0x67ef5b1eb98c47881a107c13afc06a6032414b1da681b9914b8a3139e49cea8c,1764513537,1764513541,2061,97306,,
0x090cc20f57f994540e1126725e8cd4cc455a48f0309e50b1769158b6f4217803,1764513537,1764513541,2061,97306,,
0x3381468bb4ee029d30cb09d9f9d7bb27c0a98e047f07c2275327a3d94ac09fa2,1764513537,1764513541,2061,97306,,
0xa521277948f053b4a509034b87ae94541740cd2e277fad14228a5036ef7a03a1,1764513537,1764513541,2061,97306,,
0xbaa3203bd521b9dc7ebe063cbdc154a2f47e66ca01419a1e7192206f0b586d06,1764513538,1764513541,2061,97306,,
0x6fecd0ae2969dbd20d49537b294ec8b9c6ffec62e0e35529a6209c620a29d5e4,1764513539,1764513543,2062,107722,,
0xc039b4a0e2f9e8216268801b9a1570c05086a44aa46b31979439e31dab4ffd13,1764513539,1764513543,2062,97306,,
0x43901e84fab3472b26c55689055ec6810163777b7c5a4bf05e57084be90d939b,1764513539,1764513543,2062,97306,,
0xbb11c074cd0c5b4e5396873ea9baa1deed6bca27e75203e70e5bce5c26236d31,1764513539,1764513543,2062,97306,,
0x65089517458061882481f576a76e38403ffe96bfa83a0be2481d8c4a94903228,1764513539,1764513543,2062,97306,,
0x52e205e704b31b502615708b5e0f546b103073a49202c8520caf16c4009e2cad,1764513539,1764513543,2062,97306,,
0xef40b1ead21553b6325cf613cebf5828bf7664f737f885296b12e0753d1d5d28,1764513539,1764513543,2062,97306,,
0x185334a90261df9d8a8e3efcf0ccd5bcce493224f65cb6d97d0e4821407ad0e0,1764513539,1764513543,2062,97306,,
0x5717310432a32bba6f98ec70c43427f569086114f961242114e1eae7c8f2c9b2,1764513539,1764513543,2062,97306,,
0x0dbf87d7c3fcf48023e8149b5f71ee9fdf469e83386d1be9923f2d994158eb6a,1764513539,1764513543,2062,97306,,
0x35e262e973f12053bdab54a4e5aa65639c0f5cd322abb2f9de86146ff00f1643,1764513539,1764513543,2062,97306,,
0x11beb10178857965833eb742210d9973badbd0d30571fcd20afc453114937f8d,1764513539,1764513543,2062,97306,,
0x8f638df9d3ced458303395bc4c2006aabdc3d8a7243ae97c21256ef062128eba,1764513539,1764513543,2062,97306,,
0x3bc0cbd396a3189f3656b49162911f1ba849ca95acd6a116af4bc5bb8680e2ee,1764513539,1764513543,2062,97306,,
0xe278aac0629cb933073d66d98c54763a4565c14e354e0581a85144b601e07a43,1764513539,1764513543,2062,97306,,
0x5ebf50bc3f59f3281047427314f356d3a2649a467d31ddd6da4eba44c0cabfb2,1764513539,1764513543,2062,97306,,
0x235d00a0f7df928ba73f5ae42639c8c55dbb28e53fe45c9fdd0c551ecaadcba1,1764513539,1764513543,2062,97306,,
0xea48ac3bc64743976a345c5f0b3bbc2109f92ee0fc6ebd61ac335fc480f1b707,1764513539,1764513543,2062,97306,,
0x9ef3dfd4db74b36623d26923d688b00ad3cd6ff220ec88f881eb56407b3f92f5,1764513539,1764513543,2062,97306,,
0x4dbdf18fc8f76033a33bf0dce3aadf1bc14b8184a693a7f906f2d124a2364d8c,1764513539,1764513543,2062,97306,,
0x5185c0df77e19b685b1b865475a50179347bbd51ebdefdff74436ba7ab538383,1764513539,1764513543,2062,97306,,
0xcf013765063c4f0e2f686f39cd5d3aeb1a71eecd46faaffe94bbccd0d06a6827,1764513539,1764513543,2062,97306,,
0x4b57c1781f9b656274728faf85fe99c18162ca2679809201d75447fa0d8b5ab7,1764513539,1764513543,2062,97306,,
0x4d741a8f6a592b9cca7d2b7469dea28ea494b2f4c8147ddce1278b73528ebc02,1764513539,1764513543,2062,97306,,
0xfbf43ca9d87e8d5c123503aa7511d96921ef9639b38fc277541bdbed8159ec03,1764513539,1764513543,2062,97306,,
0xc6272f37c9f0e185e179982906c1165fafb563f97d64b7ae71d2268e68c8c984,1764513539,1764513543,2062,97306,,
0x247d55d3f4b33ac6c6c6316d8c29adeff43b862cc92f97e6be641222a440034c,1764513539,1764513543,2062,97306,,
0xc5cf38a46bd0abb68da0305691d091eb366009ff9d7ed6d46f35a8762112473d,1764513539,1764513543,2062,97306,,
0x3570007415eec6b3f4a7004bc39eb04b1e3dd1a380c5b967d69682c5c6b85228,1764513539,1764513543,2062,97306,,
0xbb7ae967e6c733cd706ba78ad251d81307570ddbd52294466e2be7b89919a4df,1764513539,1764513543,2062,97306,,
0x352c018d3acd030c581cfbe9e4b1ffa27311ced713776f5e3e651f3f77a1d2aa,1764513539,1764513543,2062,97306,,
0xb4d5313764585aa1ccef531e28727649e164e75e6f908759e249497e92ae9c5d,1764513539,1764513543,2062,97306,,
0x8e77f963c1edba65b5f1503f616764205ef0db88a209d332646fe0d8d7f5cecb,1764513539,1764513543,2062,97306,,
0x8e320c02b5e23164b2a0678188f1b2d87dd37b898a77b11fd08738df8e4890f8,1764513539,1764513543,2062,97306,,
0xb568b92b8d6e501d84d144254204e87bae12899bec9fa2fb941ae243a44f3092,1764513539,1764513543,2062,97306,,
0x7cba4e3bd8c0aa7356478e11663c855d391262136c176d69d899d6d3ea2997d0,1764513539,1764513543,2062,97306,,
0xfcb9513180852b535e682434e35ec3c790ed7bda5bbea99e611b3d33e35a69c0,1764513539,1764513543,2062,97306,,
0x061f65d8dedb102681ed76448d11c6642dda5e43fb95880f3921f104e09a1c02,1764513539,1764513543,2062,97306,,
0x9c97e53c537799cf9d23e8c3a1809be324247870ce279749f7e611f80efa13c4,1764513539,1764513543,2062,97306,,
0x69a102e634e53fc2c3e543de22f6a222defa36d82b729900ba2ff9c5473e753b,1764513539,1764513543,2062,97306,,
0x674a348e0ce8ac797dbaf6ee2b59bcc9f7d588e6ebe662a7cc7ea0d277ce37a4,1764513539,1764513543,2062,97306,,
0x0e79420f0af67ec90a696111e6dff0a9c2ffde3eb8613dc5b22a1d082ecf3525,1764513539,1764513543,2062,97306,,
0x05bbc7be2c42a9d2bf66d19e0599cafaeea889d6e96ad3c864b33241d2e4302c,1764513539,1764513543,2062,97306,,
0x5bdbe1761ee88e2b56d091fe798b5728515cae9b5f9bb8eaf5bcd9253d795051,1764513539,1764513543,2062,97306,,
0x7ca9bfaddca8fa0e31e2536a6f074c1bbebe227d5ac73fefbfa39e46641d661e,1764513539,1764513543,2062,97306,,
0x34f989b5a3e6b3e3c7c4efc7f3bc8c6e77f2913d4e5276853120b368734e0094,1764513539,1764513543,2062,97306,,
0x41c757e25fb2a682f021ebe2c7625302026a4ec23c8a602ca3d3f3123115a111,1764513539,1764513543,2062,97306,,
0xa104b69ea3cdf64a2dd85c5343fcfdc3a76262223dfb76f0034bd8662c387db6,1764513539,1764513543,2062,97306,,
0xf2e4456d532596135778de53a0d74b9a9a8a269d9692e60803763a51b626b48f,1764513539,1764513543,2062,97306,,
0x20cffdade9b6cadcedcb01538f32975cd6bf842ccfe3e8f138102dd23d40c037,1764513539,1764513543,2062,97306,,
0x6d599288b0a6e42b30c5809bc765235c1daddab2568d9d784a27ca1b1de34dda,1764513539,1764513543,2062,97306,,
0x4c33db72e8bcee57ef3e870999c88ca7d27834a38e07e2c5b84ae2a1903e9c94,1764513539,1764513543,2062,97306,,
0xc133fedfcf24b2522daf6c10a33d0060af738ed1a97e02bf44f29eaa059f408d,1764513539,1764513543,2062,97306,,
0x433cf58df316c59cf9e9ec47dddd3aaf1846c857f12109f903c346ca3e9722b7,1764513539,1764513543,2062,97306,,
0x950bba1290b88baa68c616d63a85d9bd60b93964ba2f36c658fc6599371f4745,1764513539,1764513543,2062,97306,,
0xc128f761024ba9784b61515aa766f788358771f8f950e9b323c3679b963d8b1d,1764513539,1764513543,2062,97306,,
0x88fc9d851ce8edfab32615e5fee39d6ae3f9e76ed8ac14b92c848a458dd43966,1764513539,1764513543,2062,97306,,
0xf344ef3e3ed3b027d96fb6b96f7e445ed4bdb114b830f7b8b17bc38cce8bcec2,1764513539,1764513543,2062,97306,,
0xd104bb0478fce3619104de0807f153d366513a81c31bac9ea3a8b09338216114,1764513540,1764513543,2062,97306,,
0xca094375c290073b9a98b7ba5208b439e8962fe992dcef955b226ba85a37c4ef,1764513540,1764513543,2062,97306,,
0xa2bd063db742107b7d57faf09c4872ebd4abd1fa9b9f5b8ec7f24e444ae19658,1764513541,1764513545,2063,107722,,
0x46751adf479831111af15c5547109b201cb861cce707443d32fc50dc68697010,1764513541,1764513545,2063,97306,,
0x6039e94687002ec541d1bbcec0114a17da2ebe991acb55e0bcf3ab8b978ab537,1764513541,1764513545,2063,97306,,
0x227963dc6399e3a3cd66270a2e984e7ff6854fa2e97e770de2dde1b19b4d7816,1764513541,1764513545,2063,97306,,
0xa1f6c73e753ec10fb3e3e268c999e3b32b08ae8862d3fe654d80eeeb03f6c5e3,1764513541,1764513545,2063,97306,,
0xba8a19d5108951cff8f41bc3fd52aec8b2d26633c1d2e9fa52fb427c908c05aa,1764513541,1764513545,2063,97306,,
0x596325e18e96985bf5a77b88dc7fe00c4004396b83227b52f6fa53097b3b81f3,1764513541,1764513545,2063,97306,,
0x754a679d5e2308dc5e63acbf660f339fe635a9860fddcdf4ba264a7951fc96c7,1764513541,1764513545,2063,97306,,
0xe914595d55b449dc8b0f12596440bc8bb2d99010316077da4ec8eaeeac3d2157,1764513541,1764513545,2063,97306,,
0x395e6621420b08b587b8f8a0a2b530c46c838367acfb31919d99e90751dd0129,1764513541,1764513545,2063,97306,,
0x844e1827f763a5ded4a3e9ccad9c6d5932d18a46f51e908a3056f5de14f1d93b,1764513541,1764513545,2063,97306,,
0xfa0f2d078fc54158cb66df6d4270b512e010486acbd8bff951bca1d331ba9834,1764513541,1764513545,2063,97306,,
0x84320a8b179c4a277a26399a1546fdebcea29b98d328faaf8a122ce1729f2c3e,1764513541,1764513545,2063,97306,,
0x4c3c3ec0cb4657c262d7a1ef4424aec1a4edcbc952f1ef7e7c4713ec3c5d0c1d,1764513541,1764513545,2063,97306,,
0x013878966a359364a61694ed05260067031f847c2edd20b70b119633224bbc93,1764513541,1764513545,2063,97306,,
0x12c254f435593dba7af6f888482b5ed107efb8647da2c74d5e328e708baf17f5,1764513541,1764513545,2063,97306,,
0x4ca0493eec93789f7de578291ba688d8d4aff21df996ee0150f3c01366220ddd,1764513541,1764513545,2063,97306,,
0xf31ec2a72750e12b2a2e5af06a51675c3fc6dd237f22a8209296b3e45e0b4d36,1764513541,1764513545,2063,97306,,
0x9404cde71137dcf35e3e4f6b34e35f0427ad9ab6bf7911c52ed83ea8df927dc4,1764513541,1764513545,2063,97306,,
0x1232de939372d2a2a422d4f1923b416f58a5d5a601e00f81ba431eb2712ec72a,1764513541,1764513545,2063,97306,,
0xfda0a504aa927c86e1668d4195f6d6636d5bc899fcce53cdf7b724a7ba60369b,1764513541,1764513545,2063,97306,,
0xaad03dbd0e868727cbf8ae4f0ef38639f71d0fc29c9dbb677606bf23ab71df63,1764513541,1764513545,2063,97306,,
0xe8ffc419c29613e41677c4b4b0814177d3c83b526441978545e28ab4de7f0f12,1764513541,1764513545,2063,97306,,
0x23bb0a74266d4d257a5d724106aa0645a87efc6dd47c122b9f15e44c6226d1b5,1764513541,1764513545,2063,97306,,
0x70e6285adffc59946b04e6058e3101220f213162bbee256bfc849da29bfbb426,1764513541,1764513545,2063,97306,,
0x54fd4584e62005ce504cbff6e6b423e3a3f1407085a3b8f9cf494be3a3b764d3,1764513541,1764513545,2063,97306,,
0x7e6ffc3cdf5e9f25f2badeaf339c5fb7e50a0b97648096a31cc4035f634ef280,1764513541,1764513545,2063,97306,,
0x751679506c2bcc465e19f60ae2d89107360e5fb84daf270971ef4f05763ebcfc,1764513541,1764513545,2063,97306,,
0xe3cbf37a1ceb3f49dcc77849bacc93daaf00688426001bf033925fac9f5e715d,1764513541,1764513545,2063,97306,,
0x4ed1e7d42d9fde4ca5109ad03682a38b10182dc091e36a84d5290c11fd3b2530,1764513541,1764513545,2063,97306,,
0xaa8ddae38346915c23a18934eda1f49b43e2b2ece1fed00d91e10c8e41137add,1764513541,1764513545,2063,97306,,
0x07a710f8550e357a0f5abf44736d33a6d7b22ffa40ad607ac47ca6a43a54bd39,1764513541,1764513545,2063,97306,,
0xdcdf5c3b28843007ffe0f9d0211fd6de83d999f18da26b57dfcb7649cffc99e8,1764513541,1764513545,2063,97306,,
0x19e805ecd54b1c51b46f301d15e54e28e4256df4f7e09b33a5c7a91e565c4626,1764513541,1764513545,2063,97306,,
0x74bb5cac3a04fc5a0e6e0f0ce91ce2528e4099d18be6e6b59a79b444ee8b2594,1764513541,1764513545,2063,97306,,
0x2b0625bc42c68e161d55d36526a05eb1cc894b55040244c1ccd1e27728045e79,1764513541,1764513545,2063,97306,,
0xbb6f7b50d4b55446f3e467993842eeb2282e3d596c3661b7f1b928da5f7ebfa2,1764513541,1764513545,2063,97306,,
0x5e5b01aa577076566185dc9b1889e74a9d356d226dd04d9400747aa3872f8945,1764513541,1764513545,2063,97306,,
0x12ea52281365e34d6703687f257631e445f67b852b46b219e2c9996ba9366d9b,1764513541,1764513545,2063,97306,,
0xc74d23945c49b7d21f1c378669ff6edbb97997a8a81578a87772f5a8cb6af60e,1764513541,1764513545,2063,97306,,
0xa02785b9b3059df31838fbadb44ac3d7bd60256e9ca9ab06e34e6ed2dec28da5,1764513541,1764513545,2063,97306,,
0x3cb6cefd90c4ca341d0c112fd6fa15c7fbd94daea8fe3eea41aa7d87fed3194c,1764513541,1764513545,2063,97306,,
0xce0b95258cab3c72a30f069451a42e0ccc5e17453fc6332a866d3216a797c9fb,1764513541,1764513545,2063,97306,,
0x99c16acc3fec61a0cd394132c24c0fad80f11e2290689038dd76d2087580f2e0,1764513541,1764513545,2063,97306,,
0x13897b439d64691703b0e98e7de318bad204dd98fa2d84b3611e07de4b9a37f3,1764513541,1764513545,2063,97306,,
0x80d20d358b6d8110467fd48f3d2fbf410f4cad8e87a8170d32e83962bb8c7bd3,1764513541,1764513545,2063,97306,,
0x1921ef1185fed04e308590887c8c05c1d80adedda8eca3858c6f91c6aa4762aa,1764513541,1764513545,2063,97306,,
0x3ee0a68b055f2158f71374b8081baa80b787d3aa9e7de29efda44ff7461bc4ca,1764513541,1764513545,2063,97306,,
0xb632db50bbd4d5740f2ba151faf970c00a5d7de0cc401c1bcc3262a921ab98cd,1764513541,1764513545,2063,97306,,
0xe142dab3363aabec4aac93352b4c4bc340581c4bea4119d2009054e480911ccb,1764513541,1764513545,2063,97306,,
0xa6c36c1affcdb28f9894316236e8594fa0d293babd685b6b81efaf40dab36651,1764513541,1764513545,2063,97306,,
0x7f5bcd3f57600a31fccb65352c22d971b1ba620560694a382cd552efa962929f,1764513541,1764513545,2063,97306,,
0x84ea698667636a4097f66bef12ccd897a8b2b8242046594291a63bbd41938997,1764513541,1764513545,2063,97306,,
0xc0800bb2ea4884237c4dc09e862eb237d3edba2de49faab4d77811e641d8496b,1764513541,1764513545,2063,97306,,
0xf0956f5e35ad2918a34c1b81c2c33ef67c0293916764a43e67577eb86862ba20,1764513541,1764513545,2063,97306,,
0xd8583cddd01ac8873ddd1db3a751adc1a4716c67624bf55044f57e8e573b1ce4,1764513541,1764513545,2063,97306,,
0x475b9a8813d85457f87f523100e5dd9b36e32eab699273da357acd28ce7220b8,1764513541,1764513545,2063,97306,,
0x858af7f67a0eca52e726c32973ce5c2ab569b18b250f33a9756cd4c9494a486b,1764513542,1764513545,2063,97306,,
0xb4426eb52d848ea4428bf19f2820ec31bc9662202ff434d05269f1a33621651e,1764513542,1764513545,2063,97306,,
0x7f02dd3d6ee9f782a878e13d29dddb8842742cbffcc38eb9a8255cbbf81cb11f,1764513542,1764513545,2063,97306,,
0xb4980867cc77184523da21b0009f0e400c9912bcaeb9f76ccb820ab62412f5bf,1764513543,1764513547,2064,107722,,
0x7fa50bd1dcc825cbf00bcd04f706a22667a8efe1433cc7f207abcae9b2a029c6,1764513543,1764513547,2064,97306,,
0xeeb55ceda7d0553814ccae00f9dd50d90d39168c18708dc32f4b3d2f7b6c0810,1764513543,1764513547,2064,97306,,
0x5e6b4acd485c1f366121d4243ee1cc690f621c989c17cb0103f88228338f97b3,1764513543,1764513547,2064,97306,,
0xc97558ae26677b8b2884ede11cc5ce2e9492bbc98cb68d51f31783b77b5f907c,1764513543,1764513547,2064,97306,,
0xecf1414b523f45be1419a6750b0577176f7a89d8cedd321afc4fcee38f174394,1764513543,1764513547,2064,97306,,
0x1dc1ea6d2bf48756bf46f4b3f9f3979682791e814b52cfe7622daf79aa0b533f,1764513543,1764513547,2064,97306,,
0x74f170eea1d37182bbfb19c9da1951f2b53407eb31366c73b1519e389708da59,1764513543,1764513547,2064,97306,,
0x3e2bba533c39915a8c63158f28df005f14dea7b749939f35d09fcda64762553a,1764513543,1764513547,2064,97306,,
0xe42a1aa0014f05d9c9e9bad5d36510d71622354fdd6e68befa9a36f4d22df7c7,1764513543,1764513547,2064,97306,,
0xdb85634bd369c3cd897aab0a3a7a0b5ce28ff8514c7786623783a9144ecdb180,1764513543,1764513547,2064,97306,,
0xb210bbad1e7aaa5cd8edbef55405ce7dcffff50ddaee0e2e0566d3d1a46af300,1764513543,1764513547,2064,97306,,
0x72ffa035d9caec49eaa357fe53b4ffd049cfb3a151d57fc036a874b1c8ec2f44,1764513543,1764513547,2064,97306,,
0x2ac5a1b13ed54c630332788ee3459cb0d799d82ea10d4633768e85618853fba4,1764513543,1764513547,2064,97306,,
0xbfa5eefe282ef86ae1a5d186c3de27426b0452d8e11efbe8bd7c062a7b6696d3,1764513543,1764513547,2064,97306,,
0x98654dd9d3101b3705e9adb1a2ab2ed6be02118052b097f06b6ec69b0aab5f91,1764513543,1764513547,2064,97306,,
0x753b04542045983d96a88d136c1edf7052f2ff0fc76b76cdde6ae4568551732e,1764513543,1764513547,2064,97306,,
0xa048e3ebd44df86a5f46b60904216c88a04eab61277b52258e6b7f48fd189eef,1764513543,1764513547,2064,97306,,
0x10344f3683733ff4e2670b139bb04f988794bf15d9fdaeedc4a9ef374255c92a,1764513543,1764513547,2064,97306,,
0xb2818606e79e8e5a31721e4828dfb35b64bc065d1e5082d0fd5769b385c7d721,1764513543,1764513547,2064,97306,,
0xbb52636e3a461af1c3c4c709cf9518ab6b63c1a1a32c589d2454a6c2c6ae2f80,1764513543,1764513547,2064,97306,,
0x9d872b56945982deb7c38942f7f50b8fbd76144ab909f1f8aaf755a6bffb8054,1764513543,1764513547,2064,97306,,
0xca21dd82be64f52a04982d42c43115b590f59da10fd1adb0930175502ab7fdde,1764513543,1764513547,2064,97306,,
0xaa6b6ec50d1ee0b626f39b5e1d66b05ce1c539af837a2f6dfe401822a02d4cea,1764513543,1764513547,2064,97306,,
0x4c9b8be569bb2aefee71e08f3c29e22539b880f558010ec429b6a94ad18852cc,1764513543,1764513547,2064,97306,,
0x4a68aded2b639f8d08c8014f6a87438e200fa9865916ed01bfd2a22488472b57,1764513543,1764513547,2064,97306,,
0xca91b1a327e5a7377ad1d1a3f3090ba1cc653d974622a1d0170bb3edaeeb5eda,1764513543,1764513547,2064,97306,,
0x8ea9b462e7a1bffdbcdbb525a659e1379d72f8c48738f403b3f42633fa2dd6dc,1764513543,1764513547,2064,97306,,
0x0eb5a7c47fe86a2ae241e3cc435f5c18d6b24f9248b6e7bd662a56732bf06ee1,1764513543,1764513547,2064,97306,,
0x12b9982e1a34a99bb03c80a3ec8d0fa9d020685b8605c68dabc5b028d23393cf,1764513543,1764513547,2064,97306,,
0xd911c75442995ac24c5d3a6340c8c8115f34395a952facf87082f48c669df330,1764513543,1764513547,2064,97306,,
0xd10fbad2a4865e73ce5b46270a082aaa871551699fd24d877cd70536621a0e8a,1764513543,1764513547,2064,97306,,
0xd39a98dae5083147ce989bc32cda254a901a89a5374ef510ee073120fbc6ce82,1764513543,1764513547,2064,97306,,
0xa581e9b602c21c958df71b837a978ee576bdd712922da8ce648f9a54618b0410,1764513543,1764513547,2064,97306,,
0x9b432858286d52a8951ab91779cfebdffc7d57c9bf0ba2475a6def71d956730a,1764513543,1764513547,2064,97306,,
0x1a36e85232101701c216600f4f9a9213f63bc6d2a2229bca9e2f5606ac8a9b9b,1764513543,1764513547,2064,97306,,
0x76eb8c0f9bd7df865d56525f20f554d6bcb9164ad7bac66d91b4f752180f0f0f,1764513543,1764513547,2064,97306,,
0x6cb16686d94b54a16a35274d8bd66c2540e393d2c3f9d437fa6e7017fa198f69,1764513543,1764513547,2064,97306,,
0xfb5a91b49d6d784929ef692e20c24bb39c7faeab1ec5ddf6940456144aaff5e3,1764513543,1764513547,2064,97306,,
0x82b10c5edd4b467daa970713f9f26df5c33911e1fd7fdcb83ab3790b646839d9,1764513543,1764513547,2064,97306,,
0xa33d7159e35c4d71319d67c30304208eee198db072ca6a338ab45c0789a13eea,1764513543,1764513547,2064,97306,,
0x89f292990d6e8a09ab89d26a7832c8228dade44f820decaaa95c411de390d1e9,1764513543,1764513547,2064,97306,,
0xd4664b40cba19cf5293f315c5450805c109fab65d5c831bcb33b6a6f1eb0cc35,1764513543,1764513547,2064,97306,,
0x7252331d276277431d579265c86e19e8c1a4d47232d107fa85b440ffa5c22e8c,1764513543,1764513547,2064,97306,,
0x4dc82bb88a44a76b7f4495e5a60a3ff91661155c2ff9242f22ad2aad8a0e3940,1764513543,1764513547,2064,97306,,
0x3541d49550766e87816a8e1861ae4c1782719c9b21013f518722e3fa047e5f53,1764513543,1764513547,2064,97306,,
0x116ebcfe1e3e1d27ffd8fc0118bfecf97c5e54a63a0d416c156e0f8369f683dd,1764513543,1764513547,2064,97306,,
0xd76e948f5ea21b9f818f499839e6e6c1e8953965e03b85691417eb4263c0583c,1764513543,1764513547,2064,97306,,
0x776c96dafb88a05b1f2ec8ed3d269efc08eb68af00e31635e5c325e1134820f1,1764513543,1764513547,2064,97306,,
0x1964c2860ae1d390c985abd234f542fbf6e7434b3a868a0581b3445e11e92a5a,1764513543,1764513547,2064,97306,,
0xa1ad0bf725f7b97ac652de3ad73f1a5c503dfb443ccee56d3a71e620dd2a57a0,1764513543,1764513547,2064,97306,,
0xdf995956635f9bbabfdce7ee342d4414b03c17370bcc1841241cf64d5adf0ef3,1764513543,1764513547,2064,97306,,
0xbe780625673c13484252207825209beb10a9b3799583f26225d2bfbc612a010a,1764513543,1764513547,2064,97306,,
0xbcef3ef1dbfebebe4258014cd8d8d22629432267b706a6e47443563c8c343eac,1764513543,1764513547,2064,97306,,
0x225e6b87beae785e0096f2a091447213f662f10c92f4c35e7de92e648cf8bde6,1764513543,1764513547,2064,97306,,
0xcd190c3370a16b4207f615c59b5528c41e0786ce127cf0c695a467bf3ed4069e,1764513543,1764513547,2064,97306,,
0x9e4d7d0000c2ed6c087f281417de31efbb4c09214d2bfbfcac2194236b074793,1764513544,1764513547,2064,97306,,
0x56fcda60ca4c85ee6f68952fecc13fb28cf2ad6a4dd393f65c23e14c673aab73,1764513544,1764513547,2064,97306,,
0xcd35c866986fb7d0422702938b04667bf2f4e63aeca7d0aa00a03b1d15115a1f,1764513544,1764513547,2064,97306,,
0x1191bfc565189d808b2d60e67c9b4746f4730f54c7236279726cdb8114f0b1f9,1764513544,1764513547,2064,97306,,
0x5cb4444c8d91c9b4bd26afce9bd31bf80a76c8e98986c63e6c8c6baa04d2c454,1764513545,1764513549,2065,107722,,
0x90da260c3b8703a4b486e37dfef206f8f2dd1d62b15c3aedc7a754b6dd58b4b8,1764513545,1764513549,2065,97306,,
0x295bf65f83d20d1776cfc97bea23144f87c5a9dcb3d3797fb6f25fc1985df85d,1764513545,1764513549,2065,97306,,
0x15ab56e12cb70c8cd0d02304d95d96c14cb91a35ace931d96a2acf147e6965c1,1764513545,1764513549,2065,97306,,
0xc248f34b9397e223e14f4fded3c05ac9969cf1146b5b58563c6ee3c80dc2f64c,1764513545,1764513549,2065,97306,,
0x217e8490aa4cb2d9cb61588672b28808d553393e2b28e595a4f13715fb298957,1764513545,1764513549,2065,97306,,
0x818021d204fac1b47c7c1a0b593842cbc0b27c5ee2c4317c2394e8e1e552feab,1764513545,1764513549,2065,97306,,
0xb9713d763d2141b8916643cddae1a0efe988e181d3ec8a38f6139f5d5a3c1580,1764513545,1764513549,2065,97306,,
0x0bef99d193ab82f20594ab032c3004398abc4f0294354f70a471464e9ef732ba,1764513545,1764513549,2065,97306,,
0xaa84faaba274465bfb3db32c4f146ca9a6ba2180059d580c6e98e1ef27650e72,1764513545,1764513549,2065,97306,,
0xa6104d63ac68945d814b4604725f7c29279c49aa23be7deab7567792c5167b0d,1764513545,1764513549,2065,97306,,
0x0198d802e92aef6aefebe0c3be8a18f83841cc8db290fd78288573c86c161c94,1764513545,1764513549,2065,97306,,
0xa1a7514e5b650b1c65f1a2873ac419cec19a36233e29a8871bee94e41ea40268,1764513545,1764513549,2065,97306,,
0x4daa330cdf4fa2434cc64b07205c86203806fe97cc3cdd6178859bdda012b225,1764513545,1764513549,2065,97306,,
0x6edde3b0f3c5ef5c2d83e1629fc37a920ede4ab31b5091e9527aa816a23e7e73,1764513545,1764513549,2065,97306,,
0x7284d59d472ec19884a857e3780cc30aa8c2ea9e2160ca17f38f6648d67af38c,1764513545,1764513549,2065,97306,,
0x646aad062120555045ce46a040b77f0f6b5bd09a50a55153bf250bf216cd4b4d,1764513545,1764513549,2065,97306,,
0x333c80c2b691a3d610edcffecc872c4ebb01b16c14a0187dcd2a3e72bed2b73c,1764513545,1764513549,2065,97306,,
0xc005d2c688c5b94aba55d0287a37421f861480072f6f2faacdc0e1c1b0137a78,1764513545,1764513549,2065,97306,,
0x217ff7216d93e996841d1c1986d37bfb6a53a726ab1087c05996244a28385ccd,1764513545,1764513549,2065,97306,,
0x01d507d0e6627a1d744f2c2f08f24c16a42533f6f6ae6b231096756e2085cbe5,1764513545,1764513549,2065,97306,,
0xb0a0626ca65c130f4858b8bd02a78eae00d5fb9735694d9420b531406988a5c7,1764513545,1764513549,2065,97306,,
0x62fc979104dada6a5b1a303622d3d31c20fefaea65c76bf817ffbeb59686ec9a,1764513545,1764513549,2065,97306,,
0xe161a53201d7cc62aa6c280c97799645c4a6bd76bb259b41f769943388309104,1764513545,1764513549,2065,97306,,
0x91cd0cd3df72caa85bdd4b541853b9dfaeb6b809b7717d0ce7739bd93f7280bb,1764513545,1764513549,2065,97306,,
0x12b3f0565237308ffed36c12470096c075ca12560b9f29f6a41fdafeb3b792ef,1764513545,1764513549,2065,97306,,
0xb2799943107e5c99e9953ace491d14524ed9e52dbfdacf189dd9d70366444235,1764513545,1764513549,2065,97306,,
0x7e5cad9bcc159eec681ce1a3dea2e8f6576b64183c82c60cc686b360362f9865,1764513545,1764513549,2065,97306,,
0x22220fa079b17f10bceac5eba122a2e43caeaecdd4a676001b8ac0835d36e882,1764513545,1764513549,2065,97306,,
0x9138a0e954f570e7e94ee842938323a36fe397bc5aadbd820644b1f97ad21237,1764513545,1764513549,2065,97306,,
0xe97de8aedcbb4819487a06acc41dc573e0a09b4f184a4bd20341a198d7aba55f,1764513545,1764513549,2065,97306,,
0x7d004c4de33613e6cdde195ce893062f8d7afaeb328a2b302ea589c0f01285a2,1764513545,1764513549,2065,97306,,
0x544f83e1518338613b9b4371a9c0a23fb18471903fc88db739045fa16ca8435f,1764513545,1764513549,2065,97306,,
0xc9bdc2de550fe91833f4195e14b16c29f856bb492bb6c038b8dc490f04f4eafe,1764513545,1764513549,2065,97306,,
0xd223203600d362c2b4a2950dfc9569947480a891f4c8092a7f5e55d7c7556d2b,1764513545,1764513549,2065,97306,,
0xbec625448d21c76e90569e91913033269c095bad18c9df74d2869215e83b3b69,1764513545,1764513549,2065,97306,,
0x619e0de885fec95891d40c2c039ffcf5b26f796468712df3ea8a8a47a1391e25,1764513545,1764513549,2065,97306,,
0x573b52e021baa21184799d0cdbc5968354dd840a3fa4d29b6db4e8451ee4c159,1764513545,1764513549,2065,97306,,
0x44cce5d1e580a71fa4f686490a7e49d929cd8e31c391b0dc705ce7dc5f6da2ef,1764513545,1764513549,2065,97306,,
0xe0dec631b10e2dced461ea44b14b49de44735b5896a0ca135b30b0fceabb77a4,1764513545,1764513549,2065,97306,,
0xadb25011732f579428df291e9056380145637e4eece9a89495f4b1258afd0373,1764513545,1764513549,2065,97306,,
0x8e43e8eeae8f629cd369c45b1ef5f6de3c400a5b51798ee8b0e76d2c4bdebeb5,1764513545,1764513549,2065,97306,,
0xcae54baa4735813bc2768b279d75625643be2a3c590ac047c733ac5d38078000,1764513545,1764513549,2065,97306,,
0x4a2ed99cdb8b84e7cd824c42bff7d98dcc9c5b85146fbb8c66800f3a67a6ff63,1764513545,1764513549,2065,97306,,
0x9a6cf828e74790c5caabe196fa2008b3e0f434b6a389eda9836ca7536d132923,1764513545,1764513549,2065,97306,,
0x4867e8678098008ae746611ef8a4a0ce7ebefe220d70428fd433002912b96642,1764513545,1764513549,2065,97306,,
0x1e8538381a12b083bc0db7216e1bab15d118ddb99499ba6cb47495fea8bd9449,1764513545,1764513549,2065,97306,,
0xd23a3b44d83f56ca0f1376af849e33092c55e4b995ed191502d64435cfaa2559,1764513545,1764513549,2065,97306,,
0xb0d976a4001a5aafd946ce94e77b3541296f9108a1d4fb106791cc5f7ed6a8d7,1764513545,1764513549,2065,97306,,
0x28b888c7a2decca279d107f57c7d0dea51b14677f0bebef0b2a3666a3d739c85,1764513545,1764513549,2065,97306,,
0x990fc9c32304f5360f3430e231c8961b0ea0c01ad172804cb91d7fcb28025470,1764513545,1764513549,2065,97306,,
0xde80714452d9219a7845ba65fca1db1eb7635cf0103846e6feb8ae7757afe05c,1764513545,1764513549,2065,97306,,
0x9aa7ab184a947bd82f3d44412648740cc728dd1904086a2c141033866c870624,1764513545,1764513549,2065,97306,,
0x29d6e7a56dac5bdc32b51646a277eba90c5cfaeabf9780d63adeaad93d227562,1764513545,1764513549,2065,97306,,
0xfb5894037dc594c6c3085d7295f0a69d194762a930468f0d22b42d7d8767a658,1764513546,1764513549,2065,97306,,
0x1c73dae5b6f928760ed701ceeb57dfd61651cca5fc42ed8a1bc4b83b7104dfd3,1764513546,1764513549,2065,97306,,
0xefda86324998989454c20af138599f8d930d235c0ca5268061f29e4608f08dc4,1764513546,1764513549,2065,97306,,
0x47bd83f659d1907ba09daee618291ca0192f05450ac92ccb80b4faaf39719d45,1764513546,1764513549,2065,97306,,
0x234e0aa4616cd31fb7af09d203d09f6225d2dc0f8ef8fe3cce2cf3b98cd4606e,1764513546,1764513549,2065,97306,,
0x712d1ee20b653502fdad51454103bf7042b1d9a39bbeb67f21cb13ce3bc426e5,1764513546,1764513549,2065,97306,,
0x0cf2597ad014990f08909a491d83728f4ff6320fe1531000537c685317e2e61e,1764513547,1764513551,2066,107722,,
0x1d40564205be8549213230d7c06e8821fbf8e26355cde69821f3c6e4ce583513,1764513547,1764513551,2066,97306,,
0xd92309a84833394e75144b35a539cc2f7a5520c8f26c9e9c41261eeef1049222,1764513547,1764513551,2066,97306,,
0x7c2fa7b39e7db27508231b23d01b163446b57923fe13fd92479c0a72383d11cf,1764513547,1764513551,2066,97306,,
0xe3d2c1218b574eefb4880e4a0f96eebdb837bedbcab49d17f697a45fe8296b49,1764513547,1764513551,2066,97306,,
0x36c11fd2869a48b843224c85ee6f52202af25c6779e6a1c0c047d3882b0f30e3,1764513547,1764513551,2066,97306,,
0x60c6798295cdcecdc917ae2a61e9ef16550dfd906180793c71b62ac2650bdde1,1764513547,1764513551,2066,97306,,
0xfd73627625e8e0ca6d4eb3d29f8fe930d3287868afcfafa798dd5a9206229b11,1764513547,1764513551,2066,97306,,
0xd6880c42295cd39cd3f160a4c045734c9348081ecfdf8fe6b89f5972e3f56889,1764513547,1764513551,2066,97306,,
0xa38a9e111b3e151a133f90d1566dbbb7f856c8ca848b09985e6aac90b63537bb,1764513547,1764513551,2066,97306,,
0x6d06209dd8d7c70a7f13a823b5dcff2784a6dfd1adb59c8e1e046e8733e4f324,1764513547,1764513551,2066,97306,,
0x210f138bc9810fe7721c987b78698538debeb9a25309608bb52bba9e7a80a30e,1764513547,1764513551,2066,97306,,
0xc6ecf65ece09630b5f3a7566b1de746e91c78829c5320ffd96507ff3a4c5a1b1,1764513547,1764513551,2066,97306,,
0x73944a3da060cb9394ce52e363c0befcc4935aaeb149de9a81fa59e7b5b77abd,1764513547,1764513551,2066,97306,,
0xd9a6c616e6b435a3e4532d6c363a7af816e18e179d842dfedc33e86f58827f7d,1764513547,1764513551,2066,97306,,
0x5fd463c11d8b2fda0760257c8624667e06fc96e54e0a33b0c6d6d2f71237a420,1764513547,1764513551,2066,97306,,
0x579c34da9288eb866da3ba72c77671daaf135359e1829cc3791e269c446dcc4c,1764513547,1764513551,2066,97306,,
0x1242202ee3ddd31abf41e52732e492df1981dcd468b08c14ab55ad1892b306cd,1764513547,1764513551,2066,97306,,
0x9c5a6a5f9dfc6666cc583a4e892c11dae6fe1590513dfa0a617eafcfb50a2d92,1764513547,1764513551,2066,97306,,
0xf28d1565dbb8bef65e82a580ffe3d0be3371bcd7be871e7fedbf2f934bb83196,1764513547,1764513551,2066,97306,,
0xfc0d8044d53ca0bbaf53549d0e0193adba73384fa2cbd6f4a9a2cef90bfae8d3,1764513547,1764513551,2066,97306,,
0x25eb8e530a1a122fec2e979ca7586c5bd6346a9f3700b6a868c786445d96c3ce,1764513547,1764513551,2066,97306,,
0x179d71bffd571c7fbede64540bde3a6edc69d89dd13db3d4f7ee90c37a56fb7f,1764513547,1764513551,2066,97306,,
0x29102d29da146faedf67e9752cf93168abd99b5a3b488f1af11128660cc861ec,1764513547,1764513551,2066,97306,,
0x43b514ce8f7634cccba63724df5873fb4bcbbe7810672a5f5ee54a9fd9c07970,1764513547,1764513551,2066,97306,,
0xb7c344c0162130f3fa5457587a5b08297c40b01d813dd54043206aaee16723e6,1764513547,1764513551,2066,97306,,
0xb7699dce114c3e115e35a11fbdaa714c990958fdbf1b6d007c299a6e89821b77,1764513547,1764513551,2066,97306,,
0xcf8ed9a182f3e2c4681c761b8e0656ba1dc54a93a454c5f231a6eb6539d1d371,1764513547,1764513551,2066,97306,,
0xb5ae42f2a0590d4971228276cf81b9bdab0dffa0fc6171d034462187bef80418,1764513547,1764513551,2066,97306,,
0x1535ea42f81e6f69b971d8f860229b04c8e2b453e05c6cc338af8c879ae53d58,1764513547,1764513551,2066,97306,,
0x00b6f7eec885bc4c4b2122f0154d852714789622b986ce772f6804d11b72b1bf,1764513547,1764513551,2066,97306,,
0xf1155d35dc360a6c34f8b251d880d0564a535edc8ad4f3f117d5616ead2cf3da,1764513547,1764513551,2066,97306,,
0x8ae8d9bae7d87fcdd020f5a85bde2653a910ff953a27b0347b38b38084856e5a,1764513547,1764513551,2066,97306,,
0xbde1c859ee75879fdf367c656ac06abe129cf1b3b28a638876e533e93045adbf,1764513547,1764513551,2066,97306,,
0x0d3728eb3edb3731f5cf52ca320c544c49545c4adce1391ca3dbdc345bf2e8a5,1764513547,1764513551,2066,97306,,
0x65618a48defd61481d9667b3ae40dc08157e787884602fba8fd477e3172f923d,1764513547,1764513551,2066,97306,,
0xaa65b8fd7518996ca90a6d6a767ac5d52b0739cf85179d1a3ae1dbe59b49b266,1764513547,1764513551,2066,97306,,
0x35b02f6d5c1d73f453e8307fcc86990e26df463ff9170bba43797655de96b0be,1764513547,1764513551,2066,97306,,
0x7395cbb68fd2efcf0c64d94ef1431aa6d07e7d0a2ea1c6bf50492557fbd62e66,1764513547,1764513551,2066,97306,,
0x5a42d384178c6bbb18aaa215f624879d5643c024cf06fa884f7a9922eea82928,1764513547,1764513551,2066,97306,,
0x54f3217e6299dac6d480759a0eb6340dbd2f09868b9485bfbf1e171034d1dc5e,1764513547,1764513551,2066,97306,,
0x540b405b52c9b96f1b0e6c66d742cfd22923946044294c7c9fd34d56c0bdb120,1764513547,1764513551,2066,97306,,
0x112fc7173c824f9d506dd1267e6506de6f8e650098591f7558729e3853d1e463,1764513547,1764513551,2066,97306,,
0x6372d449b790485d86994db0a315e16593f3164ef57ed0d13b08b29c7e944e2e,1764513547,1764513551,2066,97306,,
0xf065460a08af022259e64984dbbdee4873889276e53904084ce6360ce554ebd2,1764513547,1764513551,2066,97306,,
0x8ed719710b0897d523a27240dcae1e4090320e1acf06d4c74e3afcfb236b75e7,1764513547,1764513551,2066,97306,,
0x9deb709a03ed2102e4403f6868933a40e20646c64f1aa732049e2c84240bf020,1764513547,1764513551,2066,97306,,
0xb1fcec88ec03669f90281df04e1b85ae2d663fd5d3c74482297f3abd9d6eeb92,1764513547,1764513551,2066,97306,,
0xbbd719ba9c1ff9678fa3c8a482a14149df4c2ce32634be57082ac926b2aeed60,1764513547,1764513551,2066,97306,,
0xbf07529d28aeb92586da17f778f8fb8a284552151f6cab269beaaf989ee8fe9c,1764513547,1764513551,2066,97306,,
0x98484875fae2b64ae68b80ae0c2f4c573eacdefe7e8739ff4af211816d867e9f,1764513547,1764513551,2066,97306,,
0x004afa2cca19efd145c4109b5e2f1f27f964ea37a72063a41ae1c70fb539ea38,1764513547,1764513551,2066,97306,,
0x81cdc46f6df0c9ef6b911b50c8121b78ecb9fe50aac1c62ada47cd97007a14f8,1764513547,1764513551,2066,97306,,
0x914ecb61e7851996ad90a5d08925010bc09ee3f0e0ac911efea68808ef5b4978,1764513548,1764513551,2066,97306,,
0xe06b6480bc136327771f2eb88713eb2d4d2bebf59d0d026c55d365a63fb8ae07,1764513548,1764513551,2066,97306,,
0x3806eb0c6505cb1a60ea3e24e61a9ddee0d808b9a2e2a711e414ca18704fd3b4,1764513548,1764513551,2066,97306,,
0x0cb5de03cd4206bdc8588def86f56e63cbc05f528995e45d274cdaf218b90fe9,1764513548,1764513551,2066,97306,,
0x25d65b0b80e0b30b4ed531cc0a57b1f7ba2e873ad913de5d431407cd12776265,1764513548,1764513551,2066,97306,,
0x437abd64347b3a77735f09aa12db6e91ceff0e72f5a2d491a1852d2b7634b149,1764513548,1764513551,2066,97306,,
0xce20f2ab5eff6971b25ce716f81f8f8c103323f0e4dbc5cb7f033ae87a94c783,1764513548,1764513551,2066,97306,,
0x918b862962c9e25d9dc7c1fa4f5d5e614ce68905f240e5afcb466e0180f7539e,1764513549,1764513553,2067,107722,,
0x3e387cd069b8f7802b7dae649a360eb524b9196a0decdd7ff9ab7fa187208a88,1764513549,1764513553,2067,97306,,
0xd0f25886baad6e8cc63d39307d1b69ea1b87c852908efeac5ffe371a3253fd50,1764513549,1764513553,2067,97306,,
0x32773d36c51ea0c61b95d6907e94fb38aa6eb395e31cceba528c758b5cb6db9b,1764513549,1764513553,2067,97306,,
0x9cc931e4cda48c771a25d66992243bcf8c1ee861801659e1b8bada6816fd3271,1764513549,1764513553,2067,97306,,
0x3763b20d0de9dbd3cfc20504b21ce1fb171d2fd4877e78dc469b4e028161c192,1764513549,1764513553,2067,97306,,
0x958844d9b48c8e78ce643ae0656037e9cdce24a5efcef9d1847ea9cdcc235ec3,1764513549,1764513553,2067,97306,,
0x17a83f64ae88ecdc0bed9c6e7bfe91ecdcc9a756ead3009ed9410c16bd0c13f6,1764513549,1764513553,2067,97306,,
0x84344222395dfbe3bb37e36d313f4b0b05ac950dcd063ba446c570fff55b21c7,1764513549,1764513553,2067,97306,,
0x00516184a99546aba4e42768bb51955208dedf5ac3b22cc61efe16ed1ef1ae5c,1764513549,1764513553,2067,97306,,
0xd3b1aef8bcf1d3105867ef9c8a2a8e6298069e8b6fc55d01806a622c1d44b8db,1764513549,1764513553,2067,97306,,
0x3c4f21508f5e4ac6e108ac55ec8c055bcaa776a9f289bd2e9b87a2b6baad5a17,1764513549,1764513553,2067,97306,,
0x4439d89b1df85252051512e64b3447232a982618068e1223f218f68f336dc7f1,1764513549,1764513553,2067,97306,,
0xf9c608485a1d0935b615efdfaefd43ab95fa4d5f3d5a35c679e4f5bb7e702793,1764513549,1764513553,2067,97306,,
0xe456565cceca5f827c21b131d15addde5ac0a06c4575896d942983789ebb0bc6,1764513549,1764513553,2067,97306,,
0x849ea0078e0d6bf2a82b3365e3d7f6302f3e079421847a0b57a8e9723ee2bb9b,1764513549,1764513553,2067,97306,,
0xc967a7b6ce2e56faf32a5bd6a252b644354657a603f274ede68f616247618e3e,1764513549,1764513553,2067,97306,,
0x49cb04f6c1d2e3b54e9d5e3b9ad2266b3737bfe6fa81d25e462b8ba6bdc015d2,1764513549,1764513553,2067,97306,,
0xf029f87b708d3a2f2c76f6f16ac0ab93714be4a09e6e9b95cc9d5b28a61be939,1764513549,1764513553,2067,97306,,
0x231a093815002048101aa49a3b69ff6f8e966ba44e9ca7a875b0f1d7913d55d5,1764513549,1764513553,2067,97306,,
0x09254d09a35b704a7ef64147076b6d6c52f2ef8ad20cb65b7a191020fe8aaf0d,1764513549,1764513553,2067,97306,,
0x2ed4c1ef21f114007340fc05f3f2157b1ec7a3827ca5dc78fd04d345ab3beedd,1764513549,1764513553,2067,97306,,
0xb0118d634c9813a03b3e507a57641ec1b2218a620986cf08ccc2162e2a6d16d7,1764513549,1764513553,2067,97306,,
0xcdc6b7e84c2c49666327b45c57e6439586e6c51d227b2993fcefc8170abc5917,1764513549,1764513553,2067,97306,,
0x40b1839ef5b7b13827370d6fd1338fb6202a18ffc57ea0fae0820b4cec447026,1764513549,1764513553,2067,97306,,
0xdac5b8bbedbc976e0d1c521ac47df265b57010b5a754ae9cb2b9ab4ad4c0f26e,1764513549,1764513553,2067,97306,,
0x88ae01dea7fd76f429bc2912ff73731250a0bff38eedb14d80706a529a3e5471,1764513549,1764513553,2067,97306,,
0x5f83068c2fac5d78a395ef9fbc723378991596e0b39b3ddefcb8c6a93a98d990,1764513549,1764513553,2067,97306,,
0x765c7aab5d7c55e55937f734c5f421c32b836e1f1954e2e3b1db7ac3272e27fa,1764513549,1764513553,2067,97306,,
0x8d0ba393ab8789a78e7f2b208caa60f4ab22f5beb6f96d216bfb51ce3f55f31a,1764513549,1764513553,2067,97306,,
0x621ba0d395678b5cc53d5778cf84d38b6b89596c563a7a0b110a46a2e3fd0ecc,1764513549,1764513553,2067,97306,,
0xb6ee2be75be44cba5f124bccdb7a5ec449ba16c5e1d33c004fbf7521fafa8e33,1764513549,1764513553,2067,97306,,
0xf07d3f67a94683e7682a258d7829b4bf8cd045c831a14e3d490f1a2e66b9b2e5,1764513549,1764513553,2067,97306,,
0x8d08a6f46438c50b6768b9aa0aced02abb917f747ab6a328bc356725a7bf0091,1764513549,1764513553,2067,97306,,
0xf8b5cef02e4cca823317b4bcdb13102b47a864e8deebdef5f832f8226ca1460d,1764513549,1764513553,2067,97306,,
0x1edfe71fbf6d0d7b8899282516d8eea54b9a62f98749a4b03adbf6b7c30aa9f4,1764513549,1764513553,2067,97306,,
0x300e10aa6bb729e8636dc9ec8b815db0953fd0cf37beaa872dbe36705e393f8c,1764513549,1764513553,2067,97306,,
0xadd82cc81d1c4aa594d2b23e5d029bb4feea87240b223d15e2a73ffb61e48ef1,1764513549,1764513553,2067,97306,,
0xac24b663356213d4bb525ec45f4cc40688693b0546712b410f6128f6492f0a54,1764513549,1764513553,2067,97306,,
0x8c2b24d66d6a619bfcd29060fccebacd9c0a417f4b357ab2215dbad45ac5f028,1764513549,1764513553,2067,97306,,
0x808a071fe5c6592b545963c9b9c4008555f0664fef9adc62b3db0958bd984930,1764513549,1764513553,2067,97306,,
0xcf1790307498d0fcad0faf2b93934d1769a7325ccf776e1aa60a350710bfa671,1764513549,1764513553,2067,97306,,
0xd8abecddda19af6a9c16203d15f24e1ee169704f71d68875966508d78be18954,1764513549,1764513553,2067,97306,,
0x95e88e4482b3bf868a4dd2b7dda98bb35b69d70a8b2eb0ff4f4b4b0a69c41720,1764513549,1764513553,2067,97306,,
0xe3f3e73fe83cfca345fba3c67914e95a4df887498a4c1c354721167969d2ebcd,1764513549,1764513553,2067,97306,,
0x25b86d93152ed5393f6eb0d2c85cc79b4f82fc663a1620e9fd497975e5311141,1764513549,1764513553,2067,97306,,
0x3a149a9dc78e82d636cc071414a3a36121f38079523595d37802018a28bfd060,1764513549,1764513553,2067,97306,,
0xd1c3bf39b9b9126e2529cb2bdb67eefda2eb9002969c0df9f7240a42b0ea79ce,1764513549,1764513553,2067,97306,,
0x68fa63d298b7e52add2aa08cc444ad1cf988dbeeecc824d6c700bddd25e07ae0,1764513549,1764513553,2067,97306,,
0x2b0871474487349479e483ac22119f9f3480408a5d59a83853c95cd1c28ca4e9,1764513549,1764513553,2067,97306,,
0x3881d6824044c78eb85f2e802d2c777230f4504caa897d442486680030dffbe3,1764513549,1764513553,2067,97306,,
0xef453a077a9394dd755e76f5576214e7e051affbe0f4070315fcc4edc4b7512e,1764513549,1764513553,2067,97306,,
0xee6601b9683447c77674295090d2e36dd39360581b08c2db394be70df6877e45,1764513550,1764513553,2067,97306,,
0x6c5bfcda0de7def10d760b5ed6727b42fd7138816c928ec5f428eb75db488dfe,1764513550,1764513553,2067,97306,,
0x8fec602a8acf7e0efb0199ea737eb290f4bb07d8186c765ca074903b0f58e875,1764513550,1764513553,2067,97306,,
0x60938b0f2e6b89c10c1705ed12d1375eaab23531819c2ab389032eef1ec6d491,1764513550,1764513553,2067,97306,,
0x014fb105e581ae8a87582362f64bc423fe37720bbb11f26bb1b2773ee46c7f1a,1764513550,1764513553,2067,97306,,
0x6203b34cf5462037dd49a24d27524559c9af6806b7db437cee2d0c1cd73fc799,1764513550,1764513553,2067,97306,,
0xe8db228c629431f6b724a00e5a26e2b300fe660ca56c0aa925f12ca76c2cde3b,1764513550,1764513553,2067,97306,,
0x06cdf33a3532e0a2479b7bdb00a1c39fd690993324fdd119874107b3fe899ddc,1764513550,1764513553,2067,97306,,
0x11e1676dd3f22635c1e56afe1567686b73f7bac2ec5e2d1237a236154bd79b8a,1764513551,1764513555,2068,107722,,
0xc4b61e98d461941357fb4ecf28ba676c0a1aeab62dbeba11356f8a989a0ef462,1764513551,1764513555,2068,97306,,
0x0e1273b1f14b5495ef0046c255abeabd9215e2c88fd5d18db0ed583a3c3630a3,1764513551,1764513555,2068,97306,,
0x1a3b9bd8fb1c9a6892e5448323eff01722633fae8d0c68889f1cab0c34ca230e,1764513551,1764513555,2068,97306,,
0xc5d861748da365a0ac8671c1902028d1e1bce6f06adab7f9d9f4b35926e3e4e4,1764513551,1764513555,2068,97306,,
0xf1e866c5d1670149725dc45a7cc662d7bd8031f402d949260462732490ed447a,1764513551,1764513555,2068,97306,,
0x1c338270a0ba7d8659c71439e053577310501ec1389e35a0792878a0b5acd34b,1764513551,1764513555,2068,97306,,
0x9f89e94f6f6913e8aa21ae2ed8a780601e53abf1aa8d08b1013ec7f14f029848,1764513551,1764513555,2068,97306,,
0xc72835ce550143138ca4ef2030b8a8328ff8241a93b02083da4fc20f39edcd5b,1764513551,1764513555,2068,97306,,
0x4e627115848f3a73fb5054d7d8171a9e07ecb6b938e991190fb13cbded8cdae0,1764513551,1764513555,2068,97306,,
0x1a2c2590248b787a24db7b9e869175a62f157f318b7e29431b64660d815725eb,1764513551,1764513555,2068,97306,,
0xd62850170c0cf1659d79ceaea249dd5a8209b2e6c689afd99a40ddac37dfa2db,1764513551,1764513555,2068,97306,,
0x2d119adf1ca860ca9bb7546f85bbfae9e738e0d80eb56d63b79b043d5af054a5,1764513551,1764513555,2068,97306,,
0x36d73bbc80713758727c4aa7669ac5d0bfefc6c19cbfaef8e9eaa80719fd409d,1764513551,1764513555,2068,97306,,
0xad94ced302a9e468f6a1e151642b530cb422f5e58f722b941577bb05abeee33f,1764513551,1764513555,2068,97306,,
0x2d284c67a89ba6b3531f66954a8c46ad191e846fe3d09a4589d24d42398f1d17,1764513551,1764513555,2068,97306,,
0xb15e5748d3ab7ca691931eb1ce924ad2d0d69affc7fbf14fc790559622aaba9c,1764513551,1764513555,2068,97306,,
0xdc0eb4d9982abb0c446a3d17fe30a8c31a07682d77c7094902c359e9743088e5,1764513551,1764513555,2068,97306,,
0xbdf8f196e7fe0db24bdd475aefd02c0c8e72490077f5c030a396d6b213b1a74b,1764513551,1764513555,2068,97306,,
0xe1b71616603f7b61505d15a9b577d76ad7788c5116d84c97c9128610e28577e7,1764513551,1764513555,2068,92506,,
0xcebaee7f336dac477ece8f66af7254f9caac9da52ace044a95a2abc35b6e0f60,1764513551,1764513555,2068,51194,,
0x87449cc7021caba99b87dd41452b5bab6de682aba5fa222b416e5eea8a0dd961,1764513551,1764513555,2068,51194,,
0x88604a201616ea6d588baba3712da9b96c4165ffac937c2c2d00e278e5a0a718,1764513551,1764513555,2068,51194,,
0xab5f8e5cd563a4242d686ab615cf7fd684978dc2eb8573910a4bdd4c6d41b970,1764513551,1764513555,2068,51194,,
0x3a394c80fb0c1b9ea358d9f2b2ddfb1464ca54c0c640984721d84125cc6a6b9f,1764513551,1764513555,2068,51194,,
0x3b61913f75b7870ec76e96bafaf9c10763ee1946412851a08701e259e6386058,1764513551,1764513555,2068,51194,,
0x937acc5ccb4cf9ffba68a5972899692cac84e0d2a4eaf067d98c7ece10855d2f,1764513551,1764513555,2068,51194,,
0x4c9702f05c7d7c230df1ea5feabb9d87da0bcdfaeb69714d376adfb86fd6a443,1764513551,1764513555,2068,51194,,
0xedcf45ff2310c09ad17c61d7c787fd0f9f5a123c569decedfe15126409b62674,1764513551,1764513555,2068,51194,,
0x0516790768973b4c17e96fe3b1dcf0460ffb9eab0eafc30bec5b4d84fe3d48ea,1764513551,1764513555,2068,51194,,
0x36da9b90606335dfee8e6efb01b947aad81e0eff19dfc22a0982281ddb675395,1764513551,1764513555,2068,51194,,
0xc97c89c76056721a5f5f08c81530848a035e0e65d7c5622c07ff2d2149628c2e,1764513551,1764513555,2068,51194,,
0x9cf4a177ebe970bd0e90cfbbdc3e023f6d0553072a2d38eaa543b4672a99afa8,1764513551,1764513555,2068,51194,,
0xb3079037a2365714feb02743415ac1b530d2d775010bf9b0d778285b095fe929,1764513551,1764513555,2068,51194,,
0x8c6dd984156e71eca4c1d7ee2321479956cc2ba0804afac9d21318de7f0b421b,1764513551,1764513555,2068,51194,,
0xb9269b6c7b1f3b6d6fca15a681bcca038497ef1e26f067df03a4807d71328719,1764513551,1764513555,2068,51194,,
0xc75b9f666dbf429b9c269bea5cafe41001bd433c0de8eb73d23fb8886c3221be,1764513551,1764513555,2068,51194,,
0x60d2bf8c7cc3e8206ed30dc6fd7627c497e953e1b4860024728723330b5d4eac,1764513551,1764513555,2068,51194,,
0x4eaac67182fa6890040ac5eeb2ae3dbc3cabe4763cdb07de7f69e448ae09069b,1764513551,1764513555,2068,51194,,
0x479f1e3817901091ff7c9a19f1e9d7e1cb71c6bfc9f9bccdff537782ca04613c,1764513551,1764513555,2068,51194,,
0x417167bd2a44af9b2f2dbe84555877d7a17a4839737a86638e3c3c2ae9e1f924,1764513551,1764513555,2068,51194,,
0x1da77f596edc884437317f560c2fbabd03b6d1094e181859390aa9a895761fad,1764513551,1764513555,2068,51194,,
0x3e997a4c8806655d9fe1b5d2650b732b45ede722b675e2abe553897a3ba3d63f,1764513551,1764513555,2068,51194,,
0x9963b8c29ee6c5218e85c2e041cd24a9227380cc2157a4af0184913b0cd7428b,1764513551,1764513555,2068,51194,,
0x37b03a9b680fd1d0324c182f271c57118ba35f79cbf4bfe8d9fb05bf088ee610,1764513551,1764513555,2068,51194,,
0x008df5bde266207dec10641e693edbd1ebdb530e2f572cc5da6b93c44dd461af,1764513551,1764513555,2068,51194,,
0x13a1ff3d56ccec536dee57a53b6377124a29491518133d31880dedf72d127164,1764513551,1764513555,2068,51194,,
0x09410dbb33b137a1f1ff537ff2f473dd8501c3b3cc92d6c0e7ac9af5ac49aab7,1764513551,1764513555,2068,51194,,
0x17b42f31c4444c28ba57807691ed5dd46502c53e698931386e9df097667f2f61,1764513551,1764513555,2068,51194,,
0xa5e2ea732dbb5ef40a2a1da1e8585c24f3e594939275c2ccb0aa0a07dcb45d58,1764513551,1764513555,2068,51194,,
0x336559428d850933fd6c0db5d7e0a75dda691fbab21ff8e7e279035f76aa763a,1764513551,1764513555,2068,51194,,
0x876a18d919b040009a235ee29271994c36d9a2e20bd769a1ebb4f791d54715df,1764513552,1764513555,2068,51194,,
0x2cfdbd7cd6a241a98a20be12a9785f2c9c5338090fcafe1d1ec15f5013c9403e,1764513552,1764513555,2068,51194,,
0x1e1ffa61e022024d4324af9b0d48e66f628e3afbfa4d3f0c068f15dccd17b589,1764513552,1764513555,2068,51194,,
0xd3f137eea1fac69799c2f102ab82d05bd122e6f270d355805730a59054476891,1764513552,1764513555,2068,51194,,
0x1a8b1670497289b9e3cc3ad9589e9c870d7f5b2c120a8913fd18dcd3dfa35009,1764513552,1764513555,2068,51194,,
0x45beaeeac435c029a7139f184960da62e4711230fb1c9217154504bbbb849c65,1764513552,1764513555,2068,51194,,
0xbc7400e111ff13e642a84c54408911e7192be8bfb4c32710cc641cf7ea3ce235,1764513552,1764513555,2068,51194,,
0xfff23ab5ae967c2154ca3b27974acc575e479fdb06e17b6ecb1b9ae139f807bf,1764513552,1764513555,2068,51194,,
0xcd73feeae55d2211fdba55d449ede3b93290445fc7cf50a9a5a4badcb74cd712,1764513552,1764513555,2068,51194,,
0xa8d716351c4dcd960471042fb1f7d30f978e47f0b08a640da3a38fa24ef35075,1764513553,1764513557,2069,51194,,
0xa6603e441a97bf1903e63dc97f682b7d0b7cd2ca74a733fe0fd0cb4f56752d78,1764513553,1764513557,2069,51194,,
0x45c7cd1e4b87f64a821cbe7b5d186e263c2f0bf08778d1ab93590cd8e4462747,1764513553,1764513557,2069,51194,,
0x7535fc3f04b32c0ee34299845b430b5ffb0e31410f7eb73f38a90c4b30e6c2b1,1764513553,1764513557,2069,51194,,
0xecd6d56ca10a1b39cb090ef9577ec6c464bad56d3be9b46abb22bfe8092bde14,1764513553,1764513557,2069,51194,,
0x9a4be1358ba1a607b5e6151347a56121cff677b4a572826547c8893cc3bfad89,1764513553,1764513557,2069,51194,,
0xa5fd43071e3fb35b8cdc084312545a5c73de3474551a5b36f25c32cc26cede29,1764513553,1764513557,2069,51194,,
0xfd22dc2807597b695778e4f4e1459d9c93483ec7ebd11c0b688a1f9fe5ae31f6,1764513553,1764513557,2069,51194,,
0x3063878b38e0ee67b872a42cf108ce85cfc200c5f5cf70054c554917db683112,1764513553,1764513557,2069,51194,,
0xdee4aef6f2df900dfcbb256520e9060c72fb437819973d8f0df05d36d0ebda02,1764513553,1764513557,2069,51194,,
0x10f70bf3e1399923bbb410edb5a2c4ceb5710da45a59fbcfe1b3c0c23f33847b,1764513553,1764513557,2069,51194,,
0x38286461d40a7e91bca3db2022273d36a50871261dcf5d2f69785863b157a22d,1764513553,1764513557,2069,51194,,
0xee5ed506cb78e72ddcbdcf04f052c28ed19a1e0a8698967fe31bbc1289501c9f,1764513553,1764513557,2069,51194,,
0xb4e92ff1ea9edc6f9a79263f35ebaaeab2a0e341b6267f1e2715671764d5023a,1764513553,1764513557,2069,51194,,
0x3f8bd5376d5bc0e856391cd2f7529f0655bfb79692841793c0face78df27469d,1764513553,1764513557,2069,51194,,
0x195f13fed8508df0f7a407b8199994e4a63696f5769e9d8da5884c821afb7917,1764513553,1764513557,2069,51194,,
0x772fcd7f0ac131b2e685b27666c39ea0501c2d2cea8276352f7d28eca4341774,1764513553,1764513557,2069,51194,,
0x60d353248f8a616d247f51c35a2f4be1faea98549eb5a29314b7f1397bf1122e,1764513553,1764513557,2069,51194,,
0xe54dae7e45be62911e2ed32e4216d10ffedcf7028eabeb5a60ce48d2606e7029,1764513553,1764513557,2069,51194,,
0xb14d0025a569131f5ca14a5665d3e73e4307c9178583a40bad808b80586b4664,1764513553,1764513557,2069,51194,,
0x732f110921a16d459169566e0571c876b86c1ae949f5fee5474f3363c9735286,1764513553,1764513557,2069,51194,,
0xa07dc59b753edc7562946527a08f3ae793e57f6b9544817528ae753995eadc23,1764513553,1764513557,2069,51194,,
0xc1c85fa535226a43079a1ebeba48672d6df49e2b3b5cb2eaa680de4a31a365a7,1764513553,1764513557,2069,51194,,
0x24db18047ac20fec2bf7418f4a50b5c66a61f68fdf510d5f9d1c6da4bb2b8860,1764513553,1764513557,2069,51194,,
0xc3a5266ccada7881347965dc9771e9d8eb8eed1f7bdd866aed728fc858ac7b32,1764513553,1764513557,2069,51194,,
0x5d9018c0f7a7b815f8ea02b5ad5dc5c578171b2f07b930a59af1cdaa21f4f595,1764513553,1764513557,2069,51194,,
0xdca36241eeb458f4373f70a77362c8a5a3adc60b140c64be356ce1da644c4c83,1764513553,1764513557,2069,51194,,
0x4bddae7e57778c158b53f8c834ee5368ec5c36203d94359fe784adc11263c1cd,1764513553,1764513557,2069,51194,,
0xc0690d9172d38b1950bea18299b3a3f26d9e6dd4fd886711f76cba3b6b93a395,1764513553,1764513557,2069,51194,,
0x30a6642e3220898d55c7f45098255b2f4065b27ef2a0929a47a09d41a2b1cbd1,1764513553,1764513557,2069,51194,,
0x8696202aae690d7f7226c646efb636b25a0ce5e51c297e7d7c248ea29eaf07e0,1764513553,1764513557,2069,51194,,
0xaca545fbb382668332e37d1ba3bc7e577d7c1dadecb327c280bc61ea2595b743,1764513553,1764513557,2069,51194,,
0xc144c308bb394050aec381bc4ca4032150b53e38d42b971d9b56f3e57f3a0a8d,1764513553,1764513557,2069,51194,,
0xbd4fafeb99bf90b04a65c61f2854db7cae1ccd0fa6b2f62a58c34c65d689ef07,1764513553,1764513557,2069,51194,,
0x3691be3a0ea4f70ea3c6f51c50bee001a48167286dac0468129954e960bba9ed,1764513553,1764513557,2069,51194,,
0x855110adeee325f6d0931e571a737060f22dca4225da1b09ccdd48e91c09d8cd,1764513553,1764513557,2069,51194,,
0x4eb36c0c4e9c5cb65fb79428c21779e41962882f70a9546ed28607f188e525ab,1764513553,1764513557,2069,51194,,
0xdeeb5cb960b4779756ae16e9394f242973e67a847ba0006b235d8d27561dd819,1764513553,1764513557,2069,51194,,
0x95790d6d0d3fd05bcb5f2fc555a8b1d55307ce7a215e71831a5b7d2b17954a9e,1764513553,1764513557,2069,51194,,
0xe55bde8a03accfa5fadf034a92d2d161b371358c7b02f7622dbcd2d3bcbaf06c,1764513553,1764513557,2069,51194,,
0x2d92f363fae8da6b50ed77b48a7bbfb0e34447d5ac72e2762ad06e719ebe2b72,1764513553,1764513557,2069,51194,,
0x39157cc07e1fe91eee61eefa3118641388ae6fae88a47319e95a606fd2c952eb,1764513553,1764513557,2069,51194,,
0x98cd42074f1625fe0b66b05385055753bbe900538a6a8b275a92bd0cb66467ab,1764513553,1764513557,2069,51194,,
0xb36e6b76115fa9f2bce91b7df485db536f969cd01187d7a507feeba65b82b037,1764513553,1764513557,2069,51194,,
0xc986fc019767de49fa086a586777e03471949e9aa815c59abca5b2e5755cf633,1764513553,1764513557,2069,51194,,
0x7916c5ed9483d4084d67638d6fa9ba8bb4ed396cf5ff74dc0cd01c0bbccecf66,1764513553,1764513557,2069,51194,,
0x9a3539a3e47448a6cccd965eaff12eb7523b13eab2c1528a28f480ea219d124d,1764513553,1764513557,2069,51194,,
0xb33f0c03f66e28901ecc083390dce5f8e61caada3431c9365ae0950b51f0d154,1764513553,1764513557,2069,51194,,
0x5ddd01fce4467e7eed68359a9782fc33642657a0f4e93011646fcf1981b2f95f,1764513553,1764513557,2069,51194,,
0x97a26717f1ab41041af5fe0cf5215db78159b707dd9a128389849296d39e16d4,1764513554,1764513557,2069,51194,,
0xff1b16f019b8b5fa27e833ba7415e1fe0e1055cf002410481c324ea21250f689,1764513554,1764513557,2069,51194,,
0x83299fcbf94e73d99638172cfd17aa8adb6b5797e71d4365a659c9794d1e58c3,1764513554,1764513557,2069,51194,,
0xec99752c235a951f34a7f44f072e6c727b3f83d0ee8d46d712493e6ae1e5626e,1764513554,1764513557,2069,51194,,
0x79a539e9328392b7b3da2363c39fbcbf0243c2abe3506e4f0059897b128c0efc,1764513554,1764513557,2069,51194,,
0x851a5b8c8fe11fd8a0950f320eb6a53f63cad4539e053c0f4544584ba315e548,1764513554,1764513557,2069,51194,,
0x64004227fb0deec3b134e4c2940e691fbb667e691f4dc495b1080b79b2f6e5e9,1764513554,1764513557,2069,51194,,
0x0114c169b899ddea31fa0f726c1e52fb59846bd0b4488b02666218344ec75a5a,1764513554,1764513557,2069,51194,,
0xe7fe78106efd59ef3796a1a23001a817229949fd7f28c6b838d7d3e7f17936f6,1764513554,1764513557,2069,51194,,
0x44e647ff5384492c5d87555d140cc351faac042bc1b550f5983a4e5148212a5f,1764513554,1764513557,2069,51194,,
0xaed1e8400f167ef02e2f003b618214f27cf2d6ce50ff51ff22f271ac0642d971,1764513554,1764513557,2069,51194,,
0x247a0aca2677e7dd1f1529c6df86393293501431ec7412e2058528a717e2c13e,1764513555,1764513559,2070,51194,,
0xb757adcc3a977684129c43ba0cbb31f2ae159183e1695f24d0461d283422dbbf,1764513555,1764513559,2070,51194,,
0x252eb94e32718ad2e99e872bd56107ad1cdc49c3ab4e4b6600a396e70704fffb,1764513555,1764513559,2070,51194,,
0xad9a530328de69c84794e498709927d4176fb7e486e84e2f1b7f6c844c1d5824,1764513555,1764513559,2070,51194,,
0xcc6eabaa7971ad4ce76715ddc5955f3a391b5c7049a81d714be6394426807353,1764513555,1764513559,2070,51194,,
0x4982d13578cebc2a3522d8401fbf66deb347f46acae4cbfe489899e5105e0bca,1764513555,1764513559,2070,51194,,
0xf71e98828f09364be8ce4fc3e1a9bc7154a47d03c88a006c0c8e8f60a30ee3d1,1764513555,1764513559,2070,51194,,
0x5727f82e8702d2f4a5dc681a0a4e3213ab5c1ac6fedab044f3c3bdfbe641b31b,1764513555,1764513559,2070,51194,,
0x119619b6bfc43e18321a8f3ce597d60bdb8730dc5e8648c068d28e176c1e886a,1764513555,1764513559,2070,51194,,
0x83beede4a4bd77d24e936b1c52b62e5a9dc1e69f5da6ae2bf86c4fdacb778a1b,1764513555,1764513559,2070,51194,,
0xf1f8dc67da55f3abf089b6121b9144153d0ae520a8c6e0ef44412a86ac6604a8,1764513555,1764513559,2070,51194,,
0xb24a81c843fc9a199b6378afa943f3fa1882c44389ca245ce3be0d567f1350ee,1764513555,1764513559,2070,51194,,
0xdf7874d0273d3e76b352ae54df3cb30a715f7aca8cc70b0cd403f80c2b01d8da,1764513555,1764513559,2070,51194,,
0x353d102e8e4fa319af101d2472772e8f37d18d101a1581244421aa262d050bc9,1764513555,1764513559,2070,51194,,
0xb48552b2479ec6d2fe8107fcea2c47d0179b4b4bfd40f5752f6a446353855b09,1764513555,1764513559,2070,51194,,
0xd75a2cbe0aff58d003e37f13905428dd6843b52835c73106e85161721e1f2fe7,1764513555,1764513559,2070,51194,,
0x77983c477924b749c7373c9a53b683ad47cf495d287963a1bd680b72d716b9da,1764513555,1764513559,2070,51194,,
0xa6d053850ddb76de60a5f840c03aa8ef4f67f0065035e6e39da3bad8a8fd1e73,1764513555,1764513559,2070,51194,,
0xb94f30f7ddba659ff7694fede35803043c47391a02b0619b138b18d0f6e3e9c6,1764513555,1764513559,2070,51194,,
0x7cf2003f44a44e4096306fd86d8f72092d8449ee9852bb358647d58b80476db4,1764513555,1764513559,2070,51194,,
0x47ef985118d30bcde1f1299f1d3e214af8636d2da61d02e524ec9a4d2798a4bd,1764513555,1764513559,2070,51194,,
0xf5b0411a61b195bb5dfeb3558953b7935e6f21d2ac0e29318cb2c525d96e5783,1764513555,1764513559,2070,51194,,
0x0f916141f7ae1ffdf5778fac5b9ad09f6de70233e711b23f439c87d9190d709e,1764513555,1764513559,2070,51194,,
0xc39e480257fd3a98e07832031e0ba57773b9e562cfb5eb52916aeecb22aba253,1764513555,1764513559,2070,51194,,
0x763150c90625b7e04a8dae35fdeb71dbd51527362c7c809c72e7b145fadd0b2e,1764513555,1764513559,2070,51194,,
0x49aca1867593da7c54f86cfacd97b5e8f8c60fe1210a3c4dfc0034ed4d9b8493,1764513555,1764513559,2070,51194,,
0xe7fa5f2b1c39aab3dfa4a831c4532abd4ca50fbefca544b47f014250646818cd,1764513555,1764513559,2070,51194,,
0xf1943a367ced8d53c7a28c0bb1b80e2bad43c31cce97ffe8d7a32e39582e46be,1764513555,1764513559,2070,51194,,
0x653819e586a1eee5a74b71f9c54f9ca528f627c8d2f70d5517e309fa23733e69,1764513555,1764513559,2070,51194,,
0x38158e6c7afde23081da57b3d70472533fc30ae04ae1e0bb4eb8ece5f2089132,1764513555,1764513559,2070,51194,,
0x1af7ba84a4471ddcc1812b912b680e78e30813133bdd445c1f5358a72e5fd362,1764513555,1764513559,2070,51194,,
0xa87faab949ec94d183072a44b53c9a51f788c5898597046b5e8276a9721a3b6b,1764513555,1764513559,2070,51194,,
0x13992baaa6f15f1c58a82cbb2ef992883bffa71abe470c44a090e5980467abb6,1764513555,1764513559,2070,51194,,
0x9f7f3c904c38f972f8083b5a6096464cbb1c6326f1873abba674d7ee56e8725e,1764513555,1764513559,2070,51194,,
0x7a5ba462ad8403a23c0a59646d5b55e5b01b483c215d14d63a8bd84698962537,1764513555,1764513559,2070,51194,,
0x27377b6d01965c763d8bc0cc4f9aa4bd5b84436b48042cc5fb7f313c076f9bf4,1764513555,1764513559,2070,51194,,
0x34bc726c57f72817587082ee3f3a1c78937f8afc48f9178e0b0304990476d7e7,1764513555,1764513559,2070,51194,,
0x8f73e3e70e158ab40a5a89bfb8aee60e0adc17fc0ad44a777ba091f0cbfa2b60,1764513555,1764513559,2070,51194,,
0xe393f863515d542abff41507966cf3987a10c9ddea09eabbcf59b3fc18a6cded,1764513555,1764513559,2070,51194,,
0xa40f2741b0e27607b98efb85da7c92df36ccba98d139990c4c883ba4c7a76657,1764513555,1764513559,2070,51194,,
0xeba2a14178f459a8079b5028b554eb7b661f5aef8c632c9dba7d9ae68d6670c5,1764513555,1764513559,2070,51194,,
0xe5359d84ec9c47ff355fdeb39897b4579f91b6fd50d52125a49d25f1664b3262,1764513555,1764513559,2070,51194,,
0xcd0a22c806e374920d412301ffcd8134a6a4dd905f66b5e184daa4adf92b153a,1764513555,1764513559,2070,51194,,
0xe83e08c9788a0cab9211688f54f75e2b50afb6c488c56a4948032fc657758118,1764513555,1764513559,2070,51194,,
0xef559ffec32e1f7bf8967aa33d8ac7b604abc6ce8030541ebe412b8cfe9c5bd6,1764513555,1764513559,2070,51194,,
0xd1e108b0897e1e0260c815dc188b6b7412ab36fb646c1c6c406850ee61fa4482,1764513555,1764513559,2070,51194,,
0xcb6a8acd833831f4e5dd06538b5ec3a11332c52f583e28e86fec3f7b0c65437b,1764513555,1764513559,2070,51194,,
0xd0c9e164371de6d8a1179934857a5c3de6041c5755ef20c881165c60f142b5eb,1764513555,1764513559,2070,51194,,
0x75a34d3b079c8c1f28333022bd61c72f8017fc7dc409323a689fdba7e56c7b94,1764513556,1764513559,2070,51194,,
0xea478f3fbb8d686fece03153ebbe1aac7245c9f45f5078c2c616ee0143364f55,1764513556,1764513559,2070,51194,,
0x3a51776e8732777ed085155964a8b70c8bbcde7edc1c65c768050e7b14302068,1764513556,1764513559,2070,51194,,
0xfeee2286df62e8a5ca0ddc50e461a0e2fc8029919a0c33218f7680c84be37922,1764513556,1764513559,2070,51194,,
0x5cec71a3faa84796c1c845f098bbdabf57b883f68f977c8454bda19446867087,1764513556,1764513559,2070,51194,,
0x2929c74f8d6136a91e48174eb341c31a9dd98d25993872136fe8e5fa39db5476,1764513556,1764513559,2070,51194,,
0x7b8ea12934e20808531137acb9be6612cd98ea4bd65057247f5fa402a8261b2e,1764513556,1764513559,2070,51194,,
0xdf8f8c3b756d8a8d5a5015824018cf22776c41974363efb6d6e5296f493ab12b,1764513556,1764513559,2070,51194,,
0x87e94efb2f0e487e8e3150de4abf9affae803f32d2ca72e86188d5173edb489a,1764513556,1764513559,2070,51194,,
0xdfbb1b97aa1ff6da5f49f75c73ea8552eabf83296decb20c48d81d3273235e88,1764513556,1764513559,2070,51194,,
0xd5cd25fed6cc778a97a6aa0fce428bb600597ab82c0c4d194eacae02fea8d435,1764513556,1764513559,2070,51194,,
0xf7030396f87b38173734f8ddc4a6c649fcf028ea3c6e6d684d859e0eaa09d3d9,1764513556,1764513559,2070,51194,,
0x06e0e11105a18adc7dbd7cca6d14ab5d698df2758de69c22f4ef014049c16643,1764513557,1764513561,2071,51194,,
0x00d5d64728e0655d34369daa71d46c40e9da1e9925086c9ecc409ad04d2f5023,1764513557,1764513561,2071,51194,,
0x4c33c1121a5d0211ca176c53d0f96a3c04a5c13ed40ec76ba5a92f5275255c18,1764513557,1764513561,2071,51194,,
0x9fc343ab89c842935cbb3daace74c858de7e1977a33c127319f2f1e6e3a5774a,1764513557,1764513561,2071,51194,,
0xd1e1fe5c1fd156474d3c0246de21aaa448516e3d01e9aa7fd0211b92786c274d,1764513557,1764513561,2071,51194,,
0x23ce6bd2b38cecda617db8d8b53662bc88ca5c9cd174efe476485dc36ede5feb,1764513557,1764513561,2071,51194,,
0x90602e88851086f1d66a36ecf1a7d6cfaf742b6f528ce5eaecf84b9081ed999f,1764513557,1764513561,2071,51194,,
0xb8d080facd836c409109bf7e791979e58f6ae0cbab397882b2291c441cd8e8ea,1764513557,1764513561,2071,51194,,
0x581bdd1a56f56b60ec9d440a086a86c3a329841b7ef8cc955413165d14b02537,1764513557,1764513561,2071,51194,,
0xf6879c7ac3e007423502fe444a02b156ee6787e8bd6ba0426de8669d1d0d2109,1764513557,1764513561,2071,51194,,
0x8e34ffcc09bf634a78608a64bac088b5f702dea9c65483c705aa6d6ba29be00d,1764513557,1764513561,2071,51194,,
0xf8d963cb5016dc06c8255d7a9b166124b10883a05b6f6951549b65accdb7b9a7,1764513557,1764513561,2071,51194,,
0x135f619d0d0deec0bb6cb22b16f010f9895346297cea4ae86ce5e28c7ba217ec,1764513557,1764513561,2071,51194,,
0xff4dcc64f18cc3515bf3210ef8892e49c9629d7f7cd2feae89f8069ac30e55f8,1764513557,1764513561,2071,51194,,
0x66d41e73f9995e06f62228266932ab871b0a4d405a78bc6e244feaa4cc4b9da4,1764513557,1764513561,2071,51194,,
0xd95f92a36cdb9b498ba048ab543c16d4774034b479735493fcacdb5c0b26f88b,1764513557,1764513561,2071,51194,,
0x1b68ac3df3000d0495fe16fec3ebd3b6fd4018f4f399700e3dc2e2ede4b07224,1764513557,1764513561,2071,51194,,
0xcbd23f5516ac335a166fece9f3c240257db6831a0ceb361254892fc1e34e4017,1764513557,1764513561,2071,51194,,
0x58c543dff65a08490fd438eb3b5e007e22df9e0b57e6e16ce147e7c3202a368c,1764513557,1764513561,2071,51194,,
0x5b810130a7df8a9d633b01a240f4f3ee7868cb24013cd49dcab6e301347ec3ad,1764513557,1764513561,2071,51194,,
0xfaa9b3eff16fbc85f85528d1e948fb3756c99ae09130decfe5fabd5ed77df81b,1764513557,1764513561,2071,51194,,
0x6be6c9a579433fc0a915d51d5f9694f2ddda79a4c249f95b28de587959568ce4,1764513557,1764513561,2071,51194,,
0x218f2bc5954ee13ca8e622606d93c2df9da6cd91ddf583bcb3c66988dfefbb85,1764513557,1764513561,2071,51194,,
0x7bcb10dfef9549a34251e0575049ead45d8a048e5e699552f73b64ef1be42e0f,1764513557,1764513561,2071,51194,,
0x19369e8ad95e145f1d265664dcd35c838d2fc75a35af1f0de04815375c404445,1764513557,1764513561,2071,51194,,
0xd20eca890205abf1ef7a901bd1d467fda225c4701294cf5b25456656549db7fe,1764513557,1764513561,2071,51194,,
0xaf61277c049f8b450acad6582226f9558439c5a50317df8ac5f0f815a76fa992,1764513557,1764513561,2071,51194,,
0xe9563a6677d3bca69610f3aa989af0a3463b94cc0bb1cfe0b823a3fc7dd60f52,1764513557,1764513561,2071,51194,,
0xf6abcdc203144544cc45fc5bf66c2f22caed9d57418e28b61faec3983e0d270b,1764513557,1764513561,2071,51194,,
0x9958a0f83c0701ae92b93062f97c229653ddb705bb6c707859f9c3cc14a82b10,1764513557,1764513561,2071,51194,,
0xe9c38ead5a1fbdf51d3bf9dfc21efe659f615911c92ec66f1a05c91d1646d9f7,1764513557,1764513561,2071,51194,,
0x964c669bded278febffc69b782220cb26e0630b293569cb23b7dd46af32b76fe,1764513557,1764513561,2071,51194,,
0xb3815d1e10560c933e13143089d574512a7a52e15ae0e6f3ebaf31f088f62bb3,1764513557,1764513561,2071,51194,,
0x88986934de6594a22c7f02e3270ac543b41b6aa95aefbab65d080d56d79587cf,1764513557,1764513561,2071,51194,,
0x176de5c1f276799201b5ef61706eaaf81997bab2ea42d6881fc2c5cb4ea355d7,1764513557,1764513561,2071,51194,,
0xb6859e89bc2a0abe0ffce76b0c07f3676ecfe68209cf0c55cd8b60dcec504f77,1764513557,1764513561,2071,51194,,
0xd91e72ea0575bdfcd6c036d118deae6f56fcf95e45d1e97c6d6b7f49e67a83bd,1764513557,1764513561,2071,51194,,
0x6ee6adf0b992addb283a38aec5f5e45f2ff3a8bb0b771458e3b5399e7b71ab34,1764513557,1764513561,2071,51194,,
0xb1333d791f63358ed58ed9dd1582778fc6a6176048df4bb5402b1a3afa41186d,1764513557,1764513561,2071,51194,,
0x98fb84f21c0dbc5d6ac95f8321077a1b491d9fcb954670b5e887b7542246b048,1764513557,1764513561,2071,51194,,
0x2b68d99c86245b7e668c3d0bf80f7123f1cc8d4db77748731d9f6da409831d22,1764513557,1764513561,2071,51194,,
0xa84e0d55c502f93ca11f8b8bc583355637666cea348bb8cd77be776f2e3825b2,1764513557,1764513561,2071,51194,,
0xac5979a68001d21273d8df563cc4160c8a8d4424823154b95c28dffcab6ba552,1764513557,1764513561,2071,51194,,
0x0f5f11d415d1320a0c930ccca6168a073528a32f6f8016642b0079ba1cce13d4,1764513557,1764513561,2071,51194,,
0xc29a37a523726950a18e57f050987aa27a4ffb450b93cfbb0d00a8e056537859,1764513557,1764513561,2071,51194,,
0x1e8405fc477ba6fb27178e3af2bd03ccfa2fdc2859023aba32f8f391cdae22d1,1764513557,1764513561,2071,51194,,
0x5a396e2637917ea4af77f985b487fec44c544f1983371c97c924e5a2bfd8f9c0,1764513557,1764513561,2071,51194,,
0xf3fed8f1c190af5f56f19486e6ebfefc636f8f71d69bac6088f70a79cdaeb135,1764513558,1764513561,2071,51194,,
0xf6ed85820e4b3c82c64b3771364083332e4c3aff0bd0425b4ed8adeedb955b18,1764513558,1764513561,2071,51194,,
0x2dc390400edf34bc75311143e251a6d9e7b0515a6853a10199f3f10b1c6ed420,1764513558,1764513561,2071,51194,,
0x6cb8293bf3fd799949bd2d312ef3489059375cbafd1f2a50cd454a92be3a06fd,1764513558,1764513561,2071,51194,,
0x22056d096b497f053182c7d7b3d2b1738f2f7f0e745b59127e59373cc1570815,1764513558,1764513561,2071,51194,,
0x88f60c5c19e32587ca2bc3fd41e211ff4600ead99fc5f62d490c4ed100a01f51,1764513558,1764513561,2071,51194,,
0x7233cc14fbd49126489d925ec1c5686eec592ea31555b4cc500f82d042898132,1764513558,1764513561,2071,51194,,
0xfb77cf30069ac3749f59ef989519471743010bb18c437d50b6d9ecb6b3de5ea1,1764513558,1764513561,2071,51194,,
0x8b7e71ae095ca710506766919868e60cf8110b73b73f118cd5472f3e309979b3,1764513558,1764513561,2071,51194,,
0x725cefbf348d10c3bb10d12211b8f8c696da88da443effc9ce4870c9806909af,1764513558,1764513561,2071,51194,,
0xe90c5fe78a64c8c1c25cfc9baf31c56b271d238f46fa8502f8105b26be32c1ec,1764513558,1764513561,2071,51194,,
0xefa350ed7a1bfe36f33909806141137ad96b2994dee78ebd08d67c60ae3ebb4b,1764513558,1764513561,2071,51194,,
0x0167b0c2ada572a4e7b44fa34e4a22aeb63a4c18a52bd0b51630b1cfb23814c5,1764513558,1764513561,2071,51194,,
0x22027f34001e4344a97f90ea033333ad4ac14f8ae68aac07418af1ed4656d298,1764513559,1764513563,2072,51194,,
0x7fb52044e1d18094ef8e39ea36f5672231221c203d4b8d83f5f8e05799983f1f,1764513559,1764513563,2072,51194,,
0xad98737c9df0bb3c5b85a5ba56971d2e5095483d512d661aa40e4c79df37cca2,1764513559,1764513563,2072,51194,,
0xd28d1b2afa980e3bba80c51d1d1bc7e38e9bcad64d3b5290b7d94f566aadf088,1764513559,1764513563,2072,51194,,
0x2af9eb5f417f36a74f19b1262cb998cd9abf76f7455fa2bfc11e53d8e916861d,1764513559,1764513563,2072,51194,,
0xbe920efee4516f846bd92a4a42ae26a5c6fbb6da3e3f9a0998933a52facd2a3d,1764513559,1764513563,2072,51194,,
0xbc32ee424ac9f293d0bcce58b220989ffd23c5863df644c62fe3555a49e85635,1764513559,1764513563,2072,51194,,
0x3d48c9afaf147a17c9bf581c4113ef178061bda27ca936d564094c850762af6f,1764513559,1764513563,2072,51194,,
0x9746b69671f71f59b3f79cefb90e2e84112cf1ccaf5126ba698344b355896720,1764513559,1764513563,2072,51194,,
0x08921f8b85dc9e6c9d83d13eb4d6b55396356ceb21594e4e7c29fc9ddf8a37ec,1764513559,1764513563,2072,51194,,
0x4d3b936dfd4e76866b19bbed868be23e78bac4a7712bfc75700752470ce464fc,1764513559,1764513563,2072,51194,,
0x8c309bda39a78bac1ba369bff92123c8c3451e1386efaaf7c983cb847b9b8f79,1764513559,1764513563,2072,51194,,
0x06fbad007ce6f25c2f883752e77af8a13c1a7166661b785f96189ca023ac0a9a,1764513559,1764513563,2072,51194,,
0x19bfaf0ae8e01565aaf6c2a06804f551ca9327235219f97d4ac454cb1d410b13,1764513559,1764513563,2072,51194,,
0x5407ed382007d7563af2e919d3dfced2edc89a18c3c50ad7a6fffa149737a21e,1764513559,1764513563,2072,51194,,
0xc44ecd96e4bc244eba94afcee8eed98a0d3cf8badb8bce85660060f49fe05052,1764513559,1764513563,2072,51194,,
0x0e4f38d53b5c28b54392d46ab90e3178b29cfa1f9ba9d966c94daffc88cd7a65,1764513559,1764513563,2072,51194,,
0x0ef3cbd7816bca8cd5438d7168eb17327074eeaa67ff93f5775531ce6237e130,1764513559,1764513563,2072,51194,,
0xefdf53ee93ea85bc32b51fc2d7f032da1ad8eecb67b2336b40ef04c7086641eb,1764513559,1764513563,2072,51194,,
0xdfaecdbd054ece047311d9051ec0c4beb9810b0e7ac1568435fa30be806ddd6f,1764513559,1764513563,2072,51194,,
0xf84434966cf8d6c691335d0185a0900b0fa1dae20c692afc1d29709c8ab7136d,1764513559,1764513563,2072,51194,,
0x54876704b1329798a1bd3270c0ca7e5e72a2853812709c42e51bb181fd8fe3bc,1764513559,1764513563,2072,51194,,
0x3e0eb7577e50c1b3a17c74f7eb6430d8603cfcec3abaee15ff128de98128f9b5,1764513559,1764513563,2072,51194,,
0xd4e22b4772f0d748673d23e5242d575942e90e656150fde5b126d24b6eff525f,1764513559,1764513563,2072,51194,,
0x7b6b85279fc4f00e9f9a859adaac7ac4abdf5564766e3bd760dc043cadcb6a70,1764513559,1764513563,2072,51194,,
0xc4b9ad2a3ee5ba949c28ea18e45bc207629c5b0c3f574a3539bbe459b6000103,1764513559,1764513563,2072,51194,,
0x4ca2fccbba1d9cea11b454bbdd918c3aa63a0cb50046e72f1045cda426a6db8a,1764513559,1764513563,2072,51194,,
0x5a9a2fc69dd3c8a500c1782c32b29027a3afc0087a70216c692baaeaea7a15bb,1764513559,1764513563,2072,51194,,
0xe9d714af9ce052780c2ec598f1cbdf22c1fb7835487be2003c5450ab12a450e9,1764513559,1764513563,2072,51194,,
0x1b3cd4e7a06f04b16490116f96cc8e742dae3b9f272abd0550143de232644cbe,1764513559,1764513563,2072,51194,,
0x565613e9740293098b257e181be31298f86aa6122bb928af190aebebf8b55da2,1764513559,1764513563,2072,51194,,
0x40773d476470ffab1d6d94ae2d71319b4e3c2a11da1927a95fab99c933221f5f,1764513559,1764513563,2072,51194,,
0xcf9f25f9164933c44a45d7f5af8d763933448a0cefaa08a5402be8d0925752cd,1764513559,1764513563,2072,51194,,
0xec0b0f2663017b25b8e7f8da61022aec21e07e535300f59f69176d3070dccb82,1764513559,1764513563,2072,51194,,
0x785401e602f39f7cbb72a5d6965b1e2c08057f52d531cd9401a8a492b29b686c,1764513559,1764513563,2072,51194,,
0x0d1daffc18cac094f4bf7aac2bb5bc6598f3cd8db717f8b4882e626a587b8181,1764513559,1764513563,2072,51194,,
0x0c179cc6252d899ba88926bb3adb70f6200291e593699515393ece89df3f1e71,1764513559,1764513563,2072,51194,,
0x37bc79498d74d9b468368b613f07845600b5f28188393309f233caeef03dc0fd,1764513559,1764513563,2072,51194,,
0x9d2d64ae9284b1866a212a49fe6790a764cfac68b21ca77544f6e1d914ff5b90,1764513559,1764513563,2072,51194,,
0x71f3518ab6fd52595e9f5d078db134e4e2177b95d83bc83ccb3c30bb72286bab,1764513559,1764513563,2072,51194,,
0x61d5b55bb3563c6dad4b3bde94f8d715dd65f767b253993015d9915aca8e83ab,1764513559,1764513563,2072,51194,,
0xdc5617e31c85a5d6f7552e91fa7aa9062a7ad2767703c7ef93d2281e1faec31d,1764513559,1764513563,2072,51194,,
0xd83ac48ea0aa91c15db24300715af79caaee20fae368daccaa215b1fe5384fe2,1764513559,1764513563,2072,51194,,
0x48076273704b809c58a45bb34818dc0592f7dc7072530c8aad0c0724345b0d04,1764513559,1764513563,2072,51194,,
0x76ba981b0333a83162aa7f67c8a1f246b35ea8f12241831e491538a16b16bae8,1764513559,1764513563,2072,51194,,
0x78a3c9d6d638c4ae7b01a13ba185165debeff27c1f2697098eafb292b14e92dd,1764513560,1764513563,2072,51194,,
0x1db4b3938fbfd3ec8a2112d3c1c06147fd3d3135c717792d87d8eb14d1ec335b,1764513560,1764513563,2072,51194,,
0x2e159b5b3e3e293e20b07b9cb5c3b5361d10a221d0c3a7f92e937ebdd767a609,1764513560,1764513563,2072,51194,,
0xd81359e1d672cfdfc8c38eb11da1c4ae71da743761321090bf281a3017e31c36,1764513560,1764513563,2072,51194,,
0x403c0c7d4b2ef6371a380bb20d1e791664959e7831a10ef871baebb61d63ffa9,1764513560,1764513563,2072,51194,,
0xc25cc38123a89ef8829e73cc5c350c244d86eb00bd2a132358b7975b3e1407e0,1764513560,1764513563,2072,51194,,
0x8378c7643510e1f464d5b9b20ae963853f596e5bc15f77e1bad67866225f8296,1764513560,1764513563,2072,51194,,
0xd64df291ae1bec6542e898f8448c184e326f084614790aa33ddf085159a49cc6,1764513560,1764513563,2072,51194,,
0x092d9e9968ce25fd679eaac0e461fbe3d327b5a385d39ca9aeb9b3df607571e5,1764513560,1764513563,2072,51194,,
0x8cdd9db61a7b87e939af12b78af79ab30a272b92e71c638e824a3d31068683c2,1764513560,1764513563,2072,51194,,
0x3bcc1700ec219b7c6693da3b86f738c112b1ae18fe8c56199ff0a8cc4e7993d4,1764513560,1764513563,2072,51194,,
0x27512820fc4448947ce6fa70a4fc5dbe2c494194fe9fc13f98d37efb8853d190,1764513560,1764513563,2072,51194,,
0x8b0593fc1ad406d555801d134f93d172221872fed9ba1496ef899ab3abc9db3f,1764513560,1764513563,2072,51194,,
0xe0bc2a6101f82fcdb3157ddb2ac405811c76c8bbf8c733d7b8e9bb1b09ffe192,1764513560,1764513563,2072,51194,,
0x9874e1e90f2c93d95341a8644f377935b368ed71473be9de6ddf87313b4f9a30,1764513560,1764513563,2072,51194,,
0xc608b7f4221bb66f89043323d28f8dc8abacad85b2dcca5815aee4c7a632ef47,1764513561,1764513565,2073,51194,,
0x8dfea37db701ca5d1ca24961eb9c223f0e7ae6035da7508a9ab25d458bc36e1e,1764513561,1764513565,2073,51194,,
0x54977cf615653407a3611cf43df25fdb45ca30ef645954a86f943f38a0f50c89,1764513561,1764513565,2073,51194,,
0x9e1473c6990ef975700458fc829c3fa46e5c64467cb64830ee3afd44361f5038,1764513561,1764513565,2073,51194,,
0x2e313e49bd7b1aba710cf826fed9f461570466519dbb3f30ad6e6b51c4c765bd,1764513561,1764513565,2073,51194,,
0xa2a1968c583c5132c0c7787536d640825a37c48a3b12b727de55c130b493010d,1764513561,1764513565,2073,51194,,
0xcd7136512d0f82e47cf7530169800f55f72bb4f121586961fe731aee1355fc72,1764513561,1764513565,2073,51194,,
0x988944ab48fab38b5a4e3d11bbfb5f0253291e9cfcb5c8f0cdfa92d9b4cd64c5,1764513561,1764513565,2073,51194,,
0x2bba14eb245bddffc5f354fc2c001a318fd8e0956c2a48ea80e68dfe6521d2da,1764513561,1764513565,2073,51194,,
0x58e3dbed912026b7108974339c60d3c553712c66826c1c47219e9b8761eec7c7,1764513561,1764513565,2073,51194,,
0xf5337cead20f3c68f7e7b38ab48d7104e9a90ad9bebfb629c59a25ff7aa12d53,1764513561,1764513565,2073,51194,,
0x72629c503449f3c0676cbb4220566045ad451e79e9c059fc2ea1ac88739d472b,1764513561,1764513565,2073,51194,,
0x1bff498ad832497457999f9d552e3930f6c0e1caaa2f83781e6c226533618f40,1764513561,1764513565,2073,51194,,
0xe60e52db00de4179210c8e135e4227f6841b02f4368c76099291da3db3fffc61,1764513561,1764513565,2073,51194,,
0x3a37cb6e01f1c67dfd1b7ced23f80758d7f44620157c87a5b7e22d50da4e79ac,1764513561,1764513565,2073,51194,,
0x81c47b4941e2dd3da69edc6ae0c6dccf337acc1dc5f9c5d39b34f6f9ed05f3ae,1764513561,1764513565,2073,51194,,
0x54fa3d8d2ac0bf785ed57b965a3a8f24bb3622d851a1f4e54466fb7c825ddfd3,1764513561,1764513565,2073,51194,,
0x90d226a748207151da78975f178a3584be79e22be223eb54446e4f07b82bb95b,1764513561,1764513565,2073,51194,,
0xcd0e8e605a91d03c249937a51a7fe77d7106e8eb70e5b94723ef6540a3960eed,1764513561,1764513565,2073,51194,,
0x6ee5b7e9cea78deac57092323bfce911a8acfabda3866e80da8095dde535e4c9,1764513561,1764513565,2073,51194,,
0x4bf26e5af199c7ffb9c781b4d3d1cc5fb7f8b83ee01a45d4c1d5f21766f5daf7,1764513561,1764513565,2073,51194,,
0x558a170718486779be2ed6d807be105e0d02fa127706558f7237a876a1634417,1764513561,1764513565,2073,51194,,
0x0fdc30817e8699919b88398e892d7e4e5c4fd632655b2e61f3b373b630b59cc4,1764513561,1764513565,2073,51194,,
0x2b8b4bd9640aa6aff014bb1ab3162924e1671f871fada82c28439776243219f4,1764513561,1764513565,2073,51194,,
0x3af57877cdff7acf825be20fce3d5b82fde39ca8d63b84970b9b736ee091a67f,1764513561,1764513565,2073,51194,,
0x66c72d19f51853d88058d9b819932bab7cf040956ab5ab5d91c68d56b348563d,1764513561,1764513565,2073,51194,,
0xf42a42dcf147de1d3734f9787a9baf3c5ea3310ec218f685af161db3b916e8d2,1764513561,1764513565,2073,51194,,
0xb7ce9aa7d844db3dd063f698b18ec5e4428de3087d5b2666116e6617b951e4ff,1764513561,1764513565,2073,51194,,
0xe85061b37c695bb75111dcdc5b63c42fc308ae4d6b13ea97edc575db2b18cf8b,1764513561,1764513565,2073,51194,,
0x892a8df2386e27607f3744bf06d7a8002a40a0fb11f46e0c73294cdfe5397928,1764513561,1764513565,2073,51194,,
0xac1d99a2a6b5e7b00053f5b7ce11ea70e94218cf2615c3a8eca9babf598629d2,1764513561,1764513565,2073,51194,,
0x11f4ed28dd0bfe50be6842dfc91bbd2a4ca09b89ac980047fe4ac8286762e503,1764513561,1764513565,2073,51194,,
0x1de665e58fab7fe3df58fc8e1c0ba520ee42d692bc4b69e7d839056dce16d534,1764513561,1764513565,2073,51194,,
0x557e39598f4f5f23efa04d65e2b0a30b21ff620995b8ab2f9610d1b143fbebbe,1764513561,1764513565,2073,51194,,
0x84b53abfa35983095ee44b53169c0f376c852261dd5eebea8d9024230468534d,1764513561,1764513565,2073,51194,,
0x4c84e99f7112802e62cbcc272825676f7346210eb0cd844d874f7c4d81d10a5e,1764513561,1764513565,2073,51194,,
0x9f196ddb7a8e75021834d42ce0dc1d91e1d483ac391bec462f8842df182f603a,1764513561,1764513565,2073,51194,,
0x2abe415a3fe1278673a442c346fa9204962ef72301dbff51bbf64ed24c9eeffc,1764513561,1764513565,2073,51194,,
0xaa0975d86c0196708208e98f2c80421009ab6150b9d659dc149c3b408fcb6b19,1764513561,1764513565,2073,51194,,
0xb8e64b23a386846c4ee323d552addf5a57640e26d1df4b0b5a7a88d8346dfe0d,1764513561,1764513565,2073,51194,,
0xd6cc4691e82af5001514aa3153e6c303e0cf29449971997c484b096408ac0cd9,1764513561,1764513565,2073,51194,,
0xd0574a2ba02d8106a91b739e2cde2421a26ac21d96822a9c2040771be8fe9da5,1764513561,1764513565,2073,51194,,
0x7abbddff4bebb72e0898852adfc0908c51e1895d987f20e15483f93006625b63,1764513561,1764513565,2073,51194,,
0x27e8bbc22c15eef73b24c4dfa53891d3790b9e6073b4decc001131e90b8abfe5,1764513561,1764513565,2073,51194,,
0x5a4965c12ae2f6865b03563b1b3e73c6e12df80371c32ac0b742ff3e7eb83b4c,1764513562,1764513565,2073,51194,,
0x9d6bd88db9aad2d5d6066f036dc47ce846b60029137e8a1de843dfe2b8c39135,1764513562,1764513565,2073,51194,,
0xf028b98ceb6c98dc913ef02ef0b9e4d3855b4ce7861701933e45500ee48ab956,1764513562,1764513565,2073,51194,,
0x54514749f6db42a7e210bd6703abfe81d02ef6a53c2297279225ba1f143e86bb,1764513562,1764513565,2073,51194,,
0xf8b9acabe19f70eb75c3d0fc530281ba9ebf208541b370af71a3589280c6b9af,1764513562,1764513565,2073,51194,,
0xad4f4a7d79efa96f21038098d3bbe7f3822c419973fa9f1c1ec27cb60d0b1799,1764513562,1764513565,2073,51194,,
0xf5ff67d6d24becf8009e546e1dbf27f5b6b662f9d25a1f2bab96b7eecf53205f,1764513562,1764513565,2073,51194,,
0x4c3f131c80e68ba817dfdb40a482ed581ead797058bc153e12b5a18dc4eb6c8f,1764513562,1764513565,2073,51194,,
0x38ba1c442084d15130f2e6a2350cc6acecfd6b7e13e6cc267f9f427895b1f6e3,1764513562,1764513565,2073,51194,,
0xfab904ef4f1cf4830eaa3e5f2be8716e28aa706a58c97f293889bd837f847d48,1764513562,1764513565,2073,51194,,
0x9b419df9d734dd87208d2e2ed3d18e8ab5d4f5cdd1380a2fea6660319f4f2f6e,1764513562,1764513565,2073,51194,,
0x0eb85fa7c6733b573c1e482dbf14858e71a3f745e17bc52b9cd7964c1ba3d7f5,1764513562,1764513565,2073,51194,,
0x68010b00d6862b66b13bf89ecbf9deff3eccabcef62b72f8d5434c9ae9c3819d,1764513562,1764513565,2073,51194,,
0x037bea3cdeeeaae1a1b1235082cb35c0d2bd6d9cff487bd7e3aa7f833f726df4,1764513562,1764513565,2073,51194,,
0xe0ae9aae6749ffcb02d2a12a196b11fd540752e63ee374ecffd9995187561f90,1764513562,1764513565,2073,51194,,
0x22b613c7eb518260d8d76c29a329022207adef2736ec705bad6c103211119833,1764513562,1764513565,2073,51194,,
0x193da0ce544c2e79100f3faf450214a2c8217ad1ea2f5c65ed5ecd3d3343a0c6,1764513563,1764513567,2074,51194,,
0x0301d6ad9739da3af0204bb44c08b4b83bdd5f73c1222b98a0e75ab4ead7d499,1764513563,1764513567,2074,51194,,
0x5b564a3dc2309cb1d1101de76217b2a122d699b729c7fa3303c0d04285cea568,1764513563,1764513567,2074,51194,,
0x087fde0f411c45a9277026a99a4f8161c9bb1fd4a61b165504eb8b95ff6f85e0,1764513563,1764513567,2074,51194,,
0xbf342b35107865292b560bd695f7a235a06f4f2097e6cdf307fcf6e05fa48e9f,1764513563,1764513567,2074,51194,,
0x7ae44f3280a99dcd203deec29a78ed54e00a4f8fe5ed46e1333c56e4738bc458,1764513563,1764513567,2074,51194,,
0x60830c82f9debdac42ea83ae861eb5adccdba39cdd05dff86647d376dfff7a86,1764513563,1764513567,2074,51194,,
0x6077f55ca10199559416fa9f0aea0137eabc482837ee6ac0ef543595cc9a3290,1764513563,1764513567,2074,51194,,
0x8633813396cf3dc1b348887be00224152385d4d7953d7c3f2ff5024d95ce5728,1764513563,1764513567,2074,51194,,
0xfee6a3e53c1c6b9965d70b1bc52f8219c2d00839b9008decf4e2d27bbee11b9c,1764513563,1764513567,2074,51194,,
0x7efeb79cfeb89599fb89c893f2cb9ab0791374585bc732ffe7816e022378892b,1764513563,1764513567,2074,51194,,
0x456815ad6b1870be48c88647f6e88a25c07361814f77d13db6c36877cd7d3666,1764513563,1764513567,2074,51194,,
0x977b6af56f30ab7882e7368a56445f26cd56b74f52258920935670f25069fad7,1764513563,1764513567,2074,51194,,
0xd06d50a6731bd2e308bc2c598560dd702cafadd6496e4410d67551b1f7ef3486,1764513563,1764513567,2074,51194,,
0x8a2f906a72b5656f0873f2d29dc943e3ab31d28a30700791f518bd9d65ae8f7a,1764513563,1764513567,2074,51194,,
0x92859c91d635903bc88163f60fd2fb0dd4b331040ada6c40ad5c7ba2c774c348,1764513563,1764513567,2074,51194,,
0xaec535cd4ba0bd3cf4bb0374e8a4d0e1c190506af64db7b28b1115dc4f638291,1764513563,1764513567,2074,51194,,
0xe9dd2f4b26fcc7e941baa2a84473e3af9dfa35088e59b546b22dd3420b72f062,1764513563,1764513567,2074,51194,,
0x41d90e7b2d9efc52dccad9b945e563e1df3cf795a39581153b9d2c1bc8795523,1764513563,1764513567,2074,51194,,
0xd65e1d732d3917afcf79042154736ef0c0ebded74dac20232afd60b6b59581a1,1764513563,1764513567,2074,51194,,
0x7e47a2490300a23251797f6745bc89571f122a09fc71cc27067dd3c41555abb9,1764513563,1764513567,2074,51194,,
0xde2e82c0c192e808216fa5cfe8b9bec31aa26157d527a8c05a2a84d2102561d7,1764513563,1764513567,2074,51194,,
0xd67a335c016477567d4a4a583d18aed78c3b778eb3afe521865724b488db8736,1764513563,1764513567,2074,51194,,
0x6833a4d4fd11ce7a1bb5398f626280751947c349557e6fe21dbb32dc964b70d4,1764513563,1764513567,2074,51194,,
0xe73b5cf8ade66811ee988c2c63d022a16e3176a0029e6a0c22ad08bcf53a8e1b,1764513563,1764513567,2074,51194,,
0x15d87720b71cc3f90750f9b0379a695194d1c25e2c4828c89893bb8a0b46cf26,1764513563,1764513567,2074,51194,,
0x48ce128bdcb258f76d5292014d1b93c088394c216510f0794167d3b984cf0e35,1764513563,1764513567,2074,51194,,
0x7b47c9a63cf1a0e243ecd45fabed697f74eb6bcef0312201ac9ff994854a39d7,1764513563,1764513567,2074,51194,,
0x7fa4acef196fd28b4740886168e1c91ba1ddd40d4c34d2278ee98525d920d2c0,1764513563,1764513567,2074,51194,,
0x215b8627b1b14bdfb4b9812c2e0d3a7b88c60470d131f2807546df0e5c31e2e0,1764513563,1764513567,2074,51194,,
0x3c07c6244fd44d7a51785294a0067dbefff3ad60cac4a0859559316a8ff9dffd,1764513563,1764513567,2074,51194,,
0x003ef1c71a119d08efff39f97c7fa7ea1a64fd7efb42c38c59af1631376cba65,1764513563,1764513567,2074,51194,,
0xd76b2283731aae75ba7ff9cdd4f778eed8c4582d7a229745f37c4b67330c70bc,1764513563,1764513567,2074,51194,,
0xa5d4b12f390d95ef3c1816f0dcf0187422e836b8bd588f2e54eef127401c1860,1764513563,1764513567,2074,51194,,
0xac1af7f3b5ca8e4c7f1b364e858691fc8aae6cb6d3a9b06df957319048cdf32f,1764513563,1764513567,2074,51194,,
0x3bc92be2acc85956467b0aad992a6f4502437587ac6fc715d7777502ef3b247c,1764513563,1764513567,2074,51194,,
0x6dfbda6c8992052671b54284fc1e46dcee6e738e8656572027cb1634ddd0d59f,1764513563,1764513567,2074,51194,,
0xa7c83cd04a764565e4ffdef31a10afa092e8adaf74659acb0c4d7eeb2929d68e,1764513563,1764513567,2074,51194,,
0x3cab29349b2e66b736e380a8a9485e0bd69c677fbd8950ea27f6fbe3628d204a,1764513563,1764513567,2074,51194,,
0xee2da2eec8fb1f692c5b6bb558c6bb64a061fbd873db58ce79ed10693bff3c9d,1764513563,1764513567,2074,51194,,
0x916bd43e9742bf6f488f93e767d1989832c5d947402ecc1f937839a85d3f540d,1764513563,1764513567,2074,51194,,
0xc55601ecaddfca30df3b8fe42641d9aabf4255999a4f4adac00c16696e0f6fbb,1764513563,1764513567,2074,51194,,
0x4c8421b8fed04552a51b117bc82da3c6b19aef207b17f1eda93082abde93f4f5,1764513563,1764513567,2074,51194,,
0xf882cc747b4029b4599d810957f9a0e4973d39166a1a7600013d4b01d4287da2,1764513564,1764513567,2074,51194,,
0xef1d60dcf76dfb19a9071eb36668b1304ddeb90a9e3e25173994937400e8a701,1764513564,1764513567,2074,51194,,
0x5fa36ee2a239cc123b94059a0288501d2ab38adb3d79b91e355c2181e0a98256,1764513564,1764513567,2074,51194,,
0x187e52c10b67ffe9514cd4b1b3ecfb52df1a5d87513e62013a43b7101d7c385c,1764513564,1764513567,2074,51194,,
0x288ba662fc9470d972030c60b9ae863a1e150a77b292e92ee2c21b629a1bfdbd,1764513564,1764513567,2074,51194,,
0xed51484878dcb7b65035cbb19bd25a0670f526b4c502ec433c86a343ab76b871,1764513564,1764513567,2074,51194,,
0x6834483e193c46e7609a0ba509642c762ed3a9f9946f11ac071322fe93351cfe,1764513564,1764513567,2074,51194,,
0xbfb263501736ac4ecd18be3175eca819fe1863b20bfe69d61fcde5372b9c87a8,1764513564,1764513567,2074,51194,,
0x9ad0a7b60183af7a6100075315174818a35a5479748440db11527449acc0c750,1764513564,1764513567,2074,51194,,
0x45991d27ca74475cd327e47845180c4b04cd2a6db2f3d6f92523ad8073ba38e9,1764513564,1764513567,2074,51194,,
0x0132a1e47df85fe67b371406d58881688779f682d8a544ec41f8342e1364cd8c,1764513564,1764513567,2074,51194,,
0x8def49a44c7fa11bb3b9d0af855aad61e1840b8fcbb05fa39848381620263f6b,1764513564,1764513567,2074,51194,,
0xfa091175091cda882512b4e6f11bbf4b06d10c7b5f37ebf0bfb0a3fff83309a1,1764513564,1764513567,2074,51194,,
0x3b1e42157ba1adb9e05583b009b5969809c9f173704e80610618c4794ea35b1f,1764513564,1764513567,2074,51194,,
0xe840ecfb3870b3bdc1a66069d83c6cef52f377a605fbacdb195bf06fb20d3464,1764513564,1764513567,2074,51194,,
0xbf451e08d07202f4e73e99d1c25b4df3670589026059b8399a7a424ea756e251,1764513564,1764513567,2074,51194,,
0x64436bb753f0f55fd350304178949efd3dcc7890c7a4d755a48f7b578422df1b,1764513564,1764513567,2074,51194,,
0x1a247a4af1164162a96bb61bd45b1f6dc3498bc26994d663b510bcfeded869e1,1764513565,1764513569,2075,51194,,
0xa21be3f6b041a080f99fa17f191875e9ed6e2f5f0deaf5e52362dcd771d42495,1764513565,1764513569,2075,51194,,
0x0a138403639ccec8a6300a941aeb2ce7dadd04b84d8be597e54fec4e07f3d967,1764513565,1764513569,2075,51194,,
0x0f0182e54118804432365ebf11f3aa79760239fc690f482d083774448c057fe6,1764513565,1764513569,2075,51194,,
0x1a433ca4bcd8ab2192f8d5b862d7aaf5b77b47d79991033a5f6cb9275a98a49b,1764513565,1764513569,2075,51194,,
0xbfcf4db40b64dc7e541ba244b9e45f51bc46ccc3f4188eb99a0a46000465fd16,1764513565,1764513569,2075,51194,,
0x8b3f8c5196115590d946c70249935f8049dee299c08461c41cf4a7d32d6e8a28,1764513565,1764513569,2075,51194,,
0xb8a56e0301762c21a3544a901d4937cdb614f42d2c8fe3d43bb70f26d46fc799,1764513565,1764513569,2075,51194,,
0x3dbfb6526845eb9f13aaa154d2ce5da076e12b34fe462154bbc0c454a03622f2,1764513565,1764513569,2075,51194,,
0xf8dfff9ad0eae5b70b140f8dbb26a5907c080b627eb27f38ce82d98fbc75b0db,1764513565,1764513569,2075,51194,,
0x2242c8be6b4a57d03c0a32b2d5073a340978b4a215f98ce50efb02b09a4af30e,1764513565,1764513569,2075,51194,,
0x36e7b62f58af887dc45e871936580366cd17f9edf81ffc03a7ffc5dcf33cbdff,1764513565,1764513569,2075,51194,,
0x1e7b234f8cf86b33f360baddf921f70f28565187169201f12cc7f82eae73f5df,1764513565,1764513569,2075,51194,,
0xba403da7acc2e43352f8f3f97c9bac568151ae33e7d10b9f214921fc20280159,1764513565,1764513569,2075,51194,,
0xa09fff009a460f6bdc9683231276b10b94cdd146456a9dbd96e1047defdd56f7,1764513565,1764513569,2075,51194,,
0x0b77dbff6f5a7b7aeb592a2cb5c6401515cb40148199e04ad764387ecff717b4,1764513565,1764513569,2075,51194,,
0x04313ee9d02bdfd227ce5b904527b8ff0397dda7395600600c9c4ec1fba26664,1764513565,1764513569,2075,51194,,
0xc42ec714f2c37d9bd7cc72cda3d5d29257938f04dadcac34d3ffdf5e573e959e,1764513565,1764513569,2075,51194,,
0x9a94cedcedaeb85df1e6e5e1761a5ecbd74b5eee464a6d60b37d2cdc5fec3894,1764513565,1764513569,2075,51194,,
0x56897f15cbd2be8e794eaa4bc2c39893860cf2dbc3159ad4196ce5bd64b7768b,1764513565,1764513569,2075,51194,,
0x80e476d6a7c129e902d873437ca988cad238ceb7b721d8e2af7bafa301f31c18,1764513565,1764513569,2075,51194,,
0x4dc4b39418876a5dd3c5c32f704a8499d47e4ba99a92b34ebb69ab90eaa4b349,1764513565,1764513569,2075,51194,,
0x1076c5dfadcfba4b02cbda3fcf58c4880c3503a2fbedbb3296e4fbf4dc072582,1764513565,1764513569,2075,51194,,
0xd5e9bdb32778a0752462340c3cb0182484dba86b4c9f8ee8b222161427129b49,1764513565,1764513569,2075,51194,,
0x19ffbe2667f65565199474b7518fbc377a8cfcf38dd6ae09fd68055e05747af7,1764513565,1764513569,2075,51194,,
0x7a362925500fb128b109c15cde0819bf3870f6d3846c36afabd086c62306821a,1764513565,1764513569,2075,51194,,
0x2eb2a9ca8cd2abd1f2b523c2b89f7fef5a0376fe0e4ffb1b0fce7d8d6e8175d3,1764513565,1764513569,2075,51194,,
0xe4dabaffa08b3eba20bb7e70529a0515f57db66e13f4b78ef1e55986af8b40f9,1764513565,1764513569,2075,51194,,
0xe19177698080639e4a4d35dbaf655bb92f2c3bf2f454798b07432503ae72107f,1764513565,1764513569,2075,51194,,
0x56f403b24f5f5140b6fab467834037e5839d307c2085b6effca0709dad7bc6c8,1764513565,1764513569,2075,51194,,
0x19c606519c4eaee2c414ffa5ccca66794da9426154c23127b417c45e16c26a35,1764513565,1764513569,2075,51194,,
0xc99c1c7ca5c6db6300e674431748ac0620904b27aac3bcab50520e63fceaaa70,1764513565,1764513569,2075,51194,,
0x27e39abfcbed079ec2d1fe62b15ad8f73a6e29daa07281e49e00c821fe5e680c,1764513565,1764513569,2075,51194,,
0xc4e94472efdde9c7b6f2d678cf8e571b4220fe01b96a93b612017ab849bb2807,1764513565,1764513569,2075,51194,,
0x999dff969f462b7e1b1c190d016960edde27cf85b897c7632e7922caece2a4b7,1764513565,1764513569,2075,51194,,
0x8aa626bce40559d46f8313caba7bf513bc38075efd62c3916585370d5b78cb8a,1764513565,1764513569,2075,51194,,
0x094323fa766a99c61b3356fc602236dce8523abbb6256f5bfb067463de8f67b6,1764513565,1764513569,2075,51194,,
0x1d945cc857296771a7c840468bc1ccd0ddaa2fb2d7ee05afa9d32361406e8362,1764513565,1764513569,2075,51194,,
0x726da6fb751885d1eb2e24f3085ef930fdce60a57be6c1b7d6645c7522bbd434,1764513565,1764513569,2075,51194,,
0x9d192dddd5bc1562caa290a6400d8c7dcf2653f99101371dcc4cdf8a75077232,1764513565,1764513569,2075,51194,,
0x7b9e65b8757cf4f11c10e084477589e3eb96c2e5c98451f4466597136e228f63,1764513565,1764513569,2075,51194,,
0x3ff49414919f384644f72c6de8ef4b9cd405f935214b4959402e87ab5662635f,1764513565,1764513569,2075,51194,,
0xfa2092cd926fc5935ad0dd1a63911574ea5d530436fa6e57a09e711f99f45fc6,1764513566,1764513569,2075,51194,,
0xe57e08a457752de9c5945e91529c3211b505b2c089f7f6a5587a445f77d3dde4,1764513566,1764513569,2075,51194,,
0x54d6c4f8fecf088a6df6e7bc1be480feca4ed475842faaeff7dcd3ce1b05b3d1,1764513566,1764513569,2075,51194,,
0xc02ffd275d6e6fc1e46cd2c2aa8f72e4bc44df663a11d2f927e02de99bb17dc5,1764513566,1764513569,2075,51194,,
0x5761ba7b05e3f011f32965ae68e155a8c991c1b881966b9050c581ff287bb8b5,1764513566,1764513569,2075,51194,,
0xc13c80ae200cd3c6fa4d2dfc06cfef0e1f0be022492b46a1efb58bbb3d1256e2,1764513566,1764513569,2075,51194,,
0xa3cf0a379fa9dcfb76c68cd3ccbad862003ceb3b88273e93787f8658787030bb,1764513566,1764513569,2075,51194,,
0x05c99e9422488a87692a487aa4e2d463d6d0fcec608bb9e38eae1e2ed0591f21,1764513566,1764513569,2075,51194,,
0x6157d5d8abdc1d45437c367d6101d39fab619f3498281ea5ae2c32a0428cab7c,1764513566,1764513569,2075,51194,,
0x0ef1f273e31a0a2bc0840ba91cc05281255702254980539d7141bdb09106f81f,1764513566,1764513569,2075,51194,,
0x41c037ccdc5036337ddd345560168d85ce3277d69ce5b743949003a9da6e38e0,1764513566,1764513569,2075,51194,,
0x35fefac8386362692f41a3fb7fd468f9eda7bcec61698029e6ec18794893c913,1764513566,1764513569,2075,51194,,
0x32a7148a2ca93c11cca67a7010f43bd383ade3a726eee2b7f296de2af75b00c9,1764513566,1764513569,2075,51194,,
0xe7512906d04900af53537e07511212c090e5572c5123089be5b8c860cec592f4,1764513566,1764513569,2075,51194,,
0x9b54ab08a025417f421ae5e043a77d29bd92e0f7cb4510d5461537b9bdbaed22,1764513566,1764513569,2075,51194,,
0xf8dc99913f7b7054ed586465170e33e4494856876701537444d6fc3c721722a1,1764513566,1764513569,2075,51194,,
0x92ee1172beef7f51192263671955942b2ea7d16160da8272c03d921e54b94fd1,1764513566,1764513569,2075,51194,,
0x819ede3d38cf379d72b546c8e3663b3811bc8e9f2134936ba5e99012d63d7985,1764513566,1764513569,2075,51194,,
0x45fdc2b1c02093ff992b7a4521423b33c3959f89e11542c5b921cea0c34d8e21,1764513567,1764513571,2076,51194,,
0x80e11f83f73c3d8c868be9e00bbcebc65c1b17ee2b3388bc2faf79dda574efd3,1764513567,1764513571,2076,51194,,
0x84307378881f3975f8193ad89937e5ac2155fe91309e250bcb0e6a80a4ac8ebf,1764513567,1764513571,2076,51194,,
0x2aa1f443811676337928bda295d64eb101c357ee54a6bf63ae046f7f200a0de3,1764513567,1764513571,2076,51194,,
0xa5d7c3939df1aedbb50ac441cbe14fb69e04e39320f799e0b8d76631ac0e7782,1764513567,1764513571,2076,51194,,
0xdaf50f13bba89a9c82f14c7202504293bbacc1c766cb4343d92a5e95a91bbee2,1764513567,1764513571,2076,51194,,
0xdf1539655bfca7c6821e593fb8c2e5bd456fc6c1331e52b5ef8dadc3bf2c7b70,1764513567,1764513571,2076,51194,,
0x1c1788851ba69a6ac649e44fa0c874f58813085d363f93fa0fab3a2ccbd842e6,1764513567,1764513571,2076,51194,,
0x79c74e9da68381ac4fc6c51e725ddcde4ed788202eead5ce3c13925a37cc4bc3,1764513567,1764513571,2076,51194,,
0xfa43b1b9b24d452035d31d85bc97423e9ac06d4a20f019ad8fc03d84dfb22cfe,1764513567,1764513571,2076,51194,,
0x80b4d00dc087aa98c03974e814afa600f702b2b2559acbcaa46485c313f37e64,1764513567,1764513571,2076,51194,,
0xed794d73a4b115f58f087e33d2a6e0071c955a666781478b3e12d61361ffa216,1764513567,1764513571,2076,51194,,
0x589302c2982a8d96e93dbad8f0f6cbf83b93af77c434ca26ee4bf550b5ad78b8,1764513567,1764513571,2076,145111,,
0xe41cb083fc02d634bc3ad1a42c6c0c87ebd9047ee8881c8806b9da9e8fa138d1,1764513567,1764513571,2076,97695,,
0x8f3ccb635eeb693224fde5d5939a722a4ffb940d5e377d56622280d8cc899366,1764513567,1764513571,2076,97695,,
0x869be2a3b4e9655b529faf501db5d06767a92e724cd000f869a2dcb8d13f2bcd,1764513567,1764513571,2076,97695,,
0xbf680c5b23e26cfe8878ac978eee00ff39e90cda5e5eb9bf39a8cafee965f2ff,1764513567,1764513571,2076,97695,,
0x8a1895db054dff0554f0a210efe4342a7f40d68f59fc17b1e8864bdd576360e6,1764513567,1764513571,2076,97695,,
0x3fcba849e2967c67022104a6dbc1d0c6b3222f57e62bc3f37e7a314f5daee08b,1764513567,1764513571,2076,51194,,
0x3a1ba5b808b3d12fa1a60d703a5c8ecc07c929db8c3659eb95e0cf2a8ac51c96,1764513567,1764513571,2076,51194,,
0x3c029b1ee5df5dbfdc50378b3d4b03231498608d5748ca808fef5cfc64200f98,1764513567,1764513571,2076,51194,,
0x5bf961c1ca69fa5be7d4f718301b31a284182b2e6e05a69db1973ea5967cc028,1764513567,1764513571,2076,51194,,
0x8e4aa47319f4bfb315f8b6587f01e2fbfa6925b8ed1c32cf95a8684faf6ab09b,1764513567,1764513571,2076,51194,,
0xa305fc6ea03246c0f762662601fe991d7527ff7758ba83654fffa21584d0ad5f,1764513567,1764513571,2076,51194,,
0xcb35b386816d199798340d460b19cb2d374a98826f85eac9d28d0e147c096305,1764513567,1764513571,2076,51194,,
0x8a7afb4504813ce3b8f98148df9ee374311e766d4e007bd816a4e023f866e9e1,1764513567,1764513571,2076,51194,,
0x052ce23a11051f4600106722cc07fbd567494ddb7ca03c5787b1be8d56f942d1,1764513567,1764513571,2076,51194,,
0xe48c297aa48ed6750b7723b5b9f352d870c8e38096189ed97f89bb6923622ae9,1764513567,1764513571,2076,51194,,
0x11db562ae997bf91935e62a8b0c0ca4a22b6cf8564a5c1a89e6919abd1deca6c,1764513567,1764513571,2076,51194,,
0x3b76e6b1af09cba4c3b860a63fbe672af2612005ba1c25b2a855a76817ee66e4,1764513567,1764513571,2076,51194,,
0x886672170c86943ce58bbc7795d1edf69d95b1d9a15b9f05cc5e462177f57d6e,1764513567,1764513571,2076,51194,,
0x40e963f9a29c023461fd8ef69311f83b5e1c68a11db7772d8921a22db0285543,1764513567,1764513571,2076,51194,,
0xe12cd2bbcef3bba7aa8405415d0bba17f1d05d30cd158ddacca3770073f98d53,1764513567,1764513571,2076,97695,,
0xd0964757dc430483c3f0c885ded3bf53efb521742dcf3e4a887e6bab6ba4f0ba,1764513567,1764513571,2076,97695,,
0x95c6208ccfdcb4a61253bfdac35645d2a9348e0e2d12d38b0cc8c0956956c956,1764513567,1764513571,2076,51194,,
0xb3b48e5f1e3ccd4fe9ca0ed41f972c5bc212a7b917517be70a370e430b03a709,1764513567,1764513571,2076,51194,,
0xae944ebf7e0a2b00a2a56ed74c8165838dd7cbcba5001b563c1ef0a395793b8c,1764513567,1764513571,2076,97695,,
0xb336f705c47edc338d247b191c793ba1df07bb81f7f1d783dd17d31d0268c703,1764513567,1764513571,2076,97695,,
0xb889c36b90b3bbb9df7ddceec93194114120b94bf7b42440c4650891347c25ee,1764513567,1764513571,2076,97695,,
0x883acdc287e3446e6f6f1b518253f19afae4f335913f78ce489367df5561c511,1764513567,1764513571,2076,97695,,
0x3cbd316964211882a3056b1eedd3698b2cefa7b90298e2e2e88797d07bb0f836,1764513568,1764513571,2076,97695,,
0xdfcb839778d9f144e856c135f3718b9c5d79a84a80c86925f8ac248599b82177,1764513568,1764513571,2076,97695,,
0x1ec3ab5f8ee5907dd773fd08d9ffb73cbb25b7960ec5e7f2594f60b56133f322,1764513568,1764513571,2076,51194,,
0x4250f43b127170acb1984d6ac9568db8c7015efdd0bce8e0380e449b3c519c45,1764513568,1764513571,2076,51194,,
0xab5c7d148dd76f40059bbbf6daeba0007e24ea8e913d584893b404394c483c88,1764513568,1764513571,2076,51194,,
0x40713fde7320ad4808230fdd1369a4516a145823909f7199781f34ff62febdb5,1764513568,1764513571,2076,51194,,
0xd6aba09fe31536ff34b8a8720977a82c26405cc9a7e1a3c5603a6ac24f72fc89,1764513568,1764513571,2076,51194,,
0x4ba4679157262bc658d9644f4ee24b04cb6a1bc2978ae8a95bce1e224d154a10,1764513568,1764513571,2076,51194,,
0x606474f98c9c30984c8cd60358a03efc18ae30d00b19f086b111d251c59d48fe,1764513568,1764513571,2076,51194,,
0x2c39c17e3703dea33490bb7f7cfcb3d6dce8d3af1063f6ee704fbd5e49fd36a0,1764513568,1764513571,2076,51194,,
0x4de0262009585a4b75c81789c7adf2544482e93dfa13403ac52b0bc20c101de1,1764513568,1764513571,2076,51194,,
0xbb942000b5e12d1ae8c611e3c86bb2edbc89d88edb24dd65c42c6509bf9480a3,1764513568,1764513571,2076,51194,,
0x6d15b650e35e9bfb3f60460c37553bcd67f6e0ac535918c697e3b5e9ab5536e7,1764513568,1764513571,2076,51194,,
0xa2dd7fdd99779e3c23e5590d7f1cc85e016dfd6e2b4ffb99bb7b902322714007,1764513568,1764513571,2076,51194,,
0xb6c04cfe69ac9e5aecc26e9da17d9fd083177f42b0777b753d2f4c89e643e4d5,1764513568,1764513571,2076,97695,,
0x899512b74b27b56e23b241e64bda53a90a57533350f1927e84a970ec3193375b,1764513568,1764513571,2076,97695,,
0x8fb01268ada04732ba0f7c27de515f93c880093df9573663227f537d9a677df4,1764513568,1764513571,2076,97695,,
0xd6b13cc47ddc1ed19645914c6941a9a9f7eee81647280d479899d788404a5a44,1764513568,1764513571,2076,97695,,
0x5854282a71e53bb3d2c24490e4fe92e85fb62c1540f5ae1e3ac14f279cac854e,1764513568,1764513571,2076,97695,,
0x14aed79c8d721d18ccb8eb302cbc6324ddf7a21b8fe616e78dc484ccbb81afc7,1764513568,1764513571,2076,97695,,
0x50bfbab2f7efc31f2be6668dd5cfe3ba1e86992b252a607a3d02950dbdb1cb2d,1764513569,1764513573,2077,108111,,
0x5d4b61339bc3d6be4de2e3878ee505ebda190e8068cbc0a827183838ea4f2b2f,1764513569,1764513573,2077,97695,,
0x7a4273b05faebab3c347c510bc8c490abc25efe62de1b150f463c05b4d6b741f,1764513569,1764513573,2077,97695,,
0xd915336173e5d7543cf212b17fbe123b1e46189f9e66633d8c08819054f4f676,1764513569,1764513573,2077,97695,,
0x6e78cb1b9ff501bc84dcf264d635f4e195e769facf5ce0907a104044c4fc9367,1764513569,1764513573,2077,97695,,
0xd5fd6cf4ef2b30338ca24ca0512f8ac568e802607d8a010597f25cdf68459230,1764513569,1764513573,2077,97695,,
0xaf62fc19127b4b9d6ba5fceaecb39d31c344618e98bbb028fc4fe07d1bd44a85,1764513569,1764513573,2077,97695,,
0xb7d7434362c8bf505c037fe773ac5e29cf4d8c086db5eb0adf8cbb41ae4de84f,1764513569,1764513573,2077,97695,,
0x7b7a93b50fd1544a9d9544c2d8a414fe0e5d754df3bb0f0fb4f4562f773f2c49,1764513569,1764513573,2077,97695,,
0x0199ffa35d972be447a9b66ea07ce71384a6508cfab52c338022a057e3f116a4,1764513569,1764513573,2077,97695,,
0x74abd5bbe42d2c3c3632ba5e0d541756c74166aca1aa8fcbceeb3a7a330ff800,1764513569,1764513573,2077,97695,,
0x8246d78c645ee9f0b7fc34cbe7f3ca9181d277bbc3a6029cd0b53e3932c641b5,1764513569,1764513573,2077,97695,,
0xcb530628103604b297eb5a801bac5cd0543c94aba2ffab48fc38a495c978fd74,1764513569,1764513573,2077,97695,,
0x8a06ec59c7b8ad376b13bd7821133a15953a118d0b0dd19008e24b95851ba6f0,1764513569,1764513573,2077,97695,,
0xd0c39a83a322a6ad3a78ef2a10251b6945f7519a8c8eb51cc3eee135fa9f746b,1764513569,1764513573,2077,97695,,
0x7ce71055c5ade12ae91925f63774b93b9b022122acffc0823e834c22c9dce5bf,1764513569,1764513573,2077,97695,,
0x94c31d58be1e65ff1b649f63f6a68fa1c220a5983500580de77246b8f8f922cf,1764513569,1764513573,2077,97695,,
0xee492f14876cdf0fd3cd37a1eef4740db324c47445c400abdf2a20ad0b5fb92f,1764513569,1764513573,2077,97695,,
0x47edd0a1158a1f698faaee52a029b665713a104fd6b36bdd3a7de724d2c0e4aa,1764513569,1764513573,2077,97695,,
0xf85a81a5e0ba19dce1f1e44548e1da4258ce21a9dde8f4cbf9d4656ae5bdc3c7,1764513569,1764513573,2077,97695,,
0xf3769d8c281f61e5767680e444c9653be47c33108aa245f2cc61bb32e861194f,1764513569,1764513573,2077,97695,,
0xa8d9e24aa5aa8335e77082b6cf5b556a8937d2f456930cabc3db17875875f542,1764513569,1764513573,2077,97695,,
0xe68858f88153e1d534ac0a09a6bf90a3afc8877d7605629db30bd5eba3a4401b,1764513569,1764513573,2077,97695,,
0x0b7888dfb10bfea73ba4f63656a39359415b0f4e11ed5df254cc443f29299c90,1764513569,1764513573,2077,97695,,
0x0e4ccfdab7f02183058d7144aa0dfe44c6e4bbf6e3d63f44dfe87a4dac02027d,1764513569,1764513573,2077,97695,,
0xa6c4bed096adbfa6557408c0e5e9ec431fc51f2f5e908937290fd3b516cd5020,1764513569,1764513573,2077,97695,,
0x9e8e63603ce062df42b76e5dee18c26451a7e2a0f90f60cf8950ed4ea79068f9,1764513569,1764513573,2077,97695,,
0x5cfc98458d53350d9cd22106efb24464b59bd0c37af8e228cc7ad184fa108755,1764513569,1764513573,2077,97695,,
0xe6919f20eb1e4109cfca64ab36acd8b6d3d3d81a175771e2d1fae3b8e2914e9f,1764513569,1764513573,2077,97695,,
0x7b07f277f87032847fbbb6e122878bede14d99647a4f67b7dfe212985c8599c5,1764513569,1764513573,2077,97695,,
0xdd80f06780fcc0bb86316abb7095659f535a065c2f235cef391cb8e426c38fd0,1764513569,1764513573,2077,97695,,
0x88e3fd24e4a175601d848d12274a5abb417b00bd4fe74dd48fdb6ee70fbe9ec7,1764513569,1764513573,2077,97695,,
0xa018afd91d5767811a590b6d5567e8c1ca4977f20cda931047b5d2ee60fd5ef0,1764513569,1764513573,2077,97695,,
0xbc6e44512ee75da3108397e51cc6bfec27469ab4ea548ba1f2280e30a5a2bf96,1764513569,1764513573,2077,97695,,
0x0afe2c16a7a58d350c7f2140340b4703f5a00f3e78366cef339cccfd923e17e8,1764513569,1764513573,2077,97695,,
0xbb68a1381d3ec92e6d6ee09ac83b7b2c73bf76106104922117fd470f910439e3,1764513569,1764513573,2077,97695,,
0xd1fec9feef5d8e35e171273118f866caf4a23c045ba0697577195be077092e3b,1764513569,1764513573,2077,97695,,
0x7976c3a7e3df85760f79bc68a7812a77978b898cd5d8694a97325efc93ca060d,1764513569,1764513573,2077,97695,,
0xfc5b38861b198f211d949b6ddb857f50717f794f946402618fb1d586c8638e3c,1764513569,1764513573,2077,97695,,
0x0bbfd83f1197e712f36fc71c7d8a282577e1ee75f8ae79e9472a6f66d5146eec,1764513570,1764513573,2077,97695,,
0xb98bb784e9c4ddb94c6113aaaaca41cf4c66aa651f0a15c67f1f5263b0e06901,1764513570,1764513573,2077,97695,,
0x2680d7f0b835f185624bc788751a1f56bea5d5ee7b2a4084e3c0b0138a4f1b34,1764513570,1764513573,2077,97695,,
0x170beb5c358a742bbd485373b64b1c63e605a359dba88978cfc52531d06aecad,1764513570,1764513573,2077,97695,,
0xf90275f58aae9f8e8b1e1e3d35174a0e438f411a112864a90d502c8ac5455edb,1764513570,1764513573,2077,97695,,
0xb91f357ba8770dd3b7f2feb04252668248ecf0b3db3e9604673f584b68e391c9,1764513570,1764513573,2077,97695,,
0x550ea2cf5f5eb67d2160de9aad52e5797efa65f531def8f45dc812e2e2398f8c,1764513570,1764513573,2077,97695,,
0xc98cba054bd567e88c1621865c368440c3c7492695e2b2a17e48acdb522a4575,1764513570,1764513573,2077,97695,,
0xdb0f041bc3055401b0c2c2bbfd06ae495513d8b7fc8ed08c87b7afd1648b289f,1764513570,1764513573,2077,97695,,
0x9e2156bb35a321a4b397f3f2efde00a7aaa00fbd60438454b54f0c9466c085c9,1764513570,1764513573,2077,97695,,
0xa0f9618e4cf9f6532a12bce0cdbf0e39a549b44e6960940ecdabfc4ce2c112dd,1764513570,1764513573,2077,97695,,
0x82ef81052e71da0483bb474771009ddc4a455acf020549339c008a99f3b04c19,1764513570,1764513573,2077,97695,,
0x51ad895875f2c1b0cc4ca33979df1944f5067d8a6ff6b9cde3cbe381120a445e,1764513570,1764513573,2077,97695,,
0x8d86efa9fb611076051862cffa88d34431185daafc9a0fefb0600765177ae28d,1764513570,1764513573,2077,97695,,
0x5e75355fb5dba8279a509ec569a7760b1e2fcbec850952def36af74762a1e9ad,1764513570,1764513573,2077,97695,,
0x09b652975ef0e8270110ab7d5e581de2654c57da3eb274da783921593280c314,1764513570,1764513573,2077,97695,,
0xe51c22e8fddcf32dd5872e6551f00cdf2b616ae42c1eaffb18cb1b18de985a11,1764513570,1764513573,2077,97695,,
0x01b354b362dca449df2ed7866e547e4ca08436690a74c39c3a69844529a1b4d6,1764513570,1764513573,2077,97695,,
0x5eadd5889139a7a9e4faa83adffa1799ff2bd889b3d71d055f6fb9d1b519f3b2,1764513570,1764513573,2077,97695,,
0x2a546d39aa6a57c24f60e32d3c5e70aaac033b98170fd55cb4e242270e74e642,1764513570,1764513573,2077,97695,,
0x4687e2ab8a47af1157774090c66af8829f600df764f07e4a4104490fc9a3dc2f,1764513570,1764513573,2077,97695,,
0x57437f6312416f8e4fa5475e516f1d549e381921946d2e6eb1d9a967b5527064,1764513571,1764513575,2078,108111,,
0x911de596e463999237a789815df895c6849c4578c8889d21998c98d80789161d,1764513571,1764513575,2078,97695,,
0x519d16cfe8c2f7e76edc353b8af0e4f81f814830384fbec7004940fce5dc9c2b,1764513571,1764513575,2078,97695,,
0xcb44829342c20873c68df12704c9cfd387efd47be8823baaf7c8b08078a626ae,1764513571,1764513575,2078,97695,,
0x67b7d92f9ce57b8caa29bfaa7520a7509d06155aebeb15e5788f1a992a89e3b2,1764513571,1764513575,2078,97695,,
0x29f3a44ec9855e6358c583197a0fbfc6f241b368b250f7a4e4d6fbbba088baaa,1764513571,1764513575,2078,97695,,
0x0ddfdf6ea499d33d5375f0ead42996674a14a020c17dcfe3f29984f68d42a6a0,1764513571,1764513575,2078,97695,,
0x89c4addec452064a9ff0e067de0daaa8c4ca0f737b48c5ac011f8367d7f6b566,1764513571,1764513575,2078,97695,,
0x69978edf44d7b05aab4d3785a9502b3e1f535e73c5ffc8dd0744e80bd306dd71,1764513571,1764513575,2078,97695,,
0x71e49e0e4e79e2015c43ad8a54b70cc6c89f9ecbbf5ae9e3f09e098169c71c3d,1764513571,1764513575,2078,97695,,
0x95b29c5edf862586963b2ea5c4e863aeba96ba908e19eeef81bb2b858901372e,1764513571,1764513575,2078,97695,,
0xa56273d18176455c337355b0abeae539f7aa4efee11f847dcc6862a22bd1c60f,1764513571,1764513575,2078,97695,,
0x10ffbde9b251027192ca760f339e207f9e2fcd3b4c0434fccb5e900717959cab,1764513571,1764513575,2078,97695,,
0x51d5d0ea4a3bf29511ba32872d5c247317bffeee5471abfc60b92d43b726b302,1764513571,1764513575,2078,97695,,
0x06bf3bc986b4eb3c4a4a6045e7ade79c9a41f23d61f7dba6668a906de640c9cc,1764513571,1764513575,2078,97695,,
0xfb503aa6e4afd4662ea99d35f48ca3acc80c674c39e6488b9c2264172aa8440f,1764513571,1764513575,2078,97695,,
0x81b8756ce2d8fed074d72e9a583c57f3e3377127db8a078405bda68363a7835d,1764513571,1764513575,2078,97695,,
0xb2518ed278eecbc68ed85f0521343c03f32764a48e190eec1ce6cb5e832c9568,1764513571,1764513575,2078,97695,,
0x79444e4407e35b5767b7ffc68f8e17eafa812dd364f364805889bcb3e0026fcc,1764513571,1764513575,2078,97695,,
0xd8ff78d9510cc1b977e8859e4e1f671102500aac72eb61dac830596fd96e088f,1764513571,1764513575,2078,97695,,
0x23f93c2d8ff8abf98638c190d0d30661d7b3292c034c781d113fd5dba92a50a8,1764513571,1764513575,2078,97695,,
0xfe20b78ff876d8c44c1083a2a42b8a03d42de0741a9299f896278e71332d5685,1764513571,1764513575,2078,97695,,
0x9c21cf6982fb503db1e5c98bd06b7aaf1ea6181163f1896dd19bec0ef67bb1a1,1764513571,1764513575,2078,97695,,
0xbec35e2dc4fa45ba00590c7f712e664b347edaf2d4090de7841c3d298563afc2,1764513571,1764513575,2078,97695,,
0x4596a3cee4d1589eb15bc230b454a75ee5eeb4b42c035c1b3613e3e76abc8b22,1764513571,1764513575,2078,97695,,
0x202807e9b17b649560eaedf4e9a883dfecdacdb77742284cc26ef34c943d0207,1764513571,1764513575,2078,97695,,
0xe8e23878e73f9268fa1efcb643e64bfc274620d7c75e2e661af4d0a8ed8c21c5,1764513571,1764513575,2078,97695,,
0x8d642b1ab08bbefa3663fe894f7ba39ea928d8ff19d3acbd1ea6f237a763475b,1764513571,1764513575,2078,97695,,
0x018e0390f5cd08617ae0e6e5bcda8c5a57c6d777e4923bac52ccb75b03be2df2,1764513571,1764513575,2078,97695,,
0xe307190ddb14bf891d4ce6d3c57faf9a81a53b2d79fcd55795ec513d6c31384e,1764513571,1764513575,2078,97695,,
0x2fe9c99bb06b79b7d5aa3ab15022ef160732f271dfb6c8f90308edfe1b111a16,1764513571,1764513575,2078,97695,,
0xc730b224326d5c8b2ee2c745f87c2a86e12ee9abb417a1b165f0444b77982dad,1764513571,1764513575,2078,97695,,
0xcfc5dc6db16ffd24a6431099d9471ef4c0705fe19c265d9e0fcb1d990980c006,1764513571,1764513575,2078,97695,,
0x846c30a0313e4837391c3e92a615cb82cad667b0b74318825142c4d6a8d71135,1764513571,1764513575,2078,97695,,
0xbac74b0edbc9a1b2c3e65de66bbc563dbcd10be3bdd622141962a9b60bc300ec,1764513571,1764513575,2078,97695,,
0xafd252eeaf7a53428920397ae5cca70965e1559db6f1f24d85be51ccc2d06c02,1764513571,1764513575,2078,97695,,
0xbec5bebaa6c63eca24ca7958c3cab24d8f5c2f8c8fd2acdc67212ec898a6cadf,1764513571,1764513575,2078,97695,,
0xd88b9eaf47e5062484036129f745bdd8988945dd1b281353c347874c898c9bf4,1764513571,1764513575,2078,97695,,
0xf0f09b5d21e641449df5dab9f8c23f4a03bcf2086c7f3424efe14b57e4141e34,1764513572,1764513575,2078,97695,,
0xb2bda305dcb8bf9039862490ca0069d69eaafc5a1cab623dfa38f2e35e2ea62b,1764513572,1764513575,2078,97695,,
0x6e4f69730a988d81a3b908e716ad34abfc23a487510a460b985924ee521ffb3b,1764513572,1764513575,2078,97695,,
0x09507b7d4924c8ec49693c842267ed1ecce59cac641c70c4883158142e4346de,1764513572,1764513575,2078,97695,,
0x3f7c5805d7d85963550e993c9ddafa0f0b158d7abc1c52b7d0653e6bc8d9889f,1764513572,1764513575,2078,97695,,
0x8d75170dc3513efed041c9021d38d2a89dda21a8c9c113043a4fd4808e4aec73,1764513572,1764513575,2078,97695,,
0x6eb56ccff362a41540a0a553c30b9d0ca8018417a94f4d7bb0a906181f7a1cc9,1764513572,1764513575,2078,97695,,
0xf5748a6b31d12b555d8732dc03ba2fb34249733b0563c62eb5e92390b33c169e,1764513572,1764513575,2078,97695,,
0x2e28f96661a4852ea0f0440e757249a78270eec75f8a4d8ee7dbfc65e50eb9f8,1764513572,1764513575,2078,97695,,
0x804c35a63fbd4ce2535c9695d40a7704b7399bb2103a4f03340ad6b05133c020,1764513572,1764513575,2078,97695,,
0x92a865073f32750cc639f960e7f8ec78e39010041e865ecaa8b0e091fda20a3c,1764513572,1764513575,2078,97695,,
0xcfeef85749c9165ab7d7d89e24e24c5fb537b5cf930a8087c13f4999c7b21773,1764513572,1764513575,2078,97695,,
0xd533c7269a552268ecd684dfd12f8f48306e4ea746ef4180470addfb1c749511,1764513572,1764513575,2078,97695,,
0x610de18857eb4a9c1a8ff56ac445efe8e7f36edfd2b5d85d59d672c929cfb352,1764513572,1764513575,2078,97695,,
0x633c1e75c23f1d85dc6a800fe0e2c63a4c8da9263f17b4738249880f49b46713,1764513572,1764513575,2078,97695,,
0x54511ff3c5bf7744d08e5dcf8ed2a67c5b1672f2fc67fb2698862ab6ea28421d,1764513572,1764513575,2078,97695,,
0x58b8e428103a8377ee87ff8606a0987d07f4fda5c575d101fad672baf7c61a87,1764513572,1764513575,2078,97695,,
0x565e58ffdfec01abe6b472a52e6e6c2a3e5e672496e59caa7d961111c6269a06,1764513572,1764513575,2078,97695,,
0xae2a2ff3d3c7b048dde3f2df793cf1844f5e383c5ce7374f5851c0165a8b4676,1764513572,1764513575,2078,97695,,
0x0ce79f2c078924a7d22667baa633b41021103dcedf1ba5133f9e7a27ce6fdd0e,1764513572,1764513575,2078,97695,,
0x74190684295dcb795dd42929ae26000ec3e7a2e4f6ec3754d49fff813b5f95ec,1764513572,1764513575,2078,97695,,
0x821ae839610d509ff4956b53f2dacecb31b9ebf92f374b7dbc43ea3512f35f44,1764513572,1764513575,2078,97695,,
0xfc4bd08fa08e2152ebb3185ec6f6afa37e508d8e0e0756f512041c8611b1d269,1764513573,1764513577,2079,108111,,
0x776ddefd55cdf9d48ab1e23f7c09bd62fcaf35c91b1942c75fe322efc55c434b,1764513573,1764513577,2079,97695,,
0x099d8c7cb119b0553d4ddaefd6e33603e1b42670bd3e8660926c28130c9534f7,1764513573,1764513577,2079,97695,,
0x141fab952371243beec9b82b7f38d6e23bb359e9e2e3ddf9934976b2ccda5041,1764513573,1764513577,2079,97695,,
0xbbb5c1d6206944ff9ddc6aaa36b52584b153c65c854fb4951c79f8654992a0e9,1764513573,1764513577,2079,97695,,
0xb7f7117137e37475c477c5c32f7e63a9a6787d955ce45944a5c65bde2710aa68,1764513573,1764513577,2079,97695,,
0xd6f7fd439bc455221b702c826d1589ed187ff3369aa71ef7bf4fed922c101b93,1764513573,1764513577,2079,97695,,
0xf5ade92ea19e4f38af65e1d644504a8a3bea832c83cbbe2f0efa016e5ff04477,1764513573,1764513577,2079,97695,,
0x70ddd6629ac530cf9305c9bdd95fbd51c54daf7974e6a2f90a1157e84e46de21,1764513573,1764513577,2079,97695,,
0x181c210c320da79728a1c7cf8b3710eee63615cf18083df3accc070221eb215d,1764513573,1764513577,2079,97695,,
0x6d9f5eb51de464254eeec0da4acc311dc4bf648db2e64ae4b3d9cd07339faba1,1764513573,1764513577,2079,97695,,
0x99e794f2125af0bdc6f2cb0e44b315e285b96b5f0a4fcea2b64fd3323580f970,1764513573,1764513577,2079,97695,,
0x09ad7eb22be6c4098c7f53f2c45f761486fa37345bfc23c9448687981c1e59dd,1764513573,1764513577,2079,97695,,
0x048871a8de89f75208c1619381cd1b9b0b1fe976a424322976415ad407138496,1764513573,1764513577,2079,97695,,
0xa45d50906c99589163f109ac1fcc8366299fae262c9a1b20e0f2fa9387fea133,1764513573,1764513577,2079,97695,,
0x61c93251de408135075c0f6f16d3422926ff4c0ce53b9e4274b7fdca8cea1271,1764513573,1764513577,2079,97695,,
0xc2ef6f653bdfdfc319deea31d423655c89981f38ae2027fbb953728f23f607e1,1764513573,1764513577,2079,97695,,
0x30d4728bbff1e2127968ed90c8a7083bec0c5b3ad80fcb7885aa3d5ce4207e77,1764513573,1764513577,2079,97695,,
0x2372faf05109bbdb441c5cc8a73ae3b527e0495e27d2a2fa8499cdae741120df,1764513573,1764513577,2079,97695,,
0x2c84c63f4aa18929fca6929b8aae96766464048cd65ccf90aaa069fadd5569ea,1764513573,1764513577,2079,97695,,
0x2aab5325cfc10836d57775ed258860963e438bac7b353b1f5c0812275f92e5ee,1764513573,1764513577,2079,97695,,
0x5cceb118c79b9ca357a2d17001b4fccb58ac2263c539240c1f036392742d811f,1764513573,1764513577,2079,97695,,
0x907302204659cb898dc6a46f93c7663b1b782831c7be4a6e710c33764c8cb780,1764513573,1764513577,2079,97695,,
0x310b4e89826552718bb5e0ee163a5ca4b140eac67d1e6c4beccd9494101c9824,1764513573,1764513577,2079,97695,,
0x771b186eac5367a49ebaaabc099ddae303fdfbe6ee4fa7a34cf98a98026f5813,1764513573,1764513577,2079,97695,,
0x100e0b1c4f53c03da58014bd9ae18ec5bd76d90f5d506bb272874253ae2e668b,1764513573,1764513577,2079,97695,,
0xe2cdc19776e23f48f2ee322741c4bc3cbac58a35a3dc45602bc0e3b1c1247e56,1764513573,1764513577,2079,97695,,
0x76fe6e89a7fce5d4a039aa390cfb1a1f178ccece31ba7349fa4c3681c50c7b71,1764513573,1764513577,2079,97695,,
0x4a4d58212086c663c5e573b3f86f6535757c366ac4a2890e6e328d029b7f5779,1764513573,1764513577,2079,97695,,
0x3998285d250fd6a49d822987f383e6561b1a5dd90f6af4b5166ef74a825f37e5,1764513573,1764513577,2079,97695,,
0x9e24b7129aa7b7daa23d5d8d2845fa082ab7f70e8f1b0de96ed84a85e4ebbf47,1764513573,1764513577,2079,97695,,
0xb6b6b90bd83a6d8dc238ca57533654065a54e9c09191f161aeebc5c095ba046d,1764513573,1764513577,2079,97695,,
0x7ee2b2697d6b60bec58e5f4aeefc319be5e3a9fb64b05bcf29befdd91ac05d38,1764513573,1764513577,2079,97695,,
0x79c2f62b59b1f240975cee8e6401d4ef605eb9fe8b06c7135dcd427dfebf261c,1764513573,1764513577,2079,97695,,
0x609dea958d78f16d48f8540bde2f5cf83a0ad349a579a8294c8bd76ed5b210b7,1764513573,1764513577,2079,97695,,
0xa50298ae0b81ecff1b1ee81c191deac10d17ef1695c97d99eb520310b68b745a,1764513573,1764513577,2079,97695,,
0x4e2da25a995255987155ce316a0658260aaad54c2781596e3105ae8bf477dd21,1764513574,1764513577,2079,97695,,
0x87bf6623ab12f729cab3717c6de9af1fb91c1293857fdd7066a8fd674c6fe91f,1764513574,1764513577,2079,97695,,
0x881817055572c824ad1ba6e80343a4bf6999774ada81ca8f64c5b6c14782083b,1764513574,1764513577,2079,97695,,
0xa2e74afa36c9a83f91b3f4f318bb773ca025352b2b3ba3aee01013254c7370a2,1764513574,1764513577,2079,97695,,
0xc79a12a73f9e37be2589527286b56566601186f7f415028b3639bee4b22b3fcd,1764513574,1764513577,2079,97695,,
0x58d6fd4a6970e0c42095f52514dced5364ceeff8dac7faa0b50d4b479c6c4b30,1764513574,1764513577,2079,97695,,
0x6edf31fabfd70c1ad97d1b21c49373e785cee297993a381c9e93778ff7c9348d,1764513574,1764513577,2079,97695,,
0x6b2efdef64a4fc595e546b2f190542befc57ebc7328c01a79916009e80c649c4,1764513574,1764513577,2079,97695,,
0x2beaf0adf775c873c34ab4959e01ecfd8e4fad28a2d7c35cb9fbd99fa7008bde,1764513574,1764513577,2079,97695,,
0xf5870ef5d98fbc2d05fe54749bec74a6f9d30e7f8b8f6e03fe0d1a1cbc25b665,1764513574,1764513577,2079,97695,,
0xea4f0440431347e0b6e73e5d4b40378af8253462aa8810e1323a687b1735cbbc,1764513574,1764513577,2079,97695,,
0x3a186650a7e3073edf037ae3168c5381fac8fedd3b9c9e906e1123b65af1660f,1764513574,1764513577,2079,97695,,
0x96011c7439db2db4ac22bcf43c63f18dd16dc89b67540bc65c201f62031e1e8d,1764513574,1764513577,2079,97695,,
0xf7ad0de2577d124b04bb4d8fc207203d0ac4ebcf38879ff236cb4119410d6a3c,1764513574,1764513577,2079,97695,,
0xa8b0217449a3a9dcc4065416879f4f57dd48b265470eff901fd38b6906ba8017,1764513574,1764513577,2079,97695,,
0x8710ecd84bdbc174cdae9d2c6d74519a8c7d343d2796389ee65851c3960a1087,1764513574,1764513577,2079,97695,,
0xca42eaba87b92c98ed881e12895206bc998d8a0311623bbb59889ca6fc2275e5,1764513574,1764513577,2079,97695,,
0x427c6d1cf8bfdfbcd6fa3d2e56602e7e20e135c0e3cb40993de2405c2c322aa2,1764513574,1764513577,2079,97695,,
0x4ab6712640626ee3d1d2db420d604a16f5d328364daa54b774bff829fe50f373,1764513574,1764513577,2079,97695,,
0xc658fadbda3b62cda04185c844cebff3dfd578e11715cdf25d51d850a0fa3cac,1764513574,1764513577,2079,97695,,
0x8036bf08a651be5d21ad0375bf755e690e06eef61da6076443dadc3e3a950775,1764513574,1764513577,2079,97695,,
0xea8ccfa7a9e6e80c468569294b02a44761598778f68d44e648be558682b26aba,1764513574,1764513577,2079,97695,,
0x570d5894f10c19338d44d280f3c295affbec0b168429f70a8de1784fb1a4adab,1764513574,1764513577,2079,97695,,
0x0e22421b76ce6ea6ac7dd097e0c87f2c313729105bea73a6effce73c1bbe173f,1764513574,1764513577,2079,97695,,
0xdf54003f5acfef18af74cfb6c3feaf21907a390bc4e6ebe1ac4b2ccd6224a54d,1764513575,1764513579,2080,108111,,
0x671ebabc1039e3a64b347a276b14d55b68206532e56f14790ba2dba09af0d46c,1764513575,1764513579,2080,97695,,
0xc9dd0db4e911c57a5196b409ef3525e642e724b1f8f3b5caebcde9dbeef25e55,1764513575,1764513579,2080,97695,,
0x0abfbf7470ea185d17b5cf47e1e6418835f36d063377e1f975fa1c3f8d384364,1764513575,1764513579,2080,97695,,
0xb78177631b756b71de5146a40b5f2b728dacba3e959e052ee4a5ceee2d0cc7cf,1764513575,1764513579,2080,97695,,
0xde7bfd433922e062552110d041228b7482ac8017a59803440dbec6ac1bcdd63e,1764513575,1764513579,2080,97695,,
0x9d9728033674e7291a86f40406a64be00bcc000ffded5882d9bf75c8b8b45870,1764513575,1764513579,2080,97695,,
0xaf4c1bb138e6abf40db875b9b1beac8b0353998c540d7e17af5e00d9c3e30a40,1764513575,1764513579,2080,97695,,
0xf069b7f6a0602de348d74d316662cdf00af30845d2ebf55dbe5616026abfdd0c,1764513575,1764513579,2080,97695,,
0x98b6b8aba0ba2e47496f49bc4fc7fc721e669786e03dbdf9497d5f45769d50cd,1764513575,1764513579,2080,97695,,
0x19e62590c3df0ee1f40a3a1da4f2538dec93bc54a6730319b02f53558911f2a5,1764513575,1764513579,2080,97695,,
0x4987b6e8a6a255c391fe25a112ff11b3d5aa76bceff62a568edb7665367ed5d0,1764513575,1764513579,2080,97695,,
0x880d4a565ae7285e94326252f129a84c1ef8ea24dfafdcd0e16333f16a8e6b68,1764513575,1764513579,2080,97695,,
0xcd1a6892be36165508483c84280fa826dabc745d45839c27f3aad5c8007afef9,1764513575,1764513579,2080,97695,,
0x941269d6f0395515ab3bc1fc5f68daba2c7f88a08f6b038179f933e532e52c79,1764513575,1764513579,2080,97695,,
0x14fbaf3117aee1f3f0fbdd075463fbf69364f2e055f0e69037336d9ebc47596a,1764513575,1764513579,2080,97695,,
0xca9fef37f67fdcc828bbb468e07c3ac0797cee2e571a271fb47e3f2e8541f0ba,1764513575,1764513579,2080,97695,,
0x358ebc429f43aeb0f2e631b66f82cc9363a6528effedb47337cc9169e7ec7887,1764513575,1764513579,2080,97695,,
0x6e51cda05f1bd123ec402261de78d1019ce3bbb2829ac8355fe71d4a95182344,1764513575,1764513579,2080,97695,,
0xdc82167b4d6dee63d6be56912da59ccdf81555e13de37f279a883c78dd4afca4,1764513575,1764513579,2080,97695,,
0x8ba180b9a5601d03bdfee6cdbe5fd38d186cb92cb513356502cbe04c048df57c,1764513575,1764513579,2080,97695,,
0xc95b176bf7d9d64b4f156a9d9fe31f6e181091476e6e41dd76f03f23cbea9123,1764513575,1764513579,2080,97695,,
0x71f5b24d06e94e0d86cec6184046f51575ae43ee49b0dc097fa26cf21113c8b8,1764513575,1764513579,2080,97695,,
0xb70cc488ae2195f39a2ac2d68757db3d420de01aadfe1fa92ef7f3de5efad54a,1764513575,1764513579,2080,97695,,
0x15f9cb71fecdc99cebc4055c1b09663622a561256a5282a5a4d09720fd121a83,1764513575,1764513579,2080,97695,,
0x79a7d6cd0431c737f9bc8bf94f08ec589d90afac0ab77d03f49f12403bda884a,1764513575,1764513579,2080,97695,,
0xfbdcdd58e633eb8c9c5cf4b0842859f2ab1575afc766bfa9d856f44fcdaaadab,1764513575,1764513579,2080,97695,,
0x17d38ba0d3e1ee3940357d546614e22ccb5d0de3c109dac6ff44f5e50c01f3cf,1764513575,1764513579,2080,97695,,
0x34b12bf18d7a018c53605a3a21423ebaf513b2b212239ed4ee0713bcbb3dc1a0,1764513575,1764513579,2080,97695,,
0xaad137df26447f0fd4e240f808ccc0ed8aa54288f3627bc60297e7a1ef7333db,1764513575,1764513579,2080,97695,,
0x04a0676cd5dbde741407e0d9c67986c182988f6efe91b35f068167a23328b756,1764513575,1764513579,2080,97695,,
0xb3bd375593d3ef27008623be22af921fe3c92d9ead95fe0bf05fc037e6b0c357,1764513575,1764513579,2080,97695,,
0x7b02548e8c5b1fc3717403d4dcc935cd9dbd611edbca3edb717e6f6dad11a4f6,1764513575,1764513579,2080,97695,,
0xec0677aff26b52a3f4736c5441494472c39e2e84fb4bab65b4a597558fc39ca7,1764513575,1764513579,2080,97695,,
0xc0827f949fec8b9fece89ed1fd4ac165e4eecd6d274b705f67ab64f1f9edb508,1764513575,1764513579,2080,97695,,
0xd7af4cd90a6e9df76b8e7a82397d20a5a83a630cf3b3946aa76be4dc4026bca7,1764513576,1764513579,2080,97695,,
0x2d3d5e6a22f97637f3443bb8ee6610dac24c5ca941471b30eb6e702b22217063,1764513576,1764513579,2080,97695,,
0xb4c52200b14e1e14ff47d9d430e49eb766eeb24c99b9e8b6a2bfe7f27d7b8925,1764513576,1764513579,2080,97695,,
0x52960247c0bdfd802aab87cfce493407c8b8ecfc6c97b2a5a94bf742f3f907c6,1764513576,1764513579,2080,97695,,
0x9905fd06670a16ea4c5090164b26aa2a5f602d8de0058d780aeca095ddbcafd3,1764513576,1764513579,2080,97695,,
0x71c04345fb647e647ffe05385a6b8324f692d7926d3e1b374e35e8f40b231513,1764513576,1764513579,2080,97695,,
0x5ad5e9359baafc3b4be53901279f189e99784cf69af1832efc3de50271e72df0,1764513576,1764513579,2080,97695,,
0xf563f8622477da2286e49018af56fa0ae0622ddcbd25e5d0875784cef6e527c3,1764513576,1764513579,2080,97695,,
0x9b4d996d46b3eeb67ef711bc1fdb6a03926192d5625fad1e5219ce7e0a3573cb,1764513576,1764513579,2080,97695,,
0xe3e5ef4d05d9dc146473df47a77f640e9e47622418dae4a05bbc1e2437f2cb9b,1764513576,1764513579,2080,97695,,
0x933b7dd3d71095027a3dad67ee3e54bf3d7e8851589a595759e5dbdd4c7ee5b3,1764513576,1764513579,2080,97695,,
0xc6c46fd46844d2dddb7c5faf5581ef71156b2065cb3c58c08552207622ee7191,1764513576,1764513579,2080,97695,,
0x17ae24825a4c3ff09649b9bca147e47f416c7c4700e639c7b27f9b694e8e33e3,1764513576,1764513579,2080,97695,,
0x5fbbb4905028422e7ce464d22ca578528bfa3b827fe12316b7aea9a1b4263461,1764513576,1764513579,2080,97695,,
0x053bb3af836fa5b5f065b45e4e93319dcdb1810ccda5d920ed0c3dd6cdb073a0,1764513576,1764513579,2080,97695,,
0xc3d751da0eef0116d8646580a8fff9461a1c9d161a122d9bc2ab8ab889c2e42e,1764513576,1764513579,2080,97695,,
0xd3ca045bbc53f690b611d55acd9c2b260c4e316cf54a89aee45b2dd2f62fbab1,1764513576,1764513579,2080,97695,,
0x071657da0439275a842e24efd4116102c358e2e3cecaee1aba319a50468ee377,1764513576,1764513579,2080,97695,,
0x9c334b4ba7aea60856812e76bfcda5299e9fc4e03266bb1daa222a12b6dc2f7a,1764513576,1764513579,2080,97695,,
0x3c26be159c7fa524a00f783c7478f00adc6a4f95fca5e9174d3f1e252265e793,1764513576,1764513579,2080,97695,,
0xecf01f66a1c576ae62f69a1499fe489d271432885816a895d060e49e1112bbda,1764513576,1764513579,2080,97695,,
0xacebca14182ae8dca29eac0948ee659f0ed85efc89ccede37860524584a1aaf7,1764513576,1764513579,2080,97695,,
0xc43d7705047a30fe0b3624442b6d9c139038724ec0dd2e9767556c95f7edd523,1764513576,1764513579,2080,97695,,
0x4935d86b85398024cb81ee15361e9b670bebd5afb4aa525e6dc3978093f2afa7,1764513576,1764513579,2080,97695,,
0x3021001018b39b2c01eb3975dc932f4f76133795a0427792560742ec4cccd5aa,1764513576,1764513579,2080,97695,,
0x4858edd09b30d555acca70a11cca72e17d4a3abbd3d56000eb5aaa94a12adbf1,1764513577,1764513581,2081,108111,,
0x51929136b203999342ee06e94c4f1af938d76128ec52b053f71ade3e62e09ecb,1764513577,1764513581,2081,97695,,
0xfcefb590e5f776994ba00230c98a6b91aad965ececd28cef1ef9809687a627b1,1764513577,1764513581,2081,97695,,
0xaadc3a539a4e7ff10ee4f08e3c14081a5a17cdc3d105f6d2943ea9370a703b7f,1764513577,1764513581,2081,97695,,
0xb50b75577558030fb6ac957499ada4c429668afda907372deae3978dbe2c47ff,1764513577,1764513581,2081,97695,,
0xa0c5268b65abb92ee8adaa7823433b7090e91461086fd9c0306f88d5dd9ac38c,1764513577,1764513581,2081,97695,,
0x151eaa010aa7b47ec875642eaae72b8aa105bbc6c80601a8a2c0463a84a28d68,1764513577,1764513581,2081,97695,,
0xd56438e0c2f69a7dc0a0954b536ccfc902b61195bcabe7a7d5eb78cf48795d1d,1764513577,1764513581,2081,97695,,
0x5fe84213a45a5396ca81cb95c77d9fa5509af02d165751f72421cf8787a128d8,1764513577,1764513581,2081,97695,,
0xc2f98896fb52a3a56dfcbad3bca397f2b41ce20eef369276f9a605776e068fb7,1764513577,1764513581,2081,97695,,
0x16307cbfc9ade639b2321c4503ad5bd150c87918c86054a15e245ec5911c0d93,1764513577,1764513581,2081,97695,,
0x8161fe7611631537a10ed66b76bd84d54ad020063a4c2882677e7dc0a731cbeb,1764513577,1764513581,2081,97695,,
0x69f3c3489e146036a3d47ca6d82c5e47c06183a7af92e56e987eea3a5bf648db,1764513577,1764513581,2081,97695,,
0xd58db4483c73d658387e83c537c01e29fa91b38452ed6eda80041d9ff3eb47a6,1764513577,1764513581,2081,97695,,
0x06636c19b27a5ccc1835191894b2020afef01eb31a192c1524e0c89bef07b7e2,1764513577,1764513581,2081,97695,,
0xc53934bc9f8e2f5068a10649c9b0ffdd69c961704fa4f49d23f5830e47aa33f3,1764513577,1764513581,2081,97695,,
0xa285861f270b20db7e7bc074163d9ee81758f88222680b90c04032c646643a64,1764513577,1764513581,2081,97695,,
0xaf948839426ae1d50ef7923e698637c9608354564f54b09ca07144c4e77711b9,1764513577,1764513581,2081,97695,,
0x401fc6ec77960fcacceccb4a4ff874f02f0f700763432b0e34ed58e6128d5808,1764513577,1764513581,2081,97695,,
0x9d6b521c585af23576991b946fac26a86a2bd4d2650c8970a3d69ce496dd4db3,1764513577,1764513581,2081,97695,,
0xf2a225de2b21368486db0beb3847e0a4922dd343a39d729584fb65fabe24c650,1764513577,1764513581,2081,97695,,
0x2d234125a6eb03e8862af2f94b44cd0c0d3fbfcbb75ef8e14d959cda43fb3897,1764513577,1764513581,2081,97695,,
0x816290b96e081474e22931301b3c72f70539488030ae524e046e35e1e3ef3dfb,1764513577,1764513581,2081,97695,,
0xb448a87ca218795138c79622b4a535ec399424589ddfe8a268ca32f501371207,1764513577,1764513581,2081,97695,,
0xf05b07e0cf6f980534a6896245cd6b588f0d5f3872ccb66f7a509ebc0c5ca70e,1764513577,1764513581,2081,97695,,
0xc7b581768523e32d029aed883647b9d1e7179ea4f4292b0465228403552b0d93,1764513577,1764513581,2081,97695,,
0xb29e69234a6c70a4108a9d7092188236a689f420e5ae81756ddff3eeafe48008,1764513577,1764513581,2081,97695,,
0x896bc37adbde997a8a3325effb9d72cdffccb411fccadc73eb3276c0e6e0dabc,1764513577,1764513581,2081,97695,,
0xc02a167e6d1968b9411dbc346a15041200622dba13ce4922051ff54bde6efefe,1764513577,1764513581,2081,97695,,
0xf49ed64a01d0c9c3472c2462e650f218ea7743946b8000ad881106bf34bb22b4,1764513577,1764513581,2081,97695,,
0x107d5fceaca9b46afab51898612fcfa1543d4bc0ee2fb7fb4a95402095f83ed7,1764513577,1764513581,2081,97695,,
0x85a330f32f7146f4c5c57a8b0e528db5c1043c3c1d723813a094d4cec51bab02,1764513577,1764513581,2081,97695,,
0x3c3ff90b47ebc67f9459f93baac1210da5dcebcc2c03aaaee0fb9e013a5bd4dd,1764513577,1764513581,2081,97695,,
0x9b21939abe6ed8f5f8510248404ac9c028d4d55d5a5bd73ac72865f9a12aa3ba,1764513577,1764513581,2081,97695,,
0x2c7089b5d02528e948326020c5ab89d9c4bede2d2520f38940a373928ad4e9b1,1764513578,1764513581,2081,97695,,
0x14f0f29788ccc5cc64cf750a87b4970ad170d1d1fcf3ddf36e6283fb97a6d3fc,1764513578,1764513581,2081,97695,,
0x57a9314afcfb7ca24f102560718b97c2ea7712464cd3b3ab1fa652aabbd5130f,1764513578,1764513581,2081,97695,,
0xa9fccfd3c8dad87c81fa25a00ae9e4ec1f63ffe698a3a6860c34496cc8db90b4,1764513578,1764513581,2081,97695,,
0x0055440f8794a2d862cf1a9c2ab14c2f4aac74d95f7dd9bdd615dcfc54c792ca,1764513578,1764513581,2081,97695,,
0x972e4b8f5bda7c556342afd79603b6feb7863251422c35c6ae85078130fd3244,1764513578,1764513581,2081,97695,,
0x547f9732b8487fdef273412c3a9df584870e395d21d80ed0ebc97fbe2401647c,1764513578,1764513581,2081,97695,,
0x731b274ce84ea0e7867fdd93bc3bda1227e4e8595cc6775c44c45a3d8d93cea5,1764513578,1764513581,2081,97695,,
0x21a15f91d5ce75205ef0a0e52b1352c11cb4f3c97e9aa6515e6093daab3f546f,1764513578,1764513581,2081,97695,,
0x8467e14f5261dcf6a975b7020c6917227d859e0836d3023dde64e3fcbf640a2b,1764513578,1764513581,2081,97695,,
0x1372ceeb61a20ff380a567cb9a215895245a3bc3e2754bc9bb273dc3c37b64d6,1764513578,1764513581,2081,97695,,
0xc8c4188a3da3cba5e0a8532078cbf9c9af0f5dba0d2354f69841fab0950bfcfe,1764513578,1764513581,2081,97695,,
0xced91c44876426e770ff259dd85760cb2d09c173e812d7f1034dadddc615961a,1764513578,1764513581,2081,97695,,
0x7824b4e85050c27359754446408276afec76f3472a98996f136666ea827a5aaa,1764513578,1764513581,2081,97695,,
0xc88064522a311957b4c323aa89d972afc9e80fe99e17317040a7e64a93bbbacc,1764513578,1764513581,2081,97695,,
0x51a080acf2478e050c575a8181521f8577de5f6219e41f3458768b01ec7bed45,1764513578,1764513581,2081,97695,,
0x542c9e3c17b5316582ba601effad4563e6513c86cd4ff6e24fc155529427d548,1764513578,1764513581,2081,97695,,
0x7933a429943202eda90c1bfccf533c1302355473a5162a67fcb7dcd868284a17,1764513578,1764513581,2081,97695,,
0x223294607c133f94e11270e0fcad3f542496d5bd694e85428ef314cdfe01e43e,1764513578,1764513581,2081,97695,,
0x4192940d58828d0461d16e3d0c1aee56e63411a0cbfd777d8b982a6244745d2f,1764513578,1764513581,2081,97695,,
0x4c3fead54fafb2b3263b01522f9417357b654d62a024427641a453d9219adc15,1764513578,1764513581,2081,97695,,
0xff1ca38798717f13972f5f70f0a6471fce824fc1e4963627d0faf9dfc46b192b,1764513578,1764513581,2081,97695,,
0xb73e0a58f479e2825a4b05b737c30707c8e490c0194f92a38662e1f7e5885d38,1764513578,1764513581,2081,97695,,
0xb4741edd5b0c547b4bb1cdef5c6322050d03e2e7738fd2d172a8be19a83fe22e,1764513578,1764513581,2081,97695,,
0xbaefcc92effbff89999fc266fbf0cb772ac0c4093944f5723b817acc6bb91ee2,1764513578,1764513581,2081,97695,,
0xca421e93e7c56ec4595685b39a95016c1bdc9f8ac6d320025d7f4b5e7cd8da19,1764513578,1764513581,2081,97695,,
0x69e7c1175398baa2aa18bf008ad807b5d374ea77bf05ad8fe0bb44822fc95864,1764513579,1764513583,2082,108111,,
0xff20a8721fe72dac723c3c530edd21aef1a061ce1292751356233dc29618bcaf,1764513579,1764513583,2082,97695,,
0x85dbc65ffb3bb31a72f23e092c6b3e27eaf857f712a993a711af759fbb36ca39,1764513579,1764513583,2082,97695,,
0xc1ec12a3ca80b7504f5cd633e222bf32bec1c9a9e31e06dea480fb8e45696223,1764513579,1764513583,2082,97695,,
0x7d8df0f0318a0a2084e5227e7d6a79e447233efb93f0f0443e5358565fc30fd1,1764513579,1764513583,2082,97695,,
0x30ac86ec0766acae13369ac9b647596cc10fe4d9f8d408a50631312ae443aa97,1764513579,1764513583,2082,97695,,
0x8a1d7bd7c94edf6f9b67a10c286b0aad3e088110e5ec8912a43cd24ffbdda442,1764513579,1764513583,2082,97695,,
0x00c86c8f838bce4d37bb47fa8bc093e0ee4547fcff1bc648519fedaa40463dd5,1764513579,1764513583,2082,97695,,
0x780539b62149106149702651b14fa9bd83085ecbf87090e34a9fc5066678ff5f,1764513579,1764513583,2082,97695,,
0x4d89a1704386b37c77a0fa539d17f0fd4052c4d3a9df1e7a37cc73fa32088544,1764513579,1764513583,2082,97695,,
0x0c7d8624ec6ab091016b4b13b01ead7e15c2742a34f993b4f5c903a8673c2194,1764513579,1764513583,2082,97695,,
0x389b6c699adc0672dcb682526940e842039b06004f9709d202002fc16afd240f,1764513579,1764513583,2082,97695,,
0x61b036403c2e451bbeea1f050e6f8839d44c915c852a62ebe2e19d036a8767e9,1764513579,1764513583,2082,97695,,
0x723d70e75120c6013467f1996b1526b667b93b7f50318994295fd4c5607424bf,1764513579,1764513583,2082,97695,,
0x75508b722a58f732f347a5ed8315ca13b2756ff7a43a26b36f4da4d4f5b15da8,1764513579,1764513583,2082,97695,,
0xd46ccc1b72560ca4fe8c04dcec95f8c8d32ac1c961254119d18ffc4a7ad16b83,1764513579,1764513583,2082,97695,,
0xd34648090bbd061383554c9da3cd7da0bfaea72e7acf68e88a9c24a740e8ceaf,1764513579,1764513583,2082,97695,,
0xc84ce7f2e9db4c0f13f35d96fac83c1145c7eead6b0bfb14215ebb8d732dd220,1764513579,1764513583,2082,97695,,
0x81d577f791e9da7c184152c3b354f00e00e3219d93f2df32e6cf35bb0296f0fe,1764513579,1764513583,2082,97695,,
0x89bbd22ce8c80a6a5a3c51343ed9f3f6391c551129375604e8e4f43654655b21,1764513579,1764513583,2082,97695,,
0x878630252f7beee01e838155ac04756cdf88f9d48207ba985970c1663418fe01,1764513579,1764513583,2082,97695,,
0xe899230fbe8366cf6c0b10b93d3ff8b20af46a3183725bc568b18645b7c8077e,1764513579,1764513583,2082,97695,,
0xb9279b3807cf496aee35c1a426a38e3d7d33391d7d06c6d26d06376c3fb55db6,1764513579,1764513583,2082,97695,,
0x7854242072af9ecf5a83b1d0b7cb2caf87f3168c172d1590698a1d362f89880e,1764513579,1764513583,2082,97695,,
0x0b15aa600e372097300a974b28e0523493ad103c807dcbc7c03cbd9804882a92,1764513579,1764513583,2082,97695,,
0xb553b7d53d8dcae0bfd9951bcb14dbaf69e8dfb897cf33240eb8fd2212e7e919,1764513579,1764513583,2082,97695,,
0x698b8c27e5766da9348d9042e039e744f06f150a487e760e0bba60eb871de5a2,1764513579,1764513583,2082,97695,,
0x7b0c32059ebeaf7be0b3192aa9e45dd798a2e11790161bc92ab71eb633895fe9,1764513579,1764513583,2082,97695,,
0x403905353510abc5c7ddcf30d64eec94db53f3087bbe2e7fe0a3f97cea64552d,1764513579,1764513583,2082,97695,,
0x768ed79bf112107d8537e73a24ee62cb12c78bbca6195db5e37e8eaf56c87417,1764513579,1764513583,2082,97695,,
0x405ac677eed9706e1883e5ecf865e59b3dd647f877910065b8f92fb0aba6b772,1764513579,1764513583,2082,97695,,
0x92c18b2e77f4285e47c0c3075c0504a7d27eb5dcdfdbf4e89b81a580c418bda4,1764513579,1764513583,2082,97695,,
0x8da6992c63f93104db432acdeb05d2bff675760ce6634e6f6558baced8c8e621,1764513579,1764513583,2082,97695,,
0x8e55222d33d8f23be368029e684b41c1d1cc4c7c145c169f6cf441ad3a1bb3be,1764513580,1764513583,2082,97695,,
0x3d414bd49cbc0b68767c31f14da3feaf565732cd9cc3951591f8e10833843811,1764513580,1764513583,2082,97695,,
0x60dee4a173294c5fe569a3c440af2c2ca032b78e8611c1611b2027e05728a050,1764513580,1764513583,2082,97695,,
0x1f6f146604ca0cf577f8c6d5ad346e1c7fd6c0030c648304c8b84e3751589590,1764513580,1764513583,2082,97695,,
0xc987aec18ac474f75a1b15b1e30b68211538952a7ada316535872891a90d2086,1764513580,1764513583,2082,97695,,
0x92ef2ac9e7cfe2cea196d33963ef462baf2e46e4a290a628179fc779e7fe4069,1764513580,1764513583,2082,97695,,
0xe0613643dce1136aefc0773e20857d8e4e35102f379d8875ef16ec0e03db2264,1764513580,1764513583,2082,97695,,
0xd03cba66b0d2de75b1bddbfecb48ce8f5f147e108d34ad8550c81256f23991b8,1764513580,1764513583,2082,97695,,
0x526545913a6eed92a6f26628d729f5e2732063ccecc8219f0bccd7a2fe16dfff,1764513580,1764513583,2082,97695,,
0xc1ba22a0043d96d8c407226233ba3936a7655eecdf820b18002b420a381b91e9,1764513580,1764513583,2082,97695,,
0x81e0c5826f85c13d7f000bb4235b3fac17f7bd70cbd250ec8c9bc274c2489864,1764513580,1764513583,2082,97695,,
0x28e591f273088524bd745bd0270926ff3ebb7db2fcaa5dbffce8586bda26c8af,1764513580,1764513583,2082,97695,,
0xb296c56a85cb68c41ff96913117f442df104e604239801e9e4cc294f5ee2332b,1764513580,1764513583,2082,97695,,
0xa54c65ef6566a9c32591a292359dc8aa2ccff61b0cf46829c19ebb09ae8ee70f,1764513580,1764513583,2082,97695,,
0xb159a820a10cc60a68cfd2b728d3040627189424fc8c8d1b7b53087d5da5004a,1764513580,1764513583,2082,97695,,
0xac6ec0a5321e78127e942a25d503c6058cdd33dca512c315b42f3ce101b0b424,1764513580,1764513583,2082,97695,,
0xef6b9a022cc6ba9c8ec771a2ac9ced81a50e8be62de138315adb08ddb8ce09c4,1764513580,1764513583,2082,97695,,
0xee92341872853f3792e5f6d22675ff7dbf289f452e247744f466984a4a03a1da,1764513580,1764513583,2082,97695,,
0x790b0f1cf7a9234091ff59f0de5db84af3150b10c675b16e400528d96bb7922d,1764513580,1764513583,2082,97695,,
0x82ed0c7eec7e2accccc4e06c474761f985b8268231139325219bd576f4734d6c,1764513580,1764513583,2082,97695,,
0x571550f3bfa3228f0eeb687fb11661ed49bf835abe15824676db712c2cbbc3ff,1764513580,1764513583,2082,97695,,
0xa8db614c52f7488c5c768d4e93f9f5e0f93ba12578f729ebd9589c6769f6d1f0,1764513580,1764513583,2082,97695,,
0x6e552154f38631e3942caf8c425790b1ca910747cc416282814449b8e872d3af,1764513580,1764513583,2082,97695,,
0xe3ea106a375db7cb63f6fd348adfcb5df28a4e03cdb0003d46acff28b561b490,1764513580,1764513583,2082,97695,,
0x1ec19297ee76c2a2aaae10858084cbb5c82a9aa465ad2317b2394579ad3fc2c7,1764513580,1764513583,2082,97695,,
0x7ec913df1d3c58a3af0c3b63e14fa76c5252bf6160ca8f470335f66892cb9ab9,1764513580,1764513583,2082,97695,,
0x3bfeaa18db394ff9be3cfd28d7faa0cbe88ca57c98863f46a3f8cf60371af687,1764513580,1764513583,2082,97695,,
0xeeabc4bd31a98488cf6fa3a86c977ff397edf832ca6a4e7e76dd9049f5a744e7,1764513581,1764513585,2083,108111,,
0xc6ecfce6578e9fe7ea2f512c860b69029d2e727ef63bc3dc0a00200143b65422,1764513581,1764513585,2083,97695,,
0x55e8591cd69f468c80752d6f21f5eaf2f4300b5cc02851a6baf21142dbd9a13b,1764513581,1764513585,2083,97695,,
0x7f32a4e918de3c09801e2345e1781712f5742416f001c8a78760750013ecca11,1764513581,1764513585,2083,97695,,
0xf0c1ae7d80697c2fedf4235e3bf70e49775aea37e00e91336bc467f7b61eee21,1764513581,1764513585,2083,97695,,
0xc45072a9fa0aa3316beb2f2d8365ed43996ced11ceb79fd9e662c6ddc60ad3f0,1764513581,1764513585,2083,97695,,
0x507138e2fa8dcf735cf7ffdcffaf614b615467d063d1f646caef19af46e7b738,1764513581,1764513585,2083,97695,,
0xeea66e5a4a38f00e25e5a2409e6ff765ec8c87c867c2d54889e7857a29cc07e9,1764513581,1764513585,2083,97695,,
0xcc091d5e63d92fd727d19d8a782581b6b8e866a3f1f01010367f29ddd04a2c76,1764513581,1764513585,2083,97695,,
0xa69d367fe0d037319e7c475f9c5e27415d3f1fb9cc996dcdc10dd1025814512c,1764513581,1764513585,2083,97695,,
0x8d92ae8d1303079505aaaff7ef3d21bd490d68c9c3c485657fa435d9729a3611,1764513581,1764513585,2083,97695,,
0x83d150b366e076e07be02388a6936e68516c9eaf2045ba0a1521a07363ff55ee,1764513581,1764513585,2083,97695,,
0x5cca6765d2a7bfbb9a0076dfdef0321b0551629595888ab9d30e4902c9f85789,1764513581,1764513585,2083,97695,,
0x7de335dee1dd9b3c68eca45c58b0304da26b09d0e24cce58e377ac88977b9fbf,1764513581,1764513585,2083,97695,,
0x3f9cd60fb4419cedd27975fa3d033ce3c3b725afd652f974ed2cbba2f1286588,1764513581,1764513585,2083,97695,,
0x9dcb6f6e20b03381ddcc5b75b33f02c92635e9cf15c69c1c0128842c9ca7577b,1764513581,1764513585,2083,97695,,
0x7e2fe3d082478bb48db7e76daead8fac5c3d4920cacfb30854546fc9582fb060,1764513581,1764513585,2083,97695,,
0xd78c6745cd846ff750c1b790e03c98cfc41d567e76a978703f20f954f25306c7,1764513581,1764513585,2083,97695,,
0xb27e5cf270ca6ce13907b3cec1bf05279461861382ab16870fb039874ac5bb26,1764513581,1764513585,2083,97695,,
0x23e047fe08a51a30d466e50e7819505a9ca8e631db433c096ebfc43d698f9449,1764513581,1764513585,2083,97695,,
0x6da4d08124d74cd19c49671f2c0902d1910130d5fac718f17de35aaec3b51f27,1764513581,1764513585,2083,97695,,
0x9b8a87a6462694c108066399e07b0344fdaa08d8459f8ccab4ba7ccdce912379,1764513581,1764513585,2083,97695,,
0xa0e57f0ac7ebdefae7d8d42c99e36881ec1ddd6e14b0eb984fce96c41d15965d,1764513581,1764513585,2083,97695,,
0x38df1c72beb241c65d15dbb1204f6e5e8867d8561701b6371df0457712c9ea4c,1764513581,1764513585,2083,97695,,
0x1fff14d6c0ccf9573bc9c84e70b99c766c1e28101e1caba89c431bc390c4735c,1764513581,1764513585,2083,97695,,
0xc2a99f716cd518b66122f4e22efcf4dfae67883aa8298a0164017315dcf44f36,1764513581,1764513585,2083,97695,,
0x37c526936f7fa6dc44d272fad0800f26330213618e42349706de5c63b0209c37,1764513581,1764513585,2083,97695,,
0x26ccbd459bb421b8ae881e1709f08ab40b5ea908a6e82f8ef560cdfb2e579090,1764513581,1764513585,2083,97695,,
0xf386eb8c4cead8b7a6961e0ddb5926674a2d59b72cc7a846722aa25d02650545,1764513581,1764513585,2083,97695,,
0xc082cf4f473f0d06c3899fd75678d08f576e417142d22396c7fb42a1ecf70a6c,1764513581,1764513585,2083,97695,,
0x3d79abf7eecb89c82f7fd525261399054313e95e66ddd31c2e370fb81331c0d3,1764513581,1764513585,2083,97695,,
0x4cd8b0e251fb304d3d7983fe2eb8cd8214a2980b7eee5cd65effa42f3e513113,1764513582,1764513585,2083,97695,,
0xe3fe8726712fb7423822ef3d5a0739d685454ce763fb182bf41445a15ad5a142,1764513582,1764513585,2083,97695,,
0xf4789cdabe2b7e110fd658c43b0a06f912beabae205c35ded1dd2c335362e80c,1764513582,1764513585,2083,97695,,
0xcf20da0580735b8b8b223ef0a33182edf923dbd80a47f5e081b51509d2320d88,1764513582,1764513585,2083,97695,,
0x44480b42fe2a90f602c13088188ed71fc40d334c2f0dceb967cd210e22b97217,1764513582,1764513585,2083,97695,,
0xd862d233e627dc6ca212eb52aec232ea8720aa9e488516ef9d23ee9bc47fbaa9,1764513582,1764513585,2083,97695,,
0xac501e4bdf2e0b2b8bf61c33bdcdc7d23273b4ad476c7614018110da76e79c61,1764513582,1764513585,2083,97695,,
0xd849e3ff2620716025e6de52e568bce21d1fbb8300a0f8fcefa1d8479989b9b3,1764513582,1764513585,2083,97695,,
0xd0c500545744932d2956f47d50bd430a246392f09055ca2373618ed598dd6e79,1764513582,1764513585,2083,97695,,
0x8e3d6a7deb1ac792db2f0f03fe5a9b0ae7ce7f9fa3a0aea25b972f346e5ca597,1764513582,1764513585,2083,97695,,
0x4d409ffa4d1b810450d6de8168eee2b6742b3bb6e81b859df95d29a3a1725a08,1764513582,1764513585,2083,97695,,
0x9d3cd43c0fbd1e7f2a2dca768597acd189063957138eab481a4ab9ebd92e1404,1764513582,1764513585,2083,97695,,
0xc67d88f7f76da130c8bd6cedd4a373f58cacf30eded5b7c0b32e6f401d8da51a,1764513582,1764513585,2083,97695,,
0x13144324fd1880404e33049d3730b668969225718fd47d2b5839712d98a6ccae,1764513582,1764513585,2083,97695,,
0x1281b95f06a86fb77a7240ad183540d5d09cf8812128ea35da0def2606119ad9,1764513582,1764513585,2083,97695,,
0x42eba06ed6c281d01f3681f57eaefcf62e7ca42c6ca3d6d41cfd922de9240df3,1764513582,1764513585,2083,97695,,
0x925e89787e3d92afc25eab7a11035892fdbe1b4649432770e6b3783166e7cf9d,1764513582,1764513585,2083,97695,,
0x348f655123f803da11635fbf3c0e560407c2a3937a0673a54eab3ef1fd3dbd7e,1764513582,1764513585,2083,97695,,
0x5f9d032950d2504332f5a385752489d92fa9176ffdb74f85d2b60969a56690c8,1764513582,1764513585,2083,97695,,
0xdd30a73f3ac3d0ee828960ce77040edac2157277b6998eebb2ddcedc75ab69d9,1764513582,1764513585,2083,97695,,
0xd3be71f6451edea31ca76c83a21cf3ceda6ca286b1890377b696cc8cc6b2de5f,1764513582,1764513585,2083,97695,,
0x3b1813efa04efdb87f559828d9c86071e90e8a2a718a685d4caf01e311b81586,1764513582,1764513585,2083,97695,,
0x7949b47b921ecaaa2da7b4b7880363ca3ed2e13309625bb1a548527f8306f587,1764513582,1764513585,2083,97695,,
0xaf80fdb5f189afaf8aedd8253c11da562c5672361856f66122696b5e650ed9ca,1764513582,1764513585,2083,97695,,
0x678789655ba37a297292292a3afaeafdb4f6a96dc07981fa8da8fd542ea4e818,1764513582,1764513585,2083,97695,,
0x915c751525ae08d1b3371f27480608d658a690ee6332c7e46d27bacee328eb4b,1764513582,1764513585,2083,97695,,
0xeca3fa48e0ee6aa7d9aceeaf2cfc7004da4fa051cf21cbefc220ce2b9544ded7,1764513582,1764513585,2083,97695,,
0x6e8633ceae2863666bf3bc00774a64537fc393e3c59c2a30b447408bed5b9011,1764513582,1764513585,2083,97695,,
0x4a3b894870d8998a8e9de33384b38749a435fff56a1f030b1c4e835af4d9ab92,1764513582,1764513585,2083,97695,,
0xee3a96601f2411ab542362afc8257dba1930592f74a85758e5a889b993f48ea6,1764513583,1764513587,2084,108111,,
0x40c6438e72ca7d6e9a0d63d94dae2c3012f0e534d7b76a9d35d4009dce9f6500,1764513583,1764513587,2084,97695,,
0x2076040200a7d0eb10246eb115747aa70a07559c9ba7ec7099874a4d82d7b80b,1764513583,1764513587,2084,97695,,
0x872c6e29388124b122a0f91acb805ef5a7bc671643ec3b003cdf4e8c94a756a7,1764513583,1764513587,2084,97695,,
0x7b21df9f70d3e9c2d0c54b0102ba253a8b160a0b9223049c1b9e8d595745b0b1,1764513583,1764513587,2084,97695,,
0x4c2d7a1a1577a21c3b1dd97bb53db5fb8d89384db8f749519f424c9280bcd1b7,1764513583,1764513587,2084,97695,,
0x023d4687f4c1b7ced7952120d3451ccbb4a9f1f1c78ba8620ee52d9ca7eef028,1764513583,1764513587,2084,97695,,
0x486e5f334439e2cb6cb06d995db1706feb1259016c461053b2544414e4255999,1764513583,1764513587,2084,97695,,
0xb53dbe0579b9dc7db802c3b800aaf106e95255a6008ea7d1a8e0ff8655514092,1764513583,1764513587,2084,97695,,
0x6cf56faaa244d24f9aef561a6da8465a1a01b4adee2a3ae2cb8b2f0205b78982,1764513583,1764513587,2084,97695,,
0xd1be3d0f4f968c259eb8592d1f21c73f100a56ac18d4e18f380596c47b29486a,1764513583,1764513587,2084,97695,,
0x9c19e0997f01babc0b674577628409d904b92f475469e88165cb2dd2fa41070a,1764513583,1764513587,2084,97695,,
0xc7a8748e6ef4ee1fbce8254a8a7fec7b8114aea9970051f56f9adc7b715484ff,1764513583,1764513587,2084,97695,,
0xcf5d3846f8ba8935462c17a5b019b021bcc2fb6fffd43eae9d5c6400d4be1d6b,1764513583,1764513587,2084,97695,,
0xb731c1370a9f3ba7c03dc2aefeda96afdf846c182c54bb142c8bcb2bfac1d9fa,1764513583,1764513587,2084,97695,,
0x755f2900d07de032d65720c22216ae7f89e318884c9dfbb43955fb1e1da6c4ef,1764513583,1764513587,2084,97695,,
0xb89456807f0c791d3e426f7e853effe76f83684658b5d1b4f417595e7ba7f0f3,1764513583,1764513587,2084,97695,,
0xfe6b90ad731e72a47515c18d8da5f3b2bfa343afdaef83a1f63db48b514dee2d,1764513583,1764513587,2084,97695,,
0xa56726f6e643ab23d24123dac5e53671ac6b66641cb38e1517a4cda7255446a7,1764513583,1764513587,2084,97695,,
0xb5686e4940b277c97979c51960ae3a03ba0213a07d98490a9d015f1644f702fd,1764513583,1764513587,2084,97695,,
0x86cc75c997db0fc16c3a4fb44b9bc272ef42492c95eb8d83646589a9f18fb62b,1764513583,1764513587,2084,97695,,
0x71bab02db153a958ec413be057568e30f050995caa16f53f73efffa24164d943,1764513583,1764513587,2084,97695,,
0xbe007bcd1d46339b7f2adcdba9d1fbe09c5217ab590ce90819260957eba784a2,1764513583,1764513587,2084,97695,,
0x1de33fc23ae1eebbdb68806d26c811d1271f5cb744e730bb93a93f07a7bef367,1764513583,1764513587,2084,97695,,
0x9bfeea22c89d1e68069c52deb24e642e3f1252998d622dc90fd3ac39ed92e744,1764513583,1764513587,2084,97695,,
0x1dde6f1f3f70e5626588b97d12e9ff0743f418693fed02e41bfb647ce9805db2,1764513583,1764513587,2084,97695,,
0x9d60d1aae17490c2ab4c15ca0a4f35cce8d82588adb33d84cb1b8f3ec3bc56cf,1764513583,1764513587,2084,97695,,
0x8eab34c1c7b3aba8d05cfb5ff42b46d12da9387a99a7b2ef29a3d9f6211b2b2e,1764513583,1764513587,2084,97695,,
0xf4237f5e076122dd0a31fc2a731646d2b339c7fd158de02c856c87332948ba12,1764513583,1764513587,2084,97695,,
0x6497ff24e9b3612a4b6c10b0009254dc0a8e0e9efa1f43ee6ef7553165d425c5,1764513583,1764513587,2084,97695,,
0x2e648532005b435e81b816fa28a288fe1a93a668e1610d6dde723744fe24cf0a,1764513584,1764513587,2084,97695,,
0x890d7ec0fa35b19ec77bfeba89d2c42590d637952a04212ca2c041833b9668f2,1764513584,1764513587,2084,97695,,
0xf3c3732b9dcb163d09e45459e846c37ae1f2d7ab38aa911add9c3fe985f3d926,1764513584,1764513587,2084,97695,,
0x50aebd1ce37b67729a13ad9f2c123c397fd63474866911413a91799c657e1d23,1764513584,1764513587,2084,97695,,
0xe1a2256a1f44aa50eaa82dafeae6adc06a84ceee9d73959f6f9ea98787714c6b,1764513584,1764513587,2084,97695,,
0x3de8710f256b6e0fdf0df2d0e0844291679bb1a5bfe7e2311b1090623376bcde,1764513584,1764513587,2084,97695,,
0x9fd9fa21c1458dbc132ea15512e7259fda347a07a4483acb9501e138a624741e,1764513584,1764513587,2084,97695,,
0x22ee73f78a252a46071c8535ea722a19a7a3c82df2088da3f3b0a5dfffd86374,1764513584,1764513587,2084,97695,,
0x0e25caee490a7bc7fd1eb0413dc45ab8edfb7ce80ac57af9e5536b5ea1509b5b,1764513584,1764513587,2084,97695,,
0x7a10e9d13a10579dc45bce386d967d6893d5516fe7dd796b5bbbc8bc471e9799,1764513584,1764513587,2084,97695,,
0xae4295aa5eeaa1213b867466071b9d82e73ac7c82add4ed744f14012152215d2,1764513584,1764513587,2084,97695,,
0xb0a8f942596ac055580630871c5eddf0913389b0e00ce48f17c75889e5f61c5f,1764513584,1764513587,2084,97695,,
0xec75b93355bf8e92c8ea3b627ae3ed8c23f44d565526ba4d162b981a38678005,1764513584,1764513587,2084,97695,,
0x9de2d0ba4568d3d7313def7bbe9d18c22b8d4ff31dfb38dbe5eccf6fae72e037,1764513584,1764513587,2084,97695,,
0x4e62f103ac95852167e3ee964ebd47b2d036354f75af708fdb091dbbed58b763,1764513584,1764513587,2084,97695,,
0x09e80b0de689f84d95c4a173889a64214184babf9015ad855d0a000d6d545d18,1764513584,1764513587,2084,97695,,
0x44c5ba0dbe7f2116f7aaab5af5ae4825b8d23862f6fbb7fb03a224e403481075,1764513584,1764513587,2084,97695,,
0x1499011a831a9d274947ea3578bcec5bf12d02fa3e0c47841ebc8845e1619aff,1764513584,1764513587,2084,97695,,
0xf975cd2564b15386a511dc17cfb11a362c408bbdf19ec13456cacf4171e2e377,1764513584,1764513587,2084,97695,,
0x9cc4ff41aba9f4a7f0bf6b445bd1b4fcd82eb1741b046bcb285175619df67315,1764513584,1764513587,2084,97695,,
0x24810ec3bc840144a2e668e3d10394ea5afd78a765c7ce84c4c670b047dfd94f,1764513584,1764513587,2084,97695,,
0x4027d93a1f5a28f8110a08400e8657576073ecc8e61cd56fd931fee43ab428eb,1764513584,1764513587,2084,97695,,
0x7b6490fc61f383fa850035d16367cbf396347b958647b78ee9b2de8193acea31,1764513584,1764513587,2084,97695,,
0xdf0a4abd1de1c86381e5088c2badbd44dfe706380692d7fc4c4e9c87f90b93cc,1764513584,1764513587,2084,97695,,
0x798593f643b4df131eab9dd6decd2b7b665f3c69bdddbf63466f992d861ca117,1764513584,1764513587,2084,97695,,
0x645287ed03505dd2e5e6fed0a4aca61130eee3de13aad7674ff8f954512a52ae,1764513584,1764513587,2084,97695,,
0x7377ad53cdbeac479af05c272a2987f722d7029f6d61414b244eb001999ef297,1764513584,1764513587,2084,97695,,
0x7d530ac7d5cfabc53aa71aaafcb7a14ff7ce025c9170cd05414abd8bca66c7a7,1764513584,1764513587,2084,97695,,
0x8533e761766e6ecc18922456806ff49f1e29657eca216160fc7aa1d7c10c4053,1764513584,1764513587,2084,97695,,
0x392be4d099cd4b1c13a9e37b375727fd1ab747d076122c9fafffb79f141b9930,1764513584,1764513587,2084,97695,,
0x6f59705f99a93c153eb750482626e160daee0e582726bc2dbb66a71b0579916f,1764513585,1764513589,2085,108111,,
0xd66b0ee710c0da0065b8152297b3e4f38c5956ccc5b8eecb075677530ca9b292,1764513585,1764513589,2085,97695,,
0x867b3e669b17b7c1e6448e8067b529143b9a5a497965bfc22c6cc8ba20a54995,1764513585,1764513589,2085,97695,,
0x201c5eca05890289d0b96edfeb1d297a9db38101b37ecda2810a0d468adbda84,1764513585,1764513589,2085,97695,,
0x6f9027b7333640175eeb5f803c6694d178303bfd3e65fcf18dc6492ffa0c8442,1764513585,1764513589,2085,97695,,
0xc1422f9f1536bc03e07b787ea575e85ce62b90345406b56b150a66295725b844,1764513585,1764513589,2085,97695,,
0x59bedd967af734ce8b23981faa7ae154ac3c3afa43a88b5736b86d08465beba2,1764513585,1764513589,2085,97695,,
0x7846a8ebf5a6919a394f7c06abedb05a6e0b23565449b7801da67e32700ea866,1764513585,1764513589,2085,97695,,
0x4ab8385ae7382df7009020b8c6a173813d98e599a42043102d410945858e3f4f,1764513585,1764513589,2085,97695,,
0xd5d74825315a173e58a8303443caae2f5600a10e2dbb60760744a729dbacd93d,1764513585,1764513589,2085,97695,,
0xfb2593b7d597d20135f39b3a23026c14018104094361d8ae06204a13c2499591,1764513585,1764513589,2085,97695,,
0x898e71ee7fef1732e6f923a6e187c792944da8f2b2e29be12d039b42e1513fd0,1764513585,1764513589,2085,97695,,
0x401565124df9f9ea05c5476f3d217f44d2dd1ee1056801b03cd5f5c3a7374ebc,1764513585,1764513589,2085,97695,,
0x7678c8753868f976437592734d3d36e05c0edb61188b7493751c096795307d4a,1764513585,1764513589,2085,97695,,
0x8ee7276e9e78410ae797b7da860478abe0d794a6e0b71391f1537b11be4502b3,1764513585,1764513589,2085,97695,,
0xe48af746b26bbc04bbe1e0bd29aa07573cf2bdcc20bb3629e8c83b85e3444483,1764513585,1764513589,2085,97695,,
0x5e2df921969e7043ad87e04325b2c1ba584ad65bc76ffaaa4904f63b4898b7d8,1764513585,1764513589,2085,97695,,
0x243c0fbb4569c118201c86c2d70b84102fafa170655b78d0fd3085a8ca24c628,1764513585,1764513589,2085,97695,,
0x786dde24c3ce017379f97ab4e3be695fd37b4df7218617451a1541bbe5a3d0ce,1764513585,1764513589,2085,97695,,
0xad5c19bdee0b036f9f99b98622818048d004eed169f4d06fc02d37ff28df8d2a,1764513585,1764513589,2085,97695,,
0x9859642a14b50d3cd53e72f9295ad32ee09770366055d93a7d27d48c18cfc274,1764513585,1764513589,2085,97695,,
0x90446f6a1b69cf187fa21a7a27b5f94d347ce89f80cc6071752736a58874fa88,1764513585,1764513589,2085,97695,,
0x7e653ee345fa588b97495f8370e9cdae10486cb2fbabd11c793224dde190637d,1764513585,1764513589,2085,97695,,
0x08a1ce0b2099a85d9abcfe5faf092dcbe7249664f0ff8bbbab6ff88844ec27ba,1764513585,1764513589,2085,97695,,
0x4bdd97fc9527e600a1e91ec30ca922eba7ec730ba47fba2b89f511d749fdda4e,1764513585,1764513589,2085,97695,,
0x20a50cf658499dfb274ff6a9515f72c6f7c44770fa16c30a296061ca29332d55,1764513585,1764513589,2085,97695,,
0x705a1ded46d6d178b62ece2343c85297fe1bdcb3c55710bcb4d28e167102c5b4,1764513585,1764513589,2085,97695,,
0x6a4417d4d83b95422b697c3fbff6278c5897d15a67bd67f40e49538f1a0c4b79,1764513585,1764513589,2085,97695,,
0xf7ae337fee3c918adc5ecde6da348f025d884849e4eb27ac9ec81d6b3c229cf0,1764513585,1764513589,2085,97695,,
0x9a4bf2f847d23b6d9466b57f1e9d07ceadd243e8fe2d1a092f9d4b90df541e6f,1764513586,1764513589,2085,97695,,
0x84025c13907d4845aa6c73ef8ce08a5105957c23eb26958b8d210fd05ace80f7,1764513586,1764513589,2085,97695,,
0xd1b3368e78d098b4e39639f05f5bd58f3a2d4fadca1340aef2485f2ee297bac1,1764513586,1764513589,2085,97695,,
0x424ae18e4623ffa7dafa680d84e3c5818dbea3b5a415432c6564f94f94bd02ca,1764513586,1764513589,2085,97695,,
0x8561aa6f1f062d92de15c77cbb760e80a8f92c0e05687d167adf92e9159b0659,1764513586,1764513589,2085,97695,,
0xc8800f99fe8da214b404d356fd7a917ecc429f0f80b09b1fd7d6bff1ec42baf6,1764513586,1764513589,2085,97695,,
0x0bafd35399b9d285c6ab668d780c2930994d57fcba17cf2ed60211dbec96d53c,1764513586,1764513589,2085,97695,,
0xfa7e47436f00044fb453dbd725efa4e9da8a5335249feee0e59dd5f166d828a9,1764513586,1764513589,2085,97695,,
0x86ea9579da234d92945def6ea75a2506b40f58a70a663bd119a57a93929d250f,1764513586,1764513589,2085,97695,,
0xe7f69029bb56545b98947bd6d6cdc9bcdaa0d71340a3378046493bb9cde150fa,1764513586,1764513589,2085,97695,,
0xc6f8d8ca9b8afc06c19bf0d55d3edf2c4e090a8eaa37c237a6155cc95e11532c,1764513586,1764513589,2085,97695,,
0x47a5772f89dd69bea6974e705abfd273ceaa70d552be666b2f6c03cbd28bc346,1764513586,1764513589,2085,97695,,
0x64838518576aeb4679a26ed6014c90950a445ef269d803d0b07d8e733a601c71,1764513586,1764513589,2085,97695,,
0xec6b713a59e3cbf6eaa89a60b85a54fb58ab8c738e692bf23c3ac2601bb76716,1764513586,1764513589,2085,97695,,
0xa751b9389663b5cdf1006de2d52feed9e1b6619cadb2d36113227b59138ae46f,1764513586,1764513589,2085,97695,,
0x4da12a43ac870c1125e59e16bf06f09ee51fcdeeeddd79223e60ce637e9a9ee7,1764513586,1764513589,2085,97695,,
0x27db3d5179e8ee13b5103b0d909331a0553f0ad37d51ef13d22c290f6d142f9e,1764513586,1764513589,2085,97695,,
0x0176bfa97001d2763d8ea6564892c0aad3bc0441b4d8d4ca358ac2d5f2aa09e6,1764513586,1764513589,2085,97695,,
0xf2752d4db34eb9d635e85cd1310a5ea3a0948c9271c6a24b2e554bd02fa1efff,1764513586,1764513589,2085,97695,,
0x6d46ccf265cf9097e359edd2685fb18cb0a8178ddf05419596a38da101160ec3,1764513586,1764513589,2085,97695,,
0xb77cbe3f9c5ae146019eec0b1877c6bb9c8a5803850dd370d857df1e06dc2842,1764513586,1764513589,2085,97695,,
0xb8b1b559291abeb6b93c0d8ad2a5e0befbd18a73f4734e84b6696336796e9b48,1764513586,1764513589,2085,97695,,
0x3a00a377f3b592404761ba274893480b33b7c081ac8d95459678b48167cd7437,1764513586,1764513589,2085,97695,,
0xc6a3e8840239423b8124f19f62f35741c3b7e38f41dd36495ab8092e7c68d3c1,1764513586,1764513589,2085,97695,,
0xc0488337de35994c83c2c497b0b33c053865b9b2cd085c796d6dba1e68d0dcb2,1764513586,1764513589,2085,97695,,
0xb0f9a24b07ec0d1cafc3550dfa703f80e9af6108cfc98301996d958826b0050d,1764513586,1764513589,2085,97695,,
0x98dd606c82fe53722610a4cb05e97885f1d5929324ee3d674211c06579b10339,1764513586,1764513589,2085,97695,,
0x28947e81f36001bb6a2d33b3e965f1f937643dd660c0aab57f780f4aaaf95f56,1764513586,1764513589,2085,97695,,
0x04c8c80a0b771255682f8d922f6ba5f91a3ef8a1810dff3ee87d38789fc1640b,1764513586,1764513589,2085,97695,,
0xce5ceeffb6a68b0414b8e4ce06f39096f79843f32826dbfa8f45f6c110ccae9c,1764513586,1764513589,2085,97695,,
0xb46e5a10ffbfd02327c56b63cec46766f8bdd5b4d3b4991abbdee1196b6d87f8,1764513586,1764513589,2085,97695,,
0xea862de7e0e0709e48a8072502cf8dbd885ea6912eb37d4126a7d5dae2281f24,1764513587,1764513591,2086,108111,,
0x7c09316a47ffa21756c87c291290b1e8dd0b2ab232d1108f4ca55b5a556a742a,1764513587,1764513591,2086,97695,,
0x2275bf8a4264610d8adc51718c0cd0e8761d4d0c26335066d3d5103ad95f728e,1764513587,1764513591,2086,97695,,
0x3147890b52c2ef9f9875a66690add6867b32e4e2d36401c745588735b2e478e3,1764513587,1764513591,2086,97695,,
0x83c466bdc30b296210188c156b90e91c53833f3b00be979a3c4c142e7835250d,1764513587,1764513591,2086,97695,,
0x46f35aed827c0f73921731555fab52a9def079f4ebd6f658a7f1b44ef543de8f,1764513587,1764513591,2086,97695,,
0x1fd85b1f6dac81c781b99be7d8134eadc81e658dc15d07cbd4774375ef47ca47,1764513587,1764513591,2086,97695,,
0x13c63ad5f5c2c35c55f93a52fc5a7f09bc01ffe2ca9546398abed664bf0d9d29,1764513587,1764513591,2086,97695,,
0xd999c353ae63c8e4e2ac04bc8aabc8478137088bccf184e444fda2a05f7c36fe,1764513587,1764513591,2086,97695,,
0xeaf959aecd7a49ab80852ff1845299888dbfb5082c6ebc1628962e8c5c45f854,1764513587,1764513591,2086,97695,,
0x47d515bb65556a61cca58122d38f466b0bb175e709cbbf5bfdcff78b897e60f2,1764513587,1764513591,2086,97695,,
0x7cec280850614cea21df1107668b9625cb84bdf62146f18569fcd70fd6ec5f1c,1764513587,1764513591,2086,97695,,
0x0ddbb0f659755c3ad6848fd8ceda17141572ec6487cf8867e305a1de199db65d,1764513587,1764513591,2086,97695,,
0x3eed29a98c56be391880aea2db0e9cefae9c17d444f8652d08fdc80b061e0454,1764513587,1764513591,2086,97695,,
0x5f5f9afb468fb575860c2321ad2267b2a82aed55898d8ee0ff238647d3324cc4,1764513587,1764513591,2086,97695,,
0xd66ecaaf0be15d1b81bc0a63dd0d63246896030397ec23682372c2b40fe4f071,1764513587,1764513591,2086,97695,,
0x6bf39da84894468da6662d2bbb7332cb52fa5a3b943c25cd21b2922c6cdc679f,1764513587,1764513591,2086,97695,,
0xbdca497b7a5b9fc555a35d9c157533e94f4e57174c616338007978e9467d40e3,1764513587,1764513591,2086,97695,,
0x3a9ab684c303d6175b324d0c4db7d5dd8b3169e09ae53eaf50f4ca5e5b856936,1764513587,1764513591,2086,97695,,
0x7e7b8b0265a9931bb220ca0724630c35e20ab1a2480d3e8b4de541f6a304b241,1764513587,1764513591,2086,97695,,
0x0718b010e04609630553b06a259d89abcbd9d09f2bef9f02cc6f4cd55ee0f078,1764513587,1764513591,2086,97695,,
0x9aea740dae64fd754e47d2258591d98170df2dc9247f14acb2ad66c79bb7669c,1764513587,1764513591,2086,97695,,
0xffe2d9f72a98a012ceff244dde1ea0aaec14bac5bcaee1c757731ee44cce90ae,1764513587,1764513591,2086,97695,,
0x91d741fecf6999e33a6c2e84544add5ef74cdeb7a492712198da218f795dddaf,1764513587,1764513591,2086,97695,,
0x75e6dec818d1b79067c857f21647af4ad508111a96816fe3a8b57726f66f76b1,1764513587,1764513591,2086,97695,,
0x58ee060c59d753a6ebae9791f67e9ce562cc67bf329117f86f8f85e4c9b48bc8,1764513587,1764513591,2086,97695,,
0x85cb37fffa8376acb3271b2eff76212967092a86c2a7118d5d2eb3a3804d73c7,1764513587,1764513591,2086,97695,,
0x3181f24eb268287ea54f0e2552b87865c5d02df536189faa3b99c8232a72dd67,1764513587,1764513591,2086,97695,,
0xf36830f7daa7d4eab863363ce4ca583eccf23a368cef315f2bf565a2f1d7adf2,1764513588,1764513591,2086,97695,,
0x67e49cb368bdbd0a1a89917f2fae9858c7f17561f33836c1b2e5d3a42ad54bc9,1764513588,1764513591,2086,97695,,
0x0314cf8d4125af7db2fc3e0ff809c0dccf4507f3d240ff353f744782f5676e08,1764513588,1764513591,2086,97695,,
0xe59024792dadc01b98c6485464061cb3ecf91c1f8f33f40e367c2c20727ce72e,1764513588,1764513591,2086,97695,,
0xfb65b645335cea7254ded5524e5bc60742d24ed374eb1443421f19ea2813bf4a,1764513588,1764513591,2086,97695,,
0xa46e75d4e31bb3e6fd493f7fcc445f833410451ab86dce1d07b0c42817795ab9,1764513588,1764513591,2086,97695,,
0x930e005ad10bce125d6d66c8dbdb0b92d549de3d0a46b909c930c87090d99a8e,1764513588,1764513591,2086,97695,,
0x44cba5e95569106ac2b27d508730a097546c819df56adf91c16750b173db5df1,1764513588,1764513591,2086,97695,,
0xcbfe315f771d30880983950beb126b7efe6a95596e3b27fa86a92630c621b8f6,1764513588,1764513591,2086,97695,,
0xa17c304d4137ba50c8caf4ae4e4b93662aac2897914cc96e260af87c5ea34af7,1764513588,1764513591,2086,97695,,
0x5608e3c51dd8bcfdea57e42e03f04aa8edc0dfba93bf92ccb05f22a3468fe501,1764513588,1764513591,2086,97695,,
0xf1b8fa918c33ec1019cd9f82a12abafa59ff22ac3207597b1da7e30899da5346,1764513588,1764513591,2086,97695,,
0xd546f025236c314c1f5c45e4552b0e2617ac972a18b159c9ee36aeeb2360daee,1764513588,1764513591,2086,97695,,
0x70eae1dddfdc9414d7d961587fcccd3fa2077b3f112e3abf2fbb2f21c9cb8e8f,1764513588,1764513591,2086,97695,,
0xb8f6d28057dc0fac713b24752c9faf69ae79161ccaf72cf4dad5e3c8ff038ab3,1764513588,1764513591,2086,97695,,
0xb9439f141fc4e5116fbecb50b58b4f48f22f1c18ae1c7b9607f1feaf8f6351b9,1764513588,1764513591,2086,97695,,
0x216f8913eb36c9009f0b60345a5a126a2acd53ecf3b9e16109d16d4da8fd0c60,1764513588,1764513591,2086,97695,,
0x46cb431c87eabddb24739cff0a41992e8848760cf602a28d1a2fc14cb1a49d2f,1764513588,1764513591,2086,97695,,
0x3d42c57254729700dfb005124037d032a94a053732e1bba7ff0d8d6d36824740,1764513588,1764513591,2086,97695,,
0x1e9a64dcce6c4949d76c2eedab0bc7541bfdbd1cae72e1deda4f96ab6f4be342,1764513588,1764513591,2086,97695,,
0x95f3823ef910bf36112d876f1398467ea2435a984c2b2b72296a9390ba0067f8,1764513588,1764513591,2086,97695,,
0x73f6a574f8d8be819a34340d80fd9b42d20bfb5bcac1eecf0187797b55dedf80,1764513588,1764513591,2086,97695,,
0x3f7d06aa5848e78d7a22c0e22ea739f373e455c04e1f8a79001656fb3dc1009e,1764513588,1764513591,2086,97695,,
0x60930d679212da67773e7aa820e5f465d738d1d1d8ea288c926a8fb36d2b48b1,1764513588,1764513591,2086,97695,,
0x7534d8a02d1321f9a8f64b9e1e9faccf5fce12f2f5319ba6402ae7bb3dcea00f,1764513588,1764513591,2086,97695,,
0x0409fa3276ef6f9fd066d9d4b441ec8cc49ac0cb5ffcd731970d220310031643,1764513588,1764513591,2086,97695,,
0xe3cbe8f312128d7674cc3202972345ef31fac33fa7e1e5b66345e55191adc1c3,1764513588,1764513591,2086,97695,,
0x4fcb64e7ac3cab79c435c54fb54b55a22447d9e164379e92b35e171c0150ea97,1764513588,1764513591,2086,97695,,
0x0aabe83a7f8b51ad8651ab7f1fd51fd4b798cfa08c87ee4aee64534e707ce511,1764513588,1764513591,2086,97695,,
0x7000231e2b531c520b40235336699036d45ab3280ed4043f96b9e467723d70d9,1764513588,1764513591,2086,97695,,
0x4c1c258207979d87df7fb6f27ccf3e0951c840f1f2755e3430b16d5223219395,1764513588,1764513591,2086,97695,,
0xca59c3d7fa53a80eb24d66e30a4629983ff48dedce8e91e5326c75ae2deb2e64,1764513588,1764513591,2086,97695,,
0x785425e3eac65577c6cefbf675b2d179bc1ed2c81965e4836dd176911af17a3e,1764513589,1764513593,2087,108111,,
0x5197c213a962b85f2611e373b74189639f25cfd12f54b6d7e7c82e2013a4b1de,1764513589,1764513593,2087,97695,,
0xcb8637c9a9e11c87b5c762c2ad627ca759fb559bc0cfde9891699aefdbbfb3b2,1764513589,1764513593,2087,97695,,
0x3e71528a2f8377a290209a1ec43caac9bec99bdd946821f2a186816b1e132e11,1764513589,1764513593,2087,97695,,
0x737c31fd1ad180f3061d551bce227c99c061835d1c641109e8bf6a79cf9602b3,1764513589,1764513593,2087,97695,,
0x5477c59855f3a2194ee687129bf5f3fd4af42281eeefbd0ab8fb84b042bcd2d1,1764513589,1764513593,2087,97695,,
0xa6bf4886827457332e7e4549e01bc1e40dcd55cc2efad6347e649036b880f0da,1764513589,1764513593,2087,97695,,
0x1ac5dad9835d7add92ff4a35933bce117e72bda6de2e5fb3fbc16c2921a41be3,1764513589,1764513593,2087,97695,,
0xa037c22cf20daba51b503189bee9429174df49f5ac825b41e9fe7558fae06a9b,1764513589,1764513593,2087,97695,,
0xd3d2880c808ec33de8910c84eff5de9cc7fb74a7d5505281e0719759b9950a2d,1764513589,1764513593,2087,97695,,
0x7cb421dfe0a64b07e2df1e783401fdd8436e545df913487474a68aabc25c013e,1764513589,1764513593,2087,97695,,
0x2b33ef7c913148e3079a884c6653178bb78969b1e5733b828beccecc2e42e631,1764513589,1764513593,2087,97695,,
0xa05b6ded19e0187241fc7b6a7d5073a8f82bc7899eb1f0196a1ea899290bd817,1764513589,1764513593,2087,97695,,
0xa1b9d6f3023487e21b65b1a1f725bee371431c5f633b8393e01952748cd7290b,1764513589,1764513593,2087,97695,,
0xbf6879c8b4eea78963c7b2e0e9766d4691a07249ea0b9543d3a89fe3e603155e,1764513589,1764513593,2087,97695,,
0x00dbfd65868178ec42078e3dde55ca8b1ba40d9899437c414ae014df0c95af86,1764513589,1764513593,2087,97695,,
0x7821e3620e29f33c169402a14336e891db27fac57d8263a153e4ca20c780f117,1764513589,1764513593,2087,97695,,
0x4685a80050f50467eb0b737735cc591daf319c3a2941311c4327976a6c64898e,1764513589,1764513593,2087,97695,,
0x128934ec60ba22be2624741a9b58ee96cc3b80274a204dd873f5bb0ebe47cca7,1764513589,1764513593,2087,97695,,
0x3151712659c25509944254ce16bf3e787be4c61b2c609626568c67d45945b9c7,1764513589,1764513593,2087,97695,,
0x1569d0fff0b5d5e303488876995709f6c8b48dde8169d95281b17f820acf54b1,1764513589,1764513593,2087,97695,,
0xc6821a0c278a7d650993eda91afb7f40c112a6edfaab56f5c4d333a4cc56e50f,1764513589,1764513593,2087,97695,,
0x32b42ce440ac1a6ef02959c538922702b65ed7716e3ee44b5b3f185770931782,1764513589,1764513593,2087,97695,,
0x597fd7e83e55051fc62c081c47a5f6cb0f826d06db9ced9ea32b5737bcb5bc64,1764513589,1764513593,2087,97695,,
0xfe5fd866717ea8066120db5ce8b88866b0535b14df308bace8617d777a92f820,1764513589,1764513593,2087,97695,,
0xe9bb90c0b40b4cf863f17c33b1772a150cecf1ee02e51d8904972293f606853d,1764513589,1764513593,2087,97695,,
0x50826835d6ecbe2a855b0fb70adc540ed26a958159bd0df7ada46864d20c5e28,1764513589,1764513593,2087,97695,,
0x02cb1e18ffd764d53033942df3f1e8a3b2a6b11fd956519b2a4c8e33f53d85dd,1764513590,1764513593,2087,97695,,
0xa75ce8aba91a9203c272af093af65cc1aebf5bb2a029c9d1e31dac7dc4a4b9a5,1764513590,1764513593,2087,97695,,
0xb4eeeaf62ebe1bed4e2cb034675c0c2fed725633a6fff2ea9c955c411d8c012c,1764513590,1764513593,2087,97695,,
0x3f9227e0d26507f13c0b1c20bcd06ae45ad0932252bcfc8a2af89604731d00dc,1764513590,1764513593,2087,97695,,
0xbbfaa7ca74532f948c93e3dd4e9d54e732bd5ecb5d830b1e01c663ce786d00d7,1764513590,1764513593,2087,97695,,
0xfe5cb10dc84a382c5e52841d1d70e144de0c828617bccae3409d90024cf769e9,1764513590,1764513593,2087,97695,,
0xb45710fea81ebca620e0c27fc6a6b7fc0059be44a92b2c763e88021b6a65e06e,1764513590,1764513593,2087,97695,,
0x29c9489d1ae509c69bde484eaef5820cb22e434d4714c4c65c263fb6411a712f,1764513590,1764513593,2087,97695,,
0xbc29586db73cd79ea749c109d5d71a312428ff4fb6e31a5e1ebfb3341a0ae5d7,1764513590,1764513593,2087,97695,,
0x71754a9fd1368c640c6621270620fb20bf096f411a0e29a5738254bdca6d2beb,1764513590,1764513593,2087,97695,,
0x7fe8404dbfaa2946b54b36cfa8c1eeb0462dc20d3a26bd781f880df5ddd99018,1764513590,1764513593,2087,97695,,
0x66314e926ae9e2414fe1a7b78c06631d444df24b3fb638c922a05d944703c172,1764513590,1764513593,2087,97695,,
0x48e887c801e43caadbc27b70ca689bdef854d9ccbc7073fc34a628a4e10c5c6a,1764513590,1764513593,2087,97695,,
0x7f3163ad924cd41e438cd48ea0204535ded186c92ec8825919e57717d80aafaa,1764513590,1764513593,2087,97695,,
0x9df649d26f99a88582116ec9e170f49a441dcb8632cf2c3fca105c0a67b02282,1764513590,1764513593,2087,97695,,
0x0fadc3c2eabeddfa1017a04030e49b2a384b2378e5bd9a9e4a4199bb02374e51,1764513590,1764513593,2087,97695,,
0x8225adbb081d0b80fe41926c331f7b7e473706f4c900986a9ac513e60bcfa2a6,1764513590,1764513593,2087,97695,,
0xef8e0e338d3a4d73f04a661ac612fe546d3e858aed09e75cbb540ac700a811d1,1764513590,1764513593,2087,97695,,
0x0fd825953ab0a9870dcb714ab742db22c74c997cd194b3ea48d2710049f20518,1764513590,1764513593,2087,97695,,
0xd3ad18d609c174219f549cb7f6d8f24521951713393777959049e3bb47b0fcc2,1764513590,1764513593,2087,97695,,
0x158f76c65ad32f5f7f90141d37dec096bbef78550fc4f6538adc22d9e3d4c1d3,1764513590,1764513593,2087,97695,,
0xd3a8c780bae8b175d9f61e3f730c2c635e55b886864c0e2dad308d59d9229375,1764513590,1764513593,2087,97695,,
0x8841315b7b14af183b68e5a1ec17a9a1343e1d524b426a71834115677dd79a2a,1764513590,1764513593,2087,97695,,
0xdfdfa0571ea8db2a619704725b94aa446be77e3cd63f4d121286abd8a66431aa,1764513590,1764513593,2087,97695,,
0x4fef41057efaeefdab06795fe6b147441dbbf4d6466075c36fe3f544370d379b,1764513590,1764513593,2087,97695,,
0x8ca3cee41751ee74d02363a8ba823bbfece631d06593e139611ac2110164cca4,1764513590,1764513593,2087,97695,,
0xdeb4e6a1589e0241b95a6ad0f21fecd582b4dd533a38303471ee510b3c8e3859,1764513590,1764513593,2087,97695,,
0x435bbb2eac5d5ce0fecfeb95835fbbe1fb502957deaa5f6a85fe78dfb0916f9a,1764513590,1764513593,2087,97695,,
0x9a4f443fc2e58f72a78b6625d4cd910bbf1b63fc16310a1c0367bcd38024b78c,1764513590,1764513593,2087,97695,,
0xabfe3b94dcde85d7660b0fd04c97c1ec22d88a377369d3fd65122d1ddb7a8fb0,1764513590,1764513593,2087,97695,,
0x61a51ec1dc82c3cfcfc45fcf65f0b99078edd556fedc8ff102cf5a8f7aff6038,1764513590,1764513593,2087,97695,,
0x69338018dfe35c9162082840d3d996be747a3a3588e01c29fd1a57eff4836b2e,1764513590,1764513593,2087,97695,,
0x15d0d045a7b39c8b17d6ad1df7db23f135d1a2fbb693a25b88cbd8f6b6c37680,1764513590,1764513593,2087,97695,,
0xe146514d5e1d503f99bde9a44540ec492192bc98aa15b17eb51f8d528a0c81a0,1764513591,1764513595,2088,108111,,
0x369cf30acbef60c833a88b9ec84cca07be680c06eea0c896d72c0fbe8818fd5d,1764513591,1764513595,2088,97695,,
0x679d77bc97fa74018d35c8f7849aa7b01a2f606c3d01756edc33699ded8a0c0a,1764513591,1764513595,2088,97695,,
0x8f9de8d33216a0632aa7068bc0360e53e2c55c6b7e181c79ecf9db622929edb7,1764513591,1764513595,2088,97695,,
0x699967b4143fb94bb4456db825cda2e0833b5127859a275543dbf0b9caf845fb,1764513591,1764513595,2088,97695,,
0x58eb55d6e93062cf400f82ea59f930b1429a9d5d965584efe6ff74a69899b114,1764513591,1764513595,2088,97695,,
0x3d884f252e7fc3cf3534aaae0c89779e7e68104b7987a3f85017658881b748fc,1764513591,1764513595,2088,97695,,
0x44691a1555cc6746acb4f410e9d1ef832bd082a68449d8fd9f0be6b896cc7cc5,1764513591,1764513595,2088,97695,,
0x80887b04546a572a6bec727edbd30d7e4f5ae9d2f1919d09a12fcb8b1051727f,1764513591,1764513595,2088,97695,,
0x9bedd300f1dafe3a86f4e8503a85b4bafc2a778da4378c1960799573e34647f6,1764513591,1764513595,2088,97695,,
0xf71de6ce831c63d5027de90cbb75b191c6e123eac437a3c2c55a86425f67e20d,1764513591,1764513595,2088,97695,,
0x315677eec8ba462cf3ef64a78a239a620e542b277c23d016172abc36c3c249d2,1764513591,1764513595,2088,97695,,
0x57b387333ffe14ab2774022d6e2531eaad5c7d9a1d81537049dd9f7ac54da5ca,1764513591,1764513595,2088,97695,,
0xa6c92dedc84f6de1f3f1356d2fa226726eb528f36b2e9eb647a69ac4af64f1fe,1764513591,1764513595,2088,97695,,
0x1db5a2f9cd467c898f511c66a32a545499dab487379fac0950623ec55d44eb56,1764513591,1764513595,2088,97695,,
0xd2903d8efe8d752ec520ea109d06d6a159732660c6ee6711ff0ca9c43ff259f4,1764513591,1764513595,2088,97695,,
0x18b172ab49aa7cff8062134337a25c1d07bb95937914291bb0e2133042b70a23,1764513591,1764513595,2088,97695,,
0x74b69c57294bab8fe556cea482ee426a52b4590aadbce74ea560c87de19d5f49,1764513591,1764513595,2088,97695,,
0x3782bab61bd7e82a7980b631ad01412e68639e8e36812f3eb4c4c3f4db534f80,1764513591,1764513595,2088,97695,,
0x2df551ebc805ed227ad5bf5347fb82fa759b7406a38929a691b62e3f2d6e0604,1764513591,1764513595,2088,97695,,
0x151f57176c16a334150f7b4cdb4d88839f34ca19a46f50f2f7158992e07f0599,1764513591,1764513595,2088,97695,,
0xd2eb7a1b8164c02a4a8c4e1fc76adea2de6b2a7c9f1189485f66f5a936db6d22,1764513591,1764513595,2088,97695,,
0x346e97128a8e53486330af7790ddd4c55731a4917257339dc5e24d31053b665c,1764513591,1764513595,2088,97695,,
0x9df7c90372ba0fdd9d387a99484ee2d1a02b692da0a86f6222e17bbd30869629,1764513591,1764513595,2088,97695,,
0xac5fb3075608e192b1b55b99bea6a3f7fd5ded2b3815e3eb1dc13ad10a5a26bb,1764513591,1764513595,2088,97695,,
0x5d7031c9b848f461c5ffed243bf8236594b7eb7d913791f7093e073d922e1b2f,1764513592,1764513595,2088,97695,,
0xeb96fc35aa04c933ea7c0339600e0511417cea90b8e028574ba40a40658069d7,1764513592,1764513595,2088,97695,,
0xf86eebc34067d652bf885089699d53d9246b0165b0362587192c016220dba141,1764513592,1764513595,2088,97695,,
0xe6c816b7dcc085978396deeb447eb130a51a3741901337170e7109a697a1f799,1764513592,1764513595,2088,97695,,
0x4e2be0e4da63384aa29b0238b70579302ffa37b7b098da20782301abed3f81e7,1764513592,1764513595,2088,97695,,
0xf7e4ca7dd7278362e194a1dae8141d4f723d37d99ba68827c4ee663fc19501f0,1764513592,1764513595,2088,97695,,
0x129acc4569fee234268abc9b7d86a37290937e8a88a8154927e1ec73744d4c0e,1764513592,1764513595,2088,97695,,
0xf2bd0a9372c9f44e071670c4021a1a0a794c5a7d1835dc2d2446b158a40ff533,1764513592,1764513595,2088,97695,,
0x13fcb1b8bf2365d56477e7da3731c9fdfa13ade530eeed46cff4c04555974c5c,1764513592,1764513595,2088,97695,,
0xf14bac880d2dc65776289e43d07d5656b0c9478d56792183b9554fc3335fd7d7,1764513592,1764513595,2088,97695,,
0x152811b7eccab7209d93de68cdea0c0e1ffa2aa22f477d13d96ab29d5a5bd1c4,1764513592,1764513595,2088,97695,,
0xa9c232094e3218fbd353b26491ae61e95fe7165b81874313f8a7610634e018fe,1764513592,1764513595,2088,97695,,
0x0b138f1b3690739482694fa9e0b0952475c030baecd79ab7cc99317cd38fc780,1764513592,1764513595,2088,97695,,
0x1d3774d899137278def5b79aaad0b9572ec906671b89777aa3bb7904dd83a85e,1764513592,1764513595,2088,97695,,
0xad88c604861dede88645629c09e05b0b73cd2a9a9df50508250286a1ce4e34f1,1764513592,1764513595,2088,97695,,
0xab6f63a6dbd90cec92a12df0a7472cc67a50b9516c364bb6c7b8d7e56ea9934e,1764513592,1764513595,2088,97695,,
0xba91253afbf62b004206c2ae00ba274422c09e33a96977d77a5676a96b7f41e2,1764513592,1764513595,2088,97695,,
0x755422333e7a00816554ec4a0b08dba6af67acf3223efc92b4c088fb1d244d60,1764513592,1764513595,2088,97695,,
0xb64aeb298f731a227527f2778fe82dc7063ecf532a6cd3ae7069749b04cea0bc,1764513592,1764513595,2088,97695,,
0xec91ee704d1b7f8816a78ceb5b3d4845e97d344b16c08b0fc0c1233876d15dda,1764513592,1764513595,2088,97695,,
0x8e3a4339fafa24d3c042c82f2ec58786a3a186bd98ff7faad9802b7e83aaba0e,1764513592,1764513595,2088,97695,,
0x1c314fa23e9f9838bca0187c04bcf5f9ef732407876ca8d6f6da831103f08322,1764513592,1764513595,2088,97695,,
0xa9d01a9571a9e2e4ec6218f6f312f6a7bbf81bbb3cc8164e6167ce11bf0a1199,1764513592,1764513595,2088,97695,,
0x9f4e93e9e10fa88296759d6c18c6ffef6463b0edc501f49abc1ba03db53906a9,1764513592,1764513595,2088,97695,,
0xf2fcaa7a6efcd74e717008b4a5b8a6914d439b49c1c192a2e885c28d200bd9d5,1764513592,1764513595,2088,97695,,
0x614dcbd83ca257c8e821b0635cf9d83df48c1ca9f32d8e3a819e4c636aa35844,1764513592,1764513595,2088,97695,,
0x94d3cb72b6c15ebe369b3b6c91f6201784d0de7316a71f37cfe1b8dad7a0df0b,1764513592,1764513595,2088,97695,,
0x59cc2c8e8a3e057022788ae7326a18f33395c88d7cd0dfdef5d77420999b1cfe,1764513592,1764513595,2088,97695,,
0x31f1b96140b26d8f6dcae2566faf937278cecffa681f653e7b60a1cf2d68fba2,1764513592,1764513595,2088,97695,,
0x7b75a67a398043567df21701263d43d7bb0f85f002097f7d88c1f9b7aed9585c,1764513592,1764513595,2088,97695,,
0x9a996047187d1901afda239dd324a5eedb3c1925210297dbb2ac6ccbbb8212eb,1764513592,1764513595,2088,97695,,
0xa34d0d5a4eaf9fc8e418ad98af16bc7e3c5adbcd0eb59cebc085ec749dc84140,1764513592,1764513595,2088,97695,,
0xeb84370c41ce8aba0f8736d00e6258ea083491b7a4fe50527f02885bc09f3474,1764513592,1764513595,2088,97695,,
0x474e9e1674b1d6a8a655afda6afc67bbfc0d25d3a72c3406077af187b72e11c1,1764513592,1764513595,2088,97695,,
0x7de5b3cb8b9b6088474c38751677c4b100cd57cafaaa451764dd47ceecf02387,1764513592,1764513595,2088,97695,,
0x4e5f4461b95d27bb47677c5bd07a8663d52e80a9a2665d4fa9e20e11da8db4d0,1764513593,1764513597,2089,108111,,
0x5691069f5f50a680eaf34d8b82a34a160aa9a88532e1d03bc676ee215b82abf3,1764513593,1764513597,2089,97695,,
0x3c78b5d8cf3a374dd24af271530eda8e6e43bdea904d1cee77f6a389933fc657,1764513593,1764513597,2089,97695,,
0x05422a648e0851e3e198a688d84a11aff4aa6cabf9e59ec3ae0a0383b702bf91,1764513593,1764513597,2089,97695,,
0x1bde9d65bf38b5aedffceebe92f48ec8dbf15ba729bc4fae712ad61f960da2f3,1764513593,1764513597,2089,97695,,
0x81f15f0d66b5de876e1a3e86d98b4c43e01907dc016ce082f3bbc43be5db9d21,1764513593,1764513597,2089,97695,,
0x942d2f7e3c1b0975c156203f697e047781a35618c15ccbc3d1e57e605966fbda,1764513593,1764513597,2089,97695,,
0xfc97f60d67c19d035e0916285087346c89df54dea1cc04f42b2b425993e157ea,1764513593,1764513597,2089,97695,,
0xc4aa585047c37ca98649da196f9e272c4318d83d565d4fd2c461bb357df55bab,1764513593,1764513597,2089,97695,,
0xbfb80c72287141d1105f4f53f0f6030d633f9966c30ee3fc40e88eff59db0ad5,1764513593,1764513597,2089,97695,,
0xbe4e87d5bd0a94ae647bab457f49fd6cbfc7a845ad5337c8c6dfb431cfc5363c,1764513593,1764513597,2089,97695,,
0x10cb7f3b81f14ebed62afd412b72eb1b54fe1c3ccd15b6dabc80a7c7e79c88a2,1764513593,1764513597,2089,97695,,
0xd8ddac28b12d2718ef6fc364e5584e223d47be5a2109d6ce48968108bcbd86e5,1764513593,1764513597,2089,97695,,
0xf660f24253cca158ccf977c25299f9affa1e995a681eac2133f8d19d4b9d0028,1764513593,1764513597,2089,97695,,
0x1b1a6645a29fdd25ee5e9d7cecbe8bf5ebdb49a610b2943b99b2efebaf685698,1764513593,1764513597,2089,97695,,
0xeac87d205451b4cf574e78636447c17f0f230408167f954ac0dded57e5d5f035,1764513593,1764513597,2089,97695,,
0x3bff22306b50364d7e1775dc266bb56905730d0b946d07ac4d10254392578b2c,1764513593,1764513597,2089,97695,,
0x3eeefa15f421922f809dc5733519734830252f2e04e90cd0278d62e71e90d28f,1764513593,1764513597,2089,97695,,
0x7c4dd993fe3d0ee587001c38b68772e2f10ea8b3539b58a43e83a64656500fa0,1764513593,1764513597,2089,97695,,
0xe1a2bb28020cd8283047839b8c490568ee0c02c59b64723dcf421edacc0597e2,1764513593,1764513597,2089,97695,,
0x9a3ffcdcf8700328ed8c00eb44049f4f5615e0533751803f165ac6b27947b2e7,1764513593,1764513597,2089,97695,,
0xe1f0c813f220aaa9d210a5d4b170b8c809d3f24702b5c00e1d0cd015b2304e76,1764513593,1764513597,2089,97695,,
0xcdea5d293fe87d3acdbc62c2730686f09e19724557df0ac8aa3fc578f2073cb9,1764513593,1764513597,2089,97695,,
0x60989b36b31b0346e7c6ee788de9511632674b85dfe1255b406f74890f2dd7d6,1764513593,1764513597,2089,97695,,
0x4de65e08955ce41244c1af28cd65f2a603a57ffa1336251f03d48f7b98cd6c58,1764513594,1764513597,2089,97695,,
0xab5989c4ccb7f158bb793349b7847871410bbe4f4022f50ee8b56e0887721abb,1764513594,1764513597,2089,97695,,
0x72a1f650852addf1b28e388f3442d68388e64ffd7c53dfd236112fce7482d755,1764513594,1764513597,2089,97695,,
0xd747fb53f52fb3564d1a4d08bf5348b0afc2d7a36bd4d29e4f025db1cd767597,1764513594,1764513597,2089,97695,,
0x0a0524ca84715b8bef65e9895954a53dbe2b4f0973110561574b64724e970d54,1764513594,1764513597,2089,97695,,
0x313a5a1912fecb90540916ec89ddd6ce249d9af2576fb1a23bb82182f874fcc2,1764513594,1764513597,2089,97695,,
0x2abdc6a11a2dfb8be916530253eb9874d24b4fcd7fcc33cc72e397f7646ee457,1764513594,1764513597,2089,97695,,
0x2f418eeaec4eec941acd45eb920a27af9cc0cf3d640d6ef9a03e27ca3f183a01,1764513594,1764513597,2089,97695,,
0xc2e18691f1d59d8d6975c049a6995cdd8d4e71e91a65554cfb6ed7b24f5cb408,1764513594,1764513597,2089,97695,,
0xf41aa3d10da4fefdf0571ed2cca69c6ff3bf8e3edc28d05777a5a4dc6321f7b8,1764513594,1764513597,2089,97695,,
0x09652a118fbdcac4c7008dfe9070618f9fbdc54492a312cf03a24b24abdf2f10,1764513594,1764513597,2089,97695,,
0xe6ff73c1c8c5d93a8f21dab64bfa5c5a5d5db8238a4acc97cea5bff8bf9566e3,1764513594,1764513597,2089,97695,,
0xac90bcacb3d327003e197d7c46261cb8481a99854c8bc281a53bf644dc019f36,1764513594,1764513597,2089,97695,,
0x5e1dce13586b0131b74cf08e7645894df3e44af6951ae04a2e8eb62abce8e897,1764513594,1764513597,2089,97695,,
0xc43c960b11e03959f6095fe6fddd615ba9ef72c8264e8b0b3c60a23d1de1452b,1764513594,1764513597,2089,97695,,
0x624a5ee9e43d195dee63df6ad8661bddea0673787b3e8caad67805a6c9b2d7e3,1764513594,1764513597,2089,97695,,
0xcfad8d47c1c2c5ccdd87111e8c11e8ee0e9663d843fedff144e485e8ac97be9b,1764513594,1764513597,2089,97695,,
0x532b64b53aa202be51283ada5f197dd6e760f925335b485bd95921f5ff623eed,1764513594,1764513597,2089,97695,,
0xf01e5007b3ff3a4aab29f02af783608444f5e99faf30e3f56d11b74e16a52d60,1764513594,1764513597,2089,97695,,
0x9cd4ea144278cf6ea20a69e50aef2b1fa02a25ca13900475eeb77889cb999641,1764513594,1764513597,2089,97695,,
0x779c3490d06ee0e5fcc3cbfe9b4b5ae9537651cee7eda98468ce0c295f9afafc,1764513594,1764513597,2089,97695,,
0xfa1f3a54667430ad4eefd420f42593b3f67357a2462d78818aa1ccc7475a9f0c,1764513594,1764513597,2089,97695,,
0x91c2a7b4098788eb6940ecb51ccdaeb4d54050d0e9f8416fd6bd5e4da7a94701,1764513594,1764513597,2089,97695,,
0xab98ea919f99dd43be2dc3027b86d4fd79c9bc8a605cba712fb6e3352956cffc,1764513594,1764513597,2089,97695,,
0x66f715d240ef267a9ac8fcc16a1c716ee4558fdcb189c49d45e4c4f27d5fdd18,1764513594,1764513597,2089,97695,,
0x41661f3c5e7d626deb05b3e35b9f7620f83ea245e1cd8b3b31203edca6e1a1d8,1764513594,1764513597,2089,97695,,
0xf9f8a067f346f849f171a33bd56e9753dc6ef2e43a5b590d79f3ea7a639b3ac3,1764513594,1764513597,2089,97695,,
0xe1a8b1a80ededd079e0fcdc4bebb0a6d6b371b9b884b2542544fc97662d584ac,1764513594,1764513597,2089,97695,,
0x06377a752f905cfbb0e064cec2816631da04399b9e90674f9c0336cb1c417e8a,1764513594,1764513597,2089,97695,,
0x7c1b90c98ee2695f47acb34a8c5bf0770726fae63b5ae85d7b44bae8e082e2ec,1764513594,1764513597,2089,97695,,
0x8bf56da7cd00e09b1fb85562db894d990b8e625104155511a99b4e3b2823ebd0,1764513594,1764513597,2089,97695,,
0xd112ee9838979f5204b92372c122452409c3e9e9a2b3271e2169c63c3210ba74,1764513594,1764513597,2089,97695,,
0x0450ff26f9d0bce31719ce787826170f8b83e82b25b9c7af40d8a38080ab4f65,1764513594,1764513597,2089,97695,,
0xb4bb2752b19aa3d4ee90311e2ed66ca04ae1da5c35fb39a869df73d31c3a273d,1764513594,1764513597,2089,97695,,
0xf960d63b06a265b1d304404626d49766da91959fd4f67d7420251587435d1b9d,1764513594,1764513597,2089,97695,,
0xdf20d196afe2fefc85efc84cc00ee1137a350a13f64f701dbdeefecc755d4539,1764513594,1764513597,2089,97695,,
0x7ba29e3b87c8f3a83f786c1bdb0653a82633c8bf4dbdd182f3978b76ca22b80d,1764513595,1764513599,2090,108111,,
0x1f959e279fae4fbb3ed9298277e0e893477b37e8cf219e8b8c8573a4ed701059,1764513595,1764513599,2090,97695,,
0xb042f4fa92b2805bccc38e14f074994b61820f4985f4d67cf2fef5c5996ecd11,1764513595,1764513599,2090,97695,,
0x93a1d6122242fe14c29c9ad0d0cd97d9987303a1ca3666d9f6601b9276e0b8ca,1764513595,1764513599,2090,97695,,
0xaeb6dbc7c024e65facf7feb77729c4e484d149cdfbee3f8cf8eb2358a36ba4e5,1764513595,1764513599,2090,97695,,
0x276f96b82cda14aa57d4fc15b863baea63215fa5ed8c5a64d70086229f352dac,1764513595,1764513599,2090,97695,,
0x90e9cb874f6fe72a86ae9b5999766d5d4a17a44efbab53441fb05b744347fdfa,1764513595,1764513599,2090,97695,,
0xcd0825c2ec861bf2b9bcde8d5e15a869269bf66f01ab5fd49d418d89828f25bc,1764513595,1764513599,2090,97695,,
0x4b3e5b8cd62b4927dd14334efaa89211465aef49e532a5848b50ca2278f8ed60,1764513595,1764513599,2090,97695,,
0xb33ccfb96be161348e331473764f397ef0abb9eb6a8ea85ae974632c0e7acb89,1764513595,1764513599,2090,97695,,
0x3b8b034534c3f3472404ad988945bf54ed0ccd43793de7ab29f77b27f2876bf4,1764513595,1764513599,2090,97695,,
0x70289c68c9df5e2aecb0e7c2010e6fccb18adcfe961eb2e3ddc3fbfc81841c66,1764513595,1764513599,2090,97695,,
0x602bb95ee6470d1a372506f53436a2252521e52a04652cbf7c07585e3689cb5e,1764513595,1764513599,2090,97695,,
0xe4fffd4dd97abe46e113393f70ae93845aa8131b0f5e1289e3644ef37eb9bac5,1764513595,1764513599,2090,97695,,
0x7946f9f1f490fb358d830466fa316f3bb6fee80e3afe843e2c2775da8ac55130,1764513595,1764513599,2090,97695,,
0x97f2f0390d49da3fb2a9bee3edb1c26f4ae0cab60decbfb791aea9098c1cbea9,1764513595,1764513599,2090,97695,,
0xc1765aa042b212640b39cf041466853f055c04777a71a0d0bb382a2d35284303,1764513595,1764513599,2090,97695,,
0x720089a6f98c34a5db4f9a6069f7fa58c541131ecb09b302be92b92c6db9c01a,1764513595,1764513599,2090,97695,,
0xf0048349ce8ae9ed084fd0332776631b266a6b5e6149148f11319048d87ff4ff,1764513595,1764513599,2090,97695,,
0x326cacd3dc38e2518098e778c33220c44e7ed740db9cfa1cee373cf6ee54de7f,1764513595,1764513599,2090,97695,,
0x702128fb1610fa45e7dbd6586d8694bb0eb2b96825f2c2e5495d7b904f20d6fd,1764513595,1764513599,2090,97695,,
0x32eef54486d9aea3606e8e4b7237767118440e769bd6db9f854a169ee2e897b9,1764513595,1764513599,2090,97695,,
0xb6a1c0ed48076fdafc7ca68de1342b56789ac457173a24c7b9fa5c57dbcdc06c,1764513595,1764513599,2090,97695,,
0x5034fbbabb09548069254881c8789e9f53ec4f10cd4811a77b27804162a52423,1764513596,1764513599,2090,97695,,
0x8cedfaeb334bdce0690366a418d6bd6e29c8bc6334442a4bc9568efe7e30b8f6,1764513596,1764513599,2090,97695,,
0x112537ee88238d63df2c7ac54a370b2b9fa77d2922efcf663af35a9ff721a2e7,1764513596,1764513599,2090,97695,,
0xe5572dcc38471d6028afda0d2186ddc2c98d82dfcbd43b785efa3c76764de8e0,1764513596,1764513599,2090,97695,,
0x4440f4f7770299008560f072f1c39ec5b537e7dd0e031ee78cc9ce7f030f5842,1764513596,1764513599,2090,97695,,
0x9b6835e1a797464019a89d1d8e8a108fdabb8ed46aaa0af3de313b20ce1f0781,1764513596,1764513599,2090,97695,,
0x98b832556911eec20a785dc09f453b1ea915d7fdfd90c631b451ea98c1ee9936,1764513596,1764513599,2090,97695,,
0xb8683bc39c6274359a66793084d1e385c7d5b8e494a2350531ea4d13985ff296,1764513596,1764513599,2090,97695,,
0x9beaac251dc499a009a663c69cc59c11454e991ffa74a8a2b62a03060bd77b31,1764513596,1764513599,2090,97695,,
0x07cd5519a3e6a2ff4538786cf370d15e36cf41101941c1934a98402d0793eeda,1764513596,1764513599,2090,97695,,
0x293e55ae1fba7364e2793634db394d37acb9a8d783c1cd89e27d92d948f4c867,1764513596,1764513599,2090,97695,,
0x74cc07afea239995e242546b1fe5c2206279034a9b19159034347e08ba78e77b,1764513596,1764513599,2090,97695,,
0x12eca7193aa89f9a47369c20ff3b011a59cf0a8f5bdd1af0a61cf045b32859dc,1764513596,1764513599,2090,97695,,
0x39f3c490b6c2167a97f9e377fec8c97d006d90267ca10b32cb1cf89873b28824,1764513596,1764513599,2090,97695,,
0xb75bff8ef5288152a31479ab614f2c1ff2bb023dc5faddc78bff2aa98ab8d0f2,1764513596,1764513599,2090,97695,,
0xf77e2de7ab3a88add7d0319707186253bea65ba4245179313453cd8e030429b0,1764513596,1764513599,2090,97695,,
0x65602027135085e7f4a2c7baa7b4df6a264d49d06f7c87eab3d46aff09271771,1764513596,1764513599,2090,97695,,
0xe3816d3d96c30c3da8005c9c97673dadd3c02dd040d90bb1a093b91b36383efe,1764513596,1764513599,2090,97695,,
0x0d522c32b92df0f2a31bc8886865a30a7c80540df84f7627b978e34d2078ef63,1764513596,1764513599,2090,97695,,
0x94e6193f8b3c1fad2cf8914fa578661d77f3d2e01e19151b2c6c50cf195fd331,1764513596,1764513599,2090,97695,,
0x936cf1d99221d98edff89a2d81174718531d96f34d54700d2c6b02e8c6ec564f,1764513596,1764513599,2090,97695,,
0x6a162f3f625ce5d05b5588191213b5ef027ea21e0973d46ad139cd2d326004fa,1764513596,1764513599,2090,97695,,
0xa2811feb91e73c7d246a0e20620716f4a4781ddccf95ab3ee122aa7f1023c24f,1764513596,1764513599,2090,97695,,
0x3b3605bbf6fb5d70ad696a8b38fdc1373da22d0d928045c6e4b0a20d7408910c,1764513596,1764513599,2090,97695,,
0x234e2107fb0429f50ee85cd242b8234585b0c5d89735b189330a5a1171a18e15,1764513596,1764513599,2090,97695,,
0x1ae7ebd3f561cb9d04f4b1bfece5c2baefd6b1581cba3aa5e6b84e3d2cb51fae,1764513596,1764513599,2090,97695,,
0x442b1d4a6228fbcbb2f36c579afa8cc19c350009230eb17ca0e01eaed382550c,1764513596,1764513599,2090,97695,,
0x02e0e491c29835906f9ebbc2100242695c4144342958b77a47677897b2a88d13,1764513596,1764513599,2090,97695,,
0xb7d71fedac992967d470f6a1827b132239d340f5353968b068485534e2a14162,1764513596,1764513599,2090,97695,,
0x9b6e670b44fc76a9cd9480ada21b81cb588aa15a41d9c7eb469b26214fcd3a70,1764513596,1764513599,2090,97695,,
0x3a2e2af99195a954f92ccc6f760a90a7cdbe52bf07c31a91d535e4036afe1199,1764513596,1764513599,2090,97695,,
0xcb4dfd893e77acef6d2ad463f0c8ea5f8b6674966253e72927a13e254370f0cc,1764513596,1764513599,2090,97695,,
0x104e3f0f194012456340cee8e5674c4bfb7a5c8ccf7bee469b079b8498550b31,1764513596,1764513599,2090,97695,,
0x584aba3969f0448372a30df8cf8fa7ecbc92df0742691cc088e6511d25a5a606,1764513596,1764513599,2090,97695,,
0xc94199f9282651230a72a0853438f8a4e95fcb83b11da69862b25c7c7f215ef4,1764513596,1764513599,2090,97695,,
0x2d216955bc53c7f026808395faf94b093b9c635849a7fe5d902846e60c3214c5,1764513596,1764513599,2090,97695,,
0x40027329dce7dc7003fbc9c5b28bd3d34b8a7497a02b974ff2371b841f903592,1764513596,1764513599,2090,97695,,
0xd8dccae06737c48be7eece7d2e75d6fb9bc95f09564a3ca679cc213701c91912,1764513597,1764513601,2091,108111,,
0xa1253c1a4b4ea30142299cbf28d4a89e9bd3e50da8b38113c0a1a0783d897431,1764513597,1764513601,2091,97695,,
0x973a2855ae941d27af749abfcf9bacf9057418197a9a3f5234a97c2e9488b219,1764513597,1764513601,2091,97695,,
0x44c131e23926807e54d87314aabc6884aa180307766ab08e23aa73b46bc982d3,1764513597,1764513601,2091,97695,,
0x741aea3f77163434417c77eeb32dcde5776e854876afe11fbf2710c5e33ba1d8,1764513597,1764513601,2091,97695,,
0xf5f4ae66cad2ea6a7c3f902a68df13e42aafdd78382b2a2864a9e6f22e54938d,1764513597,1764513601,2091,97695,,
0x641cd411955f80fc14c1d445a92eed256e09485d30b8664a26166a614470f692,1764513597,1764513601,2091,97695,,
0x509865d794017c8f2f02ba3ad2922d1511f90ca858008880725095cbdb908219,1764513597,1764513601,2091,97695,,
0x3044b513f8b1921a05c26cb3b5f35fe356492006d0e128ff4d58face212f1951,1764513597,1764513601,2091,97695,,
0x34e863eda480558ebc6276d8d58647f97f1708a35089d05ce1829692687fa9f4,1764513597,1764513601,2091,97695,,
0x7e38bf10c59da817c893c3ba9749325499c3aa8c2596b08d813559f1d6e2faa5,1764513597,1764513601,2091,97695,,
0xca88330d97b497f3cc49b890a436ebdffe5e874c0a533f75660258b26cf8c141,1764513597,1764513601,2091,97695,,
0xde6b65c4d62e3e4c4f43768b0d5abaf6689ab88104113db53034e222653d0e3a,1764513597,1764513601,2091,97695,,
0xd27b5e4e49b9304adc2f4946a10cd813d0949e3653266036af4d782b24aed0f1,1764513597,1764513601,2091,97695,,
0xb28086757591b7157055be56b0fc6e7a7584cf0d8fd2245889abe998c762c10b,1764513597,1764513601,2091,97695,,
0x4673f3dba4155acbd8e266dd818a71819810250de129b2f53c5bfed3ff46f9df,1764513597,1764513601,2091,97695,,
0x0e08199767ae39a0a2640666ff46aba2e4d206852e61a9e77b3b2e1124ba7818,1764513597,1764513601,2091,97695,,
0xb022736beacb2930bb0470a13aee01b1c3c51a0e45e966db854cb71c714d13d5,1764513597,1764513601,2091,97695,,
0xfcf2d2cfd9522332e55736e8e5213bf1f47dd681be9f0ae1bd1d0633ccbf3d90,1764513597,1764513601,2091,97695,,
0xd9006593d2f74f6f494dd3c5f2dfa51f99fed465aeb36922f69d27314443fac0,1764513597,1764513601,2091,97695,,
0x748b03e59ddb7e071129c6091a293698b8643014a12d32f9da046ff3b7013b56,1764513597,1764513601,2091,97695,,
0x930d0d45edde62e4f1caa25cf5308bb1ad85cb81712dc404afbcba0f650061a9,1764513597,1764513601,2091,97695,,
0x7181dcc948d308c1600a21665de831f533d7dc485055cb52cbadc6fc514bbc45,1764513598,1764513601,2091,97695,,
0xa7610c50cac5c3b045ae042c182191b38dafc1379367df802aa4025c6a3bd249,1764513598,1764513601,2091,97695,,
0xfb49f21064fca073a138494c9169f757a59212573c9ff37bd3acb4ddcc979f18,1764513598,1764513601,2091,97695,,
0xa7fc283dfa533eb45e5eed92397e7f87f877bef4caff2eecaeb368eb34ed400f,1764513598,1764513601,2091,97695,,
0x83b8ccf53da0e6eb18f32b438bc3e1eab054e1e3dab829d3f1acf44f49503947,1764513598,1764513601,2091,97695,,
0x83d26862a0e3c8f1ccb7d1c6ecea9371d46ce731a0ef4ae90dc9f3d14fcf3b7a,1764513598,1764513601,2091,97695,,
0xd551a461be0f959e3894c2424915bd05c4042b9b35d6a8f09b24ed9e14bbbc5f,1764513598,1764513601,2091,97695,,
0xbe7e7f59c69c09bac82a0499713194a9f360fefd39172f8d6c700c5f32eb5a4d,1764513598,1764513601,2091,97695,,
0xcb802596cece9b058e677a644dab0173afda33f293f38d852f34de5945b3d16b,1764513598,1764513601,2091,97695,,
0x72a42df196d7c7fd22168c7082c60292a6c9a7f92a4b184a21b4f0bd1910d842,1764513598,1764513601,2091,97695,,
0xa9301ef3315d1d38a46460fa830b58970dd723631e6d76cb3378a166d9837196,1764513598,1764513601,2091,97695,,
0x127cd60e9e7782827e19db376290fee29b7f23cfc381a5396c736e3510ec022f,1764513598,1764513601,2091,97695,,
0x4ca780c9a88abfef28a9411001fa9378ad9f18afc8888f11c996ca9c85e393e0,1764513598,1764513601,2091,97695,,
0x349130ba3d37a6db886a2959736fa306505781dd55feb53018009dc9fd435e75,1764513598,1764513601,2091,97695,,
0xec6242db4431ee24dd514b63746658bd0d4f7ae44eb6f343af5c331dd5977b03,1764513598,1764513601,2091,97695,,
0x3268df5b966fe791d6689712c31e00caad5258d4d4530fd8c44ca822b9438c3e,1764513598,1764513601,2091,97695,,
0xb015ac69d7f01801efbc8725f9b1ab498b9c7ace717a95f0bb9d653a9ecf2003,1764513598,1764513601,2091,97695,,
0xfe7135078b83ea396cb6de88ed39ed5bcdc66527c6285b559fc4baa452fd734d,1764513598,1764513601,2091,97695,,
0x2b960dfad95524166cd2a02df4363811318a591a430fdae71713135c41d411fd,1764513598,1764513601,2091,97695,,
0xde87f92399cef81ddf518dbbd94d5f7969bf0b58065d886b218a7daf7210261f,1764513598,1764513601,2091,97695,,
0x34962291a41cb646825fd33f01d33eeb4641407bc24583c00f68df9793adb6e1,1764513598,1764513601,2091,97695,,
0xe88a196d9bd0099f9b5298451b19a8b504576575bcc7a8e3d0b6e94ee81faf02,1764513598,1764513601,2091,97695,,
0x077d8ca45958773d466b6a04e7ce592abbccc53af41e4664f8f150d913c06dfc,1764513598,1764513601,2091,97695,,
0x644d6896a119379808ea545fb8c76ce3bdb2cb0b22a49ddfd8ac0a51179b1e54,1764513598,1764513601,2091,97695,,
0xe1ecef51c39980cb31bfe97eda8f6429b79fb5bc2a380af5c10f28e5ff1635f3,1764513598,1764513601,2091,97695,,
0xf998cea2025f429d7be71d72a9669086afa3a35fdbd0a05057169447e7ceba83,1764513598,1764513601,2091,97695,,
0x093d900ddb040008d867e81de3e5553a142b443361d49b5353ab47bb72ecfd9e,1764513598,1764513601,2091,97695,,
0xb76fce6c45c480bceaec5afc59ce2809af592f046feb3e2ceb012886e6db04f5,1764513598,1764513601,2091,97695,,
0x90ee60179cd81d087f0d6316efdecfb2a5f47081326dba211fe663bbc2315d39,1764513598,1764513601,2091,97695,,
0x17f3cd0c02a124b79babaa13547cda229c51fa887e387620653b04c103360283,1764513598,1764513601,2091,97695,,
0xa9a1eabb1e868cdcdecbafd4801dc4b2f6496ddfdfa6f9a974ddc013ffbe94dd,1764513598,1764513601,2091,97695,,
0x2229d03a5c88b0384110a1b4cd6fb0884046c26d95c9d18c929d613f3886b725,1764513598,1764513601,2091,97695,,
0x8560fc29989e35700bfdd42b32aef9feee6f49ad37c8ee1e15acbe1c1d9c474a,1764513598,1764513601,2091,97695,,
0x8a25537ddfc426ba556c3ca52ed23cea829fb5ea28bd4dc03a57c041840bc008,1764513598,1764513601,2091,97695,,
0xc7b4dcfe135db1265dbce7dbe47ffdd0c2e6ddef33a10076f6622dd9f7eb0ab8,1764513598,1764513601,2091,97695,,
0x113eff4d9a8870e9b73d950794b2526657fad7822bb245cc7d7cb654e5165398,1764513598,1764513601,2091,97695,,
0x66cd22ebf4d65bb3713d583a042137b06b0522f07b028451071e6393d811a5c6,1764513598,1764513601,2091,97695,,
0xce32b8c9f5652a9a4f3d28bf8a0655b7ef89d959f29c00a96826a20750acfc6e,1764513598,1764513601,2091,97695,,
0xbc5b8021c6d1255f01321fecc96c516702348bfb338f7ec8ed03af21119e349e,1764513599,1764513603,2092,108111,,
0x3213842d62fe632cf5564c4792de955d61d1949a83e479451389d5cc21f6f9f8,1764513599,1764513603,2092,97695,,
0x41fd8bba46abc1b296403faf7ffbeabb7568d3e52af2208067a5e72178f117c8,1764513599,1764513603,2092,97695,,
0x40432fc89a6d4722e4fdb529c5bdc684eb075dcd39422797f794fdb5cae236a3,1764513599,1764513603,2092,97695,,
0x01c4a4999810e24beb21440d0761dd9bb6519f8498ce187ab3a9789accbc7691,1764513599,1764513603,2092,97695,,
0x480e9db43892c6280fa2b53c0ce834f746e6148ccf602d81416bb23addb2ce3b,1764513599,1764513603,2092,97695,,
0xba29479b042933fc215cc55613ef1533cc0cbb7cf123dc8b0dfe9bd9505009aa,1764513599,1764513603,2092,97695,,
0x9fc96ac871b9e2be153533a9cbd20b67405f190b61a7de619573d89aa048a710,1764513599,1764513603,2092,97695,,
0xdd942a168c933015032301a54ab5f2df46d72c78f95f25a1cc46a6adc0fd74f9,1764513599,1764513603,2092,97695,,
0x5d4f57ab08552f425cd919bbf76d61b8745e2a0829c0cb4c0acf93b1cb146b8c,1764513599,1764513603,2092,97695,,
0x48f308b81e87b238637d7b4ea3e99f643f2d090346bd437f2fd75333c467e262,1764513599,1764513603,2092,97695,,
0x1201e3defb394b8733e9f753502ddf28f1d76a38f2f9c1227e7c6dc28861a859,1764513599,1764513603,2092,97695,,
0x565590a326fea96f177dab4f6583b3857da5dc974ebfbb8909c9e5286205fd97,1764513599,1764513603,2092,97695,,
0x9f92b8c85860a19e80a5ec283a82ca214d8809f76f86c6406f6f9a99f96a4803,1764513599,1764513603,2092,97695,,
0x987cdd043a78d8ccd03ecf5e74ecb6625ac6c85df345014b3e4e308d7e7be06b,1764513599,1764513603,2092,97695,,
0xd4688fbf66209a8cbba9bfcf357887f1e422f675a6ecb8881e93d051afc58f93,1764513599,1764513603,2092,97695,,
0xe99d737f953b921bcab00ad2938447b60c5829f8e250795b59f2c1abdbd89c15,1764513599,1764513603,2092,97695,,
0x2f0874126a63e26c7140c195d306d66fc73bbafe3f2ee89c0bb8ebe669b7ce17,1764513599,1764513603,2092,97695,,
0x2b5429e92200e818aca72d38ad90c2923056a61711b36d695373ebab22bd1139,1764513599,1764513603,2092,97695,,
0x41d51706982a4b96c7ab001f2a7b560302b66ba91175addbcc0e3ea874ddd5b6,1764513599,1764513603,2092,97695,,
0x5ffc231f96a6d5ecaa302682d77403e32a0f5de6058f5e59c9aae4100a4d9516,1764513599,1764513603,2092,97695,,
0x7542d16be5a6efd0940e7ab6ee5de9365c18a7300453001dc2d0a5afaf680ecf,1764513600,1764513603,2092,97695,,
0x8056443c961c3fd7ab33c0d9e6f0480b4630bdc15fb8bccb5e08a065fe777a03,1764513600,1764513603,2092,97695,,
0xb83023ab2efa7a788ddb49a0d1ad9a8e02f8e736078db3fd808bbd3595030445,1764513600,1764513603,2092,97695,,
0x5a65ff3bdaef1162f5d413c5b47acd76dd10aeed356155db3b16ab97e8ddcd24,1764513600,1764513603,2092,97695,,
0x555ad622b399597f23614101ec31b04460968c97680ecdcd30088a30e1c125db,1764513600,1764513603,2092,97695,,
0x4fe170524f9cf4d4c3c1ff69b7220b9351dcba437fc2dc7945d4ef6f5eb24136,1764513600,1764513603,2092,97695,,
0x7c77fa3bd74de1a866bb241d34e0b506c7077fed2fcc3c52942339a4452a9730,1764513600,1764513603,2092,97695,,
0x62eed197fbd888926fa0d482a6a0a66179006f013dffe9a93306d2b1af8af15a,1764513600,1764513603,2092,97695,,
0x8778464f9db6ab1742666d118da0faaa0cd424b160a7cb605d1ddfbcd5fb38f4,1764513600,1764513603,2092,97695,,
0x8baf94aa89d697f2a7a1dacdf55599767c0adaa224df7afa6bcb025722004f5f,1764513600,1764513603,2092,97695,,
0x2756e4f6d208d5850ffcd7e39bda810c2e61530385b962e801f6bd9115e75827,1764513600,1764513603,2092,97695,,
0x6b5841349d2a59c50005bf4dcaed6bbf65b0d402b3256bf0281b46b25c483089,1764513600,1764513603,2092,97695,,
0x55f9ca7eabe1c2e3567715820c2aa5121e6b6848a0d4f9baa867bbf3943c63e6,1764513600,1764513603,2092,97695,,
0x46d4a6d3691e7ff82da75e555a95fbffb9db6d7f5168e205af68a60a9300c5a7,1764513600,1764513603,2092,97695,,
0xaee423351acc091f3baaf4e05494290c28dae2af02530f6876b9a2f75dc61b04,1764513600,1764513603,2092,97695,,
0xc4790ecbbb9e622b523df806296af7bc753ed256eaa5939a96c5be8fe8200ff9,1764513600,1764513603,2092,97695,,
0x5d4a4cf2af8a9c97ff5e0029229424430f6a1824b2e07e4858aba0fefc89baa6,1764513600,1764513603,2092,97695,,
0xbeced6edb6bbb36cdf70c4bc3cc8bc154436c5f9f3019a8ba12d462080bc36e2,1764513600,1764513603,2092,97695,,
0xecab90e8457ed2b72af296415091ebf208788d94c3c1bf9b9cb7d2650c05dac1,1764513600,1764513603,2092,97695,,
0xfa1ca6c59986b504867107d4c5db7b0b61470bfe45c0654264782110ad13eccf,1764513600,1764513603,2092,97695,,
0x2e201bcb4279153af879acc7890a55882f51db7d10c219da5d68925cc8ed927f,1764513600,1764513603,2092,97695,,
0xbd0ec7fffeb78510c649b19dbd4ea8a79c7336306449f004e52c1e5ed719f54e,1764513600,1764513603,2092,97695,,
0x769c1bc0b382f9aa353780e74e4da08cac89d62567ed40f77925d896d39c5542,1764513600,1764513603,2092,97695,,
0x519459417cc80fedc11a6a8bcb226cd20712bf93b606e86b0f3dde2c6be8853c,1764513600,1764513603,2092,97695,,
0x64913678ea77ad6def2204a220d12f27fb1974fe368ac467ef9a2150befc828e,1764513600,1764513603,2092,97695,,
0x02a8a8c4aa7fc6fa4afc0139a01f247b550024c65ba187409c528ff84e08b86e,1764513600,1764513603,2092,97695,,
0x332e514510227c20f3ea82efa3ec4e2eb7645938b7488c8148d275543f6ff4df,1764513600,1764513603,2092,97695,,
0xe984277695fec60364985fea64455076d5ce3a18bf997f20ab52a5838a2f5b8a,1764513600,1764513603,2092,97695,,
0x3a54b076b687d48330f22757406e349a1498ad15c0d9284514d1c0efdd5d9792,1764513600,1764513603,2092,97695,,
0x0eeeea020932a2089ff3297171d0e088899517216e791c701992557b60e2518d,1764513600,1764513603,2092,97695,,
0x0c8715312483201a1e760a83680a7e654c03085cffd93a3665e26949442b5754,1764513600,1764513603,2092,97695,,
0xc9320fe7b2d83dd5a10ded8c0a2decc7bf4d9364f5cbda8a60041cb85112cc87,1764513600,1764513603,2092,97695,,
0x49298218bbd9f33f50b43396eb3ddfaf610ccddc18be46bf8f8b5d113b970333,1764513600,1764513603,2092,97695,,
0xd26681a669d573313f02523b54f54f06be77b816170000205f0415d3852d2936,1764513600,1764513603,2092,97695,,
0x13ae116927cfe30991b742f867802183f914b2445a15eb0576b0d6f33fb5167d,1764513600,1764513603,2092,97695,,
0xd507b642564f67e30478ebdee0f331ff7100eb8d71538cc725cab35e2c381be3,1764513600,1764513603,2092,97695,,
0x0e25d9ebab53ca26e0e6788e3aedc2a322fbe6a1f384f9f684be94824cd5d4a6,1764513600,1764513603,2092,97695,,
0xa9411f9e30147624e786be43ee428493a924a9ecec38bbded055946ae91c256e,1764513600,1764513603,2092,97695,,
0xf73d0b6a217cc028383a3f76cc10ad4f9715aa4a523755854e5a26ec96296f3e,1764513600,1764513603,2092,97695,,
0xffdb0aa495f6088a9e33b43f7847ebff177d36c2d3ff3da1c905f9d1ebc754f3,1764513601,1764513605,2093,108111,,
0x369634a57b2e3c7ae432fdecb47fedbadc5e495bb737f57e1ecbf9667d0edd66,1764513601,1764513605,2093,97695,,
0x83392326b4b1b4231aed82bbd6f8f44e4001908bce8da266f058a7f657857ad3,1764513601,1764513605,2093,97695,,
0x3661137b46788eb23b38481660c6a9f3b3a76756da44629e8c55804ccafc2bea,1764513601,1764513605,2093,97695,,
0x227be77a0ff72d4ab6283c70ab08d28c6bc47e9ee48cf3da33d1ed5c12a40ecf,1764513601,1764513605,2093,97695,,
0x147aaf01465b7f8c4370c337aa6708165171a4f5b9749e6db11ec683d875688d,1764513601,1764513605,2093,97695,,
0x18e66157167772183deace43235817d2031cd7882e6c78829fe4c12ae53d1d11,1764513601,1764513605,2093,141992,,
0xfa4cab4be0f80f40f01e991e778ef3a3d4e32c2fb0d10f2355c79f2dce3380f1,1764513601,1764513605,2093,97376,,
0xd5da38613637d8e05d13e1833cfeaa417058ef9b81c4e93f35a0ab73b43df5f5,1764513601,1764513605,2093,97376,,
0x928caf0c7c0a79207d74f9fc2ce4604b4c7146855e8bc56faa90a88109f11dc2,1764513601,1764513605,2093,97376,,
0x78a1af7cc1f15df60835d5da67a60446bcb2eb1a85cec90482b8de3b7478cef6,1764513601,1764513605,2093,97376,,
0xadb310653200bb383f5e5e32f4aba76c840590469feb3f8c7200d424df096309,1764513601,1764513605,2093,97376,,
0x2954eb2e08d27455eb15d79592614250f9bcae98c0c5e02bab41c818971f6579,1764513601,1764513605,2093,97376,,
0xe598bd7a864e172a7e9fece526188a4cd4a61dab9abc3f3342c187ade3d96ff2,1764513601,1764513605,2093,97376,,
0xe3462b6cbbafbc286eb0b3a336bb07a01061780e49b6c5ed49f89e8d44841f6d,1764513601,1764513605,2093,97376,,
0x2734b8d150a1a671cf1875bdb57bcd3c83d2813c21c176b01402277256f35183,1764513601,1764513605,2093,97376,,
0x0a653efb0d5671354743bbd6adc6c77228aa34c22f7c291f33238a2e8c077c05,1764513601,1764513605,2093,97376,,
0x8426a3c29d1095276b071caaacd03da5cd2255a591ff78ac5dbc9abe90c16a64,1764513601,1764513605,2093,97376,,
0x369b75a8c39fb45688385c4cb76d0a2e2ebd2f56f6ecd5dab1f4dfada9e04fe0,1764513601,1764513605,2093,97695,,
0xa896eca91b1189543997dc29917caafc402764f4c938957e339a9b51a34f3d12,1764513602,1764513605,2093,97695,,
0xa0ab11ee66b797d3b39b093d87bcd1d1e1bf95360c831cbf1acd3a667fa6c2ba,1764513602,1764513605,2093,97695,,
0x7c8e83edce1d54fab41209548aa6944b32532b97a71cc8c0bd1092b431296b03,1764513602,1764513605,2093,97695,,
0x3f9ff5a660dd1669d75130af747a510d0ac4910ce189ceec6d0a17880513a4d4,1764513602,1764513605,2093,97695,,
0x1dbf397d0e35338c27c198acc664675f9508e3904da643b21ca155efe949dc85,1764513602,1764513605,2093,97695,,
0x0aa9881952457df02024d831f5683d3f145e1675cc0fb6a4bab724bd018e5750,1764513602,1764513605,2093,97376,,
0xf737cc3815f2716784c5eb83022c9f5f166aafb8509c2ec1cceb935511db1540,1764513602,1764513605,2093,97376,,
0xeae96504e20b301881c55c0422479fd9a7c626403a20addc6158c4c5d2d13008,1764513602,1764513605,2093,97695,,
0x1d92c886ad48426820900b0a8d339f11e69bb5853d062952725f379f1d09ae55,1764513602,1764513605,2093,97695,,
0x42175c603ee19f2acbe14aef3adc9582d9ed332d9fd1904e88737bce08d157c6,1764513602,1764513605,2093,97376,,
0x00089b93519be939e5e2437171de031bf81dc8c024eccfbd29de3815756d0f7d,1764513602,1764513605,2093,97376,,
0x11614825481ef765faa34d817332a6528359003e79d32b30926e197f0fdf4128,1764513602,1764513605,2093,97376,,
0xb7b8b22297df18e5b011ff930af880767d0972e75e7698b91d871652294202d5,1764513602,1764513605,2093,97376,,
0x649ae1ea10ecf045ad9034945322f7ea3d28209c2e930b3e664de0286499a7a3,1764513602,1764513605,2093,97376,,
0x68f8d90052847aca2f38dce1a8b53827a8d4fbfa73a7c4a5f7bbc2a8a4b44b3e,1764513602,1764513605,2093,97376,,
0x59f24aa76cb7ed365a5492e4d9b5e228f97f75e016cafbe2b15f100383b5f8db,1764513602,1764513605,2093,97376,,
0xea146ea8f965dba6dbe9264c04dab8904f9fb986bda9da80fd41672a506e7778,1764513602,1764513605,2093,97376,,
0xcd9774966e1af1581926bd0fa5c1410923855251e7d4d40ffd783777f91e45b6,1764513602,1764513605,2093,97376,,
0xd00df9f93448ec43dbbf1c2e9074dde86db8d21c085d5ec2f3a0a0e2cf1eaeb0,1764513602,1764513605,2093,97376,,
0x6cb3ce774fedc97e77e96e3fbdf1c876b96070ec1a3c0486bed5793ac6eef524,1764513602,1764513605,2093,97376,,
0xb2e5c96989690c8537b581ce873114372a42cdf08f08fa6a658e06df60807520,1764513602,1764513605,2093,97376,,
0x8639a7ff6feccb5a0f1cec9b8c1f996b7b754cef6fb547ca2ea8e22ee6ff38c0,1764513602,1764513605,2093,97376,,
0x9d8312a27a7709fb8e64836f89b9a734e995c6620f23cf53d8139086d249162c,1764513602,1764513605,2093,97376,,
0xf4786b1a693f45e2b9b51b90335eec1167c9833b83d1f7c05b4dd6c926d096c9,1764513602,1764513605,2093,97695,,
0x9fb5c444315724e5eb4abee0f99d198002169f65d914adabe0094cd1c87b3406,1764513602,1764513605,2093,97695,,
0xc37196782304866ac43c292b9e63e4e9efb0e13e1f35e86e9b1fd6e1a6bffbb6,1764513602,1764513605,2093,97695,,
0x8695a5ecd0686395e0806bd4fb10a1cb257070a8e58b19af27f1b902fc18ed26,1764513602,1764513605,2093,97695,,
0xdebe000fe1cd8f87738318b7a31b4ad87d8279104d23009f69fcbf1f544a0cd1,1764513602,1764513605,2093,97695,,
0x51532c0e97669e8d435734de824a7d22d5424a28a86f714af28910eedbbcbbce,1764513602,1764513605,2093,97695,,
0x10fa981f941a63401948ec2e6c6c5f8e31d5fa6e72897b7d4fe370ef07bfa056,1764513602,1764513605,2093,97376,,
0x5f0757f9faec7b07c20473b5d6fa01d114702ccae93b939b0344b0450874cb18,1764513602,1764513605,2093,97376,,
0x71f460fb3e6bfb4010404d393bce261ec52ad6b21ba750c088a00acaa33931a6,1764513602,1764513605,2093,97376,,
0x207c2170596e71569610e6f16715d63c21d662d08a6e34b1ad744b88d45b7c97,1764513602,1764513605,2093,97376,,
0x7a2b28bec36a5d3780a4d225ed50454162923e47c62fee1637dc9477d32beebe,1764513602,1764513605,2093,97376,,
0xfeed581a79a3de017703ddb75eaec9204c5615945f544f133bb2fc4c365b1716,1764513602,1764513605,2093,97376,,
0x861612819c57c91d048cdb16c5c409962c4a5d3f3fe08d3da7c91ade6da1009c,1764513602,1764513605,2093,97376,,
0xd7269fc74102a60dcfcd31daee9a5fb2d9168d41fb29debaa45a28e8d04552fd,1764513602,1764513605,2093,97376,,
0x1a8a0d458881580f4ec35c4265c1564b0d32b66438504fbb40b1cc64b0457783,1764513602,1764513605,2093,97376,,
0xc641119dd00cb771fbc28ca3314710c12a205352289a5ae0cca4e8c114987d5b,1764513602,1764513605,2093,97376,,
0x08c5e22e3bdab23036cf48801ca4da7a3d0df9009fb92a165a36857b459e4f1a,1764513602,1764513605,2093,97376,,
0x41ef4946043e396d36ac1896e6dde58ef452a940dbe52765a05d40b9f5b44a54,1764513602,1764513605,2093,97376,,
0xca35537d681f6a03a5219fc0438d092ddbd4f915d683c6f64de152dc992e1e1a,1764513603,1764513607,2094,107792,,
0x6ec6f3673ca2e1f6775d489944b325a2fe9c8cbde30fb3be762190aef8a6b45d,1764513603,1764513607,2094,97376,,
0xee669bff6e08b686413692c927b56ed934e0fa92eb51b5110fb404c2578750a6,1764513603,1764513607,2094,51234,,
0x530e17a9b9f7d4ab66fa419d0c76d99e2d590d70ad37eccabbd2b2b4761b708c,1764513603,1764513607,2094,51234,,
0x4e45d2a85332a2eac6bb5d1607c2ab79535381ba60fdb0c11ae94f0d7d6996c6,1764513603,1764513607,2094,51234,,
0x4b1eeb0cad450d815779033ee62bdbcdb995f308a302e731f2f9f7e38fca046c,1764513603,1764513607,2094,51234,,
0x82af613011941be120031f60a3818645ae1cef70c0caf69f5d1dfb4d3136a8b3,1764513603,1764513607,2094,51234,,
0xdaf71e0d73c340551929326a3b477fa70756180830357cfbb16e77bce97b5c3d,1764513603,1764513607,2094,51234,,
0x9ef6edc5587761f69b17e0ece50c4a9d059a5bafcc49143d5525da4ccffc3529,1764513603,1764513607,2094,51234,,
0xe5f8ce79f17f6d3e66781a53cd4162a7e14ae0aa4aea1af41cd75f44cd36ad05,1764513603,1764513607,2094,51234,,
0x9f8bd2e38277236fb8960e05be95d388fdf1582ecf35df036e6da81b9cbc88bc,1764513603,1764513607,2094,51234,,
0x9e4770ca4c3f42c22a05c05e558170891df8c88b187f3d9d8553ba915b6438fa,1764513603,1764513607,2094,51234,,
0xd080d387d864ff8bd04b4d89ae44a6e3aa5cd1a59ca0d73c09ea1ef1b68fe9d6,1764513603,1764513607,2094,51234,,
0xc2cf32b3db6d2870e21aaf076e4cb48c56cd3b80acc094c64ab35f3a545066d5,1764513603,1764513607,2094,51234,,
0x4765c29ffa925709a67f4471d89ecd23d8b20f94b6782e0df17e76fd3ce40811,1764513603,1764513607,2094,51234,,
0x0b94ebb94d72bc3b6bfc6576010112cdf0f570b3a488eb5a7e7a3be648fda670,1764513603,1764513607,2094,51234,,
0x4e02a00789cb5f3b407fc88aefe2237376c9df8cbbe4913b5e524a1145c6dca3,1764513603,1764513607,2094,51234,,
0x227eadfebe2d50be60e3e8040c0243e379ef58e0bf1add1011d74a44fb9a3a47,1764513603,1764513607,2094,51234,,
0x45753da4c9562d64b0f62e3fe59d472c07b765daecb6586787699ad67fc5c182,1764513604,1764513607,2094,51234,,
0x5abf5cea40960ea512d77061a86654fd994c607117b8ac3a4abed37e0d0e330a,1764513604,1764513607,2094,51234,,
0x972e3df2f90ef4eb48012a72f13e039f1757e96232850919f0c4598d43a27c0f,1764513604,1764513607,2094,51234,,
0x4bc63c2822d78e21f096cec7bd3b08e004e5f9380fc4a64ebad8ec844c8459fc,1764513604,1764513607,2094,51234,,
0xe4d7500b2df39c761ee2bee636ca5dd2efa1b025fd1f504cd46c80b5771f8303,1764513604,1764513607,2094,51234,,
0x8a173a1c152cdbe4f0db7ce5dee280ef6f864236c7b6c8b64935e4a47c4595ff,1764513604,1764513607,2094,51234,,
0xbece4ef9a8290b3ae57fc8e13e2a8e0c78c867e0cd9118d207d0b66ad5cfde8a,1764513604,1764513607,2094,51234,,
0xc278d164d4627eec25a8f41dec74ee57f5bef3ac5c670375af26ee5875d25f21,1764513604,1764513607,2094,51234,,
0x27cdff40deb2c072482c8e27bc59bfb18aa9ce8a4dafd244e06a2c5d1c399ec2,1764513604,1764513607,2094,51234,,
0xbf16d9cc74cd81323870c539ddc4ab341220a0328ba72e22b8702d7226e961d8,1764513604,1764513607,2094,51234,,
0xd641f1457f4600226b4bae234e4b6a66110fb8589f5f3edcdde94e3c24cdccb9,1764513604,1764513607,2094,51234,,
0xf8f1f5be7bd3d2a4d2ee93c5ea3bf2fd28fe7320e13331de9a626e2b2d52140f,1764513604,1764513607,2094,51234,,
0xf1711a691e6af863843f9a9f2002f497002dbd3ebe6490975fd2bcba79014b40,1764513604,1764513607,2094,51234,,
0x237abf9e50fafff018e69bb3990398fb277250fbef9b624bf91b2da1fd84b335,1764513604,1764513607,2094,51234,,
0xfaba84329d949279b6716029ebf9c97946b06c568b679d5082b960e583748bff,1764513604,1764513607,2094,51234,,
0xedd0a1b1884a5d9a3db818a5f051c337c91dc834631bcfec2caf2e57ddeeb029,1764513604,1764513607,2094,51234,,
0x1aeefb5dd3599a723d1a3a8c4b6361fe85d929697b3bcecbf40e3001f86711c5,1764513604,1764513607,2094,51234,,
0xbcff8a54f5ad18b46ccee162b310de708eb1ba334aee1f1e09d8d4a23fd2a11e,1764513604,1764513607,2094,51234,,
0x0cc61619be402d699223f669020ac577c3e781bfec52de602b072dd9832f104d,1764513604,1764513607,2094,51234,,
0x7240061956652c6678bcdee806811458a5b05ddaed807c217605440dae636957,1764513604,1764513607,2094,51234,,
0x075522869a13abd2b38068e9a20b9b648d5d229e0b4f93a7c41aa2085dd61f4f,1764513604,1764513607,2094,51234,,
0x27d702e22d0c75d4e4c445c979235ef1ee0e2c22389c02d8826b3d73c7844216,1764513604,1764513607,2094,51234,,
0x91da893e24b471cf1672ef90096cdc734d78f5005f62ec4e63a5d84fe5511c2e,1764513604,1764513607,2094,51234,,
0x0c7c1802f32e8d8496a2bd1eb2582637d41a5f4d1e17dd5f217846322a69fb7c,1764513604,1764513607,2094,51234,,
0xe947d44ff47b5eb31aaeb44ef125354e65aa91d7c4dc9cc9c9bd9f7c33013176,1764513604,1764513607,2094,51234,,
0xd50452589096540943a9aa42e0d6a9d51ae369724a7a50fcde85724daa31a3d3,1764513604,1764513607,2094,51234,,
0xe6899ce7e47ad5781ca213e83acd878446832b883ccdaea9bb71e7a12337ebe6,1764513604,1764513607,2094,51234,,
0xc18b285a59047f4e3d997143b23958bbbb452599785b1a1ba71f8fe8dafecd05,1764513604,1764513607,2094,51234,,
0x2f2188bb8e62dbfb836aae989650646dc3ffe7119020ee2958a2dc535bd481cd,1764513604,1764513607,2094,51234,,
0xadc38e238d6456acfff929bfc89e00accef148bdc043babf6ad789e8def934b2,1764513604,1764513607,2094,51234,,
0x290c546784c5a197ebf75b0977b813e60c5bebab51bdafb4b7250927e5088d26,1764513604,1764513607,2094,51234,,
0x47bd54ecf8595735aec88a83b1cdc2fe0367122636b190a2a5f8686e5876dca6,1764513604,1764513607,2094,51234,,
0x888e6930ec25ad62b82a44ec366a59d4f1c4e0270c255d1e30501c9c3709ac55,1764513604,1764513607,2094,51234,,
0x9857d034c919187f2d7358a6d6099abd156026b5edbfc2ca4d6c40a67d86a7b2,1764513604,1764513607,2094,51234,,
0xbf14350bc7ba6fcb34f367e3d9746c96ec2e5a2adbfb94a999f009bc102f7e17,1764513604,1764513607,2094,51234,,
0x90fe9299d578fc15f42d8098e6a6b7c9e8bbbb82514f86edbf022c54100b656c,1764513604,1764513607,2094,51234,,
0xfc6e598e71dbf0c67a5a066d2d333b8abe04d61b5882a2c1538c7138266cf376,1764513604,1764513607,2094,51234,,
0x9679ebd876a04fc4995818f81c33eae9fc28d482e54c74f8245b3058d64e6526,1764513604,1764513607,2094,51234,,
0x84bb33993506626ffecf5baa660bbe7618162b6526b1b0b9954c2dd64d40ddb2,1764513604,1764513607,2094,51234,,
0xda2ca3461b12db6308ce257db445d312d2112b3bb043185fe43aec9a7b8694d2,1764513604,1764513607,2094,51234,,
0x22af9d3f4f6f7155161a5501efbca63259e2b39e425a54ff37197290cc112a63,1764513604,1764513607,2094,51234,,
0x8b2c2d1ce2428a1661e281d034203b177ad9750a944f84a1f72eac22cc893662,1764513604,1764513607,2094,51234,,
0x347276e75684299da75be1c1fd0d128da532d2c44abdcbb86b6c24f0e478e445,1764513605,1764513609,2095,51234,,
0xe32312a544c52f259e87b18d59c4426210ca820d62cd5daa0be7c58eb249064a,1764513605,1764513609,2095,51234,,
0x6a81200ea35ab4daf0a61fb7547eb87a5f35d2846d9c181c93cb1d88888fce4c,1764513605,1764513609,2095,51234,,
0x85bd62cda62d4bbe134aeda720cdc4b8c1ee2a842023b4b53ac295f5d7c5048c,1764513605,1764513609,2095,51234,,
0xae97b5fbf53f8ab9de5a2a82b10a21976b781c21f39dda9f245abe8a760493a9,1764513605,1764513609,2095,51234,,
0xddb0427dbce305ea0dc0d66c09c7b29bb7bbcdf1b3bf7cc9fc1441bceda78e6f,1764513605,1764513609,2095,51234,,
0x0c9bcbfa8cc23f4d836e0ae6c53e690c778239eee18b1c10db86d74053d721da,1764513605,1764513609,2095,51234,,
0x890c8c94ac3c474b15519c400c7107583033fbb33d17aa9519316ca04cc628e4,1764513605,1764513609,2095,51234,,
0x6e94bff2356870ce66683d5d566fcb5616d80abfc2139997920b0f411b34b469,1764513605,1764513609,2095,51234,,
0x1c7191098f2607a84589ecf4625f87aa9c881b661b71cfb7d243332aed2a280e,1764513605,1764513609,2095,51234,,
0x89bb657cc18874f19b6e95a9eb88f0b6c605084590470f17b690f0ec1e159fc2,1764513605,1764513609,2095,51234,,
0xbdb8081d9d84b228761cca27d99da3ede6aa0506484892373efed437b8bebf2b,1764513605,1764513609,2095,51234,,
0x68f88f18c853ebc8dea363a2b43d3b6898591948ab6eafc9a0375c205e27b30c,1764513605,1764513609,2095,51234,,
0xa622c8129909c79c6baa87049732b727dc1ab15b5e4a8eeeff87e791f8cb8fe5,1764513605,1764513609,2095,51234,,
0x2b052d66a558101c99001b46ea3a7885b6a77df3cd115e7c0939f8b6688249f2,1764513605,1764513609,2095,51234,,
0x95a8e0de8c1497ef6edd79fa4b80fc9ecb696942bfb5edb0ebdde7c9893a161a,1764513605,1764513609,2095,51234,,
0xd8a2abf0b4c162060dad63b4894224f46b4403fe502742dde5baf024324fade7,1764513605,1764513609,2095,51234,,
0x0bac63eaafb89bde7eb090fa1f573e92ac88f22f3dde2865dfdf1e7ae5da2e48,1764513606,1764513609,2095,51234,,
0xe02719fd4cb0a18e8f62022a1b5f1126e1da016ef33346460197e3b43835bfba,1764513606,1764513609,2095,51234,,
0x6d0d18dff3c0f7e7f145c8d7a49739eb51fcad0e5b21e08939bdbab9c446adb6,1764513606,1764513609,2095,51234,,
0x26245a986ee101904e35d254be59407937a113047d73418fb50dda84a3075b86,1764513606,1764513609,2095,51234,,
0xa3ee97131b14deecf9f4f916b9687364d6618b1ee5b316070d1e16d2bacbd59e,1764513606,1764513609,2095,51234,,
0xb727f4e51a9e2d4b3b0ccf7997bd92f8565f0f63d9f1b1d90333cf0134c5b4e4,1764513606,1764513609,2095,51234,,
0x7118b757d5d05da82b196e1c8c6c9b4a57b5e363a8582c41a8b935a3906dd259,1764513606,1764513609,2095,51234,,
0xf677f1204b4d42f97385538c14b406969ed9f166b52635caa64b6632d8bbf4c3,1764513606,1764513609,2095,51234,,
0xae337f5bb804b4768601155a01a46717c97ccc7b95b2972e50ad236215fce647,1764513606,1764513609,2095,51234,,
0xe0da4abb77545d5d3f80fa7d9902b9e0fed6b70fe484c12a0f479dbf7d4f8c71,1764513606,1764513609,2095,51234,,
0x7c2164b483735789dd2ce2729d2d3b6627bfbb12fe464a06ef479095d6c719f2,1764513606,1764513609,2095,51234,,
0x14642724139798b9ff74554650768be58bc3ea6c67dfc62b897183d66cd93ccb,1764513606,1764513609,2095,51234,,
0x34834991d5a8fd573d91fc397e2a2af6ec4ae8656a4a3dcc9cc8280817485669,1764513606,1764513609,2095,51234,,
0xa07e7bedcb2729beea4964fc7add404a434ac1523e1696c57e36f497bc34a091,1764513606,1764513609,2095,51234,,
0xda23ef2e87f75a1e551354322a63ca295ed272713799791178ed7f5315294d7c,1764513606,1764513609,2095,51234,,
0x3d7a8c18b08eeb774f3749b62644ecb42383c6cba7eba711a7c4d30b2f8f2e8e,1764513606,1764513609,2095,51234,,
0x5f08dd077d17b63c805d16417b8ad251e5355d19a62d5f3f5a6c02d20aa6d84f,1764513606,1764513609,2095,51234,,
0x3e592ab746ac1db1024c51bf1ce7fac35dea8870addb19ec6e24539fbc2cb616,1764513606,1764513609,2095,51234,,
0xdbd0b07de1c80641cd1129c5e11b2f58b7cd9caa2661c29e1f8e9c0dc3030c1e,1764513606,1764513609,2095,51234,,
0x4590004fb339e4727d552265d23916d8570f773922252ce0299fcd6c3c366404,1764513606,1764513609,2095,51234,,
0x7837039d8ca43320490a8dad8e4eed16646ed9c4cd5247ae2cad15ab2dc362cc,1764513606,1764513609,2095,51234,,
0xcca5da8b84161d68412d22b6b492ffd9b9c30a0e3c95613afd1636d31c1b7a61,1764513606,1764513609,2095,51234,,
0xa8d0d397df11c94e0925bc47e0429782db944741bb714c4ab0b93e23045f68d9,1764513606,1764513609,2095,51234,,
0x59709671514cd03cb924301191813c69823449c19b691fbb876d2791ed966115,1764513606,1764513609,2095,51234,,
0x0ed57532ad34f58d1e21fe0a45a6d2853809a1387928e4148ea5bed41435fbc6,1764513606,1764513609,2095,51234,,
0x594be31c4c9b2cf90002d1b5ff575ac891a5551e603f43a460e185be9532a8b1,1764513606,1764513609,2095,51234,,
0x7f4abae84706bcbb9be5ee8d6659aac05d93781c5e72bf5f454052e3625104ea,1764513606,1764513609,2095,51234,,
0x260cc412bba91b651ee1a016a6490aa852b61b41eb65cde75fa9c2e6c1cf2e54,1764513606,1764513609,2095,51234,,
0xd34ded9920505112f95c977bcfc5bdd157da6ba0bde7d4b7d759795ad0eecdac,1764513606,1764513609,2095,51234,,
0xdabdfecbbd48ad741390754b848eadede750e9fa2078d2e8332c8d1a3e820b4f,1764513606,1764513609,2095,51234,,
0xc6e9e1599a758dec7606870b392ae549b69ad08995b0255cdab8db5d543673be,1764513606,1764513609,2095,51234,,
0x1a38e4ec44c02afb70e3463972662e6e48306963978e5cc97d107227b15660cf,1764513606,1764513609,2095,51234,,
0x7a20118813f01c9264828b78046239812775eb3564a0afae63d662aa077ae11a,1764513606,1764513609,2095,51234,,
0xc130434990119fd88f7ad938734e502c6a0290b2b5eb5e942bb3050b91d5f7f6,1764513606,1764513609,2095,51234,,
0x1e1076ea38722df87cf8efdf8e6ecd47958ce80b2fddbafc0d6f37cdf001db66,1764513606,1764513609,2095,51234,,
0xbe0333507f8c79c772e2a30eb1601c5240e46d00aa6ca31ad3e5827481df2e1c,1764513606,1764513609,2095,51234,,
0x63c7c5857ac4280b69bd905c0c7cc698e65c5cc9cc5040bde86758470b0f5505,1764513606,1764513609,2095,51234,,
0x1af7b582ca610889ed1b96a2a5080469c810c2c18c183ad5cdf7c4ec71fdcda1,1764513606,1764513609,2095,51234,,
0x3d28651921591ab896399a409240f56c5f5fcd540df3c83ff89547da38e496f4,1764513606,1764513609,2095,51234,,
0xe7d38f52aadee7a139edac533cd2ab27ca5376eec94ccf330378f9be3f478bcb,1764513606,1764513609,2095,51234,,
0x839daeb9b8d356e2f65063bd7cfecaab0044f7e7943fd67c8aac3efcabdce341,1764513606,1764513609,2095,51234,,
0x2f17203cc5798b39a5c31bf44c9fee84dd13604259765698cfc7be1897b4ebd3,1764513606,1764513609,2095,51234,,
0x3d3310d05cd851229c646f108e4836b1558727246084aa9880d8c185dbe21635,1764513606,1764513609,2095,51234,,
0x8fc10dded416132c7b02e7e4ff9364309b2eff5103e8c272f2aad70d13c2e557,1764513607,1764513611,2096,51234,,
0xacaca4e87456bf6228684a5f5a5243d005fd875ec0c7bc37a1f487f87a7cf0af,1764513607,1764513611,2096,51234,,
0x74c8ab30a1c69a22bbb0e39ae71e8582cb602e8123f4c0dbf186f8205ec8ee57,1764513607,1764513611,2096,51234,,
0x9727b0b1af11c1305f70d6b93d2d0aa5ebd11e67826d39b28cfeea6ae44fc1d1,1764513607,1764513611,2096,51234,,
0xaff531fd51458b3d2e0d6cea8ab03a39e045e455be9961acdddc89af92ed37d6,1764513607,1764513611,2096,51234,,
0xbd12d177a9362bc7f97e3449eb5126eedf7262e9a15d3579538c48e42723a850,1764513607,1764513611,2096,51234,,
0xb4415306681bcc5d1374effe671320d096ecf981936fbb7bdda5f4a4b177f728,1764513607,1764513611,2096,51234,,
0xdaf0aea3f5a6c04b514f8097cc2f8e688aceabfa4dd3494a29d7542240c46ee5,1764513607,1764513611,2096,51234,,
0x5b7063e01381a0dd836672211e369a432ce9ea3ca8540d6ee8a49497a23dbc48,1764513607,1764513611,2096,51234,,
0xf315b558fbdde74f284ed03ad1b2fb790a35cba168605ab2a1195ebf21e9c93f,1764513607,1764513611,2096,51234,,
0x46352a8440fd88f560e6bfe9a4d8b35496b8a6c00c9e97b9b3897f69be5a9c2b,1764513607,1764513611,2096,51234,,
0x961ddd4c6e476977c0dc60288fd5080b56814017e0f00f57245ff394c6640dbe,1764513607,1764513611,2096,51234,,
0x1fa6893272b04dccd748faeedc1ceabab249c07fbdfffe3e15820aae06f4f532,1764513607,1764513611,2096,51234,,
0xbc73b568c6e15bc5c5cbd081c29035f130ef67f518150abf3c98aac3d5dfc5ee,1764513607,1764513611,2096,51234,,
0x71740783ff9646a019e9ce130f3f928a62fe83c640802f9197bcc909761ea32c,1764513607,1764513611,2096,51234,,
0x901da3ff49a19abf14658a2a9e717de47890076c43dcc5c65326c6e31e79167e,1764513608,1764513611,2096,51234,,
0x3dc7508292980ee739a2df4170325bea7542462271ee5948d372da7398f705ff,1764513608,1764513611,2096,51234,,
0x3b0c26667de9175ebcb5916346aa9e4b0be1b02e308adef3841143a60578294b,1764513608,1764513611,2096,51234,,
0x53ce25f192952935fd2f40605fa44a7124ec4be037afc6baea8351bf15ab879e,1764513608,1764513611,2096,51234,,
0x9fede0c7af78fa395fc6816872761feca4ac1946a88c1cc41845da5f71645227,1764513608,1764513611,2096,51234,,
0xe28af631a21b868c279d69c5dd347a974e8cb6cb8fffa9e80ab116ed0745953d,1764513608,1764513611,2096,51234,,
0xed40ec9312e97b8efcc8a45c8cabb1fd84cc8e4b0c97053668d44480ee0b22a7,1764513608,1764513611,2096,51234,,
0xe17910798cec364a87e5ee9f13fb6f054231373069615eb106c5a51ff79ea6e5,1764513608,1764513611,2096,51234,,
0x7054235cc5a1b0ed1b467afdac869670c785b16be63b33ad33935967dc317b81,1764513608,1764513611,2096,51234,,
0xe6fe71beb8fbc269d5fe4bad8d6b2dcc3ae8781d8acee27486babc3f0ee900ec,1764513608,1764513611,2096,51234,,
0xa9bc6cfc0ab0f3d12b80a4e735544e1de4a95ebf731687469fe6c7858b3e03bd,1764513608,1764513611,2096,51234,,
0xc4452d107b0f1180308e682c9f07e66263edd8a515241d5e8e3e6109eef4277b,1764513608,1764513611,2096,51234,,
0x5c6a4d2c0955273cbd52dbc81393994bd2b47d8218f100f855b35635d266e59b,1764513608,1764513611,2096,51234,,
0x9c7b277db8f9c5082da6cad6f2e3f0b54284b92aa4f34d2db640cf04cc41f89d,1764513608,1764513611,2096,51234,,
0x43f019cd55153b09947274d874f5859a5cc6ba76b33bf34903360f786847a4f1,1764513608,1764513611,2096,51234,,
0x227ced912805026fd02ec247cafa0da9716e51e3b1b584316bfaa8ef63d380a4,1764513608,1764513611,2096,51234,,
0xb5f9467bc1b04b85d14ccdc7034a3540fbc26bce4394db25d27a1f99671ff3f6,1764513608,1764513611,2096,51234,,
0xec8247f30a6c12454696afb74b2d3a42a0acad66b4b2f72f39d247b805335d7b,1764513608,1764513611,2096,51234,,
0x4ebcd26dc8bfab379065c9246ecfeae32a6f7bfd236fa22073c0c7deda35df2e,1764513608,1764513611,2096,51234,,
0x9dbd008db0fc44f74b64c86a7eae5f6b26be14b9323c04b9aae0db97c7de036b,1764513608,1764513611,2096,51234,,
0x960f941922631d0495c2d9105c4ed8ea3e9d0e6c7afa11ee912522e249508393,1764513608,1764513611,2096,51234,,
0x24e48c2f49f54be0288f0a3690d2c5de702efce0a7e9bd16b9679b74505cc839,1764513608,1764513611,2096,51234,,
0x773e4fae05256ad7a2e14e0ac14b272b9eb9c50e2c9f57b93a2e13686aae3715,1764513608,1764513611,2096,51234,,
0x51aa341dde20dd84278efc6c61221005ab3d8726d71fd6f82b1ebf6bbc96c7c5,1764513608,1764513611,2096,51234,,
0xceb1cfecc937c024cbeea2cc3ba223550626a55c804c93f12d55a13954201af3,1764513608,1764513611,2096,51234,,
0xa318dd4b0df14982e270ce4e05e09f41f45aec8e881412b08225aa3aead7bb59,1764513608,1764513611,2096,51234,,
0xd3c7bd4c12b5fd68edae17a476eff37f204aa095f37e1db87bf3534cdd6250d9,1764513608,1764513611,2096,51234,,
0x1b269854bf72e5e01d59edc4a4c2185b27e94777a73fb20b1afccb767a63e447,1764513608,1764513611,2096,51234,,
0xae73ce044972c6a2e41c1c3ac0dfe42413b3cf49d26027850881a4c5987e7f7a,1764513608,1764513611,2096,51234,,
0x35d5e1f648143d304356df961fea35d898266588eff244a4bb71be8ebbfeeed2,1764513608,1764513611,2096,51234,,
0xb2c66bca1d3456c96583e8ef7a2989f5765c9f053731c542d729f875b5b2586f,1764513608,1764513611,2096,51234,,
0xfc12f0e7b0777a00eae9a437ef5e51b3b3cc3490cf595697ca3e9dccc4363ad5,1764513608,1764513611,2096,51234,,
0x2a50d8ab22b261a658a8e0f7be1ea2f5c7e9caff1c83bfc8764463415fee3989,1764513608,1764513611,2096,51234,,
0x1cd97dbd7b26db8521e0ab3531ee3410b0f76bd97e213b9857bfde68d9a42f97,1764513608,1764513611,2096,51234,,
0x93d9622380b7daee68d1ec4cbe49535118bf58aec47498580f7ed85ea35ec33d,1764513608,1764513611,2096,51234,,
0xcb1b4bc44077d4ca0002973137d31a7cd880e89fa6be1dd74ee15812a70eb714,1764513608,1764513611,2096,51234,,
0x061ce6c1199dd987a013bddef432fee9841608677412ecc2c515168947dfa5e6,1764513608,1764513611,2096,51234,,
0xaef389281db627d67004e9f10ea11b7ed6c889bf13f476a8e4728084f6c06d82,1764513608,1764513611,2096,51234,,
0x3041c1c02cc1dd4648b063dcf37ea32416b467ef58cfe914cfb6a58519330171,1764513608,1764513611,2096,51234,,
0x990263ca30db0da982fae25e9199274290f44c4a8076f3b55269f26d3363ad8f,1764513608,1764513611,2096,51234,,
0xaa6bf7b5a0c2b04a4ae02e893f9cc2e944c5df3661f2cd0db237a41ab43d82d5,1764513608,1764513611,2096,51234,,
0x2feff0c1d9d9e2344ffde0b8d8393dbd65a76c880a0d40c19becab7b1359cd33,1764513608,1764513611,2096,51234,,
0x3d89f0a4c8492155204b3b5d1e03ea5e2635666844ba9d85d49e35e5bc263744,1764513608,1764513611,2096,51234,,
0xb5e09ef010343cbd4648eca706b1d3c2f289e9738f3cfe620c429f88d8b90487,1764513608,1764513611,2096,51234,,
0xd8ab24fc14487d9a9f16e25036800b09a45d3228791ae457d06848526b90e48b,1764513608,1764513611,2096,51234,,
0xfc110b8f734c1495954db1df22e6f5fdf574ffdaf7bd144b43791a025517ea44,1764513609,1764513613,2097,51234,,
0x97885ffa89e7231d5cc2e48ca22d00754b0de0062324456e4cd1deec4ee883f6,1764513609,1764513613,2097,51234,,
0x5236f1dc826170215b5a982e34daeeac9672fcfde934da61f47dd17ad55affbd,1764513609,1764513613,2097,51234,,
0xb43072efde88c0e3c1e6cbac7f9918a372c073faf027c51f631410d92e6a2236,1764513609,1764513613,2097,51234,,
0xd4f7bae853bd5ffa7507e0199fe88d3d590a61e936f7207317fab60291301db0,1764513609,1764513613,2097,51234,,
0xfbf3cbdd3f534c4a1df566b7a5bb7f7e9b7ea89dd854f544833d9fcd799eb477,1764513609,1764513613,2097,51234,,
0x027daac6c90ee3e3feee12b5366ba0f5f4d393f163b805f5dbade2a6da242dae,1764513609,1764513613,2097,51234,,
0xecb5b51d7c9d5ecd2fd3f20e988ca3c38fa334bcd63c378b06b1f22a9f9af303,1764513609,1764513613,2097,51234,,
0xce999e1c7d2ae4a9eaa0b7af0ef1d3d0b57d79b89a6621c558e38c7aa3782926,1764513609,1764513613,2097,51234,,
0x54e187837b885ed08c894cdf96e51b84a41fd781cff0e2def3abe4b8bdc6d058,1764513609,1764513613,2097,51234,,
0x4a4c8e7d2db51889985fc376db50138c13121f7a1a0c89b1bf649922cf00b17e,1764513609,1764513613,2097,51234,,
0xb54bb6d4b09961c7425e056e2a1d3bce8540daab0cb60a966c0f47c888554b57,1764513609,1764513613,2097,51234,,
0xa21515caaafb18b2f672de43fd3410734b137c54efcb67b94e5f66bcb5edd089,1764513609,1764513613,2097,51234,,
0xdb7cb87280e47ccf2d922f7d8aca06c139df155aa6a92b60768204a586ecb21f,1764513609,1764513613,2097,51234,,
0xff9fbe4042de3f6bfa93f047df0956fd954d296d56cede2e24eaf022ef9ac309,1764513610,1764513613,2097,51234,,
0xb0170b3c8af4ee2cc914b8b72859f3bf64aa540f271c7f2f5dec63bcb3735e1d,1764513610,1764513613,2097,51234,,
0x1cbf67841f5bcb2f2f62fd13da8e79f6f97fe2e28befa0bfbb6eac939de1cb1f,1764513610,1764513613,2097,51234,,
0x34bf9b44626d288bcf27d79075ae8aee145d674521a15bbafdcb10a32f480076,1764513610,1764513613,2097,51234,,
0x07e1183832bd7fc683498024c765e834d5442474c1bf922fa52c14df58183263,1764513610,1764513613,2097,51234,,
0xfc7b25f6ffe8f859376cf15ff77eeb3841dbf69a4f3fe59e38d0afb2660abb93,1764513610,1764513613,2097,51234,,
0x8c61f990d25f54a330d2b19e0641a52367945f98781f7b9edb946146c0f91cf9,1764513610,1764513613,2097,51234,,
0xe25ca31ef8dbb19ad704cb5025684230bebe029bf4ce59d72ecef32cede26f01,1764513610,1764513613,2097,51234,,
0xbd4419f2265f6dce3016decd468720d3b44989600caf4748ac5b1050230cd686,1764513610,1764513613,2097,51234,,
0x505447ceaf95722b440dedae5d2af622a35a69bcd7379250ed042b442193e5df,1764513610,1764513613,2097,51234,,
0x581401f97a5b65ebf4305ca795f107d602ec5ef11fb127bd1d3950bccedd7021,1764513610,1764513613,2097,51234,,
0xdc4612bb58ba72ec8f9bf6b722ef1055a02ee71d8c1333710f7f862542793d56,1764513610,1764513613,2097,51234,,
0x9a958fb627870bf6213cad5689611b3debcf5689451f2090fdee7c0f8af67d21,1764513610,1764513613,2097,51234,,
0xfe94dd30b7761a3c2335cab31031538544ef5f0ce7801d3d9291a908117ba6d8,1764513610,1764513613,2097,51234,,
0xea2d5038eb25f93e0f9447bb732d17d5d6164ca3ed66d7eca9c777882c9f48f6,1764513610,1764513613,2097,51234,,
0x0686a29f0c69873590f4e48b331b51114fa089bbeb273fe54bd59293397e2fe8,1764513610,1764513613,2097,51234,,
0x51ce5b8ac18d182a3cf305ea69e372596ea2bf14237936f6236dcebc06ae75ca,1764513610,1764513613,2097,51234,,
0x620d08aace509d76db640dd8f998fb15157242242fa7743ea9c31e6c3f4797e8,1764513610,1764513613,2097,51234,,
0x06322ac74e7c792165a821bd9aee1dbb14420c558511810db86c6d4a936ec705,1764513610,1764513613,2097,51234,,
0xeb7a696aeefd248baa9b069637eb423f48c20b96914576f42882d7836a823ca6,1764513610,1764513613,2097,51234,,
0xee767fbe6e475d115b8303b4a48078e057532acf437d4c04442a736c53be2edf,1764513610,1764513613,2097,51234,,
0x24f25e5b12546f54e45261caf3d7120d01c3c343e3bd61813e0cbb101d2ffe53,1764513610,1764513613,2097,51234,,
0xc2322a95c0cc4842576e74dbe391b1b4cf5f5c4a983fc75f60cda69defd5df6c,1764513610,1764513613,2097,51234,,
0xd4d705899feb8298163b442ca8fb8ce038fa6ea45f354ab9f97db6323342954e,1764513610,1764513613,2097,51234,,
0x0b0adac00d720680624055d89a8222e0e11465f2871bf2aa2204125d352774eb,1764513610,1764513613,2097,51234,,
0xb0c10370c919fb94ebde40ee364510a14600ff44d085c53da2934c883635a9f8,1764513610,1764513613,2097,51234,,
0x28a92041759df8bdfee683b11b7a71409b4df51f918b69288642a48c3c010dc0,1764513610,1764513613,2097,51234,,
0x4e64b56050f442dcd1db6a2c6516aab1fef6ec2ac45eb77e50ec214d05efa00a,1764513610,1764513613,2097,51234,,
0x2e1c3c1922d4af17e39aea167c519acf9f12d4de812f35e30f16b2b6165a4d0a,1764513610,1764513613,2097,51234,,
0x1cc5aa52c25fcdf48eff4f46d87b24838a4d84dfc33efd5ad4bdc12509f14344,1764513610,1764513613,2097,51234,,
0x3c08b085de6c0738a1346d71bf84c95852ca2564e70278415e4ad0157e6f3ee3,1764513610,1764513613,2097,51234,,
0x1d475500b1798dae264242ae81446c7541db43d5f7b80d84d3721f0c9ffb3761,1764513610,1764513613,2097,51234,,
0x91532a32fb4fd3fe6abef538db1c13f5a4d4cbe74119dd012c2a03364a2f1cc0,1764513610,1764513613,2097,51234,,
0xe2fe50519240a6d3bf23f28afb5695b691a26a25acd2da1937c2aa78b95f5e3e,1764513610,1764513613,2097,51234,,
0x60b54105e723e89663f5b617bb31177929e69065b477bfa4cb51d279ac8c43b3,1764513610,1764513613,2097,51234,,
0x2c2fdf40ddfe4ffd1065ea45c17dbc826971c7c20bbbae441d47ac3d63c79ea6,1764513610,1764513613,2097,51234,,
0x5fecb976d92072f6fd38bc936adf649bb049aae4930f1c311ff2b533c4954224,1764513610,1764513613,2097,51234,,
0xf8727df0b176324a28c8c2360b0d9ba3eb30c2aea94d18342b3cbf553870506f,1764513610,1764513613,2097,51234,,
0x986198f1434c176e003cf5cadc0529cbab8f20cc76fb762a5b02931533705aac,1764513610,1764513613,2097,51234,,
0x6d0cadeb508c51f4d12e9b3278e7b26c7ef53aafe5962a4eed2d334d35cba3ce,1764513610,1764513613,2097,51234,,
0xb3d7a3fe28a727f231713d73833b437662497397fbc531ffbafa662e6b5bf93d,1764513610,1764513613,2097,51234,,
0x8066c24edae121b99e6b30865245a76739696a3ef47ae9c25c19ff8e85e50269,1764513610,1764513613,2097,51234,,
0x41bb52d7a2ddae921c1ec13affe1b6ecec24db833e9d9f3c1e2f7a2a60b9fa37,1764513610,1764513613,2097,51234,,
0x1f74160379b2abf800dea8f6871e5729ab68464726e4ba45c062483dced14741,1764513610,1764513613,2097,51234,,
0x7fbe594c752e5bf747ee4517190b763bd7469ee47bf8750b8e728f1b68a4d5e4,1764513610,1764513613,2097,51234,,
0xa9ce8a1f6b3192e50823102924d64a7b6f3439765989675c9580c5a22ffcf77a,1764513610,1764513613,2097,51234,,
0xded7abfddd319f3841073c516d0b223ffdc58c8876b9bd3ea1df6641f654365d,1764513611,1764513615,2098,51234,,
0x2f38ffb534abcc02e64d7a6c8ff8760250a60d919418aaff4d4d7cee7f197ec2,1764513611,1764513615,2098,51234,,
0x74d0da86bf71e73f4193338d931a6673ec861dc18e3d8b2e818f20582186910e,1764513611,1764513615,2098,51234,,
0xe8d83f7c20c565f9b3a11386e5500b6e644532795bbc03a920ab27edd9dc3997,1764513611,1764513615,2098,51234,,
0xb7a3eb0e5face8363296603fff8bd3a52abe6fff035d6f703ff343d8f70cd0eb,1764513611,1764513615,2098,51234,,
0xf2fa36b021f00df2b60952ff2b69390e354143529527d2fff42f40e7b9e6f6a0,1764513611,1764513615,2098,51234,,
0xc4398d82e78c66d39e6b4f0f54f35bbecae764c210373a367c94ee84bf72541c,1764513611,1764513615,2098,51234,,
0x077e204932bd182a150d4414178b183151cfdc8e9ebb41415689a90475b7ef8f,1764513611,1764513615,2098,51234,,
0x3a0f36b708fb2af36947228ee0565d5fb88ba061fa003826dc41a9c7ccb995fb,1764513611,1764513615,2098,51234,,
0x00abd82f7222e86b9cff90b0bef16a26c53364ba61e444fa24c577852e8ebfea,1764513611,1764513615,2098,51234,,
0x36afbc92556699bf5f4c4867d49ded8bb37eb72a257ee9b8a1032c405a1e8b8b,1764513611,1764513615,2098,51234,,
0xa2f0f6b81c4c7d9fde05e0821d656df5752a56bdecfeb85070c1864f3835e685,1764513611,1764513615,2098,51234,,
0x4c47d1c2f16c9ddf278b657f26e27109c03b7044e5ba44fb56991a48ca026cca,1764513611,1764513615,2098,51234,,
0x66abdeacf966d7a7fee5533143ff75dd8d9b57f23ec5844a99ab62e4c662f128,1764513612,1764513615,2098,51234,,
0x2a70ced57166ac4f60fa029ad2f083fececd5ab53c1c34fe13bf373e55ad4c89,1764513612,1764513615,2098,51234,,
0xf6c91cacefdd27e5e580abe700ed2a825e95a11f11a1ae316d58409b3a790d6d,1764513612,1764513615,2098,51234,,
0x33f3dbe66cc68755234a1226acae4e44c74a517100b96be686343c1ece7b59b0,1764513612,1764513615,2098,51234,,
0x1b1729fff51bb342730e134ea2c87a84bae9c1ceabfc0e603365996bd8b7f30e,1764513612,1764513615,2098,51234,,
0x98b19fd95e0af858b0f2e216db13caadb986a11f7f60a4717cf99509313db3d0,1764513612,1764513615,2098,51234,,
0x190af37b38089db9304ce824d5ac026185063fca8edffffbb7bda6e629d0e569,1764513612,1764513615,2098,51234,,
0x35244200d736cbe53ee1c10993e283ece90c6a79d4b8a4a2bc72e14d9b235195,1764513612,1764513615,2098,51234,,
0xf05a3ab50c410db6d5e3c98fbcd4d64a1b114cefa55f947fcda936fc4b76135a,1764513612,1764513615,2098,51234,,
0xb8f00e3acd860e35cb5fa0e68e8e21a40bbb05f4212aefa678cc02b2cf0af8a3,1764513612,1764513615,2098,51234,,
0x13cd7b81a3d89fb3279978ceffb3a68b3e179ee04989ee66d5354834576673f5,1764513612,1764513615,2098,51234,,
0xdf01e5735d2a765413b2ae0058347659322ce32fd50aaee6774ac81a12a79048,1764513612,1764513615,2098,51234,,
0xcc514e3b2fab444c182341450c9eb5a0977ae295a9e8d0a782449b734394daaa,1764513612,1764513615,2098,51234,,
0xe8d431151231f74b0def40cac58e6c17ae62eb5da78012666387d8588a7870a8,1764513612,1764513615,2098,51234,,
0x5cf9f4022ad6eb1bdc7cc9b2782c76418fe6bd1ee2e971b1c1e987f007ed092e,1764513612,1764513615,2098,51234,,
0xf23e7fce96132369b7b89b43c77125190f62910736203a5b04017559ce9e76a0,1764513612,1764513615,2098,51234,,
0xef9dd120da916443934091841d045cb992188bb51af14e905c6937ac4dd57f40,1764513612,1764513615,2098,51234,,
0xaea82b3e9f434d2371ae15b34e79efd7e52cbe9f503b14aad60c31f3e3ce04e0,1764513612,1764513615,2098,51234,,
0xfd761ef7bc78e435fda27df68133b04d9b849e0a85cb6a52a71b51340dcf9b34,1764513612,1764513615,2098,51234,,
0xf8ed7b05b05d6bcb9bdd171ba259289d9a2be7cc50f46a1698f445dfe683e6ba,1764513612,1764513615,2098,51234,,
0x55409c3d858f19a51b1cc8d21b9eb4d8894f9a806d5597a1c8c3174340b430d8,1764513612,1764513615,2098,51234,,
0x6668a9494b06d348647a86a0e774fd9046d7ac53def67981ee69a6c9ae2be4a4,1764513612,1764513615,2098,51234,,
0x1431350090b0a7804dc4ca57b11e740cc8721151d69b6bd9e0dd8b243baa086c,1764513612,1764513615,2098,51234,,
0xc08605b7dd8fa1372135e16af8061d4a30380103390599f24421b3e3384be2c8,1764513612,1764513615,2098,51234,,
0xff4ca3b92241e2e7c16932d2ba0a592c466478f620e2e31a2740942f31e3a179,1764513612,1764513615,2098,51234,,
0xed44fb90caae3c054590b37fa56686984d4b3ba14d99322e5680926e2ef7a002,1764513612,1764513615,2098,51234,,
0x1c4f0e49860d59e49bb83ccde908eaf073795082c45b5f552a2536e2436de834,1764513612,1764513615,2098,51234,,
0x0fcee7aecadab72723c6044d5d213b76c22badf78a8231f6f1a9e1b29681c8e2,1764513612,1764513615,2098,51234,,
0x89bbb71cce0c2c4cd0a7709aa2ed121e3b30105a4e6ec65e30a61ebc566fa310,1764513612,1764513615,2098,51234,,
0xf4cbc2f1bbaf983ee2b6e8474ce90e8b657d4f08e379f4ab14ee55c27d0289c8,1764513612,1764513615,2098,51234,,
0x2d7667e4bd9413ed44943be0bb7f48960386d99140415d42cdd383736b5accb7,1764513612,1764513615,2098,51234,,
0x9ad802c30dfba785334d8595d1f0144a4ca7e962d1fe924895240e432c88828d,1764513612,1764513615,2098,51234,,
0xd78c0f0578322f3ebd10d33b1d4970a4b94bb98d7635592a6630f7450c209feb,1764513612,1764513615,2098,51234,,
0x77478f673884918e3227c75c5dc850f8d3f1d54f33a327310a537dcf179c75f8,1764513612,1764513615,2098,51234,,
0x84e7ddb5e43f5334d646161aefcbc5a8060ff927d3679377b80461a791bb2a35,1764513612,1764513615,2098,51234,,
0x1492bfe2292e49f07d91ab3006dc6b54529a9775f891dd5eb2b14991cdd12304,1764513612,1764513615,2098,51234,,
0x143e4766ef240c7055a171cc59a8cc0aca6b8aa5dd94bbe257bce6252b4e8619,1764513612,1764513615,2098,51234,,
0x888777c20e2a2397145d237db0d98f91f9fded20c13dd1329f4b38d6b404c64e,1764513612,1764513615,2098,51234,,
0x75e9ff8da1b05fc930788817631befece7c51e6f5d32b1a281e5e20a9178b460,1764513612,1764513615,2098,51234,,
0x143de689966193e9cece833cad309bb371470e333f2dd963623053969e5acd74,1764513612,1764513615,2098,51234,,
0x931c9b8e038867963a20c91fd982e766de1c5598ba5e24d976331dd9ce790236,1764513612,1764513615,2098,51234,,
0x6b13d414bcfcb95e6f922617deca57c262b52d22b17baea8b45d7cc6b9200ddd,1764513612,1764513615,2098,51234,,
0xc6e960e8a5f41e5c154aef1fa323063cd2633e469e149d19f4716a04cb1e4f80,1764513612,1764513615,2098,51234,,
0xb8666b9886f96264335e114876f3b384be3e8eaa008d78d556062465b36c2f22,1764513612,1764513615,2098,51234,,
0xcd3910225235a7885599c1cdc374bd8fb9f62071f81a4c568c90277b61162394,1764513612,1764513615,2098,51234,,
0x43cf3902890705ae8be4f0ad157fad601ea0262e83b394f6b896f4d3b41de891,1764513612,1764513615,2098,51234,,
0x9dc1c0e80391c3ab87635b6a7c72b29b9fff46623f4de13ab84c4102a5cfe6f8,1764513612,1764513615,2098,51234,,
0x3d1ae51a3ce5dc4123631b87e6487a805cc49e02a4064341775a82bbe1fb4ea2,1764513613,1764513617,2099,51234,,
0x77e265d737af043f1a02718f7d5e38078f55666f956a9c74a3f809c1b16a7311,1764513613,1764513617,2099,51234,,
0x5700e5c5b7bf66ef52be8bc60a78c58f57e7532010fb5813f386dac8d3a93ad4,1764513613,1764513617,2099,51234,,
0xdef59521ee95848de5ba85f2369fabf33df4046f4b424db28226aabe8345bcc9,1764513613,1764513617,2099,51234,,
0xeb1f3a1e5fe20cdf65e1caf6faa526a1610996092f142603641b3ad90e78f045,1764513613,1764513617,2099,51234,,
0x8ec0b165378c2d4bc32a230b96050569e340e5eb4a4e0e29bf557b2fc9a25f25,1764513613,1764513617,2099,51234,,
0x4e91167942886d29500b732dbda5d785c633cb7a1a0d04451be373d2b70d8ed2,1764513613,1764513617,2099,51234,,
0x888b1d6dfc37c0e6ca14fa8e22ace639f6be11e8345eaa60505d13c018f8ba44,1764513613,1764513617,2099,51234,,
0x4e00954f27dab3e80cbb9a428107d97a6bc7fdeb2ad01c193e3486eff5b29926,1764513613,1764513617,2099,51234,,
0x24ad6f239726b92d7e52760e044ac522f830cd213c34d84d597736c9bd51f8f2,1764513613,1764513617,2099,51234,,
0x59cd421e1b6fbd31f72ec58043136bae3646c79a82ccd7d42074657c99b79d65,1764513613,1764513617,2099,51234,,
0xb848a191de65833b903da7ceeef975f781b474c6bdc5c8a6a7cf8f8eb90796d8,1764513613,1764513617,2099,51234,,
0x9e24658ac430e6edb798d5c4f1ce3082a422cf0b1296f01b14fd0811d1fc569a,1764513614,1764513617,2099,51234,,
0xd3e8d146f7387903007e01816675bd8b856fe83a3059ed9bed2ddcb39a00496c,1764513614,1764513617,2099,51234,,
0xac7c93ec56af1aeb46a03adbf46600c00c13e54cc4409d435257a5fe30d9a10e,1764513614,1764513617,2099,51234,,
0xf3d0b04cd154418199bdac3f3c40b94ac099b110a32b61cd6bd782ab22fdb293,1764513614,1764513617,2099,51234,,
0xf284b9969750b347c0bb1d226b9180add4454d4eac558fbde339ef47b173f668,1764513614,1764513617,2099,51234,,
0x9bcb30ce2e2aa56b4a3e760046cb1b1b612d50fda47f7b764026239ac87a5dd8,1764513614,1764513617,2099,51234,,
0x9ce15c180f6edaaee0c265dec67dda70d67739263bbf6589ea6652f4fb94c7e0,1764513614,1764513617,2099,51234,,
0xf67fabafc01ebbd50a5f07209467f2721321d7b833cade7c95c9e0e228e23e28,1764513614,1764513617,2099,51234,,
0x23f1ad259c3f80c5848fd0988015e61aaacc952a58ce2b8178b0e5dabc4626b3,1764513614,1764513617,2099,51234,,
0x4d7817c8fe2b7cf83722567a0cb75cfd11850b5d793ebbfc016cbdde1b79f7dd,1764513614,1764513617,2099,51234,,
0x679871834006f888287761d7c593b681e1a4b67cf1b8f603791b052fef3d495b,1764513614,1764513617,2099,51234,,
0x736eaf3e775f2330c8dbee90286174057202fb8ba3d1a567a035d8044147b5b9,1764513614,1764513617,2099,51234,,
0x7e4e7e2ba5be364ed03d2c9ee6638b0616175d33dc29fcbd18e3583f4f3ebb93,1764513614,1764513617,2099,51234,,
0xfbc6d07121380df534b1396264503832026b05dc00c956a634252bde44f282bc,1764513614,1764513617,2099,51234,,
0x55f97ff6c1b188aefe540086f9cb1faf233d11cd2ecb0f1671a8e671994279e4,1764513614,1764513617,2099,51234,,
0xa9c100da55fb66f79b8cbf3d5aca89f1b62b8b48606908a9b7ccbbd3c081fe1e,1764513614,1764513617,2099,51234,,
0xd83dfceb5d31f4ee01e8cfe829b887e18ff8bfe8ece3dbe59c5dfad983cfeae5,1764513614,1764513617,2099,51234,,
0x52dfb0f7d955377049eebd4493590cddf3003eb1b09f16021f45befd6ba44426,1764513614,1764513617,2099,51234,,
0x5a0c6793cdf2faba14a4e67b0e8e156f3f0ff34415f4ebb73cee8f9c1ff0b01e,1764513614,1764513617,2099,51234,,
0x877ca2bfd1472d70ad3170274b9533df1969cf0c3348e53ab005fd3b3a763ead,1764513614,1764513617,2099,51234,,
0x8cbec9968c13771b34e9958511d73b9dd21b0cd577280d29ac2ab3f409368461,1764513614,1764513617,2099,51234,,
0xb035afdccfe904cf9e6fbd3345ac86526a7c39c4ee0e5bec8131d6d3adae64dd,1764513614,1764513617,2099,51234,,
0x52fd9db65f9072ca5f411cea1b29a5065fe015667dfdfee75a70ff52a4cec2b6,1764513614,1764513617,2099,51234,,
0x8d4d0563c4491347b1e2c7746955e89cf99fa18b7de06bca536d7c14dfed947c,1764513614,1764513617,2099,51234,,
0x5a6a5f9d88bdd02f6dc6907808310f87c96d173b552c67ce55a87f466ad1015c,1764513614,1764513617,2099,51234,,
0x654554130806d81d9466c02842bff93de937980cfd25f46ad5a5ca8bac4491cc,1764513614,1764513617,2099,51234,,
0xa0925881ac3b714737803abc84d6ffc509e6d3726da5a33bac4b3ccdc08994ae,1764513614,1764513617,2099,51234,,
0x70de7f3d7cb47463f7e9d20bb011f799466a9456635c7db43823f080aff9db35,1764513614,1764513617,2099,51234,,
0x3d0930629fc4411077d1ea4647af1f682e8fb52cbb9581d2ce5021701b1266a6,1764513614,1764513617,2099,51234,,
0x037fadf2f0744da1ca9627680814cb73dcb26e9f5049bb9a2b6add60bc0e6864,1764513614,1764513617,2099,51234,,
0x28b5b8478458aa2fe810c9f6a1b1476308bb290241dd71e9a1e6e417601ebde5,1764513614,1764513617,2099,51234,,
0x72b1c360e6d0c9452dea1d0ea280c047d5d17c644df9b554d50d50497fbd668c,1764513614,1764513617,2099,51234,,
0xc371c505285d190189727eba27b041b299e6eb76f992b82072b5961b9bc2669e,1764513614,1764513617,2099,51234,,
0x06a05555025509920434fb703ea3c7dc8b0f59dbb5a0f8f9658c17dbadb06a5c,1764513614,1764513617,2099,51234,,
0xb1c0f430bc37af80505d90fc947d164567f78ce755e7169dfa75421ff1762972,1764513614,1764513617,2099,51234,,
0x0365c0a30227b71d0e0171e389756ce84a628ac44745974dc8111aed206f7647,1764513614,1764513617,2099,51234,,
0x242fa7b1a98f6ebb4d8b1dbbb474b9ffd6453077622a7d919b8df46fd4b11aec,1764513614,1764513617,2099,51234,,
0x76122d76d9e29877e0dd059393cdbdea12cbcad6dabb72ef50826078150ba98d,1764513614,1764513617,2099,51234,,
0xcbb93aacda458122eb4390d330be051f5951cb52102964105200333dfe134110,1764513614,1764513617,2099,51234,,
0xab4cb8ac22a49003047bd787e7662e3a27e45435330b007fee8a610ab7349c8f,1764513614,1764513617,2099,51234,,
0xb90695d950b7d9b615c1e00326d09f2224b39fc84c04a38a8d86c6c63f5bca5e,1764513614,1764513617,2099,51234,,
0xcaf686b4d9380626021291ceeffbed46fe1f999cfa4113e79fa206da37da8338,1764513614,1764513617,2099,51234,,
0x54a77a6f7e73e1b3f3bcd35c03240ae203af332f0c70064f33b667d1227fac5e,1764513614,1764513617,2099,51234,,
0x4890aa946ae1665c6f4435c7e335da8f9a4bae63afad3226bd21727f1c0aea65,1764513614,1764513617,2099,51234,,
0x7d4577cd735c71ce13bbeb829d0d372a3f6ff0d14aca50f358380d9cee7d809f,1764513614,1764513617,2099,51234,,
0xb297e22444235875122adefd738baef0ab55a7155b0918f9dde10897ed78a4e9,1764513614,1764513617,2099,51234,,
0x3075f8f2e924c9d90b9ccf72bb40fc2fcf93243cf1090268febd2ff52dc6b70e,1764513614,1764513617,2099,51234,,
0xde649a1e45f0c2cf420119f2083fe4e957d84363c03afb0ae910362aa6e36190,1764513614,1764513617,2099,51234,,
0x28eb97ebead29ca613185c6c497dd98a94f0bf63b1e2e9f0183490a5649407a5,1764513615,1764513619,2100,51234,,
0x6d5fb3df4ac707cec1b3ec4c3fe87d7f6db31bcac52a1ee5eeb45ac1a6978058,1764513615,1764513619,2100,51234,,
0xfce4a55ecc80c7fd870da8c4bef901f6e496e44073b51da8d5981413aea3b1ef,1764513615,1764513619,2100,51234,,
0x35fd5b171d5f99dab5cce09ff92841a75b66bb8b8bda5e8b7b81bc3cbeaee6df,1764513615,1764513619,2100,51234,,
0x599685a5ed767f58e625bed968675fcadae96e68b7b87f99bf509a93a648d16d,1764513615,1764513619,2100,51234,,
0xd8f66701e0a320f8ab8c2029ff08db126ded2a2161d5960eca5cc7e232490c63,1764513615,1764513619,2100,51234,,
0x84f7eb6a74b3b9d90e73fc451006ce34a8473509da7de17d5a67ef246055bff1,1764513615,1764513619,2100,51234,,
0x1c1de784c6621eb607da572c7d6078f1b67a331759d82e3c1501e435988433f9,1764513615,1764513619,2100,51234,,
0x8b752830a0763187bf3ac44f7401658e2dcd7eaede22fd3fd8f6161e241e87c9,1764513615,1764513619,2100,51234,,
0x1eb7b269fc1619797099dfd24ca7f9608c7052659469b03874ab1bc697960fba,1764513615,1764513619,2100,51234,,
0x4a2546a3205cff75dcd7528b06490b35381509ce08d598c664b405b5e4897a06,1764513615,1764513619,2100,51234,,
0x167058dbbe7ae0bf981eb934420f033dd01d555c5194cde49b698af8d2cc4ad2,1764513616,1764513619,2100,51234,,
0xdc5a208c9220630bd911481de87eee825f6983889294dae0b0f6905616bef8cf,1764513616,1764513619,2100,51234,,
0x9a42080478252483c9eb98f0c774f4bde787c30c609ce6b11c40027607521eca,1764513616,1764513619,2100,51234,,
0x5f3620dc5e90c78813462c4dd3c7f8522370ea99723dc769115a0401ade63df5,1764513616,1764513619,2100,51234,,
0xf39263902e25309044db80c1cb441d0e54cc4a03cc3514da65eb566751175d11,1764513616,1764513619,2100,51234,,
0xd874012bcabbfc3319d325b83e1c2365fc799f271a164d2d9abe5471452daa38,1764513616,1764513619,2100,51234,,
0x6cb79e3af3629fea9f02c14f502f4c9f2341ba6729942244cb1709211ada2fc3,1764513616,1764513619,2100,51234,,
0xedbeb4275b1c4916ca5dd1ff1485ccbbe448da43f40eb50e10625b97eaacfcae,1764513616,1764513619,2100,51234,,
0xad355f3f87708af530bd71e778912c7420360a34e06c8c9ff2f901cdf933065a,1764513616,1764513619,2100,51234,,
0x24b360558e92e924b43217fbf204ad90bbdf72f0fcf961779f58e3788a085ec4,1764513616,1764513619,2100,51234,,
0x042ecaf974150e9ebc3f7432abb8c6171fc6b60bd32ab2a778d2a4877d5536cd,1764513616,1764513619,2100,51234,,
0x54ae897fd57e893e9d91074ab61c1c7ffc13918d4e7f80b04ff258683a067667,1764513616,1764513619,2100,51234,,
0xb359e085427564469c3156262a9d59b2208c3501e84353fd2908d46e1339344f,1764513616,1764513619,2100,51234,,
0x8db650d9a82b1ca15ec2bb3fdc3c6d30f1f471ae8f047539e98a593bbeb500db,1764513616,1764513619,2100,51234,,
0x9d29b125531e411e622a8d29ab37682fa127a8c6d06d35762eb9b0fd852d421d,1764513616,1764513619,2100,51234,,
0xd57537f60258ddc70414bf8b779604b112d4249d340880d296cf708ab22aa834,1764513616,1764513619,2100,51234,,
0xcec173e864c2ab1f22aa19a3a12518608d8f3461e8c2e39aa0f2c3291ab23f30,1764513616,1764513619,2100,51234,,
0x5b971c2771fccfaf7ad820d98863f5008afbcb20966a98abe4e2e6fc4d9c7c0e,1764513616,1764513619,2100,51234,,
0xbdafbb743f453e05fdb3e23ef92413cbc2eba2bd00b1aaeed1a1b962e3da35d2,1764513616,1764513619,2100,51234,,
0x46e2fcc538ea27cd1222a8b5c2e6a094270b37e0269db64afb24c9886ba58ff3,1764513616,1764513619,2100,51234,,
0x86a4fdd7f8cfc40900f02a5a2b67b1a15992cf5af53f59c22d1b5845e87d5c56,1764513616,1764513619,2100,51234,,
0x0d4136845522d55b886cdc2f65d55eb24f1f02212b0f20b309e49a49cd6ee0b2,1764513616,1764513619,2100,51234,,
0xb892c2ae5a3c43d7c3feba46d0978124f421477ab5dc372dc56a846d977cd8e1,1764513616,1764513619,2100,51234,,
0x70345061dfecd45eead54e07c57f1a2012ff159db1d34565719878f52ebf91dc,1764513616,1764513619,2100,51234,,
0xebca910bc02eb33c6b2ed5797caea5393c549380cd3d0f24866fb641c3e54880,1764513616,1764513619,2100,51234,,
0xf5cf8a8f2303aed19520958b7f392e569e051b389e400ff2f14f0c9612a6b39c,1764513616,1764513619,2100,51234,,
0xea5bb3e4f0732ce84380464565f12b72d13de635d95b75b3dc590c0af9956c39,1764513616,1764513619,2100,51234,,
0x3a793bc70d89883a9937ddd5941009f3f92383a9d072fa9396eb65e7f354f33c,1764513616,1764513619,2100,51234,,
0x568580ebf0d523727ce57458bc6cbe7b9253c078233f27cacd4eaa3bc3f07f89,1764513616,1764513619,2100,51234,,
0x98c4d8bf61d44cd2b1fb38bd7f3072aeaabf609b55855036113b90e4a5a18126,1764513616,1764513619,2100,51234,,
0xec65255f619b7bfe2e30d2dd5774a1648da9e8ffcd126af4ce8638d4676644c4,1764513616,1764513619,2100,51234,,
0xf33576685d08a0440081034445603eb14dfaa93413fe900f6d248f4668611f77,1764513616,1764513619,2100,51234,,
0x6f5338ebbcdd4700767f365c4e6fd1165c0ff16d935ec3253c717922146e2f97,1764513616,1764513619,2100,51234,,
0xad5c742a8ef44c027cafa07ded0693a737b220e4e3ccb3eef391b039261c4c76,1764513616,1764513619,2100,51234,,
0x73e9ba3a7c78c63d2a30dcd3ca7c00d13144b22cfd00566811e25371095a7c3c,1764513616,1764513619,2100,51234,,
0x0947308f36cf7313076b0271c934a42308afa4f8b1f78db8e37adedaf3adf49a,1764513616,1764513619,2100,51234,,
0xb38af305c5daf814e4dd874fb8ba4872fb342a55e8f8c8dcb8cb4921c8c54df0,1764513616,1764513619,2100,51234,,
0x7f1c73669fa79be41ac5b186139566ad960667eadb22fd78e88edb2c45364fb0,1764513616,1764513619,2100,51234,,
0xda67f544fd4c6f6146bf2e00325b44194e096ba3b98a6f16a8ff41b89fea18a7,1764513616,1764513619,2100,51234,,
0x761bd49e91428f83a07179dd34f9c1c175c4fcb6c069ab8239d7ccc66551d810,1764513616,1764513619,2100,51234,,
0x055ee22ed755f0d4089ae51b5c86b5449880b174e64a80deb4f1c6ea705cf99d,1764513616,1764513619,2100,51234,,
0x7b1775d284e82083ea74c1df7f2e9beee3c2d141a3aecfa628b75c9047cae8cc,1764513616,1764513619,2100,51234,,
0x0d3491fa82bf36b9620acca1db0e6829db42786fb741d4653fbb20f8bc4acaf8,1764513616,1764513619,2100,51234,,
0xa06d411cd74eac778103b1ae022dc15d643ee39d1facf0cbb4f22101fd36cc82,1764513616,1764513619,2100,51234,,
0x977f9d1afe68d1fe516f730dd444f73f9cb76637aacc79fdfdfb3b615bc923aa,1764513616,1764513619,2100,51234,,
0x4114e188672344ee25e81e0f1c06937d17996be28094ef5169d5ce6eddfc2ae7,1764513616,1764513619,2100,51234,,
0x7b9bb2c7e9e15cb6404cb4a6d597edb7cdb5bf9fa4f55f45c0ba1c1689af5509,1764513616,1764513619,2100,51234,,
0xeb440c6138e69eead8359da200c53633926d3899c9157edaac1fab8983cedaa1,1764513616,1764513619,2100,51234,,
0x731113a6173700867920b733396ec61aa35038084a68552e6272697d5609ffb8,1764513616,1764513619,2100,51234,,
0x6d7335aa6cca214c10530da5aec4a7b779793bff2607fa5def9adbf09eeec912,1764513617,1764513621,2101,51234,,
0x68dce550a266c0b322946f4d02ef5c6c88c1ea56a21eec45109645f4ff361ce0,1764513617,1764513621,2101,51234,,
0xf5438a1561c1d26b199972870aae39f32622298926fb8ac5693447e47ff417dd,1764513617,1764513621,2101,51234,,
0x161c544b0c24e57e318c3dd36b0a9fb4c36e4c4651102268d5c7eb6ce0bf6d11,1764513617,1764513621,2101,51234,,
0xe01f5f1e8877fbeefe8aef2f35344a38e33a49a4cee3f81d2a01e8275659fecc,1764513617,1764513621,2101,51234,,
0xbac9076e0e8e4a3d28610e2e45510068cfb7fd8e2c790358cc8948099d019721,1764513617,1764513621,2101,51234,,
0x888a7b3afd120ca1a59c0f0f51202af540f00ddae42b1afccad097b83e2933a3,1764513617,1764513621,2101,51234,,
0x1913c771b790a1e9b46faa1c0c7528eef5cb0537a2e458abc698d2329caff7af,1764513617,1764513621,2101,51234,,
0x5d2f9760c742d10c7328aa95e0d0b740414a151615053958795caf068a0ebc12,1764513617,1764513621,2101,51234,,
0xfcd403e36626d1164630f88776c04e2c9ef9114e534b33c948d30d43b4b9f946,1764513618,1764513621,2101,51234,,
0x533714c89b0976344ed1af9f44b7d29180d5886009b6ba90ac6e4fd8f2088f5d,1764513618,1764513621,2101,51234,,
0x141223df1cc6f63cc2cddbb46072f3f8f656a67cd6083c05d3ab036d1cb5265d,1764513618,1764513621,2101,51234,,
0x02216daa89df5f66901cc53e2192934183005ef8f40b6bf13cffc87f319c0c4b,1764513618,1764513621,2101,51234,,
0xf0acd2db82f435560ba0a47cb5b3da97b981f97ae647c6d0502f5915fd0c17bf,1764513618,1764513621,2101,51234,,
0x12ea767210e4b134692ddcf806d01672282453e3fd90c6e6c240771b68d2e687,1764513618,1764513621,2101,51234,,
0xc9d53eaec905389413f3de939c25c6202d7003f98e26141bdc31dad5f6ab2a89,1764513618,1764513621,2101,51234,,
0x8b4ecc6051c8c746da3b3d0e16312214089a20ec7bea023af9924c3a22bc5245,1764513618,1764513621,2101,51234,,
0xc24d9f8a65cfd05aa774fbbfdeb9a6350c8fb4f9002701be951873633fbdea85,1764513618,1764513621,2101,51234,,
0x203885a673f29b140041334bbfe4efda91b290960abe7f67c689554e2993b4dc,1764513618,1764513621,2101,51234,,
0x9566f72a12b10dc45a7d6c9d3cd961325f4f46e6ee35f3f163d79d48015b2d9c,1764513618,1764513621,2101,51234,,
0x450d738a7b9d34147cc25a814fc3fd30eb33e50581e706e9ebc16453a3c89e83,1764513618,1764513621,2101,51234,,
0x838637ea10014acdf52ed6e76db9bd1a62f72771a189799aac53d1d960a5bbc1,1764513618,1764513621,2101,51234,,
0x298f0b1cd15b0c15f746d30c16eaec785bb280a1962084317061dbf2a402a749,1764513618,1764513621,2101,51234,,
0x03322757aa90c371ce253328d3f66f0c5c25fbeb80a4b66015b2432aa75c8944,1764513618,1764513621,2101,51234,,
0xca0085747f84878711503e0e6dff005c7b6e8811cb7852058b68e30267f8373a,1764513618,1764513621,2101,51234,,
0x00aa37691890cc9ebfebc95f2235ee848b29ae6e7dc9286ccfcb995688db3329,1764513618,1764513621,2101,51234,,
0x20c87b31efd8c031867f5497445af9a87c6e5caaa4c41fea063ce3abc5d9e6d6,1764513618,1764513621,2101,51234,,
0xbfa325905be3ab2ad0b63856009f52154e6f8f4178f02f4ce8902da73641e478,1764513618,1764513621,2101,51234,,
0x05ce2c49652b7d1b3f998290246796253f2f5c72412b46929c5dd1681c2636fe,1764513618,1764513621,2101,51234,,
0xa1e290e72317e25226ed2ada182ddf59b10b424163673a2a2810008e4790c00c,1764513618,1764513621,2101,51234,,
0x375611caed0b545adca37ea3cf1a4a4c1209329216b2222cc6e25c94662fde86,1764513618,1764513621,2101,51234,,
0x0cb8b3120a6f62d5a6a13c698185ca977a052031d9f160aa457f8cf10292ae18,1764513618,1764513621,2101,51234,,
0xf98a101330334371ea51f1df4da710f7e74ddb39c01b12ad244be7c80039fa59,1764513618,1764513621,2101,51234,,
0x6c3c74f4be1a2b9ddb20807875a79dbf36e1873ab691c9eb1f35a49df3a0571d,1764513618,1764513621,2101,51234,,
0x4c4b09823c0753460b2ec0d43257ac3226c2dc855a2d0c19e7eec5adfa95ba3c,1764513618,1764513621,2101,51234,,
0x8ba81ef46d7d4dc544d3a9cc41521478c5c8492ead86adcc10f8ed64814c7361,1764513618,1764513621,2101,51234,,
0x1d92325fd0887ce1350bda742a0d395cb85d5149ac8906c16dbfe7479130da03,1764513618,1764513621,2101,51234,,
0x2532d584bcf5170fcf873ce368399a37128a99ef5da91fbd8f29a0fbfed65238,1764513618,1764513621,2101,51234,,
0x4f6a67be513b48b53ab698dc0195e87c72578bd029b05fd7172f2d04a85b5cd8,1764513618,1764513621,2101,51234,,
0x29263946c721fb5ba3e0a07a58b1f5f1c029e323fd872308d867b7276e5e9a82,1764513618,1764513621,2101,51234,,
0x8d919d309e7c997e0ae0a575977817ee977edaaa05e103757e1a2dec889d1150,1764513618,1764513621,2101,51234,,
0xdcff9febefb24561f1c24f37a4e6ecdf2dad8f4846cdac47f50bc515da29c45d,1764513618,1764513621,2101,51234,,
0xc575fa1e126737d4c3ddefbbb4beee1809fd8a1a0ea7d23ec5454b3bf9bb6124,1764513618,1764513621,2101,51234,,
0x014b33502f57a71b9e579ef459e451233142fbc71afdad9522076fa2a6293d97,1764513618,1764513621,2101,51234,,
0x38a9a02bf1122161a7502cf1730c7408dcd509330c78cdbc77ff3baf437f1a8f,1764513618,1764513621,2101,51234,,
0x2fa6719ecc5f88e84d4b8f41a84cdf2fd8f2a9eb20acbd3605aaca06a7b07cdf,1764513618,1764513621,2101,51234,,
0x436d53546f1a4b3cc5bfa0fdbbbade15f5e1ec5a429085b1c952030044d7cd2a,1764513618,1764513621,2101,51234,,
0x37a52eaabfa4cb33e01f0d11b09fa2bfe15233e6be4e5df58c6c58c69d12da5d,1764513618,1764513621,2101,51234,,
0xf92f63a3b7b6e84457abf9644f01c9aa49236d7024969622d33387cf1ff4e64e,1764513618,1764513621,2101,51234,,
0x1847835f607a893ca59e0877b7b8970001e8bdb6b9829341446aed15b9e9daec,1764513618,1764513621,2101,51234,,
0x6c47b5df84c26626fcb431517ce72ea5467faca1f5844fd95c5aba5d7cf445f9,1764513618,1764513621,2101,51234,,
0xc49bd2c55f32618e4285f46bfe3b5d3d8b67e3063b304b80e2e161659e15e30b,1764513618,1764513621,2101,51234,,
0x6212bc5cfb9c21a55aec44f6f490a6078017dd63d791fb0eee0540624b2ffc5a,1764513618,1764513621,2101,51234,,
0x76e629c44c36086403877a1e1456d239f903f7007dcb08a2c73d322e2390b72a,1764513618,1764513621,2101,51234,,
0x35bf588d1dac8ac838477a1bf0aad84ec37ee62e5482306988958d6da75b298f,1764513618,1764513621,2101,51234,,
0xd907bfbcdacbb740222692d78f5a93874c0ce6a3ec5f4d849e4ad582f3ba8dba,1764513618,1764513621,2101,51234,,
0x41b0f3a40acc08c332334d46bdddb149f7453fda0c6732f8451eebdd92ddbdd6,1764513618,1764513621,2101,51234,,
0x8fe318a3d862f56e7617ca157d5adf175db8ac71c629e445b9dbc9626aad2f72,1764513618,1764513621,2101,51234,,
0x7957e05ed082165f626f06dbc60a725ab54b09308bc0a9aa422eee0fd49735f2,1764513618,1764513621,2101,51234,,
0xb154bb14387aa97ce7ac955eb650b47af1add5bb5bc11e777adfcda1939be69c,1764513618,1764513621,2101,51234,,
0xa184910a8835631ed44db24b54c4b141e6dca7575259e9711097338fbf9ed8cb,1764513619,1764513623,2102,51234,,
0xc90ab6cc2dce287560749dc7c404185276a22c3575ae109711d337ade79ed4f6,1764513619,1764513623,2102,51234,,
0x2e2f3af6f72c1622d9439b3139048b5960b86ae356ac423666d8fe0145a64add,1764513619,1764513623,2102,51234,,
0x267ba187923fb41b5e213abc56e3324d1f448194c3f57546b256ea5ee7b8a804,1764513619,1764513623,2102,51234,,
0xb44c9078511f050fcb7b3a38c56df61b8cd436081140082c5a5d73e677dc1bae,1764513619,1764513623,2102,51234,,
0x6cec7306e88b00269d5eaf4c2053e0b3229df167b93e38b89c45ff248819e1ca,1764513619,1764513623,2102,51234,,
0xd8aa239ea8fc53489140cefcdb7772fea568098d6795c25867a29a0c59f9708f,1764513619,1764513623,2102,51234,,
0x77050f413324ca247f5d261f7f6880531649a96c43ea1104d763ae61e4143cd9,1764513619,1764513623,2102,51234,,
0x3d8d3294491c78d09e7a6a0ed8cd18127b43f289b22109aa62402fc30b932db2,1764513620,1764513623,2102,51234,,
0xc4839e64fd570638d3dacc01bcdbabc369b1aff7777681bfeb58f4115ef5d8ff,1764513620,1764513623,2102,51234,,
0x1f0613b8a91e614168973870edf4118374ae664844c5ef4d1ca3025b7ba9d8cf,1764513620,1764513623,2102,51234,,
0x3078c21c9fa643f423ecdf9eed849303298b2c77fd0ac584a0af3d9c06def21b,1764513620,1764513623,2102,51234,,
0x8303d68368f72b9c12b014010a2713501068d3f3de42b780a905d5e61a004e53,1764513620,1764513623,2102,51234,,
0xcbef81cb822c3918078116977e9d450a87e5a2fc08d980f04ae5b8d952c01de9,1764513620,1764513623,2102,51234,,
0xedd867b345ac63815f61cdb841b49808f5c48f8d9434d14685b5501cac69c762,1764513620,1764513623,2102,51234,,
0xcf39d09b0de7acf0ae78cd46824ed1e2b9534a6ab81788106bdefd3ed2c94b20,1764513620,1764513623,2102,51234,,
0xce02e08b49d81afd9d06ab86898955f22c053c58ccac55708e22dbe2d6ae9ca8,1764513620,1764513623,2102,51234,,
0xc95184a7fc85c5033645c3904408e576218371d65a03dbefd301861176e34c6c,1764513620,1764513623,2102,51234,,
0xe647b0110ec9b14569cfd9b0da716cccd25c8a0ecb1e234c468046f45ace0762,1764513620,1764513623,2102,51234,,
0xdfeb267d4088262c6951eb917f404462cd0baf2968f7a7a9905eb199f8ef8501,1764513620,1764513623,2102,51234,,
0xbeb909968d657b07ac9cbefdca0770722e04b3bcc48eb78f2c81f1ed8f479210,1764513620,1764513623,2102,51234,,
0x7a5685d93e7d8090180515c39639755b6c00de8ad3f0e9cec75838cc812080ea,1764513620,1764513623,2102,51234,,
0xb05daab845ec7a9d4bf9736ac74d4792d0fd12e957250fb05ace4e9caad28288,1764513620,1764513623,2102,51234,,
0xff3700f16d4d8e1ab60c1b8b5da39b7b5bba56e8e32f0611b4a0f905ded77740,1764513620,1764513623,2102,51234,,
0x46105460f1a5f156ce70d203fca238d6146cc64a0349b0d3fd243b56bc6bca30,1764513620,1764513623,2102,51234,,
0x95ba9fabb42a19f92dceab4b9aa04374f684173dbd4498765dc94d089202ede2,1764513620,1764513623,2102,51234,,
0x8c0243e5f893247177b122e72c041d5d379c2c3be1d0abf218eaec06bd9a38d2,1764513620,1764513623,2102,51234,,
0xebaedd3f5fa1171df55e9cec4d59e8316e0f6eac1d4f2c17d939590f36599ed9,1764513620,1764513623,2102,51234,,
0x024e44de75e21f506bcef3348bef7c5a29af3714c1d436da4df773feda28c269,1764513620,1764513623,2102,51234,,
0xe70290749c9749fd84725b3b80107c22cd4606160beb07df4f1ebc1c508b364b,1764513620,1764513623,2102,51234,,
0x85cd4ae0511701c41c1340b53fac9a9f903e4fe0a217163c67af129e7daedca1,1764513620,1764513623,2102,51234,,
0xb070fbf6f771814a4693be7d6058065691fb0d91bbdcfc54a583a99fdc1d290c,1764513620,1764513623,2102,51234,,
0x6b47b205834639a12de736f6382c18c8853178e4f07f7a2e3270c0fc5d50ec14,1764513620,1764513623,2102,51234,,
0x7294856e78abdb3f179e68f5cc01830715a3285f689e941a545f411416055665,1764513620,1764513623,2102,51234,,
0xbce29efad7ea5c56c6fcd267cc0c3c69452d93738f55c16da948ed011e302914,1764513620,1764513623,2102,51234,,
0xa65082133c063f16a6ac004c38301eed7fa63bb965ff2ebc1464e655e7d09d27,1764513620,1764513623,2102,51234,,
0x2e9910fc8faa8dd9c52ab125291f26e43daf610cc30964f0ba8155571c97a2fe,1764513620,1764513623,2102,51234,,
0x83151e64a1043827aa455c290986db8e7407a7b16da5ef25ba431ff69ba3fa86,1764513620,1764513623,2102,51234,,
0xda9dcf3660ff57a03fa3d755fd3ac941182d4fdde9b3549e0ab026287c4909d6,1764513620,1764513623,2102,51234,,
0x3fc0a25f945e9b5ce66b85f7bd7ac06a925b21db9952ca1d36b6cbc02958abe6,1764513620,1764513623,2102,51234,,
0xa127c2d59fbccfd7e6e332e85e868060a5fa845073802b3317cf86e11b69251c,1764513620,1764513623,2102,51234,,
0x3ed6a6bd87cfb6f2555935c3c1c944a6e866144849fb0c1450b7079dd7535e89,1764513620,1764513623,2102,51234,,
0xc0bca9bfe9fcc6402542760c2e2ce718aa2f4662060bea48b4de43899ade2185,1764513620,1764513623,2102,51234,,
0xf12b35fdbecd23e37a15ca1566fb69905a43fff194f3c32f9daaf7f582274cd3,1764513620,1764513623,2102,51234,,
0xe4c671bd999587174914dcfafc404bdf1ef3da4998b891abe46e2abd91a0d162,1764513620,1764513623,2102,51234,,
0x200151dead83a3ff61c588224147f86edb7cf02bbc237afc37d5077ec55e5613,1764513620,1764513623,2102,51234,,
0xfcb0a494c6e4af2f3459d173c0d8be2eff2804164f1547642e48ca9343f7c2df,1764513620,1764513623,2102,51234,,
0x42ff3fd8bbc093f4a9c6b550cbeb76ac707d4bff1ce7f026b447fcf5e5dc5e3d,1764513620,1764513623,2102,51234,,
0xc484af384fe5523819f55b49d00e6b256343e0ed9790099455752ddf13f8390a,1764513620,1764513623,2102,51234,,
0xf2d1e13ba496739a4c47b347aaf1b006ae18340d22f961fe4d53166a89ab940b,1764513620,1764513623,2102,51234,,
0xf789347d245cc23e4303870cc9983ea5514bd062e307b7520b064c9739fabc7d,1764513620,1764513623,2102,51234,,
0x28a677bf5cfd865d364cf8543e26f33c8013ba99282a15a0cfaa16481bdd74cc,1764513620,1764513623,2102,51234,,
0x219edc05b68b6b7b306bab2b5f23291994384c76b17c6486bd823882b638da41,1764513620,1764513623,2102,51234,,
0xce5ad1235bc7e5ec9efcd75b0522562b5440c58723184730de27d6d3a1a2b4fe,1764513620,1764513623,2102,51234,,
0xc7ebc2fcd3fe675275e238ed41004bc1d0e874b01203c0f37a0900e4f8f8c823,1764513620,1764513623,2102,51234,,
0x855c38ffd18db10a69f7671d5848580c555ce114d836ad20ca38036c9403f3e1,1764513620,1764513623,2102,51234,,
0x5b32b9436e551d32bbd6eae20770f5b3e5595afdd2974ad93319b1c6a3145d6b,1764513620,1764513623,2102,51234,,
0x0d26ea6f68581caf0485d2003f831b9c9d74c60a7e5d787a9d7d93d989f5f7b8,1764513620,1764513623,2102,51234,,
0x7f36cd48e18dc2ef62b3709a0abf2027a457f33fd3ba12312bcd92b487240d01,1764513620,1764513623,2102,51234,,
0x88723d770fd81cc53fb6cfc0dfd73437e3b805ed8f651e3bb039c1bdd28fcd75,1764513620,1764513623,2102,51234,,
0x3b0694b7f606b5604b4e604ad340ce5cdb15b912c864fd6c3187c7fe99a9f142,1764513621,1764513625,2103,51234,,
0x216245ce3c62b9ddcfd3dbbbda0292096a812515a19061092fabcb3b624a27aa,1764513621,1764513625,2103,51234,,
0xb87710bb852ab6cccea2b5a09e3f00d454305c62a009462d0cbb576fea25533c,1764513621,1764513625,2103,51234,,
0xfcd49ffa57310e3edf05d343abc1bfe343000a35d78290a88969ce9cef2dc111,1764513621,1764513625,2103,51234,,
0x60370ae3d658407ba536f9a39af9102d193eb84c8888cece5c468ca7a9587c87,1764513621,1764513625,2103,51234,,
0x3c7436e3b4db298b0a57778207c57302b6152fd86d05f7b8215d7cd9141ab90f,1764513621,1764513625,2103,51234,,
0xca2780cf1c59372dc34a6c4a7f6a60a821cdb7bc00d0c837e9574910a768c64c,1764513621,1764513625,2103,51234,,
0xf589304c77af9121ef07df9ec54dd635d140a995fb88a0b27152686bfa131e7d,1764513622,1764513625,2103,51234,,
0x5985be572caebbc85aeac428da8809848194e191e0e0453770735d3b7c70acc0,1764513622,1764513625,2103,51234,,
0x1e9d48cd6955d44f2eda2b7fe0ad9fd61bb2b1e30ee0d861393db36be086cbec,1764513622,1764513625,2103,51234,,
0x87651271966641ed2653bd04b028f9d2dd53aa9e80a2c5bc44b577b3abba85ff,1764513622,1764513625,2103,51234,,
0xcb82663ee84f47c4c26f4ce12c9e32020da86b1978501241c2e22c9a29410212,1764513622,1764513625,2103,51234,,
0x6260a4e76cb6ad25d08cde093da4f23361c64d3ac9a8cb48b3a0c453b3d9e790,1764513622,1764513625,2103,51234,,
0xebcee3b65f757756a7eed005a3ef8e7a9b258fc0757e449b4396a69cf794a70a,1764513622,1764513625,2103,51234,,
0x173937028f4ff9f08dabfae75817c0b5c22bfbd859cd06670dbf48c701bf9b57,1764513622,1764513625,2103,51234,,
0x691fa6589b2f38e50a46e4411c01619c7e949320bd81f0844e2ab9c4f6e25d7f,1764513622,1764513625,2103,51234,,
0x3e3f85e1aaabc5846fade4fc1dbb0e5990f7a83126655bf9f289993ac9a3798d,1764513622,1764513625,2103,51234,,
0xa6d952b70e148295b57300ae0c49a14b65c93def1b73f0b71006c666bf0bf3de,1764513622,1764513625,2103,51234,,
0xc8cd3680de49e59ceb6fdf566dab4dbb425ad22431261fc5e04d714684efc113,1764513622,1764513625,2103,51234,,
0xc03e557fb6d3e78be90c2ac2ba77816ce273fff7fe51ba243809933e2dd252ec,1764513622,1764513625,2103,51234,,
0x77274a1c45484b514e9418e5bf71faaf4a9746085cc5d37eadbc288c40d337d0,1764513622,1764513625,2103,51234,,
0x84610e9b017f5199f3914b9195f31de90a7a7480524b9f7e95d2e902b7b89fa1,1764513622,1764513625,2103,51234,,
0xa95d4abfe0191a3178205e558f2f38ac3e94a9080acfb99ceb31857fa2d09404,1764513622,1764513625,2103,51234,,
0x5bec1320374006a975ff87538525fb63ffd16f06a7e5edf669a2e4dd200ccac5,1764513622,1764513625,2103,51234,,
0x11ef93aff5a7d29f21c47d4b9c79ec4172b870457c77146c78f61ec6b25a09c2,1764513622,1764513625,2103,51234,,
0xf69cf2db4c3a09ff5a41417823017c235236a13702b3c24829e9e4a31e3d137d,1764513622,1764513625,2103,51234,,
0xb8758474902402fa2035677953a3c0239b2f996c69f35feef4f1fb7a54290d52,1764513622,1764513625,2103,51234,,
0x3b95678f28dbc6916547bbad3d2c90d056fdba17c22bd4066c46d6af37e7336e,1764513622,1764513625,2103,51234,,
0x3d22a9887f82763800638ab57e6ea9400589a5cdce9f579b0740e0b1e4efd0b4,1764513622,1764513625,2103,51234,,
0xbc7218fc5e14aa6fea62c0656f4a83cf57d82171999d50b78d3d92421b95d99e,1764513622,1764513625,2103,51234,,
0x5c5bf3a086cfdebb1bbd70d9f8aadfad972036328421d31e0dcbad8f677c3ac3,1764513622,1764513625,2103,51234,,
0x2a0e7cb7e7370791c439e1497b935f9ed85cd3ec263233b8f0b2ed013b2dfd5d,1764513622,1764513625,2103,51234,,
0x520e90de8327fa83facbc677b8038250726708037c5cf717fcfe179efbcf1b59,1764513622,1764513625,2103,51234,,
0x5a9a0d539b9d2b6d493a535a72f28bfd95e2bd486e9b9ccee9c1af014c96b129,1764513622,1764513625,2103,51234,,
0xc38f1bbfff1b4bf9cd6a41a023baab2bc4bc9c27e40e07eb51c914382dc7fdac,1764513622,1764513625,2103,51234,,
0xccff4553032b53a23860915ada8619eb653a0a341129ef29b8701aa9829354d6,1764513622,1764513625,2103,51234,,
0x6f63521149197c5eb193eb23f4c17cc339917e7c64cb72187d32c8c360cd2ca8,1764513622,1764513625,2103,51234,,
0xa5a7700fe501dc65d20aeabb6f100bdc3c112085ea2d0527ea22304a6c658bfe,1764513622,1764513625,2103,51234,,
0x18e494f9dcb8ce3a5a2d7a1ea7921fb41dd1709edbc40f3a5df84b661a1e6ede,1764513622,1764513625,2103,51234,,
0x0fedb68950fd81025a783e5d8e9264fee35aa55516e228f58bc2045debac7e64,1764513622,1764513625,2103,51234,,
0xd5e8f52668881c80e4aacb28ae855d6296d0006e96b55ca703ce54509981b528,1764513622,1764513625,2103,51234,,
0xe8f5908fff6f60f1eac7055fc570cc0cfd1b1ac43ab65307904cd719327d2053,1764513622,1764513625,2103,51234,,
0x065982d095f562dc8be81b8639c8be073042ddcbe850ad5a278e3e73c5cccc59,1764513622,1764513625,2103,51234,,
0x0e74fdf6b99aa538cec056a595e830f0f57baadf7b983d5081c121da4979a4b9,1764513622,1764513625,2103,51234,,
0xdf42be263fda85b3f07d45aad7583d52fa0c12ec5a8d800817d7a36cdd15307a,1764513622,1764513625,2103,51234,,
0xc69e1cd7ef712dae344f73a8930f2a7417e15a135977476e053997ab58f5184e,1764513622,1764513625,2103,51234,,
0x5b3d974858a5ace7a73bb62f938aa11cdba7b0a0180af82a4d9b41a421d29e98,1764513622,1764513625,2103,51234,,
0xb0602c44c2660bef571153f4bd857c1495e015cbc79604aa5ef1ff307de6cdc5,1764513622,1764513625,2103,51234,,
0x00478218bed2f5a4b516bd93bd12a8b7f89be62d987d2eaa309dc1abad4431d4,1764513622,1764513625,2103,51234,,
0x11597ff25f7a0ce9236230cd01193283225a47f1a1e74a168e425fdd7c5336b0,1764513622,1764513625,2103,51234,,
0xc795b8415a6cd843fe6c99e41ecd5a11e99cb98745de826112b6f211d1c21d4e,1764513622,1764513625,2103,51234,,
0x49b2bce753b6287838bb0f780c0c3577aa06b0d38c86efc53008f31ea01058f6,1764513622,1764513625,2103,51234,,
0xcfdd6abe03451764e359ddd44bbcba489f385783c31b7a9d7f61a82b42e154eb,1764513622,1764513625,2103,51234,,
0xc559b3f138850af74bc164600a44abbfb2e98d1185c4e09182c5fff6bd8b55e4,1764513622,1764513625,2103,51234,,
0xc33ec3277fc36f9744f095b1776346951f9a0ea4b51c36344a439509974613cf,1764513622,1764513625,2103,51234,,
0x245737d89bb09d836038bc377adac87d0ba02e33dc164c0d87b94d880c355ff6,1764513622,1764513625,2103,51234,,
0xefb82b230a447d9f4f232789c59197ca181926dbca7c806645e8d12d8a4bd8ec,1764513622,1764513625,2103,51234,,
0xf37116982c59a36026982a033231593c8e3bcb94de2b8e6e82647c42a6cc0b69,1764513622,1764513625,2103,51234,,
0xc87f8c0e93d1734ec72c40070c4fa03ca8c28bf205601c495061ffc90ed05457,1764513622,1764513625,2103,51234,,
0xd9d1ac97489e6de27c4bbcaf0599f26590c96b477f2207997eaea9ddbba5b2dc,1764513622,1764513625,2103,51234,,
0xd1d1a627263411765d8a8b41ada28add962b92f88f6dc4f5d210f4997d04482e,1764513623,1764513627,2104,51234,,
0xe29d3689bd1a29ec5cac971e4a0d7738fa2ed71b3545cf0b79bcf1bc9c1bf790,1764513623,1764513627,2104,51234,,
0x5d0f8e79e561083caedbe21898b029cc502fa1edc97d32b92746a76221a9c37f,1764513623,1764513627,2104,51234,,
0x317d0d0c787d800dd00e0c3fe50e721a996ed96f5c134096dbcd115d94843fee,1764513623,1764513627,2104,51234,,
0xabf4f2b0b5f5715b7d6936de6d939fb9fd73b9135b75c198d5cd8c59d50e1eb8,1764513623,1764513627,2104,51234,,
0xdadc933c619dee8b4fddc5aaa1f28fa0c9705cd7c25693a6afd5019af578bb22,1764513623,1764513627,2104,51234,,
0x7f08a7748fc092a00dab087cb16b2b816922645229ef455c0a8e0c56780c7e20,1764513624,1764513627,2104,51234,,
0x2307aeeb1ca6ba40c7fbcdd0bb58e05146538524c0049de9c8e02a4de1702e43,1764513624,1764513627,2104,51234,,
0x56081e09c47fcedc1d3dfce850c301928bc106c38cc2be6febb329bf31f7453c,1764513624,1764513627,2104,51234,,
0x366ffe2e5194c2506cec79ec14f98b33e60dcbed41808a296ffc5bb9e7fed3b0,1764513624,1764513627,2104,51234,,
0xa128f1bf78e93a2518066fbbc6bdd46b8ea0605345533cd41ca309cbc46df0c5,1764513624,1764513627,2104,51234,,
0xcf4308c06f91aa243385e6e33004fcc158d5ca57e0b7e82fbc927c3f696f693e,1764513624,1764513627,2104,51234,,
0xa62707592bad7f83049c69e2293c1c1d537661a3c5791a884e463ba3ca0b110e,1764513624,1764513627,2104,51234,,
0xf7d18efc3601625022433a25ffd91995a578b66649e3d29a3701c7490534e8e9,1764513624,1764513627,2104,51234,,
0x783678b08f076456a2accb992c39c1cfc131109bb468519e49d12c06776697e9,1764513624,1764513627,2104,51234,,
0x4fa2081ec52c31df0ce202d64ebcddeb0eb9b1f73bfdd31e3bb6d83ddd193d48,1764513624,1764513627,2104,51234,,
0xa51033485b015a682617e1b9a5a4131b71cf117a7899478de96724f181e0f8c0,1764513624,1764513627,2104,51234,,
0xe80450e797de46637fe6a973f7888eda6325b4fb3d8af61ac80c5b82c41e296d,1764513624,1764513627,2104,51234,,
0xb177bae013fa3dd6584cbb8511ffbd011a2402e1cc365a91360d198be20e8d04,1764513624,1764513627,2104,51234,,
0x613942f4715d01ca920450c092fb1c4bc313aff9924ae6f792bf50b35bf9f1f2,1764513624,1764513627,2104,51234,,
0x278476030102b6f1c8d94f14a94e2cc0a7e397a29b96c1c661557368bca1630d,1764513624,1764513627,2104,51234,,
0xfcaf8406c642116ad8cff0292150a5b679dd44dd3eed4aaa54d47c0620eb37ec,1764513624,1764513627,2104,51234,,
0x7a44c0fa2f5ca581f0c5d9faee5c1bb65122f9a5a3fb17fe633d61cd3264404a,1764513624,1764513627,2104,51234,,
0x77ade3779b0a40ab2092607e85d1a5660f53cd12dea5ffcf9efba7293c47e390,1764513624,1764513627,2104,51234,,
0x8f44bc1427c739b398c46e422ae961204d935504101871670af73f68069f5546,1764513624,1764513627,2104,51234,,
0xd00701b8f86ee355db5346347b475a23452ea40a2fe70399beb7ddf43fd63880,1764513624,1764513627,2104,51234,,
0x34085ae50996cae2b7ddf0a9df75a77b6aad42dad788592e0ac44c0f642a1847,1764513624,1764513627,2104,51234,,
0x0e000818d4b3d73078ee1a008b83a854f49b08ab81a64f6829d92bc7953e76ae,1764513624,1764513627,2104,51234,,
0xbd93395c7688f23ace1851f860136efaf4a3d83d241c9a4b22ffae81153fdb81,1764513624,1764513627,2104,51234,,
0xe24ebcaecd0bac2d12e9c1c805bebe905245d2b3bfdb023c7e99edd8e86c3498,1764513624,1764513627,2104,51234,,
0xd3209c14d4231a4036205f660becf20288df81e2f373a075390b804a144cb8c7,1764513624,1764513627,2104,51234,,
0x6fb550f5a6294b694f87266a1833fdac07d0b02c9a92c7b228f22f1d6273cf14,1764513624,1764513627,2104,51234,,
0xc4f32661b3be5448db2bd76f2b239ee7458e564387357378ba9659502271fd71,1764513624,1764513627,2104,51234,,
0x729c20304e72aef3c6949c6f7b0619273644d496c1ff58b68dff6201d046df64,1764513624,1764513627,2104,51234,,
0xf1a0fcbe1e7c254a55ea9c43a1e787bafa01f1a7f3e3eb2146851f1c282c98cb,1764513624,1764513627,2104,51234,,
0xdb2fe040bbee28af3d24f2dda5695aab876c8656c141a2a055013a8f8c89f3b2,1764513624,1764513627,2104,51234,,
0xa55f8d648af3695deeec35bd75c4d965aedb75ab39c2bc1fded33f6ebfea154a,1764513624,1764513627,2104,51234,,
0x033e6ecb67d206ab62dbb14032cf012caed92183182ab3941d821b4e773b8e5b,1764513624,1764513627,2104,51234,,
0xa1cbbe139b15fa38986e14085ee27f85d54fc2d7036c7317b0ab3354351de9a2,1764513624,1764513627,2104,51234,,
0xa92bcb9689ac51fb4da0fd471440e99e7a4b0dc3f969c23619c0569cec11161a,1764513624,1764513627,2104,51234,,
0x331d1e96ac5779c94ebb36cc282708037d2c2ec6f8c1e0d4cc5efbfec1e95344,1764513624,1764513627,2104,51234,,
0x4d90a2aba06ecc63c8459c87b3744d90c8bb307409f9a8c32bcc8e44ce4f0401,1764513624,1764513627,2104,51234,,
0x8ca4d4f204399515594e0690009d2c726898e5bf1af2205134142c43f949ccaf,1764513624,1764513627,2104,51234,,
0x8a4a5b079d9789157fed622c77d772d12a3d8d3174e6a41d45718e68b98370ad,1764513624,1764513627,2104,51234,,
0x1a608f5efbb167b352093899e5e97f48caeeebcaa547bf09f7a2cc225a5d78e3,1764513624,1764513627,2104,51234,,
0xe4f7e41b9e16f3d43dfbbfb85c04880a01a36e7dd6e694d35797d8cfaa591c06,1764513624,1764513627,2104,51234,,
0x4d23df314ca905c7b6973bb4ce748618a9d4ac43f82cace42f7556b0099a1aa3,1764513624,1764513627,2104,51234,,
0x8cbef4342d492c78dd8f6b0981a188d360ce32e73747b385fe84021429524de4,1764513624,1764513627,2104,51234,,
0xa9ba04c222b0f2964ac76875b6d1d6b8c65c00de0b8563ff1c47ebb7de430e5d,1764513624,1764513627,2104,51234,,
0xdd289c2413ca2ae0dd12d1faa64ad7723ea7a3d4df76bb83d7713933eecbb2cd,1764513624,1764513627,2104,51234,,
0x4e3ef82e72a530b931d60b64de01345e4ade94caca571515833fa0a0dce3b0b7,1764513624,1764513627,2104,51234,,
0xaf2b78f629bf4ccd322d31ad1b13d206d9dcba9764c9f9c4c0fddf571602b948,1764513624,1764513627,2104,51234,,
0x4452499201d81b53564a07d6c6857963ad9a7db46f0b1081beafba4eeb3855d6,1764513624,1764513627,2104,51234,,
0x6daea776c8d227266e4c5967ac7fbae0cf9c7c4b933aae4a0567752802440bad,1764513624,1764513627,2104,51234,,
0x696aaccd31168dc393f4c1c419ce8001fe5113258fd89f11a58ece0fd064fa40,1764513624,1764513627,2104,51234,,
0xc5019052e3eb1d8280d9ffca4342d2a9b0a8b5bb597c7313a0e4c61224acede4,1764513624,1764513627,2104,51234,,
0x0b3abcdc427705354d3544bf64ed8d5a329ce4f00adfbc25f6926df76be0e354,1764513624,1764513627,2104,51234,,
0x24a77cafcb05531ad62a17990296ee59467f4bd590a5f5ad52f24cdb8d11127c,1764513624,1764513627,2104,51234,,
0xc1fae8064b37b553fca5470b20f6c9873cf122f783764ab94a156d709a92a263,1764513624,1764513627,2104,51234,,
0x65da170ab82398fe9a725564e31c6967284e4b9349529d8f74602eecd01d156b,1764513624,1764513627,2104,51234,,
0x5a00b74be666373c521b5478c449ae88ebe1084f7b8f2776d2d8108850c00bf5,1764513625,1764513629,2105,51234,,
0xd628eb39a9dfa6cccbc52a1bb0056726d62001a976dc854ac0984e7ff15e07c9,1764513625,1764513629,2105,51234,,
0x68ef1a5a51e01f3bff01eaa1e81fa52f3a856b1d9e2667a052dc732837f3abaf,1764513625,1764513629,2105,51234,,
0x610d4cd7b89dd1a27b91ecd53651cd74215faeff203de45d6a09ffbe8ef76c22,1764513625,1764513629,2105,51234,,
0x5c6b19ce0ac07830d5403259707e908234ddb6f17a9b9c52fab994393d1b206d,1764513625,1764513629,2105,51234,,
0xc9817ae879e7a74586ae52020c13c824525b15971216fcfc869263effc659cf1,1764513626,1764513629,2105,51234,,
0xdb2c14d1015fe0380f6d1814253ceceb0cc0817760d56af1d746907983108005,1764513626,1764513629,2105,51234,,
0xcaea4bc395274888316e24eaff2b41c1e5082a17f3959b31160954392199e153,1764513626,1764513629,2105,51234,,
0xe6b6a307bb3d7024ab25ceb34d75a47fa598e92729dfdf009e3bcbb9976e44bf,1764513626,1764513629,2105,51234,,
0x2f4a28c19df066a4717b2f6f43ce99b95bd3786c2d088dbe18df23eabf37079a,1764513626,1764513629,2105,51234,,
0x961b808815c4ecfa801e7b7137196abf2ace7228e85a0493f82f1ca37dc504d1,1764513626,1764513629,2105,51234,,
0x4fc0a5fadf5598db03fd5053d1f1ade5367d21be4601c48ac030195da7f40e92,1764513626,1764513629,2105,51234,,
0xb7933d3df96ae29d45a4149bcff76fe33fc774b2c59e52b9b18ab6433757f084,1764513626,1764513629,2105,51234,,
0xc7f03c9531e75e083765b5a6833981936ced9118262781274ff54b3b9ec2463d,1764513626,1764513629,2105,51234,,
0xeb420a3eab6010461be397d2a168c067467421a104463976cd319adf7e3cf804,1764513626,1764513629,2105,51234,,
0xefb58eaa7bae43f4ff4dfc25b68a0077a59c3797c9c67f9bd5d46d6f6bc8d025,1764513626,1764513629,2105,51234,,
0x6ab2cae77245fbf92e3ec332466144ab2d4abc5812a93d4b0002fbe9895b9565,1764513626,1764513629,2105,51234,,
0x006b294d269af46871bddd4e2923644fa20a56478c95e8eded6f836cb5203974,1764513626,1764513629,2105,51234,,
0x8261e685b4f75facd2445e4e87670336b025d7e7838bdfe93057f5bedac13c43,1764513626,1764513629,2105,51234,,
0x06f4d995192580756a3373139daf22aaa2f158b1983d017ec59216b2ac291eff,1764513626,1764513629,2105,51234,,
0x15834972cda4ecb72040a098e7d463ccc5092cfae641ecd772c09e387932e867,1764513626,1764513629,2105,51234,,
0x89c6cd11773d0e55917e7d8c491fa4748fe6aa9125de4075eedb12d19c8c00ff,1764513626,1764513629,2105,51234,,
0x3a1ddbc4a707c45aa26a12f578b03a6c4b6cc0263342cecc500a83ea92fc2a42,1764513626,1764513629,2105,51234,,
0xd3db4df37e6dc9717df632abef7ce3fa9ff352888c81dd4e1327a0dcdf5a8312,1764513626,1764513629,2105,51234,,
0x1c7a7dd465405d6e99501205b17f2ff10defafc6a725391e47e5ee659aa2989d,1764513626,1764513629,2105,51234,,
0x25a44b088c5e4fba517ac2dbe59222a31e91e4ae9cde80dbeded7d7e11cf45ff,1764513626,1764513629,2105,51234,,
0xc720145db3f221fd1a83c65d8f5aaf7c3da79c971d496cbdedf856bf6a2179e7,1764513626,1764513629,2105,51234,,
0x900605119bf70056db9b15700360e00b6dad53ea93a54485c852fc0e7956a29a,1764513626,1764513629,2105,51234,,
0xa881e3eee4f2efb4cb2259771f9d5d174e605751c9a04f45cea87fa08c136ae7,1764513626,1764513629,2105,51234,,
0x59dd57894dc7415b43d5204dc3456019748b2fbcb075bbad956e244bf0a400cd,1764513626,1764513629,2105,51234,,
0x12d0e33203285963e19a53e7720b2d18c741191a1d70ac8adeb4ce3cb19fcd58,1764513626,1764513629,2105,51234,,
0xe89a5b1007cb42e43982ad9620a6f08f4ed21ea2da239b02376550e9eee2a431,1764513626,1764513629,2105,51234,,
0xf63e796a78e818928056dc0500e33e95b20b7064b5db185615df0e5cc1e9c988,1764513626,1764513629,2105,51234,,
0x34d270289d7353650708501a450c6b06793ebe6558a1fc5c402e11c5fe92b182,1764513626,1764513629,2105,51234,,
0x24f5f2d3010db2532fa7947865d7118757fe1b60b45ce846ce50e0b2eb2e598c,1764513626,1764513629,2105,51234,,
0x3f2ea8b6634280d1cb7c5c4af5860e4e86a2740398fc527a23713d770a26c14e,1764513626,1764513629,2105,51234,,
0x98445022fed28f2e9ed5a115e210129cbabf12724efc33f352e8d712cbcd18b4,1764513626,1764513629,2105,51234,,
0x41b45d50667bed201603ef40cdbdfb50acf661618d9fd5ce9c2d694b4b4a105e,1764513626,1764513629,2105,51234,,
0x6f3102eca8557ef3f17b4546bf7e55360bdd17acd383956dc6ece6a5eea9f8ef,1764513626,1764513629,2105,51234,,
0x9d6f9ca7fd0c2b912bd34c008eef558f914795c8df7ffb9d89354d0ea5be3586,1764513626,1764513629,2105,51234,,
0x4d417c691873479b20bdbe459c56e8ef6d61e0e0384267df3635aa7344d3fda4,1764513626,1764513629,2105,51234,,
0x8da849c48db0ef42f6ab1812eea1f3d0f90dd371c5cf312c56ed6ca228819926,1764513626,1764513629,2105,51234,,
0x0284fca8b70c7e6ef10d2b81b24aa18e7b8bfcd0fb6d4dca6baad7c9fd346834,1764513626,1764513629,2105,51234,,
0xf141a750c3fa4330f94ac31457115950ddde9212194a91ea490a88b2bca99a00,1764513626,1764513629,2105,51234,,
0x04d26b4d734b4573ae6e3ccb7b579cf87eb54af19a72ceb64045db688892ad55,1764513626,1764513629,2105,51234,,
0x6f53c751aa45620c2d83902efa225fb1036b4cce181deb5aea8011ee3cad1c52,1764513626,1764513629,2105,51234,,
0x780ea83511a4289899c7c47bf657d66fbbb7d6d09f4ee51807dbc5a3d6fc6e67,1764513626,1764513629,2105,51234,,
0x9a4e37f5763069191924ca334d55a893c96680d598e2662aeac07fb7423a1d6c,1764513626,1764513629,2105,51234,,
0x7f7bf674546f129f97d035b86b51b4fc48f5d05f798c3a26bb77d325aceab397,1764513626,1764513629,2105,51234,,
0xf216255485e02e4ed69cde13b7db7d06efa58462e24a0910d617d2509a56c7e2,1764513626,1764513629,2105,51234,,
0x974cd942bcf00fa27e35c3b782f8c84cf3f53ed9ddb6ae95f978fc8d50fb06bc,1764513626,1764513629,2105,51234,,
0x0c978c551583954538b2fba70060ed63fe809dcfdd98263d14aec2aaf0eeccb1,1764513626,1764513629,2105,51234,,
0x111f9c9303b0f052d360831e84b70541a8ccec737b42f3e85a9c0b4a213cd7eb,1764513626,1764513629,2105,51234,,
0x92101f624131c9a8cc558f3d2085f40a0e9ffd4f9436e348c8ca7b7773ff576b,1764513626,1764513629,2105,51234,,
0x827ecf625555d92633d25f954a008f55c30c55bf4d7aab9eb05b8eed5dadc1f2,1764513626,1764513629,2105,51234,,
0xac486e827d5930c4a395c06b1d6015b355f687c8264eb0d45ae4e08ef73b860c,1764513626,1764513629,2105,51234,,
0x6730854e3fd50352efce027a101acd3fb9bb92e2f27d02a99dcfc5b50d8e0cda,1764513626,1764513629,2105,51234,,
0x1a1e1253bd1e40a067ee8e0a172ed3ded1d832f10662d984eeb9915f797fabf4,1764513626,1764513629,2105,51234,,
0x085cd1d3677f86fe35d215d8ef86ff0eef5d9a3b121a8e24d225645ec4eabff7,1764513626,1764513629,2105,51234,,
0xb63a65d5de42a667855e1522b35bdd7517ffc42355c1be27e52da5a1f1c065d4,1764513626,1764513629,2105,51234,,
0x14de5b4aca143235394aac9ed1be343f0f8a0bef3debf3bd119d6c4643a022c3,1764513627,1764513631,2106,51234,,
0x837fd884e3d797278612eb2813769140d3d71b8297330a385b0571a775475737,1764513627,1764513631,2106,51234,,
0x8ecbc352227f22affc240ca2a3ae6103d5c4d20ff5f4199944963c6297b97411,1764513627,1764513631,2106,51234,,
0xa81882bf67579b2f62afdfef750c438447f5d08612285630ec56622851ef413b,1764513628,1764513631,2106,51234,,
0xed7042ef17e99d774985c222fec1f58f8fae4d8f257d3ce725c1a029d24a2c61,1764513628,1764513631,2106,51234,,
0x6f7b9d77c8e16b0b9653dc3d1c0b7006657c7ad7869a14072b237ee2157c7640,1764513628,1764513631,2106,51234,,
0x0e0b107ab1196799efadfe909126caaa77df2e60993defefeb3c183d192ebdd0,1764513628,1764513631,2106,51234,,
0x7d0e0ff531264418989f489da6d965e4b55fc730acc5b2becf4c2e37d3442d7c,1764513628,1764513631,2106,51234,,
0xa70f009c0921ea261a5efa3312166a7640d302754e581d0ef2f18e59cbc85290,1764513628,1764513631,2106,51234,,
0xd2639c06f8e95a1bc4694cae089975a62d15c56e89985e61693d7e6447dc52f7,1764513628,1764513631,2106,51234,,
0x61dba4816ecd4401770b8f300bedb29649313ff788226dc1197d3afd2f6b27ea,1764513628,1764513631,2106,51234,,
0x652c46abce6e3b6fabb241c9b744d3845e9ee1909d52e9b635ba2251d11d9ac6,1764513628,1764513631,2106,51234,,
0x1576fd0e3995bd52590f717c9e2f1e5634a57d2546b93ce47bd5180ea376f324,1764513628,1764513631,2106,51234,,
0xcbddb7add12df19f046a495dfee448470f157cd8dc1d21a296fcdb88807e41fd,1764513628,1764513631,2106,51234,,
0x3c1ea3f494b36d2322920fedc1fbf59d58886b5e1205c355bee17cdf52e24f12,1764513628,1764513631,2106,51234,,
0x68104c58753f74eed2dafdf1d9fc6db70dc79a8bf2e2c3f3070ffb478ce53baf,1764513628,1764513631,2106,51234,,
0x302999e050e8136a5212f5416b2432c4a12d54a79168dd1c6204457315b50818,1764513628,1764513631,2106,51234,,
0x32e643ba2b8fe65a314abd90930f2a34451989f38227009963c8470196db2e68,1764513628,1764513631,2106,51234,,
0xf299bbb18a86a1ecfd1453d0096fe89a5958fd1ca5529b519fbb808902f675f1,1764513628,1764513631,2106,51234,,
0x63564a0415211e7c71d46959523a51cb9d6642919167081fa492c602077b40ca,1764513628,1764513631,2106,51234,,
0x4dd0fbcc0e24e762d3f00185d95fa9876f220b1e8b87fb6a0886a3d7a25f77d8,1764513628,1764513631,2106,51234,,
0x0f465caaa5bc6831d0e21770800fb70194c80314d4a9168cae7d1ba82c465f41,1764513628,1764513631,2106,51234,,
0x3eb912caba924d45ce0454e18785dae8bb4432234b6228fb6ce55895ed7ccc1d,1764513628,1764513631,2106,51234,,
0x71e55b28ed1759d4d46ec512a134f8370a08dc0d07c32ae42b1bdb092756fb32,1764513628,1764513631,2106,51234,,
0xcccd9b6c867efdb67264fa41ca5cc0845fcf5aa28ef2d572cf14e9839dc674be,1764513628,1764513631,2106,51234,,
0x9ab84ff252f1802a6ac99948a8a5a44c1ffdc2cacc2af17ae5b563facf4e15c4,1764513628,1764513631,2106,51234,,
0x128aaf294485e46f1c13bd020e4c75ff1b1cab24eafd462cb4788081c8bd439c,1764513628,1764513631,2106,51234,,
0x6ad7beeac2202a09e967e90bc1ad3c29cab89c0dbe195ee54fa4fde80c3f8eb5,1764513628,1764513631,2106,51234,,
0x609ca20fdec9ac4060725033adee531d0d113181ba9f8b91ae31d89f12b0ea8a,1764513628,1764513631,2106,51234,,
0xa4cbc918d0b422ff9024802a74e65b3087a3cf0f44e964355f8ffbc02a65d0a9,1764513628,1764513631,2106,51234,,
0x85d5b72f3f5858a94f342c68254a08441f7cf5d7ac968aaa45304378c5772f11,1764513628,1764513631,2106,51234,,
0x44cbd7b77e42c2d0c178a5f6895e7617756503a08acf3ff6ffcee87a4004a577,1764513628,1764513631,2106,51234,,
0x1bb4e312fa77bfca2e3aa07377f278dc489fdabd48746bf99b481551156e8a64,1764513628,1764513631,2106,51234,,
0x94486118f1ea9cc70d3708093789ec20f2bcc2b47a6006bd40a53d86f756979a,1764513628,1764513631,2106,51234,,
0x4b7a50f8679d07bf6fb86f0ac1eee9964779ed83d2baea1ed6cf2164df94479a,1764513628,1764513631,2106,51234,,
0xc5cdd050a1f2791e80edd17281bb1fcc021840a9d377e3c4357ed9c028a5b810,1764513628,1764513631,2106,51234,,
0xa33a0e2e1a5ced18ff9a3ef260d63570cd469b670b611ff9646176dc6ecf87c4,1764513628,1764513631,2106,51234,,
0x8c390320ab57a0b3d2ee4c33dbcced2381f00fb1dcb1025a61bd61b86670a56d,1764513628,1764513631,2106,51234,,
0xf655d042ed096fc15ff1487bfaa3dd3b5ad53f3c188b9e9bca54391e4915c79a,1764513628,1764513631,2106,51234,,
0x73ec469d7f51dedb5ff6248e8f80bea9d0a3d3e8fea6a99997ec2b6c2dbdb087,1764513628,1764513631,2106,51234,,
0xf0a944511db7d963369aa487e7ccd1a70bc7c4b87e52a7c87ed11d109405a2d2,1764513628,1764513631,2106,51234,,
0x5ca14ab8a9bef910ec6915cd7cdf65da9afee87260fbde4d9f55a91edf1ebe02,1764513628,1764513631,2106,51234,,
0xa7fa5d966ef81da80794fb501bfafc2d58091c2ede754f9a7c0c720788260141,1764513628,1764513631,2106,51234,,
0x54a016f54b13cb8e813917e136e004aa3f11439ed9ca6b82c08504b4fc19dfd6,1764513628,1764513631,2106,51234,,
0xbccc23990292fdcdaa70e49575dfaeeb75abad252645b191563fecd501dfde3a,1764513628,1764513631,2106,51234,,
0x86ca37b9f880e61d1ef1946eef8c2ee7f689fc41cf2e1ec14846e20ea3921633,1764513628,1764513631,2106,51234,,
0x19293e55296758ed8fb617e6d6549460180294aae8e7f999e125e835ec10518d,1764513628,1764513631,2106,51234,,
0x67170b0bdfc64dedce8c0f4ce81401c388a1c90f6f261284e307c8798983ab2b,1764513628,1764513631,2106,51234,,
0xcb46489df5873f312c5f2417a484b9a5416ea9c35e673da22af2744080bd9e6f,1764513628,1764513631,2106,51234,,
0x94b42b6136e2d5d0233fd0a21d9f9c1486bfc02b899cba57467ec1801b89f2af,1764513628,1764513631,2106,51234,,
0x2030d62203b4235f387940844ddddc75e7543a106bfc870e90868a311320ddb1,1764513628,1764513631,2106,51234,,
0x9850780346dc8b35a6a0e901444b0e875f6f48061ef6d4c61744e3b045753a9e,1764513628,1764513631,2106,51234,,
0x465963fccad6e7d88acbafe72b5b9cdb2cf85b240671f21e0bd3d36d4e984d15,1764513628,1764513631,2106,51234,,
0xcdb5623ece0e6f81022ad33d6dc55d1c9bd2772293dc93ecf56d57eef7841d8d,1764513628,1764513631,2106,51234,,
0x113f78fa974c65d54d7c60633869f51b467ecdbba7523e4904829c149b5870db,1764513628,1764513631,2106,51234,,
0x3197d89528c0ebba77508acf6d3a1d313277f29c8bc363f054433c3c60f20b83,1764513628,1764513631,2106,51234,,
0x758acb31e9d0679694232efc9a15cd8e95e942b97dc1e7540c1ead851e905dde,1764513628,1764513631,2106,51234,,
0x2f7f23147165751211506f4dd2b301e83be03322805fd1e7d98444343d3c3ebe,1764513628,1764513631,2106,51234,,
0x9c9d6705a945a4e22fc5667729758b1bda59af5fa3c0ea4acefff58c8968eaa3,1764513628,1764513631,2106,51234,,
0x98e0b1eb558bb9c462eae303d1bcec61a4c17ad076341f167355d7c13caab8e1,1764513628,1764513631,2106,51234,,
0x5d2696bc5e98e424f16183654a598d319b1da53383a3fece0c5b2e78271d2a88,1764513629,1764513633,2107,51234,,
0xc04b65c85b768c3c672ca7b8b45cd9e4d1e2a59463be1fcdef4d48558766d5ea,1764513629,1764513633,2107,51234,,
0xee3f5e5bf1865aec4f43bdf0a2224060da15478994281be74fb5181ddf6a0e92,1764513630,1764513633,2107,51234,,
0x95de98aeabdf9948588be98c9acf8fc35e8b3e3c5e4817e3d0195cff496d2d9a,1764513630,1764513633,2107,51234,,
0xb36a2a338b319b6c529168001e45e16da371b1b3ab13ca7aed4ce74303bb5478,1764513630,1764513633,2107,51234,,
0xa98ef08af53986b5c1a51496a61fbb2b21fc5044af24bfc7f5df84a06b344de1,1764513630,1764513633,2107,51234,,
0x62c3c153cc81bd2b33084faf1ffff1cd88e7f40900b35efb6c63d80b1d1e52dd,1764513630,1764513633,2107,51234,,
0x3c0dc3a594a14485b33cc0d06774f76bdab05384d7414064ad0cdd10c2bf4dc4,1764513630,1764513633,2107,51234,,
0x9bef4167b5f7d3ae5314623664f23e6a22edee18c3bbec245ad1467ac87318d5,1764513630,1764513633,2107,51234,,
0xb81d58738ae656e56cb45f33018b81f6d1b5ccb55894ad86dc7ef5bd5f172d1b,1764513630,1764513633,2107,51234,,
0xff2ec91fdbafcdbfe368fb17843a749c5e9e9f0b27d07dd721736bd07ac1cb43,1764513630,1764513633,2107,51234,,
0x254bf1d8154fff92aa1c624c9bb0dd1c38d0984e705a197c35ba556fc95d371c,1764513630,1764513633,2107,51234,,
0xfa0abebf61c29df6f907d7249772b7b6b90fb5b92663408d668f51d1bb3d71f5,1764513630,1764513633,2107,51234,,
0xbae95470c114a125860a4b97242b6fef9342977d8fdc85db9506ff1a9aff3732,1764513630,1764513633,2107,51234,,
0x56db4761b30a176d141409acd46b09b929870d670822f812bb8ee8f366e0b15f,1764513630,1764513633,2107,51234,,
0x7796407bc2b6c83b6d75429e65ec62a5a5a6eccf3c112a0e91027917387419d3,1764513630,1764513633,2107,51234,,
0xf1c5b9ce01ca3890d7e7062ccdc5404802f636ad44e2bb1564f14c44bfb85848,1764513630,1764513633,2107,51234,,
0x756624ac60ead96b58742c52f163e28c3853ba887a27ae4295d9040ffbd0dc94,1764513630,1764513633,2107,51234,,
0x20c3779889dfb5b5b5d653713539dd593877abe76361b2114dd4f5d63016a9f2,1764513630,1764513633,2107,51234,,
0x30438f29f10e16bbbb04181e6da1cd5cfb5704a357d4d1534306621094335aba,1764513630,1764513633,2107,51234,,
0x0c04fb9eb6b66ca026d96b925c01303912a1594300e32f3d1787b44fab027b04,1764513630,1764513633,2107,51234,,
0x7d1660c10706d41ac7d3a7ea28b5e4991a368dbb5d0a7c3f03e8b5d397df2b83,1764513630,1764513633,2107,51234,,
0x1815c566caac0f8112814cf51d7f7fbbea23f056a3c043784cdb4e92e59c9d70,1764513630,1764513633,2107,51234,,
0xba9d82482fd0c51f8254530adfb6179427488352e03585e0839469e3bbbef14d,1764513630,1764513633,2107,51234,,
0x5b669629dcd46c1a66a939cbfe2d7c3b2df669c20b25babb83f9326dab0ced1f,1764513630,1764513633,2107,51234,,
0x6cc4bea984a871a039c9b739e97d7af1fc1458152ce1eed396544493e7f78e2e,1764513630,1764513633,2107,51234,,
0xaea3580008d91e14848b431fe54595001082f2194fd1e03caefbb9a698a29506,1764513630,1764513633,2107,51234,,
0xae0d83971cda52be60c3b092b3ed4c69597ac00234ff04f8898add085f74d9f2,1764513630,1764513633,2107,51234,,
0xac557c5ea8ff21bd806c5f7660584ed9551afa611179bddb2da997a6006679a9,1764513630,1764513633,2107,51234,,
0x84e13f87422929c335c1e7e3044506172ff080b24278c89f689b90e03e6842dc,1764513630,1764513633,2107,51234,,
0xd57e2e474c9790fdc53bbcb2c7c70bfa06c16e96382a26e418a78ff1d488c25f,1764513630,1764513633,2107,51234,,
0x4160f693aa90dce27a35bd2bb4e437b338dd9e1dec703ff6440e3ed97a043b9a,1764513630,1764513633,2107,51234,,
0x82623231f97d3a99c4d78d5f5a2c4cb05aab008190cafbaeba3697b42f65442d,1764513630,1764513633,2107,51234,,
0xc1d735cf4ac84b72ad50299aeae294a54ef2565fbd0f36e34817842a191273c7,1764513630,1764513633,2107,51234,,
0x2ce21a89d3c31109c80bba58f0c9de83e5358d7449d5bcde887c23ff4fb227dd,1764513630,1764513633,2107,51234,,
0x24d02f2089057c75e4f73e89f604b5c23284aeed9fffd75ccdb80a68ca866dd6,1764513630,1764513633,2107,51234,,
0x02d7efaa864decfcc9a3cf040d6117f22a7938047679bd3cc76f59cc76550f03,1764513630,1764513633,2107,51234,,
0x29cb489a1c213e03ec552a65ed64b88d4dccc324478aff282c8087fe3cd4373d,1764513630,1764513633,2107,51234,,
0x60f37c065cddf6ed11b508bbfac007108233875ca28fe2a690fbbc9f3c340d94,1764513630,1764513633,2107,51234,,
0xa02b288da1c2b010a3275d92174bf60a961f1e366466cda838fb36b418712729,1764513630,1764513633,2107,51234,,
0x99ce248c2fbbcb1ac6e8979e1fa7a07ccfb80c99dd8d0f6e17cd3455df95dbac,1764513630,1764513633,2107,51234,,
0x10ef0541bd5cda5926bda3b1fc4721e6aec465d03120c198928d6d511eb25b48,1764513630,1764513633,2107,51234,,
0x01c4664de4f64a9a8917a0b4328adc2af678e321620134fa9927024a693cec2f,1764513630,1764513633,2107,51234,,
0xccd440a1349677b7a318fd890bbfbdfa4389e3b656e3a05e1450168eed57e51f,1764513630,1764513633,2107,51234,,
0x184010664fbf9ac4dd4aaab48b753e9b26344e8cccc2203f9786880b4c0c6874,1764513630,1764513633,2107,51234,,
0xdb50494d9b30fd39dd53d0af4f5394c4a8d115086c55f2560b440881d8bd70b9,1764513630,1764513633,2107,51234,,
0xe7fd1bd8228061d938f0af51fed7fd181c6161f3ec9867b414abd27d1d4397b6,1764513630,1764513633,2107,51234,,
0x3c45016d084d6c602c008c287e6fdeabad56ff3ba19b229e86c6f4bdc3d3cbe1,1764513630,1764513633,2107,51234,,
0xe2c8d2caed44d6c9c82effadb8e94472867515c5ffc8353654849bc443147327,1764513630,1764513633,2107,51234,,
0xfcf268a4189877bf66bbb1ab8ac535cbe1b3c948f2eff59bfa2da559bdec1b24,1764513630,1764513633,2107,51234,,
0x58dd19484087c7bddc59bc1ebc9d54400888bfc7015964e233f9a7d454a329f7,1764513630,1764513633,2107,51234,,
0x57ef6d912abbf04a60259fa5483cdcf68438621e22add39fd7131a88adb10bd4,1764513630,1764513633,2107,51234,,
0x9748d71ea46999f2e8cf0bfaf94030648173f677f845e9062a656a68c7500e7b,1764513630,1764513633,2107,51234,,
0x63ec995c698037da31cf78347bf6ec1c4247b0201e46c6193f3d5208cbb2b06d,1764513630,1764513633,2107,51234,,
0xa239f970d7f34e740720854aa239d93d0184a9bab4c6ab67fac3bea0640885d6,1764513630,1764513633,2107,51234,,
0xda978569ec11403c63029f8898faa48cd7e0d48f3d7ba944369bdd0cdb04cc44,1764513630,1764513633,2107,51234,,
0xdab009549917019eba6e52e34e439d93dee283d9d3422b46a590fd1c5a07ffed,1764513630,1764513633,2107,51234,,
0x9837b8d6cc80362f7745d6746c003aebb3e96a73d725636377ae4957d75dd8ce,1764513630,1764513633,2107,51234,,
0xc2aa91a8f23b8a2cfe80ddf3d4110547fb612a32abdc74cc760a143199d2bf99,1764513630,1764513633,2107,51234,,
0x6251f4bb52579f86254ebdd7ae3eec74ab044f943cf258fddc961108c87d062c,1764513630,1764513633,2107,51234,,
0x14d4fcdaff9f567fd3e3aea30184914a4bd6e40b6aba72340da7ca1f8668385c,1764513631,1764513635,2108,51234,,
0x7a59f1789e1ac28b13fc3f475f4fba2587b7fee2497b8a2ede46efc6537ff53c,1764513632,1764513635,2108,51234,,
0x95a5a33ed58f75c7f54b000dcc01f31abc8615769f5bf1db916005e78020fea5,1764513632,1764513635,2108,51234,,
0x4a889a8c891c350d84ee8563fbb769d0590bd0c4e68f62eab3bcc8d7951ba11d,1764513632,1764513635,2108,51234,,
0xe6847c0f5e5908d0c0918425f4ba4eb9830d94ecbd53cefe363929a29a3523e7,1764513632,1764513635,2108,51234,,
0x4af32fa69153330f73ec35fe0736d9dc98e29919c7776cdd333b4de8043f4406,1764513632,1764513635,2108,51234,,
0x170c69b34c1da50d3ca92b1d7f7d6b64bbd5f21af540151d7981602acf186149,1764513632,1764513635,2108,51234,,
0x0553d7e3430c1a8fb1fd44d94c6fbae018e2df3398656a81d602569ca894bb36,1764513632,1764513635,2108,51234,,
0x06908052c20126066cf187f4990cfcf372d8ec83fd177694627db3c29e9bffba,1764513632,1764513635,2108,51234,,
0x0fa9ae2f6c2b35569b979cabd9e2d5768f72db1d8d73f74a9785688cc2b0602d,1764513632,1764513635,2108,51234,,
0xdf2d051d1b9e33389b98f7d6a2117b9fff39b41634e0a72f409a7535ae912600,1764513632,1764513635,2108,51234,,
0x06104296cae7f81df64585782eff3b0d86e6e8d7f04d651142de64d71936c80f,1764513632,1764513635,2108,51234,,
0x5ea2255be66fa52892741e5101b09cb948f727b147841aac0328465788468b40,1764513632,1764513635,2108,51234,,
0x9b342b4ea31a8b91620454d0f3b14ad4db5fb07c96f5dbaf29337a23778926fc,1764513632,1764513635,2108,51234,,
0x2ce3475f2648acad1ff4a979c6c05f6de67c42d28e8739a92a40804ea3fb7672,1764513632,1764513635,2108,51234,,
0x6cc887842da679306b0c82960e07b7d6e99f02f3f091362ac58cf52c04d1add6,1764513632,1764513635,2108,51234,,
0xbb31cc7cd087195909992553e19dc14e551b2a289027c0b7ebc51335de4c76c7,1764513632,1764513635,2108,51234,,
0x3c44262c5d3744e7e89026317a64a82a09a6cfaee788db51f19749534a8e6f8d,1764513632,1764513635,2108,51234,,
0x7c3c6f3dd0d9d59619439a9f419d89d6aa2190e7d282571360aefd176a3f93f7,1764513632,1764513635,2108,51234,,
0x67870488885225bc0b0f32417cd0a8975798886ec1f84ac9e25ac65820e015a3,1764513632,1764513635,2108,51234,,
0xa09be1c2e318288e5560a207f7564cbba9c44a40a5fb33bc6a422825323c9ff8,1764513632,1764513635,2108,51234,,
0x5d6b1127dd48afdb94356de9680973c4365366b50b18ee1ae827811d872476a6,1764513632,1764513635,2108,51234,,
0xfdcd497517157a37d43b3daaea8413fa89d035369abf5ee330b159384b8db9be,1764513632,1764513635,2108,51234,,
0xad0472b906953f593491ce6cd1e215bc9d70b06cd74f439284c24fac48b82f92,1764513632,1764513635,2108,51234,,
0xef1aa8afd46b795f597f9fbc8ea35b64f550f1520790f59e77aa156aa7ea17f5,1764513632,1764513635,2108,51234,,
0xf96decc18380edfff4b20ba13aeccea6e77502a1f0a8e6d3579e8c04ee328041,1764513632,1764513635,2108,51234,,
0xe9d2db4051c17d41a6ed0c9a90439523b26c460118f3e3815230efe4b1e047ea,1764513632,1764513635,2108,51234,,
0x0dbab6ec42c0d33faf4ffb39c31456ac52f600dd3281a91a350234ba804c7d07,1764513632,1764513635,2108,51234,,
0xee4d87044d9c6d13258598df5e0d8bac76f73c3f77634dafe4263a14d3167f82,1764513632,1764513635,2108,51234,,
0xc29ee828343cb385ab7729039b2b29c6e190349961b9110341ae68d6fffc828c,1764513632,1764513635,2108,51234,,
0x814f477fe3f16732c83b4edad45ab54ac5e17a3b2da51d3facd4f483b9c15f99,1764513632,1764513635,2108,51234,,
0x41ad4bbd75374c18cd58e951354511bea5e11ffd5795c547b654a008ff222c39,1764513632,1764513635,2108,51234,,
0x3da59b6b96124e8b0196849e279ac37fc2b7fbac2466f84a59b3f4dd08162d68,1764513632,1764513635,2108,51234,,
0x0d48696bb66831eb39a60bed2ad69bc0ebd5c3b772bbcdc6bc999ababc845331,1764513632,1764513635,2108,51234,,
0xd6d36b31e6b7e7316b88ccc7979a2710943a53e7b5cccbf914350ccea2d7a091,1764513632,1764513635,2108,51234,,
0xc8bc115c749be02bb6ecd6d51095e52dfae4b58fc0629ad2d1ea1d15d9b717ba,1764513632,1764513635,2108,51234,,
0x95bb7c5aff81629fe70a48b4a2a430c6528b87b39488e2d0667a5e2d8f83572e,1764513632,1764513635,2108,51234,,
0x9c9a0384af1f18388c2d32e6ed6e1f8edda3fcb1a654e916fd21920709040d3a,1764513632,1764513635,2108,51234,,
0xcd037b59596bfc18521111459436090ffa1ff0250cfb28f060ceb8790ae1282f,1764513632,1764513635,2108,51234,,
0x0c60845c8b720ec09bfa887ccd6a8943cb07b1cb844935ae6485537d5aa2b4b7,1764513632,1764513635,2108,51234,,
0x53c534dba1dbaffb4f4768310cad53d960989d392200719533f1aebef6c2ae39,1764513632,1764513635,2108,51234,,
0xd454333db6aba79ef79032fed37f93fff830a6cada816f99e64d6f794ec08ad8,1764513632,1764513635,2108,51234,,
0xc65ffad554f742cd55beebe3d44134d0c1395d0e06ac911cbb4a8761bb115f5b,1764513632,1764513635,2108,51234,,
0xfa0aed9eb12564d737c0796125468c77dc7c26b2a7a3d710c9f525ce67892130,1764513632,1764513635,2108,51234,,
0x5d8ea5eb6bd82322889446038f16c32001fc51eced56727a7459eeb61dfa511c,1764513632,1764513635,2108,51234,,
0xd8e9c0c6e9f15f174fd242bba8dca050cf2774a64db17f9be643f9a5587cc499,1764513632,1764513635,2108,51234,,
0x1e1bc9a907edf1d08afc1d0f7a9f599e9b45398098eb34fd36bba56f2ef937ff,1764513632,1764513635,2108,51234,,
0xec88f0b49bc7ed7e925e15ceda908e43c2857225539ad71b94256c36c1fbcb61,1764513632,1764513635,2108,51234,,
0x61eb2611b13f8424c004df0c92f861904539f35a97308e89e089de9ed5d13fd1,1764513632,1764513635,2108,51234,,
0x5b3abe5f55c98d8ba9ae4bf6858c002fac07e6a8359ff60d0b4f86f8fce2d0ba,1764513632,1764513635,2108,51234,,
0xb7c458b4f55eed84526d182c0e032a072f035aa09bd6541bc7e7d703949b87a8,1764513632,1764513635,2108,51234,,
0x444023fccd186599fc6650df2cfe7de047a8d37ce4f085b4f6d4f9bc385751bb,1764513632,1764513635,2108,51234,,
0x44588aa5983b519b092a8c70324c15cc872239b43a0eab626dba8be6b8f375b4,1764513632,1764513635,2108,51234,,
0xe3f756128366192807d61b78040e6654409cfa57a7bdd6ffb7d5a41c2d5a23d3,1764513632,1764513635,2108,51234,,
0xb170ba3c2ab0fc0412c72cda24b4bf2eac2b3c9d9e3579b5e11444379ebb8fe4,1764513632,1764513635,2108,51234,,
0x4528fc2dc3622a16065ffb761bfdc172930ddc61dbe933ee19b38c4b8560a1f8,1764513632,1764513635,2108,51234,,
0x16a6401861bc610e2ac32cf056583d596d986639f010a9c07887c6f17742e3df,1764513632,1764513635,2108,51234,,
0x1535c843df1c058b9d461bae09679db9e81f0fab5306c8c6e461cd0fab55b50f,1764513632,1764513635,2108,51234,,
0xa957d1c768e71aa0ea9d4d881608a0b12fb704508825fd43b85d5543453da2a2,1764513632,1764513635,2108,51234,,
0x7d3c4562e5357cfdeb2c13a9e298f07280f224f397e67ff7b1b9d456c45f172d,1764513632,1764513635,2108,51234,,
0x81616b29daeab7eb3ac8e1f561d6d17a94024133fb968f4d8c04b383b219643a,1764513634,1764513637,2109,51234,,
0x6816fdf9665ea65f323f6f27f5a31884690677b3c0f12fe4892c194697302246,1764513634,1764513637,2109,51234,,
0x189b1c196dc5bdbff09a68b8511e98d5a5c277357370836032928b219737b866,1764513634,1764513637,2109,51234,,
0xfb68b2c719492afb2778d592631be6d18f41ac08c871d6fc2e81aefae327cae7,1764513634,1764513637,2109,51234,,
0x0c9b393ae2de6f63079b1e5972085cda8e0e4b9f76d69e986c27a27234fae398,1764513634,1764513637,2109,51234,,
0x2216adac968d5cf6d7192a47cdaff3efd5634cdb267c2c06a39f30f9bd7464aa,1764513634,1764513637,2109,51234,,
0x9d367c2a45ddc38f52249e2d55c0204c0019b3702f7d5a56c7269592ddcb2414,1764513634,1764513637,2109,51234,,
0xd0dca0128f812b6b2fd58ac23a21b279a35167116a5f2eac5ab5690fedae6edd,1764513634,1764513637,2109,51234,,
0x50c26c766a1de54fd4e195415b5cd0936b030b98cce2760b2e5f48fb04ecfd04,1764513634,1764513637,2109,51234,,
0xbe57b21ac51faf8bb011521201d6be438d4294de456f7e79c33dbc35edd0611b,1764513634,1764513637,2109,51234,,
0xcb9726a8a988ca395f84f003e937ac43de26e21b4faef44a5f57eba93b1c8457,1764513634,1764513637,2109,51234,,
0x9b22c8ee668553768661031b47b2919120e972bfc4bfdae9d636f5416bc44f2e,1764513634,1764513637,2109,51234,,
0xd58b52dd8dbbd70a3715bcaa679b99b8e0e4755374e8ec59177f58cd9f1c8ac4,1764513634,1764513637,2109,51234,,
0xa53a2b27843ec9f0cc0aa563dd9ac09752aece91b585eed97d643bdeee2b1674,1764513634,1764513637,2109,51234,,
0x542f2529ac0794f059c1416fc670b70680e6551cecf36ba5858e738b3f8103ce,1764513634,1764513637,2109,51234,,
0xb4542ddb8909e156304d5b8aaf721822fe21df5efa2456ad3fba898b3e2b6442,1764513634,1764513637,2109,51234,,
0xc042e6e287add3b1f5595801cc4124ccf3007dce71e85882246320cb5ef20f7f,1764513634,1764513637,2109,51234,,
0xd461f39f7971f4428948968ab9618c7e95af539f77e7c2e49d908ddfde46ee0c,1764513634,1764513637,2109,51234,,
0x6ba5e57c9dd7f56c837ad9cf9f5e5e68be90e844099e84504b58025c63f073b8,1764513634,1764513637,2109,51234,,
0x1a3e6f489d8c6781d073692f4421f37e2729f905328f13750626805cd7bc2fe9,1764513634,1764513637,2109,51234,,
0x7fbc5bf4f564457e2685da2da0ce78e786dcfa4c39256f969ac90c2cfa18320c,1764513634,1764513637,2109,51234,,
0x8565ab379c661d652339febb4d94189e8c5e69ec39f46918db160fbce03fdbc6,1764513634,1764513637,2109,51234,,
0x96fef87614d974569e613615e216ac348925d4a6264e94c11f85387fde81bd7c,1764513634,1764513637,2109,51234,,
0xadc4885dd9cddd2c7b75bce8042002da768a2472da8545a4b712162cceb20c90,1764513634,1764513637,2109,51234,,
0xd94dc2e45ca0ff8f48135559d9dd8ab86f1a9f473aa3014a3583dcc1a56638bc,1764513634,1764513637,2109,51234,,
0x55de448de559e50888a4011158022b1f0893032eacbd43b877905d0250bdf168,1764513634,1764513637,2109,51234,,
0xab774cec819ce8e47ea683b1e3b0abb49c0b173a653e71de33388260bb2e8919,1764513634,1764513637,2109,51234,,
0xf7b4250db46b49aba6d83de4069c036f342ec4f8b8bdc33f789b49b5414074dd,1764513634,1764513637,2109,51234,,
0x1112ba415a4121be372c4a46a95948bde8030272f6070cfc6187e172283ccb04,1764513634,1764513637,2109,51234,,
0x2e03d15d2134e86e64469dfa127fe5965a79d9cffde659b6a76bd2fadb53c8b1,1764513634,1764513637,2109,51234,,
0xb086e9b5cf47c4f16dfd2067382b874e65785b4bef142f5f7d630618f3b8bf28,1764513634,1764513637,2109,51234,,
0x6fe0f053cd376febf702c57d0fa620e6d49d32e38a0f039c6701c8e3b4b69d5a,1764513634,1764513637,2109,51234,,
0x63b5d70365e82d494cc8bcda4b6defece5b32b1b80ceac6fa1a0e287ec5f9da2,1764513634,1764513637,2109,51234,,
0x31c37ccf5f9cac4d3983288ce30df73bcb6f0690b496a7f6f9e21effc6556901,1764513634,1764513637,2109,51234,,
0x7b367f437188bf20405935f82c70b907f9ce4271c4cb177434fc7fe69dbe3955,1764513634,1764513637,2109,51234,,
0xdb6de43e8549af526522dfd873d221d6c1fa266af79edf60a5f7140d0521cd66,1764513634,1764513637,2109,51234,,
0x8537f1a318e9af5d1879b8f9840b6e0a5de0136fbecbb3a701e941a86cdaa89a,1764513634,1764513637,2109,51234,,
0xf08e11e893c72d753cec223f60fc94b31a662db94888a3f459b3002f40f10629,1764513634,1764513637,2109,51234,,
0xf2f67742d377def153a4002c1205bed06b6025e157e81750f2b2c2bbbd7a0e5a,1764513634,1764513637,2109,51234,,
0x77f4ba763e423832f5c62b2c0323d8663bfe1d2ea631746cec53e80f33596c7d,1764513634,1764513637,2109,51234,,
0xe4b8cfa6b7829c07666e13331fed9988745922964a4f54773506e1c8c393283b,1764513634,1764513637,2109,51234,,
0x79dea1accff0967f7f003bd62b4c7aa1de6ca0e56a90e29ffb4acabe2b77ccdb,1764513634,1764513637,2109,51234,,
0x7b42acd821d16c80930642fa1fb6d467fd0de83b1b4ae900143e548d117c0f7e,1764513634,1764513637,2109,51234,,
0xe33a87c9cd1dbf7c940599cbcd46f6edd6d5e83fe22b835c5dc20226977c7fde,1764513634,1764513637,2109,51234,,
0x1c3dd575172740ddb24018a5431fa07ad4466aff51f1d41935c161af51e03605,1764513634,1764513637,2109,51234,,
0x8679836b2d2d3083409afbe44a35872775becb2922086c315d74898d7ead259c,1764513634,1764513637,2109,51234,,
0xa174f6816306a29e05d100334b9af5940b3bf41e9703aa814eeef00bb0c6adf5,1764513634,1764513637,2109,51234,,
0xce44d9dae1f8f37c0d6ae57d162bfc3b6aa1d013bff524241200369b5f682fe2,1764513634,1764513637,2109,51234,,
0x9d8e04fbd5e94519a1bad4f140f1e8c2a8d4672c8dcea21c9c03712235f02a99,1764513634,1764513637,2109,51234,,
0xbc4a37abebe02af1c70867e23d36eb6b5303694f96da05468deef18912b41152,1764513634,1764513637,2109,51234,,
0x88b653e675004ca1789bf5dcb8eed60c2fe835e0b218435aae0c160da584a905,1764513634,1764513637,2109,51234,,
0x86ea5114733c042a3b22e1aeb94ba04e24455578af3d52ff2169b04a2bb1a1a3,1764513634,1764513637,2109,51234,,
0x7cfebb91c2a6aeecb4dc4b4f684bfe37f2af2acf9500bed9f75d6690661ef6a3,1764513634,1764513637,2109,51234,,
0xc1ee09aa8f94c624c970bfc5cfdfcb070ac84f997ad502de03be1fbc0c8edd24,1764513634,1764513637,2109,51234,,
0x6111791e7adb35acaeccdfe7d2c52d51f53aabb11fc8229427b6bb8b50a9dc94,1764513634,1764513637,2109,51234,,
0x6a0ae6dfd617b575552ee92f564583f355c30cb70050c6af8362b9681c4bb743,1764513634,1764513637,2109,51234,,
0x11ae125a8660facc6d571791a70e48799c1e47d67079f06bfe8e4112f204b159,1764513634,1764513637,2109,51234,,
0x86db2a9dbd2940d1e896d484cd518baa3a9ef9ad081fe2239d84d64df5e27b20,1764513634,1764513637,2109,51234,,
0xe12a9efb410926141c68a3f008fc72e94660ff5de2a18ef30d62230ee4a0efd1,1764513634,1764513637,2109,51234,,
0x0d8d534174dfa91a2060b1984c2f79510bfebf291f57edff9b1b56b07e41640a,1764513635,1764513637,2109,51234,,
0xb7847e3d8de06c9f91adf9fb49daf17ac8d66128d9be05eaed5dc976e14730ea,1764513636,1764513639,2110,127941,,
0x39a0aa09b60d68cfc0dc8192c2fec366c2263a8c23371f274c4ef5011d6e0244,1764513636,1764513639,2110,97625,,
0x841b47360166d49546fd82ec91b9d34e26f854927223dad097ac15ef7f77ddd1,1764513636,1764513639,2110,97625,,
0x57e929ba2d45bfbe84392095e653265fa9d7d05ddd501e761c71ae7adea04818,1764513636,1764513639,2110,97625,,
0x4b85aa17d2d94640ca828cbefae657e5cc92864f6b32dd1af60f83171a40f783,1764513636,1764513639,2110,97625,,
0xcb2ec1bcdbf599951d3a10baa52cfc33e27a8535e86830c7675f8ba161ee5526,1764513636,1764513639,2110,97625,,
0x18a24fb213bbaf600e82439e433e0d9dfa25d642f2def86818951ad878a8c440,1764513636,1764513639,2110,97625,,
0xd9737bca045118ea0e73b1d7a31da75c1de8cb9cd4024fe24f93b09f6b5f927d,1764513636,1764513639,2110,97625,,
0xb20e77222e7b6475ece65677e8815dca51573e5d9121bd5666f35355c59fec48,1764513636,1764513639,2110,97625,,
0xecf4b2a724544bc3d9419e0c9fc25dfad8dd7b1feedec25763da77326e41664e,1764513636,1764513639,2110,97625,,
0x39a591a73b0f60f1a8c6820f36e693b0a4a62bcaf037fb80fe8a58afb9338aae,1764513636,1764513639,2110,97625,,
0xa439ab310765a7a93a03157ff949a785e3efd3ced8007ae6504c0d78d6b5eaad,1764513636,1764513639,2110,97625,,
0x9932ba71acba26971c6558fea1514cc659cd72b3036dbb5c62c02aa745654ba2,1764513636,1764513639,2110,97625,,
0x4f5d37a2edc247d1d7a9098f102d85458b131794a298ffdb1c983edb2f880cd5,1764513636,1764513639,2110,97625,,
0x96aebdee66d734dd736ae8437b466da9d8d00830c176734dfbd58f9e43b98461,1764513636,1764513639,2110,97625,,
0xfa5b08121943fe769e8e5da482a7d5cfe9ea227ede08d1fe89a40198cf1c05b4,1764513636,1764513639,2110,97625,,
0xa0d900080ef8316f7f532304a2483a4a19b2878f43e3b5cb31c7e6a0a99d2121,1764513636,1764513639,2110,97625,,
0xfa6d2571dc5452ebb89afc1cc8f6079962a1af136f4b2c7b7b73f5780cad2590,1764513636,1764513639,2110,97625,,
0xac7da5f70cf9acb6abff6d63a5b5a0706a440fcb7bec56ced20ab833bb50980a,1764513636,1764513639,2110,97625,,
0xe0330ffdb6ad9cba48188d216b20d35ea896f39547724cf19e1575e2b75b614f,1764513636,1764513639,2110,97625,,
0x757b76f92d0a654f819b1f7fea05afdd3321e86890f20beb253942265029976e,1764513636,1764513639,2110,97625,,
0x6e56e97dc7d8ff1beddb0dba32aeb3f22cccdfd9f8cc3058ee2418eaa7334f3a,1764513636,1764513639,2110,97625,,
0xc91a24d0089618dfef5257a0521138d84708397df95a5dff25c0bcffdd0a6b5b,1764513636,1764513639,2110,97625,,
0x3da8ee94a99c0396890708fb340058101198b93a8bdfb3bd2326ab54e0427593,1764513636,1764513639,2110,97625,,
0x546f3af310c4e256653b2057affb36cdcb038f972b413a4a358b62f4e77c0299,1764513636,1764513639,2110,97625,,
0xf14f613b6b7b1cf3137ce1fb2a80e3885c510b947e54f1690b312a1ae07dd038,1764513636,1764513639,2110,97625,,
0x2c73768cb7279648c014e545ac8bc1c4e6467b5fcca363c63e4082b510f43092,1764513636,1764513639,2110,97625,,
0x27b483be8f9f589cd70e43a0e5a0e1373984e28252fd0273f5b14b5b07f82325,1764513636,1764513639,2110,97625,,
0xf72f1d6a7fc84376cca1c6ce177708e76f621944033b8603b43fa5158ab5ad7e,1764513636,1764513639,2110,97625,,
0xb54a38ddb5a8151d4db5235234fdfa2d4dc54b0be76f0d31ae253d03eaa9b118,1764513636,1764513639,2110,97625,,
0x653daf4fa60fa9fb761b637e2ba5490d3ad931ec4ddbdddfd1474def77ce58c4,1764513636,1764513639,2110,97625,,
0xc7885e02a13e182e583d2d590ffd6a43e35f802e70184b0e8990698b9fc775f2,1764513636,1764513639,2110,97625,,
0x125e37962713c1063f575544712147d2802bf4a3133c05d14de893533fac821a,1764513636,1764513639,2110,97625,,
0x2a65446c5dd1024ed6e6deddd508d519b05e5d63af63e7658fda7a17874fd27a,1764513636,1764513639,2110,97625,,
0xc45b01a283271178104ab9b2c1b4d92e3605448d7a2d294dbed6777cdf660957,1764513636,1764513639,2110,97625,,
0xaed9703d6239f7d073dd902cce7ca3a6fa07913e35eb8882349a5400920c453e,1764513636,1764513639,2110,97625,,
0x1f64e41d448b7c4661d5cf9f75d6bcf7e83093f624e85c1aaaa72211f72d80fe,1764513636,1764513639,2110,97625,,
0x69c23d8c72f49ba17b1afef3d3938b8b74b1e1ca139a83b15e481c2dacc9d48a,1764513636,1764513639,2110,97625,,
0xb63c8bc45a08b07b04bb8784c89b606e8eb50e0fa430370caf825fc2b16915a0,1764513636,1764513639,2110,97625,,
0xbd7207fc5381a1b4109a8a7e2077bf860048b7bc6198622a8ae0543d6503ba8b,1764513636,1764513639,2110,97625,,
0xa4fe87f9d91727dfc54c938a7b5f59330d1bcd2e5fb556f76f227288b655f343,1764513636,1764513639,2110,97625,,
0xaf5e53affc407dc6b31f4baeb4c35cb7c5d239168e286ee9023ecb4ce3339c7f,1764513636,1764513639,2110,97625,,
0x49a31b3bfa14c2ae80d327688e71370d5a40b73d1fe3319aa6ca33ddb92b516a,1764513636,1764513639,2110,97625,,
0xc8e8bb111881c6cabc019da44f20c96737e80d927845b5d5f42ee0d4094f466d,1764513636,1764513639,2110,97625,,
0xe709d6faedee00dff462053de2eead3857723e7fa34eabe388f7093cb7b12867,1764513636,1764513639,2110,97625,,
0x053d3af75c2ef7a17cc8bed420b8ac6a17b6610944e278f050f787cd3405c108,1764513636,1764513639,2110,97625,,
0xd74b36e5673cc18f159468b7379a4592b9f6dc8d7da8db3b6e722e200e87306c,1764513636,1764513639,2110,97625,,
0x28f9e7bcf6f5ac27bdfe38186f33a1951c19d1dd02d61258e071df9616b23a26,1764513636,1764513639,2110,97625,,
0x17227c6c5a074cd3a4f52ad2d7e45bf94cad7b1d0e7abe8c8d52b75de75e642b,1764513636,1764513639,2110,97625,,
0x08e33544940dabb1164cceebe411d6b803ca489602639facc5bd56fcb99ecc45,1764513636,1764513639,2110,97625,,
0xbe94a0919f2d809206ec7c353021d92d4b423b7456fb818eff1b44fb512b2bc2,1764513636,1764513639,2110,97625,,
0xd8329fcb68ce24f0cd595ebd03504fb26ef95e4096f417fd3dd5e93d4ad0fbc1,1764513636,1764513639,2110,97625,,
0xd04888229b0314ced09be2e5a93804e16943673f150c208c4ec26917791b1883,1764513636,1764513639,2110,97625,,
0x7fa3a9ae0d72e7276fbadac682c046da6f8b03f68a985dc51d5a6a9f2019f972,1764513636,1764513639,2110,97625,,
0x062cd2152b437453a9df79b78d547f5d5ed9e8d4673b903bdd833b6007477818,1764513636,1764513639,2110,97625,,
0x987e28bf69e10cd5df0bac8c9e7e520e002099f4490d92f938a2a4ce62c6bb93,1764513636,1764513639,2110,97625,,
0xf7295077cd89aa6fde21f0a1e6306fe0774a09313bd854b0b2d03a2700bf6176,1764513636,1764513639,2110,97625,,
0x6fa8b435268d85e4aecbc15544292c1df790a70514652d124b4402719251f6d9,1764513636,1764513639,2110,97625,,
0xa65643ba58aaf9dd375835e811aa9db5c2f900b30a6ebd42b0a5d90858b44fde,1764513637,1764513639,2110,97625,,
0x47c8d17a2c41b7d4b4c8a62a7672a805c11d83412bc6bbea512d11112b8ac287,1764513637,1764513641,2111,108041,,
0xd042c9663f8fe719371cc2883cd99a58e62a039620ad7c6ff87f714562a1d435,1764513638,1764513641,2111,97625,,
0x7a1df84b20df8424ae7ebba450cd5f002b6a4504387cac90da86a643e81ab2f2,1764513638,1764513641,2111,97625,,
0x75d09bac0d7472560ed3fecc81ff2ec6651977e6f3bd56ab52e735f7f03a9634,1764513638,1764513641,2111,97625,,
0x59e7f965b8524d8aab46679a04d46604e176cc2155d22e320d45d99182fccc7c,1764513638,1764513641,2111,97625,,
0x71ff912317e6993cb711dabab4fa102ec42529f1e78b9efe9714fd76a62fc885,1764513638,1764513641,2111,97625,,
0xe7fa56cb3d7a638d876ad0057684f5e4d1f7e926833310db7ac591dea6771cf9,1764513638,1764513641,2111,97625,,
0xe2bc7ad47aeb10419fe49fd471e1427a3cc7d1e4a6e47e0f0ecdbeb311862d71,1764513638,1764513641,2111,97625,,
0x5ef7fb079947ed71c9f5d1b6f0fab43e4de0e14ae4dd9b36c37d87622e8d5861,1764513638,1764513641,2111,97625,,
0x66381ea10f0edd4078bf5346bb89750bcac7ede3f72399195af1cd3c75c0665f,1764513638,1764513641,2111,97625,,
0x526b8ff02eb9318d6237c185fa58419a20aa71f982d73df27e9171f966e6ccaf,1764513638,1764513641,2111,97625,,
0x1a98bdae6a06940f332e20338bf59869d87cf3f9fad69926ed29a3eb4ea8a8ee,1764513638,1764513641,2111,97625,,
0x3323948b2e152a1917ee79cb414d13bf6ca52a2cf419a20e45364d2f51a78c82,1764513638,1764513641,2111,97625,,
0x0ce5d44cb976f3360c81c7516eebe211bb0fd2966888c9cde7bca05d9cee431b,1764513638,1764513641,2111,97625,,
0x7d253c4edfa33c449aa1ce12a460fcd9cdfa8b6199a3b7a588d4d7073685ad48,1764513638,1764513641,2111,97625,,
0x60485f1dac608786c532ec0e5a151d4537ee67740ac51886bbfdbd38140eeaed,1764513638,1764513641,2111,97625,,
0xcf4a6789a74f68f6805ca6afd80c7cf88892ee44eb073a362b296eec8211beb7,1764513638,1764513641,2111,97625,,
0x1ebbc6d314615ec36b12813087d8c32352a8339dee0fdea196e6de49b2ab43b5,1764513638,1764513641,2111,97625,,
0x89dd8b6aa819f5868f7d64bccd70dc831f2707762cfa4032b4c8c5ccf6d37323,1764513638,1764513641,2111,97625,,
0xb66e32001156750f15de5e49db85ffbc0fa15df8ecf295ac8aad06910bf9b59a,1764513638,1764513641,2111,97625,,
0xfe7886148e4e496b10c2745df8519ef08e45f15110db8e5c64f9f25b37f327ed,1764513638,1764513641,2111,97625,,
0x80ba1f10a7f6172721c7dc7eb8640182a905ca67e1a4b5e4c73b107008747c51,1764513638,1764513641,2111,97625,,
0xc0d9edd940200b9eb482d45c064b15d83f844a849ee3eec4bfafb9e502e1f6bf,1764513638,1764513641,2111,97625,,
0xd8b12175fb9f01eece7ef3fcc3660fd338f27b5c8c6e0bc79c6bc47e08bce61e,1764513638,1764513641,2111,97625,,
0x5e3261f02bc2f3a40a43390ac895b1a52e54ac27d0df147cfdcb718ff37cd12d,1764513638,1764513641,2111,97625,,
0x32aa1d7793e2c99b85ec6a880d08490780b74dd26eb279b3dfbd2b000fa369f5,1764513638,1764513641,2111,97625,,
0xc192570c9357ee1b654526637ed76e4ba32e6afbe11e241364a5651986b72018,1764513638,1764513641,2111,97625,,
0x43fff44a16fc740f8824d1b63959c826c021e2e9bee5ce89e3ca167911efecf2,1764513638,1764513641,2111,97625,,
0x43dc3edfe9dc6496157141930dc7a472f27cd4e1d05f0971cf823fdf5d7453b4,1764513638,1764513641,2111,97625,,
0x57418b1d118c32d3710b51c0a80b6ca2d6ba8040ad754a4588327adc918e6c70,1764513638,1764513641,2111,97625,,
0x043c181be03421e5f93a13547a04d806ba7706b651840d3cb02dd2b2c5be3862,1764513638,1764513641,2111,97625,,
0x6fd3aa1214d22464b6d938a79a1c5829446b4fa1cb2ff41f7ff759dc883473c3,1764513638,1764513641,2111,97625,,
0xc21db6660b5edd04a5d1fec4e6bdd99c82653198ea22b2e7f3823ea1a6c8ea0d,1764513638,1764513641,2111,97625,,
0x93ff915582352aaf7ff913242233eba5486ec8d4d1a1ceb3eb89177d07f7cce3,1764513638,1764513641,2111,97625,,
0x836ca7e9da1f1d6070f0e4e8a3ebf75e0a5a3bf4a99be60c72d8ba3b51512331,1764513638,1764513641,2111,97625,,
0xeb39441038c145772f1b8bcd5996992872641efa1c8208e395bfad14adff8e23,1764513638,1764513641,2111,97625,,
0x1c641fcaf89c0b50b40b964ccfd1d4910b82876c47a5bb2ba590201688f28b8c,1764513638,1764513641,2111,97625,,
0x98e76da6b2093af5533f54208b6e8cf112bab9d7a9f93966591926eb09e118e8,1764513638,1764513641,2111,97625,,
0xb4bfdb438bb2d478f1399700b5fb2ed2e91bcfe5b51cae019a292d998c152137,1764513638,1764513641,2111,97625,,
0x3b61907c87f2320705e8d5d63b537d95b17c92b0073f1fa3d43825d899a017ff,1764513638,1764513641,2111,97625,,
0x33182127ac17f3ddbfcfeb2bed346213e7f27b2e24c649d49248e246be087e70,1764513638,1764513641,2111,97625,,
0x57ad80c8da7fd872d1f6916d65675f141dd98725bf0e04bc1a7766375a9b0149,1764513638,1764513641,2111,97625,,
0x16c1c9389212f18cf4553c4cd860318c4f1ad8ff0c2193a2edead9e801bd7950,1764513638,1764513641,2111,97625,,
0x6e1e30b29c7fb0c6ad2b720c1befd5c9ece9865f1ca94ce994af79262168a789,1764513638,1764513641,2111,97625,,
0xfed7c9ba317ae56fdcbf4e3b9060f0ea94b5af1de0a5062a2a782d4cc02a39ce,1764513638,1764513641,2111,97625,,
0xcdcee6798ffced33afc5ff9ed65c565b89fecbd356b13a0864466558f6e5baa0,1764513638,1764513641,2111,97625,,
0x2a13dcc471b216e4d791b07de1bb686c3c3dfa668c44603080d84c3f98e20add,1764513638,1764513641,2111,97625,,
0x2ca6d3b30807a808a3a2b7fe5e379de0e902bd0e976c4ac041f0047d97736b4f,1764513638,1764513641,2111,97625,,
0x39bfa5b3e7210cc0110098fad7ee77021b533bb46e32b813edb252f995033d29,1764513638,1764513641,2111,97625,,
0xf0479773fee3b521390f8f541d27a79800e4da801b38bb394b546b18ba33aab9,1764513638,1764513641,2111,97625,,
0x1d8717345c3227e69b6a09ade3dbeab777b417a2183bb3830c9848eabfe66795,1764513638,1764513641,2111,97625,,
0x502014bf7dd7032549891b01ef6476418a208ebbec429e360e48f8415ecf3bc7,1764513638,1764513641,2111,97625,,
0xd80a5a5239896b3a81ded2d8fa7ebec907ea8d2fb192bd576db26603c36e9e2e,1764513638,1764513641,2111,97625,,
0x8acc24500c26b92a11e813f67030c0dc6f1e92f7a8d4f2216ed9469a2581da30,1764513638,1764513641,2111,97625,,
0xd8010bf8d7c14c66e3dfbae9846ead20ff879ca35f71c17fd495d639be18f191,1764513638,1764513641,2111,97625,,
0xd00b1aa14bc74f8a0342e875d46406842b531a98feb6bcd04d1ea43d71813e3a,1764513638,1764513641,2111,97625,,
0x055666fcc17dce9fb6297cc1b17262b99494c5b12195f50a2f1dde83728eb47b,1764513638,1764513641,2111,97625,,
0x4e6112dece2a8602a7f60da775145de0c061e2a0b28abe23aa93f70de4c3cdda,1764513639,1764513641,2111,97625,,
0x54752258cab2169174b38ceec3788fb61652d32e03eb23eac370d968e71cca69,1764513639,1764513643,2112,108041,,
0x2323f0eaba5b2b9053460f538ae83b983e4156ae3e13ff261e3065c8ffee97ca,1764513639,1764513643,2112,97625,,
0xfc46644d300868332c59bc777daab2296dd065ef61199711d451ad160c480eef,1764513639,1764513643,2112,97625,,
0x2bb8a39960f341c37311763a1df7d7d321c4a616857f7c916024bae2e047c88c,1764513640,1764513643,2112,97625,,
0x32452ccf02f967904bbe6c6546b814bb311db98dd94d55115bcc96e079efa417,1764513640,1764513643,2112,97625,,
0xfefda3645913d127a016327ab4e06c5567042343e8150fabbb894db6b6275b7c,1764513640,1764513643,2112,97625,,
0x2f22319fac3d877e199b3b53ed4ca055bbeca4a69a7b20744ea28e62cf565fad,1764513640,1764513643,2112,97625,,
0x4fcf294daa013c15638b87b375612d6f040db557189bd6fb31572466d14fddc3,1764513640,1764513643,2112,97625,,
0xc8ac7b9d1f4ec828ff307a487608c6e6d7f09c2be7582693eb7caea618024053,1764513640,1764513643,2112,97625,,
0x9414c3296b527a49cc9e73c9a7127cf418ff0eba9143427daf3024bcdad314ed,1764513640,1764513643,2112,97625,,
0x8d1128cdc4abe47cff09b8535b48cedbf2709e4f404106e4f258c044f38e4a45,1764513640,1764513643,2112,97625,,
0xe1e6112dc2ce11f5bb2addca84c353af0feffa61fd4d7a699b6917f5268ba5b2,1764513640,1764513643,2112,97625,,
0x3cec6353da04960ff0a20f67adf790fa6d43194466c80bf41e985afa387c5c00,1764513640,1764513643,2112,97625,,
0x02a02194566e7cec16b98260ea9279e99ef56db69cd162b31a73fe0a12df8337,1764513640,1764513643,2112,97625,,
0xce199c393d047beeef53bcf3bb276b828073a09415f606822b509a56b87bf9a1,1764513640,1764513643,2112,97625,,
0x63aa01d31380841632250b3e3c9981fd349ef47dfd0ac2dd0b2f8318d07c15be,1764513640,1764513643,2112,97625,,
0xa71f01992782a4eb551f8bb503a9b9726e962be80eaab6f51d08eed43ed72481,1764513640,1764513643,2112,97625,,
0xe376956f4bf826a4859843166adb9f487ded9819a2cce56391f22c2ece6bb5fe,1764513640,1764513643,2112,97625,,
0x9904aa11f6f8a6a254b3510fcd1bea20e7a834a3e13184de2136e707d7a69305,1764513640,1764513643,2112,97625,,
0x10afeedd9641f998ad339a12254b9441bce147bcdd8c6e1659f5e354ea047234,1764513640,1764513643,2112,97625,,
0x5da9771923f404e722c71a4dfbabb70542a51c0c05d906cddd8784736dc0d562,1764513640,1764513643,2112,97625,,
0x1290a1cc0c7b2dd4655547881b6fe7b38d6128f4ff97015a656626970e831d6c,1764513640,1764513643,2112,97625,,
0xfb180cc29259461c3e8f7e73d89472fbe164226ef6f02bfd078542b34461fc29,1764513640,1764513643,2112,97625,,
0xf233bfc9968de3722ef7f1a236cec2bec058279ce0c3ea0955df50862715ae54,1764513640,1764513643,2112,97625,,
0xbad3a237272cf65dd69cd91e6779057395520c76d9e695e6e0c64abc36c80698,1764513640,1764513643,2112,97625,,
0xab19c9a66f13a8d4e270010ef9dded3fb8428b9a7dad1b8e8c383239d247dac4,1764513640,1764513643,2112,97625,,
0xc487ee6e1a9f325a0a45af6e594b1908053155ce568cc78b8a4785790df742ff,1764513640,1764513643,2112,97625,,
0xef6e07ffccc02be3e8c7949f8fe21530cb706d277ac681249061b0040ed91696,1764513640,1764513643,2112,97625,,
0x029eb46d1002c404a892e74c5e96db199db41791d861b7749cf5477af16445a2,1764513640,1764513643,2112,97625,,
0xb6e29d5a5a652a2daf617b59d1ad2948bad7fbc2ceea0bcbc66f91f7c4243c96,1764513640,1764513643,2112,97625,,
0x1a5026e4fe95dcc695cd12dd21752b6464e257726c09171e94b7a46160cd2b81,1764513640,1764513643,2112,97625,,
0x5bbcc0a1f3002d60474c456dba2d0d0e534c70b7d7684eb346c17ca88d35bde9,1764513640,1764513643,2112,97625,,
0x4a679b6d4533336c2ddbbc284a35f13592c5f03a0060a0d0185e6f41062aba3b,1764513640,1764513643,2112,97625,,
0x6143a6a9074d9fb5b3d75905e5a9a73097e2056882a46069a8de6e73b1849c48,1764513640,1764513643,2112,97625,,
0x3bf5be648ab557acd3dde5d66c653354a785d91eda44c62cf6802f753af9f13f,1764513640,1764513643,2112,97625,,
0x8c0bb341098df1c07bb2a9451615ed7172b4235f33cd8b88d8f92b4e8b90d80e,1764513640,1764513643,2112,97625,,
0xbfcd5f0a35a86c3d8fcd80c37698624026e993cd011ab2c0de8aa5dd16caf922,1764513640,1764513643,2112,97625,,
0x4b5a12f9db828a54f1bd4c894b28802c2320daa5c2d21fd31e78017ea1f480da,1764513640,1764513643,2112,97625,,
0x90606dcdfdc05c7872e5b24d72c806dbdadbe46955eb6a73c8d64b3d98689a61,1764513640,1764513643,2112,97625,,
0x43e7b752e438b8393943f689cdf9c6922f6916946d6ac61ea3d234313db4085a,1764513640,1764513643,2112,97625,,
0x19c9765bd4d24a213d7db7113ab853b09a481ef72833b40351edc473664d200b,1764513640,1764513643,2112,97625,,
0x0b86ce21094cca0a0d82ab6b4911160494c32b091d6bab6154b351b9bdc3124a,1764513640,1764513643,2112,97625,,
0x033d1be20d0e7b6a1482232264aad8a3c6d8864b93942ba1ddb3b6b435e393bf,1764513640,1764513643,2112,97625,,
0xa1884d4a9024a20490c53212a1eeef9a7a09409153c09c8d3ab140e035f3f104,1764513640,1764513643,2112,97625,,
0xe0a67bec6da5c29fd1480024faa225d158de50bc49541e3880a2aa83efe34872,1764513640,1764513643,2112,97625,,
0xb5801430be57c42256bd1124a04ef470f2263691b04a8ea62e2053c075854f51,1764513640,1764513643,2112,97625,,
0xf5e3fd650d2cb376fee6785dc03d8f21d64551c415eb0a3da290cea6f0f40801,1764513640,1764513643,2112,97625,,
0xf9c6ac3180e352b0f9531a8060968141807a5d3411a681baa86ece44f8692685,1764513640,1764513643,2112,97625,,
0xd01784c25856cabd1b09ec5372c3309304737d60acbf7eca1f0cfdaf371ff410,1764513640,1764513643,2112,97625,,
0xfb278f82c4a24bbc7b45ce1a736474390803e7aa95dc418d9b5e83d19efa32ef,1764513640,1764513643,2112,97625,,
0x2c9de648afc6f080de0dce421eb9b29a9dfb85fa688434b2b8f8d9ea4e20570e,1764513640,1764513643,2112,97625,,
0x948f7bd34246a3328808495faf3f44dd68d98162336094e595da4260eca21347,1764513640,1764513643,2112,97625,,
0x97a3c7d052e601ebdee53748f4e920a6bbf2128b3302d59fd3cd80c573996542,1764513640,1764513643,2112,97625,,
0xb47c018df76b9fc7feae20b5b32904b0f3ad427ae7c5826b65f2fca94df76b8f,1764513640,1764513643,2112,97625,,
0x1d252c0283e8a2bb5f50e3684f2a37b8ccde0489b1f27238f053d76fed19aa28,1764513640,1764513643,2112,97625,,
0xfedfa34aa676f2b53424a0e39b99ca4c0ba5b696b7ea7d1595b088e938fa0ab8,1764513640,1764513643,2112,97625,,
0xe285ef63cb5a52ad39d43328b8cc44fc2ab98b4b3d2039152bf92bec80dbfa59,1764513640,1764513643,2112,97625,,
0xf5f7047c10202e6b0a304311d418b8f2eb3f2a6cb2ff924249bf2d1369abd4d2,1764513640,1764513643,2112,97625,,
0x624b2033536059ebe7d73eb354aea793bfb51c1668ec3429a14eb358c93f6293,1764513641,1764513643,2112,97625,,
0x4171426482e4284545511680800b90d2a152ca371218fd48c75566b25c8370e6,1764513641,1764513645,2113,108041,,
0x19a0a071d7cb40338898bc76a669785bfe7d0e7ae45290b8482452ab1077ec6e,1764513641,1764513645,2113,97625,,
0x5ce2c76d815a927e59b299f617cdf5dc57c91f48dc086a914b15034997fef30a,1764513641,1764513645,2113,97625,,
0x38d9228e7d70fe06234ae3365473bb5d48c3e58307c8ad13d558a487b5f90cbe,1764513641,1764513645,2113,97625,,
0xea4dfadeb969b81cbd0cfd7a18dcb64570958160f18175ad481d906da537589a,1764513642,1764513645,2113,97625,,
0xc65ed87d34a25e4e870bf3081ebdb95ec4a5bf9042ad5c6dcb3ecfaf0f9a712d,1764513642,1764513645,2113,97625,,
0x48eb26bfcc222c0f7c5c0ecf8f4d9ba9d1f7b2e5042dbed9210f32262dd2727e,1764513642,1764513645,2113,97625,,
0x442f9ad8a7b44079f8958215c9ddc626ec81953217085a11a74696b0e76d6198,1764513642,1764513645,2113,97625,,
0x89873a62fe9aecc9800754d28d911c243d05e0f73a395f6dd625d4026d75f571,1764513642,1764513645,2113,97625,,
0xcd6425d7ba47a4f9118052b30746d94e6fe02a445cdc6a9562e686b71327b765,1764513642,1764513645,2113,97625,,
0xec69654124cf8ddf4e12b33aadf11d646962025539bf166a6f310192656747d0,1764513642,1764513645,2113,97625,,
0x7f5dcfc471c92208becddd05389dc833d9832320549c97e9711d91ce5ef34c94,1764513642,1764513645,2113,97625,,
0xdf4279c64e40f6e419eac226d384e897d93606fde046e2a7397bfd29adf529aa,1764513642,1764513645,2113,97625,,
0x1cb22dc18acc1ccfbc7d72f0c7d701758d994985b4be9bb1c78f4de3b9285e16,1764513642,1764513645,2113,97625,,
0x3236f6b41d7e06d11af86ed625b82024e7297c0d14f066e9081ccd1e218e1ae2,1764513642,1764513645,2113,97625,,
0x864de758f3b8ace5ec408922d6783591d8178faae2e637062fed8f657b4662f1,1764513642,1764513645,2113,97625,,
0xb75ba8acc4eaef8dd7dc76ce78207f7eb44b1330148b1844fb14bc425535e92d,1764513642,1764513645,2113,97625,,
0x4e758de4cd590884c459de67c5783561b9618baede94f93321893a5d65e83c88,1764513642,1764513645,2113,97625,,
0xb4ac248caf6541a58f7f3122d2dd58e64ee2f3298e29a97a64f92785949c4471,1764513642,1764513645,2113,97625,,
0x10ca0f786637f110e5bde3763f619bcd813219394515e925e6bafcdcd7e211b5,1764513642,1764513645,2113,97625,,
0xcbf9af741e06e4dcb9850a57992a1757586decdaf913446129899574e2ac8993,1764513642,1764513645,2113,97625,,
0xc4fa4f0e0cfc2508eadc38b31987c7d116f39a6d7cc5c71e3f20748d133d6377,1764513642,1764513645,2113,97625,,
0x9d4956e7a9d78d46ccd24160e62b4859f707ad6446ff5fd4c163abd455a41d0e,1764513642,1764513645,2113,97625,,
0xadec2dd353ec43321a8f688c9a18068c5b914484606cb025e43e541eaf886042,1764513642,1764513645,2113,97625,,
0x5d1dd61171b097052d73c9aef58e2239034768691be5168d0f989e051c8c11e5,1764513642,1764513645,2113,97625,,
0xd20deb3e589e0818cb455f251c3c9ff00e4d91b09f657f43fe695d8756b14622,1764513642,1764513645,2113,97625,,
0x99277a5ee92d600a1264edf4d5762d950b5ee7f5f88970240ec62e7bd8487800,1764513642,1764513645,2113,97625,,
0x17b08c0802fd344dcf3d4808b9f60d327620d6bd9926121f5e827e2a2732120e,1764513642,1764513645,2113,97625,,
0xb20169f7356d4e5e36837a9cb6fdadf9fc1b46ea569364cdddedacbba5845b1f,1764513642,1764513645,2113,97625,,
0xfd2de558e100170f1a50f67376afb7679140924f2bc53429cbb0c247ca589731,1764513642,1764513645,2113,97625,,
0xe5653328c6145907acf5259fc7d1d239ee9c6acf7a98432084312a54ddd1e47d,1764513642,1764513645,2113,97625,,
0x0c0fda047af138a2a744d700fe8435102196477fe09f1f24651692563f54706d,1764513642,1764513645,2113,97625,,
0x594118fc4e4677fa21401687866f5b57df297568d92b1bca449316dda3a0b27c,1764513642,1764513645,2113,97625,,
0xcda6f420040c4f3cbd814d481653de24f837fa2dd78f939d531c6ed5044dcf2e,1764513642,1764513645,2113,97625,,
0x7aed35ea57caac14b84d3ceef0fac92c9fb2b758bdf1ad4a7ca079c31c9a5b90,1764513642,1764513645,2113,97625,,
0xc51aa735c053401182af3a72ac98751a5ae48f7c217bacb2508f2d0b863c53ab,1764513642,1764513645,2113,97625,,
0x70f43bb4400683bff998f09ea5cea02ac244b84c95ecebb1a1216ec88b7c613c,1764513642,1764513645,2113,97625,,
0x13eb3757bbe240595f16ef005a1264b334d4cc1982aa52ed35dd0845d06e4d86,1764513642,1764513645,2113,97625,,
0x1e36436d8219e8f65b4483098f3cc82956c1bdf0093ec73a9641bb75dfbd3147,1764513642,1764513645,2113,97625,,
0xcc226a130893e6caac413ba47011d29eda6ee7a11fe57ceca8abe1cbd490dd6b,1764513642,1764513645,2113,97625,,
0xff0ac125992c437f3ad8ca265017ad5ccbc31f90d7d1e52700f1012161088948,1764513642,1764513645,2113,97625,,
0x05f31233f44b3f45463478eb7dc19c16a313f82a54c05eda2b53a8aea62eec17,1764513642,1764513645,2113,97625,,
0x8767d8ed8c3d470dd280c5885b66127c95dad27c9db4786c97f5b1b09f6f68ee,1764513642,1764513645,2113,97625,,
0x1f12c3cf9151edb904657a1f370a0b4b808270ab69254f33e90662b9065f2ec4,1764513642,1764513645,2113,97625,,
0x8075ee3a6685b03526feab31a7dacaecc341fbcdd128f4f8b055cb39f39861e3,1764513642,1764513645,2113,97625,,
0x455172a8c4f7d49da11f1c8ada8152fc865c55c880d61e73f3e2341545b8ba28,1764513642,1764513645,2113,97625,,
0x4f7d6460429191eb640e3698561d52ee61e29774f3c0ef3bbf48735ec41ccedf,1764513642,1764513645,2113,97625,,
0xaf4045847a5a5e3652ec8a00f011382902e1f9572217022d71a9a6dbad28bd7a,1764513642,1764513645,2113,97625,,
0x649714b58042b92c232e2101a417339ed08fde6292a4441943a0987147b86872,1764513642,1764513645,2113,97625,,
0x7f910fafcee2f57df8a3c567ca9ad9055ca9877bb1b1cd35b30ea4e848f17bcf,1764513642,1764513645,2113,97625,,
0x76287706c5ad1554430b2380bad19dc8d430c659b1b8e41c2a99c904da5b0f4d,1764513642,1764513645,2113,97625,,
0x7ea516195107b4283dd35e9ad076422e3bcc0f119293138c415197a1dc376360,1764513642,1764513645,2113,97625,,
0x5c450e1f908662c3d821424b65ac1f0ecfaaf6397529b1f093d947d1abe02843,1764513642,1764513645,2113,97625,,
0x0689c192768735b2657357707e2874a9576a298ffc84bbacbef19716af0d8118,1764513642,1764513645,2113,97625,,
0x64a55b65e57f9f0ec53f6a475d6e5c8adcdfe3e3fb2763788e2949cb0cc9d453,1764513642,1764513645,2113,97625,,
0x135932398a8c87bd8b8c2b6f364daab49acbf20548307c0798c44594e1a4d8d6,1764513642,1764513645,2113,97625,,
0x10eec96928a9cf58cf64acbdd501d6404e280cb297c007ca629647155fd0c35c,1764513642,1764513645,2113,97625,,
0xe1edffe49b6c064914de938be92033cce8c58050d2cd3e17740f281e3fd922f0,1764513642,1764513645,2113,97625,,
0x39782e12dbd604ea7aaf4cd56d6226363a3e7ccd3d54fb32d6fbfec3d0290e32,1764513643,1764513645,2113,97625,,
0xc3c254c9b6600948b5f1bef4d976e41bdd27a2153b21653fba95a069692ac222,1764513643,1764513647,2114,108041,,
0x409657dd22664d532bd2bfedb8075be41ceae5134b59263dfe1c0025b3690ada,1764513643,1764513647,2114,97625,,
0x41382c445f54c941fdca6a574cd07d4f6285088e6f8a209a493f82342feaaede,1764513643,1764513647,2114,97625,,
0xb6381790809c4114734dbb6db40b3eed934fd9716de1ef978ed90027969b8caa,1764513643,1764513647,2114,97625,,
0xe474e54d23c0f71ce4a61ea1cf0eb5d4ca8d34241d317e828e6a4213d86ebeb6,1764513643,1764513647,2114,97625,,
0x9eab0be03c05981dae6ef83e3ce93080418c3dfb962de91485d0105cd8511a31,1764513644,1764513647,2114,97625,,
0x68f4cd6a40806bea018f547a70e7e30df96b0e3dd5c6f5b2d5b0da6022488d75,1764513644,1764513647,2114,97625,,
0x59db1d9a534674562aad18e6ab3d44b108ac4f9618d6d60fdf2364ea79181923,1764513644,1764513647,2114,97625,,
0x7e28762442da144391277bf379e63f4971b0006d3c47dafa42fd62c2458a202e,1764513644,1764513647,2114,97625,,
0x509013d6d984a5c6f5f3497575ae6b85c16391701f7ab8c731288476f2b3263a,1764513644,1764513647,2114,97625,,
0xef01c2969d617e3cd8cf5c2953e122af6adc227c2709412d21b5df2877729cc0,1764513644,1764513647,2114,97625,,
0xf8763c008d62efe15923765e50a0de7a2fd7ddeb8dd0b92feca558e5a2485dd6,1764513644,1764513647,2114,97625,,
0x40b32ad5c26ac9156aa6ed763d61d9cdff60e72036babccbe9c682326f90e772,1764513644,1764513647,2114,97625,,
0x58be6ac5f05d5dd407dd3a9a9b301691eb7b1bf294742c387d293829c77ddf36,1764513644,1764513647,2114,97625,,
0xd8ddc2df636536ab704bf6921c02e9f0dec983cd7d2f8badb0965cbc1a0c5ae0,1764513644,1764513647,2114,97625,,
0x0aa0fc459b25bda4c33bf9a425d76847738b5b6cdc356940deece7d6e4141428,1764513644,1764513647,2114,97625,,
0x40afaad38c24150a18699c079611207f3b28955cb0ae74d168303657693b9eb8,1764513644,1764513647,2114,97625,,
0xe3dc055a621e5c4da9f93c4bdda69549ecd2ce0b1d9b1ca9c3ebfecbbf47a8f2,1764513644,1764513647,2114,97625,,
0x92ebc64f1173cd9946e38d3b4ec12acdb029473176da9c06e38c6943f3950013,1764513644,1764513647,2114,97625,,
0xf0b5ea6e25c8c2aa1bf525470b5558df4ef889879eb8720dc0483e5cefec3fd8,1764513644,1764513647,2114,97625,,
0x36e89e0dbbca3accb6eb483b2729905d8862c119d3cd122b92a265580d51b737,1764513644,1764513647,2114,97625,,
0x147524c50763eeb478b997db4864fd4eb64486735fe0e3e41d180d90eaf6679b,1764513644,1764513647,2114,97625,,
0x183c0592ebdedda3764d401bd03c5bfe9e8f80951cf0ca94558ecc10f4fa1f54,1764513644,1764513647,2114,97625,,
0x573c767e48ca600e911823146165e6205632cc1d3b5c8224aa2b8918cd575ae8,1764513644,1764513647,2114,97625,,
0x8345b3b99d53dc050a9bd5962bd77f11735ecb8ea769850e6d2b0a2e62b4f359,1764513644,1764513647,2114,97625,,
0x1e711f364a010c9190a89f42e34b462b5994cf401c4de2a92a785052e3b5ea9f,1764513644,1764513647,2114,97625,,
0x3e5c597fd07359f2bc3d739fce5ad4a404b42c452528e83905351a7a2f424fa6,1764513644,1764513647,2114,97625,,
0x59ee097585f6a12e3190f6c997d351d54e86d267b41734939e5c827ec4c58491,1764513644,1764513647,2114,97625,,
0xe5c0aecffdf4e5158e90b6583a16f1b981ef17612f466bc58b25eceb8ee82418,1764513644,1764513647,2114,97625,,
0x800ae573e0f1ed3e30cee4b732a559526a6c317b1674d6f11468a0a892899808,1764513644,1764513647,2114,97625,,
0xbc2c3ef77b3d62b115ebdb2c133ca4713f3ade323a9b49ebe7fc7934c88c2479,1764513644,1764513647,2114,97625,,
0x0ebcaa824cc73e0e015374dafb64d1066e837e5fad1c41d92c014f20b21ef0d4,1764513644,1764513647,2114,97625,,
0x3130a2232adc093d2d2f2c6d8231efc915dc1d1f1d934504fa951f94320ff52e,1764513644,1764513647,2114,97625,,
0x6293432bee537ef51b03e4af6522ba9ecb63d588e8f011e42a48b6bb71e249e7,1764513644,1764513647,2114,97625,,
0xa0049099530af9ce724ff53ec46f22b18724592180622f0b5f66048c000292b0,1764513644,1764513647,2114,97625,,
0x290f6aff374931baea511d9c80cf48879a2a365bd89210ae84ba5b55894f28d8,1764513644,1764513647,2114,97625,,
0x4b6bc2c57cdfd2ad92071db2d1208fa28147eddee173ebf623a55a7cad4cfc3b,1764513644,1764513647,2114,97625,,
0xad3fca0561bd5ffe940963dde348a7a704d82122cb7fbe62972e5dd96f2985ec,1764513644,1764513647,2114,97625,,
0x9de8e6f496057adc68cff996fd534c484a1066e495e03c2e0485d736333e0c55,1764513644,1764513647,2114,97625,,
0x1b7bdef4a1bab8270ac09a94fc34f25cbff4f8ce9c4dbbc54e58b3631abbb1c2,1764513644,1764513647,2114,97625,,
0xb21c070c453bb8556b844b1be01672f921be09116aca15cdef45a15bb3489ebe,1764513644,1764513647,2114,97625,,
0x296960cda98a3cb68f4675e670a4d8dc8186cdcda805c61ca58a099004816be7,1764513644,1764513647,2114,97625,,
0xc7012c2b2333b0f1e2811509d69ad90609cddce27deaf4d9ebd3cb87537c4b43,1764513644,1764513647,2114,97625,,
0x3244d559fe4613ae05a1b41bb28fad90a2060b69be28edc2991bb876f8ceb15e,1764513644,1764513647,2114,97625,,
0x0b89daf7ec6e509b7c24f4a12cc1acb843866c5e5dfccf50d29ef1e569d89e5f,1764513644,1764513647,2114,97625,,
0x381b54f1426b39508ae139e29a63c0ce7fca532614b8024211a7a0c90f0cde35,1764513644,1764513647,2114,97625,,
0x72ba2b32abc8521cc89889ef238140fb66de88f5a43094fce3ff4be712044bbb,1764513644,1764513647,2114,97625,,
0x65c402cc356c192ecf226fc8e4aa39772877f6b0938c5a885a394c37cd45c657,1764513644,1764513647,2114,97625,,
0xa1810535fc808c250e5b5b6834c96c2b625f0ae5e2cee3485003b94be4a7c10d,1764513644,1764513647,2114,97625,,
0x8a2d911f680b22ccadcf38507ff4b4e86ea0e2ca8b95a1c895af6fa319356a10,1764513644,1764513647,2114,97625,,
0xeecc9c8fc87d9bc1133d83b0ba0eba8dec8ae032bf756dbb432dc2fc6758ed76,1764513644,1764513647,2114,97625,,
0xa1f1b2f65239fc12c26cace99d5550ad62deaa1349975629c8de4b2a10dddf67,1764513644,1764513647,2114,97625,,
0x87e7be4c8f8ffa2a74320d565e3e825e383987b7a70d29c42cd0606021d228a2,1764513644,1764513647,2114,97625,,
0x881a30fecdcaed997db41d7bf8ac3cc268fbe0b17dcb883891dd191cd55b2e0d,1764513644,1764513647,2114,97625,,
0x1ea92c256b748d09e22a43610e7dd1f560572eba4317f88abd652acfda6c9ba4,1764513644,1764513647,2114,97625,,
0x8e4bf17d4e474f1db38df30a5b1c3a092ce7fc8601178967e263303f3e22fbb9,1764513644,1764513647,2114,97625,,
0xc442d0a258b469f5b708b8109ed5b66a9e4ccba1d4dbad9e29a41c50eaabdce6,1764513644,1764513647,2114,97625,,
0x7066269ac7edb76a84913ac65cc4b09bd17bae3cc57b8c818f8ce72a7e2d7c74,1764513644,1764513647,2114,97625,,
0x377ad1c45fabf057aefcf81ce44775bccb92addc74c3efbaa4248cac42c7472b,1764513645,1764513647,2114,97625,,
0x972ae3686b919995d267c1b35600a01f1eb2ee0be0820a237abb57cc28a58795,1764513645,1764513647,2114,97625,,
0xe0225c32fb987be0a89e5ce04fdebab99930d12368357ebeb0a49f3a4220f648,1764513645,1764513649,2115,108041,,
0x3c6b63532dbaeddea6eda956f66fb97418fa52ac48b359f13de531fb4de2241b,1764513645,1764513649,2115,97625,,
0x8f183a65bf559fe7d859f845255abc5a425737a5a70b683980fc1a249de7b953,1764513645,1764513649,2115,97625,,
0x79a27d3d6512218d2ef6965b5148d6443cd44e083e209096d596e83adca87430,1764513645,1764513649,2115,97625,,
0x54f0c724e913222e42f90346bd787fd22c236ea86922497ef0363ac6ae6f6dca,1764513645,1764513649,2115,97625,,
0x28fad6ce7975af7dee5b6fb8213f5bd322e569b6e877cc9c6f1ec59f02811d0c,1764513646,1764513649,2115,97625,,
0x6d375589318bc2e301539cfa2560314e6ca2808ffa56d3f9dc6bfe19b759874e,1764513646,1764513649,2115,97625,,
0x10f654bda4263ca25f58f9ff3ac5ca0d57ee6c0f0a46db921eb86ca19ccc8d1e,1764513646,1764513649,2115,97625,,
0x6bb3ca010b083e0dd8b291ee3498b75504e8519b8da5963403552bfad428b293,1764513646,1764513649,2115,97625,,
0x5b693208839d3bdf9cb4fd240a2241dc0ba3f2505beabe0317a5cdacbe614c40,1764513646,1764513649,2115,97625,,
0xf84ede5e6f9feea5d7a347e5368fe8f0c447021e0c46ba8d8278970f9524e593,1764513646,1764513649,2115,97625,,
0xa543acb7e57f9b64c35d04733e7c83cfb6760ff9521b6d975bd11bb688f838a0,1764513646,1764513649,2115,97625,,
0xb4db96ac40cb09cdc3039901434a847b109fb2cad0df719828fe7fc2819d735c,1764513646,1764513649,2115,97625,,
0xfd5bd4fca4f10f9517786282fc112bbc16c6f0f56d181e495ae78517e3faf4db,1764513646,1764513649,2115,97625,,
0x0b4df6ee95684ae8ad6429ffa1ebb9ac93a168c44331794b83c6c07c3687adc0,1764513646,1764513649,2115,97625,,
0x11edca2d95edf710ae7bafa65db2dcd551b1b2faf35328d504d92f8e47d52440,1764513646,1764513649,2115,97625,,
0xf40c9468e6f6ec82fe6c92332f7a48b4faadd5cbd943af592aa9e8f19a50513b,1764513646,1764513649,2115,97625,,
0x61a8da764afddfc6db2006343a6e7732d12d9d12f22f82397b4ecf5315a87727,1764513646,1764513649,2115,97625,,
0x7f694d0612e0b7a5e30e29d1dda921fbdbb93804dd255a3aa46a734af3929404,1764513646,1764513649,2115,97625,,
0x1d6727865661049d05e2046a7ecddebc933fa7528fa57b4d198389ae147f60f2,1764513646,1764513649,2115,97625,,
0x732d9945adf35493868fd7b747e8c45fc7e98e69b4885d92302cdbf4ef1343e2,1764513646,1764513649,2115,97625,,
0xfe605fc59d61fed366df7b6c00ba2c9fce410aadb06e10db1d2a8c058c8c246a,1764513646,1764513649,2115,97625,,
0xd9465d6455482a27d102c353fdf7c438260f917a6972e083daa78540716473b1,1764513646,1764513649,2115,97625,,
0x6a32b83fd77f10da332b91fea26d5d2cd41ef0255b94cfeb3cc55eaca5fbcaf4,1764513646,1764513649,2115,97625,,
0x29ba1dec54a2f3f68d5a7fde229a5fc24d9e2e4e77418d4dae26671b09021bf9,1764513646,1764513649,2115,97625,,
0xae5a6786e97f0dfe842f993b59e3d880b79c471222b25588abd30cec25314947,1764513646,1764513649,2115,97625,,
0xbd0b2c814d58426618465cf8332dd0a5be9127064ebd4e3934f343383f412f36,1764513646,1764513649,2115,97625,,
0x3e451c3f1e522f2b59992bb6eae078c24e1302e20ac6ff0f1a2d129ccd27564e,1764513646,1764513649,2115,97625,,
0xf1a3634144691b6689060c7bd9c2cd3572991825df52ce4aa1200559df97d93b,1764513646,1764513649,2115,97625,,
0xafe119ec9829bea5becbff6e0f5007d16971eb7f4eb4da439c2ee797328dad10,1764513646,1764513649,2115,97625,,
0x47490a46c4162e8174b6fa08d31e84c41aeba04d3d45e99fcf06f0ea2dddbe68,1764513646,1764513649,2115,97625,,
0xfcbf147ef709cac714aa3a53ce76953911be0f96b83ff1267524957cc431943b,1764513646,1764513649,2115,97625,,
0x475750ec7f5b4d902a4d9bf25d0fc83404bd9b39a589d220ab42e4d1dcc97f16,1764513646,1764513649,2115,97625,,
0x366bd79490d67ebd9b3be70f3ba5a2510b18aea8050716c40ad1231d0c279780,1764513646,1764513649,2115,97625,,
0x50b77790e54424528a81ce03cbf67a7e3bfee963e44041113653b8678b9acbf4,1764513646,1764513649,2115,97625,,
0xe20e3452d235daa27e6037fcf4103fc6fd508e55c789357e742ae1e782a080bd,1764513646,1764513649,2115,97625,,
0x80da8c2c4c04643a0cd32c32e3a720558ddde15d2324f96a66460be3e22a47d5,1764513646,1764513649,2115,97625,,
0xc17d6d59c50f2b43c43d3724f8c546b6acaa70cf377388065665d08a3f4af486,1764513646,1764513649,2115,97625,,
0x66c3675ac688e316ad6465a7a064c77d649a367317e503eb863c88a606106497,1764513646,1764513649,2115,97625,,
0x230f7ee06024337df9dd6ad277f446b11e750a45251c43b17932f09fb905722f,1764513646,1764513649,2115,97625,,
0x82f45d7a07eeb1825d9b289ae59e9d0e9c08ff61df84c7ee5800c286bb815640,1764513646,1764513649,2115,97625,,
0xdf23f764e0fda9d736f283ec90bef6bef99fdd934886ce944f13f7128f513a76,1764513646,1764513649,2115,97625,,
0x238e856f68b3d0cc55eb9968e65bb030a6e927be8634d8bcb22be38516ca8db9,1764513646,1764513649,2115,97625,,
0x9b553437a9c74c86ade3f121e023eb93f5a356d7c4463f5a43d955f128fd31c0,1764513646,1764513649,2115,97625,,
0x40be5c14653d8cea16fc7810a58ec7e8588056a09cdff83a54cc674f530dc434,1764513646,1764513649,2115,97625,,
0xd67adf8b203bcb8562eaa603e4687f40ac19b76813cec3632b1ad29429722a51,1764513646,1764513649,2115,97625,,
0xdc3a2cb7f9574ac527d125d29626efca3a26db747e3da646aa696b361d9e79ac,1764513646,1764513649,2115,97625,,
0x471341aaa5c4fa79ae0fe6721cecba6edd6b824d19fadfbbe78d2628a3da333c,1764513646,1764513649,2115,97625,,
0x544105353f6d81500a118df73d66230e2d6e23110b1c18bd5a7b4b3613f53079,1764513646,1764513649,2115,97625,,
0x21f9f21e8e38736e5e5eddea7165c935afd8a58e9556c9ebb24c04e47231727e,1764513646,1764513649,2115,97625,,
0x1206fea3e2477eb96ff216a0dc10392627247cf8e011e70b3be2421c41b28c93,1764513646,1764513649,2115,97625,,
0x40d1701552a85862390ee5e20a45c4382bb8e9af5d723248bf1db78b17ce15a2,1764513646,1764513649,2115,97625,,
0x6d0290cea23ed08e65581573ea49323d7f759be824ec0de173b1840e8f910f79,1764513646,1764513649,2115,97625,,
0x2b2293ad932a5df879a4dddbe084b9a225381edecb74e78c21d675d074d07b07,1764513646,1764513649,2115,97625,,
0x4698c2d7569521e2bbe3bc2613c7d3d7f1fb4dffb2351ae6787dd14a093b7384,1764513646,1764513649,2115,97625,,
0x07dc42627b50a2963293a8b03f77a360384f0a5a6171761fb6376bc8629c89f4,1764513646,1764513649,2115,97625,,
0x714de356a5eed51144f1718beb027932b50311fdf8f24eeb8bd396441324fb6c,1764513647,1764513649,2115,97625,,
0x6609d5aab61b39c99d825d9d203c31da1382bfc55e80bfb80993621c06d5e3dd,1764513647,1764513651,2116,108041,,
0x495c120ae426e85a7b5633d12dbb7a6a33900f3cc3b18ee8ac66a09ad26b4f52,1764513647,1764513651,2116,97625,,
0x8767b7b83e30aa9f009ccd67b23631cb56d9cf2eac2df22e192c20869cc4e36a,1764513647,1764513651,2116,97625,,
0xf663b1f2b208f1f44a0564a1a1b08f4b19c5c297c0ceeb346fc6153d7a57144d,1764513647,1764513651,2116,97625,,
0x8dc436e23c99318b09e5070c842f3a2a932ca0895e59ed9b1b3dd5679d0bbeee,1764513647,1764513651,2116,97625,,
0x903e0819e336d58f4502a70afed1cdb4cb499b8533033cebdf91b3bcfe1e2720,1764513647,1764513651,2116,97625,,
0x06af561947f754cf9c49b6be0261e815762faeb0f1eca13027ec79976025cb36,1764513647,1764513651,2116,97625,,
0x96a0a71cd7957d92bf10b38b3ab47d67bfedeae59e85831107d2e0140616014a,1764513647,1764513651,2116,97625,,
0xbb86e0ef9209eb636c3301081bd29683654a71c596ca8c3c982a31567d02e371,1764513648,1764513651,2116,97625,,
0x8d7c8f9ca3046741488fdbfbe58f7e28843d73344677c78dd41f5e8ea83cd666,1764513648,1764513651,2116,97625,,
0x4baca5a9ef0cd6a5bd34605bf3056a2bf9956597dedc493c555e806dc981437f,1764513648,1764513651,2116,97625,,
0x2ca1711578f2fdfd71a718b3dad76615890d31becb6822cb2caf9cb46923e4ed,1764513648,1764513651,2116,97625,,
0xab1185532083738193856cb57084353352dddb1210ede43d89abaf4b4f12be76,1764513648,1764513651,2116,97625,,
0x97813fde2028ee15bf46b87e071f1ccdc9dde9e971a104efe7eb79de4536679c,1764513648,1764513651,2116,97625,,
0xd04a720be4f95af26524741a6c38f6b4ad4104e2d95b871d7afc0c0ba5ffcc28,1764513648,1764513651,2116,97625,,
0xe1f2cb0d207e35824a8ad0c6f7584b15dbef2fd9f994077b9d044bd2ec38cf94,1764513648,1764513651,2116,97625,,
0xbcfbd6b70343e79b4282f3929647f33ed9fbb6b728d6d3cbe1847a1689673c26,1764513648,1764513651,2116,97625,,
0xd08b8fa7bdc0ac06935157851e9b3f878416393d4e43fa7894e0da6215097390,1764513648,1764513651,2116,97625,,
0x8c31662fa10701ff23532859218a5582918558c2e01bb04b724a8a7b055f04cf,1764513648,1764513651,2116,97625,,
0x2b76e68b94e805e76ef0361be23f31cc8d3b01769092a5190b938bc777bb1c72,1764513648,1764513651,2116,97625,,
0x53a0dbe8192ecdbf92dc28690fefe9770d1adb2f66e76d8342598f4cd911bc98,1764513648,1764513651,2116,97625,,
0x5ec7b90a119e660889e783587ee3a75d35b3c72d4d163fc91221944019b5c0c9,1764513648,1764513651,2116,97625,,
0x0621ed44ea14ec669e838516a9c96e82362479d9bb9654b45649ea4784d18f80,1764513648,1764513651,2116,97625,,
0x149619aeacbdd88142e6448f5d81ac3627634b3c0e075e937db88cefbda259b2,1764513648,1764513651,2116,97625,,
0x8d64846edcbf2369449269fe07f97881f4c0180cfedc1201bab260c59937f1b9,1764513648,1764513651,2116,97625,,
0x0e0a0ffd5b4041064241edb79d9e112814da5ae1392647b8ba5a1c70ac676012,1764513648,1764513651,2116,97625,,
0xee616cec7c3663de9864862e06c7c9fda09cf0df0046f1119fa0d437332928e0,1764513648,1764513651,2116,97625,,
0xdb7494009203a79de8360e5ee4670f039b0b6d954524c5a1a80710385f4bdcad,1764513648,1764513651,2116,97625,,
0x6b088fceaffd6b14ecb9a0c94dcf65834ed912e078088fef41a8b24f288f8ac0,1764513648,1764513651,2116,97625,,
0x8cb2a53dda6fefc316b6bd2225efd6a0302d3408d25611947c31775d012ea3de,1764513648,1764513651,2116,97625,,
0x328733df16dd8545b3691a26cca467951acc3d6584b7a2ef8d1b578ed193f4ab,1764513648,1764513651,2116,97625,,
0xb189b878fd6190db7c4587082fe00e15abc3f112d9f02db7c8d67a477f8d9fa5,1764513648,1764513651,2116,97625,,
0x75844672fe9be17cc3d8c4f5688c51306b176f94aa21b636e172ced89203583d,1764513648,1764513651,2116,97625,,
0x11ae14f2903ff2bd56dd59ae3c98800183e53a5da622ac841f978367dd545858,1764513648,1764513651,2116,97625,,
0x400ee86fd56856e05038081c83376eb441e71e0f133ce2db842a312cdf39a0ea,1764513648,1764513651,2116,97625,,
0x2d53f1ae09924d1d367e9a2403f20df607e5807cd9cf806fc4a7e899a4c04612,1764513648,1764513651,2116,97625,,
0x2704fcc2280f2331fbb362b3cd1c117f0cb1815ae551ab693d4f38350844e8da,1764513648,1764513651,2116,97625,,
0xa5b53c5249bcf24c8c137fdd2f9ce5e8a77a14cbf709ca2e27076e47b3c80e95,1764513648,1764513651,2116,97625,,
0x2a792a6b3f9434168ee2aceb135988bc2b599c3cdce15a6c09e58628b0510f16,1764513648,1764513651,2116,97625,,
0x26e3414bd02dcffd40e862526ddfbedef84672abf14a5f14aae9a3d5ff5213c7,1764513648,1764513651,2116,97625,,
0x076602272208be9015d2907bb4ba464d3070a4b444fb3e7a6cacb5233d52b5de,1764513648,1764513651,2116,97625,,
0x1577b073640be2442a367de3790584f661c1089819206cbfba2349ca65019649,1764513648,1764513651,2116,97625,,
0xb283bfe59cbbe574e59fa80bd4c683bea6244c2461a05bd4dd3e2357cdbae8cb,1764513648,1764513651,2116,97625,,
0x435ff52be37bc74fb90084b34083d8b89077e020711cf2ef92b56028069da2f8,1764513648,1764513651,2116,97625,,
0x515e09c8d4b27628571f7e858383f561ec943fe5ebfef6e3208c78db2d8d48a7,1764513648,1764513651,2116,97625,,
0x8a06e235d5e87e1c44dbc1406f3bc80f9be99dbaea2ffaef8cd6babeb1d89c63,1764513648,1764513651,2116,97625,,
0x79be7319548b62f0d0af095c15b4fa882dc453f5d84628590e18642713d31b5c,1764513648,1764513651,2116,97625,,
0xb430d842d60f0a83f09d5f1fb9b392f0a8655c9e992080d0db4038b5b2471d7a,1764513648,1764513651,2116,97625,,
0x49b9ab9b63c0f27baf6b02f7d7f1456e49f11721b93b0ca14c8f14f1061a4c5b,1764513648,1764513651,2116,97625,,
0xf2acdd8c9ef28949d5c1d757e15670a61f23f9f4efe9b856beb0291474349a2e,1764513648,1764513651,2116,97625,,
0xea2fb7aa921b5f0fb6f5cdd5e9df523e2d638b586334b9b1b8345e8717614013,1764513648,1764513651,2116,97625,,
0x84ee3ce29f4dd020c48840ca3f5cc682310b0f9897bdcec248ae81559576b42a,1764513648,1764513651,2116,97625,,
0x26db0b2f3dfee648e3818a0033bd5c4e8e47352c601aa7aba108562c8dc1670d,1764513648,1764513651,2116,97625,,
0x4effe0cbf3994ee33676b2cb19a680343c3329b5cd264b76e0da8d404993f682,1764513648,1764513651,2116,97625,,
0x9ee1f4a81550c234c2b2af5c9f91ff23e45c3c9a5251c56d06cfb3b0e6c7fac1,1764513648,1764513651,2116,97625,,
0xc8df3ebe4b481af5599b805732cd50e1af0bfec898f67f7f9d63a8718ad0c78a,1764513648,1764513651,2116,97625,,
0x8450ef83e58ea64abf26a9cdadb9b52aebaf6b196e40426feeca03dfe883efa7,1764513648,1764513651,2116,97625,,
0xff9bdc8580f860cc81918d01a7d36e6dd738a06e1fea0827aa4b062a3770e294,1764513648,1764513651,2116,97625,,
0x7eac44b11c1d17d83084b7668efb64dc942f277dfce61f18d2506f0640e7eada,1764513649,1764513651,2116,97625,,
0x732526fd05abc5c15f6aa26b8796c87c29c92423cfabea6d1194e6eb04e9f53a,1764513649,1764513651,2116,97625,,
0x4fad25c85ec064cf216edb328b9bf762d98864bb88f65b7b308e30605405258d,1764513649,1764513653,2117,108041,,
0x6b47ae03c0748ab04bbfdb13655c2ada3e8367f8eb322ba36b71cd42d738366c,1764513649,1764513653,2117,97625,,
0xb55d72ef7d34be2f026e5e7bcea8fde0876d89024d97e2f4f4deb2a4dd02fa0e,1764513649,1764513653,2117,97625,,
0x26b3793cdb30aac9905ec17fb67616c4d873dd98bdf4b3adc41644f036c7a77a,1764513649,1764513653,2117,97625,,
0xc1840b3ae3793001a73fea28ca2dae205677a0eeed945da39f754a81481e3da1,1764513649,1764513653,2117,97625,,
0x7fdd601221a6abe524dd5afc4b7cc715541fd961b3f1ebc5f52eb57023a7dbd2,1764513649,1764513653,2117,97625,,
0x0c7882a61a75221b25dc4fa32728330e2c2bba91366f00e026439bf00b056f79,1764513649,1764513653,2117,97625,,
0x1e9cf1f359f93182e39eb322e7ca276af4e76e2c01bb3257794fc6a65400630a,1764513649,1764513653,2117,97625,,
0x412150864ca0bf103c75bd471bad09f139f02be8c39d9855a0e22a452d3b0295,1764513650,1764513653,2117,97625,,
0xbc2e73561db2c4387675ba8677fa3652a497fc47bfef8acd47d93b1dbba9c657,1764513650,1764513653,2117,97625,,
0x1fb52a8adc694b2487bd2dc72abaf959fbb6c5aa6c273718630f2de03617a59a,1764513650,1764513653,2117,97625,,
0x7251ea67fd30a42ee93f19ce1231eed3852354b1e4b109c692e47829a2bd509b,1764513650,1764513653,2117,97625,,
0x046039c83568e5a152712d3299ad5242dddd390e9d15973fb73ec5cb82b03f02,1764513650,1764513653,2117,97625,,
0x1c18f595e59fe1a09a80db2063147ffa555a0cf694f93d3fc949c3ca67d79ed7,1764513650,1764513653,2117,97625,,
0xe537dbb9b73299e97ee3374f778c2f6822fc4c0c9927ec7fa499c0fd90e3c318,1764513650,1764513653,2117,97625,,
0xd04b332dc6013b7f9f93ac1d45a87a0ce6f8277b6a1a3d481efe5813ed3e9251,1764513650,1764513653,2117,97625,,
0x585084c7910fd4659ab0b448199b7dcfaf2d1aaec0bb7e46889137f4d2928f36,1764513650,1764513653,2117,97625,,
0xcb41aff60523d25d45a7cbb8907b6fe273506faabdb1b3c2ff5d5e46fa4aca5b,1764513650,1764513653,2117,97625,,
0xc1a38587554e68507627adfcb31d92b398ff4d7b46525cb202937ad66e2aacd2,1764513650,1764513653,2117,97625,,
0x4157ef51d763dfd80f78fd6a78fe8761c442404adbf03003cc43c6ad7900cffd,1764513650,1764513653,2117,97625,,
0xe560764a5efb25020cbb1b908ffa4779b9f0e49e9dd1397af7863063b6705a1b,1764513650,1764513653,2117,97625,,
0xb351c593e5d4d582a2d564e7b250eb28adcc2dac8a8943fb13d5e56005884a80,1764513650,1764513653,2117,97625,,
0xbf81f17e67b7a13d55fb36d835b7754b70e4f4e1715a520c20bc23f0d144b3c9,1764513650,1764513653,2117,97625,,
0x642820444c4fe7dcb822398898d27f33f8f79d027e939ace9f550955564fb1a5,1764513650,1764513653,2117,97625,,
0x04995bf86f218fd02f2da0f27fce6c2f646e0e1e5b33c15595155cdd9d701381,1764513650,1764513653,2117,97625,,
0xc3bce0fa6f5cf60ce8644b7db58d8699e8e13b67988281495478d27556864101,1764513650,1764513653,2117,97625,,
0x4ad21b0880372a3013d3347fff4d2a8482bba9e8ef59b9e66a13a2d80cbc5e91,1764513650,1764513653,2117,97625,,
0xa45a3042abd5c77fc738877c2a8ee05cc8ef26756665251b5637ffc7f9fae6f2,1764513650,1764513653,2117,97625,,
0xf04f5c64ce6be2644d5907d3197f1867f94ce6d7337c43a1d6ab9d2c6fa2463e,1764513650,1764513653,2117,97625,,
0xefb5d9d70a2efd8563c477fa5e278df3e5ed91326770b7de08f283c28bbe41a9,1764513650,1764513653,2117,97625,,
0xb90f2658feefec358880091c6ac0ce62eb3295e9dbc430eeeae6df387f608ae6,1764513650,1764513653,2117,97625,,
0x17e1b9fee4187de4319e4c11e8dee20e78a2313c735c3dbb12a951d8ce276c04,1764513650,1764513653,2117,97625,,
0xa80ed58c4f10aa2633100a955a1a3784b403c65b1b69a9ab7b974b4c1a87fd6c,1764513650,1764513653,2117,97625,,
0xc9e8c93dc1869ce170385aab065229cb39620f57ac2c0ae93cd7b03af9e1be42,1764513650,1764513653,2117,97625,,
0x57da5f964a0087a6010ef036341504d77d234d0ee9553be71bb0b5cf17353517,1764513650,1764513653,2117,97625,,
0x9a4b38ba43217141ffff60c40349fce4485dcefc4600cd262a3bc990d2f48c08,1764513650,1764513653,2117,97625,,
0xb3d8bcf22aeefcc10932f4c34391d26206aa63d584337be2d041376fea5fdd9c,1764513650,1764513653,2117,97625,,
0x84d1574e9bd21c7791ccf70f1fd153e054615309869a09906ed89021668652f0,1764513650,1764513653,2117,97625,,
0x39310d6155c6491c2fb9a44988b626dee8a9cc632ecf6e7cc19ec9b4a65ef647,1764513650,1764513653,2117,97625,,
0x2c015872baac2abafab2cc08b8a8645ec8352412730576c4187fd1f0dc54ce58,1764513650,1764513653,2117,97625,,
0x2b33fe708d7501622d30955686b6765be9d714ad5e04d19dc42038b77715df45,1764513650,1764513653,2117,97625,,
0x48cba3c37cc50bdf6d6b7e23d83197fa5eea48653a5ba2ef1b5ce3e86388baff,1764513650,1764513653,2117,97625,,
0xb5a9da60ca115e6f86155f3e2000829882ae413b63c583b43aec3bf46b1a6422,1764513650,1764513653,2117,97625,,
0xe9eb4f1077a1d01e8b6ab2f98701d64c9cf7ac0ce98cd2380da64091037b0923,1764513650,1764513653,2117,97625,,
0x4fbeab4e15c1cbd15fc4df4078604ef1af0fa7e2bd900ad3d5e502341d763e81,1764513650,1764513653,2117,97625,,
0xc5cbb70bb75954996ce8bf1c597281bb755e6b74ff1aba79086fa72a9775c210,1764513650,1764513653,2117,97625,,
0xf052e9d579566999ca7fcd7342d795c6277ad22f74ad218b9bbf4c066aab3d50,1764513650,1764513653,2117,97625,,
0x8936cdc40bade816caacbc6768b56a77d7156d969371060d694720333d683ae4,1764513650,1764513653,2117,97625,,
0x9d001e8a7067000d8e2f4d169030366efd0e67d079480fec6d8f5dde40dc6ae7,1764513650,1764513653,2117,97625,,
0x11106f7b1be357585da6535a7151c3500e039bdd0fc572150ea7d760ed67fb99,1764513650,1764513653,2117,97625,,
0x46a0115136c5fa1d44784e5a9d46c89aa70cc65928e2b04aad976e0796a2e983,1764513650,1764513653,2117,97625,,
0x5ffdc8fde4e04b8c02031883e1bdbe07b91b1d9d7ee52147b7ea12f420db58c7,1764513650,1764513653,2117,97625,,
0x296262d500ef308ecce95c5e34344b61d3d3cd2d02af77617156945fa03338b8,1764513650,1764513653,2117,97625,,
0xb24dde0031b6daac885855ac06f64aa196372a88e09046b536ba6b4d9e745123,1764513650,1764513653,2117,97625,,
0x80c8fe5080ec6c84bd6f63aa6b9bc687a5cd06436d6cf76aeae5c3ac6614f25b,1764513650,1764513653,2117,97625,,
0x66194b16b547445793dab6d0d3e80ae9e73b84cf1b7dc1783373bb462469dfd7,1764513650,1764513653,2117,97625,,
0x852f979aa9c2d0e851dcfe47f86fc2b3da2a2071a6551a05fb78c3f665e9a2e0,1764513650,1764513653,2117,97625,,
0x32f5eea7a810d65afe1b31bb79a33dcdee2038fa7849dea8d96459ca1c38f290,1764513651,1764513655,2118,108041,,
0x57c0532e1da1d1fd13c08e060ef2f861e88c79bad6e02ac33d01d83ab316bfe5,1764513651,1764513655,2118,97625,,
0x3459f106b55f2d1d877646d704c1029bb5dcc8926e0aa7f775223489e8831f0b,1764513651,1764513655,2118,97625,,
0xc544aa3e136eb96fd808b9b7000ca5b4c34efa59574a352db8c72e9eb9c9984e,1764513651,1764513655,2118,97625,,
0x99bfef0e4946dd1da073c168b7c54c26c59e660aa3f03fc02aad1cbba7a7099f,1764513651,1764513655,2118,97625,,
0xda9ab45c411bdeb78a235ed2122056588cbca6fc0fddb2cc624403a9a7015d0b,1764513651,1764513655,2118,97625,,
0xce6a3728dc9a15eafe4870296ca95a27e774c1e4731432faa6d0f05059a55777,1764513651,1764513655,2118,97625,,
0x4666f3ad6bc8808ccd211d9fcb60810cfdcbbb0eb73b7759b330ac5ff3e070da,1764513651,1764513655,2118,97625,,
0xddf83d65af73aa9fd446b494fafdfb23f918602baabad604ffa9d60f1ef8bc7e,1764513651,1764513655,2118,97625,,
0xa62a633debac01ad1c46e723e387fac3e686ecf20f837a914ebc8576c4590d92,1764513651,1764513655,2118,97625,,
0x6f4d645a39a12b9b571c8eeb46386ff80c89a24e91d5d59f63997e4a9bb21564,1764513651,1764513655,2118,97625,,
0xe502c825aff9adc9304a68885898375fefccb5de42b598dc9e2f6404773d3531,1764513652,1764513655,2118,97625,,
0x763467f7a5fd754e99e52e37e6637be367ab8f527b4ab37d4258c012057dbe79,1764513652,1764513655,2118,97625,,
0xf0dc5ec703bc0536618ae05c88078b61036525a2255d4cbc1f8d787876c6a282,1764513652,1764513655,2118,97625,,
0xee58c976652fd64313c1298f2bc721942315b607bdb8b4b8207b924e5b20a596,1764513652,1764513655,2118,97625,,
0x6dd79770ce60780a6b91d5cf2fb52d26b2929e0819f9e0f76cd1dd5ca8afaad4,1764513652,1764513655,2118,97625,,
0x1fcc17486bd964a1d7e6cf18b52fead6042bc073dc49a1025a147d9088e4d48c,1764513652,1764513655,2118,97625,,
0xd265cdcc94ce24c7924d3d29b9140a2c85b1b8fe220e1dceb1c4aa5b3006b4fb,1764513652,1764513655,2118,97625,,
0x5d3cea4148782b8c998d9385a9e68a62a07450e7190bc00ae12c159dcf3ff170,1764513652,1764513655,2118,97625,,
0x41dfbee59e0650f1237a39b0313106740704dde20a63b6e81d79beb9fa01d94b,1764513652,1764513655,2118,97625,,
0x715398dfa123cba9b6a2a7d494167f923cb080049f7bfaf9bc93b538d42a3b6e,1764513652,1764513655,2118,97625,,
0xde8a312cd92155f8b6aff56e5db86650a116a19614bf7efb30d1c3e814212d6a,1764513652,1764513655,2118,97625,,
0x105b3ff46239981d39b6fe201219db9c2d18607080441cb1662335807acf5b8a,1764513652,1764513655,2118,97625,,
0x8d723051d2b40552b9355179a3d78501008e25fa25966f5dbf16d94d8e2a0a45,1764513652,1764513655,2118,97625,,
0xdfcec74c162131eb3a118e4c0f25637e767e77714e5a432115ca7865a0c0491b,1764513652,1764513655,2118,97625,,
0x3c322193713b0b2c1412793def38a350330f7c423e05816e60d9925432f40d3d,1764513652,1764513655,2118,97625,,
0xf30988c0a28a1cd144afb00d845e566ceec8162aed255f36b134ef20e60867b0,1764513652,1764513655,2118,97625,,
0xa71307c5dd89209b0edd3fc58dac29499034d671fe85e6cee7e806f50fb9c053,1764513652,1764513655,2118,97625,,
0xc44be8c0a13be139a9c40ffaef2734ae41b09375d36d12b4b5367730c812d086,1764513652,1764513655,2118,97625,,
0xe50da3f61b8590ed5293976ec8afb4d22abe7c1e724aee0c43f8bf3c092e1bb4,1764513652,1764513655,2118,97625,,
0x4ce076f4e1aa3a85d59d165664e9693ae3b6c407d5f2dadc0409333df581c5c5,1764513652,1764513655,2118,97625,,
0x30ef486a109a97a8acd28dc6906fb3ae2743fdd84316a6eeb9358be9c68b2b05,1764513652,1764513655,2118,97625,,
0x7901daa51772b0aa1ca45382c0e188c700c30ebd180bd8070f944165610355a0,1764513652,1764513655,2118,97625,,
0xd10ff56119804b00b3b0047a8fa8609c16c114722e19a156ded78a3bb4005e86,1764513652,1764513655,2118,97625,,
0xb1d3d225cc40334c61f0a85031203c64ec0ee998d10d552de775574babc2632f,1764513652,1764513655,2118,97625,,
0x45be7fb1c805ccc88a49d9656840fb6f62d28a38f29f13968e9c3abeb9bd4801,1764513652,1764513655,2118,97625,,
0xa8cb33d9f21451a5f44a8b2b3965d3fe081e470da6ef9944de9fee14888cd183,1764513652,1764513655,2118,97625,,
0xa74bb2d19f714d3e2c2e74b6214302d409903e512677a090ce6c4c988ae5c23f,1764513652,1764513655,2118,97625,,
0x26b4c4d1d8d0cb776ea52ab396d5ddea652b54aaf74d0828c6382d8303002785,1764513652,1764513655,2118,97625,,
0xd0d8d442247b0334bf8c8c5a67f0f9ff6c5a3e4ec80f19d3558bf05336834526,1764513652,1764513655,2118,97625,,
0xac1ab2a93f79e867f534f3f45ec11d988179aff8417f5df48242e84c857c163b,1764513652,1764513655,2118,97625,,
0x5cdcaead88d206ea1a535101c21294fc80251850fd66fc91913902501b3fb705,1764513652,1764513655,2118,97625,,
0x345e2e7de6558c0a221fc3bb4c6557fa3ea24d4da834c23ad3856ce2cf25ec23,1764513652,1764513655,2118,97625,,
0x97025c32ac6b39e398035e035d3b4e8c4f40c7c3d95bfe3d020916683a5ffcd3,1764513652,1764513655,2118,97625,,
0xa3eb8d7655f86d615c18dcfba7298ec3aea634c1e09a6e2e098cd4e57502d51f,1764513652,1764513655,2118,97625,,
0x7ede969a54f611481649217d3a455e80f85e4042164280ebb59922935e64e9b4,1764513652,1764513655,2118,97625,,
0x506c099074c56f8251f37179dc56fb1d29dcea1805ef8ec6114b5df265a621f4,1764513652,1764513655,2118,97625,,
0x22936467b153633ba4bed497da8fddf0b0a0f85707644a60c96d256032503429,1764513652,1764513655,2118,97625,,
0x61d6b0b71e5206c45cea358197f05e6c398043aae25dc6787ba2746fb2fca42f,1764513652,1764513655,2118,97625,,
0xa618c28c9a2cbe9a8534c17c0c8c63e48fbdcad8e9d795b57102faa1ca5a2439,1764513652,1764513655,2118,97625,,
0x42d94cc889ac705f18d4610eb32c43c8370400ecbc2309e9dd24e20d7d7b6606,1764513652,1764513655,2118,97625,,
0xd5c98a1b2c9dc0e0b2650a5b511ad0375e0aa086fbe855dd7cf0f28e6df5a818,1764513652,1764513655,2118,97625,,
0x3f4427b34f3c9c94c3bcee67db215a085f3cff61621ce84fbd3b83008e66d5af,1764513652,1764513655,2118,97625,,
0x1b309f0ffd513eef2f8c410a68c0123280bad7043d2d2add0de40acfaec2f9da,1764513652,1764513655,2118,97625,,
0x7f223f566588cc30daab1e63622ad032c13fff2ee58a704490f35f58839d09ce,1764513652,1764513655,2118,97625,,
0x771f6efc43f3094804204951aff3f13bad4a1bb1b0bb07ea3ea097f6efd3202c,1764513652,1764513655,2118,97625,,
0xcd9aff80305d0b47ed667c43982d487794b421e0e0b8fcf6cc7e0b0e47a848e7,1764513652,1764513655,2118,97625,,
0x05f406a301c66bc9d1d04cca9c20a0a6d95eb2753d0c71772a2d1ae74763c09d,1764513652,1764513655,2118,97625,,
0x8807f39324caa43efc8192fbaba760c6f46b7e9d38e78f4e2fbd8e7ae5f1d7db,1764513653,1764513655,2118,97625,,
0xf5a147bcb98cfd686c0a379ffa20eeed0efbf636730cc6a8aa2a84f31a4c8a00,1764513653,1764513657,2119,108041,,
0xbed4323c4edff906dc25604e6c19f4a5c35e9d13b4ce85bf32e8fe5a2b411eab,1764513653,1764513657,2119,97625,,
0xeda060bf18e1a61e733f01c4b92f97668a937527e957ee29d64566bbd75bb957,1764513653,1764513657,2119,97625,,
0xc4eb08d26457c855047ee3524a898b0e786620754de673c8cfdcfd31f8f4a963,1764513653,1764513657,2119,97625,,
0xbb8b27d44be74b811d1d14b0d0d60da5ce386cbfc5175b24ec2fed74653c06e0,1764513653,1764513657,2119,97625,,
0x520ec015fd0f87a4ea7c4f73ae70a6bba9b42b307a970bbeb2c6772b0f4b64b9,1764513653,1764513657,2119,97625,,
0x95877536cea81ad29dd9118767ecf1f46c7930d395d2aa7009b841b9f25e4e7b,1764513653,1764513657,2119,97625,,
0x940d2f7dcccc67c9e88e722623c4f39517a5010063d78e964073a17b766eba73,1764513653,1764513657,2119,97625,,
0x3d84a2001d0e1d208e58bd0606416ef21b53a24f088eba5a96d49a16c9a9fe96,1764513653,1764513657,2119,97625,,
0x96acce5f01502fb3da663acb910b6061090f64e8934f3e9c0f6c6b64a72828f2,1764513653,1764513657,2119,97625,,
0x38c6d12dd4b5bca6b556f70320d1bc4221f4050d5d24e560292a3fa04aeeee62,1764513653,1764513657,2119,97625,,
0x87e9ee740226c41b636b316d979880b95a4dbb51d5d036db1010473e9b6db0c7,1764513653,1764513657,2119,97625,,
0x5b6b8b7c26ec0f53ce16f402117ed05bafe1c4d1ef8b9bf18851301666a5f20d,1764513654,1764513657,2119,97625,,
0x44c71f90100c6cfcd5e44f2024cf06b199ce88db2ba650d5f985bf23df0319d2,1764513654,1764513657,2119,97625,,
0x6d1dadf3c71a50d7318c925496d50c31dd9199996c6c2870740b3c2b5dc13501,1764513654,1764513657,2119,97625,,
0xf94c833caec729c6936f396b94cd0ba120aff7e28bd3b3e9e6e10d58f8a1ed91,1764513654,1764513657,2119,97625,,
0xabdbff4980c8b28497f33ea5d4d5fbc08325daa743fa40c4c021d95662d726d7,1764513654,1764513657,2119,97625,,
0xcccbeb76f0fd43a1d28ea24d2fda0163ddb8fdf416170144d7615af3c077c1fa,1764513654,1764513657,2119,97625,,
0xdf439a3fc67b694baca47cd99efb8947e35d1e5ef68619f09a48d6158012b17e,1764513654,1764513657,2119,97625,,
0x340946059d406911a49f26685035c0718fe51ef3e881ee67c6100931d7802e99,1764513654,1764513657,2119,97625,,
0x9aff54590a0e7a7e2b2e57b987efe9fb44f74e8dd525d73bae4e34de283f8a4a,1764513654,1764513657,2119,97625,,
0xff7256a6aa794fde5f0349b5d00ec7b900d4941b5282348ad1fe605ec54217aa,1764513654,1764513657,2119,97625,,
0xc5aae824d1a7dbadfbaeed31c854ed3809ca420e2a082f6b8d1e6725261a801c,1764513654,1764513657,2119,97625,,
0xc5ecb822603860c4cac5c242296ef586f39aef8a371508e70d816c813a2ecf49,1764513654,1764513657,2119,97625,,
0xef6ac68c57699d0c8e0a4702bae1e0501443830b29a0eb49c5b336401616b822,1764513654,1764513657,2119,97625,,
0xfce5b810dc36d05c6762048f58a763088b79ffb85e7e4895c63045f1f584fa94,1764513654,1764513657,2119,97625,,
0x2eff4fb937a9ab61e2c621f12377c3274f51038e9cb52584bbc47dd8b4183ec6,1764513654,1764513657,2119,97625,,
0xc182679cdc1d1278f154b40b761c487ad1e960aefc686961f0cf8eaaf574d7e0,1764513654,1764513657,2119,97625,,
0x923b258a89d663a18f8152bb83e8700d4dace7d95afe20296092faf65e426b87,1764513654,1764513657,2119,97625,,
0x2e8f38d3b8cc314a27731cb8b7e658e003afa4c5d90b2f0bfc36fba122908c4a,1764513654,1764513657,2119,97625,,
0xc5673c65cc0d66c1976260a1d013c5af0e799d2a0aeed85deda95d56c07ae9ee,1764513654,1764513657,2119,97625,,
0x87aac834e4d67da3b2f890eed50a56ecc5f0d0f0ddda7141aecfcf35ebc9c5b9,1764513654,1764513657,2119,97625,,
0x7eeafbf87274126530f43643f2a29b052c2114b1760161c63bfd06326d014d5a,1764513654,1764513657,2119,97625,,
0x9113cb7f4259dc94a2c8abdf9047848cdaf258c98e59651a0dd6e49f2260fd2b,1764513654,1764513657,2119,97625,,
0x94915b3220a8dc3369b77441c90f75f11bec50c466190a14f3b56527bb571d78,1764513654,1764513657,2119,97625,,
0xd8a68f09a1148f2c62173771d3acf13e12c8ab9f52f0511aebaa98f71dc40f4f,1764513654,1764513657,2119,97625,,
0xf4098fa835dbc4c00ebe149e84a925b3a3ac9e3e56c789a13e66e0e93705e87c,1764513654,1764513657,2119,97625,,
0xcabc248a9ae275d389830235d21470595d593fa5800b57aa83151d0f3ee75df6,1764513654,1764513657,2119,97625,,
0x327e3fc020b2b666fbf704bc5eb0ce1a3e1248cffff00f8e3f6a5d1c5c401b67,1764513654,1764513657,2119,97625,,
0x74fa964bd6449059fdbd35d59f94d4fe14c341ce8c0cf4a185bd507a16bad855,1764513654,1764513657,2119,97625,,
0x88b648e0931cef45e2f217cf34080c496c611d72aca49dda25ccb747393e23cf,1764513654,1764513657,2119,97625,,
0xc1847a0198ce6be36e882594b8ae30c17262862849f362dba527965db6ce2e48,1764513654,1764513657,2119,97625,,
0x609b98c2287777f8e80a31530742dfb22ca8dc5c99e827008437efcf29f78c19,1764513654,1764513657,2119,97625,,
0xd2cff0657ec850be3c51febd365e9dceadec1ec16521fb75e0c75cc0cd18f4ec,1764513654,1764513657,2119,97625,,
0xa191e1f9b13f61b1c3f76ae0e6510a79ca19666ae6ebc9970f96c1fd5f14116c,1764513654,1764513657,2119,97625,,
0xfbac6b6a190cd0f7f4cafb59b4af1c39e2a0def75b3a1f661c353597e20e15d2,1764513654,1764513657,2119,97625,,
0x20c35572c8dcc790109b38cc364b2016fa3ca42c8ba61b8235212e7efe12dfb0,1764513654,1764513657,2119,97625,,
0xb982af4eb283fb0ce2d43443d78aa77457a3c99c98e1534546cf7a1816c9ab63,1764513654,1764513657,2119,97625,,
0xd874a3b76370d914ef6e58ebb2441df7cf9be8bfb76dc8d95890fd8a6ad689bd,1764513654,1764513657,2119,97625,,
0x318d7b5a366188da69e2a9b8e126c67f68f75651d24e720f45ebbd8abecb472d,1764513654,1764513657,2119,97625,,
0xa8156a3495de66554493f65b7bd7f35ff6e6a6f1886a6d937804353279a3c62f,1764513654,1764513657,2119,97625,,
0xa4ee0df2052c1f21f65c917035cf2af6c531134e56cf9bdd629914975bfdc411,1764513654,1764513657,2119,97625,,
0x6dcfcc1768b13aa0fb12850c641d4f601c4f69c7a25f47b09b312c89502920c8,1764513654,1764513657,2119,97625,,
0x5e10f0e7870e5a5e3ab346315b6f9b0266975bfb0329e3dd537e2b2279bc0d9c,1764513654,1764513657,2119,97625,,
0x7205d492731e6050fbdbb2cfe2cf294d43aa8e5aa870d34c100849aa461f6c88,1764513654,1764513657,2119,97625,,
0xc1fd53d627ad4aabcd4fad4715ff989d12577aded55b94c6cdc0459f10839d3d,1764513654,1764513657,2119,97625,,
0x7f127151a163ba81bf05bdc767b37b9ca135e77ca4c8361b658077085b3bff9e,1764513654,1764513657,2119,97625,,
0xb349bee4d05f37662a04b619fe84f590683014b1c79c28cfa60ea44376058196,1764513654,1764513657,2119,97625,,
0x32206e5c9c4c80a18f9eba56804c3ee81671caab373ac808e26d4cef65a8b18d,1764513655,1764513657,2119,97625,,
0x33bd955aa758659287cbf245261845ed5b63fdc2720eba9b0ec9d144eababed8,1764513655,1764513659,2120,108041,,
0x9afd9e09fc7686ffde2741afb8fc15d99c9acbb47a371b0c12099e53487629be,1764513655,1764513659,2120,97625,,
0x3a0e28769a4b06c1fb8197412d7e359d187506c10be326d4f1440b21b6241a52,1764513655,1764513659,2120,97625,,
0xe4815c39ecea64fc77d06364952edab957a483b8ab72f83b9b1d53a9a1c17f78,1764513655,1764513659,2120,97625,,
0x5a17a41de1c906a261560213b8c69ac39ec98cfafcb08a0e781dcb824517c77d,1764513655,1764513659,2120,97625,,
0x9a96f1dfb0d05a71e480e2118222f5d26a88cd38fd2bca1c6d3956b7062be541,1764513655,1764513659,2120,97625,,
0xbd5e2764fcdbb6b4c7e143b4eeb88a38c41d8dd70cfa2f51a6d51ee531dd14f3,1764513655,1764513659,2120,97625,,
0x327b7837f1bf4ef997a29bfba585e01dbe188318004b8b39ee3aa3d94e07994a,1764513655,1764513659,2120,97625,,
0x6e097060c0108e590249aa665f8ce3284702e0bb50d8325f9daa4ef91331fb9d,1764513655,1764513659,2120,97625,,
0x53a3021cd6a89cca76d985225bb1875b756347709bbcaa45e2d3628e79740550,1764513655,1764513659,2120,97625,,
0x9ce51c9012995bd44d4ace72787db17ae6730eb30e29ce9e17ebcbafde89acb3,1764513655,1764513659,2120,97625,,
0xdab31c9f747011839930f3af1e84ef7d13ad4bb0f1257b71e429576231a6a774,1764513655,1764513659,2120,97625,,
0x4fbcdaf211d8374666c37d32631c25cbe43971383d59b2148746ee3fefcf7560,1764513655,1764513659,2120,97625,,
0xd80a75f7465303d83b5ff3bf2aa72e647dc23003f24f05363d40d5533312b607,1764513656,1764513659,2120,97625,,
0x8e62fb837bcc4271181357f8fede4667db831f4beef3297e9a9c03d121c126d5,1764513656,1764513659,2120,97625,,
0x5a53405c13b10eda15ca977b86e8628310f0811f6ed26d2222ea9dc0b4a48ff4,1764513656,1764513659,2120,97625,,
0xa0bf21a158eba979a610a174dacc967b7de3b93d65182d488c02edc8ad8b2474,1764513656,1764513659,2120,97625,,
0xd26d14e402eb237c591a5a9bdc3d5c7d4e77b9300fb8fecc4649376d97d05ee4,1764513656,1764513659,2120,97625,,
0x2a79eced3ea1412fa9549b843f947273363716052418fc2875ae7f1ac8747444,1764513656,1764513659,2120,97625,,
0xf95a3c815e0bd744a0db94969c640c91b3b69f35f9dd8dad3cf3a603b726285b,1764513656,1764513659,2120,97625,,
0xe6d4bf8f1c75f884877cfadcb1ca8987738b7f9002517eabe1fc090c6298f5f2,1764513656,1764513659,2120,97625,,
0x695c520efc0d2a038f3c35234bd43f467d9cc1520444acdf8acbffeb777ad9aa,1764513656,1764513659,2120,97625,,
0x019181d320d05122248144bef11226b70e7aa7199ade062a9d60fa1cd6fb5a99,1764513656,1764513659,2120,97625,,
0xbe684ac450042c9607ce1e3edbd1245b77c06303d76c786b28ba7a5702ecbabe,1764513656,1764513659,2120,97625,,
0x11179314b56c246d99a20142338457da58d8f2f7a7ca32eba871c98a0cebdd46,1764513656,1764513659,2120,97625,,
0x6ca9883e4a8ee4e2bc579f75f3f0277c15413cd620632e7b72b2a210fb16b24b,1764513656,1764513659,2120,97625,,
0x077041a6a84c1cd5f27322918588bcbba5cd2b7643d2e73858537956d933b68a,1764513656,1764513659,2120,97625,,
0x24c81ec2076e87d41bab3e906fb1d5e181c631b58524d137a50e6bd20540c142,1764513656,1764513659,2120,97625,,
0xa10ade5a8b2523ab76fa936d6cdc724a4fa49f839ce415f3c5461796f91e0b55,1764513656,1764513659,2120,97625,,
0x0cfe294aed60e9b3f3624dbf81f27431a9e5b9a42e2203cab7f14332938bc6c6,1764513656,1764513659,2120,97625,,
0x0e3ba83881aeaebf40b4445eaa1cf7adcc31d2f1051de8ab33f82d10c0608732,1764513656,1764513659,2120,97625,,
0x41e797ba505d03b45c1f3c4e30033a482007d338f543d10e326d2387462d6927,1764513656,1764513659,2120,97625,,
0xa4a13870ebd949dbde8a4ea11a0d36090f2515463cdbab6dfd3931996c87b171,1764513656,1764513659,2120,97625,,
0x8f47149b64141235ffb9cc824c7d61b6dbd7bbed730093a64fc2cd3b5046e121,1764513656,1764513659,2120,97625,,
0xb554fe5a41a30ac46383a27d5e4aa2c78ac1fb12ae03b0ca3b5d05b1d241f6e0,1764513656,1764513659,2120,97625,,
0xe21d1d6da14ad263e7ebf92bc44067d6350878a20aa2dcff304c7e7aeb1101f4,1764513656,1764513659,2120,97625,,
0x9a38c4f731debca6e9dc706603d7390b2bcf5341ab214730fec2a16de3e562e4,1764513656,1764513659,2120,97625,,
0x671450803677225dd3a14330ffaf332cdc9ae85f0e108d1e210df6c9b7a6bd64,1764513656,1764513659,2120,97625,,
0x706f78a04b2f5b2275e6a14e1687f6451d6d3c5a14babbef43581b3a78cf0744,1764513656,1764513659,2120,97625,,
0xd311bfddde2300171c5b85c0fb2d75b6953c2de60dc4eaa98fb50c8beaa61650,1764513656,1764513659,2120,97625,,
0x77faf2c02a9db8830d33e19919ca555483bd5824cae60930ad4ad3b649928bfc,1764513656,1764513659,2120,97625,,
0x7afe37c088aa2aef1035abd1f51a8d1dc7ad070732fa0369cc3b3c0467f62c3e,1764513656,1764513659,2120,97625,,
0xd5046bb02167a014280daa5f54bbed50b582a0f9652484c13916ee74f4066365,1764513656,1764513659,2120,97625,,
0x605be7d6031e3dde3116c78ddae3d0fc0c896bc3e9f82848e58541216c163b82,1764513656,1764513659,2120,97625,,
0x26b897e846ea95537a2081bf2cb0f7dd2899f8c6d5a2d6ee73b1a38c5334b56d,1764513656,1764513659,2120,97625,,
0x808cb400244860ec9daa4e3aad1185f59a5d832864dba1eaa24be30344d2cbd5,1764513656,1764513659,2120,97625,,
0xfa16df35bd3a1e1812a1847fbcf30f819feb1dcb46124478854429569d14a2ba,1764513656,1764513659,2120,97625,,
0xd093e8a24d538c002bcbb0011f5404667a7f551b7656b68d51c49dee4f88fec5,1764513656,1764513659,2120,97625,,
0x75422769646e52e24a8588ab332f511e87fb9e798c1b43e13e1bf7410a395daf,1764513656,1764513659,2120,97625,,
0x702afa304155998a7bc01c50e06b75b8ae630b6078a875946056e6994ae1398d,1764513656,1764513659,2120,97625,,
0xf44b8dce1f9999ca39798f8cdbf0624adfdadba3f5d2364b246275dc989b819f,1764513656,1764513659,2120,97625,,
0xf3aa1cc2cff91a6ad0ead8778c0c77491814bc274fcd5fd5870f95fe718dfc2f,1764513656,1764513659,2120,97625,,
0x24dfd7df1887a119f8a19c3d8680bc2d671e967f2ca078dea2038e26e8936241,1764513656,1764513659,2120,97625,,
0xe630807e19017002b655c4be60ed7f66b7760bb308d00a4d1f3161cbc8f70a98,1764513656,1764513659,2120,97625,,
0xd8fff96d888f4db7b0038138720eacb8121858d2c6e28196e8a9fa2483335926,1764513656,1764513659,2120,97625,,
0x97824551ff2ad575e087196c15270bbfdd19b31c0f5bba9941c6e6cd8061d914,1764513656,1764513659,2120,97625,,
0x67937cd348d2e136f94170dbf064a1dbe9da07e2129af7eccb59a2b308ee90bc,1764513656,1764513659,2120,97625,,
0x4a408bc552073aafe4884cc0829cac9bf08e2cf8a1e09c830b40b20bae6e398f,1764513656,1764513659,2120,97625,,
0xa23f89d143e7ef870927bd7f22504da582d7bc4e1b3cf0004641c448ca8b6e95,1764513657,1764513659,2120,97625,,
0x6ededf68803b83986b0cc064f14149cf157873acc33a39c11439bcaa59be6268,1764513657,1764513659,2120,97625,,
0x5a02063b79219db336d66d3b6407d0b62ff615cdd7eced046645d2d8f8b725d0,1764513657,1764513661,2121,108041,,
0x9dded666c45403b8c4f68a63bc372fc388ffce4cb665c9c0aa3e2722ec424828,1764513657,1764513661,2121,97625,,
0xf059864e137db4e1df0cabbe5ce521e6af2f8b0876a09d9807cfef38875ca367,1764513657,1764513661,2121,97625,,
0x9f581206ce0746b05eb374b8df2c4441db38feffce4ce349ef518e83fc74d9c9,1764513657,1764513661,2121,97625,,
0xaf43391c83e5c3b4e50e76d2a109485903605dbec57ca9580114a8a692eff2c1,1764513657,1764513661,2121,97625,,
0xb162e8a2a143b9192218929c373973dc2a9a467f533eb24754c37cc5a9926743,1764513657,1764513661,2121,97625,,
0x1fe937ab497644b300f23c890ef7c56a006e145c0477bfa49dd522544478e126,1764513657,1764513661,2121,97625,,
0x4573ab4ef86421a12720f1b7074636ff99d067c629a2e9ddc1f05333db9aef59,1764513657,1764513661,2121,97625,,
0x437860ce8c6e35bee4b347bc224d94402c0de86a4d55edfac17fd9906bc23788,1764513657,1764513661,2121,97625,,
0xd7a45a483408b73c8429158af6fea0fdd6f560a594a9956702b3428d37fd6315,1764513657,1764513661,2121,97625,,
0x97574146283c75c0fd7196a848abb9f1707faffdf5792f393a4f20b60a472a21,1764513657,1764513661,2121,97625,,
0x34ff5c9a5cf40e1bc7b0e89264450a5c03421d045f238e9f8339eaaff85da23b,1764513657,1764513661,2121,97625,,
0x087acca5fcab7685a6b045b599b579e0ac2ba021fd62855381ddffe2e2f2b9dc,1764513657,1764513661,2121,97625,,
0x233fbcee5ea1a276b0c6d982512e7d86ddb3cfbcaac2a0a3d289d184dfd9fd78,1764513658,1764513661,2121,97625,,
0x8914880eeb10996305856e47fa304e60398c5de25d99efcde8926bdf2c2c33e9,1764513658,1764513661,2121,97625,,
0x5ba5f9097dcbc4c499fa45d70047e31ee22547c1bde66de1e823ac4bf6551f3f,1764513658,1764513661,2121,97625,,
0xc78d4cd68dafe5ef8719a54be599866b5f7e2a7cd0772e3b9580ea05bb958760,1764513658,1764513661,2121,97625,,
0xb494f20ba7f08a0065314ba0aa405a42a69ce5f4eb7b3fd071ff432002b4995f,1764513658,1764513661,2121,97625,,
0x62ac45738af8bd177c8722a2e197d276afef1fcf4c87bcd3e94374694cb4ab1a,1764513658,1764513661,2121,97625,,
0xbbf586cbe67710e26d94d6cedbd7b1065305c3fe9ad660df1e7ce7a542fb0b00,1764513658,1764513661,2121,97625,,
0x6fdbe739c640d0b13d27d54aa4c070e0a1cfa42225ed8c41e137ecf8c52a36e7,1764513658,1764513661,2121,97625,,
0xee5106352b2f18cea34a0012f50cf0da6fdad3ea7692704686dc070c3aa7edfa,1764513658,1764513661,2121,97625,,
0x16cf1ea577d0396663db7278f96112f99283a284030b05ec13280c259a73b1b6,1764513658,1764513661,2121,97625,,
0xd3e8f9bf00fd8b4f5156000b4676be9ccdc17ccea135071520049951d60812ee,1764513658,1764513661,2121,97625,,
0x0a6446b72ec35c2da147225a1dc26248808813ccca4b1ab72f045a3fdcfa7e71,1764513658,1764513661,2121,97625,,
0x83a8201be7c2ca3674085b728e4e7f388cd153f0eea17c1e17e8c3a2ba651f3d,1764513658,1764513661,2121,97625,,
0x7098ca228659983e032a5918f99c27d6ee63930c8075d409cd936fa05db380a2,1764513658,1764513661,2121,97625,,
0xe5d1169c3e5419111e9e1374a8aa97380aac88144e955ac4cd7cd6b749d1bcfb,1764513658,1764513661,2121,97625,,
0xe8a8b51a47592b2e45319f4f2b075029588ac2cf17e80204512fd449fe195f77,1764513658,1764513661,2121,97625,,
0x087b637ff3d2b55bcc4800b1510c992bafe31800070ac7d8f89ebf6ab7ef3fe1,1764513658,1764513661,2121,97625,,
0x0e20dcebf8726728b6b338648bf18e116f9f94f225fe886281c683a7d7fa8314,1764513658,1764513661,2121,97625,,
0x02ea43eddde444aa7629cda81b730fb7862f349497a004f81e061818d6501d5a,1764513658,1764513661,2121,97625,,
0xf254be0c9e70d8d74dda52a070248a66c3470a523fc0b37179b91bacc96b8fee,1764513658,1764513661,2121,97625,,
0xee64de81c285a612dc87d42d705b534771eb7b19cf4e9d60f34a921d5f1b003b,1764513658,1764513661,2121,97625,,
0x213a6669c377d8f56dacedb47eea43350271cbaa283f3981f57645162ddf1e17,1764513658,1764513661,2121,97625,,
0x1d56ae44ecdb484ffd26fb4ff4ffe91a621e5c1d47b8f38b096c6e0889af9f96,1764513658,1764513661,2121,97625,,
0x8fb243c7104b1848b713143c45ce3f98771c7af43b0abf6e1bf32c0138e4f8f6,1764513658,1764513661,2121,97625,,
0x57b16e032c3ffb752bf66dbe502e188fae9d6b7a851f18e019325b1fae36e51d,1764513658,1764513661,2121,97625,,
0x0768f6c5964e89687236fe38ce4a930578d59fdd4750f00e01952a020a0c35d8,1764513658,1764513661,2121,97625,,
0x6b5d74400551676800662f95ebaf9d88cc21092876a3760d0d80c8355b1e1191,1764513658,1764513661,2121,97625,,
0xe7fa5d21d86fe33150ba1d3936724562c52d51adb71c33a3ddd2d020bdaa2df3,1764513658,1764513661,2121,97625,,
0xd8f51063efd907e5fd660dafdc24f2256b5e065af6e7d95a5acc1dbb65f26dec,1764513658,1764513661,2121,97625,,
0x4c85969f3ddb38717ce7fd5ea132a177b59223d9fa7c9282a260bfa6c1ac5029,1764513658,1764513661,2121,97625,,
0xdb56ad756944da9c7d20e6ddc7da95d182624311cc4a3f7c6a02ebd9fa070d4f,1764513658,1764513661,2121,97625,,
0x750ee270ea209ab7abd6632821892c96d4200cb36dd472b00de65ad46e38f56d,1764513658,1764513661,2121,97625,,
0x1ece2f1be77efe4219252ca500aaa9cca054c68c3780962ece9014adc86ce412,1764513658,1764513661,2121,97625,,
0xe79f52058254c914aff6589dd952be090b3763fd58fe05d8946d7fe0d5b312c9,1764513658,1764513661,2121,97625,,
0xc9d7f939670e45d88b771b510525173fd4ac2a7586602ea1ef2d43c3fed59b18,1764513658,1764513661,2121,97625,,
0x725f3d9f8b1724c6f4f49fd762f727b0b678ce3ba70bc84832f215f3f6bc715e,1764513658,1764513661,2121,97625,,
0xef42f8dff4874541c21143b9ca5567c2736a32948f1d40c8152eac221e251d24,1764513658,1764513661,2121,97625,,
0x8fae2f125a1a2f7aa500d4485968dec88aa457f882c9fc406ef08b985c918d83,1764513658,1764513661,2121,97625,,
0xc73e238ffabd03a341c122a36ad1d6c560b3ca3a65dc6cc456f54576ef23e392,1764513658,1764513661,2121,97625,,
0x903bcb9debb7a2d2e14b97c8e3fc72397faf4fdae58855db47ca21151228f7a2,1764513658,1764513661,2121,97625,,
0xca59cf103edfcbd876cff2e77e5e1975a871f0d2d39128f3924671df15a67021,1764513658,1764513661,2121,97625,,
0x3091b7661f2fd644f9078a61adfd2ced77db0a892f00abf70179974c00170d43,1764513658,1764513661,2121,97625,,
0x4ec0d1115aedc904ed7803b4db70b2f9bebaf0edab388ce1adb568d313d6e198,1764513658,1764513661,2121,97625,,
0xf905d01e1737258d6be04faf506bc7024559295bdd0b57df52d9eb53ab721f90,1764513658,1764513661,2121,97625,,
0xcd6a93657b5872987f5f5ee849422261d59d7eaceb2cd4fcf736be13519f3553,1764513659,1764513663,2122,108041,,
0x8a7e3f3d1ccaf668d700892bf8000999f2d8d520f2ed8672705ea8cf65470fd0,1764513659,1764513663,2122,97625,,
0xe8f50e70fa089e7e2c8a063d4830883e5511d7f285be82c26a4138e85990d963,1764513659,1764513663,2122,97625,,
0xe4b19bd72eccc305c44eeaf85b82c43c96c3843bc817686c3c60944dc9adeeae,1764513659,1764513663,2122,97625,,
0x6890d5f99efeebcc10a60d1ba5b0a4c8252abff9dae8c168e0a295831f0324bb,1764513659,1764513663,2122,97625,,
0x8164d8e51a65a2412bea409d11eb3275d0df4d0a4028848427eb11afd3fbe316,1764513659,1764513663,2122,97625,,
0x317a08b56a329fac0ceb78113aa5909adcd9abebc6d4afb3b854a7b70c4af59d,1764513659,1764513663,2122,97625,,
0xc4b29ae1c55fe5a13605f8259efdab2f4cf1f0da028d5b9a156f9235ae004f47,1764513659,1764513663,2122,97625,,
0xc39bf5be7cb759756de3aa697ac2e53cfbe0cbcb206e5ca7461acf772c47a998,1764513659,1764513663,2122,97625,,
0xf14afbe6df99a851b5fed7d7c984e63f87e9f42b7f7169b3c8df1e5ea76868aa,1764513659,1764513663,2122,97625,,
0x38aaa198e825141ef2ed9a1d081d81cd3801e49a5237ea6d7f55af521001c1e5,1764513659,1764513663,2122,97625,,
0xbefa09926567bc6a6c3d83916abbff124c9bca8c3dc8033233a2743f3c03715d,1764513659,1764513663,2122,97625,,
0x74e90ba39e12f5721971ee04f8a23987321aa5599ae7f1aa16dbbf247e2a4010,1764513659,1764513663,2122,97625,,
0xab69b79c9dbc52d6760d7689e894e25d622bd4ba247e68c6b61ec95c7b22137f,1764513659,1764513663,2122,97625,,
0x8dd3e9b52dd4e2399e2435d2a20190081af9be66ec11afa177de7a30708ddda3,1764513659,1764513663,2122,97625,,
0xfcc66134101d3a32d32e2102cfbc766f61a1f20bf14047d7fc6cf6df04565734,1764513659,1764513663,2122,97625,,
0xdbafa316361fbe33d2a6e33db59fa65a445423a165fdcfbd7bb6e9b24f6d914e,1764513660,1764513663,2122,97625,,
0x787bec608af8cfc289e8df0f635911b4bd1a0af405c28661b5dd18cfbc79c4cf,1764513660,1764513663,2122,97625,,
0xd25c345a87a71aaeb33017a31ad35a87326980547c3fb8528423e312b372a9b3,1764513660,1764513663,2122,97625,,
0xaeb75ddfedc0af16752cb5bad68bc1c52cce23770b93430a52983ee61ae441c6,1764513660,1764513663,2122,97625,,
0xcedfe2ae50d06d963132357dbee1f6e459addeca398ae2a8f5759092ca23ba00,1764513660,1764513663,2122,97625,,
0x26a9d337966d1f486415c4630fb11612dd0114f97513c8fb8d0846a19d2bb65b,1764513660,1764513663,2122,97625,,
0xb58b3d44eca2a08adb8d655a24b8ba603f566acc8657009d723e1e5a19c13a92,1764513660,1764513663,2122,97625,,
0x56a897120544ed7fa45dda2768361cf406464dda27008e603c37360ab41f3272,1764513660,1764513663,2122,97625,,
0xe0c7244c2ac7353b4aa19adc98e458bd35141ed9ea5d1a33ef027888a5a8a1b9,1764513660,1764513663,2122,97625,,
0x5f086a592d90d5837a59e792c90e1fbdfa463de196b213cd96ec54e15d1d75d6,1764513660,1764513663,2122,97625,,
0xaf6fab5404cd25afd6c544c71766a0492af99388c41f99164328d8f31366092d,1764513660,1764513663,2122,97625,,
0x9a7fdf1ff4b11645c6e8714898570b3b705fc52e3323f65577fe618f760fa463,1764513660,1764513663,2122,97625,,
0x9186cc0869af8fc3140b25d968e61cba035f42d00339f22f4a2b4612ef19f859,1764513660,1764513663,2122,97625,,
0x4ebc6a48fb7cb7471eca87df712db20cec188b34d1fa33c310ad8146fb84a5c1,1764513660,1764513663,2122,97625,,
0x74a130d077447dfaf4f6fed949611165252b8074545a0c3a7b2c6e92c1c84a16,1764513660,1764513663,2122,97625,,
0xabe75afb218abbc2eea91e2dc904e5c62794ab5b4fba014006f5193994873783,1764513660,1764513663,2122,97625,,
0x5419772ede4640d9be5231c0bff1023b732a8680fccdd1abc7b7bbb2a30642ce,1764513660,1764513663,2122,97625,,
0x1f75b60eecfd87304ddf4faae0b5679a039b808fe0d8beb02ecc9dd50f884d16,1764513660,1764513663,2122,97625,,
0xd7bacd8e6fae2c4efe49692f1c894bc46d1e03ce284611c8a5f2acc379da0dfa,1764513660,1764513663,2122,97625,,
0x5903d9eebaa49e6aeb957374482eeef7563f47d5b9c1ea239193a9ef90a2082f,1764513660,1764513663,2122,97625,,
0xfacf1195795e28712a4f52b9e022d9b598bec844a290f32f18a2f8777dada848,1764513660,1764513663,2122,97625,,
0x1c0954981c11ab79d0f4143ecb53065eeb687b2c7cf6d2b91a46a163ff0fbfa6,1764513660,1764513663,2122,97625,,
0xeffe3ffa0a73da57b91f86b7ba24fa626f82af2d87c770299bd37484376ffc2d,1764513660,1764513663,2122,97625,,
0x841b37ecbc8277151c8a22c57c5efffcb5a28e5b0b4bcfde9e77aecb3701d091,1764513660,1764513663,2122,97625,,
0x34c6b33cf1b839385cd2598fd310f6341cbe2821da6c1502e0b894b7085f8e23,1764513660,1764513663,2122,97625,,
0x2a86ef219a0315cff6c760ee581b1a8dc3b75058c6628a8fc4131b97ea9fda5b,1764513660,1764513663,2122,97625,,
0x454ed5a95e20d3d449446b4bc396cc2883399c6917b7208a63116102c67bcf5a,1764513660,1764513663,2122,97625,,
0xd02c9dbe553f934ff7cfc578f3cb7a133b617e5ff585b7c3db5dae16e1e09554,1764513660,1764513663,2122,97625,,
0x2a1914e6591039fda91ec1585b8333d636ac27d3569794b3225458ac0489274c,1764513660,1764513663,2122,97625,,
0xeba784b0d48729681ec10fa2ef6885aa457f2d51e8fdd78c9069d77c349ac023,1764513660,1764513663,2122,97625,,
0xff054794734c6fe0c492f4f51ac1fb190e3cf91f2f6aa9b0d5db08252745bc9d,1764513660,1764513663,2122,97625,,
0xb6d32068b8a76c5bfa78931f624606abd43d5c2459bc127d2595723bcd69e597,1764513660,1764513663,2122,97625,,
0x6a587a6cba1b5cb45464419d2ce65298ce4e903a0a29cca6e47493c52f28ab8a,1764513660,1764513663,2122,97625,,
0x0af88c1e7d6e732ff4b96a9d92a75da4d06091d17f4d11ea18b7096128b345c8,1764513660,1764513663,2122,97625,,
0x97b0f534ce42503d38f01216961c0e14aef10ca25533be6b5d7d8ef89eff9c79,1764513660,1764513663,2122,97625,,
0x258bb827beb6c2d66ce9378e2af76a2b03be10bce22f21b1ce9296a6075320ee,1764513660,1764513663,2122,97625,,
0x6f0eac5eb4ed270381d7c2aab32bf0c5c7749f47376bdbfba07710dce3b3fc62,1764513660,1764513663,2122,97625,,
0x185537f7a9c0d65545731e0013327ab4ce5d3c4685ce06e1f1eed9a010ea91f6,1764513660,1764513663,2122,97625,,
0x4e8b0cdd756c5724d2424483b1eee52f3e899f606abdda496e61c0210f00174e,1764513660,1764513663,2122,97625,,
0x75e01875c06edc93683a099aa764b6c962164b3a8ad89e74cd44b84eba022bec,1764513660,1764513663,2122,97625,,
0xf5f9fc2b859a7bfab8b84cdc244977c679eebce61a1486a42545d095969069db,1764513660,1764513663,2122,97625,,
0xb50fbd85a394217e1267a8e5ee21335d4373b68513810944de4206a9681cb005,1764513660,1764513663,2122,97625,,
0x734d9e284ad1769f69787a92aa2fc5b121b58fa74548d7ba1cd190a0e27a6231,1764513661,1764513663,2122,97625,,
0x5072bb133acc8a9db045f4a917c0b68c219a47e10a30ee49a402c6d4c2db82f1,1764513661,1764513663,2122,97625,,
0x5554787e9271ec9b3ae9486ac0f4dc28153f954abbc24a6530eace5cc2e3481d,1764513661,1764513665,2123,108041,,
0xa7cd7d4e9e58e89e8c8adbf779c1435d82c3d16397a8e74e3fecd4d734e51f66,1764513661,1764513665,2123,97625,,
0x19ac20ef433d6b9b8f812eda97628302f44aaaa6aab134a2a75bf443738facb5,1764513661,1764513665,2123,97625,,
0xffedbc1ac1b2bdd3f2ef8c87bd62fdcf0f547d72a08bea3b9302356086d66959,1764513661,1764513665,2123,97625,,
0xa53038a06ea891af3ba81038411742f7d1314e792990cda27cc5a38d09f97307,1764513661,1764513665,2123,97625,,
0x623ba068e4d681b8ca9f508cab9e29a8e3f240bb0efda5fd7dcb7d4025bb9ec7,1764513661,1764513665,2123,97625,,
0x474ed94c646505d11b068fa02de84bb91b1182799173c58cfcd2ba9f7e27418b,1764513661,1764513665,2123,97625,,
0x8bfd6883ba16bca29b5efac2530182fceb1c8c5e4c60c220addd05e7b11e109b,1764513661,1764513665,2123,97625,,
0xa3424458678b3c94538b5ffe6f41a27bc54a6d57c2f5fdba79a88f44a90746fe,1764513661,1764513665,2123,97625,,
0xff88ea4db44596b7dfbac2bee7565bcce77d39ad5ad340ec2c4606282218177f,1764513661,1764513665,2123,97625,,
0xd1cf6ab49ed0e664b2afcdc1b132bb983f8540d03fc620fa4dede38caf6545f3,1764513661,1764513665,2123,97625,,
0x3abe9df3aedf611b0046af2b6116de9334e3f67557487254fa0073c5b736fd88,1764513661,1764513665,2123,97625,,
0x5b4ed4217e8b5fc5dd29d0cd9e512a595e1b0770d8ed6d41a1a77de2c1963b3e,1764513661,1764513665,2123,97625,,
0x61ba6986753f9e58334c8934852732f6eb3518d788045f0477f07faefa7e1bec,1764513661,1764513665,2123,97625,,
0x9c53d3cb3ddcef36a1416294e7ef4f737d854f15cd3adf0c5ec6280cf036eda6,1764513661,1764513665,2123,97625,,
0x87958394ed293c0d92efc7666d17f01f111fa5728893e7a11c400c2ab09a4cab,1764513661,1764513665,2123,97625,,
0xab3be2a5a0923c1a90d5261cc4b6853c82dabbdd79149f483971e493e1e9b35a,1764513662,1764513665,2123,97625,,
0xa505a8888c898abfffe2c55281f89e695c1976421199f94031bb24954bb8bae9,1764513662,1764513665,2123,97625,,
0x27777694ff9cb438da8ed9f6dc92e6b655f324769a5795960be8e126bc63fa60,1764513662,1764513665,2123,97625,,
0xf16f2960b230dcd5424a414011fc6f0b29385e2b05741d9e9a0bd742fb90510c,1764513662,1764513665,2123,97625,,
0x40a70faaf8439896a618541876e1901606a26762ebfdd55c008e19283c8ad7b1,1764513662,1764513665,2123,97625,,
0x1a4c41dfa3508c335c8137875edd9e423d5ff0c2cf87fe09651b81804e413f14,1764513662,1764513665,2123,97625,,
0xda6ab12fb2b3b4dfdd595c74ca54abf0d69ac4548d63a62058c7db4cb0171007,1764513662,1764513665,2123,97625,,
0xbf45f3787b45e6d45d24c5a9c2c2ee06fc26f36fd51e731e80536d4608343dab,1764513662,1764513665,2123,97625,,
0xe594a3736fb033a7737d49246aafc218496dc427efaef8ec06335466c06942a1,1764513662,1764513665,2123,97625,,
0xcd4e83bc79d2f461f94477ef98c1aa906dbe957ded63f3c623d951fdb3690516,1764513662,1764513665,2123,97625,,
0xe88c746a5c60649676ab0785d706015ecb8ae5b88ab905b5157b1512e892f20d,1764513662,1764513665,2123,97625,,
0xfb0498dbe398d1c121e29fa289bd2daca7852626914a84f5fc2328e80c7e196c,1764513662,1764513665,2123,97625,,
0xb499a7c3fc204d34cba0a96186d29c45581656f13c1f9b5bd05f2a83cd68960d,1764513662,1764513665,2123,97625,,
0x542380383af5174aa3bc7425966a00384f87b35cf7afd1d80547b0e5bc892dea,1764513662,1764513665,2123,97625,,
0x4e042839b1f826ad1e295da0bcbbea5e498f823a6181290ff16f19a91380ff87,1764513662,1764513665,2123,97625,,
0xd4e72f4c027e245f118575c06c85ad534f152295c02c475ed54eb801b991df0b,1764513662,1764513665,2123,97625,,
0x08cc114f1525cb4b2bc3283bc207b73905f2a48fd3c3762055d5617a8d7352a7,1764513662,1764513665,2123,97625,,
0xc474d120471789e0a61b78ea5da2d8251e60d0e49ef7dd955ea3cbed3b700789,1764513662,1764513665,2123,97625,,
0x392db9a6ca27efba4bc357d745c9dd29033205d062e368cb865363c14cc81301,1764513662,1764513665,2123,97625,,
0xae5eed190621694e48c419654a7bbcb0aef1c7aa5e27cd0537af6f7ca5ab0f28,1764513662,1764513665,2123,97625,,
0xdd75b63f57ca691d395f3ec1cf63b4d2d6857c83b32d6e967373c13e85bda49c,1764513662,1764513665,2123,97625,,
0x034ab22fd60ab37e474f5302d60da441b789586a78551ff92901055ae47c97f3,1764513662,1764513665,2123,97625,,
0xe97ac9f947e78faf64568ac06bd8f1d3b28109f3c21b0240ac9a3c188cbc2197,1764513662,1764513665,2123,97625,,
0xb79bb2ae64b2679fe49dcae3bd2286fa940822a6d9a95343eec60152bfa463c5,1764513662,1764513665,2123,97625,,
0x0474ecb9e61c869d4b5276cadc6d6178ddcd5ae9e396b7e260c72da81d367ae4,1764513662,1764513665,2123,97625,,
0x5a24949793eed252e4a0e5b0f98cdc63aa165bf34e2c4b65ae97550f8b41d177,1764513662,1764513665,2123,97625,,
0xd4edba1b4255be7d58d6484b2a2698e9d6c500463782d60edb13d1bca6bedbe4,1764513662,1764513665,2123,97625,,
0x3d1a0630866ab75a59e96d4bd5e2937e9ba7e0014c67ee51f6d8f1c17bbbaf89,1764513662,1764513665,2123,97625,,
0x64d1b06fb969d41c77a1692a7c153a5f895c7ec6aa7b58558429945ec98f2cdd,1764513662,1764513665,2123,97625,,
0xd89603cfc6d78cc7a28fa27f3656b7e89072a5c076b20e5b8480ec4303883817,1764513662,1764513665,2123,97625,,
0x05124714c5dabedcfc0c7c990ed555cdc4d7a9e9153b52bc0d8702d4749f27c6,1764513662,1764513665,2123,97625,,
0x89b4b5d743b13e105d05c5d3f28bd01b0fe8aff8d2b65f2e54b3f7122584d0fa,1764513662,1764513665,2123,97625,,
0xacdae770aaa3e7c220a00404247163b4ae2c916c3f1eabb19d637d01f0371d83,1764513662,1764513665,2123,97625,,
0x6cf11d92ffd614bba8b9f63ab5f6233013b5113bd0557e4b4c9798a40f1e7638,1764513662,1764513665,2123,97625,,
0x7c37caa9ddd2ae6db6f45258a2c10cae15fda0353dae47f7cfb3f9182a0c7ed3,1764513662,1764513665,2123,97625,,
0x0eb83ccf2bc6e26a6ff2882a99ef26363c1d204aee515ddb4cea5a04e8522af1,1764513662,1764513665,2123,97625,,
0x8d58a7979f22a578338eef04268b73e911cd3b79e6e01ca2511aeec506e9d8c0,1764513662,1764513665,2123,97625,,
0x51b5eceb2b189e290af4532606a98529b06d9ad44940ebd9062976f18b4d33dc,1764513662,1764513665,2123,97625,,
0x6bfd8fac60cebb5b78c0f38586109220dc6bbaad8b453c94fc42f134c9eeb607,1764513662,1764513665,2123,97625,,
0xb897db2bfcdeae7378d072f27a451d4cf983e7e878a3f175bdc5782962ecee9d,1764513662,1764513665,2123,97625,,
0xe21f9f8162a197b81a6c516103a500d497091bd0d0907f6c76bf9bdd60a1d98c,1764513662,1764513665,2123,97625,,
0xf8af4949540700fd2c6cf30e5390b77fea02a3e7f395d7821b81210e627bd319,1764513663,1764513665,2123,97625,,
0xae312919562c15c53b70ea108b2a82337abbb2e6a7ebd184872718b568ae4423,1764513663,1764513667,2124,108041,,
0x7031fe52640515311988f82cd05060376aefba90c5816897cb62b3c20db059fd,1764513663,1764513667,2124,97625,,
0xe8adf2b40b4a1e80ac39d1c6bdc0c5861120baa3066251635e816f82885bca5e,1764513663,1764513667,2124,97625,,
0x807d5b004022471691920cf9b94e4a952184c29c807b485b487f27adc7b1e24a,1764513663,1764513667,2124,97625,,
0xf42d7172fed9d0444129a89c6006c6265a973d9720e90720c21fe6504477ef19,1764513663,1764513667,2124,97625,,
0x66f911ee7b87af841785e2849e3108825c1cf31f1b15189ebd6f2c7d8c8e093a,1764513663,1764513667,2124,97625,,
0xb542f53759d4652347c6f2a53b8148e3e3133714d10e4f21cf5baeba15e287f7,1764513663,1764513667,2124,97625,,
0x60c809ee7e73ea9106b3d0921dc1455defb0ad693b0e993467a5ddaeba98174b,1764513663,1764513667,2124,97625,,
0x7e0a58098cdd11bdc64a0248dd994fb6f38e5a549b2dd4f44f5b030827007ad0,1764513663,1764513667,2124,97625,,
0xb8a8dbe548e9494d15c20b0bedf60a958f39615d82eba2a7ab623a28f8862371,1764513663,1764513667,2124,97625,,
0xbd528cec43b2ce7a14e1e00a73829610233e41f0f95b0026997d0f66906fbb9a,1764513663,1764513667,2124,97625,,
0x598e9758a4964835ee7e9ccb4da8f23a0da520b1eed5e24b3a2aca0db946494d,1764513663,1764513667,2124,97625,,
0xd70f8c93fea3b729742370b9666b71a8de46314a2fa99abe3dfb85d909a2bf8f,1764513663,1764513667,2124,97625,,
0x567caa050536290f8af20d2a77d7772230777ee061c698f1737b88930464882c,1764513663,1764513667,2124,97625,,
0xfd4fdbf3ddc7f2feaefca174db66275a24d7daa7ed5936ad9505524c8355833a,1764513663,1764513667,2124,97625,,
0x349e7f05e6f2dc61781b0b14dea9d767685331de8e68e248d5e07f0d932a487f,1764513663,1764513667,2124,97625,,
0x068de27466f4fa81192d31213b332e39fc0001da9c4522492b8c7de4db259bbf,1764513663,1764513667,2124,97625,,
0x4bce42a30667094dbbbd8c54a6b163335e49bc8c473573bc27d24cc43fe28734,1764513663,1764513667,2124,97625,,
0x29adb178fd5f8bcabf80a5ac2fbdac419ea5eb75f96236f1fc043aee268d0c40,1764513664,1764513667,2124,97625,,
0x4fea56ecdbbb3f5df7a0290880d950a19309564ab03334de64aa5cfa3d3739b0,1764513664,1764513667,2124,97625,,
0x3976c269d9de8c300a23fc99c77428f974d71c7195ef0eebac3efe9ba74c491b,1764513664,1764513667,2124,97625,,
0x547458c6195cdb373a8e5b8cbcbabc95719365c837ae59c6643e7b8eebb180e4,1764513664,1764513667,2124,97625,,
0x469f48a5ef901555ee0401ecd193bfd9b9787a69220bf6553009be00faa1178a,1764513664,1764513667,2124,97625,,
0xef2708ca76b6fc59a8016129af178aea104240c7baf130b4f18596a40ab02922,1764513664,1764513667,2124,97625,,
0x727f1a368fba8a6c2f81fd51bf8523cc264a9b2f6f9702138be1f1ee016f43d3,1764513664,1764513667,2124,97625,,
0x9686c4f1ea3a6f5be60b0faa5e1f36b82f749aeea6de900f71785299d6a1ce85,1764513664,1764513667,2124,97625,,
0x94c7087f3a38768641c18af55c12cb0698b5f38246592bcb09f101ad93e25ca7,1764513664,1764513667,2124,97625,,
0x3150f32c529820e5fc05d0284537ad7c103aba0fb1bd0d63aea4b5dae137a63d,1764513664,1764513667,2124,97625,,
0xc7e6be4cebcd8145a4fea042d7cecce510617e85002fc238ce8d770fe461920e,1764513664,1764513667,2124,97625,,
0x48786b33656945adfca63464000aa64f2f850acd8c19d77c020568ef036f0724,1764513664,1764513667,2124,97625,,
0x4a172330714c2648f071fa7ef855652acdd08a8bdaadc87e93493e7f838ce30f,1764513664,1764513667,2124,97625,,
0xb7bfa613b005bd4b801156bf95f350627ced592656d824f9cec495a2b30897d3,1764513664,1764513667,2124,97625,,
0xd52a4d61601c45a4c71027c410d283207bc237dd2ec148bd1eb08d05b06efab6,1764513664,1764513667,2124,97625,,
0x14725351045b0e6ab6f2ef272739d0a9ad824cfb07fe2a3fd54899da7cfa2e40,1764513664,1764513667,2124,97625,,
0xd97d69fd7aaf79c468448ad5966687b8f2cba6889f79335032cc82a06314fa78,1764513664,1764513667,2124,97625,,
0x402f4250b94b6811bf4db9ae64fb83fc4fdc8cabac3e6f06bc7f503d28075a53,1764513664,1764513667,2124,97625,,
0x8e4313ea3b3e193cc4e43b8bd2d4a16e4043ad3c3aebe33e7639e03dd4f8e27d,1764513664,1764513667,2124,97625,,
0x84a9c73211951e1167e0424020ea29592509a2988140b9a256eb75c1f7f1a554,1764513664,1764513667,2124,97625,,
0x7264a63cd21b65ec0aca11b562ef77771094154cd7c39a44f1e6aff717e38494,1764513664,1764513667,2124,97625,,
0x2b66e0ec731c6a59f6cadbaa70ab115ee720c4abe87c56f3daae2c72b3221ba4,1764513664,1764513667,2124,97625,,
0xc42f5bf5e7d9b9b76af9a3d465bbf18585453a86404a15c2e449526f20a42ea1,1764513664,1764513667,2124,97625,,
0x6c965a4428885e8cac169d52a63ef5a0a020db5076fadceea514c31e945af113,1764513664,1764513667,2124,97625,,
0xfc5cfdb61783baf3852f7adf2c0461e2f77bbfc0a7165b2463a4ac393d1230ec,1764513664,1764513667,2124,97625,,
0xeb9522fdc6b3b7b0de09baf64a461acd57e1dc49893221676d40b99b697ffb11,1764513664,1764513667,2124,97625,,
0x2d882827a7697121fa5c6436b2e7261ac8ac8d00a7059c582caa306f2b8c6c01,1764513664,1764513667,2124,97625,,
0xe83c38b4e169e417f70fe6c1a6ea563d863728b600f9935e9d89ba2bc901ed24,1764513664,1764513667,2124,97625,,
0x16ecdd25326580155a22756b8aede2a3129c0e6dff080774abbd25c1fa13f2cc,1764513664,1764513667,2124,97625,,
0x7eef48d24c65a146a79d9521fda52ecae293631a6806fba6158ddc8f85de4f04,1764513664,1764513667,2124,97625,,
0x48984188ac17404f6d6b2599d36678126120f26c29f837c5aafd7245b8a236fb,1764513664,1764513667,2124,97625,,
0xcdf4020d99402f846e545dfa5594513d43096aa954e9f2c8ebdeeebcaf610f65,1764513664,1764513667,2124,97625,,
0x16e96f5fc8f3b59830f54cdeab3ce326e6adb8ac2406d40dc90678f4d60737e3,1764513664,1764513667,2124,97625,,
0x4d57c42e586c9905f746ba4af8eda240ea177f9119eb28f5878fbe09ce91ac93,1764513664,1764513667,2124,97625,,
0x0cee8b2a5a199971284f50572594fd7a5d34a73930cc040137566e61c38817ff,1764513664,1764513667,2124,97625,,
0xb10cf2ff9cf6f447fd3f00120a17a19843bafe2c5ade2abfc27d203e22adf6af,1764513664,1764513667,2124,97625,,
0xbc917d7ae943adbfc378429d085a13ab9ef2653b869e0d8810372413a2e875da,1764513664,1764513667,2124,97625,,
0xbd41b9ec356c9e79489abdf5844704a7e92e66c6f293ab693d9ff26f14409456,1764513664,1764513667,2124,97625,,
0xa1a85a562122168c7b99f9a2a4d09bed8384e1535f7a972192d267e9e9a8799b,1764513664,1764513667,2124,97625,,
0x3c94963bf375f4225f36d98c10a798131bc883aabf364352a5e03f99ab1754fe,1764513665,1764513667,2124,97625,,
0x13fd3c577484d278c5ff8bc7452a495184a6bc345c2c8d54ac1a9488e264dea5,1764513665,1764513667,2124,97625,,
0x92cdd2d5443f5f1ee8e122616b7b4b86a68202b066b5a40c198377f4d0a58376,1764513665,1764513669,2125,108041,,
0x365d55b7976925658a96a0f5bcdde666527a7120c12b26f7d6cb5f4c9e93e41c,1764513665,1764513669,2125,97625,,
0xd82f1e5bec5912c77e361e9c2c8ede8e2ab92713b3b836b526aef370049edba6,1764513665,1764513669,2125,97625,,
0x8bbd670ef9472336de5dfc19a1d8dbd4672b3ed04f449be6302ec0947749728a,1764513665,1764513669,2125,97625,,
0xdc16e99e55f5ed7d66abbe5b7fc6844535cddf7f4c95ebf290310886998256cc,1764513665,1764513669,2125,97625,,
0x580c4011fdcf940ff6cfc9de61dc4a68b9025e3ea850fec2f466db72f20f2d60,1764513665,1764513669,2125,97625,,
0x3ca4986c6a43039f4537ae50e15fcf0ac00a3b9342dd7224f2ccd5f1c801a4ef,1764513665,1764513669,2125,97625,,
0x187c238a3ade1aa1ffd33b1ca3a63a9465d8a98956365b87f3c516bb546bf0e3,1764513665,1764513669,2125,97625,,
0x64695c287ffbb04e3c32f97d8f9f02ea8eafe62d25c60c1cb45ff529eeb9b409,1764513665,1764513669,2125,97625,,
0x0c53e634d8bafc4950ee3f8afc4b391416d12769c74d9277556c1f14660d1a91,1764513665,1764513669,2125,97625,,
0xd40c60eae118b38924752f3d6d9107a570d58f2a26438f187ad88bda7f4d12a2,1764513665,1764513669,2125,97625,,
0xb2c2ad3c66647ed50cbaaa699184243d07561bd8c972babf1ddf2c3518e9b571,1764513665,1764513669,2125,97625,,
0xd434d70080fc2c4369bdc381a9f93c10f9f71e2fdf84ac48f8d65a11f2234c13,1764513665,1764513669,2125,97625,,
0x544bbcb06d6ad5fc1d1768c259c47c770c38cc675a093d09ef24b27f51c6469c,1764513665,1764513669,2125,97625,,
0xb3b8b94b848f07742655557990bcaeb3d4e3f0e99c4804ff45556331dcef52f3,1764513665,1764513669,2125,97625,,
0xe5465d30aff05677d83a4df9a2a266b962266c91b9076678a87b683e4faf2cd1,1764513665,1764513669,2125,97625,,
0x4eef7b54b8f7f561b2c67f389381efb4070bda577aedb176424a7a9d371dd9b1,1764513665,1764513669,2125,97625,,
0x8ddbed227accea52bd6684cabd9683ea4952d928883f83c1067c69905b251d75,1764513665,1764513669,2125,97625,,
0x9be96af29e203441176d215e2cdb45aac0c0d1a76f41ad35c2d6851774b0c98d,1764513665,1764513669,2125,97625,,
0x2359d515267bba5dec500dff0217b4228c31454a14aff7438b745708e0738666,1764513666,1764513669,2125,97625,,
0xfb057fd5bc15726c17125b14861ab7aa86796075dc5fbac751dfdb9e766dd59a,1764513666,1764513669,2125,97625,,
0x8b89dc5e74e76b897de6faff6da98a8d37b9c13c9d353e21539dcb5c75670d8f,1764513666,1764513669,2125,97625,,
0x182b6844ac9c4297d3679ba5b596e082dd46768e049162b256f76ca4f1dbb725,1764513666,1764513669,2125,97625,,
0xe5c1e6867f220339f6ea8d3c0681394761ab64b3a5d623721ef44eba14c6a00c,1764513666,1764513669,2125,97625,,
0xfcaa32e0275f507d7d147fd29d550ed4e14fa1ec71ddfb943a807cf275f9add3,1764513666,1764513669,2125,97625,,
0x901bf41b11c79ee3b6f1a397f05111dfd9c15b983ca5cf44f35c7f1284ec6d3e,1764513666,1764513669,2125,97625,,
0xdae8deb404de3d6d4183400a827a7affad84d9cd34323c8b7350d40bd386f4d6,1764513666,1764513669,2125,97625,,
0xf5756feb557783481bc2286a51c46d26017873dbdc4d5939526774087a51a7d0,1764513666,1764513669,2125,97625,,
0xb9897ab82b8b2fafe260161a81f4c737d667edfbbffb0427ec7505045bfca3cf,1764513666,1764513669,2125,97625,,
0x1da6b8ab167142967f517631d046b25786accef06b10f446270de230227fa259,1764513666,1764513669,2125,97625,,
0x16020c274f89b8c1fe0303b19a067d26a60d769a386952318cbf4f8d3a308f73,1764513666,1764513669,2125,97625,,
0x2550f4913780b9167e70e6b83e002a121945a6ea7d43ab97e00a326e2e5e032d,1764513666,1764513669,2125,97625,,
0x8c1214b5b4bfe7169719d7799e63e60d71003bc73743b873b8c6b85708649888,1764513666,1764513669,2125,97625,,
0x74ad7d226993f936ddeac402d6c62b679c773e391640e0acf0d8f065c8f702f7,1764513666,1764513669,2125,97625,,
0x5165b01edecf03470fb54393286c47092e48d241b779782d1adaf8580c87c30d,1764513666,1764513669,2125,97625,,
0x0100438d82e9da60750a8e78a29bab4be73973feb00cd2f62fe43d8fa7de8ad4,1764513666,1764513669,2125,97625,,
0x70f9d25737fe056375ad3521b475c8f7865ac7ef390efd501dcf2bc5fe50ced3,1764513666,1764513669,2125,97625,,
0x8ab4f87b9421818f3e6970975392815e940f5e89a7ceda29881cf311c63b3e84,1764513666,1764513669,2125,97625,,
0xc34eb9f402686913fdb1ee9c8ffc6b3c44dbaf4b756343b64b5b4c8ac063dbe8,1764513666,1764513669,2125,97625,,
0x1c02e53309617f9456da107e4005b176243f290cd800f7230bf100680356c159,1764513666,1764513669,2125,97625,,
0x0b7c58124f73f2ea39d6dcbd7d9cf9030caf6a559a500730f5e06bd7e731f0fb,1764513666,1764513669,2125,97625,,
0x4ef025ece947dacc7e1b329fc3567712e08b72e814f9625be668ffe2e5e16c3a,1764513666,1764513669,2125,97625,,
0x7aa85240f8835dc22799449509d18af4f71850566f95eaebd4fa0b48110eddff,1764513666,1764513669,2125,97625,,
0x9ebdda8cd6c254c2a0147e7f2ae5089e196ac9d35a175acd9eb248b274f8a325,1764513666,1764513669,2125,97625,,
0x6bc5a502d3d988fcc95aa176fe33ebb0dcae011b0d15dddd398b3e2858a8c421,1764513666,1764513669,2125,97625,,
0xc442ef9fb3d50d339c4db7739882b3aff16da8d6877f0b59591e6f9f47c6b62f,1764513666,1764513669,2125,97625,,
0xe4dc13aaaef85875c172b0d01ca164ab91d331261eff8dbfdb39768d427a3f5c,1764513666,1764513669,2125,97625,,
0xd4d9242970b033ee5f0ed20c38fc5bebe9b289814ff1d130e4b82e4d2c6aa72c,1764513666,1764513669,2125,97625,,
0x6bc3358258500f282dee547d64991cbe5fecc42d3b606a3a0969bd381f5f663d,1764513666,1764513669,2125,97625,,
0x9c979678b4de980484668a1b5239fa717e48784d37e4d55251f03c616dd03d90,1764513666,1764513669,2125,97625,,
0x6a82a21b16e380acd7002568827773eef48231b12d2d226f5722249d39d24a47,1764513666,1764513669,2125,97625,,
0x9f7be6c4e6516288cc20c4d2ee94cda626e7223c74ea6b3624461c6ee41cb148,1764513666,1764513669,2125,97625,,
0x931eba4fe12b3b9de173813de85527043313301c4fb8e7afd09094bee3374c17,1764513666,1764513669,2125,97625,,
0xa96011e346e3e0895b9704f974731345e1d658afced8a4ee1be9cfae59875251,1764513666,1764513669,2125,97625,,
0x83603f7aa4745ca0e4dce114f26b689dd367dc5802ff55e37a7bc88a5ca565fb,1764513666,1764513669,2125,97625,,
0x106741b2e47e857144591dd266594f057697726f158dd6700c13838a40e0497a,1764513666,1764513669,2125,97625,,
0xeb81d61005e4d7809423a86dbf8aef933669a9050656357e270095c1149332c8,1764513666,1764513669,2125,97625,,
0x8937be6aa40e7c29c2e6f29dd7eb7a4b8bd9b89cc822458295d2be4ce9125ea8,1764513667,1764513669,2125,97625,,
0x478b0cc97dee9a2ee2f75b41997052564bcea3bac3cb00acd2e9a6940635d294,1764513667,1764513671,2126,108041,,
0x498b89e5227205027d53b1a274bac6709aceb0aaead07a9e2397501f1abceb1f,1764513667,1764513671,2126,97625,,
0x4988e7a8a654ed57c79277fc5679fee6e8de4d6d80cf5b639b0fc76c6bd86338,1764513667,1764513671,2126,97625,,
0x8e7301a6bc99a96641c6d6e106f0b8a93ac2d5d0464192ff1140bb8f685b6098,1764513667,1764513671,2126,97625,,
0xddc8418a599871ef615e98328da4cadefcb1807cdd7f7f523230e3f01cdfd2f8,1764513667,1764513671,2126,97625,,
0x2236181e75013d04d03fbb2b08aca3d1c7906762e936e4b9fe50212e9a702a1e,1764513667,1764513671,2126,97625,,
0x80d824022c6f82f4116feb4144c66ec178b3c0565f4ec4f6947ddc4b95453b28,1764513667,1764513671,2126,97625,,
0x5b0e1dca2029d3f842f394feb69e288e5659b09f812e90f6edb27b0f51d5263b,1764513667,1764513671,2126,97625,,
0xe653edba38f65b7dd288029293c8a547e69efa49bcb748523ca57087c7aed833,1764513667,1764513671,2126,97625,,
0xea45c82be712b06052dfd188569e40fa358bfc9d442dbd1a7353a6f975beeaf3,1764513667,1764513671,2126,97625,,
0x9eec597b0a6d9d35e6bb7dd52a89d8e66b5293edf40a78f6c51a55bb4fc8197e,1764513667,1764513671,2126,97625,,
0xd7151ee27c6a206520c3cb4ccf50655417db7b3e2570fa6066406189bf5fbad0,1764513667,1764513671,2126,97625,,
0xbe6f8d47a498c90f641a694d1445f5435b76b10daec3a33cfcf0b84432066a5c,1764513667,1764513671,2126,97625,,
0x3f9773e4c02af5034dc1e3a54ef2709fd5dde9bb5b583eab3aba7ad7d495048d,1764513667,1764513671,2126,97625,,
0x2f2b8cfa1ad23ba7168799c3909d96eb0bc26f40bcbc16b9a50eb4d9da08698d,1764513667,1764513671,2126,97625,,
0x31a8f8e0c0c516be3cbc84dc2e6a7fa702ea97d399c4ef931e073eac5e89b081,1764513667,1764513671,2126,97625,,
0x12940bebaf71858e3faad3436884c52a7aac479fb7c19673ebdc4e0caee9860e,1764513667,1764513671,2126,97625,,
0x3ecef1c5c6b247a0a0653770122e1f3f0e5ac29346de5eb37be1da891ba7a0c2,1764513667,1764513671,2126,97625,,
0x2768667c815fbc90b83baa3156b4a6264e8952a08248fdc4a589a0147ebaa4f3,1764513667,1764513671,2126,97625,,
0x10a3b3730f59a023d0118ff82d6d5e09faa693b8cb093991b23a0d9ce20531fc,1764513667,1764513671,2126,97625,,
0x680c8d954304a13b5c42344fa479775b705dc25bfee0dd6eb3cf009c1656a158,1764513667,1764513671,2126,97625,,
0x8e0da6036190c9d06f8d829c8edb9c816e869ef48ac33343a0fad1e039bd6c72,1764513668,1764513671,2126,97625,,
0xf0c4a51745fcee51e13f499593f735e6b2ecfb9898d4345fe58ca9bd4f689823,1764513668,1764513671,2126,97625,,
0x9e0908614d6869cdaac29e078cea0f6b1073a60b84b1fbabc819620d60e96589,1764513668,1764513671,2126,97625,,
0x850874b8172378d8da2be48214ea7970c3173dc898f5587a3ca4cbf998706969,1764513668,1764513671,2126,97625,,
0x8c5fa6b2250b4002e900953c62852e38849c37b32e7cda82eb8861e2ce52ce2b,1764513668,1764513671,2126,97625,,
0xc42cbf06f80c4c03117b4bd18e96a2cdde98201aadddd24176e242b37f2bcbec,1764513668,1764513671,2126,97625,,
0x428cbd3ac9ce0e6cf6ed9c2a3530f1dca5c36aff5359d0b67cbc78e2d30668aa,1764513668,1764513671,2126,97625,,
0x9f9ff72aa8dbd3274f3748046e6ca5115f2a3f47a665bb6912196cb3778163d6,1764513668,1764513671,2126,97625,,
0xb4890e44ffc0fac233e74da37d3c062fcbdd5db859bff563ebf080471dedc55b,1764513668,1764513671,2126,97625,,
0x7fb9804d540f2758a2e9ed622f00dffc01dea4a80b1d6272611ca8633b0b51da,1764513668,1764513671,2126,97625,,
0x9e1288fe2eb34dd05ac0f08e32dbf9885bdba48413f6eaac0f4233f980668bb4,1764513668,1764513671,2126,97625,,
0xde749ddb264cc60990e9569cbf08448aeedfb73262ed3f26e6b35375e2b14ebf,1764513668,1764513671,2126,97625,,
0x24b23729959f385f7c5e3abbb8ae8e4153ee12b79b0df8c3884c8171917b35e9,1764513668,1764513671,2126,142365,,
0x0f2849e0a3194a7d03d40be1d73ceae9790dd5061f12c4bc672b45f11a62fb86,1764513668,1764513671,2126,97749,,
0x97b4cf3944c9c83dc3b0ce595d76555f13a60ce7f8887881ce3c82c0ee17b072,1764513668,1764513671,2126,97749,,
0xde9634f3f6749a9ec6325973669fe916d231e76de9aec28937c445b32645d3a4,1764513668,1764513671,2126,97749,,
0xffd4bae19988a8198039fa453698da6d903013767bcfe16a3e300f292be6207d,1764513668,1764513671,2126,97749,,
0xbd534a2baef5b618871dc43e96718a0705c727296a091233bb146158fc134c48,1764513668,1764513671,2126,97749,,
0x2d5075d4303602f8b04ee4e04732c225ccdcd522d866caf558deda578e06a2fe,1764513668,1764513671,2126,97625,,
0xaaef7957c4bd5edfb51b46b15d8b22243dc802aecb82304cb11d628ae7e0de63,1764513668,1764513671,2126,97625,,
0xe8a9ebb5d6e1fcd4049e0affdd4af5ae2e0fcd09148c17278875d9723f747524,1764513668,1764513671,2126,97625,,
0x6dcf00fc983686da2ebd376b5bbc56bdd2787bcce33c61079b25c3ec0de85323,1764513668,1764513671,2126,97625,,
0xc4842a7c1130855a70eaf4aff005864027d5baf8735dbb6c1b11bc7e74854833,1764513668,1764513671,2126,97625,,
0x5762a86bd3b7a159f84e745d024d8dd0c43ea6646bc44be8b32aba05f60e009e,1764513668,1764513671,2126,97625,,
0x18877b0360f60306ea473ea7a7acfecbcde815e432923aac6889ad135fc239a6,1764513668,1764513671,2126,97625,,
0xf0bd493c4e7129d116d250794f2acdcb97b6f31f0307eaae1715196483ba6060,1764513668,1764513671,2126,97625,,
0xfc1f798bd82785ad3f9beff3a266ba2be6449f65725126f3d9d9d260a4833685,1764513668,1764513671,2126,97625,,
0x689c8496ef7eaae875eb8cd88b8a803e78b27e69804e3eba875539096b68fb38,1764513668,1764513671,2126,97625,,
0x3bc590412d62f3e65e32cbe634a51a51b89080ed8cb9044b90f5a76ee4445c16,1764513668,1764513671,2126,97625,,
0x1fbd5a284e93578975ff7a4e2d6cd84f1d6551c1009d651b52ee32162cf54de9,1764513668,1764513671,2126,97625,,
0x362d91694d1c6850f975ace57a1babdac2f63a31be0cd530afff911480475ffb,1764513668,1764513671,2126,97625,,
0xcf2a52fa8b1b8920a1e1faf1a2e6c081469046bb6e7c67ce5915b4d2af000da0,1764513668,1764513671,2126,97625,,
0x0b85dd59f3abdff0c73fa2b144d12f240db03f14a4ed24f5e86cb1d5b475fa26,1764513668,1764513671,2126,97749,,
0x9180d60340ae7cb1cd5074a3f1ac9331820d11fb49152dc4b43624cb8dd61543,1764513668,1764513671,2126,97749,,
0x2f795199a2562888764161189974685e3aa81328207a4b1679952ec853b9f1ce,1764513668,1764513671,2126,97625,,
0x85e91b219fb4a3ae4d029a409cfcee7ec409569ceec3bd43830d3cde5e855ac7,1764513668,1764513671,2126,97625,,
0x5ca3309d7ad31a9687eaade617c9195988438dcee6898da950e02404ff617aee,1764513668,1764513671,2126,97749,,
0xdc86e780576d20bb16efddb35df9a6d47c707b7ca3ad30ca2c3a62c967d46968,1764513669,1764513671,2126,97749,,
0xa58da46557ae0657f0e2d48f394a50df93b1bb7fafe9720cdb0f756660705bd3,1764513669,1764513673,2127,108165,,
0x0122595444693d211becca8e31d258b0944243bb5b2d3c25baa282d9a990dfda,1764513669,1764513673,2127,97749,,
0xf73c1411469af593672e078d492584ce938f668229571b267b2338a35d9f0c2f,1764513669,1764513673,2127,97749,,
0x718ea990440e54599ee205a4b4bf42d06db58d9f4888c8c2d64c552d35782286,1764513669,1764513673,2127,97749,,
0xdde47da1dec13720df363191083908fc4dbb3c2d8e5edb5f5b7cf1ecfdc7435e,1764513669,1764513673,2127,108041,,
0x551278e156b2ca99eafe1470e91f01a1f0117cf9f9c840ac1d3b6192b3adc6a6,1764513669,1764513673,2127,97625,,
0x19d34d71bf7ff79802f4d24bc03a24440c059e98eae575f8f9f58723f60b7cd6,1764513669,1764513673,2127,97625,,
0xc2ed6ab5af88ce600cb725f2e83a079c3a3bac79777e8763b63c2ef873972aec,1764513669,1764513673,2127,97625,,
0x0df4760b3c430ec32e55f892c4e2ca562afaabfd666d97f3074f101eef45cbd0,1764513669,1764513673,2127,97625,,
0xc03cf75f070342cea2cc0030d103ba8c90bd0446e01fd7908041d398729e6861,1764513669,1764513673,2127,97625,,
0x732b0fcbd5759b22778dfb875bcf84718225d2ead47d1f2389549659ca6c7887,1764513669,1764513673,2127,97625,,
0x9168a9e72a37c42e7c722d8ffb36ebc0891732a9bd77978fd972774a360df24e,1764513669,1764513673,2127,97625,,
0x92c79ce7cb2480f92c88eea71cba745351eeeca97a7dc324182d20810cfdd4b0,1764513669,1764513673,2127,97625,,
0x5390f018678837be72b5a1f5f90340da2a8b13475b579be9f6712a46b43169f9,1764513669,1764513673,2127,97625,,
0x0c09538996df700ce65b0aa753b221f8e84af99006df34e19e6feb8356d88c56,1764513669,1764513673,2127,97625,,
0x0ee4b9641e7e74369633e5b91c1554098560a02153deda8eb5517c80f3489f8e,1764513669,1764513673,2127,97625,,
0x6db17f8011754fc216bc6339cfc39335c9a43dc484f3c805e59b69df1d67d14d,1764513669,1764513673,2127,97749,,
0xf7e589a707f79dbd959458198e58cd29d3c6767b0c9caec145beaee439ef6a90,1764513669,1764513673,2127,97749,,
0x4ed0b02dc3c77c5d8207ca9e6ff25a7abc0c1f935e54f94a41f1b56daa87408d,1764513669,1764513673,2127,97749,,
0xab0c42a7beee58c63f415fe04b6c971d176160b9f7556cefa590ff6ca757b6d0,1764513669,1764513673,2127,97749,,
0x38fc6c17824ccaf1f41713aa370145064808fa04772e5267123ec73abcab546b,1764513669,1764513673,2127,97749,,
0x69d25f5fc4abf1a7a63da15c67e5e7f6cf9142711209ed99943edb4564f8962c,1764513669,1764513673,2127,97749,,
0xbfad2c274f2f5463a382581a0ca33f0e94e10733d4f5cf68f6cc9748fb06caf8,1764513670,1764513673,2127,97749,,
0xe75fea461d57b65254ecfbfb295825fa8ce5fcfc0691d247c0b3b58a140cdc5b,1764513670,1764513673,2127,97749,,
0x5135a21a0668ec06bc6e167bf7920465b70aadddd2a3a2853da739af691b5648,1764513670,1764513673,2127,97749,,
0xcffe3424138f9da187806402b5c9908c32167ee73c2faa682f44bdbda6c787d7,1764513670,1764513673,2127,97749,,
0xac27d78022807653b3e1dc4f550f35837e02ca7fdea1bc11af54257429c20822,1764513670,1764513673,2127,97749,,
0xf545529042fc27db615f1b5277165a87b3c5fe3aac6e6d32ac415a6fbb29e974,1764513670,1764513673,2127,97749,,
0xc09f89d8a5045b3e4d00a4025ea9aca04277219add604f83b68b4cf2dfff1d83,1764513670,1764513673,2127,97749,,
0x7597eb4bff5823147e4028e099fc6fff6922bc53a99e107ae0a9128c43c16c5c,1764513670,1764513673,2127,97749,,
0x6e1e60a3773a9b9c123eed784a4ca89cf52a1a94e2b5747b374eb1e1d431f0ee,1764513670,1764513673,2127,97749,,
0xb240e4906e9eaed844115d23826e82f4977aac8da890854817cb1ad6658ab437,1764513670,1764513673,2127,97749,,
0x784bd3f8d389ffb501f203709447e070efa5f51712e6726fead9749be357b61d,1764513670,1764513673,2127,97749,,
0xcaf6fafe6aeed3132b6fbb6dd921d8b7a4030cb2eabc74371502925efda34b21,1764513670,1764513673,2127,97749,,
0x9898c7207a5f3fc0f1bb84eb871ef5ace530e1c53e90d70c728b1ee26e41ba75,1764513670,1764513673,2127,97749,,
0x8c5cf2ef286e26e66ac3e867ffbf91a17cb55df62646481c436029bb6405e85a,1764513670,1764513673,2127,97749,,
0xf90c3d0087829dbd724b694b33ba1b427d7a5cf411f1ea7d52a529c2c4495c71,1764513670,1764513673,2127,97749,,
0x639b2ef3831cd95682be64a348fd002252af010c4b31d4964b523d4fcbba75c3,1764513670,1764513673,2127,97749,,
0xfb638ab60f960b1136c30f0ae528f4e834de9dbcb1c54f162b209f739bb9f002,1764513670,1764513673,2127,97749,,
0x5d15d9be72fffa92b1a624d88319539346204ec15005df7e3bed84153989274a,1764513670,1764513673,2127,97749,,
0xae7511858ae29793f4782fe4fa3f56f78468f75e138b8f3aa410874f2c9a7701,1764513670,1764513673,2127,97749,,
0xd13110c43b0bec28e61d3457497acde8eea197d33401b1cf02b25895ebbb3827,1764513670,1764513673,2127,97749,,
0x37681f8559535e1cd295ad476babf17a3dd4365b62c03e25170075bba29339bb,1764513670,1764513673,2127,97749,,
0x9ea7122267607d84fcb71b7a2153f64461ff147d54a2b059c1fb313b41523472,1764513670,1764513673,2127,97749,,
0xc65a935104148f67599f89de867795a1fd5029acc1394c25502d7c185229f1b9,1764513670,1764513673,2127,97749,,
0xe6e89274ac8dbd94d80bb7e75abdd2be702c1665a42fb283a4458d2faf3c06f0,1764513670,1764513673,2127,97749,,
0x9d562f89bf407491a28756aee8a94f6a68256d367d9cd60534d755f2a24d6194,1764513670,1764513673,2127,97749,,
0x27dae3955898abb0dc86745fac0b5de10643f9fa4e5c1b11758475558ad0f6ca,1764513670,1764513673,2127,97749,,
0xd0b2511e5f47b882a82e38bc6c5a753d892177000cdfec8963a337053867f2b6,1764513670,1764513673,2127,97749,,
0x96a98caf41fab2ebfd67135fac3b7f71964aaf744da035363b168bcb916859bb,1764513670,1764513673,2127,97749,,
0xd810e87827bf1b9adb33c7abff8aef6dea9ddbf2e22b7db706693afd09921ea8,1764513670,1764513673,2127,97749,,
0x7fee68eb532b945b93f7f49dd86b461788f444a7e93bdcc3bb5dd0848c7c7b8b,1764513670,1764513673,2127,97749,,
0x7f468b8fc937f0c6ee2c8bc279a0bdb2d5d4a192568951bdba221cb25e071fe2,1764513670,1764513673,2127,97749,,
0x3d51ffe01f1a807674c6ca519c6ad1a1104e73ee0f7f38ecb75a68a490e7fa03,1764513670,1764513673,2127,97749,,
0xc54d2ad663167534779b7b17fec4ba30202a29ec994527bf5ce3fc5c7fa52b34,1764513670,1764513673,2127,97749,,
0xa010ed8ebb9a6346da8b9c19cbc1eb8d05dd0f6e33fca5ef7fc3c69fdcc66f88,1764513670,1764513673,2127,97749,,
0x754db4d27edd3b86a5d94b785870e0f9449b034278b527f8d070f8c47a72bf0c,1764513670,1764513673,2127,97749,,
0x5b8ae0fbba4342816811fc5ea16eeeffe769d11fd378d123f3b7791d5d4e3d92,1764513671,1764513673,2127,97749,,
0x9ad33d9433af527bf724a971f88b46233c513a959fe96e892eca20a8046fbc5b,1764513671,1764513675,2128,108165,,
0x23dc299d6fa70374d942744bbb371bf73620228acd38f72aafb6b7bc45762fb1,1764513671,1764513675,2128,97749,,
0xc9504a1ef34e229b01c158305c6347f24d383ee6ebb6cdd83a182b66975c0324,1764513671,1764513675,2128,97749,,
0x62d27f262799dca71d40fbe16f3f4e974b1d3b6bc898aa032116f24b71aa7773,1764513671,1764513675,2128,97749,,
0xf7174c8e399b7c8889eeccbe54feac1bd4685d785bbe9587005dca48ac9ee75e,1764513671,1764513675,2128,97749,,
0xdbd15e12ef62f90a9962e14b96af862561096e4331a7a00d61c37e0b106f6db6,1764513671,1764513675,2128,97749,,
0x82ba635ba8f2d4637925457437f79a69a6386911dd138058719f9f4ef8c04bdc,1764513671,1764513675,2128,97749,,
0xf02dd3389912baafa7bdbc384361b1685d2fdd18ff56185861982a7fa6f1367a,1764513671,1764513675,2128,97749,,
0x198ba424b4d52addd5892939f0e529cb4f063356f4809d4a228e2b273eb8849f,1764513671,1764513675,2128,97749,,
0xf5dca43a1d102c808f4b50a04259d71755f37551cccd0571528628df9dfb1626,1764513671,1764513675,2128,97749,,
0x65eaf3f158e3d8f5976079e7cdb72db514b19c902f9b820c421309fd7ed92057,1764513671,1764513675,2128,97749,,
0x14a664a19684242747dc66738da4d6417cc4d93f1e76b813e5338226da499292,1764513671,1764513675,2128,97749,,
0x522cb7019f39a303865d7dedf79f424c3ea4dffafab1ab3b8cfbc5e8d53748ff,1764513671,1764513675,2128,97749,,
0xdf4e94fb90d0a60615bdc3cddbb9d102c55263aa1727f3e34884520a6c786c43,1764513671,1764513675,2128,97749,,
0xb95f28179796e7eb5d84f98588fc4f442cc2686cedadbfc3bd5234690577397c,1764513671,1764513675,2128,97749,,
0xe52d295b1640047a97d9af6a30dbc0f69cff7d6defb2a594be2bb2deddf17e78,1764513671,1764513675,2128,97749,,
0x4678d5cbda6ab760f551b58b07717de05260ff758bc968de8893255276207493,1764513671,1764513675,2128,97749,,
0x640fe54fe1dcce850c14d32bb213820a05aa3f9725ad4d312da3080e79d513f8,1764513671,1764513675,2128,97749,,
0x683e8633e8e177fdbb569eab676f8189383a1f6ef440d82710ff9a9aa8010d1f,1764513671,1764513675,2128,97749,,
0x8cdaab1753cb18934c344c29cfe6c46a86358e68982f91240607fced6d55cd77,1764513671,1764513675,2128,97749,,
0xa3bc7b6b76619244f7fc85460149c2e468d7e820ba7500a75a0ff7265fe8bae6,1764513671,1764513675,2128,97749,,
0x0b179be961e49533265009ab394af7cdab0765ed738d6daa4991d4ed096de6b1,1764513671,1764513675,2128,97749,,
0x1064f6aff676caace1bb4af82bab2b74dd5c9485bd16f046cc24ee56b3cc429e,1764513671,1764513675,2128,97749,,
0xb4e381370fd98dc36bf2b20cf2840599f7d7dd9a2f47884dc3226b667ba60ff5,1764513671,1764513675,2128,97749,,
0xd0516c75ba70a41172de5e62fefd5ac0e83e7ddfa06d810df8ce0358058905eb,1764513672,1764513675,2128,97749,,
0xeabc30b1e894d45aeb5b41f03710b40918b67e024fcfab3c4144a6fb126fb6cf,1764513672,1764513675,2128,97749,,
0x97d71b720d46b05b173f1ca30d0ae99b09b48dd5251f785eab5ae9525c8a96d0,1764513672,1764513675,2128,97749,,
0x467b587183c54246a9942dffb6ec99c6a392651f5e9191a0097e0952f99eb32a,1764513672,1764513675,2128,97749,,
0xdc7709d4d0bcf8521606ef57dcd18158771b313bfd3ad373bbf4d1371c846aea,1764513672,1764513675,2128,97749,,
0x6b757aca77cfd20f1eaf1d8f65193c722004c2cef6b6ec3aab3b48fafe0204b3,1764513672,1764513675,2128,97749,,
0xffcc8454094100a31779b19a13467caf3f52b5990c37e95feb2beddde541c46b,1764513672,1764513675,2128,97749,,
0xc37862bdaff26f0e584aec6f986aa84372f1c6c091b6df9eaa93eaee201217b1,1764513672,1764513675,2128,97749,,
0x52737669fa19b55bfe79bd0d5bd55103c61fb14b3933311a810f9f6362dc56e8,1764513672,1764513675,2128,97749,,
0x8d10203040b2df08f3b2527cb297caa77f37b43f694a4bd4950a8f9aa32f5ec6,1764513672,1764513675,2128,97749,,
0x874ea594d29f77259f076054e7f9398fe61aa3ddb6e8718d7b436676cb620887,1764513672,1764513675,2128,97749,,
0xafca5b00ef85cddd58311045e9667d792584967d61e526bd2161e9db7cda36c3,1764513672,1764513675,2128,97749,,
0x743d2e862cb732d21bb17db9759c4a0ffcdefdfadae7220cbf8cb56598fa57f0,1764513672,1764513675,2128,97749,,
0xe94593037e61bfd4558e986761fe1f06eff9a125472540e1c37bcf02fc5bac67,1764513672,1764513675,2128,97749,,
0x476769caeaf9541ed47ab933ae484db6c776ba857aa1a2d2f37aa573cd9c75e4,1764513672,1764513675,2128,97749,,
0x2d8226dbbf6f4e689bca15991d7aaa0ac6569f68001d6611d38ba962ba5fa6e2,1764513672,1764513675,2128,97749,,
0xb6712a5377cc6b378edd4dd02cd10117d6299757f1d1a60128957a9b89143cd3,1764513672,1764513675,2128,97749,,
0x93827e760d4fcdf5d30a78d033b8e7b6043b9d7ce139ffd030ad009567ff058f,1764513672,1764513675,2128,97749,,
0x2f07ed8672811bd4c50932d5811f4101154b2f8d3a965b2b06477b39b4330e2a,1764513672,1764513675,2128,97749,,
0x46d9bd82b102de4e9219d596c1edb0eecbbd11d8fd562cba8d4b8ddbc8a7d3c1,1764513672,1764513675,2128,97749,,
0x7f55734faeafd56f1fb0c385acf5630df799102b08e6ce653bb896e551b99e5a,1764513672,1764513675,2128,97749,,
0x6aaa8d1c8650995c591a1bad57d76ff376d6fa56cb1661c615b7a2a2cdf6d395,1764513672,1764513675,2128,97749,,
0x7fab6462b39d86d7702620ebadbc437b47fb6ffebf396051a474d0084fb1a0ce,1764513672,1764513675,2128,97749,,
0x38f84c405d8b03f8e16b12cdf52c43da28b3c9be08209449d789fb7a8e33f7ba,1764513672,1764513675,2128,97749,,
0x81ee7a44c432f3d1bde1af11d50a48c44c0bbc2572cb47b69b1ed46e79cb20a4,1764513672,1764513675,2128,97749,,
0xbd06ac4dfa8d929ab0a0e4d0810e926af75d68a634c211ea48c1c7d7c5c9aabd,1764513672,1764513675,2128,97749,,
0x81b0f14103593cfbbd48e44da063d106f21090a0f4ffa262f623498f23bb25fa,1764513672,1764513675,2128,97749,,
0xd83bda2a7310a49282a7e99d3fc653d210c247ff9722d782d67925c9e7c4b057,1764513672,1764513675,2128,97749,,
0x25623ff20a433c8eba76fa69a9d5e50825c2a83d520c739de390b34e86ede89e,1764513672,1764513675,2128,97749,,
0x3daa67f38a267ffaf504ce14b72778b1034df2529b2f366e1cb3317d2bf1183c,1764513672,1764513675,2128,97749,,
0x6bc9de121da83cb32aa4ed3221ed5d0ed898119a1ba02facd489c70d1012b35f,1764513672,1764513675,2128,97749,,
0x0b6c141025d384c7c12447d39c071c8b2d560805c9cf13946f62579fb259571e,1764513672,1764513675,2128,97749,,
0x1bcaca523b40be80b849f2e784fc96a0172be570aff210004287708e28f80c8f,1764513672,1764513675,2128,97749,,
0x74dfe567be1316182ce66901bc515837eaec7f3d6fb55d0f4e561744f81ec7fb,1764513672,1764513675,2128,97749,,
0xe28d359033f50e36b094a33776ddc75bb4e0180bc9aafc42fda49f1dab93f52e,1764513673,1764513675,2128,97749,,
0x67d32a674ba86671f73eb2abdfcb9cd67c131cb354c6ff0645df284790ca3e40,1764513673,1764513677,2129,108165,,
0xe1482487aae9a7bc66e3666f50e349d46849a418bf43aaaec522ab96621a5e19,1764513673,1764513677,2129,97749,,
0xd2e239fd1c0b64607af5b2a26be6a53b61afee13e369e445415827cfefd3ed0d,1764513673,1764513677,2129,97749,,
0x45cf0a9335a51063832717953db96eccaad8d9d2b11bec94e059b1ea649dd90b,1764513673,1764513677,2129,97749,,
0xf97389e0b82e65670712a806897168ea9fa5c9e7f58bc10e74c378c4fa9a7c7a,1764513673,1764513677,2129,97749,,
0x7c26d5e85454690e6ee0250b1bf0fd45122229f181472f54ac3cf6dddc3cbc7c,1764513673,1764513677,2129,97749,,
0xacf8edf48537fad17a6f6015608ba5323e48edee0a752f9cdb7da0323171210f,1764513673,1764513677,2129,97749,,
0xb66d964619cb3526a5f42eea2205d2f745e0636b2bf68bc32aafbdd0a4448bbd,1764513673,1764513677,2129,97749,,
0x2110d3550338f1bd8d271a5a7d0243c5abd9f0dc3ad35051bfe40c68d785be06,1764513673,1764513677,2129,97749,,
0x8cd2a250efd32851dd43418bf8c4521141abd26e800dbd0a4c8697732037cdda,1764513673,1764513677,2129,97749,,
0xbbfeb4e40456bd9a79f9d8d2b3b1c805fec751bd877fe5805d54884c2330852f,1764513673,1764513677,2129,97749,,
0xfebeba8a5f1b3aca59d5f4246d3e96a02035a6c13fa63479b7f4089a1fd05f8e,1764513673,1764513677,2129,97749,,
0x77cb8bda6ea955d47bdc30901ff3598e7ed1610297e3050b81abf7e836ab9c6f,1764513673,1764513677,2129,97749,,
0xb535787ae931b1fb57ad906c09f044216c80cfcb502602797ab1eb1f98de602e,1764513673,1764513677,2129,97749,,
0x65d584429b8b814cff4df9c3eedf387eadc063530161883d4d392f933ee16451,1764513673,1764513677,2129,97749,,
0x05cdd5d272327e06d9117f4e572ed946c6d68397ca3b9485ebbba28295e26e32,1764513673,1764513677,2129,97749,,
0x3f6aff2e9ae2e60027d87dadd1bea3456afd6ac971aa4004cc9afaaa0a128604,1764513673,1764513677,2129,97749,,
0xd7ca176e0df3eb867a9419df6b5ae9c64ce4cd4319c01421eeccd861ad2cb2d6,1764513673,1764513677,2129,97749,,
0x5973f65f35c0bc911f35981d079b77cbac616d4f18b71a80d8f5c24fa4361899,1764513673,1764513677,2129,97749,,
0x9b1f5970f7b52af9fd12e86422cb43cad0e473ca709bd4eb899dba517d4de13e,1764513673,1764513677,2129,97749,,
0xf4410c2de95c35d3e1253b4cbef95994117e2656e1227f22ec4399d2dc5f36e5,1764513673,1764513677,2129,97749,,
0x5009a804132ba0066ac093b2fc2c3c0788feb6cc4739bfbc929f9745cdbab352,1764513673,1764513677,2129,97749,,
0x5898340960b5c3d2d8f8e55b0b0139e8b449663eeb8451a9d74a7f965ee4e4aa,1764513673,1764513677,2129,97749,,
0xc6958120564f87bee5c72870770cf7de693a2cc2c04d2f44a6f2602238963c22,1764513673,1764513677,2129,97749,,
0x1fdfa2e73ec0c479ceffac82b5f01efdc0045257ae2eb1bf8c03917b58533d0c,1764513673,1764513677,2129,97749,,
0x507d461b7afa7814621a221ebf50fc91544188481e10876b47866b2aca2a222d,1764513674,1764513677,2129,97749,,
0x1c937b6b685cde6e329ea9ba6062a361a43859556ab33eda792c807f36b83a1e,1764513674,1764513677,2129,97749,,
0x91bf272b5600720bd7c52a0be19f4185a6c25230393de89cf7fe2ae9c24baa71,1764513674,1764513677,2129,97749,,
0xbd3a0629862eb08037165bdcc4642c59f92f891c185e56877938d4caf7c66680,1764513674,1764513677,2129,97749,,
0xf9e598a63e82f3223fea22f406007e23c9c6280a8d2923572e061f43dc898bda,1764513674,1764513677,2129,97749,,
0x4a29f0b2ab0b58a5265872b461fa273a95b4c5412ab55e605fc3df4eed9a5da1,1764513674,1764513677,2129,97749,,
0x8aba7fe0ecaafb6910fe2d5912149567d265427610a40975802bd300071a484e,1764513674,1764513677,2129,97749,,
0x6fff66b7dfe299ca0eb98c6439dad7a0c2b88d1098d933150efabe2a5129b786,1764513674,1764513677,2129,97749,,
0xa73083ba5bcf1a7b7d515e2cc12f456a0089a098f0b3853d589f0b35df43bf6c,1764513674,1764513677,2129,97749,,
0x9fe685337936e029f583049b0debf55613ce1e99e160cc21c082a52924909075,1764513674,1764513677,2129,97749,,
0x8ff41c498bca9b6290d9914b7edcd45a5965682977d58df97184d80987753c4d,1764513674,1764513677,2129,97749,,
0x838b2aaea496eeacbf85b8a9df8aef1e4ca621ddd047d707dfb41377805f7748,1764513674,1764513677,2129,97749,,
0xc04b506c996fbd6d4edaf9198373bf211bfe196e412e3f6780a2d6e112d343f5,1764513674,1764513677,2129,97749,,
0x0b262243dc560c37dedf5dd2d796f93cf5943894c83f1a0b3de51851368839c4,1764513674,1764513677,2129,97749,,
0x293e1c6bb97f4440b27905ea3939e884aa5d794952155cd2df10cbfa1e115655,1764513674,1764513677,2129,97749,,
0xd54e87f124a577241d84ab555b7635c18e1883ae2f72347b3ab6c107eecbc7db,1764513674,1764513677,2129,97749,,
0x39eb43ba1b490688b99c7a7be3fc22746209b212072f486a009e0a042862ced3,1764513674,1764513677,2129,97749,,
0x877a5ee16f0a7433b23afa3af55448546633b47ba39f482a7b8b4fe765bad811,1764513674,1764513677,2129,97749,,
0x09173b34a6deced37733664ea8365cd7747f75c5a9ca14f8f999efc1f5c45b55,1764513674,1764513677,2129,97749,,
0xb29aa17b018f514624d59a08c3d0f02a6913099bf64bd9c49b69722f7a189bb3,1764513674,1764513677,2129,97749,,
0xf324188aed3af995ddeba523b6ddca874e19dee2d74a934ade29c29d1bc0ae1b,1764513674,1764513677,2129,97749,,
0xcf2d62cd976cce6ae1ab83cefe294081241efce9a54f30db42295c25c8ac9757,1764513674,1764513677,2129,97749,,
0xb60285e2b9d02f88ce25a450b213f26e07247ee3034724908de4c4fc45648399,1764513674,1764513677,2129,97749,,
0xc418692f0099549af84b3a37040f4f82b2738a66021c9b8d81f7ca10cf5e5397,1764513674,1764513677,2129,97749,,
0x80923a5d82e33f817dee328441756a38d62ba7df430e788d3c0bd424ae044ab7,1764513674,1764513677,2129,97749,,
0xa094a95b9aa880994e2fff3a1821424988d1040e1546db7a42ddcab729a6b2fb,1764513674,1764513677,2129,97749,,
0x1b4029ffb0adfca140334a83cb81c1a41e7c8b0628a57f4ff969c704c793f95e,1764513674,1764513677,2129,97749,,
0xd38d882ab4464a0548aa1b0997738497e0af264642e225fcc5688c70c060e335,1764513674,1764513677,2129,97749,,
0xb7a891d11b639bae49e2c70a67986b2a5085abfc44ddc3d7f3b1558dd9409b74,1764513674,1764513677,2129,97749,,
0x410221b98a8cb33b7c2da6e87c4c814ebe8abc2022dfd3f08f19d204874059ee,1764513674,1764513677,2129,97749,,
0xf796d5326332aeadfcb4730f1052c1e971169d9d78cd5397664b55a3094e766e,1764513674,1764513677,2129,97749,,
0x2a0f17cfa7169d3f1d3c04188725f84590470cdeb70e9b4d34b354f825bbf157,1764513674,1764513677,2129,97749,,
0xc1de785fba45b718a9ab03a5d76e5ea21e8beb13eec1b72d4558dcb1191ae957,1764513674,1764513677,2129,97749,,
0xf5ecafce9a24c43639bc904984da5e0e2ad1f18e1558b61a7ae837f8588caf45,1764513675,1764513679,2130,108165,,
0x21b853f1f372d45a97f8f1b98258e5a8fd1ef40d3c897f5b868ae7af2e5abcf3,1764513675,1764513679,2130,97749,,
0x1d3da2936135cde9910e8b6b968d83f22a700bb933e286b8490938aa17133c07,1764513675,1764513679,2130,97749,,
0xafec4c57d3c4c5053eeb67b013482917a11c35812d06bd92694724fea20c3a1e,1764513675,1764513679,2130,97749,,
0xcea07184efe2097170b293969e87d8d83d2e376569e9ab96e22aa57e771ee01d,1764513675,1764513679,2130,97749,,
0x71295c6c0a39b2aba4a0ed34f5bd7ee3e90886fc20738b60b6d8d5efd4ffe0c9,1764513675,1764513679,2130,97749,,
0x37e898c8d4fec1cd33b3c32fe6508998e30b7936ca09a60a915212b0a189a421,1764513675,1764513679,2130,97749,,
0xe7085f0dc7af716b4bc4702aed5dd307ee3aa83f0efcb2edb3258e933afe28da,1764513675,1764513679,2130,97749,,
0x270c4349887115a50ba87d1c744608012cd7b0911966aec76b986286985f8d26,1764513675,1764513679,2130,97749,,
0x268295371c8920ef625c07032a39f550a0d4e8c860a53596eec80ea17a80ed43,1764513675,1764513679,2130,97749,,
0x3b5a24d709116f715eca76d9afeaeb835dd7f414c6124ac14b25d44dbadcf57f,1764513675,1764513679,2130,97749,,
0x86c52372585c5a8c78cb230a631d6c78a63d197e8a2d9cd42334f2772c7bcc04,1764513675,1764513679,2130,97749,,
0xe94b74fbde6fd2ff7bd36baf51906bad13d7483df13364b1a3877f03344c9a59,1764513675,1764513679,2130,97749,,
0x7f77d94090282b5fed605ba27631e902ff9d9633cf02ebf064a0d8dd3a41ee99,1764513675,1764513679,2130,97749,,
0xf53b060bff9c5c8dc4f217a46514875ebb6b8d195e2083427ec6de82c5473f5d,1764513675,1764513679,2130,97749,,
0x44b48b0b66a1bef617504a2b9e49d86c46e8e3f14000258d318488a558f0e0f3,1764513675,1764513679,2130,97749,,
0x58edb8fea833aad1ac70d247503108e319856a4799a25e977df3845ab7acda6a,1764513675,1764513679,2130,97749,,
0x28fd81744a6e7f2fe6b4a4e284dcb1f1794739461e898e7d874e5e3d72281e6d,1764513675,1764513679,2130,97749,,
0x7eb02cd8b0bd50d29b55891bc82f133378980aacd1ef5d0d2571e920088907cd,1764513675,1764513679,2130,97749,,
0xf3eff4f069814d88b8a7fff9aa86b4dcce0876c2f555a5b99d25f7925cad0934,1764513675,1764513679,2130,97749,,
0x61f4bad83f67b947d1dc655267a975e3f54610b3df209d67fc82e449a4c0b88f,1764513675,1764513679,2130,97749,,
0xfe521cb3641f89e1d810b0d57d08974dadfd0eb8ea6d7adf7481cd907e324b79,1764513675,1764513679,2130,97749,,
0x611bb9febdad711e5383f32aa3ca34647b216317d5181c6fee5febb84db91d84,1764513675,1764513679,2130,97749,,
0x35ff7ab2b5375d46cf82e77d859aad12314cddc8f2848c8e25ab3ca10b18f1cd,1764513675,1764513679,2130,97749,,
0x95353e8e5f758fdc5e325a8552cd80a660c5112140d1c41317b60285b45e9151,1764513675,1764513679,2130,97749,,
0x21aad946ca3fdc4273d94c4792a52f4d3316f8bbb86f3246db8a48f3212d0c6c,1764513675,1764513679,2130,97749,,
0x457ef972abde40b5e854714ea503110f6f0fc1ada112776445845b737dc42470,1764513675,1764513679,2130,97749,,
0x9b43ec7afe6e0c4a8a6794054ed7f63808ee65db3d53c6342bf802ae08f3b1e5,1764513676,1764513679,2130,97749,,
0x5da3417896eee3f359fc5d6decfafbd253311ff78f77e3d76627c05c618f895e,1764513676,1764513679,2130,97749,,
0xeb9960adf2f07e04cf57ff5e7fa3df36ce687ae62094619f757cbafea3334b37,1764513676,1764513679,2130,97749,,
0x9da39918332a96f001c889d490e126343be24b45fb91875eb69ab720d0a62a8a,1764513676,1764513679,2130,97749,,
0xd92b7b2f1f12c44f2826a3e304cea4f460e5d2e7decfa785abe15478c4d0dff4,1764513676,1764513679,2130,97749,,
0x72c22ba2357c19f6f40e27003c4bc6cbbfab118eb6ed843902442cb2853533a0,1764513676,1764513679,2130,97749,,
0xeeb7ecea64329f22be92a435ca571e462106bc6f5f8d53c0a913b8945bc0d691,1764513676,1764513679,2130,97749,,
0xd337fa6c20ebb3b3670cd75043e85e4d93915b0fe82ac972f02956fa9143c93f,1764513676,1764513679,2130,97749,,
0x8ea961243d665b4046d40cce155e7f381f6eb6d17de674c2e5ac2d318c3a0cb9,1764513676,1764513679,2130,97749,,
0xd0904c9add80eda1067ce1003203bab3cb6181717406e215782c3668579e6d92,1764513676,1764513679,2130,97749,,
0x5254f7686c9dd297502975af7cd8c865611d2688fedfc9d72b9be5daa828a404,1764513676,1764513679,2130,97749,,
0x2e420db3621bbeba39742b4b9dc4e552c1db784ba6c0c8cdcdcd19e002871af9,1764513676,1764513679,2130,97749,,
0x5d92d6f6f92259f2bc1bbe0fc16b220313b74c46484b4875740d3d934fc8fe19,1764513676,1764513679,2130,97749,,
0x901f2240ca73e4fb33b6075d15e92ec7d2fcda887cf727fa3a50babd6750e179,1764513676,1764513679,2130,97749,,
0x94aed01bef85feb06e44c114e09d5958ab31b9b365ae9723ec2a7600e5042a7a,1764513676,1764513679,2130,97749,,
0xf63fa1b7df187f67b0c4f64fe09511741e62862b838be7d89be81400f5c285b7,1764513676,1764513679,2130,97749,,
0x20f3b6c6db69384f1bde70ffc13f9f1913c3ae4ad7b79d78f406f0cbd0c41c8f,1764513676,1764513679,2130,97749,,
0x72502afa3ce691724be80fc7d9969acacff7c27b30c1cb4e7f2173b8281db941,1764513676,1764513679,2130,97749,,
0x56c94ee756fc96675dc5d33b5e3bba47c17e409c532ba192912203db49db7f74,1764513676,1764513679,2130,97749,,
0xa7e28e828d66f9ffba3ce426335e11497734ae04b045848ff849d6f08348b562,1764513676,1764513679,2130,97749,,
0xb21ccc1b598bdcc29c12b5b613a475eea21291073571e3cfbfa3c2f4efb0f343,1764513676,1764513679,2130,97749,,
0x721714a7dcad1ac88f74c07cbd4165cf7bebc7ce78935902a82e5db8e803c2ea,1764513676,1764513679,2130,97749,,
0x54d3672a35ef312fc2394e7c6e87a5f0747583d323312378993b526bdd9ffdc9,1764513676,1764513679,2130,97749,,
0xd578afded801d7e2921fc8180b5f60711bd358a80798cb1c6c4fbd8cf85de9ed,1764513676,1764513679,2130,97749,,
0xc77a504eacaad0ac14d36088590713f63f83f7b188de2ef0629868af86378b30,1764513676,1764513679,2130,97749,,
0x600632d7b5b44114ca8ca417b6a129c55ae3f96a3ab0c5a448b7b5c8e601cce6,1764513676,1764513679,2130,97749,,
0x3f2dac57aec13985fcb0dd8553f804e913739b180905174de9e58bc90b15d9c8,1764513676,1764513679,2130,97749,,
0x8a5edc83551a46c0b84f71142e7b8d6fc4407650a7ba6ecf4f1274bcbb171264,1764513676,1764513679,2130,97749,,
0x7828898b9b4f8599095a4566e83b81f420284508590703dcdd28e810131d468c,1764513676,1764513679,2130,97749,,
0xf09824554f144a23038b44e8f74605659086b1270a1cee90b8ebb109f2592d2f,1764513676,1764513679,2130,97749,,
0x674b34283f7555d8def66cc5753ee6d483fce56e44f09b901af65cbbc9da486e,1764513676,1764513679,2130,97749,,
0x04795a9cce71506dc6744dd2b2fd0bd43f8ee83d6ea07f0e6282531af70c05c6,1764513677,1764513679,2130,97749,,
0x522826b96a174000090e43f0d4b8eb76a253ab3554852c073fa0e600c3ef8d1c,1764513677,1764513679,2130,97749,,
0x3164d4dfb4fdd52030af06361cbbcfc938473c9ce291426722101e1bdf724361,1764513677,1764513681,2131,108165,,
0xbfbeba0826a0bed991b782173988573f7783c2bab7e98c620ff9ca426a810cb6,1764513677,1764513681,2131,97749,,
0x21a0a7156dc9d172d224f22155656888d6b122da937e2a7ded6ac0d87d07b1d3,1764513677,1764513681,2131,97749,,
0xe8df08e0b34a1beacd5427450b1def1b8dadc99aa3bdcd2b513a0e8c38230893,1764513677,1764513681,2131,97749,,
0x9b6b9aaeb6e36c8467cb11534082314ec41a27c2691e44b405b61f0078b5d3b7,1764513677,1764513681,2131,97749,,
0xce68c9e890fb5444785f210c6034c33cc0efbade1297f7644b151bea0b761a64,1764513677,1764513681,2131,97749,,
0x492e516495c930bc8c016a3111990d865f4a5254bebb103f08c65148d8093fd5,1764513677,1764513681,2131,97749,,
0x3384d87d419122e522d9638ee3f812cbd00f51a1953427f54523f5adb2a5a102,1764513677,1764513681,2131,97749,,
0xfe85beb49edabe13d18795e629c37ac6b3194d28ffd54873ab2edd69bc45077b,1764513677,1764513681,2131,97749,,
0x955ddff1a9c0728d0e9baaf4dae18791931e88fb57a5c88eb282435a41f8d624,1764513677,1764513681,2131,97749,,
0x96ceb8c9b5f02e501c915fa5a617d5e018fdabed7a7d41d5d2003b438b8873df,1764513677,1764513681,2131,97749,,
0x4bc985e31a9f99f2a4e4fe40897d35107bfbc64fb6fdb606bb85592947f5f805,1764513677,1764513681,2131,97749,,
0xb1daf46473a2abfafeeb143ae92ad07a661e1857fca190965873997eb8d97911,1764513677,1764513681,2131,97749,,
0x9f389998a994afa2e5878efdb7828da61cab34125154b8e083e800d8b7221f06,1764513677,1764513681,2131,97749,,
0x38adfba42b5cfce474563a800ec366302b527ab1d1bb9b5569b6ca6efcaabfbf,1764513677,1764513681,2131,97749,,
0xa79edbc7ccc14d0396d529ddf7d722218f4f64f562cb4ce6fbdc272d1de67ae3,1764513677,1764513681,2131,97749,,
0x43527db81ae9fbdb579aa3065b459d2a448a49b56757e77c9be03788a381c1fb,1764513677,1764513681,2131,97749,,
0x8373d06c466296a95e9da8850a3208f0e5ee1db27feee4caead8d7d705a6de85,1764513677,1764513681,2131,97749,,
0x381f4910d519760fd63583d939f4fceca9e6fcc5c71d9881ecd6b837bba20d1a,1764513677,1764513681,2131,97749,,
0x9f4ea32d4bfaa30d907e09251caf80a631919820c8f127801ea4fdd67a8eaa9b,1764513677,1764513681,2131,97749,,
0xd14125b740680b7247fa71c6989836fef6f965ae5216d149b9d5ace140e0aa9b,1764513677,1764513681,2131,97749,,
0x70afa1620d5f1f345ced6e74f8496ef2491a0e463567c3f942df7e0a1a8e9576,1764513677,1764513681,2131,97749,,
0xa39abc02e26bc19de314ec434dbde97c4004b09ec722c30caf3977202d5e32ea,1764513677,1764513681,2131,97749,,
0x97eb5c253af74d7dd0100c96359d651be86ddbbff60d8ba79d17aac65d9aaa60,1764513677,1764513681,2131,97749,,
0xb12daeb4dbdf91aa3de3e497c3456a3fa3a8173a33319d529aef225ee822ab0c,1764513677,1764513681,2131,97749,,
0x4ff91cdcc1f542a8e095b7b2ac1cbe0f52beba5f970a128e7fa9303b7d0d9ff0,1764513677,1764513681,2131,97749,,
0xa8d806c0ef710f024be4b34ac98b3ce3703c60674ae13cfcebc0acecb05546e8,1764513677,1764513681,2131,97749,,
0xe6e5606a2c2b582c2948063765806513dca2af7e938b0ea2904a709e6fbe1a8b,1764513678,1764513681,2131,97749,,
0xe4a1389c2aab0b29556324f68213289c8dfc48888134d89e08ba6511db7b7a0c,1764513678,1764513681,2131,97749,,
0x920a6a3d41e737ee999a444a970f2c02f80e0f8f76c1b95abdae8b660e1a1871,1764513678,1764513681,2131,97749,,
0x7c5d6364381559454213b7e3290fb6c73d386e8b8c62a2c87b8dfe1dc56f4bc7,1764513678,1764513681,2131,97749,,
0x7a249777034bb87ab78f13ae34a4d4f1c4b1fdf79a9a6baea63ea6872ac166a7,1764513678,1764513681,2131,97749,,
0xde3f09fcd0bcc73e0cbab075145fd9ead084181572051462d57a8ba0ec787a01,1764513678,1764513681,2131,97749,,
0x27c6979b0084bff81e4a68e9869ac0215390474d9e682b87de89efabfe2e3b12,1764513678,1764513681,2131,97749,,
0xdeea782666ef9816c972a36097d8aae15589f97d8720b8594b584112cc3b7823,1764513678,1764513681,2131,97749,,
0xa50780a59057dbffc5675135e7922c19f729a98f35601531edaebdcbfa289199,1764513678,1764513681,2131,97749,,
0xf2b10b48ccbca60f36d895f612d5763d4896e0c2b9c554f5a3b7eb3fb3fd7306,1764513678,1764513681,2131,97749,,
0x4fb7497893efa0d7850fc09fa4f0d0b3612e2f0de9f035289181af8e0d79e58e,1764513678,1764513681,2131,97749,,
0x1c8d2c818eba6978d12d7f1fa5ec6a4bb56928a2e63c18c8255e169567244a07,1764513678,1764513681,2131,97749,,
0xa979f060d658e7d348ad89a6fbd6eccaccb397e0c4cd99f703c4b13cfcdb63cf,1764513678,1764513681,2131,97749,,
0x016e04fd5411ae28dc25231a6bfaa9305373595f7cb590136d27b5bc574a68f2,1764513678,1764513681,2131,97749,,
0xc722076724b9cca2c2cbade899310913f8088d5e857a1aa9b74f5d832ad19765,1764513678,1764513681,2131,97749,,
0xe5862648f5a51be577830db818c26550053e2bb993ebaf04f054411b56187d76,1764513678,1764513681,2131,97749,,
0x00efd369f9006b5e25766ee29678277f07d139454a536350a41719646da66889,1764513678,1764513681,2131,97749,,
0xadcc3cb55cfb587f09b5e33df555777a55c648a87c7fc0eb85961d7cf44f531f,1764513678,1764513681,2131,97749,,
0xa07d11fa9ccc50207e344bfa270847dc46873d1e8a9d04a2c0df4650ebb07eaa,1764513678,1764513681,2131,97749,,
0x6558cb2d9957e597e9313531f684640d04d9c1a0d4abacb6ab8dc02ed2e7f800,1764513678,1764513681,2131,97749,,
0x3b9e89987cabd0eec50a50b24307d198dd935bf5f15e01f87b7471a40cf011fe,1764513678,1764513681,2131,97749,,
0xc28794885f31a7f211ea5c505ae4f99ec8491efc7e890350530f506c0ae17b68,1764513678,1764513681,2131,97749,,
0xa9d9f52e1fc8c97a432281c696fee26009e8d58863fc629338b8c995e9628901,1764513678,1764513681,2131,97749,,
0xb03e83e69bf08bdf39f710772f02f16bcba8254c8727aaadb8a196f358302d75,1764513678,1764513681,2131,97749,,
0x57b237c6bb232e54432ec2acef2d28a3d6f1b145d37c18f667b94df5ba935144,1764513678,1764513681,2131,97749,,
0xa5e68d003c4486f4ee68ce994d53519475692e2d31a0fa631d1d3970cdc59f4f,1764513678,1764513681,2131,97749,,
0xee71e218803ff024497d80829c44ceffea8d2e740a37c5bd3b879a6be180f4ef,1764513678,1764513681,2131,97749,,
0x2085c794def69eeb4b263c7b27bb1bd82a5608cfd34fed1b3a473852a6abc35a,1764513678,1764513681,2131,97749,,
0xed0c6f74268e487744bf30436ad7bf7edf1fed716cca511e0e74d48c9593ad1e,1764513678,1764513681,2131,97749,,
0x9a0a26e1603f9b974f894377d1e91404b3b68de79e779aca087792ebd955a2af,1764513678,1764513681,2131,97749,,
0x133352c2a0fa38df615e11bd5859b67d38b04692c5dcbec74eb26a3810b149fd,1764513679,1764513681,2131,97749,,
0x5c6ddf66a3761564e1c8d8ead4ceb18bf75b40fbd9df502079bb7f4dc9319641,1764513679,1764513683,2132,108165,,
0x7185eae85d6410247a9ec151360cb103ca6f12d1ed5679d386819427d58ba6c9,1764513679,1764513683,2132,97749,,
0xdf2251949f2b94102190e130bbd86a9d8bcbe5a3dac18a9ebe5dd150a9d27db3,1764513679,1764513683,2132,97749,,
0xa8514c625e2cea1ec056dd42da40d7f69ba7a90f0199a9ed2f9699d8d06ecce5,1764513679,1764513683,2132,97749,,
0x3a2eb567c7bb45ecc072cb1bdb43033eacb088aaee30b9a8dd39fc6076910d10,1764513679,1764513683,2132,97749,,
0xf4466945767fa4867ba8302df48b4c0936a5891b77465249d373903a5a561b30,1764513679,1764513683,2132,97749,,
0x71aaf27a6c9fdc3976b228f33cf19876690145ec41c6f521722791296aa320dd,1764513679,1764513683,2132,97749,,
0xffeccb29ffe850ac8b4644b82a70609089ceb8ca2463e924ca087aa067066fb7,1764513679,1764513683,2132,97749,,
0xcf3d7801cba055ca095c55cf58dc28d12fc74623a1e7e3a714fa1c8f8f71f9c6,1764513679,1764513683,2132,97749,,
0xa63c6e6fb57c4d2fbeadcfa7dd3e719bd388fd74c9a957b07f7d0c0f32a06251,1764513679,1764513683,2132,97749,,
0xcea85864efd305d812816fd12368567dc740413c878fefe79c08446889c50042,1764513679,1764513683,2132,97749,,
0x8bfb1c390275206be36e4110989bb4a1abf4db63f5463d57e65273c344e5f119,1764513679,1764513683,2132,97749,,
0x2838b22ea452f69187e9519e6e8553a5e038fec3a2680fbc2fbdd082af5f8fa5,1764513679,1764513683,2132,97749,,
0x559218eb32eed23794bd556003c06c2da76d2b510e159af96d9f20b7ae669aa9,1764513679,1764513683,2132,97749,,
0x47d501b2316745ba8f06717937b76351088e5d58bb2cde89a1e7b36a0d620d92,1764513679,1764513683,2132,97749,,
0xbe20563b26a8c507a7dc1377d5afd52038355a03fdf852067827d01093b8732e,1764513679,1764513683,2132,97749,,
0xf52520f3d417f6cd72b38ed5308297702764f101c052d77897d128167fdb9db9,1764513679,1764513683,2132,97749,,
0x6ae7553bd10b8282010950a58ce685f0039b4e1f5ec02dd91620180a011cf7ab,1764513679,1764513683,2132,97749,,
0x0d97454ce2d34054b051a0376d2afbde6fadb3778a79bc53acfc3ab2bf9bc5c1,1764513679,1764513683,2132,97749,,
0x540c0c69c15675e035862e41efed5a87430dccb1c83109738b77fd90d27c4c7c,1764513679,1764513683,2132,97749,,
0x3b5b679afcafe6dd19588a4f9898d683ae3054346d5f69eaa099a3682344cb25,1764513679,1764513683,2132,97749,,
0x2536027dcc2fcf721cce361f2a58d8a1d497355bc0db904b5b4790de25f2160c,1764513679,1764513683,2132,97749,,
0x68a84d39af19335a9bc5663cbb5ab68849de21876afda445ce7738d2e3cdca2e,1764513679,1764513683,2132,97749,,
0xfe95250f3a009ed06897601db196f6f5c124101225bd653dcbc542f9a1a77bbd,1764513679,1764513683,2132,97749,,
0x6aecd8509bcdd762c659e9655bbbc82f1906dbbe6af337fccc7bf3cc7d9b7c0c,1764513679,1764513683,2132,97749,,
0xf453ac4afecf9a9e3ed8da85b427370a89283d6a7b57f147b4d4b0e517169550,1764513679,1764513683,2132,97749,,
0xd1c9733c861283fae75c6c1e7e8b2520270c13b8f582ae80ff8462b738fd83bc,1764513679,1764513683,2132,97749,,
0x182968d3ecad573fbe0645925823d70b3d2af418916b31f0849fe43df7583452,1764513679,1764513683,2132,97749,,
0xa4b235646bc0bb0111e9ebf64ddb6bdb9b0be8c6021ad5082876bf4ed260d17d,1764513679,1764513683,2132,97749,,
0x0a1cf0ee170aba6680c4014a7e0eaa9afe963c701eaf2255a4654b826b1cd0e7,1764513680,1764513683,2132,97749,,
0xb122af7e7fa7e872859265cb2dea51e6f38e759f913441caa47794c9ab2cb604,1764513680,1764513683,2132,97749,,
0xcc9f94b225233c1ee2c3191c4f182475b3c9985c95a5a7686559d2160a39db5b,1764513680,1764513683,2132,97749,,
0xa93dc393e3ea8756fdf2f4614129e10419127b444ce321073d0229f1930e997c,1764513680,1764513683,2132,97749,,
0x26b4047773b8a63a1336829c04013a1df82bc2b38cd4901ce1d6e7ec4fee7aa4,1764513680,1764513683,2132,97749,,
0x120ea8619bd665e9ae4d1e8e8aa4923029aa3bcb3ec8d44b7f91199aca07e053,1764513680,1764513683,2132,97749,,
0x156b2f03a0ce469bd0166da7802c840402dbaf3973b3ff884768c149da16c432,1764513680,1764513683,2132,97749,,
0xae02f413c150f989374b725cdec503e062fe1cf876138a73ebc83c6f887b497b,1764513680,1764513683,2132,97749,,
0xb9fed5d8ae12aa7dd7e5f4a0e7b935005401ff81faed0d92f4fa9c0a5fb142ae,1764513680,1764513683,2132,97749,,
0x55fda3ee88960d53d0e885925688f9470d7297c061495e2b574a122c8695433b,1764513680,1764513683,2132,97749,,
0x4a079ef475c1377a2ee4b397832253d27258f04966190e3f802b82554f4e9b5c,1764513680,1764513683,2132,97749,,
0x0171a46c1757ac3494bceddd72347b58f07db9e33563dca0d997817635edbaf1,1764513680,1764513683,2132,97749,,
0xeb8b6cce7147cb19057ef474f912ca7fb9b43efa324eafbb50894bd842d05a18,1764513680,1764513683,2132,97749,,
0xfde5491c74b84c4a4e68cf45db68a306f7dc893b573f26224b448c5e2c60f319,1764513680,1764513683,2132,97749,,
0xa06fd7d4277c5f467634ea92bdb105f7de7f3eae2cb3f654bd066d00af119901,1764513680,1764513683,2132,97749,,
0x2bf71c3fd45dbd8290f3e187edcee0ddeb88a47cac023c173c6f3e9e0719b285,1764513680,1764513683,2132,97749,,
0x1306a8c882f83b57ad4212637780a5f28245268d683ed491786ac28f638c7673,1764513680,1764513683,2132,97749,,
0x651ce8732fa8a7c6c82ed63f10f2bcf7d1410fb87975aa82291da0b22e5f0807,1764513680,1764513683,2132,97749,,
0x71f885346e21c7909c5d327a9f2c97db6439299b31b6378005463ebde6c4b4b8,1764513680,1764513683,2132,97749,,
0x91b6151713d74b7c3bec8c03e0fd96d54869996ab45680a8b1c5a9e764a9adc5,1764513680,1764513683,2132,97749,,
0x2613daa305855ccffb8f2c1414c120b56cfd8bba3013c402abb0950346c9c386,1764513680,1764513683,2132,97749,,
0x6a80bd281dbb0f64309bbdd85a81fb03fd02117023ce9700aa6eb32ce5ae94b9,1764513680,1764513683,2132,97749,,
0xde9f213c1242e819195769913e71367ce7c0cbf612731e829e805be47fc4b61d,1764513680,1764513683,2132,97749,,
0x3808a288ec7f5d73e81cd990b3e6868dd330643bf7bf61714d26a8f2e000352d,1764513680,1764513683,2132,97749,,
0x15f51d09932bc648961c40af745866d536332ba2fe98e6e1f722808635575e94,1764513680,1764513683,2132,97749,,
0xe56dd9a9110fb039a6748b44340568a84886e7148adfd67e7dbb446f847a9b78,1764513680,1764513683,2132,97749,,
0xa8195cde6fdbb88d2cc4e9bbb482e45dc797aa70423bbad78e6210268afa5244,1764513680,1764513683,2132,97749,,
0xd6fb2179bc853eee7591b5453109969a4e3813cb56ab49d34f87e978c08437d0,1764513680,1764513683,2132,97749,,
0x8179daaf5fab2442aeb1ef663396010a33f6ed1e90a6b5f796a943ccfdd7d920,1764513680,1764513683,2132,97749,,
0xf361d9ff1abfcda4895ab9fc0fba62610d28b29bcf0d14748d16e8d9a1cdb4c7,1764513681,1764513683,2132,97749,,
0xf4acd479d56592782b9c84ad39eeca1b72dc62b0306fbbebeac0df7d9c887e96,1764513681,1764513685,2133,108165,,
0x6f7d294a8d0fca2cede4674a3df0c1ceb0599b30422a9db6e95287706071e49f,1764513681,1764513685,2133,97749,,
0x073e2776e04e1306e8396da3e1684c2ab04cf45b9c3131cd06a483e8796d0382,1764513681,1764513685,2133,97749,,
0xf4cceffacf4cc7cc34ebb96a31ae40ac5d340bddf59d872541b99332311a5f0b,1764513681,1764513685,2133,97749,,
0xf6c7c4167ffe45f02d32b585f5af2a2145e31eae407a08e9471199030c98102d,1764513681,1764513685,2133,97749,,
0x85c26b977722695a8ccb5bf68d853bc3d7dbe27c7523abb310afe86323490019,1764513681,1764513685,2133,97749,,
0x662157622c83d5e39cdabc24ad71ce61c93d8d63bd525b48cbd4da671ebd8319,1764513681,1764513685,2133,97749,,
0xf502f31f408625c830c9e63e914e944f80124a3173edcef4faf85a827aa173d7,1764513681,1764513685,2133,97749,,
0xc9670638e967538294807f55f8fdda2aa2399f90cc30edb11be4b8cf2fc0114d,1764513681,1764513685,2133,97749,,
0x47f855a57fd2b5cd34ca1cc926b14b4bb0ce7ac69cc92371e3e00ce4b1d3ca72,1764513681,1764513685,2133,97749,,
0xcb34d320a803538a6f9ddeb29d142ad0943cc9a353f57cd8abe4cec88de28db9,1764513681,1764513685,2133,97749,,
0xb58cb40b402dc814d13384e374872946fde9a65dada13de63e34c472e25bb6e5,1764513681,1764513685,2133,97749,,
0x666e85bef7d0bdd4d229aa27d19b37ef7dc36bb329f9e6daad1566b9e72e2906,1764513681,1764513685,2133,97749,,
0x23ea434cc0909a2f070cf93df7bb766cbfdb3da664ad52251f5966b08ffb4706,1764513681,1764513685,2133,97749,,
0xd8dfc641f25ec6699c721c15ff0132f0ac99ba27e602c3d08a80d939dd01082d,1764513681,1764513685,2133,97749,,
0x7d7c4b0070a2618cd76ccda57db75533dcbac4ed59c7118a8ea0f64bba60ffc0,1764513681,1764513685,2133,97749,,
0x3fde9a2500751529af2a6503b4f035fb52b94e461a33fd9acd0231613facee60,1764513681,1764513685,2133,97749,,
0xdb4e75661e261ab87f3c398dc1b0a39bffe8f420b3dd6fdace55f13696081998,1764513681,1764513685,2133,97749,,
0x1bab669dbcce278a2e41c546f6d5cb7f58a64e9abc188082c68720a5054072ec,1764513681,1764513685,2133,97749,,
0x90a8cce63540b5f96b3fb901a718772e307783c848cc64ec52f2c33f6ff2ec45,1764513681,1764513685,2133,97749,,
0xa9c11c2ec4a503bff9151f8b0ad3bcdc702be68064413d30d3e97fcb30cea42d,1764513681,1764513685,2133,97749,,
0x321f409536d9904fd1ed2d63ae828b5b398f173ceda91b920cc27a6ce6f1bd7d,1764513681,1764513685,2133,97749,,
0xda8e222098e2ad9d490463e81fd6dc2b289a8ebaf0f0d7f5e0cdec91c31eea38,1764513681,1764513685,2133,97749,,
0x7979777b19703e6c4df1886f263dc33494bbf7f1d90b2b71930f33dac9527c65,1764513681,1764513685,2133,97749,,
0x4fdb337c35cdf78e6dd96e0e4450503973a15ab38fce0ffe97b9e27d588c5a58,1764513681,1764513685,2133,97749,,
0x7dbc4da729e6f889222e282a71149e8127a88666df7911e1947a9a098d688415,1764513681,1764513685,2133,97749,,
0xd6a6fabc26ca5a8df172fda090373e7427c617c956b9d25b44cd946956194931,1764513681,1764513685,2133,97749,,
0xb16827614dbe2639d9f39c4955ba59d6d846fdc56bcaca541b96d3e5683b2f80,1764513681,1764513685,2133,97749,,
0x89bf33d14c461f8812bb524fd4f3df82b0083f89e8156f020ca384eada3f9f99,1764513681,1764513685,2133,97749,,
0xa7c3889490783f1591559ac3eb4154255e3f53884bf1262a25f1c110b5ae7e5b,1764513681,1764513685,2133,97749,,
0x5592e1d448a1730779aa8a9bc818b356664b79ceadeec846ea09788dead37c7c,1764513682,1764513685,2133,97749,,
0x39935696c125ad5252f975da58624a3e3ca6143c02774ecf1fdd999ee5f9348a,1764513682,1764513685,2133,97749,,
0xcfc5e6828da332f869319f0c5c22b81e9f2b66e97674f60920f0a663489ee56e,1764513682,1764513685,2133,97749,,
0xa716b87c0647942a2c4054b9483da153f2b3e6a50a6593fd833547792ee671da,1764513682,1764513685,2133,97749,,
0x24132ccbb6a05119c2cbf9d32fae48829c5a87bc89a4631669d8026ed64730e5,1764513682,1764513685,2133,97749,,
0xd03c70278342efbeedd9cbb4d54bff7ec3561cd53dd89f7f5169fa639f507ad1,1764513682,1764513685,2133,97749,,
0x6ecab89a74ff001daa3780704a4cd3f6f49f030afc38484db47ae8374d99a09c,1764513682,1764513685,2133,97749,,
0xc6372c4334fd18fa34dc928ac0d40504373e2b36f2c8c4ac05a1f593307a6965,1764513682,1764513685,2133,97749,,
0x0027ba547960a918d995ddea39b27f75045ec906e886faecb457cde1976565f6,1764513682,1764513685,2133,97749,,
0x7551fb604ecf8beb2f6c69499cdf8b9cb9aaee7648ae73d1a8246b63b6c01952,1764513682,1764513685,2133,97749,,
0xbb9819be1a1b418136feb6edcf0dac2faf9741ccf4cd2d1659ba9b8002e5adac,1764513682,1764513685,2133,97749,,
0x704aea937e4bfe856e7c77674be0add9ade1f6565cfaf3984819716760d93558,1764513682,1764513685,2133,97749,,
0x07ec9b1b984194fd430d0859d7d2b9792e715c422ad2ca972a44602c4cb62459,1764513682,1764513685,2133,97749,,
0x05da2c3ef87fc434715601bcc4a57a0e7fcdff3d519d432a218feea30b5e3ddd,1764513682,1764513685,2133,97749,,
0xe5daea9dc0a39050784f814eb9748282488bf3ad8ca663c12d3975ce2322f495,1764513682,1764513685,2133,97749,,
0x08deb859f57cba00655121f545073d86cfddd12108935c17ed437e1f883e7683,1764513682,1764513685,2133,97749,,
0x4f862eb8b86ea3a8c97f6806ec099e8be3d59d7f35b760822da3cad81b8ca986,1764513682,1764513685,2133,97749,,
0xc5c47d9b54d7c7ee2af92693240acaa1b7b713da663ba6b92459d3c3486d8fe6,1764513682,1764513685,2133,97749,,
0x331b893275f9976a165853feef1712ac8f4ed821064f3ab5a2b35fd3c1863805,1764513682,1764513685,2133,97749,,
0x04ae31a3d63149b997f5fd67ad3b585751ebf3adf2a955fa7bd4d9f667bf3cc2,1764513682,1764513685,2133,97749,,
0x8de2bcc33a16874c3b3dd4e01db663b4532ac18e79575a70907f4d56261cd46f,1764513682,1764513685,2133,97749,,
0xef63185916667a1a62a3ffaf425b756cf726d2d682f2862b23e065879d7cca27,1764513682,1764513685,2133,97749,,
0x15f38b6ce997d12cee46b5489bafb06571fe06f63f569206a1d3cc0da41d475e,1764513682,1764513685,2133,97749,,
0xb1d3b6ec2a1d1b298a253156f1c01f8700b7c39361a6eecea5ee10bcdfa03ce9,1764513682,1764513685,2133,97749,,
0x87737d2296736a658661d62c010b6c9eee35aa5262abc338620292bcc03b2d2b,1764513682,1764513685,2133,97749,,
0xb4b873fe77edb2b0b31bc8bfba372d6f96af87387a2a3e9bfaf537d90822f5eb,1764513682,1764513685,2133,97749,,
0xbf034f7c5b3c59662d147799c95187a865179fc25144d45b84d4ea604dd3baa7,1764513682,1764513685,2133,97749,,
0x2311b342a4e37a8c9492ceaef56f123bb8ed8d8429ad509f55f132e32030923a,1764513682,1764513685,2133,97749,,
0xb0eb7da761d20ba1119a8285a7bcc37af770cd1192b6a60de007b0b0a78962dc,1764513683,1764513687,2134,108165,,
0xb0691506d36c1a344f30dc49ad15e5c857d57fb58c2a90ac41b4e9f956d509aa,1764513683,1764513687,2134,97749,,
0xf3164f281586d6cbd4058592c8f52298acccc65b8a807578d5b532ab84afc374,1764513683,1764513687,2134,97749,,
0x6706f62d79ae8b63cb31bfcaf3140b33068b49b9fac9f92999d065091c5bbf5c,1764513683,1764513687,2134,97749,,
0xd3bec1c65532723a59d2222e7589bcb1d1b03e92ec3f630d78a91cf0d78bf180,1764513683,1764513687,2134,97749,,
0xc35afa65bf2e9bd2beb655a7086f25e0d857b276d327dd7ac7c2a81d2bb8227c,1764513683,1764513687,2134,97749,,
0x68fa8094c12d4c129426e04391a8e6b82f0d3d371da1ab56b09a0c234ec01c78,1764513683,1764513687,2134,97749,,
0x9cb1bd4d6ab98ae696c5c187ee40550747f0cbf58feb170a89cdf030250e549b,1764513683,1764513687,2134,97749,,
0x0abd5f341a3916b42670d67813565ebb934da68b17dc3e75db0a8052ed918d79,1764513683,1764513687,2134,97749,,
0xcb81086780e8ca6ba2fddfbc915ec32d1aa4d6b6c402f2512d5bd6141f04d4b1,1764513683,1764513687,2134,97749,,
0xf23e78ffd6fe2b6d84584d71fc3cf64bb17c39b6b00e36d783d2dd1d96d1d6cb,1764513683,1764513687,2134,97749,,
0x49b3dbd4a119491bdf756ccbf1ad6158fbc330c58d76e7d04473fa1e33b05822,1764513683,1764513687,2134,97749,,
0x55386c3e38706325caeda352b4f10e26919173be04e5d9fb042280991991dd02,1764513683,1764513687,2134,97749,,
0xfb573b64703d245918a7fc72d2d10030669a513e0c8e176acbbd7070b3b9d96d,1764513683,1764513687,2134,97749,,
0x4a7eda1451d2a4ca017a70176cf41cbccf03f386024c19d9f6c8d3dd6c130960,1764513683,1764513687,2134,97749,,
0x3a19f011500dd78e7bc3cabe4596bca0722cc9e110da244d76b8fc9b620db27d,1764513683,1764513687,2134,97749,,
0x53db8a8136296b62de0e501cb06d20ec4ceede40f41ee094c412501a851afe00,1764513683,1764513687,2134,97749,,
0x6d6a57e04903973362f87db8124ff5dc37c95865d7ff8bef56d78726844bbbda,1764513683,1764513687,2134,97749,,
0x12c48ac64e84694433e75c4f99adf2674cfbc38435a3f3486e4850bc5ec28545,1764513683,1764513687,2134,97749,,
0xdda4266704f3ed552a56568a0ad9f07fada990fc1a3c80c7481bff87dbb0b874,1764513683,1764513687,2134,97749,,
0x88a3aee595fa2459fc3092c636e4dcecf1d6f8db75a04b84d4eb94ced06ca25b,1764513683,1764513687,2134,97749,,
0xbbbddd86b22a2ff16b05d2ebea7fe440d1531f12e6b39796a024f223ae4350f7,1764513683,1764513687,2134,97749,,
0x1d4756ef4be2a4d2794e4ba434bb9fcdc0e1a6d7a52835b9843635c340af4362,1764513683,1764513687,2134,97749,,
0x7862b70f589538814cc8860ebd00c3a9d9c1de8cdc9cc7c57ded9b0a72b089c5,1764513683,1764513687,2134,97749,,
0x9b84f2623d4af41da797770a77d7a73924ca18ed5ea10905d6aed1d4cc3130c2,1764513683,1764513687,2134,97749,,
0x3f1412f1c653d95db06f8b5e1c232f24b2c5b2f049a56a00d134140dd9d064d3,1764513683,1764513687,2134,97749,,
0x5e50d3d63e20fb2cbbec2fbf0d09b52b069c6a01796f4d17c5e422753fb2d9a4,1764513683,1764513687,2134,97749,,
0x23fdaa229709b17969197d8c5074774d763074bd7ce03630f56cb610a4f63c05,1764513683,1764513687,2134,97749,,
0x80c5bbba3bc3d9bbcf6e8d2987c6922bfb48b7454458697bd2717e695970ec91,1764513683,1764513687,2134,97749,,
0xc04e2cfa09d59a730aa4b64851d14d16572e6a1c9092691ec59859d5716fe5cb,1764513683,1764513687,2134,97749,,
0x0ae97f3c755501afd53c38014d8c9b9745d8b5d85f26872a9df0888b4e8a766e,1764513683,1764513687,2134,97749,,
0x208b052837f148b60eac609ac30cdd3b2f2720785c2d75e267a2334cd13b682a,1764513683,1764513687,2134,97749,,
0x65286b1465b9e5033fd3ac27952001442b7a352a16cd653bf2605b07ac6198e9,1764513684,1764513687,2134,97749,,
0xe8affeb965888c85a48d85733170c71d26f34b08d939ddad681a7ed621eb6b02,1764513684,1764513687,2134,97749,,
0xf97233a837b051705b45ab5880d0672c5bff34e330d9e14a74536879a98db930,1764513684,1764513687,2134,97749,,
0x1061744efc943651e10a0569d24b6e4943e950c3d8c255efcb44926538fc5c63,1764513684,1764513687,2134,97749,,
0x18ca6207a95eeb73067a575598ef6e4c3801536410cc626bee65a3ee84544bf3,1764513684,1764513687,2134,97749,,
0xc6a0b3898a314961f88f410db5fc4dd23b6d8fec579971b511a978fb91b0fa64,1764513684,1764513687,2134,97749,,
0xa8b3fab82402d766699d076aa6ca9d049f76906aadfc8da75876c696f563eb62,1764513684,1764513687,2134,97749,,
0xdf6fda0d8ec146699c305a548a5bed512c55b58e34e2ed8e876f2a94c7a136f2,1764513684,1764513687,2134,97749,,
0x6b257e08af63f8630e69eaac9723c577f20a9a605ee1901d10470cae9974b8c5,1764513684,1764513687,2134,97749,,
0x6ee204c53d16f83f723206de3f97f0dd8ddb1c66f99ad8dd1ae6567900b7f06f,1764513684,1764513687,2134,97749,,
0x4bac41a548f5a4a01103e8f34d5b33f613b6f3a55ea136b09d09b2db81c9c38f,1764513684,1764513687,2134,97749,,
0x3ea9fb76a509e266b0e1d88124bfd6fc2ea44dd13b84f767341134797b03c8ef,1764513684,1764513687,2134,97749,,
0x388ff7b75fda72f5e6a4d51d4d00bc66e4b26cd1d06f5b43ef03080648f4cf13,1764513684,1764513687,2134,97749,,
0x4d40d1fd6208d22f2a2d73dc7d3d8b13e3c5b56217bd45dabe70a464a92e1082,1764513684,1764513687,2134,97749,,
0x81a2d761f414d4ff66291fbd4c17c900269b9a7146c70a36e68b3f80ece55210,1764513684,1764513687,2134,97749,,
0x0ab9afc81dfcf7bd4bb885c736186fca3bac33f70bd485b49be0fcc7a6a5126a,1764513684,1764513687,2134,97749,,
0xf2c3cd14ce7224e9990b333040b01678ed4293332754d4285eaf7d322db60f1d,1764513684,1764513687,2134,97749,,
0xda8fd2055cd38ea1fcc8d58db55e8604b4446db2de8820efe917b01f3adb7173,1764513684,1764513687,2134,97749,,
0x2818efa8f198724b993975df00a4fb6854da99b49c20c64fb30be2e52dea814d,1764513684,1764513687,2134,97749,,
0x5777c047d40f9865f28757c8506efbd9cbe35ab3d076f506bc512978050c5990,1764513684,1764513687,2134,97749,,
0x3dc7c9f022fff33234dde7dbeabaec1a4137d0469dba35c8d18b398ccb568242,1764513684,1764513687,2134,97749,,
0x7884428ab8a9709161620e89b61e8e66d8f84cbd58ad7077df7adb402fd7caaf,1764513684,1764513687,2134,97749,,
0x644c9e8ccdc2ba306e108702350dcbe431ba8ec51dbb2355b69f1ad88d593c66,1764513684,1764513687,2134,97749,,
0x6f769c5135ea9b5bfdfa20b426a93eab4192382f7d71ed78cd16668da3397a06,1764513684,1764513687,2134,97749,,
0x218ad2394cf1f20a1b12452bf01319886ea3e0b89ecb72ff10694e0e5a539532,1764513684,1764513687,2134,97749,,
0x3a94aaa32711f2c6f23a1a0dbbaa10d298460187c62d65aed8fb7297a6e5f3af,1764513684,1764513687,2134,97749,,
0xd1aa80eb08c1ab27fec3c45b9efe0c3d0c8c6c8086db1c2f8fb98e691ebd37d3,1764513685,1764513687,2134,97749,,
0xc8c2b288762689d7caa9ae82f93c138b06fd132bd64718a583379b72d91c3007,1764513685,1764513687,2134,97749,,
0x12ff20fdaf64b1a49f01cdc5416a9f272c042198a20449855260d09077a010c0,1764513685,1764513689,2135,108165,,
0x4a3bae289c278ac98930d18830252277a5e75658b6713e51d9880582ff9031d0,1764513685,1764513689,2135,97749,,
0x3f8342b9c23ea383ba15416d18b4785bbe8e4e74f672e2776bd4111b86d5b370,1764513685,1764513689,2135,97749,,
0x5b74e88c23b915472c5cd5d60e3c318b1723cdf6b6873abad35eccbe431ea88b,1764513685,1764513689,2135,97749,,
0xef44ddec169142296db853615ec497f8b2480fd9aa1c69f2e1d087dd3e0b38b9,1764513685,1764513689,2135,97749,,
0x4c78856d2926b2e72cfce15cf1b77143497139cd3feabe1c7192c405ac0cc0fa,1764513685,1764513689,2135,97749,,
0xbe6c966ec6bb3594cf498ed3d08e7fcedc6f7f7831b1bae0b24862e2ed9ed702,1764513685,1764513689,2135,97749,,
0xb58e1acc8d14f0b41b70f992ae3469336ccf0d80ddd310c93945b4967db1fc93,1764513685,1764513689,2135,97749,,
0xacd669a9d2a8f5cdbc81943053ce3a7780b2708deb7222a18da8c1def3a8f372,1764513685,1764513689,2135,97749,,
0xae3a090c3ce00b5670d92c4588d84600ec8516e6daf780106c322e9cdfa13189,1764513685,1764513689,2135,97749,,
0x08454a15061e3fc585d90308121fb65aee3e74f2a134559c6b2083f8cc9f7848,1764513685,1764513689,2135,97749,,
0x9b9cbfcbee2e0a403e3f587e10423d34ab586bdfc72e043148a1bc27062e366a,1764513685,1764513689,2135,97749,,
0xe9e05332e2d86a7975edfcdfc6e773573e851be7813ec1c91e554fd9bc948700,1764513685,1764513689,2135,97749,,
0xf28312afb13921b64ca051fbdae22f1dc6d90bc6cac155c06c9e0b1db1cada42,1764513685,1764513689,2135,97749,,
0x50a3e6cb084f26975ab7a5fd9202afb31c6314ecc1b7498147ac1868539cbc85,1764513685,1764513689,2135,97749,,
0x0d7b8be903d1ffd116b7a68ce1bf78913ce885c8d3e51b9c2cd69f531f340d50,1764513685,1764513689,2135,97749,,
0x3351a71be49cde144424621be72af5b4b8286813cc9e01a7d3a4a2d6b9c5da8f,1764513685,1764513689,2135,97749,,
0xf6df45cfaf61dc32e84afa4e411b35a8ca3c82a32817adeb6d5c06b74c6548d5,1764513685,1764513689,2135,97749,,
0xd5e04ad9aa1a5d5651b44a02bbf2a29ee4da792c8a12d8ea7dffdf994ee5069c,1764513685,1764513689,2135,97749,,
0x61462daf1c6ab4d8b7d2a792f9a6e5e2cc82aa6c821da353a78dcff2a99e0b9a,1764513685,1764513689,2135,97749,,
0x43efb145e0457cbc1a899a77be10408cd4fe4f5f8d7642803cf4425e63440a7e,1764513685,1764513689,2135,97749,,
0xb4a63144840ad5131220468686aec255ae28ddca3edbbea0285d2ad722a4ddc0,1764513685,1764513689,2135,97749,,
0x3196c9f4cb25277e0cfc3846af4128a39efea5a992cce4d7146a48f9a07beebf,1764513685,1764513689,2135,97749,,
0x5c3498b51465af68a0b162fca765ccacda797e1792e6af6189fb661c8145e781,1764513685,1764513689,2135,97749,,
0xb6a721ebbf85682f7ba16b7b513029e36974d2ed3a307df1ebb806577225fc4f,1764513685,1764513689,2135,97749,,
0xaf2d7e6f932c88a71764f95e73ec04f31630d2b303b2b3c30526c6ab56605fb9,1764513685,1764513689,2135,97749,,
0xd850a9a7e634ffa4e28322817e4b3d0583fcf030959c31b629f233d9759f22f3,1764513685,1764513689,2135,97749,,
0xf13c46a703e035af4d0a857b9648567252bc01a6bd414f909d16e9c11c945d59,1764513685,1764513689,2135,97749,,
0x3e07a41fe3499cd092e6bbb586a405a39afe3f4e159f5f4b1077db8d495710bf,1764513685,1764513689,2135,97749,,
0xba35e8aa03ff59dc688decbd5a423859904f3ae9ee2b05f6eb31098e7f14cdc3,1764513685,1764513689,2135,97749,,
0xc5d5c75c5c52c75aab881d5b0158832630d1139a2a23b1e51a6ce3878dd154dd,1764513685,1764513689,2135,97749,,
0x65e8312d4fdf6f9d21f3d751718d947bf1e678ddd2bfd5683275286e0adcbab4,1764513685,1764513689,2135,97749,,
0x59cd4bf26ab5af4532c26c6ea9a78858e325a37e26d6243b1c6cdb32f280dd2c,1764513686,1764513689,2135,97749,,
0xbb628f48f60fcde51f61ce9a45a3d6aad9ff71d0eea0332deeb0c2b15557adce,1764513686,1764513689,2135,97749,,
0x5a714479cc25ba02cfbc9b7f2c2373505e079526dbe66db6b74c5cf176a10eae,1764513686,1764513689,2135,97749,,
0x42d8d775e6c1a20e74c8c9fb979d6cf3ce0536917b4296b1e2a5943b68b1e751,1764513686,1764513689,2135,97749,,
0xb7c90a0784fb75126f305e0b22022576b1d1a8f4fe11638c74a8973b63a23b4f,1764513686,1764513689,2135,97749,,
0xf9099fe5d88ae71feabaf1c4f3fe28d745ce4809a2fca19d0070bd454ab0f2b5,1764513686,1764513689,2135,97749,,
0x246f6b883935a3c2315791a989fed010cc54d75d841fb2e15c6a3200552a9963,1764513686,1764513689,2135,97749,,
0xf343787c273e19639ef85c1cff526107fd28607411b3f59e24dae2108b1e0747,1764513686,1764513689,2135,97749,,
0x79a7037a8693dd3482a22037bfab87dddc330c224b2c882880265b42332798ff,1764513686,1764513689,2135,97749,,
0x2918f10cdc64d706800fc7f0dda3f785a38370c2ef32593b40f2cd3e1c60be21,1764513686,1764513689,2135,97749,,
0x004e9cf975a38ca9338c11c49c922a60e2fd9795246af1588f1f240d5dfc10f8,1764513686,1764513689,2135,97749,,
0x7ae147d722ec034627c7f2fc43e5d8a3160e04e1e1a3888c461b809a2681a8bc,1764513686,1764513689,2135,97749,,
0x9de55b29c0d3379c79f0eb529c5507da8a0235e689af4fe90e8cd06088868bd8,1764513686,1764513689,2135,97749,,
0x595dece65892d15a1cf071f84b753d8466ecc8f9d357c028fb8d5f112e60d26d,1764513686,1764513689,2135,97749,,
0x1cf950ce900ece91dc62e67d146b8ddaa9b73e8cc42de857f999d358839db69f,1764513686,1764513689,2135,97749,,
0xfbb84fb909e599f4b758bfa58ed4d437f8d23e867b1ab9a269f060b211703824,1764513686,1764513689,2135,97749,,
0x21708f55791577c8d303a7086c436c277c340e86c9c5ee17e279632cb5df502f,1764513686,1764513689,2135,97749,,
0x416ff547f12cc3d725993960ccd59d301f4b9560e33f56838dd1bb3ba2691368,1764513686,1764513689,2135,97749,,
0xbfd1e8516cbaf9ef0e62a63a8544d6e05e77f92801a73106182448c3062a21c2,1764513686,1764513689,2135,97749,,
0xb14ec90ef4006b036c39844ad6d48fec271da018862657a4e9d8adee8c41ccfb,1764513686,1764513689,2135,97749,,
0xc980967e035fd89f1dc24d203fc076dc60b3734cc2a462833ea3bc4634a07d75,1764513686,1764513689,2135,97749,,
0xbc977715a66a87112e03de547a72152d0ecaeb77a23367ffcc563f5bcc0bb483,1764513686,1764513689,2135,97749,,
0xf12c79991adf2e8aaeecc8c80781a37da8b549ed6c6bdf1ad1645067560db8d0,1764513686,1764513689,2135,97749,,
0x772419e28024dce1d8460dc74ca7fc57ac979a33ff1658df0c9002371e869414,1764513686,1764513689,2135,97749,,
0x2fcea04f9c20cd30c87c8ead3d3258a472b4d6dad322b0b7cdb4d44520dca913,1764513686,1764513689,2135,97749,,
0xfdcfa15b0adbcd731897dd4b49880977adf88a9b387877e117b6e9593ed2f5de,1764513687,1764513689,2135,97749,,
0xc1c703f3828fa37719a83ee81a719bbef4ead9b75c2e80d22210adbbbe9bd432,1764513687,1764513691,2136,108165,,
0xb9ef5eb927b881d31d7afdc6ceb3685f9bd4348cabd3cba8a3fa2f2c6bb88719,1764513687,1764513691,2136,97749,,
0x37c990b347d12be21207091751cfe3ea9422e65062e25716bb2e0d3fa583db27,1764513687,1764513691,2136,97749,,
0x6c5807e166ade8df0e28f5942cc33063265d4919f9b3a7b77fd23e2f63d10167,1764513687,1764513691,2136,97749,,
0xcf2d5286208fb939a832bce37bb721133038bf5c10eb3ef910aa0dc3573cb7d7,1764513687,1764513691,2136,97749,,
0x325b629b7381b6ddc1c5c5da799f00b0c365d9be91d04996c1ccf2fa875fb29a,1764513687,1764513691,2136,97749,,
0x1b4b53bf820b89d1d174182780bbac5903baefff6d06c3e95f9851b4f16c0cf8,1764513687,1764513691,2136,97749,,
0xe35230c002b14cacc1988d12643e6f99d1e928ae916837543f2f0cdf32f0ad99,1764513687,1764513691,2136,97749,,
0x09f018ea2cd29b639681b83ff08a5f39f78a3202e9e222a3f90d79c889fd21de,1764513687,1764513691,2136,97749,,
0xe759e350c612fc66058f813376ec5390d7efce438ff4edde16a8eb248f5df91d,1764513687,1764513691,2136,97749,,
0x8928838f1c43ebec6b6eab1c430b1817c24fadc3b3161b74a8bcf83bffaadfbe,1764513687,1764513691,2136,97749,,
0xdfea50d3359571146f12bc4edc7176a538a91d55b6a1dfd8ca8c4acdde1ba7d3,1764513687,1764513691,2136,97749,,
0x58bacbab37a45dfed7222da609955727778650cff71812f5db58c359587a5f02,1764513687,1764513691,2136,97749,,
0xfb6e507a6333bbb55d53e25e1a314c9527ae5f311fb5c5f411d746735c71e6fc,1764513687,1764513691,2136,97749,,
0x70fa97c855f553e1cd22b225bf594c3448e1f68c6ce170529c68743af78e5772,1764513687,1764513691,2136,97749,,
0x8085189ae871fef6090ba591fea5becc42c377663c6cfa466dbe09e086bb4d19,1764513687,1764513691,2136,97749,,
0x62389c397bc091d73d96769dd40c0add12cf7759e9b53265a075022d1193f575,1764513687,1764513691,2136,97749,,
0x6e2aab2771eece21f7a71ac9eadaa06743a8d4550570a5cd2e53ec5c049226bd,1764513687,1764513691,2136,97749,,
0x14635204237fb19fbe338ed86735e27b9d93904f7fa9f8479955a8ce50650f24,1764513687,1764513691,2136,97749,,
0x46765c78544a0bf0a82226f6b6d80cd35e4eacd5d81ae6eb505e3f25b9043a82,1764513687,1764513691,2136,97749,,
0x08fdcbe7c91dbfff491838ef3c89ab1e0ec007fb0bdfb4d9a4494949b6f3821e,1764513687,1764513691,2136,97749,,
0xfda5708013b250b1ff5e2e79c68abdec5761a9583acae090485a83b447c1d6e7,1764513687,1764513691,2136,97749,,
0x502139acc52cbd35e58ed6990f3d863a6b783ded3b389132ffd6cf9a57c9c64b,1764513687,1764513691,2136,97749,,
0x5981088311fc1b06d24fbe4564c47d25e46b0c73b03976c427bde042f7ca8e9f,1764513687,1764513691,2136,97749,,
0x54a3cf54441cbc5a555e8b662054c0d95f9f865dd39966df1a8816f9a76c1bc5,1764513687,1764513691,2136,97749,,
0x50cfc76e4b5976b19deeba9ea3ed8599b2e642914af2e439ff52db4823418dfb,1764513687,1764513691,2136,97749,,
0xa7192a7a8a43bf330d9d64bf75ba60a8a550aacca02352168a62603449bf7848,1764513687,1764513691,2136,97749,,
0xaa3808f13db3f88c1b2dc5aaebb52b3ec443924d650bc620443fd20e803bdeff,1764513687,1764513691,2136,97749,,
0x0116e75e3096f914e9f5275bb3e1ff8d7265a9549eda79d1789768089b3b4212,1764513687,1764513691,2136,97749,,
0x967da296407262749ca0d930cc7d21a4ed76a9b25a1532d9d07120abd5f9f04e,1764513687,1764513691,2136,97749,,
0x4093801b9b16400eef4d157a585060acf61d284119e126d10534163c71dbcd43,1764513687,1764513691,2136,97749,,
0x3422dd710396becb54a71a187f96c408b20d1d008eb1b7c4743c1fe8a34f25cb,1764513687,1764513691,2136,97749,,
0xa6f41b811e08fb9b58bf73fad50499e7499163d9cb6a47799028f5e7dfd452c6,1764513687,1764513691,2136,97749,,
0xd73f0d98ba9a7324ac9fd16188e79ce3c9ad4ee53c72bc8526006c980a1fea71,1764513687,1764513691,2136,97749,,
0x380345d48d994cafe1a1b9c31b4852984ce1ff07770399de0d178e27f53b3ab6,1764513688,1764513691,2136,97749,,
0x5f169b639f822a8f9a6dd4981ea243f024465cd01639566811e834fcb204a68b,1764513688,1764513691,2136,97749,,
0xba7b7afd126984e90c966a9b61d4aca04caee54f40d6bfcc33b34e2fc79ac7ae,1764513688,1764513691,2136,97749,,
0x07cec9b61523ed62e85a9f26ac16f7e723f16276beffdc5f4a2f1460b170a6c0,1764513688,1764513691,2136,97749,,
0x38af2ba815ba08cf30d3c7318bc7fc586697c97aaeaf9353a7345271a91bbf13,1764513688,1764513691,2136,97749,,
0x66f12b1cbfe56ec2ec7d013915a5a43ff7436ab8b3fc7dd5da92edee25a26d74,1764513688,1764513691,2136,97749,,
0xa3158cd01dc08a5f00f5152e8bfb69c680bc565c19fac52d6e86e30088e749da,1764513688,1764513691,2136,97749,,
0x6e63f75d7165b604da52f4c9b1c88e463a26abe5965cfab8e132fc9c4c028ae2,1764513688,1764513691,2136,97749,,
0x9785de3421b33e0de14757fd05992ede329fe931938264763aa13fe59e908992,1764513688,1764513691,2136,97749,,
0x78ad4c8e09739304ba1df820a2f867b05b0e9deb33882a0f5211be0ccc1d9058,1764513688,1764513691,2136,97749,,
0x847f1d5ff36495501ab6b2b6309b44c4eadcf3057a889531acb179043ab76474,1764513688,1764513691,2136,97749,,
0xe43d7e32107395abe302387911c61f6a2b2d2ffca7f0c4726829db96fe1d3657,1764513688,1764513691,2136,97749,,
0x69df7e7d5973502423bdfc5ae6eea9cd6a050814f722beb8f1d26355bd667e90,1764513688,1764513691,2136,97749,,
0x20dbf59c22c86c12d48a68ac728f562aa4001f09436969b9da65d47ced4cc897,1764513688,1764513691,2136,97749,,
0x60f572dbad5bc71cc6494734e3c5454212eabbf9b354f09011b381c05f69147a,1764513688,1764513691,2136,97749,,
0xb2d929a0e1b4ddcd174b8751d67a9f07b7474aef83a3d71db7086647c422451d,1764513688,1764513691,2136,97749,,
0x25148e9e003768d49b4b191826f202ab464685748182a59d77c0eee504f591cb,1764513688,1764513691,2136,97749,,
0x7ca20a12c67f0b5cc191790957b249c6997c6020d94390735320099dd19051d0,1764513688,1764513691,2136,97749,,
0xba2a960a6cb593094af262d812543a86a38bb308b40267ac10290b8d8b9c5ee6,1764513688,1764513691,2136,97749,,
0x0eb52c72ade76b2c4e1631c9a1e77bcb7e2714411bb55d3f7451a85f67b0aee0,1764513688,1764513691,2136,97749,,
0x3209a5c2b4e43778850485ff7794201d21daff1c858456fd8941b9250d675d2a,1764513688,1764513691,2136,97749,,
0x04cc890fdabe3a8f95965f7d01fbd2a85501f917c9be85cacf3de180af1437f0,1764513688,1764513691,2136,97749,,
0xb6baf795a3d68cf8ce3f5536ed6cad128bd07594f23984c97fa2fa0119a44252,1764513688,1764513691,2136,97749,,
0x5d67b7bd6a49d0688bf43888df2e23db71eb154a9db54d30ffd0e1cd7278c348,1764513688,1764513691,2136,97749,,
0x736140811774ff23e19400a8f85504b2857726921bcee2b6cca575023929730c,1764513689,1764513691,2136,97749,,
0x90aa30ad0f0426771e7cdda983a257305ceee2c38a6f93113cedba7bbe899cd7,1764513689,1764513693,2137,108165,,
0xb39709272e4e93807aefd09225793409b5acccf9976c68050aeb20ddf5c4b56b,1764513689,1764513693,2137,97749,,
0xf9169d97b6abb611bd92faa86abd487eeb7a9741def628bda692e0a2904b33e0,1764513689,1764513693,2137,97749,,
0x9bae274f0bf10adfaeee4ececc615adf2fe5bf26f1f326f4ed5075cd05128a48,1764513689,1764513693,2137,97749,,
0x3dd0236c03faece0855668dabfda97cdcae865c8b1515939082918513aa43232,1764513689,1764513693,2137,97749,,
0x9d3009a94f64fdb63b84e9f57183513738415c05080aa71ceec353e5eb8a241c,1764513689,1764513693,2137,97749,,
0x8eef01520040a84ac2c5bd937f9201d13cc26dc013138562a47483e64234383c,1764513689,1764513693,2137,97749,,
0xe9b0896595c2aa0af40c3178dc3937fac0d558c50ff6b61ecd144c797250068b,1764513689,1764513693,2137,97749,,
0x60e0d9b34e06d9811b6c5d0d5a59a66465d248f5c00bfbcb52990720253d2791,1764513689,1764513693,2137,97749,,
0xea2ed833d423a1c66a792860e9f93c921995e72c780c5ee55744ba823a6fd38a,1764513689,1764513693,2137,97749,,
0xa7cc326c5e083763f8b45929daac7340cf6977c89fb21f60d36e0e346ebbaeb6,1764513689,1764513693,2137,97749,,
0xf5f583f55452a5105fa043a17677ac72606511c177230ac12f865a4ad35e6242,1764513689,1764513693,2137,97749,,
0x7f9ba3512fdf74a13f37bbb4ec72ff255aa9f90d3adc972d7db76f16ad5e6f02,1764513689,1764513693,2137,97749,,
0x37366e1354ef6ee4fa8ab6dbb59c4722937d5d462091174125fa8061b8444796,1764513689,1764513693,2137,97749,,
0x9ecfb2d7e09fbbbd47ecac0b9217e050bbb6d9b77d0961686a56e374c5ea8540,1764513689,1764513693,2137,97749,,
0x01db2e160aeeb2d86cac2b006ebe6d0051b52dbd03b7c5b01996e21fb8872de4,1764513689,1764513693,2137,97749,,
0xb2d030e3a379691da24707cdefd7a3f706a4a17612d96d587686a993a0da89b5,1764513689,1764513693,2137,97749,,
0xf9c53422df52f98d511f08b643b1ad4fed50e04be7830b2cd6f68cb141b0325c,1764513689,1764513693,2137,97749,,
0x75984d3522f6a2af9a9ae6d33d692209f5dfe0501f15cc28875e0807be58df61,1764513689,1764513693,2137,97749,,
0xa668a94df8cc2c487565177171feafdecb677eec715dd59f581a283278031767,1764513689,1764513693,2137,97749,,
0x9d89f8761ddba6df3949c021be2d932cc776a13bd731e7301bf8444c4f071128,1764513689,1764513693,2137,97749,,
0xb4b5bc7b85de5363a957f7100dfdca61d92a1d9916969cb3ae74ab8f3c78b6e8,1764513689,1764513693,2137,97749,,
0x7a89e273ce05ba8ef459b9ade164f4cc17ad4dabb95bcb0acf29ab1b9c6c7216,1764513689,1764513693,2137,97749,,
0xdda6a0c3c3ef8080910162aeeef5d8fc7567433676787f84e9341df96b2b3897,1764513689,1764513693,2137,97749,,
0x229471ed07f4c62415eb1931a394f960b38425a1438f74cb99c7844671f8f112,1764513689,1764513693,2137,97749,,
0x33ae2468b3da0cca9cc869c1c3142771186b4cf24074cb44e44230509102c659,1764513689,1764513693,2137,97749,,
0x1c656ba126955880d19f6531380c2e6b1903b5410a7874c64844f7399a63b38a,1764513689,1764513693,2137,97749,,
0xaf5b7ee175e2b1458556d8e4d1f894a8e0e89a13a47b902d4da2ab60f1f51563,1764513689,1764513693,2137,97749,,
0xbf787b9d0cbea462185134243932a6dc0a68f8cc5b87024beb409496e421e383,1764513689,1764513693,2137,97749,,
0xc3a5a371c9abc727fe6bb7f39e1334ea543e4e41df05a88656bed0653aec3fd7,1764513689,1764513693,2137,97749,,
0x2ef1eb0a37211b4d74e636d594d3327d15bf2e22d2e56f2f66380c6f74ca76f0,1764513689,1764513693,2137,97749,,
0x11ebe1352f87861e9f28deb6ac73614a874ce0aa8dd03c9b1eaca9a1ecbe8155,1764513689,1764513693,2137,97749,,
0xfc445f42f264a503136c8b3e3711d312421983bfa5dcf9c0977f08ef2a7cad29,1764513689,1764513693,2137,97749,,
0xc243b067ca0f6e3de9ff9fec81fe7d7a128d45bde5a2848ee2e44547a3c5da9a,1764513689,1764513693,2137,97749,,
0x4b39d3c72900b983d43a83ccce4f3ceea3066e9d5560b748da3e37f69b19c0ac,1764513689,1764513693,2137,97749,,
0xfaefe8ae8f1f826bec39969698360bc5c316bad888c064d2cf8b25b01a13b780,1764513690,1764513693,2137,97749,,
0x4e5930b9af3a5aa21ba4df22557d417f539011817d7b09ec96757bfcdfdb308c,1764513690,1764513693,2137,97749,,
0x488a77f51a924847843df280edde14eec8344cfdfac3f381fafb2a393380ed5f,1764513690,1764513693,2137,97749,,
0x19ecbfa107578f38705884a32262ca2be615213849ae27e46db4b443606b5b3f,1764513690,1764513693,2137,97749,,
0x579ac4f77f55e799426132a671416bd926e9c01acb718981a835188c01f1125b,1764513690,1764513693,2137,97749,,
0x29fed6e0eb39ad817df155d23977fc30235c83c616a7b234b8866878e27ffdb9,1764513690,1764513693,2137,97749,,
0x82cf0d0e1d24bb6ed0dd3be68f66cbd7bbd39347360196c00f049bb2c61878a1,1764513690,1764513693,2137,97749,,
0xfd52048a3227caf0c98c342447478c73f6cdae8b08c2371363be6a45b9a12c11,1764513690,1764513693,2137,97749,,
0x10239bf144a5eee9e84e3e38e78366e6a77c11def4eb2003d35b59fc099d1ad4,1764513690,1764513693,2137,97749,,
0xf732d95d055df9c42f91d077fdb0dc529b98c90fee4ccc9bfb03de09d756c795,1764513690,1764513693,2137,97749,,
0xf2c398cd6f2d499ebe7284b8e06835432c722e07ed18ab927b15550cd9d33a27,1764513690,1764513693,2137,97749,,
0xc349ca4df764c5f2385a22842475935f9e53e8bf2e298cc87ac865f8a642d511,1764513690,1764513693,2137,97749,,
0xc372aab177012d6fca779553fb6e4a2ae4a8d2e516f2c05f3a7e7e9619640d69,1764513690,1764513693,2137,97749,,
0x877ef255c3ba0cbaf13a1e7d46f73c51bc77ad8f234b6f64943260455112936f,1764513690,1764513693,2137,97749,,
0x84d69a08dfbf8ff4469abfce011b402e63657c9171dc43a70982397455d47ea1,1764513690,1764513693,2137,97749,,
0x4ea260614bce15b2c13f8edeee2a72963a5a839d76d08d7af37919c116fe8e54,1764513690,1764513693,2137,97749,,
0x9fcfa8a7c505f2d76bb392719c29ec277a5f84358d03869e3c9ef79f70482160,1764513690,1764513693,2137,97749,,
0x394538daef47bd24dd11af0b98c643184430b585350edb36f0444260cfc59ba2,1764513690,1764513693,2137,97749,,
0x5cf2102586d24620dac6f2621b8a4fcce0218bfcfc613225a6751c87422c566e,1764513690,1764513693,2137,97749,,
0x4554f9cb11662fe4633aff2c9c874e1b93ba5ca759bd033d53eddfc3fd803320,1764513690,1764513693,2137,97749,,
0x299f7594c52dd9f6979bb0a11b720bf5c6ddd6ef32d241264d8f364d4e35563f,1764513690,1764513693,2137,97749,,
0x64b07417d14a7ef489ee7ef7bc3c39deea909d19396eab776bc7ce0a2e19f590,1764513690,1764513693,2137,97749,,
0x4d0318ec60babbb6792376e067977fc771a5bcd8a7b0f1963d1413aababb6dc9,1764513690,1764513693,2137,97749,,
0x9d71cbec9b9d058d3737a503ad590a9274792260bb4549931e2b07926101359c,1764513691,1764513693,2137,97749,,
0x559318ab44e960312d5df5bd9a02fe4a7332d3acbae339afa90b37a4e51ed43a,1764513691,1764513695,2138,108165,,
0x154f9fc4ee4a60a7fa3851f6a756ea99f1e9bc791a24d1b3093a2f8a6b16fea1,1764513691,1764513695,2138,97749,,
0x79da03a1d4c882867ca62af6720fc66bdcc08510162c34d767b07a6d48102229,1764513691,1764513695,2138,97749,,
0x4a6f22db6d6b1174bd408048ae0db01640b6fd2789ddd1712da6f2e8815892cd,1764513691,1764513695,2138,97749,,
0x4c009ca8a9eb860a152a23b5844829384830e44220f81ee0df14f528129dad70,1764513691,1764513695,2138,97749,,
0xf3552448d95c0c7c1c1bf86c5135b81bc056346bab7f5a7714751fe60e26c2d6,1764513691,1764513695,2138,97749,,
0x7ad6336ac1581ddf0ac21596fb85ea76822f0a8194ca85ec86aa616e77be5f5d,1764513691,1764513695,2138,97749,,
0x716d67661411840bd4ef0202d0d19651fe04fc541222e3a61556c9ed545502f5,1764513691,1764513695,2138,97749,,
0xfef907d8f7751758c0b751c060d0b8074e6b9df29783aaa94537889f7dd4fbd7,1764513691,1764513695,2138,97749,,
0xdb1780d5e27978d711a89591b88c2fca17399c82216096e4df514605d79383bb,1764513691,1764513695,2138,97749,,
0x807b47d438d7b926969018e35852be69913d1b5a0a84becdc5c6b93321b146cc,1764513691,1764513695,2138,97749,,
0x0a14d5567ec965fab23db9941eb0e3c5196d30d969ab047b37ca0b29b58d1004,1764513691,1764513695,2138,97749,,
0x8d8d15ea16e572b673b6f3f0e5638bb6014ee59c1c6ec478defd56fe09d2bd71,1764513691,1764513695,2138,97749,,
0xa9550986961af2214004fcb8abe7aaa1d7f8972c24ac31d7a4e7610734d05e8b,1764513691,1764513695,2138,97749,,
0xa8da2e2dd6689652778f059d83b5b0bcf4a34cc330bebf62c784c756a8632eeb,1764513691,1764513695,2138,97749,,
0x28d20af3176837e09eae23cbde65ce4a6627940d87ba3dfa45aa967296b608b4,1764513691,1764513695,2138,97749,,
0x9437e4a41197fbda369bdde54f607b907ffe6ff044286a861c4031d6b639a593,1764513691,1764513695,2138,97749,,
0x5c5c67e64b9007739d8ee78615862dc7dcb3cad8d1bf83bf00acd669eaf1cc71,1764513691,1764513695,2138,97749,,
0xd6784284c98a126545282b41f1dbd6837aa46a7ef8ba4379c3cd7c06abc6eed3,1764513691,1764513695,2138,97749,,
0xd1dc236dba5f259f1ff70c872f38c2ebd5176ea7ee3f87592683dd8f87b8308b,1764513691,1764513695,2138,97749,,
0x2521cf16c4c375b012e4b08836d82ad0cff01593deb6e9f6835bbe2a6c572c6b,1764513691,1764513695,2138,97749,,
0xe34b29c78eee461d01ab786ce6b2f66f162b3835b419864c9613a566a4d52b3c,1764513691,1764513695,2138,97749,,
0x26ddfc7e45d4c0e1d0d9d1d0d45642f50014002022dac888010f4bf8018140b1,1764513691,1764513695,2138,97749,,
0x90c52573d0f860ef92dd1244a8ad96314572d02f78fefb3bcd26a959c0640a86,1764513691,1764513695,2138,97749,,
0xe565775f5f847cc6d343cfc89cd42ebba88dda1728a81ee6782c477bee373f9e,1764513691,1764513695,2138,97749,,
0x79072febbd878a92672399cb0f6561dd19b581229a36ca801001f3604a0c34d3,1764513691,1764513695,2138,97749,,
0xf107d4528d154c2cbafc4cabcde3e691d89ba8d540346052b6019c4933d3274d,1764513691,1764513695,2138,97749,,
0xea0634e551c99aad1f9ceb5ea988ca8c5c0156609b0fe89bd942554b1c810fb0,1764513691,1764513695,2138,97749,,
0xef97a62728187a272eba896b36e8df76abfd2cf847480c5abebd33386aaa829c,1764513691,1764513695,2138,97749,,
0x3c97112b64c7dd98eb0aa5bd50cb1ade2f59bf58c569937b9c0b306fef8e0dc1,1764513691,1764513695,2138,97749,,
0x8e097c3b777c13191218c48b710233045683c6d674b9b3adab010c2cdd804d2b,1764513691,1764513695,2138,97749,,
0x5cac12976460296aa13749bf6ae5758924a3d9059ad0623d6fe930d2b269293f,1764513691,1764513695,2138,97749,,
0xfd6d56848ea71b307577d52e723427b16adf2b5db347ce5e23ada20ff1adb5f5,1764513691,1764513695,2138,97749,,
0xa9aed7e39e6b20f8782c42e732325830f3f8b42f9d883d04e1c843dc104f3238,1764513691,1764513695,2138,97749,,
0xde57ebb0fba32e3ee34bf062bdf35737c7f2b36de7e1c2ad3edb7219cf5073ea,1764513691,1764513695,2138,97749,,
0x7a7d14a7b354be9d41cb92f3311b5f5ef4ac72897cf836a6e62867c83cae68f1,1764513691,1764513695,2138,97749,,
0x535690431a07a6d99111d4f3a1b76b6ef944da22f7765ee20d5618a79298b08c,1764513692,1764513695,2138,97749,,
0xa50bd8b01b64508e46a0f80867fb9e9655556446516a32ff190fcc8222509bad,1764513692,1764513695,2138,97749,,
0x6afcc9d9809d721ed7df67442cc56e6a8cac34886679a05abe724d9637c0093a,1764513692,1764513695,2138,97749,,
0x559ba3dfb0c9ea3ac797a49fe4356ccdc211bd9840e68a9e5ab130ebbe54c825,1764513692,1764513695,2138,97749,,
0x6260a719bf8536ecc4fdf67260a22ad29b695076915efa94a4f6782a16c92fb9,1764513692,1764513695,2138,97749,,
0x47ad67ea9b47727548dca75875ace8df8620a7bb81b0ab0105eff3e2e580375e,1764513692,1764513695,2138,97749,,
0x39680726fb3c08066a6004c243ab819f0af408d232a6096bb0417f7a1e8eb2bd,1764513692,1764513695,2138,97749,,
0x9a3e0f0e882bb1c0cc1e0c8f4662c45fd779bda6d89853377b7e3d9f5c27de01,1764513692,1764513695,2138,97749,,
0x84b2ba1160d094cf8d6c6f5d2a854e000b1ae29900481564f5a9c0a4e4b505b1,1764513692,1764513695,2138,97749,,
0xbd3392f52551c91ff4761eab192db2461b3cb2b7ffd6f97a087f2c834c466aa3,1764513692,1764513695,2138,97749,,
0xf45552c2f4f002cf0d48cf7ef06851672232be4aaa6bcaab8eda555d6f8372d3,1764513692,1764513695,2138,97749,,
0x54ba48310780e18d48270b1e57fa44a8bc8226152053680b992bef829912a8bb,1764513692,1764513695,2138,97749,,
0x7bba122bc9af2743af015d6daf68ae9e0f8428f3c2ab0d4e1c94c842eca0c501,1764513692,1764513695,2138,97749,,
0x950b6c9bc3357d6c9b1458b022f3ccb295599515cd91710cefba988a254ab0b3,1764513692,1764513695,2138,97749,,
0x574f80e0090d9a1559dad0e443029730401e6acb6ce6040c4ab5924aa15ce611,1764513692,1764513695,2138,97749,,
0x8ab60c7ad6d8d29d0c34a5c9e0eb1360bd9fc82c37668d40bf133c60f6e92ef8,1764513692,1764513695,2138,97749,,
0xf6df2905d63075102bfe303a39fe397be80d941695596fe75b3638ed99492c4a,1764513692,1764513695,2138,97749,,
0xadcfb2a0f41900acb5eea427dc282f98d1d90986c11e3e022edc32b80fdc7d41,1764513692,1764513695,2138,97749,,
0x4b46099c32cb5b76e2fe5e2b6129a21f2a40aa52c1def2c5171fc283cf3a371c,1764513692,1764513695,2138,97749,,
0xdd736f6721a27d7a1273dbf32ed631c52439b686117dbf3d43852e538ed6ade4,1764513692,1764513695,2138,97749,,
0x7549ad85d0cea3b8cfdee6a2081da05faaf93c85338128d897ab098da78e6690,1764513692,1764513695,2138,97749,,
0x47306f2fec9ba9c43f1555a109e719f1ec1e996ceb2095a9400e92ff931c59ca,1764513692,1764513695,2138,97749,,
0xe8f5e6697a6eac57dfcab5b0a6cf80e4746a5b11679a7c3eea7d551294c149a2,1764513693,1764513695,2138,97749,,
0x0283c664b5e4bcf1aee8305a701c7d376603ffd286d32aef649aeb23a12576f1,1764513693,1764513697,2139,108165,,
0xe5327a787825a3fa8b4c33d08956274971384887e050a97af9f6a754c510aa04,1764513693,1764513697,2139,97749,,
0xca030cef42f9047458b76f51b6d2d3c13f378a355aeff3e5446ec8f59f70e5bf,1764513693,1764513697,2139,97749,,
0x30f3013a8df191391aefed4b35475518eed0677a0b0d4c022df2c85c0c0c6a12,1764513693,1764513697,2139,97749,,
0x66b5ffe730a8c7a117e38352de61ccde31b75d5e27953fc373e3c4b0383d49f5,1764513693,1764513697,2139,97749,,
0x6a2b3348e365689e4f840d856dfcaa347ce599cd7d39b7bd6c6c63fbab1419ae,1764513693,1764513697,2139,97749,,
0xe45f16f4d462c230696889784068013a4329dc18409939c3d06847aa588feb9a,1764513693,1764513697,2139,97749,,
0x2710341f8e03754372bbe3901d84f34573fa48d50bac0431141bd35d97d858e1,1764513693,1764513697,2139,97749,,
0x0cc3482a57e7ac960fc60e6eac1901e37ffa4b20576d4f390c4a2d91c809e1e6,1764513693,1764513697,2139,97749,,
0x5238ddad3b76c710b20087e8ad848ef6f4215a7f69082bee52aad41c2cb8d7f5,1764513693,1764513697,2139,97749,,
0xa90a3dd9d04ba9674d8ea353adc625007566d5e819f6e1bc97ce03a995efe73e,1764513693,1764513697,2139,97749,,
0xe86acbdc4a8eaa4f6583a36ad003b8a0c3c86c89217b6fcd0933f8f40bd8456b,1764513693,1764513697,2139,97749,,
0xc293ef4cb65c579359618cbb019f363bfa50ce064da19e0db469476104c846a6,1764513693,1764513697,2139,97749,,
0x2e09b78c9010e181ff70ea360ad4016695e2409299e9f5c734434ea0fb7fef7b,1764513693,1764513697,2139,97749,,
0x846f460a180958f094e5aa04062e51138dae46ceae064747f677679aef8c3d2f,1764513693,1764513697,2139,97749,,
0xc97b6722a8b79dca670a2c166466337304d4b0650f0db5dc4918ae10dd189b6e,1764513693,1764513697,2139,97749,,
0x520fe197f58289ffc245fa4b3afc51a4e53ce4cd32312cd51db417cc248cf909,1764513693,1764513697,2139,97749,,
0x4c6cc213218ea65b3c4688ff83175fcc4d2dde41c494fdb017ddaae10a0404af,1764513693,1764513697,2139,97749,,
0x78a574dd4080d35a79ae6fddc1c14baff79bddaaaa9551417c0236e62be502e9,1764513693,1764513697,2139,97749,,
0xe7b4e7f10d800a07639c8f9cbad9478386155633382bdb01d29567f3be3ca5cf,1764513693,1764513697,2139,97749,,
0x94907cc7f19c6a5b3acd1afd4d074b813147d76ba10e9cfd1f796b87c04fc649,1764513693,1764513697,2139,97749,,
0x597f0261c1db99ea625ea0e8461817e95b84c0b37b6188371c99a9582b9cab26,1764513693,1764513697,2139,97749,,
0xb2b48f7ae056291bf01b8235dfb6208747e136440d1634621faf0c80dfcca8c9,1764513693,1764513697,2139,97749,,
0x4afcaed8553f7b6352d4023dd021f692c63bf2e885aa621c4ad95918cc00f8fc,1764513693,1764513697,2139,97749,,
0xc941482b45197d7974063cd9d080d3b351766f4dfdf1168d94586b06d84b0c81,1764513693,1764513697,2139,97749,,
0xe10e09bca295c670262a3e79f0d176c6b3fa8a4c0b07cccf2e6e10cda93fb265,1764513693,1764513697,2139,97749,,
0x0ef3f203fc5c54d62f89bffb54cca0f74ae5088febe684189d6bec6d436a16c9,1764513693,1764513697,2139,97749,,
0x4474d3d57903757b383d28c38cfaa8570e812d0af6643ba0954165d9325cf7b7,1764513693,1764513697,2139,97749,,
0x40ed4d34fe7d91cc55536cae96eee3002bd264d2a4b018023456e6da486d6539,1764513693,1764513697,2139,97749,,
0x7d066b3628523c69d020ac8dedfad8733e64bf009412550333910015af96ef05,1764513693,1764513697,2139,97749,,
0x58c6fcc34dc6e961f71810910a46d9dec3b5d72126e0cc764607bb8cfbd14e73,1764513693,1764513697,2139,97749,,
0x79cf852206e11861a669ec725b541d1caff8bc61bd5e5d68b14c13e80129c522,1764513693,1764513697,2139,97749,,
0xe53be89fb9dbd643390c598db29e3ea07e01fb0a1c4917ca21a2f771fd350c88,1764513693,1764513697,2139,97749,,
0x1a8cfeca167c90ddeac33346bcb71492afaa5f697137afffc1dc987d23fccd10,1764513693,1764513697,2139,97749,,
0x9c891cade2b2c4bf4c3ddf690db5c6e510ed8105f51c32090ab249ac80ff3e1e,1764513693,1764513697,2139,97749,,
0x04c120fb97c299c10659fa94157df53b5e161a882760c601a65ad91a19779d1f,1764513693,1764513697,2139,97749,,
0x75e41cfb1d2850d74d763f2d68d9f86ea0831b92303661d8150796f4bfc8ed59,1764513693,1764513697,2139,97749,,
0x5f18cb23c35569c2ab31ec8bf592c7de11d4a741c357c9fc28f84baff5fd9fc4,1764513694,1764513697,2139,97749,,
0x8aefddc3e276eee35f8958f05110012cb26a02461b178b1af6218efa4129d995,1764513694,1764513697,2139,97749,,
0x062879d60b351ee833fa0a32c92bb20c2d2c88e04dbeb3c079f2d59a2204379b,1764513694,1764513697,2139,97749,,
0xcf42a06b25c0360b785b270e50e9d1c892fdf60453c3ff9331c1e9bb7c084724,1764513694,1764513697,2139,97749,,
0xd4cd5c23a4f5bdc1b833a6f317962947558b5f508dc725f907f7a8bc4164788a,1764513694,1764513697,2139,97749,,
0xceae080e515e26d283a1bcd608a1f1c678faac15e855ceb6b6727fbcf7738236,1764513694,1764513697,2139,97749,,
0x8a0c4686b7bc2cdd345104097d3bb93874c059ff4708e4dae312c06458498a15,1764513694,1764513697,2139,97749,,
0xd36ac0621ce273bcf2c86e1b518713f876e5e2f24d67e74676e6cf6250362287,1764513694,1764513697,2139,97749,,
0x0403e3396ee88f9192dc3da7681927c32902381a5c8cc60ccc6fd0758459069a,1764513694,1764513697,2139,97749,,
0x96e3d645b41e70beba67f17326611fadb0d083ff7ab7c0357a2199624a13bd55,1764513694,1764513697,2139,97749,,
0xb051d0f4762f9c4fca7fa071e715544a6f62c956b57b42570fdf69b972fb9623,1764513694,1764513697,2139,97749,,
0x6ed2deb7992a38594ae94108ddbb37c224a61284eb8d0aaf3e92c5c569fdf081,1764513694,1764513697,2139,97749,,
0x9aecd02fcc1833375069cd0de9043d87f296b3e54f9bdb4aeb3ccf956d67e340,1764513694,1764513697,2139,97749,,
0x0aaf233ec689fc5d11f306496c6b03aa3af27abd079b5afcab63db467462e5d2,1764513694,1764513697,2139,97749,,
0x0a3ab52ff5b4836c05af61e75e303c4a6b51a1c1ee078787b7264badb11c14b2,1764513694,1764513697,2139,97749,,
0x310607e3758475ef36bc219d16867001cba7f0d17a3172ad24009ae2b27bbdf0,1764513694,1764513697,2139,97749,,
0x0931faf1dd697d1ec9a043f8d3f78e235e08b16967354ed9ec578c12193bd0a6,1764513694,1764513697,2139,97749,,
0x05160d884c9e88683f720c9a7c6665360ccab5932c5143c6245e4f224a645934,1764513694,1764513697,2139,97749,,
0x532cfad941e05e776822f29ef9c178045b7e08f83ba73e85618446ca72afafb8,1764513694,1764513697,2139,97749,,
0x001a562291d611b7f0fb185f8fb8a754285e2a40664bc71d04666b22d17703b5,1764513694,1764513697,2139,97749,,
0xeab129c9187809cd1dcbedc839a31ac34e58975a3eb0451ebe7508375882f5ca,1764513695,1764513697,2139,97749,,
0x2d55f354d53523ce72e989bb3785b6db7c261bd2d05a1ba4a59e57809aceb5d9,1764513695,1764513699,2140,108165,,
0x455d356b14746b70a9a12cbf1307f740ac349a73cc28c6439128a52c31f40032,1764513695,1764513699,2140,97749,,
0x134116c3bceff16871e07fd412313548510af82487eb493b65f792f01bd3e2e9,1764513695,1764513699,2140,97749,,
0xe7173954315dfed644ba7a32fbf5c1b2a384380c6256f5a3e182e5152fc38d26,1764513695,1764513699,2140,97749,,
0x9b2fa0ca741500c089440af735a0abf0b7424304314f8930ee7d422eb7f20a20,1764513695,1764513699,2140,97749,,
0x460519c01ed8adf23434ff9b3efe469de23d2c33708a457a8b79837507c160aa,1764513695,1764513699,2140,97749,,
0x2fd0a67cb9b0b392d689bb16d7f02bfbd08b69546ed6482456c4d412ca91e82f,1764513695,1764513699,2140,97749,,
0x378821abd6cbedc911b43a6a915e164ce1d9f08476d409d00ab211419a9cee29,1764513695,1764513699,2140,97749,,
0xd7045457e1fc00b343e2170b15e0518ecddc060e1ca724e1e13438baeb63d5b0,1764513695,1764513699,2140,97749,,
0x9b9abe8058f929ffe5876c5a5aa5e5ce979a74851c1207bc52642b44b91acc2e,1764513695,1764513699,2140,97749,,
0x0082e225b0e93021d13f01f2ae15c0b03b5d2f8d05b8a174c601e56587cc54d9,1764513695,1764513699,2140,97749,,
0xd3e6ae2515477b6a084dc40983da0ca05b5aad500642b0f1a198fb60663f4578,1764513695,1764513699,2140,97749,,
0xdc536e5a2a557ff88c16d92a0fafa4ba53b6a6c28d9234106b7cf7254c1028f8,1764513695,1764513699,2140,97749,,
0x6aa865936f1c26f611e91480dfceb87f53f995776abd595524275b3805c04f70,1764513695,1764513699,2140,97749,,
0xc0f5fb03bae8e5271cfd81cddae6b5805ea8a7c1aea80ece1866014b96e71500,1764513695,1764513699,2140,97749,,
0xc355c5b0493f95f4139550f366c926568363595cc6c492d905fa0aa377b33ab5,1764513695,1764513699,2140,97749,,
0x0669ed6193d4361f2d20eade20c12ae9e99010d0a660e4afbc127d673563860b,1764513695,1764513699,2140,97749,,
0xa892fe05d782fc426c157702270eb2289c98acde40697de2059f2ebfaa322e75,1764513695,1764513699,2140,97749,,
0x27229de95a8cc8566e6673884e1b02d1545ceffa27d390817363f2f7e59ceae7,1764513695,1764513699,2140,97749,,
0xec50db3ef4ecd71dbfb4bb33b67d1bc86411e9b18faba14f35e710971c4d95c3,1764513695,1764513699,2140,97749,,
0xfb4fe097d0447e9528da7d0ef587b102ce1fea82d38bd3c7fa0b8827fd7de93c,1764513695,1764513699,2140,97749,,
0x32e42a10a639a1d15054cba64e488747cb348ab406c0db61d3b1f5ee61af80a9,1764513695,1764513699,2140,97749,,
0x4a009f307063a9d0e10512a965a2b2e0ac18a78d521b13dfd43fab0f32d7d652,1764513695,1764513699,2140,97749,,
0x0f7b14c6c409d6e051562a4e7270976478bb056307f7497810a0c5b61973352a,1764513695,1764513699,2140,97749,,
0x0e140edd42ffbdab63528f1a8b2d21a450eab4438e101271a4f1f425f21a6dfe,1764513695,1764513699,2140,97749,,
0x33e909b9a82e186e60da7fdd9c21ab2ecae1cebc7786c226fc8c1659069386b0,1764513695,1764513699,2140,97749,,
0xf51dc01c20738bdf881ec56f17943aa9300dc9ace80917a50a9df0e56d8e805a,1764513695,1764513699,2140,97749,,
0xd4e836649e19021c2b7632d0de0928e7e49252d9cc33887e39fec36db12bcd7d,1764513695,1764513699,2140,97749,,
0x2242cade85d8ccb1761a681be4bde3b2565738e5d1f228db2a13d4bdc6b45e90,1764513695,1764513699,2140,97749,,
0x2b9881705ebd93eb0606c52d96789ec7a149868eea4ddb636aab3ff084e0960e,1764513695,1764513699,2140,97749,,
0x58c4b1cfd70111c3b2179d0d562bfe9ca9b5c4c7d08208fbd892a310fe2e56fc,1764513695,1764513699,2140,97749,,
0x963f45708333bd4005b80456ed6f756c06039559299de48da7b129ae7194bb28,1764513695,1764513699,2140,97749,,
0xc6b48e6cc255f68a24c840c44df34b59481e16987d2c69392d18d5914dc8e88b,1764513695,1764513699,2140,97749,,
0xf2ee495c93834a08c2e463d5488377527a2b798018c58a503a6d7bfac42f7df3,1764513695,1764513699,2140,97749,,
0xf5e7c1d4169de800bb84086c421c40656c11fa73c1a48ce626525497c20baca0,1764513695,1764513699,2140,97749,,
0x23fcea3ec97e181096ebbdaa449a4af7565f929c2b22d47e592966c370947e2b,1764513695,1764513699,2140,97749,,
0xd543a6d99215d72dc83c0ece189a9440c270d55d6075c75bb0d9023d486f1a9b,1764513695,1764513699,2140,97749,,
0x160d50fc6c94c61cece7bcbe66708b1421572655ad10aa05c2b5697feb62ce2a,1764513695,1764513699,2140,97749,,
0x9bf221726c02dc6bfd99ce3e6258c263b5034f8a01762f305ddbffdcf480b0ee,1764513695,1764513699,2140,97749,,
0x7625b86d6a60bbdb9c2f6814328e61b87a8bc24d6de02bb4e4ee236be60ae103,1764513696,1764513699,2140,97749,,
0xc87df6d49d05818f5e7779aa17f59f16cca8d3b3d82129e2d6c295fc8b56ae74,1764513696,1764513699,2140,97749,,
0x412ec73c36902b099824cc1d1026303142257dec5703bcce9679320a9b45e097,1764513696,1764513699,2140,97749,,
0xcd418ed8ea27b2210913aedda47913428bc889f8e02ab61d6a506812a2a07317,1764513696,1764513699,2140,97749,,
0x12ec94990cd1620fe6fe1ff7ca11c3fa54abd0feac75976a6dfbb00167400d41,1764513696,1764513699,2140,97749,,
0x6dc2e80cbdc03287dbdba32e8b72530a68bcabb5ae4d480f5fac9b8d175d5134,1764513696,1764513699,2140,97749,,
0xe1698eefdba72a591e32a5dadb4866433e05b1499ce62869e0b8c0a12411bfdc,1764513696,1764513699,2140,97749,,
0x9619591cf404e57008fee4e86f22dacb3f5d2b596114d816a94c0890be06edc9,1764513696,1764513699,2140,97749,,
0xa0f7a1d07b661f9e4ae48a2bb637b3f02ebf3187769da55649172f1f94d9f879,1764513696,1764513699,2140,97749,,
0x36742a15bb77741d255641c2a26e0d7f979ac2406271a511e99a766779826df6,1764513696,1764513699,2140,97749,,
0x3e51c3ba3db1fc2695ae1d076bf91a5c30beee19de610a08a3e8e19968f4283e,1764513696,1764513699,2140,97749,,
0x90e0deae4f0f4cf796e24fec5a5b65624466b05c18a5d5eb63fcfff2e3b9129a,1764513696,1764513699,2140,97749,,
0x73c3cd49de124562d08a9c800a8d9bb55f6b43a666db036274ff10e667ef9a1c,1764513696,1764513699,2140,97749,,
0x4e6a55dfd6a509682fae611850bf1b3556451f6b2f560fe2308e8431d2947004,1764513696,1764513699,2140,97749,,
0x804d234f761fa743d70770887bba73f8526c1f5b89ca653412a3a0347af3fc18,1764513696,1764513699,2140,97749,,
0x50f40c04dd15d16268d95dc07ce4fedcb8d583edc22e71c1fde07ef06cf5d33a,1764513696,1764513699,2140,97749,,
0x3ed9469f2630b8fdfd351e4012213d8789368dcf4b6a66db6a6bae42862bc9d8,1764513696,1764513699,2140,97749,,
0x62690c453a98cac8b61206faf02053c9d10e9819375b56ff313611bfe43ac1c5,1764513696,1764513699,2140,97749,,
0xc80f387aff220dfdd9a87b45b4df16c08141e78228db9aeb7c3edc0cceb2b7fe,1764513696,1764513699,2140,97749,,
0xe840c83682363c2c1f58ca430dd8e9462f8cbe529a44ed26cf288eeda4321eb9,1764513697,1764513699,2140,97749,,
0x54318949145cc71afcf926178bd592192d1cf56bf896323b48075247e843ebab,1764513697,1764513699,2140,97749,,
0xea11be4b362bf4d53239789cbdc63980e245af1d304cc8015c6d65a91caeff7b,1764513697,1764513701,2141,108165,,
0x8a531a5b57abd7f83accea19fe9af2109e7e985369eb892f00518a40214b8309,1764513697,1764513701,2141,97749,,
0x70137acb2d15ebc7b7aa1220321ddac01a8f4a6ce8a02f0982398a3bf181bbd4,1764513697,1764513701,2141,97749,,
0x26456af4fd62d16ddbd323984785b82219b6c972be103adb169076e9297820bc,1764513697,1764513701,2141,97749,,
0x8e15e037b4362aad343cc64cd7fabfc96f0f454a5ccba7e3784f6d697ddf2a5f,1764513697,1764513701,2141,97749,,
0xdbf4cd39c68bae13f4efc7635a1adbc5dfec810e7b913f7aae062d75891df83f,1764513697,1764513701,2141,97749,,
0x6dea1409eda6616e5a6e468fbb4fa3fffd4e2d5750df17d116c883549346a373,1764513697,1764513701,2141,97749,,
0x7103cc0a0ffac75dbc85cca0dad03209962fd5b560c85adb33bd1d11a841ec1e,1764513697,1764513701,2141,97749,,
0xc8543aef8d403d8b783784e507b237d1eddd6edfe87a0325fbb0136bab94fdc0,1764513697,1764513701,2141,97749,,
0xd0f3ef82018baaff1673bc69e2f16ccce6e40e4ba62d3ad053d2b6e7068cfe6a,1764513697,1764513701,2141,97749,,
0xafc5e195844a7bffab0b715c15f1d5719cc85d9d1beaa0cdc839f9ebdf53085b,1764513697,1764513701,2141,97749,,
0x46a2ae71502c9daeffdfb80e98f7ffc279093cdcaee502e9059f8eab02f0690f,1764513697,1764513701,2141,97749,,
0x4976b5369f23706918448702733b2fb4d24ca24799bd03ab0ed999df2df7c9cc,1764513697,1764513701,2141,97749,,
0x8969457d21b7ec48d6da5137feee80cbb266d9bc9b73db3b603cb431319c8bcd,1764513697,1764513701,2141,97749,,
0xe6a41afbbc38c16019ec227fdcf085b61ea2bc813a60cfc39e1ed9b3e2dd6d4a,1764513697,1764513701,2141,97749,,
0x494dc6670e193815aeca5d58f8fc490333abb586b7e5710272f8bce4111b2e51,1764513697,1764513701,2141,97749,,
0xf4f9f938b7470538e278408b2e8c4b14435213da8a513ead85388c6229c5bff6,1764513697,1764513701,2141,97749,,
0x9e5ccdb9de78b0bf128c32a448a28fc4b4e864cddae057df7a1f40d7b54b3f8f,1764513697,1764513701,2141,97749,,
0xc30a82e4fa9a6ff3914d6cd398ec9e0227a4a836981b8599763c0f73380c1f96,1764513697,1764513701,2141,97749,,
0xfa5c000fccc5606df40a69d8af37240c850605371b6af2f040ed1859221103da,1764513697,1764513701,2141,97749,,
0x1d9a9485308882af7b0fa8ed8567dd9b45fd7e57eba494a0fe60a2eb6614aabe,1764513697,1764513701,2141,97749,,
0xc0e5915c70b1f5a9a390d4a61bec5e0b75990e4cd089ee93a72983cb09fcba98,1764513697,1764513701,2141,97749,,
0x40c5c3683f87e447f4f33d3d319c9745e51fff5b8ccda28ed4432413f4b093bf,1764513697,1764513701,2141,97749,,
0x6bfeaf7d78abf63ddb4a6b7191b479a978ecc8b540d852e1517972713be2178b,1764513697,1764513701,2141,97749,,
0x7e00ec62fb352891ef6d64a2f7f8f18c5d0abdb2a7974a4576d158827aefae4e,1764513697,1764513701,2141,97749,,
0x8ba3895afc712fe1cc4959ea658cd6d0ec87b3301f60e93713783ad0eb6883df,1764513697,1764513701,2141,97749,,
0x7b798d2cc1ca80db0a5099f299043b36ebe5bbbcbccf39a758c6e686f8e23941,1764513697,1764513701,2141,97749,,
0x94f5005cb774f3f279f83570e3fd64dae95231d2ecf7eef228dec48e77fa22c4,1764513697,1764513701,2141,97749,,
0x829c5d15fae54688bbbb42ce6308d05ec2f6dd4d28e88b3d386ee5dc97bc00da,1764513697,1764513701,2141,97749,,
0xbe456ea6c44a36c458861bd912739acd2e4dae875bc0cc1b4fcf2e9bc477331e,1764513697,1764513701,2141,97749,,
0x7fa1434cf260b84df83da3facff79dc72bab2bc2d33d9a18f82b5955c7f8c2d7,1764513697,1764513701,2141,97749,,
0x06d87f69dc0c2fb4415352d8f3c57ec445ac0e4bc028fec3c94d2fc851febdda,1764513697,1764513701,2141,97749,,
0x9684de2850613d39ed7c5d2afd1d503ce1b93b72861b602ef5d3f7a030592ef3,1764513697,1764513701,2141,97749,,
0x7971c54e558dc870a2770f00a4573d1abd65ff425e20296190a878d925c28136,1764513697,1764513701,2141,97749,,
0x8fa12e1792780bf13fea0cefd00f93f56e677da5d40c10faebd8e1af13be215d,1764513697,1764513701,2141,97749,,
0xcb26346e7bb471992c57e2e85018bc7139efd89b4245992be3454de8b31b4d35,1764513697,1764513701,2141,97749,,
0x3b692ce263dba1dd4f5913126b5baf2798b6f031dbba0780d39d8aac39070417,1764513697,1764513701,2141,97749,,
0xf3c9cdbb26fe235c7f148b8ab087cb96cb94199ee8ac0f7e9d4ceda16db8d743,1764513697,1764513701,2141,97749,,
0x630021e5a49b552d0d37eb65806b108a2080d757cc9043419e72741f2854dc6c,1764513697,1764513701,2141,97749,,
0xcdb4fab81033c3e0e4286dbdd795cec2bc7c6c0065a62a298d3c196be0f30d52,1764513698,1764513701,2141,97749,,
0x6e28317515baf317ba59605d7b7d69107867350be9deda58a1802f603ec55ebb,1764513698,1764513701,2141,97749,,
0xecff56e4920407acf4224b7d98b5faf82e077fc1397946eec1b8ae47a13c07c6,1764513698,1764513701,2141,97749,,
0x4d439eadd04287f97f1c01998d0674c6ad45062f8165229d3b03de2f8a63c0f2,1764513698,1764513701,2141,97749,,
0xac5f0791449093c6400792eacbd45ac4253e4590648972ffb2578d1dfac60a9a,1764513698,1764513701,2141,97749,,
0xc8f1dd423732c904fca86bffa8099cbc078951cb709979959946a763777e4f9d,1764513698,1764513701,2141,97749,,
0xc81bcb41c28a22aa652c743a495325cac09936aadf450275ef3c8532b2878b73,1764513698,1764513701,2141,97749,,
0x31bf8f0f4ca786449fb40bc88e01f7280e99a6d40b0b084b0963ffbfe4f56908,1764513698,1764513701,2141,97749,,
0xad44ab1eaadcc169823532990fe73da218b07155bb87b2fa06ccb3890ae0e841,1764513698,1764513701,2141,97749,,
0xaac4041de264932eb566de8f8a4c422fd085b99135c43f578299f607ff731f8c,1764513698,1764513701,2141,97749,,
0xa1548af909a06fbb0f60ae3bd567fb2b3e7971fc9311d1c104cb9e38947d16f9,1764513698,1764513701,2141,97749,,
0x49af3d43804c9de82097e2d74ae4b542ba9b7250d354bbfba08dc59e535bc7fc,1764513698,1764513701,2141,97749,,
0xb2302e64ad95746ec2c6a2387b3a38ef4f79b489f46751049dd201258f20d519,1764513698,1764513701,2141,97749,,
0x91b6c39ed4dcc3fa9d46975b57308ee6e3eaa5a947121ec11a57b8c46ff9e288,1764513698,1764513701,2141,97749,,
0xa335becd615beeb6fafc0755d029681887b485979e8155840a640c2ac2fa2240,1764513698,1764513701,2141,97749,,
0x7d46e44519511d466f7ff41811cefdccd9165c552046f17cf85a01b9ad4a3a37,1764513698,1764513701,2141,97749,,
0x544c6e35b7f555088e37fe8210fb9bf8493947ec9748fa49dbf690d0708d2276,1764513698,1764513701,2141,97749,,
0x908e0e200ecf160cb36903453c702299351486eaa99c7cf29b87c8ede10deb12,1764513698,1764513701,2141,97749,,
0x6ff4bbbcb3646b2a133075203a05b879c34fc0f9f8eb3abb8471346364501f07,1764513699,1764513701,2141,97749,,
0x31295c1b11dd35e9a2929004425774fc7af28a9cf1a5b6dafec262b79c2c9393,1764513699,1764513703,2142,108165,,
0x49740b073c6ab84cf311b330bc1c6fe15112b5dde4a20e1a2401394a5b9910cb,1764513699,1764513703,2142,97749,,
0xcc2f82ee561b401714c37b551ffc8ff4ab09f0770aa8990bb5fa11c9bfa34c4e,1764513699,1764513703,2142,97749,,
0x03c604d67414a343642baa8cdc1c2a84cce3facae661abfb80b9dd90e7af541a,1764513699,1764513703,2142,97749,,
0xb2fdce8d9331d0ff86a867a804a32cb74bb32f57e84c91696caa553f3878a391,1764513699,1764513703,2142,97749,,
0x1da0320715a84a2afd4621406188bacf364392e006ea4afb7d2a7fcdde7d322c,1764513699,1764513703,2142,97749,,
0x58798d450d0bcf6e01253f3dc6fc2a85cffcd8db45281ca4e04a3bb75be2ba98,1764513699,1764513703,2142,97749,,
0x73d13aa7a9535a8a12637026712a250b5245222ea6b6104392a9cce01e229cd3,1764513699,1764513703,2142,97749,,
0x14378efaa75889faa7961e60319eedbf914ac3dcc62aaddb7b9357e67676a5af,1764513699,1764513703,2142,97749,,
0xecd68fea835ecad8f9e67e8f7e7e32389ff0583fa19a45e78d9b87994fdeee3d,1764513699,1764513703,2142,97749,,
0xf4e2c1527c87a85a0714177cb589b736fe2a2f5710e48889b86a30b3b00279bf,1764513699,1764513703,2142,97749,,
0x90ded601cfc8f872bccd8101f1917ec239dfe34f871dfb51422f0ff5c1c90baf,1764513699,1764513703,2142,97749,,
0x034cd6e8d882e92b8041b0cc6d4981bcfbefa4023cf702b7674e27130c4df6f9,1764513699,1764513703,2142,97749,,
0x3d58f883952090b19be6eede50e034ad96e9896910e9398d6de5c2e0b4eaa0b1,1764513699,1764513703,2142,97749,,
0x023ade81f5b3760743c597234e0814a2905c71b51ad03378ebfcbc15b31938ba,1764513699,1764513703,2142,97749,,
0xc1361827f8143d9954161e7f47051166f6e5424c3ff7772c0d46ad78c1e96a12,1764513699,1764513703,2142,97749,,
0x73bd3f1627cd9e358db2ee2da73d859ccfb129c1efbf1dec114ccfbc119ca463,1764513699,1764513703,2142,97749,,
0x266d0585a823a55b9695af5c4f5e581fc80e2a55a76bc89f1369a3ac0b9d8f01,1764513699,1764513703,2142,97749,,
0xf339947c7bd0c0af31a289164c83fe981a14a1614d84691c00e19437567c1dbd,1764513699,1764513703,2142,97749,,
0xac258c5205914ea05ca6c2ab542a0d98d01a8ae3d0f0632f13a236990afd3938,1764513699,1764513703,2142,97749,,
0xbd18852506c24b1a179904137ee376a2f9498b7237d4f6c478fa901884afab7c,1764513699,1764513703,2142,97749,,
0xdfa92e2ae9608e222589c96fff218981cbba4a4c8000f1532a2435ae048663fc,1764513699,1764513703,2142,97749,,
0x3d3fcdc43d09532ff5744fb9f7a5dc53681ca0cd4702769767cafcf55016d304,1764513699,1764513703,2142,97749,,
0x4a490575be704bf428aa99a5241764d76ffc9d11e3ff5a09ade7df0500d1a018,1764513699,1764513703,2142,97749,,
0x2b5ee7ee197687b46d02538d2cf0964d8ab13b9fc8265621be974ce0d2db906d,1764513699,1764513703,2142,97749,,
0xedbb6a012dc7cca6d82b7bd575f445498e761d1f23a3489510b423f6b6970ac1,1764513699,1764513703,2142,97749,,
0xe742eb0e438d9f781a2938505081b9210119151556498537ada0b6b715ced5f7,1764513699,1764513703,2142,97749,,
0xe6e52a0ae45e127419de5e8d4f775ab591bb2a736afaed8140b0dc546ae435f1,1764513699,1764513703,2142,97749,,
0x2efb72c9d257f1d0dab002fc3f22d8d26a8c1da2d0eb46bbee85759b914db6b1,1764513699,1764513703,2142,97749,,
0x99ade44fc14fa6d4b4065e2b4c6b8f227629f804c832c2eb92e8c58bd504e746,1764513699,1764513703,2142,97749,,
0x4aaaf7af9fde2facf4b21b0baf55d58fa7c8af06f6d6d39c259eab3a91553868,1764513699,1764513703,2142,97749,,
0x6ae4e1257d754abc07bde5129ff9d39e631533adbb11f875d33d2b805bc845d6,1764513699,1764513703,2142,97749,,
0xc8437abaf0e24d3ff448352e10f46ca98b4738c2515fc9631898185d21aa9797,1764513699,1764513703,2142,97749,,
0x92badc4e4c7eaef115ab30e8933bafef49f1d61b27c691bb6ef31576fe7e4e03,1764513699,1764513703,2142,97749,,
0x73d51ce32e0eb818c12498df9776b36a81857bce8d2f6e849ee76247b07a3696,1764513699,1764513703,2142,97749,,
0x443a11555cbfa9f0f567ce0ba8302c4fcb90960a5069ea472561d040eafe7fcc,1764513699,1764513703,2142,97749,,
0xf1d48c51358b88247bbb3a95c07fee83ee3226a22524340399545bd8f8a37296,1764513699,1764513703,2142,97749,,
0x1332bebb58960bad9ce9d1f7e135cfd45c9cce5495a56adc79332400fbf9c4e1,1764513699,1764513703,2142,97749,,
0xcaed522fba4a08f5d021c9c37d117c4b4db90029fadf7284d85f12af34cdd95f,1764513699,1764513703,2142,97749,,
0xbdca6df9d8e5036456688601a6f013dfdc9a9c087c86fd85f0194fc58952a85e,1764513699,1764513703,2142,97749,,
0xe5d37c9e318a9135660fd5f0b7ba6a7a8446ad4505f9c19d82eb6b96221d4f62,1764513699,1764513703,2142,97749,,
0x11586cffc58128179722a9447d9734975f45562e3813c044c00b758d8f118a66,1764513700,1764513703,2142,97749,,
0xcaeb0c17f161479487fb9bca49a140403791988d4dd512350dc30ffe4a80fe38,1764513700,1764513703,2142,97749,,
0x8aacf0293eccd0c0cf0e1bd1eab43782277280175846c98a658f887a7a30d957,1764513700,1764513703,2142,97749,,
0x37f0901815eaa0f679d8ff7b7840a086c5a0e67d73ff1bb7433fef72e17152d2,1764513700,1764513703,2142,97749,,
0x2d6a9ccfd15de736aea1ae6fda55000c46281e3f442ee56c0b79e2c2f11881f7,1764513700,1764513703,2142,97749,,
0x00d215a84db9c57173706023a38d40f23bea930252b35a61c786958e80550077,1764513700,1764513703,2142,97749,,
0x25e743a36449639e756fdae6a669ac40441d3b6a19ebde9620c81c837120715d,1764513700,1764513703,2142,97749,,
0x4c55dbcc094883867d95332f22177cebd6c93d97b8aae6ad7969cb034e969012,1764513700,1764513703,2142,97749,,
0x35fa7b017ce3aff800da1fa0bfadfdd7428b15f879aff898c00a7448645a9907,1764513700,1764513703,2142,97749,,
0x31e40a8b35851cd2cd9ccaf777ceabca0638659c855b9dd4341ee09dcb638a57,1764513700,1764513703,2142,97749,,
0xa77c54172d8d18b303798b5c5dab655428373e95bad296860de8f9fafda58e48,1764513700,1764513703,2142,97749,,
0x2028254dbf8e01e5934d878cf314da60b9b3faf2021f94b5342e70d93e754076,1764513700,1764513703,2142,97749,,
0xc39cfff129a6e02c0ddc627669b821372a3205178f3957370d2205f7c5232206,1764513700,1764513703,2142,97749,,
0x73cbbeb58a06137137d0f68fecdb32db4b897fe38c7914d8f835633acdb37222,1764513700,1764513703,2142,97749,,
0x7db49250468f2cd5aab2d22ec7d0b68929583edfd50472d08866001e2dd2a593,1764513700,1764513703,2142,97749,,
0x4a32c5a29111e608d06ff030b8e40316f4a363d243b5419c102ce33b23ae3974,1764513700,1764513703,2142,97749,,
0x9cba28fded3667d3dc090c171cda8bcf481808e18264af95b230cd2877a5c04f,1764513700,1764513703,2142,97749,,
0x526ba866ef8ef644d7b17416c0b6df9d6dcd65ea7c864790a49983406d12f176,1764513701,1764513703,2142,97749,,
0x4ff84172fb8f106c8ae48fb903fa24894058215e071462297f4aac452b47c609,1764513701,1764513705,2143,108165,,
0x4b7fa2bde994c1647477e0cc29df3322dbffa4c29e84596368279a1183278953,1764513701,1764513705,2143,97749,,
0x5349a23016608bb3b43b867102f94a6a84875ec23286ade7a445f86eb3e94e37,1764513701,1764513705,2143,97749,,
0xa70fd40ec0b48184315dc700a2201d01afa538ea5bd8664f6cdd557ddb707b35,1764513701,1764513705,2143,97749,,
0xdcaa42a9c3d62ed05135af8e292ef955b01ad821665dc942af8f191ca3bc1a48,1764513701,1764513705,2143,97749,,
0xfd7d94f80298fd4774011b6e9753da9296fb53ae7fe89de300ebab6023be4429,1764513701,1764513705,2143,97749,,
0x47a0fc36b0131ae216c190ed1c29c1a95558823b51ef6d19c6d59ad0ee41aaaa,1764513701,1764513705,2143,97749,,
0x24700bd9d44755f57120a11b3adda88137efb7f37c7e19ba254782f199d702cb,1764513701,1764513705,2143,97749,,
0x8c0273ae943fad7978bce4fa80c7f1ad06acba0412452233c7133941ef608068,1764513701,1764513705,2143,97749,,
0xaf2e4304775d789d27531aa994b2c6feb46ad4b5601d2c0cf8008a4847ce4ce1,1764513701,1764513705,2143,97749,,
0x4f00d154a817b186e33a57ac3dfef445c633bd3eb4e270c9ffff977f7c267b74,1764513701,1764513705,2143,97749,,
0x266b354501b2b0cba71d3ad31f1740fe68403e73ee9680bd7d948aba3867d62a,1764513701,1764513705,2143,97749,,
0xa3d1277bb5c9819ab8be724d206985fcbff9524300c383ede3d47e7d07fcb9be,1764513701,1764513705,2143,97749,,
0x6c4eacccb066f32becaccb53153b5ad15b15350a8db2b2bb393b0a44d0a1e52f,1764513701,1764513705,2143,97749,,
0xf33cc2b85ee7061b68f4dd59750c81926ad7e6dce38b3357f3f5005f97493cd5,1764513701,1764513705,2143,97749,,
0x99e93834d79f31c2e00e20536e1f20a667ffef3a10464e21e0d5173a2f91c75f,1764513701,1764513705,2143,97749,,
0x3276a32bec4090d5f8bca71a48d833f493e3410cb022209f49d4b9e7598e7edb,1764513701,1764513705,2143,97749,,
0x854f587f98bc8aeaa3b64faec7fb0d36c89f72b5fe7398b6d2229debd7ea7401,1764513701,1764513705,2143,97749,,
0xceac05c3d76512058cb9b9f5b63d50b37c1df330ebab64fdc8b5edbedcb41d3f,1764513701,1764513705,2143,97749,,
0x53ffc022f0fc355f486d24f4ee44eb161498da4267da37681516eb257c9c639e,1764513701,1764513705,2143,97749,,
0xdfe0bf136a9845a010b5c9992ecf3734a28b83fc8a11030b29c29988cab7670c,1764513701,1764513705,2143,97749,,
0x75530e3affab3bd28a2457dd80da5d78a72a589a81eef0e50216fbb48e38728a,1764513701,1764513705,2143,97749,,
0x9bd519be02e96e25a78b48009218de38d46385c8277a28500b3f869709d667d3,1764513701,1764513705,2143,97749,,
0x5528c05f4c466dd273ba46dbcbeba54ccb19981227fc527563350a19a784b7c4,1764513701,1764513705,2143,97749,,
0xedee77c59ba9ba8f547cfce2e40b2bc3fb54c6451ab0cb86152951cf55e848ab,1764513701,1764513705,2143,97749,,
0x1508295a6ded55b500ccdf5399cb2545b2b4e0e91c865c33f472ac34229730b5,1764513701,1764513705,2143,97749,,
0x8f9968f01e567ba535afb834ec930b5368e33f053faaa3bf8e8904884301f1d1,1764513701,1764513705,2143,97749,,
0x8a33dc44374114102979dc11f12523cd976a8495fc2fe9e9d8514e5cfe31ddb3,1764513701,1764513705,2143,97749,,
0x7a027574802ef50a4c41c75dc0457798a47796b036c88ff86d53b4e4e5770573,1764513701,1764513705,2143,97749,,
0xeda2b8dcf7590e496d26d176c70c5bc8e62c4c1448050b4b24788a8977df11ce,1764513701,1764513705,2143,97749,,
0x0b71d2c5bfed802d138caa0d2b7b55a034bc6aef2ab4dfa265c35dd5ab488124,1764513701,1764513705,2143,97749,,
0x7d24b072b348d42ed8561568267203b2a0f3acae110941265d096a693df53974,1764513701,1764513705,2143,97749,,
0x3cf3f2733d37f55d3d174d0c39fe0136e39c3deccfd9e7ea352c82fa7d2baf1e,1764513701,1764513705,2143,97749,,
0x876a3b8631eea80e69bf35e8be318d4811b015e7c06ee705628e6ec4a9f294ea,1764513701,1764513705,2143,97749,,
0x1612be461e2b5766ce42d98f30454eefb938217b1b5d2ae32ba1307cff8035da,1764513701,1764513705,2143,97749,,
0x737c3220b81e8b02fda5021faab874a8886fe8bf0fc4c4e3c07b33e1969595ae,1764513701,1764513705,2143,97749,,
0xf21352a3fa7a2af83607a8344ad4d16464b2e55fe3552af509dcf0496d025ed5,1764513701,1764513705,2143,97749,,
0x840c7d042977ff2100975aa508c8d4096d749980617961154f91952a4e269c6e,1764513701,1764513705,2143,97749,,
0x4f5aa81493216fdb0789fb05ca56fd25bbccee35cac9135bea76fb23af15db8f,1764513701,1764513705,2143,97749,,
0x5abece2ddc98306735a2a8520452ed3106d2a0756750a4160c5a8733b58fafd9,1764513701,1764513705,2143,97749,,
0x351d3308bd85c5f4ac814846a808722fc512a3a0fefe4f22984cfdef7205b752,1764513701,1764513705,2143,97749,,
0xb8949894304c66104b5b12906cf06e71cd3a953cf4a08138814a4eccb8c7f593,1764513701,1764513705,2143,97749,,
0x773ac6ca39de177335543e6fd21863c44fbd2966096ad029653ee320cf92a986,1764513702,1764513705,2143,97749,,
0x99a896f9b729bff1002ebad27fe7fb55d36d5936379040d6935a11a4e7966817,1764513702,1764513705,2143,97749,,
0x8183034b839a4796a40daf866e99df3dd91ef68341422c34f9725fec5113b994,1764513702,1764513705,2143,97749,,
0xf67514f949f8949c1c7bacde49971f484f530b4c7a8b9ba10df0a5ffd18cef28,1764513702,1764513705,2143,97749,,
0x6d575b4b46454392c92ede5c912f835e23bc2412879af4789ea4fabebf52da47,1764513702,1764513705,2143,97749,,
0x5fdfb66cf2125e2804f751c805028b4238fc8de81bffe3b36fc5d763d25d16f7,1764513702,1764513705,2143,97749,,
0x793cef4b4fac3266ef08e54ef696da572763575ad4d0536eb29dbc5b50033d2d,1764513702,1764513705,2143,97679,,
0x441ca27d42cff64a13c848212ced9d14c65517352a044047684c7e4b5a9fd658,1764513702,1764513705,2143,97679,,
0xc5f5915b69bc1690ebd7fe2c3daee098121f64a5b795f83495e9c44e11500dd4,1764513702,1764513705,2143,97679,,
0xcd58c2683990bdaedcbabcd19c541416c482e10d9f306c16b50791e51a017bf1,1764513702,1764513705,2143,97679,,
0x6c050d05f7803071b1d1269f22fad2c253be01e311c43f807ac36e34a31cbdaf,1764513702,1764513705,2143,97679,,
0xaf81335498511eea127831da5fd8ad440bbfd0d4117541700084a8e26182181e,1764513702,1764513705,2143,97679,,
0xfca6142f51dd66704d855797b9ba42f3fa8e1c1bb895e8cac65e7d5b0002c70c,1764513702,1764513705,2143,97679,,
0xba5b10f808259aaec469a02e2539aa6701d885dfcabcfe753ac3a7a5239ef684,1764513702,1764513705,2143,97679,,
0x92aaf226fd449a893918d5e3cdc207c5db75c4d480a3f8b41cb15d602dd4c300,1764513702,1764513705,2143,97679,,
0xf1e40862fc5b0b581358f82596197e83cc097b5c1d54799c4be5a54befde5d1f,1764513703,1764513705,2143,97679,,
0xc2dcb3680ce1f5c720ea1b8fb6b0550ab29cb0392f9b96301de1a42a3a040ae8,1764513703,1764513707,2144,104452,,
0x48b073a024eee5cfccff92e170d970ad5bc6716fed7a4373c2553884ecf8c8b4,1764513703,1764513707,2144,104452,,
0x7c67529a8fd458e7735f9087a3674efe6aa8a60620ae13bce8abba0087142dc0,1764513703,1764513707,2144,108165,,
0x94befa32ed41d8e7088da5f1893095d4d7cbf7f347561c1444a55f83ac421d2b,1764513703,1764513707,2144,97749,,
0xd9e54412e94037cca505427c5423a3a73b904028d3fa727e9fa4d982d79b62ef,1764513703,1764513707,2144,97749,,
0xd2e89ffee402cc4f5acded7310c01aeb0f80d76d01eae9a50f851f5cec2c9718,1764513703,1764513707,2144,97749,,
0x5960503899da5334f7b38de363280576614011cc7bd500b2a7f85b60ad6670c0,1764513703,1764513707,2144,97749,,
0x4bea28f701798b3ab627b599392f6c95ee7cdb7f48de5826d873515577ef677f,1764513703,1764513707,2144,97749,,
0xeda814fcda0671330a3da183cae12a36e051b2ce4293acb788a42d6985f256ab,1764513703,1764513707,2144,97679,,
0x49610efeac4bbc43c8144b22e26bb2ade68dd1f9906ecbde374c5737c50636ae,1764513703,1764513707,2144,97679,,
0x21e5b7668fe5b7d8b11964d9d932c62f4f94833dbb32fd761444b50d850ce5af,1764513703,1764513707,2144,97749,,
0x99773f905bcbee3f80377a777484cf076fb346a03ab733c783cd024668c23625,1764513703,1764513707,2144,97749,,
0x280eaebd9bb7bf1698881e7cc58c29e28d54cbc1d95da37c607a4ca2accca782,1764513703,1764513707,2144,97679,,
0xfc79c41865e8d24811e82d77ed98a1ae66b89bf4a72ef154b1195fb0b31c9ce3,1764513703,1764513707,2144,97679,,
0xd404d8275ebc24a3bb1acf5f13b41e9ea172e8b27a5f6c96f38a5a7803dee14c,1764513703,1764513707,2144,97679,,
0xf9ff279841e4fb9ce2f8f99e2b4eb4d99dff349e30d88ed70f827082a342261f,1764513703,1764513707,2144,97679,,
0xc436ef7edd82595524e8358ae4261e0251371d33c7391c0722437bd41df921eb,1764513703,1764513707,2144,97679,,
0x37fd691528eb665d9ec78be41c1b6a24e064797a28c76c755fb060334ac07d02,1764513703,1764513707,2144,97679,,
0xfd30821e64a6155459923199aaece92afd04ce1cf6d39f423ca830775923aa66,1764513703,1764513707,2144,97679,,
0x9490ffba1a82b8b2448afd2093916cd8bc3ac5fd583894d2d1f989b32d3df032,1764513703,1764513707,2144,97679,,
0x0743e6bb7f655105aaef9326efd502ba39c19fbc29a1ff7fc0e7f7d0ebd7c5ff,1764513703,1764513707,2144,97679,,
0x18e4729a4251872d2da9c85e3810b6f5ac256726e93700b84342f720d49a2c6a,1764513703,1764513707,2144,97679,,
0x0ac54ce41cb569c4eb1b8a79a68d6f0a884562b1b6fab2189b1a1286f5f311d1,1764513703,1764513707,2144,97679,,
0x4de103031796c0075d3cdd5f977bf349299e58c19dd64a4568f7fadbc7881a74,1764513703,1764513707,2144,97679,,
0xf530e630ef1b631476f2d18a44d038dda53f91ec066aa9b5e2870f0d8b5f616a,1764513703,1764513707,2144,97679,,
0x91dff8838f5e712aeb659ed926aeada03a2e0ccb69e42d8f70cac8d755a68fb5,1764513703,1764513707,2144,97679,,
0x852402557a226826db9e7e67a6fe05036a6d38fa158616e28ac5d6c8f1856e4d,1764513703,1764513707,2144,97749,,
0x33c4a369ee4de69ba8cc52e18ad080ed11290053037feba66fef8ee5b19acf71,1764513703,1764513707,2144,97749,,
0x1302d362703e92461ad2983065aca87c0d5be873db15600306ad2de708c97d51,1764513703,1764513707,2144,97749,,
0x6220a6dbb57449293267e14f321e2ad1a7d538278241d28df98d1f2874fae6e0,1764513703,1764513707,2144,97749,,
0x157c4dc331761e13af92e9936db6d7c8a1884ba560ee7e7e5bcadb15843f3b47,1764513703,1764513707,2144,97749,,
0xda40d17ceef40f1d80c7c937942a612c150d4ad666355c5e9fea682b0fd43f42,1764513703,1764513707,2144,97749,,
0x72b2c73dff56a215917814d8fba5869372f0598ba445a20ff27267a102d334c7,1764513703,1764513707,2144,97679,,
0xd55871296a664809d83602027b3be840245952c7a6c0ef7a6278f08e7ce8145a,1764513703,1764513707,2144,97679,,
0xad85982f74111a66871db3d378dc2744d4e93de75beda107776a9152483653df,1764513703,1764513707,2144,97679,,
0x133c11b2fea0f26c78745ca5e4c816ba5ca25b013f58e9aab9982caac6f75533,1764513703,1764513707,2144,97679,,
0x0bb4d3f4d737c3b87714a3b810aaad92ed27b977d2e203e4cf5d63162a664599,1764513703,1764513707,2144,97679,,
0x07173a53febac2ff271985e1479bedadd792581b00037f8c94893d1bc20810a7,1764513703,1764513707,2144,97679,,
0xb366e390b8641e06918ee1e2d75405c41d5eab7339ea03984fd98c904964d546,1764513703,1764513707,2144,97679,,
0xf77b051eb233708883fe8ae142bd6850870397948d1c03592076d6f0d0d2da3a,1764513703,1764513707,2144,97679,,
0x01e7a3b134311e2e14cedb56792538f3acc53b5a9c6427b439e2018f0c146844,1764513703,1764513707,2144,97679,,
0xdb5b2c1e618e6c7628b9729497a3779f842659240dd9193f9e042f9289f7a909,1764513703,1764513707,2144,97679,,
0x7dc2e3d2beae1d845b0eb0460432ece0fa18edf8b54ce3e8ba72e23c2989ad56,1764513703,1764513707,2144,97679,,
0x4eef6a9751cb561d4c696e4fa8c5ed25179d95e6c9c361adb19afc624f2a450a,1764513703,1764513707,2144,97679,,
0x0cc254e49429c41a90eb511ef6b1d1b316e6b5d5e26a27765ed81316e3c57397,1764513704,1764513707,2144,97679,,
0xe47e006294804b6b9f70a0c32d680070a9b7129d7ccbe9a76a7b7cf65c43874a,1764513704,1764513707,2144,97679,,
0x4c4cc67b9afaf9c1c120d06f12b1989ab125082059ef0c11d528a7a5ad93990f,1764513704,1764513707,2144,97679,,
0x9b35e448d89f922c974e5e6d0ff05a1fb2c7ab1f3897b030f2b999394ad64318,1764513704,1764513707,2144,97679,,
0x7ff08ae28f2472953d10c094d66c42f025a91f7175d9c86257b6bce7ad8e8c83,1764513704,1764513707,2144,97679,,
0xef7b90ce7998e784137fee9550e6db3966a046119b3448e8d462f102da2b4599,1764513704,1764513707,2144,97679,,
0x30ce6bf72de218f9f3f97a89a2e092783bc316c7fd081a32d7c9b9af3b22c24f,1764513704,1764513707,2144,97679,,
0x93c321f252cc5d5751fa945c89cd9ea6010f05a12a7be2406d6b2bc5e10029b8,1764513704,1764513707,2144,97679,,
0x8a67e8d5af1d0da0639e5e16c90b74534d3512d28835eff7b947236ff152acc7,1764513704,1764513707,2144,97679,,
0xc23955b76d1f2bf342efe7df3999d1637e8e51c5916d79972c90262aea27f8a6,1764513704,1764513707,2144,97679,,
0xb3497780dec2212f207bfda61093ed00b3e80618acb4df946d00038dd1813340,1764513704,1764513707,2144,97679,,
0x8aca964bcf96905a3ee62e9b1bf32a210de6c9c1fe245fd3afaeec87c43484dd,1764513704,1764513707,2144,97679,,
0x937d05e22c3290a41489b0dd21dc999dc6a3963e1af8436b314268195b2ccaf0,1764513704,1764513707,2144,97679,,
0x21458d75c5e1216dc7585ad85e20c7e1ce0f20594b4183b273a352fed683f2e0,1764513704,1764513707,2144,97679,,
0x22aeb81cb271230fcbf653e363c6b0c806bcd0fb21b9a94a3117439d431c2160,1764513705,1764513707,2144,97679,,
0x8aa5cf3a74b2895a8267f45876b60c852195afda76e5ecb794b31be8dd72810e,1764513705,1764513709,2145,104452,,
0xf79bd3adedb09fbd97df7e0acbec8a02e6cd3c7679fbfc341a08b53518e08bb3,1764513705,1764513709,2145,104452,,
0xcfd5268be7dca8eccf355ac3684e6f69dd556ee28498159f5f68b97401aa9d8d,1764513705,1764513709,2145,104452,,
0xe435255a78b4bae3dccf86550e99eed1daeaba2b27bcf851a374f988e44bc764,1764513705,1764513709,2145,104452,,
0xf3f5f98f6db10339ef22fe9ea3fffe69c754d82fc2158cd7b32434cde4d62122,1764513705,1764513709,2145,104452,,
0x7f21b51a26d1148f95e5dee3d9dc6fb4302154ecc963572f6a5cc18e691709e1,1764513705,1764513709,2145,104452,,
0xa66604335aff86b935f64e96bf94e0b6624064cfb781605c4bd044616fdcf55b,1764513705,1764513709,2145,104452,,
0x672ccb5532a9da6eabbc10e97907c1292d1eefb371da4afa17cfe2a9168a34c0,1764513705,1764513709,2145,104452,,
0x172143947174aed113ab7e59caf8216195e77792e46db27b9b15e933d7aa1d90,1764513705,1764513709,2145,104452,,
0x2d6405b28455e0d01811feaee4d3d948121fa492e74d7b2c904b41320e33ebe0,1764513705,1764513709,2145,104452,,
0x8992b0af6088fefdd712d792c80419126f592655602b536fe541d07eee1dad2b,1764513705,1764513709,2145,104452,,
0x63386c18b3ecbc844f58e6067eb5ec45bbbb09a91dc08f8b9222e3bcd9d686a9,1764513705,1764513709,2145,104452,,
0xef7278cc026ee42941b812851510e28c4c9a0d82f63eafc272ca995bfcc5d311,1764513705,1764513709,2145,104452,,
0x240f8dadd6570ef44ff1b9757dde669d2076f4e15b1a286bb5eed8f69f49aee5,1764513705,1764513709,2145,104452,,
0x8ee566dcc639b50df853e4caf141d0e10fd6e6372c3664da6c1cb85d2492253b,1764513705,1764513709,2145,104452,,
0xe37b2da8349f8c62875cdbc0a2ecbf9f67e8292523d43c052916db12fe9d991d,1764513705,1764513709,2145,104452,,
0xd2cb4cad42ea03ffb5470245411c054875149814f237f3ba938886d20e26f483,1764513705,1764513709,2145,104452,,
0xe03cdc7b40c9e7efa5fe3e059904d78cdfa7b6b190af4b72118916a05876df03,1764513705,1764513709,2145,104452,,
0x7970971630bd7a39f79ef30844c880e3cca2e1eb2a271d7f35901b5495abd6b3,1764513705,1764513709,2145,104452,,
0xf57105006c4493756f8b7142eebd34bdd357586e332b91a88e5fcc843f8ef900,1764513705,1764513709,2145,104452,,
0x02cd7623198fc707a34750621553eea2ccfebcbe0b2a9288be9226576b191be9,1764513705,1764513709,2145,104452,,
0x7c3fd218fa879de6077e0778f0b6613b0995cfb989b17db80b6aeba35b0db3ec,1764513705,1764513709,2145,104452,,
0x0e399901520dd0bc52ffc463dc384fd96be6d9a6e69c67974367b8d73f26915e,1764513705,1764513709,2145,104452,,
0x135059995f7c0dd68a14ac2557d36270b291c30aa3a336578714eb2217fe6d29,1764513705,1764513709,2145,104452,,
0xcc7264b217b2244740d85841d9f1ca8e0db239f47e7deaa3ab43d5263e6622ca,1764513705,1764513709,2145,104452,,
0x90e0f9fb88a4196bd40486d93166c45b1461a81753616f886210ef62bc8abcc9,1764513705,1764513709,2145,104452,,
0x017b132e025b0026678b4ea69f8306383d8d173a3db55433aea9810006e51d87,1764513705,1764513709,2145,104452,,
0x8d429e0ef33fd328174ff53e0eba102eb9babfa239968a62b887bece86e2a9a0,1764513705,1764513709,2145,104452,,
0x2008630e74827ce6de9fac972efdd324a91a91637be67ace77388d3dfa8b575f,1764513705,1764513709,2145,104452,,
0x883377cef7bd9ebcf9513bb4d5bceebcea6550a3162249f071dc642203a641c0,1764513705,1764513709,2145,104452,,
0x418a1a7c83e273dfbaa658758d4f5993ba2609e73411d4f3f318f9137409f610,1764513705,1764513709,2145,104452,,
0x2572b18b40c49b3cd62d3bb035d69aa413af03a3f7aa41e874b20b37cfe48ed0,1764513705,1764513709,2145,104452,,
0xee70a924bd2a467a3af23e97295ca3fa1258bf9430524f1a28641a4117a7aaf8,1764513705,1764513709,2145,104452,,
0x054999fcd6d71b42fa38d70274086d51ae42cacf5928a1df98811c8c0b5e220e,1764513705,1764513709,2145,104452,,
0x791abc0235ff9fd3f81e5dbb916ebc63c013f291e1bca941657a38b078e44392,1764513705,1764513709,2145,104452,,
0x4b21e40e7f8a44d50014482f8f186542efc035f63f9b9f0b69f7bd8671d6f6c8,1764513705,1764513709,2145,104452,,
0x1d50abd071ae38959a95820e82c701af42676324eab19edfa8d03dc85c42fff5,1764513705,1764513709,2145,104452,,
0x7a5dfb79b3c4211e1cbfdad50428161e8e8f5fc150549e0298e743714ce40204,1764513705,1764513709,2145,104452,,
0x02ae09fab835075595521caf20166121366983354f0692104c2bcf5c5d537d02,1764513705,1764513709,2145,104452,,
0xd59016a71f2211d84688cdcc82e92330e858da87c86b3518f5c6bd1a529241f0,1764513705,1764513709,2145,104452,,
0xea874469e330deba3bff43d7d5c528d3a72c2f34b41a9297f835ecb35cea9261,1764513705,1764513709,2145,104452,,
0xc78a70518eb6ee24007585ab4a9628f0faf12f8939058ee99413ab88697c5038,1764513705,1764513709,2145,104452,,
0x5dea7c5bcdb30168553f69c32918627b475aa2b878f06fd1a89b89aff6f06aa3,1764513705,1764513709,2145,104452,,
0xc75086e686c3725ef5bbfdce26f21c65ea395e93e039a389d346acdc8bbe5dcd,1764513705,1764513709,2145,104452,,
0xb5063d3deb75ab4f2f2331f699cb8a28b23a1ff838151a114b724e7a67eda253,1764513705,1764513709,2145,104452,,
0x3afd00d506449ca05b572e639fb1dd452cd269637dd29346c72ecd6efdff7b2d,1764513706,1764513709,2145,104452,,
0xb70c844c2399ed85fab831fda54230f3a6095c9eef4e6ab514f9d72c417ad778,1764513706,1764513709,2145,104452,,
0x472fb16eb0f4e13fa6515da631ebe7a84072cf756d7d5439695bd9d16905bcf0,1764513706,1764513709,2145,104452,,
0x516c229679aae4528c1133aebea6d3e8549e72e64e09a9479c92cb1b0c20ebeb,1764513706,1764513709,2145,104452,,
0xd6befd2128a25144d2e1c77e772ec77ad59f1b456fa3dd7b80de802732d74c61,1764513706,1764513709,2145,104452,,
0xe1ebf075680708f03bad7b112a1152fc2efa51ae84c09dd76ce03ab619dee80a,1764513706,1764513709,2145,104452,,
0x65d2c86f9572c15508dce3153787838e26392b36dfaa641db7ec2c2b6eb39791,1764513706,1764513709,2145,104452,,
0x75624c33e330c292007fceac14bdbf08554ddf4ca1fb5e2dc2f4e950a9586582,1764513706,1764513709,2145,104452,,
0x59835286b401959326732b7dac844c853a6609b4af80ac052642c1d12bff64c7,1764513706,1764513709,2145,104452,,
0x9bff0e8772b81ff93e8c950b1ea2b1c32f640551a1d69aca8beac84722a1b7a7,1764513706,1764513709,2145,104452,,
0x4425dcb05f49b39acd5020117b64113ea9e124d10f9d190b5190417a42caf4af,1764513706,1764513709,2145,104452,,
0x165766ffb9ec5815aaeae2a3f8614987c19045850b4bf548c799ff760ac3f0cf,1764513706,1764513709,2145,104452,,
0x3788c4536bd231c3292369bb39784da41256ac282d23db393e877259c63078b4,1764513706,1764513709,2145,104452,,
0x6fa52c3cca37a026d52b737c864ad8408a8e85094d7d98d5005a92e0d3328994,1764513707,1764513711,2146,104452,,
0x6849a2cc3a5278527b23ecee01f205900823107e2312d5c59e6a5d9e6663cf3c,1764513707,1764513711,2146,104452,,
0xc3a7a6b9ab2462f999b85d1de376af1e4ba98e61d72910eaa6190621f4ca395b,1764513707,1764513711,2146,104452,,
0xc857bb88ffeb5d622f07a2c1c67fd3d80b0936967815444026d08c5503ed2acf,1764513707,1764513711,2146,104452,,
0x2134086550c7ce6d77c714e2bfd63be16344d4fc4fe2bb0c2a88b66e0ff72425,1764513707,1764513711,2146,104452,,
0x4a183eec869b706b70a7c09802c6b87f97705266819c276586c7c51f88ab71c7,1764513707,1764513711,2146,104452,,
0x79d29fd73e4def8962c59163ed3a004bfac6bde4429b1c37f2b31b18b8824b53,1764513707,1764513711,2146,104452,,
0x19791f38072d2f70beaf38ce7ed1496d169bff4eff94fe2e3415336b9218cbd6,1764513707,1764513711,2146,104452,,
0x99e5fa9c779d374525b0f02e8f929c87b84e683fefcc644c1f81e5e0c4e5da5b,1764513707,1764513711,2146,104452,,
0xa95fb5a0fe84a8a269f03604e4758946985fd443afd04e9e105747880b05eac0,1764513707,1764513711,2146,104452,,
0xa3cb77f04d862d84004bf3d56480bec06efbb9ecd7671cc34fa9cae800787bec,1764513707,1764513711,2146,104452,,
0x0f08ae6303a02460877dd80b61b4b95bcd14c4b0dbebe2082dbef5f795612698,1764513707,1764513711,2146,104452,,
0x03a06bcb15d3de78563d3c721fcc42bba9131384aa1a2fd20c7462e17de2b8f7,1764513707,1764513711,2146,104452,,
0x3edf4aaef161f3e76a61455cf5e1b026ec6518e2c722512a184f712197f3556b,1764513707,1764513711,2146,104452,,
0x23f5393b8f6f6504590be28296ab852d5c634e1441de8d5385e5bd6734c3f114,1764513707,1764513711,2146,104452,,
0x106a8267e6fbcf68e8b8e15d77911add7bee65409e4639e642167a5f0b52b85b,1764513707,1764513711,2146,104452,,
0xe20f2a361623d6c6b7dcb5c7ccdec57a6299830e820966e2017e8f7645f7c397,1764513707,1764513711,2146,104452,,
0x04aed0b075152a26a9f5442230a0779ac5fc074a2ebb47be09566533088968d5,1764513707,1764513711,2146,104452,,
0x0f178ff74c42b0a81c24ecbe452e5cb0e8981a4a10c7bed11a3d7ee701e44ebb,1764513707,1764513711,2146,104452,,
0x6877d195ecc023a38366b7e424ccd36ffe41df017d10c13e1bbfd1ff4d67e99f,1764513707,1764513711,2146,104452,,
0x78b2979453e0d56cb42b35f4bebe4cf6d77d66701c0d05d5e509b886a04ec959,1764513707,1764513711,2146,104452,,
0x5f9e0eb801b5229392af482c304a286b250acf1b1ccf34ee93b0010ce83feebf,1764513707,1764513711,2146,104452,,
0x220b9350ddee660ec274209ef59e9d33ac1309cf55996b52140394b4d4fa6cc6,1764513707,1764513711,2146,104452,,
0xc2e25f377d2c974480b13127f7d842a3737fca83f709a916f24baea4a92ed42e,1764513707,1764513711,2146,104452,,
0xdd884b5ee2a965e400a31b930a4eebb1c7b1c19a5d5476c9a996411b1a242901,1764513707,1764513711,2146,104452,,
0xab60fe29d64e83e39545e54459e0ac9a2ab560c0dc2dc698e781f35564a8314c,1764513707,1764513711,2146,104452,,
0xbfc953409e2418abe88419711a94af95130bb9645bd7cf64816bba5744f39e3b,1764513707,1764513711,2146,104452,,
0xff242359fa3397dac35f68d7f4f846a7f9e88a81aba3f012a1a6d75edb111cc1,1764513707,1764513711,2146,104452,,
0xbb2fcfc13af453b26452525e9855b579416b86e5ffda1d035bda47f67cdea47a,1764513707,1764513711,2146,104452,,
0x9629cc11677b81d334710c90a038cb10ad8c659f0cec71076a73dba21e6bb3d6,1764513707,1764513711,2146,104452,,
0x2109249b4e6d39c622e579c1ca89e43380d0ed387cf8847a77fb79bebbd5ca89,1764513707,1764513711,2146,104452,,
0xac6acf40a627ec3b8581719828bde21e07594a6727771bf9919f481119f866c8,1764513707,1764513711,2146,104452,,
0x62c1e636510352495fd1c34361282e895bf148efc45e235b89e08f1919e9467a,1764513707,1764513711,2146,104452,,
0xc021b72901c70eab7fdc327c725753d80e37b4a20795b9cccf56c4b065a8a947,1764513707,1764513711,2146,104452,,
0x1c5e75fa020a1877caa08a8c4861dbc320520294e10436312ec66ffaf72ccc32,1764513707,1764513711,2146,104452,,
0x11662d0d870d81fed84395c6495090b3cdcc973ec1b29b113a5b8b1d48aeac48,1764513707,1764513711,2146,104452,,
0x27753990ac7a4f4158396b70294b94bdde60edc7c12b8698da8febd441446881,1764513707,1764513711,2146,104452,,
0x668aec6c622df3cae91abd069de6442770a125d1136642b75b79bf4f453ae50c,1764513707,1764513711,2146,104452,,
0x43076e671e38f50bb82450e04ff9341e4f70b2d975680b237db02e11366a6b4c,1764513707,1764513711,2146,104452,,
0x0a4c1ff36cbc9a09b0c2b0da04121289f68a7822e4300a873efbd69b6f8bd577,1764513707,1764513711,2146,104452,,
0x6f6b785707cd281eb9dd8393fb63bb232bb4a5fd575e5109c2c689441c1fe668,1764513707,1764513711,2146,104452,,
0x1cc20011234c2cd6f3353f129746eb8affc4260cbdfc561b0d629f5b497179be,1764513707,1764513711,2146,104452,,
0xe8140e2fb8366e459f9a3b02965095760963f8df77d3305eac50daced1767b10,1764513707,1764513711,2146,104452,,
0xa4d578b40dac15d2a12559ae7556dd5a18fc91fbac162c7cf6496d8b00969b98,1764513707,1764513711,2146,104452,,
0x4e94d36796165e9025e1c043b9c878bbe547a7c5bc42a1136b0ea80328bf0bcc,1764513707,1764513711,2146,104452,,
0x851c3200feb112e0e33e126072380c1f359232feef336bf985092510a14a7183,1764513707,1764513711,2146,104452,,
0x6553c3c91768aba2aba010a04413f1c36ddcfa9c5e7f0ee55f15c9559b4168f3,1764513707,1764513711,2146,104452,,
0x656067521dd51e4406be454dd1f2beb8548916cd2935ccc145e7f5b13b25e88f,1764513708,1764513711,2146,104452,,
0x72b2ab13b5eda1a3c2aad043d68d0bf8d9b5b4f74bf7d8ac29840635be0860a5,1764513708,1764513711,2146,104452,,
0xfa36240add729d1cd0387bbf685703c4e659637e99e8f63d9a8be9b03e4c0017,1764513708,1764513711,2146,104452,,
0xe0f2abaa5a52d3d0f60b29c43cff63f73d4f0cb44a2617934f5e651caf608865,1764513708,1764513711,2146,104452,,
0x409ad381f8c6d70ba21b4b29f04c01e561f859aff803b3dfe1ba6ccd057c2d42,1764513708,1764513711,2146,104452,,
0xb2a93ddd6d073c3372d3a8f9b4a3f154af43e13511fb2fd1eefd0690e6ee3710,1764513708,1764513711,2146,104452,,
0x318f2ceee7fbeb50d7eb6723bcd0f72770fd6e9b38afa3282baed605efc7ee12,1764513708,1764513711,2146,104452,,
0xb65e7dc17e6a6e8f0cc56f00d5d3f416b8e269a9ef09a504706b2888170744f8,1764513708,1764513711,2146,104452,,
0xfe8040bb10d325da2d2477d7b1202a8c21a7d715568029be9b8dfcbff5fe379e,1764513708,1764513711,2146,104452,,
0xd21f071458ae69f47e0c6a2bb6230a9283b282b37a1aed5ff4489a97395e5f2d,1764513708,1764513711,2146,104452,,
0x2e2088a93648a3daf18b1ec945c4d446a02b8e99aa6d1d49b587477a89bdb9a5,1764513708,1764513711,2146,104452,,
0x0e17eed8b62f5bf2ac86a54c17c4964fd26ae1272a65417959aa87abac006035,1764513709,1764513711,2146,104452,,
0xcd586cb204208e5d9a951dadfeed68bf53b20736cb5c68249242dd1119837883,1764513709,1764513713,2147,104452,,
0x7d2fd7e100378ab2364c48a494d670c0714ed21a8633655284f87362c3957218,1764513709,1764513713,2147,104452,,
0xda0658cc029b77aae80f65eb1da6805433bd554a5e2394c5b9e62b7b133bd1d4,1764513709,1764513713,2147,104452,,
0x5d741b7e88beeaeb9aeb4a51b6eae1d95b0a0391aeaaf398b1063bfcd758eb69,1764513709,1764513713,2147,104452,,
0xb82d1e3573c8705d2e07480cd273e91556856ca5f0c99743238290ed58293a95,1764513709,1764513713,2147,104452,,
0x41f211e968d72d7ae2d16247ed436376799c94ee2b308df351fd58127690b379,1764513709,1764513713,2147,104452,,
0x742e0d67f420824223de60a725417485a390b321a6611714bdd8b2e2ce0b75f5,1764513709,1764513713,2147,104452,,
0x04373be4541ab66513f2914c0ce3fc6270439461c719ddc3e6909ba30c4d327e,1764513709,1764513713,2147,104452,,
0xb1b70dcfb082785a1e448717faa4aca5a319f5e567686b6278ad145a5914c473,1764513709,1764513713,2147,104452,,
0xaf2d83e27c7f5cbca3d4f99a0d88a72d78b85b52d60db91fbaf7b422a4db0729,1764513709,1764513713,2147,104452,,
0xf7809486a592c1dababc0807273535c513518f89f600e5d1af6db6fea820c2ff,1764513709,1764513713,2147,104452,,
0xae71fa66c5e3a2668136fde2c6ebce746bfbecdba64cdd5c5c9d2b424bba20e3,1764513709,1764513713,2147,104452,,
0xd7673f12ba27e372d59698f3fa7a3db6ba1cefb1f8b9d71aee4da2833bdd071c,1764513709,1764513713,2147,104452,,
0x726a7c802f53eaa2549cea287882839e01a4cd79d871de0168ec795387c131b2,1764513709,1764513713,2147,104452,,
0xab3637ca0debce30ef968ae2373c7feeb17bf68f3cff6fa1edc8acfab2968de6,1764513709,1764513713,2147,104452,,
0x1698a6c61453180ff6b931ab0b6e5a5798a391795177000fe45b867a82edc696,1764513709,1764513713,2147,104452,,
0x3c3e0bee395abc10c7906d6c6e2d3b9ac683efb7ec02647d3a54dfc6438e36bf,1764513709,1764513713,2147,104452,,
0x1c306c1348409173be426ed29f1700eb248258fc2a6ca4a771f8a310263d9a0d,1764513709,1764513713,2147,104452,,
0x95b9b2da1ff8eeef024c7a0090dd5254827f423d587ba843c5997248b353fcfe,1764513709,1764513713,2147,104452,,
0x898c339e58260a3e1820bcb5c2bfc029124ba56fbfa61bcf2ec1532386a3e056,1764513709,1764513713,2147,104452,,
0x82753841d1e15e795ad36794898fd3a5deee001c708851d163f437b30a528e02,1764513709,1764513713,2147,104452,,
0x7fa250bb37a5fd4fa5074d959f1c649b776f5885907d57a7cd532839fd087bbf,1764513709,1764513713,2147,104452,,
0x4d4c1340a94eeafd88949b4ee1a1fa0cbdecedb207c2e73635ec8f37cae7ac8a,1764513709,1764513713,2147,104452,,
0x07302a9cb7daf228b5ce608b40d6606d5649f7b868eb7fae085a85c23fcc9191,1764513709,1764513713,2147,104452,,
0x564f2c71ec911524cb13a787aac115f56eb2c75ae5b02f99f86fad70effa0499,1764513709,1764513713,2147,104452,,
0x68d670b149888d2336fea4bc4fcaa83b8caf85fe4ac06ed6fecde0ae1b3e780f,1764513709,1764513713,2147,104452,,
0xe81ed97ee1ee9aee9541ce02ae9ab0de6d47878b3df1e88c2796341fe52693ba,1764513709,1764513713,2147,104452,,
0x9b16d5b460b19d4277cf93eb2469aca16818c423d4e7061292590f0558d74ac1,1764513709,1764513713,2147,104452,,
0xadc6f3d985dc7a2bd07cc1e52af9937afe7baed5aaee2427c31f21189f84afd0,1764513709,1764513713,2147,104452,,
0x8c3c64117a5e50b7bcb277044559c5f11577f5431d7e825215cd223ef3b4eda5,1764513709,1764513713,2147,104452,,
0x71fbcf93e0acba997ca8966d867d0566ea7afe437f71945d88d667356cc7d39f,1764513709,1764513713,2147,104452,,
0x2f40b938ce725b087d7ed61dcacf2d3b4be05fcc478ad7ba2168c9cca28a9f23,1764513709,1764513713,2147,104452,,
0x683579ff0561605aa7db383b41ddfbce9973fad9a7a7d04dbb8a460b7333681d,1764513709,1764513713,2147,104452,,
0x0db6ee10801ce4f28701159a3a1e0b0f8ba3e9551ee47eb1fe40173906dc1354,1764513709,1764513713,2147,104452,,
0x41a43b91fa063775c370a64431b49d460e5e83cfa7484a610fb87314b34b6a01,1764513709,1764513713,2147,104452,,
0xcdb0a927f3d81307819ceaf3323c49166bbff1f38581c4da2f4e141fcba67e9c,1764513709,1764513713,2147,104452,,
0xf28dbecc9401f09276f2682a64908ef5702001a55629f502ab8a92dc9a640b3b,1764513709,1764513713,2147,104452,,
0xac7a5da5972680855ae3818d1f61ca93f076e85a310eee7beff9a7fbbf571ec3,1764513709,1764513713,2147,104452,,
0x4142a9047aff9f9d93ed820c9520e42ade83fc16bcba9ebcc0e932cd1f2fd5da,1764513709,1764513713,2147,104452,,
0x6206144b46a88c06aac692681f3eae467053dc45692f3f9ca69bb5f4de30ff71,1764513709,1764513713,2147,104452,,
0x56aa5ce25ff5b4cb6fdc6d2e076545ca1068001a6e9bc6779ad0fa72ed5f08ea,1764513709,1764513713,2147,104452,,
0x55a75899eafbcdc6bb1c8e78e60d8ca57ac5770f19d1e7ac1730422d5dbec887,1764513709,1764513713,2147,104452,,
0xcbdf8340ea4a316309ce94e3448c519acfa0031d84c767fca89e7c9f3a2f34ec,1764513709,1764513713,2147,104452,,
0x4bfb7f4f5d267b0e72f190619653c67f4aaa17b4e7b18b3a77e4db3fcca04925,1764513709,1764513713,2147,104452,,
0xb0a7537e628a89e9585f0c2ac3c56991f3c74d0050821c7246005f53846121e1,1764513709,1764513713,2147,104452,,
0x00b2c394a8e01577a42911608208ad4959d56c83860f9e6b81277f844524b66d,1764513709,1764513713,2147,104452,,
0xa5cbf037cc23966e503c15271b417a3f33b352e4d0732f4b8dcf5267a06822dd,1764513709,1764513713,2147,104452,,
0xbf97b7806fe00aba23031c431342a7cb34578fb8987522725c409eb983642099,1764513709,1764513713,2147,104452,,
0xead68a5c9770204c9ea62fc57d42d0eae259975774a8a486eee5627e9bf20bed,1764513710,1764513713,2147,104452,,
0x03d2089fe42193a0f2c0cb1cb2f6bfe84fa5ec163fffe321fd96dc6d26cf5938,1764513710,1764513713,2147,104452,,
0xfe607be81d5d1d67095060c70799d7a45910d5322077871c84b92affb12d9322,1764513710,1764513713,2147,104452,,
0x8a0fea8d97f98c0f00d693748a07c49f11cdbe9df530a6e9648d4f10d2d75adc,1764513710,1764513713,2147,104452,,
0x4738a947536707689a9965e373933dafe75b2c4fe126dc4838fcc48e5b45b28e,1764513710,1764513713,2147,104452,,
0xb0b134f576eb50e1d6b0d0e281744e3ab3fb278dbd5dea8dbcc4bf0ba4766216,1764513710,1764513713,2147,104452,,
0x73a79687f8e9867b3adfa6abe1a0f0e6b0580dd6302a39800c0e35a3e080158b,1764513710,1764513713,2147,104452,,
0x5d3cf82b4f9c42326ed3962710b1a878a65a0142c267dbed249b657ccef5ffc2,1764513710,1764513713,2147,104452,,
0x1a2eb2dcc9c44ef6791194bfc22f20f31298edfbf2a29e1cc9ff5247237cd9ea,1764513710,1764513713,2147,104452,,
0x0c4a7cb48919a3e2ed0b8490aa3e4384a7438b2aed63c1f6e5eddcb35aeeab01,1764513710,1764513713,2147,104452,,
0x3da8cde38efd7b0fed3e2bdb7a92919a3158ac4198e07432f5c9c4359e2e0731,1764513711,1764513713,2147,104452,,
0x314f0628a783228d423d20673986aa4eac3f90e83aa99920e3310232cb9733f5,1764513711,1764513715,2148,104452,,
0xd46b90c6fd4c8bd87f0509904d9f5291f6866e7932f2f43d63fe909ef6f1d88c,1764513711,1764513715,2148,104452,,
0x0f1e405af2f683c74d30d7ee403e8a2119b2fbfa6f1d537727c1cd2bcbcaa4d9,1764513711,1764513715,2148,104452,,
0xe9ab97b6423fef871e032786d60234b821343fa2dbf3b61ac9c33ac39fc21d28,1764513711,1764513715,2148,104452,,
0x127196f1419c0ca0ecf4fa6a7b03bbb98708e0891a4c5e268bdfb81d64f23228,1764513711,1764513715,2148,104452,,
0x2d5007c86c4b2d9dc8c5805bca7e2c9dc4b194e636a6ca17112de075dcd94bfd,1764513711,1764513715,2148,104452,,
0xef3d0aa9a546196a859e913834282f1f9063278eb7f4e2388daf4258078ecb77,1764513711,1764513715,2148,104452,,
0x5b8e4b833ed0901868b440dc9b4e191d0b21f12cf71d5310c31d6500a122f357,1764513711,1764513715,2148,104452,,
0x86f0d4d59b8eb37d5d8b232f1ccdaefd1ba0024c0d4c8823ab8d104878402eac,1764513711,1764513715,2148,104452,,
0xd85fc890fdde39d2fcefeb635a4ca6181c47cf9c14b65da2f3095f9aae7809f8,1764513711,1764513715,2148,104452,,
0x334b32290deef54ab28b4df6dfad3249a462a6ecbbc22ffdfb526d4c3ac540ec,1764513711,1764513715,2148,104452,,
0x080bfdd423d61d378bcea2abc5baad4dd6184f8e4592fa88441337e4cc8ee7ba,1764513711,1764513715,2148,104452,,
0xf99af5f768b1a99bedb8684262fcd09215054f28b1fcca7bb48b6df3a0372d46,1764513711,1764513715,2148,104452,,
0x1f472bdcec79e4ef903d25bc68a593ece99527109f18f5190657d22f3bdd9b6b,1764513711,1764513715,2148,104452,,
0x29cec11ba2d25728ba98bd0ed984bb6eb3f99b43d4a4a880a0feb8fbb09fe229,1764513711,1764513715,2148,104452,,
0x2cd337d55514207abcd5054df8c9772fba50bc09bf2f440d9da995a79fb04ff4,1764513711,1764513715,2148,104452,,
0xb494b862bd6d243aff57e5777f1891f8500fa86f1b2f86200feb43676bef98f8,1764513711,1764513715,2148,104452,,
0x0c439ff3e8b4c3598f94d2fc5fc20607eaef5f21b1bdcf5b349367cefd8a6777,1764513711,1764513715,2148,104452,,
0xd3cf3c304a5da7a1cf46cfb854b2a8e48d82a17593fc6bd78cde8d6037dc05f9,1764513711,1764513715,2148,104452,,
0x3cfdb2df91cae8ea336cf5922a54d7ac94358619c31ba785fbc62f7032fb2b98,1764513711,1764513715,2148,104452,,
0xd9813c91cc0ebf8242753a4f76d527fda8d30bfcf40814dd82bdf77551d20004,1764513711,1764513715,2148,104452,,
0xffda951c2da7f15252475577dadb8615c827ebf54a078e86ed899eb760e63c35,1764513711,1764513715,2148,104452,,
0x988053264280590ebf7fc5662bfc134d8e2c0b13f43e6a97d723ffcb461a10b5,1764513711,1764513715,2148,104452,,
0xdb3b989340965c9db115d6ab55fc8795c7b4a985daaacd52c08e99b09c0df9dd,1764513711,1764513715,2148,104452,,
0x8552f9e84ea982cce7918988eaad83c5dee1ecbd09dec995cfc0957415ac1e22,1764513711,1764513715,2148,104452,,
0xb82de21a75caa6f0978a910b2033eab52bff2e332c7855aba8c2f69a1961d204,1764513711,1764513715,2148,104452,,
0x039750caabd44eaa8626ab1cdf1f1c922f85137a6e96b471a522cc0d7857b28a,1764513711,1764513715,2148,104452,,
0xda514db9f94c98d6f4f9781427f22161cd35ade145068c2d83730557e1e7a5a2,1764513711,1764513715,2148,104452,,
0xad33d6e29c4de2d42cfa13fda8c32f93ee608046dc17659155b18bd0dc5301ca,1764513711,1764513715,2148,104452,,
0x945a91cea6148181ff8ae03262bbc09a5635ce4b27dc3fc7531ffd887e22df63,1764513711,1764513715,2148,104452,,
0xc1bcbda6d788ab36b84e210e053b64b069c3c747407e7a10c6440694d6f45468,1764513711,1764513715,2148,104452,,
0x627850f23b14d80ce71eac2fcb59f3a27dbbbcaac7ae76af793579ecab2710e7,1764513711,1764513715,2148,104452,,
0x6c808ffbb0714830191c04664e677202b5033006952b44f9563daf69f36166df,1764513711,1764513715,2148,104452,,
0xb5c5f3da37ddb66f57eb19d862bbcf4c9cc65d6555f45b1c7b83b712ec06b276,1764513711,1764513715,2148,104452,,
0x95710e858e19d29ef39f9499d2c9d3d38675da8c320ffb0bfbf0c158aa930834,1764513711,1764513715,2148,104452,,
0xa683fb3a37e4afc5d3f9878e94ef20f5f4325c4e13c5fea611ebb16753e2523e,1764513711,1764513715,2148,104452,,
0x2614f655e2e850300c031c1fcb8cd50247151ed63123d027cde2a04e91e4abed,1764513711,1764513715,2148,104452,,
0x9360e7378fc512ddc17e6cdcd94c6f5688c61b611431170103169ebc551d8268,1764513711,1764513715,2148,104452,,
0x7c40b6f49503f214d4f81ab9a34e78437a9e626002fcf478f229495aeb36a4fa,1764513711,1764513715,2148,104452,,
0xce70a384fba3ad4f6959cb7012ac12c49b6aefa2248711444dae7d645522f4b4,1764513711,1764513715,2148,104452,,
0x4adefc2a36eadd106cec02a1c9f142183d66dc06309b975dd031723fd36aa00f,1764513711,1764513715,2148,104452,,
0x0759476f1ed2e08a3b3d9c47406c0bc8f2291375f67fbbd03d839c329564570c,1764513711,1764513715,2148,104452,,
0x7198efc22d8b0b4758f50715d9c61308d6eec26681f0651968d86a49028039de,1764513711,1764513715,2148,104452,,
0x49be714e316dc925fe3c1bbbfd8a230b47c342c5555616f3f27658a80969d0bf,1764513711,1764513715,2148,104452,,
0xba41de8243be979bc32731c9ad0933a13dbb1fa03b752943f79624448b5b98d9,1764513711,1764513715,2148,104452,,
0x441b7e2d0f617fadfae0c399af067a66317348af2159219b98494859fd0f15f0,1764513711,1764513715,2148,104452,,
0xbb8361c4ddd76e965cea696dd6e25ce61015ca5fb2a6842d3c8b9d50a3d7dec2,1764513711,1764513715,2148,104452,,
0xab7284be5f459a821f625d72ca1fdbf721da95c85d402f9c48a5e2c93e3686d4,1764513711,1764513715,2148,104452,,
0x4f2e50bba181b931ee3af6ee00bf11430071bec6bfc7f2f96d841478b1690268,1764513711,1764513715,2148,104452,,
0x175dc93ad6c1f620cc0eaebe8cd8b2b20c8282cddb3874dc4a64c85ad680d9fb,1764513712,1764513715,2148,104452,,
0xca3537753e5d27b588100bc93794ca9cd33c132a94a8c22f08f8f5663661fd2d,1764513712,1764513715,2148,104452,,
0x4c0103dd6116a684dd8a63124ed6b8bfe8d33da8d6a37d184a8adcd4a3ca28ea,1764513712,1764513715,2148,104452,,
0x83d08cca555d4dd41ea7101f75e845699944fa66599831099384f8c2ff2bb03f,1764513712,1764513715,2148,104452,,
0x57098b29f8dae8266917bb9a27b9562d93377874c8e9c88a91378d4a8a9e7432,1764513712,1764513715,2148,104452,,
0xeeddb807e61116f52690293f5d58802c7b22cd190aa64316828c378065f8fc73,1764513712,1764513715,2148,104452,,
0xaec4efcc7a6a38d044825053d6e01c0453b361272c9550030141a1f4530ca3a8,1764513712,1764513715,2148,104452,,
0x41bf1728ea405918075ef3f0cfc58f1d4ee38c8869fd2d3785681a69b7126e49,1764513712,1764513715,2148,104452,,
0x651109e110bc91a5939b0f78e5a9294e0d4ecb7e3e8ed06df66668d100ad5350,1764513712,1764513715,2148,104452,,
0xb34d738069ffad501156c47ac46ffcbae6bbfca903c1e022b24be1965a75df79,1764513713,1764513715,2148,104452,,
0xf2b74ea9c3b171486481d5b7499fe28d063ddff19edc74b0e093cac5ee89ecd1,1764513713,1764513717,2149,104452,,
0xdd1aeeed9eae639dc6ae808d5cea3fe546134f24be42ee5c9743f9217f5cdfb4,1764513713,1764513717,2149,104452,,
0xac72e715d4e26afdbc1222a930a823d179a79f112d11737ef155284bb2d6fc4e,1764513713,1764513717,2149,104452,,
0x43bb73519dc8484042c12f5f370eddeb0730cf0d6e0af15a35a8d35f3db15c89,1764513713,1764513717,2149,104452,,
0x6ea60f7556c10ec7bc4a3ad0d8a644b4b63a7f4212327190e4184df8e6857dc3,1764513713,1764513717,2149,104452,,
0xf65474a83a120b70ef01948b9eea8d07a0f0c9519a75b6d347961e2833d47a53,1764513713,1764513717,2149,104452,,
0x16bd3c8c3ebf4d837f53f981f590744b335b21e7fcf11fe58f316674a3d72a71,1764513713,1764513717,2149,104452,,
0x7df259dda57175574ae39d30f20c8abcefd2f9a6f0fb9dee9af12a7140121da2,1764513713,1764513717,2149,104452,,
0x403cd3bb8a93f2ca30fd5c455af0ab40d39d1821d534cef9414ed6c60daa00bf,1764513713,1764513717,2149,104452,,
0x892d5e499ce7f4c1f6e4b6e0b1cbce86b11429d5736e7f978771b6a35da83904,1764513713,1764513717,2149,104452,,
0xa0ef7665ea9f09d07158a2f64a89a3ff90ad736b707608a1a5de10ce8c83ec28,1764513713,1764513717,2149,104452,,
0x0a93eaa1c63592b5bba97c63fba66979e9c56734c0968ab1b569b15bbbbfeb09,1764513713,1764513717,2149,104452,,
0x4dfdb03e6ed511aa6e72cd7e4c42335e311e2556e25da9a3eb2b539ff24876be,1764513713,1764513717,2149,104452,,
0x27935068852b46a7f49f42240795f0bd6c53b38c18f3010f1e6674d4ae3d3691,1764513713,1764513717,2149,104452,,
0xfa1fce2bee0a1ece4932bc7acd5c15d0165478ca48724b079d97e01187ac0bab,1764513713,1764513717,2149,104452,,
0xb799e9d6b81dc2f1faed1e5610577a73fe2b0b7559d6b52149f66b0ced1cd86f,1764513713,1764513717,2149,104452,,
0xda0b395b627e081709e0bc50b0cdb40d0e793b4c0c699ee0825e3b69a77bcfed,1764513713,1764513717,2149,104452,,
0x0deda9096edddbcc17d9973a60905d2b8569ba4695facda1137a854c3cb6fb4d,1764513713,1764513717,2149,104452,,
0xb92e341d8798cae8ed85adeb46c78bd8abc818034f0b6e522304acf9e6444c34,1764513713,1764513717,2149,104452,,
0xab4f528b65cb4da95db136e7df548a8ec8f86ab695eacc0ded331d6ab768959d,1764513713,1764513717,2149,104452,,
0x66759cf77ebe9dbd477a015c984797b533cb97fa3058604696095062f24dcc57,1764513713,1764513717,2149,104452,,
0xcb766e2084b15a6ece1e6e1f32bb10674bd539bbb784f279ca7c5b9dc8c6725c,1764513713,1764513717,2149,104452,,
0xb5992648380af36a8d56b00311cc15eee1ec994af18b0c81ad32f9a1ed24d9c2,1764513713,1764513717,2149,104452,,
0x3df7f87c3c5d765d5c4a008c0e2c54a8cacbaaa4af9ed5084b88165c6634ea0d,1764513713,1764513717,2149,104452,,
0xe086a10dead12830c5b965a24036028b21619c8295f31ef0f68a9e51627e978c,1764513713,1764513717,2149,104452,,
0x8f9481c5a87596735d16a6c055e78019a746b101d2bddb086472b6910fba0035,1764513713,1764513717,2149,104452,,
0x905753039f48c7b60aec8350c6da88010bd8f92562a52c3409891f0d8675ce9e,1764513713,1764513717,2149,104452,,
0xd6104367ec287deaaa1362ce0d343ec0ac5689f1fa663efbd7a294a430905ef5,1764513713,1764513717,2149,104452,,
0xfab3082d63cb3211ed00d5a8e454d912935d6ca2d96a5d7ac3a6161aa68f4670,1764513713,1764513717,2149,104452,,
0x8ac95e96afcddb2d49d10050e3223dde33bc4aa8872d574b12d2c9d051e8aa56,1764513713,1764513717,2149,104452,,
0xfa9283758aceebe2c40db7eb5b4cb3645a076f05f3b2aa767ab7696635f6a563,1764513713,1764513717,2149,104452,,
0x2b3210eb64076784603cf792b42ee4b2d2f93885a8efb2b1d0ae9a8464621005,1764513713,1764513717,2149,104452,,
0x953220e77c01a8d4eb58a99aff6252826ca580c319cc82991930f612c6efaee9,1764513713,1764513717,2149,104452,,
0x8bac25b117f93e61ef3194836bcf70aa99f541d2688e52a5618ccb433c3f986e,1764513713,1764513717,2149,104452,,
0x5aac7bab10bd666259c0efab868632a993677c1a457c9dd2f7cad3598901e512,1764513713,1764513717,2149,104452,,
0x8b76e037966ecd2d9b6e3947227dca2831722c55bd6771167cf87fc1d65689f9,1764513713,1764513717,2149,104452,,
0x3ca43ddd816276e3e4fec9e1a60e8408e47df5aa410207ae748da638da873ab3,1764513713,1764513717,2149,104452,,
0x068ce02bb93b201945f6809dd2e96fd91bd6b1a6d4046c6501e0364fe787d457,1764513713,1764513717,2149,104452,,
0x7081cedb5a91f3cd6fb3beaa13a943806151b7ba25675895a445a43b903cdc9a,1764513713,1764513717,2149,104452,,
0xc17358845feefe3f079f553e2e4088b02dd198b3f478b3d2c24a1d40a8da8e84,1764513713,1764513717,2149,104452,,
0xb280a9173410c77b2a6d044f403536b3d70b2759782022caedc4b06e333da36a,1764513713,1764513717,2149,104452,,
0x9632f34905d83a40da08529b70c7864232a9916062ec9c57cde85feb083a9c55,1764513713,1764513717,2149,104452,,
0xf342437d05b77a9d0c2ac3807b6c371f8377c816c2b6e3056e6c770cfb098587,1764513713,1764513717,2149,104452,,
0xfb4e73a37926e9d7fef58ffb8c2b1e3f66f78d6cf1a4191598b209ffd2f836d1,1764513713,1764513717,2149,104452,,
0x1e9db3a215658af58e997a2e8b37c67a11642d263127f63fd71a71e4a325862e,1764513713,1764513717,2149,104452,,
0x65aca133f9347267b71c976d93ef322de551d997471edae4dbfbaf853191bf9d,1764513713,1764513717,2149,104452,,
0x4753d4245b0fee9ba2142e17674583e0ea14c1cceb3992af291af1e355641053,1764513713,1764513717,2149,104452,,
0xada2531b2bcfce9087c8c64503254b47404571985b016987f9a0b4ab15fd888c,1764513713,1764513717,2149,104452,,
0xbe01ea729d2f7ec4c99e03337fffe5e43ad0a8576ca2e6fe17f19ae6f383d0de,1764513713,1764513717,2149,104452,,
0xd1d67b488d944b9f38fdf986e589d6d37739b0d3e91df2573d3a93dd99e7bd94,1764513713,1764513717,2149,104452,,
0xceae909c0a3b8ae3fcb1d3a813d4caa8dd6baab8204d8cee1b8aee8599795b16,1764513714,1764513717,2149,104452,,
0x2497803eebe2100841b587f7936468fb0f1af44344ed130a214b9b7e3da52270,1764513714,1764513717,2149,104452,,
0xe6f2cf26ba5aaa503966fcd089ee10b2968c0d960af8396d900fb38f118ed759,1764513714,1764513717,2149,104452,,
0xbd28edd3638fbc6c53f82e7c28ecc6fdce926595fcbeeaf35f719202bb58ab39,1764513714,1764513717,2149,104452,,
0xfadafa9e3d0e4eec7b8dd5553bad3190118152455d3792718ef2b88fcdc8522d,1764513714,1764513717,2149,104452,,
0x0159d635ac2d3dde7bd3ec16a88718688d9951f75f53c9a85c87bf0c2a93c4dd,1764513714,1764513717,2149,104452,,
0x105eaae63cba7e7c56eef69baaaa504c70727ec7871d80726abec3e94bdda740,1764513714,1764513717,2149,104452,,
0x11bbc7a471e8097bf1d875a50b062bf3d2ec2ca08ec0d52eee3b1bb8d3bfbe96,1764513714,1764513717,2149,104452,,
0x85b721b1de79ffe69b2f558c957bbe24092dfd66dd5104a71bec82c4fd8fc1de,1764513715,1764513717,2149,104452,,
0xc931287469240f87d7327b9a58dba07af406c2d36ac73faef020a6d6003d38df,1764513715,1764513719,2150,104452,,
0x449f2816c35aa597de78956599ed07262f2c420259cf83a83dc1e178620971b8,1764513715,1764513719,2150,104452,,
0x051f04b386dcbca39fe8c093f446a694ada11ec916e7270d175b0f0bb4ffde0b,1764513715,1764513719,2150,104452,,
0xd0bd52df0a6bea6b196a7ddf896f73c9f05114de18c9a186b7d54ee5046cdc89,1764513715,1764513719,2150,104452,,
0x8bbdc0fa47f50dcdfa45f33152faaa48c657cb65ad157a0749b90965f7ca78cf,1764513715,1764513719,2150,104452,,
0xe4417e35fc87ae695603aeb292ff302e536aad61e5e80607b56652c09bb699d1,1764513715,1764513719,2150,104452,,
0xaf69667ec6ab1f3c64c4764b2c7e22d77c3e90a9d743a59c8981f996b62837a8,1764513715,1764513719,2150,104452,,
0x3391b5a31dff9bf070f1624de180026c9a97293d64a06d2d5d75010a55eb70c9,1764513715,1764513719,2150,104452,,
0x4d40f5dabe24c9404d861c002085130857221fa44c21807ea2570e27b6d7da17,1764513715,1764513719,2150,104452,,
0x3ccdb7eb76b173319902a096201cea42512ea8b9987be32086db50e8ec04cb69,1764513715,1764513719,2150,104452,,
0x49e0434483786c5afda24356660a189783a20a9707a15c491876a86829844120,1764513715,1764513719,2150,104452,,
0x6c43770a481beec900b47ffdc15353b89fe7882c5f91953af2a2edf3b5adb95d,1764513715,1764513719,2150,104452,,
0x36472d36799559a2b07aac37b39b5879c0a2aadd7bef3d3070527c065e3988c9,1764513715,1764513719,2150,104452,,
0x0ed6c3f66c688591a19ee14a6da969fbb74343fe95d3622ccb4a474cce9adfd3,1764513715,1764513719,2150,104452,,
0xca9ca766e44519809f6bf075fdb8c42b90144fcd1ff73fae34c07431ba506b0d,1764513715,1764513719,2150,104452,,
0x71f27d31d727b86de7a364805e18bccb9428c4f655f178bb51354a0ee0d9e0d7,1764513715,1764513719,2150,104452,,
0x1baa09a12f593eae186a097a01e4db5d699652b9b593ad19cf18e94776ba612d,1764513715,1764513719,2150,104452,,
0xff91ec42e73f47085ea74aad18c9e35bfc047ae36dd22e9c8a783027adca4e06,1764513715,1764513719,2150,104452,,
0x4abae83a4b9fefacb562ada76f0b89dad08c2a4c2350d587629c9807fe05be74,1764513715,1764513719,2150,104452,,
0x198d9270be3d6f2a95cd9b85ed0018eeb371b04d06f8321c8a5098b40b09af7c,1764513715,1764513719,2150,104452,,
0xf4955e727368370c7424231da4373c81efea432395a88bbbd30df58eb7de2972,1764513715,1764513719,2150,104452,,
0x00ffb27a6e74ef1cafa4997d6f9561d3794b795efab1e698eb39c66cfc2dd950,1764513715,1764513719,2150,104452,,
0x3f2e4eadbfae66ce0699435157357b987f14a21272411037a435eb14fbfd9ec5,1764513715,1764513719,2150,104452,,
0xacfec23578510b69b68508968cadebd8a2bdd0f81ad4a932f4d6e67b392196fb,1764513715,1764513719,2150,104452,,
0xb734b1f0c073d5c93fa77a8b575176e0ab92df10fb65ea9bdbe20f0d1af3e4ad,1764513715,1764513719,2150,104452,,
0xba59dffa24737454ad57ccaa6d58248d43cf20d019e6c0e61302c9b8fca02d74,1764513715,1764513719,2150,104452,,
0x285e5331fa38b995ab75a23f4ccba6bc4440e12986fa020fdcb41c1d9a50e74a,1764513715,1764513719,2150,104452,,
0x41a5b29878f7af27e9ae41532999ae2d73692850e6a679a30bb01b22d2087fce,1764513715,1764513719,2150,104452,,
0x45a5cc256fc3cc79ecbd409dd2652c31f2db43cd1df64fe78b050befaaf9c87f,1764513715,1764513719,2150,104452,,
0x111c642139eab53198ace1886cf51fe6503e9132590d6fead4114e3aa2e0344e,1764513715,1764513719,2150,104452,,
0xc7e1a0ba2215abe926b8efbd2cc3d556c3edee86ed9d7039989e97182d511fd2,1764513715,1764513719,2150,104452,,
0xbce3f0314f241892992e23384f1bf8a1382ebebe421f9a4b6dc05767e921f1c9,1764513715,1764513719,2150,104452,,
0x56b20160eb027b6baef09c5afcf86881554c0e8672f529f7ecf97fae4f77cf79,1764513715,1764513719,2150,104452,,
0x41d176a1252f5391cc4591396d4147e7368f099eb7f788ef6875b65a22d2da78,1764513715,1764513719,2150,104452,,
0x53246ab2e39cbccd1b16aed9001fa92d55c6cbad29bb25b8cb0e763f82ca3c6b,1764513715,1764513719,2150,104452,,
0x680e73a56d420407768dc6ba2397b0dc8aa34055a038d39d809a10a14bc4706c,1764513715,1764513719,2150,104452,,
0xd30b4bd358a1faf152a680d96ba1da9d88c97c1ea9f04f952ac4c8afad04c7e2,1764513715,1764513719,2150,104452,,
0xac5de5dad8b68a0dffe804d8c936d46195db84f89038ac6cd7ddffc7cfe7cb99,1764513715,1764513719,2150,104452,,
0xa1efeb4c5fe81786e8c8150c1a05d3577be28e160fa2edb70a421e2c69730451,1764513715,1764513719,2150,104452,,
0x9e5c40087436ba526cdd40515f0624361bd460b80d3f92703806caadd60c21e4,1764513715,1764513719,2150,104452,,
0x664b90fafcacc31b141505a24ee8dcd7e14c6f919dbf9be88c71fa27cc8fb173,1764513715,1764513719,2150,104452,,
0x8a8c165d55fbd84e381f12f1de9833e2cb0ceb5ebae241bf3ed1f11f631331d0,1764513715,1764513719,2150,104452,,
0xa69c9f16bac130084386a9ed8ff02a83e1f5d4164649997a9ba0b16d89a113d6,1764513715,1764513719,2150,104452,,
0xf378b689b6aa260bbb3c2419c658a5e9f72da11bbc4a0eaedb7e037cfb618da9,1764513715,1764513719,2150,104452,,
0xfbc903767fa26cb663a636b358684332c7b30143bc3f866068d1f65042a53c31,1764513715,1764513719,2150,104452,,
0x4e7ecc1d3694e8c3896bca196a4a90dd07c643fc8aaeb19e9b96887fd4383ab5,1764513715,1764513719,2150,104452,,
0x6355ac96a082c363deaab7307acbf3445cec44ed956df2dd1b49f00cc9d5ea93,1764513715,1764513719,2150,104452,,
0x1b03c69b29666df8047d9e74f53a548d439541d4c95ee5c3957dbe5653c3ee2c,1764513715,1764513719,2150,104452,,
0x7230a3513ec30379396e64bdeae04a85c81fe8c133fed442b6b8c3c675891c34,1764513715,1764513719,2150,104452,,
0xd13bab8ea9a914b2d3c6490a9be09bcd6f89e27c8e8912c78224d5e38271d370,1764513715,1764513719,2150,104452,,
0x20542598d9bc812de8c3584a363247df5fdcd813d8c9f75954f9663e675ca513,1764513715,1764513719,2150,104452,,
0xe48db96e2d41b2970fdf4c90b8b96008fcc797db05eb915f16163d929503cec0,1764513716,1764513719,2150,104452,,
0x8e064817d8a72506d43ab8c6a9ab233365746fc508fa1f14a5bed2f7512cacf0,1764513716,1764513719,2150,104452,,
0xa5ed200b8fc8670f855ef0bb96289946704a71d2da5c894fbed2a558fae6b0cf,1764513716,1764513719,2150,104452,,
0x78116830fccefb9e1f1f286696b15ba8698dff5326507ef4cc7824b12d5c1763,1764513716,1764513719,2150,104452,,
0x9d90fe6ec483e0842c8b4d69bde70bb63fbae577e71ad25059ab07d2d1fbfef3,1764513716,1764513719,2150,104452,,
0xbd1747e2d2efd9a327c7f047c56692e13d1a35119c2cec68c8525f65ec397f32,1764513716,1764513719,2150,104452,,
0xcc2ff0dbb56b8cbc671cd2bbab3edd921f68a948ecd04e34b6ae63b1b088cbc8,1764513716,1764513719,2150,104452,,
0x0668cf63dab93c18472f5209ce91d8edd38f4444594b3cf1382164039ee88065,1764513717,1764513719,2150,104452,,
0xe2349fd94c365833f5ea95c2b5bb3673ca61058b30d74beed72f8c8e2be9f1a9,1764513717,1764513721,2151,104452,,
0xab0ae29b0080b75c60aa7808364453204fb8e86df9d76cc642c08ca19d73106f,1764513717,1764513721,2151,104452,,
0x0b70090bb035f48a46567dd963d6a863dd5015ea3b3bb48ebfca75714db64582,1764513717,1764513721,2151,104452,,
0x755ad7f4f7db1a6b3380232192493b8d2a2a1115e075436033576100bda37df0,1764513717,1764513721,2151,104452,,
0xfeb575a8fd78616a34585aa4ca674af6a10dbfc5e3c41311dc3e476f8966d42f,1764513717,1764513721,2151,104452,,
0x2a781d4a39d574455247dde560710e2f3a9cf988f86716ac4de0d5eb2bb8458c,1764513717,1764513721,2151,104452,,
0x736fa518e854b79dd875c187b73833522b9d842cf3457711c1f8f90f97c4a290,1764513717,1764513721,2151,104452,,
0x518f2f83713127597d69f9f9ae0e172ec44dbaf86382fa2ffd6df6583567ae14,1764513717,1764513721,2151,104452,,
0x20e09519bd0432a6ca7670d22c3a56bb141714f14781002693e0caa1f7801921,1764513717,1764513721,2151,104452,,
0x69af5438ea63d1a35aeb9ec7eddd0c8e6374ffc6f730410a15619437e74fb85a,1764513717,1764513721,2151,104452,,
0xe5bb220fa47b31154a8b54868c65b89d1634ff6572ba2fc9139702b895a6c40f,1764513717,1764513721,2151,104452,,
0x25606673fd1da481757f482ed3ac7690d9600eeb063912fd89c621f36729d7e8,1764513717,1764513721,2151,104452,,
0x02cf0d147e079714ce4018893c01b73209f54b9a09da978f0d705867fdab70fb,1764513717,1764513721,2151,104452,,
0xd35cc8e9126035036a9ce833478f9ce760fa18de05d862863084090c91e93492,1764513717,1764513721,2151,104452,,
0xfb95f78934adcb818fcb0bb382ddf07be2768a03bb9da0a52a76e997827eead6,1764513717,1764513721,2151,104452,,
0xc13ebcc0e47afc82bc1b2a0b04a2b44c49b349a3ebed08c48a0c1bfac977910e,1764513717,1764513721,2151,104452,,
0x68c1d8716ad18bb29f1b2d855991373ed51f890db2e8662ddcaae89dd78c4140,1764513717,1764513721,2151,104452,,
0xf9a2a5b294f1b78c380355951337802b6b98cd76cb3cf80890b4042dc6a57ca0,1764513717,1764513721,2151,104452,,
0xfae23e9ce009ae421a374ead905a24e7e77aee8e7b93b90817d110572cdde05d,1764513717,1764513721,2151,104452,,
0xe6546757e5f77ad6f8dad5b960a0cf9a9c65ad249ac7f607e7d3455e2abb2534,1764513717,1764513721,2151,104452,,
0x971e1b77e272969f78b6d905a0ad166caa3ef721d65d9f90b1df468946848045,1764513717,1764513721,2151,104452,,
0x3693d729837df3b03f485479cacae98a8dd85f5c3002a8fb7bb6d1f2bd4d0785,1764513717,1764513721,2151,104452,,
0x3795e53fd954d37fb1447885bc5e9bb86841ed3eec1f6fe0d46d176fc2ccdb04,1764513717,1764513721,2151,104452,,
0xac0db86f9884e4206baf930e93c0b05bdb420b12c1ee8476f18c2b2597e68356,1764513717,1764513721,2151,104452,,
0x0e74fad49d5616c45c96faed6f1d8ec857adfa12c6255d92b814e753aa3aae30,1764513717,1764513721,2151,104452,,
0xbcbacc6bd5f736bbff52feab00006588591fe008649eb278ac929536c9b05634,1764513717,1764513721,2151,104452,,
0xae15b23dc3f75273ee5509d7fb615de897c586769bf696f8bc4d7fedb36933ae,1764513717,1764513721,2151,104452,,
0x895efa049d6ec42f390ecfa8e69baf5c0f08038862c2c7d9346a9186a0cc6887,1764513717,1764513721,2151,104452,,
0x620ca9e70f1fbd2af0f8bebed7d76c9860d32e4eb5ec83403e8fbbaaab12feda,1764513717,1764513721,2151,104452,,
0x7ca8993b8702f74873695c012d19bfb1c89cdcdb1eef6b3d08cb8790aba378ea,1764513717,1764513721,2151,104452,,
0x7d206cc733ba02ad8e9b6f6b90c880743067592f8ce740468eaf03ec32ce16a1,1764513717,1764513721,2151,104452,,
0x18334373746d0f778efb41611266503bb08b96277247692e62101663d8fb46e4,1764513717,1764513721,2151,104452,,
0xdf5872792980b9369f20e714556e6e5f85fcb48a430c38b05159cad5d1b7a213,1764513717,1764513721,2151,104452,,
0x49f62fa8c78fb03b6cbee3cdf936a6374c6729487b621477ce7df1135de47788,1764513717,1764513721,2151,104452,,
0xc11644e86bc71763f20b02b547b8b102f08201461413246e16e6db60c1e3ab79,1764513717,1764513721,2151,104452,,
0xac6849826dec0cab81df6d27ec8212ae6713587ed757a6230bab20d22e042331,1764513717,1764513721,2151,104452,,
0x0df6bc175f3b815ef64cabe13bbc8e5935682abda12588414365efc32b717fd5,1764513717,1764513721,2151,104452,,
0x2145dd96047d55a7cbda1e88958b3e2e8175b07694b37446e33da8dfb3d8506c,1764513717,1764513721,2151,104452,,
0x92b33bf9bf801260e8c461d3ef5fb00a84a5bbcf18c066f393e8d0b3b0468459,1764513717,1764513721,2151,104452,,
0xf8ad83f634a74ac2c0ae9f0352845a0b9280892650bb31ac77ef727f02847be6,1764513717,1764513721,2151,104452,,
0x69f230ec9046c6e66e168b77019d6ddc3970495d0bf43e0a4c89e0aef8eb19eb,1764513717,1764513721,2151,104452,,
0xe0120ac782cba35cd8007b56cf87807b2e506db8ee27a1a122f068bfb88e72ee,1764513717,1764513721,2151,104452,,
0x82abac5a10f7b7c97665e0237cab24757af8f573b1b87e420c14f051ecdb0e37,1764513717,1764513721,2151,104452,,
0x62ba47532f926fe792817a9b2372fef01cb0ba9388cfc0083041bdbdd5b5c526,1764513717,1764513721,2151,104452,,
0x9cb6c71e7de61c8c5cd1f905ed8c4f547adf8dd39631bf0d4e8146e74f36e309,1764513717,1764513721,2151,104452,,
0x81c9fa09d81e0afdbbaae9944102f5a6b71f9f8e57416f4524b11386f0f43b99,1764513717,1764513721,2151,104452,,
0x79731f9d790e49876a3c727b4bee682c790e81b8fe2d2293fae050307c5d1d9c,1764513717,1764513721,2151,104452,,
0x7dc531e4aec4917cb9ba5ff135251d93ddcb2d9f14388bdce39d2c8855d74ce8,1764513717,1764513721,2151,104452,,
0x913e8cc52c120070ebf6be3a6dc6fd2455997a9c261a1df59ed257c16cc657a0,1764513717,1764513721,2151,104452,,
0x2dd3e074db183c99efa62fe9ef3b1fe4d533864aa10132e468e85bb91aa417f5,1764513717,1764513721,2151,104452,,
0xd654c588ee38a85b976555f6369d7d9e1f62d578885a248a41c106046e315dc8,1764513717,1764513721,2151,104452,,
0x451fa428d8582840100a7635b8b565614046bd7d7ccab41b5de7251bc57c84be,1764513717,1764513721,2151,104452,,
0x6a3c96ab7923efa7a6f78df772d5e25d1198979eb1b0f1e45afcb491f50c8a3e,1764513718,1764513721,2151,104452,,
0x88ca6eb2364cdeee51aba772828e4af8d8c05807251f1d33203413caf20d1e68,1764513718,1764513721,2151,104452,,
0xcb08fb04e6f398b98b237a226619f95b4bf48fc93626f4638ca9f23a809cf94e,1764513718,1764513721,2151,104452,,
0x22b288a0d1de3f8ea95c31a45f08f8e5cd9645d2017b2ff752a0a24a2de4b81c,1764513718,1764513721,2151,104452,,
0x790cddd89a8908264a0cc7abf0bd02d6ea839bbad6dd180eed148f28d6bb0cdf,1764513718,1764513721,2151,104452,,
0x40d19dcaa84638ebf553797d974d3f75e5f38fa4e4b9ed7878c5d44ab355e746,1764513719,1764513721,2151,104452,,
0x22666b19cdbb4704134d340832d0119cf8ae9c0a586349e2ce34302fb6431b5f,1764513719,1764513723,2152,104452,,
0xea2b55fbe3efbed9fc0cab1616c28375a8e6b02a9e0ee855c53bd1acbfcb1f8e,1764513719,1764513723,2152,104452,,
0xf94b1846cbacecca9ec7074b326495125851cfc22256eca2dfe2432e63548e5d,1764513719,1764513723,2152,104452,,
0xfab4479261f28fae872df711880e072ec13881b27cc7d4fe6270eedcab53d2b7,1764513719,1764513723,2152,104452,,
0x8cc8fd5185c39ffeb9f064e0b9bfd42a1c685bd0ce99d82b30caad5f5e585ff6,1764513719,1764513723,2152,104452,,
0xcf371c368db04172b6091ef9ce36995a8d706c2f7b934c4b81019cff2346cb7b,1764513719,1764513723,2152,104452,,
0x05510ea0517e9de73085967fb24e32817fd85df5eede8634cc34bc6cec9fd44b,1764513719,1764513723,2152,104452,,
0xce7fa47e31c2c4b03012c09192de96be56102492ab0136c1644d9e71c90a314e,1764513719,1764513723,2152,104452,,
0x611bd117e94f8fb5f6a3cc744c1727e54913c7cd0841a3810a4d6e748c0f3171,1764513719,1764513723,2152,104452,,
0x22d6a8df30cee5d49fe5fd04d7af903b1f9d75d55db9770ecc4047bb062f3219,1764513719,1764513723,2152,104452,,
0x4300b257e7ba99fd4f5959dced23f0fbc7ebf55ac439c49beac41edc56092da5,1764513719,1764513723,2152,104452,,
0xd06d920cf7b47c7db5d0bb6c453c9f0d36d4ea3b83321e7ec18646b178959772,1764513719,1764513723,2152,104452,,
0xa92f8eb113e40b15e22b1054dbc39b0cdeda2e8a09d86dee3155e3f200732c09,1764513719,1764513723,2152,104452,,
0xfd17e519fcb8a2b549a462cbe54dff591db423737bf669dbce0914eb75f3ef55,1764513719,1764513723,2152,104452,,
0xdbe588b33533aa5bff0ec5bdf239a9539f79e9f43a766b42b644361862adeda9,1764513719,1764513723,2152,104452,,
0xbcb5be6c4b2c6b4e0a84e021632d1ab356013982013ca5820c8f091db1b95bb0,1764513719,1764513723,2152,104452,,
0x801960b63a8fe7527a4190e7f8dcf52093289261c9d395454109f1d43218d98c,1764513719,1764513723,2152,104452,,
0x15077d799a8365f3d0510188e9feac8ccd6b406b0b0b9439ed811d81801b1132,1764513719,1764513723,2152,104452,,
0x9c4410b0edb17b1f0ba5d97378e54e4577f297e9e13c87b8d628eac5b36224d0,1764513719,1764513723,2152,104452,,
0xfedde1a10c1e9cbd653f0d924d9e96f4bc373c7a0fcf469394a7c85bc4f76927,1764513719,1764513723,2152,104452,,
0x0b9dfd9a13b538ba4e43aa7938ce3d37a2fa36923ce74566092f07a26dddeb0c,1764513719,1764513723,2152,104452,,
0x0ce499fc1f85326e69510f39b3635a6168c0a400e0bca4af85e9065b7e22df8b,1764513719,1764513723,2152,104452,,
0xa084aeb7647a09f69179b8805c026fd52a5e636ea35262e0b18847b4308c6494,1764513719,1764513723,2152,104452,,
0xe39880f78b51d0b68b2a404d00d921eab74b1b5fa83c5812655276e03028bc38,1764513719,1764513723,2152,104452,,
0xdcf8b0adca95f7ceb0abce56f4eb8e9cd02c5342dae37d93dc4db85d87d8c7f3,1764513719,1764513723,2152,104452,,
0x20107d9c0a95a88e7a7932095bdb246b2c1475c512c9fc7d6be59f95f1c61448,1764513719,1764513723,2152,104452,,
0x698df37ea9b0326e6d67e28ca80ec1047133d08176add54a58e7248b734976f0,1764513719,1764513723,2152,104452,,
0x4d8f0a8cbd18cca1e20196281fbe2c7578790dd099b7065899a625e8f6fc6cd8,1764513719,1764513723,2152,104452,,
0x60544d0ac352f19e88eae76b7803395dbd3dd9aa2cfa4909f2896214ef521081,1764513719,1764513723,2152,104452,,
0x528dc544d3e65cc255874933f48c12ab133e4165fd8966dcfa987ce018b4af19,1764513719,1764513723,2152,104452,,
0x590d1d481381a02119342ad204dc4444a10286e448d9f2307ebe91c78a6fcc31,1764513719,1764513723,2152,104452,,
0x4e609c76a1c33fa669525fc0f4d830a5474d1bed2c3569535d9a3dfb37b39485,1764513719,1764513723,2152,104452,,
0x9c36553572e2d592424635cc5253f50f5710008d9224ea0338a76a4de32dd43e,1764513719,1764513723,2152,104452,,
0xea96d6095c25861881114b208864b7804a113269894e4b27d636695ed555b4bf,1764513719,1764513723,2152,104452,,
0xfab021c7b258ea291a1ed4ea917645fa9f880dc1a9e671f2b553daab651ec015,1764513719,1764513723,2152,104452,,
0x6d9d0af28a0afa0d8b30f1546016c13c606cfcf9df90dcf03216d43ad1588230,1764513719,1764513723,2152,104452,,
0x0e1f68a259bf04b1db811c5c3af707938867173e3cd5b71bb9d87749e48a64a8,1764513719,1764513723,2152,104452,,
0xd4dc3cd7f8b47a7406d2e3929a1b291d71acaf4ff61f22e61a6f08d0ec00e0e2,1764513719,1764513723,2152,104452,,
0xc866fb28a17dfe3b0381d4a439905e5e2c9d8dce44fa6b4a0f3e0c02d9a90ba1,1764513719,1764513723,2152,104452,,
0xdd593cfc5c2cf51f42af741c3907fa2374ee7eef352099e687c061a0be18aa7c,1764513719,1764513723,2152,104452,,
0x669bee5db6e64de8a79b110a2610e9d6f3919fd00c9c417627a58d3f5d75cce2,1764513719,1764513723,2152,104452,,
0x275a266162c8e6f5723d1b7aa1621ef21f25b6ede969172490e06a56def5803e,1764513719,1764513723,2152,104452,,
0x4bc022938f4436aeb22d3d7ecabf86fae74ff7a9cd80abcaf83250853997e56e,1764513719,1764513723,2152,104452,,
0x53e6452cf0983b77aa8930c6a0ed79f78669c290d4813ce8e9cb4693c0b1d50f,1764513719,1764513723,2152,104452,,
0xa37245cca8f32eae69eec8818df7be825e884ee0084f7a05aef205f724bea69e,1764513719,1764513723,2152,104452,,
0x2c7557c83bb58682303321792a880f26eef443162b9de63f31e4d7eadcb1ec0f,1764513719,1764513723,2152,104452,,
0x56e5402c6c48a876752e6d9446fc4ae412739befa02fe3564f1718cd8b85288b,1764513719,1764513723,2152,104452,,
0x09f27925c39fbfe54d73973910f0244e5085730ce499d62331e706a1fe0ab69a,1764513719,1764513723,2152,104452,,
0xf4c9cf5b0245fcfbbd010aa24e579cb3aac386f8c9ef1a7ea3644b2140942597,1764513719,1764513723,2152,104452,,
0xea10d3125f8633ed5b611df69f27260534358a1c4f82c9bdff10a172f38ce25f,1764513719,1764513723,2152,104452,,
0xb061da84a49661209c17f99de8ef65312faf151ecf32c9a3e5e1fa1d5429be19,1764513719,1764513723,2152,104452,,
0x6af97654857b38ce6ec0c730f7e921f756cccef49dbb6ea1787bd524562dc816,1764513719,1764513723,2152,104452,,
0x31f98609d602091db7d8e5169b5e449420e907cae4ddf2cbe31f49bff44c6698,1764513719,1764513723,2152,104452,,
0xc96a99d80a9c5a0a9dc28756d72456ad6ab045b603c3054827f31261bcc01c1a,1764513719,1764513723,2152,104452,,
0x45fe0a99bfd0e7e8491e6bb463b1b47c2149d3852e5d4d2b973c66fa186a6120,1764513720,1764513723,2152,104452,,
0x544ef28cbe427cc4bb966e1b5eef7522a3e64321b1389843d4d0db2e841dc06a,1764513720,1764513723,2152,104452,,
0x15c6a6f65576fe2342a1f9af0120b84d73eb431a282dc0b4245858bbc6f12e26,1764513720,1764513723,2152,104452,,
0x086c61f2b0b6124f54464be7d7d301dfece0752013bbb6441a86eaaa51cda4ac,1764513720,1764513723,2152,104452,,
0xbcb51f0390d0c9b51de7f1a3b9d72b3e9e3cca58eefbaf605021fa4aa465bcd0,1764513721,1764513723,2152,104452,,
0x07dbf4f0372b34e04ac93f5620765157a37395db75c0afa8bf5af430f731eb70,1764513721,1764513725,2153,104452,,
0x811c8b556a4034c104f89d25a0ea9546b2acdfb7e087772fc8305b074eabdb48,1764513721,1764513725,2153,104452,,
0x1d32e2b472dab962b309b8940af634384c8a0e9cb917ea7ede17b773a71c0837,1764513721,1764513725,2153,104452,,
0x4498655683bbaffc77b8ec12920c2fd6364b60116e62700688aa7700ebe95ff7,1764513721,1764513725,2153,104452,,
0x2ac4180450542358da74240a3b24a4010a54a0e15c552e384cf2627fdb477b41,1764513721,1764513725,2153,104452,,
0x0bc0869e705674550e0213141748f647cc44ea4e9c7d6013dfbf8c1fe6a47181,1764513721,1764513725,2153,104452,,
0xc4bef19d3af60d88863a25cb9cd680dd18fdb80dfe6827d892059f79b6b52ac9,1764513721,1764513725,2153,104452,,
0x31f4111377aaf006d35479e0da5e6064108a6d7c971b0842c246956687af8390,1764513721,1764513725,2153,104452,,
0x6297bd04d5f2db3742522a38918cf27a9a2d1abd426415055d8594576db13eb9,1764513721,1764513725,2153,104452,,
0x2f6151b758a083b4f4488bd7f5e556d77f13737ff15330750006d2ce5a291928,1764513721,1764513725,2153,104452,,
0xdd1152f21a6af33e6569416b7bd66c2c6c005d51739dc6837ef1c113abc7e3a6,1764513721,1764513725,2153,104452,,
0x4bce77a2023f9252deba98daa26195485aac1d5215d48ba2466a72fbd67bc5d5,1764513721,1764513725,2153,104452,,
0x68007f2c624e0169edd78203e716a594f0ff3d6e186b284e7f8ad7d6a7839b0c,1764513721,1764513725,2153,104452,,
0x4ff254db80a85736fa3bfbc636440aa76ea23abca3a6b09afeebb70d7feb4b73,1764513721,1764513725,2153,104452,,
0x4af3ee25e566aa74d22db44356076b84c523ab6822688a5c4b2f444ee103a45c,1764513721,1764513725,2153,104452,,
0x5b3bfe53eb099b89e6c5e5df664e4643d4483e0d7b0387b22c9dc22cbc8a0d1f,1764513721,1764513725,2153,104452,,
0x741432df07e9e64a2d428d2c3eb508e99b8463209ca0ce0e4f9ff0147bd67b91,1764513721,1764513725,2153,104452,,
0xc46d2c02dbd014dfe64656727e6594e64b7b8682278b91677b17335a4726739f,1764513721,1764513725,2153,104452,,
0xdda0ed8e03a335e8a9b3650c74bc89ee3922918b7338e167885df8c07bf633a3,1764513721,1764513725,2153,104452,,
0x8dd3f01b1d9338e4ae414efe235459c6445d1fd8b3c13baaf01ccb0fb700bcf4,1764513721,1764513725,2153,104452,,
0xb71cdb50e1bac4703db4d9d5eb6d3d111a871fe6dd028d9feb13cef77dc01f06,1764513721,1764513725,2153,104452,,
0x9d5408f02ef545c4932ec217eaf2d5a15999d1919005b4a79c7c2a6023020d3f,1764513721,1764513725,2153,104452,,
0x56eaa4b1ea73976d40d472cc7259047a46dee45489044f104438584cfc874cfc,1764513721,1764513725,2153,104452,,
0xd169b544dfc059381a2e79ed41c1e806a451cc78c140b1c8fa7ce69177b40807,1764513721,1764513725,2153,104452,,
0x8554401629b2cfb6368a55c84bcf0ee4ff0d4f4a512faddfa1de7431cd7ffbab,1764513721,1764513725,2153,104452,,
0x14c3e9f2efb33a59098bfc6c94e61e47123954e56e9541df59046ccbf379eff9,1764513721,1764513725,2153,104452,,
0x40c308a5f990f98b1f67d0471e14ff73a688304491707ebefa5d5254cf581981,1764513721,1764513725,2153,104452,,
0x633062ad91d5b39ccd6c4d94ca6b4bf940b9e873c236a2e8ec018ee3146bbca7,1764513721,1764513725,2153,104452,,
0x20a9e08758e2e2766f8ba65d0129c77cc92b8f2f5bb94a96e5efbedf008b20b0,1764513721,1764513725,2153,104452,,
0x2b4233ca31ac896a47748dd345b3ddec6e13791743dd281b4431c849186ccfcc,1764513721,1764513725,2153,104452,,
0xc2189ef79d1e6da2278208c560b5578157e7c17d1fd7851d22bcdf0b6b7997ff,1764513721,1764513725,2153,104452,,
0x5a012305d7749f0923dc9e16ed76b730a12e4efb4190549830be91a110febc4a,1764513721,1764513725,2153,104452,,
0x3e70c56b2d60206735254c633ba21e56982461f01373405cc44b6402f9b66609,1764513721,1764513725,2153,104452,,
0x5558bdf9187e3703b9578ff678989f3c4204b6d6b7d5d0607604498b4fbadea2,1764513721,1764513725,2153,104452,,
0x50024c2013a74717f8bfe8cbd62ab92305fa46c7510ca4bf8943ea83ec352800,1764513721,1764513725,2153,104452,,
0xf576b733b5db0dfd80a1165eecc7b3e4a4be67394eab901551f781e3413b0a11,1764513721,1764513725,2153,104452,,
0xeb80d74e137ce9499cbd432609f50cc8c594b2546684ed75950ad53cd3216e00,1764513721,1764513725,2153,104452,,
0x988202d7169f7161536ec6a7bdc618eeb921dc1b1d9401a973dcd827cd03d732,1764513721,1764513725,2153,104452,,
0x44fb3e964273e5b643136fdf9f9dad36705abce735c8a37d72e70533f64cb503,1764513721,1764513725,2153,104452,,
0xa4d03eef06a790eeeaed287f42ba8312eb825d47534124c8e9dd11602acd93bb,1764513721,1764513725,2153,104452,,
0x9c6c0bb9826a3a3f900acc6f9e4deafd6654685b5f1605dbad1b86fd232d4a2d,1764513721,1764513725,2153,104452,,
0x558f759581344f622c7ffd3ce380e470841565389d498b2d9dcc2a33be68e0c6,1764513721,1764513725,2153,104452,,
0x9c1afcf32b836e66ae960927a451bba171b946c203fa21c9a3b34b0a83fe74f4,1764513721,1764513725,2153,104452,,
0x1148724b59fb0fcfd0e501f926735148324d2f831e0c8d1c802e7bbaf6dd233b,1764513721,1764513725,2153,104452,,
0xc0bf7bad9af24b9fffe41c00f6a46fcb1256e435827e07d0b5e99ed0be0028e4,1764513721,1764513725,2153,104452,,
0xa57e985255d5ac2f56d550f359ed5e10c7bc2ad606708d33246a89d9d855afed,1764513721,1764513725,2153,104452,,
0x0199d5b95c54df88f6bef7f2e20074fa597295fb3cf6d953aa1387f631b528a3,1764513721,1764513725,2153,104452,,
0xc24b8cb627b11e9357ceabc4c7d0910110aef4e6b98e4a8e26f575091d0271d2,1764513721,1764513725,2153,104452,,
0x261f7baf16fef2bc26acf63b1e1153071dc7c24a9e24fabafe90b9c476076e58,1764513721,1764513725,2153,104452,,
0x122a6feb15b6d5c49ec914de26808afe24844d67832a61c9b782e082f01bb708,1764513721,1764513725,2153,104452,,
0x0e4499d9a938678f889168a71cf31f3faffe447aa7d60a2f93f0524f80289b06,1764513721,1764513725,2153,104452,,
0xb45928fb8742aaa41476fd8bc7c10fcf11f49e83c1c687f4934a91714e042d49,1764513721,1764513725,2153,104452,,
0x3ca2bf4f68b213720be71315c157a191bec755114042782c6158690c338c196b,1764513721,1764513725,2153,104452,,
0x546d15bafadaa3497f5184e46c138ef97d16fa094aa37628366aae93247377ae,1764513721,1764513725,2153,104452,,
0x4ebce1b59c92152a937f2631267f2783853591ed5bd812a26961ffb6d7158da2,1764513721,1764513725,2153,104452,,
0x66a2d019b98fa50a5f9764547d174e275b8c087b415ad15d4ca9124c1636a083,1764513722,1764513725,2153,104452,,
0x868e220e00c44f88bd637cde3857d7362db4eaa1c7d73d30307e1b908038b6c3,1764513722,1764513725,2153,104452,,
0x8f0724afa73dacc84fb5bcb7a39d2d6e1d6d2c289983c83549d207416b6700a2,1764513722,1764513725,2153,104452,,
0xf4d671286a95140b7338f6c222399005fbc028cd0e6b2bdcdd3d1f2eee9ad4c2,1764513723,1764513725,2153,104452,,
0xd4ff93bbe6aea42591c90378dbe1092f32f4b130c0a70f674d0a0ce8b200e1e2,1764513723,1764513727,2154,104452,,
0x4b31bf79c019881e6274be1ab75e631272de56925f22bff153a043d6c6cd28e0,1764513723,1764513727,2154,104452,,
0x16af4b731ba485a8221f80e3a3efe004faa1580eb1b1a8732aec533f13b8caf4,1764513723,1764513727,2154,104452,,
0x53310cac86a4048b5adade0b1d1f6dabd8017abf3f6618e32b350c229eec22b8,1764513723,1764513727,2154,104452,,
0x94d49bde8b18996fedbaeb61adafc20526aae24658bca03a1a1d12e3c4ff92a4,1764513723,1764513727,2154,104452,,
0xb272e0c55fdfefb5bbe05efd91762e020255bc2bcfbc5de08b8d8ce789dcad21,1764513723,1764513727,2154,104452,,
0x7718b157f7ed22aaeec561121c3bbddc24430904e8e91319224bf2965b14b776,1764513723,1764513727,2154,104452,,
0x46bd10f2e70aed0d4ac4a5a0727e9ffc9417ef6c353dae4efe0bd592b757da11,1764513723,1764513727,2154,104452,,
0x5dabc78fc8950fb5c6c251184d442cd584954ef9c0f0e457719a28254dfbbb1c,1764513723,1764513727,2154,104452,,
0x6d37b8af73638161ef70a14875c4aa541b7f9942b114e5d1e22f34b7e223d194,1764513723,1764513727,2154,104452,,
0x6587af1e32eb1ae3c17c4b5ef1825dc4ecad95d4a5f763413b5622a8d526f1a0,1764513723,1764513727,2154,104452,,
0xb2d9666f9989076c3bc5dc576c70f0b6ee5c3d57f429b23e4e18ba647630db4c,1764513723,1764513727,2154,104452,,
0xd18d5b870dcd558e34465588ad85fb41ccfa2c3b65178ce4ec02509fba757b27,1764513723,1764513727,2154,104452,,
0xee8188da372e2438ac01a0e4a68b453e09c90ae4395c287246d9048183d25121,1764513723,1764513727,2154,104452,,
0xf6ccb6750a0d19ad985b1d48e8ccca127a1bd1d3f6359e20e9cb12e13da4f4d6,1764513723,1764513727,2154,104452,,
0x4e8549ac940ca6037aaee211e0fb8869bcb8171b893b730f125784b096a70727,1764513723,1764513727,2154,104452,,
0x65d39366a5f93890a4241882e975694e2daae112aed478865882d929f56c5928,1764513723,1764513727,2154,104452,,
0x9abf8ec16fcd0d286843954ae8b9c848862d7738d1696a38675992aee138f5fd,1764513723,1764513727,2154,104452,,
0xa5861d7cc220fea84087c0467b590b75441a2f590543ec522f50affefa73f039,1764513723,1764513727,2154,104452,,
0x5750b772645b4bf7d0576229341b5605476c7f1f71e972440f44f12760a68def,1764513723,1764513727,2154,104452,,
0x66e12ff7a23048f0e7736c6d8600028d142b2a9002155b00d626dc3efe14eefa,1764513723,1764513727,2154,104452,,
0x146533e0d3e2e9904c2ae0a1933bd2f3797d71d0681ffe5e1b1cbd06c6087264,1764513723,1764513727,2154,104452,,
0x2c0d3ea3537a4a55388e3955508b6033206326aff1e160a5b62982abbc7a7321,1764513723,1764513727,2154,104452,,
0xed05f7fdb836da7d9bb692608ea3592aa22b2364343514ecb8733548f16cf4c2,1764513723,1764513727,2154,104452,,
0xcb626024db5dc7fa646b022e1e466c09c858d2ac67b02cd89b9900edaee35582,1764513723,1764513727,2154,104452,,
0xf24e8c11065ee654971a003eacc3aeef8c507512d4342ef6e73582c7a0123a2d,1764513723,1764513727,2154,104452,,
0xcb0f209a90a5a2e55b2405be92f30c75852eeb9bbd86d28d93bf471537f92fe1,1764513723,1764513727,2154,104452,,
0x3f700aa47ba31037f6771d554f697d4af8c030c1cc3f1c999e208347b7867c24,1764513723,1764513727,2154,104452,,
0x9018f6a2245490399805d2eaba6ff39d724ddc11fbcdda79dec3b7f84434415a,1764513723,1764513727,2154,104452,,
0x196194690cba1a7837851a15b24d8d00673347bddb3e3653890100bfddec4137,1764513723,1764513727,2154,104452,,
0x699064d067a8058c938969292b289608851b9e2e7c64fb94ceeb39b5434d8720,1764513723,1764513727,2154,104452,,
0x46edc3c6bdd47644ca6ca19b6489ca5a9c89c0085129b7ce075f2f3bc483c25d,1764513723,1764513727,2154,104452,,
0x7415a7f22c581870a037fda7df7703672389bc480fbb4dee819cbb865574019a,1764513723,1764513727,2154,104452,,
0xd79043b6582663f72bc485fbe03e79ef7f83eac1b4d9bbbceb8914f747fa9f26,1764513723,1764513727,2154,104452,,
0x20e0063486604ad26defe9736de3208e3a8cd3c0a174f68fa9307a975be1e74d,1764513723,1764513727,2154,104452,,
0xefc4c21ff19aefc6683a4d8e736c12b5e99dde321d908b10001c4bdefb27ca80,1764513723,1764513727,2154,104452,,
0xc313cda5c6edf95b0528cc7965545baf48f0ec4367b4efe74cf6bf7f11d404dd,1764513723,1764513727,2154,104452,,
0x1dbe57809f122b4c351f1cd430ec7039dce0e2a29fd7e8db9bfa3f7205c9597c,1764513723,1764513727,2154,104452,,
0xed6506b287f38f14be20339e2ffd0a71cdbd8072188ce9ec5f283d73101be0e9,1764513723,1764513727,2154,104452,,
0x1c36751c245f0e668f235874da38fa105fb250f01fea29836c25e93e57825093,1764513723,1764513727,2154,104452,,
0xe9df545717291efad16eaf42f4789d40096f85cd669f913bf0bd7e529506ad44,1764513723,1764513727,2154,104452,,
0xcb72967ee41e1cc4de9b9447da81a3f9bbf34e1529f16976474c4fef328e6ceb,1764513723,1764513727,2154,104452,,
0x1b472bf01682161b0022a4ac3726c0f65baf1a23c893813eb61dc6a4e3da83f3,1764513723,1764513727,2154,104452,,
0xf47cfba9c5a8f468fb81fca5afc01ae2bd90e45f65d8f5924701124a25448419,1764513723,1764513727,2154,104452,,
0xb6166cdc284c8d24e04afaaf385b0427716c93cebef85c61d4e91c5be7234a23,1764513723,1764513727,2154,104452,,
0x5ea77385d285e9df1b97527b1e09af463948960e7b5f68febca29befcd4e6248,1764513723,1764513727,2154,104452,,
0x3a0baabf5ac9c105d2de6ff94cde01997b15ca05885352941020e2bc5183d90f,1764513723,1764513727,2154,104452,,
0x01ab6689bff7f494ccae5b295d2c40759e2e63aff10ff3d56b52604b0f3899c6,1764513723,1764513727,2154,104452,,
0xb2e2b94152e23b02b8b8c825cd680ad960b1c99b47b6828530eebfe46939c2c2,1764513723,1764513727,2154,104452,,
0xd619a8925c38318bd1689847733dbe789ba4257952d712a2ffff2565c8ad42f5,1764513723,1764513727,2154,104452,,
0xa2d81d92739ee952d3f98174d28d8139339797df6aeddf6a8dde047b2501a60a,1764513723,1764513727,2154,104452,,
0x9db1b1ffcebe3249a7e49b1f46acbc8f648cc3f668d81d836d8020db316d72ff,1764513723,1764513727,2154,104452,,
0x56990bcea780f122afa16cb3ebcc6bc6d859ff70762c24111d43efd30e407f93,1764513723,1764513727,2154,104452,,
0x7691c15d3e5ef8014128f7676f2cd72f3e644e3749d288b91323d76ae05ba5a3,1764513723,1764513727,2154,104452,,
0xd122e420b4031853e852f17154b1716b9683cacb4566964c52be5a391987d69a,1764513723,1764513727,2154,104452,,
0xeba02f9c4afca6665b258385afef1232e13e25d88e1c7ff3780788d0a6a43f2c,1764513723,1764513727,2154,104452,,
0x1d15c07f097d3523694a29a00d36a99ded96081fbf1e746dcc7c36348eabc0da,1764513724,1764513727,2154,104452,,
0xdf2e49bdb0099c2eb55081e43a5f3a64c3cba9d91a591dba7f57dd59aebd67a2,1764513725,1764513727,2154,104452,,
0x2b76d01faeb2b89cabe8082326d75932cdcc7e31103c0e50ad6e0e02eb270f6e,1764513725,1764513729,2155,104452,,
0xfe7a3e579801b30b652e01b9fbdb972b2a651f45a4c334b9399506525e626357,1764513725,1764513729,2155,104452,,
0x21415e795f6b4659c308f3bd7b484dd02230a702371bb5a17bde49ac89566356,1764513725,1764513729,2155,104452,,
0xd76a527fc179c6ac5a0a5e1f7776065a9a7dffb8e1105afe9c1e4e24aeac3089,1764513725,1764513729,2155,104452,,
0x8fe282d822c4d64bd0a3b99b2ac0fbde858a99192c975d2f8a7875258f20c8f2,1764513725,1764513729,2155,104452,,
0xe325c3df99e8236e6496b0971f833f382953223869109f0a1df58bc4fa7a4e29,1764513725,1764513729,2155,104452,,
0x6f435995c17aa3cae9d1a6c2f2bb800862c1d98af168e44675a3b3bd6724caba,1764513725,1764513729,2155,104452,,
0x9a660077f08680078949b0156b74999ef1289e520c51684a180cec874a49de8c,1764513725,1764513729,2155,104452,,
0x5c246fca7aeb5ff26cf983009a75f44683d8069e745604790aeba239702be44d,1764513725,1764513729,2155,104452,,
0x2607b45f5e26e1d1ec13afedf8a9908d67410ee63d43f2a68b0e9cf5218007e5,1764513725,1764513729,2155,104452,,
0x4c137d0263ace5e379df21576908ba329d7b9cb956d419dc52bb7254e0162546,1764513725,1764513729,2155,104452,,
0x46b071d9562a157fb98c4c1ff9de27b3f81396a053fefeb40a0ae1a60f5c8714,1764513725,1764513729,2155,104452,,
0x2a9038519fa089dc3360d5d0efedeec9bdcda36c9141ac0daf34b9323574452b,1764513725,1764513729,2155,104452,,
0x191f48a97b5dd4f16c27d8ee40133940ed18d9c7238621e735a431ed4688242f,1764513725,1764513729,2155,104452,,
0x7bb039d5b8cbce0db1bb2051d6c50a0f50e374cb20dfcb94119c69b10f1ac2d4,1764513725,1764513729,2155,104452,,
0x590a21389724c93496730697c60bcd7fc43503aed3ba8a857b471e7ab374b4a8,1764513725,1764513729,2155,104452,,
0xd3adb147b0a46b0e7c4367121f041317b97eb054c4f631c0bfd52c00c561202f,1764513725,1764513729,2155,104452,,
0x22cbfd8c1e8432cd17d951821ad4077f2cda1be04a24201291c70c05c4904e67,1764513725,1764513729,2155,104452,,
0x693737633c9b2b672a7a7975217df3549cec05721dfc19a2391f4a28b3a2b014,1764513725,1764513729,2155,104452,,
0xd7b5b9e538da2ec79dda97626741769708e444c067e16181df01e48caf61bbb1,1764513725,1764513729,2155,104452,,
0x42ac55583df1bc205cdd0ad9decbcbab6bb7bc344f24337d3859e47174624a7f,1764513725,1764513729,2155,104452,,
0xb235de879c5ada50f0e647d99318859d063c8a7558cc75b520623a3ca00a4b50,1764513725,1764513729,2155,104452,,
0x6a14a13a39363e2577c2c0a6a3f5c837e3931e359d275ac85adfd5fd93850f03,1764513725,1764513729,2155,104452,,
0xe79e91b32c66330cc602306300702d0e4ced8b73922f82172be4db2622125a41,1764513725,1764513729,2155,104452,,
0x55cf8c709f57318d6171d13383dfb0e06bc34812b391b26706228d2df6b93c2a,1764513725,1764513729,2155,104452,,
0x2d9ea24fc6b41330d19b543cb0e8252db751379e2bd50200e23c1334dca21423,1764513725,1764513729,2155,104452,,
0x78e9547dcd5d13b2a79c7e38e1c16ff8e3da7a35a76215873110604a50609c24,1764513725,1764513729,2155,104452,,
0xf04ad90508b5a1b7c58c18a200f03d42d94e1fdc8afc3d4b429fbdd0fe94da4a,1764513725,1764513729,2155,104452,,
0x4244a6ffc57fe5d59674e74c4293fe8aec6e0f7deaec7b60a939024ef7cd55dd,1764513725,1764513729,2155,104452,,
0xa33dea4ae2f91795d5d2e0e536932885bbfe6a0e333f323ea4baff4da1667c4d,1764513725,1764513729,2155,104452,,
0x3128cc37ada3d1b352edf1c577e1412e8aa30e2ce719a2bf3f396b67ed3c679f,1764513725,1764513729,2155,104452,,
0x174e07b30660a4a0fdc669891e2bb88f270f0cec5bbaee928abceddb8ad1e61f,1764513725,1764513729,2155,104452,,
0x27716635502be930e22f3bae2d16d67603b03ce9a744e0e57d0764bae3fcc42e,1764513725,1764513729,2155,104452,,
0x26aa260b0b4c7877e6f22a5d5ee205412cb996c916843e3d004cfaabc25f296d,1764513725,1764513729,2155,104452,,
0x7d8fc7145a34b6fabb10437afd164c256eac6c8db1b62f69736e4f7228f46303,1764513725,1764513729,2155,104452,,
0x2733b9e45986d1740ae5e8232d13c9e94eeee843a4b7a6354fe2adbdbc8528d4,1764513725,1764513729,2155,104452,,
0xaa514827731b434be6177e358026c0d2c48c77d408c29fa28ded53924d769cf1,1764513725,1764513729,2155,104452,,
0x887585b798779f530879a9719c0e2cee919bf19b1929199f4e13320827a9c073,1764513725,1764513729,2155,104452,,
0x59087aa4714215c5c7dc952f40d7c12e2b4d7b002bde19c7e1fea2fe4a08460a,1764513725,1764513729,2155,104452,,
0xd8e44acbfa62a7db297405f10ba4ba411ad01343142aebccd609471c06c7204a,1764513725,1764513729,2155,104452,,
0x58251918f32f0e5a7f4763b3282c20a372d88dc2168f2ea8208fb4685bd4030b,1764513725,1764513729,2155,104452,,
0x3772ed61bd801acca25da59b479f05311a681a874f1449b15106f8fbb5a8fc53,1764513725,1764513729,2155,104452,,
0x6d87f1382edb052bb9a8a414dd4430b34ed7d309c02bc4d48f59658361b6cc69,1764513725,1764513729,2155,104452,,
0x1dc32b629b1c97aa004753df196df9bb310369f60323e44be6b4e3da8fb4b636,1764513725,1764513729,2155,104452,,
0x2b413605888279c5b4561499cbff0b8d8e6b7c9939e7e525443791703ed1f419,1764513725,1764513729,2155,104452,,
0x0ec2cde711dbbf05465856d451af134710465cfcb6327e57512bcc4316d31c05,1764513725,1764513729,2155,104452,,
0x3c26f617fab3e7eb459ede608c8e3c46bdd24d8a3b03cfee4e53936ad9a4daaa,1764513725,1764513729,2155,104452,,
0x78809e2b5c3df62be2240730022d52acfe23b035d2e9d1bc15ed38248c8a3c3b,1764513725,1764513729,2155,104452,,
0x5d7cd37f8a23b774ea0242d77a537b7d8b7cadba6902989d9898470351b5d586,1764513725,1764513729,2155,104452,,
0x1455f14bdb31b952d8ec93e9c7578ee0ff2882e44596e74345b93f21d30d0d4b,1764513725,1764513729,2155,104452,,
0xe8575e703427aaf064b0f031e5751f80f7fcaa2ea1cbc6548fc8f783eb613932,1764513725,1764513729,2155,104452,,
0x0801e61d0445de1d41e536fba71ef4c8f17d57ca367d1981f13109f25dcb17d5,1764513725,1764513729,2155,104452,,
0x23df839a83bb603dae47d4edd4fb5bfa134e9d532e243c1fedf5ab68237373a4,1764513725,1764513729,2155,104452,,
0xb37a863d053f08d00725cbc8d9bd03aa2882f54e5cb7158132d9f809e35d0562,1764513725,1764513729,2155,104452,,
0xa5a2ac98a93234ab96533fc40ed50f5d082e7c91bc1a60615ea92afa24663baa,1764513725,1764513729,2155,104452,,
0x27455971d6b7069bb3c0a35d8a1b1ab696b9fdd1fc87d02179fe3d3ff7b92b5d,1764513725,1764513729,2155,104452,,
0x51e61b189ca02d2b3a1a65cb2627a52163e7c7fb96441b3f78bfeee7215b0030,1764513725,1764513729,2155,104452,,
0xf34d015492291893a830448f4632b7c4d01528ee97fa13dda7304a1e7d10b5d4,1764513725,1764513729,2155,104452,,
0x8833f1a9405910ebd15d9a2aed842c3f1850c119db410ff224532b2f116ab357,1764513727,1764513729,2155,104452,,
0xf6f7080c30141cda9b0c168cc3eb506294f8279c7bf94e44373199f0d7863492,1764513727,1764513731,2156,104452,,
0xa7f9ea2a3caa85a45c81a46b37fa8abb28f4db11780237d6e3be844fd7ae7db4,1764513727,1764513731,2156,104452,,
0x22d45e1ae43db18765c3eaeb734dac64f9de129048555ad2c11fef8d120344fd,1764513727,1764513731,2156,104452,,
0x79a122b90409bf245206a74ef0a6de6df908fbb48b9b507f301252c21cfc09ab,1764513727,1764513731,2156,104452,,
0x047840ba1f5ae30231e10637e65717aa5dcbbdf5bdbe3a92c422f9639fe69e23,1764513727,1764513731,2156,104452,,
0xb9c04b3097b83b76a659571f6f32ec17bb2606930c55e7c9cf63bd08fc4cc522,1764513727,1764513731,2156,104452,,
0xa813f0b89c9bb721c2d633d870bc847ee067561df2baffb9669047d3166a9893,1764513727,1764513731,2156,104452,,
0x4d56be3150ac7f0d45ae7d535724680a494464f25ec083d60cfde73a298ad9c1,1764513727,1764513731,2156,104452,,
0x7b72269a5cd8d5cad1a9359836d81310d28d4e11a6a87e17d509923e73a69848,1764513727,1764513731,2156,104452,,
0x58749c6a66d068c3a18632b989327c8f6142098d3761c849606ecb6a2f6e326c,1764513727,1764513731,2156,104452,,
0xa09e87000ba30da6516c1ff7ad20d9e2ea29f2136e10f8f60e42a9253315f4a2,1764513727,1764513731,2156,104452,,
0xa771d8593c8274c026939c539237f48624e9ecfdb66da22158678da1d22de0b1,1764513727,1764513731,2156,104452,,
0x353c12d1b0d34cd806f78343a1e5f9d9b16b64cb18ba01e91fe699a7af50d6c9,1764513727,1764513731,2156,104452,,
0x297d9181a7d618e8c42e8f0ac336c780bcd95b9741733d8bd722dfeaafadfdc4,1764513727,1764513731,2156,104452,,
0x92a5e486592e01e919e5e981c4cae4dd6853d16300a27057680c0c47f62c7646,1764513727,1764513731,2156,104452,,
0xeba2bd4f3cb3be3a0b1cd5723b4e02cd5888498eb949fc676c025f02ae80ae0a,1764513727,1764513731,2156,104452,,
0x60aad150e6ea67023694304251592f66c2644e95c6675c786213a961ecd88739,1764513727,1764513731,2156,104452,,
0x2593b7d4ae713339d79b8c59520705b11de4f10ecfe89db5391ca488cbf0c2fb,1764513727,1764513731,2156,104452,,
0x79fc8cefbc7daad0527eb635a708c7d071a65496cd71d381abc90475feb88554,1764513727,1764513731,2156,104452,,
0x9c9cf206464f018e0e3719c4636c50ea9e6756b78f1fbbe36d15b2f8f5bde3b4,1764513727,1764513731,2156,104452,,
0x935c11f8ee74c15b5cccb1b71780d685de49cda707077ffc6390f04c0721187c,1764513727,1764513731,2156,104452,,
0x6ec60d7e8d761733ea704ca05109c6f21c97b2451a4e04ae356142a3730c7dbf,1764513727,1764513731,2156,104452,,
0x4d374137535ae337b3e2a4ae5181607aa441475746f60c502ff08ba66ce49ddc,1764513727,1764513731,2156,104452,,
0x3a3db53a7306e4941dcdba9680956a0f4113efe8f461cf27f514494f65eb10dc,1764513727,1764513731,2156,104452,,
0x820693dc842908cddbdb8065a3f325c8df346dda773467b5ec685d845c6b33f1,1764513727,1764513731,2156,104452,,
0xdeccbbf287e31b931c42d82e34b38d2610d2ec8155556d6680af78209cc5de13,1764513727,1764513731,2156,104452,,
0x9970835a3a3d2d7d24d6ca40155a4cbaaa8bd51439714867d70bf79651be8c70,1764513727,1764513731,2156,104452,,
0xfeac2fddc3a2f152a00b9ff84621d8604f7c37dcd82eee80c0c814d9979e83d1,1764513727,1764513731,2156,104452,,
0xeaf393667504fdd76296993b39cea1a8f695b79e527c6700afd12a8cc306c2e7,1764513727,1764513731,2156,104452,,
0x9c6e5e645accd3ebe296d4ae849d507509408191a52c747e1106222009d60151,1764513727,1764513731,2156,104452,,
0x4bfbe5bff056a41dbc4ad868540b55ce7e1f0ea3cc2633ffc5156e6590336408,1764513727,1764513731,2156,104452,,
0x01f129caffdc439fa176d4ece85e3a42de76085d6c695d01e9b868a2992ef914,1764513727,1764513731,2156,104452,,
0xa49a5e91f165099834081fc5838d6f249273efc5bc4e23dd9167d92efa65a5ee,1764513727,1764513731,2156,104452,,
0xd50bb709afdf1fded36299726f2ef60c94fc106011bb6f96c4656453ccc11b76,1764513727,1764513731,2156,104452,,
0x02c1d100234a4d47d00f6392421cf071bbc7bd8b46ba5fa54340510c586c31c7,1764513727,1764513731,2156,104452,,
0xe081fec996334f7176f076bd88a20e5e1696e51ca206a98e8d9da1f75d27f4e8,1764513727,1764513731,2156,104452,,
0x7f9dcdbbb57eb53b238c18ced1db7611cb64fe92fecefc659bf79a05b10c43b4,1764513727,1764513731,2156,104452,,
0x0a631682961f076879f44ffecd9f2d75f408f0620c1c28618203b35849f521f1,1764513727,1764513731,2156,104452,,
0x0c048d96f92a4f90735633ea598ebd9ddcfd25a8014aa7aea3ddb4c4439c3fa8,1764513727,1764513731,2156,104452,,
0xcc0b0188634b446338f55737ebcee4993d60831da742dde6306c96c6ca7acdee,1764513727,1764513731,2156,104452,,
0x89151745f798a9fa3288cdf3ba63f6d993654030f26c6512e45932e9347028ba,1764513727,1764513731,2156,104452,,
0xbe29b19fc31765ab9a08a1e7cb0f7bf088a9cf8834aba52bdfee73a7e75b886a,1764513727,1764513731,2156,104452,,
0x9406ab1fd0043ca16f4d15d6c9133c78818014ed7854f42777465c5610a70687,1764513727,1764513731,2156,104452,,
0x0d14d4928fa53c6f81d8ebca53e311dfeeba2cb4f5f28336dab9afdac045b37f,1764513727,1764513731,2156,104452,,
0xbc73daffbb5106bf4d529ba654a808060f060f1ba460c3c41c7fc6e5a2c2ede3,1764513727,1764513731,2156,104452,,
0x0678fe79be36b9bd0d0743fb417bc6a18132fd858a9f530299eeb04641846801,1764513727,1764513731,2156,104452,,
0xd3c5f05b9a8dd1c6c7628cd153c7505cc8e8ce6c599950fb94b58931ee1ac5bd,1764513727,1764513731,2156,104452,,
0xd2a8a30fa7476db6327158c6d62d9d4e7dbe49caecd23e181f18a99be1ded273,1764513727,1764513731,2156,104452,,
0xaf208782b3dca8961a2466b294d03e7088f8b7081390b91551967a5a19112e72,1764513727,1764513731,2156,104452,,
0x523320b8abf06587cae930549cc7ed9a4f54a08910e4855c3f0f660c5de0df0e,1764513727,1764513731,2156,104452,,
0x5ed8ca0a1d17d28dd24e484d6950b1fb7b5d45a7e48c17417b9e70f730e1814c,1764513727,1764513731,2156,104452,,
0x65e82955220a00c7b146e5564210a0b2e8381846046e3224c457096aef6443ee,1764513727,1764513731,2156,104452,,
0xf9e4c17c5ba9454b8a94dc5f51c59a6be1e754cb365f34c9bc1595e8dc5a4cba,1764513727,1764513731,2156,104452,,
0xa080a64b5fed0142a07e8670465446d27876cc70907716e3a9deef21b71f455d,1764513727,1764513731,2156,104452,,
0x407e1608c26e666a81023b1847111a19b4d7b59a245e118a7172a79e3657dc0e,1764513727,1764513731,2156,104452,,
0x8ba8fadd1aecb88297dcdd10abdf5cfc1ca3a6ddf34298beea94f83b19c29090,1764513727,1764513731,2156,104452,,
0x325cb90e2e083bf6c70318de10f6d25772c4c9efba40acbcd014897649b9c57e,1764513727,1764513731,2156,104452,,
0x375f4e8b5b75c4de40dcda47b214cf79df47f3410f1363029cdbb38e2b31dbef,1764513727,1764513731,2156,104452,,
0x6f06155f1875b8fb2584dce5436b51146979cc96ca6234ce8297b52fdaf0a4e9,1764513728,1764513731,2156,104452,,
0xf7aa0070d79c4e2efbdfa728d22e213f1b72551911d41ab08ba2b850ef7215f9,1764513729,1764513731,2156,104452,,
0x1f8d02f13e42154af2db329e006e53c978d7a18d183232101618a510448c443f,1764513729,1764513733,2157,104452,,
0xc21793348c5ff9b2c71818e80d3397560ca4514186b3346b3190acff84434b9e,1764513729,1764513733,2157,104452,,
0x34fff85bbf146d38dbef111c03db11c3cd713cc0085ea2265886a1b3ef417926,1764513729,1764513733,2157,104452,,
0xd43428cb442fdcd850e3135d1c2513c84dca43708c43596ef45d6b5d843de651,1764513729,1764513733,2157,104452,,
0x131f051ccf8210e62bda0200704e38eacad4280a986b1d18080110ee043cdad4,1764513729,1764513733,2157,104452,,
0x86179f7526f6ef30e4e8e06a305e5df41b78732ea52298130a30312c42a8a8d6,1764513729,1764513733,2157,104452,,
0x81857eb9feb73ea214214290c7b01a617d45f25830342f22b20438d5503d6f79,1764513729,1764513733,2157,104452,,
0xe024203a9d74e64e8a1b2996f8bde26c9ef2a648c98020ee68187cde960ac4e7,1764513729,1764513733,2157,104452,,
0x28b8e0b3d5cf4f586d9dcca921a69ec998d081f1cb74a1e4d052d8b7cfed8277,1764513729,1764513733,2157,104452,,
0xe9f4077fbf74d012ab5037a6c3842dd442eae86f4d9770b43f1219f5c182c61c,1764513729,1764513733,2157,104452,,
0x70b2413691de618728178c6595a3115e12cbe487433998f6952cd4be5194c916,1764513729,1764513733,2157,104452,,
0xbbe115523bd65d9c8e272f8bbcccd31e810d083b09495794bff3614ebeba41a8,1764513729,1764513733,2157,104452,,
0x41e94c00b7efb5cc8eaaa9dba8529319515d4665dd8bfa6910fb1cb13e3f5af9,1764513729,1764513733,2157,104452,,
0xfcc284116612032ad14e8913dfbd6d2925c9bdf140dcdbf2195cb5d23a84044c,1764513729,1764513733,2157,104452,,
0x70bcbdc6b1c83710848e4cbbfe5c6e6f51d0b3d1f6fd2ca5ba712a1aeae74375,1764513729,1764513733,2157,104452,,
0x1906dcce364540612a03416f69cfda4b6e2237604529bc8fbf097b74a1534fbc,1764513729,1764513733,2157,104452,,
0x058cef855eed4d748abff80a677925ac3b9e760a8095a6e8b41f7ac620b6e216,1764513729,1764513733,2157,104452,,
0x91c00f01c023d51e1b7d93b133757c23fe947eb24b457b4eafcf433090712ab9,1764513729,1764513733,2157,104452,,
0xc5c3f8f1affd0dd8372e265fa7c970ea830ee16893ec4772654adb8631f264a9,1764513729,1764513733,2157,104452,,
0xe4e8c167c18748f5524207533f5a96fce11c2e38d2021ec911665e98edf3f1c8,1764513729,1764513733,2157,104452,,
0xeff7320ab0b4b2bac6572dfbe87cfc713d26227e8ce50d998dd47204b4438b26,1764513729,1764513733,2157,104452,,
0x16c95263aad92bab0c5659cd6d541aa0130ad8915c0f604f95da97b4c614679b,1764513729,1764513733,2157,104452,,
0xaca721d216032ea146a7399e1ee878bfd9e72192ab3d8a9ace2c3eb06bf2b0d7,1764513729,1764513733,2157,104452,,
0x59f1fe4b866bc335ee1d7387984e944729fff8518026dc0af7176edb4e86f8f3,1764513729,1764513733,2157,104452,,
0xe8c7123c0e7fe9fc09d02a42b3506f25b7560b67e2d2673c8fa57e61972b764d,1764513729,1764513733,2157,104452,,
0x744ab5932a762d320a983a45b9ba3b246740c26b6c776c930b6912d15f3d511b,1764513729,1764513733,2157,104452,,
0x32b732f3b2a679f3c5001760ca5664ae5d978662d90a59c98b0dff7805604730,1764513729,1764513733,2157,104452,,
0xd9a24a6c7ea71cf0de9088e9155114326d9ca6f8f6c3e5834341b1947319ef93,1764513729,1764513733,2157,104452,,
0xa756bc4c7944946ea28c046f4cfc09f5f4c8c36f55fa48615fa5063f72bffd73,1764513729,1764513733,2157,104452,,
0xff38f626ae8ea37e1dab6fdac96eb2527848206b2192078ae7b00d36d903eaec,1764513729,1764513733,2157,104452,,
0x0203b8590a867ce460eb2b82e91ae6bd4754274dd3db84f488d9e400f4aeecb1,1764513729,1764513733,2157,104452,,
0x3701a509bbb0f5ef0eaba625ef8aca2cd880329d7ac95982e6f7087c1efc8f59,1764513729,1764513733,2157,104452,,
0x80daec95756e235378fd590dd79cc059695edb7d50865f06ec4b26d468f40123,1764513729,1764513733,2157,104452,,
0xec7635c1c30d58b7be13fdbdd6bfe35608dd17f5e697ab6642e603dd948c30ff,1764513729,1764513733,2157,104452,,
0x1a177bf534076b47a16370ca550195c15a01a69c404092a0ee0c9a6baa21300b,1764513729,1764513733,2157,104452,,
0x73e8e433c246d5bac3d074f02d4e1e8dee78004beee9dc3cac9368c65be6d0c7,1764513729,1764513733,2157,104452,,
0xa8e8fe0c3710fbd4d1cb3111cbad585c9146fd0d15ca930f9dbc5ebf02dd8884,1764513729,1764513733,2157,104452,,
0x89dbb00c64b9127f92e0475d0e6a7d5c22bda2f5079b2fff0817981822d63272,1764513729,1764513733,2157,104452,,
0x53b9cda9782ca4e494e99e029eaeec13e0606ed5a19e0a1a4a07b7d9601d9a35,1764513729,1764513733,2157,104452,,
0x0c2285b4bd2d257ed76e72eaa74aa823e0f6452c56b04622bebb14901e140237,1764513729,1764513733,2157,104452,,
0x857f54526f0bba02353b62781bd6eb72e97a4ad17546a80b7ebc0e182422eaf8,1764513729,1764513733,2157,104452,,
0x8d02306d30da6b50e64d04e6bd6c223c15d0bd5a3dbdf3efddb31f0659cf39e9,1764513729,1764513733,2157,104452,,
0x6935c5b302ac28f960f233e7f9a4bde93370c695e55f9c10f424a2206324c5f5,1764513729,1764513733,2157,104452,,
0xee97256e7be38e11a80d1a19a62a43f80a434a0c1fe5e5d4e62f5513c03ffbac,1764513729,1764513733,2157,104452,,
0x1eceb918860b2acaea651869bb216d7263f76c7f315073aa58b20948d180ef20,1764513729,1764513733,2157,104452,,
0x439ac30017f71f91c2e7d5c51ac48e82b535280340417a6ca505e15b39f77e4c,1764513729,1764513733,2157,104452,,
0xab0d0a842a7e1e8b77a9a6dc1e523a3a034767357eee9f6cc0cb7b9bcaf343dd,1764513729,1764513733,2157,104452,,
0x4425f4a4e4594c429ecbf08c42c53d120cb7d796efe2b74df3f94d01435f3b80,1764513729,1764513733,2157,104452,,
0x318f5f28f04c33d4554f91067e6e7c0af9be5879109b8e118a8f18cb878256be,1764513729,1764513733,2157,104452,,
0x8e5350f5abf283df13936a43ac0e19a354dfe5bdbb80c24c175f42ac017c05ab,1764513729,1764513733,2157,104452,,
0xedc06a71d27865747320c23e4cf2aebaa40f7143fd74e877e5e0c6b5f14d6df3,1764513729,1764513733,2157,104452,,
0x5d34083d34a262595dcb6ada7708b9b3ebe477418e36da688bed5b3300c6552e,1764513729,1764513733,2157,104452,,
0x801d41debdf238364438fbe82b66ccf5aa332bfe7fa51c4e14391556f816177a,1764513729,1764513733,2157,104452,,
0x9d1c5a0977920461b40d78ba51ca5dfdae589dcaa01a69e95b6f1a7f570e2bcb,1764513729,1764513733,2157,104452,,
0xfe9342956315b11bb2d7d40e00d4d9cd02b9154daff18f9437a79ebf54a9f784,1764513729,1764513733,2157,104452,,
0x3f8d44215dac8a62a24417fa0c8c7d7f5b23f30e700959dfef356c773090bc33,1764513729,1764513733,2157,104452,,
0x2064770a324a1eff21d104bee233906ec105e4a08e7922750be116b251a56beb,1764513729,1764513733,2157,104452,,
0xd983f9ef9b340e31128a8b60a9442c695ebd6a9ef6fc4fc2dd2419b193e6b2b7,1764513730,1764513733,2157,104452,,
0xa7270a17aee4932cd6a0e2e794a93a69168629fc209eeddd2b8cf841de7eee00,1764513730,1764513733,2157,104452,,
0x22b65f6d189adb556b394b21530fa799901969f9a626f2a94727c9bfda65a57f,1764513731,1764513735,2158,104452,,
0xee31c9f6eae5190eb182b07ee1b3bfd8f1cb45e917efa1bb404c723092465b1d,1764513731,1764513735,2158,104452,,
0xcf0f128a6c17a5fbbda603aa47da1bd760c1f515ae2cb79375ab93a8bbd11268,1764513731,1764513735,2158,104452,,
0x27e803ffc36b14d5c7b1aaba589083f79f60793adeaa9d3576fe2f5ffc6348a8,1764513731,1764513735,2158,104452,,
0x35169a8d472fa53c7158afe229c8b604e543ddfe8309888b489fd9de08263f55,1764513731,1764513735,2158,104452,,
0xc38341dca0900cbcfc6f42064f8c3a85cc79e4b86d87bc4511cb0195b4976b57,1764513731,1764513735,2158,104452,,
0x2b62cbab9cdafbf7137f398321147de74bd47ae9cba9676fab2b52f1247efcf7,1764513731,1764513735,2158,104452,,
0xf75b2f9250bfb86377dd31fe6996a3901ca2dc829706811ddc10084ad7f55b8a,1764513731,1764513735,2158,104452,,
0x25949a63da3077d7caf197fdf5460419912ff3857d104c10349632c9552f6858,1764513731,1764513735,2158,104452,,
0x96d5971b8d5aba3fdfc5c6315390193d4b8ffa15ea25a4ebba7296144512a19a,1764513731,1764513735,2158,104452,,
0x5603d00411239e5430653b035b51fb9432dea6658016d89a2d9f7c0243d90ace,1764513731,1764513735,2158,104452,,
0x27e585c7927bcd26192ebf5596ccd0a5440cca8ad81eb93fdb1d7691b7e48594,1764513731,1764513735,2158,104452,,
0x35768d6753bdb8d5c1fd704b107c61bd280bbe278918e13de0103c24b2488da1,1764513731,1764513735,2158,104452,,
0x7b6906b6bdb058bea7c31a564bb7af7f4bd629d80e14ff5733c8c97a06d314ec,1764513731,1764513735,2158,104452,,
0x0d883ac6f82c2318b7c0ab135e5c1da020253f007f964386fb3550f512237d6c,1764513731,1764513735,2158,104452,,
0xe9981aea44beca8bc9ce9267a2df7e82472640fa4ba4d0a032745a65cdcfd1bf,1764513731,1764513735,2158,104452,,
0x3dd7d14b0794b136d152f8f4817b190d4a641166791588d4066e20803bcb4d35,1764513731,1764513735,2158,104452,,
0x49b1661559ffd9900b0de03a706408bcc1ee9f73a7f636d4c9e8721195d5a70c,1764513731,1764513735,2158,104452,,
0x742cd89f3e923b51e8cd4d47a8151eebd269156f3468f95981159314a928a0f9,1764513731,1764513735,2158,104452,,
0x6cd5f735cc3119f8e19a644b56fc6bca887e7314519e8f2be4377523e7bd9e44,1764513731,1764513735,2158,104452,,
0xfa6b78bf9bcfbb3f9dceda96ee94993c7ff747e9ec4b6296c38d4ee39e2ecacf,1764513731,1764513735,2158,104452,,
0x7d1bc9e162a39db42ee811504608ef17d38f2493481b8d262e01f422b84db084,1764513731,1764513735,2158,104452,,
0x82561e7584bf503c69c3a21766f77e0462ee96a1584ccf6542b908f5dbffbd56,1764513731,1764513735,2158,104452,,
0x2e315f36b26585947350940006ea8736849259747ff399f3679816ec432bac2b,1764513731,1764513735,2158,104452,,
0x7053d5c9b9b6a84c72617c52fcbfc4e1e97b1673520480312c94fbb3b459fdeb,1764513731,1764513735,2158,104452,,
0x2b361dc0f1e36f4ad2970113be6aaa49380e8e3201e8166a1c84f1b5bd5dbb21,1764513731,1764513735,2158,104452,,
0x6a861cc55eb89e3e28c0b2e49cdffc77eb998957860588e62c69cb8f69885f6a,1764513731,1764513735,2158,104452,,
0xda623082397e23325fd2e0133e0491a720b9d04788238d18978d34b6e4369906,1764513731,1764513735,2158,104452,,
0xb5b2612a98259c3ccc40f512d3d45506dffd1f68d80ec94a9e01462f2dc0a6b1,1764513731,1764513735,2158,104452,,
0x9698e59609e9dc9b88a4ca21667f7ea7ed34025cba2c615a179f6bfb81f8b006,1764513731,1764513735,2158,104452,,
0x4bf553bd5c381825465b0bc4b552c361938575bde72d3d09ea8de56689c8d0a5,1764513731,1764513735,2158,104452,,
0x405fac6e170320d0d7be6d3cbcfd1c83b06238452e9662df28b2432e204fba7e,1764513731,1764513735,2158,104452,,
0x065078153c79783d86df2757f245a870527e2ec7382a115dcb7a33cc314cb966,1764513731,1764513735,2158,104452,,
0xd6b0b5542b6bb3a5bcf3bd9847ffa7355a69bf5af9976df0157472fffb160acb,1764513731,1764513735,2158,104452,,
0x89c219fed8a8d7db6607e1e6cc677e5786037b1f56413ead75123e2bf604e53f,1764513731,1764513735,2158,104452,,
0xba9614d39c4c64830206f04cf72c154d8081f8e73b1b011925acc6e3ade210e1,1764513731,1764513735,2158,104452,,
0xa44a1babbb086caf219bde6cee64e3e6667fb0fbd623a55beedc5ba23f366ddc,1764513731,1764513735,2158,104452,,
0x95473f33815e1cc2e8e3e55f0a0b93201f4901d973992995c989e842b5f0565b,1764513731,1764513735,2158,104452,,
0x83d046978e5ad0ab065f75815f59601b36dfa7761a59599fd21bc26ca9654c7e,1764513731,1764513735,2158,104452,,
0xff56cd9c7c6cf70946458484b0ef6f2ae96c77283a535dfa807ddd64b559b47f,1764513731,1764513735,2158,104452,,
0xf114e0d49890c98c858d3e36ad140fbf7bcac782c37d1cebca2fc1bd7cbe264f,1764513731,1764513735,2158,104452,,
0xf73468be4d9c317839920efba305b9a2d2527f8024834fdef5c2e2193c5ec921,1764513731,1764513735,2158,104452,,
0x8e2da393a8af6bfebcaa447b084881496236f91aad79bc4cce20e6f7a03b65dd,1764513731,1764513735,2158,104452,,
0xf66fc5726cd083894be8f1a0697cd1514451d39034bf2e8710482e445c0d2dd2,1764513731,1764513735,2158,104452,,
0xdf26c8627c3e9aa7e10cee86d425d6afd0b5ba1342d47749cef30c2e6c5e1f5b,1764513731,1764513735,2158,104452,,
0xeb5f1b87f4a98c4f2422ed5fb3488a3550a8c396b18e9387f5403a2d28cd5e49,1764513731,1764513735,2158,104452,,
0xb133cbc9b18c3e62ec350cfe2361ff3af476fceeebbab762ac5bf5e9be2dc1c2,1764513731,1764513735,2158,104452,,
0x18bf0ff8628b1c5ba972db9e0bfd00861df90936f85727e59fcf2258115dfa31,1764513731,1764513735,2158,104452,,
0x4e81e6937b92ab7d5972040ab4955ee6743f3c77bb3b1da46251b1cf568c2f03,1764513731,1764513735,2158,104452,,
0xb7c934fa83103faad4a7141ec99a04c4dcdd04cd9b79325f89da05c825032f09,1764513731,1764513735,2158,104452,,
0x17174ce593ea0bb5ddfddc45d38b1d62cb9acb39d6763babf68ace8482a5b534,1764513731,1764513735,2158,104452,,
0x816b29a8731f6db70ca39a5f88f14964a5d8bc672ec63e2f4db02eccf6296b72,1764513731,1764513735,2158,104452,,
0x9b1407f567c53372ef9f669f290398e062a73a8d2856c2deab41a5be657f77ce,1764513731,1764513735,2158,104452,,
0x613a3a55528932d063c6d207bcfb82dd259ab6230851a3750de7b9eaa619bed2,1764513731,1764513735,2158,104452,,
0x9ec7821489912fe18d35ebd035ad81ac92158aca58bab7c3e085da81ee0904ea,1764513731,1764513735,2158,104452,,
0x3657c3fb0f73b7c51c1694f1b6f53e0c7a462a0699d89ae84bb65cb113162bc7,1764513731,1764513735,2158,104452,,
0x0dc8372bbe83f38a0bd0e0ed1b1beadc875aaa1fdfeb510b9b0fb88a816e9144,1764513731,1764513735,2158,104452,,
0x3cc9ab46e5de5983a5704206949df3df481f3d997d0638df2d79785ca6444797,1764513732,1764513735,2158,104452,,
0x226c24f24557d7f63bdde436a10e3f87bf224adc3459f9528a5aeb04c4236a8d,1764513732,1764513735,2158,104452,,
0xad1fbcf88f9f16578ccdab0cc491a7edbd96c692fe954b65278dd1323c0e80ea,1764513732,1764513735,2158,104452,,
0x50c1e9b4a15cbe17d28a8660ece81e9857152e3de4361bb7ce9439e105b802ac,1764513733,1764513737,2159,104452,,
0xa536732683075b76d2026346f52a03733da1fff5d15f67a22ae4502efc1210e7,1764513733,1764513737,2159,104452,,
0xef78fb43aafa419e23aaedf98f903adb5a8e04c52da4d23170b1f8083772e587,1764513733,1764513737,2159,104452,,
0x418651d3ba3f5d1970a2b158d550a231b7da43a2ba1e02271a491cc47714e0a4,1764513733,1764513737,2159,104452,,
0x95a412b7700a9b3a2de390bae0762bccec479b1c0c758b5a74074852c957408e,1764513733,1764513737,2159,104452,,
0x5b7046247d619584f9d8b278200691c39fb1c595911ed2fcfe97041b034aeeb6,1764513733,1764513737,2159,104452,,
0x3dc7f62d5cc10d2e398e351eee1987becec25412a2dcde15365ef0f6ba0acde7,1764513733,1764513737,2159,104452,,
0x8a7d108b3f8920b1ee7c9e2913f437b9a69ba6eb87e2cdcb7183ef5f000a7e8a,1764513733,1764513737,2159,104452,,
0x58273b9498f2f5ca90c383966fb8b35850a5d8f7ff4c65a4e2b08143481a02ea,1764513733,1764513737,2159,104452,,
0xa937621cb0d5062bbec927a3b5a539a2da296596458647cd9827efac07873e8d,1764513733,1764513737,2159,104452,,
0x6d74663d003dd3d08e84587df7b45beb1a3b5d57cfd26b6974e584cf7154afcf,1764513733,1764513737,2159,104452,,
0xd5f9d7ce585a3a9936afc7a6a3f9f2cf255484acbf5aee9f3669c5c6d6673a66,1764513733,1764513737,2159,104452,,
0x774c94d90450e6107604a8a57ffde0f69bbe6050d5a2ff2bdd33cc5f9910233f,1764513733,1764513737,2159,104452,,
0x56b65c6ecda61bc15b47871ac7213a4f1ecbd7dd6f88c3347f68f53b0d8e4faf,1764513733,1764513737,2159,104452,,
0x069399bfb61e153e63b10de96f77d6dfa21425fd33b5bf492c71aaa7267f9537,1764513733,1764513737,2159,104452,,
0x1b6cda2e733281b53792024dc0e35b0845ba335ab228044bf990983ceb07bc41,1764513733,1764513737,2159,104452,,
0x9b749dfcf0c24cc168b5eebf4f5f02c448d02e965131e24cb65ad8a482248a65,1764513733,1764513737,2159,104452,,
0xb869d0c4e7f887cca761a1819a8bb9627d8a09541a99c6576df073c757f91951,1764513733,1764513737,2159,104452,,
0xd9b69bfd66f4eee23360aa4ffa06a8d315af0a0d0d100b7f01b6bb01f4ec3367,1764513733,1764513737,2159,104452,,
0x436e50bfc4a275fd9e57f171e3095d30114f12e0367117e36cfbb0b5687a3faa,1764513733,1764513737,2159,104452,,
0xf255c699ff093982207985172a7bc9d5dc42411dd3c6cd80a918ba97257c9a3e,1764513733,1764513737,2159,104452,,
0x2d3951df1e902a3a36c3fbc5933a23d392ce2aa36494a7df785b34792a66c1af,1764513733,1764513737,2159,104452,,
0x59e0e75768d6c70e4e9cbac082db09e49e23f086c1b7e6c2d66146d43306a7de,1764513733,1764513737,2159,104452,,
0x17aa1f5939d397f0c5135edfbc9ed0764123d4e921487a6775c673cb06b50df2,1764513733,1764513737,2159,104452,,
0x4acc47841e5d6c60d3228c34b13002fbed9fa57cbd4327a0690d6eb00d8868cc,1764513733,1764513737,2159,104452,,
0x0f0890cda20acdfb65b2a4e5c7fdd869d2f9943b13e214793fe44703e677cc24,1764513733,1764513737,2159,104452,,
0xfff74879dc8fabf682676b0bff8bf90fb03d8dde1d0e21165fb4608a5f1a1fea,1764513733,1764513737,2159,104452,,
0xf271c96123b1b0ba1f6a7e53ae70cdaf495b3f27a60c0f01b8da4aa95a11aace,1764513733,1764513737,2159,104452,,
0xcb576f665d8158f3601c77070f9d35aa0a6fda51806faeb6cc75e3a5fa121a45,1764513733,1764513737,2159,104452,,
0xafd1f9471fb2312ecee4c5636a208b049cc60605bdcb4621e230aa606c4cbb71,1764513733,1764513737,2159,104452,,
0x4fbe5073656250b0491041646052b0a1bf029632b8058b4370685d90eab65fee,1764513733,1764513737,2159,104452,,
0x7bf799332d6ec0577864f6290c0dcaa972c79abf68de634f9802e77afd13c1e7,1764513733,1764513737,2159,104452,,
0x5bada0227829144f97560f75f22d36f43c30a46634dae34f22ab406bd11d3c0f,1764513733,1764513737,2159,104452,,
0x1700388d0980eb95a8573c98363aac93e7188e191d016fc8638837abd9e24033,1764513733,1764513737,2159,104452,,
0x80c970e83f0e54c04981dc66929216645214347d256d838905833afb30865e11,1764513733,1764513737,2159,104452,,
0x24b3d1d00a3b1d19ef66f47628fcf9757fdc77a731c960e03da69bbd8b37e132,1764513733,1764513737,2159,104452,,
0xb2affc8757237b2ec4e112a8b226029efe1866408b1866a9369633dc34bbcf78,1764513733,1764513737,2159,104452,,
0x8ffa2add29793438131fd4aef2b276062b3b59b10a3fe26cabd5708220c603d2,1764513733,1764513737,2159,104452,,
0x1a527f051bc57b85cdb4f85df6cb39b831e06ccd9d8f9e90b8231850cc383d7f,1764513733,1764513737,2159,104452,,
0xa83a108f43b9f19f84b83c520b4d7b152491cf16cb45b9df63c5fe1915d5c9bf,1764513733,1764513737,2159,104452,,
0x10997aa0d6ebf9cb173f0572a6741d197a502f953d5bcd58225569eda3bb63d7,1764513733,1764513737,2159,104452,,
0xef05287130f6c0f9081966b8451a954da9860fe30ba2139778071effd2f6d041,1764513733,1764513737,2159,104452,,
0xae240a6549d26f1cba28498a50fc5c843f988b9436ed900f3a8b76d96aea191d,1764513733,1764513737,2159,104452,,
0x540721ab8c003ba43572f390bb0e9fbd458272b0366f03bbf5eaf7edbbda07a2,1764513733,1764513737,2159,104452,,
0x173a6eafcc798c50995f96f319a6c79fbe54f48a725d9527ad92e8c79d4217ea,1764513733,1764513737,2159,104452,,
0xc55f69160e67909a83de6b02af9a9a209a598336aeff23e73ccbc2672381b3cd,1764513733,1764513737,2159,104452,,
0x6bbcb2e77777426f720a12d1590119d2ed4d186c113e7ffdf6bb074b4c72d3cf,1764513733,1764513737,2159,104452,,
0x622c9271fab76d74fd3f33e9b515c30eddc55c022a26738a20a2448e2ffafb1c,1764513733,1764513737,2159,104452,,
0x9a07297740f7ff91715411a1df339a5d8ddaf404d2b081fe155d576d89974739,1764513733,1764513737,2159,104452,,
0x39b663f5109471d2dc7a3d5a94b985c69b18178742186cdeb6d07db7db58f3f8,1764513733,1764513737,2159,104452,,
0xd3892ea3ad79c1ed68dbf1c117192a7ea2c8c9ad838a136cf4b7f64d769da0d3,1764513733,1764513737,2159,104452,,
0xcc2324e12815363d1f2518bf016e5ac4af2e93eb1effc4083fec57ba467b84f8,1764513733,1764513737,2159,104452,,
0x21762bdb85417d9c131b3dedcd290116517d244117df7dfd731d9c1b39c5bbed,1764513733,1764513737,2159,104452,,
0xf2a484d9cac5d4f9236e3747312ec52ae8c1d375adcd775f6e6d32ee1e2f27e1,1764513733,1764513737,2159,104452,,
0x114875cca2a23e41d1c2db364b25ea4d4e779b5e50f6c88ef4f2a6b2e76b7bc5,1764513733,1764513737,2159,104452,,
0x4f56de379822aa822b29e3c56b75f15aa33594537f75e31b8864519927c1eefb,1764513733,1764513737,2159,104452,,
0x5bb1cfb2a847c77b8619ddf985e250a1089d18b0e2b594dce83cb64c0b6d2977,1764513734,1764513737,2159,104452,,
0xfb3cfaaa87eb52c9758e3a4425b06e020a0557bbe4aef55f8521f6ff16e46c5d,1764513734,1764513737,2159,104452,,
0xb8253bcd4dca660f19f39f8dc28c082166d30a4ffababaa0b376187e9c945f1b,1764513734,1764513737,2159,104452,,
0xc6e8cb5f31c802113248430e2ac0fa266eb93e3950f753bc5303eecffdece25f,1764513734,1764513737,2159,104452,,
0xa02619b0b2c59e22f3cecf25de4464150d1fa8a68d184c559fd984fbf88480e5,1764513735,1764513739,2160,104452,,
0x4fe2f0cf2585d848332c0e5a08c3f7c3107da2e8f77164b3046bad7b7f0999c0,1764513735,1764513739,2160,104452,,
0x7f65f0b5c039e977cbaed62ef14d5d151403902f72de9384e54140be107ee54c,1764513735,1764513739,2160,104452,,
0x3ec276ad5a40109a73aaa375f0572ee97d52ee0af408a63b5c50b47bc6af5a05,1764513735,1764513739,2160,104452,,
0xb8eb57fd4120a335e0ebff726abe7aef2e62f596ccb6f321e8de979a1c5daa06,1764513735,1764513739,2160,104452,,
0x26df4d1eae8e0885274573163d0164f8a071e3fd6ec0a267157e1bae3a302180,1764513735,1764513739,2160,104452,,
0x061a6ae9a61e89748f7557ed814ead8a29c8cafc8d9719352204c7a1a04c61f3,1764513735,1764513739,2160,104452,,
0xff1844ac7fde03d896ec79b66570902ff90ca97f9961d2f24a3065175b0f7607,1764513735,1764513739,2160,104452,,
0x6b458ae96bbc83173e1a6e0d1bc29c8895d980b5725b7f3dae34fe00850930e9,1764513735,1764513739,2160,104452,,
0xdcf1baac04121047a7143efc9a4683036277c71c94227185623e772074635d90,1764513735,1764513739,2160,104452,,
0x3415d0f9163deb5c8b149afac0cab46af5ce03dbef52fd1c4b279280735570e1,1764513735,1764513739,2160,104452,,
0x44baec2ac0098758363cabd11fb803e29411e8d531b835f4d505d4caa148cd87,1764513735,1764513739,2160,104452,,
0x4b614ebe4709d716594ea0ae045f4ff8b1eedb094caaa7fcb8793551ae7a6bdd,1764513735,1764513739,2160,104452,,
0x252c04b2c5612b0d417f64986040566a80275192d53400cae0c2bda3633e7913,1764513735,1764513739,2160,104452,,
0xb13587fc32f1f1a767f59f9bfdffc79df50dcf5fb389e3fd03d3cf4fc17a9046,1764513735,1764513739,2160,104452,,
0x29124a587605c8878e927afe4239f5ba1c1be666d371f8343c3a395f197bbf7e,1764513735,1764513739,2160,104452,,
0x00ac1cec4957c03bcfb65f0388a8d2e5631b5ee9dd5944c6ecc3264c8c456d64,1764513735,1764513739,2160,104452,,
0xd3215b48e29b70cd6a8f77b241bb39adfc277fbb292d00f2461b604cd0f4c103,1764513735,1764513739,2160,104452,,
0xe70ad18152f720ce89c8e25cc73364b00643e555003c665a1a82ab0669ed799c,1764513735,1764513739,2160,104452,,
0x04be067e4b86139dabfbc2ccc7098324cacdea865472fb780f2d6970742df4e8,1764513735,1764513739,2160,104452,,
0xf1cdd4f2a7c4116e129034d8c9874e6f33304f5c23d01436b1a2b9496ff78686,1764513735,1764513739,2160,104452,,
0x2e15bc890b48cdca89086a07a1bb82d0b23ff047b1b375f480a27d51bddde740,1764513735,1764513739,2160,104452,,
0x02e359ed4527d15b70131200c8db82bebccfb43f28d69a808fced3b9db002b20,1764513735,1764513739,2160,104452,,
0x03f3d343f1c009d62a438416f26e4f98bab55509d8cce83ecc7763380a09cc82,1764513735,1764513739,2160,104452,,
0x168385fad97e5023eb11e23697dae397849f595672d5c7685ddd46feacb3c6b3,1764513735,1764513739,2160,104452,,
0xad10ab83adcd30e6951ce05db57173aec977f0472f811bfa96cfcf2a46c517c1,1764513735,1764513739,2160,104452,,
0xa766d3b277de96233bb438c5d6cda86b8d22824c47f728b7c01302c5bb22ac62,1764513735,1764513739,2160,104452,,
0xf1fb1a9b437322c8d1a624be7a1952e50bf78170c56b8b0ec42bbf989b0fcc19,1764513735,1764513739,2160,104452,,
0x4d8f965d1dd7d3f21b098fec0f162da1f3b48d0cf86905152780d86b02aaceba,1764513735,1764513739,2160,104452,,
0x1e3508bedc329df7da7b97f7e30a615ffafcc349e78fd324b523c2ae2c3f5354,1764513735,1764513739,2160,104452,,
0x0ed5269b3e488c15e8e9613a9940af838f709f879abd9440682ed5258871c36b,1764513735,1764513739,2160,104452,,
0x398534fcd59dd2fcf91219d30f22d0cc4bc01f62ca452f25493d14ff2722c6a0,1764513735,1764513739,2160,104452,,
0x24d1fb07139522d43397e805abebf70ce259f2a8e3b2d5edf9c2acda880cbd18,1764513735,1764513739,2160,104452,,
0x0bcdc4f0b30465ba0fc7b81be9245409feb7d6db1ba7ba0237b30a7f833c5ec4,1764513735,1764513739,2160,104452,,
0x6135bc06fbe8eb672234b8cfc83163daea31bb212bbcac7a2d4506e482be201f,1764513735,1764513739,2160,104452,,
0x76b0ea77047c7baacdd712b2a1e54f04ec10945d0744e0a710b73edec71cc915,1764513735,1764513739,2160,104452,,
0x4f0c22d63c49e686a26589242ca6353aa5c9b29526781515429ab623a68855a2,1764513735,1764513739,2160,104452,,
0xbec57b1a928548233eafd5dc4710c4037eed4540e699866027451beaa2ca9b2d,1764513735,1764513739,2160,104452,,
0x1af2c0764e937e7566e718876ffd2cc8f817c176dd29f9f3525ccab0769a0d3a,1764513735,1764513739,2160,104452,,
0x3ff414e6427f49827eda2a681c496a0b7e1f409451ef319e4b8f18e53397ceae,1764513735,1764513739,2160,104452,,
0x51693af07654114bdf6741c1841192ff936b24d5db40a7db20f912e3139bb4aa,1764513735,1764513739,2160,104452,,
0x29f49547ada7ca3aab4c6394d41ca9e8dcc13924e9a50dd784f78d2b8fcc031b,1764513735,1764513739,2160,104452,,
0xfbbdab9b5f904b71ab50340d7aad91219a1103a3cd9da0b24968671a85889e19,1764513735,1764513739,2160,104452,,
0xd1fb2864d6435bb2385cefbb668cc5b10690c292a6f7b783fc52a3ee77606b30,1764513735,1764513739,2160,104452,,
0xcab5ae9ea52cf63a3de5e19656f33373a5c54d609e9df615f21b3e188504f75b,1764513735,1764513739,2160,104452,,
0x744d88ad41b522738bfbd93111cafb1f4d55309ef62b0332ac66df7e464a7809,1764513735,1764513739,2160,104452,,
0x32b6d33b1673298c932a27dd0c08dbad3039d120134820f30b303b457428fd9b,1764513735,1764513739,2160,104452,,
0x84d3ea7fc519d23005a90ce2c9174f815af5f2f7b34a06c1499d34b17afc12af,1764513735,1764513739,2160,104452,,
0x4e2b112a5df85416e94f563c11d4c5f133b8a71c5a6856cb806dcb4c85e879cd,1764513735,1764513739,2160,104452,,
0xf6548a436869865aa6ab8f7a95a6bf18d6dad42bdc79f181fafa15e984e88896,1764513735,1764513739,2160,104452,,
0x79bdbdc00c036eb8625621c23c6fca49d2d1dd6a168a644c03c99ef99d046f92,1764513735,1764513739,2160,104452,,
0x26ed1b4f4d591e0a390982a9e9f1a63abc08f3f32dacda1f9e741649e40a2fe2,1764513735,1764513739,2160,104452,,
0x4562e4668e8affe9ce0c6a5bc6006bc6e2c217ae618c08e3b9fdf2738661ed38,1764513735,1764513739,2160,104452,,
0xb58c21b403db2288a99ff61bed1ed35bf62de999d550a0244e47120b6ad113a1,1764513735,1764513739,2160,104452,,
0xce92c4bdcf3a1a9f7ba9757b69154ff149115426e228a91e219904dd085776b1,1764513735,1764513739,2160,104452,,
0x368785acf8faf9c3f02924ae6d6b930e3363d1e55d8fc7bc18e9fbbab149e073,1764513736,1764513739,2160,104452,,
0x53cc8156f4f1c679447e20e0b8c20a321ab482d4cfa716bc666175c9feb96ad2,1764513736,1764513739,2160,104452,,
0x89d6718d530e1526bd38f20d6b851923a09c979eb37115db21e74bc647b599f1,1764513736,1764513739,2160,104452,,
0x369eac4d293e5f0da5a3f656d01686220c15cd92c5ee0454755b998f5404773a,1764513736,1764513739,2160,104452,,
0x34c0abfbe145bbaffc0f1ab0c1886212bfecd584a32311bc6b27936fb4dcd4d4,1764513736,1764513739,2160,104452,,
