tx_hash,start_time,end_time,block_number,gas_used,kind,error
0xb51dbc493c6e1f6b7bf1d470607a2732c1ae4de62fc5470e7ec3df70c8660ec5,1764511682,1764511685,1133,34508,,
0x2487603144923b05398befa1d0098a0553261ff9c8eee72436b68f857ece7116,1764511682,1764511685,1133,34508,,
0xbb4444b7a9d28b75c069d57399cbae910175935f5a9306b9b189d6e8a0647672,1764511682,1764511685,1133,34508,,
0xf2bf5933f6c49f464ee69103162dfac3e8784f45aff721e0d21f462a192109e3,1764511682,1764511685,1133,34508,,
0x95607a9ae542f38a1061c78c31442356c740a02194910b34663b4cda8d757776,1764511682,1764511685,1133,34508,,
0x6844ef23fac680948551ca1d0f0ccbc97cfa01ed61f2b4e7de1949cdd73b8b71,1764511682,1764511685,1133,34508,,
0xf5f13e529f0fbb7121dff48d82de04563415b300e82bff791d6109491d061a33,1764511682,1764511685,1133,34508,,
0x9f5dac137bbcd5a3492e12fc2f401cdabc42803fe9e7d99dac5dc3789e0d45c4,1764511682,1764511685,1133,34508,,
0x0eaacabdc8bc16cd52849f0a84ae41caa217f3c4082fb1daa2516e7ecdda4d6e,1764511682,1764511685,1133,34508,,
0x14b5b185d51aa99f14e3c17bae4a94d72f2d0b8143a21bfba2fcc3e9379c2966,1764511682,1764511685,1133,34508,,
0xf9543f430c4bd6bb314056b33fb323a91c2d23b094b1eb334737b9e523d2c850,1764511682,1764511685,1133,34508,,
0xd7b33638bfdcb353bb7edd7e268e379553f95b2c63653dd8561c230163e8d61d,1764511682,1764511685,1133,34508,,
0x550777de231a4b44e7fb8fb073fb32691e2d19e7d155b352b37d80d389cc0e19,1764511682,1764511685,1133,34508,,
0x6cc9e8fa292879f7b99a7dce4d52256a38fb19e5caf830f5c69e3906727bf470,1764511682,1764511685,1133,34508,,
0x1b93db5befda0eb879fdcee5e9fd5c9f1e4608742c3bd554c54204c3a91125e2,1764511682,1764511685,1133,34508,,
0x866174b4cc8840baa4195683af85d28171e84d429b28f7009bdf4f508ab64aa9,1764511682,1764511685,1133,34508,,
0xb10b9eb3d238ded0329c9300705fe4ea926031700074c47621f577ebc09ee370,1764511682,1764511685,1133,34496,,
0x88595096fbcfc4795d7c8a8fe7ea0bb0768d08cb57a4973a705c4e88c818217e,1764511682,1764511685,1133,34508,,
0x161006fd7d16bf3087a217499d6d8df7d8bf9110ac4eed5c3e64130e8c2f5154,1764511682,1764511685,1133,34508,,
0x711003e96648d6de528725e3b623dd0a6181ca68ded38621a23e0df545810bdb,1764511682,1764511685,1133,34508,,
0xbccdca0e4eb2ca5f2f90c396ab6f491cf6ed0c395568dac5f8e240f6f68290aa,1764511683,1764511687,1134,34508,,
0xad88c250b89025b69fe7d5af86e8b92748924604b77f204a03576b999a9ac5af,1764511683,1764511687,1134,34508,,
0x08e2aa906fa7e7e0dc26a5a2c5631ce59f6407492a350d57a7705f1d3e7b4588,1764511683,1764511687,1134,34508,,
0xcc3914f9c85a50ff24bfa845b3eb34de59679107a9c996dead65f9d92209b59c,1764511683,1764511687,1134,34496,,
0x14bc887f56df32649a8bef756f2a66d01dc94ea98aa9d7292bcaa5ad1c2c983c,1764511683,1764511687,1134,34508,,
0x8f1d9a6059f2c3303b871dd33b3350acf4c7505f28a8487c099df2494503c0af,1764511683,1764511687,1134,34508,,
0x4f78d72afc981e8685a2c51f9e2153fa92d0d89dc7e97f015399b443b239c66f,1764511683,1764511687,1134,34508,,
0xd8bb3ec6a63d33aa87c35e158342f72074b813976c5572b939ec2c261ddb686f,1764511683,1764511687,1134,34508,,
0x5f505dfbd88a7c7b19260e0598f70e2c6742065eb423b571e83b847abdf93754,1764511683,1764511687,1134,34508,,
0x0ef9ca18323a11b4a71c319f07db4b670e3afb133a999b888de78f51b180240e,1764511683,1764511687,1134,34496,,
0xf1bdd8d7a8885835a63cda32d4462d7c2fc8b5689e7708356ddc6b07e86c72d8,1764511684,1764511687,1134,34508,,
0x81c7dea22741894068ab50d65dbe832339291548cf1d09ea7fb9d14bdc261a16,1764511684,1764511687,1134,34508,,
0xa5507546acd427575c9a2a833b04acc3b6510d501901c91616ce83e9d653b8ca,1764511684,1764511687,1134,34508,,
0x4330843f12e4b52a04771e72558b5af0e3d55396aa59eabc558b341f40a9d583,1764511684,1764511687,1134,34508,,
0x31924881cb2a0551c3d79fc7be9150339143484fb39ec90cd11ffc174a78d4f3,1764511684,1764511687,1134,34508,,
0xe15cd44f1750c85be3576f4f9c5aedd40e2003d59586f3cd854e68f2ab078fa6,1764511684,1764511687,1134,34508,,
0x8b819b649531a0b77cf48c6743f1be6a9c5678b6e64f4e2675328d347e7d27eb,1764511684,1764511687,1134,34508,,
0xea28bda14e2795bf15f74c1e7411b1fe038e610c32724056ea1d2401a20fa527,1764511684,1764511687,1134,34508,,
0xb360daaf159411285637fb4a40dd8a679e0f12f371c71607c9a2b7448364c780,1764511684,1764511687,1134,34496,,
0x5a8d6e2a0d4ab3f2d832828e2d87158059f60290f195e6595ff18dbb31ae2eb3,1764511684,1764511687,1134,34508,,
0xad38bab8ad43556a12b204e5bb105a124fe14d6b5d992d89d3a803255e464338,1764511684,1764511687,1134,34508,,
0x124888a3e804098d92c10792c7ad74fe92695114ba0a634bb77de0959f36d2f9,1764511684,1764511687,1134,34508,,
0x597a6be3fe5bb0cb3374eef2c83e6c8f6d1190251e676319e0f7c81656991895,1764511684,1764511687,1134,34508,,
0x7dc432d8becc3fd555edc29271f1f7226e6cc9550bbf971638a1951e2bb491c0,1764511684,1764511687,1134,34508,,
0x330e4a93c86a4b60355f5565bb365406b0e90f8b35330f9081d4607d237f1030,1764511684,1764511687,1134,34508,,
0x413841b02a05d600d03771fe6c1c86821b438ac2ba825164b1bb8d8151eafe84,1764511684,1764511687,1134,34508,,
0xc6c23c3f8d9d94d548455165d1477148b714ef00f6a1d1259974e80da10ab3cc,1764511684,1764511687,1134,34508,,
0x200246e694a55f8f011cee867e6200d5b7816831aa527cf5aa476847fda87ba6,1764511684,1764511687,1134,34508,,
0x707056169be7fd6da04747a3704354467496527a0684375b8df61d6083712cff,1764511684,1764511687,1134,34508,,
0x3ed7e3ce73bb1078aede9dfa5968008af0a8b58e14a4490a9882d1e72ca15bbf,1764511684,1764511687,1134,34508,,
0xc56f786d1b8ad86c99fa66c01b70ddb4749f47f39ce35015926a8c4190854d6e,1764511685,1764511689,1135,34508,,
0x13791a8898a05082766b2b9439c321151574b3a1d5047423dfc2aa80aacb9fe2,1764511685,1764511689,1135,34508,,
0xaaac5da1d507e99f1f1db9d41844e5484b4e921caea0d3340e9674cb67c5667d,1764511685,1764511689,1135,34508,,
0x1a679ca216d3757128e0a3aa6d801f025bcaf10a3869278c6cd70cbefbde6b8d,1764511685,1764511689,1135,34508,,
0x6ae8ef23e97813eee8764978d700f193a14903dc4afc3a2403ae13d6053c2010,1764511685,1764511689,1135,34508,,
0x95146dc10d1b207bd4c06991d5372c9f57e12bbdb0c9ac469bde99f0289ce76f,1764511685,1764511689,1135,34508,,
0x1d1d83a7f75bb351a9bc21966e6a33b685ae5f1aeabb7328a2b683f6d18a0f5a,1764511685,1764511689,1135,34508,,
0x3b1af95c3cfbd9bc49f5310c68baf5598e7f964502a5c8e4d7a7e5a2bff5d481,1764511685,1764511689,1135,34508,,
0xe71c0334a927e454efed322dd3d627824af6e3a524dbec901a17965ae5ca79b1,1764511685,1764511689,1135,34508,,
0x33eb96ebc6dc8816824670986b0bf7edf29a8ebab7b597fa0f3248f3165d8f8a,1764511685,1764511689,1135,34508,,
0xe4f0d39689f2a6637f47772d70738c80cde3999f6b06627ea9367473fde4bdea,1764511686,1764511689,1135,34508,,
0xc77423fea222c4baf36c80e4549cbf5664257432655b37029e1d62cfe4628228,1764511686,1764511689,1135,34508,,
0xa867f72b96e6e727d24e2a2a17e219c4da3133157301e826e5b8e847e2311e69,1764511686,1764511689,1135,34508,,
0xb16258414f8b9f601649eda1b1cb8a392acbe99113dbf9cada9109c962f2e4dc,1764511686,1764511689,1135,34508,,
0xccb256791201f76768e3d8ddf1381cab925fbc340d0ed356823828fb629db5fd,1764511686,1764511689,1135,34508,,
0x76f50afb9c2aa4f8f208d9a8f7873221566ffc52cd563989f8065310301303c1,1764511686,1764511689,1135,34508,,
0x61ab75b1b18e0e23336f6299b8d3e0a0ac6cc44ca6db477b3e8908758578ab35,1764511686,1764511689,1135,34508,,
0x5d4f5adf3bcbb5abf8ffd1ca58cc8668deb23ed46f3d924d1dc93aff6d6d9841,1764511686,1764511689,1135,34508,,
0xe471b49cc6a68e482eb77b4298fafa794a6b5fb90dd15b95001c5a89756e8679,1764511686,1764511689,1135,34508,,
0x0ffe7513f0ffed66d91da1b13b3d5f3bb7d02d1ddd6bf4efe65ffe97cb9f4aaa,1764511686,1764511689,1135,34508,,
0x0cc0bb5abe8072e1211e5df0814664155884862968fe5b6ef35e479566d53315,1764511686,1764511689,1135,34508,,
0xfb60830d92ab5343c9bd3c31b5634538621471eef52c10e15ae1efbd7cc77ffe,1764511686,1764511689,1135,34508,,
0x76a7fab02030735907f1bfff52dd25d2b4aa9af22427e324a0860798d82d1800,1764511686,1764511689,1135,34508,,
0x3dba58e681fee12128e6b86422aef16fe12397261b1f1c5f55f83df174cd8e69,1764511686,1764511689,1135,34508,,
0x95ba4eca1badaeeb7dc7f8091819e2ac6f09501604f3b29a684cc345df8b1511,1764511686,1764511689,1135,34508,,
0x66bcb2a9145868aa1149223f9538f557ea4ab518970c6a809d5f6a1ea187167b,1764511686,1764511689,1135,34496,,
0x70d48c02140b181a5d3e5e62cad141f987af3408a87470e9d56e93d9552a2de6,1764511686,1764511689,1135,34508,,
0x9fccc3fcbbd5124541d3e5ae87fbcce731342a4dea8e2ccd7aa0a732976f7d27,1764511686,1764511689,1135,34508,,
0xc6010758bec69ce61a6010f9433d64303744f8ef6f35e3ff08110adf1b19c499,1764511686,1764511689,1135,34508,,
0xcccb6ea2796b5befccb2270a83396625d5adb9d91179223da2a8092137bd39cc,1764511687,1764511691,1136,34508,,
0x52176907fced08f02f71e8f87760550819f10397504ac6713019ab583e4ebf1e,1764511687,1764511691,1136,34508,,
0x34de3079cf96ac9a4035f2190320a22a33fa90fc7ca94c7e1ffd365c230db7c4,1764511687,1764511691,1136,34508,,
0xef2ead93b43e6aeb561172b80d1847cfde5bb465ed39750b2269d68f068f7ed8,1764511687,1764511691,1136,34508,,
0x067c8f4c91c42e1f6b2a4a422646ebe8bf672f3a80d8f1dc9648e14a50cb76c1,1764511687,1764511691,1136,34508,,
0xf30e434c7b7b5778ef6472bd351fad7a31c29829cd205b197974e4d5b12bb086,1764511687,1764511691,1136,34508,,
0x0e7ed1f1226f5bf95f00870c0d0d7f20d7da785918ed03fc6e0261a7eb9fa22a,1764511687,1764511691,1136,34508,,
0xcbf429ad8dfca3ba26d75252bb6281bbb5af46831bb11ad57e5921fc6ee4fa4a,1764511687,1764511691,1136,34508,,
0x89083417b6e3a788b7bc9c2cf67e215b531ad06236825b2745a667f2ec310281,1764511687,1764511691,1136,34508,,
0x6985f659a1a3469886a537967c38361573ff066ef065d3ca584a31fe44b38297,1764511687,1764511691,1136,34508,,
0xaa53e697c7352805757ff64d275d7756dd2d62a03a08a45ee76c4fed81900b03,1764511687,1764511691,1136,34508,,
0x6d08cfa0ceeb3129c409ddbb461d6ea20b7d18c4e3120dbfbe436fccad08bb0f,1764511688,1764511691,1136,34508,,
0x9a942680aaa2c10fa11468aefbf065249e0bdddabd945b96800e6f618871fc98,1764511688,1764511691,1136,34496,,
0x7f3145914f379e3040de4282e27f323ed84e7838fe7645e90b1b4a223e6d63b9,1764511688,1764511691,1136,34508,,
0xcea8994dce99fcbe816e5cb0fe3be8e69cd33e2070bf0b12dc3ce9bb13455ab5,1764511688,1764511691,1136,34508,,
0xec8f4066a31ce660e11edc01a87a808881f0f37ba5052181088b4a756ef4da18,1764511688,1764511691,1136,34508,,
0xe526bb4775c36a07fb5ed9882203b4a79b96e11e288ff81a57a2c47dfc70c4c2,1764511688,1764511691,1136,34508,,
0x45c278006598526f25055a67723c7e5a139ae11a4dfe054eff27c6b4fd21fa9e,1764511688,1764511691,1136,34508,,
0xe7e3a275ab3c266e0a491ddec41c3de4b19541d23a1272f251903cdf4659507e,1764511688,1764511691,1136,34496,,
0x3cc323dc4d11ada93d74eda02635fe380c7be3356d34726e5c5781c7f5788426,1764511688,1764511691,1136,34496,,
0xad01da75885397596ed3a8259f80b713784b586a4e3318e4d6754bcb3dfcfef0,1764511688,1764511691,1136,34508,,
0xea8fb2f137b57f1356b188bda8c39401dbb7f840c05d3281b1840b9418b49f8e,1764511688,1764511691,1136,34508,,
0x3e0bfa0fb51bf398c8a4229358a513ef7fc86be7e0f8dd0db010519391d43143,1764511688,1764511691,1136,34496,,
0x83d9686bfaa0108e85bad2e614e402a4dad4cee406a5bc88e0f852d8ed081281,1764511688,1764511691,1136,34508,,
0xfe00a6f1b75bf7c53547677daef16d76728a9f4d1c829e5a36772458fa44c6d7,1764511688,1764511691,1136,34508,,
0x85ed0dd5ecb3a24e5dae53255426c86eb5954e84156b81ac9d214df482048172,1764511688,1764511691,1136,34508,,
0xa0a0a2c6c9b3e5c5dd9db411b3ef2c57698878c7209f3b5b19de550ecbcb959f,1764511688,1764511691,1136,34508,,
0xd6dc67bfde47a082b75ddcbbf16ed479e6569e2e0577b6bfcba0ae5e5624496b,1764511688,1764511691,1136,34508,,
0xac398597532f5af857c5941ed52236b2e0cc356b076e46568d527d811b9d0076,1764511688,1764511691,1136,34508,,
0x50d4fc6d2ad940a7d689d36838dd5ee82f2ab1b0cb9610d19d0773790be62e7c,1764511688,1764511691,1136,34508,,
0xa7344f18c11b240393f0a114f51ffe06af6c28458d4d707828f1322d7fc10de4,1764511689,1764511693,1137,34508,,
0xa9e7d6f9405a45616219eb89c4b46a6c4220b05acee0cbd57868dfd706edefe1,1764511689,1764511693,1137,34508,,
0x38f017c8bae07e047eda6ce7c9ab94f621b47fcedaba92d15b9fff3c75fd9677,1764511689,1764511693,1137,34508,,
0xa72b5ea64d001a47d5d8caae18427d0c92d48481c97b9a887182f280541f6082,1764511689,1764511693,1137,34508,,
0xc14600f0d6512921ebbe6f859a37e161aa2b50cf04c61fd2f79d2570f0d71acf,1764511689,1764511693,1137,34508,,
0xd4658956c618d4fce7009477fb0573557d68e0f3efff611af2dae1eac823aa5b,1764511689,1764511693,1137,34508,,
0x7cc481e3066d78df2befa106b8ce946c996eead8dd90062a6d949e4d569c71c6,1764511689,1764511693,1137,34508,,
0x14c37a8f0b7c8669b738a46fdad755df0e81ef97bacc0e9293d7fc44aa0dcdea,1764511689,1764511693,1137,34508,,
0x1ab386f2e6508ba7fd7d000616935005a25ac40ab91482501ce8af4030a7cc48,1764511689,1764511693,1137,34508,,
0x5daaf57529df7066ef561d501dfdb6c369cd540d2b9526513ab3dec0a1b117d6,1764511689,1764511693,1137,34508,,
0x834bb2284507a7811e5ddb527354e43e9104fe515aa3c1bbe805a492c97016d5,1764511689,1764511693,1137,34508,,
0xc813ddf45783b406868b79216012ed9eb9003d910485b82f885ce1b9bd14b254,1764511690,1764511693,1137,34508,,
0xad35b3d6bd5a11a00032c1eeeab9466b90cc4728f64dc45eefbb4b42fb36b03c,1764511690,1764511693,1137,34508,,
0x84c2478bf8bb648bce2e27a3bc78774da141c44dc5327ce9b1e558c9372e7b8f,1764511690,1764511693,1137,34508,,
0x0624c142c08386094e79658258089f8855c0a3792e8b1244f92b230a2b851466,1764511690,1764511693,1137,34508,,
0x1601643fd19dc6ef5630a3d5b268067e60a17cb7791aeedd1998815f108bf25d,1764511690,1764511693,1137,34508,,
0x227e1a8f84dd3f5a95d3b3532c3151593aaff4612f5f6857845af6713be90dd8,1764511690,1764511693,1137,34508,,
0x0d696ac6e5a915f32c82b0387ccd02a02cd7c81b87ead444589d6ed2648842d8,1764511690,1764511693,1137,34508,,
0xa795bd4aebd5d9f52de75a669ee621fd571d41a5c6793e9b26d47caa076ad061,1764511690,1764511693,1137,34508,,
0xc022494e48ecfe2c9f9d935882a1bcba7d684cfcb8bad8050094b52b325f5acf,1764511690,1764511693,1137,34508,,
0x604eff3013854d536c74808e22a5a5b24c5b7a42ed1eb90f43e96ba0508d73cd,1764511690,1764511693,1137,34508,,
0x9d5c5512761365550fcadeeaf4f4ef0457a10351f718d92774f2640a521d2a28,1764511690,1764511693,1137,34508,,
0xe2883fd0632685f30a267ef9fc0ff4188d3f2b28eee6bea2626df1ec5aa2e947,1764511690,1764511693,1137,34508,,
0x65057034d5e157aa655af4f07b135e9060d7485bf93fe817d0cc6209da698f6a,1764511690,1764511693,1137,34508,,
0x3e17c3652efb933e4028b901575cc0e13ada03ba164ca5f26d2d27c10e6bd19a,1764511690,1764511693,1137,34508,,
0xea18415032c835529376a31e6ca5ca24bc52daf2d0f6e1d41971e90d05349596,1764511690,1764511693,1137,34496,,
0x74c32718dee79d87d59ab4cfe6ddbd15dce81b6ab4a2ae82903e7504febd7525,1764511690,1764511693,1137,34496,,
0xe71aee0592520162225f1055ae4786f957ce97e3fcb2a8aa26cd16f7fe5b7715,1764511690,1764511693,1137,34508,,
0x07a28b105c0151c753aa98683c60cf0bb68ccc663dea1b5c8ac33bd8d570b75f,1764511690,1764511693,1137,34508,,
0xb3ab676565872a55a20ea3890e01414d4c98042ec2ba63faaef1b47d483f084b,1764511690,1764511693,1137,34508,,
0xd04dd71b8454322c20ab6cde8672fa81b2dfcd85718de595ffa8d6addd432ebe,1764511691,1764511695,1138,34508,,
0x0a74bc61a4dfde10617730f522d0985d834d9f77ae213396ae9516072bc5d763,1764511691,1764511695,1138,34508,,
0x02206f799b0c36d5608189943d7258bc61031e99372bbdfcc68355257e1e77b9,1764511691,1764511695,1138,34496,,
0xf6fb02e5d91636a0cd56d2de8bfc12d65954a1bd0c23685d5ca3ef5629c3bcf1,1764511691,1764511695,1138,34508,,
0x93965bd1a6c542778f26ba464d1326673312934453ce1f4ac2251d6b0143f5fe,1764511691,1764511695,1138,34508,,
0xab3439ef54de80fafed94dab8487a680b96487407a758944b2800f2da361c1c3,1764511691,1764511695,1138,34508,,
0xc5719c40ac1c5bf06a991eaf7cd386a517bcc331187748a425429dd09aea74cd,1764511691,1764511695,1138,34508,,
0x808dc0a88aa906ba39ab0cfd68c6a7c7aa68b36050d776e0c32ce27dd1737567,1764511691,1764511695,1138,34508,,
0x549d01eb297cd096b194857bc60ea91642672e484c7e03edff774b10db909502,1764511691,1764511695,1138,34508,,
0x5a12a94ce1aef7c42c219aa5caf69a84457cbb98bde0bd5daa915b4002c88003,1764511691,1764511695,1138,34508,,
0x779bb5ba7aac1ce41478139a0d88078c718548fd6662735a17c7ab37a8fb79fc,1764511691,1764511695,1138,34508,,
0x36507df8bf0dd453d73250aea99430bab72925068d247f84af6bc3c71ddf0eec,1764511692,1764511695,1138,34508,,
0x857f6b387fe2d174e1a8186cd529522e4cebb312b09e41abaa1774a14818a8e1,1764511692,1764511695,1138,34508,,
0xe1343426784503af802f57cfa8a57a235a7ecffe71dd7413dfef6422f6f18bf6,1764511692,1764511695,1138,34508,,
0x0202b82706e4b39a6e228fd4dd1a71a0ab4364170c17b21b40dc7d40da2b8c67,1764511692,1764511695,1138,34508,,
0x955c0fa31f1b86cf8c8613d6478617bf874180f70d138e604bf44fc6f990d99e,1764511692,1764511695,1138,34508,,
0x30b97f236d94b194d3a68e0454e27235bb20a896f70c851577931b00d24bf94b,1764511692,1764511695,1138,34508,,
0x8e668cfcdfc6969a3bca07b6a446b6ea08a38c577129cbbbe0d722709c30c503,1764511692,1764511695,1138,34508,,
0xc76d0d0a08520e31bdc9149fd56d3e8f687679b649cc985d2e99d9309eace0cd,1764511692,1764511695,1138,34508,,
0xb9d4ddc87cfc0a8c73c3b0059dd82d1315b86d6b1f63265c1d85090345add5aa,1764511692,1764511695,1138,34508,,
0x4a6c532fbf825721400c991f2abbead0b599d5aaf514868c82c6d6aa20619763,1764511692,1764511695,1138,34508,,
0xc0d86d43d03839804028ee74f8b4e43986c837b3bf54bff017e1f2f8f079efa3,1764511692,1764511695,1138,34496,,
0xaa5af3b6082e54c67836e4a0a5b8355dc2309d0fa4c103a25a82915f7458d4e8,1764511692,1764511695,1138,34508,,
0xebd7de76c9dc7d72e242fccf24aaaf3eda207e766b8506665f243cf7980b3931,1764511692,1764511695,1138,34508,,
0x983e8e3a64257713776011da49a814325babf86efa400af3154bfa88bd2b3892,1764511692,1764511695,1138,34496,,
0xf14b4eb1c2d49b50a0378bb1e5756f2b045a97b77bd1dce5852846b30228b666,1764511692,1764511695,1138,34508,,
0x19e1e96c1aeea772d625129f62659c546f0f86c8bb8464da1cf91d1bd856afeb,1764511692,1764511695,1138,34508,,
0x26c3ebe2c0273e5b44382b6ab0a889cda9b20ec6505052fab70beb4971789b8e,1764511692,1764511695,1138,34508,,
0xf436dfea94d38ab7a2366f55a0b55983ca1f6ac0efef122a40c6803a4746832c,1764511692,1764511695,1138,34508,,
0x6bc644ccc41560912c1679d84fab619fb5a26ae5a32b6530baacca2a0a6e4079,1764511693,1764511695,1138,34508,,
0x31349d87e48df076b37d399bd98f0a2592100966a3db23318aa355197f1bd178,1764511693,1764511697,1139,34508,,
0x770a306b6e446d580498807abf7f939b93f1754d90bd52859ee79f54c2cdfdff,1764511693,1764511697,1139,34496,,
0xe8e5b26727eda3c512528e91f784889562f19825b1745a24465751967d2726b7,1764511693,1764511697,1139,34508,,
0x11a59d5548a6d45fe9b292f893c02312f753ebc8f7cb44f4201fbee5f2d845ff,1764511693,1764511697,1139,34508,,
0x11a632d51115467f419aaa6fe65331017bcb29f46fcced80692ee835ba69251b,1764511693,1764511697,1139,34508,,
0xa2a7b01c5c32340bd77b189306b4af58cd95a1473a04db2dde7c3acdbee688e1,1764511693,1764511697,1139,34508,,
0x618926c8615bb5af514c9d231706749804c2e71539b3630e5243bba97d6b08f9,1764511693,1764511697,1139,34508,,
0x3765ccdcd9dbb98c5837be809deaa9b4910ed2ec24a70986d2316301530cc657,1764511693,1764511697,1139,34508,,
0xd5bb30ff0b58805a862e9ea631ccb2ddfed240571252ac5496555f33697ad779,1764511693,1764511697,1139,34508,,
0x9ec4a4069865154acb464c751909b8186bf765a3877236f66c0380a5059a980d,1764511693,1764511697,1139,34508,,
0x81f11be871520141fe707835174b382e9170849d454d7b593ce46be33501daee,1764511693,1764511697,1139,34508,,
0x72ecaf1e0f7f9c5a47fba80e1ae8400a6a8b9e3f986e5084dcb5808a84f00de9,1764511694,1764511697,1139,34508,,
0xd6276a36cca97a49349e38351a1d93d05cfaf2d79df43772930918a9c1946090,1764511694,1764511697,1139,34508,,
0x9d931c9e1e4524d556200209014241cee14eb299478b419444d3928c4dca9bde,1764511694,1764511697,1139,34508,,
0xc9115161daeacd24e78d14a0958c2b8539355abfc1f087d2ab7a856e1782666b,1764511694,1764511697,1139,34508,,
0x860e9bc6d746dcde7a0e166aba3c2d6c86b306feaa6f121dd54749f13a793a7c,1764511694,1764511697,1139,34508,,
0x9db9a73d826d2e253f5d15c77664a811322b6d4c3cee47901d3385cc028863e1,1764511694,1764511697,1139,34508,,
0x2acb195537717a8f509b25832f34b4ef5bbe9df057161c70fc72ddadc4cc6b1b,1764511694,1764511697,1139,34496,,
0x7d006f793d089d501ebf82b3de99c2a3515961f610bd1a5b1aac2673d1c28a58,1764511694,1764511697,1139,34508,,
0xf995367ddd58b4c31136e1ef9fb64932cbff375998027b1e22a3f7a251846151,1764511694,1764511697,1139,34508,,
0x309e938b35e80cbffc404a2f07266881c72fc98f8431ae393446a2f1ae78d863,1764511694,1764511697,1139,34508,,
0x0ad6f3d407ad45019b390cf9d48518890572d8cc71a76c5440138b42a6dd49e1,1764511694,1764511697,1139,34508,,
0xfcb1a1f7a083174f28f9c443ec0f1e853d470bf26f8ee2169eb6e947ade56853,1764511694,1764511697,1139,34508,,
0x5a393a5a3a394feb3edc435f3d5029b5ab3d8ea363d8241e29304057acfc9cd5,1764511694,1764511697,1139,34508,,
0xaed49a6759439f842b04d3423219b6acb167668cf12d70ba5797e87d47f5b1d4,1764511694,1764511697,1139,34508,,
0x8f8e47a2925b3988a71a5a4c931bb851893be663b282674b8ae28deeae942e69,1764511694,1764511697,1139,34496,,
0x7b009888e50a7afa1dc9e007cffccc5a26df839021efa39209ba350f44c7417a,1764511694,1764511697,1139,34508,,
0xb4f10fa995cbb945af5a2afd5e327e38e02703839187fe91603500f9c84d3876,1764511694,1764511697,1139,34508,,
0xd275ac7a3c27adfc98e1cb0134550112389394cef207610101661055b027917d,1764511694,1764511697,1139,34508,,
0x535e00806eed1562a298cc9452aca36fc35f25999b0fc3d6be6dd1248944e69b,1764511695,1764511699,1140,34508,,
0xf2e7a5af52ec032e4c9f4c1a55cd3d423d50c7102b9efa54dc3ff479fba7c1f5,1764511695,1764511699,1140,34508,,
0xff8fd8c0030415da0ce50d244647d3111f8b712f24e6c993edf82bea9a107b10,1764511695,1764511699,1140,34508,,
0x641f036268a5608a6e997d048378b8cd25db9e65a0158fa622a81b6ef858b10f,1764511695,1764511699,1140,34508,,
0xd31b991203f29b02dab999f699668a171c61caefa8a9842ff0cb7b53bf512550,1764511695,1764511699,1140,34508,,
0xa7a72a689b5dc68d635ffd4756de9b6866daf33064b2b4cb7eda8f21d1d9c3ea,1764511695,1764511699,1140,34508,,
0x2c6394587d31451e52cc4fbde8307b2acbfbe9de8fc72183cb2bfd8b9c81c5be,1764511695,1764511699,1140,34508,,
0x11510d00fd9dd39dca5a8748d2308e9f33d785254e2605f5ddddf8a7b4faacd3,1764511695,1764511699,1140,34508,,
0xf72ec0c173cb2c91a0d14341e08172e2976908f369b4eb35ffd7b1d583f97d98,1764511695,1764511699,1140,34508,,
0x1f765b21673400beb707d8cfff330bcb9d14b285050deb40d22fe03d18a6f451,1764511695,1764511699,1140,34508,,
0xec9707a978c81523b7dd1f56a6172533f5ed39afaae8c553445ab9829c7fc6ef,1764511695,1764511699,1140,34508,,
0x545027967f686e9e36667243bd98b8cb5f778ffc4e4ea427f7f01000a6071ba8,1764511695,1764511699,1140,34508,,
0xdef3de0d4f7bee90a9bc1d6336d8da0d2b920ff058a2eea15744135421a9ce91,1764511696,1764511699,1140,34508,,
0x8780237cdc47adcfa7256aab1b54a3bb024a8ef7e26c72cabe7f75e12e74140c,1764511696,1764511699,1140,34508,,
0x33bb5ef83e937f515e9862f4ad170a9334e5987dbd3fd6e02a0ecf35f4e86b12,1764511696,1764511699,1140,34508,,
0xd1866f3341da252b050f8bed2e7fcec419f5a41ab9bd335d45c94363f5419247,1764511696,1764511699,1140,34508,,
0x8ff1ee2428130358c8b5d0240579777c08c9a55cd4e5f9cb091b2a3f21c9c6e3,1764511696,1764511699,1140,34508,,
0xb54a3ba48def10228c30d2a35ef281f87e537110742b061a7f39e6617ff8cfbd,1764511696,1764511699,1140,34508,,
0xfec45be06250079c6bc98ec4031917b1f9451b3df117b1e16cecd2a0bc2beed3,1764511696,1764511699,1140,34508,,
0xffe2561383a9af6515a9f64e58f2ef70eb5cfe895d7bfdbc41145485fe44c396,1764511696,1764511699,1140,34508,,
0x2f919bfc8550a26bd810149107d750307795b09c3cfbc276e60426065b2da686,1764511696,1764511699,1140,34508,,
0x155715a236455abfa429d0d660a190ebd4e2125e0d808afbbcd3037102f1039a,1764511696,1764511699,1140,34508,,
0x53650417b442d512a9c894f00116ffbe0280fe7b36842691fee93c915fcf0373,1764511696,1764511699,1140,34508,,
0x99f0d1085394a5e4105b3e75fde9411b0809a7de7461c0c0de888425b213f24b,1764511696,1764511699,1140,34508,,
0x896f4dc08752820597ee4c76cebb364b2d035c2706776d129ddbea0a376f2cbe,1764511696,1764511699,1140,34508,,
0x1ea805bbea1b3ecd612aac1386a1b55ea5b6c26a078d20439edce1b33fff5d1f,1764511696,1764511699,1140,34508,,
0xa82c70384189fd39a39bc7d6b39548259543a28087686f04e016f66e1109c128,1764511696,1764511699,1140,34508,,
0x933bef610c9e12ba04c78e5e1cb2a6d6bc1b1901325cce367400151916212843,1764511696,1764511699,1140,34508,,
0xaf6f550851fe2a7414e84dd59ca4c842ed1b8c50e301455718473008201d140c,1764511696,1764511699,1140,34508,,
0x5db9d37f1980fe555a1313633c9d743b530d8ba7b9028097dcbdab89393f97d7,1764511697,1764511699,1140,34508,,
0x03870ac48a569f22baf217b3fc85438ff118d7b3c7629d59e6fe234e3dc451cd,1764511697,1764511701,1141,34508,,
0x2d2560fbf5fb6b88a56609ea683120245972ef9fa824f329faa339836841c319,1764511697,1764511701,1141,34508,,
0x53f87f741f25ecceef87481d668f9042b4cd434d87d98a76018043aa485e42ef,1764511697,1764511701,1141,34508,,
0x0f7b872bd6942427d2fd5940479302fb3f063278040cfe6b8951f3a820d8fba8,1764511697,1764511701,1141,34508,,
0x0ecec32c62ef9318849db657fd3e2e3211c725449d0ce491a0ca716d09fafb53,1764511697,1764511701,1141,34508,,
0x47a95bc84f771518045e568dc0ad45e349b842475bc490efe7f72d53936a286f,1764511697,1764511701,1141,34508,,
0xee5dd498429d3a74d264935e44de38c18c0152e1796ae256b995e5d632d205e4,1764511697,1764511701,1141,34508,,
0x75572713f3ddc164f119706ce6d97f72e996b9b20c40c99764c7539814f0bd29,1764511697,1764511701,1141,34508,,
0x26383732edab615e7e2e9625b8684198f31acbc0b3e2057d1748b818d61ae964,1764511697,1764511701,1141,34508,,
0xdcb24733f2f7b999b10b4a5b25bcc688f1ae5e06a4f69d20b178bb0a415c8b4e,1764511697,1764511701,1141,34508,,
0x58aad48d3358985c3eb066148eff3700b765bf759ac3e8bb69bf8cbf8f305660,1764511697,1764511701,1141,34508,,
0x5de7aced424c75e069ee3d6f58d2772337f34281277ef1ed82ec9d26407fa169,1764511697,1764511701,1141,34508,,
0xbf19c7f5f27413939ff4c0d4fd31efa2a0dd84b2c91e509fc1e9f1ebd19a82ee,1764511698,1764511701,1141,34508,,
0x0268f320f88a3498b1db9a780eced2c56ea165d2a5afa8c210ef9962563ea36d,1764511698,1764511701,1141,34508,,
0x08e476eb267cf290ed26c3b3be694c3011ba88ea9707c8313e1d954b4eab886b,1764511698,1764511701,1141,34496,,
0xcf1c0de348dd9564a69d1e30e501cfd0a71ed09446456dc7f2cecf75cd4fcb1e,1764511698,1764511701,1141,34508,,
0x4a03cb1d818cded4c58aff55052f01bd710936f660d0307188e969a59907517b,1764511698,1764511701,1141,34508,,
0xf7839edf0e44837afff967799e07575e7714db39b358a11dfe4608afac6e0e1f,1764511698,1764511701,1141,34508,,
0x84b31f1ba783d2a75e344c72778709a223d00bc76fcb01a5821d32e07ac14020,1764511698,1764511701,1141,34508,,
0x5832633f7aa3b9fc6272c2301d47e67f44b894cb6762dcb67705ef023d447c00,1764511698,1764511701,1141,34508,,
0x695acedcfda287cc66b21a58c4a79b1be72285bb595b59294742a2e17bee2dfc,1764511698,1764511701,1141,34508,,
0xff4c6614d647afb713f829d9ee343a89ee350d95a4451109c357359316c42fd8,1764511698,1764511701,1141,34508,,
0x69351bc86181a16683f9d6ef9683c1ca89cb018f87edc79d93ba9bbb6f975d0e,1764511698,1764511701,1141,34508,,
0xf101d680c7bea0afec347dd526ac72900615c0b7158ced7d6583cf05078432be,1764511698,1764511701,1141,34508,,
0x39a2e45df09149a98797e7ca3fbe048529a120410dc7bd6e671a88c7a9e16f06,1764511698,1764511701,1141,34508,,
0x449be35d4c2b3f3fb84b204af1007d58bd6e14549da54d97d613be944a0e21b0,1764511698,1764511701,1141,34508,,
0x1a42e7cea6c30fc0929bef13ab943028a9fbe3461f7540ba74fedafb19f84774,1764511698,1764511701,1141,34508,,
0x58e57f9c97ce2f3af3d9471eae0f5b1b5c240f67c5d75bcaea7d74dd76d52fa2,1764511698,1764511701,1141,34508,,
0x229de0930675fc0c0c06dbd497d9192119e823d8456dad941f1350b66c4d2749,1764511698,1764511701,1141,34508,,
0x0ef92605beae84d8a47703d6875e6b34b5d33a4cdf3c6f66e24e0cc096850ae9,1764511699,1764511703,1142,34508,,
0xb047eb9fde7dd8e0a347e22b9df56962925a062f1b15ff4744b1b65109056a32,1764511699,1764511703,1142,34508,,
0x3568019eba22bba88662d9d52dcaf9cf7fde710e267964cb7c9087373e5c2d38,1764511699,1764511703,1142,34508,,
0x28d4fafac325e39bb3857bfd51f8576f87cf3a9c0dd6cd39a5d54f0659156087,1764511699,1764511703,1142,34508,,
0x94fd8f1d316908f1844c8e18c498b9ab755edeedc8d713bcad4451350ebcdf6d,1764511699,1764511703,1142,34508,,
0x5095f3c88e6bfde76a94336a8de5f5557793c8ffeb9ef30dca42805c6f2329ce,1764511699,1764511703,1142,34508,,
0x3c66d667284fea28a00fd922dfae74b6e2cf6763239af4e76e8c3ec6182f3f33,1764511699,1764511703,1142,34508,,
0x50935690f4ac37c727ef6a626be5bb7e116b2ca57232c42c22f653e51ba72b0c,1764511699,1764511703,1142,34508,,
0x69732a546cd192c321ac5e6ac1c8d5ecf604ee3cfd553ee649f3e9ab3f082e75,1764511699,1764511703,1142,34508,,
0x02171d62ddd18fbbd8d9a35e6f5c012dd420a86780195d48118a48dbe6d719d1,1764511699,1764511703,1142,34508,,
0x99d7aed6e7848541befcdb776ce55989bd2ca8e0c60453a5829e3fe580377625,1764511699,1764511703,1142,34508,,
0x95fde3a1f221c25521c0b1420e313fdfbbd4732bc0284d1739f89db36808d9e9,1764511699,1764511703,1142,34508,,
0x7b611715974458825a2b9e12428e7f80a17aeb9b76818ae5f4a11a0f3550544d,1764511699,1764511703,1142,34508,,
0x35e2c1615f7be177f46b9ac2476b244c6a6b27c899895fe0245ef0d8c5728cc0,1764511700,1764511703,1142,34496,,
0x17e836506a9163fae682b288623a87e4521172f41b2562b6991026b71e6ba1ec,1764511700,1764511703,1142,34508,,
0x0241759399e7dcf339508a8c03d2508745268c11fb64bf4c4b38dfd31f3976b3,1764511700,1764511703,1142,34508,,
0x2300a7f71021d92eb1446abdd7a070bb4d3cf91d1b7564e672c58922761e4569,1764511700,1764511703,1142,34508,,
0x1f169240f308a668aa46767baf2bb7c0280b89cce5778d639a8610a549b94c34,1764511700,1764511703,1142,34508,,
0x5471b1579715cd1a47b0be6aa5d060df5e4ab70dac726fa1fddf98e75720d746,1764511700,1764511703,1142,34508,,
0x993f39a53888aa79ca763e470bb6288500d8173f3278531c63d4413dec4f822c,1764511700,1764511703,1142,34496,,
0xdbfe260346bc453dddb3a078eff64a0fa6588630a5e48dfa8d222372b968b11e,1764511700,1764511703,1142,34508,,
0x53449d84a6ef68c8d250f1c0424d65f2f696245176d0c7f5ccc16d9f55e7102f,1764511700,1764511703,1142,34508,,
0x41788959b1215fbd6a8d8e33c75acb11884e094d50fa6ba8ee4604a52eb453ec,1764511700,1764511703,1142,34508,,
0x9475af462557c1c0c9b7277c22493bf6cab480821747788036c8f6604b51ae47,1764511700,1764511703,1142,34508,,
0x2f669a64308a7a0928209016018cf787be91e4199c3a8438ee5f37803d52a682,1764511700,1764511703,1142,34508,,
0x92c9a871ac7fa116cdf3326256ea5bb93d783745eb78e852ecd2544671320766,1764511700,1764511703,1142,34508,,
0x1ce35a5597d55e7cecc196e2cc79cb398e7d23b65d0aea3317c154b293ebaaae,1764511700,1764511703,1142,34508,,
0x61d88d4fb3979c5d13cc126dcaaf3789c0f7cb8da825f3700ef7a74be0394b61,1764511700,1764511703,1142,34508,,
0x1369c78bbeebaeee2dfed775e85a81a1f09d501a726e8926b97458a609b19c40,1764511700,1764511703,1142,34508,,
0x367f9abf17b18f211b952600a3d483c3f344bad45cbc0c0b15f7962c7d420651,1764511700,1764511703,1142,34508,,
0x84046d233b4900626abe8fcf6c7e071af6ba078efd8d2696d04ac7623bb58dfb,1764511701,1764511705,1143,34508,,
0x5f6de3dcb9b16be3976b864f615ae573b35d2ede6d143cc0076ac0fe9390c301,1764511701,1764511705,1143,34508,,
0x59d8b2647bb5b916b2408e97727d20ba653b28b8a0f60297ae195915b59b284b,1764511701,1764511705,1143,34508,,
0x80b107f0cc36101f535f2e123348feccebfaf98ef822e0d0bd5f3a5cc4949d9d,1764511701,1764511705,1143,34508,,
0xb3b63d753e0b3a47f61237e688707bfa6741dde27156c180b3cb898bb00aa0de,1764511701,1764511705,1143,34508,,
0x0dd42ea05edb7a26dd47deaf108785599f346b291f699962f13946cb53faeb09,1764511701,1764511705,1143,34508,,
0xd35a8e0a4069a678df0431a48ae76593647c73c7cfa95c5d19e289e9183268fc,1764511701,1764511705,1143,34508,,
0x8b46b1d8b9009914dea4d73db583e24702f4fff8b6d01b71aa73d352e454f969,1764511701,1764511705,1143,34508,,
0xfe07494a6100c1617add64b6f5d95fbab9882cd054ab123860d71a2557fcb38d,1764511701,1764511705,1143,34508,,
0x3ddeea855521a138a60804be9988ff54efd2a5fbd2e9b7076e6b0c4256ff5e10,1764511701,1764511705,1143,34508,,
0x20894ac888f8293f742170ff2bb519f7a2cf68c0b016c4c6a92e7f282eb77d06,1764511701,1764511705,1143,34496,,
0xb010ede1aa1c9d9ca4848940bf4eff3558dfa3f4443024d511f64ff3e28aeda9,1764511701,1764511705,1143,34508,,
0x25bb9a2f77babb6531aa4cf528ba53e4a403e1941f9efee381d8585494f41974,1764511701,1764511705,1143,34508,,
0x399b6719536c7a3601d93d36719c39cffb1e4be66c689ba65a8a045111902135,1764511702,1764511705,1143,34508,,
0xe4a3c22adb0fa0519ff7de5bf4af311ca8b1e1fb571224d7ac565d437cd6b5b5,1764511702,1764511705,1143,34508,,
0x81bf307d28e6a28f3fbe48d36f4a364eb16081d11eafb8136bffb8e009e06c8c,1764511702,1764511705,1143,34508,,
0x47f06960f8316fd205f83c951450ee7dca4c5e138102d2dce239da7216230630,1764511702,1764511705,1143,34508,,
0xbd857d026ea74f1fbbd352eeca5391ce32e2b4894a5383f9a21c5045658da3fa,1764511702,1764511705,1143,34508,,
0x12af1a2eb9856359172f6ebd8784b5116daf6e04ea778e8efe84ebbffd9dbace,1764511702,1764511705,1143,34508,,
0x7f9e0056a6dd3d991231cff2a8835453f10a4ad2560ca52034c48a4d98266673,1764511702,1764511705,1143,34508,,
0x7c576def865aa7a4426ff98d29d6f7f1fbb22f72d8a3bbfbdd315975c35df989,1764511702,1764511705,1143,34508,,
0xa7cb8b161c39a0579fedf621990e3980349b8f60eeb04f3a0200d663aa5d34c9,1764511702,1764511705,1143,34508,,
0x4cb19db6407466593f545192b96831594f3bc843cdec65c8bb5dfacdc1132417,1764511702,1764511705,1143,34508,,
0x8dd2112ee3d01d14f63778c4f59b48e7059c84fef8ad939b5718551703c7a885,1764511702,1764511705,1143,34508,,
0xf91e3e584aa551b4ccf020c661b9509fc6d1d81352fae6b7ebbdaf4de744e379,1764511702,1764511705,1143,34508,,
0xc213111e7fa2cb9d902e48dc465ca2780b0a113a2ac2c0b4bfb91d22de58ccef,1764511702,1764511705,1143,34508,,
0x83336c69d8d18a33001baacb8a87870f515aadb497c4102aa5b4438f626488f2,1764511702,1764511705,1143,34508,,
0x1552f3c2729b95068404da310c8ac4466419fa3abc936fbe90d7e06395499648,1764511702,1764511705,1143,34508,,
0x7118ead9df3dc5a0179f647c56cf6978566bbf59288a3b2e03a402aae530a707,1764511702,1764511705,1143,34508,,
0xb35091bd12cd2778408c0ca6ebf8d75f830205ce742a9b94f6976a266a5beee4,1764511703,1764511707,1144,34508,,
0x08c16cdd1a999067761ffc836b943468a935aec15160b2e51b54d54d70e5ee14,1764511703,1764511707,1144,34508,,
0x7b3f4d612d31123ed2d15e22d6fd4821248099942ce8e43201611e4a665ed341,1764511703,1764511707,1144,34508,,
0x649d210772026c76a88eff7b2972b7bc06a35d25d947199f0f0895e6a9e5cf1d,1764511703,1764511707,1144,34508,,
0x2c4a64aacd7d473b6572118ada995960bd30a122670f7f1ccc9d2e7fddb758f1,1764511703,1764511707,1144,34508,,
0x6f2bcaf3e425e5e6c23df4f89f2fdd66c4164038cd3405bc006a77d95a587291,1764511703,1764511707,1144,34508,,
0x828c51f414c966f344108d292c9ef698a272496f7278e1ba19dd3f804b456a30,1764511703,1764511707,1144,34496,,
0x37b2ced8cdc8db717ba97c34d2aaac07aa081128e5750ca68e3b543f0889ab05,1764511703,1764511707,1144,34508,,
0x6039fb34165f9cc77cdaf81bd28fad852c4cec0957123b0321acde89ba612346,1764511703,1764511707,1144,34508,,
0x339a69c9ae2f6c0bb13b1ed4feeca48b68353306d0e338b1981e643f6d66e2fd,1764511703,1764511707,1144,34508,,
0x74a8e1f5738c19463a13cd2650e57d58fe637010a0b972b53fcb1da7f91d664b,1764511703,1764511707,1144,34508,,
0x9697ac29257db98775a830064b2777f9488589d50e4223b93d579d164a0774c2,1764511703,1764511707,1144,34508,,
0xfc22c09fa9d8045563827839637f60b67ecc6f230804cf1ca7481de8952a2f7e,1764511703,1764511707,1144,34508,,
0xa1d49980e25495b1f10361008d486f3c6341f70eeb7452ad3fe832056458b1bc,1764511703,1764511707,1144,34508,,
0x078500ebc5bf42858032769b4350ad326e49481db216fcd4859b59caafd42498,1764511704,1764511707,1144,34508,,
0xef74aca1e1521a0d6375bb9185c32d6a6ba846b8087bb941dadb70057c2637f6,1764511704,1764511707,1144,34508,,
0xe8ae1b918c247fe249e4e4335798f2a7de6cbe27919cc8e1983494e89e5a8490,1764511704,1764511707,1144,34508,,
0xab3e2156fba6ade12c7191760c030b6107a91ba5d1004f047a5a490764357036,1764511704,1764511707,1144,34508,,
0x53f09b78817dbbe512a0859b8cdb70b4634353fecd9438381367e096be18e630,1764511704,1764511707,1144,34508,,
0x36fdc686f8f9b7bf31986cd2468d7335d8de55f6e8cdae15540eabea74a7fdb6,1764511704,1764511707,1144,34508,,
0xe5437f1e81d1f3254fe3cb514f015f08566210a14dfaa415b1f82e465c28ccdc,1764511704,1764511707,1144,34508,,
0xfe8665c8e032a1ba6f006fb86e3bc14a936da100133c03ab1f81ba316710b867,1764511704,1764511707,1144,34508,,
0xe6c102cc2e4b404b0b15f714fceab589006703472727632d0cef0d3e38d87c00,1764511704,1764511707,1144,34508,,
0xb6502ef76a254235f61dce5cd6aa2fece1716509a516f19cc2b4e752fc4caf0d,1764511704,1764511707,1144,34508,,
0xffe784c22a317a47ecc1e4ed1a6b42a78d35a1f7d21c877f6edc67af4bb3da21,1764511704,1764511707,1144,34508,,
0x80352f2756d354121efa232889bb7e2dcbad8d839cb68d8632574496088f80f2,1764511704,1764511707,1144,34508,,
0x0096e6cebec35e3915b2a8c120a686398aba81ec80555f9df158cb2687e7321d,1764511704,1764511707,1144,34508,,
0x4bb0ac1577da0ce55b3478af36582c62dd41913b1041a12201f044f0e025cbaa,1764511704,1764511707,1144,34508,,
0x97a976ebb9ca36f809053535181c3b7992f8e8e4f9d944cd458bcd3a68ebe7a4,1764511704,1764511707,1144,34508,,
0x0c039ff34e392fe3031df08f77fb78c56bc1f7f2761bb0aa98972643d5f892f0,1764511704,1764511707,1144,34508,,
0x2c928c6a05bdd355e586ae00501b15760bdbb826ae4c7775fcd3e338c0eb09e4,1764511705,1764511709,1145,34508,,
0xe55f6f642859f17cda32644b71cb9b9b69a0e304a1e26f3ee39beea0d9f9503f,1764511705,1764511709,1145,34508,,
0x8c0b68d4fce4b93bc955aaa9104d4652cd8c850277bd48ca6c792526dda78ffe,1764511705,1764511709,1145,34508,,
0x6f2a898f159352fa2167dd71e20f8e447745654e6d4f19e8a7f312abac4cc115,1764511705,1764511709,1145,34508,,
0x23b52e207d14fa1a598a15e2966cf1c005b46690d29c0546c448552f8048f5fe,1764511705,1764511709,1145,34496,,
0x81517c80875dc0a270e50198fef06214dfa4c50f2d72fd2e27edafeff63ecabe,1764511705,1764511709,1145,34496,,
0x6efe4f288ab6146a1874ed00a9fa57473a463269f8e7760fd30559a4a47788df,1764511705,1764511709,1145,34508,,
0x9efe2d0a16fc69a950723b04e6f9e5b11fdda223c8f124764f2cffff7d4a3016,1764511705,1764511709,1145,34508,,
0xf308383d51ad5a3711c9701354d1e628124915f42aec4a9e1d261352d416a18a,1764511705,1764511709,1145,34508,,
0x90f827f98073105ad98e89ffd7762b60a6ed25434f54e2a803ba07d39b2e0659,1764511705,1764511709,1145,34508,,
0xad48e8212560ab59a7ca209b233be69dc568d281f495646a0e50e74c4a9a8844,1764511705,1764511709,1145,34508,,
0x897e6ad079e7e774419654246bcc10137120316453a0a6fd3b6bb8c41827243b,1764511705,1764511709,1145,34508,,
0x802158ebf6af172ecf88e18be509e8e148c115c894659af3fb1fb19ed7657df5,1764511705,1764511709,1145,34508,,
0x40db609f16ac7a667bcb69b8568064a928d125bc0100ea497902cfff752cef1d,1764511705,1764511709,1145,34508,,
0xd00afb69eafe1399e933552cc200a9de3330081b7842f90e3d15c0c57ef407b6,1764511706,1764511709,1145,34508,,
0x23fa3a4b4bc650e7223e0e717ed90e17820007fbab0983ba16ae959daab9f621,1764511706,1764511709,1145,34508,,
0x1fd8926dd72865c344373a26a54ec1a26a75a73a941bc008e99cd37b1c9ee2c1,1764511706,1764511709,1145,34508,,
0xea2b304bb6e63f9d0ab08af330a195ed9d236d4b9f637b0075506f155fe6a8ec,1764511706,1764511709,1145,34508,,
0xd78790149a0b4a4e9d281f53d67d46fa3f63e337b0a24c62ad6b47825060131f,1764511706,1764511709,1145,34508,,
0x0d69914d7632265d38c596e8914ba8f0253abd510d4754b37b4a220688026801,1764511706,1764511709,1145,34508,,
0x834e8f2b8e839fed1741d523b0e4919cdcb163e12b7b51a654c6ab0ef5d117da,1764511706,1764511709,1145,34508,,
0xaba4df3075115c872736f09f004c71ae97cd4199f4ea00aaf964fe1a5f633846,1764511706,1764511709,1145,34508,,
0xd1b1b5a9cb1a1aeac3478cdc35936f36076cc04dc21761f37f6476d3360c05cf,1764511706,1764511709,1145,34508,,
0x32386968d4f19df599ae6f4b9d9107d4e1f804b585c0039f65eb6aba39f96db8,1764511706,1764511709,1145,34508,,
0xa5dbffbe782a595dc509b0d638d90892c438bf99936abafb209bae955f397e88,1764511706,1764511709,1145,34496,,
0x62c8ba6ab5a4627223b2770ca7e7af029a59fbea6191e3735682d66d7fa43eff,1764511706,1764511709,1145,34508,,
0x90f2485f6e6aba301d3a3660fa6fe801028a3d511d8ef89d1c6974060e0d3081,1764511706,1764511709,1145,34508,,
0x0d89117c7a4a901919248e66f55916993941835528d74ff803f4329c30b4482b,1764511706,1764511709,1145,34496,,
0xadbb2e827f9cfb435b443a72cb23583dc1499f1245680cb0659665e5d38f94d6,1764511706,1764511709,1145,34508,,
0xefc822172589d90ac70848bc05b095634880f51ccf438b6d3bf5c49df80bd8ba,1764511706,1764511709,1145,34508,,
0x17a17c573254148d35691a6542d460a6cc60ef799f04034d9e6498ea31c4c1b8,1764511707,1764511711,1146,34508,,
0xa707a35554087e6d96fec75f55741aa024525cc385afa5601e0bae84a9144041,1764511707,1764511711,1146,34508,,
0x6527325c0e29e1d5c91b611612f2185066eb654d248f030aedf7b286fb552c1f,1764511707,1764511711,1146,34508,,
0xdace0d836642b5e4a55d699a5f55145b51d9299fc4791ad229a51992625a7caf,1764511707,1764511711,1146,34508,,
0x4b43ff0a6a282c43e01f7f8ac8a4100212be076f882c553633e0396b89982a88,1764511707,1764511711,1146,34508,,
0x8e612ff06c5d165088ec5e3b0021f6807998b753bda5e5456040ef89f8789a45,1764511707,1764511711,1146,34508,,
0xd6e1b5e7a762025e5a183d22bdf906f82adb13d60499959d75b87e1cafa787d0,1764511707,1764511711,1146,34508,,
0xc484dbfa9f458e49bacb3815776553c7ec683b0a0b47d1078be1154ab5015379,1764511707,1764511711,1146,34508,,
0xf493d1c24cce4d24264d29142c5b2740877a845780d626f62dc2e1c7bc6dacbd,1764511707,1764511711,1146,34508,,
0xd084c63d39862fddbe6eba4fcdebaaa68fa167429c573201756ce7ea27e34934,1764511707,1764511711,1146,34508,,
0x66f62f77983571dbc9653a6376b0f0caf290d723d87b4f0326c8ebcad09c916f,1764511707,1764511711,1146,34508,,
0xb26c06c71414c5262534f2fb497e7a053a902246c8d89d5ef75f18cb67a8023a,1764511707,1764511711,1146,34508,,
0x35546792e8f36cb52fd980c885567cc5547f7985382c8e46eeb06d98f387321f,1764511707,1764511711,1146,34508,,
0x53d96ba8068f901d44f6876bd6a18f0140f1af1b77ff08c6016732d07ed1b5ef,1764511707,1764511711,1146,34496,,
0x2c414cbceb598e456cfe9baa16e1036035acad7089fa86b8c43babada3e0949b,1764511708,1764511711,1146,34508,,
0xbee10d156ea01b16409bc75964115e8230a8aaa59ad4fcef97f4577d0ec268b4,1764511708,1764511711,1146,34508,,
0x52dc38c23fabb708087da692ce43252d63c4917feea9bcb5fdadca9108337a24,1764511708,1764511711,1146,34508,,
0xee978da7d4b3915c9f3f812bffc479a0e03b854e44c022f9ebe856d30024b0df,1764511708,1764511711,1146,34508,,
0x4f574c450d226703dcf357bcc44873a33cc5a86de656c2b3a2813294dd619e2c,1764511708,1764511711,1146,34508,,
0x290e1bd7c453e0051a50acfdbe014c37b0481e353c42d91790b27a7bf8d43a31,1764511708,1764511711,1146,34508,,
0x85ff30e44413c2293a58db31581f627ca361e29df843b5eac980350b286d4fd3,1764511708,1764511711,1146,34508,,
0x4768715c89c6158326e83cbd096b40052f3c19f28b71b65a84a8491a89f89340,1764511708,1764511711,1146,34508,,
0x89313231f1d60459a83b24b26cc234bd51114fe5f35a48990a9450361db79fd6,1764511708,1764511711,1146,34508,,
0xc402d9c415273f120412198ddd71794375d1a1a55a45e9f4fd4363b7953be080,1764511708,1764511711,1146,34508,,
0x398eaff4b540479288cb3dbd4c9db55f3936184e4b7ff0e453e92d73e1c5ccd5,1764511708,1764511711,1146,34508,,
0x06e8115ace4c71921b25861c927fa92ed23b30f48458b88bc61662402c2c1f40,1764511708,1764511711,1146,34508,,
0x60dbddb260d2aa9fb9af40ee831610b752b3bafbc91ee1a75dc72b5894e06ff4,1764511708,1764511711,1146,34508,,
0x2f5152ef1cf080d23f949e97a5e98023ac7ff23b4113407b5db6f3a4bd2271a7,1764511708,1764511711,1146,34508,,
0x10b5e38efc0b05a4ffe9aea80be0f83be7b6f3282eb541f4ef2ea7ba14bb7c81,1764511708,1764511711,1146,34508,,
0x3b3e8843ad22987137fdef681431988b1eecff023bef68fc4f75af8b18f3c8d2,1764511709,1764511713,1147,34508,,
0x25d1bf44c6b4e9027246e35f9d738d446a659e2781a41676369b7521de2edc6f,1764511709,1764511713,1147,34508,,
0x163010ef47051b857ffdb04234bbe34e7afb8f703ef336d883d2a5393d14d2c0,1764511709,1764511713,1147,34508,,
0xe07ecea3db1b51907aabcb0449982022380e03b9d2ef315de3d406fa958f9d54,1764511709,1764511713,1147,34508,,
0x90420458160d324e944ea6862968a49645fc5578890df2a9b37d9ec8ab8de7d5,1764511709,1764511713,1147,34508,,
0x0214fb9ef1aedd249d942971a6237e0beecf29d8be46aea31cd7e8545faa5534,1764511709,1764511713,1147,34508,,
0x68df0af3bc7bbb516a554dbf2b120b7fe65975ef8427ad91d67b558603ec3e6d,1764511709,1764511713,1147,34508,,
0x0565cc5b3508e05d4477e36f7fedd4f966dcd583e708eedb690a14e7ba2a9863,1764511709,1764511713,1147,34508,,
0x0731074e767edee04abe3eaf94cd122e7c8c4a9e5d3e5ebee3b166b06c324679,1764511709,1764511713,1147,34508,,
0x6ace19f96fd1b9f687d98ede8b25de901d84cdf85321ac039ecf2b2917801c66,1764511709,1764511713,1147,34508,,
0x706421aa6f501b03975ac144e45feed86cc106f3164b6e23b73e7f3542392b8f,1764511709,1764511713,1147,34508,,
0x826854eefab61f623899b1d2463185d426c3474ce23f7dd01c2e92493994156e,1764511709,1764511713,1147,34508,,
0xc61e9c374c96c4be696736e0283797033a7769a18af228a309315d23201dd901,1764511709,1764511713,1147,34508,,
0x7dcfb86196b9f794e15ef9f41b522569143b30874b2269ce13ff3389404ac64c,1764511709,1764511713,1147,34508,,
0x8fdd4a97da1d326d4e054dc786f3578a11894ef43312a4c36e7b7d9ca4b271d8,1764511709,1764511713,1147,34508,,
0xd3746d9701b6df77adfca8f820647ba28ab8f527858ed1e8000a1651c07e3502,1764511710,1764511713,1147,34508,,
0xbc975ebc4ac0e71db201cedf13689a68cff23f2935cd3c8f18043083d95e8bd8,1764511710,1764511713,1147,34508,,
0x29aa5e65411894077ab4de514948f445d87352588c3496b90fdeb1a4c77280b0,1764511710,1764511713,1147,34508,,
0xed15b2967b8c54b87a9e63090dac83a22b04a40f8aea8d1e71304e3d25b86e1d,1764511710,1764511713,1147,34508,,
0x8ffd7d7b679613faff7176c14872cb712abd789bed73a8faa0b872f803b7a228,1764511710,1764511713,1147,34508,,
0x4c828f957b5a1d34fee2bfd5853505c2411296466f0722f3d5ba441ed3e2a669,1764511710,1764511713,1147,34508,,
0x94e34fa0f2ad557f8bcdae3b2385b5b3d37f993f16438ced488239c6d8e0fdae,1764511710,1764511713,1147,34508,,
0x510066f2a44b1fd4cb36198828c962808e485adcb84462912814228e63b9e55b,1764511710,1764511713,1147,34496,,
0x8a288c5adf7abb42e1c56bac02bd0b35d86233862777bd6d1d9320db5dd97cfb,1764511710,1764511713,1147,34508,,
0xc43c89b48595f93a819e0badf987496f66c351330aea167564867e462b98503d,1764511710,1764511713,1147,34508,,
0xa0a531d403b2689ac28fd5c0dd1db63df33655255b25971a84eaf9edf4a248e4,1764511710,1764511713,1147,34508,,
0x692254ea9c2f52f4dd85a89532ceb4aef8aea67df3570362efb65b142c211d52,1764511710,1764511713,1147,34508,,
0x945cb1e16d786c23c24f9be32b35aa1d98f7fae6c29c34baf060ce0c3df2d056,1764511710,1764511713,1147,34508,,
0x219a0abbfb0a983d66122b3783745b943572775015946ce07aff781e4e5c4ed8,1764511710,1764511713,1147,34508,,
0xb61115bdc419abf8285bf93412699296d5ec7b2f63c43e38d86d5890fc6d3b97,1764511711,1764511713,1147,34508,,
0x339163a7e1b56a768f5bdb9bc3b2c19c4c10c9c30b22997cd631447d50e5a19c,1764511711,1764511715,1148,34508,,
0x53d652af7465e7742d885ece96e7d3c5cd023244174ddba79d3351eea8b08baa,1764511711,1764511715,1148,34508,,
0xb95decbd65d368e462f5fe212dd225be965d90c49fb9b67cbc6f7a721d61f20d,1764511711,1764511715,1148,34508,,
0x689be6f7bec2be075f5b1fd77f35de6a158e6646224f28851e5d24e7dc251459,1764511711,1764511715,1148,34508,,
0xc576999846abdba9115fdae1c73befa7f32ab413a5325674c86324e0890957ca,1764511711,1764511715,1148,34508,,
0xf7dbfe2363f182abc23900964ab76e457b06963fb4ee9a8a2cf1b084dfa3f066,1764511711,1764511715,1148,34508,,
0x3a7850127fe49a7352effc81f81e63187cc448779c526c87dab18f9fe8366522,1764511711,1764511715,1148,34508,,
0x7ab350ed4032eedc87aa905233d889e097dcdcb388a198ddc6ee769aa70e8810,1764511711,1764511715,1148,34508,,
0xdd397b40d7decd71bc06b82ba4075a400d2a7cc77e59fd023c7723a09a287281,1764511711,1764511715,1148,34508,,
0x05034f43a9e2d06c0383f07616793ad55f613fae38a44288e2a5c29f6bc3f44a,1764511711,1764511715,1148,34508,,
0x680dca32e9a4f477e751794258f3179f9a769044e24b42b26c47964023fe3701,1764511711,1764511715,1148,34508,,
0x2590c02f8e2820bbe199ac3285a97c0f90a9b1b98a3fe1fcfa31319f56de6035,1764511711,1764511715,1148,34508,,
0xa82f5d4ed5d753a0c05ed358a5501807297f736b6aa22d7ffeac44e954a32b49,1764511711,1764511715,1148,34508,,
0x9e284925fbba835da4f07b5722f17f1f7d87fdf1426e20af760af6853af9d6b1,1764511711,1764511715,1148,34508,,
0x269e69e4f0b07c5541820fdf6ded26d98448219b6c961528ca077e9856423bd2,1764511711,1764511715,1148,34508,,
0x0277eb7d45dc5a694627de1405da1e2d532af6db6893f896a57bbb1a64479b0d,1764511712,1764511715,1148,34508,,
0x70bbd8f992417fb04e0e9d3d44a01bcd0bfa6391e68b32a630b66f55f7ff867f,1764511712,1764511715,1148,34496,,
0x2103e5a76584b403e16f5c3e757f62f359d28a3b836680555fc142e9f6aa2a1c,1764511712,1764511715,1148,34508,,
0xdd536a9cd00d531559dbb3ef70857ba04d0d751e44d14c4336869fd11015e387,1764511712,1764511715,1148,34508,,
0xbd7dfbc7a1b2ff225602ff20b04f2922f75ba85912d722cc5f241880bca75d28,1764511712,1764511715,1148,34508,,
0x06298e6774cc1fd04fc666109e5753df6864de1915544d346a02dc413fae82ab,1764511712,1764511715,1148,34508,,
0x1022c6268b3682422acfb9d9da68022fa3ea2530487cfbc5db6d76340aa7fc25,1764511712,1764511715,1148,34508,,
0x16ea60e5caaebe45568e4ace3aefce638383648853ea88a0e8cba945f4533df8,1764511712,1764511715,1148,34508,,
0xb653b976f54ae827c6ec6a05f5e63d6867fc03eb20f4dd1c3fd4dc1f5a5f230a,1764511712,1764511715,1148,34508,,
0x795471aea99b700b552f43556dcc14a2a3241f8162700ac35e894614a4985e84,1764511712,1764511715,1148,34508,,
0x8914b3a42a734e02b2b36fd307f23983650e009d582f570b711590420ad4db9b,1764511712,1764511715,1148,34508,,
0x414d85f4440f4a56afe0dee397141906671f771557e93c063223e84af72b976e,1764511712,1764511715,1148,34508,,
0x8414cf3551f8b649ec91a525f0a1fc17134f18fd2afe368637291d9d6ff1f0d7,1764511712,1764511715,1148,34508,,
0xf2e4f5cc5d0d959a5e1671127a4db137f21b8f4662c8b03ad1def710c0430548,1764511712,1764511715,1148,34508,,
0x98bfd71b4a85e07cfb332fd495bc9d626a342902b51195faf0d93a6942e1b4ee,1764511713,1764511715,1148,34508,,
0x787a50712328ce05a768304979c58dc4adc69444734858f0432fc882e3e4d2c0,1764511713,1764511717,1149,34508,,
0x045818f9d58783a9e40f75b94fffbc4951b88c5c10492de448b560e910b8b485,1764511713,1764511717,1149,34508,,
0x5b2f5e689cbc6583730f612af14ace71f69710d1a02658bd1da081adb0ea6e41,1764511713,1764511717,1149,34508,,
0x2733021e697e5e3dc950f506aa4eb7ff01875935c424f16f339fd18bdaecd830,1764511713,1764511717,1149,34508,,
0x604236192eb5a94dfe501073c975afed436323086502eb5b931db26dff3db32c,1764511713,1764511717,1149,34508,,
0x9999a67a1bfe1aa1efc391f4041d04cf3571ef5f9dbd0b059afe6e413e3a94da,1764511713,1764511717,1149,34508,,
0x296171ea765d1d2b8354e393aa42ab17d1c17c5e7e68e259dc9b62d615586564,1764511713,1764511717,1149,34508,,
0xba0a679aaf95b66c43f6b9ffb5561912fb5d3514c2e459b97e5158223353d6b4,1764511713,1764511717,1149,34508,,
0xa69f8e12cc2a77d0ca1e75a195a8be07bc6754345c5a297db61022de8112b887,1764511713,1764511717,1149,34508,,
0xcd4559f06c0c1702e93e08b963bd6ce4dde52db8b394f3e68562aed8eefcbd1a,1764511713,1764511717,1149,34508,,
0x2f3da527bfebfaa6cf35bf8923c9d71aaed74c5d15ec101ebb99f03d5580552d,1764511713,1764511717,1149,34508,,
0xa0fae179deb4ba4a86116a79908afd64748dee8d83844b035d4586a686aadb7a,1764511713,1764511717,1149,34508,,
0x149c1a236f114eac90703429cbe0142cc9154a46a42293c3402f47905e8f854e,1764511713,1764511717,1149,34508,,
0xe4d78c1581cb2c2327d8a358921b81a8600c1d3504cf0fb70a8c6df2e1f8efd3,1764511713,1764511717,1149,34508,,
0x4ec6c0690be23bb7a9a45d3ac98c81afc5ab125b75a080f83a3d62d158392e69,1764511713,1764511717,1149,34508,,
0xb5d53d97ba9f719566cb200954a03767cdad43ae0db8b349a0020283d943d803,1764511714,1764511717,1149,34508,,
0xa10d2dda994b89d4fad6bd548f7a8320fc87156a6b144728b80cb4d984d9fb55,1764511714,1764511717,1149,34496,,
0x261bc4af47064a42332c123889fb7b271fce376b5618ed3a63b2f5785fdf4a61,1764511714,1764511717,1149,34508,,
0x128450295b6ae420ac8e16c0125e7c8456436c3265c11d84312e23d7dbb5dae9,1764511714,1764511717,1149,34508,,
0x3544f7d9d380dec265fe345075c7c55fe99c9347e678d71b9c9647e73d42f61f,1764511714,1764511717,1149,34508,,
0xc466d0b66cc73cee66d429300efd5e16d124d28d740f1f627f655c909fbd1311,1764511714,1764511717,1149,34508,,
0x328e283976f0f3e0b768b354c910b9c96b10a0441bc43744f4a657fb910e5746,1764511714,1764511717,1149,34508,,
0xd411057664a6656de90374b44605424a6b2ff880addcf22dc61d88230ecee582,1764511714,1764511717,1149,34496,,
0x8e2affbafcdf827bc2fc8cb7e164c3e27337d93d559a6975e7c247b489b6a69b,1764511714,1764511717,1149,34508,,
0xbf9d2238beeb515e292058e68ba78ac97a9ae0d6ca013ce449be58c3d1e803e9,1764511714,1764511717,1149,34508,,
0x8daa733fb10a858b83efa2a087dac03fe05783b1552bd793800e3d00e7d0de70,1764511714,1764511717,1149,34508,,
0xb5adf738e0fcdd0a403a9c1294f7cc503be63ba22fae4a8b6b233a63cea8521e,1764511714,1764511717,1149,34496,,
0x7851ac72dc2a58d8411d55d11b6c74e0bccd25f3b67e79b73f86d253d469057a,1764511714,1764511717,1149,34508,,
0x7c02007429395e44e343f48ca8f9f805eaa2030dfa7967e3f83df3cdd45583a6,1764511714,1764511717,1149,34508,,
0x4c1d885facbec0b88a74efb9aa409214629a13718454a98bbc87636c155df20e,1764511715,1764511719,1150,34508,,
0x3297d48f4e0ca29965c3d52551ac644aeefeee2be911ca404f53f3c90393a6c8,1764511715,1764511719,1150,34508,,
0x22656dd2f315ec877364b9681f9416032b4c09e0f94880a7c8f2d0e6157b6d7d,1764511715,1764511719,1150,34508,,
0x67da7bf271eb0fc570f01f2dfbfd4b51fc42b663696d284e215b794abe860533,1764511715,1764511719,1150,34508,,
0x63f2d74266422c8500ce4c615229ba221ac4c771659a564f8683fd42f06bc11f,1764511715,1764511719,1150,34508,,
0xb2e1eb9bedbaf740dd8f328644ccaa761227ed4b66f25a57f3c5824da9f36064,1764511715,1764511719,1150,34508,,
0xf6365e1db4f94bec18214bdeb846805814167198c8756d0d65717b0e98ae0e60,1764511715,1764511719,1150,34508,,
0xc79d3e1ba3723e7b38ddcbdb1babf29d22822a9b04dcbfbbc9dc4df46c8494e8,1764511715,1764511719,1150,34508,,
0x422143a113efa27ac3de3b68cb902110d3ad846f3da1c0122c48a8f99f190407,1764511715,1764511719,1150,34508,,
0x8ca28ec3a6c2f6d29ad498755fa6bba0caf01b353dd6f429acadebf45e068ab2,1764511715,1764511719,1150,34508,,
0xc5ccaf3fe23df32d3627f0ed9e694b0b5f6184c983474e3ba0da7fa02bbfdddc,1764511715,1764511719,1150,34508,,
0x9dca7b8802e727dddd00806b55bd86f17696df148d47c66c922ac7aceb92cbdc,1764511715,1764511719,1150,34508,,
0x747e39abb464dcfad21cfb78da1a18119c327e8015b0c3b8a21e31f58be58d4a,1764511715,1764511719,1150,34508,,
0x1f1d0c9955662e55676c12b2f47dcb9cea0ca4a305cc06d769ddce5da6a706fc,1764511715,1764511719,1150,34508,,
0xe5aa6b243e8ca73d00e0453a97ccc3a6006d2e04d1bbac61ea5d0f5420a4e113,1764511715,1764511719,1150,34508,,
0x0243569ddfab6b41797499bbb0a1da83865f5e57da1183f31ea5939aa110c746,1764511715,1764511719,1150,34508,,
0xe3ca780df060679e4dcc5b03fd138e6a58245725333138f4863512136c9ffaa7,1764511716,1764511719,1150,34508,,
0x44722803674dab07aaac0dbc3e3c6fabdd74f732e5706a227129b5c77e532b72,1764511716,1764511719,1150,34508,,
0x372d2d2e55650a463d3221b63d32330d2ea159708bd2819d6cbef305b62ae875,1764511716,1764511719,1150,34508,,
0xdd9d0f64ddd714fd441187d163cc31edf1620e33f2d021bfa3ee28217176eb44,1764511716,1764511719,1150,34508,,
0x96c716cd7b450c7073ae0e11edd99d30e0a8f95390a4a5cc534a2ffcfe121491,1764511716,1764511719,1150,34508,,
0xb9c427e7f3446a3fd206bd22e817def5f1ae622635ae8270ef1bd4d4cedb0af2,1764511716,1764511719,1150,34508,,
0xfc86d1c9672ebf417f9d5226cb8e2de47e0589e6711c7c60780c6940066b11c5,1764511716,1764511719,1150,34508,,
0x0e8b6b2e4af8475f9a8136a0222d235e33d86a96683fbad6dfcee1c56732d490,1764511716,1764511719,1150,34508,,
0xf1a5cc95f357eaee49b09de83a6f5ab82b602ad805844e824ed0e6826dd85f0b,1764511716,1764511719,1150,34508,,
0x44f077fcbfb2c40593bee08e596c14770e159d5a2336f09829896e7f806a943a,1764511716,1764511719,1150,34508,,
0xf425a8533582fcbad11be75ba6251a75ec56ad7e9772fb987e2e166b67ce7c31,1764511716,1764511719,1150,34508,,
0xeaf4f1d8d034a6e891296dca55fffd6c532ab1c55c889e821502adc91bbb6d0c,1764511716,1764511719,1150,34508,,
0xadb413c893ec8692295198d3c3af979d64e46befbba937104e00837abdf951b3,1764511716,1764511719,1150,34508,,
0x8c5fc301920c09327f7743e8bfa72836e9f2e1cd8314efccd24ec5a61bce7b1a,1764511717,1764511719,1150,34508,,
0x9a90809aa1c7107e3e02c2e66998ae7cc494474d2935d2764cab38320e413599,1764511717,1764511721,1151,34508,,
0x6e02077663c30f1d5ac803a5562e6c20ab1444089c6e157840e4acd28150e2d7,1764511717,1764511721,1151,34508,,
0x1a7fd9d1d86a0ca3d3ef74694f9d9dd0a14b81382c0a9c37a6e536cd24a052b0,1764511717,1764511721,1151,34508,,
0xa934447504d0144f4958d220e2decb97ae576110fe0d7a83608245a22c31d116,1764511717,1764511721,1151,34508,,
0x04ac857bd20930b18a81061bddedca80955f83121442850b105e4ec85f32eedf,1764511717,1764511721,1151,34508,,
0x6e4ce85227f4933d0fcb07e5bb92d9aae33e62262af06b4eb839b1fa0efc908e,1764511717,1764511721,1151,34508,,
0x7599920f9446bbc73ab940f995117cecec5c6b04a1f4b0ba987b1a695a5a5766,1764511717,1764511721,1151,34508,,
0xf686f2792e3c22eecff790180d0ceb978f961134cbc474c5ff88cc52f9a41335,1764511717,1764511721,1151,34508,,
0x14b32d742aa9cc826328d39cdc279c03580d5917be3d64b69dce3f725ae836a1,1764511717,1764511721,1151,34508,,
0x23c17d664ac2ed7853564e7f0f71f1de7bd6e52a953001425f256caaa65ced4a,1764511717,1764511721,1151,34508,,
0x38a3772826f250ab3f146111fd13e8b5879e8799a7076df4b14ec47e7aa457f1,1764511717,1764511721,1151,34508,,
0x236251d914d2f14df2ff6e8bbb4e20ec92e6966b73373167a8b2c543ac5e6017,1764511717,1764511721,1151,34508,,
0x2c01c0b16108257251d110a4cc9ed3231cb4807c98cbbdb9176ae70cdb1321e1,1764511717,1764511721,1151,34508,,
0x520a729de2eb4095f88ba533f527559fd4c7f39903c144911c33365da09c890f,1764511717,1764511721,1151,34508,,
0x647ddeb4b362bb422b9e413c0b1d39b02bfd51e28690b734e3f3e539f3050e38,1764511717,1764511721,1151,34508,,
0x1a5753bf1fae8a616afed202bfdb6d3b93de1fc48dc8d17bdbf8c0ebd33e0c9d,1764511717,1764511721,1151,34508,,
0xa8b9e496414582bb815557cd26e188e5ade59d194242cd2a5496eed99b030a2f,1764511718,1764511721,1151,34508,,
0xcc68cac93283fd1d4b2180ef36d112984f72d1a4c82d96dd9d06cf5fe7b2424f,1764511718,1764511721,1151,34508,,
0xcecf0ffe12ec84fc7ae119b1abe6656f372975b8b320f0ec862a449b60eb0083,1764511718,1764511721,1151,34508,,
0x162b444495581d1d8e423529d69291e77046863b476613f3b24b39b6183cde1a,1764511718,1764511721,1151,34508,,
0x3558e04913cb84cc576f8375712fdc533c1c1e24f38b5867a9dff50e130f4a56,1764511718,1764511721,1151,34508,,
0x8e94f6373dc7217f5cfef24fbeb403ba26e84ebc03aa0eb17004420dda059717,1764511718,1764511721,1151,34508,,
0xadc7420921d1193028c34f3ef33afb2e0706a156e8da8c471cae14a2d32db4eb,1764511718,1764511721,1151,34508,,
0xc2573217cf3836c347925bb5f7a4ff237e7e1501383555dcb50891c2a8c9a8f2,1764511718,1764511721,1151,34508,,
0x8fe74bf68abf700856154d563e3a851b37586302cca04192d735234cf2c01dd4,1764511718,1764511721,1151,34508,,
0xbc6f651450f444ab9fe4b0d2957f2bbf12871dc650c52437732b63664ac1ebf4,1764511718,1764511721,1151,34496,,
0x9f2aa03e4ae154ba77395f31f166ee587f556848a08adeb444f8f2576e57470c,1764511718,1764511721,1151,34508,,
0x96674f941956cc2158a7cb329af37a41298f617738cc80ab7b18d4a1b81d7801,1764511718,1764511721,1151,34508,,
0xde977f6c5d4c9234b157291bb7c5aec5bdc86979edf4fd5cb739f6f13da9fafd,1764511718,1764511721,1151,34508,,
0x7d1fe11d4bdc88cfd3dc8140d5ab7b23a6e67256a58ad2c2f8579ef0877a7013,1764511719,1764511723,1152,34508,,
0xb0ba6e6397cf018aed759bb00b6d5c612945a50bc6cd1d396d7436d65b678cb2,1764511719,1764511723,1152,34508,,
0x677ce474da23a4a043d7d63da385d044f68a4720450026dfc45bc533ea16e7c4,1764511719,1764511723,1152,34508,,
0x6c6817c0e81583e569468ae3314532fb6f39449852024831fa4f88d44cdb1857,1764511719,1764511723,1152,34508,,
0x1633ca308ffefbe9b4bd359835ab2bc539d652a86f0ac730160e65fa2bbb2ac3,1764511719,1764511723,1152,34508,,
0xe086e8aec772877a929842be09d38833bc542182470573681c2d4796da576761,1764511719,1764511723,1152,34508,,
0xaf68fb89ff4810263268803dd40229e9b0ed4809cb25890702b0bf104a840025,1764511719,1764511723,1152,34508,,
0xf6bbbfeb796e19816750b2b799b18509e2ba4f0f3d9e19f5236b89442600b403,1764511719,1764511723,1152,34508,,
0x2082b39d0032d5f722a04a8adb85f1d115fc02c773408cf25977ef552d82c7ef,1764511719,1764511723,1152,34508,,
0xefd5444ebae46b17428e218a6c49e5f33257d4594305b29e02e4bb236bf7dcd8,1764511719,1764511723,1152,34508,,
0x38517e3ce9cc2d393b23a6a5809ac78de5df18da275da64043102a44274a6ea5,1764511719,1764511723,1152,34508,,
0x0b9c4f5c57b05680b9b9d08b9d0d86dd17c20ebe24b500a00fb21b3717c8bcb1,1764511719,1764511723,1152,34508,,
0x74c5ed62c951302ed49ef28817e4e0918626578df051b48a3af6c8a74cb34a01,1764511719,1764511723,1152,34508,,
0x18c32ff37578c7441943b34e0705c84b124c0e323fbb589d9cb5fcc67fdb8e50,1764511719,1764511723,1152,34508,,
0x671bdf3e281975f6957b8d35dd719c8a24637c0a7856f0e2407d3e174a037ae4,1764511719,1764511723,1152,34508,,
0x689210192eb838a5cf0ee92cd351745dc80e8a1cb3655a75809df4d6ca9bed97,1764511719,1764511723,1152,34508,,
0x0a7248b7f09d6fa2c9f3bc7dd6a39a339d5f04fa8dcd7768124d5e78e58a6e61,1764511719,1764511723,1152,34508,,
0xf133a0a40dfd58c058f115ba78bcf679fa78ef0f369693e1f84ede3e1e9ab269,1764511720,1764511723,1152,34508,,
0x4567ff895270a04095c8e7e2bde3851be00d7df3196cd03d62f9e4e50d138256,1764511720,1764511723,1152,34508,,
0x7fbb72cae09cf7dfaef6a4af638425c1127fa76234170a57f3e6c13606071a2f,1764511720,1764511723,1152,34508,,
0xfd6fe20cfb15be7ca43525c022f7a8f06bbd4fac31615dacb9db8873c684cbb9,1764511720,1764511723,1152,34508,,
0x88d5af6e930fc3937d5ab2b50c91ecc13ae4f96e4119e28782500388aef578b3,1764511720,1764511723,1152,34508,,
0x2af0a2793373287eb1afc4852a99687a3c45177e70ea19192167567a8efdddbf,1764511720,1764511723,1152,34508,,
0x1d25c52db4472bad13c2bad7749a5f347fcc3637b1986f0ef72f03a49fdc3764,1764511720,1764511723,1152,34508,,
0x745bfe36ef1a475ac0352bfc578a5a3661867ed3dfbedff05f816a30298bdcc9,1764511720,1764511723,1152,34496,,
0x61b2dd92ca4b26d4e1db54248845df6f11cc5381a294c75e9797a48beea2c223,1764511720,1764511723,1152,34496,,
0xc2c589f6f274e6a47e9211660065422e3bde3f2615e4cc8df87ce681c0591ede,1764511720,1764511723,1152,34508,,
0x07be5d4ed753da4bcd0d0f42cc24e31bb9b1ce5bb469a94d308a6d00d8b87e5f,1764511720,1764511723,1152,34508,,
0x3aa96e9684a40e6a8b4e9f3416d2006210ad911877caa5e0ee1314d49319d9ca,1764511720,1764511723,1152,34508,,
0x43a5c431eba507e396bcefed75dd3bdf1ad2845f22c1316726aa4b16807b5f1a,1764511720,1764511723,1152,34508,,
0x15a6ad619ab552eb24103b829513ea4705c04265a40fb79f23ec71deefb8ba9a,1764511721,1764511725,1153,34508,,
0x62979d422c8ba9cce8ff3b14814f77688414f3a553e70303e0153f585f5457dc,1764511721,1764511725,1153,34508,,
0x5816c563b091704842ccf8e1302d161b42c4d512562772f9c628c59e1fb69347,1764511721,1764511725,1153,34508,,
0x5b3e26e45234fe48bd41a75e5324cb6324da8d7f47ccd3d9ec8a1268cd66dcdd,1764511721,1764511725,1153,34508,,
0x4156d31e04aba78e49c195bb1b10a365868a87e06ba0593fabbf87e5208821fa,1764511721,1764511725,1153,34508,,
0x94d6a0e1fadd683f9c4f4ec3ac28a167b2d7266f555554955cad8f9904d85355,1764511721,1764511725,1153,34484,,
0xa1addc5a38a5569d2bd3346f932b4b44bd9f8856fbc7a1526f24bb84616fe160,1764511721,1764511725,1153,34508,,
0x1d7aa03ff60c1250a00033a1cdeb874087a5f74bb2af0884fe87c0f3c3c6f842,1764511721,1764511725,1153,34508,,
0x84296f7273bd4f370450fda7e08b350ed7a16cf22e925c32271ffd555dcde48b,1764511721,1764511725,1153,34508,,
0xe5ec8fb917d9f5a4ffae96bdbde05496aac25d05e5f937777b55aa0ad994aa6d,1764511721,1764511725,1153,34508,,
0x626309bad948284a6a58feeae9d839ff29c4d044986174284a0ad0d0336b0e1a,1764511721,1764511725,1153,34508,,
0x7b9ce562c4c4b81dc40e85b30d72191462357f83f6e933d47ff850d0432aa139,1764511721,1764511725,1153,34508,,
0x01c033cfbf545fecf288b3c497a814c3befeb0a914ff8294d59e22e91bfb003d,1764511721,1764511725,1153,34508,,
0x5a14f2b766e416314ec84502d8530d2e7b9eb059a6f99a3cfbba31268d0882e9,1764511721,1764511725,1153,34508,,
0x3504b9373ac6a183ef5e4156766dfac5baf15f918369c55ed76c54017808eaaa,1764511721,1764511725,1153,34508,,
0x6ba058b10dc8fb54476aa07e79fb0d80b5f3080df1f103f41001ac7ae254649a,1764511721,1764511725,1153,34508,,
0xb29f785cb7c2d1e25a48f381686fde0e2e037f478413e8bff68b84ffe3b71079,1764511721,1764511725,1153,34508,,
0x61603f0ad23417e6db7b6dfeb304862ea4e246373ad7129e659b305be9f1d6ed,1764511722,1764511725,1153,34508,,
0xaac0c0905b7f8e97954844bf25ed6c426f5940bb2b47f2cac078fe77d56c979a,1764511722,1764511725,1153,34508,,
0xca9efae6f1ec3f1897534f32e469c2c51dc62e3b00e09467978bd7f61500db1e,1764511722,1764511725,1153,34508,,
0xd14e6c10ddfaa3b65402b91c8528ef687ab1359cfcb2a93a874eb017ed4e5d35,1764511722,1764511725,1153,34508,,
0xe91fb6808b5f777e31557f641c5eb7975cfd0f3717c8ca732ebfdd12487c3a1c,1764511722,1764511725,1153,34508,,
0xaef073d8faf3d5d6b74287a8412c742d415f4dd4aec49c522be69be714c7ed56,1764511722,1764511725,1153,34508,,
0x9890faab4ecccbd328b25064b196408de338433042de7f04b6d3015ada762825,1764511722,1764511725,1153,34508,,
0xa810a82afa472d6fbac344f6a22db06b839885da3d4d52b34d1df3500fb88c79,1764511722,1764511725,1153,34508,,
0x07351ae39f4d00020525e6b9dd216206f7bbc9103f2141f6acb02514b896004a,1764511722,1764511725,1153,34508,,
0xe46663717200057b30b66ba33800db995738d648d7681ec152d5f79343a61ef2,1764511722,1764511725,1153,34508,,
0x494ba0ebe19cccddfa6ed0dd0a8a7ab41e302622c2a366a166a3e8c6bb7f5569,1764511722,1764511725,1153,34508,,
0xe04541cddc384c8c564e2d46d5751042b2d9e61226f75343d526ce01e110d8cc,1764511722,1764511725,1153,34508,,
0x17e121fcbb5d46fd15090c68c67b736a49d84304e06d0ce1f134823562159ebe,1764511723,1764511725,1153,34508,,
0x17538006abf8337763e799ddfa30b5a3eebce5302d0a0c3cf283e003a809eda4,1764511723,1764511727,1154,34508,,
0xd9cb6c656f02cab22829ab0be9430e01bca4cabf7238942b2501a66585469c50,1764511723,1764511727,1154,34508,,
0x1280f3934339e607081d140bcf75b5823a7afcf1c4817e2dd245944801fde069,1764511723,1764511727,1154,34508,,
0xb9b79afc9e7e18a538379dfe3ed5d4a475650c4cf861b4fc36e7a4eae64edd6c,1764511723,1764511727,1154,34508,,
0x34467c4dac66f36703ec5deb8e8a4898c91dc2b638107399778761b9b885f434,1764511723,1764511727,1154,34508,,
0x43241519c69570a6469fb691b25f3cf3088f71584bd2d7e144cffb5f81cc1750,1764511723,1764511727,1154,34508,,
0x021747c4c9ede379a03d58be73b14d468840ffe3b314620b98e93dff2bd7d529,1764511723,1764511727,1154,34496,,
0x822a212e094318a47b8471c963f6fae0e7b91124c387dc8b122291efd01b71ee,1764511723,1764511727,1154,34508,,
0x3ead5e67ae68dfd2a111626e7649138a009a1a10a3ce6624dc731d0260edba23,1764511723,1764511727,1154,34508,,
0xa649a9f44e0bcbe60004a49c8b27513b9f544110d69d4308cdcec5025045e955,1764511723,1764511727,1154,34508,,
0x05c018999902a7c1b5ca9bdc574a3027bb7c7924f260b74aa8071c5aeb716fd2,1764511723,1764511727,1154,34508,,
0x71a34ea1915fa691e0bd45082bccd203575466e941acc4f532baab1c2212cc87,1764511723,1764511727,1154,34508,,
0xce66b5b1df0ffcece93f8888b0c6e0e9eb8e99a637d843ec7e46c6e52151a067,1764511723,1764511727,1154,34508,,
0x5478719e1918063e736e8d9aa9c3bb64ddb71181e661b85a7d4a5d9efbfe46e4,1764511723,1764511727,1154,34508,,
0x22a68380411f62d162e3b5a67b5fd4b4d07ea0ef10f1cef5a9fa798918d2b7a2,1764511723,1764511727,1154,34508,,
0x5f5d347d4fd9052d474899d3dbdcbf70f417b258066cec687646fe46605c89cf,1764511723,1764511727,1154,34508,,
0x01d2a44f4619b800a6f3de631acd023c136afd6bdedd240402b20ab9b265d3de,1764511723,1764511727,1154,34508,,
0x0e49ab3281582dca7fc85b5e18fe126f10f90764447e105172295698de654df3,1764511724,1764511727,1154,34508,,
0x3a1a82f1c154283229ff4c70fab1c57d38353654a633e8b42cb054d04f1801a6,1764511724,1764511727,1154,34508,,
0x2cb5c5e0faecc457f4e98a675343cab583814e159b5c00477ebf5a45e12accaa,1764511724,1764511727,1154,34508,,
0x39682834434389b9e56c8b2ce9a5a3313dd3f6c9ece56cf596991c407b55f4a3,1764511724,1764511727,1154,34508,,
0xc52400559d3770630faf7edf843813e786e9160576bac7a2204e6b4aa73abc04,1764511724,1764511727,1154,34508,,
0x09cabf5d913ceef745bcb7640b685c3296a81cee4a990786ebeb1d16dbdcc5b1,1764511724,1764511727,1154,34508,,
0xe2d63eb647f3c9386e803f5d16e6f8548a0b6f8d8118ce6f1cbb8bc153a8fb0b,1764511724,1764511727,1154,34508,,
0xf9c712fc124bc344ad1fe36ff38eadc927953e5f847a7e1c1a89638de44be13b,1764511724,1764511727,1154,34496,,
0x1688c51a7b1d1f4d549f15c2b840c05d373fa9eb9d38a65e783fc0300f34c0f0,1764511724,1764511727,1154,34508,,
0xf3105180e0e281dbb8873bb0b3d73e080d14c776fcf8a0b14696df7f79569280,1764511724,1764511727,1154,34508,,
0x317bd06b0d88de667d4fb4f2dd87ac6cded5ccd8242f5a3e86a048661fd291df,1764511724,1764511727,1154,34508,,
0xe4bb01c41a73f4780c7454d594260181b948cb439ad33e286fdd102113739966,1764511724,1764511727,1154,34508,,
0x72c7ab7408f692bfb6a071e2f4b3535398a2ce61db521ab27cf142d31f21ea76,1764511725,1764511729,1155,34508,,
0x9f0ced93c0c36b3c5ac173439c5185318a0243fcd927af7bea02562f2fbcbd79,1764511725,1764511729,1155,34508,,
0xec5e8e8d9d9ccc12811cef42fd0a484fcf534ad9d2966e7be2ab779543f03d18,1764511725,1764511729,1155,34508,,
0xd1b85052a58d3f4b1e14a0a1c9d5453a66895906bed40b563c9d13946028a12a,1764511725,1764511729,1155,34508,,
0x8f345fd4e9b809f183ed8f02a55058460115f05dc158828bf37eac4631fd41bd,1764511725,1764511729,1155,34508,,
0x665295fa326b5dfc6a87d4d2c89d74aeb6c36019e5cfd130db8d850e17ef7aa9,1764511725,1764511729,1155,34508,,
0xe16a14be6b382bc77231c705a9c7f3de15f8d84455a8d429fcebe5b366100075,1764511725,1764511729,1155,34508,,
0xf4da9c6945195aa5271e0f0b0ea9a1bbde49f36f0932e46b32a44ca7b8d38281,1764511725,1764511729,1155,34508,,
0x5eefa6d586bffdb846844117b1f6f2de9ca71c971f633b165a18ecc2d1314f37,1764511725,1764511729,1155,34508,,
0x741f423b1c8470db9c955e829b1e566d6f8037d0d48a3d6054d046655a215bd3,1764511725,1764511729,1155,34508,,
0xcf2ac1eeae33b2daf02da48372b9bfefc5703f9d26744e406d0779d5d3ffbc4f,1764511725,1764511729,1155,34508,,
0xf6e497a2a858fcec79b2c1c0a2c14aeafe4087cf252f0c8b60e96e2329d0962b,1764511725,1764511729,1155,34508,,
0x9fca74a6014e6a9f2d14bd2fc59626b7b6ea844422913d9aac96ad0193f47f2b,1764511725,1764511729,1155,34508,,
0x0004ae2bc9cf02044b729e9a33e1b5120bfd067bc4660aaa7ef940506c608c02,1764511725,1764511729,1155,34508,,
0xa21b1151a24d50c1370a96ce6a20e6fdc4e1b75a00671372232f317c0f9a4f09,1764511725,1764511729,1155,34508,,
0x5a33b25d221a8a9d27f95c956cac9c7e0d9f9ad5a6ac8e3db7c44c4f343c4143,1764511725,1764511729,1155,34508,,
0x321544f402939daf9418d63ae4c7823d49693d62d8d93af9b97c8b2024933b8c,1764511725,1764511729,1155,34508,,
0xaa09784f7c98e634ae304c3cf07a6a712e5440f80c161c2dbcf4245fddde95f0,1764511725,1764511729,1155,34508,,
0xe594a25b5feff6037c970ac9a7b1deaefadfccf82ddacbbf0e847e95a0241020,1764511726,1764511729,1155,34508,,
0xd9eb70acfc69f3a8f77b1901d6b2fc0a100c44a1a1b54fbe08276c8e24f09508,1764511726,1764511729,1155,34508,,
0x290860bb0f01c84042a45ced83c877a6793d73f9d243cbbb37f6553a3c972229,1764511726,1764511729,1155,34508,,
0x8dd5c1ac46829fa325d15a1b022ddf29229852e33e4475ace81603a216e57d5a,1764511726,1764511729,1155,34508,,
0x1e5edbffc0b3a9bb37c081f3d9e364f77de06492820f368825bb92eec0451c11,1764511726,1764511729,1155,34508,,
0xa6e443aca7afde21c2025246f46f73306b1cb87139884073b3a804f0a97375ad,1764511726,1764511729,1155,34508,,
0x8479150e5d6bd952acf0eb871d50e06e8624daa3e29ac39856cdbc5a9700ee44,1764511726,1764511729,1155,34508,,
0xda9f974c6a8c3f36afb97b0e582a3f71c34311d9fed215834311fe187361d59c,1764511726,1764511729,1155,34508,,
0x3b78ba0f85847313da09bebec36d3c228eb022f137b16bc7fa3bc3eac7f68b27,1764511726,1764511729,1155,34508,,
0x640d54ff049e78ea3775ffbe814c8c67ccc2b0025edffc50146fc94565db4fa7,1764511726,1764511729,1155,34508,,
0x1714c88f278a3b5cdccd28c80a8f31cbf3d1897534a2ecbc784c900be683baf1,1764511726,1764511729,1155,34508,,
0x765d99ae3c46d7d3297ae0831d7b7412ec0dccec3a149964cf87efb312eb893d,1764511726,1764511729,1155,34496,,
0x12fac7cc23954214dbbb963cac8891c20ee06e820e3af8fdb51713416455a540,1764511727,1764511731,1156,34508,,
0x4a16192f3098525c28ef799d6b5eac91c751b6a0d1d6aff3f9ede37eb2b2151c,1764511727,1764511731,1156,34508,,
0x7b08f8f42144ad32366fc70ee11b2ec2be7e175828e3cf8884070d39126f25bd,1764511727,1764511731,1156,34508,,
0xd968a756c7bc56b129fe4501843ab0b378e50ec263f095caaa6c7311ee81ae6d,1764511727,1764511731,1156,34508,,
0xe5e9ce30ed78e2a97ca9d05bc32e6376a73a91e118fc1b85775f2cf20cd06f5a,1764511727,1764511731,1156,34508,,
0x49e46002768c1753b8734a59c4c43efca04ea6dbb3a1a02f3a9ca779684361a7,1764511727,1764511731,1156,34508,,
0x868e061490655ac4d2bb11a3af4290e8896b49e7429d9721144ff0ddf3b7f09a,1764511727,1764511731,1156,34508,,
0x7d3a56e27553cfe9276acf400d900d045bf0d345131d15aebcb0e8e3d570bfb0,1764511727,1764511731,1156,34508,,
0x7953ad2d9e52f35e5d5ad56c12fc94a816e1a2ed4456a14a97dbaa616763a67c,1764511727,1764511731,1156,34508,,
0xc0bbf4d869a87b0a294fc4c3e40b5cbc396c61917b8f16f64b2001a3a3cedd44,1764511727,1764511731,1156,34508,,
0x562271dc381dfbeaac0f75d9982951d330b2067c3ad552670d71bb05fc33e950,1764511727,1764511731,1156,34496,,
0x2bca169b848c041e9d11cf31f7101fe17b3d494ebbcb18eb2e324468f0b47d05,1764511727,1764511731,1156,34508,,
0x7b7075d8f60107d4fda2840cd1d91aca3714a080b760b7260b406437b88fd2bf,1764511727,1764511731,1156,34508,,
0x0edcfbfef8aff0d4bb8a52cbe36547282ca90a3b316ae33998b25a8608d8e9af,1764511727,1764511731,1156,34508,,
0x0b8a62108e19dd1dbbb31a8051cec2c421323d9e2861a382bd216463c4ebe255,1764511727,1764511731,1156,34508,,
0xf1ce421894a7f12938c502f87f85377462e432dbbbf113e2282c5e65bb23a915,1764511727,1764511731,1156,34508,,
0x95a925eb55d924e6caf17f66b55a9aca85cac0866032aa3e5d1ef1d72e4408a5,1764511727,1764511731,1156,34508,,
0x9b06f49f8d44c8164c01536e7dab4e18e0a82339ca2c7def2b859cafec5631e4,1764511727,1764511731,1156,34508,,
0x068fcfe75d25524df40e4cadc4d5d7c174c3fcba85880f5debabc4914b39508c,1764511728,1764511731,1156,34508,,
0x060391fe36f0674667507a14cd3b20c6bfc4de89b7e905105a97e16ba5563c92,1764511728,1764511731,1156,34508,,
0x496d3c83004bac252c135c3081e3c139542c5b4a555e31cca4789aeb6e2427b0,1764511728,1764511731,1156,34508,,
0x9536cbe91ea2d9eb735ecc82b7ca591786392284d3980bd8164e0bccd179129e,1764511728,1764511731,1156,34508,,
0x52ca65dbca5bffa02c2a58b0e6f6605a3a429757f7cfdb4e90cd203b55d7e5f7,1764511728,1764511731,1156,34508,,
0xfbc894fba344dd8160e4bbc0dead8ea4723d76ccce16c5478fbcbd63ecc744d8,1764511728,1764511731,1156,34508,,
0x43a0d57c4128397931845b60d49c1dfeac6c612ea2a4c1875db20090b81b8142,1764511728,1764511731,1156,34508,,
0xa2cc6951a066808af301fd9cccc2cf089e38376ab43fcff182ba6d002d43dfe0,1764511728,1764511731,1156,34496,,
0x6488671a4307f4e38aa57cf9c0a5ab7fc831fa86d02f7f0c2a555b27b7b1fb4b,1764511728,1764511731,1156,34496,,
0x04c1ae114168ddde770415aa0b3df11267aa8df38467a080259a83e7d6ac3202,1764511728,1764511731,1156,34508,,
0x82b707dc458ce126d9c23737b686ce622f3cd0ae9654927d64ad8878fba9ec39,1764511728,1764511731,1156,34508,,
0xc759a90c51eba2f4e5c98c0c5709242e33e3dc4976f44ca11441d124c8f59aef,1764511729,1764511731,1156,34508,,
0x7d00a0efcaa862c691417870f3c2a09d4c0b3c669f962012ee98645f4d165718,1764511729,1764511733,1157,34508,,
0xb58d6dfded4b4a2908e50c2398f95e0d924d36dec35cd77c70b52c3fbca502dc,1764511729,1764511733,1157,34508,,
0xaa8824e00210e4ce57a0f667b8c784640b627eda4f1e2e34ee3cc4b69d689ed9,1764511729,1764511733,1157,34508,,
0x0317210edf000da432f9a75f098b541697dff77d1cf858f759e1bfff36e12983,1764511729,1764511733,1157,34508,,
0x1e8c69a93bb2a7c2edf3f5d616448ad63465bfe73ba95e9c75f0c666f6794e28,1764511729,1764511733,1157,34508,,
0x9098180ab4616744c488c32b41cbccebf9ba9e04861cf07119d0627fbfc7c16d,1764511729,1764511733,1157,34508,,
0x1803e16b6a938579a521ea7e4731f655b46e4b0a63bd8816d57b759ab3d6a6c9,1764511729,1764511733,1157,34508,,
0x8cc854d9d1fa663e6b3efa2fb4645a64de650097b964c4b076eae1c3a68c5a79,1764511729,1764511733,1157,34508,,
0x3603e71e75ca6b3386ac284a94b3eb31cd81193d6b7f82cff8d6bd75c592a69f,1764511729,1764511733,1157,34508,,
0xecbe75d28d97f32808b49df822b17ede699a85568f6639568436e540a18495b7,1764511729,1764511733,1157,34508,,
0x61531c3bf1187b54bb000b662bfe6aec379a724bfd3101bd9cbcae6a7c656df9,1764511729,1764511733,1157,34508,,
0xc5b8b1db6e68b6b6f0548f1f74288a22dc9a40168b2941db5cc341a309a67589,1764511729,1764511733,1157,34496,,
0x0059099720ad0e7892125ae589da83b452ebf07509556d5def3e49955bd2e1a5,1764511729,1764511733,1157,34508,,
0xcf4b527b9581cbe14b61ad3298d5e22c70b668f8adf4752584b8386c9e61ccda,1764511729,1764511733,1157,34508,,
0x56414d4a0698348652eb0fe60a78173fc41c3abbedfc8c5edbb87331fa5fd2cb,1764511729,1764511733,1157,34496,,
0x112fb4f62414514332a299af4346100f38f6a3c47e29a05989ec85f70f9e0812,1764511729,1764511733,1157,34508,,
0x9fb21479d587f4721a6bd7e70eea82b285b8f6c2713aa0403163592c3e4b2be0,1764511729,1764511733,1157,34508,,
0xca56d5b130acbe9afd9b0adb201d7ffed2991c8aa284d41b4b1a2bc02f4a922a,1764511729,1764511733,1157,34508,,
0x95fcb8a111f2362dc90a277c62f7e89a3c905691538ff9b946948a52ba8b0cd7,1764511730,1764511733,1157,34508,,
0x338df199511eaf4fb889d09a41a4a11c7affb30b020c6652e215342f429b00be,1764511730,1764511733,1157,34508,,
0x1cb39aeaf404feb9b93b5d8d6026dc0c399f6b0889351fe68647668a05d803da,1764511730,1764511733,1157,34508,,
0x933a632e0ed9ece3f1516c3c29eee524607a1859b7454dd8f4851adca8e8e49d,1764511730,1764511733,1157,34508,,
0x672d9ce74da3f499bd0bdf5ec4f858ffe6549857dac43536563d35a798f997b5,1764511730,1764511733,1157,34508,,
0x627ee430bc96c9a0d86e39789a09941c323c227533337146666f39c2f18152a9,1764511730,1764511733,1157,34508,,
0x48cc2ac1394f6aa86fcc0966d7bf58d1a05592d2c71326136cf4fd01fe9bd352,1764511730,1764511733,1157,34508,,
0xbb0fe4719cf3934fca47dad5f7f403486e7b853ca9814831e2a87d5589741cc4,1764511730,1764511733,1157,34508,,
0xe785346a06914a3b95eb1faa19aead5d754ba80a1c16cab8284eefc1ad37bbd5,1764511730,1764511733,1157,34496,,
0x9315867aa0b7d82f6383d5a8754f84b0d93a315e6072a5c5cf32773322cc231b,1764511730,1764511733,1157,34508,,
0x991b68c4cce87eb11e0dab7fc63f72410a197fe7ece0761544873d42b559d7d6,1764511730,1764511733,1157,34508,,
0x67e935de21dfc6019a8028057ef7f18246911095c6024e74d3e8fee4d5c30458,1764511731,1764511735,1158,34508,,
0x705ed5dbaf5653dba3a3532b90a485430c9379fa7ab376304af6cd4ea71a092a,1764511731,1764511735,1158,34508,,
0x8f21f795d0b9f3cdb291c63871fb3f65a9e8d087bd40a4e8c2f2eaad580a10a4,1764511731,1764511735,1158,34508,,
0x55524bbda159cc143d6b3178e27dcdaad726a5140a933fd98d4facd2a88852a9,1764511731,1764511735,1158,34508,,
0x112fbc92d09ef725077b3fcd36872ecfa40da8439d16b00a364ce5bd0ec2d31a,1764511731,1764511735,1158,34508,,
0x9172e6aebe94e1912bd0e4dea66205c7c389ad17591e8f5dc3d47b6a83a3e6a1,1764511731,1764511735,1158,34508,,
0x5676a7eb0b2d375f9dc46741ba5770b84a8d90b005ae5a90e057de86858edebc,1764511731,1764511735,1158,34496,,
0x089b3d5c52648ce5f48756a94d6d779f8520917292c8cf637b064d9287abe13c,1764511731,1764511735,1158,34508,,
0x09c214dc3906637fa77c398675b35140087d03a8116a23a1ee9141046f52e21a,1764511731,1764511735,1158,34508,,
0x2bc06af2f702e3008e9af7f937eb158dfa714052f5f54365e350165e33610bf5,1764511731,1764511735,1158,34508,,
0x26e378ba9fe89c42b932ef3dfe5eddb73f75530a150c6db5b636f1587fb9f922,1764511731,1764511735,1158,34508,,
0xb7202c26fda12f212c2a815d46fa4068b53b36e4fe6c915c4c6b3b6b816288a5,1764511731,1764511735,1158,34508,,
0x3436b136526c50016e5ec85699ac3a91fac44498f6a2397966be2e0bb8d9dba0,1764511731,1764511735,1158,34508,,
0xe0a74c1940379c72c7817e13736178f2ac78b83c97dfe56878ea058c41a87035,1764511731,1764511735,1158,34508,,
0x39bcb3e81b1ffed3714b43c12e761e015c09f93c8871869e55460592d445e846,1764511731,1764511735,1158,34508,,
0xfc9f11df01fa3b76113805050a1c02634048bfa9af94fb00dc28c895464361eb,1764511731,1764511735,1158,34508,,
0x187e1e97e9286b7e34332437589000537f77954580263bad1e8f52d32d6d38dc,1764511731,1764511735,1158,34508,,
0x3d60cbe3d986c620a596f49da8e480249f38cdab678d0e39eff298238d7bb567,1764511731,1764511735,1158,34508,,
0xa3f7681b1e8341e9d7a72965b65de0db086fe26dd2e70a41f619efa7d37da315,1764511731,1764511735,1158,34508,,
0x28f3975624ad9b8caf9a49c006807e6790aa59753ca8f404ac028bd1bc319f9b,1764511732,1764511735,1158,34496,,
0xb6173fe8eb4786b96d98c1fb8a3f17ea4c6b92febdd5cb658af379a6ab8f312d,1764511732,1764511735,1158,34508,,
0xb1a21def4a5f1ab9c8bef7f7d64e2409d3c2c2b69967d6251315377713b2d5e4,1764511732,1764511735,1158,34496,,
0xad565f72a4b3c453225df01d9e090ab6b0b17487b820da3b6f7afbb83007fa40,1764511732,1764511735,1158,34508,,
0xc5137845ce186b447627f4a0d0db0ee109d1a88162c7f61beea2ccfaf86783ce,1764511732,1764511735,1158,34508,,
0xece947bd9c85c6c09fff8d25025214eacc11641af603c7a64efb670cb64d40c4,1764511732,1764511735,1158,34508,,
0x9a406dd5ae163f5b13b44385d6ae939d214744e26a24f92be276fcb04f8c5ea9,1764511732,1764511735,1158,34508,,
0x9bba69ce3e9058f95f375769e6d754c6599f0a0a1179916c07704f41000577b9,1764511732,1764511735,1158,34508,,
0xd1481749bec3cf9becae00db09bef5c23433af2acbe2c113e5bfb7f9690a49bc,1764511732,1764511735,1158,34508,,
0xf3bfa2ba2509bbdba576a28ec84456ee314a853316964e71e7e78a206941fcd7,1764511732,1764511735,1158,34508,,
0xb736b821f036de1cfe8ec02f45220991ebb1d99b49ecd470aeb1c96be363eaa9,1764511732,1764511735,1158,34508,,
0x96b08eff5d15e4ffa7e00362e9c8e44f4111728dcd326fe19d68adca02fe7f0f,1764511733,1764511737,1159,34508,,
0xc1adc6b69bc7ea0106dc307f025dbf93aeffa5c2db6a472f6160216e7a1c8626,1764511733,1764511737,1159,34508,,
0x17973749b412b12f2ea767a8a062e9b68e2de2ea9b686b6aa278eb1dd400f090,1764511733,1764511737,1159,34508,,
0xee32cd66e665079c0b514c49139fe7ea8737a6ff987be5862b2a2199729401e1,1764511733,1764511737,1159,34508,,
0xe410cdfd3f90915b06fa90eef6b3c9e00426f7ce8779fc96a9e471c01a0a0c6f,1764511733,1764511737,1159,34508,,
0xf9e717d8fd0097086646870a21d011eb86014cf7843f90b01bca0a153c6ddf56,1764511733,1764511737,1159,34508,,
0x59fc146f7a7af4174b8153971665692dfebf46401563b59a2b247c2c4f0d3912,1764511733,1764511737,1159,34508,,
0x5ad82ec601069f95249dba4850c3c0b5074d5e3cc8cc66350e1aeaec10b512fd,1764511733,1764511737,1159,34508,,
0xf7cd475e196b4dd23cc64110ea5bbc1e8826fd230a5d9045b9a0494e07c681be,1764511733,1764511737,1159,34496,,
0x701955ff887550cb2ecdf567298781454d6127db7ff6604065f8669f85a0ee25,1764511733,1764511737,1159,34508,,
0xb0f4fad21091d350a24afb2b197221de74664021aa549be12f919e85077840c7,1764511733,1764511737,1159,34508,,
0x4bf434254ef304f3db535da64705922ab7c0013a9fb5cf61a9905a2b8c389c4c,1764511733,1764511737,1159,34508,,
0x94da3ec732a0fd21a32b059681c61630e1895d36b39dae9144a68f2b10678394,1764511733,1764511737,1159,34508,,
0x4a14e6a7ed4c3f37cb1904b56b0bcbf29d03ac1bdfadbf05e0b7d8428f142d09,1764511733,1764511737,1159,34508,,
0x1f1abb3af019a6c588e878c71624d3284bf98c6a72e1a35f10d0c6de4655f840,1764511733,1764511737,1159,34508,,
0x823a682d3cfdbdac907247bfd73ee648bb29b6729059aa1d0df910bb35a479cb,1764511733,1764511737,1159,34508,,
0x3bc2027e60217cbd28ee4ea93cc26a3972008db31f2c20fb16dbc0314797e4c7,1764511733,1764511737,1159,34508,,
0x6f33c6addfcbec501613390770de6c3983d618fb06ecd2160b5b51f8ff84ad72,1764511733,1764511737,1159,34508,,
0xe897844c74770521f955426410ffa32b424998449dea3116340240e5c3969474,1764511733,1764511737,1159,34508,,
0xd94b9572557f81e454ad9d38bb828346d85106f45334d071e5bff53459f26cd7,1764511734,1764511737,1159,34508,,
0x15089d358bdc54b692d0547aa6b527d50696236fd61f0181fe6f1f7ce691dd38,1764511734,1764511737,1159,34508,,
0x464bd16c3df47b47ad190ec034af8f5d84d3c6d70d5771a1c9b5737b83f608ea,1764511734,1764511737,1159,34508,,
0x032eaf0fc246767efeee51751af5f17be199407ca8afd3cef540fcb9d9b643cb,1764511734,1764511737,1159,34508,,
0xf1813762563d8dc107b7843bf98571ba3a0939253f07985895d8050ffa2c77e5,1764511734,1764511737,1159,34508,,
0xb982ccb731b5b33398a6ed3d7d339049a1bb333176b55bbd9136293fae128d9f,1764511734,1764511737,1159,34496,,
0x49a978c5657d428a0520637a8d396792c9ae5841f03ca52375acacfb8c13071e,1764511734,1764511737,1159,34508,,
0x4025bbf4ff187f6fede32f02f2c4318549c9ba9e678c7dde8e5844ebbb88be63,1764511734,1764511737,1159,34508,,
0xb7ed716a0a9450888fd064139c6c7ffe7963070c02d4f936160d7447341ef6d9,1764511734,1764511737,1159,34508,,
0xfcb0ae6759f51d1fceaa43b6d12251b98932ec2a427bd5b0239d0bdafd44912b,1764511734,1764511737,1159,34508,,
0x62dc2ff4ae241cd840617c8bb81f8bcc8706197b4587795e6dc140b4e15073d0,1764511735,1764511739,1160,34508,,
0x2bd41e15c7c53a77bf0f9b2458472117f632300e7d58107d0d4077eb1850faae,1764511735,1764511739,1160,34508,,
0x5b3cafe1b4f0da085238aac6f070a5859f538d73c98e09f65d51723613964bca,1764511735,1764511739,1160,34508,,
0xb27fa4f32860f17db836038801fe091ae3eb907f87463eba83b335964843002c,1764511735,1764511739,1160,34508,,
0x26d676d9c470b61327258dbf0b236c71fa6412a718bd256e4d033abeed6ae95d,1764511735,1764511739,1160,34508,,
0x90bc0b46bacf08e0411f3f8fa26774633c9b57b9459ccb5da96db0aff860324c,1764511735,1764511739,1160,34508,,
0xf6b98a19e6e26194c77c3145f8e54a5a7908e463d65b5ffb2bbbf87d2e3c5205,1764511735,1764511739,1160,34508,,
0x5e828a6815a400f64b45ee97cc07b9d79cd9aa5fb7aa496ea5138b2888021fae,1764511735,1764511739,1160,34508,,
0xd5154ce0c1ddc7cd7869ecd180ff40f2e161dc29eedb8f02147f57e739ee2a59,1764511735,1764511739,1160,34508,,
0xb121945e0e8962b517c6044924e88c9adc72f7d45196edc85d5fdded275453eb,1764511735,1764511739,1160,34508,,
0xeb45a48062f0b75a7bc4f94035ed5c2cf8e400c1d1cd79a19a0e8e1a241a2a5b,1764511735,1764511739,1160,34508,,
0x4c771d6bb09974dfae7effc6a11fc380b1f75888ef30a01e39926caefc935d85,1764511735,1764511739,1160,34508,,
0xf021a8a97b8698764b353f2f02cbbb46a53ef16388081b870aca6783aafab184,1764511735,1764511739,1160,34508,,
0x98798bcca6bf519cf17134e65b619ec73be031eaf6e0982e174ec7d1196a298b,1764511735,1764511739,1160,34508,,
0x4c3c862fe639205e321e47ea602745256848f43cf4cc21918f9802049cb77601,1764511735,1764511739,1160,34496,,
0x5beaa5f6040ae681000eb2d85340eab564f14d8f514f7ab61e70cdede4bb5435,1764511735,1764511739,1160,34508,,
0xcc1bcd5ee858ccfb98944e2a7806259e203d18572205deda2e239fb3a3e29f88,1764511735,1764511739,1160,34508,,
0x46d37b59094c26d5d414bd4242a6959f912d36c43044cebb3e58102d26821939,1764511735,1764511739,1160,34508,,
0x9b27fe898ebb171dbc79f158589741da6a6f921ef95f84b8b86df93d73e47aa0,1764511735,1764511739,1160,34508,,
0xae14b34adb7bb2489cae92a3f2b8df9959ccadd9aea8ecc2858d363db716b158,1764511735,1764511739,1160,34508,,
0x00b2ebcc7aa2b183d0966fcf5d27d813ed83bc7bd4c044bd2ed5b0303443202f,1764511736,1764511739,1160,34508,,
0xe5aab2d8f9ab20903c5d79a760c5d0dc0d1de32b4f7675fb1f379d22867c9f05,1764511736,1764511739,1160,34508,,
0xbd51f4eb8119d8e052433642881ac2b78d0a10fbb3a3b4d158ab50d31abbd9b2,1764511736,1764511739,1160,34508,,
0x937f2a2b107b574587f4b414e0fe390f15daca50e4c8b4c28d0299f99fb49354,1764511736,1764511739,1160,34508,,
0xd765afc58663bddb066599ff9d8fb6b75646b15b2d06cf7efd666adb5709ae43,1764511736,1764511739,1160,34508,,
0x495a6c76d07bc475aa1ed2b7762adb8110024c0d11fd0afe30314c545bf69e9f,1764511736,1764511739,1160,34508,,
0xa4ce04960a8e3d81edf214ebdeed56e235eafbf0b96f803f6d928e67fa6eecd5,1764511736,1764511739,1160,34508,,
0xea03efb9230781a0f72601491727502c8a70d46bcefbff88e56eaf4123345fd7,1764511736,1764511739,1160,34508,,
0xb848fc05e6678a6d2503c3ccaf3afac0ecf59bc9152045971d9738322786a392,1764511736,1764511739,1160,34508,,
0xe16691351490fd534ecf0b47e28ad37fd35c9373cf7bca86d5319e01ae883b94,1764511736,1764511739,1160,34508,,
0x7a0f3a5822573233beb6994b3fbeb9e80733eb1963e89637ea3824c4b890155a,1764511737,1764511741,1161,34508,,
0x6c18e37f09f638e8ca4a8eee773436693819f191f0d8232a5b75c777da3be4ac,1764511737,1764511741,1161,34508,,
0x750729fcab60d30e5bd6142fe68408b12e834179fd6ca6bc84346f0e282a9e27,1764511737,1764511741,1161,34508,,
0x1587c3cfcb15cc69af55680c192da5c14a2e30fac2745f8c8a68612cadf25d8e,1764511737,1764511741,1161,34508,,
0x670bbd38d28e7bdcf91514a38235640689e61381cb00070af1072f0e4eb66f97,1764511737,1764511741,1161,34508,,
0x030e4c2f97cfb85e0f8475f41fbd4177bd773b7691dd4a238ecaa4302351dfcf,1764511737,1764511741,1161,34508,,
0x62bb14c074a1fceebe31b9a28f9b7a5c5c46c012e290c1f764117b4777d5dd9e,1764511737,1764511741,1161,34508,,
0x16286b89015181e3549593871fbbe0cf4c870195dee4505b3d282d5192f6157a,1764511737,1764511741,1161,34508,,
0x2f91490ce3c2f7661188331a56d8a48d401c20e07f1f287b0d41fc28a5830e94,1764511737,1764511741,1161,34508,,
0x0b47ee81b00133e15c6066c395934384c977c39a4f4d5435d41f22c4b8d4df85,1764511737,1764511741,1161,34508,,
0xde36c66dd93c4b4c4a87371871a50e16df82034e73ba18536d80f8a707ff84c8,1764511737,1764511741,1161,34508,,
0xb2c1344af3b5fbd8faeee24b38e0570ff364f61c9bb697d93d95a2dffb870f6e,1764511737,1764511741,1161,34508,,
0x87fde4e02d07ccaa33fd3397f3afdf99386f72ddb88b615208c83ed8b4a645d1,1764511737,1764511741,1161,34508,,
0x4e2b88ac3512037bd19b73223e5b32417723c8cc1be1d5dd44524b94be728843,1764511737,1764511741,1161,34508,,
0x78bb0bfdad8c3b1e40bb83f38188f7e7567e8076aac88eec00b835b201abb72a,1764511737,1764511741,1161,34508,,
0xefb6479a1f6945ecf645eb23149bc3d0f19037ea29518114c980514c1d3e11b8,1764511737,1764511741,1161,34508,,
0x6c8e6d03d10627e4d7d287b442d9b413842bb3a853f6bb7149e1a2dfede9d5ee,1764511737,1764511741,1161,34508,,
0xdc22e0321cd2dacc00e742aba6bd155fc22ad00f46a9910cc21e3abc28feeee1,1764511737,1764511741,1161,34508,,
0x9a51138e611587cbbf3955c8ad195a3a78ba859fbc9aeb1097404c1809337013,1764511737,1764511741,1161,34508,,
0xd46b00ee727f06f6687a247320df9cad009fccb0205d5b9e01724e1ba522f3bc,1764511737,1764511741,1161,34508,,
0xd7160813005093c9d81a04ebf202ca96cad703c0340a31bbe72171afdc3e3822,1764511738,1764511741,1161,34508,,
0xf682af3c25e7049cdff603f8bfaed14975c659029120fc95cd18b9377df019a3,1764511738,1764511741,1161,34508,,
0x3ce8f0da72edeaeab16e6d24057679b171f8f6da4ca935aea8d7ed54ad9c92ee,1764511738,1764511741,1161,34496,,
0xba93c1ea6e63505695a17d03d4e35138606bbca01bdaba48a7ffe23b482d2df5,1764511738,1764511741,1161,34508,,
0xd7c94f2a42146742d48bb7f5c3f6af06e0e0a0675dd295dc6ee475788c477feb,1764511738,1764511741,1161,34508,,
0x1ddfd91ce4aa415695143613f7877a6e1312ac3220fdea8b036e5996f1bd28c7,1764511738,1764511741,1161,34508,,
0xaea8ab180f06f531657c49d5e808892e79d973daa91f81967e3a96cdf4cc59fb,1764511738,1764511741,1161,34508,,
0xaede7cd544a9c81ea016cd9176315eedd210b8c968a89a18af5e070b1a3bb323,1764511738,1764511741,1161,34508,,
0x7e03bdef910ca5ab89b15e53c9459f89b28827c5234b544122c088515a08f49d,1764511738,1764511741,1161,34496,,
0x357ab53cb57189d037a5faaf60b5c8ffad94d3b5c0f54ee1d4ee6d97cdb49086,1764511739,1764511741,1161,34508,,
0x79ab493ac975e42fcbbbd69ac236ea6b6974f80c049e3003451955a5e12191d3,1764511739,1764511743,1162,34508,,
0x22c1bc1c7c81296e3f2d409536cd290a5e074e28e2b9f436fbe9f93b7e549559,1764511739,1764511743,1162,34508,,
0x9148820a666a6751240d5d2dbce08e831cf6da1c6fc33af0dcccb25d94e9d506,1764511739,1764511743,1162,34508,,
0x4a742a01aa4d53d0e823edb8d8e1cee5c96c4c631a8ea635c90396caee159d8e,1764511739,1764511743,1162,34508,,
0x86ce77da7dd8debcf9cddd926668189a18eda590aa20ddae06bbea2fe03a1176,1764511739,1764511743,1162,34508,,
0x8ed018750333e6c9e6bb2000fa63ca4dbce886ef78640d25890dd2a8c473fef5,1764511739,1764511743,1162,34508,,
0xb9ba010ab38812a536c4947283cc94099f606d9b681fd0542baeae88672af7df,1764511739,1764511743,1162,34508,,
0x52ab73e77fc36be73eab9d164fa66a972bd450876e2710118b66d323b1ea4b44,1764511739,1764511743,1162,34508,,
0xa7a8aac29e3f8ea4c1077af5bab64a4bbc50fbe6700730083f95cd361e1dd9ce,1764511739,1764511743,1162,34508,,
0x218a84f6f8021e255ef1ab5662147775052377509b0ecf2c5e953b1f9090af7f,1764511739,1764511743,1162,34508,,
0x8b21f87849e02141bc2fe82f4bbf3dc511283ab655184a814250a6d2a389ab46,1764511739,1764511743,1162,34508,,
0xcb09659341f079f12e436d9f62f8644a942d5385e9fea883683a44231597e521,1764511739,1764511743,1162,34508,,
0x996cd8a21f9c5c1409a43def419cc2462cb771baa57cbf4e940874ad514dc3df,1764511739,1764511743,1162,34508,,
0xe26a8e8068ea3784907414db9246a785635a8aa552080983839c2cc4307783b4,1764511739,1764511743,1162,34508,,
0x5f1f7ccdf4026845896ca2ee664c74632effcc6aa30ddf2e8b9c5038e27204d8,1764511739,1764511743,1162,34508,,
0xd4706648949852d63cd27f11d6d2350cea2353dad41169c70bbc8026d386992f,1764511739,1764511743,1162,34508,,
0xae109b58202b50af2f85468ef2fc98dee4c407ac65fc82d34fb28cb1707a6967,1764511739,1764511743,1162,34508,,
0xcf8891a15868d3e762c58a91afe5e39f5c9f41f5eb85014d6a9d884b47df7ab4,1764511739,1764511743,1162,34508,,
0xade6418d208bb1d53c2d54632c9da2cc1994735015707c36d81f24de4fb75fc9,1764511739,1764511743,1162,34508,,
0x5ed13ba69da16c1cec38f17b5eed42881aab31546099dce9272f2d03529a172c,1764511739,1764511743,1162,34508,,
0x63450c006ce646be2db00ea065a4d56e2c9a0e791bfbfb58c9a3374229f398aa,1764511740,1764511743,1162,34508,,
0x3d065e9b9820499996d455c895e86ef7069665336c181da22e403b9b4e906b13,1764511740,1764511743,1162,34508,,
0x5cd6aa35aae3cec6b1b0783435be482d69b8af03d055f6d5262c13ab8cadae43,1764511740,1764511743,1162,34508,,
0xfcbfbefbb361a7f2df33e23719e28e087a3c338d9afe1ecfc7a4174f08fa76f9,1764511740,1764511743,1162,34508,,
0x1ce54648501dc4c91d4e62bd9c7d97b4dbdb92873af8ba17eac855262a2ad967,1764511740,1764511743,1162,34508,,
0xbdf5ec1682ee39069fadcbd64188c9721e874fa728e87a121c7c8848b96eef3b,1764511740,1764511743,1162,34508,,
0x65f6da3cac0a0475ec7ef210ed1c463d80523d4d9f8eca4a0ce6c2685c1da2f5,1764511740,1764511743,1162,34508,,
0x17b8401a68bf794dbe52b4f32bda7d3cd9cf5ca225fba802ee0d080180765263,1764511740,1764511743,1162,34508,,
0xb6046857cbc91630a298b6834384230fe03981171cf93f41ddd85729a217e9c3,1764511740,1764511743,1162,34508,,
0xdc6979f1178a6942e4529c4a0914aa76b6be494eb181d8f6878e8d4dc96f8124,1764511741,1764511745,1163,34496,,
0xee0fa57b0bf4c039acce1f59158b3aa9e9cb0d2f28991a38bbc436a00488f850,1764511741,1764511745,1163,34508,,
0x2f835431eda4f4d308fdd7930c172d7417f8a6bafcefc70dbb33516113f37246,1764511741,1764511745,1163,34508,,
0x6183f1e027b9f52ff7b36de7a7600c2b1593bfac6cd2cb09cbc4c0b67318d864,1764511741,1764511745,1163,34508,,
0x9666f016c119148022623faff0fb55cf8e8cf7b9c12572d6835cebc11a74eb89,1764511741,1764511745,1163,34508,,
0x96157b6189dd8387a9fd23bd91b34e8b790e3d404d40c8cf4484b2494ab18f8f,1764511741,1764511745,1163,34508,,
0x7314197930660c2322b4c97e03ce143f06dba5b2c1fcdfc16ae899c130e90aab,1764511741,1764511745,1163,34508,,
0xd0ef555e8f9c85a84e0e6a710db334bb8e51a8e6ade3036d59e58fcce5b98ce5,1764511741,1764511745,1163,34508,,
0xb9b28dfcb41ed7e5058b9b9d58f9dba46a8362b21d7a6b11214a4eade8717b24,1764511741,1764511745,1163,34508,,
0x2ce4452a678ee6325f3edb0486ebfc45ee1d12290b62f14b91ae21b0b89f853b,1764511741,1764511745,1163,34496,,
0x7fe173cc4c9339afa5bfe33384bf969e59bed9c5ed10ac53116368d5e77cc4ef,1764511741,1764511745,1163,34508,,
0x03a45695b4b67b7a81d74db33ee5851cb3836dbf8963a013ac9c2d84cabb9bd3,1764511741,1764511745,1163,34508,,
0x2aea88a0707225aa628d984a57a89f55b3991e3fa49fe73369efaf60fec85d2c,1764511741,1764511745,1163,34508,,
0xcd11f7300307469756f9a31a945c41b5becc26e0c47124b4e6d1548922d58f54,1764511741,1764511745,1163,34508,,
0x921fb52ceb67936c98228da416d9cfe868a36118b8088a0c80ce4aa32f0a4c21,1764511741,1764511745,1163,34508,,
0x33e2a9a8431f6a9e856c34f3d51673a35a35a392418ed3cea89b0dc21ac288d6,1764511741,1764511745,1163,34508,,
0x6f64d85baead9551356028068ffc3d264b952d09778502fba2e8d81a82c46305,1764511741,1764511745,1163,34508,,
0x40a0bab6d654a84d8f5e3b1861a16ea4ef1bb4191277b7efe55f4999ee36e38d,1764511741,1764511745,1163,34508,,
0x3fc6c276900c85c33c2937c3e258801520cdcaae84afb9d46322576b7f1b9050,1764511741,1764511745,1163,34508,,
0x35505e87c3d77a7682828a81674f88dd8f935a774089279c14d5b7c829144dba,1764511741,1764511745,1163,34508,,
0x5d2cf45357a37104717e635ed3e26028bd6d93a5f178a061cbbfc307551e1141,1764511741,1764511745,1163,34508,,
0x081fda1d65e373b93424709c3821e37af2693d0b1d24e2a8d6026a0a1842df3a,1764511742,1764511745,1163,34508,,
0x74ae98a02757ef01d4fe3fca48f2f1dbb44bece286101e5604b0a31b627ea061,1764511742,1764511745,1163,34508,,
0xad2be9b35841a544dd9ecd51d870cfb8766c7e2ec279aa7e777dd89a90960892,1764511742,1764511745,1163,34508,,
0xee5e5ff09a8aaae119c6407d28abf2ddd83f48b6e65c0dec37472b61a096295e,1764511742,1764511745,1163,34508,,
0xa89ca93a9f976ec7805e6b873c4839a6808c48c0797760641165145744e2fa79,1764511742,1764511745,1163,34508,,
0x360e15034bfec5a436611076540cad3789d756002a78231e7838db0d166a2866,1764511742,1764511745,1163,34508,,
0xa9e03ff4895a954cde95cfaa1ce94c3ac65418c3a1869d31952b7c2fcabe3e70,1764511742,1764511745,1163,34508,,
0xf9d604a9b58ba03287923195ebdd70313b71fce95e749952d28c41732f9ec9b8,1764511742,1764511745,1163,34508,,
0x41a09150dd6a2e907b3761dd025cddd50fb1275a981f9cd7cc66fff97ef82c70,1764511743,1764511745,1163,34508,,
0x842cae883eb6c4000928d1205d9a720930067ac6392e5fff10828f5e4a75aa3c,1764511743,1764511747,1164,34496,,
0xe0cfe214259e57fd34e6f5799fc1b14b4d181167107450a1a80e257e2b26bdbc,1764511743,1764511747,1164,34508,,
0xd3aa95685de9db938d919694fdba4564e5bad261d26252379f73ba60bc3a3bec,1764511743,1764511747,1164,34508,,
0xba5781deca347fc84fd184568a1eea9e598584a74358bd4154be95be77834343,1764511743,1764511747,1164,34508,,
0xc5976af9a1805264785f17911357dab1824a2ce5152041b2dce1bf73a1954154,1764511743,1764511747,1164,34508,,
0x95f4e0230776e544150331e62e5b7dd5d7716a9903487ed6f672840081961cdf,1764511743,1764511747,1164,34508,,
0xcaf76a0d0c5f922b396d2765c3065370ca2cc729574dd646a625c3aa5ae9b656,1764511743,1764511747,1164,34508,,
0x96691c6ab32a530929a0d71d18b965636aa664ac5ea6d3d56f7508010be192e5,1764511743,1764511747,1164,34508,,
0xaf42caa18a75372a2ec55c372b51c538eeff086480d3a6da036e9dbffe3944d5,1764511743,1764511747,1164,34508,,
0xe91dfedf433db8f40b6f87385f22755863ca38dd2669c618d7c11c8bd7d864c8,1764511743,1764511747,1164,34508,,
0x755be650404070b430438626e6251bee938b9a0edde05f5078cbced94213ce35,1764511743,1764511747,1164,34508,,
0x9aad9ecb24d242451c0e212cf17991ff6ba630a67e0827120dc6ed291c9324c3,1764511743,1764511747,1164,34508,,
0x739ba74a4ddcfeaa29b88ec7be5b67985d6247dcac02ee8dcc093c9958c32c4f,1764511743,1764511747,1164,34508,,
0xfeba724a7a5178ec4d55537f1f386f3c404a86732ce75b3faa66f42945a754c6,1764511743,1764511747,1164,34496,,
0x8b55829228f2d893a220efc42f66f8b948aed90714082733e54fddc5e2d63ebc,1764511743,1764511747,1164,34508,,
0x0afd121e8ba12eafc900edc61de9488d2d22a4b7c872757a9314baf609e1e9a2,1764511743,1764511747,1164,34508,,
0x6f0dd863a814ff6d0ec2b3231097c46d593769ae754111e3769e2c899ae929ff,1764511743,1764511747,1164,34508,,
0x4611784059bed6d8ffe34ee72589f43619b09076fc2fdec491745bc58b845df5,1764511743,1764511747,1164,34508,,
0x7b0201a83c4abb1ff3898e9289f0bfff3931e98301471d01290c47142a986283,1764511743,1764511747,1164,34508,,
0x6b915f01e063ca82c0aa6467a8a1fd72c8f029579fde8f2c924ded263abd827d,1764511743,1764511747,1164,34508,,
0xdbdbc6a729ca18c56af4814692b28acde657f35aff57f7e0117b171fb9507e1e,1764511743,1764511747,1164,34508,,
0x2dbfb174d059ad19ab5dfc695ac0fc1a06fb7d42bd997414dea1d74f6685dd1d,1764511744,1764511747,1164,34508,,
0xc662c6d5b68e159303a62d44fec62f38a86bc17d106158a4719f17b485cd7c04,1764511744,1764511747,1164,34508,,
0xe35d1d5b8994b61608c84a9bc5ef902228fd384c373ba57c580743659c2839f4,1764511744,1764511747,1164,34508,,
0x6f48d6c4bea4be780e44eb4e3e1972660addde59a3b3681c0b4f534e10771456,1764511744,1764511747,1164,34508,,
0x78017a3b12881b94a2e5103e7564180fe1800f68a72f70ac408b792d924e69c0,1764511744,1764511747,1164,34508,,
0x1e06439c087cddb5a1679fdcfa2f9d434464e3a2b4ea4b10699e6f6e514f7078,1764511744,1764511747,1164,34508,,
0x5d2e41f9f334a667d20ade0f6369c8af3ebe0e79c6d580326cb528c72568f798,1764511744,1764511747,1164,34508,,
0x7e71a971664e1ee5523d65962dc240678c1ba17f618f1b9d8cb482844982fa07,1764511744,1764511747,1164,34508,,
0xe338c751f959824686d1061f11ec72e09d76b3a8f972a7df4e47a29badf14396,1764511745,1764511749,1165,34508,,
0x3f68ff56709973d51adf49568dacb46b280a4634ef1cd560a4855056c0156fc5,1764511745,1764511749,1165,34508,,
0x06c2aa1c6852798c2294f4ac300d8d58e9c8bf09d0d395c1aab385f597881af2,1764511745,1764511749,1165,34508,,
0xf592da527cc2c857d788b880de6d63239011ca1dacb2bbf9117880b5b6c81909,1764511745,1764511749,1165,34508,,
0x17b72657826fc21b7535c0113f91366ac3f5436d82ba562951eec2c0d6b9ea5c,1764511745,1764511749,1165,34508,,
0xfea43b39710ca9c98a70a0e5b745d633423aed84b3d216d39099a40b8e196cff,1764511745,1764511749,1165,34508,,
0x439f6fcbe91f23455aebe4d72fec213ff3f6ac2fdbe95898c00d14a4196d3e84,1764511745,1764511749,1165,34508,,
0x9b29e6b7e9dee425d39eb3e8b0191b5d956c3604da705d1317d81170dc89ad96,1764511745,1764511749,1165,34508,,
0x0cd635a484c0e6fb20aeff498c9cb5d2c08bfb7197fb4e33fec13a8cdbf353e6,1764511745,1764511749,1165,34508,,
0x3ccdb521fff1e450eb37caced216e5b5599657475d03596f923baffe4373323e,1764511745,1764511749,1165,34508,,
0xfc09d14edefe6cf48ac1f036e2de382bf61857f3451372b8c1a3a1431ee83485,1764511745,1764511749,1165,34508,,
0x77448c3371a716cb73295a4c765bd2c871abe8fd1d0853a2e94595339c0d33bd,1764511745,1764511749,1165,34508,,
0xaba14277bda2a0f0aa31ddfda0843bd641b55c0fde201a1f19d3c95747494036,1764511745,1764511749,1165,34508,,
0xb7bd58cd1f98efc4881f01b718e79e82c21d40fb90ce5c9829bd7e5ee4397cef,1764511745,1764511749,1165,34508,,
0x4ff13c83b3b6e13dbd4f991bd45bfc16d9ed9c7b56df009ef81ee20c3d0a8307,1764511745,1764511749,1165,34508,,
0x5be8805cc89f803c402e59517c4379ef7987f08976908b9b56ddb8b066c5975b,1764511745,1764511749,1165,34508,,
0x53691ce84c63dcad9c4a61e472ce8c0306b3756a88915110be89bd2c059c297a,1764511745,1764511749,1165,34508,,
0xee523cd5936c28ecc4efb4ab2e45958fff69d56cfe583cbce6506e81b48495fd,1764511745,1764511749,1165,34508,,
0x2a58c8ea8a2e0959f9febbd2369f15a3c4af99945233bc966f965708722fc89f,1764511745,1764511749,1165,34508,,
0x9e2e436ae9117fd6895299ce0c7b584eade05c0bb71c3ced92c5911fb008d93e,1764511745,1764511749,1165,34508,,
0x9098c2357c7225cf073f492b110c9dae0c6f28f901cf8db7dc89bf294fcf3c31,1764511745,1764511749,1165,34508,,
0x06f97048343053734f19efeee31d5d82033cf302bc8f4ebbdce6cc9238a51f1c,1764511745,1764511749,1165,34508,,
0xf0c98dd88cda0ca636704e44b5e13ca89671b587f75fdca1826ca8ea2b5c6fd4,1764511746,1764511749,1165,34508,,
0xc382ad7685e6f378ee196c06c7035a1e9f549ac74e74a4ab7d577f0de1fc3c75,1764511746,1764511749,1165,34508,,
0xedefc325e5dd47aa877ab62677212cf4a05ce18a2483b3044088d280dfd88a48,1764511746,1764511749,1165,34496,,
0x176b04a24e1b95f0ef7b9882200504b09800369d028ac6674701801ac351afbf,1764511746,1764511749,1165,34508,,
0x2165a34874be54753546e822720b5ddf50847c3005377564f81244b4e3b4fbc7,1764511746,1764511749,1165,34508,,
0x2db7c0b6353eb293ef5e7818d9b7416a2e14ed461b5790efda99d21444b6c2ff,1764511746,1764511749,1165,34508,,
0xe63231cc8baf98aae2e3c1bb199edafae7d88cbd93e878a1fec2e4af971933e5,1764511746,1764511749,1165,34508,,
0xf3e48646f7dfb81bc0f2fcc5b99d64d065b1aedae60dd8d39c3b2d195ce7c944,1764511746,1764511749,1165,34508,,
0xac7eb1d6cbee31150516a715f3df1d7e91e993373e8b9b815191936b9fb01d59,1764511747,1764511751,1166,34496,,
0x3caf162c28bbe21f0254999363e3a7f9fda3b34efe3d7e261031439e4be175c0,1764511747,1764511751,1166,34508,,
0x72b33537fb2b8c7d1708353d6011828fa6e1b7cd370a93ae5b36a8e977c9b92d,1764511747,1764511751,1166,34508,,
0xaec3c12a5d7c91bbebb7328cfe06a73407f27724df2fa927a42313c5755d4d16,1764511747,1764511751,1166,34508,,
0x406bd04c1df59f9217c48bf8b4fbdb8f875de78851eb725989b69c58289700cd,1764511747,1764511751,1166,34508,,
0xe7219868a24679ce14b49eb72ffdfdd0b6bf4c9e909e5e2bb8cc403f9dbcb713,1764511747,1764511751,1166,34508,,
0xbc36f07067cfcbb2be5c4ab743d4dba6710f9ae59f1cfa467833657d47542e6f,1764511747,1764511751,1166,34508,,
0x858fedee98c54ae2feaec95663011e96daf53aa3a5714b186ba3eb8924dd2838,1764511747,1764511751,1166,34496,,
0x09b733b0beb711a0c071a52c10cb10cd438d3964f59158b59a449f5f95ce7ab7,1764511747,1764511751,1166,34508,,
0x94d64f21a9474eb0b06964309528ad99f622d75c88bfc8b814c068a7ac7008a0,1764511747,1764511751,1166,34508,,
0x580ed7686d8c15ce478d6a762308dc4bfffdb25e2dabeee967dada3fe3b72f71,1764511747,1764511751,1166,34496,,
0x58d8d621d1a65f51ede47c664f10932c8797bc5300a7068a7fb3ac8070c763f0,1764511747,1764511751,1166,34508,,
0x0a3d17bd957b04d1521821648e3096dee36a0741273fde5a569ff3fbdff93db6,1764511747,1764511751,1166,34508,,
0x2f058667ed93fc41d7c5c1ddd36c8a898a4d70ba9baa869705a65608148dbd78,1764511747,1764511751,1166,34508,,
0x37cf5d46ef5c7fc40ac275f84c8d6cb2ffdcaeb279db97ccd02ed2522c861761,1764511747,1764511751,1166,34508,,
0x2c806ba87ebc540a5abebce1882fe1ec13ebc4da7e0527bafc5d07a1b55b76b9,1764511747,1764511751,1166,34508,,
0x5db00c2780387f3bc949cfb1192b95713fed8ff40873cd2ff4184ba593a998df,1764511747,1764511751,1166,34508,,
0x0eb1491617c1294b0e50b6a2715937d48e918a9f0d842a13be4a9731590c2179,1764511747,1764511751,1166,34508,,
0x186525269256d9df1a1e99c6ad412720ba2ca5c0c53420d41fdc3bad95d1b593,1764511747,1764511751,1166,34508,,
0xe2dedd39c04bd7d1f8f31e894eebf874fab5be9abd6c7125cf74f427fb24df9f,1764511747,1764511751,1166,34496,,
0xd68cf9861afda58ca6022c50a4bed41024fe4957f58223312c40b3ddf13f1d49,1764511747,1764511751,1166,34508,,
0xd6bae392a29dd46547ff64ffbba4a1666cb6809ba66baec463044327b5e53e24,1764511747,1764511751,1166,34508,,
0xff654a74dcb0dcbafe7ebbb03836579067f5b31a632d584295587dfdb593e177,1764511748,1764511751,1166,34508,,
0x5f10389053925d06513cf961a70c8825fc2ed92e68c707e5a1d69693835f7370,1764511748,1764511751,1166,34508,,
0x02c0c5ecb5cb42554b08d0784431450da6d341a65ee6a7ff2d84922592e2a988,1764511748,1764511751,1166,34508,,
0x9cbda87f56e5a9bec63ea53e8fb825ecea476827949035ff71924f44b92ebcfc,1764511748,1764511751,1166,34508,,
0xac37389e8ee4f57a091a216187bba6887eed81565069599ace86af94961327f6,1764511748,1764511751,1166,34508,,
0x622032549ed0dc3c981864ecded9c712f903b08e0ffdb0ab48bd0acbee791843,1764511748,1764511751,1166,34508,,
0xa9a95772baca511850c6dbf7ee7c19435cc7b0a551d491f10e9dda40a1e3b0d6,1764511748,1764511751,1166,34508,,
0x4ad3b9bf7e1e1af6bdaa23b1e3b7a787f33c95dcf8e9737c36e879954d85e462,1764511749,1764511751,1166,34508,,
0xd55ace38daaf5a150e0e4e160a0157168986e995d58f08d1c1896f686a261749,1764511749,1764511753,1167,34508,,
0x130113e9bebcd315d5c72b007ca2ac055c01f47496ba64bbeb9eb77501345102,1764511749,1764511753,1167,34508,,
0x2fc938e0cb103ec5589ed83b58d00d549478a429ab53c145d2cad6db69dc2ddb,1764511749,1764511753,1167,34508,,
0x50aa8a9d269e7fcaf02a564ac4ad78c6e53e6122ed93d8daaa7d46ef8989d9dc,1764511749,1764511753,1167,34508,,
0x8c623c21d0d9162e63189e73bb583d7c900cbc98c6ef2c29e49ac00a1c89c25b,1764511749,1764511753,1167,34508,,
0x08d99a9ceab674d5af954f0d3404086c3d2c22e25c0d93108da475cb341d9921,1764511749,1764511753,1167,34508,,
0x01f2afce4704d2d80717a1cfd410365524c436a1255413899d4716f9c32e890b,1764511749,1764511753,1167,34508,,
0x7a9e6b7b1d69320db8cebf5acb39783ccc77de9ff01c28cccb574aa3c8ccee0f,1764511749,1764511753,1167,34508,,
0xedb18844320a96e39b0e06312e3b35339fff8d77e24c64afb9ac960a7371ae7f,1764511749,1764511753,1167,34508,,
0xc90a75063493a0a0ab21d94cba272c02be99e4451ab5cacc82a9b47eee01137f,1764511749,1764511753,1167,34496,,
0x5f09555f8caacc1b2a90da0eb77c007a77d0c2e9aaf900efc947572b591363e0,1764511749,1764511753,1167,34508,,
0x1c3acfcd6641bbee1c13ce20e12222149205a136244c2dbd7a63dd6531393ccc,1764511749,1764511753,1167,34508,,
0xbf1176e3b87985dd3c3aac5718b9f5cf829984307fd1611df1f9782d0778ba98,1764511749,1764511753,1167,34496,,
0x6fe03f92e3569a5bbea5b254e424c7625da5473d80e3fce0a8b256ccba6b2b68,1764511749,1764511753,1167,34508,,
0x09c757f87665332a24538b4707e4ab61e0f150d1a5cc589ef4ce2bd0ed300896,1764511749,1764511753,1167,34508,,
0xa004e1265d3ee58fa989c5cae9e5f80412530a961d8c45382af0050de6e13b2e,1764511749,1764511753,1167,34508,,
0x75623796672c48246d58355dd33d9f66acf773e5187f60136cace8cfd01e537f,1764511749,1764511753,1167,34508,,
0x984443b49f57b220933e4386fab63c8bf0b66891b70bb8ce1a5aad1bc31538f1,1764511749,1764511753,1167,34508,,
0xae2ab7284d8fff4d88ee4a01895c10a8ed8ec3fc087b1ceda3c0a0966a5a7b62,1764511749,1764511753,1167,34508,,
0x71d36742166adff3df42df59c798e67fad8fb3b0c46214b4e89cf4a5d0245f63,1764511749,1764511753,1167,34508,,
0x22b37b699a2c48eab7defad12de524f3a8d4c6c73fd198ab8507c8d7c7c04e85,1764511749,1764511753,1167,34508,,
0xa09b30a8007af555acd760e389fe4a147833a5b5b5080e084c843f5326fb6155,1764511749,1764511753,1167,34508,,
0x27cdf7b80f2c7bf9a90815f011826eecfb723836dae5ee22dcdc3fcc17b9cef4,1764511750,1764511753,1167,34508,,
0xb81499fa7d7318717f5c5971caca55486a795a7e875b7603001a24fbb3876a9b,1764511750,1764511753,1167,34508,,
0xc758c3a55f94b49af4958e9f75b947b908e713138a06d96adcb336303a4723e5,1764511750,1764511753,1167,34508,,
0x06511dda24bdfe72bfd17f2cb5bf4a85b8e64bdf8fb29cf529470afe438a69e6,1764511750,1764511753,1167,34508,,
0xfaf4bbc058177de09c59e5b566c0d1183b9e24e78140df15dd7e968d3a07d219,1764511750,1764511753,1167,34508,,
0x5a70b7209522219013f5652aa789739ead22a65d3a779d1bdda435a91ab546c3,1764511750,1764511753,1167,34508,,
0x7869d5f5ec793e46ff827cda774fd6f924d85263b0faa04c9ba66757e3d6897d,1764511750,1764511753,1167,34508,,
0x3c46817e78dfd62476249bc3365de1f1330d308961fcd725b3a6315aca86bcd8,1764511751,1764511755,1168,34508,,
0x349f8133f7b6b2c89883a80be071ae223b497fd20d31b4da93c9ff7f49c1fde0,1764511751,1764511755,1168,34508,,
0x625e8c11c6e8bbda6775aa9ac851b8ab7c52598eb4b52fa925f55cd7e4e4d3a2,1764511751,1764511755,1168,34508,,
0x08dd40ce910310811e301dc72b4a0d7aa8d152faef48a210e73a3159209940d3,1764511751,1764511755,1168,34508,,
0xd514b29bacb53359122dda15df2df1fa511deb575402fc89c902c62f2757f742,1764511751,1764511755,1168,34508,,
0x1df6cbcbcb27c7ac7627466b4be41bd9286acae892895b390700630ccf038ebf,1764511751,1764511755,1168,34508,,
0xd6822d481c856786a01ba832a3b0ae6a6207ff7165e439f99403ec756c93faa5,1764511751,1764511755,1168,34508,,
0x86e44eab10cb3e036c12a2cd3d028dd3d50c1a04cf80fd619374d9872a816cf0,1764511751,1764511755,1168,34508,,
0x1ff62db197757c6cf2b6ec45e60bf59c089df470760d88bbd9e1a195711ee5b9,1764511751,1764511755,1168,34508,,
0xf7fee51b08d0aa2f6ce76b95774098ce66fc7dffd2521ef29ebd7c433b389a4d,1764511751,1764511755,1168,34508,,
0xd50b13cc00e6eebff254cbb4f1c5bff90f1f19a9d2dc0efbb70af23fcda86c7f,1764511751,1764511755,1168,34508,,
0x20c538eee56911d0aa3168c7507ba7baed2b927acb63604be20d7157f6acfd11,1764511751,1764511755,1168,34508,,
0x379c2620df6cc8d7167f5ef684e9e23de00c488c924c332c6bf9e844c713832c,1764511751,1764511755,1168,34508,,
0x68dd318cdec51f17685e09e152cd41a5de44362fae4799c8f9667c7bd9559c17,1764511751,1764511755,1168,34508,,
0x7fb40fa749badf317f54bf59d7dfbfb744223e032fb59d8e139082bf7cb1a20d,1764511751,1764511755,1168,34508,,
0x8536ee6b85b86b537622e3164f5514b42f6d8695e890c4e626c701c29b82d5bf,1764511751,1764511755,1168,34508,,
0x3c0a81f4b9723499b0aeb24322ba9f6784ae52096cf779515dcac7381df9f251,1764511751,1764511755,1168,34508,,
0x0bfdedba5c9303d2c9c358aa6c1067256aacc58dcfd9f2e65c17dde1d9f3d81a,1764511751,1764511755,1168,34508,,
0x2659a59590c2eb11d899cffafa603f97605b47eca23a4f290b0676e7d83f6eb5,1764511751,1764511755,1168,34508,,
0x9fbb10f572643a4d4da864250811b615f9e1d3598452721f8b2dec35ec910f31,1764511751,1764511755,1168,34484,,
0xa09381e835b746db99849c7bf5c2d342465081acddd626cbb01c5fc4de9106cd,1764511751,1764511755,1168,34508,,
0xdb8cfcb2364fc52ea7964029dff9ebcd2a33d0af1f8c526f530f99bab3c26e1f,1764511751,1764511755,1168,34508,,
0x280fce6d5b155f7a978fccd1c2fe3e8868481cbf804492354d9544123c4eec65,1764511751,1764511755,1168,34508,,
0xd2d9ecf23f42d0f03e20a9ed846aef3ed0dd46e51df085eaee2a025317c0fa82,1764511752,1764511755,1168,34508,,
0x611c708bff990083830eeb4582cee5e91c45e340c967b06aba2b853dd76c8e33,1764511752,1764511755,1168,34496,,
0x83b65fe78cf54f6a7f52be5d17eb248751f65627c9a1e89a6bbc9767a48865da,1764511752,1764511755,1168,34508,,
0x52afa6cfd3a8c218fd5d18ea7622242c2224ee81ce443a845358732a12fcfd19,1764511752,1764511755,1168,34508,,
0x31948866eee6d2abe9ebc0f2479df80499eda3e6fd97c4b734ea3b0f24002ef2,1764511752,1764511755,1168,34508,,
0x77dcc73ee33d606cfc1c0e9f094067b4a2ef6bd4cef91309c3eedd089f5b1d41,1764511752,1764511755,1168,34508,,
0x9aca47be22f00173ed4f52064dcad0b22659b4feef978f4767f0aa7bf2112813,1764511752,1764511755,1168,34508,,
0x334a40108b1954cf5fedbaed6b1f2ddca114d132bc94897a58ebe12175b590bf,1764511753,1764511757,1169,34508,,
0x91c24b55a84ed7254c15442f237bfab27d5694009a913d47a3031ef0c571df76,1764511753,1764511757,1169,34508,,
0xdcf6017e658acf37ad29eaa700c9457ba30bcca7d50ecd17ba02279c2582a1b5,1764511753,1764511757,1169,34508,,
0x8cbaeec79959eb62920f566da55001645c4d0c9b8f2b4fee190309ae0d47e088,1764511753,1764511757,1169,34508,,
0x27a2487f566639bd644e6cfb4661acdc517e55a1c1723f39d851c72960b63356,1764511753,1764511757,1169,34508,,
0xd1656443b1a8e59689ca996788088e38a49cd1368cd05766fe1dd390c6bdc544,1764511753,1764511757,1169,34508,,
0x90035b4cc19d2c716404e29a78b6b3d427f4162d0be7fb753cbfa46804a6d931,1764511753,1764511757,1169,34508,,
0x2d3306c8298faeaa09f53a1cfff1b0e89391779937a2121985b8110216e3ca33,1764511753,1764511757,1169,34508,,
0x8305c101efa8af6a0831cfdd5dfd869dcfeb59f2607e5c6d30fb5f6a71b01974,1764511753,1764511757,1169,34508,,
0x82fa7c15de4f85c7ee21d703cf03b9741cd8ffa1a3f81fbf1fea641d423f4f22,1764511753,1764511757,1169,34508,,
0xe509e999f3e89288148a3ec45b39bf25ce3b1ce22248520c4940074b7e5ba9cc,1764511753,1764511757,1169,34508,,
0xd57e0e3eab6919dd12f4cf2c20e41558324f249d79b4033760d3c1215540a9a4,1764511753,1764511757,1169,34508,,
0xeec544e889f28c05d61a8dfa00c6fccd79a180dd211dfc40b0e28ce2e6d25160,1764511753,1764511757,1169,34508,,
0xeb5322d08675851f883bc798889241a728bb7887b9fbc6c9b29b56787df70bc4,1764511753,1764511757,1169,34508,,
0x70eeec06000ea790833d45bb13f8389cc204fd404a74c500baa35f93df948827,1764511753,1764511757,1169,34508,,
0x594bc59bec5ab30ce189f41749a96ff1700c7b1920bdc6ac651eafb3079aeaab,1764511753,1764511757,1169,34508,,
0xf03d7d8e03e8db4d2002758bfa2d866d5721885ffe24aef37503649e980a543a,1764511753,1764511757,1169,34508,,
0xe0077eb6f7b4c0b4e717dbfdf941a2a556f863bf297e7015f3ecde327a2a294c,1764511753,1764511757,1169,34508,,
0x662c82cb39ecf9af774fe562e0806f14ff94decc80f54268ed89a92ffa415d83,1764511753,1764511757,1169,34508,,
0xf6fa8384e3216e16df9607ac2164a15e58e7ecd85ec7215ee2cbe5e1169050f6,1764511753,1764511757,1169,34508,,
0xc48b807d17aa5361dfd30d60eb8d9253d84deb55943627934bcf2c46dd2aef68,1764511753,1764511757,1169,34508,,
0x3d37a0b27f78191c797370ece17f171fa1f85b010df709af153b537116b14564,1764511753,1764511757,1169,34508,,
0x777695afce3382775925ff6c0811366e0a197b107ffcae0b6c8c14ae73fe6ebb,1764511753,1764511757,1169,34508,,
0x2070a11a11f426f45ccba37377c9f1b4254215ca8658a44f6d04ae38298fba45,1764511754,1764511757,1169,34508,,
0x4761948fc3a63066ad3abc992869bf1d87801ed952d5b499cc39cc662dc54627,1764511754,1764511757,1169,34508,,
0x56a7253c5d889f78c86b08540b6ed9f79d42142daefabb80d1cc729dbba07289,1764511754,1764511757,1169,34508,,
0x4dab1f13680bd5d9394ad2a751cba265109d00f322368908fcdadd5a6f612d34,1764511754,1764511757,1169,34508,,
0xe3c4ff5f0a29be9985352655ad8fd8353d7fd76299550de5358e6e89b193cda9,1764511754,1764511757,1169,34508,,
0xe27d94c1806627c942df592a2555866d50e5c268b98596dfd13f1a77fd3fa433,1764511754,1764511757,1169,34508,,
0x36618b8fb268bc933d2b6e7d599c76e6816414e9d191141b6718ed3ea0bf1781,1764511755,1764511759,1170,34496,,
0x0317c045a341eafb8f73741c5f33e3a72347147f9236459f3f9cef1c24fa09cc,1764511755,1764511759,1170,34508,,
0xd419f07077ec1b69f1cc00b1bd19b4c47184cc069a44c3a11334f26ed33f49e6,1764511755,1764511759,1170,34508,,
0x0fd12ad79e63502618ad51175a8e112265a9c972e23ea21b2b91ee3c1d8b0b13,1764511755,1764511759,1170,34508,,
0x47f8f0959960ad312afe889f4a0e1c627537bd3f55c23718332320573c526db0,1764511755,1764511759,1170,34508,,
0x9c65c8b9b6bab944caaf67b100c59b9ac6692baacfc3916a8d66da8e17d469ac,1764511755,1764511759,1170,34508,,
0xeb1c889144444359301983ca2450d57c1a53c641032f6748c54f8ecd2690ac39,1764511755,1764511759,1170,34508,,
0x5089c6138b7088c8baf18e78758974429d36817316b124ef145937d591db404b,1764511755,1764511759,1170,34508,,
0x85e5a8c38ee7ac367fef61343a69feb3e0567503e0da35b92bdfa673d5b2923f,1764511755,1764511759,1170,34508,,
0x778631d68db25d95313629c79efb34d8b43ebfb238f4ed5b2e4805a7ee30f188,1764511755,1764511759,1170,34508,,
0x0b600ff4f7e6d8e179aea74105506d887f9d6a86a11291e8bf13cf5ba1d2b9fb,1764511755,1764511759,1170,34508,,
0xea50b436a69fe324a4ca6ce80f1863a8900245a1d62c0808999204d7eb90a921,1764511755,1764511759,1170,34508,,
0x6aa53d742c33bfc6cbac9480327e85d050a55b3ee7015c440b7c5f5554b2f2f8,1764511755,1764511759,1170,34508,,
0xb5646904f1a44fb2ac6b9a83cb1a6183a52a11b9887d49c207fc20215d05904b,1764511755,1764511759,1170,34508,,
0xefbd9622c0438e694302e904a0307e9ca494dd636eb269488002741b2142da33,1764511755,1764511759,1170,34496,,
0xb3065fd181f28df5c72789db91c112105bbca4235d6b0be0914b610710b004cd,1764511755,1764511759,1170,34508,,
0x4337c29f6b24d18df7509f0e3d651ef726fc31b4d29533d086453e7fc81f03cc,1764511755,1764511759,1170,34508,,
0x70e59b2668a91b5b9761756c3022f33f7e6e572b686eb455567f83d69afb11de,1764511755,1764511759,1170,34508,,
0xb9ea54501423f5be040e37572cf3255539758a2de41c034b4087dcb13867c0a3,1764511755,1764511759,1170,34508,,
0x621267243f2dceff70185460b119ae162a7e898dd8274ccee7c4336ed1bd0ce3,1764511755,1764511759,1170,34508,,
0x344457b9efc17612ae3a171ed5d748487df9be5ce6956b13926010a1f5e96fd5,1764511755,1764511759,1170,34508,,
0xe682b5efb36673bdbc2730395c119f891a73e6778a8bb49f8a652a7a37db541b,1764511755,1764511759,1170,34508,,
0x2efb2971866c638f62ad00c0e2f2a0d95e6272ab4b0de081a36bcd8affdf616d,1764511755,1764511759,1170,34508,,
0x0c2a01842aa1f352057eb23e21d6d3c42c711f7e4fa3e1302e38e6ab5cc6ae8f,1764511755,1764511759,1170,34508,,
0x0c0fa3ca81cacbc44a0ead49d39d50056c6e6dc4b1e2fc0dfab64248b545d5f2,1764511756,1764511759,1170,34508,,
0x8b1bf5e0be8a2305f65d5d781444c1e4259ffd440c6078eeeb5b217fe667bbe1,1764511756,1764511759,1170,34508,,
0xad5b4b9ed06bafe9015d932518fc1886bd1a6cf72f8553d9cbbc94d630bd33dc,1764511756,1764511759,1170,34508,,
0xc39604ba3b89ea425abf82dfbae667e9937273d96fb69481dc2c4593d2b9b54b,1764511756,1764511759,1170,34508,,
0xbb9f58f6fbdfb7ca013f895146cf422655467415a7697acde089496bb6549cda,1764511756,1764511759,1170,34508,,
0x88e58dde005a2d01db9650bacfdc515251820d97837390433d1cff9359d39206,1764511756,1764511759,1170,34508,,
0xc602ad6db8b9951e30439d2f38dfa8f8693bb0f4e0c98b58d7306618faa0b4f5,1764511757,1764511761,1171,34508,,
0xa251ace4758be0ea5a0bf3e6cc40a800b17ec120859cd5fc34bef9753ba8d66e,1764511757,1764511761,1171,34508,,
0x000e65590241db7bfe231eb4a92d71f4344bac66df3e7f28151d2fca73fbb9c5,1764511757,1764511761,1171,34508,,
0x14108c88bd911e5f8c977ba9f29df29ad6bc33f229e0b1f64e5e06ffe53ae72a,1764511757,1764511761,1171,34508,,
0x66d773c6b187f7f99ad5a943b794acd39cfe4fa3f54306a1049f7197cf0f92b2,1764511757,1764511761,1171,34496,,
0x93401e8463bb8a010a037a844988c0c2ccc2718ce9bbeb46ad27e87667aa8fb7,1764511757,1764511761,1171,34508,,
0xfe44154d7da036d2425653e1431591e47d2fafb740b0d1b2e61e2e88c49aef77,1764511757,1764511761,1171,34508,,
0xce62954d44cb3992ab6ed2ff994ec6750f7668ae4875f3018c8019aa198bf12b,1764511757,1764511761,1171,34508,,
0xfbcc6c1caaacae9f35c44fc69f19c3fb6402a81d3871d1bb186fe6bd4162c849,1764511757,1764511761,1171,34508,,
0xd3954e469900ebbfbe885e942ac8bf0f6fd043bd03d0c1f67d45f342c4b4f20e,1764511757,1764511761,1171,34508,,
0x8d0af39fdb2816814460bfa6a340eeda5cdec3becae78aea21068cd174d34185,1764511757,1764511761,1171,34508,,
0xaaa4ea368982fe2fec3bf79980d3c0a39edbfbd246524b29dea701532a8de30f,1764511757,1764511761,1171,34508,,
0xddc1375c7e9bf9b98043e09f4985957e0c615f490a0f1dae55ea784fdf5536ad,1764511757,1764511761,1171,34508,,
0xd9fdff3c2644b8514a5dc4c080995715e1b6c33fc83ef10f25b1c0457b48e896,1764511757,1764511761,1171,34508,,
0xd7e7b070ea3f91dae3d9dec54d0b6c2920a9101985b51f415e7b50d53f387af3,1764511757,1764511761,1171,34508,,
0x54500de0d8686c0f2d772e439439d2e42a3d9c425940b47c14fc4cf8f7013f11,1764511757,1764511761,1171,34508,,
0xdc904340536bbf749e080791fe3057492af216864c94f614a56fc1726678be99,1764511757,1764511761,1171,34508,,
0x2dc7e5266199a23b350995326bb5254072dffffad49ae43981b2de9c19a51a73,1764511757,1764511761,1171,34508,,
0x811d7bd583ca57c01bca30219e7c4f4741a8e59447279367ccbf86bbf7ca33f1,1764511757,1764511761,1171,34508,,
0xf2485051f4da5764b22e1f34264c297e179f4f0a9d25db9d731de858a41f9570,1764511757,1764511761,1171,34508,,
0x6688a2ad72e870137912eef034f97650eb56fa6f7e50c00d6a6021ee60205247,1764511757,1764511761,1171,34508,,
0xbf943466941236fc6c204699aa06b7d6a9802eb7abc84ec73c8ccf23ceb011a4,1764511757,1764511761,1171,34508,,
0x318051a7452e11aa3b9f5a7f060e70c8a1370af663e16796aef7ff2a118c79d7,1764511757,1764511761,1171,34508,,
0xab904c07588839b12091ec43fd986b534f474aa6d9f8d6078c1035951ef15574,1764511757,1764511761,1171,34508,,
0x5435993231e743c2f999d5b179d5fc0047971bbd4d873479591f0b5cd39b04d3,1764511758,1764511761,1171,34508,,
0x9ea390a8e80824edbd3262e8d48dea8bedf55e8e7191a5a380d509e85b51652f,1764511758,1764511761,1171,34508,,
0x7a58783ef5426f47c4fc41d0bd5a69188aca7422699e60a01d095bc021e183d2,1764511758,1764511761,1171,34508,,
0xd3346aabe77517437e10529714f21fda968bbdbab31efd7307212ac69cdbb4a0,1764511758,1764511761,1171,34496,,
0x0a4245c9e1c6b798efb63558c1b27799a6be4fb6f65177d23a73b690f72e4eb3,1764511758,1764511761,1171,34508,,
0x47b5be1964a14ad602d2f8d57000b13e92eb25a3f1610906a49bcaf5c247f68e,1764511758,1764511761,1171,34508,,
0xe010f953d522a45cbabd91abd90e6b453ac7b95f8e031458863be31b72586df8,1764511759,1764511763,1172,34508,,
0x946af16306c8555ba96cebc7740321936020c92f1192229bb3a31af34600d2c4,1764511759,1764511763,1172,34508,,
0x44e1c801397dd945cb9563584bba4fed45b7e7e66f54e59621c268f7c6974c86,1764511759,1764511763,1172,34508,,
0x5c8bd3414a1415df4a01029bed9f619f988c142f3bd336aeffd67565a4976c31,1764511759,1764511763,1172,34508,,
0x9cffd64c1f2f9cda1204bec4abf23b09b7c169362727eb0af65e9832905f169e,1764511759,1764511763,1172,34508,,
0x44d0f444f74f147c486f82cdc4c1078ee1ae8dc85ca9e23c8eb1a1c2a680d82a,1764511759,1764511763,1172,34508,,
0xaf42a26955d691eb628240f468974de932f5e2fa4e6b7ca5308bb0f7590a40f2,1764511759,1764511763,1172,34508,,
0xbe0878eb33f60e842f0d34a9df54a4bc2c84c1a63fb3483409a71ca9ebd33a88,1764511759,1764511763,1172,34508,,
0xce2f0ed4516c9ea943439f0c5f8383046a24e7975707ef756f559a512add4bca,1764511759,1764511763,1172,34496,,
0xaa7491c1c307b4685b8155bd103da2c5d0a414109f7051130906d1dbc3bb3bea,1764511759,1764511763,1172,34508,,
0xb06f673ed5118ec476c4496b471ae4fea36cbc3c83f08c42becd017ffe7ad792,1764511759,1764511763,1172,34508,,
0x9698ffa77edb1c6c181df97412763a052f74097aa60cf15cbff6ce3bddadaffb,1764511759,1764511763,1172,34508,,
0xfbeea09829da9c77211d4969877cb93b33dfeb253bdd5f3354f1e788d5edbc51,1764511759,1764511763,1172,34508,,
0x236182d4ce540cf89e7e872a8f68dd6090aa2b36eeb49252e2e277a4ef8865ac,1764511759,1764511763,1172,34508,,
0xb617691c1303069819609a0d1d0e99e1702a080e5c8d1fd8aa1ce706470a5b61,1764511759,1764511763,1172,34508,,
0xb5c64df91be37f4c08acf405bf9eaf044e8ab5669db797c526d156aeb0770b9a,1764511759,1764511763,1172,34508,,
0xf9cfd7aa4b06e233f7ea076298550f15bcfd502460a796892c4d7135be23bc0a,1764511759,1764511763,1172,34508,,
0x8df7db5fe86f4c5564e0aba97c3e1efe07c27f376694a04bc8afed56b1396567,1764511759,1764511763,1172,34508,,
0xb41d176d467164dd6da320dbc7b7997002310a8d0efb3b1561e555c8d3d070f8,1764511759,1764511763,1172,34508,,
0xc96333abf657622ae47dd0cd79ba984a59ab6793aa792cba67adc4a82886e09a,1764511759,1764511763,1172,34508,,
0x7fd2a4ed30e020c88bb47bc6b64b250233d0ad2bc4b9b18a87bf6689106abc5b,1764511759,1764511763,1172,34508,,
0xf9c578bf88edaf14940c7f580a0faf23813fa8f0d5904d7abd9ce3153f885d9b,1764511759,1764511763,1172,34508,,
0x1aceff76bd06d61cd19422b7005bce7fd5f60590325c3725576f0f563da077b6,1764511759,1764511763,1172,34508,,
0xeda39256910ce97a296aab96884411efd3140ec4f8d5e34f237abc5ba9ca5459,1764511759,1764511763,1172,34508,,
0xefc62733c6f8ce8178d5822910c7a17790a70057b4d3f658695ef9045a5d6d91,1764511760,1764511763,1172,34508,,
0x7c2a555cd18b6dacec781836889576d0c818cec1f0541c14c7000b50eacb6806,1764511760,1764511763,1172,34508,,
0x1493ba5335990a6fe558584b550a74d0ef48757b57e3296648ed9d5eec247350,1764511760,1764511763,1172,34508,,
0xb1757205ca17474f6326ea442aef5305169dfff17df0fdba047a14a754734e28,1764511760,1764511763,1172,34508,,
0xc7c1f7df2003a277009a331e68a49fc5c744348852089a7cd728151aa734d781,1764511760,1764511763,1172,34508,,
0x06a715687ed65f2268e4b6e499e0a276beef6419be1700bfa36238411706bc96,1764511761,1764511763,1172,34496,,
0xe1f45521fb70fc53e0f35e5dd6cfc1b54b25cbb62c599244ade16cd15cba6f3c,1764511761,1764511765,1173,34508,,
0xb77fd552157e67114cbb930c6077b789041152f09d1a703a7b4a68fd6a7b4ed3,1764511761,1764511765,1173,34508,,
0xebf1c41dd75d12ea63b60378ef8ab96858565810734703ad986d0c56514eb962,1764511761,1764511765,1173,34508,,
0x970da2e508b606f70a41475ff749f358cbfd427297ab0f94c4d3734778e8d0eb,1764511761,1764511765,1173,34508,,
0xa898c07f1cd13ebfd97d6d7a3297e7d552123a8340d38eca4825852788f206c2,1764511761,1764511765,1173,34508,,
0x40e0ababed48b89d59562cc73f4f00108ca56edb1944bedaf4bcd138ea0f44d9,1764511761,1764511765,1173,34496,,
0x799e6e15493a1848a0a050667cc7c79250bad59afa7040bd4d4c634a2d7cebd0,1764511761,1764511765,1173,34508,,
0x25867ceff9bd343349cfcf371b6a123e81fb79d1671d87fcd9b69c0da4e28939,1764511761,1764511765,1173,34508,,
0x77487cb94bee5fcc5c2de335958ae6d0a979d2d45e2d61e0f89bb94fe1d8e803,1764511761,1764511765,1173,34508,,
0x5c978d3da8af83027505fd599cc9ab182cc30c8c56a58ecd1236d1fc361e35f7,1764511761,1764511765,1173,34508,,
0xc2f1010e11affe149eb5d94ef4080ae2952393177456431d892d0988b6c0ddd4,1764511761,1764511765,1173,34508,,
0xf069ffde9edd5e83bfaddb59925acbdc61995c10b7cbd24ec93d557fa16328d4,1764511761,1764511765,1173,34508,,
0x6d2de38697f154702b19809d8a53c66fb95a5b632f2da40493dd53796cc831be,1764511761,1764511765,1173,34508,,
0x682691cb4384322f44be9f901c3726c89d116c339b59b9c083d6147df8c32624,1764511761,1764511765,1173,34508,,
0xbc0ec112ad81b0fe382b3cfc68a6ada61d7c849dc82a17511ef9ea42f68cbe2c,1764511761,1764511765,1173,34508,,
0x3130cbf3e0c9bddcfdc8b651af34da4ef49f1e0e8422beda50c6f8626d998970,1764511761,1764511765,1173,34508,,
0xb1470cd59432925669c406e26de6f9ea43b1ac0bdb389f961fcf05d6c2fdea46,1764511761,1764511765,1173,34508,,
0x7d011d2087ea4ba20c7765822bec8b1b5a7c3e7a679d33164a911d85fae616ac,1764511761,1764511765,1173,34508,,
0x5c12523eabb4ba05d42d140ab4ff783f621b63f59e0f3dd4cac9233c0d1df2b9,1764511761,1764511765,1173,34508,,
0x98423a9dea854f8b0b9f8c5f58131718aab06b774601caea6021c3fafc60fa9f,1764511761,1764511765,1173,34508,,
0xa2b8d7fd7cae36cc8824ff8017370e1daf79046daa5f4cc3c3f73d70115339eb,1764511761,1764511765,1173,34508,,
0x370ea7609fa51e09847833fa1b5d45c5e4dd859d84155d6bd35f410ebf2ea121,1764511761,1764511765,1173,34508,,
0xe9b561760c96ab1dbb731251c3b2d7943e71c4a14fe6a397e3339fe14fd49ca9,1764511761,1764511765,1173,34508,,
0x3ed906a57e9650ad7fdab949438e49df0d970f741563789d1970de22908fda79,1764511761,1764511765,1173,34508,,
0xb7323ea5f700a61e9ab146933b9f72db5c2c8050ac4db91d9b7a481ab81c63a4,1764511762,1764511765,1173,34496,,
0x65cb87d3c76a8e0754aadc166d65d79c38e7d2b51a4c3854d6e2b457a2a73539,1764511762,1764511765,1173,34508,,
0x883b33bd65731d2900e22aa941627d48777a05fa3c144af696371eee31c5513c,1764511762,1764511765,1173,34508,,
0x5965e1c41478112ff8ba445624d7ad0fff14831b8407d85036e995592d18ed9f,1764511762,1764511765,1173,34508,,
0x6ef8e3d1ad3d7c680eeadbd1d93db460736ab28c237eb0db5c812f1403e2092b,1764511762,1764511765,1173,34508,,
0x203d12bd7be08df4ab87dc76d34ee816d2d203a8f1cc874e90c11d884e3732e6,1764511763,1764511767,1174,34508,,
0x80520669a701a52bae7fd9c2c4d9163da299dfd7076076988b1527fcec97af53,1764511763,1764511767,1174,34508,,
0x3af5131027a42d6696436874069ffe4d16f7530e7a22dc1d56221963b257e52a,1764511763,1764511767,1174,34508,,
0x86139ca3d16a2d3e7dcdb0e6bc82d21b616f1560520201b5d26432047b8625da,1764511763,1764511767,1174,34508,,
0x36dd180c9f415bbf8f761cfe7eceea300fb657a5a167a071f2587c814561b0e1,1764511763,1764511767,1174,34508,,
0x736d173ab0e7cd54bceebf93d6349ffd521e64b286a56ec17ba8e87c14726f46,1764511763,1764511767,1174,34508,,
0xb4e56670d2b9ed9225d4bcc50fc58dabc7a74c17b3b1c25b225dc0f815b6bd6b,1764511763,1764511767,1174,34496,,
0x32afc03c21880081f0335ab991ec485411349c81f1ae761bd73022b65f54ccdf,1764511763,1764511767,1174,34508,,
0x7b39cb91a7c3b073481f19b2435e30cc2aecccfbd8606b1388ab1180c74aa7ac,1764511763,1764511767,1174,34508,,
0xc9bd8e000d3b7d67c8432e8e359ba18b71bffbe7ce34da3320ac6d6cc0ed4bc5,1764511763,1764511767,1174,34508,,
0xd49729a6601a4bc30a5bc8422ed5461a72eda1b0a8333d15e079d3a867d5731f,1764511763,1764511767,1174,34508,,
0x313333754580e2cb42437b75f56c3f4eab92586a648e0865cd8eac7b4f480c89,1764511763,1764511767,1174,34508,,
0x802da5a40da1cfb99f751aead7efd921f4f8df0c0e5c65234ee46c08e6440177,1764511763,1764511767,1174,34508,,
0x0650f32f96b8b780fa0e9e5b21640f05d98ae02509a5325a1f71387646e0432f,1764511763,1764511767,1174,34508,,
0xf9332dca71061bd61bdd62caa94a5cc77712ba1f35c7c0f99c71fb1998b9f803,1764511763,1764511767,1174,34508,,
0x59dc5bb9089a3d49b5d20efe4444816dace71d0150e8bc628650d2d7a93e6c7d,1764511763,1764511767,1174,34508,,
0x52fdedb779aa104579e070fc75998f6867ada5acb020cb69c96c0a626fc9fc7e,1764511763,1764511767,1174,34508,,
0xd36dfea51a14dd412aede0653bf2dbb1e2aa34df67907efbd7fa579146269fc9,1764511763,1764511767,1174,34508,,
0xc6d65f63b8d414f9a9f9437c2ee1772941358a7f478334578a17a955bbe016e2,1764511763,1764511767,1174,34508,,
0xf7513b1a81032ff896b7dab15bbd403c6d090c4c295e8f2f9b46eabb375eed8e,1764511763,1764511767,1174,34508,,
0x8dc697af190b9e74cd7831b3955345948fb6fa6939a761b23152e1033dbf6803,1764511763,1764511767,1174,34508,,
0x043334cf18be4cd8ec7d7987d67ccb2fff8c548a5652b04edf0b3e2923451ce1,1764511763,1764511767,1174,34496,,
0x4fbf84382310b9c0aefcfd9b1eb215eff8980a971e4319141e012ea24ce5685d,1764511763,1764511767,1174,34508,,
0x6f1202d61f40f3a5fc8589654f05e341b85db155852e5a013972f3d0c5f8d306,1764511763,1764511767,1174,34508,,
0x7ecf9921e39a326b4a46b35ea18384d2979838ff2c2559449545ecf3b079739c,1764511763,1764511767,1174,34508,,
0x73d34ce4d9b86c567abb3fe8a5cebc8d63bbcbd075003cef70aa51c3bd8ad59c,1764511764,1764511767,1174,34508,,
0x958ff35cd5e6c4a6f5a01c78f529eb44a03d5ececcc143bf82df814ae263f588,1764511764,1764511767,1174,34508,,
0x4d23bb6e174673a164188347c5649ab31085a7fe2a3997caa3c2fbe6cd49f478,1764511764,1764511767,1174,34508,,
0x7b25f176619a2f05bbf4348f3abf0a3a6b4a394b18696bd555b1c14c07d4aecf,1764511764,1764511767,1174,34508,,
0x994a09913b258243efd0135fbf747e493def34aa1d74d527465ae60223e5b28f,1764511765,1764511767,1174,34508,,
0xa73aaf99d432820bdee5c941b9d1b74610b2bec9620f8eb8021f0a3383666cbd,1764511765,1764511769,1175,34508,,
0x4a72a5e7c918d554bce5af8ea08c76ff1d9dd344d5b2b58c1a11709806e07821,1764511765,1764511769,1175,34508,,
0x21c6f412f8833e30752cb3911ec4e8d9ef6427137815575665b9eaa6660c27ec,1764511765,1764511769,1175,34508,,
0x66bf6729be9d0536aac6e848db9030a58ff639ea32d76aedb793ac5512409873,1764511765,1764511769,1175,34508,,
0x34ac5e087257d8c84e97d49ec6360c2537c28a74e1844feed08f93b47c19ec58,1764511765,1764511769,1175,34508,,
0x5df171563a954106721a3940d4c57b43a0cf39919bcc7d866e359b74e438c048,1764511765,1764511769,1175,34496,,
0xdff2241e804c923ba13cb7de0dc45ed67d2e2475b6c794581cf739e3b872e8e5,1764511765,1764511769,1175,34508,,
0x5f6662e735b364b863103ab8cf19999611fcf08dd1142c9c815a022a0f08fd7e,1764511765,1764511769,1175,34508,,
0x8e2f5136f26bd8422067a123ff4d51c144a1e9b956ad221b7f626632ad9e1981,1764511765,1764511769,1175,34508,,
0x4c30c82ab0bdfe7e5182651f544081c48c6f8bd330aa349048e7dd678517cb6a,1764511765,1764511769,1175,34508,,
0x8ef195c1475e9f1580eb8d4eebd419af13be76f53655b3d161cd49cc2d4d3f20,1764511765,1764511769,1175,34508,,
0xbed46692f93e90e70bd1c078e23de4ee9df8ffa9282d7be21655f9c863067ed7,1764511765,1764511769,1175,34508,,
0xd96117201716b5d99f4249c86df8cc15f8b68b2b68322c81b47d141db404ff48,1764511765,1764511769,1175,34508,,
0xf13928b2606a138a9ab9e9f376e0d3e4105b4cb5571780df77886e7349b657ee,1764511765,1764511769,1175,34508,,
0xe01af66e9f2c7881217ac96669ac5b927db84167a805585059711a0a1c86860e,1764511765,1764511769,1175,34508,,
0x733719587ab4c63c86ed91271db8086c4616f59e59efbe9909337de5a35804d0,1764511765,1764511769,1175,34508,,
0x7a95dde9ff6930a16b438b47539a9ce16ba1b9bc1ed72020c95221e2257205fe,1764511765,1764511769,1175,34508,,
0xdd268220b5ffcd11171789e04e62f7d606b2caa1893d981e5db6d593b777a0c1,1764511765,1764511769,1175,34508,,
0xfddab484656a5a47710f3011a640e188a68ca973567d1f705812508686768964,1764511765,1764511769,1175,34508,,
0xb2dca77ef3363d1aef4ae8ee1e18db480e2e9822a2f21fd3205a4bbbb47c804e,1764511765,1764511769,1175,34496,,
0x15fe49b2269f217d9bd85f3f936bccda56bf3d964af2fc31bd2c9fb19ae62f4c,1764511765,1764511769,1175,34508,,
0xe654e8241c418b66b8007c3ace64856ed0beaf0630dd0da6339958cbd5fc86c5,1764511765,1764511769,1175,34508,,
0xa53b5c9089d4e0aa1b7145c0a15504b224385e16245b2b84aa279a77df2974cd,1764511765,1764511769,1175,34508,,
0x42b0720b3378cf0fd0d61e22e73349fcfbecab32585f1268f910c13ed8258d73,1764511765,1764511769,1175,34508,,
0xc1d2c2991cef93c7adf9aa67af56a115c44251849d8b766db1bf1e2cf02b9909,1764511765,1764511769,1175,34508,,
0x6fddf23fadf08847404f9f558dced4f3d400564e5772890876366c7d1f080682,1764511766,1764511769,1175,34508,,
0xf26cd14a1cbda8cb0599541e62ffdd88263460279fee64406bcdee72c22b259a,1764511766,1764511769,1175,34508,,
0x36a2f94f47767918bee0167f3b420dcb70e76b9bf100dcb36461aa8fd3b782cc,1764511766,1764511769,1175,34508,,
0x8e43384f69a3dcdad4c2de2a2951ca5659eec5ce00fff394c8989f24415a1bb7,1764511766,1764511769,1175,34508,,
0x73f6aa07eafefc746df8f7a7d81076278061b93f89045bf85cd79cb1e4b2e58f,1764511767,1764511771,1176,34508,,
0xbd00a99cd0657d4c2f25144938b09421350aa359bf5093c439499adeaaa0891f,1764511767,1764511771,1176,34508,,
0xb2a3b9789704623e20836ce8e4cda88fcc5e2823b3b9a719c0bcc4f507ea9b4e,1764511767,1764511771,1176,34508,,
0xf942d410c4ee9e981ff95b6b38619c44326649a2e9a32f571650ce8ae89715f1,1764511767,1764511771,1176,34496,,
0x9d655b3ecc44c93c1fe176b38ce5520bbd67ad1bfa383e49ae1f3cbc47bdd14a,1764511767,1764511771,1176,34508,,
0xaba19cbbd8b3caad433abe419966aa402a4982973e6253efb388f7984b2faf36,1764511767,1764511771,1176,34508,,
0x51aa08a0192411058331d04117c0980ef49ae242e6fc2f3255a2faba8877b3b4,1764511767,1764511771,1176,34508,,
0x6791ac59f8c2e294558cbc8f1c315e9e4b61f1b0c893bd1433f86c185fb7b3fc,1764511767,1764511771,1176,34508,,
0xa5d55ba2f691869c209a0aba758fc16ce9c2ae2a0c0df1824a054539deb0619f,1764511767,1764511771,1176,34508,,
0xf09f1ae86fa656eccef036c5ec62a4ad507d0085b78bb1c6c9bbbcba6156be8c,1764511767,1764511771,1176,34508,,
0x609a5860a4fad5b1a61fc8d9b2e65c2d0e8fa365100af1742ba3ec71fdde072f,1764511767,1764511771,1176,34508,,
0xcfb0b96c0a328773b2beb7a781917d6c51ad1ade6c605fa281eb2fa8bad84047,1764511767,1764511771,1176,34508,,
0x7e688da2a413ea2ca3f3443e5c3bdcacc7e76a036a0f9df0e0a2e69b09a7ec89,1764511767,1764511771,1176,34508,,
0xd15631dbfb1ab4a1d98b4b6ba027ce94d85178bf92c7db25f85619b56caf1203,1764511767,1764511771,1176,34508,,
0xe3a7a1b5e3a14e41bc4641bee0a98bc36f523538c133f2f17417723a7e6b4a91,1764511767,1764511771,1176,34508,,
0x126900158dadf244cbc5d9cb5ff4a38bedfa3bf2f5259173afad2d370ac33bee,1764511767,1764511771,1176,34508,,
0x83ae62db9eec9a94584c14c7959d9f9fceb2cfdedcb88a8245a081ba17333d3e,1764511767,1764511771,1176,34508,,
0x4b8e95be2ed904474810a3f6858d2e1126a807ed0303fd274a86aa95a7dd3d7e,1764511767,1764511771,1176,34508,,
0x7f72c28044cb03dacfa2a5500a303bdb1edbc13b64a94b7f1e641baa4d2e4480,1764511767,1764511771,1176,34508,,
0x781207debf7a0448adaee063dfa68d0aef4c94e4bcdd90f27daa3d3411fcbedf,1764511767,1764511771,1176,34496,,
0x8954d58e73a591e66113db6e6e2b430ca4a3f6a24a2f10368ddac64b907e08cb,1764511767,1764511771,1176,34508,,
0xe895b2f8341e225e0f744cf23693de35021d1f0cae483cfc36a0d69581fda50d,1764511767,1764511771,1176,34508,,
0x153dcdb9bb477d900666967bd1dc8a6cef9801443c4a2580d7b256cb2095a60f,1764511767,1764511771,1176,34508,,
0x2a26c95df5a343a43cf9d5ad8fc1ab352f3b59fe5c5e259a154c98da17c313f1,1764511767,1764511771,1176,34508,,
0xd60bd7365d6d992814617c6b398898c0c53dad20536a7484864fc32924ad18f9,1764511767,1764511771,1176,34508,,
0xe6c941f6f1a71768acaddef9e77fa8ddc101e0b1e1aba39f89a2277c877bf456,1764511767,1764511771,1176,34508,,
0x282882b76dcbcf6928b3a8b477fdb25d65cf67558425d70a0981230d7938cd97,1764511768,1764511771,1176,34508,,
0x7cafaff58f6ffbed2422238eaacc98754829dc6825fcfaae9610aa03def1d8e5,1764511768,1764511771,1176,34508,,
0x78783b2d0f3581b080236f26d21968d4161df90ec662d7af3607f7d4fce72d54,1764511768,1764511771,1176,34508,,
0xbd47b56285d4355c992b0060df0bee91dd331ea93eb6f54b2fe023cb8b939d33,1764511768,1764511771,1176,34508,,
0xa482426b1bb1655ded249c980c37c32512f9fb77d571239e8df8c97505cb7b26,1764511769,1764511773,1177,34508,,
0x6478e6dc54a132b25c741d61155b9305ea2f11c55964b3a54bbc99c95d2f4a10,1764511769,1764511773,1177,34508,,
0xce3ded9707dab67623446b41cdcf6acd5b13860a41a7a8563755bdb71c619a25,1764511769,1764511773,1177,34508,,
0x1d9e2ad6a74eb2bff2baa430e1cd7836fb2c68aadb252eba3f9d950e652bd7f6,1764511769,1764511773,1177,34508,,
0x6c9ef3524d3dbc8e215a1d0ad3f5aed8d4467624c41be80e4f0efbee721f6c9f,1764511769,1764511773,1177,34508,,
0x6707dbf00712b04c073eee19182e307cd186ec1bdc036c26d7b224014c4b08ec,1764511769,1764511773,1177,34508,,
0xd51d72d532822ff0e2ac982c45cfcb2ccdd28f00c319d268197a7cdaba1ea3f4,1764511769,1764511773,1177,34508,,
0xa01eea026ed2b7557739b5a7b496df400ad78f28dfc9e1a723456ee587caa971,1764511769,1764511773,1177,34508,,
0x12afb7425dfa17b02d4e57a786147b6b3d2cadeeef44a92fdc4b79a3d2574d4f,1764511769,1764511773,1177,34508,,
0x4a5adb1cf40a691c7392907b15db59dd882a031ea73c0686ca33bad24d9c8c37,1764511769,1764511773,1177,34508,,
0x50995001a79c1559f1b9bceba641b349f3418f12debadf31a430d58766fb12e2,1764511769,1764511773,1177,34508,,
0x07ba80a594257606a5097902b79b52a7d140fca98c9fa48121e3928bf56cab53,1764511769,1764511773,1177,34508,,
0xc03a38959f65f8e359decb1997a152eb7e1f460d5f08ca604907a4645ae40d1d,1764511769,1764511773,1177,34508,,
0x49f01e87bb0887a7f2c2b5bba9d8cc247a2e33140b44b8b7b9ae7c99bf544dba,1764511769,1764511773,1177,34508,,
0xd762d7b7d48fdb460524e489f73a76227916fc9d4bd4485b84d64a82c51f8aa3,1764511769,1764511773,1177,34508,,
0xf87bba63d970739a7014ec6b6341a919656deabc98355c58625107aedacd6ac2,1764511769,1764511773,1177,34508,,
0xa143440d14388b6fba8c920e1a68ef9daacb1ea2539c3276283297b9f0672d07,1764511769,1764511773,1177,34508,,
0xe0c2e615b433d07929bc8357aa8e9cd02add221b747cfa550de66e4423b574ab,1764511769,1764511773,1177,34496,,
0x98210502d7d4dbd985ac59921be989477a026ff1e8af41cb191d63ab0ed7f53e,1764511769,1764511773,1177,34508,,
0x3107b8701759e01806608f2aafce891cf288cb58283a459f99362ffa8bb2d2ba,1764511769,1764511773,1177,34508,,
0x5fe21d5a987c813ff4835f1ef48e4cb97eedfd1d08c318d911970a178132593b,1764511769,1764511773,1177,34508,,
0x79dd4d8050cbbd68dcd0aed317d2144a820423a5611a97b0411e34e6732e039e,1764511769,1764511773,1177,34508,,
0xda7c59e0c1bec32064ad4a2f6bb0eead68d18ba51e65e566f1dcfcbd91c04946,1764511769,1764511773,1177,34508,,
0x63a7bd0fd6d9bc8acf3b01c884cd4eb1bbfb9c4ac8a72abcd00b858d5e7add3b,1764511769,1764511773,1177,34508,,
0xfdba6723b69388cfac0a20ad11ae78a725554e8eda61ffeb6bff69f1e0e2d4a8,1764511769,1764511773,1177,34508,,
0xbe74d693ed8603dbba20c8de915de5b04b2fafe0ce7033249be4c53a8db21623,1764511769,1764511773,1177,34508,,
0xaa2b40f2114b3fd48fe5b37301a3abd467cbd452d5e819b57c6a0b1cfde402a8,1764511770,1764511773,1177,34508,,
0xcddff2f944b08341d8a54f222d87cb457e3fbe68de67c3588fff2cab8341e518,1764511770,1764511773,1177,34508,,
0x78d659715dd32c67539a1feb26f3bc9ebe8808afab9d38993fcba1693e811a1d,1764511770,1764511773,1177,34508,,
0xee4b82c6bed431161d35bc10ce7896cee90071ab7443f02e287d796c6126cba0,1764511771,1764511773,1177,34508,,
0x8ba2d9b545949f77c5bbe95b3b0b7e33d27e64deafd376f442b8c25658807d23,1764511771,1764511775,1178,34508,,
0x145cb01e3379677dfc9e3484e61430991c0815438a276c7d38ddf78db36a0d44,1764511771,1764511775,1178,34508,,
0x26f4149457454c6a4a766f751b7cf4385e79529dd81b3bd76941293beaa2d995,1764511771,1764511775,1178,34508,,
0x89ae9f8960e6576bf7225672551657b7e0d649673e876ab318b11fefa4154526,1764511771,1764511775,1178,34508,,
0x2b2727b5db433f670c819d3d762f2ab5168efb7ba482bb9ac94f939357c4fbb5,1764511771,1764511775,1178,34508,,
0x07c73a1a11bca74e57bec88536c891726ba4d4115b11088a0bbbf5c9324c63a3,1764511771,1764511775,1178,34508,,
0x291621ff84f4b07b93707fa78e802f14980d278aa153cb8ab96024fadcf88ec6,1764511771,1764511775,1178,34508,,
0x15e563b63afceb22e929457719f5f13b320566bf9f582ac9e3ef4b81e7c2db72,1764511771,1764511775,1178,34508,,
0x18f82b708bbca802bbee69a196c07abd7e105e9c6961a40be27c295e8dd9acb0,1764511771,1764511775,1178,34508,,
0xfae65bf04546f4c418c5adfe7f6e26a903215b3b4132fc5e59f8435f7c815d00,1764511771,1764511775,1178,34508,,
0x7398431913951413a1415664544ed75e66fa343ac06e02497dcc53c4899a915b,1764511771,1764511775,1178,34508,,
0xf70ca4647ca4dbee2fdc537d18cc9bed8b8eb382d060d59bb744bc8fc8627fd0,1764511771,1764511775,1178,34508,,
0x1591df212687b69e7877def670b16227e561418e9de20e82686dbd4cf809c799,1764511771,1764511775,1178,34496,,
0x2c03d664a535ab89ffec9b789f1176fdc454a8b35cd99dd9cb67812e394ceb00,1764511771,1764511775,1178,34508,,
0x5f662f13548eb6c7a15bdc5d6879b95cef40f982e7f8124ae65ca06d73823c8c,1764511771,1764511775,1178,34508,,
0x69e4ebc7baffb8527eedc9db9dbd5c9b019884cca43ead91fdca3e0857180adf,1764511771,1764511775,1178,34484,,
0x7fa5e20b3eae2c04338242b73b46b8a4f0fd457ea1cc7142c43230609ed96bfe,1764511771,1764511775,1178,34508,,
0x684343bac92468b809379903366c55a03d74147d4c4dbf7243370acb3ee3fc17,1764511771,1764511775,1178,34508,,
0xc68e3829c2cbfef6dae16c1c1fa3a9b551eff1845487aef02f976419a6cf6e34,1764511771,1764511775,1178,34508,,
0x5a774f33ca7b1c314a4102aa172301ab4a349e724c36d119c36d1366d8d901f1,1764511771,1764511775,1178,34508,,
0xb592f78aefdde260d208d5de86602f862200dee663e60aee39cbd89b4d2c154a,1764511771,1764511775,1178,34508,,
0x1eef50b36a0903c867784924415cea2e20b139fe233382c72781d2025d93945c,1764511771,1764511775,1178,34508,,
0x3c5f1d82b967a639f7b782782bb55e60049be9b24b97de85c274d2c125aeaa64,1764511771,1764511775,1178,34508,,
0xc4398730b7544129bc969de19b35e09900f69bc7c5ff13735ca03c1a4065c757,1764511771,1764511775,1178,34508,,
0x15a3e9fd2e3ca2e4f7757f74c8e7cf87b3fd58267f11adfe4749e9c26e321181,1764511771,1764511775,1178,34508,,
0x8fbadacdcf7ab1427d61c06a87b4f7647a60980c1c249576616193ad2ea96e04,1764511771,1764511775,1178,34508,,
0x17f901e828b37012dcf910cc63e6a8b057be14bb5487facbfd335cc7afe33926,1764511772,1764511775,1178,34508,,
0x880db24c763fdc97c03d1ebd73db382592c8cf6051d93d33b92f127901c1106e,1764511772,1764511775,1178,34508,,
0x780ec2f466e3af723a8223a4f4f708c38df81e65b4d6d361db3d4ba3313d26c5,1764511772,1764511775,1178,34508,,
0x6ecbe7119b0adba6c6749fcc563893ff10435e9f98943377cb17ce9bda894f3f,1764511773,1764511775,1178,34508,,
0xaf3479466666bcbc81c8359fb7f6ac96289e7ffd3563384f22dd04ad80edce1c,1764511773,1764511777,1179,34496,,
0x9b3b7444087c5445fe62a1e9b48f14d391f6a901c75c576f6b9d95a8200a106c,1764511773,1764511777,1179,34508,,
0x26bf97ee694fa8d8f53f1aaed0ce680a34725b005cebc4fc08389bf33198a319,1764511773,1764511777,1179,34508,,
0xe367256edb6818818f753f91ce2fd4577b450fb7cd5c6bf8265c8cc3ecc6f5ee,1764511773,1764511777,1179,34508,,
0x841df5a822619366063fd56ce61a71787fa986a1aa84fb8844ab0570f91d129b,1764511773,1764511777,1179,34496,,
0xf65f39b58c61aa9ff942eba379d1ca7a9ba1b0d694dd31304370c3b8eb71f251,1764511773,1764511777,1179,34496,,
0xb15f255439ebd08bb5bd161db4167b806a94550db8d21dcdbf0e3352a3c9ac16,1764511773,1764511777,1179,34508,,
0x6ab38a510bb60c55d7f5332c269136c06f0a49e8a83c973e6e6d1ae8cd0c89bd,1764511773,1764511777,1179,34508,,
0xc0324baa4d3378cb12ae4b93b97ae2b588415fa21feb55d638354f858238029b,1764511773,1764511777,1179,34508,,
0x8d0ccd906c7f11004cbf3b09adb252a189365cdb5093e9c341f1de6a893aec27,1764511773,1764511777,1179,34508,,
0x23d73e6ec7e394d3ce21bd95a555020ced2d4ce05d10d556c5d2308183c87bd7,1764511773,1764511777,1179,34508,,
0x37e541c4a724a7ebaf498d75bf8e21252bb8216affa9d5fc408c70cd5104535d,1764511773,1764511777,1179,34508,,
0x766b9c4296ac231d99ca6943576d0c47a1aa0c7d8e1e267061600f0e7c6aed0e,1764511773,1764511777,1179,34508,,
0x03f1b567704fd82a61100da285d852973f1e91e06fefcc2aa3138e20c7adb5df,1764511773,1764511777,1179,34508,,
0x90421fafca14c4ce208dcd73b2dde8004d90f5dd26d8ca7dbb4dfa6352430f41,1764511773,1764511777,1179,34508,,
0xf7c57b722e9a40be68af21b625ce303988b0fa50aa0375d92303c5a885717482,1764511773,1764511777,1179,34508,,
0xa1e224ea41d21ff15a504d5c32748535606e4c05efc0523a3768973d5c06d084,1764511773,1764511777,1179,34508,,
0xc7cf1b16955e2334c14e0d6faa50f8ed6b6e51242dbd309780671b08d46037dc,1764511773,1764511777,1179,34508,,
0xe6d4d12a14ab5af130f037a83d4f4679d901e63c7da2f22f5831bbf27cf14785,1764511773,1764511777,1179,34508,,
0x271ace23d17d319d792438c3ff5397662e9c154aca2175490436117db05a9392,1764511773,1764511777,1179,34508,,
0xcc16bfa3b990a2a0cdfa220e4169162976d6361004f50984214d90b4547ab7a0,1764511773,1764511777,1179,34508,,
0xe4bd648268c1f7b4b773c409f322e6c178886ccd8c61d270cb3983f17e78e697,1764511773,1764511777,1179,34496,,
0x9457526e0a3ac7d759d023460688eece3be63f76e440e39dd541c68f7b72592e,1764511773,1764511777,1179,34508,,
0x3b5a80c7d0ec092e19479e6178c8ddb52a69ec6ebd531a521920ad88b9396194,1764511773,1764511777,1179,34508,,
0x5a41746c28563899791bea6696a97c539bc0db7f4be808565c675950f6c0d297,1764511773,1764511777,1179,34508,,
0xe641a60e3665383aee17bc0b33a4cd930c31a2cc5e94a27c1b54d76b34f77955,1764511773,1764511777,1179,34508,,
0xc767af236bc40bc08774d26648967e2b346fbb597f443e780831a7dcfa88a7ad,1764511774,1764511777,1179,34508,,
0x735023ffe16e13c0e67a725990f67d47f0e35a4fa57e77117e7b0410e490378c,1764511774,1764511777,1179,34508,,
0x4848075a3be065470d15cc28535ca465b964ff3e5e27efeca32ed5e4e950a123,1764511774,1764511777,1179,34508,,
0xa664731fbc522ff4db9ffb305c6db576846fa2683245433e5958d9332a1d4c19,1764511775,1764511779,1180,34508,,
0x1fb8a533766f9cf2b317c3aa658c6d67561cc571ec6a982d77d513ba02f1a65c,1764511775,1764511779,1180,34508,,
0x7b5446ebb3a52da7091421dc75c94421bae53312121aa047fa286800618392b8,1764511775,1764511779,1180,34508,,
0x86bbd5f8abbb7febc425f650635971d3f685c9dabaa560eb4a0e1a8b123e2e14,1764511775,1764511779,1180,34508,,
0x00018d3b8af2b8207d2e1cc1daa0148c2331651858a6f39f83c20faad577cc55,1764511775,1764511779,1180,34508,,
0x529d51735bfa5fffe8d678f6a2c57cb224ceeea32f17a10e36b7fee2f371c36e,1764511775,1764511779,1180,34508,,
0x4570a5365828f6271c25833b4bf71fecb44882841f62a3de1154eb15125ca5ef,1764511775,1764511779,1180,34508,,
0x0cb37eaa7ec83de2acd37699f434e7bd6601ec0077f293b18273874669e59c8c,1764511775,1764511779,1180,34496,,
0xdbd066dddafb06b408a68bd4865ba7a88f1d35bdd5af762c5f13c4f942c6e2d4,1764511775,1764511779,1180,34508,,
0x742ac649d0eadf4568092091dceffc70a6478255461208f6caf1a891ff25a2e5,1764511775,1764511779,1180,34508,,
0x1cf4ed5023b55ce08167495d211cfd7961b2b8c81da7a06590b5688aa896517e,1764511775,1764511779,1180,34508,,
0x7cc39d12564909df4790bf6fe7a2910ffbe47109af7c8df9183804934eaf6e0e,1764511775,1764511779,1180,34508,,
0xe20f05c82055aab98bd7cb78d8eced3ba61393d370be7be727b640627b6738b2,1764511775,1764511779,1180,34508,,
0x46b8079e6453b238868cc697e5267d5613aba47feac43ee7e2aa64428866489a,1764511775,1764511779,1180,34508,,
0x2508c010cc31076f9b48d32813cfe88685d49f4598263f8e42e7e7f161bd0d3f,1764511775,1764511779,1180,34508,,
0x50180c1c989780c5255d50e6f65924d9ffea515f08f3e0c3ffed533a84851003,1764511775,1764511779,1180,34508,,
0x50e26ce382ed543118430b1092ec4f085c0332785eca7b8b475c00aa1b45d695,1764511775,1764511779,1180,34508,,
0x9020c41c7336debc8ed0349dafb478972570c9fc78867c71df2c7d9aea7d6dea,1764511775,1764511779,1180,34508,,
0xe8dd9d93ca0f3f5c8c8b86be30fd3805223ea2c02f6fd8ca8d5d28860dce18af,1764511775,1764511779,1180,34508,,
0x465058f8eb198c6acb2e3554dbe62d88a071df7e687dd67c62665241ceb44a5f,1764511775,1764511779,1180,34496,,
0xd92a94b0eadf2ca8535f087a7a08530ad3391c986dba75efc5ee607dfc787cbd,1764511775,1764511779,1180,34508,,
0x1b45da55715b5330c6d597b7a9bf0e9c65c9269ad8b14f3e6acb8aec141a913b,1764511775,1764511779,1180,34508,,
0xd7514056fc8967291bed959435516b670874d7a8e3600173b9863d837734ee1c,1764511775,1764511779,1180,34484,,
0x315aed7044dc72dfd47f580df4df4ec68dde92b28c4c23bafb8b3f852548a418,1764511775,1764511779,1180,34496,,
0xba136e2457533d7853911c6d7258f1aaecfbb8db1dbdcac08df732f47b78db8b,1764511775,1764511779,1180,34508,,
0x568913106a1fe62b4be40b73792b834354e95b21fedadd969253a0c87273641e,1764511775,1764511779,1180,34508,,
0x6b5143918737839187f21aeb585fe3cf8a7a9e31c4810e31f2abc370548dcfbe,1764511775,1764511779,1180,34508,,
0xf8b887d1205b9fd5a6b29e194fb590eed0e4daedc11819335db22fa973550fdb,1764511776,1764511779,1180,34508,,
0xf6dbab09bad5c231441c8a590e785d36532189dd96ea4f5ee91145c049d4ee60,1764511776,1764511779,1180,34508,,
0x15dc8569c3925eec5c3ee614d07fd7867e210ff34bddff5eb3554eec4f55231a,1764511777,1764511779,1180,34508,,
0xe251a3d86b8b7ab0ade66ae4b8fcaae75d37884c4ca63f3bd04769c0f07e10c9,1764511777,1764511781,1181,34508,,
0x0ced1a540f0929854870be1d217fab7f8ddcdcefba9245e9fdc5bbb6faee21c5,1764511777,1764511781,1181,34508,,
0x7296281deb7bcf45850e716862978ec067e494b6f9d0d58ae6bde9d9282874af,1764511777,1764511781,1181,34508,,
0xe1f0bb53903d88946f45bd7bd536262673136c7dba4ca24d415375318390b12f,1764511777,1764511781,1181,34508,,
0x236188d9400ec988ff9363b4e987bfc5aae85d15c777e27e30fe63a4107c926d,1764511777,1764511781,1181,34508,,
0xabe640e8d6917d2bcfa7ef85839703989e58676617f3e574a7850ae914e88b60,1764511777,1764511781,1181,34508,,
0x39c01f3ffef1c473b03a679c6245efaf749775e1cfc436acb8f49e75a9ab28e3,1764511777,1764511781,1181,34508,,
0x7d8b0b17594ac7e2ab3ba7b9b1665272312d5abbbaa1c928cb5bf56d04eb6c47,1764511777,1764511781,1181,34508,,
0x75ce217858fce13d77cd582f24c88f24f3ea8b173cacfff86c3ad7f232b7460b,1764511777,1764511781,1181,34508,,
0x84ad6f34f2e05e297e0afa8dcad744f20e974cebb8a6ae0839ab2ae312d647ad,1764511777,1764511781,1181,34508,,
0x53594a4acde40ab1256f556d58eceafe36ec4774539b8db64212fe20dc2640d4,1764511777,1764511781,1181,34508,,
0x9483fbab71d9b896377c626eb1fb25ab290aba1e8851f373cfcede4d6ab358f7,1764511777,1764511781,1181,34508,,
0x8bc3db04f37f6dcd6f029d289910ecfa5ad7ca6a7a4c740485f20b143e0bd237,1764511777,1764511781,1181,34508,,
0xebfb2b5f4f07d740be6582dd075c2a1546e38398d197f6064e33c7cf7bd83a9d,1764511777,1764511781,1181,34508,,
0x245320fb92941a390e047c3442040a42a092624b9fcb8828441e06ccc2977b47,1764511777,1764511781,1181,34508,,
0x38599b8d5e152668fe368fb72b8b0b4a3df1dde45e3e208c6c7b34b951df5e13,1764511777,1764511781,1181,34508,,
0xfdfe093e38d4f8ae0308603f842efc6a2cbc680f1457b61826943a6b5543521c,1764511777,1764511781,1181,34508,,
0xdf9f5edafe121c44deb7216597d2d1de7cf417911fb7c17cb2d4cfb15f3ef618,1764511777,1764511781,1181,34508,,
0x4aff9326b513c1634da38632d6661846617f6a7076bef6efef5414db63bf32d3,1764511777,1764511781,1181,34508,,
0x2cff59d3419f412f28cb76ae34cee9f6d247345427efaeeb2db25b3f57c009cc,1764511777,1764511781,1181,34508,,
0xc1547ab469c60543e24e455c4b47046eb769875ef8b0b954ee7c6ca9d672db2d,1764511777,1764511781,1181,34508,,
0xc1b6be8a798704142192e67ac3fb13dc0dedaeb787af36cdc18e0e3eb72d38ab,1764511777,1764511781,1181,34508,,
0x8d9c45194120dbf7edcf914091b69e276459f5ba978c76a017a72509d7c994da,1764511777,1764511781,1181,34508,,
0x2d02e290705b67b808f083f305cd24acf35c4d47b036351dc6425196b640c309,1764511777,1764511781,1181,34508,,
0xce29e143958e7c50ed94c50ef9ab6bbb7ad2ae131092581be98b39812099c2bd,1764511777,1764511781,1181,34508,,
0xcad59be4048dda764e8b678b9b99540004280c12fe2734b42b27035263ebe4ec,1764511777,1764511781,1181,34496,,
0xb4368fd6a900567854663882acfed2b59097dfdbd97bf209eacc5c02ab3394c0,1764511777,1764511781,1181,34508,,
0x97ee75f426b17060809fc9a6a51ecd62494c6b38c8c5df9d3826b4b401780fd2,1764511778,1764511781,1181,34508,,
0xf8c8d15e39922ff6de9a337d6df62a6ce9b59bfde3224dcfbc1f7a997e76b0f3,1764511778,1764511781,1181,34508,,
0x4a5c7ff1bca2c211092e3e511835f2fd830a727938adc4cf1cea77750cd27df4,1764511779,1764511783,1182,34508,,
0xbe4e408648a0d278ccfb8b3936e1260fa34405d1f0a20ff82814a001fe4c3a12,1764511779,1764511783,1182,34508,,
0x2d6254dc0232a143d92d81a804fc4381f5beaeabb86a08ac78a9e871024ffffc,1764511779,1764511783,1182,34508,,
0xe9d549a7189a87ca9f989be15638c2cbe34e1b4b049b25483b206885e1b4e710,1764511779,1764511783,1182,34508,,
0xa37ee7da36bbd397a4ee793b89a854e8daaba06fd46ebf6b367d09f241229bfb,1764511779,1764511783,1182,34496,,
0x371b0951c468b92a226751534545defd2ab625b9a05736e150a7bf0b099085e1,1764511779,1764511783,1182,34508,,
0xb94f74d38d15943a2e30d1da3466e79422a9bc9c49f3ae5149f9b75ef92f19d1,1764511779,1764511783,1182,34508,,
0x1c5f57a0a5ac68f8b39bde59645ccdcb28524f6da61e766d5bf6e122a8071899,1764511779,1764511783,1182,34508,,
0x73b0058cc0ae72f666c05cbbeca8e348c9a75a394fdbf0e52ebdab2b71024c70,1764511779,1764511783,1182,34508,,
0x17cbf130e60ccf7311859f60235b4bc2cb218607cb159da0f5c5d4cb8ead20c8,1764511779,1764511783,1182,34508,,
0x58b15a1815b5dd04b010f59e3c5d4e9a4f88f26f2e77f544cf6fe3ca6c6787f1,1764511779,1764511783,1182,34508,,
0xa23ff5e58fcdb6cd58170277dfebdb77bf79a103378b34a429e686207160e5d9,1764511779,1764511783,1182,34508,,
0x454f660e18b4ac1922a52c9bbe205687da9aa7285596734fc3314a3f2dcea0aa,1764511779,1764511783,1182,34508,,
0x0d782a05573837f25a2357ac09da381afacdb448db5b55cd2a539b635ff769ff,1764511779,1764511783,1182,34508,,
0xd013a922a9321c0582fb919dc309c6cdbc0a7d0ac46b5f200437c55f6184929c,1764511779,1764511783,1182,34508,,
0x19adbdbf3ed6c23e9e05cbb6c76bc7c6f7113bf9df170c70d1b742a5045ea415,1764511779,1764511783,1182,34508,,
0xd01e79cc6b77c6cfa660a931334b10df6d46d9c6ec06ccc594e9be85ec617e78,1764511779,1764511783,1182,34508,,
0xa3e41c0009552c13d4e2b48339d17cd0f0cb2cb5a297b4a297b4bc60d06c097a,1764511779,1764511783,1182,34508,,
0x4a4e89ab24fbd4343dacfaa245339dc410b135e8e90ab7169db77f37a08afb8a,1764511779,1764511783,1182,34508,,
0xd0031582e6811a03f0b47d72b6a4b3adce734e119c9c1e9ed06bc89c67ca2429,1764511779,1764511783,1182,34508,,
0xf4ca934ae65186084f72fdf8946897790ebf7c8096635b60531717a2550edea2,1764511779,1764511783,1182,34508,,
0x7fbbb916e98dc0aaad05145fcb5f5cd826bb3e2306b9c86c44e32adb1915c0d5,1764511779,1764511783,1182,34508,,
0xb42f33d53c2d6d118b187181a3528bce281e56b51222f0b49e82ce6a450d10fe,1764511779,1764511783,1182,34508,,
0xb71349d40ecf792f1a9bef4aa92308b0dbc4df7a2aba9c47931c201d0cd9b2c1,1764511779,1764511783,1182,34508,,
0x35f3a82b2b85e38b5cfdca781d47d554e937b320b20ce23eefe767d7a26e9103,1764511779,1764511783,1182,34508,,
0xc5377e2b29e8aee238861605c31930d4354e8a7bd9016082bd42aa38990e1f47,1764511779,1764511783,1182,34508,,
0xd6c3be5ba8f3a9a999c56cbea1de20fb01ae3a63b8e4c228e1f0d16dd72e85ec,1764511779,1764511783,1182,34508,,
0x1e20f9b77d3f1863a1b082d8c75a25166fee7e6a09a0494c2485e8b9cb93f530,1764511779,1764511783,1182,34508,,
0x40db4f5bc6731cd79afca8433dc62f68d662c584c5d9ec0cd7c31c2732c9fdb9,1764511780,1764511783,1182,34508,,
0xe9660143cddf616ceceae58ba34e0c540acba297e0827cf1e0beb8ac82a95bc5,1764511781,1764511783,1182,34508,,
0x1b8851eff49d27016276a7794630f0e9094c879bc0606456af08fb025f0aa34d,1764511781,1764511785,1183,34508,,
0xe6d48582e4bf97d147a2191ab5f1d23b70fad709c6e26ed008d7f2e2e64d5d18,1764511781,1764511785,1183,34508,,
0x9f20a36424d8d83791eb5bdacda559cbc6ba2b31a310324f0d16c0e6809c448a,1764511781,1764511785,1183,34508,,
0x2b93ac6fd77565d53382daa13ca8b28721a477cc7a689894120ea0da31bb8468,1764511781,1764511785,1183,34508,,
0xa02cd488db1cdf305ed837f7c0f8d24ebc6d7fac2f46341845ae85810abe6d76,1764511781,1764511785,1183,34508,,
0xde343373ffef470cfb9588b3776fe054567d04f650a7960c7628f09bfd69e1a8,1764511781,1764511785,1183,34508,,
0xb2440ccf573eab748739d61b955060720c582ff1bf781601d5be83f4613a62c5,1764511781,1764511785,1183,34484,,
0x10bd8d8f07bdc4be3ff6df87e208633e43783ade7d05873895049063777fd094,1764511781,1764511785,1183,34508,,
0xd7bdb37e17fdf83cf68f645e71fbec51daac9a84f21168237d4938253be83c62,1764511781,1764511785,1183,34508,,
0x11e649e4cdd06245e8c212659c2ad49e885bf2d8ced3b8c90178f05c702c2a0f,1764511781,1764511785,1183,34508,,
0xaf738c441ab4f2378e4a17b6e93b3f76f62b57adcdfcd1a04341e7e7baa77e5a,1764511781,1764511785,1183,34508,,
0x8c32a8b56008d33902d14da4502aae33eea0b01fcd9a49c18c70de5694b5de9b,1764511781,1764511785,1183,34508,,
0x947e56460c7042dfe8798e966c35765e41ed9bead8b4136950dd0595a28b6aeb,1764511781,1764511785,1183,34508,,
0x3ca84f2b647d36b301971beac850dbc25cb3f64da90001c9205a014c7ba45219,1764511781,1764511785,1183,34508,,
0xdba71d270757943c32f2463213c488e7db4dec3e31e7194d61bc49e06c749d5a,1764511781,1764511785,1183,34508,,
0xc84aea4eb1992a2890fbf837ad52a6f3eb57debae741692ae361d66b028931e5,1764511781,1764511785,1183,34508,,
0x3b9ac60fdc5a0e35445e75a22d2214d13405f6c17a858f08c67828a0fd54d679,1764511781,1764511785,1183,34508,,
0xdd1f9bdc47241e95b95be83d07d230100f68e04bc8d86b049c392794c36ddcd4,1764511781,1764511785,1183,34508,,
0x48bb1da633c38317a2fcd6f1af55122427fbc7661f20c345586d575cee48582e,1764511781,1764511785,1183,34496,,
0x298064b3041ea1c74615f57ae12fb6d2e6bff5caa5d5956b7e2dc1c2aac4d176,1764511781,1764511785,1183,34508,,
0x340453fbc5c499af24a647929168630ce0cf48f714916f3133f21a9e5fed988f,1764511781,1764511785,1183,34508,,
0xd5c2a996535397f8bf35e2e44f013688cf4cf480d247292a83aab30fb4fe515e,1764511781,1764511785,1183,34496,,
0x7df7d92fab5df2eb245d64212d51c193f7388729d2c672694d61e31eda8a9f6f,1764511781,1764511785,1183,34508,,
0x610a69eafaf22b29289e47ea143169b9a32fd1bcc16828904cf1a97f72f09b4b,1764511781,1764511785,1183,34508,,
0x74a67568899f294d0aa50699ba96120ae0b3691268c5a6daea05e7fb65948741,1764511781,1764511785,1183,34508,,
0xf31baa8e25de479e9fd459a3a8d9b9baf892d266909c4e2942a531ffc9d34c41,1764511781,1764511785,1183,34508,,
0x1528538e3403b6c3060ba8d30a6196335d7d5ce4936e0aba29590989ebe11aa3,1764511781,1764511785,1183,34508,,
0x4b7ff07510f0589065c66bad689a935a857964e9dc361ca53be976526eb054fc,1764511781,1764511785,1183,34508,,
0xfd5cbc7584ebd95b2bb9869ed8ea2e1dd64a70c4815df2369c391f53dd50339c,1764511782,1764511785,1183,34508,,
0xe3b46c61d5c39d8294abf77a474efa8ece57d25853e2b20141140f2aa6c6e79a,1764511783,1764511787,1184,34508,,
0xd64bd4c52ea5f2e9967dfa67f1c37bdea4010c2dfc4cbf528af1a1b1bc8fab1f,1764511783,1764511787,1184,34508,,
0xe739024f9c858dabcf70a4e19101bf2808dd58b4f37a416cd1b38d58d3fb4133,1764511783,1764511787,1184,34508,,
0x09ef0109c6f33b7fdf0b1dcfd0a33eafb04ac321c919581604bd1416756c9dfd,1764511783,1764511787,1184,34508,,
0x95caea33ebc2dd664d2f09ce8347267aa21ef8bc9356391f5057116fd7f745a2,1764511783,1764511787,1184,34508,,
0xe1ba68cc85ee277933eddb6661e086e1215776ed778f15671aef55bd1101ae41,1764511783,1764511787,1184,34496,,
0x1961e2660023e4f497629852858648198bed8afc26d680329096fc66d0469f76,1764511783,1764511787,1184,34508,,
0x2713b2ce692e6a093baeb69244d067819d5a8d64f1be1eebd06bf1f1b7eae9c8,1764511783,1764511787,1184,34508,,
0xc2a68228119bbd7f95643ec5d281982a5cbc24b9aafaea1faa824c68ce546c37,1764511783,1764511787,1184,34508,,
0x1148ff6402a38271db4ab5133cbd860c187777edb1509f4aaa0549730bc83b27,1764511783,1764511787,1184,34508,,
0xb2a4fa6c7197bfdf4459b43da3117cd165a4a62d3f1e4847ad4343a7aad1143e,1764511783,1764511787,1184,34508,,
0x6801ad90099d3b3010840223c227c6c4d508b0174fc1bf75748b60cda60b5a32,1764511783,1764511787,1184,34496,,
0xaaa59968be835d455feab311358b3b317a9f6604c78c02e161a167094b362205,1764511783,1764511787,1184,34508,,
0xc2c1cc0a2cc82a1649dfd8190bab19f7d4e9904ab36700c8af730cc9a09d22e4,1764511783,1764511787,1184,34496,,
0x3a298c2763413e06deecea7f536a92c9dc2a72f3487ccf51dfa61cb864d642bd,1764511783,1764511787,1184,34508,,
0x4107841dd932b8e010b3f8ce606e4e5e15d1d3abd2fb07b467557e4c84639ed2,1764511783,1764511787,1184,34508,,
0x1456042b304ca1a8a651b0b7dbc8f9380464613562b7f3e342705eabb33b6d9e,1764511783,1764511787,1184,34508,,
0x9c13e5f995d321c0c86a4add0ab4a375e1830f198423dc364285ebabc7b7b25c,1764511783,1764511787,1184,34508,,
0x5577952d7c44d89ec584ef52c74110f039ba1810b49b6a639b74a8cc68c685fc,1764511783,1764511787,1184,34508,,
0x60199a2487eb7392c7d8ef565c14d3dea1c15e9b2762ee042b77c0bde6fc15f8,1764511783,1764511787,1184,34508,,
0x2268d0f43750d09d81d3aca15e4c1c20374309711ea44e748f602f62612e97f2,1764511783,1764511787,1184,34508,,
0xa1f70a3485e155ab58ea1840ddaed98cffcd6c539a67dcc4ca0bc236eb325725,1764511783,1764511787,1184,34496,,
0x3a07317c1c92574ed520d41b5383c928fa919153d6fc4d14040f5165ceac2d9c,1764511783,1764511787,1184,34508,,
0xa562fb71a60c27cf037f8c3a228c7174d02c013d128dee8dc9a5fd61acb6cc64,1764511783,1764511787,1184,34508,,
0x924d09e3c365dbeb00a8f4fdde4c2ba889d1696f20399c1c6a1218da05df9619,1764511783,1764511787,1184,34508,,
0x920acecb36b980589b0641c4e1be68c177e0fcf407b4c8f2f503f682f61948ee,1764511783,1764511787,1184,34508,,
0x7d2b1f466fc19b7d3460a14eaad400c2c31df72d295ab879f4c429326b6053fe,1764511783,1764511787,1184,34508,,
0xb3760c6412851d93b0a78baf587876b325ba44793709919b64f236dc697c65c4,1764511783,1764511787,1184,34508,,
0xae6354baf0d9f6eb7374d277fb4ac214f575b10011d1298ff9892dfd4556b461,1764511783,1764511787,1184,34508,,
0x8c49b56d727812b1f00d3b3a6d460a72975097e0fe4d70758ce255eb4d577758,1764511784,1764511787,1184,34508,,
0x489f4da84496f7e6208160aed34456f3c4608d3e103157a24cdeea620aa28af5,1764511785,1764511789,1185,34508,,
0x35c9974423ff0bf4a096981e01fa6339de1c3e12e9a4aa2553f598c16be407d1,1764511785,1764511789,1185,34508,,
0xf96aabbc16f4d0a51fe2a71dafe548c9ff324d04ffe37217813e0f70d49fc3ba,1764511785,1764511789,1185,34508,,
0x72b3f2e9a401f27e09d64cb43f68a9aa2b3b4e40cf7f8a22417f90f5c842d365,1764511785,1764511789,1185,34508,,
0x7d654d7e7dc5506d192e9c90f4a08b580d98ba0ac1182deefeb3e8a84f03ef59,1764511785,1764511789,1185,34508,,
0xf1fabb117cc811dc066739019b26abf0b1871c6522cac9efd9fb95c8e7e6b824,1764511785,1764511789,1185,34508,,
0xa6f1326a3be3525c81da06149eb2521f8fd2ce666116f743609ca181312c7035,1764511785,1764511789,1185,34508,,
0xb88c66ae419221900a1277d8141816250d0d8cb15c3feb5d374b194e368ba2b0,1764511785,1764511789,1185,34508,,
0xd7f94d664fc6b1e6718bbb5db3c7fe76ba3a5efd5856b610b5523d8d106fd2fb,1764511785,1764511789,1185,34508,,
0xaa079b0102f022ba7279a8d5dfad812e9f298ff915d1d52a5ff9fb910003344c,1764511785,1764511789,1185,34508,,
0x0f088f1f344e7d1cb69c426b1f58dccb350a87739e4c8e9a6ec8056896e22009,1764511785,1764511789,1185,34508,,
0xbaeebda018ff04f14865f37e263bddc010dc979c6696ac7b92b223cd4fd73604,1764511785,1764511789,1185,34508,,
0x5dfd603a8f45fc7cd040db3dd9ca69456a527cd363e541d934c789fd7247fa7f,1764511785,1764511789,1185,34508,,
0x95d14fb4f46c5b5669326f25fd3f41be855273dc114142586ad56bba63f1d26e,1764511785,1764511789,1185,34508,,
0x8f4679fe265101a9b5cbe693b7a21ac2256354b72be0a7ef46ccc3d90a9f89c1,1764511785,1764511789,1185,34508,,
0xd02ea0eb482b3efa9dafe62350a1929774ed52eef3e1573685822e773540c751,1764511785,1764511789,1185,34508,,
0x9ae7e93676686848d56c19baa1601a8f43c032b82a0a8fff991c97198b9622b8,1764511785,1764511789,1185,34508,,
0x6c7033865769a2adad6350b8cd76a475c7a8817a5f60c0913a5c219897293b81,1764511785,1764511789,1185,34508,,
0xc0562245a3ca0cf59430528cbab87bc412e8d8e8196e618c4f3069872d7cb2c6,1764511785,1764511789,1185,34508,,
0x3311cd1cba515301393d8a037edd9f710915ef29380c58558eb26513557f3a7c,1764511785,1764511789,1185,34508,,
0x73c558761b862bfd58667244e746631b06ff741a977130cdc2329beca375f372,1764511785,1764511789,1185,34508,,
0x7323d5c0470bae0500737af94e12d2532be2eaccd727e56cdae168cfd26f901d,1764511785,1764511789,1185,34508,,
0x1800b643c5687f0e5d011aed56392ebc9fdc525835205852c80f17a850e93a4c,1764511785,1764511789,1185,34496,,
0x5dcf39483ae279f232e18cb664c840fcfdf4d9bb6fd297e662b6ea4a88854e0a,1764511785,1764511789,1185,34508,,
0x0da4b4bcb71c0c34433d31b7471d28c6ce3ab87f7e072b5e9edd5cdce4ebaee3,1764511785,1764511789,1185,34508,,
0x694b2658f23aa2925435985506cd6a0cd0d187cd36380792249c149f3180a731,1764511785,1764511789,1185,34508,,
0x6ec201bfc15808800c8dbd778255b957a631c88d76ed7c7a4ac03946d1bcb706,1764511785,1764511789,1185,34508,,
0x495323b3317241a0ace398ec9fd7a7e6ecf76e35283993059b229e9a34eec4e8,1764511785,1764511789,1185,34508,,
0x96e76016b95cddd94b3589a82ec43a3e10919e166b3b05c998b0a6b66ffc0682,1764511785,1764511789,1185,34508,,
0x9cd599d17922d41156b28cca84644a23a3aefa011fa4d9487f8f3075465f2c61,1764511787,1764511789,1185,34508,,
0x715c70d3e1f609923778fb88d53d8c4c8f24222a21f3d28a4ee0e8422428de6b,1764511787,1764511791,1186,34508,,
0xf47a27030070f249bb94829b2a501f94c218ee38d8e346076b2a8d6815e34619,1764511787,1764511791,1186,34508,,
0x8d8b7b7863ada7800acb91f99493cfb79124f7fc1cd1eba7362ce7da9b3f9bd9,1764511787,1764511791,1186,34508,,
0x7e85cfe3d809d7fb367eda89e38b20956df46c6a72f04aebe0324c35ebcf5b1a,1764511787,1764511791,1186,34508,,
0x73f1b9df95de2a9e883716fc86390e4a56b6ea59cc9267e1d478c0ed036de977,1764511787,1764511791,1186,34508,,
0x958d372fdd0e81669fd3d47909f04863d7af43167c2ba261100c3d083ad5ced3,1764511787,1764511791,1186,34508,,
0x93eb1971c72e7c2c1fa5f5ded385fbdcd5eeaedf793bad4cedc37f471b14a67f,1764511787,1764511791,1186,34508,,
0x8232ac8d7301a505ef0e0303f0750b2c6f943e4102e882fa353fbdb96572a642,1764511787,1764511791,1186,34508,,
0x11919c1e22db438cdf86042da30cca460a542c0b5ca9017e61a54bce909558e4,1764511787,1764511791,1186,34508,,
0x73d5c7cd2a4b8c613ef2c8474298d519c14517b14bbaf6c7eaa8b4fdcda5ed62,1764511787,1764511791,1186,34508,,
0x895fe116a3fdab5596ef403458961ff1d0daf8e8e018f3f9c6d6d61540fc1abf,1764511787,1764511791,1186,34508,,
0x5d729bbe83f0dbc6b5e9f3e6763a4ab24124796b7ef51a6a352a5ccd67ad9c83,1764511787,1764511791,1186,34508,,
0xd8598e6673ebf8f554861f29203e67044f213c16c86d06d06eb09fed9d1dc389,1764511787,1764511791,1186,34508,,
0xa9fca201b3e88245af241ff0fcf12e27dd491b003d6191c82b7bf2e9898dfe29,1764511787,1764511791,1186,34508,,
0x4dd5e574d6de609f7bee349b53f085aec2549337aacf6882c5270a32597563ff,1764511787,1764511791,1186,34508,,
0x23534ffcee3612a364adffdc9c4644bf7e53e13a91a0de20a2315fbf2e5d0597,1764511787,1764511791,1186,34508,,
0x0652e1e6a4dfeb04246a4e3b0453e897d751bc55ba5db7d68bf28a221ccfb352,1764511787,1764511791,1186,34508,,
0x43d8d9afeceb31eac1dbeb7c6ab84c33d437cc078dac4ca52c08819a2fd68db8,1764511787,1764511791,1186,34508,,
0x85ee5c08a3e87e36f749424473b9cb593fcb22466bb8e6df42bf72a0d0ff342b,1764511787,1764511791,1186,34508,,
0x106e67ac0848688a1433f7d36e75174e19cc4701cce5b54eaa725bb23fe62cad,1764511787,1764511791,1186,34508,,
0x3ed4efdfd65e9403333c54d5b968ab655139d8e6f01cb2e276710fbce11bb1f9,1764511787,1764511791,1186,34508,,
0x7e298fbf0814fc5a0a87be165fe3ea6fa78fa27834fc2accf89d9e4a874e9019,1764511787,1764511791,1186,34508,,
0xb35ff12e6d515fb70eb5c255e1592e4d738aab87fae659bbe0a2e78c6cbc633f,1764511787,1764511791,1186,34508,,
0xb1edb7f4795117126332a94b40286f6c6920c89fcdf2b54314d8cf102320759c,1764511787,1764511791,1186,34508,,
0x8acff8095a0955dba30b5aff0fd7f86c2fbd337b7afec727da4b54cc528970e2,1764511787,1764511791,1186,34508,,
0x1a8550fde001aeddfb318482742efa313be1e439038031c7a8cdc2a6a00bbfa5,1764511787,1764511791,1186,34508,,
0x1da843a3444ba43440ed59a59fae671d5b964642b78cecf71f50cfc74fb13fa3,1764511787,1764511791,1186,34508,,
0xbd6ba9b7bb1cec10b416ed05455baa7de2a30888a522e55ab599d7d050a3ff33,1764511787,1764511791,1186,34508,,
0xdaac0e8b8055b9514a6bfa8e171261b5df1be47d7ddc95536e816f4faf9dc20f,1764511787,1764511791,1186,34508,,
0x91a822172a0765c072964de71c532e12c4d83d246be8ed5bdbb1e81863db7379,1764511789,1764511793,1187,34508,,
0xf720cb937301de9abe034b469b2d461f67d3ef501a79f1cb965086c23413ee02,1764511789,1764511793,1187,34508,,
0xf0d1e207fb64daa3de1256ecbd2f2e2ea68037135327f0d3ca5694a9ec8d7a80,1764511789,1764511793,1187,34508,,
0x87d598797f8d493614e165ac42447b8c7e62a46ff18a56e3feea9a5b93aa065b,1764511789,1764511793,1187,34508,,
0x87c8a4d70d918919d6e9e290cf03fb8242b6b3eab0bd1b6fce4228895c79915d,1764511789,1764511793,1187,34508,,
0x6d1e007ab342ad02e5d4b9195d815066e84e5b54543e6a17be1ac198e9774725,1764511789,1764511793,1187,34508,,
0xdeb56f370b0e20747d2c91e289b3c23d8b49fd5b360bb4696af8a54fbcd8d2e6,1764511789,1764511793,1187,34496,,
0x41d2eed26c4bda7424e228c421f46b5b3abb4091ffea8e70b9e7ca0e2e9f9c41,1764511789,1764511793,1187,34508,,
0x93f1bce452e524f23b221e1fbdd86a40065a10c42520a663b22667fd4694b0ef,1764511789,1764511793,1187,34508,,
0x76cd8ea103642cf3e0c93c6dc14c1b4a9652d0a52b7a10d572c852f9b464608e,1764511789,1764511793,1187,34508,,
0xbacf6776b5d7d61e79c858ec1daf9028d99a09a14284a47c4ba347923e1236c8,1764511789,1764511793,1187,34508,,
0x58c985e23c85f4948036e82d3d7e1aafa756435729d5a45256236431ab58e8ec,1764511789,1764511793,1187,34508,,
0x74124c1b398f1e6d32ac1f32eaf6f9c9ee058975385f0b89599116963048eb57,1764511789,1764511793,1187,34508,,
0xa465d10e3a89a689dafca2b54d3cb43ab9b8119dbfc8d1b2844181842336bdb2,1764511789,1764511793,1187,34508,,
0x39c23f3b8dc14a21be0b30be6f87b4708bdb4812c6187ef961f44bdf2dc04184,1764511789,1764511793,1187,34508,,
0x2842144e1788272f63fc4b1011ee48321ee93a756874d1837ad138446595ead9,1764511789,1764511793,1187,34508,,
0x8cfc1df5ede12d1876610a7606261b2920ce6c96de98b39b0d8ae693a1b04948,1764511789,1764511793,1187,34508,,
0x97a452aee13db47c0c48c3cbda59750a069c4251fd1e60f6aa1ad2aece3ce696,1764511789,1764511793,1187,34496,,
0xc86a5a78e2e61aefcabe669404f8799fec0ac0523e8e8546b3c8fd0dc534dfd2,1764511789,1764511793,1187,34496,,
0x6e4714d0872061055f1eab3c906943eda05106a62201b692a6c29387bdbdc379,1764511789,1764511793,1187,34508,,
0xbfe224511eadac5b9a9517072e0973521f6b3450eb426fec0b34e4257eb13676,1764511789,1764511793,1187,34508,,
0x6d777df5cb394b2aa78a5a22b4830c57e4659c97378a69021b7d09d3e2a2c03e,1764511789,1764511793,1187,34508,,
0x954f4f7b711bb80b7dc62e0c6e76030d87fca881571b015825502c20c7b19e8f,1764511789,1764511793,1187,34508,,
0x20c96545026f5ab28f5458ec725e6a3e477a7522eae389b3e802aafc44d469a6,1764511789,1764511793,1187,34508,,
0xa7be097db12e0531438ef4beb03abf35a4cc09d2f88173bf4a8ace3d31279961,1764511789,1764511793,1187,34508,,
0xf07ee6acf707453bd9d1617c41e8e1b2f3e4207848c3f33bd081b91e9ea50fe9,1764511789,1764511793,1187,34508,,
0xe783de1816bc77f14ba9d995e87ff675c406f136e2ce6180378dd90240507e87,1764511789,1764511793,1187,34508,,
0xedb85d14e2c1c7a4dedc6c072f62b210600f7bf2b84b7898cbc2d15b777c8b10,1764511789,1764511793,1187,34508,,
0x7ef4c4bb6c23a4238a2935cb17d86537b679a552127ea685580faec67f1df218,1764511789,1764511793,1187,34508,,
0x381bf2b9183e9d36a88b8413f204cf02ded7377118e90924430e0801857b6b29,1764511789,1764511793,1187,34508,,
0x120bee8d595589b8f4544f62abb0bce12c53980c2678ee8483ed10890fa80c1e,1764511791,1764511795,1188,34496,,
0x1fca4fa2bfa01b7f71e060a1f725d8c406a555c83b439d467198c65bccf8bced,1764511791,1764511795,1188,34508,,
0xce7a04c865f53594312b5f49c794a0f522f92f51857586bd90c3470df401cb5c,1764511791,1764511795,1188,34496,,
0x83c1f988e397fdfa9fb15401c754805614e18a18d2287ad70c4566b9bff1bf4a,1764511791,1764511795,1188,34508,,
0x9ca3d3466fe25fc2cb965924859095e78f31ab16d91829461fcad8b7b62ce521,1764511791,1764511795,1188,34508,,
0x4e2c30019813dc45f0dab737d4be104e608dea7c85f984ef85698616e23be34a,1764511791,1764511795,1188,34508,,
0x9da6fdaae4f57591b444f14652f3a82820c20e813b1e5a68c2baf2a2dd919340,1764511791,1764511795,1188,34508,,
0xf74912bad087b183f604ed676db4bb1322a29160976fe250c4d46e6af0628161,1764511791,1764511795,1188,34496,,
0xd1cf2ccb5ab5ddf2d3053257a047e8d8aec99119d11dc65a1e0d7ff1f68c0d86,1764511791,1764511795,1188,34508,,
0x1c7c5a36067eb8d26a3c0e057db55a4c10fc186d2c85484148947e70d3baea54,1764511791,1764511795,1188,34508,,
0xaf06a2ba43785e161c42f7d0f90424dc9d0976c7d9593db9c381457e79cf21ff,1764511791,1764511795,1188,34508,,
0x30352f99749d390c31cb5e0d826f36db37a3fa560806b30981fbe8146869f875,1764511791,1764511795,1188,34508,,
0x37060162d20a8142815d67d52ac285cf9eedda383786565a93270df1917311e6,1764511791,1764511795,1188,34508,,
0x1429b989d941cd251905164f2e3320ee832ea8670459dabe4138be1ea5bf4b66,1764511791,1764511795,1188,34508,,
0x5928b19160e662be916cfe90c03716fd0a77647c29156a46656ec5c653a5446a,1764511791,1764511795,1188,34508,,
0x68a68c786e4bb8df72642e836ac79315692daff8f68a69f84d101167b3faac5b,1764511791,1764511795,1188,34508,,
0x5391f753eb2357f2607a8c51b61b72f62a04b9ab9f0f753d08ffae76fe927936,1764511791,1764511795,1188,34508,,
0x128fee9b8c1e74330ef7246a9782c167c63ddb99f9283afcb2480e9376cbfff7,1764511791,1764511795,1188,34508,,
0x1e2b63fd4b6551e54ed2777a661c72e3d1fad45d8f38cd5f708b76883eee94c7,1764511791,1764511795,1188,34508,,
0xa05a1ab8bf3fd52ef9176045e1f038401ddf615782087fbcf6bc055b0139c166,1764511791,1764511795,1188,34508,,
0xc3df260f8c59fa81fbebaaed3fe57d6e9c1abf5d4909dd22151e86ba5aab6b45,1764511791,1764511795,1188,34508,,
0xded061a3840873e89f107be5693008c2520c1edab46c5611e0001aaa9b454e63,1764511791,1764511795,1188,34508,,
0x2660a3f5c243694a3ed9ffed9caa5d4968d728bdbca6cb0cb6908bbccdf39461,1764511791,1764511795,1188,34508,,
0xbeaa1f3650e3aeeb953039e3927757435eb5cb972f73daf157630b8b3f2b8d72,1764511791,1764511795,1188,34508,,
0xb6d532e70a7f5a392019d3ccdec770f1aded0f4c9cb5e4dc164128175c92d4e0,1764511791,1764511795,1188,34508,,
0xd1a82e928f1f67840574acefab6224a7cb056a33e0aacc55f6fc8f42f6f159e7,1764511791,1764511795,1188,34508,,
0x1ca60a518e11ef1b346b8e4a2379b87998d6ff50fa2f19f146f3a3e761556103,1764511791,1764511795,1188,34508,,
0x9a63cd7dbafffe1fb58237a2cb34b89555806f869495e5103ceda15f0ddb5fb7,1764511791,1764511795,1188,34508,,
0x4de680e0b06cd17cf98e35310a19d737e4bae9b2da3deab0497901ac75e201cd,1764511791,1764511795,1188,34508,,
0x3f9e55588fe91d57776c9912e924b3cbd4527dd1610b2c43ffd1a5e1e9be7e0c,1764511792,1764511795,1188,34508,,
0xc9d013e9d376e6e474428019b3e5f0575d13fad9088fe37839e5ea4e3c840c04,1764511793,1764511797,1189,34508,,
0x91fc8f94186199ba08181bf15326cf0d99d3f436108fec8ca6ab7731a9b3d72c,1764511793,1764511797,1189,34508,,
0x5a0fff3fcbfb3284652e55c744c866d9ba165a085c41d8554bab58fedf331c03,1764511793,1764511797,1189,34508,,
0x2448686b2effa828a19d62650f7d3d395a5d8de50101bad34b23d3f50e81a86c,1764511793,1764511797,1189,34508,,
0x162c6da9162c88208d6faea8c50b8e0efd238cfd10e61bedecfd51f2520175e4,1764511793,1764511797,1189,34508,,
0x7fc6f691e001295e73a4eae59d10e13ab83339d82fbac382a1312902111423fb,1764511793,1764511797,1189,34508,,
0x3befd882c491e09bc84210e9b271139ac87f59f3b2413de38bfda54623bef880,1764511793,1764511797,1189,34508,,
0x0cf67945ff4c8e48a492f94b4121e8e4af3b139a7fe6bb2926ed7e5f2191bcfe,1764511793,1764511797,1189,34508,,
0x99c04e7e68f7f49e494f2d9ac793d3bf705b063ce5a38f97c1803c6f679ebbe5,1764511793,1764511797,1189,34508,,
0x815b6ef81ba50586004c83a0a22c2f570598a61670b5d3f8a6d086b2dabb66f8,1764511793,1764511797,1189,34508,,
0x2364b71f08c044961d91cefac13afdc7a3ab7f2989c13b8d7f6fde00c941da7e,1764511793,1764511797,1189,34484,,
0x4ecaa1ac74dad8524523e834804ed5d58dc9728e2cc8fe7735e48395451fd139,1764511793,1764511797,1189,34508,,
0x7056732c4a5e1105e009d725b8f58497fab46f6d4ca2616d4b3c08ef84952534,1764511793,1764511797,1189,34508,,
0xb702455ff1e44383dbe679d790d6cb35ff30ff9b5b398c558b587187213a393a,1764511793,1764511797,1189,34508,,
0xec00def954d72f9a4f8aa441537b2f01a9f60a80a7ebb5b54656e77021d590fc,1764511793,1764511797,1189,34496,,
0xf523527f563bfed7742f59500d78169d43033acf04ddaa8c46524f519494300e,1764511793,1764511797,1189,34508,,
0xf99497586bfa3b00a7ffb22f3216bb14a816dba9bb1d761d33e5ae8792e6f931,1764511793,1764511797,1189,34508,,
0x3eff9b4f734af9f35ac92e0315f3bb4c33a604a16f6aec528218306e1ff5b230,1764511793,1764511797,1189,34508,,
0x06eacd56e4cfad363220613f2ea7d1fb6ba201c24a96e512b9122192c6d4740d,1764511793,1764511797,1189,34508,,
0x07726717bc43db583e944556c1d3be50e7e89a1a416a6aac919ccc3a028cde32,1764511793,1764511797,1189,34508,,
0xf42e88c361132522d5f2cb29eb7371e96830fc2bd6dcea875e61e682d177ca0b,1764511793,1764511797,1189,34508,,
0xd7b5c5c059fbd66a8472dad7155cb6c5453c8d8b785ff9f17461c0eb2263313d,1764511793,1764511797,1189,34508,,
0xefda06a137fc795eb398f7058b88086234ef86681438f070e8bae246a74cf78c,1764511793,1764511797,1189,34496,,
0xd964912cd502e581096ff3f73a2b922bf5a489ed463e6d81d2ff7b82337054e0,1764511793,1764511797,1189,34508,,
0xe0e15f7fc1b464fe323ffdbd4a70c2b16d0d2cf174812f11e8e28d52bc1841c8,1764511793,1764511797,1189,34508,,
0xab57ad861b84f9c94e0311d4512d2aece452762d8cfca33cec46bcec896b4f9b,1764511793,1764511797,1189,34508,,
0xe8495b66d3b4baebf104a5ba8e5c11f51672ec9eabaa06ab60d121863b8b4b86,1764511793,1764511797,1189,34508,,
0x91995a79f010acdeede49a2b9b2a2c6154a5646505ec14c750a30302e5167357,1764511793,1764511797,1189,34508,,
0xbf16085a182837e3597331b6cfd47831f7fc65acccc7f48ffaa39e90035e52be,1764511793,1764511797,1189,34508,,
0x6917e891689f79ee61ec1042ca1f554efb46df422428d48e5c93d3d42801479f,1764511794,1764511797,1189,34508,,
0xe650dd702e7557ee27a7eaa84bd5f32a4f1b2d4384267141529821f505042557,1764511795,1764511799,1190,34508,,
0x3c439a2c0d03aca64214b58c976248bc753719b25dfe8f66b7f0ab3110af3342,1764511795,1764511799,1190,34508,,
0x87f5df996a1c3c6284ceaebbf2680de68609fb1bf1e59f54e789b3b9e9920a67,1764511795,1764511799,1190,34508,,
0x6d6247049d3f3e139af13087d8c8a6cfc0559ac6e163b735fdf2a4cdda2f0462,1764511795,1764511799,1190,34508,,
0x6f107868b1668f2069129d4c6fe9597528729e3d3e982413c98b2c01835797fa,1764511795,1764511799,1190,34508,,
0x08c3bd1110ae9ca6ce3725eb191707822702822194b83c82145b05822aaec790,1764511795,1764511799,1190,34508,,
0x28d7dabe6920923dbb44c5c86f5621eb760efacf641817788363791aaff3c06a,1764511795,1764511799,1190,34508,,
0x457db3a65fc98fac74cf44c350f177576ade00614c0f38d0aae24488b155bf6d,1764511795,1764511799,1190,34508,,
0xfedebd660432efd4e12c1f56a761b5cdc364c2131df19eb349032e2f21629773,1764511795,1764511799,1190,34508,,
0x0df70be97aeb2cab24f48fe5bc98f71a3e6577f2567dbb4a8c5a216fb40ceb0a,1764511795,1764511799,1190,34508,,
0x2c0d2fd55c73a68ef63fa40f6fd2032cc5d3a32caeaa3c28b23f491023e4745f,1764511795,1764511799,1190,34508,,
0x7a44a201c1a9779b5d2a8fc228f69928e98db9b6d87671d12f9ab0ce823f4752,1764511795,1764511799,1190,34508,,
0x66543b5889bec5a961c47ef55ce4e8ad83945845784b622eb61776584fa403d3,1764511795,1764511799,1190,34508,,
0xacaf1b0d28ef5d50045516f1e8604c5892b4592796979ff945dc11aec2f330ce,1764511795,1764511799,1190,34508,,
0xb85e776cf0214fb0814dc9fbf13ee7b52b81e45a9d29549508bd564a8efe3095,1764511795,1764511799,1190,34508,,
0x58149cd51fda4c1aaf14f8e6fa05e2934a060c957c4e43fd7c3c10d0ef5f07af,1764511795,1764511799,1190,34508,,
0xccf3d86e17db98ff65bdb929f8eccabb6c20463f5bdfea015d5bb0ad206634d8,1764511795,1764511799,1190,34508,,
0x937a7bd32637343804f641e76fffe4fe13efdb6d107f6bda0ca3914d1da95cdb,1764511795,1764511799,1190,34508,,
0xa0b6a291ed4e04f6a62ff646442ea03f443f8181eb7b114b05dc68921214c5c9,1764511795,1764511799,1190,34508,,
0x87789de30e7ee368699a124d689e83c8a609baf14babe5f75febaca007bb73cd,1764511795,1764511799,1190,34508,,
0x63108b9968b886797f3b96411a2fb183e751d0e81e048040d5f8b1c91f278630,1764511795,1764511799,1190,34508,,
0x5aad47fd38c0ec635bea36bd17cf9167d97c45121b3b976169913a4d5f180ff9,1764511795,1764511799,1190,34508,,
0xb50ae724b7886b4e0fbce6cbcf763a22c4065a408485e34b9afbd2af971632cb,1764511795,1764511799,1190,34508,,
0x92c4cca96beb25c9ba09d2b05496e65c665de19f98ab0f7d51c94fb8902ed0b5,1764511795,1764511799,1190,34508,,
0xde0bd82445bd1648f3e7f2a84d7e6eab2cbcbe87a63d377fff1fc9eac3766e2f,1764511795,1764511799,1190,34508,,
0xcee6efde0769e41f70db4511506944fa8d4be8285bed6c6f723ba89988e8972f,1764511795,1764511799,1190,34508,,
0x3700b5365684c09dd2043b2f0708602144f9f7b702a39abb759425ae84aaf8a5,1764511795,1764511799,1190,34508,,
0xce3da37ebf6bfa112e9f45d014b7219e504ad128c5fa3dfad7143acaebdd6a6a,1764511795,1764511799,1190,34508,,
0xb37c2dd69f7647e55de0986ddc12590b22fcc7a1092f64fc7eb2b103fcc507f6,1764511795,1764511799,1190,34508,,
0x6291294c49f133b1ff848ed07a6a621cdfbf35a15f06d8c82502b8a21f9f0687,1764511796,1764511799,1190,34508,,
0xd69cbd55dd10347e7ef350ec1582b729dcf6f4c333e18814d3b856215d44fc9e,1764511797,1764511801,1191,34508,,
0x9dc6df164c7ff5ec6568895756de0b955a8b68c5664697cec4494b2882470fc5,1764511797,1764511801,1191,34508,,
0xae37a154055d14e19d5bba0903eb9be2282df7455653ebe2765e22c3f4254c17,1764511797,1764511801,1191,34508,,
0xa93dae7c42de90d9d019a3004cd19560d147984d8b998b43915f7d6f327ecf3c,1764511797,1764511801,1191,34508,,
0x63404cfdab1d9b40ed8c5eb27b340168f6cfd6d12c1953b53eeb4a844b316653,1764511797,1764511801,1191,34508,,
0x469c81f3d179b9ea84a9c5cee3100d1f759a3a24bf3dce33bd18408b2d90b156,1764511797,1764511801,1191,34508,,
0xafbfa7d8acb3264a3713ad3b72ef9c509026edaf211596a9aae4f5208d7da7a5,1764511797,1764511801,1191,34508,,
0x52a6315daedff11798095061a072269bbba7c444436dd9bf1e36b67d9910432a,1764511797,1764511801,1191,34508,,
0x326af6ee9744402ce8b7c2157551c5a3e28c94cdc7671804e2510968e74f8d7a,1764511797,1764511801,1191,34508,,
0xcec0d842a007302e24cdf97a6e0763c7cf6f72167d7b9b1ab79d5d4ecb7839e9,1764511797,1764511801,1191,34508,,
0xfa4887dad2a836db6ba9315dca61586e824c0140c4499d7a94a748a9f6cf23fa,1764511797,1764511801,1191,34496,,
0xfdfbab20bb400ca661d61b2a0cdefa54ffbc2682c9dfe69edfecfe845c37271f,1764511797,1764511801,1191,34508,,
0x30efb785d7d1cf19536b7761e01d232ce6cc807c3158cea1310f43526be1453d,1764511797,1764511801,1191,34508,,
0x27ec52bfb132c032da6ace7d6ae63f2c98dc6ee57f9146fcdd5673ae5372e95a,1764511797,1764511801,1191,34496,,
0x9f354ac0c0fe7615271b96f484c2426723b6b70780c0a111923e3ccbc8501861,1764511797,1764511801,1191,34508,,
0x4d12993fa72f354db3150e5a5cce71a433530c9030aba21be2d7d0691211c579,1764511797,1764511801,1191,34508,,
0x12088fb040e3b41291cd5f46c6d7b332a886febb91cf1ab13a3068b898494726,1764511797,1764511801,1191,34508,,
0x3e55013dda71347017c6bf5fdd69d4539f9370ff168790c6d31358c98602afaa,1764511797,1764511801,1191,34508,,
0xe3a591d917bd228366512f8312a5f18640b68a7becf77d08d9b3f09ecfe58ee9,1764511797,1764511801,1191,34508,,
0x8fd23dbee617808d31504f886baca7ea9a709db9253e155d67c295d3940cdf53,1764511797,1764511801,1191,34496,,
0x1a7d3fe4be354a36d67f308ba30aff791f8db14eb383fada160aa31e074832ad,1764511797,1764511801,1191,34508,,
0xa8ca004b082ad756f183025934b605d8dfd1b38de345e2c65d030d974a53fd97,1764511797,1764511801,1191,34508,,
0x066bae0f908b3a8a7fabb1c6f4ba95900d5cbd4ce067f7db894166dca6f7fec0,1764511797,1764511801,1191,34508,,
0x7c12108a5aa92d31f0661c742e5f8128ed3f886bf22ed754401fc71edb189632,1764511797,1764511801,1191,34508,,
0x1fd7f808f9fcd8e1874c19a910f7645ea6dd8b0f24ee86df8413fbde286b3bf4,1764511797,1764511801,1191,34508,,
0x01584bce84521c456ffbbde9256fe5db824a4dee510d2f4bb72e47a91b71f4f0,1764511797,1764511801,1191,34508,,
0x1ba201b4c326877a30597acc8f6c5399683ce2930160ec56e1adfcbf3fbd6462,1764511797,1764511801,1191,34508,,
0x1e769530b5f3991cdbb4997679fc9a8e9be0f048ea4edd2f33f853bd8e2ccb21,1764511797,1764511801,1191,34508,,
0xf0683a4fb7a0300925dcb18594ea81f4a41cf9aa59ceb23e599cb1bca240c254,1764511798,1764511801,1191,34508,,
0xfd858a116fcb5806e69fd3096e7507448294454814481ed996cb43b2b578157d,1764511798,1764511801,1191,34508,,
0xc82275e2a9d3dd9eeec5aa9d7ac401d77966e897dd133543b126947001ba1623,1764511799,1764511803,1192,34508,,
0xb8c608a1b45646fc55cbe74f4645ee02a76b9ef74156a2942677ff9c169e6011,1764511799,1764511803,1192,34508,,
0x8049735bad65afc40412ac19c386505a4ce1e0b67ded65e8d05d14b9f2aef66e,1764511799,1764511803,1192,34508,,
0x3c7cda5aa613a6621e4a4f2c404c2e969c52a5c5cc972abfee9614ac9e7fb8dd,1764511799,1764511803,1192,34508,,
0x0fc4aa8877823ef4dffc63c5b124e9f957f8df4ecd67392dff6d4841780d4dd3,1764511799,1764511803,1192,34508,,
0xcd2aaef200f9f465ffbb133d8ad6d623b1f2be572405599b6e31b9d1c15dee4d,1764511799,1764511803,1192,34508,,
0xb6b760d10d8b02cfe225349a25d83092709eb94483e1b50e8d918404f7bc34b7,1764511799,1764511803,1192,34508,,
0xc05a2f65b223494dcdc090f2bc77be417e36dddaf59a86b375f908d51d65acec,1764511799,1764511803,1192,34508,,
0x6bc785c450fcf77c52c944ce129ca3aa206d45a892316649a5848ff08f058812,1764511799,1764511803,1192,34508,,
0x629a9d0d5145adffac0bf21e8fb341f70a7f2dcc3f68a809e6fa927b47a8d916,1764511799,1764511803,1192,34508,,
0x5b7f429e61dae0c4bea2843b63f7cf8bf2f936e8abb34bd0010f41e3d23ff1fb,1764511799,1764511803,1192,34508,,
0x9155204b9b8932f032712eeb14146d02453ece05690e3f9b57778082d588df95,1764511799,1764511803,1192,34508,,
0x92f9edd4b840d8920a5854702d7714a202fd057685c728ceaa244e48b8d16357,1764511799,1764511803,1192,34508,,
0x7eafa92b84566699dbee232b7b9394b8e421c8d951a4d134bace3349374848e1,1764511799,1764511803,1192,34508,,
0x0a4d9e84a231e961a566702b42517500ead17befb891ca428d99050eb06d3c04,1764511799,1764511803,1192,34508,,
0xbcae942d50e4e7252e540834094e0b60fd15e35aa15f023ff7ce7e7cee143215,1764511799,1764511803,1192,34508,,
0x8e801b38adde41f025cb08fbe1938edfbd52ffdc7de72a6da54ddae8f391eb48,1764511799,1764511803,1192,34508,,
0x9d567c809bf128ff6336442237082187199c54c32c9dbec574571a07f4403675,1764511799,1764511803,1192,34508,,
0xc2c3553c920cc4cbc5ecac364fee052c9d3c5677026cdd092c96311fa7463f33,1764511799,1764511803,1192,34508,,
0xcb92b342229f324e9de0baa91b148a74e9fa266eba71b9a8679863ddedada758,1764511799,1764511803,1192,34508,,
0x5aac12fa5b773f4776129dc555f55cf151aa118083ac97eef6316e28245cc737,1764511799,1764511803,1192,34508,,
0xf3bcef536ab43ebba87e4ecf63f7527a8a0e5c684535f65587344433a580d782,1764511799,1764511803,1192,34508,,
0xd5133db6d44f5c5a004d40ca506e2a800dedadeefaf5c553c3c55a04789c87e1,1764511799,1764511803,1192,34508,,
0x86230f0afa075db31bb34e500e3e3023e0ad7af9f4934071984f7039d43928c0,1764511799,1764511803,1192,34508,,
0x83f61f8dffecbf1e63ba7ad89ed01871a650bd5897db76f1e0a81dd1550edd43,1764511799,1764511803,1192,34508,,
0xe7303702c074cf033102fe3c7326bd98d1224fc7ad722de09247b21b93d75174,1764511799,1764511803,1192,34508,,
0x0ff0e503223431040acc33f09b68ee3070b83eb5956c7e7cb0336f9deea6b9d1,1764511799,1764511803,1192,34508,,
0x2266252c2b4a95c71a6f054986ce97d38804a7a9898678bdaa77fa665a5419f0,1764511799,1764511803,1192,34508,,
0x8dd7ac11d3da911a6454a028b532503dc2cbbbc6ca86cdfd2c0531509e1b6eb4,1764511800,1764511803,1192,34508,,
0xd45a275dbc7a1afe21ed107ed8b5983646df0ce079db1c977706fadf6c7018bf,1764511800,1764511803,1192,34496,,
0xbec0aad009c4996d617f5d8416f22bf91b340cbfb8d7c185b2f6f261075e904a,1764511801,1764511805,1193,34508,,
0x4c2573fe5c277db779d8bc721db3b7f6c67a7fcf9c78da7a8e065ef3fd678b19,1764511801,1764511805,1193,34508,,
0x30e2be39fde5636701b3d627af839599c12dd51accda3baf823a547a08b1ede5,1764511801,1764511805,1193,34508,,
0x29e73daa249fec330f6ff9f7196164f658a9cfae8de7547cd29163f10842e153,1764511801,1764511805,1193,34508,,
0xb17dbeeb7fc385d355bad46b7b709b9e7d93e1d18549ca7b3f5dcebca3b7c443,1764511801,1764511805,1193,34508,,
0x707198621c919e2ed05a13f8e51bc09677b61360dfb3f8364ad2a115c1eec3b0,1764511801,1764511805,1193,34508,,
0x6546242e3a9e3a523bcf58ad1225d2477fe41aca34495c26d67f3d66ce5a3a3b,1764511801,1764511805,1193,34496,,
0xd5e508abe6031b1c6b85faa2083e0f465240eea29f0a7845c83a560d92ef1d9a,1764511801,1764511805,1193,34508,,
0x90eb6c4b6f9372797e336bb99c5f2848e5747ae30b8a87253255c45af371a666,1764511801,1764511805,1193,34508,,
0x816173b14614ffa0937672f40bb33e454e203502df47d3e28a10b008af075c10,1764511801,1764511805,1193,34508,,
0x815d22e597cc0d37137636d8d7087fb2ed81990f7960dd01da1cc0b51a831c06,1764511801,1764511805,1193,34508,,
0x72ed7292a60a0e389477cb61beb4c804b3f75bdcc5186f6465f4a0c742eff5bd,1764511801,1764511805,1193,34508,,
0xbf50e67f264be854f5ab79d029028eebb2640ec94408f7acf28e1525afc028fe,1764511801,1764511805,1193,34508,,
0x791e5e58a5574e74f21a18a1dd42c3e986e63745f383df7ac450d6e028fa221b,1764511801,1764511805,1193,34508,,
0x688327df5d329b4f26e0dbb33ae7645fe76eb0193a056796f35570dccd62f181,1764511801,1764511805,1193,34508,,
0xacdba5d600061424a3650171c8ae3ec497e46a4bcc8427371ddde5814bed5cbb,1764511801,1764511805,1193,34508,,
0xf6f71f63be62945efc62769a3a99173480e55af6125bb394ea5b88276cc95878,1764511801,1764511805,1193,34508,,
0xb387a9187e22681aa5adf52dc2514f4cdc2bedeb7836f5689bf863e5a14f14e7,1764511801,1764511805,1193,34508,,
0x6f035310a4c19b7795716e97fad817d2addc35f54c579348e443b9ebacd6c8b0,1764511801,1764511805,1193,34508,,
0x5d31048bf92ee8bee07549f399a2b9219164e6b30f25e385a5e7009f994a15f3,1764511801,1764511805,1193,34508,,
0x46fa91a79dfbea8f3939af7f4f46aa1e0ae5d67f242b1864c4a07c1c85153380,1764511801,1764511805,1193,34508,,
0x3d248ce4d6bbf629e856e9968c303059da5b8253fbec83e97f0cbef3dc5a0056,1764511801,1764511805,1193,34508,,
0xba6cdfbc15169efd4f147fa7e816e40db2cf2007f0d7c5d173f8a74972868a27,1764511801,1764511805,1193,34508,,
0x9c0356ea7de127df0df743fa3fd43fda3a344f4cdb072c54ad5e69765f3af5dc,1764511801,1764511805,1193,34508,,
0xaf9e76260d8e21ee9e0ded1067c483fb71e93a3c643751bc9d504a7ab160756a,1764511801,1764511805,1193,34508,,
0x90a93f3cf2ce358399bd7080719c91f5654bd21350264a5879ce94c340ee7c2f,1764511801,1764511805,1193,34508,,
0x4b7504d5e8d06030b784548762c89e736699948ddee1700c225019b71ff869a2,1764511801,1764511805,1193,34508,,
0xcc10f5b88c518a6b29d4ca46e69a5b00bc319f5b233884d5240caff86ab98444,1764511802,1764511805,1193,34508,,
0x883d38aeb880355c9f0a5dba23ecdb7fd335f677e7ec0d67b69855e3c7869474,1764511802,1764511805,1193,34508,,
0x6d3f46fa00aa15491f4508c920cdd247760b619198f84582d3761cee8e52c4a3,1764511802,1764511805,1193,34508,,
0x4712d937f730b95321c042b406147206c337d7fc07e00ffc4d6cb039d7e9c9d8,1764511803,1764511807,1194,34496,,
0x80e1a161670ca545a8bcf67a1773d5f8c9c8744fa08627e4335d8a307abbb1a0,1764511803,1764511807,1194,34508,,
0xa4035e72cf6e6b8e8946052fa4ae87e0d754c95ae45ced71dec75433dd53e015,1764511803,1764511807,1194,34508,,
0xd6eccb2fa0dc4a2364d8adff2f51d2cb6abd7f475e2a5d6081a4895dbbfefb2a,1764511803,1764511807,1194,34508,,
0x5cf12db0aed9cf94201837f557ca9677a95cf7990d86419b02c52dd836aabd9d,1764511803,1764511807,1194,34508,,
0x96bdf461062f41b4c6752d3410b0f05092302cc66906805242793894fb173680,1764511803,1764511807,1194,34508,,
0xb403902926b725a55c9de637c68e52e3d0c41141a752f894e2ebc8c8b95d4251,1764511803,1764511807,1194,34508,,
0x23419e073a9721953de89da0eef9e3538a0047dbd44dbb82264e8a75eb2569e3,1764511803,1764511807,1194,34508,,
0x5b7844f5cefeb20b0bb16384f3b97004ba6145cbc3ab7efa84257ec3a097f2e9,1764511803,1764511807,1194,34508,,
0x5be883527df8417fc84751dc962ea19c47e31dd20dba4ab0f89faeb290330441,1764511803,1764511807,1194,34508,,
0xb8af6e65ba4c230f6563ff8e64f42f72a5be1b1b2ccf5df4f4434ceb73a0768c,1764511803,1764511807,1194,34508,,
0xfe9cefceb2cd40fbc4c8474067e9b4b08b4948abc2c5c4ed194e8e8da8bed06d,1764511803,1764511807,1194,34508,,
0x04b141836642bca7a820fc7613bd31f22d7128e6d6c20e19b5d441bd3ba1b4c3,1764511803,1764511807,1194,34508,,
0xfb12fa60bad9ec84de1d4c01d078c40c328dca739eca46bd0d6e28fea4d77a8a,1764511803,1764511807,1194,34508,,
0x5b0e9ed23f8ebea9115fd1c0331ac149ee9fb1a731175ce29acefdc0a94ff807,1764511803,1764511807,1194,34508,,
0x37ee1dfdf38a5a4cf25273b36c1d3ff52f2fa5fdc395c730fc440ec7ef6ab8bc,1764511803,1764511807,1194,34508,,
0x098103f42e16859f68ef833b8724a7ccd0c4c39536cdd856433b896353096b81,1764511803,1764511807,1194,34508,,
0x287a99b5eb95d55052e10d5ab304d4dda9985f679563668f1979c124d1abd2e1,1764511803,1764511807,1194,34508,,
0x948b045ec306e14abbabe3c934e1a8bd2f5b9c022db52ef4715d70127e19073c,1764511803,1764511807,1194,34508,,
0x4c8d88b19d415e3ec9b712331e85226e39640f6d69dde5aca0406c0b8e67b164,1764511803,1764511807,1194,34508,,
0x435d2daa9baf6962f216ecfb4f47b5be8b420a911cb86e2be93ce215515d56af,1764511803,1764511807,1194,34508,,
0x5259009a2d61f3e3b5f936598524417fe1c46536fb1a78ae26507ec4a1e52cfa,1764511803,1764511807,1194,34508,,
0x343294d846d7d2d69d14c56907a0d40f1c4284b27528f3596b63dd2d0f30eeb9,1764511803,1764511807,1194,34508,,
0x3c7ae36fc2ff828d2913f1ff1d239aeb95fe69e8e9e3e0dece1d3d025eeb0aa7,1764511803,1764511807,1194,34508,,
0x109f44d939795d65c13475b8ab88e1387a9d8df843b22e3dada42526ffb3e425,1764511803,1764511807,1194,34496,,
0xddf98b9fe94813033b55d992cf2daa48d420bcc69acf8eedb03ded08ce0b2a74,1764511803,1764511807,1194,34508,,
0x6196f0677e13bdc7561137042db53f4d45ea6394dc022ae5c5cd1ee45339a88a,1764511803,1764511807,1194,34508,,
0x8630955f89d59dff1e9b8db1e440423eb6d0965331abc4f346cf00e09199b7f2,1764511804,1764511807,1194,34508,,
0x67ed16ac9100cef4d54a7ab5dce28a5d8117ea67e122594353c8e8d6137e35ae,1764511804,1764511807,1194,34508,,
0x4ed5111bb9303908d0ea97187f3342b4d7c13d67966d218885eb2558d702afe5,1764511804,1764511807,1194,34508,,
0x8b5a9c54b056861da7c81b701cbb5058b0f8daa13be259debcbb1c03660d3c35,1764511805,1764511809,1195,34508,,
0x3b5a13b666dc0b62936d76c43a2e74f6763e1a8d7e8d0d328efbcdb2faa432f4,1764511805,1764511809,1195,34508,,
0xc16cd17279241c1c27859d4aa5951e151f8b68727b69502d623d02fc73e07754,1764511805,1764511809,1195,34508,,
0x19d596ce4619b6f87ead8796bc18c7affd1b8c93fa43195d791edf20b26d912c,1764511805,1764511809,1195,34508,,
0x70609eff3f21050c06821e59b7b05e08505f3ef65e58ba4df0c3c051ee314285,1764511805,1764511809,1195,34508,,
0x2b39bf04a69a891d96cdbd79b179bc53f40d2d31983f12ac30f1dc62d6dcad40,1764511805,1764511809,1195,34508,,
0xebe73a8fd6df43b642766066be61fdd0c6a8d0ae8fe22b21f589b331646312e8,1764511805,1764511809,1195,34508,,
0xc855c513ebad4448205d320e7177f381c04194ca8c25fc36dffab7c1afae7439,1764511805,1764511809,1195,34508,,
0xd44abdacf0f14c1088508fcdf47306418595c63cbb8bb1bf591ee633dc74681f,1764511805,1764511809,1195,34508,,
0x9501d5a7ac5b7b6292c2a96669822d414f572be0ff757c8e2a04e1cb598d3397,1764511805,1764511809,1195,34508,,
0xad12271a19f85ba91bbbf47f2db8e59891b206558c3d85fdbbe8a58c13e6d840,1764511805,1764511809,1195,34508,,
0x297de069b888ab272a49e0c0b1e871516642e0bb892351beba2c65357ccab596,1764511805,1764511809,1195,34508,,
0x73e0359f1a9cfa46298df919f904e80df70dbe039fd3a434f2dcad9a8a8bf3d6,1764511805,1764511809,1195,34508,,
0x750dcfb31332460d792bc3ad90cc710aa0e025961cfc6e2f10a9a2034a477fe4,1764511805,1764511809,1195,34508,,
0x22bd5cfaad298b85b807718fa64906b83314279ad1ef28d9ef9d9f845941b5eb,1764511805,1764511809,1195,34496,,
0xa2f15c35a240931f9e1cd1409b4502f6e5246e2ac04e46a28e23d1c6ce009005,1764511805,1764511809,1195,34508,,
0x04024659860353732494cadafc00baa073d33665b35c347f4e21391a5d4e41a7,1764511805,1764511809,1195,34508,,
0xaac5fb94c40cdd2450279f859544ad81965e18889161de973188f264a5834eae,1764511805,1764511809,1195,34508,,
0x60a46a8351cfe09b3c330baa7580974789223501bddec4eccf1ce5ec36e8d499,1764511805,1764511809,1195,34508,,
0x014335001413c53b89ab60bd836185542da8b1d125e6b14a9f5c88895ae8f88b,1764511805,1764511809,1195,34508,,
0x4fb5522e0839ebc3f61bcba814e6275bfe896ec02f956a6edfffc89992c36653,1764511805,1764511809,1195,34508,,
0x33d1b0fdb967375a83aa4186b213cec68a60895652538330f1d0dd5701480f08,1764511805,1764511809,1195,34496,,
0x78adcba124a2d15b33e6140118ee3e38e82c39a49d2c241e2df1325c3305419b,1764511805,1764511809,1195,34508,,
0x803c98180a36d798c8083893a8d22193883a884d77e919c2a814d9d9fef0e7a8,1764511805,1764511809,1195,34508,,
0x42d9bde39bead411bb4d906897b0aa1a67414db930aa8c08cfe1aa0be2ea8823,1764511805,1764511809,1195,34508,,
0x8640b5e523a82e1935561cda05c3a2bb7b2bff03704a058b3691ffdbebce591f,1764511805,1764511809,1195,34508,,
0x873e0dc89cbee4108d2793a70a03aaf25184b3ebb3ecf554b74070781de85c50,1764511805,1764511809,1195,34508,,
0x800e20f2fefb54048603abcd58430438abc91a33dfc3bb204b615dfeb2c33659,1764511806,1764511809,1195,34508,,
0x6ee0ceea46cb1e65b29dc9e329e9ba56327f3963a73d840a1c60d4e8ff468c40,1764511806,1764511809,1195,34508,,
0xac808a5b8e620e28c215dcb4e985e163cbfa9db17cf153c3feb02d3408ac8fe3,1764511806,1764511809,1195,34496,,
0x55143dbeffd4cbef4af7cd616512704bce0e7769d7ea0bab06495563db92e39a,1764511807,1764511811,1196,34496,,
0xd0bdce9fc51d107b5732d1488ead24475be22e151ede6ac19506add077accdf9,1764511807,1764511811,1196,34508,,
0x89b65551d3e89cd835877de9fbdf06a0993def6801214e1eff25eda64358d404,1764511807,1764511811,1196,34508,,
0x660a5c6819f84ad7eb40a1896c9d3ed35a5be0275673552f56a7c00d96a78731,1764511807,1764511811,1196,34508,,
0x9af258283b8271f18eb00cb667656dbca2dac4a9b671b143daf6318511f1c09b,1764511807,1764511811,1196,34508,,
0x10927f773b73a56db1447c86f1ba89b33e78406b866b33dc521ead7d2b75c4b7,1764511807,1764511811,1196,34508,,
0x0eb844ad4a940ed41a07eb2202e2c8250ee9a493971d31c6309551a852abc704,1764511807,1764511811,1196,34508,,
0x6bec6853d84681f0025dcc7747401905e204fbfe878cc016f0a1ef8df2ed2933,1764511807,1764511811,1196,34508,,
0x5657a78bfe6cad1d8f970fe90d1fac153d719146755989317502b8c1a1050f5b,1764511807,1764511811,1196,34508,,
0x7b6bb59323a43e7503877782bd3c7eca14e433f0fce5b9910612f9f3d7495cb0,1764511807,1764511811,1196,34508,,
0x9a8954b81cee54562d4e23bb0bf62f3802868fc65dc7a9dceed1fceea49dbe21,1764511807,1764511811,1196,34508,,
0x5a46c14d19e453ec46bcba7a5c1f0c0e5eba01fab0730ce741b6c5cb5c045ae4,1764511807,1764511811,1196,34508,,
0x95237c9211ab7dee19343b5ff901dc251614ba1087f8a0b80ea1310b08ac3113,1764511807,1764511811,1196,34508,,
0x944c8b2f7527a73b61a508096bd148584e04c0c91efa1d10cdef52e4a69ef9c8,1764511807,1764511811,1196,34508,,
0x9ce08e703c4fbb1d634c580d103c60c1f564e524aa67d433f69ab6a6cb4d6c69,1764511807,1764511811,1196,34508,,
0x59c40b381769abcae4765c0ff69533992600e34895d6e829e3e46658e603aa5c,1764511807,1764511811,1196,34508,,
0xd19ee73d7d405ff60322ba49f436caf6de8ef827ff821a37f60652568b3352ea,1764511807,1764511811,1196,34508,,
0x99fb54cf329a2463058dc66ab11d42a0734a995576eef5e318766a0eb4124d0b,1764511807,1764511811,1196,34508,,
0xac01afe83726bf43838fb1258630b5fc13cd727708ffe19e33a618664a039c94,1764511807,1764511811,1196,34496,,
0x6770307e2b07537ce825907ad3b100ffc69263234beaecbafb4abdd50550337c,1764511807,1764511811,1196,34508,,
0xa647c6dddd90b05653f9c42ff79012e980c9b101130142fa8237f4a2242d70d6,1764511807,1764511811,1196,34508,,
0x2050d113670242b47326005c4ef82659e091558f6dcee62652d818e5f69e5e5d,1764511807,1764511811,1196,34508,,
0x243553380ca185e19e850cb6b6a2c262f51fbf1516fde6d3dbaa58ec1642e3f9,1764511807,1764511811,1196,34508,,
0x5803264cf641c284a017664901cbde16c9381ac9d4e6659149a8511a786b0915,1764511807,1764511811,1196,34508,,
0xe1d2dd7580f3a3ace3ff6517f3bc2d6bcbdf498c3f6341e1d8fd40f1dd47c872,1764511807,1764511811,1196,34508,,
0xa9fecb2bb6ac53e21a623b66009a28daaa4595affb80470539e8445c972e7abf,1764511807,1764511811,1196,34508,,
0xc0ec06fd2c84d9f17efb91212323c355ff5d5ef5ee231101c1349723cf7ab04b,1764511808,1764511811,1196,34508,,
0x9edc925a424dab2cf3aa9a9e5282c1e6850b8a8628506d8623613785d39259bf,1764511808,1764511811,1196,34508,,
0xc9135f80d6f7c89161d76995342e52a1598ad2abf4a0564c1e9a6168a813c658,1764511808,1764511811,1196,34508,,
0x998ec4fe090388978a3e797444cd6c4c25e6f33e4ea81650238254c3939ba44a,1764511808,1764511811,1196,34508,,
0xd4a88309617153eaf76f1551bc10860a95905374b906c1f9b0cdeb3a10e179c1,1764511809,1764511813,1197,34508,,
0xa6c05f11d6b883d9bddc3ff4e043e1cdced339266642cf889068e93f63db625f,1764511809,1764511813,1197,34508,,
0xa236812696e020c5a1337c3a3ea4716c9eedc58d14e1766f3243557ce891ddd1,1764511809,1764511813,1197,34508,,
0x2f788222b4745e51a98c92228da8ddc028a50de9dd4dd2662a203158feda3851,1764511809,1764511813,1197,34508,,
0xf210b2a2d36aad120c89526c4a49b8cf572a0ad11b2a84166cb4d47f728056d6,1764511809,1764511813,1197,34508,,
0x7fe5abb09df0ab1e096bd3f8610c537dc0ee996a9cdea164b81d3d6a931fd3d8,1764511809,1764511813,1197,34508,,
0xa4beb1fb90049f358fa872ecf016cef2506d1ef1de677002fcd052f0c3b9decc,1764511809,1764511813,1197,34508,,
0xfa89a9792750dea59a6996ddba06c68bc3618aa18d23615ad029f17a9f95721f,1764511809,1764511813,1197,34508,,
0xb3dcb2021634a13944f05cb3bdc5c34331c018366d3ae8247f60d6cf0cf26153,1764511809,1764511813,1197,34508,,
0xc11142dad7414ca1d2b478501cdf5b425cce80cbf7ae25676fa3074e3a7864d9,1764511809,1764511813,1197,34508,,
0xe7686cea014cc0ead4a3d4f975767924702065fca13381f9b32a0974ae66f9c8,1764511809,1764511813,1197,34508,,
0x5ed0bacb633c62c4e7a3ccf725e5ee29621885b2dd7a937d3cbad1d428a09bfe,1764511809,1764511813,1197,34508,,
0x00fc18632cee853fd0217553c88cf17456de362d34a14b5a9f2462fb40fa8fbb,1764511809,1764511813,1197,34508,,
0x243b408eb5cbefdfd465cc8336df66185a630e53ecc7619aed7c1ccf393ffb83,1764511809,1764511813,1197,34508,,
0xb0e0ce5e528cd29f684c9bdbab05f0228301587ffa58777b9f0b74ce7696c2d4,1764511809,1764511813,1197,34508,,
0x17b4b5e42c330c079f44e684123984e0b98e71c05274d4579d028c04ef1f6aa8,1764511809,1764511813,1197,34508,,
0x182dfbdf4f278406b3ca300308fd9b62e9da9ba8060d4da899a4c27c9c776ba9,1764511809,1764511813,1197,34508,,
0x451bec9fcb42105c7dba6565a8c17685cd4b15e71e324f1b11a9b91f3efb8799,1764511809,1764511813,1197,34508,,
0xd804ad553934eda175f202cfecbb50c113e6df596d17b6a6580191f3e222d1de,1764511809,1764511813,1197,34508,,
0x96f2c6d72853842870762a5a3bd7d16496db9d049e31951f5320e3175dc91c55,1764511809,1764511813,1197,34508,,
0x3472c37ba90f44a1a4567461b5d29ecbfe3e955e8afe5e4691c50bf9ef9c2a58,1764511809,1764511813,1197,34508,,
0xf58141e4db8e855a19f251691c655a00d92b772384b707f4b327e6bacd6fb707,1764511809,1764511813,1197,34508,,
0x59ddfe69b38acb18fc7e9b80225a68d274b07875fd50b6c3055b3e34205a2bec,1764511809,1764511813,1197,34508,,
0x5631d40f3b3529b1bf788f214274d4ed9f373bce8352cdecbc1b1ff177b622f2,1764511809,1764511813,1197,34508,,
0xc770422a97238b71ab70a0a601d510c1e9b34eb08a653e53e26ebceb5295eccc,1764511809,1764511813,1197,34508,,
0x2e77de78e52b32b20907fe9b366dc3ac08465e79bb3394eb13b85e8802fa8997,1764511809,1764511813,1197,34508,,
0xa526be24bf58a6b8352a49434f011df81d865e0dc902af6d09cb26fc33143e46,1764511810,1764511813,1197,34508,,
0x90f77467fe4253ae6f6cd32a02d10662a7eba522207f5a51741b1be37c793a61,1764511810,1764511813,1197,34508,,
0xacf1b5214cc9efb981b0659b9ee1c4e3b2eebf527e189cf841bdf25ccd7ec96f,1764511810,1764511813,1197,34508,,
0x866bee45af4b5785167b52c33a6d590e4c82af1f514355e23d69cfdc20b59855,1764511810,1764511813,1197,34508,,
0xfb9cba30e8bd0a2b6d108363674065ee50a7f2ab5249e3d031bab77a7fd8e77d,1764511811,1764511815,1198,34508,,
0x3b65385440a315f2c09c48067819b102c64947f467f474fc26559e34fde1707d,1764511811,1764511815,1198,34508,,
0x5b964e5319a5497fb625f9801f97acc37be911bf8d316e681bc2dc691da446f1,1764511811,1764511815,1198,34508,,
0x15c13e5f954415c389180e28a4ca28b51e28b121b3dfade4620e348fee273d58,1764511811,1764511815,1198,34508,,
0xcbd984b3bae9cd93773b79314877b84437055abdb5406568aee86b41d273b9db,1764511811,1764511815,1198,34508,,
0xe4b49f407944fd3ed8e6c2ff839b3959fe9e6907a9c11b6abde87b7174672a27,1764511811,1764511815,1198,34508,,
0xa774da50daf650b401c1f5548a5f9b699b0daeb78d1044f35b0dfd9430df5d72,1764511811,1764511815,1198,34508,,
0x08c80cac3707a1aa39636a8a3de966d270189ef51306216cb55ec4fbdcdac4bf,1764511811,1764511815,1198,34508,,
0xc2fbc10d8889e3a12ea4b390e7702e7b4b33670b7423854b6f788b9c3a20ea65,1764511811,1764511815,1198,34508,,
0x92a834906b2c7fa6810122288e41c4513849643d1baa760da9be362966309267,1764511811,1764511815,1198,34496,,
0xb1607b8b9d91683171f11b07f96aa1b3e4c520e3317ba2d2efa26c527f2f6b1a,1764511811,1764511815,1198,34508,,
0xaf227c328db805434b18696d28f6ec16f23f2d43a77ec22e43b922bc09104b30,1764511811,1764511815,1198,34508,,
0xa2ac3a0206cdcd35bcc0ad836894d31c31f89c1dbee26670e20aba22c57566a7,1764511811,1764511815,1198,34508,,
0xc5462a884b355d375b25adbf94d20854cc29814ada27207aaa63bf5c4cb4595e,1764511811,1764511815,1198,34508,,
0x082405146e8c6590d48ebb61a12c53f70a56be0370002675bcf98380fc0a9e5d,1764511811,1764511815,1198,34508,,
0xd1e7ed3ac5a76f5b5cd5958f1e93e1cdcadf3cc74a1edb4b0f5682f3ab377113,1764511811,1764511815,1198,34508,,
0x3bab3b6c8527b25c6b8cfdc736126317cef6088963f704cbf145ca7e309cee23,1764511811,1764511815,1198,34508,,
0x84d3762a6d11f003b902529795bb43dec0bf2b74d149bcd0f960814a5ef3a028,1764511811,1764511815,1198,34508,,
0xd5b99b7fef8b8cc06ddff960723d21b11d1315b6056230da2c0ffa9219959f0e,1764511811,1764511815,1198,34508,,
0xd7d32b8689f5a58d5543347becf7f9ecad473abf64f4071ed47a698b879b032e,1764511811,1764511815,1198,34508,,
0xc186a392a2a1cb3cbeda0a74e94ff4215dceb072553570d4b9e07fb998e293dc,1764511811,1764511815,1198,34508,,
0x7b26064748dc6e42e5c1b7ca660acaa65919dda290b437f6b6abd1af53b634a4,1764511811,1764511815,1198,34508,,
0x853bd7a26aae6087a0f660e5b54a101f8b5c0c5e7cf5406a67726f7cc63c4c87,1764511811,1764511815,1198,34508,,
0x19f987ddc674dad47b347f259490dc73adfb1033bed0bf81ce5450c3242f6745,1764511811,1764511815,1198,34508,,
0x960ccc88de8e1bdccf20072218140710c9c50d82b3a876abc4b78ba5284cf721,1764511811,1764511815,1198,34508,,
0xd2bcad97f344d3795ff10df73e661835558eafe3eb7b32e5b04561f3cfe2f45c,1764511811,1764511815,1198,34508,,
0x39e8a6c5870f2ede275cb294d5ab0e41b85b68077cb6ec59c4ce80cd8e6f58e9,1764511812,1764511815,1198,34508,,
0x84ae0ec301fcf6b7038b96185dbb6f558cf94f7039f7ca26b05899ab0529b078,1764511812,1764511815,1198,34508,,
0x862972e92b988d87048f74f98869946a5a7b08c1295dcdca74fff84045af8fc7,1764511812,1764511815,1198,34508,,
0xb436e90e07e91beb0a5f4d0fba97c12b356cbbce6775026204ff4c292ebd2a12,1764511812,1764511815,1198,34508,,
0x1181e8b16179ae9c38654f7dd7bba13b69370695b2cafba1d158a99411c10c25,1764511813,1764511817,1199,34508,,
0x0eec1bba22b57871c4f5c4405473d04791b6fa05af1bcde234183e31b3119ee6,1764511813,1764511817,1199,34496,,
0x2c2a10e8d03c78a5167b0d3deaef969cd9b7ac31abe18ca63d0babbdfb97ccf3,1764511813,1764511817,1199,34508,,
0x5270037855bccf72ae47f10448ef2454378db28cf6ba75a2bc84e76b848bd599,1764511813,1764511817,1199,34508,,
0xbae54774779329386f4ade10153c3ee7dffe759e7acfca5ab5fda21dd6a65564,1764511813,1764511817,1199,34508,,
0xb39a40524ec9de5eab2667c388aa9020d00079c4971fe5fe4fcb5b1e6be16514,1764511813,1764511817,1199,34508,,
0x9e99c7bcd7822b30d2dd5a2ded08d2a21253befa8b3f0e43893723627045b350,1764511813,1764511817,1199,34508,,
0x73f17af7bf27e9e9ad0302df8d4311733793b3ab934cac7c5469786233d22191,1764511813,1764511817,1199,34508,,
0xc23fd09529ca76932ea2752e418e6e100ea488f6b2350e774f872574c6f18186,1764511813,1764511817,1199,34508,,
0xdc3b2ee79d39e93bd268cc333e758c20dea28aae2b04886f430a6ce53aa2245d,1764511813,1764511817,1199,34508,,
0x205c21a73416cc242ab58747354d075a3672c6c53d563284ff7047c7fb239a23,1764511813,1764511817,1199,34508,,
0xb1d77debe966f343d89ee4202e3670d7a0c7e04b3c53ba81026b388ff0748ad4,1764511813,1764511817,1199,34508,,
0x399e507d0ea6c403c90e5a0b72916a4921c6423ccca7db7285c8c4e8cc1f6f3b,1764511813,1764511817,1199,34508,,
0xa5ba8b68ba31f8e88659486bc872c8e93d6893200f43eb380aea236d94aa4bb5,1764511813,1764511817,1199,34508,,
0xda156e19f10a08e13225d9c20394e297eba3a5e7561557b1167897136c1c38ce,1764511813,1764511817,1199,34508,,
0xc964fc447188264bc98a9886b0fd34e89a6d95a4d091c0ae77463ce17e00ce5f,1764511813,1764511817,1199,34508,,
0xc037335b05fbbab4ff27bfd19d23caff82d84839acbafa796daf31115260dcb5,1764511813,1764511817,1199,34508,,
0xa701f651292e4cbfff36c8c24e485639dca38cb73dc7be7ab8876c8dda4771bc,1764511813,1764511817,1199,34508,,
0x422a03a7440712331377a762fde292677904ba2bdd8dda7cc329663712b00abb,1764511813,1764511817,1199,34496,,
0x459e4363df0900408b49c223f4283eb8cfe7981ac746bba36e5337bf778b4f84,1764511813,1764511817,1199,34508,,
0x3b3ba5f2b18589f9e55908e9b4a70086765c7daf7567e302369fa5a3aafb5945,1764511813,1764511817,1199,34508,,
0xc2d1b3957666423244f9fcad0a56274451d54635d68734353f0fef2ed88e5871,1764511813,1764511817,1199,34508,,
0x8e238ad9e094a4a37c88c6faecafa9fd0261b5015028f81646b9ef8d30a5d534,1764511813,1764511817,1199,34508,,
0x65ec2429e7a2c6e3c637ca2ffff6899e33d6c2b2d4da8442b9dd7dc6a5e881a6,1764511813,1764511817,1199,34496,,
0xfe4ea61ee0e76c30d8c01182c3870d13441a0bcee46748c0cbd132b277f9e491,1764511813,1764511817,1199,34508,,
0x3c3b010f014652821d422ad186a4c1b57fdfe70f17b26aa314b92a34c638d589,1764511814,1764511817,1199,34508,,
0x814411c8c7118cea06cecbc499ab12b745d64c46b35a8eb31c2040210fd2372f,1764511814,1764511817,1199,34508,,
0xacc7830605d1b8def5f5db86d4b684542cab513745582f05d8266b891a4141d5,1764511814,1764511817,1199,34508,,
0x8d720f37c16beb64941f0fe2b83f770f4863fa11e73059e106d6574f43cbc973,1764511814,1764511817,1199,34508,,
0x7ca460fdd6ff88a357784d2eede74d7f40d4af02140ff1df12b5b3d57d8513f9,1764511814,1764511817,1199,34508,,
0x37dfe38fb0838fad2f7de158a959f1f9c428283d31a500c3106ce9991b4c71e7,1764511815,1764511819,1200,34508,,
0xf38e4ebadafcd84ec2e96312b6a0ee523a33439503690ec01b21857618e6f802,1764511815,1764511819,1200,34508,,
0xc091e7021dab7610f1b18766e086e14d87e4d90556f3040994c6143c88f3e7b5,1764511815,1764511819,1200,34508,,
0x666ba864e7990cd3427ea990acd5fd12d9c19c7ad75cd83a71a4d93394ec2493,1764511815,1764511819,1200,34508,,
0x2f7443947daaa31407da3cd18f3b2a1da0660d03d42715acc3225e9269191ae0,1764511815,1764511819,1200,34508,,
0xe54b4bd26ec4f8475168a3e87a2416f35694b3cb0a8affa2831fdca5b1cb6f38,1764511815,1764511819,1200,34508,,
0x5d9d3830ab565cfd2fd63eaa7f17be1a3d58894be4a72f911a9c7a249cff5bbf,1764511815,1764511819,1200,51608,,
0x0abaa66003f87ae14d726b6eaadcd723698a7bdcd6d05c7d345995d78ee1c2fe,1764511815,1764511819,1200,51608,,
0x8737d6b21d2b4a78811857254145ef871be26c07010ce6615a1ac4a2d05ae48b,1764511815,1764511819,1200,51608,,
0x7ce4d3bdc06c6656394cc23a0f223599c445df0fce7609377e834e1a359355d6,1764511815,1764511819,1200,34508,,
0x29c25ea2fa28670b657aaa08ec30ca6613917893646c82d0d1a52f21124a7bcc,1764511815,1764511819,1200,34508,,
0x915d8be8718e3419e440084568972ef12b23fecbc1e74d8ece5edfecfee3d9d8,1764511815,1764511819,1200,34508,,
0xd949c6647763748eca4d658b3772d9f582090c6660318eb7141653922e4985e9,1764511815,1764511819,1200,34508,,
0x6536a484ae8845db439680068946e18a50d57cdedf31d7161263f02cf09a1f15,1764511815,1764511819,1200,34508,,
0xd517b3a9a12e7df0899f87a309daf3af29db240641aae24479cfe9451dedecc0,1764511815,1764511819,1200,34508,,
0x5bcff1919476a61c09ed5909b4f55491909c0145efb97d41119e35428819a4a9,1764511815,1764511819,1200,34508,,
0x2ef625911cb13d852352f60cf06ad05332b4d628fbe6607df0d68e0ee1812b0f,1764511815,1764511819,1200,34508,,
0x19491f853ef7e5483605a51f879191cdc79e5fa4608ec6eaad462e8f1450f020,1764511815,1764511819,1200,51608,,
0x671ca898cea6614ab3dbe4e97121af5a3ea9300583d433a8e5bf50ed3f5cf5b4,1764511815,1764511819,1200,51608,,
0x7f85d0ce0b6493cc9dade84022beb7846efdcbdc69a8f7060c36c3c6c7df1ce5,1764511815,1764511819,1200,51608,,
0x037b2f8ae9b3c76fb0d6f1ddd368e19f2ab1e31bfa27ca864bf652156ff833ef,1764511815,1764511819,1200,51608,,
0x5167282893c715b4ad828e2bed442729774242cee732bfb9e8328419ccf9ea06,1764511815,1764511819,1200,34508,,
0x998b157859cac3a03bbf2b06bec513d9023802efa114ad40d6d709f8866fcf55,1764511815,1764511819,1200,34508,,
0x64cbfc7d52d5272d42e170b45c587310bf01ebe3dec8f9471d4f48cefbf454e9,1764511815,1764511819,1200,34508,,
0x2cd6c5209084bf21a12e8f74c582aa9191e57f9663d73a1ee2ad7c41dbb9c253,1764511815,1764511819,1200,34508,,
0xae4fa57da4722de01b1d5a82535ef7afbb18a6cee4cffe5c31e28ef7d068ad21,1764511816,1764511819,1200,34508,,
0xd4c5da16b8fa19ad4cf2343f162749081d5667c42ea1a55701a374b77c166753,1764511816,1764511819,1200,34508,,
0xa5617af3f812c7f38dfeeaae05b81f35a50479589e0c70a5dd0a503407c02c84,1764511816,1764511819,1200,51608,,
0x52e9e4051927a213cc77b9122976ef042f6aadecc51f230a8aa4f125740f0091,1764511816,1764511819,1200,51608,,
0x4eec45cee96e3f05efbdd19a7b7b2d38ed4cff45a72400ba8d6e4b433b6956f6,1764511816,1764511819,1200,51608,,
0x82b6eb88508108fb0b81eb6294447b208d7b2513b3e6b6991f00aa07930c682d,1764511817,1764511821,1201,51608,,
0xf6312119dd30dba904bd5fe6d4e464725d087e9fffcc4258f70637b3feb919f8,1764511817,1764511821,1201,51608,,
0x2c5b12c4a78ab0f0258581dbf2be5f04c2ba7a1db5d9e38eebf9231a90762b57,1764511817,1764511821,1201,51608,,
0xe11d1840500a6d2d84c1911e99d79f8e3a33446858c90edbf2ecf1070b72b025,1764511817,1764511821,1201,51608,,
0x0c50e641bef3e4180e90f05a24b469275a6cc52a6462c7117eebf004610d3775,1764511817,1764511821,1201,51608,,
0x780030c4cfe2c205a6a11216716e4004ceb8080e472f6bd8f723d96992639b48,1764511817,1764511821,1201,51608,,
0x98d97cd071a68a3347ceb3cf2b23f70e3602fe47c1829bab9194bb3ce48c5196,1764511817,1764511821,1201,51608,,
0x2d990fc65ad0fedc045eb743fb00342c15a3c59bfa4eaf288680f38ccffed0c8,1764511817,1764511821,1201,51608,,
0xaae3107778be2e66b91bef06388e5836ae5e30b8edaf6d4d5cab3963980bb5d6,1764511817,1764511821,1201,51608,,
0x156027ba1780ab9e45ffa844d236e9a2c79323a908dc3cc5655b80c5b7d0c6cb,1764511817,1764511821,1201,51608,,
0xa48e26e54203a647d01d498eec8502296040b9ac0bb234e7795e136db182d444,1764511817,1764511821,1201,51608,,
0xa805860851a650bcc3bab646edbabfcd5e42997514f62fa835ea130ed30f95e3,1764511817,1764511821,1201,51608,,
0x68aa2f3a5e6d882570995afd7b245d25005d7238a205f139528c13a552898ab7,1764511817,1764511821,1201,51608,,
0xd7a4c9497195344bd979e124545956eabf74a2d571f2d7e76b98b712bebfeff7,1764511817,1764511821,1201,51596,,
0xbd3cc866345f08bc2115af2eb0fcc8655788d0d65866bd4c6364147789d28ec5,1764511817,1764511821,1201,51608,,
0xca33f74721aceb5ac56174e44165ae5827b60e215b79796d0343e5979bc6bd25,1764511817,1764511821,1201,51608,,
0xcdfbd08d2ba51a19355392e645c1a532bbdbeb7fcf470fbce66a52a73980f555,1764511817,1764511821,1201,51608,,
0x57a78c566d3dd2321d882e8f5553043347f86970d63aa02a366d031286af2590,1764511817,1764511821,1201,51608,,
0xac52dd132b0b3611e82b908370628880c8d8913fb2a79cc5c496f9421a074e46,1764511817,1764511821,1201,51596,,
0x133c86238f83a7cc8cd30766cfce40abd4fcf970a5a940dbf10a2977c2933308,1764511817,1764511821,1201,51608,,
0x49af3fedaebcff9f7aafb90c1034ae8b6c4e85333ef3fcf476b32764ad2e3718,1764511817,1764511821,1201,51608,,
0x5dfb11b3ff31e3acf4021fcf1c853665a0bb8f076c530c45df4bd56f09885430,1764511817,1764511821,1201,51608,,
0x75d1dfa3667299a0694473ebca3b0113aca711ca9687c54efc8889d2da1175fc,1764511817,1764511821,1201,51596,,
0x3f23574954bea302802e605d9836e7d83d58a7447ddda93d65c247fdda7e0bba,1764511817,1764511821,1201,51608,,
0xc30360ce18d838af84e16b3d5a4fb68ba1f67d006ad5eb158d078f21cdbb4ab7,1764511818,1764511821,1201,51608,,
0x46a1338d669457fdcf844627d5766817581cb1a365541183e99a7faa2939dcac,1764511818,1764511821,1201,51608,,
0xedacbfef04f8b5672962923c20d813deab6f44f04e9f5f2487aa3df733450ba2,1764511818,1764511821,1201,51608,,
0x12b01b8ed5b0b95557258e221e35aa036e5ce19330dc2bc50355f87d69e9719e,1764511818,1764511821,1201,51608,,
0xcbde61115434197d2e7deb2418dac0632ce5b46c6dc6280cb68d057b6b0bd8dc,1764511818,1764511821,1201,51608,,
0xc7b693b2e740596231bd53f79a6ca2063a2e796cc62c5e9370e4e1a8187834ca,1764511818,1764511821,1201,51608,,
0xf11e9f01b3ca35a3006031a356c51520a3afbc4bcc6ee2b7700389b8fdd5f790,1764511819,1764511823,1202,51608,,
0x8d0a397ffba888c43c6e51cf37666d2787bcf4c398beff81c1143c44c2d96df2,1764511819,1764511823,1202,51596,,
0x47e7a172e2fd66b11a269df1149fd13d2aefc910d6eb18d5104f6abd7995bb13,1764511819,1764511823,1202,51608,,
0x7f76c7f01c125346a70c8ab1bdef121ecdf24cecfb4dd4263b2955f71b2e7eb8,1764511819,1764511823,1202,51608,,
0xa20348a656967a0b538e7af5f0e02940a722153168951b9fa56d6ecf99949412,1764511819,1764511823,1202,51608,,
0x0ee5c20a3068f693e79f5e0ba699195d52968d36f64e36192e63b63687e23a91,1764511819,1764511823,1202,51608,,
0xe046b706602eff5397f0036af70f939fc35780ad80383ff3e255199f94888834,1764511819,1764511823,1202,51608,,
0xe518f802446c3201c8712fe99c4ed3046de28af1332d16aeed83c5c3720207b2,1764511819,1764511823,1202,51608,,
0x7155a22567394bce4f0102f5ed7a99289398c9bbd3c3c232c8e1f8a55ebd5c49,1764511819,1764511823,1202,51608,,
0xe9b05eb861c26d398bbfe160296704d27ccf920110b02dab1ecdd9514060cfc3,1764511819,1764511823,1202,51608,,
0x74fe47bac0c5532bb898d2ce3ee3d8520f0b77c0e60208df78355398acab4a7b,1764511819,1764511823,1202,51608,,
0x8ea2f12736101a531f649dda73d95f4c598045104b460e125ce176b8ad75f945,1764511819,1764511823,1202,51608,,
0xd589882d78aa49b494bbfa615ca878dfcba265a74cf35eba350162187270514d,1764511819,1764511823,1202,51608,,
0xc92ff00eedec124326ead2c4bde18cfcfe4626a53abdccc889ce2f7d22296564,1764511819,1764511823,1202,51608,,
0xb358c5b4065b3a6865d3f0a8b9075729fd89af90d037221fc50130f5ba8e04fb,1764511819,1764511823,1202,51608,,
0xc386091036a30b10f471588281482c67c2dbc7690e1106729ebe1d5da7dedaac,1764511819,1764511823,1202,51608,,
0xa92c80562a4a4fda69b5479c34ac636b79da5167487d7607c5460e4d43d9ce24,1764511819,1764511823,1202,51608,,
0xb24685082a18854dd4ee43979fbbf67966e010d407e646def9054aa9ded7479e,1764511819,1764511823,1202,51608,,
0x8022d8ca4cce079096af1182438ffff42bf34cbe32b1684ba29ddaeb5da773f6,1764511819,1764511823,1202,51596,,
0x1640dc9d7021a4206fcd3e2aaa2eae91f5be4cb361f461f8496c8cfdfbe735a3,1764511819,1764511823,1202,51596,,
0x8bb1d540382884e7b1512f729e6b2d086481dd3d356e113bee2e2c397f74eb7d,1764511819,1764511823,1202,51608,,
0x92a2bba391e094ccf2daf7432b0f6e0cb223ce4aa0d1d3176a8074929e07a5d1,1764511819,1764511823,1202,51608,,
0x67f440f494ce54efce19a55bbd5dda8344c60c122483772d314ab4ea1d684daa,1764511819,1764511823,1202,51608,,
0x1c45a2874316a3658fe8dd1724c6882af6a73517bce0e4e4c1ef4467b51f7768,1764511819,1764511823,1202,51608,,
0x4b3090cd9c67e52d96bafa1a7d6e83c926ccaec7c35d7013bd9357d3f6b03762,1764511820,1764511823,1202,51608,,
0x633d6ca813603675b23e9502ea01fb9e6055e6dc4a808ce3be738b851248c65e,1764511820,1764511823,1202,51608,,
0xfa4ec174f76c9c664e37e3989fa6092da7a47b96de0a74f5fd4c824de3ef3771,1764511820,1764511823,1202,51608,,
0x52c7ae5e90cbc9d3532b47b4cfe50ec2e26c91e8c796485112ca5658c7ab4b9b,1764511820,1764511823,1202,51608,,
0x7057fa9ea9ad69ed5600ede13e171caaf30fd07d9936ee6feda1667b2f185dd0,1764511820,1764511823,1202,51608,,
0x5e442af9ca03563e96917857b3e98c7f93bc9219f25e4f4adbbc6b3b3bbb033e,1764511820,1764511823,1202,51608,,
0x5e57ffe5a46d636d2fd928447d72b20b22f4277b45b681a5d8548e7c609f9e70,1764511821,1764511825,1203,51608,,
0x2b66591c3deb53881d54b71ce3c7fab1dc7b2709a9c70dcfe6daf68cc21184e2,1764511821,1764511825,1203,51608,,
0xced8af6b5b3cd92e87abc936904b97a6c260a0176d6d03cf50541dcdf556eb68,1764511821,1764511825,1203,51608,,
0x7ec31058a84550d0d0e80550cdfa95fb9e0b1c7c24eb6c23d995fbe63e5ba94e,1764511821,1764511825,1203,51608,,
0x89981f172075d4e2befd0fd8315214719b4cbb9538bd4c19f5858fcfc71b5054,1764511821,1764511825,1203,51608,,
0xfb287ffadd496f537f52552553b35853ed46ac3149f566848529f3a85c328ea7,1764511821,1764511825,1203,51608,,
0x6cc4f33f85901b24458d0405a5e4d21b72a61080e2866376ced015f77d74df48,1764511821,1764511825,1203,51608,,
0xc1e264d4432425fa9f405f693a6468be8f5ea243871f8603be5cdaa6b143f25d,1764511821,1764511825,1203,51608,,
0x5d5eab759b41ff05ab77c8f6a8d80a68bf4f3929edaca80c163f26db4e6dfada,1764511821,1764511825,1203,51608,,
0x14deb9370c1f5097172848b9b35ea94c0975913b393decd8969b19731e07b3e9,1764511821,1764511825,1203,51608,,
0x764c055f79b52bab7d0f40ad8ba0e844e41e94a9cdbf5359e73e8a95a1605467,1764511821,1764511825,1203,51584,,
0x692b14421b30b5a1d24cedf9df040efec47cc49c1a41ba47c5d87fd63c3b1cad,1764511821,1764511825,1203,51608,,
0xe0afa0c48ba2a22e4395d3a9be14d924fe8c5f83982154930646ede1e246ac6b,1764511821,1764511825,1203,51608,,
0xa20946bd16f8791f42de557eb1f5bc50eac95114c21c2926bc42688a6b115c07,1764511821,1764511825,1203,51608,,
0xa2add82c09539b5efd2f9f0cf8f2f33fb788fce834b3915453d4a0af0eaf4b2a,1764511821,1764511825,1203,51608,,
0xc92a30c28852d901a4f4b83fbfe382f242369d81fb3e7b7fdca97ede79ff569e,1764511821,1764511825,1203,51608,,
0x0120b5cad2b8c6dd1aac09db24111e23c1f343d3f87946f1f19febbfd2d7360c,1764511821,1764511825,1203,51608,,
0xf4c1849b52b2c0c4acce5fcd271894036bf68910dd07021bdafefac7edd3cdd5,1764511821,1764511825,1203,51608,,
0x2102505c3891176c30a6c448b7bccf74a94b12f3bcdb77ad071f6586780d1c20,1764511821,1764511825,1203,51608,,
0x65718aac0751be0b48b4a6826d71bdcae44fbd097985073fafe88c5e536fe935,1764511821,1764511825,1203,51608,,
0x10fdba22251cf16ad7c983ebc1bdee5318fa651eca373f12f4f9226abfefeaaf,1764511821,1764511825,1203,51608,,
0x764a8fa0b63adb436e41bc84ceb7c3e337b87858b5cb0bcb53c227b50ea3a758,1764511821,1764511825,1203,51608,,
0xc4f9524877b6631ead9077dd9b801b2932121a257dab4b6e750a8ec91b158e06,1764511821,1764511825,1203,51608,,
0xb2935a3214b9e6b0ef4caa8747d95994f0b1cc85c4845ec7fc0172ab989674aa,1764511821,1764511825,1203,51596,,
0xa340e271432f2c05e85c6b8f21f934274c2676f4361191ec513053fc89533534,1764511822,1764511825,1203,51608,,
0x9a7fde3a8c327928c867bdfe2e063d6f6a0240aa84b5950f977bc894932dcbcc,1764511822,1764511825,1203,51608,,
0xb2c8d2487be6027f90a1f4d4ff804f452e568a3b1180df79c664f775b400861d,1764511822,1764511825,1203,51608,,
0xdad8bb9b4593848295110996118ad9a825c5f83162a81c5b4cd3946f70093203,1764511822,1764511825,1203,51608,,
0x2209fb9e034aae5fac904116f0039964798d9d859078f2a4a1a3d037f97c3aa6,1764511822,1764511825,1203,51608,,
0x9e9c561f13822159d38d5b12f06d7b2c45f6f3addce35355e89655e5f7b17fc7,1764511822,1764511825,1203,51608,,
0xc9aa28dd2a5ee2339ef73af54927a15e9f83f16b35396219e21a5f9671318463,1764511823,1764511827,1204,51608,,
0xa282b258642c6765788ba8ceb8aced29780daddca951216ad6aebede69579b5d,1764511823,1764511827,1204,51608,,
0xdd7e3667866604913aa9c2fae885a1f66f02496c08d29fe3b1710aafbe4cf27c,1764511823,1764511827,1204,51608,,
0x0d801ab22d305d261b0f581fdaaf1aac9d1b804eea12a689bd02e12025a7f5f1,1764511823,1764511827,1204,51608,,
0x42655b3b8256e2b96a4364c59eac96a5d647761b3306aae89cba5d3f809c4239,1764511823,1764511827,1204,51608,,
0xe76ccf625489f4f323da57066f163e89342eb312d1566b41df6e485eeedd5686,1764511823,1764511827,1204,51608,,
0x85348afb78f3f128d9a19418bedcd5c64c3f48b056d02a6ce5ed6197af7e918c,1764511823,1764511827,1204,51608,,
0x32986aa09de4adcf4857790484e2fb5cbc80918d0f0eb9c65428a50b6367d703,1764511823,1764511827,1204,51608,,
0xbad1bff2250be5cb2eb971319534de1958bda029a2bab1ca9a4e075f8c006398,1764511823,1764511827,1204,51608,,
0x6eaad331f50712a748508200725301984d57065756ae759260f66e2eaac6ee29,1764511823,1764511827,1204,51608,,
0x94c4b96be1fd05f870fc17f73485ca22196fb1c532ac8351d4b2f5e5f1f73f9f,1764511823,1764511827,1204,51608,,
0x5efb6c6bde4e33491fae3305b69a11c367d58662257211a8f5d03772b5222b67,1764511823,1764511827,1204,51608,,
0x6a4628493b0717fc684d48f728ce64b634aecb5cf870785cf1b74af062f60350,1764511823,1764511827,1204,51596,,
0xa78d51604e847f069735159371e2308b9338dc9b98df54ad5e95bb09e577f762,1764511823,1764511827,1204,51608,,
0x8c999816e1b9aa0ae30d554e2677b59d2830a49d0347e092f895da885271f47c,1764511823,1764511827,1204,51608,,
0x3ac692003ba1c1cb0c7338ff81c0196acd027fbeb6eb0606584f164b5dc8c736,1764511823,1764511827,1204,51608,,
0xf0d332484d45c84095dc96ad6256bc4a2a8616b7b1798ded3416956352ccf7fc,1764511823,1764511827,1204,51596,,
0x7cc3755f7fe9768b8ac259436493a9b3b61f5716e958c89dbc718b4e741a1f62,1764511823,1764511827,1204,51608,,
0x8f2e6bf8513145f287c8f9396c5973f220c19d4ea0bbfbbe27b1ee791df3b27e,1764511823,1764511827,1204,51608,,
0x224fe247f9eceb57333d6152101fa1a725575b8f7d8227cd7600e02f2e865920,1764511823,1764511827,1204,51608,,
0xb11507833e559ef46f19e25be1556b18b5a4680b0cfbfa83fb8593d7839c8471,1764511823,1764511827,1204,51608,,
0xfe6415ede03f2eecb8f7e74bb16d471795c5d3325d5135a0d09d7456895226fe,1764511823,1764511827,1204,51608,,
0x8d8505249559f4ee110f76c2a78620e5f55b5671cd3e4a34ff601bd9b66ac265,1764511823,1764511827,1204,51608,,
0xabbba9e5d16451a10fe6538fa19db35db082ed0f9fa95310f940b7a4acbeb3d8,1764511824,1764511827,1204,51608,,
0x5b377746bc12b156dee86299f9f881cdc24f3682d36c569977c1d59b322cbeb0,1764511824,1764511827,1204,51608,,
0x26d808ccd6784b02b99a18c5d62bbca5f8e6dc72e51ba147697834d00f8d2b71,1764511824,1764511827,1204,51608,,
0x0d7f63ffb070bb58d507ccc4545be80f2eda73aaed8c30961d1c2286020c72f5,1764511824,1764511827,1204,51608,,
0xaa8187d1144b8a5359905d026a8310e5971f12e562cd6e5458b08f39dfb3164e,1764511824,1764511827,1204,51608,,
0x95d022e42b8ecf1a15381bf255e8cec8527b6f78ee060803a3104c2a5946988b,1764511824,1764511827,1204,51608,,
0x66645ce5c8086da084c61b1a882509cf1001d663c82eeb30895c1cb2457de2c1,1764511824,1764511827,1204,51596,,
0x7f6a9d0a16a2cd8ffd7b3eac59e33166415f9115600077d391cb17539af2e537,1764511825,1764511829,1205,51608,,
0x0422b706453261a1b8255467feebb44f576d8d73d54290e08e39aa375512a768,1764511825,1764511829,1205,51608,,
0x542df44d0efead19eca59cf7376a32de612cf01bcfe948c99e6b04ca7a7639e7,1764511825,1764511829,1205,51608,,
0x7f53d159f23cfdca26f95b24158575c40a2cc40bc83b565b9f9ec96a1eee6388,1764511825,1764511829,1205,51608,,
0xacff761814137e04fe506218bd63f3948f189607db27842ad38f926654c8c783,1764511825,1764511829,1205,51608,,
0x4933c867863b4088409512eda6d7eb4b3d675750cfc9b23c242c29178e4da723,1764511825,1764511829,1205,51608,,
0x1295a1aaf750852f8ee10d816bb63e5504775e498535e24407bdd01f1d936ebd,1764511825,1764511829,1205,51608,,
0x2e65bf88013e6255f137b063af3d9bd12884c82cd01208860cb231af3964eefa,1764511825,1764511829,1205,51608,,
0xeb4e6218420a53c6af2812f2560121aca4bd475e3dffbcb0de89580aba86e4fa,1764511825,1764511829,1205,51608,,
0xabd9cdcbfc9f97de41f90348efea3ee2e731bd04c3c19bcfd3c535c74cc1ff29,1764511825,1764511829,1205,51608,,
0xa88d1fc666cbe85a693dd2cc0ecdf3f5c8d89d67cc13caf49f86e3df3eb90481,1764511825,1764511829,1205,51608,,
0x1452842e825753b5f08c06b37193ed1ac73aa84d6d4c7a4dd6be427242edff63,1764511825,1764511829,1205,51608,,
0xaee5ed54c841b97df52ffa5b22f9b0cb13af4b9a978846c48f72cf06a4e7b48f,1764511825,1764511829,1205,51608,,
0x6734c1a18fb5d04437a41e771455d3000e06320c6366322f181ebe73b9eb3bca,1764511825,1764511829,1205,51608,,
0x783a15496f919284dc5ff396da0812236a4ced07c8949163340b451264968b42,1764511825,1764511829,1205,51608,,
0xfdb1d01c2d8fcd8194483d6e3fc5685fe8f31c9a2d4e84465f63a37f24fd5ba6,1764511825,1764511829,1205,51608,,
0xf98505d62ab08980526a766d9baba7f1094310f0f0dc70081f8c76321346dcfa,1764511825,1764511829,1205,51608,,
0x5f681b49100033f53e21ef92bda52a6eba44e28a31ff60f7cd2af0de5620c651,1764511825,1764511829,1205,51608,,
0xb71dbc956edcdd25ac8104bcad10e734aa5ff2286b7b0423ab076c1b7f6d0f35,1764511825,1764511829,1205,51608,,
0x53db1de2e4589b3c8ca5580c79a7125d1bafb396b956981b95f6bfba58f088fd,1764511825,1764511829,1205,51608,,
0x8a2a6db547a6270bca4dc020524c58ebb3201f171b186e016dfb30491ba9b490,1764511825,1764511829,1205,51608,,
0x177329f2767c67d7fdb09d69ceef6cae7cbdbaa7e936993016c400b6097e566b,1764511825,1764511829,1205,51608,,
0xf6fc0e9b3bb8d68dff43807279b7b8d3e2ff692d3ad4434c38f426b343822461,1764511825,1764511829,1205,51608,,
0x21d8595abe35139a60aa6fdbeff26537b3c81e2a52d16ae076b269a203dee77b,1764511826,1764511829,1205,51608,,
0xefb0297e626a321435b8b37c680bbc5748984299230f67db86af517119cf1f08,1764511826,1764511829,1205,51596,,
0x18c4bd5b226b212b07a8fb4875e434b3852f92673d56577187146339b34f991b,1764511826,1764511829,1205,51608,,
0xfc945a7eeabc098bc5c5eb509bb1c5bfa424df64ddfcb5f4a0a4ce53104f82b2,1764511826,1764511829,1205,51608,,
0x7b6f816214d604836324164652467f640485ee9f8ef561cc0305ae986a44586f,1764511826,1764511829,1205,51608,,
0x855c63a39865eb07bc5548ab881ae55625344ac3b5f1c12e72059f3465d04cb9,1764511826,1764511829,1205,51608,,
0x2e118b96d96de8b770e9c4756cea4640d57b76fe43090fe80a458bfc1fa04cca,1764511826,1764511829,1205,51608,,
0xc2399cae84bf1be155ca61578602cef9e9626d0973538148a7b96addfe6c8fef,1764511827,1764511831,1206,51608,,
0x601072794d54d5a2c19314ef092b20bc8b4aba1034f162c2b3021e6f413f9642,1764511827,1764511831,1206,51608,,
0x2e6d83ca5a880cf5489b3bb6cf4f96fef2c8ae8f323840e4aa64d0e8b547ce0b,1764511827,1764511831,1206,51596,,
0x1266551ed02acda1c2b89f1742f4fe2b011ad9b708707b2f85596784d04edcfc,1764511827,1764511831,1206,51608,,
0x3e40838a8eb5b069f677c289634255a8b85a4535bd125ea0ebc8d62ef77903e4,1764511827,1764511831,1206,51608,,
0x27be07ff579f83e4a222a9f29ea74c3478f33bff738d98288a0cd452ea42287c,1764511827,1764511831,1206,51608,,
0x4e6e61bb2fda40f2fdafad3eb992f8f0896e85804640e99480e2892a6a9ddf5f,1764511827,1764511831,1206,51608,,
0x1ead0a613cc4e65760321208c2c149ffe10a4e14f77807c2ff60672f5c9488ce,1764511827,1764511831,1206,51608,,
0x933b100a7bd324ea3c1acb42e1e93650ad50d9bda38067d95713ce9daa7d632a,1764511827,1764511831,1206,51596,,
0xc83a2bceba59f6b66816053f6ddfa9605093e43e1d1ef5eab50452826aff4368,1764511827,1764511831,1206,51608,,
0xeca973835285350c2142a29f3680f0f04234c7000d70501dadb09e7b7fec8719,1764511827,1764511831,1206,51608,,
0xcbe630fc7aa00243637372dca1626cb54107ac6870c18b623f3a445da0017de8,1764511827,1764511831,1206,51608,,
0xc897c93ce86dc9665ea1afca3da8c84831387873aecf9f6a5817e08f5f224849,1764511827,1764511831,1206,51608,,
0x3215ae71ba4df423c98dcb74964f96a2764b7bdce1946e5b2e3d05f00007c0a6,1764511827,1764511831,1206,51608,,
0xd04852746416065f1d6c0a24054cced9c61e0eab7cafba76796526d47073a71e,1764511827,1764511831,1206,51608,,
0x552870ddc9aaab86da1449567eeb98791c893665c8c0d6e48ea215ab9b838e56,1764511827,1764511831,1206,51608,,
0x78fb848c7d26ebb8fff83ca26a333cf20fc5d54bac6c4c0d5ae3f6936d91ac8f,1764511827,1764511831,1206,51608,,
0x304af06e2adb2349a54ec9ae3d0f30052305e5a42751d77793b54be7f48b2edd,1764511827,1764511831,1206,51608,,
0x2b67e5c8901646c7d8ebad5a5e46052840c75ba4b4322927c65d502afee80167,1764511827,1764511831,1206,51608,,
0x3e578b7497a68f203237a4e2bdf86aaff3b141be95d9c6ee8f5c088dab231885,1764511827,1764511831,1206,51608,,
0xca0c44fb10b89fca36654b5a408ec0d3b42364a01864fd3cad0fbf6fb4f5f8f4,1764511827,1764511831,1206,51608,,
0xdc06be2082cdfa3cf8ccfb7a28b08ce31263f6f53f862e63a4c663212dff74b9,1764511827,1764511831,1206,51608,,
0xa56abc08ca557270021e16c107c354294e09fe12c3df61008f002086a6885f1e,1764511827,1764511831,1206,51608,,
0x2872aed46a4bc19f62a347ed60183405903420d5f6d8da2a51c3c8689d34e65e,1764511828,1764511831,1206,51608,,
0xfc753a81ef7bb7e222d486dfa80ecf151a45ce06ddbfdec58e2bd7937cb04b4b,1764511828,1764511831,1206,51608,,
0x5fb80e25988f5969218e2ae35832a6bcbd38757227bdf91cddb68cf398268b48,1764511828,1764511831,1206,51596,,
0x24eb53c7be9618d66dabf58d1e6e386da32b40a4d949456e78e6a17b085260a8,1764511828,1764511831,1206,51608,,
0x17bcd96fff07c2952287619781b3e34595fa4671b7ef7ef757f2893ec41201df,1764511828,1764511831,1206,51608,,
0xef4df6d69a7a76f436baea1c0707d804c7db57549d2a0576be8bb635cea37c48,1764511828,1764511831,1206,51608,,
0x6208ca711269a28d13a2db3987589ca94ba8f998a23fc38ec78a8bae6aafde31,1764511828,1764511831,1206,51608,,
0x7976fc174e5b56a8c5408d3ee0755f6bf107d8d9fe1011fc5ab01b30806a106a,1764511829,1764511833,1207,51608,,
0xdcf269afa39b293d99ad5814faf2431deaddfc7be80bcc2719d69750de1ce53c,1764511829,1764511833,1207,51608,,
0xe4e7b438214e2a8c05724fe4ae72c75531f6b1bc62005c05eb765b5c778f5abc,1764511829,1764511833,1207,51608,,
0xbfb54914ec3cd62e770e6fb2be7f3ac6fb45b230502b494df0dc2c2ddb080014,1764511829,1764511833,1207,51608,,
0xbe1211432881b88a8a685b767592879454988152e1a1f516951fec61b0f78a4b,1764511829,1764511833,1207,51608,,
0x312a2f7829a1eccc818a4345b7348ca2538bb904f40bc263ee5b68ebe053d93e,1764511829,1764511833,1207,51608,,
0x250480ec641d2cb7edc5519138b9289ae381cd10f062dea065900a88cd567eaa,1764511829,1764511833,1207,51608,,
0xfc19588db3c65f3396e80160d23d7e1c992f432f13252a670024a28895ebdab1,1764511829,1764511833,1207,51608,,
0xa8580c1baf4c7373588e9a1edce2089c45cacc20ca36834fd4fc344379aaeb82,1764511829,1764511833,1207,51608,,
0x4c0d020775a0573ed08ada9ca9f61954679942310573e1d78c3251cd72d7a0a4,1764511829,1764511833,1207,51608,,
0x69dc0a1deac01b816029c38c38ee31ec39d4aae2d12d937fe55035caab7038a3,1764511829,1764511833,1207,51608,,
0x4fe3263820a5ba69f62521d5f9ccc06bccb5fdfb24c159146ca12e6e8daa08c2,1764511829,1764511833,1207,51608,,
0x21c94e47127c8895811a60ad98d84a60f668a81845b0ddd7a86d76a91847c9cc,1764511829,1764511833,1207,51608,,
0xfcac873c454effb92561def13ac94d572faa411be81fdbb37d866866671c109b,1764511829,1764511833,1207,51608,,
0x6f507a7314d7d7a447057c4c5daa6ca17b6c3ab2220113c714a0010b6e7712a2,1764511829,1764511833,1207,51608,,
0x98f4e082a9b68185e60c175e94f31aa79bcfcdf4af513c2264e522af706916fb,1764511829,1764511833,1207,51608,,
0x48fcd2c8dee69d5b2e383ab325bf413cda9e4ecd1e902b8fcb99bb89b52329a1,1764511829,1764511833,1207,51608,,
0x464a9c0c625958b0c63d8767b174b070753510943c30e55e4e718c66e9551f47,1764511829,1764511833,1207,51608,,
0x4304b94be553e4053afcd139c4db70983e7a55d7cd7caaccd7e4dd1ef1a61039,1764511829,1764511833,1207,51608,,
0xadc38b2dfb13bd23afa2154b73e0c7e8c0854433389544d4be46d77daf40070b,1764511829,1764511833,1207,51608,,
0x4076300dae2225ae676e7dbd3eddde80d4982779c07147d841ae938a167d28d8,1764511829,1764511833,1207,51608,,
0x890ae21ebf1090876f17274f1dc6b8d7bcfca8b131c4e0c82cf503018a6f5076,1764511829,1764511833,1207,51608,,
0x12c6bcd8b6b727844786acd74966182efba1f217e2bd1b3a9b22adb3c014f04e,1764511830,1764511833,1207,51608,,
0xbee1cf870ee7ec446d5f4ce5b8a1ea8f6ad22bed2c3b62a15e693fbb40d9c79a,1764511830,1764511833,1207,51608,,
0xbcfeeba075e4bdb4ed2d1a8888bd2058aea58f26330fbfc952057db187b48b53,1764511830,1764511833,1207,51608,,
0xc6c8aa9359be3049dec57d449ab8bec9fcce883fa1ddd4fa2985868c3b3677d9,1764511830,1764511833,1207,51608,,
0xf11dd3d69cd9a42a9bb21f2713f939fc36a3dc33562ec97ebe78703c25b56417,1764511830,1764511833,1207,51608,,
0x732446208b7996b0d8f40fa1b5c0c1797c664d762b9daf4b84fa6bde670dedc9,1764511830,1764511833,1207,51608,,
0x4da9455e001e35151e129753c58032c22f9ace1fec4b5a3dc2ae02234a6f91e5,1764511830,1764511833,1207,51608,,
0xfe8455c847e11b12d631bca75253b17dc635399d0c1e5999133d67f7e4f3897c,1764511830,1764511833,1207,51608,,
0xc1fc80828b6ef5633d8dbaa7ee477813c5b62f037e0a1cb8f9b752fca049379e,1764511831,1764511835,1208,51608,,
0xd7066a1e60ec96019615f47c6f74e0161d8f7c2f88839315c15568d3105d366b,1764511831,1764511835,1208,51608,,
0xb7998d389a2883044fc7bc2d7fa21a06ccf3fe424814a49fa1e38afef803a4ae,1764511831,1764511835,1208,51608,,
0x000bd7efac4ffbf6ee1be77a2cc2494999f606166b7259a5232bdc066792b70f,1764511831,1764511835,1208,51608,,
0x6c956f94b32e573f8ae9d896daeaf273caef323b7bdf676ef93baa9d417c6651,1764511831,1764511835,1208,51608,,
0x16f0fe6ba72a29c0d8fa78796cd5e85649a7ab7b22149bd43da2e79c8ba5d589,1764511831,1764511835,1208,51608,,
0xea9bc98cfc74061ec5715a9fa22200f9fac572ce060eab74de62e87731703f63,1764511831,1764511835,1208,51608,,
0x73bac2e4141a58b25c6687df9439531947e3c9f342366c7a908bc6c63c7a80fc,1764511831,1764511835,1208,51608,,
0x03100576d23d56d3a40c616c212d460e643feb6c3f277ab75f6067949f2b06a4,1764511831,1764511835,1208,51608,,
0xd8e6cb8bb63c51642eaf3a980607b44b1e39b41bd59c1d4e06f4c09bdff50ebd,1764511831,1764511835,1208,51608,,
0xf2a41eaa5e72b3965ff18e7c987e13bd8efa3d6a38c5d0e43c965387b9915432,1764511831,1764511835,1208,51608,,
0x355215a3980d04b7f0ecb5ed0abfc53c83f66fadece7ac90ca1559127d92be43,1764511831,1764511835,1208,51608,,
0x1793109373d6f1994913b1497fffa441c59b71fa0fd5d41e74706aa8c9f17e9b,1764511831,1764511835,1208,51596,,
0x7fc072a60f49c42548cd6d8e1e3c1c952c26291fbf21da7273aeb9f2c0c8ef82,1764511831,1764511835,1208,51608,,
0x2c731effb10d714d01ec4bb78c7b9041e266fcc943f5fb100034a00817edda95,1764511831,1764511835,1208,51608,,
0xf8dc52185aa961a5c7ede61e6869decf032cba0300536498dc8f4bf4f99dc4fc,1764511831,1764511835,1208,51608,,
0x0d7242ce1bd871ec4a21c2ecee3fdd20ce6b1495b8dadce01a28ae29d9acfd6d,1764511831,1764511835,1208,51608,,
0xfe6ccab3c262876c109fa627c635a66e6f4ec04e7d8892098a20d25850fbf7aa,1764511831,1764511835,1208,51608,,
0x1e60eedd2b436fdd4637df908eac22599ba180b00e71a6959021c04a8215c8ed,1764511831,1764511835,1208,51608,,
0xc3717f0a08b1212555181e92e49dc82b9dcf82215015a8cec41845379561685d,1764511831,1764511835,1208,51608,,
0xdc660e862551a8f9c4b2c9a928a8180bbb217bc4dfb7f44981a534445f4db5bc,1764511831,1764511835,1208,51608,,
0x6a123631c131447d1af68df586b0bdf2c0296d24a8ec3c0d4a9fb4fa5b75f8cc,1764511831,1764511835,1208,51608,,
0xa3e3f83fa805f3a55821ff27533131ca66249f057be866f4bc6e3f6fb03c4dd4,1764511832,1764511835,1208,51608,,
0x7a9b44ff6c62e0488b5ee4354a5fb6419d0835277959b4a33ac304e5331d5214,1764511832,1764511835,1208,51608,,
0x6f77e9e8981f8e2eafd1084fee7a6c18c2fac83fbd57268b3c9bc54fd772c8ca,1764511832,1764511835,1208,51608,,
0x714a3389cc307dd5e65ed6b2f9a033142fa4e5a1910e810c4a7ff87d18a121f2,1764511832,1764511835,1208,51608,,
0x9cc4be6d5fd9b23f42b89b4d975fc4715828b5d73c2f34daf9f5f6620168857b,1764511832,1764511835,1208,51608,,
0x37a5dfbad0f0027b7d9a008343ba9eca1e09eed27723c127776235e4bf2595d4,1764511832,1764511835,1208,51608,,
0xa4d4ef897c95541f981e9dbeede3dda2aff243787c25549f1c30ba6536b33bdb,1764511832,1764511835,1208,51608,,
0x9d9aad0b422f9d770ce440341f78ec6b79e0d906163cc103f2d9380fa41476f2,1764511832,1764511835,1208,51608,,
0x461c1d8be3224ef432bed64760ca289829c15c8048299520cc425d46f18e9e32,1764511833,1764511837,1209,51608,,
0x29b25013e32a0e4b1eecd99e238f5b3d5b7cfdfc178f8164d874219f5444402c,1764511833,1764511837,1209,51608,,
0x5c78b883cf7c64bc726302aebee1317c975289c9deecc99c8e760c1ce5bf5a0b,1764511833,1764511837,1209,51608,,
0x939d746ec423aaba06c45711fb4c89ecb63b2bf4e9e015a997b1e98452db72f3,1764511833,1764511837,1209,51596,,
0xdbcce9283f4aba38ffe6df4d0e1db7f69f63e1ae5d7a43621e1f5040d8bdbb28,1764511833,1764511837,1209,51608,,
0xb6c6cfeaf502a2fed9c82f5ee0911f35a700c2907abb04045a0b89ec96b39ae3,1764511833,1764511837,1209,51608,,
0x2e184aae10fb323e2501250f37f3f726067eadea6f3dff10e4633b36b769a801,1764511833,1764511837,1209,51608,,
0xe4ec7e3356229759149e60b1c2dd643449f3483862a85b6c001429e185247805,1764511833,1764511837,1209,51608,,
0x5ef342b41e82f80238d7573249fe54bc6fc144666dfe01993479f51311eda036,1764511833,1764511837,1209,51608,,
0x35f09d5c2b9fb5157a38b70228470b1ab75fa5553f64acfa9e78c60a6ac8b8e8,1764511833,1764511837,1209,51608,,
0xdfbbf65d795ba92616aa4eca8e4c8dfa84af04d24d8b57ebb1dd3bc199bc5519,1764511833,1764511837,1209,51608,,
0xf303e77a0547192f0627434fcde4ae0371e636e6df564a4a1c9e75a0f26af363,1764511833,1764511837,1209,51608,,
0x487474398d3133431604eebbeb273ed1de25b5da093d04cee6b025661308220c,1764511833,1764511837,1209,51608,,
0xb78db08608c6d2e656e837c2c7813e42588532f72feeb9d9aacbbf8304681b17,1764511833,1764511837,1209,51608,,
0x85845d79cf5d5eb036189d28933e7737ec26c5edeb4fdc9eda20fc60dd0cd4f4,1764511833,1764511837,1209,51608,,
0xd01874fc567cfb5aaa22c95ff3c49dcfe443d27976a58a7dcd7ce293f1471af3,1764511833,1764511837,1209,51596,,
0xf3be4804aec0efe4dcca02f8e5e70fbcf45ed98173d82c2477578b98f43e8254,1764511833,1764511837,1209,51608,,
0xa0fdca96849121d4db365e028ffc2dc3cd55bb54ed3ee6619e6db8dcfc459a99,1764511833,1764511837,1209,51608,,
0x0370fa8f74b24378bccd748260877021fa575bae1f585bc14ba05bedf8eeb1f7,1764511833,1764511837,1209,51608,,
0x41e50ea134ad62a3f25c814d0397e840eec97b02aac358bc4c216a88233491c2,1764511833,1764511837,1209,51608,,
0xe9d4744afe826e05354e47f90badcb0170c22c2143bf532536ac488fc234667e,1764511833,1764511837,1209,51608,,
0x155f6823a3828874f2903028be99b096bff0bcb2e6f8258e728906e56b078009,1764511834,1764511837,1209,51608,,
0xe022e7f970d5612be7c467fb7ea732375d4a23136b9222c6856b49d24cf9187a,1764511834,1764511837,1209,51608,,
0x6d30a5a31bedd514613c74d37793784e5e5a4552edacdb3440ef306fc22ef7c9,1764511834,1764511837,1209,51608,,
0x6ac928726a199e969518370b2ee458759510a4d05f3b43f0a28297c90ecbcb94,1764511834,1764511837,1209,51608,,
0x0252f1ff92d1a023128d8e28eb141662d781a368517d85cb6ff0399b44bd52d9,1764511834,1764511837,1209,51608,,
0xa06c59ae1b2510f4e23a69b81fe20fe4c2ad89f28b2606a2a73a76ee165a6d34,1764511834,1764511837,1209,51608,,
0x708097e0772a68cabbeea6e5499b741e20aaeeb3a89ba0cc2b4f9e3dd57fcb58,1764511834,1764511837,1209,51608,,
0x2171aed5b8b04a2f2a189359d6578d4659d58339594c5c0231dfa2e2624ee867,1764511834,1764511837,1209,51608,,
0xdec293069e40f6a8cb55c9d4babfb1ac6cf77dc10cb58b4e9c86cde55bed9184,1764511834,1764511837,1209,51608,,
0x6359efa812d11308f9f65566827a8aa3756f278b2a210a0d5a5369452af01280,1764511835,1764511839,1210,51596,,
0xcea1fa4d89060962a13793c9f8f8a8f1f726038fd30cc31a6c8ec5110067b69b,1764511835,1764511839,1210,51608,,
0x8cf786c607fad0d7dfa3f58e87cca0952c6e5bf76049eb6f4f270332ab1d5a47,1764511835,1764511839,1210,51608,,
0x5f071696cc75065dcbb6ca761710d7e9c81d760efafe3ac7c036c5c02b507263,1764511835,1764511839,1210,51608,,
0xd39b4487930dc965012cadc44e687bc192abb72141cf112d9613cd849da6361f,1764511835,1764511839,1210,51608,,
0x2cf47bb970dcba53c591a6c69d57616d4f1e3877315ecde41b70ea3a322410b4,1764511835,1764511839,1210,51608,,
0x6d4d7589b5a0431a6a115b2ad93d92e0c44da44a0aea3962ba9f6256fd576fd6,1764511835,1764511839,1210,51608,,
0xf7c671b9b77cea6c04895ac5463922f9387131fa2d488e36f65b8f97c5519547,1764511835,1764511839,1210,51608,,
0x95e575a885686756244fd5ecf64ac9751c7d8234cc9e69cd1e3eb112bccd2af6,1764511835,1764511839,1210,51596,,
0xe3f0995514c300c7d8121e690b08c68833c77cad09895a241d306cd082c91600,1764511835,1764511839,1210,51608,,
0x503e18f980abaa280aa2555c64b2e4893eb6928978a48598a17b6af035f16b2d,1764511835,1764511839,1210,51608,,
0xde07138853ca3ba96db94aab98f643813350ed85450df25566e4a0a54da4f437,1764511835,1764511839,1210,51608,,
0x32e9ac0b2b8f62e3a55c9dae8577c27dc73365dfdf881f6a56e8120f222cf409,1764511835,1764511839,1210,51608,,
0x9fa871d36c77925cd6ba06b5c52b45ddecd9f6d365024dd31c5205e816afc0b0,1764511835,1764511839,1210,51608,,
0xee41d4459c290997dadd4ac594800f2b309b4a7bc7c30fcc57420746b199cc05,1764511835,1764511839,1210,51608,,
0x4e2613c50ff8daa3aeff8280c503584fddcb355b92eb5ce30aa04ab9079186bc,1764511835,1764511839,1210,51608,,
0xea13834d17e24f5332c6cb5408aa50d8fd8219334439796fb8bc413c1c8f3b50,1764511835,1764511839,1210,51608,,
0xd5735ffb0da756ab99bf64ea89ece73efbd5ff5634941c54a55b1b56749f03b8,1764511835,1764511839,1210,51596,,
0xee44a839c1426cb762063fc8944927e3f6d3909638ade83c901b952507954939,1764511835,1764511839,1210,51608,,
0x8e350aa4a4ee458da8f596e35d04469f0e2316120b67632e4901a3033e2a24fc,1764511835,1764511839,1210,51608,,
0xdf2da8d64e08095a37b88ab0abab03ca766705bcdc4ccfa5ee8b6e746742e355,1764511835,1764511839,1210,51608,,
0x27ead180defc199c313bcfe5e03a7588d1065b6440387d29e2bed28887f05918,1764511836,1764511839,1210,51608,,
0x8b7e6afb715e400ddbad3f7f78bc80ec51e76037427285e92d756ba21acb82e8,1764511836,1764511839,1210,51596,,
0x8953fe532b571f085078d2517814af8a120b25915e7b154b5cc94e0dc219fa30,1764511836,1764511839,1210,51608,,
0x7c99fd65556ddd66960a588875629fb6f638ff81c5fc2d46022314beaabc0fa9,1764511836,1764511839,1210,51608,,
0x89aded8701393b4a13dbc4e904938c41ad7657f1c6b6829d87e63493db8d2d1e,1764511836,1764511839,1210,51608,,
0x54702d1bd5da55edc6813035ad57a315f0447b1ab864b434ebf392e6b78781ff,1764511836,1764511839,1210,51608,,
0xc5ef746d8f6defe2ad7abe7ca9fe1f665c4af5b69f932e9c45dbae3c488c54cc,1764511836,1764511839,1210,51608,,
0x7912a56d5c3c211bf1a00fa9d762b97ed7b80d28eecd7fde00cd4355cb742952,1764511836,1764511839,1210,51584,,
0x362e24e2fa584890b02dcfcbc89947c99baf8a10d098b0c7164bae69c004052d,1764511836,1764511839,1210,51608,,
0x5e1264f2c21981184c5bc6097a73a0978202ddec3af29ddd7356e331b89a8252,1764511837,1764511841,1211,51608,,
0xda8adb5e68f5082c9c3acdb15c8cdca71096c45569f5374a39268e7c80a56086,1764511837,1764511841,1211,51608,,
0x91b8e54a5b0990d08c1b252913762aa40139bb76c4bab69272772459dd5ce521,1764511837,1764511841,1211,51608,,
0xc3e6b11502da0ccd06ae4d700fd6f18004193ce9918352625b54340d8110a5dd,1764511837,1764511841,1211,51608,,
0x80be4fa1ea72df23ec4eb934f12ede02c236398102255a5fb1c9e8516e95171c,1764511837,1764511841,1211,51608,,
0x13ffb2ce0863973de0a6bac0a933d692d332eec589a65acbd0ce4624989fa0bd,1764511837,1764511841,1211,51608,,
0xd21b2933797999848077048d790fab6f292b2a820f0c276a830c9579d5590a31,1764511837,1764511841,1211,51608,,
0x9f811d0b9c7d9b5d489906077dba7b0ba3466728be80094a92eb3484a4cc1e7f,1764511837,1764511841,1211,51608,,
0x64056ad2016b2599537e3005b457006b02ae554d17863f14bf54d1b37aaa2d43,1764511837,1764511841,1211,51608,,
0x5c75a67d6de21eaa49b15ab40c97caf614a39a9d24fff0383ee0741648b37d4d,1764511837,1764511841,1211,51608,,
0x32a435b34b206b358c99876db3c92a8807adf3110bd68bbf35320d0aaef06fc7,1764511837,1764511841,1211,51596,,
0x0085f3397d0a80241c62bc77606e5209c131a18421ed6cc8405b686b110cb290,1764511837,1764511841,1211,51608,,
0x30d592c490c9626511050dca0fd5429792109deabd75f1f30787ca2d6ddd44b0,1764511837,1764511841,1211,51608,,
0xf16236ce801881314987b73a5b82df0c6a3e3506436db2ebb8e3f03fc2dd7271,1764511837,1764511841,1211,51608,,
0x848a46fd8f0ea538c216237cc1dd34cbd8ed0c57d2a4ec0f91b22f30ac1960b3,1764511837,1764511841,1211,51608,,
0x7071bb08a2e330d294d48539e5d09f43fa9f136cc27aecc85349cd6f4f5d7e98,1764511837,1764511841,1211,51608,,
0xe852363afd7571544f399e501d5628eb54a5cf83b5ee88ef48385a293e4b58cc,1764511837,1764511841,1211,51608,,
0xa37f7a7a23f09c4a5dacf0ba090fe64404eb5ae77a34de098395eb12d728211b,1764511837,1764511841,1211,51608,,
0x422629d68a6df0f4b85d5e742c8b1c2f3ae19547de39c70b45521d8b812e84aa,1764511837,1764511841,1211,51596,,
0x21c53f9b795e79fdc5bee19752db1160dfe4df09bf42231572ba5d0d2549900e,1764511837,1764511841,1211,51608,,
0xf7e01a879c5dd0891f0a4e7c9a7b80a38c1ff20494a1ade6ed8bd47b39ed5e4a,1764511837,1764511841,1211,51608,,
0x1002f9894d15fa8dd0a1799b177cb47ec54b21b19c30ebaef246719e8e1e2f25,1764511838,1764511841,1211,51608,,
0x0d4c677f33433196393d54c5ccf85c481eb2f1f1232ce0ad4968dd0d11fc084a,1764511838,1764511841,1211,51608,,
0x4f4e8d52513dea33b1f26a4522afbf65ed64a5621848e9a77c5bb84dee918360,1764511838,1764511841,1211,51608,,
0xa26625649baa7273fb7d780a04cbedf12e3bcbd945d456cfb3d95f57e9480dca,1764511838,1764511841,1211,51608,,
0x25201c2c935ea30fbf416f1b569f86339ed452ec9efdade97e458107109262c8,1764511838,1764511841,1211,51608,,
0x5a072789b423400161befa518ea1c8607d85e7964c31f9dddd5ed6512f9c52f2,1764511838,1764511841,1211,51608,,
0x148970e19c203e9bf235e67e5019fbf44988432e00f59a254fd33ff3beb5e39e,1764511838,1764511841,1211,51608,,
0x3ec60d3bef73ea572b12169de764321b190eb1c007f81668d678d1e85b35f568,1764511838,1764511841,1211,51608,,
0xae430bcf72ee36a7b734683c06949a9f2dcb5ba247db6d8b4aa6606218d1bc0e,1764511838,1764511841,1211,51608,,
0xdb94ddc0031f41250c7f28efd5f8d3dd177766a5cc853cc17cbe8c43191120f4,1764511839,1764511843,1212,51596,,
0x5b352d8d34f16afd9f5fe8faa903f14ed02817a60ea91fcb90beb9b6a5dfc837,1764511839,1764511843,1212,51596,,
0x627e5d8cdd143a26e8ddd77af83f1c00adb175840e1e10c9afd1130e44912aab,1764511839,1764511843,1212,51608,,
0x1fbe719cc65218bcdd381fe5ec9471584a22b2533bf848f21677cb7f7bc4f6ca,1764511839,1764511843,1212,51608,,
0xb4daafe9e2eb5d0e52139f54f3924215393200c47afbb681cdc201065b4054f1,1764511839,1764511843,1212,51608,,
0x92a70a51a4fdbe8d0b292b88d6a96476bf030f45aaec66b93b8848b896d5c3a2,1764511839,1764511843,1212,51608,,
0x51865b3f95fe8920403d2877bdc5117395b9306e7cac134e230710d32534bd93,1764511839,1764511843,1212,51608,,
0x491933678bfbb608cb42dd9fcc87b2a0dd440c0c28b0483aacd265a9712f41d3,1764511839,1764511843,1212,51608,,
0xef554c1826898bd40aea5205fca903ce77fac89c4a20603357f81db24a60ad44,1764511839,1764511843,1212,51596,,
0xece2a4deafd973de61ea2dfeb5e1c0a316a91a96346af04c77bef2370e5435c4,1764511839,1764511843,1212,51608,,
0xf027a733582147d98a5477715565fbe97a605941687f6f045021468d540e9a9f,1764511839,1764511843,1212,51608,,
0x640f842ea28f7cb266e16bf596e3939c7f8c138ba27def7a05f39e24be252cc5,1764511839,1764511843,1212,51608,,
0x1e6ebed89af284e9774ba2be061cb813d24b5226e0f999c61965d6b951f31856,1764511839,1764511843,1212,51608,,
0x0a4e005ae6899c91b53be437d8eab636317fd89b0ec7308fad00a3fafaeb1f39,1764511839,1764511843,1212,51608,,
0xfc1df7e22e5ff0170eb122ef25a88c6b84b1bf16308c6f337193106cab11a504,1764511839,1764511843,1212,51608,,
0x9dec21602d4fbde4c07882b35113283b3a6e878000f8ff699b08ca7276368feb,1764511839,1764511843,1212,51608,,
0x7a7d4cb1512afdd9d49c68ae0974eb3bf350b65fd22dc0e54bc630cfc8fe49be,1764511839,1764511843,1212,51608,,
0x432f01e358e97ff0e58d1479f53ecd0d9130b116a5d6b7ac9dd3365a2c683c4f,1764511839,1764511843,1212,51608,,
0xc74edeea012925b4d51c214bee079a79f4708cec191baf55e82c516ccfd4da59,1764511839,1764511843,1212,51596,,
0x057e2e22787bb362d24ffb191f021e415b1804e0e32dedb76e1a2f12ad4166e6,1764511839,1764511843,1212,51596,,
0x08a90c13d31ff2f1f379d54d7d2ae5250713c993e93a5f312e538320851735b7,1764511840,1764511843,1212,51608,,
0x5b6068a2a0e97647cdf9427d9f24021cafa5541bb50d2b1730edcb9a920747e2,1764511840,1764511843,1212,51608,,
0x4bb3aea0f8ff3aa4ebd72e5dd52f718a59975c3a5b582945638ff2b1640f9ade,1764511840,1764511843,1212,51608,,
0x1fc8f8aa42e32d12dbb285d8a45b5dbd3fdac62cfcba055cccef925ed45d12c1,1764511840,1764511843,1212,51608,,
0xd23a60158a1388911758ef0d493f5c570a0909879c13c2a83eecabbe5299abd7,1764511840,1764511843,1212,51608,,
0x96e030c35a15ca8210f6874734ac0ba12974bf2728bd3c7a46e747c19a9f8d6a,1764511840,1764511843,1212,51608,,
0xfd140be8dc448f74c3238d49cff7db485a9a6fd4be74ae4d99ede25046c18caf,1764511840,1764511843,1212,51608,,
0x9ecc3204852adfe286bca97e7aedc280e8b0ae36bc7aa4dc553783d0653c479b,1764511840,1764511843,1212,51608,,
0x3ca270d73498b2347ae594a88b513a6941b0ffc5b4ad17af042e036ece8796c4,1764511840,1764511843,1212,51608,,
0xabaefad5bbe95c78f6dce1c0aa32298aa4a081cff27752fa3918643002a09d4f,1764511840,1764511843,1212,51608,,
0x452e77956101120067bf809601c0efa4f5c5b7b23cc3e2ffcab85be8b2d8caed,1764511841,1764511845,1213,51608,,
0x031a7f1e014506134330ab4b5fe87a8fdba8e172ba21b311cb388abdbd035e89,1764511841,1764511845,1213,51608,,
0xb5c56da85b69a4430216dada34c07954d392953571542c6743cacd21493ca349,1764511841,1764511845,1213,51608,,
0x67c885db3c54923d7c1a6b6b0436498e177d41487e799441c27d81e0642b5d01,1764511841,1764511845,1213,51596,,
0xc11cc3027e73fc7499ef99d6a8dde2eeef98c1c5855f3ea7441b0600feba049a,1764511841,1764511845,1213,51608,,
0x3d03f471e8f5f55ae84e4a555de547661396cdff400799f4242c42298d0612f4,1764511841,1764511845,1213,51608,,
0x7a50f3fcf96bb0423099eeeb1f2a6a775511fc93f43bc9b9c7122f176722071b,1764511841,1764511845,1213,51608,,
0xa26c23e9e500e975d891180400fd7a9135f9c954e8cf2a1c99ecf44ba1752fc3,1764511841,1764511845,1213,51608,,
0xaf3e58a685aece61494f64fbffee49b3ba490c1cd912734712c9ecb3e4ffd194,1764511841,1764511845,1213,51608,,
0xbadeb2a41d6e5506e5168e9c5b7a995609fb14b1df4977c89a406defb605d695,1764511841,1764511845,1213,51608,,
0x77a94e785b8ab7b228b4815c0fae5fcbc3d2024aa504fd45e67801a9bb135d33,1764511841,1764511845,1213,51608,,
0xdf5887849765a5453d930f141b0c77e800bf0fb1ed605883f263bf2df41dffd6,1764511841,1764511845,1213,51608,,
0x26aba09e7d8c53a29169b781a0e20e1e513769dcf1557e9c243e194c0269f19a,1764511841,1764511845,1213,51608,,
0x668762a1a16ca6abcfdd125dac91cdf83bd12b57fb3b50bda11dafbffa403345,1764511841,1764511845,1213,51608,,
0x94f55148ddcc04ef6ede2d526077cb8b122f18746b8c14a02ba8e2ac4d845f8b,1764511841,1764511845,1213,51608,,
0xf840078934a25919d7e55eeeff92c938b3ad356ffba5a7e89956212bbffa8be5,1764511841,1764511845,1213,51608,,
0xad7c2720e8b181c4ea516a4d44d148cbac4cdc493ab052741e9de5de5ade1f95,1764511841,1764511845,1213,51608,,
0x99f2242d1e69f280d1562a2356754a4ce52fe17542acb3c67b8d970639c12d1b,1764511841,1764511845,1213,51608,,
0x9942ba116901dc6e1efd95dd5d35f89c75a585d8f8f2870dd27e325e89499ab3,1764511841,1764511845,1213,51608,,
0xabd9d732fa79c3bc10f2ef2ef112bc43a430de81592ae4e3b995681aa68cd99d,1764511841,1764511845,1213,51608,,
0xeb8cf2f51bc6f7ae41f5c4cc298eea46ac9ca6f2e13dc66eefa5889879b9462c,1764511842,1764511845,1213,51608,,
0x595dde350da612ae14751e2508b316679ab05081e2268556e5e19195a1e2338c,1764511842,1764511845,1213,51608,,
0x1d95d6459e834a97e2d9f214078fbe1afe84ab2752a9acc0b8bd960b0fee3db4,1764511842,1764511845,1213,51608,,
0x5ed546c1274d6447123410f384f74f849e411cfbe25b0891b2329e01bfc8c7a3,1764511842,1764511845,1213,51608,,
0xc2885ffcb9dc0e2452d2c5b917902eb97686b41c6d6c230be12e2e3e3b154f5c,1764511842,1764511845,1213,51608,,
0x3eab51175522ae547f513de69d8109ad020f523ff5551395f6b1f9348212da7a,1764511842,1764511845,1213,51608,,
0xe83d63e744b4831260ab7287114dce813d973be5f577e8c79c42a50e7e5e3d9c,1764511842,1764511845,1213,51608,,
0x93e182145efe012d23c5350aff6403b26e7acbe34557edcbeef93312232e8149,1764511842,1764511845,1213,51608,,
0x2faaa8b360352c5d2726f0ab3c1be8b08fa087d9da8cc3c42dc586485f4a23fb,1764511842,1764511845,1213,51596,,
0x19269248183e2ee77876f2cdb4f25cad5cb8e5f9e037963a8af8e11d293f9ad0,1764511842,1764511845,1213,51608,,
0x015aaedc2043add31d0b43b6d9245a0117d4e50d851507dc988df246126f84a5,1764511843,1764511847,1214,51608,,
0x35eb5575d9a38d157e56feb1b1ebeb207ca1e4b75abea5a69d7294a03ff59dbb,1764511843,1764511847,1214,51608,,
0xa3a14b2e75c162833caca0e76ddab9749d1e3d7e6c947a23f4d248de76c52a0f,1764511843,1764511847,1214,51608,,
0x2aca1298d2b1ad2d44e47b49ea651b16f7f19a768c2b7b68d0e56826bd366a5d,1764511843,1764511847,1214,51608,,
0x5dc7dd1527a4760b8338266dcafeb33611455f6778828fd740bc09b49c8eb32f,1764511843,1764511847,1214,51608,,
0xf432178d30008afe5d16fd18aa79105f9a41b007d627d8942217688ad3199f63,1764511843,1764511847,1214,51608,,
0x0d1836827f5217caf14272d0473b1c95bb3c1dc8907abf9e4c1e4739c4157620,1764511843,1764511847,1214,51608,,
0xca26bc2d9e0ff63ddb03cb4b73d52d14415c3b44df4a80321f8f287f894222ab,1764511843,1764511847,1214,51608,,
0x5e2a437522b7888e05d6612690c6b8c483ed5f4fb79ecc6f63f00cb14f74cb97,1764511843,1764511847,1214,51608,,
0x89be8911efa948b53f3da8ee13fe42e1cdba99a3c80e4e604a4806b02fa5c593,1764511843,1764511847,1214,51608,,
0x03fdbcb741fd9c137a7a2c1636ec6735c4dbbe28dd309615a0b8f2a97735407d,1764511843,1764511847,1214,51608,,
0xfddaf7884e833e14780fc9502744ab8c7ab4b40cb325f918b7bd9a8bfd0f3fe2,1764511843,1764511847,1214,51608,,
0x97999ecac697ac11d6ae46de34f66ecd99f8eddf897127bd11467086b99c8e9b,1764511843,1764511847,1214,51608,,
0xc8a82ad56aa127069e7676c68ad247ced4510d0aaea24b495d6b0c38ffbc034e,1764511843,1764511847,1214,51608,,
0x146adb3240f149d5c7c1f4595dd87090f63151a419e773ef47b518ecb05a95f8,1764511843,1764511847,1214,51608,,
0x377d01687394668300cae5881e2041bf97f75c4af35c3cccdcebbe41a87447e3,1764511843,1764511847,1214,51608,,
0x5a891008cdd8ff3b006253057e75baea40e7d1d505cbde068514b4f868341145,1764511843,1764511847,1214,51608,,
0xfe9c615cd44b7ffe2ee81db973c63e0da22ce9022b919be21db3f7d74599cc28,1764511843,1764511847,1214,51608,,
0x0c63a6839ea1aced170f44c3460cb6eed169ad4448615b17df3d1cd0759cf0f1,1764511843,1764511847,1214,51608,,
0x5c7ce8931f165cf27da76004f82230e3e9055c9ef8ca59ab12538ff98b0e7b46,1764511844,1764511847,1214,51608,,
0x8db753933c28b43ac2d157c74f15836ab30c37be3a54d7ba29b4dce5983ca037,1764511844,1764511847,1214,51608,,
0x03faae288a3bb34c7f3cf0b4ea1e635a52acb6aa0c4c68f07532c50884da3687,1764511844,1764511847,1214,51608,,
0x0136ae4301a461cad46e0d2fb9e603aa8f1bad884a390a2f7a1dbad276bc145b,1764511844,1764511847,1214,51608,,
0x89f9772aab22aa1b545b0c8cf0e01b44a3ee69bbe43d25b014f78da6f11cd28e,1764511844,1764511847,1214,51608,,
0x1efd994ee70c14000d8424024dd69cf237539ad8b9e0f0a94b091f610dc7dd83,1764511844,1764511847,1214,51608,,
0x9f8e226eb241cfbee12aa3bba88f756feca1c2bee1725979a06c6d879254264e,1764511844,1764511847,1214,51608,,
0x0671af9fe3ab8af86d5cde6a44309b3113ba77dac9e9229425bc3516fc80648d,1764511844,1764511847,1214,51608,,
0x4a689f4199df1dda5cd5260652c98eae07edb1e285b8b9414acc0c0b1a8dee8c,1764511844,1764511847,1214,51608,,
0xf8954b9cb54707aaa54978fd13039c0b8c8cbd3efcfe35f1b58698afb27cce77,1764511844,1764511847,1214,51608,,
0x97960d91d2c66db626702ec11e0d88dec56ea641e1b4ba6c6605294fdb1cf8d1,1764511844,1764511847,1214,51608,,
0xa9c247bd7186219097525c9a4f6d8bab1b8dc9585c6991539e5adc4d8f7e0a60,1764511845,1764511849,1215,51608,,
0x0c06d6fc9deb546ad6fbfa205c2239e067aa3ff34dcff63077a3e457811f2ae0,1764511845,1764511849,1215,51608,,
0xbd31c613740bb41d308d24b84ca5a142dfeff209fc8f9852867f34ac05ae4516,1764511845,1764511849,1215,51608,,
0x31bd26427c2d075496cf3436cde0ae51775f5e3e07053fe0ca6254c0dd77ddb9,1764511845,1764511849,1215,51608,,
0xaafaf889b32749f4d744c775fe58948dfe8314859c9b8450e3737c2ba0659a9b,1764511845,1764511849,1215,51608,,
0x513a21827dadf1e13192da8ef44725ead0d9be4422020d2836a5bbbe063a30a0,1764511845,1764511849,1215,51608,,
0xd7b4e68458328b68da03218969a165a277b7ee20aab1f3beaa58d216bf2840e4,1764511845,1764511849,1215,51608,,
0xf3b46901327168bdcde1181f57a7c1cc27807899a5e95114223a2af92444fe7a,1764511845,1764511849,1215,51608,,
0x33a768dfb1038551130afd143c770858b35b8230461aa7731bedb1b150a172ab,1764511845,1764511849,1215,51608,,
0x4418d80199d320b49f47fba5e9dda2b99d913c230a18dd0c419decc1604d611e,1764511845,1764511849,1215,51608,,
0x66e99531ad24dcf31eb471caab05eee7a8b2e45e063fb8d8a2805dd61171973a,1764511845,1764511849,1215,51596,,
0xc6289b309b802fda9df1ca4d2cbe61c3fca6bc94b75af26f0a047315b41804d7,1764511845,1764511849,1215,51608,,
0x58ad3238ea437a17617153d9e3aed928d486f2cf9a6abfc06120d623e03a9f56,1764511845,1764511849,1215,51608,,
0xaaec917851af0e4ad729e8527eeadb9ea87c5383485241f11de2ec05f3e8617e,1764511845,1764511849,1215,51608,,
0xb56f87d70dc69501dc60beabd270ca20c3c73af855f8590c75d1e6f1481050de,1764511845,1764511849,1215,51608,,
0xa23608b88e00e9bce724111acacd41b9ed80edef8764b78f5e46ed4dc9141717,1764511845,1764511849,1215,51608,,
0x9fe96c9af49c47c22832634c820f2524d6601b8b9ab68d2e9bf7c2fdf292eb10,1764511845,1764511849,1215,51608,,
0x27daa78d1bdd1be5b02b4b9c36b3c5c348b68230f2f6d3f5fed5b9a78a042dd6,1764511845,1764511849,1215,51608,,
0xdd78646ceef1bcc1b89728832f056ea4591b22eaee111c7a64f8b524b4066795,1764511845,1764511849,1215,51608,,
0xb1b97bc24d37959e34a8ad2756ab47f9da85fcb0c885820ff5ab8ce7990d9bfe,1764511846,1764511849,1215,51608,,
0x8e27c3be4695ecc8cb0751233c27dc6c0a326f53af74ff50bad307c00964ef72,1764511846,1764511849,1215,51608,,
0x1cb8eff22b6fe4b8ea6092f65a4a0504a752cec9aeb844ed2e18f52feda94326,1764511846,1764511849,1215,51608,,
0xde932edb468716fc428491d02cf927190743093a0688b0bbd78eb783fc39f0c2,1764511846,1764511849,1215,51596,,
0xec2ef930cda17356549f7a985ef71138affb8b1f87735184c2ef021f8accbbee,1764511846,1764511849,1215,51608,,
0xc103a825892d7919097301a72d8191ad21220722901dc2fe4a0e70f54d6fc92d,1764511846,1764511849,1215,51608,,
0xd43a2e13a944002c4d88c3dc886ba85d2e7eeeaa0434702d94ad7ef3661d9f68,1764511846,1764511849,1215,51608,,
0x12ab7b9a20347f5159b85af1ae0fd40ceda5febb76b01b0d368b44e8af9105b9,1764511846,1764511849,1215,51608,,
0x2ee853f6653a230037df610889b83dc749dba56d869565c766bce1cebc021a84,1764511846,1764511849,1215,51608,,
0x1b4a13244ac5e8850bc5724e6e8339f91bd6cbe51b6f2f00facb413758ff7874,1764511846,1764511849,1215,51608,,
0x568db36ae1d62e8981d55b1021572aa43d780de4b6dfcf7483770153b23d5d38,1764511846,1764511849,1215,51608,,
0xfbcb97d72fd0fedb7c320a220953dc6188bfdf734e09eba35767611c07ca80d1,1764511847,1764511851,1216,51608,,
0xb28802b52f071e1d06b408a8ac6e005be10f7c6f34d1eb71804ae410edf75eaa,1764511847,1764511851,1216,51608,,
0x15ae9907da23ff85fc782273f2c3137b01a60ab18941ee787e1ba9128dcff3be,1764511847,1764511851,1216,51608,,
0xa2f477602a9d8ddf644af30193ac3c65bdd5b17ebfc09636a4baf43e4838642f,1764511847,1764511851,1216,51608,,
0xa80f3f708412060dced016e908fcc0c4186975716321d02d5b10ab16973719b8,1764511847,1764511851,1216,51608,,
0x3ad847a45553dff198132e3196e69eabadc80fcd4c471ee0cbf9c0b116922300,1764511847,1764511851,1216,51608,,
0x0b20e43d0dd5bfa132ee8ce00b923d45f92507bf347f187aa08ee22b8618b34a,1764511847,1764511851,1216,51608,,
0x068a0ba0054b0ed94bf78cdf38731d30a99019a9e7bc0bd6c316979e799affdc,1764511847,1764511851,1216,51608,,
0x9bfb05382f2ace8560b3dcae9ff5863a9a77f4f828d0aa30bb77b6a6729c4856,1764511847,1764511851,1216,51608,,
0x7958e465bae374a7bff4e011a5a12eef384cca84ba9d40913aa218e022fa58c1,1764511847,1764511851,1216,51608,,
0x4b95a517e80c811b555271e5a416067168aa99de771a98bdf66e1381c528580c,1764511847,1764511851,1216,51608,,
0xf5c801f205d332e36b87901cb00b2284147970c8c09fc07c55cac26be9970e33,1764511847,1764511851,1216,51608,,
0x77be3800568244ef87702048b8dd39a3dcd0542910113124971f1b39ee3abb67,1764511847,1764511851,1216,51608,,
0x580afb9f6c39da512a790083f59bdcd63221b10fbb9400e9c1ff6498034fe7f8,1764511847,1764511851,1216,51596,,
0xd331d8608960482f6de36c26efd04cf4c0b7467e7d64fb8c4abf6f689f5605b6,1764511847,1764511851,1216,51608,,
0xbe5d2d64e4bcc7bf8e6d2f6787ea755463ace706b4c7139fd67a72a5efd822cf,1764511847,1764511851,1216,51608,,
0x7565f1eb80c91c4aeec86fe60d4509a3bf64297c4d295fa8c8ddafe547141cf4,1764511847,1764511851,1216,51596,,
0x4950780138914fb2e82db3cd08fed0e597b80560a6471fb01ff778fa79cdf716,1764511847,1764511851,1216,51608,,
0x1d458fdadfef95aefedf2920a31e19c7cbb527bf9fc510dc8d512b16129f531a,1764511847,1764511851,1216,51608,,
0x6e8fa7c2700ff1c1a9fd9d42ec630175d004fa1ffc4ba0940bdb12af13fbd4a7,1764511848,1764511851,1216,51608,,
0x285361b730ca36c4b40d0f2c6fd29a5f9dfac783d9bdcd2380938a9a644bb143,1764511848,1764511851,1216,51608,,
0x5da57eff22b52c14ed794aa9c2953c6191bbab4399c4090bed0084f364143983,1764511848,1764511851,1216,51608,,
0x20af789608b831f20ad9a8324aeb20c36cb730782f7518c5197bc5f237d51ea5,1764511848,1764511851,1216,51608,,
0xe142e9db436bc79fbb760bfe412ebf747b2f1ed1387bb6a8f242c929aab9c9e0,1764511848,1764511851,1216,51608,,
0x0e2ea3b9e5cb15b25cf651bddb9888a50eb42c4dd309b409135a017bd9845f9e,1764511848,1764511851,1216,51608,,
0xef7bb5116e2a83640d2cb3f1cd77bca5bbcd2ee724bf19dd48c1dc3a7e6f11b6,1764511848,1764511851,1216,51608,,
0xb55115db77257df66ba5eaca7a0619ce417e3577b0b6541407db84572ec310b5,1764511848,1764511851,1216,51608,,
0x5e3db796408584c28367347f1da39b029e08aa0f84e2152751971c24098a88a7,1764511848,1764511851,1216,51608,,
0xde3f193126f8b4ba78f1082ab860535e6e265cf7d8cac3afccbfd43b79d1b2f4,1764511848,1764511851,1216,51608,,
0x770cc3fa5d83764f7e71236eb835d9bb00e5678507711743d3ca71b6652ae47c,1764511848,1764511851,1216,51608,,
0x679b2f980b2e29d5883b4b5665060fbe742bcc4830c2636d501336f099f4f3af,1764511849,1764511853,1217,51608,,
0xd5489605712f88a8830900ae6a10d5caa25603d51198585967c477e032a282dc,1764511849,1764511853,1217,51608,,
0xc1e4f8949ba651fe07aa4df1e4add5eecda77a6d7d4f8c6f28444fb303c35010,1764511849,1764511853,1217,51608,,
0xb89ab60711b99da007246f1ff2181706a2ca2c8558a39759549892229eeb37b6,1764511849,1764511853,1217,51608,,
0xf0d9ec0181d9b96b3af25f996c1eae6f35d199a6320b58a14d3a8ec6d3953467,1764511849,1764511853,1217,51608,,
0x9d183ce8264b27fad5484bdd58f09e2661199a14da010718a70a6630667eb652,1764511849,1764511853,1217,51608,,
0x7136f654450cf6e17ff2419d36aed45b2602312724ba48a9bbb8c4c9a94aed2b,1764511849,1764511853,1217,51608,,
0x4baae76a404288951aa8af4c7be4c1b73a17a38fda674828b580fc3b0ea50b58,1764511849,1764511853,1217,51608,,
0x52bdd1de8283c45b7843c6e89a665096dff6cd118b60e8a19b7aec9d2a1f8f2a,1764511849,1764511853,1217,51608,,
0xc49257c9e1443985bd2a3b9289d82cd056c25ded6309e27ec56ababe36a376e9,1764511849,1764511853,1217,51608,,
0xf20fc67071258f17cd073b847fcee189987ec63d5729e16f165c3a78074c8847,1764511849,1764511853,1217,51608,,
0x6015da6d5836a6730964366e6c83f0ac9ff92d586b8b3c9132b026d6ce7ca88c,1764511849,1764511853,1217,51608,,
0x362b09efa476d1ea46474b7782cebcd77ce81a6684f25f2b6d0a5094c404e8e6,1764511849,1764511853,1217,51608,,
0x0d85fd2365986120639283a47daa45c86232bcba32e8237234be3c05e76e7b99,1764511849,1764511853,1217,51608,,
0xa960013fa5117323874e7c40edc9772fc53e3d2fec01543cbc9d4fc16c25bf63,1764511849,1764511853,1217,51608,,
0xdc349d7cb263c325514dee0a1e515c3120585bfee16718aecec7a920ddc9fa6e,1764511849,1764511853,1217,51608,,
0xd1493351bfaa1b56d3b50c1b6064ae7b8e154a1ac68b59eeca559afdd769faf6,1764511849,1764511853,1217,51608,,
0x7f084bffa5462667713603fddd9fcff317446af683a45e7da7095412e83ad457,1764511849,1764511853,1217,51608,,
0x1f7ea0e9c85a32872287e2bb22b47cd00f30d30d95f42ceeb71f6d777826e75e,1764511850,1764511853,1217,51608,,
0x4d19f03293eeae7bd4db2547e87b82932487fb4f54130409b971ff8e819df71d,1764511850,1764511853,1217,51608,,
0x0c800b409763de6124e65bb2ef4170b798cc2014a3df9ccbff45e3419f5ef472,1764511850,1764511853,1217,51596,,
0x34e801a327c8b6ab7154c5d04e895d4fffb156cf02fe3fb1a8f141129850aa18,1764511850,1764511853,1217,51608,,
0x37423cc65d1ef4268a6f9b1db12b775339b78810592f8b326ef72802a82483a0,1764511850,1764511853,1217,51608,,
0xfc86ca17a62410721c86dd2f52e080c0fb08bf11a8056c89fcc8f54677195495,1764511850,1764511853,1217,51608,,
0x712bf69430b2da5311f7d97700429900ce5033e9ac6bdfc6b99b617a3b8e23e2,1764511850,1764511853,1217,51608,,
0x756667b712259d455722d93f9cb4a5872b7db185f360b4bbd970d6900d37ceb0,1764511850,1764511853,1217,51608,,
0x35c37b94d58eb62e03fdaa76bc35dcaab4fc5fe663acee4d389348e159db2cf8,1764511850,1764511853,1217,51596,,
0x6c08c98a88fea08947d1a27cd7afca0fa4a9742cbd85ffa7f51caedc30f3de4f,1764511850,1764511853,1217,51608,,
0xca7c7884486942babf4ce968a39cbe7655d3701fbaf75763cc4cd9f3a64e5c11,1764511850,1764511853,1217,51608,,
0x7fb3a7a3fdeac1cd2df9be0c19ba49d3528cf63e6b59b40d7ad168d64d87518d,1764511850,1764511853,1217,51608,,
0xaa633025a1cdfd3e02344a1dc0e5e7e9050a9283dec7d6c28d8a935e31b985ca,1764511851,1764511855,1218,51608,,
0xdabec68d9a8fb2c15d47794136cd951e99f0f1b5f628878a73f17960464bd059,1764511851,1764511855,1218,51608,,
0x5defb79cd50c87790e4ea2862c756899ac526f0bf78b627fc39b78c8d3e51a7a,1764511851,1764511855,1218,51608,,
0x5c253653440f329ee3b9fd08fe1804a25db9cc997637290920852cae0b04a0ff,1764511851,1764511855,1218,51608,,
0x8e6f2e8a6d5caff0e7a1031dd52641513312a4ba98d5e1bbcf98cf0e49456d77,1764511851,1764511855,1218,51608,,
0x5475ea68078d52fb3343e03a7930b73053bb19bead3445ab656636212978a8d4,1764511851,1764511855,1218,51608,,
0x3a8a1b8965227675f8b1fd4feb74e876351e49ce5fe480374cf5410e3db9b0c2,1764511851,1764511855,1218,51608,,
0x6daa31d60b924f16f09886a076049839d2c6f810eeefe6a5100f792fab59959f,1764511851,1764511855,1218,51608,,
0x89e1c121b7c77d4d8329d7c0ad830d77166872e5f5722831aaf38d14488d82a1,1764511851,1764511855,1218,51608,,
0x148fa147c6e11c4d4e341b6cf722049673766d5f39693e46f280f0a0c83ad266,1764511851,1764511855,1218,51608,,
0xd2eb2ea91068cff7594a4579469041cce9d79bdb0072f7c3052ead755776a876,1764511851,1764511855,1218,51596,,
0xe466257b4dfdde1a97eed9904aefe0bf8a88fe90b6d9e11ef98ef38149ad2840,1764511851,1764511855,1218,51608,,
0xcedbac48394b66aab01d6c36090961d96774fefd683a5746102527321bc5c791,1764511851,1764511855,1218,51608,,
0x7b7627bb4984ab0ba246915986084dc2bcbe9ec87182fe93dd248421921f537c,1764511851,1764511855,1218,51608,,
0x2744bb003a45ecfa396c88154075e400944ad36abfe7ae690472252e8aa6d845,1764511851,1764511855,1218,51608,,
0x39a1bfc5b53710cad2e80cbce0653c30113492a9bd46e4bfde79b0648980e561,1764511851,1764511855,1218,51608,,
0xee92bd08bddfc8e44619804e42933ffe88d55cf669923d2611c1cb163aee673f,1764511851,1764511855,1218,51608,,
0x50556cf6e1a298e677ebe56171b565c5d57d5b34fddee480d3a9156d59a9ae39,1764511851,1764511855,1218,51608,,
0xc18ed2b4a6fd879e9e50135388ea27f552a862a47289c77dfba374bca2bc003d,1764511852,1764511855,1218,51608,,
0x16c1a7c9d3f0ebabf718f2616f6d4ed5f5cc37fe7d8d372e90846d16331fa972,1764511852,1764511855,1218,51608,,
0x0147c08b98221f322f58ea6146cd99568511bc8cc5a39ee3d896b0a31f72d5bf,1764511852,1764511855,1218,51608,,
0x429034c0aa46273343ae6524979277dbc0a1c27b8ec211348cb91f8fdf5d29d8,1764511852,1764511855,1218,51608,,
0x1e3a6a53c42a9081cef643cf3359773a1afba0f7f9ad4c1387a5b8fa8a0877ff,1764511852,1764511855,1218,51608,,
0x67fa19242ba862b8bf375faf37c484696760ebba4853808d134f2adee5012211,1764511852,1764511855,1218,51608,,
0xdf7d12063eb6ff64ab867b5fd675850b0ebb86f68d18c59aa6e066135b31c66f,1764511852,1764511855,1218,51608,,
0x5736998894a4256ac8cccc4a2093fa3dda31d21ecff82a9eac7b6683e65e77e3,1764511852,1764511855,1218,51608,,
0x8e552af810dbfed82ef48a1b3bd7e61476be83dfeb8671ab8fb781e1908016d1,1764511852,1764511855,1218,51608,,
0xa1185209cf6d413767dd9a61a667626056af038045b0ada51274cf87182dbf3f,1764511852,1764511855,1218,51608,,
0x7723eb88f28664082e38c30282f1e213d0f403eaaf00b3d9ca77a17b0880eeec,1764511852,1764511855,1218,51608,,
0x60b451c237b242733c46e558d4eaa84a68d82c448e7deaba86a80c4a906fbf4a,1764511852,1764511855,1218,51596,,
0x4e796ff3e02f86a1a54b4e44c78d6fcf363a562d1b3ff933f6c97e24eeb69b45,1764511853,1764511857,1219,51608,,
0x9b6a9adaae9fcb4b597534c2cf9db295bb37574b86c3428270e1ccb7715b969b,1764511853,1764511857,1219,51608,,
0x24e04b1079a665e59459558a36920120e9fde4355f93f7a72761dc31768ea00b,1764511853,1764511857,1219,51608,,
0xb40d7ba3fb323718b70d3f7688c71a91d83d91550ffcad339c1fe01219abfa3f,1764511853,1764511857,1219,51608,,
0xc4264bd7185ee85d78075a07c45e77c0515e311afb84e2c47992dd833f1c9310,1764511853,1764511857,1219,51608,,
0x2ebb44fe44c8f3e1af7698559b14a0c95265fa0cb9e00ba0e7013b49289116eb,1764511853,1764511857,1219,51608,,
0xfad03800b5b78f6ebde90bd7167efc29511c03b3eba477305a0d228169eed033,1764511853,1764511857,1219,51608,,
0x54a904b2cadeae1ff9c5544c998c6d5e2ca17c6f2435e1acd520e45b98bb77ec,1764511853,1764511857,1219,51608,,
0xece8ebf00238d272251f5b8f58fcbd67b13f2f77e6b05f8af37e18110596518b,1764511853,1764511857,1219,51608,,
0xcba59beacf117e2f5be670b11c0b9d9f88b805154a1200cbad7c516a4c700226,1764511853,1764511857,1219,51608,,
0x2a6e4f3ac45d96eacb044ff23bbfb0e2921967514f9e83afb5c813f100f07667,1764511853,1764511857,1219,51608,,
0xf1a22a8e9dbca40eb17a27db0ba0927bee28394b1a2c6520417f1fffb742fabe,1764511853,1764511857,1219,51608,,
0xb2b46cb5f11e236104f0af0224bfa3e5316c584084f8bac85cf62fc741747261,1764511853,1764511857,1219,51608,,
0xb2220e71dc6a9fe66a9f06572a2c74a4e58e8f0b42ae85b3eb3ee0e88dc92d41,1764511853,1764511857,1219,51608,,
0xf06d7fa515dc662e89ac4601f181fc98e84efff7836b0deac67402c8d17fd090,1764511853,1764511857,1219,51608,,
0xd1036b2ddf2bf5ff2915af8efb3f0f6bf6885cd594c7d4f9b3bea11bf2f8d394,1764511853,1764511857,1219,51608,,
0xa4e6d0410e3642bc4bf8514bcf8b6c9c996dc0fbdda3fddca506e5bdd4d9ba6c,1764511853,1764511857,1219,51608,,
0x1124e24b9eb48b4f1d35d581a259e5b83ea65b1d7c7b566302d9f68746aef0d2,1764511853,1764511857,1219,51608,,
0xb45cebb4cea3417f81bcb2919d10c671df5640c79c44dc1a9c6a186d3b8c4edd,1764511854,1764511857,1219,51608,,
0x03b818e19a03fbbdf13e5d50b098307a52608905c57b6aaf54d3f75c6761e6f3,1764511854,1764511857,1219,51608,,
0x92891de6b359175c8859d3460264617bda3e43026450658378dc5086dd70a4e8,1764511854,1764511857,1219,51608,,
0x20ca01645b9c5997f1c01e15166ef2f7c38ebd9c75d420eba979c235e1d4075b,1764511854,1764511857,1219,51608,,
0xb7ef0129dadcb7329665e26f56ba9ec43025548c3c251a8424c66a858bc6f426,1764511854,1764511857,1219,51608,,
0xb5b4e9fcb429ac2ec27831ca07cdf778f454d93e921739b208d552a34b164ef1,1764511854,1764511857,1219,51584,,
0xb976000b08c07084db4ce09feec81974b484bda2e2aced6862ad95604a7d3e28,1764511854,1764511857,1219,51608,,
0xf492d1329621c2e28f6364feacd2575322382f2ca28e70aec17f5499830d97eb,1764511854,1764511857,1219,51608,,
0x4b815d0f906fe5ab4d63d5d40f6eaad00fb356d738bcad9db231e4ea7943ed2f,1764511854,1764511857,1219,51596,,
0xe58580f022c56c407b24aa0bba65949bed1a2913c8249d1c1eca9967196945e9,1764511854,1764511857,1219,51608,,
0x7798fa24e2e10fac34cd711d4ce980344290bb9093f66381cffa67dfa95f68a5,1764511854,1764511857,1219,51608,,
0xa7c289788a3250ffe18ef6927629e5ce0600215ab511d78411a96c7725576aaf,1764511854,1764511857,1219,51608,,
0xb1777b9265d830cbaa1d89c61d0c2206bd4c777a27668c247e3d0170ec42d5da,1764511855,1764511859,1220,51608,,
0x48deb22490e48fe98a21647a9f86e2e908eb2dab0f5847e450f09d75cd3a6bd2,1764511855,1764511859,1220,51608,,
0xe1ccd19abd811444b607ea64ead3c2c4e22f65300c7ebc7ab138ac24dc15f0a6,1764511855,1764511859,1220,51608,,
0xe452c1beaae591cd124835d607e6e06320c3da040bc0323392b70fe883815d83,1764511855,1764511859,1220,51608,,
0x7edb627126ab580eb5a07940f09ccb6da66e2671ac9b8a4e0453640bdeb8d936,1764511855,1764511859,1220,51608,,
0x884240046bd08c38972e86301befa4fc8b45eaf46e2e38a817867d67df48e774,1764511855,1764511859,1220,51596,,
0x8232e66c577a2ace63a76e4d3018de29f0e62546c2ed9ffdb65d5b3c5a211dec,1764511855,1764511859,1220,51608,,
0xb1beffcb13a91a22a07014aa1c20372e7b66535191260fa36712f046e476772a,1764511855,1764511859,1220,51608,,
0x1a7d20f7797456423fa8bd8741a352701a4121bed79b74146d116abda6d2292f,1764511855,1764511859,1220,51608,,
0x36025430ddbe90c6258f5995e3076984efdcdd6b889ff4a3b5c069e7b473cb6a,1764511855,1764511859,1220,51608,,
0xba23dbd696ba486452a9474bf375882a7207b487e2d3f9bbf0daa406e41ca6e3,1764511855,1764511859,1220,51608,,
0xa0c1f1599f2fc34c231b4584b0ba5c6d1533baeca792fcc86ab3fa43f0379700,1764511855,1764511859,1220,51608,,
0x3e68fb05339871ffb8ec954b20ae20e9ab27ad189d1effbc9746e9db11517db8,1764511855,1764511859,1220,51608,,
0x1b3f80dd019d621d9c139cd330db3485462d8895b2bb2633688ff413a28145bc,1764511855,1764511859,1220,51608,,
0x24d1dab7a2bdc85f88ec8e14ef71028c9b36af6e67e3b040cc7318fd2e34c11a,1764511855,1764511859,1220,51608,,
0x5befa00624690df349e00c0f1fce3a01d9a5bd4f35bf7e6fd59934e4e9fa8092,1764511855,1764511859,1220,51608,,
0x1aca315e890b2eef6708ce208032c30e02054bab7859bf81610ffca96a30b22b,1764511855,1764511859,1220,51608,,
0xab2ed4fa0d96a94eba67ddbcbd50439355c9c6a38d05be51471fb1a6d807984e,1764511856,1764511859,1220,51608,,
0xfd2d7e48646083db36d43cd10199f393f139ab70ca20b195a1cd76a11fc449fc,1764511856,1764511859,1220,51608,,
0xd235652189ae6ead75ebb29b07acd73298a1bfce8aba66184b5db084cd332afe,1764511856,1764511859,1220,51608,,
0x2b9ebcaab8432a67a2e3ef1424ded3dc76adf8b874f37fa733e63c1f9d884bec,1764511856,1764511859,1220,51608,,
0x8db544a1bdfc8b89bcec8ec33946de4943b1e99921cdde611fc870db3ccb6f2c,1764511856,1764511859,1220,51608,,
0xeb17237f5ca3b474345b078444b1089caf10d9f248009343e81aa464257dd316,1764511856,1764511859,1220,51608,,
0x7bf5e9afbb92789f5f05d84d14aee9b394ffcea60f1b3ad97173942378f934f5,1764511856,1764511859,1220,51608,,
0x2651816f44c19f2b228417da432bffc6ceeb68496271991360e3ae58aea8e6ae,1764511856,1764511859,1220,51608,,
0x8dcfa55d914a41aabee5725f0389e2c5393ac71d5c1f788e5c3b5dc899709a0b,1764511856,1764511859,1220,51608,,
0xda0a5c9c2bbcc5fc16ffb0a1168cd08e0a87cf4de5d1fc5334bd746870ae1f83,1764511856,1764511859,1220,51608,,
0x402a6da8a718df7fbce4bf6b482b5bc6eb27c9afd3bc8bed2e1e4730429403b6,1764511856,1764511859,1220,51608,,
0x27401de3f7cc74e7dbd3115774645997932abc0d421fc84e512f51e6d80497d3,1764511856,1764511859,1220,51608,,
0xd86996988d03d5dfe234a23b3c400114b693d2a4f8867574e45ce787c0a3b9d0,1764511856,1764511859,1220,51608,,
0x3dd1582a992340b0d3d3abc96e8a4d7b90d63e85ddfcde88131a9625ca2b0ffd,1764511857,1764511861,1221,51608,,
0xa15878d6a3448d5ad4eda3bd208525bfd893a30e052c42ab10d095014641be52,1764511857,1764511861,1221,51608,,
0xe46decb64261bd8855f3b91a23cdbbad603917a00b334b9ac1486d77946ae186,1764511857,1764511861,1221,51608,,
0x0876129a3e07ac8e15fa4bd693ae513b10e6d46efa388f6930a72a2401243f81,1764511857,1764511861,1221,51608,,
0xdb3f1d7c86abee665f1d4af6f2df7883e351a27c100d64b93312fa146849d3b8,1764511857,1764511861,1221,51608,,
0xd883b80ae932e1634dd8e9330530070d19aae739d761d466c21c556deda17074,1764511857,1764511861,1221,51608,,
0xaad46fd6a524462c48bdad7d2b9ce4600538fd015a21be116e8d4ead85b4fc2a,1764511857,1764511861,1221,51608,,
0x5da586747a2465eda938932c61feed00dc1878b3a47fb6cf3fbc1bfe969338ea,1764511857,1764511861,1221,51608,,
0xdc27cd93460a87518d87c0123a41b323c803f02e37569c3049f14ea3279048fc,1764511857,1764511861,1221,51608,,
0x278de73b3a60ecd4ba10ee72bc18119edfffd66a9f4b78160a186f5bb8c2debd,1764511857,1764511861,1221,51608,,
0xa4dbb4113a7eba8754a04d255775b82a8fc1cf180758ed84d7610d786f71c498,1764511857,1764511861,1221,51608,,
0xe1e740efc5e219cc148fcbfa5cbe7fbf19d1442e5c40af06fb9951b7d61552a3,1764511857,1764511861,1221,51608,,
0xa52ce560bfa499387308e12f0c531615b664e682468bd94ce68f47af35c77735,1764511857,1764511861,1221,51608,,
0x0c286f2a512cacf1dcce95dd1b9364c411cb5928d98ebf81e7f85fb75e04e169,1764511857,1764511861,1221,51608,,
0x34107598bce1a51a919daec29621959036bab9845862f644bd550c3bce61c1c8,1764511857,1764511861,1221,51608,,
0x6b55ea4d97876c044d19c9679f3274e90e02316110b171fc61e819e3a578ccb0,1764511857,1764511861,1221,51608,,
0x8fc0354643ba2574275d182fb21280ce020a0666bfbddc3c6b8609aad0c94a68,1764511857,1764511861,1221,51608,,
0x5ad749b6afd1e4aa94d490de2946c1afb15af2233d694686c2651dffecf28590,1764511858,1764511861,1221,51608,,
0x4ec825e67a2021c4a84da4a0ed03f59af0e79e063f6889ef3d1fe4cc3747258a,1764511858,1764511861,1221,51608,,
0xc61ca0c278a714e67170883b66a8ac2872169dc0109f74e8b15d589c909b425e,1764511858,1764511861,1221,51608,,
0x15ebe5375edb6e2681cbf180aab9ba7adc783845ec78bc31d17d3a70db0779c1,1764511858,1764511861,1221,51608,,
0x5cdf855db90ea5294b21bb34cdc076d5daaf17f6c15b9bf81e846de85cd3c43d,1764511858,1764511861,1221,51608,,
0x52299625cf904ff63b44dc0d46452dbf14868e839154d4fff018a7a0f8f5bc41,1764511858,1764511861,1221,51608,,
0xc6753b821c3479fc6ac1120f8456b8fedc882ec2191dababed85ea8aec3b2087,1764511858,1764511861,1221,51608,,
0x16b6fa945372fa8841cc1a97b00b6342719ad4f4e01f7d72b50dbad60c20a30f,1764511858,1764511861,1221,51608,,
0x9b6f79dc2a15c661f3f6c0993a01aef8c999e04af1c6ec0ed8a2c03710cd0254,1764511858,1764511861,1221,51608,,
0xcff8f526b7b48dfc555de59ae29ef0a8d91c203db484317c6f82d3cb388bb4ce,1764511858,1764511861,1221,51608,,
0x653ae1b532de52cc7b6aa525d6d895eb7b1537e29d56a0c025df54678e73bd76,1764511858,1764511861,1221,51608,,
0xf9f73acd44cb820534f0ed8819f7b75db5df3a01327b62a65a5af0c249bca6a7,1764511858,1764511861,1221,51608,,
0xdc15dcc66c1762a200237e3220a7a55571ab784fd0e0a6fa5e5f36495c6bb704,1764511858,1764511861,1221,51608,,
0x543b2993ab44b4e8466e0ea0d0844edfe11be76d83e5923149486f99123b6d41,1764511859,1764511863,1222,51608,,
0xe632b505c2766343d20b360967ae73ca9fad59373aaa639691bec4cd183bf298,1764511859,1764511863,1222,51608,,
0x41dd285fb7b244043dc9e8f7db5f7dca2c8e4635d83857cca45c60c629bf51cc,1764511859,1764511863,1222,51608,,
0xb9b96e3a745057d0c8e027bd4de6a77d3a9d15f63d1a0f9de09a1ddc0345abfa,1764511859,1764511863,1222,51608,,
0x86cd3c94fee3b4a14f97be91aa3f14f50ecbc0ba73badad447b9b53a90126ef7,1764511859,1764511863,1222,51608,,
0xd6dc00c42c8b96bcfce0472f468a67307148bd4a1357f0ed4a75e8043929a581,1764511859,1764511863,1222,51608,,
0x1dc00a05190cd14cd072c1da49206413cfb11b4a4e55adece9d6bcf5b8627a17,1764511859,1764511863,1222,51608,,
0x20d57bc6b6b751054369e549f87519a77295efe7ae88005c63c808d3d550ba97,1764511859,1764511863,1222,51608,,
0x785d7a9f8ed436709b29bb4d0249a1ab69b7adadbc6655d86f7b912b59350dd4,1764511859,1764511863,1222,51608,,
0xea46b9112e154a0d957e1ef80459c662c2b5bee73cda04cd85a9f71fd19124ba,1764511859,1764511863,1222,51608,,
0x567b55af1e52352004d4322166d666fe13d4090cba80aeebe6f1e83583e734d7,1764511859,1764511863,1222,51608,,
0xeb16941894fac7942da8b2a5d355367114c72bad1d8774e849a6beaa75bcde67,1764511859,1764511863,1222,51608,,
0x4ab7bbfdc38215627fefbd309483a0fa54412b5e2ddf111665cc35b0eca9e3de,1764511859,1764511863,1222,51608,,
0xcc710b1a1de791aab7bee5aaffe2e53661a9b78529aea20c7b1e1c952927b31c,1764511859,1764511863,1222,51608,,
0x363fe18208c4b6b5112df0128672eefd43d3715d045f3b94d41d6d82530b5fec,1764511859,1764511863,1222,51608,,
0x84558f7a8d7b820df8a40e78dc51c3d387cf858a8f467467e5817925d9be661e,1764511859,1764511863,1222,51608,,
0x9c8b3956e9e0d3a13f593be98a19a981e4da619dd054c601c12799e0edf7d064,1764511860,1764511863,1222,51608,,
0x1f1300170baf44a6d52ccdc4b1e8cdc3a590def87b66fb907617da5158b493d7,1764511860,1764511863,1222,51608,,
0x7c993588775a636a8fcf160f78ccd524ac1b21075524730f893e54c793bdec12,1764511860,1764511863,1222,51608,,
0x82a036541eefafc5c990b9642d88b734fc29fc5ae191987fb24f0ca3bf8d52a9,1764511860,1764511863,1222,51608,,
0x303bef4f1c9279ab8e67e65a09000417d2c1088599f0713e19d2d91473d6a505,1764511860,1764511863,1222,51608,,
0x0c33dabb9f0a5644bf32288cb70b8120c3f16a20ffa15d2c49b40261cc1deda8,1764511860,1764511863,1222,51608,,
0xa68e0af0840baae85a6490c2014f3ce045181a72b375377153ed34a7cb232bc7,1764511860,1764511863,1222,51608,,
0x11e046a019626d496b57cd135f91419fd28a18e96d2885b4595cde7aa1142741,1764511860,1764511863,1222,51608,,
0x2736529f782289dc81092009869f246049a8f74f1a29bea0e92c9bc1ce8211f8,1764511860,1764511863,1222,51608,,
0xa1c5784eb2948f7f183ec243b7a9679790d1b7249377641c515c3d82efbad407,1764511860,1764511863,1222,51608,,
0x0a3ddb2a6f2d796b5fd43ad378ad0910c6fd1f233a81eaa5402708d7e545e71d,1764511860,1764511863,1222,51608,,
0xfc01efbb8b2b64b386226b3af86d2e281e3a8efc07511a77db2214b98764cd86,1764511860,1764511863,1222,51608,,
0x789e9e50c7073dc4211fbbb7d700afa13fda2a360f412688e1fac74ca88a7139,1764511860,1764511863,1222,51608,,
0x8802ca8c76773b2884c872634149f245ec35c6bff6c4d4bcf3ecd3c876447326,1764511860,1764511863,1222,51608,,
0xb661ffb434ea1c737b7c1a4943449569193b4c0ab43444d90205d9d3d5c65fff,1764511861,1764511865,1223,51608,,
0x1e81ad39eb4109bac5627e0a1323e3276589029a265a2ad6891348caa040e23b,1764511861,1764511865,1223,51608,,
0x5cba9f58d5444f1af1db7689bc10cf9fb6811c71e1cd2c361123be081548d2be,1764511861,1764511865,1223,51608,,
0x9c90a999f4e26ba125d943eec03a66e23f130db56f66348924703bbceeb1dce7,1764511861,1764511865,1223,51608,,
0x7c34911c9609b9ef3747011ab62a99d1b3fa345c42e1f4e6cf0ed4fac30518fa,1764511861,1764511865,1223,51596,,
0x1c98d1b7655a58b218da913e96cb39cfab04c59dc69607649fb72400899f1b5b,1764511861,1764511865,1223,51608,,
0xfb6a16ce38fd0abbce6a1b6c82e55bf7e430a6a2459e652d058a5aacc7281965,1764511861,1764511865,1223,51608,,
0x98549a5373a196c1e7d400b4e7a23a73865996dfb3da08ee9793e1550c942970,1764511861,1764511865,1223,51608,,
0x9f7055d73ed73ebfbd2b9ed7c56cf477fd8966565ba42d8680381d8258a55e90,1764511861,1764511865,1223,51608,,
0x80f470d63ef475182651655dc571fd5bdc8fa6f728ab1e9dc4df8c9079a160ec,1764511861,1764511865,1223,51608,,
0x493de59b4172bc955e616446e8c68f6a2707406dd425708e3f9e0d3be6790b30,1764511861,1764511865,1223,51608,,
0xfac6586f095b015492a10af93473c17de250bf3431ba595b0e7987073af4b954,1764511861,1764511865,1223,51608,,
0x0336ea4206aa22e03631fcf6087e2bfc4df0fafd5d336ddf01afffa4bd3c2b99,1764511861,1764511865,1223,51596,,
0xfdc1695ba3534caa4ac9cf97c3cc4b795d95cb7548adbfb2aca101c2e82842db,1764511861,1764511865,1223,51608,,
0xc20f36e28e71784ad1719623047a4225153ddf83d5b11f1a46056c6c68129594,1764511861,1764511865,1223,51608,,
0xde5cb6e2010c911c4ab4e1a3a41264c0d900b69232dd882d3560b9c4a575a289,1764511861,1764511865,1223,51608,,
0xa44134b559444853a51152cb235ddc93e4dd04105ee89b616759af84ce7fb202,1764511862,1764511865,1223,51608,,
0xdc1fea8a05ccbb6c3529c8227f19ed8647c475a86e18e65133f3af0b91a37957,1764511862,1764511865,1223,51608,,
0xee805767c49da08fae416a958833d0f0d5e20bb5afc63fc9d22454505995fad0,1764511862,1764511865,1223,51596,,
0xf808a11dc3dd64abbf6923cae74848d4a848f62b222ce70075d6b14316a3e2b7,1764511862,1764511865,1223,51608,,
0x1323e02417fc95750b4ccdea102dc75822762abc3472474adf8eac4e4f088fd1,1764511862,1764511865,1223,51608,,
0x29aeacfa68d06e0b538a1f81447eb32bebb10ad10cd269939815000769d06911,1764511862,1764511865,1223,51596,,
0x88bf022e16e421b6c71f543b86b5577ef7666c9123deca67bbab3e154d0032a7,1764511862,1764511865,1223,51608,,
0x2b47abf1efcb2694b7d17a2f6b60503690bbeac3602cb83609ce4387d702d95f,1764511862,1764511865,1223,51608,,
0xad7552203cb177d9df5a2bd48216451390c264dc1aa635b872483354a84cf1fd,1764511862,1764511865,1223,51608,,
0xc831ed0fcdfb841ea1e67a8d34bb381b0fa56ba11c4fe1a566c35c7a8203954f,1764511862,1764511865,1223,51608,,
0x59106e546e34b4d10520a723ec0e4dc87e2bbffbacc0c715ff9cc8b4f50348dd,1764511862,1764511865,1223,51608,,
0x5cd6cf4903032e91c1c49a341c1ccd1b693dea5b01ecaad26cb2ff96c6a3da83,1764511862,1764511865,1223,51608,,
0x1e18eaf9c33e44809e34167336efaaa82a3e92ef0e5298b7803710dc6268239e,1764511862,1764511865,1223,51608,,
0x966b31f28fe893ae5562ae41ba3e364e72ffb763464040cdee2c993a2161f4c6,1764511862,1764511865,1223,51608,,
0xf1282a5e3c5735440e726affe7237a23914ecb9e99c6ba4fc8c0827544654fa9,1764511863,1764511867,1224,51608,,
0xbd2bd49bc408113ce3c121fdd9cf4001ca4bde8bbd7e83ba86e7b9739e422f14,1764511863,1764511867,1224,51608,,
0xfac95433bbb049d1834732002976acc352a93a9635d002f459e77852b221e037,1764511863,1764511867,1224,51608,,
0x2076b019415dfe28a0dee3a0ddd434c69f00a6a604808934f836e04268e04ebc,1764511863,1764511867,1224,51608,,
0xc1413654511f52e97594e07dd77df4f3f9862665549d2ff86c2ebb29dca10224,1764511863,1764511867,1224,51608,,
0xc3d0c94b7198331a78b206a63ed8da0de61bb221a96de0aaf9e495d311155ba1,1764511863,1764511867,1224,51608,,
0x52499e8c493fd72010d2ff5c91136bc331cbfb404273fc31805fb4fbb3f949af,1764511863,1764511867,1224,51608,,
0xe776078e9f240e0bb306cbebc054403ed80acc6fd7e02ce00c2c26cf814d0ada,1764511863,1764511867,1224,51608,,
0xa41f340302e9d3a3c2c36b6497bf186f30954f1172e68c57524d420802328701,1764511863,1764511867,1224,51608,,
0xdc5dd9b2a2948fa3fae2f57707ef52fde49873abc088b5756eb5626466bb151a,1764511863,1764511867,1224,51608,,
0xa6052fa43ee4e51847396f652e3e31de3531f75ff947de27aab1a641b13edb95,1764511863,1764511867,1224,51608,,
0x025ab590f7f7e87325902a76e1318306cf3ffbc574e0187a4e56618f90aad956,1764511863,1764511867,1224,51596,,
0x8eeac88380a09a9523964d2c76a7024c22593fa612f03d95899e926bcd055d58,1764511863,1764511867,1224,51608,,
0xaf3e4be2cb76f0c30c4bf8d22b8a519e759c6a7679300df178fa75b786d0539b,1764511863,1764511867,1224,51608,,
0x1a8a60fed181b9cc8ae572213333ea19745584e09cdadb957cdb219096fd02a4,1764511863,1764511867,1224,51608,,
0x55b1ea149406f43a5560beaf1162e2ad809c556db9e0de131a3d0b645c68149c,1764511863,1764511867,1224,51608,,
0xe3f65d756da1b7e665d603074ac44809bcda6e4de84da2b8a641181c1357a1a3,1764511864,1764511867,1224,51608,,
0x25e77673e1aeab354a5ab4d7034ab6b6174d461d0c663156979b51563a8557f4,1764511864,1764511867,1224,51596,,
0x3b03da50d1350febe2820ba13b6360bf97c87c8dbd8339bb0a7ddf5917cbcbba,1764511864,1764511867,1224,51608,,
0x4ad93fdca0be4043cd0288c0ec7061653dc0ffed73361e46650f6336a7460f59,1764511864,1764511867,1224,51608,,
0xbfcfeb61853aafecc1e42b72f954bb4a189b7450fd979dd2787ecde6e76a76a0,1764511864,1764511867,1224,51608,,
0x0958d496d3da7d4e538fe1422c9ea5a002b9be85df335e99bec04adcf704544a,1764511864,1764511867,1224,51596,,
0xeb8f27433d9edecefc0802de51255321c24e9aacf70ff60506b22f451e5a639e,1764511864,1764511867,1224,51608,,
0x2ced01a7d4e45bc1c1720fd1a362d1470b123f03baa55bba1eada680a086a18d,1764511864,1764511867,1224,51608,,
0xc165b1f4e19637c21f45f1347624ad8696f56f95b4ad6629992a507ef7c0141f,1764511864,1764511867,1224,51608,,
0xf5629b17137c0caef8a9f5e589b3700c108b39361df75f9faaa60b7e32a45471,1764511864,1764511867,1224,51608,,
0xdcfff34f7c5e244bac8acc9449eb015a473af9b13952562e3d3f6062d54e7c57,1764511864,1764511867,1224,51608,,
0x911bfffc4c9467b0c14a458196e1c8bab530751ee2caed06a070862d538195c4,1764511864,1764511867,1224,51608,,
0xb16de64fedfe7fbd5f908c8293f28f0617ef611b8652df6c84332bd49fba4380,1764511864,1764511867,1224,51608,,
0x85f7a4d467231875a452da8dad074c4ced7698e1ae05969b1b9ed6a25f279413,1764511864,1764511867,1224,51608,,
0xb847059f5ab903ac2014ba9507ed20fc4e3cf6f849abf2f23514e75217bee3a4,1764511865,1764511869,1225,51608,,
0x929a164f54a5734041a16d4d6a412da41f4c624ec89d7c49fdd76b2c07919dab,1764511865,1764511869,1225,51608,,
0x3f1f1606ab5c8323143c31ffa25bbec4858d90b150d0a3a3a7dfebcbc83e097b,1764511865,1764511869,1225,51608,,
0x50ef57e00f76daab38ecf589d34e33b051adac834ce2910accfa47bf02c4538d,1764511865,1764511869,1225,51608,,
0xa6df41ae161068afc9a555f4d741cc50816b6a1315de2dd385285e361c81f4e4,1764511865,1764511869,1225,51596,,
0x94c2aa12c13359dc4dd1f33146247271f7eab51349d07bc92d6bead14ecf55e9,1764511865,1764511869,1225,51608,,
0x42ed346aa964db94e252dd881185c81cb861da25abf48354e3fbf451f7887aa6,1764511865,1764511869,1225,51608,,
0x6822c7a01e72195055d17d2347bbf17be455eb3634ee23ee4c3eca3b87c13376,1764511865,1764511869,1225,51608,,
0xbe9ddfe216bcbbaf3983e4315f0d005badaf9e445a9c401bfa642e01d7a337fc,1764511865,1764511869,1225,51608,,
0x5043351a20085e19eab39ab666febb6e4e17f13928fdb85ec0814d4bd93811c5,1764511865,1764511869,1225,51608,,
0xf550b1aaac6a0c47a30d6d4d97aafcd07726d82bf26a18e38215158af62bd097,1764511865,1764511869,1225,51608,,
0x9688fdecaf010b2cf302c62956240ad7c668d1a98a77cbeca38a0cc05ad48d99,1764511865,1764511869,1225,51608,,
0x1fe26fefe24aaccd3a73716e4f78f1a8c3411e9842985491d4082eff4efaafd1,1764511865,1764511869,1225,51608,,
0x170c7e9ccc7cca956a3f26afcfd6f265516bcdda1eba1cb18177b03337528c11,1764511865,1764511869,1225,51608,,
0x757a0eec82a91c94ed985fd283b2a060cff1475821d044f25dba4c42b4328244,1764511865,1764511869,1225,51608,,
0xd9ca46b92a15f723d301f5450fcdf94333be3f85f0b326668d142f46ca93089f,1764511866,1764511869,1225,51608,,
0x91e5779adcdfdde2f6894b77b9798956ad9874e39946a8f6f5a793c24e64a6bd,1764511866,1764511869,1225,51596,,
0xb8f7cbe5aaa1fb33e7eb8659ac69e6d8857e93d3be3ba25bfde8eb38b9bc0978,1764511866,1764511869,1225,51608,,
0x03cba839ee323980d9b1e8db89ae233349c1cbadcb4eb0cfcf6f03475ade8620,1764511866,1764511869,1225,51608,,
0x8b57a09486ec3063cf089448c674b37f75426bd5ef4d10242076df31c8393116,1764511866,1764511869,1225,51608,,
0x152d1092352959ac62e92224e2848358dcbe91e9dfb541e40be962c9419670a6,1764511866,1764511869,1225,51596,,
0xfe6797e0b9e12cfa1f6392ad0a4bcab766938e833b768d7182d8069d1140b4b3,1764511866,1764511869,1225,51608,,
0x208a782ef8e46b7a7c6d4da7a9a1d6c27a9b0efc73162b8a7d410821673691e8,1764511866,1764511869,1225,51608,,
0xee680a8ed3e4482fd5d9e7f63dab40114116dc5d4d7546e01ddc89c66d9f1186,1764511866,1764511869,1225,51608,,
0x24897ffe0fd077c3659cd0a53a6ab064d99526ababb31f0d35a28414f2ca07c5,1764511866,1764511869,1225,51608,,
0x9fc392a70be05f20773f28e08799be5522e2207f722bb53a5c04deec46b34278,1764511866,1764511869,1225,51608,,
0x3cc5919999c814ecd6b36b2b4728c029f8c872a5fa2167d666eb17b8b0b982fb,1764511866,1764511869,1225,51608,,
0x3a34f5349967080829e7136e2176ee2aacaf82197b3c581782744cfc861e8f88,1764511866,1764511869,1225,51608,,
0x63589d3444c59e9355aa17e043866fd7cfbd5f821498dff5cf78e659124eea5f,1764511866,1764511869,1225,51608,,
0x0f766dc9b35e0e9f1e4bac5514e6a041dd28175a2ce1345afbae7cb6191621ec,1764511866,1764511869,1225,51608,,
0x0a0c7984f8cef1f4fd3acce86b9545c5766b08b8f909c4b9b3f0d4af91988940,1764511867,1764511871,1226,51608,,
0xd5a4242b624ddcf2281294f87d700f9d2ab9c437f2694486a376eb278c26c1e8,1764511867,1764511871,1226,51608,,
0x868392c52e82027f3e523adcfbc0a83be5c7fa357ea0854efa1c47799cb7c509,1764511867,1764511871,1226,51608,,
0x4fadfe25f645b3ba73fdc17d931a531c5d4dafc626a94d0cda8b289de3e2a25a,1764511867,1764511871,1226,51596,,
0x55e8e54dc9d5e5dfbfb252fb540b9c5927523fd1eff39aaa1efa43456b78fd2b,1764511867,1764511871,1226,51608,,
0xad2acd033cac5007378e47c03993d8ea12d28b0cefba12b37444e454289bc9c2,1764511867,1764511871,1226,51608,,
0x2562cc2cf80fbaaf11f9be8945310d4e143ed1239f86e46e7114deb5776cc486,1764511867,1764511871,1226,51608,,
0x3f2b0dd81d1ae5009f57114f41f07eab73f03c6b03d966ab084bbd4b0ede5f9a,1764511867,1764511871,1226,51608,,
0xadd711880795f6bbc965ae3b82eaf89299626299af6ae5d66dc96a28b0465ad3,1764511867,1764511871,1226,51608,,
0x26b0a0a78a39e331b438d9dac752ad997aa662ccc719824123a7a13324163a9e,1764511867,1764511871,1226,51608,,
0x0578308732ba21e8d7fb484e1b7c1e6fd216c94563c71608c87a858bc799fff0,1764511867,1764511871,1226,51608,,
0x624c0395fee652e6112805ba27bce70315744666c2b35e5037bc6048aec7858c,1764511867,1764511871,1226,51608,,
0xa33d5f2c902183757aa09ad052e50290bdee41430c9c1dba452b98d7b51becd5,1764511867,1764511871,1226,51608,,
0x1beeebae62f050312afc1f4b8f2742c8ee15a880c4e1be0181cc4e9cdd620fb3,1764511867,1764511871,1226,51608,,
0x5207976bdf7559f0203d47f4bf31675a06daaa4437e32609666ec6ce3d794ff6,1764511867,1764511871,1226,51608,,
0xcd17c469e758538e0251df5937ee8f85a3490dc1603b89cb1261ac7ec938d45d,1764511868,1764511871,1226,51608,,
0x21baa43e3517e0a563c9641abddc5999e9812683acef2a574b91e37287d6b981,1764511868,1764511871,1226,51608,,
0xefd8327681955dc3c85e24552ea6f502c0ba16369104d3e4db9ee416c42375c9,1764511868,1764511871,1226,51608,,
0x6508e621e8342b40a5d2bbfb26319ccb708a9bdc158a3630cdb59afe78a7434f,1764511868,1764511871,1226,51608,,
0x9e0ac97be9d4b1c080fb41ce44426d7120cafc90b6474113ec67aedc0ed25d9c,1764511868,1764511871,1226,51608,,
0x6fa3cf85f5cd79ecb53aa99587f7ae3ea6800533e160769ec4e59c42308fd83d,1764511868,1764511871,1226,51608,,
0x5be2084fea5a87c44eb404db6d22c6528379560c95b98d7ad2f9e86b3bdce856,1764511868,1764511871,1226,51608,,
0x185f1d95c89772f8b03387632e8bf9a677d8fb1e7ba79b6bc2d38919002d7f1b,1764511868,1764511871,1226,51608,,
0xe028c2922655a5c7c4cfb1fd2426b361c8d78da1953d1983bd0183885e1b4016,1764511868,1764511871,1226,51608,,
0xe03fc9f5d0f43ae5dc7fc5844f30ae0b052ce4c31caf85005aa1ddfa6451a426,1764511868,1764511871,1226,51596,,
0xa0b46abd428e9fd0232e59d81331e193b787524413c84498d58973afe37bc16d,1764511868,1764511871,1226,51608,,
0xb7b6cd8b8715b35663aa35d273e22eb8028ecbf1b6ec7550f89fbbd487ce420f,1764511868,1764511871,1226,51608,,
0xdb0d9051c5adb9d9c1dc10b8253e0438974aea835a052a2c122de8d92eda92b1,1764511868,1764511871,1226,51608,,
0x9b292d0a1976816b4c2073bd56df1a863f49b675d8be68284b739bf1504f0916,1764511868,1764511871,1226,51608,,
0xba341cfaee2a32dec103b9706dd55886e99f8497bbdcccfc1a24788bbf2dca7d,1764511868,1764511871,1226,51596,,
0x3b1350ffc3102ee5fb9d144b3b825079f48284bec033fece8772be7456f2e20c,1764511869,1764511873,1227,51608,,
0x5d1b2949627953e8b9bef8b2a30411de39d95488518933356e9bf77327eb7042,1764511869,1764511873,1227,51608,,
0xa805e34d5acda1e08de341930e488a787ea43e37bcf9ee01af58f651d41f132c,1764511869,1764511873,1227,51608,,
0xc10154ec0bdbef0238504b19329df285e515b1f77960cb0fb012b13402133bf9,1764511869,1764511873,1227,51608,,
0x97c779684a355f822951218b8aca29b6e28a40f7b05ebb7922804dd386bbf67a,1764511869,1764511873,1227,51608,,
0x0dc8d93b51bf5eb01b46e24f445aaacdf54c0261570f47a179d78a1c8c7fe265,1764511869,1764511873,1227,51608,,
0xc5b7a7fe9c157870eb2380b64c1200a410c0a6f47b7a4948cf96d8ff227e4491,1764511869,1764511873,1227,51608,,
0xf8a4847458f7f01ff371de75f6d4b6b5c5dc56c5b710b55e0510fdd016c1d03c,1764511869,1764511873,1227,51596,,
0x9eaee9bd98a619efc5a7d292422ace3621a0aa1183f5be14c46b92afcd1aad50,1764511869,1764511873,1227,51608,,
0xd7dce3477ef3d95a38236d57a05bdbcfd533d0ff7bf4b10b5bb638813cc06994,1764511869,1764511873,1227,51608,,
0x1875247d426af474cba74c7d000a184f427c89cbf753a308b96208a19f72b5ca,1764511869,1764511873,1227,51608,,
0x6de83ef26d5b3f4f4d3c46b9205501e4649af48ebdb44aa6acd9a3b34c9892f5,1764511869,1764511873,1227,51608,,
0x19b57d6cf392b417d36a2fd86a732d750a12cf9f67f88123f39f459cd096698b,1764511869,1764511873,1227,51608,,
0xfc9879242183d325f45f32ff65046890127ecb88705bb8999025230f28717e12,1764511869,1764511873,1227,51596,,
0xbfd06e141aa69a2de509e332ea4f177461e30c3b53f1d20bdd7e34ab9837d0a7,1764511869,1764511873,1227,51608,,
0xe68ba6a993a820ca11d9c8e45887a7f93ee778ef25de7fd0b8dbc5b79f72e9c4,1764511870,1764511873,1227,51608,,
0x3d6438d639be1ef89b60ada3d1e4f537d5c1f12b1dce03d929e1c11c1f97e644,1764511870,1764511873,1227,51608,,
0x6510e72f052a0b0f736d6dac6816f73a1149177d1f26a2405393b77f3dd7436e,1764511870,1764511873,1227,51608,,
0xce0167e008b7471f7b74d1d117f125566591599bf4b1c6207992dce4b88d1a79,1764511870,1764511873,1227,51608,,
0xe64de267583b686727f82d748105f3dd9e3eeebf61e198f2b414506068309499,1764511870,1764511873,1227,51608,,
0x56005c018b5cb53e0894f455f5f595489d36f09f5857a0c629181435df5f7e8e,1764511870,1764511873,1227,51608,,
0x95f030159aebabb7f5e74df92474d85372bafb1e88394a30a0b90f68ff02b12c,1764511870,1764511873,1227,51608,,
0x50650bff1cbf42bb753a7d0a412884ec3f9d769f3db5316da22b738a6c78eb89,1764511870,1764511873,1227,51608,,
0xe40b30696d43534a146e246d1844f929ba187e97892f4f6908bf22b06751ef4c,1764511870,1764511873,1227,51608,,
0x82f307e6696726b0513bad4e15cf09c03fbe91cba180d10746a1b1e310d773f6,1764511870,1764511873,1227,51608,,
0x1a90ad6caa76b01f0ee78e0961a1789182db61f8b0571d813d4d579d022e1b57,1764511870,1764511873,1227,51608,,
0xbc0bddff0d7436efe1d1679309e2262a06aeb91f11cf059c4a9f2f30c8b87a02,1764511870,1764511873,1227,51608,,
0x24d1ac6ae003f614baadade71e3f8e36d70e5f4ea185ca225bc888d40de8b8a6,1764511870,1764511873,1227,51608,,
0x4c1065188a1d7b7531a132ba36165e13c9a1a4ac3d07626def3f2d3f2b35f60a,1764511870,1764511873,1227,51608,,
0x0963eebe03994d1bf97320af3f44c34606a47d29cc758302ff06f3598a414155,1764511870,1764511873,1227,51608,,
0xebc81636e11903a0799a432b67c6e0d2ff4eedfddd477a221aad72ca32a79388,1764511871,1764511875,1228,51608,,
0x1608cee3f14a4a3fedb198de1957d71a5229552d44d7f164870ffba93b4732e5,1764511871,1764511875,1228,51608,,
0x80a827c6f457b09738cad5c399b540208c5366dc42d3572df41c14e385abbee6,1764511871,1764511875,1228,51608,,
0xa9113dc2a05441f3d9f2d4270267ca39efb4aec8297af96bee7128f270e799c0,1764511871,1764511875,1228,51608,,
0xf4ca637a6ee74c6aeb5b1b6fb6d3d968ee1874d958b0b9656c5a41b9b50ccd2e,1764511871,1764511875,1228,51608,,
0xdd95d0c3f6db7c3909770bb91a5f014e9552381f129c1766a5ca49dbe56ff134,1764511871,1764511875,1228,51608,,
0xc7fdf119274bbc87a0c8db742d01132220be1da3d90563f7e6e651be7664b1ff,1764511871,1764511875,1228,51608,,
0xebe090167eafd23e72f78cef3aca62d9af7e835c9b0e03fb574e9854675741ab,1764511871,1764511875,1228,51608,,
0xec77a9d7f32c9e948e3f611912d3c5f77dbe9fdcfc43730cf7d8bd1f2d29e487,1764511871,1764511875,1228,51608,,
0xaf3750c3acceda6f520e043c9a1b4270ec77a6090210c5f4d5c60e2f89056f78,1764511871,1764511875,1228,51608,,
0xec511868ae7786dda1243be61b796c548bb69171d4765c284d28c58cc8a9ec13,1764511871,1764511875,1228,51608,,
0x0a8fe90461e34a2d2520b622a8631f8df4c8be8d619a9e348b3152201655ae6c,1764511871,1764511875,1228,51608,,
0x0cdbf354319aa3a4897783f9dce87ada01f2b559151a7fa3165d0c3066de240a,1764511871,1764511875,1228,51608,,
0x26d7cacafaf140e3a61a373e59c4d12885837e5e9190c29fb28bfcc674d80cde,1764511871,1764511875,1228,51608,,
0xe5033055ed387c2aca6389cf87ca2e9b49ccda73ada67379baf3741599b10f39,1764511872,1764511875,1228,51608,,
0x4f1b66a9fff117bffd697369a32eb4b161e15dff1aa3e52444c1b9842c67eea3,1764511872,1764511875,1228,51608,,
0xa6930da4618fb9390cafa3a07c98d6f39c3a6ac55747dd9d9c753ae2a0f87449,1764511872,1764511875,1228,51608,,
0x1f930ae2bf03c8d80b649da7163c532f2fa2584aec9647ea65fe4ff35396e098,1764511872,1764511875,1228,51608,,
0x0e505867b7283f3b80be43f9476962de9ae3ada18f1b1be5c7fb5b553e47cfaa,1764511872,1764511875,1228,51608,,
0xd98cb91d6578d15a3a9b9ae2257dffa0e8fba4e246f585b239ddb9b5f88235ec,1764511872,1764511875,1228,51596,,
0x85e2b95a985cd766b3ba627c0b54f7963c8dd1edc9d5733645d51c1e327f85b8,1764511872,1764511875,1228,51608,,
0x19e6aa0bb2bb9be6554dc6f026f014c7fc896113942cb719c219048568f5768a,1764511872,1764511875,1228,51608,,
0x4273b085330ed402cfe64904fe2a51428ed16587e0833fc08e2576b53092238e,1764511872,1764511875,1228,51608,,
0x543773c37d030ccf59f44d84f7c507869adfed50e9ef35db38b2b83fa01c37d8,1764511872,1764511875,1228,51608,,
0xc8867c34ba131764f8a1d3134c035656cd3352136137a180e8252d78776605de,1764511872,1764511875,1228,51608,,
0xc9cfee6097c3970bae465da6389cd1a9ecfaccf46360b4ea0d2ef24b2dc49971,1764511872,1764511875,1228,51608,,
0xe801f097decabffbc020570709e783ae7a14de8b54de11f1ae7b1ea8b9af26f2,1764511872,1764511875,1228,51608,,
0x03e468829752588cdcfc468cd6294d90dfcdaaa77ae307d52b70c9681029ea80,1764511872,1764511875,1228,51608,,
0x883050a715d03e4a35f8a148a880cfcf83737c12242a46d13d4c42c408332d38,1764511872,1764511875,1228,51608,,
0xc613e91b66ceb9a62e35c9b81384ca8ebb66e804998f223fb84c6a2510d926e7,1764511872,1764511875,1228,51608,,
0x065c188c30decdbfd26fdc7aebeaa57298f6679b2f24a1cdf7889803f4df24d0,1764511873,1764511877,1229,51608,,
0xdd2d6db3cb5a65afdecded5f8a99b5151e46c9c4a68152733c74e7d0aa6604e6,1764511873,1764511877,1229,51608,,
0x012219f822c17b8962312848fcf0e44705e0b722e149119910bf1b83dfe3a904,1764511873,1764511877,1229,51608,,
0x4cb903663835e591791ab9ae5d29023882c0b04e064a47b312d78f707a3e2800,1764511873,1764511877,1229,51608,,
0x1c11b15674479cc17038fbc2503c912e7d9d98c7e4c1a1cdc14d0c7822505552,1764511873,1764511877,1229,51608,,
0xbb17c29e99bb780ebb92e87f300cacc54a4509d02b9f720a24a0d3445b3a704a,1764511873,1764511877,1229,51608,,
0x17e337f75aa0c11086d29ac90132adead28e95625dd36990677a31a7b2688650,1764511873,1764511877,1229,51608,,
0xf5e6169293b8ec17e6cc497427f2187c332bc04a93ada4ab470a2f2595fe58f8,1764511873,1764511877,1229,51608,,
0xd81fae7f8a30d9d88076c9ff90ed4e92949bdfa85f31b8f95da0bbf5de6995b7,1764511873,1764511877,1229,51608,,
0xc8ac69924b802e946400e23a4d369d482c7cc25cbfe6991d6be8df1076b6d744,1764511873,1764511877,1229,51608,,
0x5d6d76d0737d6b22af6ca3125ac3eb03758b1343dc1511424f6c71b28c462ea4,1764511873,1764511877,1229,51596,,
0x877f8559ce61e80a0fc5a7c41dea5e22886d130cc8752462f344b2d33df2d4f0,1764511873,1764511877,1229,51608,,
0x97ac46e357b08276c817710890b74c558409e0a1366ac82af9b4c4c539d4ed6b,1764511873,1764511877,1229,51608,,
0xd73a7841d685e77388d77dd97869cd99ed99f483c27a22d06b6887d44691d190,1764511873,1764511877,1229,51608,,
0x377bfbee2c7f6199cdda3737646b22d731334ea6410da0affba632c5ae5017cd,1764511874,1764511877,1229,51596,,
0x6770ccd428b56c8046375dc3f78366c70e71589c936d785820d0550d8efe7af0,1764511874,1764511877,1229,51608,,
0x10a74ca6c6d15d9683a4f39d132834206eefd150280684760c9b50bc2e8cd84d,1764511874,1764511877,1229,51608,,
0x9ae64db39e0c2813cad9352dc4804da9a073df218ebc7c8a03edc119a8a33f46,1764511874,1764511877,1229,51608,,
0x7fb872a9213a62b542f7f62eea89f9fd351136b481923d4821cd5b7036a4d26c,1764511874,1764511877,1229,51608,,
0xf8ea61b889e4ecf84a3c0cc7e0482be7294d2481b14b9ca61f69aa5178c9b125,1764511874,1764511877,1229,51608,,
0xb0ad368c46a6d4185d9c61bd4e5439b05e9ca0150f09f37096c81c5eaca9b994,1764511874,1764511877,1229,51608,,
0xcb60d7da133f5107447e6b5c0f3bf03e0a005f8a12a5d3e73fc3a0ab55170f16,1764511874,1764511877,1229,51608,,
0xc51639d7902c76171e45668fce94cc12faac6cbabda6a9b8d729587fc24ac7ad,1764511874,1764511877,1229,51596,,
0x4fcc2b75b36f17801a069b4b58556a942aa1679382b27ca92eb9f9ef6c22dfe3,1764511874,1764511877,1229,51608,,
0x4f2c7b6f5a7e2a3e5773076150a6d99fc51f4870f181a98ea02c360c2b85e491,1764511874,1764511877,1229,51608,,
0x1b567baa88bd43d3306c088ce7ec565cffa287fad3be4c82d147fb3cb0c25ac6,1764511874,1764511877,1229,51608,,
0x21dd4d58668537abf546ed524b79a503c88c69b2b804c117b5dc22e47b5d3082,1764511874,1764511877,1229,51608,,
0x89281ef543c38e0251c9f0feca56e21756b36fbb5a7a679dc60cb3698550269d,1764511874,1764511877,1229,51608,,
0x66be3c1a0d18f2cbfa48a831799f1e152989a70b372bd4240d6830b911e7174e,1764511874,1764511877,1229,51608,,
0x73ed27bbd753baeb807849292a7d36785bceee4dfdc54e9827c8ff565bf1985e,1764511874,1764511877,1229,51608,,
0x0a1067bba7d3e123cc03088f5debc4f2766ea898d6a7861c3285c8b362108ddd,1764511875,1764511879,1230,51608,,
0x05724b06dcb1844b41e0f668cfd3b798107993a636800e902705b278cd9406b6,1764511875,1764511879,1230,51608,,
0x6340102ebeb5e757fd54a9f538bab32fb4c66e9813078ad1725a1e6cd2c1bab6,1764511875,1764511879,1230,51608,,
0x4b3576aed3ff45dad02cf4dbb4672bbb67e09e1a49610cb19df7dde2c7ec0ff2,1764511875,1764511879,1230,51608,,
0xed9010167c67cf9a0ace1003eeb82f9cad6503eae2512f64fb00721d5a39d4b9,1764511875,1764511879,1230,51608,,
0x91a56d74425fe2d578cf07408e96ea219bb77ce210472a9740206c7877818ffa,1764511875,1764511879,1230,51608,,
0xb703668692368a4f7e94fb5ad536d662408a0d912ccf055377176164d97c91fa,1764511875,1764511879,1230,51608,,
0x2f36cdb41ee4be5985f4a8a34dc063011d33c8e51bd9a8ed6dc56c5eb6ef4871,1764511875,1764511879,1230,51608,,
0xddbd6e23ff19c4a5aa7f8c6e1476982a7156101874a4d22c547006eceb71d6ef,1764511875,1764511879,1230,51608,,
0xecdf776674cc4abc40df5f2cf51e7a9d0bef4bcca63e59e04532ebaf01ba076f,1764511875,1764511879,1230,51608,,
0x91ffde7a7d4fa599cb79bb6d1b874eef9342f0a4c5e5130ab8d39d7754e9da49,1764511875,1764511879,1230,51608,,
0x1666614cc0411721b4f568a3ceda3cdb9cfe574c28f94aec32741579f8c65ea8,1764511875,1764511879,1230,51608,,
0x342ac63ea452f3bb6e62193358ca61ed0ba7f803db8e7c5e26452d5266f6ba4c,1764511875,1764511879,1230,51608,,
0xab5021997c0fe436ab1f2c6bb67f8385c88dbcffa6377ab595585b6a3c159023,1764511876,1764511879,1230,51608,,
0x81ddb920ee1a11005bade03d2830f164bad31b60623f6d13ab6780d77e05d666,1764511876,1764511879,1230,51608,,
0xe6de88bba47be6620264a35a896f12b6c9ec78c905aa70be2184113b157cdb8d,1764511876,1764511879,1230,51608,,
0x364ac25d7742de17f367db95cf8eafa892fb1f2b039fd7a791d6dc244f14a264,1764511876,1764511879,1230,51608,,
0xaa3a93359941daf9c6e71172904b5971e2c45304eedaccded8d5cd1fa5b60ea5,1764511876,1764511879,1230,51608,,
0x1d1a417e2f571d18cf5e9f3a20ca137393b17718534cb6c3db08399cf01988b4,1764511876,1764511879,1230,51608,,
0xee3c9f72f10ac904851a067780fc4111d0095692dd13c92c06a2c362dbcdce3a,1764511876,1764511879,1230,51608,,
0x4c1880d4c7a3f429d3559ad8ff163ee48395c8594c76a121f5ee632a1d6d0e5a,1764511876,1764511879,1230,51596,,
0xc66f2d458d2065c67024ebabdde70d0b556c70d55c79b1a2b1a75667fa769c62,1764511876,1764511879,1230,51608,,
0x1e56b7b52f40ec175c825e57595eea73563f43c8b9786e029929a5b5471eefc5,1764511876,1764511879,1230,51608,,
0x3059853dac0214e8a4db97f3a6bc09c8bcde70433bc3bce4bd552d42f5198c7c,1764511876,1764511879,1230,51608,,
0x9eb3242db4bb6764b2ec2e5065c9a78b3323f5601d186d11b03d6130556bc961,1764511876,1764511879,1230,51608,,
0x44a9de636d8b2c079b7ac4d3953e4de4c3efc3d9fe218a527e07172e460a21a9,1764511876,1764511879,1230,51608,,
0x37634dbba4fd2b3c287f60b982bd0afbd32eeecd9703342dfd5f16e352e954d5,1764511876,1764511879,1230,51608,,
0xa445d4f5ce0efed209f1fdf91df1972c7622aa497b882709586dd7b96632f621,1764511876,1764511879,1230,51608,,
0xd34dbdfebe42dda59f4087bcd44274b8df526f1e3c5df42a144738de39ace202,1764511876,1764511879,1230,51608,,
0x073274c922040aed2ac6303935b73fdf7646d4d131ddf4541e87ba9ffdbaddb5,1764511876,1764511879,1230,51608,,
0xb0c6f2b242b16a86e183d591af11562434075244630a3e91b751c43c542e00ce,1764511877,1764511881,1231,51608,,
0xb714800331c10c95cf93bd99cc2c94e76c3b6844ea3547ff2fc5ae7b5733d77d,1764511877,1764511881,1231,51608,,
0xedf4a05582d3f42dfc8883ee608ff4fa1d9dad7932c021e8afb96713ee04110f,1764511877,1764511881,1231,51608,,
0x8ac59716ec1ec9fc17eb4681c2c53b599224fe724bb4eb2d4aa72c022c24aa74,1764511877,1764511881,1231,51608,,
0x25685fd7b3ce3c5ad12ca74ce1882ed91c4a4ea9ecb4112cf4d5ad2e1c1c0936,1764511877,1764511881,1231,51608,,
0x039fcd68d6528b76c26cdbc1e923accaf915467a4ccda5c99c14af8518230601,1764511877,1764511881,1231,51608,,
0x78024575016bdb609433a05a9f2bf48f829ab3211b9d987da42f9e436843c9fa,1764511877,1764511881,1231,51608,,
0x1f883d3d449e48619d87bb518781a11b0eb12e523d0be9016178bf51acb72f52,1764511877,1764511881,1231,51608,,
0x64706ebf03d413942f090c6615f2704edff2d8e35e65265cbde34066c1c41502,1764511877,1764511881,1231,51608,,
0x3c0adf238294f6bcac877c88eda58b12acc1d1f3ca834fdb3b319427d7363dbb,1764511877,1764511881,1231,51608,,
0xc4cabed55110b04dfe5de8fcf54d1c2e105757d551aaba97c2bcfb7cec54414f,1764511877,1764511881,1231,51608,,
0x96bf28576f7d00044255fc613249a1d25acf61e268af27cf23aee172297a1da0,1764511877,1764511881,1231,51608,,
0xef4c46ac0ae0ecfb6eefb4d7f837e1c72b88f504a09cd135e50a1a2274aa574e,1764511877,1764511881,1231,51608,,
0xf35dbd215aea7aed93ee72f916293092bb46c072f5084007d443b3b6c51fc309,1764511878,1764511881,1231,51608,,
0xb846e4f8c019b124c62ede03f31e354f760b4dceb1f866622e70d135823be335,1764511878,1764511881,1231,51608,,
0x4e5e37f6d1e8a29342ce5f5faf578489e2a6b486d5bf89dd047a8916b52bcb6e,1764511878,1764511881,1231,51608,,
0x0182d68d6f95439f60d6bfb8355f473f69f7a34e3c2e4792d045088928bd0b0d,1764511878,1764511881,1231,51608,,
0x7c6d738b6f58f7bf1bd3f9b5673f7fbb94cf7794444c11b5bfcee1bd2d21a28d,1764511878,1764511881,1231,51608,,
0xb7c707d214bceadbc70097bf05cf7f35ac44deee13d9d9465bb43e974d6ac65a,1764511878,1764511881,1231,51608,,
0x954b04501a50ffc796b85b9a435d6e904e1c7d1e1766456028635690d44c1e5c,1764511878,1764511881,1231,51608,,
0xe1543b8b2065824196277c334763761ff843d5ed500fc8bb58d789f6b9348b26,1764511878,1764511881,1231,51608,,
0x4dfc994d7e4721ac393f4198b7e7793136bcaa7a65451978e04a9e8d3db32efb,1764511878,1764511881,1231,51608,,
0x5475e5a0e11190d51e7ee692a2b2caf6ce219381d0385951c139615e0d97b220,1764511878,1764511881,1231,51608,,
0xf13acbc88d8f5048bf505846038538f7672d88c62fc713271363ae9ef999ac97,1764511878,1764511881,1231,51608,,
0x056cdcb85b0e7439399f95c57563865af31dc2aa2ae4c5dd9f4dba535a0cd41c,1764511878,1764511881,1231,51608,,
0x9c8b664b04798bec66cee426a75b0503fbae2d7c2ced451d897b4f4accea23d6,1764511878,1764511881,1231,51608,,
0xdb375bc664f7816853a5e4d77654131022a1448bce286f9b00458511002c73d2,1764511878,1764511881,1231,51608,,
0x41168d1e8e6f3044809b7808f40f41ddac6826b3c5cf08a491af183641099921,1764511878,1764511881,1231,51608,,
0x33823dff0818f3b20f13d9a36ea4a857a167ee8e75316d0f0db5b31085b7f91d,1764511878,1764511881,1231,51608,,
0xe971ee9f7ec20ab53a75526a41db54642307857a158291bd635bdb1be1ca5132,1764511878,1764511881,1231,51608,,
0x64d137ec9754443d796431c66249c52b57989fd473beae5a2b2106e967c1744c,1764511879,1764511883,1232,51608,,
0x1420c04010addcd3323d9bd283a3f322b37f86810061f117e663ecea24c3aac7,1764511879,1764511883,1232,51608,,
0xe29e25f94c149f2139dc7ae9561add7d49de0be7010a6a94e5dafdda442224b7,1764511879,1764511883,1232,51608,,
0x291ad4dc42d94ba76070402ad9d94edf7d2bf1c5792a54e1fded80ac9a47228d,1764511879,1764511883,1232,51608,,
0x00c0f51809a285713454479777704fbedc433ec8c2aa62239c386213ee948860,1764511879,1764511883,1232,51608,,
0x06a2e667b061a44d9ed54c9834ded34e8d00cfb898465115ddc535b94c350501,1764511879,1764511883,1232,51608,,
0x23fb19f5ec1483c1e5347c64b453df1048311c7f78b617a55053a8bb63713226,1764511879,1764511883,1232,51608,,
0x587f6e70ccc94e2ca63dd62d8d163ae31230ba96d48fc8b31b3615fe0c317c65,1764511879,1764511883,1232,51608,,
0x4b1d3719113c7f3d4a71156473ddc75053febdf527265c26535e12857b4aa11f,1764511879,1764511883,1232,51608,,
0x14791be48a98900af03f47c158a06e1fd9f9f56789ee7dc70bb1126df986a3ee,1764511879,1764511883,1232,51608,,
0x4936dcf36bf6f22732ff056c1eee444636cf3154f8523f92a209ee3aaa433be4,1764511879,1764511883,1232,51608,,
0xb303a7c97a6aa9ed8cc59b42d5010786abe5c293d6c8e2ba87a17238641918f2,1764511879,1764511883,1232,51608,,
0xb7d43ead26e215967559de592427d296f168b3c24ffb1df4a49df41509f68d02,1764511879,1764511883,1232,51608,,
0x8c1682ed9199d5f1dd96e316a28f33492e861cb02609b3bbc0d805da148a2753,1764511880,1764511883,1232,51608,,
0xd56a1e959531dc3991c47b45ad97d5adab1c276a7bd9ba27fefeba8230d732c5,1764511880,1764511883,1232,51596,,
0x1bb6726d6a213e11300fbb977713ecc16c476b799b3b3f6bc1aac69522019ac4,1764511880,1764511883,1232,51596,,
0x1943d39218036f08fa756cb413977591f3f8ebd6763b02d3ab6bac187d2208a2,1764511880,1764511883,1232,51608,,
0xce9321b37fa918fcf8a9c0e480c9d6d8a63c4cc9569927f5724843a47f6766d9,1764511880,1764511883,1232,51608,,
0x4a24a42743663c9016f88c7987088032c77874099e55b027133ee0be2d5af06f,1764511880,1764511883,1232,51608,,
0x4427224fb526977da87c93b0c217f6232450688ea06585400c2c5e2d64cd0265,1764511880,1764511883,1232,51608,,
0x4637aa7e21d53abdc7b28f61eff2e75b555c168225d4ab3239d7f257b3f41e4b,1764511880,1764511883,1232,51608,,
0xb43a4ae8dc7cba49993245ed13c7933c015c2d34d31b1bc48f8a87e478dff9a1,1764511880,1764511883,1232,51608,,
0xd2a080bf19e8931c8490f4fea683379fc1675bbf4dc08ecf442578664da0a4f0,1764511880,1764511883,1232,51608,,
0xa0d01bba464c45b0c81fc1b8cad0a06bd2c5188eb23d8164f19df3d0cc556a0f,1764511880,1764511883,1232,51608,,
0xd0f8eecccb3f7ece4e3531caf4076bcf797efa3b46612b5747795f70d739bd3b,1764511880,1764511883,1232,51608,,
0xe3301cd9ca4c529ed47d078bc50ff7284b4f50194aed3d7a573ef79a3a94ef77,1764511880,1764511883,1232,51608,,
0xbc930e850692d3963849637f4ec5b7a785510a07c1c61e5bd0c2a480df60ca3e,1764511880,1764511883,1232,51608,,
0x6b17c19de51003a81047d301007fb2d45d50435da7dc9e533d61373b70e7620d,1764511880,1764511883,1232,51608,,
0x3a90d40d542ff8678caed9a1c5a58ffcfe3b7e3e262dde73051521079103c131,1764511880,1764511883,1232,51608,,
0x1e621d4fd22b33298025191013a7b20dec77160a3cd4078c3cbc9b0d9ffe2d54,1764511880,1764511883,1232,51608,,
0x627f6035e3e39a450865a9fb7d9a676d458bb19658b9bfb117dab642f0df80b5,1764511881,1764511885,1233,51608,,
0x33df339c03a0aa80ca130c413b5133dc8736fe3aaddd042cfb69b51b01114331,1764511881,1764511885,1233,51608,,
0x40c85a8e4f96d6a0d9bb01dfc7492747a1659df17a179aa34feff3b0359d3ea0,1764511881,1764511885,1233,51608,,
0xe071857102a3675b48cf0c8ee173f5f1fed321aa7ab58c2dc7be33c2d1c6ff70,1764511881,1764511885,1233,51608,,
0xe92b4a48db1287b6d0f455c6fbe83863b07acc912b54e68cd55b87c8c668182f,1764511881,1764511885,1233,51608,,
0x49100c883df39db2b8dc4c1e920489f2ab4f386bc59286b5b196beba834eacac,1764511881,1764511885,1233,51608,,
0x9163784665315db59b4e876a6b53c5efa94a6a60cbd90313141c741bfc3a8ec4,1764511881,1764511885,1233,51608,,
0x2d703d1f200d8e2dc1f7d873b22f7bd764c8e5aee6dd29ccf4db4d3a63524ad8,1764511881,1764511885,1233,51608,,
0xdd25d48fb9f450520e1041866e0a880413c3e8bb8476024349fd191a4273b1d9,1764511881,1764511885,1233,51608,,
0x6c901de92f86587d71343b0a40bd3aff225f03c61222b900a05c4e311380062e,1764511881,1764511885,1233,51608,,
0x8a9055df66cea93928bb777065cd019d9767af55903393f3e54c1c84ced6fad2,1764511881,1764511885,1233,51608,,
0x45502b51402911236c90a30f43fbb3fe300c3144cdd377fe78da9a2a989ae1c9,1764511881,1764511885,1233,51608,,
0x54130223eb96891adebb2522f232fc029ce2051f46ef1198ecaea60688d8d166,1764511882,1764511885,1233,51608,,
0x78d9618f2000fe4c04f6d17caac477cb9ac83e407218aea16c52dc31f300316f,1764511882,1764511885,1233,51608,,
0x042d07a51cc7de4a3c68eca7594a81fdebf7fefefb90fe4b9cfe34144a0d8538,1764511882,1764511885,1233,51608,,
0xfc41772e38b54920a12f6549ae65b8733d485e1bdc57066c42bdb4c03ebd628c,1764511882,1764511885,1233,51608,,
0x34c7dd068d6021610063d3ae76558aec103c4223941506f584d22c3e0460116c,1764511882,1764511885,1233,51608,,
0x6419b56c8dfeb273fc11226efdb1eb95900247d0c6cd09610314cf411e26ec9d,1764511882,1764511885,1233,51608,,
0x8ff146227bb4c46e8a382db8997d0c0657774077fe2a25bb70deeb723fa8ed41,1764511882,1764511885,1233,51608,,
0x2efdbd823b8ada68c07948e4000d742a9451c663c33150c75a9f5771d083f259,1764511882,1764511885,1233,51608,,
0x708acfa97591976d1bc0bf94bd5992b5a853b776705cc4779cbe43995918d215,1764511882,1764511885,1233,51608,,
0x0c7b24e964d4646ae8806fbf6d7401f2dcc8124e7df29bacbda4fff7d1e66b25,1764511882,1764511885,1233,51608,,
0x0dea687704815ed7c86a6c599aacb36a71f9ef4859211c000aac0654a9a6f40a,1764511882,1764511885,1233,51608,,
0xcc26038c1d1e0ba598f4b24be81b5e1d427867f65285d260e9ee292b4f275702,1764511882,1764511885,1233,51608,,
0x0b4dd457c28927ecd764820a0c3ed5c945c58c4992f2ee9adc82716e794633c9,1764511882,1764511885,1233,51608,,
0x93bab1d68363724ca6dfffc4bd3c39664e3170b548e17c5570830b3c27022d28,1764511882,1764511885,1233,51596,,
0x7bea4e9a0a68f3ee7720ffb54acd184390550667470246a033f656c12713d4f9,1764511882,1764511885,1233,51608,,
0x9c920fcb845feda500699db01d2b93ee9cfcdeabcc47886113eb14e7deadd817,1764511882,1764511885,1233,51608,,
0x2eaa0f6f5b3b5457c4208e05090170a2bbefb50b4b76da41a42b0648648ff8c0,1764511882,1764511885,1233,51608,,
0x73c26f67e950f65bfa31474147a11a0af748f466a31e89136e105fcfe7983664,1764511882,1764511885,1233,51608,,
