tx_hash,start_time,end_time,block_number,gas_used,kind,error
0x616ba77082a23156138a9128246df81178ccdbbdac0299084f0874d09bbd7b46,1764459983,1764459987,1711,161892,,
0x03d7c907bb3e020607880cd1727d5da07f5be855c1c7761e3963c9639725d97b,1764459983,1764459987,1711,97376,,
0x05198488b67826d37f8eefe67f5d8707a2adffa157c0e20ac0b167c9ba255256,1764459983,1764459987,1711,97376,,
0x261bc9921e7cbfb7dc1c6d6bebc909d06fcf8faa053bae82fe75debd3f64ef9c,1764459983,1764459987,1711,97376,,
0xf072882a43e4307d9f74c657917b49284070d0682fbc4fe33cb2835361e25361,1764459983,1764459987,1711,97376,,
0x129de354a00c622d28d7927d9e54583e0511d7e0238754e1c9e666f06dbd564c,1764459983,1764459987,1711,97376,,
0xe8a4026750b3eee2a23cfd247e0d473f1f3225b139cf53fe4640a8ca2131719c,1764459983,1764459987,1711,97376,,
0x97dfad738b6e7071f2242a5b7a085f83dbde150195798b5e86d618ee32dbbd87,1764459983,1764459987,1711,97376,,
0xaf041001d715754666d04c9eeef9f63456e73cd31762a8bb4c67dd3b53b79b32,1764459983,1764459987,1711,97376,,
0x847e69148f4c6b7c7a454f7333984ef836790903f734c0bccb4a595bdd30f2a1,1764459983,1764459987,1711,97376,,
0x31a34fa5b2d6c6130d60c0f06e495013bd03812c7ecd81d6739035e22c20dd46,1764459983,1764459987,1711,97376,,
0x0ea550a5235fee301e26ebb77c635dcf0d15c4e1c2a393435080ed61da50c954,1764459983,1764459987,1711,97376,,
0x502dc8c2f7047a7a54022f2aea745cb42baf533d6b59f313769ad406227ad9bb,1764459983,1764459987,1711,97376,,
0xca093f7e6699798c14a9e2782e269d532b68ae2b1917c7b27e17d4fff81edffa,1764459983,1764459987,1711,97376,,
0xd35f1a98f01f1acf2fda4debf4f1fea528ec241bec1af2dc5ccba37c54f1b4d9,1764459983,1764459987,1711,97376,,
0xef3b74e9500d9f99d31df484e442f6dde61704744732a1ee73f8088f25bf131d,1764459983,1764459987,1711,97376,,
0x7f201c660f30f2f2b81e021d0dbc5cb727ad1f93ad982eb447f6f61ca30b8b64,1764459983,1764459987,1711,97376,,
0x8170e3d8c5b807087cb658f5b6023aa1566bcd9dd68f15dd187384001fa2b45a,1764459983,1764459987,1711,97376,,
0xc0435fa5071cafd22710f97aef6db8c6493928a06f2e159e88d6f227e39866b9,1764459983,1764459987,1711,97376,,
0x5d983cd1f6b5e786fc820205d967e64153446a92f0e2487417eff5da3d3d9fac,1764459983,1764459987,1711,97376,,
0xc2dae9fd5f77bab161534bf227b0990ff0041de36d229e3b7ace6b7a91c3d7d9,1764459983,1764459987,1711,97376,,
0x4bad46ca4c4d41bf65c44f795c55e336e73f0b21135ccec9e4fbba4f58fbc7e8,1764459983,1764459987,1711,97376,,
0x06524371169cad8fc5e55d5274a74230730e8936d4331259970f2f18a0013dc9,1764459983,1764459987,1711,97376,,
0xf4fb8b3cccc8f937c7433393d6d7fb160a4d072e6d0a16b024d6cff2db5a3776,1764459983,1764459987,1711,97376,,
0xcc9e919423b4dbbd67a92157a5dfbbed9724d6f2f8cfbb8a80708e49fe1da181,1764459983,1764459987,1711,97376,,
0x73afab5c4283e2ce51c4d1ed5d66a12459f3e6b4e22797c82966780c7ac8aa61,1764459983,1764459987,1711,97376,,
0x6f0a23ee7bc8ac47b5d4ed5b9fda461a2804f7dc438af7056cff33702b0bb508,1764459983,1764459987,1711,97376,,
0xac527bb9985fee9d8889dd1c215b9807f76e598bf512729fe0e282a4873dc0c7,1764459983,1764459987,1711,97376,,
0x7fa99df73720c5940053704979150e70003de098173a2bf6cfce7c4a13cdbdbd,1764459983,1764459987,1711,97376,,
0x84b74e659d2475c4d91c75750913c83709bec7a7411579a8e1054b754cc3c224,1764459983,1764459987,1711,97376,,
0x93626464a33946cd913c7886666d513e21bf0f14afd6e81fa8ae6ccf887dfa39,1764459983,1764459987,1711,97376,,
0x5e290ec5f90c9b01b0d7f3330d7df3e438e6c8ab905f6663a9bdb23d7af66091,1764459983,1764459987,1711,97376,,
0xf68f9b6f391592410128df29f7d23b11eeeeadcf5e13f6a3bf616886e515ecfe,1764459983,1764459987,1711,97376,,
0x911b45ebb65f950dc31086379b3bca0bff13796493065bfb147738c3d6391aab,1764459983,1764459987,1711,97376,,
0x7c82aeac7cc59974bd325a2e3181c9a75bb7eb97798bc8636a98a26ef1df1678,1764459983,1764459987,1711,97376,,
0x64f0ca00c35914f7b7d61073dab16aef27c54d15b0249bdae5669e05ec13a5c8,1764459983,1764459987,1711,97376,,
0x8cdbf9bfaef47bff323043cd14f3b42f0bd08654e096cdffeb2e3bd3449e8d05,1764459983,1764459987,1711,97376,,
0x0c0d1e27639ca7ebfabaedbeba41ab4af046b633c4e555e48a009b9ca7a2ea89,1764459983,1764459987,1711,97376,,
0x3011067c019cfa69e203de29639f4e4057ec77e328e672748bc1d3d555528640,1764459983,1764459987,1711,97376,,
0x4bbe6aadee5408fc4cd7b8c3c49eb9f6c96950ccce5429c0ee253bb56c2ac7cb,1764459983,1764459987,1711,97376,,
0x0ea07aac22c6cea141e2e6ae3395fe607f12e1cbf67fb1e88aa03be7c81b4c77,1764459983,1764459987,1711,97376,,
0x005ad37b1551a28747e6c0de0581a7ac049c14fe72c05144824eb6042d4b102c,1764459983,1764459987,1711,97376,,
0xa85c716aa340bcfc2494e97b93c33de2ad40047f824aa908bcb390300b7bc136,1764459983,1764459987,1711,97376,,
0x8fc7ebcf06c50c5cc912918d58594c473ba0bc187ecae43fc5915e644eff3984,1764459983,1764459987,1711,97376,,
0x7025e694dc48f52303b89ab735a494bd3ab760d3c997b9f1893e8873d03e821b,1764459983,1764459987,1711,97376,,
0x1da7e0aa302a3f811401061aafa2a9f9659258655eb1cbc1967a167798de0ea8,1764459983,1764459987,1711,97376,,
0x3291fc2a9f4cb905361f098c00c7fd18fbcf86c18cc0befaa40c2c6fec74f173,1764459983,1764459987,1711,97376,,
0x81c03fa925c4e8518e13b66b9a2d049e04fd0ee087ed6a94c7083be84453326a,1764459984,1764459987,1711,97376,,
0xc84738efd6934fec0ff77af3080be5d78481605d8aa5d19ae053c81da87d30ff,1764459984,1764459987,1711,97376,,
0xd0f57f5983207f5b7955569ff974686beedf6a97b443699c2340f7c9232a82a2,1764459984,1764459987,1711,97376,,
0xee5f5bbf0c50ffcdb86002d9699a9344046d65e84ead7b5fdd8975a1780040c6,1764459985,1764459989,1712,107792,,
0xddbe6cddfb0f24bd2ceb6b73035516d547a34d33f97e59620f43d72268958968,1764459985,1764459989,1712,97376,,
0x73e1d4c04312abd679c3369b4dca75d07a1e3c6d46d17fa483201177b6243b2a,1764459985,1764459989,1712,97376,,
0x96c0748621ae2047fe05106cc618df333ad75e4214337d64ba2f9b6341fe4f4e,1764459985,1764459989,1712,97376,,
0x05816cb16be6c5cb01230bf2030aa43d359011782be933a3df835398223a0455,1764459985,1764459989,1712,97376,,
0x20332a158bc4d28f6964399bfd315f7e5ef8f53d15d7a607b507a492a5819265,1764459985,1764459989,1712,97376,,
0x9a620a04f4204722c36570c93012fbbe0e7d0b051a28c8e09c75d25e9d5d75cb,1764459985,1764459989,1712,97376,,
0x8b7910512fd07efdc01404480657a3bdf20ed249bde33d5665aa45eb03c00068,1764459985,1764459989,1712,97376,,
0xe51c880975aabc8f5b4396f6047b58eb30b740dce174d1fa593da2c11d16c77b,1764459985,1764459989,1712,97376,,
0x4081e3558d11c5cc99a7818078c5ed21d48f5b866399ae5efb28880279d15a35,1764459985,1764459989,1712,97376,,
0xde563b1fda7438b14c1a8886d3519d719fdf5176e96fd6a580fcc24dd91858b3,1764459985,1764459989,1712,97376,,
0x2351b3bda6454d5196a5452cdfd6295f5dc62c66b980871915a6ca1a1f31c568,1764459985,1764459989,1712,97376,,
0x1e4cc1e48568efe6b2f47ead4c5cf8b659617653d7154300d423564d29dd44e5,1764459985,1764459989,1712,97376,,
0x6dd1b6dc12f4ca71aa3c83cc49d4a0f8cf0ea62a1aa4d7cc9d2e3914ceec139c,1764459985,1764459989,1712,97376,,
0x8e1b523a8a25673a3c120c8c9507f0979edcee68f7761625efd195a33b5350b3,1764459985,1764459989,1712,97376,,
0xc1ab2beee084b482eb920c9fdc392801b90681a03c19522c105c6cb028dd7e60,1764459985,1764459989,1712,97376,,
0x4cd0a0e063ba4ef0e64b54341c1d40a544e7a172e624d18a852799b941aa8584,1764459985,1764459989,1712,97376,,
0xe33b40e95d384fc8dda8c3867eeabf378cd93b47ad858c6799b4345135157dc7,1764459985,1764459989,1712,97376,,
0xb5479fbba90db83437be76d4fdcc33f884f2ac206aec129c4b26e755838b10ab,1764459985,1764459989,1712,97376,,
0x34f28a48842bcc338143fecdb92136a3c5458aa4dee0ff0d3b206fb5c785d501,1764459985,1764459989,1712,97376,,
0x92917541a003e1dfe46448852f185d1627da4ad8c2b0914406205f31cf993243,1764459985,1764459989,1712,97376,,
0x5f59c96435b79b3f4dca57a42bc7948973b44765aac2cf0a73b8fdb54df9f731,1764459985,1764459989,1712,97376,,
0xbbe2edfccee1f33bb10cee47cd5fc44c21cbf808cfdd095c05ef0ac619a4c2e5,1764459985,1764459989,1712,97376,,
0xde19f373656dc0fbe6e42927aa2dd7e0ff8cf661e0b4ca7921651c0575213e6f,1764459985,1764459989,1712,97376,,
0x727106f019ef0a63aac16f9c5c1e09fa46f3a171874af130304dde04c8dacdff,1764459985,1764459989,1712,97376,,
0x56473e5167a9cccefa1fbe58de89b9c881c99bd54a03f4f45c720f45e8bc4f70,1764459985,1764459989,1712,97376,,
0x85faff6b3a420f1fcdff397e6331f3128eb7eca71949fcb2920356b6eb5003bf,1764459985,1764459989,1712,97376,,
0x0978a665e00121401c8eb12f41a3c9e937c7157caa5febe442a2ea40e4c73411,1764459985,1764459989,1712,97376,,
0x22a1b383a5edffdf2887510e6564f7a3d60b3b28af9141f0ad467579c870ca8c,1764459985,1764459989,1712,97376,,
0xf608e67d394a40501eb74814cdcb5165dd7f438092fc1aae5ab67386d7e69601,1764459985,1764459989,1712,97376,,
0x13a299812cf71a2750ccec69753cdcfd39ccd9162c40cb458ae2e6bca37c15bb,1764459985,1764459989,1712,97376,,
0xbea3a05f0449d793555a61cb78553016572cefca5ee63519aad3373bc7e3c0d6,1764459985,1764459989,1712,97376,,
0xea09416018cadb12436992a735d1f48d3fc7346d1cfa27a60543dcb13787be8c,1764459985,1764459989,1712,97376,,
0xb22bdf44d1258b84d484501988e4ad78d84c7bab56f909b1de39c8c6cfba95c9,1764459985,1764459989,1712,97376,,
0xe39387737f67757080ad0ea37add57235450bf11be275a8689d2bd552ea99de0,1764459985,1764459989,1712,97376,,
0x964671643dae576593ceee2f228884562848b8b1ebc247e934528467dc222095,1764459985,1764459989,1712,97376,,
0x22ad1ac25fd31710bcaeeb6a4b4b6c745b9989acbc0658d7078486048270fe74,1764459985,1764459989,1712,97376,,
0x2a6dcc1e385bc2070b6ac9ac8f2fb3173816b42c369e5fceece271e8deb2013a,1764459985,1764459989,1712,97376,,
0x59b54afb16be70775eb92f919963a2bbb46b1c02b7abc413bd165eddf1ced585,1764459985,1764459989,1712,97376,,
0x0b3ff20927d84dfecd159dcb1dcbc69f19d18fe986dd04f7c672e2d0949a8abf,1764459985,1764459989,1712,97376,,
0xa1c868aa4536a67f2d43f04c86adfb51311906ef2b43b97b29165754fb9cbd6a,1764459985,1764459989,1712,97376,,
0x0f16b4150f9a27debe1da06b4b182eb264aff34529094a3bb83ae42dc75f7469,1764459985,1764459989,1712,97376,,
0x0712a4320fadac7d9ab189ee69660247bd3fa4ae05d2d062ca9732f638b5b571,1764459985,1764459989,1712,97376,,
0x709fa63b0c1b9a8a1581c907659a7620169a2a016804cfe3d9e1884209065777,1764459985,1764459989,1712,97376,,
0xc347ac76cf0d16b6b1b84590e164118fdf10bc524c2c25faf386499e6d6b010e,1764459985,1764459989,1712,97376,,
0xd58ea8799f3dcae3b4353d4c23a44a94f81f6650656d467105d06bb158cb1614,1764459985,1764459989,1712,97376,,
0xa344d54b80872e32c02c606623994cb5623b5d34d357a80aa0e2e83167b3ce83,1764459986,1764459989,1712,97376,,
0x37e1ff156d39590edc4f0a0182bf45f4e8129ede83819b7adc6744f64c1fce50,1764459986,1764459989,1712,97376,,
0x1197d9110d62533cff6ce59d30ba47273568390876db6dd94fa35a32cab2f531,1764459986,1764459989,1712,97376,,
0x140bdc753ade88a1c32c1f9e67d261dc0f23e2bde7775d1ed266d948e799e237,1764459986,1764459989,1712,97376,,
0x52bd2637a61f1c0f0e594be43d586f2f455be922e0dc85148f72209183f33943,1764459987,1764459991,1713,107792,,
0xece593c732ee2289c02d673c76354b9ff17d7bc11216d4f2de9106a805887d9e,1764459987,1764459991,1713,97376,,
0x6ef73bfc3d3ee388fa8ef0baa8dedcacef6bcf41be1f55d5275ff4ea7187dade,1764459987,1764459991,1713,97376,,
0x1f69f0a48a0ffcefb2854614d24fae433431e4d2991809b53f1b742bb3724d5c,1764459987,1764459991,1713,97376,,
0x54beea23b076b9e7a95e97702711b9dcd4720e490b4a0acc7fb1900bb1b9ea86,1764459987,1764459991,1713,97376,,
0x6825a512c1a144274846b9c365cf6bf028cddfada3511d22c6c7381450c0984c,1764459987,1764459991,1713,97376,,
0x1b0178fc05bc2d1ad62e1eebfa9a159a7b65f55b5b48d77547b29ae5960908c7,1764459987,1764459991,1713,97376,,
0x3cc22167ae1bb47d628a3d079e9dc82d8e26c34280a6a4f4d911c98ae31b4b4b,1764459987,1764459991,1713,97376,,
0xab4cfca575ad71c21cf3de74b07557243d154f07223fb1fe29a41f1a1e3d3ccf,1764459987,1764459991,1713,97376,,
0x326a07a4f027c5fa952b0ed73cf9d404604bd0cb40ace354669f11eb103fdd49,1764459987,1764459991,1713,97376,,
0x85aade01952143aca789dc91ddc323ebf4f8eaa00fa94c9aa73aee3f668ff329,1764459987,1764459991,1713,97376,,
0x346b935e963ca57009fe34204eb5948f76ead16df65d7858bebc4d308cf66310,1764459987,1764459991,1713,97376,,
0xa6c55ac715881a6a61a4d3c045f72d3d9d930958755f3ddfb2952c75f286e327,1764459987,1764459991,1713,97376,,
0x0c42153578555bbb7b355aa1bb454222759923b5e3d2d6286c86e0751ae476e4,1764459987,1764459991,1713,97376,,
0x599ca3121e44e42031c17575f716717b0bc1c1555faf2875521a9f337903071c,1764459987,1764459991,1713,97376,,
0x17f41fd16973df5cc5a22f1434891a18fc2f613e52e414492fbfdc79b8d13779,1764459987,1764459991,1713,97376,,
0x7a45934a494108904147154657fed3fc12f0267fa23d1385f0f5ab7af6b1971e,1764459987,1764459991,1713,97376,,
0x47d7e1d33caecef162f46cc2eb62f8ef3736e556619fdd3e12a41c989b76e7c9,1764459987,1764459991,1713,97376,,
0x6bcfedcd7d53d802dd260eb93c148e2698060afdd90b9947753b5d3fd1550a45,1764459987,1764459991,1713,97376,,
0xed84e099ba80ae60665b2975f39ab296cb3c39bee888bcd917e083c7b5740ed1,1764459987,1764459991,1713,97376,,
0xba0f6549ca031eaa2eb519593fcc3fb55e018f39338b343465d71b74cd27b9cf,1764459987,1764459991,1713,97376,,
0xd24e0e8911c83839691ecf8416855744d59fc418f21ef61ac65fd6e1b9ecf87c,1764459987,1764459991,1713,97376,,
0xea50b847e74fd5e147d70513477b8e2aac3f05a08affe1c79783f11a658f9625,1764459987,1764459991,1713,97376,,
0x6ba99af88fa316742576dec4329cdcb36fffbbbe26d80e41eb4a096d671f874a,1764459987,1764459991,1713,97376,,
0xa639545a02f19fa2e2a5f02661c544396ae0e44b115d0a377304876519f1b40f,1764459987,1764459991,1713,97376,,
0x47d91fc99a5345b303e15dc00284e44c38fe4590597a908aafdbe9e678263a54,1764459987,1764459991,1713,97376,,
0xbcc8d3ae58a6d1f0e55ec047933a29bcf68d32e713823acb79c64686edb24688,1764459987,1764459991,1713,97376,,
0xe832fff525df616099864c2bdb1e7727183f2098fb8cdc3df14e9167b0a27001,1764459987,1764459991,1713,97376,,
0xa50d7aa0fee99f2d6a686e822fea529ddc967c97459f0120120630e784a405f9,1764459987,1764459991,1713,97376,,
0xd1500574cf1838d2724595b86de3005bdd279387785dafc0f49769cbc0e18be2,1764459987,1764459991,1713,97376,,
0xc41a15a4c7731cbfe02ac045767bc771619f3265ab7a96cfd0ef320507cf1235,1764459987,1764459991,1713,97376,,
0xfe3d0f067212d9b4dcdd6ce2e1bfba714a5013d25cc5efc16feefb45f3a83766,1764459987,1764459991,1713,97376,,
0x141237fe1ba3c9c5df8d6cb5720ae1b27215754d47dda7b88148c8a47b6633f2,1764459987,1764459991,1713,97376,,
0x51a5d6fcf675ff5912b255e93079437265c63a2c87dd046888faf3163e73247c,1764459987,1764459991,1713,97376,,
0xeecde49320e794e7e8ca1457320edff6fc7e24e31d2319c70f8487b94d3166f1,1764459987,1764459991,1713,97376,,
0x3fedbfd153fbfc8fb9efe7bdacbb4649fb4b85cdbd0fc23c7785cd93da769dbb,1764459987,1764459991,1713,97376,,
0x07a05fa989011f082e7ea0ad29c9dfe5ac76b866f4080f668f1098ba6e705d4b,1764459987,1764459991,1713,97376,,
0x0d7d66a9cc454b18afe93c01eb656149e0a1356b938ba01cd306a35b902e6394,1764459987,1764459991,1713,97376,,
0x4e0266cc29f30bce3cde906fc3efb3b951e0501b3a324c27c72761d576a92fa7,1764459987,1764459991,1713,97376,,
0x35dbfb88c7f61d803b048509290b9ef762ca5cb7a6a7a4bbb362e86a48d0b139,1764459987,1764459991,1713,97376,,
0x546b5c357ec380b2abcf13c80898ff0362bf9c6c401e3ac27326c00e76aabe6a,1764459987,1764459991,1713,97376,,
0x77832ebf1d204bb3a4d23cf2a9f78a1cab089a239394896d0e2be52ced8bf90f,1764459987,1764459991,1713,97376,,
0x9fd0a52e5fdf191d6f767679cbb232f381cf3a726f94c68d1690e081852bb44a,1764459987,1764459991,1713,97376,,
0x69fdca91f8b895c1c027d3a0ec32b05f907996288cb0ec50ab741e85ad7f981d,1764459987,1764459991,1713,97376,,
0xb1ec1408c0df352f7d83fe35991cf34e4c0010a7226898e0dfd4dd2c53e6d5ca,1764459987,1764459991,1713,97376,,
0xa1dd08079185ca50166dbb2f09fd8b0f044c2f8018a8f0fb877be1fe272fed41,1764459988,1764459991,1713,97376,,
0x4d78a4b88713930dd50c9c0b13f70b067aa8b9cdc43b756ecbc8c2f71f4f24a7,1764459988,1764459991,1713,97376,,
0x7666d48be9b85ba50bbcd3d1e6e07aac570368dd30f7fc7f05567dd400872d62,1764459988,1764459991,1713,97376,,
0x4ad183e069c1bb229044e90f6fbfaada34e47fff7a6eff1beac1f218bd6d41ce,1764459988,1764459991,1713,97376,,
0xd4ce62a1e9f855e7efbc2c1853c083d25dc5ab6e90d3aef9fd0027c6c82914d8,1764459988,1764459991,1713,97376,,
0xb1fb91d4d91918af55e3ed4db476d904eedac2aaf4f1fc1cf9e037be5065628a,1764459989,1764459993,1714,107792,,
0xb25d87a10c668faf6a40888dd95ab475cfdaccff8b3eecb5e33056e90661845a,1764459989,1764459993,1714,97376,,
0x9c8f1e6ed986f4e23a180d15afaa60a3ddef6474834ad00008afb86b4da872b4,1764459989,1764459993,1714,97376,,
0xad20a4b4261ae416b32bd356e4fd6dc66b09e89c1f2579553f51e8e9c6b2d6f9,1764459989,1764459993,1714,97376,,
0xcfc48b60d12ee717ffb5e7c4fac8e147067f52d7ea5838d98a7228da4ae6562b,1764459989,1764459993,1714,97376,,
0x90a2990b97e03bd2060392eb2a4ea088f327276a48ffa3ebbc00cb34f69ac3d9,1764459989,1764459993,1714,97376,,
0x24cb8b3ca552220b34355499911fddee9a46f909c117dccefc9b90ba211c4ec7,1764459989,1764459993,1714,97376,,
0x495b77500019da1d5e3801be22f1f7779b43a0e278b94c82de5810cbd695e894,1764459989,1764459993,1714,97376,,
0x81d002e8d7e435713be4d551b83a5eb8e1d7090b23aaf30357be85f2a31f0b69,1764459989,1764459993,1714,97376,,
0x2cd033b1678b378733ec2334fc2d9f5aa0319fdbb6ce0a189e8dbfddbf9d406b,1764459989,1764459993,1714,97376,,
0x2951f45f45a193fbc72abcd40bf69293ef99527aa2a9fd0a6b9cbe77d03a0628,1764459989,1764459993,1714,97376,,
0x97a8273039436832211e5eccce1f116b32e24a7a81baa8601563e93ef4d06acf,1764459989,1764459993,1714,97376,,
0x4b2f81c832fc2a358a697d25d51a2dbb7d6bab931dd2c774c535d6148b4d13b8,1764459989,1764459993,1714,97376,,
0x1244442d180740880dc28269d2919908e01ae0385cd06a9efd4ff2f76010dba3,1764459989,1764459993,1714,97376,,
0x84cd404ac0f54d0d28581c3d9f2c983c23803745790db07e71a486b464377ff5,1764459989,1764459993,1714,97376,,
0x1661a7cbb03f0a52f1b56e75bc36214af9288f4102799dace94fd7896732a859,1764459989,1764459993,1714,97376,,
0x86bf22c979fd7db144635a8663a3c13b4b3ed7ead7dab4ad3ce5d60ad454e8f3,1764459989,1764459993,1714,97376,,
0xb10f24a60bb8516a804032e2a122c5331fce08f4ef130dd4fac8141bd03779b9,1764459989,1764459993,1714,97376,,
0xc2f37bb4f56e8fbeaf2bd7455061386496d411a3c04e72e50ce12dfeeb6ce127,1764459989,1764459993,1714,97376,,
0x57e0a6b5711313ed95c4125ba34ae1c3254cbe45770065c79a032db4c535d754,1764459989,1764459993,1714,97376,,
0x878e92fda66cdb6cd78de3762555671c76e73012337a10e267d9b9152deab153,1764459989,1764459993,1714,97376,,
0xefcec7ee2e13ce53e8c3484bb1a6e95266572a86b929ba56d349151a60f9df4a,1764459989,1764459993,1714,97376,,
0x8833de544d224148d24817f98716891354b7dda1dfe0b6da7a5479ef73abddda,1764459989,1764459993,1714,97376,,
0xab3c256173e0f1ab03de94840cd7b65b380016ccae5c23608186acb83dc68577,1764459989,1764459993,1714,97376,,
0x89e21afd297bf19a4883b34bb1d9bda7b6f129041f90001540a41c316642b4c0,1764459989,1764459993,1714,97376,,
0xe780be3224d74c9d53dabaa5a6890fdbe5c294e9343d249d3e2cc52251763abb,1764459989,1764459993,1714,97376,,
0x85518d7c108972d8462f61536567c3a31c48a05631163346378a993a91768988,1764459989,1764459993,1714,97376,,
0xc9899fa5ce489c3f5a81c1f55ff3981e73edf11309e9e81d6b9d11769fcd8211,1764459989,1764459993,1714,97376,,
0xea127e38380d32f841d817db2e3260b583eb2425628e75f3e25584a9751396f6,1764459989,1764459993,1714,97376,,
0x6dda68366efc5d923bdc63a64cb1a8a25f7945c604db32233de63250a77a1a5b,1764459989,1764459993,1714,97376,,
0xcfa18d88610c7b0a657db4db97cb89f8967c2421cb72b0c7d707c612bc3ae73b,1764459989,1764459993,1714,97376,,
0x8d9d9ed74ac6ede95fdb1b037c94e4de3d0410ab1eff1b3ea46e21572191e380,1764459989,1764459993,1714,97376,,
0x5fe5cec75554f44082765e7799ee506349154e78f10d605d8ead89944d16d48d,1764459989,1764459993,1714,97376,,
0xd200c685c2c04051ed5594e26836ed35321e11c5957cde08b446486979e4c742,1764459989,1764459993,1714,97376,,
0xc35d6d88f358b1500afa9b59550db25ae9ab444dd1b27d6b8e6c2ff50bb28bc7,1764459989,1764459993,1714,97376,,
0x9fd67c933f984169794ce082cc3920cf2ac0bc6b2183f00c5b91b4c342824d30,1764459989,1764459993,1714,97376,,
0xbd69476a7e63bcbd2011225a84538702e7485eabd0be7127cc61957f5238a283,1764459989,1764459993,1714,97376,,
0x93bd6c804a6bdc6a01bd5aa2b179ddfb317ba9108a9f98039334088c0299e2ab,1764459989,1764459993,1714,97376,,
0xcb2754a274719d6cc9a1cf546004ea56864e6fc7edebefb90004360489aa21d3,1764459989,1764459993,1714,97376,,
0x620461b8b476f84416c58b28342622e3fa6623b7499f6896f22509946eae64dd,1764459989,1764459993,1714,97376,,
0x23b2321a50d3f898ebe7852f44c3a4b24cb26ebfafd7c232e6b6b5ee6eb46c1c,1764459989,1764459993,1714,97376,,
0xad2f2be3fe78fa187e79534e885d89135d27c08ceaa746b6c4efc165c8c3cfea,1764459989,1764459993,1714,97376,,
0x465d3d982e4777c17eed3b24c652fa15df4a04616dc7e1838bcef89516aef929,1764459989,1764459993,1714,97376,,
0xd2a1cdb9680e761f6e918a868425a78ea903e7566582b7a01f0049af563217e9,1764459989,1764459993,1714,97376,,
0x82f82e54427800486827f2daa205f5369c3308605d2636650247df9639916940,1764459990,1764459993,1714,97376,,
0x182b86f0f71162db3120ee526d25c735e9507165f5064daba24cd22d68b317a7,1764459990,1764459993,1714,97376,,
0x5ad05a456cd29d69846858257fdcf9cf8d8a6d53d64134e51e7891ddc2518c72,1764459990,1764459993,1714,97376,,
0xaac5d5fab91255407cd76e9c8402eec167ac76ee8663b4069eb8d1fda635a1e0,1764459990,1764459993,1714,97376,,
0x69b350953ff172b58dfe5dc76bf04eae355ad2f9848630b99caf21381c4c564a,1764459990,1764459993,1714,97376,,
0xb9667667e77f5743d1dbe8979edded547cd1b53399457009c8ceaa4c00ad20bf,1764459990,1764459993,1714,97376,,
0x9bcca7853c409c0a1abb53165a8583f010b9abaf6c41f9d08d2d70c695ed78ad,1764459991,1764459995,1715,107792,,
0x6f80bc212f08a983cf58c3f3ca796537061ea049791cfdf7faa027c307a3b741,1764459991,1764459995,1715,97376,,
0x96627a54225685a671816423c4d8ed7bf5484ec7672b0a0a4c006509c3c8afe0,1764459991,1764459995,1715,97376,,
0xfbcde760929b8ee13ea054918303d38088050af86a3fef1a9df86a6a437fac56,1764459991,1764459995,1715,97376,,
0x124e46967f4deba0eea64620bf9c65316b1e327f24c78c27b99f0171e56584d6,1764459991,1764459995,1715,97376,,
0x20280f533ce68d4dccc5d5386cb1782436da8b2e6a691f3638c3ecc2f9bbef97,1764459991,1764459995,1715,97376,,
0x33e385da52513f150e7e8a007056722011f68fff792ae46d3fd163c7f094c338,1764459991,1764459995,1715,97376,,
0xfb019dfdcdef9af0ec98286949aeafa3a3c99e63daf78c1e79bd280b18eaceba,1764459991,1764459995,1715,97376,,
0x4b5a7de374b204cb6855b290994cfe35fc2738e553b9cfcd14006b97586488c0,1764459991,1764459995,1715,97376,,
0x94a835c7168eb82894291218d30c7dab0f8f8b055d1afaa4b519b38ca8eda788,1764459991,1764459995,1715,97376,,
0xb95169eeca5fa0ee2d47e7678c18dc2ea11b45a542d9626da39533c8eacfe8d6,1764459991,1764459995,1715,97376,,
0x8d4be0ad69bc6428acd1e882e4841bfdab9ade1f3ea2f7e7a355607571eff9e9,1764459991,1764459995,1715,97376,,
0xb0b8153909f4b1c9575fe82ef5b52c7b3cd0ac0787c1605a68123cbd1442c960,1764459991,1764459995,1715,97376,,
0x02dc4902fce2c97e759607b6153163e0c99f1a5b45e3f525752a4d3c5b17ac10,1764459991,1764459995,1715,97376,,
0x921fae894242f7a66e77a4447d0e961ce6072385a175806c4eaec0e62558a25f,1764459991,1764459995,1715,97376,,
0xbba04da894bfdc74a69bd2a41386134c69b18e31f89ceb2cdb91964a40e5928a,1764459991,1764459995,1715,97376,,
0xf8a1ad2de840d3f077ecd62c2f99638a86d659edb9b94ecc97fa61961d83cf64,1764459991,1764459995,1715,97376,,
0x3cde6dedd7f8dd4b3a975dced383163c93ca06fd355ea7b322214db675f33880,1764459991,1764459995,1715,97376,,
0xfcf6e9be33b798f4dd0f0064ecdb4938055502feb4bcfaa1664f8d9efea03900,1764459991,1764459995,1715,97376,,
0xc1305f84a3fe57fb858d2b8b56b78451c55777adce1abaddb5842f4123b137fd,1764459991,1764459995,1715,97376,,
0xf86141a250da24565f71fa202e3087ccaa008425b787b2aeceae3c25bcd25804,1764459991,1764459995,1715,97376,,
0x97a16b623f11f2b0e72e6d4a1fb3c8e547827edae779b894a36d69d106a648ae,1764459991,1764459995,1715,97376,,
0x7236d048cc81384ecd62b5a713bc4569093fb17cdfc2167f06184773ffb73d03,1764459991,1764459995,1715,97376,,
0x90d9e3e2ae3b8e04061515070fc17d5de769acfdcafeb28c3e58d77579699e20,1764459991,1764459995,1715,97376,,
0xbc3dc12ea764035e89b551e35249d6461cae45b454f275b27aa4bfbd0a811587,1764459991,1764459995,1715,97376,,
0xc892fb43d5c9a75b680e9c33688f2e7ddb87ff0e9f8cc09e7b07f7b37bf86e93,1764459991,1764459995,1715,97376,,
0xf033d006beba773245282b4ffbb7e052095a9180d46141161412b385d6460ba4,1764459991,1764459995,1715,97376,,
0x95e4fc4c73d9f1b8e99d143895fde88fa04a8061f1970dc3f778fa3ce70fcfb2,1764459991,1764459995,1715,97376,,
0x5aaad6550e0348076aadc43a9c79a1dd5b138ab60825fdc3864306e0798a6a19,1764459991,1764459995,1715,97376,,
0xdb15f9ffd74bbac9793fd7055b6f883094100319232b69529d5709c8aa6df3a8,1764459991,1764459995,1715,97376,,
0x8d1911fd26501b40b1cf3b82303fb21869d218214f351f69298d7192e7990008,1764459991,1764459995,1715,97376,,
0x8947f7e364885c54a077fe712d10b9677ea67322b39efa18f9bc32b23dc1d6ec,1764459991,1764459995,1715,97376,,
0x61956ebf34487bfc89f5d2be4b45132fea58c2165139f861f822b92a6a6447d9,1764459991,1764459995,1715,97376,,
0x4ffc4b1652955280cf7437b0f644af16b0edac3d92edcf3bfbd1bceba858a70c,1764459991,1764459995,1715,97376,,
0x8125959caf38ccc3738e448becfa1633e8d5083927b374cf01eedd58c036d1a0,1764459991,1764459995,1715,97376,,
0xc664a7cab7389baf7a6baaacdb8a048094042c9debcf11fc387da3fe01700cf7,1764459991,1764459995,1715,97376,,
0xa3de73793be2511f025339ebc266f39e1443031caa954b64ecf01f4a2f830a8b,1764459991,1764459995,1715,97376,,
0x475a77da83be82784b4a05c7758384daa0b7ad982a630fbf2bfe5acafcc844aa,1764459991,1764459995,1715,97376,,
0x4074d8fd851be8d999c30c0610b029eb8aec1f472903fee075e7233ab26a09be,1764459991,1764459995,1715,97376,,
0xaad6b29d7d9d43823e5b8ce781ef40fe47eec403e4e45ab91d468af87d7fc50d,1764459991,1764459995,1715,97376,,
0x41964c6db21829f21259b4dbac9e16d594aa127098743ef7207d6e56262e2b54,1764459991,1764459995,1715,97376,,
0x97fdfa4233f480aee850c54e17afc613f18955577d73c2b742b2fb2358a7f0d2,1764459991,1764459995,1715,97376,,
0xa8b9ae4b7ec3b96d85e401f6f333a5ccec1fef784d0b497a39ef6019f5fdfaa7,1764459991,1764459995,1715,97376,,
0x13c79fd28a266166c9a9fe0dd758aa43b46750b265c9ff47bb9b1409693b62e0,1764459992,1764459995,1715,97376,,
0xe27a82e6b18f093f7d7fb02579470717a65d884043a98ea6998e343bbd65d570,1764459992,1764459995,1715,97376,,
0x8b096b434139ed6749be59a9410792d34bd18fe89ff4dc7a7e7214064b2c3e05,1764459992,1764459995,1715,97376,,
0xe82d243044fa2e79e92a9f27f4f2bec9c5fb65a4eeb1f8ec4e59d68fb1f0f6a9,1764459992,1764459995,1715,97376,,
0x5d0b31581dad060b3072fc8048f8ff5906f95ad2946cbb439883ff3464400de8,1764459992,1764459995,1715,97376,,
0x1f23d2239b91a727b9d28d7b38a75020850b54d46a0d7c34ebde8169963e396b,1764459992,1764459995,1715,97376,,
0x3dbe2656b7a18e97786c8fc73bad219ade55d10d9ee12e7005684eb69ee2ad7b,1764459992,1764459995,1715,97376,,
0x9941af46be456446ef66483ed75eb55a6df7f8030af34d86e9d94e9667ede27d,1764459993,1764459997,1716,107792,,
0x288a81948c5233e2297bb722489e0c0351d8376c967f9035ea7e60c0e6089f9c,1764459993,1764459997,1716,97376,,
0x1fd65f9fa9c5d8ac606d69020df04bfbfee65e8ca3fada022fd21d9ec30b1ac8,1764459993,1764459997,1716,97376,,
0x31450a0b003697b5db26f88fb95c24a3024d2f5612b31205b0cbdd0e7365d0ff,1764459993,1764459997,1716,97376,,
0xd34c77cdff19856b1256d3082c02c203ed12eddb67caebbbbab92d3a0c5337e3,1764459993,1764459997,1716,97376,,
0x39a49e7dc3d77f60333a4b670455bd6e0082799134794aea79c2c02dc9f459df,1764459993,1764459997,1716,97376,,
0x29140414e030e5742105a0b59c43b40d7fba60d5f19f0f3a5412870abb3ca27c,1764459993,1764459997,1716,97376,,
0x7369f9395999716d3d72714151f2326729261bea7188d62b1eeb00a1c72c303b,1764459993,1764459997,1716,97376,,
0xff5fb9ffa23ab685afd0582aea8ca11075872c2355b6b383b70d2872856fd635,1764459993,1764459997,1716,97376,,
0xc4da6aa26261d27313c7c5ac1289d7b44d8b1283ea7252660b3c808687876f44,1764459993,1764459997,1716,97376,,
0x230bea377707e76d967992e8f84ece95ea8c7f60aa9411954dc9a6cba80614ef,1764459993,1764459997,1716,97376,,
0xf1593b90fded778fc1c92cd465ba48bcd3d91ea57a6c2078ebe60e31b66ade7e,1764459993,1764459997,1716,97376,,
0x01e4ba8ac1114805149545e8b4ca0d233eb4485f00008e65c8724b3426332358,1764459993,1764459997,1716,97376,,
0x574ceae658d6aeb724189036c356b0d49d60022cd960981fa5a757940ca765dd,1764459993,1764459997,1716,97376,,
0x33951c6ce73cdf7e85f5be5242c0c687435056d243d58b7b617d637588ac3eaf,1764459993,1764459997,1716,97376,,
0xb8de9e949d330ad9599eabfd50378c48f33cff0e13fdbd689545cb2d4a81e75b,1764459993,1764459997,1716,97376,,
0x0efdebd7ab6a14ff7f770bfaf53add1e92b039b8f015e93d538704d2c140b23b,1764459993,1764459997,1716,97376,,
0x1ddbf81256494a66126579a31cef4eb28c022a6021edee67a73524f3d59fa816,1764459993,1764459997,1716,97376,,
0x6fbf1dc449dceca2516d4be7ce0cc1d75a7c8d04911a139f32bbbc56c679c8f3,1764459993,1764459997,1716,97376,,
0x052997e047e2e63d218eb72885ce136e2432f85ec16cabd303a07927e1dff089,1764459993,1764459997,1716,97376,,
0x3598312fe196f6d8343c8d7283ac7f45c1cdd71c79259bf6e3bf5f1d494de8cd,1764459993,1764459997,1716,97376,,
0xe9ecf2de4df89f6ffa15125589f5062036ac0a13b683b5e53f7a6fd1b2cd73d7,1764459993,1764459997,1716,97376,,
0xfe79f5074c891e360c370473ecdfe0b47ccd0d9adf8dda3e7888b0c87a21f6d2,1764459993,1764459997,1716,97376,,
0x2003797d0d81459209ee3c72f35e0f2d1d2ef1823df504acd67bc44941810fcb,1764459993,1764459997,1716,97376,,
0x0065b115f53331d3702631f6cdbf4477579f63c36da0a3392f5c5d1b1067b66a,1764459993,1764459997,1716,97376,,
0xe31f4e98bec9ad251b07d10fd5fd7984a8f1830edaf304fd000ecb0018536b39,1764459993,1764459997,1716,97376,,
0xc3110157d5adf39fce287ed74fedf2dedc085e2517f0b71768c0817e52a580be,1764459993,1764459997,1716,97376,,
0xfae2bd0f9c1c80af77d6e4f06a5a21a20025a256ac0d2968a2b4262c509d9e03,1764459993,1764459997,1716,97376,,
0x4f5305c1f57e8dbe26c287a9690e6bd0873440036d6045a60d98629a9fff4887,1764459993,1764459997,1716,97376,,
0x2d32dba6a78584cc7e21c43110eec7dcd43d43f3e75d0f5de6dda997b6a1cbb1,1764459993,1764459997,1716,97376,,
0xea1118e6c36f70e4600aad2e9e09b083fc4d8a8e457953b82f1b1916cf8833cd,1764459993,1764459997,1716,97376,,
0xcbdbcff0f945e99014ecec00ccb822c7a413851dd31f3a7617b1b4ddea5c5c13,1764459993,1764459997,1716,97376,,
0xcc2fdf13d0a0a75582103cac7db7e4f4537aec5d571877ec3ef0dbce65df3f88,1764459993,1764459997,1716,97376,,
0x008f8b009c26d9a6e57fa8397578aceea4a63b9c527b97cf06d894238efa519c,1764459993,1764459997,1716,97376,,
0x88dc89d10e5a90b11c81a684cece0f7787665dd97eb5e35191fc26ed70ccf526,1764459993,1764459997,1716,97376,,
0xeead75d27e4d33fec7b40b31c622c5fe1df9d44a3a07a2b36b1aa7761909378b,1764459993,1764459997,1716,97376,,
0x0586a85b756aa738dec8c31d503de7b6fc9bc545dbbf7555ee2bdbbdf0d7e962,1764459993,1764459997,1716,97376,,
0xeeafe15e0be14d696f7cbe9feb012a0b855a1ef784348719b38418c3b237c4bc,1764459993,1764459997,1716,97376,,
0xdb80b44b4fe984218e6f842a7c9e2f1efa9bffea81ccb3bf1cea50c18cff5067,1764459993,1764459997,1716,97376,,
0x50fdcdd47abb7ad6942d15c5c6a8b60d4697c4fec8760627ddf6da975f8c356e,1764459993,1764459997,1716,97376,,
0xb95c4875c2cb7b5871e91b63b6f942d91df531381fed31854e9c8b4bbd7d0aa6,1764459993,1764459997,1716,97376,,
0x77bd756e7bdd2638516265e8746b4a2f226ea10557e400f54d6a7b633ef3b287,1764459993,1764459997,1716,97376,,
0x42dcf3838d978d84d954e999df68305447d862978e6ddf6b8578c726b3d065bb,1764459994,1764459997,1716,97376,,
0x4687320455df58b64cb58f98c2ccedae64152e6e014333f4d7128141f23b081d,1764459994,1764459997,1716,97376,,
0x7cf10e7d888d6b010d01ef81e6dd5357d753b439d87baf9e15dfc0cf68026d0f,1764459994,1764459997,1716,97376,,
0xe5467527921fdfe1f64ef5d5172e2634cf5a21d3373f415af16b3246fe451cf8,1764459994,1764459997,1716,97376,,
0x3b2c4d46863302bee14576086767238c82aa43ddc3027ed5f8558cea5e43feda,1764459994,1764459997,1716,97376,,
0xe2f42821c08b584fe8d7088b6e65f6c824433f68836db92a9e70cbb4da65f10b,1764459994,1764459997,1716,97376,,
0x2080b418d6d9fc7fecdf3c5d2bb89ae8e92be4456a8b9dc4e6800b0d9737ba2f,1764459994,1764459997,1716,97376,,
0x0594c820b5090bfa37d522d08990320088eb96cc330b92bc90e75dff5ae783d0,1764459994,1764459997,1716,97376,,
0x04c8fa360641475c410feca166137675c6becd74845ab7bddb08d64b3dd8c4f2,1764459995,1764459999,1717,107792,,
0xf49a077bc32472df1feb50e8f7cdb6ca18040de1b93c04662105a9f44ad2c4cd,1764459995,1764459999,1717,97376,,
0x6af53f3a1d32868a92462290999b6228f9ef677584eb75978101f0150f081620,1764459995,1764459999,1717,97376,,
0x5c62d7a5d886a38cf190bbafa6c71bd7f2f91f4b92690aaf1e9ee01df245b078,1764459995,1764459999,1717,97376,,
0x7b058136936a56e75908c8e18978763530b9a9982e353e61e990bee4821182b3,1764459995,1764459999,1717,97376,,
0x7ad07f398f1d0bddab0d16c67057de6fc5e0ae7f1af2e9437acbc493083b99b6,1764459995,1764459999,1717,97376,,
0xf617ea4c04ab824d77233673e55a2aeed1c85e086b8cb33547325e110ac666b0,1764459995,1764459999,1717,97376,,
0xb420efc50186c93cd56b8ae8e6d7af909d11d9454267895042174736e56bdc31,1764459995,1764459999,1717,97376,,
0x31d73efa691369244b7a2f8e0ccd3ad2d32e04d5a98561d4e58f28040be9371a,1764459995,1764459999,1717,97376,,
0x03276e948e35d90cdb4b353befcf03dc09e7fda962ae36fc25546683da65f0c2,1764459995,1764459999,1717,97376,,
0x5ae8a5d3e10da8c7b14c57411624a93b5f12c96b5a1fdb3b51fb3ae4644cf518,1764459995,1764459999,1717,97376,,
0x6cda489e6a5c42837e80ff6edccff730d8baf7173c19d577076c4ef9159dd10f,1764459995,1764459999,1717,97376,,
0xaaf7a5ec4e785f95cbae690e014b99b0dbeb884c8fbf95ce17a1e2f51e028cce,1764459995,1764459999,1717,97376,,
0xe4f71f96ea3cdfc0f9ebb418bb68223dca21693d60a91503d46ce3e66e5eb4b8,1764459995,1764459999,1717,97376,,
0x22b0385705ff00b0915ebf7ca662c543801e027199ab2f5d48d9456ca63011e5,1764459995,1764459999,1717,97376,,
0xbca01c356af84f40fef5d45088acb27c15480cc5c89620f63f6adf0a1f3cf3a9,1764459995,1764459999,1717,97376,,
0x52c3ba9d58df5d1dab006efa85037d9c296467ff783c0143419bf9a2af9ec9da,1764459995,1764459999,1717,97376,,
0x7a350d60f4e025dda3e20de97f83e7cd960f4a65ccc0c5dc973173b1a2e3e6a3,1764459995,1764459999,1717,97376,,
0xf5d91ee123b79c36aff4d7914e534eef9bb074723f2fc7a517fa3cd09714c16a,1764459995,1764459999,1717,97376,,
0x57c43ce3c4d2486c716a5475d3866d2c23f84f7c1e11985b9e2a95846d16072a,1764459995,1764459999,1717,97376,,
0x41b6e37d99d7843546489445532e0830144030f8d048979f473a112a8aa4beab,1764459995,1764459999,1717,97376,,
0xf9d6c584e59e6d9a1b16641ca2b5907b1cdc70a4da7fd7374d442a3ef61c032d,1764459995,1764459999,1717,97376,,
0x232c73f94e52d55737b4b4b72d60bed8167d5a668ab0ed0fddf428f66508bf00,1764459995,1764459999,1717,97376,,
0x8797569af18a2ab7c4b5dbf1c5ace618f00ea434383016d54d1f09c59c891be6,1764459995,1764459999,1717,97376,,
0xb8862045329a66bb2e312065e6d4aad7a3b9ea22f0bc521a907b7c2027c8ed67,1764459995,1764459999,1717,97376,,
0xf6c70acce1df7c571d6dc8f20ca444923040ad6b3feb69476801a3197cac1cc6,1764459995,1764459999,1717,97376,,
0x9d973c184408c41df873f03dc582f855c6d66f0605b10643ce110a3424313318,1764459995,1764459999,1717,97376,,
0x2998ac852b94791628dd092d1f79bf07420127db39a2b3c3d003e71ee2641c08,1764459995,1764459999,1717,97376,,
0xac0e69c7499e0bc288d779e2711dc4af2f944b41fa0bc318bda393f39bab09d9,1764459995,1764459999,1717,97376,,
0x45bc5eef35d4757c8b5d1d5b331c00b7286a805f1c9107ce82c2436861bfe2d9,1764459995,1764459999,1717,97376,,
0x8e3b1b2dc26aa27e4c9a7ae979bac0f9462991e664ce6a33cbd4cc8a44c34ad0,1764459995,1764459999,1717,97376,,
0xa7c3b6ede2074ab91c79147dd94ceb520cc24c72c5e54f66e4039b223ce0b417,1764459995,1764459999,1717,97376,,
0x598ca42781aec1024964f99e2b2dd882cf918cd51f197fb966f294544759c516,1764459995,1764459999,1717,97376,,
0x873b60d820b3679b65aeaded64bc315619fe8be0559de3eb30a91b6f49a7f2cb,1764459995,1764459999,1717,97376,,
0x16e3c694654ddcb4f84d8c0402b79e88ae62c20a19c4614a8246b709d4fe5ded,1764459995,1764459999,1717,97376,,
0xffa30ab699f32a1cd704af19a657ffa96749511fb60db166c924193c530d71b7,1764459995,1764459999,1717,97376,,
0xddc03a69aec5695c3014c08ee93f53d5e82040912a505f1cfeb38b38548ac2bd,1764459995,1764459999,1717,97376,,
0x9970613ec58ee68f331bb7119ba29e2d86417e52e7d4413faa3bc2ca49f6791e,1764459995,1764459999,1717,97376,,
0x53614a05cfce9efd197e331f4d4fb918d93a5d40461956b12f8a6ce99a7f42d2,1764459995,1764459999,1717,97376,,
0xa5b9aeb8131ca53eec0e784c5465c9622f3f26ecbfaf11ecaee6cc1e5f02cea9,1764459995,1764459999,1717,97376,,
0x8500e037b0645bd52f054e749f1c03d797efb9afcec02f60a2f7a61708b6dbf1,1764459995,1764459999,1717,97376,,
0x27f32aa3c1ec8a654d19f819c778f6aa5731f09337fd39c525f1cfbc3f8cb49a,1764459996,1764459999,1717,97376,,
0x2f65513dd879455b9e250a851986ba61c3f4af9006528d7dd4246b3e0ca9e0d1,1764459996,1764459999,1717,97376,,
0xa5f7b9b01382c9da00c1226d008462017f7bbe0878db1c84024246e3d09b4837,1764459996,1764459999,1717,97376,,
0x4cbca655fdd728a75e7ccfe35e4fc3968a10643492e58ddbd88db4e13100efb8,1764459996,1764459999,1717,97376,,
0xf511fe958c7245e958369ee9ecc580184d5302c1eeded3f81bf22dc7392b058d,1764459996,1764459999,1717,97376,,
0x41d3ed1da57b730e59e5728f2ce73010921905e362426aee2da0b5c582a52737,1764459996,1764459999,1717,97376,,
0xb33af67e14eac3bd9a681eefee749847c8a2c8a0839b92f98db9be77819b749d,1764459996,1764459999,1717,97376,,
0x765c349f39bb24dd0dedb25d96a9900c8b7d6dcc3e2f943e6cfae794cb68b8f4,1764459996,1764459999,1717,97376,,
0x2038d7eaed6e3e0e4d78319102bd1e90093f8b6a6e91fc6d359edb25b20485e6,1764459996,1764459999,1717,97376,,
0x6a4fa38f60437cac65056e16941fdd661fde883cfe4335726a030c0ed12d3b6e,1764459997,1764460001,1718,107792,,
0x255e787f499b337d59f63e9454ad80abbe7d98bca561a762746f9bda4b540e2e,1764459997,1764460001,1718,97376,,
0x4cb5157c9ae18a3374109c9de3fd40421823653adf5446d1a8c3d0b2c1619a9f,1764459997,1764460001,1718,97376,,
0x9d54b6f4e7f6511f3b447c6dd7cb76d34c466526067d799bef3bb1f384eb2d05,1764459997,1764460001,1718,97376,,
0x50ec1e31f58d2069996ac29c34740f8f726f141552629a8eacafedb10e85e4dc,1764459997,1764460001,1718,97376,,
0x26567a5d7880afecc6d3ac0fbeba388dbabe6fd8e4bd52f5bf7eaae6aef5e07f,1764459997,1764460001,1718,97376,,
0xcd5428b9029c0ffa10044eb3109255adacd1e6322fd86e80ef3cfffde92b7b5e,1764459997,1764460001,1718,97376,,
0xf3c8d53d6e840eba19a92dad52c0882ce6111071452e5d2e98f617b1f4f37e1c,1764459997,1764460001,1718,97376,,
0x12dba6672b285ea9d525b524c257123a04c05a5891e4911b656ca0fc37e3b21f,1764459997,1764460001,1718,97376,,
0x9d355344f82715bb34f607298c07e6f158ba4dc7d536f1cd029b2e87b74f9167,1764459997,1764460001,1718,97376,,
0x355c30c0abf460bd0cef0ddcfc9d6046dc17e209a2a6da99ffaeefe14b1d6056,1764459997,1764460001,1718,97376,,
0xee6d3dc0aac8d7f9186623f99f23cbc3cb27be3091775b63e247607730e90d8b,1764459997,1764460001,1718,97376,,
0xe6f098f06a2466e71e6824a846479f47411d3d85c7b2915cd8be0e36aacc07da,1764459997,1764460001,1718,97376,,
0x0aa090c0f9268566c26ac9f7ea28fcfb4347e606cbab1bf984925d3d444e4e2a,1764459997,1764460001,1718,97376,,
0x69a538c59d7988b71edbbec4654416869c4b6569d2a0397cc7a597f96877dc32,1764459997,1764460001,1718,97376,,
0x26ba53634f38cfa2496c4ac496fff8e1bddadd666e2da7391f58245d1e6d8928,1764459997,1764460001,1718,97376,,
0x9eaf4a7b7647fde5bfb9788a69d687c29fca1691b97bc121b02ff99b8b171ce9,1764459997,1764460001,1718,97376,,
0x8c4c163237fa7cc51c23beebd746bacb515dc63b5c618e4d28773ae85d5596d8,1764459997,1764460001,1718,97376,,
0xc4ab7b702da1e1f6ffce2a6f56dcd523e04feaed806b50e67aeab0c83019dc26,1764459997,1764460001,1718,97376,,
0x17fa845de86715fc33e0b96589ecb3d7a3a18bcca4cc8ad76a0f640de8eb80c0,1764459997,1764460001,1718,97376,,
0x17a46e05ba7c88f98c89ac5161feb552f9a1a5c9d0be2b125509e9035ba26add,1764459997,1764460001,1718,97376,,
0xc659ccc5ebbab6f107cdf5eaa064f1580dd180062455cdbd1ba661003b3f398c,1764459997,1764460001,1718,97376,,
0xc199250d2ffb391d8bb97395d9175c4a206436490b48e09511317e1b1e243464,1764459997,1764460001,1718,97376,,
0xe8476f807118704c85c0d1da6ad7b47930e29254587e717d3e3485ff766bf386,1764459997,1764460001,1718,97376,,
0x0f3a0042e56d385e958da437d1b5f74604f05734529c931a45d5c0eaae1fefaa,1764459997,1764460001,1718,97376,,
0x60e141ed2d5d836e9160b388c1f4cf2ecd8961f18eea76682401c6562f33171e,1764459997,1764460001,1718,97376,,
0xcb1fcf223352b44d92af8896f3378fcf6cfb84c4adf20ffbc6b99bb0f40ba482,1764459997,1764460001,1718,97376,,
0x224c21b2a41185607f536754ea83978cddad5b2db483797c20d64b8039e77c78,1764459997,1764460001,1718,97376,,
0xc08695c364b88a170a12127e07c41415f4cce3bf7bb391b717ca7a61f18d66d6,1764459997,1764460001,1718,97376,,
0x24ee6f742dd56e791bf6d735f4fea78c9822cce656740a94f1d326bfac24be54,1764459997,1764460001,1718,97376,,
0xec044e48e55255acf5f5c9aacaae63cf3fce6f0aaec2a4dbae1f18d6d8d94bc2,1764459997,1764460001,1718,97376,,
0x6e791c526a3699a0275290afa09c89ecab147581a01e94f53739ca96841f379d,1764459997,1764460001,1718,97376,,
0xf9470705cf5030fa58fa5b81ade7ad1f77f3d1abc43a79b21e06871daef17d24,1764459997,1764460001,1718,97376,,
0xa25619f49593eacf9740572f19ed6ea20097e4ce199aad6b53763955cbb4d50f,1764459997,1764460001,1718,97376,,
0xeba7ed0feedb61967bcf7a19e9e15fccb15381dbb6eea046b5cabdc243ebfc3f,1764459997,1764460001,1718,97376,,
0x958f3a759a0b5a1496d4b1c4048480ca4fd727186c1e2a5a934c716415d2d8ca,1764459997,1764460001,1718,97376,,
0x2c0dceedc17530087abfda1a33be58e975b3378181b2c2318cfaea5e0dd74a7a,1764459997,1764460001,1718,97376,,
0x890cb243e0ce9731e6ee73bd8224f5fca905203890da617b5ba4e16fb6a7317a,1764459997,1764460001,1718,97376,,
0x91b2a5eeea07f92e489614d41fa4ed9a9d7d98b1aeaad4d7f47a43fe26d19c46,1764459997,1764460001,1718,97376,,
0x5041138f4db9c155ffc0235de773ba431e75c4dddfb12e04c92aa7bf23d6f569,1764459997,1764460001,1718,97376,,
0x60017cc2fe92b4ebc100391ccee9a379323cdca046519dacb24c6c26b0af41fe,1764459998,1764460001,1718,97376,,
0xa06aecc68a2b42f59f55e24ba65132cf7fc197edd3a178d908e879f325f75b3b,1764459998,1764460001,1718,97376,,
0xa3c70c88d985ad8d62e2df6ca5d61b9e139e3150340d67a4e7a3fa8cfac2ed91,1764459998,1764460001,1718,97376,,
0xcf70431ff24913b38e2c16cd0625e8094e31ce155c6da94fe64e567287ad9145,1764459998,1764460001,1718,97376,,
0x7fc0ddf639bad778449fe7bd9fa09ab8cc9cd4806c781519707e15ccfb13ea16,1764459998,1764460001,1718,97376,,
0x01604fa146bf27203465a2c111935845f7d47cf9ecec6de2b8156bdcf50e997e,1764459998,1764460001,1718,97376,,
0x26d4349d2c997f0dbe5811a2fa37ade93e9622f8cab9daf8fe9f06dd61977373,1764459998,1764460001,1718,97376,,
0x165526bd6b4e50a32f75976054aa558ab970fe2b94c5c602a54d792b1e3d4a88,1764459998,1764460001,1718,97376,,
0xac3fd8745f153932afc738dcde642ed899d507a2675bacc554f41104d6acec6c,1764459998,1764460001,1718,97376,,
0xed4d4ab8a1d268faf6b40c975bfb9364eeb171be053207e695347d634571a2b0,1764459998,1764460001,1718,97376,,
0xe6e790ffc48f39dfb8f17641212ed42778f1e99ac683999e3bac1f734f0f6a27,1764459999,1764460003,1719,107792,,
0x171ba81b3b7b3dba1d20ee0b9a408c753deca483450d9e29e448bcf921bcfb00,1764459999,1764460003,1719,97376,,
0xd472b1562d3f816cee7b91f613bc48e4e68cd2d8949c226077a6447faf278cf5,1764459999,1764460003,1719,97376,,
0x57dcf71429b4d1b4bafe421e95e17d8fa2888421643caf50d592a2efb32c3e17,1764459999,1764460003,1719,97376,,
0x2d8d4391646e2991c5d0aa0c471f7ec61ee6017dd094f3d2ead8791df224107b,1764459999,1764460003,1719,97376,,
0x83bf198c265d5f217eea774f3924e906a3f54a6f3760748e32d03d7d3b1f0ab5,1764459999,1764460003,1719,97376,,
0xb2543ce6686756ed46f85aac1b4840e04ea04d755ffab235011d9f3820dcf2e2,1764459999,1764460003,1719,97376,,
0x9a748087cc35504a031f8f76d71fe1433c7032c05af5da40c03f0742c870994b,1764459999,1764460003,1719,97376,,
0x572685a4d1884fd99353669682329fbda9145a08af43651f41ac6070dd371fe9,1764459999,1764460003,1719,97376,,
0xdaa5dc10efc8a058597a2c6c334fc627e00187a55f8f2cc498ab3d127594184d,1764459999,1764460003,1719,97376,,
0x98587b881a61245d115f3f8091fdee689b854d477bd56e078fd9244378756d0a,1764459999,1764460003,1719,97376,,
0xa8a9c6c7cee937e67622a541ea1a8614a1b93b630b848a9270836938ad1cbfce,1764459999,1764460003,1719,97376,,
0x574f3754898ce1219f860b8edebf4f3fb397d1d8ca90b3fe407758cfae39b9ad,1764459999,1764460003,1719,97376,,
0x67522d0fed801e22987c3f381ee38b5acfb628a3c4f00d3386ab7fe86ad49dec,1764459999,1764460003,1719,97376,,
0xe68f09f09a313a24e2f567da01e2a0b2d484714507a222679107c7f845be7f6b,1764459999,1764460003,1719,97376,,
0xd5ad98886e344f06525d7dda5dd59002a2f82d1d4a27dba330090bff50baf980,1764459999,1764460003,1719,97376,,
0xc35b4c48a6cf25cf83e8e5074be72189d63a9468f54e2a7caf8fa9d9db4d978f,1764459999,1764460003,1719,97376,,
0x12e0b09cbc08c5f29acdfe0d917d156f7248a59407680b350c9767f175181d81,1764459999,1764460003,1719,97376,,
0x048c32f773efcf653c9b32a2a4b524b9b1c55b3cc33a06d79167f5ab8b50af74,1764459999,1764460003,1719,97376,,
0x20aee700ff5df59dc907cea476ce399fa206f43a395db493b4378aca168c2f87,1764459999,1764460003,1719,97376,,
0x131203914f40e91e3e4d0e987d051b706657f3043f2047bff9784e22aa42fedd,1764459999,1764460003,1719,97376,,
0x87413c758ff5c537b480d9ac8ee6c1df421eebb169d96fb711ae96e252d91757,1764459999,1764460003,1719,97376,,
0x48da7747159a68b3d17508925022c934c80b120641943abeac6888e90b8c670b,1764459999,1764460003,1719,97376,,
0xb1ab46435009a0a79cb5d44ea2042c9a4c0573ad40bea53111f192b3947acc22,1764459999,1764460003,1719,97376,,
0x63439751a3c8fe7559f3c652cca18a9e3cba3bdb16f10a6c338531e394256396,1764459999,1764460003,1719,97376,,
0x80f60f6cba3e1e4a5fe85bc567dfc366e09c2c78971dbb4a87e19f5dc36c9d2d,1764459999,1764460003,1719,97376,,
0x5e8adbb4ef34dfd1cdeca70d363f4d55c22a34fdc6e801c2c20ed1b61c54ed63,1764459999,1764460003,1719,97376,,
0x8e488087396ad100c0cfd1a6afb49138517ae845ca31c03735fe692070922fe6,1764459999,1764460003,1719,97376,,
0x83d7eb29a9c4a775ef07398cba67faaf58b680ab3b55a8c948d6a2f2f11ccbb7,1764459999,1764460003,1719,97376,,
0xfb5ccab619829ab3ba1e7077abb63bbdd67b49889256eadecc4e43d587a4efde,1764459999,1764460003,1719,97376,,
0xfa0655719018acc8677ccd15f3ccb66624016c8ca4bacf9f2041a37820d44f04,1764459999,1764460003,1719,97376,,
0x01e86765938a3638e088013887370295033cd6eec30ad16fe64664ab6d2a94e6,1764459999,1764460003,1719,97376,,
0x42aa88c25fc5e64ae84182e238e61b1b1fa2c04ad4141805cae07d2cd801083b,1764459999,1764460003,1719,97376,,
0xa95984c0c0c85aa8dff12c03108c2ead28408893b3d5c7d1dafac7b1e0859b23,1764459999,1764460003,1719,97376,,
0xf5680580db7eff23043a08159517a7e20b8659cea480089331645f3dc047f0e2,1764459999,1764460003,1719,97376,,
0x938690025666baab6eac311521159d5c35bb7461da85a5c6daadfbc66d7671f6,1764459999,1764460003,1719,97376,,
0x378494df6c932c8be2b9c78429dcbe236bd1d5507e43c237014e431a30a26273,1764459999,1764460003,1719,97376,,
0xd59445ee368606938c2f6bfecd181cd9f195a181d5a56cd5a832481094bfc322,1764459999,1764460003,1719,97376,,
0x9a8e3658f802ed23d687cb71a20e7d4ebf670f689de8f7df7e6383dba3181f7a,1764459999,1764460003,1719,97376,,
0xe03703ab4c351a19e76c667b4bb3a07c2d7bce14d68bd85342876393d1016b25,1764460000,1764460003,1719,97376,,
0xcc0c78c450656b013ef6831f11209dba5dfb201fdc76fb917b9880ed22cc5bd8,1764460000,1764460003,1719,97376,,
0xc8f496122c16e7153e6671ec0d97d89d93d77a08e85037fe7f5118ce3dfdf3ed,1764460000,1764460003,1719,97376,,
0x53f759d2c80ef6b85e90532775d45c101d180558531606efca94ed8d6ee5610d,1764460000,1764460003,1719,97376,,
0x12c8f50adc25510208fc1157edac911288ca848377168e8ede9bc1fe6af54dfa,1764460000,1764460003,1719,97376,,
0x4c660219606de632e14e8255bb37f4e73ac308a5f76c6604b72d2fd1908ea561,1764460000,1764460003,1719,97376,,
0x7f5b0cdbb2193c05aae813698c4be88f5599e8bdec952167b1dd4cf46b95fbe5,1764460000,1764460003,1719,97376,,
0xf832133774c886603dc798cb9e90f932ffa89291b219701a310fb3beaa3a57b1,1764460000,1764460003,1719,97376,,
0xde1c5446df664cc7cdf7a02f89674623468e577e6c8b835e02e09de5a6f55186,1764460000,1764460003,1719,97376,,
0x134cf37483034f93a34bfc09b4df2a6e88791b70682d119f562277b321c55767,1764460000,1764460003,1719,97376,,
0xe986de4cb2f1dfa22582ceb21ce4c9e7796294264d4736ff41c030739193c6c0,1764460000,1764460003,1719,97376,,
0x20bb8af89d4b691352c039170b20b0d72e16bb2bd3c15b71feb722640d649727,1764460001,1764460005,1720,107792,,
0x477be2235f2c820d0cfe4201b05e5eee8d3cba5ee27be001e0ad110aa3ec8feb,1764460001,1764460005,1720,97376,,
0x1a05f5d19311fd5215e669ba669b0d114097bec151e1e74d6a67f6a5e2b74cac,1764460001,1764460005,1720,97376,,
0x16bcc26b6ab956d82cac2dbce1e7eed4d77f4eec08f06a12dc45067199a1043b,1764460001,1764460005,1720,97376,,
0xfeccd4063411e5debe3003df214ae811fb1249f50262501f73d3b50dbb89872d,1764460001,1764460005,1720,97376,,
0x5c59e125bdc4efd88db64a41c923c16d298124514b155497704cc1a333fc68c3,1764460001,1764460005,1720,97376,,
0xfaa129668d66da630088e2258fb20f325b72f999d2c1a1310c392028fad8b858,1764460001,1764460005,1720,97376,,
0x934640574e76fc6c1e5dc862274640213b1f75d6877921071860c5129cc8a2f9,1764460001,1764460005,1720,97376,,
0x628b57bbf081f70d17e139196c24e1c4e67a0c0d7db7f35404c32744c3c621d6,1764460001,1764460005,1720,97376,,
0x9b57498055e7832718a2f38de159424523a55be4306e8b99f3fba6705832607a,1764460001,1764460005,1720,97376,,
0x09df814882bd38ca4e30c46ae99bd4d86740674882d2c390bee6678ba43f8193,1764460001,1764460005,1720,97376,,
0xc7d334e845d1f9deeef685f29ce0e359f95a4b96e14210ae4983da6b00ae7020,1764460001,1764460005,1720,97376,,
0x4a76de0642f9ec58cd54b804736d8789141f489261269be792915bb35d765219,1764460001,1764460005,1720,97376,,
0xd2fa12e0bf86a52aea04ebbcfc9549125811796d4864ddb33c355a6420dde284,1764460001,1764460005,1720,97376,,
0xa629bdb6857aa081f287630a01bcc79b2b3b16e5aa605dca68e080344b788fcc,1764460001,1764460005,1720,97376,,
0xcfab34979d9709315203f3a679276490edbdd8daf83c78e66194c9723310fd2e,1764460001,1764460005,1720,97376,,
0xed7497a0501907d9f14ee8387c0a0d6c7b535a6a500fb044f3a097817307f11c,1764460001,1764460005,1720,97376,,
0x2c4fe5fa2b302129b1f1645b91548d1f33f80f4a719d20ded9e01124e04cd18b,1764460001,1764460005,1720,97376,,
0xd1dc4b95425d33cd3d58688d8262da214c46691ebde49c6036e9d8db6d2402f9,1764460001,1764460005,1720,97376,,
0xd13ed7635b23fdc75d1abd503c6e947184ba1b2ce1f624683a85f104d58403ec,1764460001,1764460005,1720,97376,,
0xace842d82dd85e0edbc83a0c40c0f5ad96a3a79b8cda7f9bd5ac327d39b6e848,1764460001,1764460005,1720,97376,,
0x35ffd01f80361d5e519e015a3466f4de1571b55951b2ac606de0d328252f8670,1764460001,1764460005,1720,97376,,
0x7b2bb6ca1d8264d4180fbae946612679b9962c4fa2b56973a892f56519973cd5,1764460001,1764460005,1720,97376,,
0xc81eec324c51e32875b06ac1a10271d733808bff80a53c0f78775f86cd43bafd,1764460001,1764460005,1720,97376,,
0xe287f95991f27142339615bd95b3636533ca983a049cac5c6b35ad8d27bc3218,1764460001,1764460005,1720,97376,,
0x4d4c93011d07349fa327d7dc34f84df925374ce267f035de126f0b7d6c9df207,1764460001,1764460005,1720,97376,,
0x69d64b56ca54a75beaf572254aa852db1897992e9449053d3497cefa4ce7af9e,1764460001,1764460005,1720,97376,,
0xcf55b85a56edfe294e27ea287ebdb90407a1614e19cab36f4a18aed6cf963cf5,1764460001,1764460005,1720,97376,,
0x79ee25094b2771e10872bf2467fcf61693c8ac80a4d12d65daec37645bf61b7d,1764460001,1764460005,1720,97376,,
0xe3ed31797a6fd51790dd014584e05c722529a534378812521918db0297197cf9,1764460001,1764460005,1720,97376,,
0x076cca458cc3314d9316f82d0292f58e69b2a045ddb7c5d5743bfd576f1e4a86,1764460001,1764460005,1720,97376,,
0x43cc49701bab6407040dfa3e9debecbb0714515dcd3921e731da1133b1bc122c,1764460001,1764460005,1720,97376,,
0x4dc2403da646a41cecab4d71d0e2a9141fcacf7f375b80e9a7ec26884b9b4c8a,1764460001,1764460005,1720,97376,,
0xb458a8a412272f3f090cc218fd5a617efcba0f9006fe29d8ce23132114f9da9c,1764460001,1764460005,1720,97376,,
0xec5aeea93cd69e879257d9f5f1a9ec88f9b139c0fc77690f663f94be04a581d4,1764460001,1764460005,1720,97376,,
0x2ca3738647851f3453e7c6ff746695c9aa8235b9741cc6e38a54703673ebef05,1764460001,1764460005,1720,97376,,
0xfc08ad1e95b34e10ef4c0a2ed15a50bc401b651abc007fb8c00db26195ecc0c3,1764460001,1764460005,1720,97376,,
0x732e8fb4df050f35ce668d74c36740b6b7f3b1b061c1dd5c39d46a42de9d21f5,1764460001,1764460005,1720,97376,,
0xa081967d731dfec2796e93ffdf2c94da3abbaa4490c93fd8781c4f99faf682dd,1764460002,1764460005,1720,97376,,
0xb5a68a7c4a336aa75728d15c830a02df8baf3e9a427fab7f3faf0260d8275fa2,1764460002,1764460005,1720,97376,,
0xc41bc6030d3f5e384efd97da18380111b9faf8a92052296f74d0133eab374861,1764460002,1764460005,1720,97376,,
0x08b43145a97b25c4a55f5439bf185b3125ff9499a1a871537c662bd174c4007c,1764460002,1764460005,1720,97376,,
0x8c1b5d66e5c9e320f051a2e345308d9af0a277e88a0832d6ed2fd03d2b6dca83,1764460002,1764460005,1720,97376,,
0x84928334b7859f6e1f0b5c9dd3b78ada28b129e9f5728be9a519e80aa8bc6fd4,1764460002,1764460005,1720,97376,,
0x3ab3e180a6ab825ff6c2f3e20cc3ef9c2a707df48688f1b5d242a6854814e7ff,1764460002,1764460005,1720,97376,,
0x676d18bd704ffd57f2249b775d2d4796e0621edb5efa1ad0f8152a45eb21d591,1764460002,1764460005,1720,97376,,
0xb67bb09bc8fa409af530f9002b631b9d67c3632ec90a996a249ba666016036d8,1764460002,1764460005,1720,97376,,
0xdddc1aef0e75bf33c51a11b35220df34b40a9659928c81599153696e9a654291,1764460002,1764460005,1720,97376,,
0x87961b455e9bd76f6fdc7ed8f6c7929d129aac4e1bb84eb7e9bdf597116557a2,1764460002,1764460005,1720,97376,,
0x1f082cdd1a565234dfebcea5d0307fe851a1ddd0507c436d73c82e14352932f6,1764460002,1764460005,1720,92576,,
0x5faef1d3c79e15416c7acca085a58457bebc0e34d848eb4bf7c05324055d4091,1764460003,1764460007,1721,51234,,
0xeeca11092618b10b909fee3e4a739676d62a51fab277f1dad0bae2f00741272d,1764460003,1764460007,1721,51234,,
0xca49d0a9473d4b9f02cd4c6940e9a69a470307dc3c56aa4fd0cda6f14102bb8f,1764460003,1764460007,1721,51234,,
0x9b362266a98691ea7b4018645026cdeb6853275ce92f615a20e066a7e6480ad7,1764460003,1764460007,1721,51234,,
0x8f49fb20ba9a174058ee9da2782dc312337d5cbe68baf1d6d517c3498ffd4164,1764460003,1764460007,1721,51234,,
0x16056134ca8b288d2828e8a134b6a2b202f28252d9d90d666089c7d6c33aa0a8,1764460003,1764460007,1721,51234,,
0xb5a7766bedaaaa2d339d40c644d7c8a1a7e34b18d79e1e9afdc60d7e357991aa,1764460003,1764460007,1721,51234,,
0x6cf5a9c063d58695f20ed65a1d2e16e1249e29b58d9cae8f98fcc21716f3700d,1764460003,1764460007,1721,51234,,
0x23fc2b60c9627c6f0737e060502c39d415505224e98485c4ecd141fafa00bf22,1764460003,1764460007,1721,51234,,
0x2072424f907b29307de46f1633a6a73b70f4a0f1c0cba5c3ec9a99fc8bf42d03,1764460003,1764460007,1721,51234,,
0x07ff482b6dc79f53dc13bbdc0dde6c00a94f8e634ceb4c2f67f6518f68469c9c,1764460003,1764460007,1721,51234,,
0x259d6bd9e6530fb926ccf302accf12736a2663e9884ac895afe0af9adcbd928b,1764460003,1764460007,1721,51234,,
0xfdfba33c6854f74fdc14fd4eca8e281c02c6f39a75c8045f8ebc50d8c3756294,1764460003,1764460007,1721,51234,,
0xcc0fcd7113cc3e9655508a1667804815578ed92f777802a55288edbcfdae1660,1764460003,1764460007,1721,51234,,
0x12370aafe02868b0b164a25ce2a4b6e08e5a8f70a4ff28d4c1ac9769da3b3aa3,1764460003,1764460007,1721,51234,,
0xcd8887990dc86dfb2612d8925610595ff02b86b0513666024fef97d50711a0db,1764460003,1764460007,1721,51234,,
0x8567ab6b7fdf16ac5b8353cc6421ac9843a5b468dd8250637d89d9f0a1781570,1764460003,1764460007,1721,51234,,
0xb687fd3b928fa59bcea692bb780a735ef8d47086e247316c12a4da6a3621fab1,1764460003,1764460007,1721,51234,,
0xfdf1cd2f0ea689d831d274f116f4f925dcb3086300ed5d7dc8ce29785ada75ba,1764460003,1764460007,1721,51234,,
0x84700e6a0dd8e3da27c01fa54ff19a0ccc23a5c7ec2f782c5eb2f607bf2a39a0,1764460003,1764460007,1721,51234,,
0x359272a4020d156e788b054f1f0deb6174b4e494bccbfdf375a43133fff169c4,1764460003,1764460007,1721,51234,,
0xedabab6385be32ee09e9623a62cc075f26bc82738fe0fd9a81511d5f2c4b4740,1764460003,1764460007,1721,51234,,
0x466f61e5a6e919c25e75e7640377c156dc1cf0cba051b9a8f0e8b23d1f319d8b,1764460003,1764460007,1721,51234,,
0x27e175169357f20c7d21d2ec56d7732a8d9258e9815fd6839c3ba716a80c352b,1764460003,1764460007,1721,51234,,
0xe1b34b91bf93e7701a9efbe70e672d57eb086ddef96e9d8b68ac4af7c23de932,1764460003,1764460007,1721,51234,,
0x7a52f58259a4335f5082bfe163c47a8e03e8becfad0b3ded93f9d660f19c894c,1764460003,1764460007,1721,51234,,
0xc9989eb545501b9a86b56c77a460f2d2641a8a445d67400ae410480761c449b6,1764460003,1764460007,1721,51234,,
0x4342ab1fc36abc3a7ff5aa9ceeb96a460f49686810267d57889d69bdc0929b9c,1764460003,1764460007,1721,51234,,
0x2d97b3ab260e03df92fe6ff5033b10c5ca338edf370e9442d21343c28afb311f,1764460003,1764460007,1721,51234,,
0x7e6f1c3a4ff2e2dacfc3ec74a13ec6d7ba18ce8ddaf31181187813341df3a3ba,1764460003,1764460007,1721,51234,,
0x4aeffdb9eb162b7224c3f8ccf7be910d4541fd6b9c2b9079a0954237906c6c57,1764460003,1764460007,1721,51234,,
0xd1e8411d76666c3b144c58b49d8cdeceda9733273580f776d62cb8704f8cd80f,1764460003,1764460007,1721,51234,,
0xf0d511e3c125fcb69de5959f40752b954d9518c5c6f721e2bf8d177590babccd,1764460003,1764460007,1721,51234,,
0x793bebc3bc0d15ab90d9c82bc9ec6f6bc98cb3f9b19263dfde348c354a4fe260,1764460003,1764460007,1721,51234,,
0xb5c228ce689ad8d90afae18b89a1948594ca9c3cc45d915f8639d9e6e39f7e07,1764460003,1764460007,1721,51234,,
0xe6e16fa0a79bac5d760669cd5e8c95e39bc12c49d43c3f4bb28d66dce2619a92,1764460003,1764460007,1721,51234,,
0xcc1be7d1c6ffdac56c013d41cd17156bca5bd6894254e08ae25dac88884f9e8b,1764460003,1764460007,1721,51234,,
0xcbc1b5eb02499e246f3ad5573cc7bb2ee079ca94cec656006025d2ac7ac1faaf,1764460004,1764460007,1721,51234,,
0x0aa205997c3e91031b8a20cf5ef69522cc9cf578aa34d72647eda94e6e7e5f57,1764460004,1764460007,1721,51234,,
0xa1da364dbd0b362d5fd3b52afd7cf7fca9b3a9117bb626e209e6eb095388d114,1764460004,1764460007,1721,51234,,
0x5878ee009a1bf0316c6fd4652d0082d16de2448f128004b588d679caf06cee22,1764460004,1764460007,1721,51234,,
0x09b3bbd8f937552954a6d52cc4c71a2cf405de9725cac7b4c9e06c556856b0f7,1764460004,1764460007,1721,51234,,
0x26935075c45748c7e0fd6ec475a63b3fcb0ceb6ebba27585d449c243514dbf6a,1764460004,1764460007,1721,51234,,
0x123e505770cb11f89e7904256cbcedda54e46a687b55451d32119b22e065bb1f,1764460004,1764460007,1721,51234,,
0x421ea443a26159e629cba5397ce4f5a7f4c48637ff528032e86dabbe70178300,1764460004,1764460007,1721,51234,,
0xa6b0ff9c5c4e755ab1f77e3498817145b4eebe39fec7edabc5ef5ea4566a8587,1764460004,1764460007,1721,51234,,
0xbdea0543b50deb91ddc1641132c4dd6c688f272f1a6af5badbbc5538c81d8c3f,1764460004,1764460007,1721,51234,,
0x4b70a1078a1de02965ad20c85b8c2f41b8059f15c7d6f55f12ca9ed958a8728c,1764460004,1764460007,1721,51234,,
0x36f7024971b5cb1ceffdd2e2466eb8af3df185b0f047e8203430ebe78acc8fac,1764460004,1764460007,1721,51234,,
0xd54948da2371bdb91eb9d3883cfe3052b427f190d98d9f1d10efd860fb162b55,1764460004,1764460007,1721,51234,,
0xb2a2f0c3fff8e8c47f5bf687a6650045ffb16c59c27141e7517a5a47b4caf250,1764460005,1764460009,1722,51234,,
0xf2b89012ba18b74bc82a6404aa3a3a029395c305938763d4766d036ef497918c,1764460005,1764460009,1722,51234,,
0x19918d1531fded6bdb3c7843aba4bb3447ea74d4ce8bb80ef4f34eddae42806a,1764460005,1764460009,1722,51234,,
0xd5016cde804004fb71093166475d8981fe916579648b50bf4816fa027bc0d97c,1764460005,1764460009,1722,51234,,
0x97798d3e463f7789b524f2ebf1151dc6387dc07ced273045c9a257da83b0300a,1764460005,1764460009,1722,51234,,
0xc4d50855450c9416d788596fa73d5558a68eda673f764b0fd98a2b2329b9eb28,1764460005,1764460009,1722,51234,,
0x67161b837371ecca69957d08dd03c4f49956233d2d07be0234026a12b65bbe0c,1764460005,1764460009,1722,51234,,
0x7f91d92bf3582b05ac3dc53e7116abac488183edee29e1a72d80858297ad1b32,1764460005,1764460009,1722,51234,,
0x8e019bb2d86b29da16b49ef41a244964c781ecfde397bd08b0490a3447595d70,1764460005,1764460009,1722,51234,,
0x6afea5c84fdea65a2760a7aa0bd06ad1bdb3e8b0f1d9f69ddbc92468f9378c31,1764460005,1764460009,1722,51234,,
0x832f9623151ec9228f3b3b2cdb4526cec670bded40dc901cc0e83a513c8254e2,1764460005,1764460009,1722,51234,,
0x5f026650f1a29ad561c268b37026155f66198e32856adcfc86a4aca0214fffdc,1764460005,1764460009,1722,51234,,
0x69bae1862a574f2bc2867a11e1965350477a9b23a509588db3efdfc3e7c2bcb4,1764460005,1764460009,1722,51234,,
0xf3a80da296c42d06455e94e51e3bb2b0bb94612ff2ca3f78263d7dd40e6cd3bf,1764460005,1764460009,1722,51234,,
0x503e0ff90dffae0f1e28478351cb2af5d0d2882c6c68d97aa8df3f084516236f,1764460005,1764460009,1722,51234,,
0xceabc2650db6215497d9b6fc51123e622f2dba932708280a6508a033212eea10,1764460005,1764460009,1722,51234,,
0xe733d7b15fad88140eb979c2a9a96be748f59df837e1f33b0561d29d5f63f21e,1764460005,1764460009,1722,51234,,
0xf80bce4e8588a1ba4f470cf5ac804107755dd9333fb041ca393f0a19ec2e69cc,1764460005,1764460009,1722,51234,,
0xacbbe50ea4f2eb04e3a6ace2b1e6c7ed96a5345d67dcb2a26add9b34dc95d8ff,1764460005,1764460009,1722,51234,,
0xb0828fcb24dfdbec120002b1d11c906f83cdc9ffe2e10ffb5511552199e208a8,1764460005,1764460009,1722,51234,,
0xbb499544bc351414bdf23b5ffbf3e15de0fd64dcb9506f50054f561118c6bf61,1764460005,1764460009,1722,51234,,
0x5ab13dd0e9bc65aec53b8701a63c4e48135942d846ad46aa704882ce2f5f4e5d,1764460005,1764460009,1722,51234,,
0x52667ed24aa1efd36fb7be828ed5c915d997ecb50c3912c1fba786a3e3a956ae,1764460005,1764460009,1722,51234,,
0xb8ddc89cd1e280d47c2da9f42560d23ea819f37db17017649ab3716d883fe0e9,1764460005,1764460009,1722,51234,,
0xeef29635e6b6ad167e8b41ee658844fd38c50d9e3ef6918e51a3b18b95de94b8,1764460005,1764460009,1722,51234,,
0x047001a2593f9b84cdc6e2dcc376e8028691f59a0e19617eef212cb3fbb21f73,1764460005,1764460009,1722,51234,,
0x76e394597b0e00ddbce99763d85a86faebf3dae0ce0b540615e0d440ebc8c991,1764460005,1764460009,1722,51234,,
0x1c206fcce81b7a494db8e420e6a866d117d1a431a411eca74d8968a11a3433f0,1764460005,1764460009,1722,51234,,
0x175a39ec7e8dc8d68f617b8eab8b8a68cf72e872afe65f398bfa3eb73dec34c8,1764460005,1764460009,1722,51234,,
0xf17477fdb10a09904ca0c17c0bb76b70c2e89b9de6bf62cdc8cfac4df4880f15,1764460005,1764460009,1722,51234,,
0x64bcefd61b4a86fbae9d8379ae405079ec98c0ca137563d33a9779c509487171,1764460005,1764460009,1722,51234,,
0x1dea34ba7600753c3e66ff49ef2364a852f28bd11e91fdafde35a09973f83cd7,1764460005,1764460009,1722,51234,,
0x7cb768bde6ca21cc0e14fca049d8d923ccb6f38d4ce0262b8a2db013bb478b23,1764460005,1764460009,1722,51234,,
0x9b4a89aece7c48bad4fae7d826737ea59020c4790f91858bd7da6cebe466b978,1764460005,1764460009,1722,51234,,
0xdff27592e6f951e250428c0a03d77aeb6a6bb9d499829083e5d435806a709e51,1764460005,1764460009,1722,51234,,
0xdf364a6f333e2bf403b207deae4bef4cd85b1c0e2dfeea1e5bc21526217566e9,1764460005,1764460009,1722,51234,,
0x0433e6a66eed81321f12ab45d0cdbf9ab6ca5e8fa6c90a41fba46c94b1f6952e,1764460006,1764460009,1722,51234,,
0xff8ca08a8a9b012544748f61d625ca157d78218543d5cc1ad53e6c40f1e4c78e,1764460006,1764460009,1722,51234,,
0xe1fea66e4f9586e247ee4a7c97ef1eb4584914bfc3b0e7cd86adb0a118a6c793,1764460006,1764460009,1722,51234,,
0xe38351b6d3706ff2a5125ed9f09ff2384e11b234122490d8aef43f3a94b6e7d9,1764460006,1764460009,1722,51234,,
0xf7e10db1c24aa5e76a805c04f32d2a3d41341900e018f0024f2a20b754696759,1764460006,1764460009,1722,51234,,
0x14cb47b0e2408b66a2d2c2ecdf3e428b0ca6dfa4e6dee5561780dc2471560b07,1764460006,1764460009,1722,51234,,
0x1c7e7997e1bc9b3e388564eaabb69d8eabf805603ba47fd01db7618987e0b892,1764460006,1764460009,1722,51234,,
0xfaa6fc0237c9324198755481e477cbd66641c267549fc9911799a5f7bbac663d,1764460006,1764460009,1722,51234,,
0xdc43e942819271453a4bbe6c0fd7db1247df2a5e2f27c59f687960260354c4ac,1764460006,1764460009,1722,51234,,
0x7aa633adcfb011fcd5b7800eaf4f897b45a290784757af5c39726738d63ac7a1,1764460006,1764460009,1722,51234,,
0x83061d5a00f5496319717940b496810de8a1a430fba073ecea7ab51dd8b7f4a4,1764460006,1764460009,1722,51234,,
0x8186088d9d16a160e09ab55a9cdd97beec0a11e114d200aefaba73c1c97f016f,1764460006,1764460009,1722,51234,,
0xac0153df741adbf997968fc6bb2db58ff22eb7c389c933ae60588791801cc58b,1764460006,1764460009,1722,51234,,
0x0c3425c9b8bb263936baa0c8c8140d1aec2b6834e4f4fd114361f8bdbbaad1b1,1764460006,1764460009,1722,51234,,
0x20c433ec1ea79a7256236dd169a2cd124aac7a1b6a5dad23295960abe6c8df74,1764460007,1764460011,1723,51234,,
0x987d3b594f54eae0d39c265c024da1d796d15595b311c2c0d9021db7ce9cc235,1764460007,1764460011,1723,51234,,
0x432e1947ce8676596752edc6f24998139ed133685f4ffad5ad98e7ae795adcd2,1764460007,1764460011,1723,51234,,
0x286929a6fd32292b76c50d9c68559660bab41d321f24ced5aa816ac0ae271a55,1764460007,1764460011,1723,51234,,
0x63361ec6e4cd777e1ff533f04404794db2625fc81b21ee8c25a6f649ad3228e9,1764460007,1764460011,1723,51234,,
0xb837bb17ac7bc2ccfa03120a6fb9c3c972eda78a609eed9c6abe38dcc39c6f7d,1764460007,1764460011,1723,51234,,
0xbe9bf42de69c56c9a0e41da04e8dce81a568ba0dc7817de566d28e38f2c63dcf,1764460007,1764460011,1723,51234,,
0xb6a91051932d22fff27aa34dc1804ebd8b7c98e88ea7a2ae73cf3a00084d1a6d,1764460007,1764460011,1723,51234,,
0x35303cda1d7a0f034143f979196a6d3864e331d0df275a0c511ff85822c89b9c,1764460007,1764460011,1723,51234,,
0x06048b19be237490dbe45baa080615e8bdd4d8e2c4eecc02e93447aa6a6073a4,1764460007,1764460011,1723,51234,,
0x0b57d083b146dc484472f6a699b1b1a9cdda685db74c3a03fc5d20015769c04c,1764460007,1764460011,1723,51234,,
0x664decf8243130a23e91750a0a99e4409f18f7ca0f0d59e4e6cdf0b66bf68397,1764460007,1764460011,1723,51234,,
0x5696b2484e5bcebaa01b418c6c80f54cc5d58da72e15eed2aacdea48e498acd8,1764460007,1764460011,1723,51234,,
0x3d7055d7e6549a83987c23195de5bdec637a5b26b1256adb69cc6b7ee54c6c14,1764460007,1764460011,1723,51234,,
0x54d9e04dfcc274f95ca27c6a9336a7bfd9fa4d3f5b7646f2906a306de71d41d3,1764460007,1764460011,1723,51234,,
0x4cf0641515b5995e2e26f7bde6396326cb3ed1f96b807844b22da41b5213d57b,1764460007,1764460011,1723,51234,,
0xa037f4d30f1b37fb8824f9867384be540366fea6ed077fda6451c1b7fe709b88,1764460007,1764460011,1723,51234,,
0x173cf1ca9207d0fb7d56dac65fb1459d119f0b1b5eba205de6a375ac79816e88,1764460007,1764460011,1723,51234,,
0x60ab9028bd829392ee006c8ef014eff09b475c8f7c7b30e5b1e7cd0ccd2655d6,1764460007,1764460011,1723,51234,,
0xa502f3c04623de912fa8c4e7f35e0d9ed92fef165f89a1929343984e266e66b6,1764460007,1764460011,1723,51234,,
0xf48321950543fa7be2bfb6328a7d8b062158b54f9a10a9f6603b13e771efb107,1764460007,1764460011,1723,51234,,
0xaef8de0d01990949b9a4ed71ec4945585127dd36d48a455c38db79b68af328c8,1764460007,1764460011,1723,51234,,
0x85e2c9e4b63f506ce6dcec9bab6ce6a48b4f166796a44ee4e2eb7f89b449b803,1764460007,1764460011,1723,51234,,
0xca1650983ecb433845270afdadf6852683d6715a8e1526aa00929eab4681d78d,1764460007,1764460011,1723,51234,,
0xbced0c4212f0eb7a7d2fd4b9bbf4e1a9afedfdb187ac2a5b7aa4c1e95a5c4af5,1764460007,1764460011,1723,51234,,
0xbb10f8e57b67d750e5257aec117700a6b6f356c52a187f12924089772edca032,1764460007,1764460011,1723,51234,,
0xb4600f2b5f7d8fd4c50f6878de99e1b62e1b8ace26e411767a074c3d8d138cb3,1764460007,1764460011,1723,51234,,
0x912287473de581a37b016921038996888793fc1fad0c3aae0bda2b244a02ff4b,1764460007,1764460011,1723,51234,,
0xf7c199d5a3c4ccb9f5f2b9a217c3114b1437c08aef6aea549f748634005e7957,1764460007,1764460011,1723,51234,,
0x909d74c349544daee5a8774ca40d12eac49546bfa35922444804fc4bd6d085d9,1764460007,1764460011,1723,51234,,
0x2f11391ac10625b4c5c639ad4deca9f236ae98c4d4062c3d83d109da88a19d6a,1764460007,1764460011,1723,51234,,
0x826b16117b0daf3921b7f2e19d336cc752f4f02a04ee2c1c8013b0f7da008a05,1764460007,1764460011,1723,51234,,
0x4ef20a8c1779732b593b7e5c4f2d24cb2e70a88a92b778a9e9b20baa8c515929,1764460007,1764460011,1723,51234,,
0x048b04655345c6d80692319589c0afe9bbe020fba7cadc8a8d3f1896845e6c14,1764460007,1764460011,1723,51234,,
0x69bbd1cb57d2d7fdccc9579d7707a87a46ec4963318b621792874e2b441eed38,1764460007,1764460011,1723,51234,,
0x6ec38dac19e5f015ac19f969a0b2be4d1ec0f2caa9803d656d3ddc3c075ff7f5,1764460008,1764460011,1723,51234,,
0x4200be07af9aeb27b3d4dad4be9a8d06e0aaa3d1747c18eea5c52070814a8a60,1764460008,1764460011,1723,51234,,
0x952fea3ed5ab51034d2ac98f34ab5ebeebd0955a516b377b7eb18ce6c5f998fb,1764460008,1764460011,1723,51234,,
0xdd0776afcb36405f938416e006ef0dd1a3fcce647f3b10c121d361afcfa031c1,1764460008,1764460011,1723,51234,,
0x9288a847924f050d3989827a3496af1767dd0420aa630b344a86daa66861248c,1764460008,1764460011,1723,51234,,
0x6a86af98a914d77b131b0ea60078380a0a85c929b200eedc8bd533f292e0997b,1764460008,1764460011,1723,51234,,
0x475f30d7e33daf8dbc46e454d3573526bb6c090a36b5c330452c7feedaa391d1,1764460008,1764460011,1723,51234,,
0xcabad4a87e322cdcb35db7ad9c6b0f7efdc82867f19b1d4714649ae7f7e7d82f,1764460008,1764460011,1723,51234,,
0x842d284f109f0e4967784fe30f0c8412ae38074a48906c728ee2691334ed2334,1764460008,1764460011,1723,51234,,
0xa7394fa010f72256f4a12fb5482c5a35b7f48b3ff59d03706050b72055978b43,1764460008,1764460011,1723,51234,,
0xd50cc9a669cd351e0e89433634b85b3dfeb2c62ca782953426a52d850ddc10d4,1764460008,1764460011,1723,51234,,
0xd7b12e2e461502ef736dc36c3cef7b849e838fde1a5a66ceecc03cdeecf12f2a,1764460008,1764460011,1723,51234,,
0x34d1b71f6e2b16c74b2bd613aa8f7916f5a741b1919b98873a8ad316172cd263,1764460008,1764460011,1723,51234,,
0x7216873a2a1ef6513aa972adb0a97bccc30b363e662b684e7ccfbb54ac6461c5,1764460008,1764460011,1723,51234,,
0x211bfe73692ac2062cbd0fc711e991515a9e71095835be35165ef8eca8e73b98,1764460008,1764460011,1723,51234,,
0x8fb42a2ec962110c87e33489266c421ba7126fae4e2d608aaa46cc1c871f0a79,1764460009,1764460013,1724,51234,,
0x3ac39a8923d065447bf29df8bfb9f85f7a0665942ffd655feb4150f96dd38ce5,1764460009,1764460013,1724,51234,,
0x4e089b1b3593ed29ae595443ee8bf640160163b8654b168030477ef021a1f11a,1764460009,1764460013,1724,51234,,
0xc0cbd1873364fad62502d315edbe4d7adb2763349544fe4ca5e7d37fdc83e971,1764460009,1764460013,1724,51234,,
0x84ec0d76df2c76c2ee3f98bf3358fd175f35d38c84981cd53b6f6d354e08f02e,1764460009,1764460013,1724,51234,,
0x26f6c5a76a34c3ba8e3c117824fb65b8f9a66da641d3cee9cb73e34ab0b22a28,1764460009,1764460013,1724,51234,,
0x4fec275c9bb97a67a04a5ef9a156a04babb5b931be594ba029a4f56493f77279,1764460009,1764460013,1724,51234,,
0xa90b334482160f17fcd1502553cefeab724193e4af6a6d4fe4f3fd60a289c0dc,1764460009,1764460013,1724,51234,,
0xfa0a193a586818ed9f6d97f175fc6bca27f75b82bac6e119f4e360121f325c62,1764460009,1764460013,1724,51234,,
0x92b1fd2747d60aca0d17f9520f630bc8360aa43806d7abd3b02cb83d5901085a,1764460009,1764460013,1724,51234,,
0x958e0daf0627442390701544d0c319dda28bb7b2b4fd8b43c2d5e9155e4ec2db,1764460009,1764460013,1724,51234,,
0x7ece4dfabd97c372f1603b55ec9102a6bb0d4173c262ea815bfd21b007429d18,1764460009,1764460013,1724,51234,,
0xf61cd4122b1820933ee670d084b3f3e1a5dc9209778fe06464411c196aca7734,1764460009,1764460013,1724,51234,,
0x3a5d2c995a42f6c24f0aee5d14476ce397b4391baa8fbcbebdf16adb0fa314a6,1764460009,1764460013,1724,51234,,
0x40a2d3479f7f99590ab29da7a7fac592c922ddadc7956ef5b34172d37ce399c9,1764460009,1764460013,1724,51234,,
0xacc6ffa5aff2b21fafd6190d6aab5d05ebb96203d671aa3597be3b119c13ae10,1764460009,1764460013,1724,51234,,
0xcde5ba99247be0e2cc9db8bdf75408daceebc9a75d69387a69f86cb05090e3b6,1764460009,1764460013,1724,51234,,
0xcb5585f520ab1600d36f15056321c96391fdb70e8d3328ebe65042701909b7cd,1764460009,1764460013,1724,51234,,
0xb7d412c89860ee7aaf8db4324fe6e648d8c3781304976f080305ba138dea4481,1764460009,1764460013,1724,51234,,
0xb3f0d3ba682eadef6e5c903f2f12e357eaf6cc237fec5b64bea57cde086d8056,1764460009,1764460013,1724,51234,,
0x4a452dcebc85e92de43828859bff0daed479432f08dad1b376dc9bce51fa5aaa,1764460009,1764460013,1724,51234,,
0x16a915828662bc2f7db7bbedf0880a75b738bcb37d5cb932dd0c32dfeafa915f,1764460009,1764460013,1724,51234,,
0x25c6d5514a46b71a38dc3495c60e820072b6449a4fa2fc55f448a76f697772cd,1764460009,1764460013,1724,51234,,
0x7a22b682b21605617977676a7f389b06675002e31329a1ccee9ea2099e9b96da,1764460009,1764460013,1724,51234,,
0x0f1acf4a691cc33de5897e5a5a67770ae2b431c0ca29b13e6293ad8156ea081d,1764460009,1764460013,1724,51234,,
0x64ecabff61ad566b1195f18f53f78853b893311ba44ddaaddbd27583eaa794bc,1764460009,1764460013,1724,51234,,
0x1de72796ada99387167d5984d75023c84bb16468c8fe020a201362ecd4779fca,1764460009,1764460013,1724,51234,,
0x51798683d6859b292ed79bb4c4bf4f96eb55cae686f343313846a8f1bae37f26,1764460009,1764460013,1724,51234,,
0x0a2be2d98cce93272d9c3365e69a7ae5cd1dd49ef92799189e4626611764cd7a,1764460009,1764460013,1724,51234,,
0xaabdbe2c15a5fd7f63e0bdacf656fe820109a5fe847fa14699650e8dc032e2e3,1764460009,1764460013,1724,51234,,
0x11d249c467b88bca75a60dc47432c2b0b6c712191230fd54e11e758860204926,1764460009,1764460013,1724,51234,,
0x730af08f0e03dd1437eb0b430fd63bf82453018e296c00f2c0cc4c3ef2c72a33,1764460009,1764460013,1724,51234,,
0x3766f29afbd2aa4a5fec84de8d62296f331e5be9f76ffa08c9e67b9b6088db3e,1764460009,1764460013,1724,51234,,
0xf8044350af1c56f8faf8eb05815c099772bb16eb8180df2d4b40e585eea4dba7,1764460009,1764460013,1724,51234,,
0xa5bb58c0fcb52bbebec796c8e3405fc6c516b4e5aaed1a4f8db853cbf091fd89,1764460010,1764460013,1724,51234,,
0x02b179871217dc8471924f68c8354bd50733f5c3ba183deca7151245c2188a20,1764460010,1764460013,1724,51234,,
0xfcc1721421976d9c671cc114ab866e5e67d6802251f6d1848a3b9f9ba506df50,1764460010,1764460013,1724,51234,,
0xea3be8301aa8c3327da99d4e40c75a6464581e1fbce105ed55189320382473a6,1764460010,1764460013,1724,51234,,
0x5712bce1c94ef6f1d54e80d9af52eeea471ba60e6e47ba1777a8a667061f5ebb,1764460010,1764460013,1724,51234,,
0xb79a6ced737703c49feadd4f318a306d8438d42ab0e7e461441d83a8fcb9a629,1764460010,1764460013,1724,51234,,
0xced274cbf0eee19fba160d2820ea7a0688c46953346ad4a73acd3b2e956285fe,1764460010,1764460013,1724,51234,,
0x1375e86bd46d5a165ccf4fbcbcdb634719a72dcf2db845b8901f8ce460a1bb71,1764460010,1764460013,1724,51234,,
0x4379dcf71ab274a320987241c9bc3fdbb1fa8dcd42c6bb99e0326f434f984510,1764460010,1764460013,1724,51234,,
0x067bdea1deb48f8a2f1d09c4565a9f5136c40b6008dc42955f926d0cd5a7959b,1764460010,1764460013,1724,51234,,
0xd835d10c18ebaaa35a4c8b3f926bf35c9f4e3a4dbe21b35b6cbfb1f9492819ef,1764460010,1764460013,1724,51234,,
0x88b60c394349fde539b7676afdc4cb91eb3ef377817f2d64f2f41bd35e372f93,1764460010,1764460013,1724,51234,,
0xf47a52d77989a05daeae2f49bd450e9c36a8137f8c605b22bdf275d8335016dd,1764460010,1764460013,1724,51234,,
0x29544704593091447a06fbbd837c991a1b563d892bffbe0d1a3f99fa29ec00dd,1764460010,1764460013,1724,51234,,
0xc5a3211744ac672aaf938e11b77808613cc980610fc8bab145dc1a6b2dd36098,1764460010,1764460013,1724,51234,,
0x9c9204d00e1f286941b198186a27817b7957bde22ddae5ee6ffbd0c494be27f8,1764460010,1764460013,1724,51234,,
0x9014d76d4f8f4aab0bddfef702b31fa3a2fe724ab1b9d519943185d1318cc762,1764460011,1764460015,1725,51234,,
0x64818e7c36ef15fb122d464d374b1be072dbdc84aa5bd4345d38d6e58a386358,1764460011,1764460015,1725,51234,,
0x5bfa57df7034dcfde4bb7a2b412fa3b2cfe5f1f2b1cee5d3dafec97640ca9c84,1764460011,1764460015,1725,51234,,
0x8416d88fa23f859981c8b0e0f80bdc5e42dd999142b856c8ce67daa17c470de5,1764460011,1764460015,1725,51234,,
0x65acbbd34816cd7c8b4d1d1a496bc1d20628097eb19c47ecada1becf5e2d6e4a,1764460011,1764460015,1725,51234,,
0xff845c009efb539878308e5263f89a7071718759d6f710907903118147d48be2,1764460011,1764460015,1725,51234,,
0x3b8dd690f68c539844107aa7ef95b08e1d5425a5ce5b4591e0ad3a27a7302cbd,1764460011,1764460015,1725,51234,,
0x62336c4088b4f81e016696d46f4fd8066afbc62a3c14b13710a57ac75d3c7cc6,1764460011,1764460015,1725,51234,,
0x2f692216e72b693bde484100d29564980c867796da477f69ddf61f6ab2b3e8fc,1764460011,1764460015,1725,51234,,
0xf170d67e5941b41ba27091a78e1f813a3ee06294b1b6203a70a3dae151c62ac7,1764460011,1764460015,1725,51234,,
0x66a732381e76af3e4462bb8b09065a64821bc2ee2cd82229a0732e1d3b876798,1764460011,1764460015,1725,51234,,
0x28d823b9e586b6f7239c7e5a48035823ab3b69d38bd0610186dad44a09ab228e,1764460011,1764460015,1725,51234,,
0xdcdb1f78a5237a086ccae84a2a3d3b3f192ade8db89a0be333fb5a7029d7f42c,1764460011,1764460015,1725,51234,,
0x6e7554240e8ade447b6f633ff7d78de73519e6152be3018eca6ba8998d3e85eb,1764460011,1764460015,1725,51234,,
0x4981ab7a50d76630fefba5738b1230fab9e8687ff79b853895bff77b71206d92,1764460011,1764460015,1725,51234,,
0xc1f5eddb5c5a1b41d35641ecf4db3c195b14a59d4353580a322e8414c66624f1,1764460011,1764460015,1725,51234,,
0xc88295de689d57cc05299ec8c7f70004ddc8cd30a422b6b67a2d7c49680745be,1764460011,1764460015,1725,51234,,
0x05101ebe4ce995366683cc374844579277c4add187ccbc1b35a0b47bfd937d51,1764460011,1764460015,1725,51234,,
0xa559f133d5c987f5a7670e10262642a4c14dc035fb9f810f090f3b6c8ec7bbe3,1764460011,1764460015,1725,51234,,
0x3c4bdd6ffbcccbfdf3365b7f65e8647b261b0705112d262341e989333d5cccc5,1764460011,1764460015,1725,51234,,
0x18dba3494cdabfcf046a0e1beb0ee4118033b7cb01981158d83bbec109d8efc4,1764460011,1764460015,1725,51234,,
0xd0b79a89bcf48b96ae05a4b817c0b790cafd9e1a21140b1b6790b6df7cd3b7ce,1764460011,1764460015,1725,51234,,
0x788964fd4afd458cf72ecaf0e6d1d4f4ee1896d1b3634c9db1412abb214e0cc2,1764460011,1764460015,1725,51234,,
0x12574a8a9ec3f60de6871f6050e3f8f8c019997d82f532d13cff5e60c9653837,1764460011,1764460015,1725,51234,,
0x7ce2b13426573dd0fb989b1e4d6e8a7c1695da1c2da45f5a314d3b3f591ac252,1764460011,1764460015,1725,51234,,
0xe7fd8cb5b877aeb959d43183b87d7e7b58012cf3a2061d8b9fc589cfa1c3df39,1764460011,1764460015,1725,51234,,
0x868da21215a2f83b09060218dd10e1cd5d1c0ab5506dc9834d331228bc1845ef,1764460011,1764460015,1725,51234,,
0x519042b0bf92b92711833aa9ce5e4277970d15631ae140453159a645d6991153,1764460011,1764460015,1725,51234,,
0x773980d44bc5121d56c9e96dc0d5e7ba55a953efbf838731357daaecd58c3ea3,1764460011,1764460015,1725,51234,,
0x885387e94c3ec15813db42220f27f68fd66c402a888c6764f32fc54a24c06ebe,1764460011,1764460015,1725,51234,,
0x752057ecb300bbfd2b700723b6202ae7aee00dcb84a6abc07d8646a225b940ae,1764460011,1764460015,1725,51234,,
0xbcd27b2d78be158a357aff6348ab9a6c713d1c81d974f16a36d2afc66ee52f83,1764460011,1764460015,1725,51234,,
0xbf4de61e95d44abb7e3b29adc0a8d8cd2f504175b9623d7119508983018456fe,1764460011,1764460015,1725,51234,,
0xaf1004357567406c00e9ac3c14b0fd37ea665f3911bed44be9feaae519a56f97,1764460012,1764460015,1725,51234,,
0x5795fd93262394afe1b1a231c31d30d554ab1f68e9a83f93830cfc9f187b85bb,1764460012,1764460015,1725,51234,,
0xd8a9b449b1b80d0a3bdd7f4ac15a0af293b2e2883eddbef9b65da33f07ce2ae8,1764460012,1764460015,1725,51234,,
0x584ae0dc4496ec52814ae26e6dd7df728a65abfea2dd2eff4937cbb841af461d,1764460012,1764460015,1725,51234,,
0xa1cea44163446df12f974acc5f07356472dcde79f5c196e28951bbbd2abc8b23,1764460012,1764460015,1725,51234,,
0x4e741a410a8302f4bdf57c69e3799adc97b24cdbc4a0801228bc22f7e18dea95,1764460012,1764460015,1725,51234,,
0x6e50bfa71dfea682e414e084e5b39747d26dcecf5e42086957e88ecc86d69397,1764460012,1764460015,1725,51234,,
0x15d3b8a5193c2b4da3ecc1bd4f9c1b834ddda5bc5468694795f24721ec8ca83b,1764460012,1764460015,1725,51234,,
0x225cc528a628b63e623a3c91d7abeddc0ef61373505eaef44e8b4ae8055bd798,1764460012,1764460015,1725,51234,,
0xecad8a73368b7044102496e4743a453e3f34d5671c0d3cc31d6a3ea50f2f2f22,1764460012,1764460015,1725,51234,,
0xdc144edac74975c86963fce621c254798e9074344d76f52f1ce54a38eae2b268,1764460012,1764460015,1725,51234,,
0x5242a2f96b4ffc764262d0e4018236e2612de9020247909a115ac8fe3c861834,1764460012,1764460015,1725,51234,,
0x1234ceb209060dcf74984041b8268a34978f9142c39958f855924daba04d9253,1764460012,1764460015,1725,51234,,
0xbaf7e53078b4e8c15f732e85ef24bbacf4c74ce3fc768119f3c915d7540290e4,1764460012,1764460015,1725,51234,,
0x67e4e5210238dceab4075a242a44c5c39652dbffc8a560fa572e3cf6bb29074f,1764460012,1764460015,1725,51234,,
0x00783cd0021a8a93e2dfa0899d175ef5f61f7585694e4dadb1300c8acf7f4250,1764460012,1764460015,1725,51234,,
0xc584dda58a4fe66e562d8d725df9bfb8cc1fadfbf6c6b86fb3431c1b59814500,1764460012,1764460015,1725,51234,,
0x9a512f880aa379e25e66caf7d0a45a2f0fda0c5821c95563cc5676dd49221e04,1764460013,1764460017,1726,51234,,
0x1a39f7821a806899e033268a4468a9ff822a4e99a0ce9a8f44aebbdfd680c008,1764460013,1764460017,1726,51234,,
0xf3b58c89bc865df0068ec260465f4aba2940ba186b5a31d7963fefa691a7b26b,1764460013,1764460017,1726,51234,,
0x363a9ea5caa5f76793f1799cc5fa84a0471e1605ed46295754f4b1d78ed5f8d0,1764460013,1764460017,1726,51234,,
0x897cb319711833c12c33a0c6376ee4e62f73c579afa9a26d07a1172252f41161,1764460013,1764460017,1726,51234,,
0xcf9f21dae3a99108cfb221c90f269a9649c5b502b40dd1fc87706e4d7319baa9,1764460013,1764460017,1726,51234,,
0x908fcf31a8b53850c9dad84c5e5ba5fdef14a5dbbbfbea939d8bf03bfd400965,1764460013,1764460017,1726,51234,,
0x19ca3485fb054c642e7066cd92f03e55f67199a0034ef69ab74cb2a193faea6e,1764460013,1764460017,1726,51234,,
0x1040022c14cb7079b615e578cd606e965942b584f9f7c2b24db0891c59089c6c,1764460013,1764460017,1726,51234,,
0x18f4b8fa875bcf0283789a374998719f995245a1d2a2d8fdb215341a0d496788,1764460013,1764460017,1726,51234,,
0x3a3c0300136c684c2563971067e9ed57eab0202dbbb528c29ec7d3b911cd7a80,1764460013,1764460017,1726,51234,,
0x04fd536cbb0ec4791a41e176dfddf5e237c23354951ce72b3774c7a67729a329,1764460013,1764460017,1726,51234,,
0xf486a78c49d28d937d1da609ebcf5fc4988db077be91bada5c54fba42a8335d0,1764460013,1764460017,1726,51234,,
0x9b71294e1e292936890aaefa7fc21f69f42701207b41f0aeac25d54b610bc54c,1764460013,1764460017,1726,51234,,
0x142bf55e76731c4cbbb64d052d813e6b8ff908347de6077e4aaab0ad413fe353,1764460013,1764460017,1726,51234,,
0x850d97c927bb515ef6a975f75d589dadbbb57f8197249a981c949772dda406c2,1764460013,1764460017,1726,51234,,
0xdad118226901e7dd0315fd382200ec0e643da1c1ac3b50a105a099dc0666b434,1764460013,1764460017,1726,51234,,
0x2dee70aa55a6dde461052f28753e23d6254cbb54e238f441f94cacc8aa8f1959,1764460013,1764460017,1726,51234,,
0x7853bf61c897c542a1231e786fc5a517bcba621a89ed1787b4ebde891e2d4190,1764460013,1764460017,1726,51234,,
0x530fcc33e6aeb7c222a448bd6f246f847b71489fd148726b6c64eed865c95a0b,1764460013,1764460017,1726,51234,,
0x80c02224d09614157f75b286e11d8d96aff5397f0ec4fe89ebac1d225782fd81,1764460013,1764460017,1726,51234,,
0xe06735297508c77c19a55cf25efd2fccbd112027852cf83cecbce8b041a6cc28,1764460013,1764460017,1726,51234,,
0x4b4dc34640488b02ca20e52dec972136bffd9bb545827d5c8e6e718a89da2e00,1764460013,1764460017,1726,51234,,
0xef22ee958503a790778ce79ed0abd8100d17c816a35bbf978ee377517a2327ed,1764460013,1764460017,1726,51234,,
0x008a1f318ff593c05e2ffcb0ce3cc46e373f6c743c1816d0bb3e1450fcc6b344,1764460013,1764460017,1726,51234,,
0xde28946e0bd4ee5ce615f369e297ba4ce79ccbd162208aabea70c15b94676f5f,1764460013,1764460017,1726,51234,,
0x4040de4e0504dfb70736dd8dac92005ddad4dd77a877d3aa5ca9bc6b978beaec,1764460013,1764460017,1726,51234,,
0xb34a01782f553a48d44ac1493c09995723ed2ab13b469b5f3d1c56caaa867617,1764460013,1764460017,1726,51234,,
0x92bce45a5b5a9bdb559969a009cc0902436bedff07cf77e45583ffc85ad2fe40,1764460013,1764460017,1726,51234,,
0x48a0f9ff2ca36910020056e23bb6f3af2db69f1bf8b13466ec52e337cd660ee1,1764460013,1764460017,1726,51234,,
0x6903242fa7da0a75a3ff281a9b7b2f8ee60f6aaa7513b0d5e5e96c20b5a6442a,1764460013,1764460017,1726,51234,,
0x7627ff1dd55eefb93a5b5e4a430fa52f7511b0c18c87070cb15678003efc6a7a,1764460013,1764460017,1726,51234,,
0xd20b97e82af96c23cf7c4df46ca0f76847f5c2d548b4d909265ad20e96389538,1764460014,1764460017,1726,51234,,
0xb5ceee5699f25642d5af3a7e6bd41d2f93f994c16873258c7fead42b6c526b0b,1764460014,1764460017,1726,51234,,
0x6f7baaf64a46edaa0b94b0ec3822a0ab96e7425efe03b48d2d0bc2d65fb52bf9,1764460014,1764460017,1726,51234,,
0x56948103381853c77083e34dc5cb23a69e3dc0a1f9abf862a226643cd5105448,1764460014,1764460017,1726,51234,,
0x21c94f2aedadeb220e440f21874c4aa701c424094ed9e59cedec81cc8ae38c9f,1764460014,1764460017,1726,51234,,
0x5dbb35567b5baedb4f443a72394152cf38447d61bface1b5b46488a691e736cc,1764460014,1764460017,1726,51234,,
0xdb7ea5feba7abf8eab5b1d6d77b3e5e38365ec2b3acc94aac23a000dd2948ab6,1764460014,1764460017,1726,51234,,
0xb93c0f17fd83e9ff42d59b733fc0cc75c7df748aa277838ca31f5afea1c3d0f7,1764460014,1764460017,1726,51234,,
0x62037ecf8bfbc1b4f531d335c63320f3c92657a5464ce2095ab9df5c2cf70601,1764460014,1764460017,1726,51234,,
0x8a3ca3545ba4f4c6e187304426c23aca9a7d036703ce2f2f2bb150efb85db4c7,1764460014,1764460017,1726,51234,,
0x04bac328a68a197e3bef35dc9d47fa7ac59b8fddded1a349ec4d3255084a570c,1764460014,1764460017,1726,51234,,
0xa6fbf5b75f955387afcb0a6c009ce409ee84a7f5bc76963035105315ee7ac6a5,1764460014,1764460017,1726,51234,,
0x526b7906cde92e21582560da6fa342a8409d35c1494a7479910dac058bf480c5,1764460014,1764460017,1726,51234,,
0xaf6b4fcf9acbaed8935b1da959c5b1739f43dcd7a783efe668f4cdb76242c49c,1764460014,1764460017,1726,51234,,
0x7099379bb64aa678454b84bcf57bd6bf9548657e3ee0b68046c52ec09117b4d7,1764460014,1764460017,1726,51234,,
0x330f68a172f8b13186bff2497c4a6fd927db2ea0ae3e031a885e5b82710091e9,1764460014,1764460017,1726,51234,,
0xd13cdb9c14d73b562a206610a3e6461c173467d94ab87c05504f43285940f48a,1764460014,1764460017,1726,51234,,
0xa5d9114af8c03dd7db0819304dd02c6181e49abf058e89a2abbe12568caf807d,1764460014,1764460017,1726,51234,,
0x203e97b2883f0939f076c05d04dc190913b9ebe6ee080328cc1c75ab310e0ef7,1764460015,1764460019,1727,51234,,
0x3161537ecf7a48fa353e933e7a6d6ea270c892d9a3f72c42f757c2d8f09be85a,1764460015,1764460019,1727,51234,,
0x870e664713848f04c73364b96ca9fe9855249bd7212a2d651784806780319d5c,1764460015,1764460019,1727,51234,,
0x2bc55a8ca1cb1575cd6a65e8dfa81d9f9878187101af13bdfc4313526c0b3ce2,1764460015,1764460019,1727,51234,,
0xa4e243225e0f71453d7a8946d1e862d0475dfed2b22a9074c8e82a999238ef45,1764460015,1764460019,1727,51234,,
0xf6efc30e87489f72eab3aa896afcfe77d67598e5ccc2e8b467408ed9d0fdff02,1764460015,1764460019,1727,51234,,
0x618f09350fd47d70544903fa2823a88dc30eac6ff1778daae526c0f73df42995,1764460015,1764460019,1727,51234,,
0xa59c90f048ce177f8640e5d96bc597fccf376cd975046d7cf2ed3e21bc385e28,1764460015,1764460019,1727,51234,,
0xd8b73d104de8bc76dd693ec721b38e4709fcfe6b3becd1f0478a23dcfa66b71c,1764460015,1764460019,1727,51234,,
0x6e26b2c2c1bf7c91de4e7c12415a71abbcd736421a0906b02787ceff4947cd09,1764460015,1764460019,1727,145041,,
0x44a00c1b433142b0d6fd42a0b264980c419cca7151a385078eac7c3bd1e26ac0,1764460015,1764460019,1727,97625,,
0x172245890dd0b0564c65f4ccfb86e05eb0aae68ae68ef84ee99ddb1f4873f43d,1764460015,1764460019,1727,97625,,
0x3a64af5f6b033dc48a5944a77e7c1531aa826b4f410493bcb8de7225744a451a,1764460015,1764460019,1727,51234,,
0xb1d66afac90e5e911c57348bb1f09032b523bf6b8be56d9e16c61af7d34ca4f6,1764460015,1764460019,1727,51234,,
0xc449af6a7b2fbab8da8167a441608d24a965d89860a22542e39574511853d0de,1764460015,1764460019,1727,51234,,
0x805b1c41e368aece2634d5ff24b10c0f183d32c1b8beb012f826fdc1e5db0375,1764460015,1764460019,1727,51234,,
0x86ac0cb4969eab9cba20fa01ab09e4939f1aab4545ee722383290b96e997cef5,1764460015,1764460019,1727,51234,,
0xd1b306e04dd7f0c204bcbb13fd5e5219755a6d9596a9de44ec3360cb6385554e,1764460015,1764460019,1727,51234,,
0xc639e5ebedd202fe4f99e9b08ba62f703cd2fd6560a7740d359b467e2281a2c6,1764460015,1764460019,1727,51234,,
0xdd5124e2983bb95576b5ca1799807b6fbe0b13d18fafedd38e282f1b65c3dd2f,1764460015,1764460019,1727,51234,,
0xdc18f72d886e0ba0452f9716a345ee855b32b1f74675d435b9836f0b4022847d,1764460015,1764460019,1727,51234,,
0x14868d187ffb9c0ae7d3995b5af8bd6f3b3732f4004d169e80457647997c9a2a,1764460015,1764460019,1727,51234,,
0x8b2f5d16b2efd4e40dcc496ee49a2a25ed4db790348ae92d45142e576a1967bf,1764460015,1764460019,1727,97625,,
0x5220e2efb66fc6feee9c98353549651300289270a1e94d2a4bf7660926aeea8b,1764460015,1764460019,1727,97625,,
0x9a1aeeb85df014074fa3130f566c4f72ecc70d793a885475adabe4ea13027450,1764460015,1764460019,1727,51234,,
0x0d2ee30ac5fc404dc9b9c19ffaf4280e2b4fc310b87890eb8ae1c928d9e968f6,1764460015,1764460019,1727,51234,,
0x5794e5eb650e1bef0ba9a312f285b91e41fd617afc8ba53b9272a252f0d09120,1764460015,1764460019,1727,97625,,
0x7ac36f48f09e36699c47e7ab83ef75c3d9196e14e7a136a7e3f80cf339163555,1764460015,1764460019,1727,97625,,
0xa3212f854ad0daa849b989fbbf74321162860d1032bae51161dc1d631dfbe6f9,1764460015,1764460019,1727,97625,,
0x311f638408988f8701721c63058b4ac08d8d81c1c11fffd2a764fa4bc53988a7,1764460015,1764460019,1727,97625,,
0x81b6a6611b64a8789631b500908035ea2e130e126e7fcf46e1ed386574f9e289,1764460015,1764460019,1727,97625,,
0xed15f53778d246524315562f06ab45721ae4f1d5d2d7cbfec35c11440e41baf2,1764460016,1764460019,1727,97625,,
0xd81139fac8f8f8ae48e7edde259bec6241a7f863578b8d7eca5aa6d7c12aa6be,1764460016,1764460019,1727,51234,,
0xd440c617baa3a69071ff2d280f5c80d3631a57b3f38b3d564739cb0e3aafcd52,1764460016,1764460019,1727,51234,,
0x472f0ac6e29d3418c2893c083374cafe81067fe6c3665be782b27b6c2210f39c,1764460016,1764460019,1727,51234,,
0xf260d90b45d2b37ba6cffe66474d81f896b8c7d2c9e1cfbc25829ee8254757f9,1764460016,1764460019,1727,51234,,
0x103cfa859b07a99ea8da958aec4267d4888f003ea735dd9db8868444529ad18c,1764460016,1764460019,1727,51234,,
0x573279bb55652839a715fb8340c2346656e4c9632cd22e8d58be1ecd9c51806e,1764460016,1764460019,1727,51234,,
0x3f93587596cf2e527edfd811543e5cc22bd9c67dfede1233a590857769b97414,1764460016,1764460019,1727,51234,,
0x297df8cfdc668426f580e6674a275a71c90f740fec430f0f4608c69ad1f90ebf,1764460016,1764460019,1727,51234,,
0xe62679ca5177aa70f3003197504496b493dc8d098811a92bde14076b6d7427f0,1764460016,1764460019,1727,51234,,
0xfd7cd0d067ec73413a7272a668433ffc094302745ce5b04837cb1929ca5d1e12,1764460016,1764460019,1727,51234,,
0xd18b625ae0c68d24a8931277554e700e36d31210c64efefb1e8d8eb213519d2b,1764460016,1764460019,1727,51234,,
0x2a6ce9530a0a69296e54b72509b626eef319fbbf114d60676ab28d9f74bce790,1764460016,1764460019,1727,51234,,
0x5f11b9f307ddb38fae1155dc47eaf3046d2a840d0e2bfd830102c0740573c80d,1764460016,1764460019,1727,97625,,
0x8b58f24e050c61ad6b5d581c00e9daa40667df78964aa65d0ca292426b378e79,1764460016,1764460019,1727,97625,,
0xb5f48e2b3a428186d4808a3d5d9d87871c07e0b4d0ad3b9b1282089161711b38,1764460016,1764460019,1727,97625,,
0xc2c2d7d862f290fd178af1d7cc93adf26acf4ff1e992e4d66d15c5c435a3d6e5,1764460016,1764460019,1727,97625,,
0x1d3ad953ceb5ec9720ae1183819d0da8c7467e6a24a7a61b9c5cf4a3898f4a69,1764460016,1764460019,1727,97625,,
0x4928c6899faea2d6ed469494e783b946242fd8df0bd0e5465f358903ac126338,1764460016,1764460019,1727,97625,,
0x97f941260ffe14de168371fb0192322fac1349c075037f178775f2995b86de60,1764460017,1764460021,1728,108041,,
0xfbd21171a538229dfa0823f68f709c0a321e5208c864b15a09b583c1ae756811,1764460017,1764460021,1728,97625,,
0x60d30e2af435fad5eff7622d9e9878702732122c20a78401dd42f936230f77c7,1764460017,1764460021,1728,97625,,
0x0230f25d33522e2695fc5221c543da3eefddf980573228d71eb8c5570c0d9e1f,1764460017,1764460021,1728,97625,,
0x1734a6122c7b9bc7d119efe945292ddab8c7697788cf7506931295ff590e1bec,1764460017,1764460021,1728,97625,,
0xc6a84bb27a5b75974f2ed3abeee09fea6cad7806c81e9fbde59a54e041812df3,1764460017,1764460021,1728,97625,,
0x42971ffec85ea4f59725306b3816eba6bca119b1417edd5ff64c38c40ecddf99,1764460017,1764460021,1728,97625,,
0x40fc61cb72ad967495507491b595ea4b2fed958cc78873efc9e24cb2bc186ebd,1764460017,1764460021,1728,97625,,
0x848ab574c924e725e2562c4fa6f19645320ec4c3b77802c7fa2fba9dd67bd431,1764460017,1764460021,1728,97625,,
0x075b84fcb08f8ceeb337710cacc285dceef054f25473cd27c4df3a46ae0b54b0,1764460017,1764460021,1728,97625,,
0x5bbafe7ec4f6e8d470a8de0ae4dba76b4b8eb5faebdd96ef0d9a40e1eb8b88f0,1764460017,1764460021,1728,97625,,
0xf177cf5456ec19c84a063a33e5c51720d3ec93a1eda48583c733883856ee2aaa,1764460017,1764460021,1728,97625,,
0xe2a00477fd1a4610292773f7e5cdd045597d291f59491b43917ec731ba035905,1764460017,1764460021,1728,97625,,
0x4f79d336c6a6351157eada7599b0095253c198c908feae1f352582ab2be516cb,1764460017,1764460021,1728,97625,,
0xd7eab51ac1813ff350e8d744d9ebd9d0ff6cdaf8f82dae2711027aeace9a7fd7,1764460017,1764460021,1728,97625,,
0x2bdd9fbcb5c9e2f20fe1902f517032d627397edd1ed287fafbfc19094786a7af,1764460017,1764460021,1728,97625,,
0xccffd769b9443f94d6ba2a5325d4197c3d1094fe03907dd0779efe4a2cdcdcf3,1764460017,1764460021,1728,97625,,
0xbd8b8bed363d3af76b7170a7d0939a586ebe8fec24563e0470c6fcdb596abedd,1764460017,1764460021,1728,97625,,
0x50218d2345c09bbea98175456443141b8c98f36456203d4eaa7f3352531507a4,1764460017,1764460021,1728,97625,,
0x076d661f2a683f1e2163ffc98e612356ca4cba1e7d6153e43f0da450ca32b85a,1764460017,1764460021,1728,97625,,
0x441c94734378f878c28ab759f9338cfbe15a062679f6d803765c1cd2cb474c61,1764460017,1764460021,1728,97625,,
0xcd8e46d5c076970aad486609afbb7f09f66ab7caeea48f779e2ec50a061dde52,1764460017,1764460021,1728,97625,,
0xff2afb1221c4421c0b6f8fca1a72c0ecfdcef7ff4bb417bc687df782c26278e4,1764460017,1764460021,1728,97625,,
0x0ad7f30facb68ca47991b05cdb6c7735da6c31c84d4bf429673eafd91a544b2d,1764460017,1764460021,1728,97625,,
0xffd5a9b2b988445d39f61ff9478d785d2b5ff92c6aac1a93e702c8f979fad8cf,1764460017,1764460021,1728,97625,,
0x2bc02950fa6f90a0a01d5dea5fb225faee696a9dad6371e9b9310bcd8a581053,1764460017,1764460021,1728,97625,,
0x046ab848419bd8ed80ba58424ab156a2074593a8087eb1f61df6c694390c5136,1764460017,1764460021,1728,97625,,
0xaaeb2b032a3d83e8b141cfa9dec0081ecd8df95bf3ca2ebaf29d59f2eccf12e0,1764460017,1764460021,1728,97625,,
0xdbfb79d99b3d928692e1578e7ac33c5e8134229c847d492f0ab54cba3de7dbd7,1764460017,1764460021,1728,97625,,
0xdcc2dc6c861a142d9a61100b2358075df7c68b79ee2ef2bc6518508e70249ddd,1764460017,1764460021,1728,97625,,
0xc112d9211a1336e4e6a605eac6e4543b9507925d4edf84c0c17404f35ab70fd0,1764460018,1764460021,1728,97625,,
0xea93d8f1f73667b388ba5788c7f56a38c0990dacb2243029663a86d3a4669483,1764460018,1764460021,1728,97625,,
0x4afa8d3b1988ecc7e9a22338c18fa9e62bbd57dcf1383880e703122ae5cef432,1764460018,1764460021,1728,97625,,
0xb6b631fadb274c6f32eb18480e363c84ab0b011166d7a7edd9d2b561f5b6eda2,1764460018,1764460021,1728,97625,,
0xe59308e5086aed69c9b4d1dcde9db5714887f65aec7813edf7d19bc5486c0eb5,1764460018,1764460021,1728,97625,,
0x4481e873fdbbef02c9379f2fedf773c0b486789718b77e7ae17de87ba86b9b40,1764460018,1764460021,1728,97625,,
0xf793f957b49dc7a574aa6ef8b37c9a97b19350fa05bb0120f989ea5800fe4e60,1764460018,1764460021,1728,97625,,
0x5fcc79aebad98aeab81e39527407f0b269984230d7081e363f7161a56a487a64,1764460018,1764460021,1728,97625,,
0x7b0c74a15ba16321bda34c17912f390812faa1b4f41229383a0fd7c4c0822791,1764460018,1764460021,1728,97625,,
0xefc4f2c9862415ebc4373ae141c523478a54b8438be4faca1f4af7d4f6e8c88a,1764460018,1764460021,1728,97625,,
0xbdd8c5c9800482eb555067e30a15a71b8ab49345e313816370b09eab73d95ee4,1764460018,1764460021,1728,97625,,
0xe242e48a9af5096f229b36c1b60e9c7b6567bf45b2295af146800c0e2c4e5360,1764460018,1764460021,1728,97625,,
0x7cca848e354f4a05817e216a1a214844135d3707e2ef67bddd7c979bcea7a6cd,1764460018,1764460021,1728,97625,,
0x1ddaf7b4b0a165c0a5ad81fa450142fd8ace79c1c2f1156fcbc9aa0753fc2ba5,1764460018,1764460021,1728,97625,,
0xe3d61cd373e6f65b6bc2a4b24aa067b666bebf30727b630bffd786c54d9275ae,1764460018,1764460021,1728,97625,,
0x2d9542283143a0c2f016a0e43b0c54e5cb33079b15f8d5f1dab9a14e2a0a929f,1764460018,1764460021,1728,97625,,
0x51e0d38e741e4638bd1e11cefbc3161a6297575f9dc83331f78dec431bed781d,1764460018,1764460021,1728,97625,,
0xcdd1b3559fc21b0d6172fa0f17d8dfc4978ea1554c8277012e6df721616cfd63,1764460018,1764460021,1728,97625,,
0x9eb3af12eaaf2a146c771694b7d4a4a5b46432c3fb63d74efa74bbf16fe3ef88,1764460018,1764460021,1728,97625,,
0x3a4580e872cbf31ecff2401d869fb7912c25b81a0f6b16ba5a59f32ea6daa6cf,1764460018,1764460021,1728,97625,,
0x211482c9b6694aad6d243f1041ef4210c5c2ed179e16a011a1b285b1e8821942,1764460019,1764460023,1729,108041,,
0xeb2041acd2518fc4fd621f48ecaa47660a4d53d7f969a0184b5a036cb223b624,1764460019,1764460023,1729,97625,,
0x9030930949a945411644b0d2925dc4ddcd89cba336b20802c6bb12972147cdfc,1764460019,1764460023,1729,97625,,
0xe8c7491d9be610fec63bc3ac144d45a7da8d8fbfaf86b4742beb47cc7467ced8,1764460019,1764460023,1729,97625,,
0xbed11cab05a22b13d00b3ce344188c05ff363a5b643fc2057c2e4eff946b768a,1764460019,1764460023,1729,97625,,
0x34120bb6db1e1c794a8ddf54df5c43b9b8624e83eee71148be62a2bae308a73f,1764460019,1764460023,1729,97625,,
0xd8c0032552144ebaa3b552b5b8499716cc85981de8fc8b6489b3850a97c3ae6e,1764460019,1764460023,1729,97625,,
0xb0562624c288f6825bf2f26cb45f056bf2aed5a7dc34aecb13e1c3a9c083cc91,1764460019,1764460023,1729,97625,,
0xa74925cf460d40b11e3bf60a836bb08e1b1a8d91e58b029415ecd31a163eac52,1764460019,1764460023,1729,97625,,
0x7f64f3a270e7b4e9f437300a53870ef694fd7a27b770dda023e5dc59003bf820,1764460019,1764460023,1729,97625,,
0x72880f5d50e3b2bc7709b7857dfa73a6ee0f79bbecfd97089ca16efa1edbb8f4,1764460019,1764460023,1729,97625,,
0x0cde4d45b0c48eeffd24eeb770753eb175f45bf804b7187a7561bba734c6e9a9,1764460019,1764460023,1729,97625,,
0x136df9b4131732f13db33d09fea33f6d979eb52480d16e91bd923911146009fa,1764460019,1764460023,1729,97625,,
0x68aafb8fd902ee6358c0a1d5a3f7053736190f287f68775988a09b46a98f1e39,1764460019,1764460023,1729,97625,,
0x053a5281494d7c1e76fab4a3288cc11689c7dc5bd8be90c7412fb6e1a29cccd8,1764460019,1764460023,1729,97625,,
0x5a5035fc602150224d503a3d1f7bd7d9322734249d136b4c6b77112529bb07a3,1764460019,1764460023,1729,97625,,
0x647d2d4d53e41e476d2c9bb33fe6046acf0a6ea6f4c0d28060d1e4b902df6a58,1764460019,1764460023,1729,97625,,
0xc459d552c95ae74a496bc9e3a7b782783e9e7f3713b2e9adc73cc183ae6aa085,1764460019,1764460023,1729,97625,,
0x7a636ddaf3f5214bf81a08221625f898afd19adf3b6514ecdf1a9ff8a4f93d65,1764460019,1764460023,1729,97625,,
0xca8ed352536b0865ebaaddc47779d206225299df3a39c6ec17cfe8d17ceb9392,1764460019,1764460023,1729,97625,,
0x20614b25e2a327c8e96bb2f2c0d65b75790954ecfb74bb10d18a21b74a39e258,1764460019,1764460023,1729,97625,,
0xb8cf25b1d7c0ea4e74d173996eda232ed023033b196f1cfc11628146ccd854f8,1764460019,1764460023,1729,97625,,
0xd3159d85a43945c024ff0d2c2386931a2fe9c24132f1d744ef77b685afbe3385,1764460019,1764460023,1729,97625,,
0x60b4d28366e777b23ed90ee99dc6beef31e322387ba65a8e5c0b16de27c06068,1764460019,1764460023,1729,97625,,
0x70660ac5343dfc638c6708cba30728d01a19968ceee0c595951c8fb17556a560,1764460019,1764460023,1729,97625,,
0xdd764b91801124b4487c393295e7c45667a5d7886937893d09d63fb59c44bc86,1764460019,1764460023,1729,97625,,
0xeabc2d4f804df01d31615ade2a84d5a8daff6fb37fd95f47ddd2e469c3ba228f,1764460019,1764460023,1729,97625,,
0x11b73e781ee44996918c59174d2dcf49b0b8d54fc0ba1a23f46a4058affc960f,1764460019,1764460023,1729,97625,,
0xa01f8b61d3b10ee8126a144707733b1a3134c714f569675a940b0856a999e924,1764460019,1764460023,1729,97625,,
0xdcf905ab7ec710110cd173e185e352d45d093df40fb595b67f01f2d00b730d6a,1764460020,1764460023,1729,97625,,
0x3a7d57152345bfc8c5d78db60a2ec15eda298c614eb7074a769fb4ba76cdb9a5,1764460020,1764460023,1729,97625,,
0x5d03dd5330c3c81e9d6bfec2a9a7b373d8de42c989d361f7dc104b776d7c9d74,1764460020,1764460023,1729,97625,,
0x9474d265a3df5259aec9058693525bcebaaeb89caeaa6c1c30bf846b950ce9ea,1764460020,1764460023,1729,97625,,
0xf9fc28f398b32e76d288271d44f71b85ab93473bbf5f2ffc0b76e731c9a4f626,1764460020,1764460023,1729,97625,,
0xd06e7619aac4a1069952c075d0cf4ee9eb4f91a2af68ca05f36c831521b29747,1764460020,1764460023,1729,97625,,
0x333da59e81274331f706f5fc4a18a75dc6b3af83fddfb17478145558fa89f4ec,1764460020,1764460023,1729,97625,,
0xe040adc957ad4b4e7e4f32971e2bcbe24c3b58ecdf71ea3cb21d0e7a77ed2b64,1764460020,1764460023,1729,97625,,
0x25d91a0647156ff5c25311ef45ab6c507d0d337c74df28d427256f105315a062,1764460020,1764460023,1729,97625,,
0x9837787bfc56c0cda3426e64ce9eeb59ea69fb72fd732f10392a20b502b91130,1764460020,1764460023,1729,97625,,
0x895316d9dab11a6bdafa6e7914a9d86abec01e4ef9741c5647cba7bb673c182b,1764460020,1764460023,1729,97625,,
0xb27b13f99074693f504efc064db357874314fc34541757777d90d47942849fe7,1764460020,1764460023,1729,97625,,
0x1a8503f5462c5f92dd3cd35706531c5b92c046f14eb2c450168e4917e59bb830,1764460020,1764460023,1729,97625,,
0x3e70a6843f110f5ee55ee09a2fcf6b4e95e23acc3fed84af5089028d20eb673b,1764460020,1764460023,1729,97625,,
0xc57940d6c3b9fdece51306d01e40e183163eb24bd3381a028e9f01395c230ebf,1764460020,1764460023,1729,97625,,
0xe6502581de26e8f0127b3a0db2c9bfb4ae31502597212a2741a15d9b78b4dcf8,1764460020,1764460023,1729,97625,,
0xfe4e83307f55305a2830d85fd6ebe780dfb2d582a54558e007f58d35416c5b90,1764460020,1764460023,1729,97625,,
0x4871702b600629afb6028f7c85c83a18b61be19e48820e6f1ff88825aacb746b,1764460020,1764460023,1729,97625,,
0x50fe6ba67fac48026ebbd68a60a76b35ca76612f7b8af07ce6947345d1149d06,1764460020,1764460023,1729,97625,,
0x519729113fbfe089cdca578f557ea67cd92ee06cc0b6e3eaa7fa540e15abc518,1764460020,1764460023,1729,97625,,
0x0d8f6c7540c9b99d3ec7a186692d72066a47ff4eece7642d551c76bd1ee369f8,1764460020,1764460023,1729,97625,,
0x0c090d5b1d8e1ababd656341bee879b23968baecc1711ed785054c6682038e03,1764460021,1764460025,1730,108041,,
0xf061df99b83c337d9586a021733f06e16346710bea939ecd6087fb1e9b7436ae,1764460021,1764460025,1730,97625,,
0xb9e6b3d5203b00d34bc49b9ec39a2a8f960d043eed378038ad0dd9d8910b48ae,1764460021,1764460025,1730,97625,,
0x423d92e501ee8a66753a1149305b37376e062a2177b03eb4ceca9b03ee3c7d66,1764460021,1764460025,1730,97625,,
0xed4b79784189d43de9f1c66fad7cd4d6eed696f8a04899f3f2550d454a5fdf42,1764460021,1764460025,1730,97625,,
0xe4ce172942690969e73223b2d2f5c789e210fb18c4ce86d9e292f9e9416f5de0,1764460021,1764460025,1730,97625,,
0xaab93b1d404c5802048bdf640e1c1f5c17f69adc4ed5721083a71651fd72914c,1764460021,1764460025,1730,97625,,
0x46b82a5779eb69977a2f34d3430b6df6457bd4ddb13e21a48de7cbf3883422cf,1764460021,1764460025,1730,97625,,
0xcde73b3a3aab66711b81adc91497b37eeffe8c30a605d83dd99d2f9fdda2e26d,1764460021,1764460025,1730,97625,,
0x53b66e374d9d1a1cfb72bbb717c84bc162779fce34cfbeb61c5f338320c4ecac,1764460021,1764460025,1730,97625,,
0x830757333bb818354d6d69e9bc5ae6f97df302f85c7e11c5ba536edf86ce6dc2,1764460021,1764460025,1730,97625,,
0x945bc90eb3443ed992b8ce77a0934712f97e3b0b8cdb52ed9527aaea969bd711,1764460021,1764460025,1730,97625,,
0xdbed985caa41266a16213fbabd89da2dbbc7cfdf457618538d6e3c0a457bd28b,1764460021,1764460025,1730,97625,,
0xd30ede4bfa6462bffadbefc72e706a45c3e637b2906043735e423d6c4b2e82ee,1764460021,1764460025,1730,97625,,
0x1d5c0200bdc5ef4c8043ffc9cc9b4d0f8fd35042c1d86d099eb7ab4a99798f91,1764460021,1764460025,1730,97625,,
0x24b88d16a63801397b34716262252d79616990d447272ff81c75b1c9a600a05e,1764460021,1764460025,1730,97625,,
0xb87aab3d39ab4328f7ef8b145d8677af6e5394ae696ba030b498bd6d3f3fddb4,1764460021,1764460025,1730,97625,,
0x9e7c3eef1735bc55c8712bf9e312aecef4b85628ce60d91958816d577e87ec2e,1764460021,1764460025,1730,97625,,
0xbfdbb2c2e3e54f31dc2ee1e690bd8e25ca3d8ff475e61c4c3bbd7154e19b544a,1764460021,1764460025,1730,97625,,
0x5f0476b26115aba4ccc1f960116bac33a3e669f1f9faeaa80ddf2010ae7defe1,1764460021,1764460025,1730,97625,,
0xe918adae7ec8f330b9b44934dc19873b5b228d6b85e271d5bbd191fc5bec076a,1764460021,1764460025,1730,97625,,
0x40385b33a217bc804db895ab8eb5b83c290b1692a0cb99b098ec79095ccda203,1764460021,1764460025,1730,97625,,
0x8a0e18316ad077ef215bf779d351f39a4b8c7be1bf7b4e03d59ee8a55421ad6d,1764460021,1764460025,1730,97625,,
0x8ae4d45a20e835bf8bcfe3a768406d6ffe755c62233cfb570edcd8651ee5022d,1764460021,1764460025,1730,97625,,
0xd6d3d7e6e0f83b5fd0368ea461a744baf4afeb789840d1ce6a2eee50290a8e5f,1764460021,1764460025,1730,97625,,
0xe696ab1ef3e3ddee62d054eb099a62a692b9d1f835962b88eedf6797c62ee98b,1764460021,1764460025,1730,97625,,
0xb13cf179d7169a6547bdeba3d9afb89273e585d647e6512b4f01c1e55c585076,1764460021,1764460025,1730,97625,,
0xd6211d0df1919535faefdb1349c0863fa486a13cdac4e74cb2756fab50c21139,1764460021,1764460025,1730,97625,,
0x0f6e7bdea043a9da5119f2ddbe6f6325661ec0650f937b0e863789c8ea1567cc,1764460022,1764460025,1730,97625,,
0xbffbf10177cbb7f67c96162c0066d18a3017dcb15a0de10c2322d10885fe89e7,1764460022,1764460025,1730,97625,,
0x4c8aab7f2c6e32df3b825070456754f00eb9157bac9b8d8a935d2c34a34365c9,1764460022,1764460025,1730,97625,,
0xb599ed2e8601be695810794fac757a2c176f5b2f6018cfe01e63308dbe5892b8,1764460022,1764460025,1730,97625,,
0xd3c6f13972044c3dba5fa66b0086599fdc83a22ffd07a8b1cad82ce3e5bb9c22,1764460022,1764460025,1730,97625,,
0x7fb23545d016e86d0b9986ddffc861b447507d02564933fa1f37a7d1d6d23b49,1764460022,1764460025,1730,97625,,
0xce917d7b54ffec9015f0ced42bc90eac1167315a03129c5ca7ec932861e99487,1764460022,1764460025,1730,97625,,
0xb878ace3de12212e78bedddc61aca916f3ba6afe5b8e3c63c17fa270f7d4359f,1764460022,1764460025,1730,97625,,
0xf775ea18ba2c4a319cf62249d5dc151d02e1ec0cd248f7d385415310ec16b978,1764460022,1764460025,1730,97625,,
0x3af06307f5a9bda27e22813c0362f7de0eb6abc5df2a496349d0a7d7c9efe6be,1764460022,1764460025,1730,97625,,
0x420b066db4d600e848b4908a54427103783389bfedf29c386a399ab29304e7bd,1764460022,1764460025,1730,97625,,
0xcd7414972c544982f5bcc258bc7679a397740fe3cf5a09d1c47ad10895d5b4b3,1764460022,1764460025,1730,97625,,
0x4660fecaa9d871c75d1021c23e323baf60b20d39270bbb72b82dc8deb3a96f2d,1764460022,1764460025,1730,97625,,
0xef3853f5135284d27720ee0f30f22108b146621076f91c054f48a4746dca82b7,1764460022,1764460025,1730,97625,,
0x372770b91934d17f20ad3f9032b64bbc9c1f7c8c606bca26a904959f6f836b1f,1764460022,1764460025,1730,97625,,
0x15d5401de2e47b2e4795def1bae9a66f39ac38cf2ef04a3f6fb154461491b318,1764460022,1764460025,1730,97625,,
0x924bb6bd9d2caf6ec9cb5a6efde4833442140f6771b9446ce5a18a07c51f7cfd,1764460022,1764460025,1730,97625,,
0x3c203280a31f826cec9479e7cb792bba79ffa33b8bb2f2b81b7ef65799ee1d24,1764460022,1764460025,1730,97625,,
0x641186b49264b8b2c168e879a7557eac858af19606e2a7bb0b47fde6f038f9f9,1764460022,1764460025,1730,97625,,
0x52110828dbd5b03c6c9016e700f65a0e67219ae0feaaf297a95b167e8e948f35,1764460022,1764460025,1730,97625,,
0x60a3faf7d291ddeb37d8a5b778fa1717c9dee1facbc25f92c8f284b34dd76141,1764460022,1764460025,1730,97625,,
0x082b734578f565e10cf3ccb2b610fc834130ae1bf3de1df5c942b236942c3728,1764460022,1764460025,1730,97625,,
0x6636b992aa9dfbfebbc114c7df01cfaa8f141f539e29b0c1e99f3c881ff0f7b6,1764460023,1764460027,1731,108041,,
0xa612061173d3d135f7bf3a2c246ca7d5fd3dae521120bc993f33b82b7bbc9ce7,1764460023,1764460027,1731,97625,,
0x55f1b87a62be2e15f25c6cf68b93c6318cb5be7076819354e66a503f17c576ea,1764460023,1764460027,1731,97625,,
0x258da23e496141ff1ce72e7416cac55c85b4599cc5994cdf607fd69a30d32d51,1764460023,1764460027,1731,97625,,
0x6413b475e27b6a1808dcb236db20c38f3e61ac1cfabdf48738cf8107a70e2d4a,1764460023,1764460027,1731,97625,,
0x1bc0fbbb234e1ba2f97e829a4e1022690587d386d8c8a9846c3132da5266967a,1764460023,1764460027,1731,97625,,
0xa638047b5566237c5d47d43985e6a3f97146db380b5b5b4baaebcc9fe8b62fa3,1764460023,1764460027,1731,97625,,
0x7c9ad4f8d068e7f7a4b7764ba792d2939003553ab4dfc85a3aeecda1f6feab33,1764460023,1764460027,1731,97625,,
0x04135a893d063e407358919914e60b474f844769e44c7695810aafc259113f1a,1764460023,1764460027,1731,97625,,
0x87c0454609e94149e7fb738bd4d9a38ec6c9d13a2a75a6bc62f28c9c5688413a,1764460023,1764460027,1731,97625,,
0x345343481457a64c7c62705f190864e4faa58a8a110867572d4f8fdaa60c490f,1764460023,1764460027,1731,97625,,
0x4ef4d2c3b334223877d1b8a961a5e17f9e76ddc625c3f1be423564d34cb39e8a,1764460023,1764460027,1731,97625,,
0x25e619c6570f0afd398491f2c5b1a890343e44a4b52ce84c55ef46eef7827e0f,1764460023,1764460027,1731,97625,,
0xfdb0263fe73611e4f15558776a8502a768eb9a7d30f2c80eff36e423347882ae,1764460023,1764460027,1731,97625,,
0xbefd12d9d77f1e9bc2a1d3832dd412fd82c227c6d6e52fc75f0423cb14c1b8a1,1764460023,1764460027,1731,97625,,
0x79981531d0625a128401903c4b64409bad5345f1d152e0c7f3792f4278f3ced0,1764460023,1764460027,1731,97625,,
0x4a15ba298f78f48e4a3562cdf1aac68a14e9142554bbcfb0befcddf2aff91e62,1764460023,1764460027,1731,97625,,
0x4136e54722883b1a7c3177be1c0817397261a579e19a1cb0e443fcde22136e3f,1764460023,1764460027,1731,97625,,
0x485c891600111179be270277fdc3e30280ba81fd515625953970860e56f8443a,1764460023,1764460027,1731,97625,,
0xcf8634c8e5b4319744476ac10186e0b71d185974fc4b8997b6f943324e211692,1764460023,1764460027,1731,97625,,
0x959ddbd6f1857230e83d8e410c39c4f993754a5a343afbd6464a589ed4c1de17,1764460023,1764460027,1731,97625,,
0xde8629dcddaa084c03ab263820cf9e74fa0efff43a4df913f4ed98756b89701d,1764460023,1764460027,1731,97625,,
0xe2cc1419ab12460da0d18eb1ee30765a0d4aa0d3c9a9edb2d8f2be5fd7af2057,1764460023,1764460027,1731,97625,,
0x245e4f66532c2fe2eed99340ead05457431378e42622cb8588b0bdcc7cff87a8,1764460023,1764460027,1731,97625,,
0x9ff09c9b4394e5890b3676cfca33dcf85b89e4126c96f9c7bf77526793b626dc,1764460023,1764460027,1731,97625,,
0xbe39c15852f608005eb5fbc652a49d63238d8d5474519cd203fad288c11ae6b9,1764460023,1764460027,1731,97625,,
0x9b3a6515388fada78df62f6122521ed5bc8463d5ecbb24914cf4b8287eb7fe01,1764460023,1764460027,1731,97625,,
0xc45ac0242059a5feba073f3983712d2a7c0a4cae2c84f219ca931d3bc18420ea,1764460024,1764460027,1731,97625,,
0x511116f192f7500766e493ed92c2be291f2cca0029b38b00719ab204cfaba023,1764460024,1764460027,1731,97625,,
0x26b65e43e665153c3101a206ecbaa217b3b0bef343e484cc1c5b912471b2cab7,1764460024,1764460027,1731,97625,,
0x9878adf415e22a07f279e3c92ce656378baa3bc688ced5b57d519ec54eb73238,1764460024,1764460027,1731,97625,,
0x523fe8c1c6de53a607cdf8d150faf877a0c3fd66462c1ce1ea4f9836581a91cc,1764460024,1764460027,1731,97625,,
0xc9a64d7ed27419820c0d013f88da0213c30ad2eddf5a90f28a53b7241e9c2442,1764460024,1764460027,1731,97625,,
0xdf8cb97685ba4efe8f6baf5eabf9eff735325666db471ffa3509826f322d131e,1764460024,1764460027,1731,97625,,
0x26a73e700212b4cd6eb2ec0a1c28ba935bcb1ecdb1fe4516f93bd103ffcb7576,1764460024,1764460027,1731,97625,,
0x4f3de356cd64abb7626769251961a29389a5601bfb7daa4c82c2989b50b31753,1764460024,1764460027,1731,97625,,
0x9a3c6a03c509ea23bb7cee07c4335f0d79398def04e26048d4e23e09d82c8e40,1764460024,1764460027,1731,97625,,
0xb6f9c5769f9c7b8a33dbdbc7794ba698bcc9f5c539831c200974b25ebe6a5a5f,1764460024,1764460027,1731,97625,,
0x4c5acb12f2c13b457a7fa569651da13c61341a8414cf9c32a97b80340fd11077,1764460024,1764460027,1731,97625,,
0x83a01121822bcbbad4d3187dd93f7db9181d193f887c4874717e8701ceff3638,1764460024,1764460027,1731,97625,,
0x40856e7e188e892e360455774f05f9f04f6708a9169f7d7c83438707020e93dd,1764460024,1764460027,1731,97625,,
0x4a61cb96188f5b3a9a6cc800afde2ec5304a5aa3818b7dd694ee5905747c3ece,1764460024,1764460027,1731,97625,,
0xb2191a320994393d0c8a13ab680683e486d99c91067e9474d8dd194a8d552807,1764460024,1764460027,1731,97625,,
0x03cd0f3adbac5730dfc5e83164a1de50cf9911faabc5754bf119d620db71259c,1764460024,1764460027,1731,97625,,
0x447a814d9e08e1682669f9ad44df3455e5e9faba6a2dbded6adc993bfe09431b,1764460024,1764460027,1731,97625,,
0x370f33cdcdcdf53cead60b26da1e546aa031baa8d665be2c44814c5aec1578eb,1764460024,1764460027,1731,97625,,
0x574fcb8072b982eabe21dadd9a30f96644e2c417e691ebd8ed26077a4a85f581,1764460024,1764460027,1731,97625,,
0x7397d33b4e36bad84972c56e6ac7577c2bedd682ac54d9fa14f7206e8a49b25c,1764460024,1764460027,1731,97625,,
0xe0cfdaedcac357227cef4cc4f5906336e5a82e70839ce4564efdb538d701dad7,1764460024,1764460027,1731,97625,,
0xf30f73a856d635cd0d6d4ac76ad19e953fdf8d236eb0383d6b6418b2e6044472,1764460024,1764460027,1731,97625,,
0xb44b5a56d5b63f7f97a391f37e69f87887089aad5a2ef5a1704c20e8b708137c,1764460025,1764460029,1732,108041,,
0x74c9d127bd3c59c5cb2ac3d28babae8e3f2963ff5faf2798ea1b35d10d8bf726,1764460025,1764460029,1732,97625,,
0xb65b4fc3ae5160f57c971ee670ac2fd411ea64f2c1acb7d260803668df8bfbe1,1764460025,1764460029,1732,97625,,
0x18bc45c2636e9caa0023b55bdbc731879e507dd9d1c7ab67ef13395c7d4eb031,1764460025,1764460029,1732,97625,,
0xe3a2a8225511c4410769f85087af86f7ec706f5b80ca1914366768a7dc914bf1,1764460025,1764460029,1732,97625,,
0x15ec48468505d16a69d12332f88478d1c4954e5e7d269c937b38e6cb8815f2fc,1764460025,1764460029,1732,97625,,
0xbc0f5f552780ccf7b6605da439da2e6492f6b816dc7278f1f599c399b5a14520,1764460025,1764460029,1732,97625,,
0xaef4409e81ee76d1ea9488609914a967b3a0c93800c319abeca235366fde19d1,1764460025,1764460029,1732,97625,,
0x37eae355ece4d9e40ed4f0154852d10d443a867f324fa82a25e2f321f09d7c75,1764460025,1764460029,1732,97625,,
0xaced07c7454c0684f08119656bda812f5d55eb4e3c14cf88da4b02f65ff50ee8,1764460025,1764460029,1732,97625,,
0x80d0c86574d5e035469b978dabbd1d6c891753bef30ba07d14b15965bca4582f,1764460025,1764460029,1732,97625,,
0x0bc224fb3487cb2d6485282d317d2e477f869134a157d3c8f0d39ae7b550c268,1764460025,1764460029,1732,97625,,
0x498c212dde61a2745a4623511f0a45dbda28a6cb979c58d5032404f30dedfd67,1764460025,1764460029,1732,97625,,
0x03c82691bd752cf17c24c744b6d7bb2d5a2672100a9faf3a8e513a3df8b17892,1764460025,1764460029,1732,97625,,
0x0c7984107958c0c321f19fc131582f65ceb074a71fa2000389e12f4786844cc0,1764460025,1764460029,1732,97625,,
0xc1e8023566206ec52b0b22d46dbf7aa5ac38ca8b2b4aeca12cd6c36645fe7e54,1764460025,1764460029,1732,97625,,
0x55f5b5182f41ea6ab968c1d3e5a0b518e7736a8df4a0b661c9d89d79529f52da,1764460025,1764460029,1732,97625,,
0xebc6088933a99d87dde630696702ee0e4e7d3a1fe830b23e34f32c9c596c116e,1764460025,1764460029,1732,97625,,
0x6e0a3f68838afea3410ef4ab4e6d1c9310b68dfa5e75117018ad2404dcb49827,1764460025,1764460029,1732,97625,,
0x916647c5f04e96bc196a2f8b67644864d88a56216a743d248d5bcaf34bf2178e,1764460025,1764460029,1732,97625,,
0x2574d35c00cb26f3a546a04a33d155aada6ca5bf244a2c7247b3038fb5dabd77,1764460025,1764460029,1732,97625,,
0x6fd756086256fe2e1dfe785d8f81dbe4430af509d262cf1836fa1209ca571a11,1764460025,1764460029,1732,97625,,
0x145e331b261cb1263f6a68e5c3fd57e06521667b4b4a2151acf03175a49f2921,1764460025,1764460029,1732,97625,,
0x696ad049354e3617bdfb74fa289acd6acc88e5f20d71ec463fb9968bea26037f,1764460025,1764460029,1732,97625,,
0x8b6f8237e1065d29c2cd8f72b105083301c9d3d9b19f69afd847f0861ecf07cb,1764460025,1764460029,1732,97625,,
0x93368d2b8c5e8f34c11ac87ff6a48f3cde559bdc33c6b3a4d484ad3f4f457c6a,1764460025,1764460029,1732,97625,,
0x3c5e17441b62373bdae87c4d6377be2a5ef3b026a5719bce104a3355a47c4e41,1764460026,1764460029,1732,97625,,
0xe039890a27237c2a144c9cbe3fe36826f93248f63f5e1fff1623b4899f235e7f,1764460026,1764460029,1732,97625,,
0xfb38c97aaa04937e0b92de6199e026b5835ac5da0f70a38fb57ab192d65d880f,1764460026,1764460029,1732,97625,,
0xb76c73dd7020b3af67129760e67083cd370c80f89a800228ca73d2cb71612187,1764460026,1764460029,1732,97625,,
0x5009094a6db8721628ed699c55bfe14e7ee9e985045dcd2e8ce1d625e5aa3fbd,1764460026,1764460029,1732,97625,,
0xe1ab4622033e9bee3481d177037824440bb40bc7edd9de6c253d6af28cce18d7,1764460026,1764460029,1732,97625,,
0x801cac3bc26e2a4e37b89e78fa80dd8c9ae1075d0f824b3f9ea86831081f870a,1764460026,1764460029,1732,97625,,
0x7c1a0861abe8b968fb0dceaef77e7ec8f6ecc4ee11de2265a6ff2a6201371fe4,1764460026,1764460029,1732,97625,,
0x8a777f2f5e83c9aad2d546d8e5bf6ce7f9ca7bcfdc5c22f7c685750ca21f62cb,1764460026,1764460029,1732,97625,,
0x589a524d1f96c01fb758c790984a70e2348bfd750b41ac2f7c68e82828eee8ec,1764460026,1764460029,1732,97625,,
0xff75b653ed0c523d3ef02d92f5ead0bf7d173a5b76b307f7ea0d66cc88aa863f,1764460026,1764460029,1732,97625,,
0x7635a1ba7a4b7ca4e96587700c954070c4626621a5384c0715c35ff64f6029ba,1764460026,1764460029,1732,97625,,
0xcc33c5988dbe00a900e42a4f7472b56b2a7601b54a0fd145da794e3bc24a08a8,1764460026,1764460029,1732,97625,,
0x3470c88bac6c6d1a14ec1271e952607e524d70d86b175452b762ffd8f5704341,1764460026,1764460029,1732,97625,,
0x0461eb895dae77c493945b6c103be6f800e9552298f935fa890c23df154eaeae,1764460026,1764460029,1732,97625,,
0x9b3a39253dbdc8353e3c9e90d4ffdf375196af9e4826e9036f75bb30dcee00aa,1764460026,1764460029,1732,97625,,
0x633aa9f91eb141008c846f203a46cf8639bbba806ae8a71917652792f765a3ed,1764460026,1764460029,1732,97625,,
0x2c07f41edf7d2c06cf0b35bc42e202dafc8f1a58c3fb12e98b8bfd14e85bd676,1764460026,1764460029,1732,97625,,
0x3c66788e61ece21bdbe43111fbfcd6d1afb6c10692b67ca3f049be7480e09844,1764460026,1764460029,1732,97625,,
0x369b401c78e1fc08e98f2aeff6349f8a548a241ada45d666799067b02bb5188a,1764460026,1764460029,1732,97625,,
0x948f8eecf0a6f2ea2853da170dfd2844660e2041de52d66e58dbbc1ad3dca783,1764460026,1764460029,1732,97625,,
0x9fda497f38916417bfcd2ec4b8f96cf8b791164c1e074d7d3b7475293b750cab,1764460026,1764460029,1732,97625,,
0x0a6a06143926c6ed5b9aadb43477949742a31d41011432f77357f93362024f18,1764460026,1764460029,1732,97625,,
0xc34805a24b59d994915b77fe08a57b4a33143d42a6564b39e9c0b307aaa61fcf,1764460026,1764460029,1732,97625,,
0x92401892c2b20230870dd0fae2e8f1d2fed7a5c46ee2e95c5710778b9100b5e2,1764460027,1764460031,1733,108041,,
0x8f48b935f76c8241596e0215d452aee8ad1c0381f0e1515520adf138243d5f83,1764460027,1764460031,1733,97625,,
0x08fc2094c143ecf80bd932d3ec06bc7320ab568d2fb4d7dcc73ccc6c7d9b4fc2,1764460027,1764460031,1733,97625,,
0x4442b766113271508a499adc932ac0a2e179ad516ffaa34cc02652c54a8e5044,1764460027,1764460031,1733,97625,,
0x7c916daf41ba936831b2c9e480fb03ee7abc07287bb1d74d1371b12d23920ca8,1764460027,1764460031,1733,97625,,
0x52d02f75896c0230fb788593fd21e8eb219a0f6bf322b6f0feb99f5225a63f17,1764460027,1764460031,1733,97625,,
0xbc92148e12a4c033628dc359d6b04aa09185fcce1d4786877ac5396dff36a43b,1764460027,1764460031,1733,97625,,
0xe87e1de318c34714acc52d1515c19acf9147dab89eab9408e5354b98702d68ba,1764460027,1764460031,1733,97625,,
0xcbe1082ec994ed807c30ef3e167f575f7f8ba443a116497e08889d7524069561,1764460027,1764460031,1733,97625,,
0xb51e8a4cb9b96729a7c9aba41d85dda337510df9df8171c3cb1b2c24df3d1bfc,1764460027,1764460031,1733,97625,,
0x9e9d0878907b787fe3e472dbbb23e1e690047d8704692f752114b1e6d7b57c00,1764460027,1764460031,1733,97625,,
0xc8daa71e6ab542187966cf3480846e8581630a50bda0a4f256a091d86a34c82e,1764460027,1764460031,1733,97625,,
0x2750a39096014814fa8b781df9938b4f5cb41413f08854f3604c154d4c04481e,1764460027,1764460031,1733,97625,,
0x359bab14efdb7bb7bd24ba5a0adc66d8f0653dbdbaa782578a0d2274a1d71a23,1764460027,1764460031,1733,97625,,
0x0da0fa802930143b00b9ab5bf1836bb01a503e0b20411e01a30cc8006d777552,1764460027,1764460031,1733,97625,,
0xa8cea7d6f5b2058622b5640c053bbdf091bc0ab2475e5d286e6c1ad72cd6f380,1764460027,1764460031,1733,97625,,
0xecc9c59eff133503fb55e063b978e9243d2dcf84d66946bcc0af1b38ef1f1ae3,1764460027,1764460031,1733,97625,,
0xbbb953016d33c4a483fb45df41eca2dee1415a68277f4924739cbbea86da4261,1764460027,1764460031,1733,97625,,
0xfb89ddecba8d78cad89e6fbda85d5ba67cdc922b272dbf873ed2f0697d5e51e3,1764460027,1764460031,1733,97625,,
0x000b4afb7237026101e33e0843b5fb99dc9422a688b88e6740177881c1bea639,1764460027,1764460031,1733,97625,,
0xb942ce4342bb0bb5dadb228e24026588c4e79a5d55159fa358c5f3f36cf374b1,1764460027,1764460031,1733,97625,,
0xeebab8a826a8fab0b85d2f792bd8d0c8c13eb8644fd58f76f3f6b99f1943470f,1764460027,1764460031,1733,97625,,
0x9bb3dfff8de7cad7513c3f03a288fc48186f6d2ca8901f33f0739604454c5f53,1764460027,1764460031,1733,97625,,
0xf46f21740e2ebd50f212188c407a898f75fe66156440821b6b7a3f44a7996000,1764460027,1764460031,1733,97625,,
0xf7929ebaa2a2451f39b469d361bdcd3772f023e45da978b560ca1a5eac0fcf8d,1764460027,1764460031,1733,97625,,
0x53bb85d6905d74d420d93b5416d3404ff5ec633cf6926fc19dcfb9e3d57028e1,1764460027,1764460031,1733,97625,,
0xac3971e8da53c72246dd08682f958c8ccfc9150c1b3eee4d3ea1809e3efab437,1764460028,1764460031,1733,97625,,
0xa0c1952fb6356d28b8c12539a9361a7ab3b77d9c5a4ebf5ef66e2c1903b0997b,1764460028,1764460031,1733,97625,,
0xfb0e26af29a4963cdfeb51ae23eb39beba16eeb03cfec74eea8d29878ecefd82,1764460028,1764460031,1733,97625,,
0x8a5afc46fb2f5516fded8a8b48713fd9ee1cafcb548043abd2a16da042e5983d,1764460028,1764460031,1733,97625,,
0x36034f1d0c617628da117fb95939c77dbe343007fc0fb0ba10d2992ab2acfba7,1764460028,1764460031,1733,97625,,
0xa15b293485924ac1a56c87e9345373cfb65404a4f8d08f2582cf4ffc1a5fcf90,1764460028,1764460031,1733,97625,,
0x5bd8cd9fa864bd66e115a9b360db83aaa8896e5d6c677a58bbd3933f0e352803,1764460028,1764460031,1733,97625,,
0xd75774666a6669b6845004eccbda8c0522f14f505affa797f07c663f4b79a34c,1764460028,1764460031,1733,97625,,
0xcdb183753047dc6d49c20034b4dc6e15418c64ac798f6c7e88d3af094754dd83,1764460028,1764460031,1733,97625,,
0xd2deccea57009c4defc04132489834f837c639fd56b18dc0bc802beee0256145,1764460028,1764460031,1733,97625,,
0xbb306431413c1edac5bcbb8378326589ff5f6ce596806c9136e7e48be76c799e,1764460028,1764460031,1733,97625,,
0x7cbb5d5dbca1548a09ed5ded171454903939ff5814544584dbb855bfae9bbe6a,1764460028,1764460031,1733,97625,,
0xe7d1f10a36eb997901215e08d059c3abb6a6435e49242d6182a3b66619f57829,1764460028,1764460031,1733,97625,,
0x2ef93792ee34a700f1bc4faf2bc0b69294f4333feb1ee8c1c38a5324aadb2e9e,1764460028,1764460031,1733,97625,,
0xaa54b8a9cd4b1584939d2691abd9887e3b71ca599f144f2583313b86cd4f2a4b,1764460028,1764460031,1733,97625,,
0xe887218ee12ee0ef89af24180dd73432e90699a5e439847eddee13163dcdd017,1764460028,1764460031,1733,97625,,
0xfe509ea95c33570b44ef9b0b1f1ab06280f6cea10ce3f018f93b8a2c4ca442ba,1764460028,1764460031,1733,97625,,
0xe08d98dcc441c420831f8d02305172bb90e1312c6c57211201047c591657ef05,1764460028,1764460031,1733,97625,,
0x996db025eec1d61354f0c429a6efe9a4551b6ec56de2f9b425d0595327ed87e8,1764460028,1764460031,1733,97625,,
0x9b4bb6879171b4479d106899a028c24aadfbba52d0d71047a0ec5c89a6a33711,1764460028,1764460031,1733,97625,,
0x2b3ede83101b96dee19790ded202cd83403b245192ff60a38bf13682feadab57,1764460028,1764460031,1733,97625,,
0x07d011fd0fee2762ee88808b66848723dfa0df3a044a2faa6b9bdc98e293ce42,1764460028,1764460031,1733,97625,,
0xd110d88dfc8ea951c2703a438907d9005b370eb1a3a886f672e35255da445a25,1764460028,1764460031,1733,97625,,
0xe21271fb1e4653d242ddd8445e5a15626e3dd5e3c867ebc2ceb4bc709d4691b3,1764460028,1764460031,1733,97625,,
0xae0193d5c63eb76e722ed28853b13eacdc72338de39faa770ada4736767be681,1764460029,1764460033,1734,108041,,
0x0809099693873439d95fca4facbbd5d4e48ec6799f9225e8ee374b3b02583ed3,1764460029,1764460033,1734,97625,,
0xe8cc92e9760a32965cfccf44f4cadfd835501083e1cce82f9ec625200b334d7d,1764460029,1764460033,1734,97625,,
0xb3ce5df4f0c7d270c16172a74c57a229fc5e41519fee10807041c563e7910933,1764460029,1764460033,1734,97625,,
0x13e2ae349aaf41188008f067e3fccadeee64dc05ef150a2777e7c0aa89e92995,1764460029,1764460033,1734,97625,,
0xd5011b83b850dce5e42c036c9ac249fa1bf62ce1e163458319131010c5b002c6,1764460029,1764460033,1734,97625,,
0x060cf2fca33ccf07b7bf12b3ec6209f69d2c9ce9bd8c0c8f7749418aabfe84e1,1764460029,1764460033,1734,97625,,
0x11ab04879d82d5d47436c61d46ab782d2c1f7c64d0a3de90a1aa470b98f7d8bb,1764460029,1764460033,1734,97625,,
0xb11f38a4386bf854f84307c3ad7b364177a464736d7c09bb01dad848948519d0,1764460029,1764460033,1734,97625,,
0x1e6aea57cd0fe69d967ac152251eae2721640d16e9183779876cd826ef4759f9,1764460029,1764460033,1734,97625,,
0x52a03e4a5cac0a4f96ff95b19b9376d4018fd3a7d44dc25751ab1df6fc76d59f,1764460029,1764460033,1734,97625,,
0x3feeb4ea14fffbcda7e2685c3bbd4c506b9f548d7b8941029727eab6a894f2f1,1764460029,1764460033,1734,97625,,
0x65a9847c2188a0a51a92858a997968dacd779f6c9b12dfdbb4d01f3602114def,1764460029,1764460033,1734,97625,,
0x86948efb09908a7cdd23882d8b55f3d130f6b033c31ec0d5d9a435d43abd1b55,1764460029,1764460033,1734,97625,,
0x484d4223b40b4a6664d548579991d1d1b53d163b387c13ac4ac34b15276c7c91,1764460029,1764460033,1734,97625,,
0x90d70b081f48b7a983630a673eb78f32d047aecba9e0b3a67920c1493e78ada8,1764460029,1764460033,1734,97625,,
0x57ffbd2b7f598ac2b83ec82f314b3e1f48517841490221f9fc1152ad589adab0,1764460029,1764460033,1734,97625,,
0x506c25896f8507ddf006205de6a102bf102f77b781c9286ff2c143e99a918cc3,1764460029,1764460033,1734,97625,,
0x8ad58b8e8e980b937bdff4af3c384a0af3e442c71a5ca7a281526aafc833cd22,1764460029,1764460033,1734,97625,,
0x7f21c2ff48145289435d40b1ca8c9062ee09601468c652b47930ae9981605759,1764460029,1764460033,1734,97625,,
0xff4c780c3807a2d5177bb67750dbb997d522271bb6bbf9dbf768561d80d142f7,1764460029,1764460033,1734,97625,,
0x7f8e5fd8147f1c8184d55453746421ddf55c79221dc8f445c8be5dc166f6f679,1764460029,1764460033,1734,97625,,
0x93825789ec3def3d04dd16dace3afb2b374841fb3e53c23f25f1780c191c9f20,1764460029,1764460033,1734,97625,,
0xbb64487b5dd7bcad0122ab63a6b27a43434b86a99981ee056e2982936029742e,1764460029,1764460033,1734,97625,,
0x0580417b18dc84b7c0dba5fb43c6bef4465e7d20d76fef87b984dc24ff863808,1764460029,1764460033,1734,97625,,
0xe92a06f41d95679c43ba810eb85ed0b7bf50a83b86a6eae0a3c4d4e686753b21,1764460030,1764460033,1734,97625,,
0x62b1419519a3049792822bbb31a8e64d3974f5897736b9423ee82acbb82c176f,1764460030,1764460033,1734,97625,,
0x7e279e36c31257b24804bcea1b30aac97e5712f8d8f73cea1841cbf8ed2693fa,1764460030,1764460033,1734,97625,,
0x5498a147c0fb7c350666ffbb50efeaca5d2dfba83f44228e332280a2426605c1,1764460030,1764460033,1734,97625,,
0x1aa7ddcaf611c38a5fa2bb7d508bca34d481efd4be0a46782441909126947c1e,1764460030,1764460033,1734,97625,,
0x5a50766b802031378a8b8f44f245a16d119d57a3cd7db429a061357bd49bad92,1764460030,1764460033,1734,97625,,
0x3206fb685f07babf871744691e6a62de6ef188ee93a74cc53a684044f70013c8,1764460030,1764460033,1734,97625,,
0xebdcde4be8b46c90fe0ca9fca55718b35fd36fda2611a2bde4bf6dfa3a877d35,1764460030,1764460033,1734,97625,,
0xd3cbbb2f1fa903f4d51c4708c51304fbceb7bfe475008ab6cd122326ecdd69ce,1764460030,1764460033,1734,97625,,
0x079655ce2673a463129070bc088ed41e88ffacdb5921ee8f6bede290d3dae1d1,1764460030,1764460033,1734,97625,,
0x321e2b0d4225fbc4dd369d299843c32fe9a75e704017228c5e41bd751c530fef,1764460030,1764460033,1734,97625,,
0xcaa0b0cd0324e16f001e6d979872a2efd7fcffb103ccc430e4f64ec945fbd19d,1764460030,1764460033,1734,97625,,
0xb0341a7c9441aa7a6e1269d0aa93b8b2ac54ff30537733cb08447aff578ed139,1764460030,1764460033,1734,97625,,
0xa9a922eea08f39ec557a277edcba187183871522df8d6af544607a78f5c6d780,1764460030,1764460033,1734,97625,,
0x3df5337268c80a9453d914e2bcf89f576f62d5f090cca80a656f318dcf212ce8,1764460030,1764460033,1734,97625,,
0xb31a8a61f2e55689112a920638c142c686109765db5a64a703e6eb12181eabae,1764460030,1764460033,1734,97625,,
0xc8aff202bdd2dc5d8d22ddf16eb5b1ccd270ed4f53ba5e6e0ef687bf13b45633,1764460030,1764460033,1734,97625,,
0x62cc18e703c38af97a630892c6c7f60671b710b395db7fb8cd333f4d890d689a,1764460030,1764460033,1734,97625,,
0x236dead676b145db1802e46f4849fef27919740bb5d3f877b540079a174876e8,1764460030,1764460033,1734,97625,,
0xf9ceb5f0f37ebbf67d0569c355283956692466525bedb0b13d26133ae4f47ec0,1764460030,1764460033,1734,97625,,
0xda85b63661a74587059fc653b9303e8400701aa0a3a9ed31b2dca011823e2112,1764460030,1764460033,1734,97625,,
0xfc04fe172cd25ddbd2179ca33e649639b18bcd3a225a22832d956bed7a2426ee,1764460030,1764460033,1734,97625,,
0xdaaa746ee44e486773c637fe963a6bb730954ed5ce9fe19a3b9239fd3d0f3dd8,1764460030,1764460033,1734,97625,,
0x1d83e4d19bbcc8036acc71403699669342e0613b8719412c33c29819c620a087,1764460030,1764460033,1734,97625,,
0xf71b76ca7f24cdaf1a266db698b2c98c778da4dbe1ac0beb1f19dd6a07a35d75,1764460030,1764460033,1734,97625,,
0x7f35fc4b9943a99e68feef011bc9b3f92f4f636e64dcaa1b1de5a5bce4bfffb0,1764460031,1764460035,1735,108041,,
0x62640d50ac9a40e35befcce24a9cd21d8385c77a3b893761118c5e773c7ce568,1764460031,1764460035,1735,97625,,
0x4cfa7b78639c6e186f185a4ce28e88e22fbd2e5146b5496999257ac9757b8706,1764460031,1764460035,1735,97625,,
0x6eb495094aff2ef3de4f5437ba789cd0a2847a03b2a937a747f0ee396abb5c50,1764460031,1764460035,1735,97625,,
0x4bfbc32d744609ab52a9d66d4ce5674ff65860ca760242b70d4a357f2f62b346,1764460031,1764460035,1735,97625,,
0x774e480663531756c61aa531ce4246a5a79ac507cd89ae7d94ecd867a7d3094b,1764460031,1764460035,1735,97625,,
0x7827f3a98c9b9d39c929b746132db22ac72ffa49ee107fdf04497adc0714e020,1764460031,1764460035,1735,97625,,
0x206bf0e980a1a580ffbab82541b37bcbfdfeb7d111341fb9447eb8de4b3649c9,1764460031,1764460035,1735,97625,,
0xfdad1c674961865384694f3a5000ca1eda4030baf7771eebb24bb8d5aaa4574e,1764460031,1764460035,1735,97625,,
0x192c57108108258ede3d8773e24ccc06c9fd00ef236e3c2ecac7924f10bf9409,1764460031,1764460035,1735,97625,,
0xe949860bdc91526a7d38fb1e972b0f29510e48ac756d00984fcc24c64dd119e2,1764460031,1764460035,1735,97625,,
0x19fb1f38917f6e81c9fdf6fcedf44968116621b7d039a25fd84534a5a9327b1c,1764460031,1764460035,1735,97625,,
0x269264f5367c956040f320622a5ab685a1b33c2821aca206dd32a1c2c27f616f,1764460031,1764460035,1735,97625,,
0x51665d714a612eb8bad8b0cb245b67f625bf6639ea067100bd5ac35efea362fe,1764460031,1764460035,1735,97625,,
0xcf62cf4cc1ed5fccf476eecb5e54af96762685cd6a778d58e15d735d30a91678,1764460031,1764460035,1735,97625,,
0x3e84080d33d5b673d42773a9d31fc44e11ef74096b9c187424f7dab09e424265,1764460031,1764460035,1735,97625,,
0x71e67b26ceb8414e80223fdc451ea43a4cca31c388c654bc00adb7d8d05059ae,1764460031,1764460035,1735,97625,,
0x8ce23c63d4561ca1432ebfc706e1fac0cf2a3c08ee8a5fc954ab34ddd8a1a094,1764460031,1764460035,1735,97625,,
0xc19ff84b8b82e4b0beaa2fe31e97b6219cd42470ea1db29b2be14d8c555f605b,1764460031,1764460035,1735,97625,,
0x6b0d5e6d65155fd1952874ff8ce59f12e30bf24c6b452335472feee4befc906c,1764460031,1764460035,1735,97625,,
0x4506f96b6d3f1fa36d64deb83e64e5c9f0aaaa87dd437b8de586af51b595694b,1764460031,1764460035,1735,97625,,
0x6749e8e401d27d27e0b1c819dbfb9e3cc3b064cfdba299a63956f323281a05b1,1764460031,1764460035,1735,97625,,
0x32cc78f62783ae5fea85bf8e6aa610da315bb905f69df230914851f913d8c7f1,1764460031,1764460035,1735,97625,,
0x51527f754ba970fb6a25711b9a3cfe71600761c70403651316bec2656ff23fe7,1764460031,1764460035,1735,97625,,
0x2a65fce34e7f11bd15460a14776ffa1e627ad4bd594c14527ed070146f018aff,1764460032,1764460035,1735,97625,,
0x940c901bec6eddd092ede88e1728c91ebf0362e817c36c14745dc976c671320f,1764460032,1764460035,1735,97625,,
0x72a526e2fd9f125399a234a6de2a77d8ce0a2c05da8761cd69132bf461a56133,1764460032,1764460035,1735,97625,,
0x5e5805837e1e60be293d11d74f193a2ceaf31986159ba20b1a7b376621aeab50,1764460032,1764460035,1735,97625,,
0xad303eb7bc05d4f9891b0ef4e5643f7bd60b9c9d8a0e9ac6848199b7d77b37b6,1764460032,1764460035,1735,97625,,
0x14cbc6641dc832ecec89b5a0273b21bc45499e69586c141eaa526fa762e9da4d,1764460032,1764460035,1735,97625,,
0x8ef1c8cbe0f75561831590090b3f97c48ef23ac7da3a2fd75c4f5ef646396221,1764460032,1764460035,1735,97625,,
0xb942b17c354ecdf8a911948f0ce5e384bc27a41d4ad93d84464fc17f00638cfb,1764460032,1764460035,1735,97625,,
0x90d7986e25eaeb7e9a4921fc6b61593b66977397c876e7445c612ba3e2b28c6f,1764460032,1764460035,1735,97625,,
0x98f17a5459c5c27e1b585b14d99d2ccf1be0fabedf149863b8613e1ac4f341df,1764460032,1764460035,1735,97625,,
0x33425ac1f6a7767afc628a2c46065a7482d5a4c9d1149e3a43e4df7911f9008a,1764460032,1764460035,1735,97625,,
0xc713e12e22ee539e543ef30eb83379223ca6c82c7a1b81fa85470d7c87145706,1764460032,1764460035,1735,97625,,
0x2c2654ff98324dfd7d5c1c051e80043d17303a4bc01c6ffe72bad68257f19ca0,1764460032,1764460035,1735,97625,,
0x145d59ee02096728690c52c826f0d87e829e168e40cbb725876c38acfe250ac5,1764460032,1764460035,1735,97625,,
0x002a592821b339df143d87f0b35b9aadaadc3f74f106712f4b16a9d05f60920f,1764460032,1764460035,1735,97625,,
0x30bfaa7285dc9c0a38ef343d143a0bf2d1e75f40d134d00549ae7c1f54cef762,1764460032,1764460035,1735,97625,,
0x4e666f33218311a560825df9aa8cc19103b9f35dad6154ec770003c72cbe59d4,1764460032,1764460035,1735,97625,,
0x1c76b2c12c8e0f564ed9dfd362f67e0ba9f8f408af9ded773ec3a3cbacefc885,1764460032,1764460035,1735,97625,,
0x9967db4db0949c8f5def7349d26b0db138530aa6cbf9409fec6caaf33a0c30c0,1764460032,1764460035,1735,97625,,
0x80dbfdd39c87040ad37ba924ac33e5748fdb3e6c7c7f6b04b86aae0d17a6f459,1764460032,1764460035,1735,97625,,
0xc17c6418f65b705461aef428672acbb29aa441333cd3bd21066252c160616d90,1764460032,1764460035,1735,97625,,
0xe131545351fcefb1bd898d1534cf7f2e8ea71662efcd725df273a1ffe556d083,1764460032,1764460035,1735,97625,,
0x8d46ff1ea918ee9759c935b013ba77603102f6bb5ee32b2f1b02029d57e34bec,1764460032,1764460035,1735,97625,,
0xf233a865ef1a2108c1974b9eb47ae5e530527f59906b5606e1feb4155d228d77,1764460032,1764460035,1735,97625,,
0xec1c63cdee25d79dc2b970cff2c389097eccce370bdddd91525a1f83f89db26b,1764460032,1764460035,1735,97625,,
0xbb635a77b722e4794056ea994a399edde51dd52bdb1b2b8e6501ccc69528efad,1764460032,1764460035,1735,97625,,
0xcaf73c6400ef98a905b627e661c386d59122d76f55ab106a87a11bde52606b1e,1764460033,1764460037,1736,108041,,
0xbf3c6d805d27423915d555d5a1eae5b07750556b82768d40efd55b13daf6c670,1764460033,1764460037,1736,97625,,
0x5158f084f926c925b0e5814ad4fff0a37f5513f4283c4949e5e9cb07814dea34,1764460033,1764460037,1736,97625,,
0xe67040683415c0fdb4b9302815596e5cfaf373b4ba4549a4862bdee63c76b2e6,1764460033,1764460037,1736,97625,,
0xa843f9cfa490e8fcc8c668ca6b477b4204565dcc18a4abf17f04747df171416f,1764460033,1764460037,1736,97625,,
0x8103d41e0c6d7e96b02ea9099e8a79f294d773557e1e3c1f970f800012bc1835,1764460033,1764460037,1736,97625,,
0xdef822e7914d59b6c37cf7cef85829c24fc7e0cb6a7a78c72808c1d6436d8f85,1764460033,1764460037,1736,97625,,
0xca405eee6564a58f7ec1f06df4f892beb0cc05402e8e78f3712d76e22a8f4873,1764460033,1764460037,1736,97625,,
0x80af2e8b5cf1c1ad63c2e01e0b2ef122134ec8ea9863cce2cb19e4f96ee54d40,1764460033,1764460037,1736,97625,,
0x2632055fe7a6b4afb104d0e162881428ef30a750c2a1a3f789e7e6fba8d116d7,1764460033,1764460037,1736,97625,,
0xc84fad995ad7224022e0ccf1e7cf6a91d765dd6a979d81b60d52b214aac768fb,1764460033,1764460037,1736,97625,,
0x89c0f11869eacf2278a6ac00230519a5c77bf0787886b4276213e866e269ffe7,1764460033,1764460037,1736,97625,,
0xaf758f60c6545802e26050a1a1cc7a9b67cb9a20a35bf456003751e07db1caab,1764460033,1764460037,1736,97625,,
0x428e237b48673d1f6dcf1ac86698d5fa2baa2adad711afa29a2aebf4f9739f7f,1764460033,1764460037,1736,97625,,
0x0a634abc7cf3503a5856bed91286ed917ab65ccc4ec57b6863f227a560eb7bb1,1764460033,1764460037,1736,97625,,
0x11247655f57bf949025d6b8e4337851323b3071b29f9633570858e8ffe1aead0,1764460033,1764460037,1736,97625,,
0xd588ff1e6c4e1dd99c911784837e065dde762a20929db9ed022073d26a74e2a3,1764460033,1764460037,1736,97625,,
0x22f44be02537032048ed000090b2dcd7f17eaf16b3f46166c140a63f58587f9f,1764460033,1764460037,1736,97625,,
0x6f0540b2740c083fbf2d8d8a9130917b55ae906f5104c4075c260b2061f49195,1764460033,1764460037,1736,97625,,
0x25fea194113ed1d9c64c0cbc791a5cfaa49c582b5d5947d67e714e46ec285244,1764460033,1764460037,1736,97625,,
0x6483fc2407c5cf5b64cd8e414455e56d7d9cafcf79c1006a9510bde1945d90fc,1764460033,1764460037,1736,97625,,
0x4b949ba062c37e5287cc55593aa10be01b945e362894da6f024413a35a9d7657,1764460033,1764460037,1736,97625,,
0xce7bd32937e446cd9db36a41a365c0035d8f3b7632d520053cb7aae43cb0bf4f,1764460033,1764460037,1736,97625,,
0x697f674dc61c6c55fc891507fef17afe990bacc34d72ff8d14a26dfd0bed163d,1764460034,1764460037,1736,97625,,
0xe5d3bb0d3c202af43dbe938fa3fff2643ad7b941791a2f29f7e3fa720151cd42,1764460034,1764460037,1736,97625,,
0x673547270ade25be96b0ac5a536ad67114f4eb5189e2cef09a41c86f3dac639d,1764460034,1764460037,1736,97625,,
0x14558b3702c0658ff494e1db8602f2b5fa9553565f34eec3d04c5afaf6776a68,1764460034,1764460037,1736,97625,,
0x81b4f65a2be8967df38fb3e09ac268cd217110a1472670d863884d4fc946a7b6,1764460034,1764460037,1736,97625,,
0x6b08b65e294419dbb50f8173d35d09e439ea35895cf036911cbdadbbc850eee2,1764460034,1764460037,1736,97625,,
0x3209b4a329ee7c5de69dd52bf4de93e1a940dbef6cd2854c2edeec166b795f6d,1764460034,1764460037,1736,97625,,
0x3243e2d62fe95638c2dc2be156b0fb4f5c2cee60097eaf2288e5ae84eee5f4c4,1764460034,1764460037,1736,97625,,
0x0eb62d430c089d1f66a5f62140e975a309def1c11c7d04384cf1fcb773a5f811,1764460034,1764460037,1736,97625,,
0x9931746ced5de3d21705c4d7eb68e1793fb23e15c6bfc009371e775806524981,1764460034,1764460037,1736,97625,,
0xd0ec1fe7071e4683e030835838e0b456782c9d321862d2f2f5a5cc58bcdfaa2e,1764460034,1764460037,1736,97625,,
0x753131d7b769fb9e9d713757f3134d417c85a8367ceb218dbe993f4e7c6f8275,1764460034,1764460037,1736,97625,,
0x8a4f8b53ef2b50e07fb6fe71558937020f77e0d01355e58bff9a839e1519f4ac,1764460034,1764460037,1736,97625,,
0x16a6a974101ce86e15d12deb0d230de29e6c911a542380132686addffdee77a9,1764460034,1764460037,1736,97625,,
0x1df6063cec89532963fafb6104e744eb041e418bb09aaa83bd4df76dcd787102,1764460034,1764460037,1736,97625,,
0xd0872d24f3f04ec959466b2bfe8b08106643679f41400eb4e2528a56579d9fe7,1764460034,1764460037,1736,97625,,
0x3423f592bd0ce05c7a9401694b6df99c38f700679a43e5baad271e4ee797c13f,1764460034,1764460037,1736,97625,,
0xcfd80d8d9619fd39c7f2d844315c1826496219f3f95cb090fdf6b8ccaff83e86,1764460034,1764460037,1736,97625,,
0xeed411a9221339711f36adb605858fbd3d20ffd05e5c5d5b4176dc875947ce00,1764460034,1764460037,1736,97625,,
0xef50490914d373d581173dfd842ddb84c408c46d26fb407ef64ea0573cb47540,1764460034,1764460037,1736,97625,,
0x40579837e1b2a56384c2c12b444654ad6f4799c1f2af75d4345888a8054ab51c,1764460034,1764460037,1736,97625,,
0x691083cd1545e2c5e08a7932c9ee8c3730dd9ffa7954931aaeea937ed992911c,1764460034,1764460037,1736,97625,,
0xa3427c998addfb86dab6bff27e3558d23e7072d062482a4d42d618bb652de7f4,1764460034,1764460037,1736,97625,,
0x2cd72aed85ae3dfc258a2ad55e7ed5c7bb0d6648578be394a787744bad197a58,1764460034,1764460037,1736,97625,,
0xaeb4030cd0ba18997a3ff5ff8720ecc8f97a700f5f626dc57898ba029b196951,1764460034,1764460037,1736,97625,,
0xfc479023cd77ff3f9c1aa071860030e5c8f1efe8b96a64413d8e3633c4a5d08c,1764460034,1764460037,1736,97625,,
0xe166cd504b02378a92f516b051b9d16f75e5142bb8600ff4a66ef674dc686405,1764460034,1764460037,1736,97625,,
0xea94c381bcabebe01099390fed709dd32f7522277667d2aabc47d413af75c7fd,1764460035,1764460039,1737,108041,,
0x7329df9586760e81e9b956f5a3c0efb94d22b48eeb11f40eb24e858b99c2fb8f,1764460035,1764460039,1737,97625,,
0x7719aec2150fb2cb1f0b4db118c39611d60b429341b057096d487a9b7e30176b,1764460035,1764460039,1737,97625,,
0xfb688df7003552da15564aad4029dcd0cf74754eb29178c97c2ca32318fe634e,1764460035,1764460039,1737,97625,,
0x82f68e25ae539f192c5732bd763dceb8fcf99ce89c23fcaf576279720a52c82c,1764460035,1764460039,1737,97625,,
0x5bab469a2defd3cb738cacfcc83c98fe39c88e920c2da1f25bed17008a404bf2,1764460035,1764460039,1737,97625,,
0x3b5448b56577b8e5604f35f7690660921fc327b5afb467c67347a9f61976c42f,1764460035,1764460039,1737,97625,,
0x4f95c919f8bfe744527b987d12e01c18dc3440333face0b50c773c698a2cf9ed,1764460035,1764460039,1737,97625,,
0x84099664b421daa7a5d2035470f8570ca73f0523c88c2096e1bbd3072cced271,1764460035,1764460039,1737,97625,,
0xe7631a09a8da1957c170f03ed54f3e081e3f1240a31649f2b2454474a72d6a8c,1764460035,1764460039,1737,97625,,
0x66dcad52ab15f989d1a0a3962a55209ffc81f8f081e6f8b56e6fcd18a8a6071f,1764460035,1764460039,1737,97625,,
0xf474672ce6db5152397bed8792b3da826e9c3df1afc5a4de5e2ed6cf3a62d9a5,1764460035,1764460039,1737,97625,,
0x3be4a1f31c81b2418abf24b838465290532dd3d9677dd0ecc634e68e62f06f74,1764460035,1764460039,1737,97625,,
0xdda002be03ff58d2dc48d2938897906335f44a9b2a7f1dc552e729701884c809,1764460035,1764460039,1737,97625,,
0x62c8281bbda9dbae1742b2037553e8dc29bfbcd5a271366cf1798f6514cf6293,1764460035,1764460039,1737,97625,,
0x757e09ab2d0c0ff2f50ff30bc29aefa752e4f27e23a496cfee6f5abfa171bd97,1764460035,1764460039,1737,97625,,
0xfef463aeefaf28547e5085d97ce2ef11f92a74e5519e17510e4aa8196b9e02df,1764460035,1764460039,1737,97625,,
0x090542083a8bb4ce67b1e658d1ca86f35df18e532094f97236e5cb16a928939d,1764460035,1764460039,1737,97625,,
0x3bda8460b554f34cc429e5f35a03d586fc2c2011419a9a59abba1f80f531dc67,1764460035,1764460039,1737,97625,,
0xd8203beec8af53ad3423094069c4ec27c0c81069f4a04e71834da52c81d85dce,1764460035,1764460039,1737,97625,,
0x4d5ed65059ddf658348b49396e22205c4a1545ef13b2a6d8c3a5b0bfc1766697,1764460035,1764460039,1737,97625,,
0x687a6d79707776c6078f2d08956a57d58a1703d968242d65324db5a62b2f86aa,1764460035,1764460039,1737,97625,,
0x19d698e1bd733830e3b6dbc7f1ee2ac24e850261e3dc1edeef5545ac8fb1cf72,1764460036,1764460039,1737,97625,,
0x125a695465cf323ae47c8f0ec6c9fee79ffa7173bdbd31e849ba0c07bee7df79,1764460036,1764460039,1737,97625,,
0x09175a84fe66da260964bd9cfac84d693b5b940f91db0bc494fc12d250525afa,1764460036,1764460039,1737,97625,,
0x5c33746cfa04e859aed06178459ef81826195d1be6718a9dafb8db75f9da84e5,1764460036,1764460039,1737,97625,,
0x3c38bead3baac531a465bb8e3b377ae9c483e24ff530cebaacf79df81f61aa8b,1764460036,1764460039,1737,97625,,
0xcfd7912b4debb5a734c8c6b01f511845c66ccf37e936332d0727e01d20626cb2,1764460036,1764460039,1737,97625,,
0x6af0f5cc852a690ca834871218d9a47492dc54fbef53a8b520264b71aa33edcd,1764460036,1764460039,1737,97625,,
0xb714a50ce5bc28b3bec1c45b28469c2dca462b88a9de6c983c66dc3d0096d8f3,1764460036,1764460039,1737,97625,,
0x022fd82d9d16ce21292eec2337c1beabae979963f5eae12d9f17bcbfb614ada4,1764460036,1764460039,1737,97625,,
0x8d7e485fdbe4f3f3d56bf4a5d6b9a7c0d196a12ea3f9101e501c5fc2a38a2d97,1764460036,1764460039,1737,97625,,
0x05a7e9a15c997af7a8649e47cf64790bdb2732d76d6d57d92e7fe6a99e62fe95,1764460036,1764460039,1737,97625,,
0x319668cac5ef5c282385c5d6cff8e10f5c18123b13e784b80efae1c2b3f310f2,1764460036,1764460039,1737,97625,,
0xf1a5a68658c301201880a657e93c7c5fbcfc7839c756f39bf200af4022a0c23d,1764460036,1764460039,1737,97625,,
0x389dd86f9dc0072eb7eb3e9954fb11b7995da885b010135578338f73b6322073,1764460036,1764460039,1737,97625,,
0x1abbe798b95ccdb9d4517185dce40eb7f010a423c2242aedb89e382bfd8716b2,1764460036,1764460039,1737,97625,,
0xe2fde62dad036a52839f6a45c93f9793e70d21ae0db5c951a871ac12724bfe89,1764460036,1764460039,1737,97625,,
0x5b10ea3f7db082a6a86f0dfde7026bff7e0aa7ca4d88a30389a75b491d1b093b,1764460036,1764460039,1737,97625,,
0xe08be262c0118f8885dec5fc61c9318d3155d9b6bea3d6d9e9cf49be27667759,1764460036,1764460039,1737,97625,,
0x62bd62c2257cc1d129ec622b4a64aad530730affb840b8b2612c6e983163f125,1764460036,1764460039,1737,97625,,
0xa1404c18891bc01212f2669ccea84a00daeb88dcefc1a86e4ce44774a5932390,1764460036,1764460039,1737,97625,,
0xcfa6667d947ef5d88c814f131209bd353e79b3ad77bfe67d95ec80b585b4485b,1764460036,1764460039,1737,97625,,
0xeabf1b418a587105c65197f12375611ae49547d01cfff82a39fc11d3c556e87a,1764460036,1764460039,1737,97625,,
0xd6f42a3b4dc5055091223e6664c486193aa804c75d26b06d25a6a3aeabe5f770,1764460036,1764460039,1737,97625,,
0xe53f7f48856ba11538b755ab6cc553a71b6c78f21acb23ddf9d3195427a063de,1764460036,1764460039,1737,97625,,
0x604fcec2176f54ececd0668ebdfd334f295a35f1bc54eb839fa07933528394be,1764460036,1764460039,1737,97625,,
0x69bf3ffadf97edb82a83dc4a2c798501bd465a1af70b521c5f81b550b499a74a,1764460036,1764460039,1737,97625,,
0x4f08f094082a6cbbc9305763777dcb321cae8ace8ad7f4cb23e58a00d215c596,1764460036,1764460039,1737,97625,,
0x43039de7cc0bb5a2a12445fc270b352c42457ae5a54f8ccaed095e8c22dfb335,1764460036,1764460039,1737,97625,,
0xf991b45e6480e52dcb2879d64db3aa5200439697ca6637e72ba6c5732f11fc12,1764460037,1764460041,1738,108041,,
0x7cd43d2ada45ca5703a51c28bb4fc5e435f12ba93e3e4e7a4176c407c906face,1764460037,1764460041,1738,97625,,
0x3f7d5973942eaf65934f869275497649f4d274ffe49ae2c365581e50f0da606b,1764460037,1764460041,1738,97625,,
0xc090134d912c78a12248d93a024fd3d28136341109f1d98671881a6f57a21e64,1764460037,1764460041,1738,97625,,
0xeeeacea716830c2f74868deea1338fb3ef584c3817330e765ec050b1a92743db,1764460037,1764460041,1738,97625,,
0x38399da3c074f1398b4b8a4a9d6c4c62bb719074b23d30a1011e8af43e7ad7cb,1764460037,1764460041,1738,97625,,
0xf3def215012e7257aa0d33d831077dc17247e9a88241586ac512be1d35ea6551,1764460037,1764460041,1738,97625,,
0x23d3e48c76242ec4e36fd780ff7e81131402ab53c49240b155fdc8153fac549a,1764460037,1764460041,1738,97625,,
0xc8047f5f89a1b2dfba055416939b9a41694f44ca5b59e036be154bea1a9777e1,1764460037,1764460041,1738,97625,,
0x42c07656a981cfbe3045680d1db9522aad46bab559fd3d602dc51c70a15532ce,1764460037,1764460041,1738,97625,,
0xc95231330b5ae7a8c7e7be1be446cb10867698f19154dbd89fecf196f667727b,1764460037,1764460041,1738,97625,,
0xf226d56e7214741db37fef804118d0961eb23336e1fd216b21ff1991f4418ddf,1764460037,1764460041,1738,97625,,
0x8470f6d9a55a3a4b0cbb599087e5d5eb106a2114038ee9eadd40fcf0c38df1a0,1764460037,1764460041,1738,97625,,
0x353c52b6083d02361e360f007b457424321d2f93af7afd84e85df331d516a3ca,1764460037,1764460041,1738,97625,,
0xedd6f7f18b46cbfd387c6b187f91ab2f61a0c8bcd7949be6911abdd40465dfdc,1764460037,1764460041,1738,97625,,
0x3427378a4ab02a0143a3e6e3817df04804bf4431f6d736eee9650960eff78f9b,1764460037,1764460041,1738,97625,,
0xf579e61c3558e621f3b1fd6ff96f100b656848a723914d73a9f3c6593cbee160,1764460037,1764460041,1738,97625,,
0x147adb0a8eba77e51a9d9e3edda8407e86233f28a6a302046db98cf2071468be,1764460037,1764460041,1738,97625,,
0xeefe99269ae82f311762661bb1e2f45bb07d0b8312df27c13b778d9cb45a86e0,1764460037,1764460041,1738,97625,,
0x288596adcfd64f8c0587feaaf1d1da896bad6d7a691617a59949baf6cde4d512,1764460037,1764460041,1738,97625,,
0x6e70af7df412b7ee09a4899f98f4bd328ce165fb7c9af4b0758558baa990391a,1764460037,1764460041,1738,97625,,
0x3d62d2147ed4f4e1ad34220de14eb2d4fe4811dddda8100a6db4f94945844aef,1764460038,1764460041,1738,97625,,
0x46f6eb8e0d0f56183e9d8c02658c6893c8845fac165860b7b50e7641e0a28530,1764460038,1764460041,1738,97625,,
0xf0e399d37edec1b709f9b119eb0e839182c48ba495d6990fe3fd7927369e373e,1764460038,1764460041,1738,97625,,
0x381a25cadbe139df37509d773166f735c4115009cafb5216ced7c33de0b702a4,1764460038,1764460041,1738,97625,,
0x24b115d368a3e8fbedf20ebee00d3d99920aeb60df60fa8260069b28ada61833,1764460038,1764460041,1738,97625,,
0xb60bca50eeb82b286bac334437757662396187e5474c31241fe9efca4465c437,1764460038,1764460041,1738,97625,,
0x25a6ae84ea71ac4bc17b753e8a8888de0e39b9253e3a38619fd9e5edc5441ec5,1764460038,1764460041,1738,97625,,
0x4aa214f92e3bc380f7643179fb3cb60432b531da1ed2e0c0812196ac7679b410,1764460038,1764460041,1738,97625,,
0xabeb38a3569e979078df7b3ec77699591d2d026df06b576a30118498265f5da0,1764460038,1764460041,1738,97625,,
0x63a36e284c6e91386de53a4953bbe46c937ff4060c87c32eb08975fae193fac4,1764460038,1764460041,1738,97625,,
0xa1b1e0f1f4f0a0b6e1200755bc9097e5f78097321cefce25917f8b23b8acfdc2,1764460038,1764460041,1738,97625,,
0xcf1f1ab7b416115ebe5dde6e997597695787c9a23d2bcd9c7cfadaa716b8e09c,1764460038,1764460041,1738,97625,,
0xa0978e7f07bb8d222e107372ca0d24d3e517a2cd639d823e267f8dd507a37897,1764460038,1764460041,1738,97625,,
0xebe710d196ec6fef339d9eaf763089022e31796e9447cd99bfdd7430b509b35b,1764460038,1764460041,1738,97625,,
0xd20f75ef620f8855d76f327205dd6943cc884a7106af59ea259a31e47d97ff83,1764460038,1764460041,1738,97625,,
0x4d9f52de68b824cadb2d0e19d78390946bfca310c1ef97da5adc3747b91942dd,1764460038,1764460041,1738,97625,,
0xb1931a18d52a8db77d7d8d3fcebda739d87b44e914498381f41572d57e6aeecb,1764460038,1764460041,1738,97625,,
0x596537b9e59a1b5291fa7c500978edb155bc6764f628c98de84e4319ee2b5b3b,1764460038,1764460041,1738,97625,,
0x825d59dc8a2f15bb909f722889753eb9260c0c2be25eb0898baf9e2656b5157b,1764460038,1764460041,1738,97625,,
0x40bdf53e6483d512c58b474496d25d280d8f332a0f8fd6f6a7fb41caf4af9b68,1764460038,1764460041,1738,97625,,
0x170a05f2c38231cb1a09b2b785e722942361d73a1f0d448c5d73c71ab6f0ebcf,1764460038,1764460041,1738,97625,,
0x80e5e94424ebd2be10ac76a93eda0ec3d3e900a43dcfeb2e190c9110c7e0afb0,1764460038,1764460041,1738,97625,,
0xe1cdb93506ef69adf38e67f00e52a946db2d25e53337f6ca7fe438513699bd8f,1764460038,1764460041,1738,97625,,
0x73bc79ac3abac72ac628dfffd2cc63f5f668880194d8fe4bb3de9711172d6662,1764460038,1764460041,1738,97625,,
0x01b63ca583d0f7f3f9afa381f54d13cc2025f71771327c6a6a01143f76903d26,1764460038,1764460041,1738,97625,,
0x53e68006c034a1b46c9bc97cf4d1ea4de149054cd299a4f6e872748e8a312fb2,1764460038,1764460041,1738,97625,,
0xbe5439a711fa84dead37a6264d78f0d86b64d34724006c1929717b3785cdda1d,1764460038,1764460041,1738,97625,,
0x0a2f75cb5ea02fe57a95e4477d495e4f843c074ff949bb46a73bdc7c36aad7a0,1764460038,1764460041,1738,97625,,
0x381f3ee81669cce1f64a2d3a1339ddf3bfa329b633d4823aea5761738f0cc401,1764460038,1764460041,1738,97625,,
0xb8f7616450141aa13e7bef4a65a32c376dd7dee67dc037b30ea14eac75bfee07,1764460039,1764460043,1739,108041,,
0xb5235d48505182efb175268ae8352baaffbd60659b9a48f47897ea548694b540,1764460039,1764460043,1739,97625,,
0x2ed60cfdce42c9af5ea40c505046f08d0a97ffa01894f287c08f19376fe28aa5,1764460039,1764460043,1739,97625,,
0x857cb61782d3bd8032ee00f42433b3f175530fc6813787354ce798d40236b50a,1764460039,1764460043,1739,97625,,
0x61a0f3c86bb28197aa72eb852ce1a24e02a2bf0a567a3ec22c732d649707b4f5,1764460039,1764460043,1739,97625,,
0x355993e29df57f7b6f26b2b2c340eac6b364224bfe5e67f8844410b4af4f4dcf,1764460039,1764460043,1739,97625,,
0xb24f501ccdead7c26e24388e30b235346b5a29adc0637bf102abf3e92bf5eaa9,1764460039,1764460043,1739,97625,,
0xad2f9684b62f1405d73abe91aa0d3ce419197691bf7868b6bb8cac83b47f99a6,1764460039,1764460043,1739,97625,,
0x7e6d1c5a2b761408b3a58f8391aa818c3c00a9d241a08b68d09a54011754efe4,1764460039,1764460043,1739,97625,,
0x293076c58aeede7bb7117d317d7d297c9a62ac57ea9f46ceeb60959513856fc6,1764460039,1764460043,1739,97625,,
0xbdaa4d604c84371c5548b6752b67bb38cce59cb6565bdb9e166ea5a25609cd87,1764460039,1764460043,1739,97625,,
0xdc4bb95c76b0b1fabe1770c884586c4c68abd3385339fbc13123effc37e80f3b,1764460039,1764460043,1739,97625,,
0xcfc6bd7193fadea456126f214fc4261d0cb401795b0cbe4c74ec181e59d23764,1764460039,1764460043,1739,97625,,
0x5dcdcdffe84253316c6c779f081ed2a411a7c43b5610082d5f6238b9b2fc0d1c,1764460039,1764460043,1739,97625,,
0xd9757ebf951d653fa44d0aa60b16cd19ef5433f1f9d28c1131e3109ad80f4aa5,1764460039,1764460043,1739,97625,,
0x785d49677f913810af8d398e8081b78908f5b3f60617383880b4516bf0eb8e27,1764460039,1764460043,1739,97625,,
0x736adf3b58c818173e3e3e0a8dc84e3a67a98b45a107c4169c59a74f5c89e335,1764460039,1764460043,1739,97625,,
0x53377472677c0900e455b5aa8d100f8af23844668a3f97b5ca1058867a6537b7,1764460039,1764460043,1739,97625,,
0x263754ad333ce2ccc87637c7368513bb37f72ffc13b29472a35f52c50a35eecb,1764460039,1764460043,1739,97625,,
0xa1f3dc9e6f2627401a805a1b0f3e6abd879e17dab9d3fc75373cf734b898e610,1764460039,1764460043,1739,97625,,
0xcd175edc96117e65bcda37d99772c96ed9fed016a007c7cfb63a8a4f45642833,1764460040,1764460043,1739,97625,,
0xef6ec155a6c821544b3c167fcba7f67ebe0e70419936c8c3a46aa1334c97fd45,1764460040,1764460043,1739,97625,,
0x46d9f73774e44c20d49199f400970753f2829d958f7307fe0fac4e8d003d6dd3,1764460040,1764460043,1739,97625,,
0x478f62d3d58dd82b83a79e4636ac23ef5f29db3a5da36fe0762e0bf9633fa84b,1764460040,1764460043,1739,97625,,
0x2f959add2f421c739ca4863a2a8aa20c7e5cb28019787c83bd518b9e6ed5eab3,1764460040,1764460043,1739,97625,,
0xbf4b58fe10e1b0958b33bc611d5adf894b25c788f663c20ff665bbcc48195184,1764460040,1764460043,1739,97625,,
0x971ec41fc6bf376d00bdf32f26fa6688190aa3fc744c485654f87fcfd49c1584,1764460040,1764460043,1739,97625,,
0xb029897d7f6c39454244ed248b7b116899da471ca229aafa012c023a54685e0f,1764460040,1764460043,1739,97625,,
0xbdcdb2932a88eb2e06d43c10c48d20b6be45b252ebadf6e1c9a88eab0f4267cc,1764460040,1764460043,1739,97625,,
0xe1267b4aed8afb17036d1f755df51dbb7befc9686e025f0a3eaf9020e6c9b264,1764460040,1764460043,1739,97625,,
0x16ac9c2e1c8dd79321d94b46d97cf806e5165db281c50866bb2a37bb7078c214,1764460040,1764460043,1739,97625,,
0x1ab2bc83f1a131c2c38ea2d2cc0c840b36df847dc2d5f83f5b94c1afeb999781,1764460040,1764460043,1739,97625,,
0x2bad8e62c93256fad2610fab9007f01d1cf7eaa3225772c33239c44a3922cd52,1764460040,1764460043,1739,97625,,
0x2cd77a0425775860f4085569f69da7158cb24a08b7044f753e14c765c5faf364,1764460040,1764460043,1739,97625,,
0x1afe0bc20d3735837f280820f84628562070f34c9deae4e3f5e131efea4d887f,1764460040,1764460043,1739,97625,,
0xb10a601b38b2d503c70eb4a8d847f74ee5b8ee42d1ad19fb6d1da61db0065e94,1764460040,1764460043,1739,97625,,
0x7990aee8cd99f552b335a3f7eaaf50ab298141bca6cc9dd600d7f4a0f8c28db1,1764460040,1764460043,1739,97625,,
0xb61292deff84df50b0fadafe680df80168add2f0b90686633c07537880e64c0c,1764460040,1764460043,1739,97625,,
0x79ba731bd1c17ab3cde8ff91d9aa0ea97397e3dfcc44ba0e02b4e95ad4f0a17a,1764460040,1764460043,1739,97625,,
0xeef4eaa515f2d63138df0e43e68c78b6648c6bb72a9d4f6ae9a8fb25addd1efd,1764460040,1764460043,1739,97625,,
0x253d687dc538261b2456ccd9735045a6f49701695c320bfd3082a504f54b386d,1764460040,1764460043,1739,97625,,
0xf1e629acf2f73552c25108a674d179f72139ce5ccba76c304fbc201b1c56c951,1764460040,1764460043,1739,97625,,
0x709167139f65d18cc01d11a007fcc549302f3b1786ae3fb6395de60130a8c3ce,1764460040,1764460043,1739,97625,,
0x3f95bb00b6f1c756fe350fcd145c6c1eb1db0e4f6bd1600a77f6f1c0682822c8,1764460040,1764460043,1739,97625,,
0x31a0f10c72aa91640040eb4efff7f7c730100935917cce99a42747a71dd64290,1764460040,1764460043,1739,97625,,
0xe6cd88ed7f73a4964faf0f5c41fac4fff8e69d350ba60d5a86eb5acb9b8fa23d,1764460040,1764460043,1739,97625,,
0xefb58cd8253cce7e9f3c52c4f955caa4e8c9e60b638197d830e8f78e923a2d61,1764460040,1764460043,1739,97625,,
0xb451e2d8d62889b0b754154b1d6780530bb53398cc42ade1712b346c8d6a8c85,1764460040,1764460043,1739,97625,,
0x4c7c76dbb4264aa7c76985e6bf616e7fa6f631fe0353162bf57fbd8ded58d323,1764460040,1764460043,1739,97625,,
0x20c36bac794efdda8f79f8d090ad793fb6a408926ef66895c1bdafad3712c188,1764460040,1764460043,1739,97625,,
0x9642ad0d0528bc69bae5544656066f12dd532c4af943359209fbd1583e20bfab,1764460041,1764460045,1740,108041,,
0x38d6993f75d1fb5fc0dc83966394d847eb361fe0ed75cde4482399c07c864631,1764460041,1764460045,1740,97625,,
0xe0a23dc898f05a29a16f37827d3a6ea424baf011007fe26237c240413b5a1188,1764460041,1764460045,1740,97625,,
0x69cc1ed5a7b559e8d958641e081aca670b91f1e14b2bcf614527c6a8b53c3ac8,1764460041,1764460045,1740,97625,,
0xf48daa2000d3660da622b9d564df215b2d7e682816b9ffb7284a9e52cfe79af9,1764460041,1764460045,1740,97625,,
0x00908498602a7ca7f4ca23adb38feac9cd9264cd6986f13332feb94a483570be,1764460041,1764460045,1740,97625,,
0x8a0d99fac9045ca3bfa140f0f66eeb6506c0932aa23493d16595a0c259fbfe0b,1764460041,1764460045,1740,97625,,
0x4e88c66d7b94cfe4f94f186f1e3b0c7936cc6e2efa6f9a217c406b576d01959a,1764460041,1764460045,1740,97625,,
0x3087a60f96512ae558cf000f8afe61eb0417307bf7496ced104c640d3efa9182,1764460041,1764460045,1740,97625,,
0x7642f7fe909459eae5e038f8cf74228321aa2b0753306f05875d1f424cd0a2cc,1764460041,1764460045,1740,97625,,
0x857647f8d353a60932472475d6acba51738612282cea5071d7a054e1c0a03e8e,1764460041,1764460045,1740,97625,,
0x97588bf2fb564e43b37d51c09e80f8e6504e7f5d5990cc6d17bda4ec9ddb6e2b,1764460041,1764460045,1740,97625,,
0x60ec4c508c7010d9032dc62e813495b686e6a0ad2f14376d0c738d6d6cf8d8cc,1764460041,1764460045,1740,97625,,
0xd1883fee60ca91d77b741b30de7331d5a95179568efba0768128ddec91ba2cf0,1764460041,1764460045,1740,97625,,
0xfe320f20cb5b01d0f45e2aab92856320f32ddd80d4c498695b1ea41119de67d4,1764460041,1764460045,1740,97625,,
0xb297091c36182d345de8e5a68b5c98c287d41c07a7cef2ebf747b97de1f3ca2e,1764460041,1764460045,1740,97625,,
0x61fddaa5aebf9ffa2c8cf857855f8419adf11185500843ee6a529ee73ec4b6a0,1764460041,1764460045,1740,97625,,
0xb1a312e49b26d17da0dd468bc3bf371fdb1f789625e3914c47436294f3ee72d1,1764460041,1764460045,1740,97625,,
0x5db0b300aa4aebaf2317dde3e4fbe11af70794cd5069067d97be261581b07228,1764460041,1764460045,1740,97625,,
0xae54e0e630fd60c82a755cce8703a6d45a70ce3ffa5244eaa508e5efaee05ea6,1764460042,1764460045,1740,97625,,
0x858e44f264f14deae319ebc59aa0bdb9b982c89ba6fefffedfff4d832687c681,1764460042,1764460045,1740,97625,,
0x59d0649c456e413d4b5e5a79984c9c9f8d87061e893a6f8f8b40841b544e01ea,1764460042,1764460045,1740,97625,,
0xa5d777101a63dc8c0421099735e656b5242cfa49bb14c3ff68d7dc66ea2ccef5,1764460042,1764460045,1740,97625,,
0xac84c9435ca948b8dfc14f3f1de36cb9bf6b1eb269dba94947d94d4b8b71a6b5,1764460042,1764460045,1740,97625,,
0xee77a3b6400beffa79137c78f67ccf9e7bba76c2e627bd82bf193965fcde4e55,1764460042,1764460045,1740,97625,,
0xa750090ecf9fc2f4cd2113fa0bd1264f424e1dc052c36aee41b8421a5901c68f,1764460042,1764460045,1740,97625,,
0x1bacc5dc71bddc897595e55104430e0aa947812d5252d6383f1d6e702082f19c,1764460042,1764460045,1740,97625,,
0x1bac9e451070c29f78f3b3ea409213d728a3015f5d74b376cc13db2ee72fda37,1764460042,1764460045,1740,97625,,
0xec3356dac362c59a20c029cbc3f37bccb5281372d5aa38304093688e3e2b19ab,1764460042,1764460045,1740,97625,,
0xae49f34a392b1a3d99bb8d73b7a2814e98fb0c00215974ecf9cdad2b652076ec,1764460042,1764460045,1740,97625,,
0x6901dc60d486a752b74c710ada5f373ba3092b6e33afc0db69b99d73334d518f,1764460042,1764460045,1740,97625,,
0x198913ee13367bc85561e2824b4d0a3087f30bd49b24cad60f02136a9b40f85a,1764460042,1764460045,1740,97625,,
0xe1983b5296ecfb425d25652af9ae9427a646b019ba1ea557ec8198ae8c925d66,1764460042,1764460045,1740,97625,,
0x93783cc469f51e62a94d88c8d71e6afd278b563197eb1c3d87c7c40c776d7ca7,1764460042,1764460045,1740,97625,,
0xb80b59dfc1ebb6ae5d0752c78f89566589198b95b47479a8db7d603aca4429d2,1764460042,1764460045,1740,97625,,
0x8fe3ce8f405414e7a2b8f8302ff069a0140728eadb478ce33f7bbf90b731a805,1764460042,1764460045,1740,97625,,
0x99282a45e0a5e828746f1b9f82909df8e87f225c61a11f7c88313438eb1932c6,1764460042,1764460045,1740,97625,,
0x7bf1760fb02d7e19561127973beccaa4f4851b85ccaaa1a522921fb76d4d295c,1764460042,1764460045,1740,97625,,
0x1fb2794ebfb2194647a265acb356bb610e0169281706d3c371151e5d16b04a8d,1764460042,1764460045,1740,97625,,
0x6c7c0b77517fb046167c81e5defffc8614b4350f1af359bb5a5914b33c12eb7e,1764460042,1764460045,1740,97625,,
0x44772acd0e8593426cf2d7dac97737058e9e26fc67a411bd5356227b7c4107d1,1764460042,1764460045,1740,97625,,
0x6d537f3a81784b069dbef9e471882bbcb3836c4132971853f06910f89d79548d,1764460042,1764460045,1740,97625,,
0xb05fec40bcfcf35e6344054f35f35409a6f2c4b5c5162f1697179c728756de95,1764460042,1764460045,1740,97625,,
0x2198db4aa588375b2b21593a8137c518d01adcb79b0a1a234c612b464815333d,1764460042,1764460045,1740,97625,,
0x2aa2a9a10fd73078396afbb43fa9f67db96a207c66de15e93fd9e5039bb0f1f6,1764460042,1764460045,1740,97625,,
0x9ae8aee3929287c46738e73376efca505516012eff67c1d9d78efc119ae46d21,1764460042,1764460045,1740,97625,,
0xaf8ba6e2691c9319dac6cd1571ca223a2853fd64db1ef0d6d418fd2b57915a0a,1764460042,1764460045,1740,97625,,
0x8684add92f04c039f9c5b5827f74f1781a6fa2b897bb51e74bedee7b3ad671fe,1764460042,1764460045,1740,97625,,
0x303a39b766086e6ec0d879a90c9e690a00cf320d217fabb138c03eae805e9078,1764460042,1764460045,1740,97625,,
0x2e7a4cd8e97416198a9e7d8c8914d020e8f8c3f23126252a5fa37b329fdc09a0,1764460042,1764460045,1740,97625,,
0x554b40b9f26bbf35a6f5fae75974239efc9b0a5f61ed1a3afb56721249d95b9f,1764460043,1764460047,1741,108041,,
0xe7a650a9ebfd667b525596454626dcd03652eb846b308bbb1a3cbad62232a200,1764460043,1764460047,1741,97625,,
0x9dfd5f34fb4ac8fb27f9b78917884d3fe2783735369a0aed73ac1225d389cf8d,1764460043,1764460047,1741,97625,,
0xe3633a8904d3a77cb34441b2adbafd6101c85eb880dd2abccb06d97d410a3877,1764460043,1764460047,1741,97625,,
0x34743388746d77bee835702a9b23d247a7510bce36e27e3c0bf436eedc79f3a3,1764460043,1764460047,1741,97625,,
0x7bbbd53f148846dae0ba2d5d03828035bfbfdbed33a1f46c5215aee2e186392c,1764460043,1764460047,1741,97625,,
0xbae07ab3203fadf8aa0fc83895f210347b18ab122bd87fea0f21abec0f46301b,1764460043,1764460047,1741,97625,,
0x14bb1a398516a3997bfb4ec28cf0e2ac22f21985ad88377db7584d7e88f42271,1764460043,1764460047,1741,97625,,
0xe46f372b330ea65cf1e1f4356eb430aa82c009286c14ff9f35059c29c4a64220,1764460043,1764460047,1741,97625,,
0x418e6a97c321a62dc3eae4129b4fd152fa2b0d1cf52c7477d4770df88d984452,1764460043,1764460047,1741,97625,,
0x4f69afb2b0e74f5c92037bdb5012c847f477a2e84f43393ffe0ea157797de290,1764460043,1764460047,1741,97625,,
0x7e2f27dd8a06d7103ed8bdc33c4fc70c6d6ea759bbcc015c620a5967b04ce2be,1764460043,1764460047,1741,97625,,
0x210fdde647ac8340599f359b4ca2f31392d60161663466f40be2c9a33c8e847e,1764460043,1764460047,1741,97625,,
0x746a4d194f53cc5438ade5e697a06f0427fad439dfba7975aab70f9ec93999e3,1764460043,1764460047,1741,97625,,
0x0439548654a2679ed4d8613eebb05cff8529166860a040a962f4945d392fc3dc,1764460043,1764460047,1741,97625,,
0x52b05b2a24330cc56dd4e760ff1eacae0137960a23ea0038e91ef19405d69a7e,1764460043,1764460047,1741,97625,,
0x1a508fcf4f4903eba639d70989fe59e2db092a2bb1224305bc29c865243d337b,1764460043,1764460047,1741,97625,,
0x4c54b92220652760abc8a7bea25a7039492b5e6627cccc2a2068edadd83b1db2,1764460043,1764460047,1741,97625,,
0xd74205fa4d0d3c7295794fe2f6c049a9ee15d15286c9a965f52743616dd41187,1764460044,1764460047,1741,97625,,
0xa3d7f91f8e2becca2f6fa8ac4534238c6d13abe34f4d986c38cbc69ee7561557,1764460044,1764460047,1741,97625,,
0x06626adb7bb8a612bb3c51ed5ac4d142ef743968e6a93929330beb9c59930cfa,1764460044,1764460047,1741,97625,,
0x95c676b484eb9c847872518a0596e7cabb724154562ef6bd62ccf79b080c335e,1764460044,1764460047,1741,97625,,
0x785d405febfab6b804a9c4ea814578e0019b7718ce0770726820abe43afe8afe,1764460044,1764460047,1741,97625,,
0x3db561e21e8c2f540e4084a19cf5bf4cf9cecc7d96931a7a763b46f11bd6fdaa,1764460044,1764460047,1741,97625,,
0x6527ee012de6dbb10c31c81c00d148302499cfbeb5e646208399a3291dacc76d,1764460044,1764460047,1741,97625,,
0x125f4ecebf6bba27a56b1d565b4dce66dee42eb5e04e8ac8b1771e3475b7ae62,1764460044,1764460047,1741,97625,,
0xe5f6653c3b9bd4512185af2b4fa405aa58f1dc7e714130dc32093ae84e17e6d7,1764460044,1764460047,1741,97625,,
0x9455100a97c77dd549570db95304eadc91c3d896edaefefa894c9e87e0777e08,1764460044,1764460047,1741,97625,,
0x34d184e6e55a2cc3eb6263a34fd0fa969dc9089b982829b3f396b60fbbedc921,1764460044,1764460047,1741,97625,,
0x4c0510759923c76d1360707802db7320f6d2b8868b9e14e5dc9c46e42eb94bab,1764460044,1764460047,1741,97625,,
0x98bb726efcdc1cfc6fcaec286b8140b065d5ba9fb758fd14d425ad445228454c,1764460044,1764460047,1741,97625,,
0x9a0ab668a9910c579900c121733adba7873fa5fe5d7dfe9d561f307ce14900d5,1764460044,1764460047,1741,97625,,
0x740689daf4a7692fbe1cc0d32b22c28ca95e4f41aec17c9c2296b570a90c9b96,1764460044,1764460047,1741,97625,,
0x056d2f1dc859939ec4e3409473a962e4833fa9568969bd966ffc395a0d48715a,1764460044,1764460047,1741,97625,,
0xfba03b512bdfcb489bd294f32509c04ebab1774d0efb44eb8f9cb5de60f46654,1764460044,1764460047,1741,97625,,
0x5395d8dd802cfb2be8885ea3172d4ba085a6cd9f44e0c18d4800775c47071199,1764460044,1764460047,1741,97625,,
0x15a650487bd06db3d8aed4d57e7d66ccf861528c2d8cf31490f22832ffbf4156,1764460044,1764460047,1741,97625,,
0x9bf4e5efa7d9b42c4f11e00102d7df3003a641317e6d627ba89f620fb158a903,1764460044,1764460047,1741,97625,,
0xc471532855e47f0a426a0214642ad12e6ceeed912ece70ea1af045747f080a1b,1764460044,1764460047,1741,97625,,
0x065fb7c56138fa4404d694277eb1e473ab795771d4fa63a8f57f41f3511ec3df,1764460044,1764460047,1741,97625,,
0xa614f08876ec89f6855573ebd16935d85d411edf6a12fa0c56b21cd95d6e7f17,1764460044,1764460047,1741,97625,,
0x2f01fd74cb7418a526e09eb60b265775f3089108ddb83f061538a72145fa3af8,1764460044,1764460047,1741,97625,,
0xa2bcd3a72adcf127042b0c96c17258dbf7670b0dd19940c83215f748cc275c59,1764460044,1764460047,1741,97625,,
0x3e989fb5d68903f6f16c2a532b5703ca8b066ea6f76ce68e1facde1c30028105,1764460044,1764460047,1741,97625,,
0x4b236df3a86b20d5765471970074bc4fa8deda69cfeb36b0485a38e1a1a6b7a7,1764460044,1764460047,1741,97625,,
0x5b4dc62d417f3c0507f7d3c330b211e7cb86d81ef8751690a22eab989d98d04c,1764460044,1764460047,1741,97625,,
0x6de6e16f9cbe25807782083145b5d21727fd89b8d2ef4c7b9203abab1d0e7a19,1764460044,1764460047,1741,97625,,
0xc7200516db6cc0d74d4f37bcbdf5831a3565fc22524aaf99fe4520713e67867a,1764460044,1764460047,1741,97625,,
0x5772ed703bc510398bf3dadb1a9e4c2a33dd8ff9b4e6dbaa761252fc3eda5004,1764460044,1764460047,1741,97625,,
0xd2c382be268caaab0080af9656629b22fb3e32937d6018075ec7cc92bb1d7b0a,1764460044,1764460047,1741,97625,,
0x59ddcde10904f7cb6f68544c140fa557f1b4fac434cfbb0ab0f094f1edd7bf29,1764460045,1764460049,1742,108041,,
0xd2f16a8400671e5cd1e766d795037c40b86c249c6df8d333cd384f12c1f9ee43,1764460045,1764460049,1742,97625,,
0x2ba4da844e5b7b3dbb3dde6430d20ac79eabacf7de397622463c97e32190c0f5,1764460045,1764460049,1742,97625,,
0x24837fd7c68946f5c310bec6462f1ca04b666dbffb67e59bf263685bbe2a0678,1764460045,1764460049,1742,97625,,
0x5d878a36a15bef42f372c8e53a5b62c99ffe4328487f541e3776872aedbcf9a2,1764460045,1764460049,1742,97625,,
0x4b14b9a9262da7c214fc3d38106089497ba1d3261e7f17790a35bc9226476213,1764460045,1764460049,1742,97625,,
0x3bc837e98ca198341d416fd4e3d916249e0894de48cb63785ab2505ec4bafd2b,1764460045,1764460049,1742,97625,,
0x69cc0b272b6f0f02520d80407efc74ff10f1b95751ccb7eb833933d7b47956c8,1764460045,1764460049,1742,97625,,
0x1904b77f848daa076f09409c2aee66647153241f3cc3f854cf526c2f6855e472,1764460045,1764460049,1742,97625,,
0x1205a70f89e3bbc799ae420a111f6fabdae83af9762a5f88fa6e31878515063d,1764460045,1764460049,1742,97625,,
0xe6f033c7e6c7887d06c0d2d488b18ee1e6639d95d039f496690a14a6734212fc,1764460045,1764460049,1742,97625,,
0x4336094a26a4a2b12099e264baa3d8b9dd38cab909b515188b27098907ed4b71,1764460045,1764460049,1742,97625,,
0x3da639f8505f17cd98efc4e2924705ee26f26fadee6b7f9b7e275eb64b19ee2d,1764460045,1764460049,1742,97625,,
0x66939081b3810f6a6be850b61ad50bb1755d78b3465a9a247840d6ef40c59c17,1764460045,1764460049,1742,97625,,
0x3b7e5a6ab20fc0ea939d705ce2a7427667dc9387be65aae4aad245f2c95e674c,1764460045,1764460049,1742,97625,,
0xa8f510107336597bc73fc5f79053fb4070751b5e334714f61dfe14a9eb94df74,1764460045,1764460049,1742,97625,,
0xad67903951a9dff54dcda8e2ecbf270020167bf4adaa610f4370389c30f7b4fd,1764460045,1764460049,1742,97625,,
0x5b1908b3ceebe268adecbf8657c41d617c7d7bf45ed05792b9c4476f72091f80,1764460046,1764460049,1742,97625,,
0xcccea80d9f8dc854079f95651767091a85593805db15b2804926016ac5ea9333,1764460046,1764460049,1742,97625,,
0x9a2ebf357674e0b9a2a4a09431dbe0facd826e41b1077efbb7c28aed400f3007,1764460046,1764460049,1742,97625,,
0x0bfde43e0a6561ca687af09764befd45133637db27c34a8bf81385f04b2a2c05,1764460046,1764460049,1742,97625,,
0x4d32292800dc29f49a2a244d1f04f67e2787850111953de9ebf1318afdf957b6,1764460046,1764460049,1742,97625,,
0x69b5056118dd250abfb60752604f444eb2df5544e5fa59f5e3b126ce21b3876a,1764460046,1764460049,1742,97625,,
0xc65fcc83a67622d2f052e6ac3658c66e831838ec2a6de64df263a5f63133879f,1764460046,1764460049,1742,97625,,
0xa6bf313c5cd96033a46465f1c2d976c238c919ea68e97e3a024f417c5cb2da2d,1764460046,1764460049,1742,97625,,
0x38e2534d8f47e339a1a1e0da435285f227c763c2a01f5e37ed1977e27e75a766,1764460046,1764460049,1742,97625,,
0xd8d031f7e04900881045f6eb77d42ca01c2a630212a3678649c8cddc89ceb7e6,1764460046,1764460049,1742,97625,,
0x88bc9d2809978b5c761956ba8698d22b76f9d4eea29f08e7a58a673339f74443,1764460046,1764460049,1742,97625,,
0x785dc5fd90af9efe46bc695ca06056f6e6906eaee07ad20ccd16b3ec7f286508,1764460046,1764460049,1742,97625,,
0x40197ce32c935fab22ebd4b162cf51956fa35c5c1bc2daaf75a1c0b07d813396,1764460046,1764460049,1742,97625,,
0xd1301ba68c2608ca4c032e9017098f57e7682192fd3cd86c30d987527f45a32d,1764460046,1764460049,1742,97625,,
0xa69ebaee3d10ef7fa8ba5386df8103b4c11f44f7c5cd827c1a34e220d410061c,1764460046,1764460049,1742,97625,,
0x94f8c903a26e5d9a36362f6827178e4370f9ece3cd33e621a6c6d47baa14d86e,1764460046,1764460049,1742,97625,,
0x65d98e62cc2d216cd0e1442f51738e9299d507e88e28cbc35808224d55d12d39,1764460046,1764460049,1742,97625,,
0x61226a6a1dd2d687a0b9000f164edab5c9a66f09a3905eccf2f0c217889cff47,1764460046,1764460049,1742,97625,,
0xe0edaef2a3e75ac0684b69b4c1a2496f973da45a2563783e281f05135061a3de,1764460046,1764460049,1742,97625,,
0xdf65790a1f70f31f95118acafad328733e7124a434480324d1bf97422cb2084b,1764460046,1764460049,1742,97625,,
0x548af6a40b9f5e4f7749cde3c8d9efdf78cec5f648090e25817db5cc8d8fcb3f,1764460046,1764460049,1742,97625,,
0xae67fa49383f0644b7befde19989972dfe18ec922acb958dcd5d99a7a2626121,1764460046,1764460049,1742,97625,,
0xe4752f8fe03c3757761f1412a9f7ec8f451ae2809a298da11e893966a8bc8f26,1764460046,1764460049,1742,97625,,
0x10143ef75e4405536d5355483f97987020e613761d358594f9ed52c0650b1c0c,1764460046,1764460049,1742,97625,,
0x04d3b388024bd1c55758596bd1dfbdf384f097ee48c61793d1ca65b429ffd2a2,1764460046,1764460049,1742,97625,,
0x6b2268352a3b7148417b94d5bb2875b8f3d8119a7f1c6987e5066d302967e59b,1764460046,1764460049,1742,97625,,
0xa1c6588d9b2c9839a3b7a48a0f04b08fb1eb09ddf2e1fb1713a392d3a40b6ce5,1764460046,1764460049,1742,97625,,
0xe10cd74619400ff78095df0973dc574d2bbe4a302b31ea57b9bf1a8adc6949d2,1764460046,1764460049,1742,97625,,
0xf2df5e2e151c410d3af35c2f342f2e0d53ef9dc0e19f421c5d71ffcc632c32a6,1764460046,1764460049,1742,97625,,
0x056c2f78c6c5eb0656767ceacd183f750050e33b703990f72cb7fd613f8fa9cf,1764460046,1764460049,1742,97625,,
0x4e6051b73f7c11896ff95676c7185849eb81bf188b98d4f01803f043b4f4c95b,1764460046,1764460049,1742,97625,,
0x8ef654ccd5f19089362be982023618d8d15fc674ca2577287a58990eaff32278,1764460046,1764460049,1742,97625,,
0x415ff8dc343a4c18a9d7bb47bc2fe2854feb87730ac5f3651355b28bc21b3aa2,1764460046,1764460049,1742,97625,,
0xadebcfcf041ad5211a511b9c79928d1d24d130c6f06fdf4137c8609cfba0d7c1,1764460047,1764460051,1743,108041,,
0x3d944aa4dd9ce068f03dbc5f4c50547af3e642d20eef1d0090e285774944d9d3,1764460047,1764460051,1743,97625,,
0x12e447d1fa60694d8fcd1e7b431ec7f5987e30b6ed139e5f1b978ae8c1e34ad9,1764460047,1764460051,1743,97625,,
0x6528025bd58d2cb76809df004fda2ced65d8a402c78ba360de1e933e212c5926,1764460047,1764460051,1743,97625,,
0x27182e2c6f62b7098cb86f4b9d371d06528a66fca02ee8503a592f97b2e1823e,1764460047,1764460051,1743,97625,,
0xf56f115533cf778c0faeeafcfd520d1c4580f7d952bfbf960b54ebb87b16a8bb,1764460047,1764460051,1743,97625,,
0xad2dd1925aaf9676c62ee0e030f06dae10122d366fb2de3110f35dc4b435770f,1764460047,1764460051,1743,97625,,
0xb5b9247e3fb5f7b2696bed2f8e7fede7b23c847962fe23d73f6c3a34a0c1de0d,1764460047,1764460051,1743,97625,,
0x1585669b2e758bd5efe3507e4e5d02c19cd8ff67fa36838c14a155c7421cbdca,1764460047,1764460051,1743,97625,,
0x1fd9683f13100763eec4aed10221afff1f7091d3bd9da675581a1c170cafa22b,1764460047,1764460051,1743,97625,,
0x3243f6c291f082db0fbe9746f104ce07512fe114da91c7b117c73364d19b8e34,1764460047,1764460051,1743,97625,,
0xda07ed8d4576c955b42c9f3de8991f184b3382771b27c119b7c180ed5416fe33,1764460047,1764460051,1743,97625,,
0xa80fe6b019c40ec27b2f6a29271b5e4d5273bcb6193e601da5cad66e2275716f,1764460047,1764460051,1743,97625,,
0x63cedf26af68930fddf5ac12da85e377d934ba5116ee9b4ca8bf797859206517,1764460047,1764460051,1743,97625,,
0xa8ce40a2e1346ed5b8b2a6e81b56d0a358a9ba2241f83e8cc793de4ef37dfc0b,1764460047,1764460051,1743,97625,,
0x69a50d151a2e24c28ac468a1d41361c44e7adac25d1ada56f77784274cb906aa,1764460047,1764460051,1743,97625,,
0x8502e22ea73e46337536fe40a1d3927cc3fa84c716f087b8bbe9d8cd0e879527,1764460048,1764460051,1743,97625,,
0x129facc6a462c306896d2451e4efafa92b589bb0c41ac8905246c1c1df597225,1764460048,1764460051,1743,97625,,
0x793e75c38a3083c2ef253d4d70d1090928cc528db5e2cdd619501186fbef430b,1764460048,1764460051,1743,97625,,
0xc930be4d3c2b2e5b36c15542544ebd50b536f26fb17c8cc758d80a801c559a06,1764460048,1764460051,1743,97625,,
0x876c6b7f7e0c2ef0c4b576d0bcec365a141d6492fa0852d3065ea8df2018159f,1764460048,1764460051,1743,97625,,
0xfaaf838e2d1fd3fa294b85398a2975e49824c854aee0636ee9d8a2c31877a193,1764460048,1764460051,1743,97625,,
0xb35932cb664ba79089950c732a0019abcd193a510778cee6af63e57fd95fddea,1764460048,1764460051,1743,97625,,
0x6d8470b3bbd1b951c45737b5208d69f86e679ba9aa25727522cbc41fc01b2660,1764460048,1764460051,1743,97625,,
0x0592ebea9d535391ae63c3506edb5770df3a5fc44c625f65c23246baf4d9a8f8,1764460048,1764460051,1743,97625,,
0x25d1a42fd5761d00d19d4b05f47f475edfd30998113f7260801f8f8c4976cc59,1764460048,1764460051,1743,97625,,
0xf7cfca6e1a5c473d98f8e96b8111aad8ab0562ec8b1adb1ec027c5563ad1c87d,1764460048,1764460051,1743,97625,,
0xce3fdffefdcb49a41f62714157ad0e9816f7e9c37e5b981d63cac3c3423cf371,1764460048,1764460051,1743,97625,,
0x1d338c4a6eff4c645b9c4a3ec6290febd089e2097b4095d4e71bffbd524f18ce,1764460048,1764460051,1743,97625,,
0x1faccd85f983488967802d6ec6dc167b4a6b3808388eda6fd35f951914384d95,1764460048,1764460051,1743,97625,,
0x4665974a77bdf0e2fe568e4ecc30f3a92f0e533974d31260a6546c7fd85e739c,1764460048,1764460051,1743,97625,,
0x5b58a462c7ec1596e93565155332233a44cafd8accb4dd818b84b05b9f85ac07,1764460048,1764460051,1743,97625,,
0x2cf2838e7dd672db17b01898f8a5eb628a75e026899da5055c6e61b0f4e5007f,1764460048,1764460051,1743,97625,,
0x2334d190d229cc62193f534c1c057ac24b2ab87fa9664232cbe5d3d587c4facd,1764460048,1764460051,1743,97625,,
0xa73733593f3f0b72d61219269cca3858e169747b3e13d9e7565c81e1a74fab8d,1764460048,1764460051,1743,97625,,
0x8de7056aad394cbf448cfb02fec7f9c2106edc47cb010b84f4ed6731c0194657,1764460048,1764460051,1743,97625,,
0x24d97d661ba5371e299d75473e8227c138ddcd5023e212155b2b6c8052c1b784,1764460048,1764460051,1743,97625,,
0x1f0798e977df3fce2a98994515950f9fef715949ade622140290bd9427bccbd2,1764460048,1764460051,1743,97625,,
0x1742aca8a55bc6837f342ecf376ce7e2d6f5934497cd00019d27c26c0b904319,1764460048,1764460051,1743,97625,,
0xb55a9dceeca72b9b10e55728c4f133c5d344cda223e59b854ce73a7724cc27e4,1764460048,1764460051,1743,97625,,
0xe7ea0711a14a687a41dfca0aea571c755c3abc87ca1cff7bcba6419e9ab40606,1764460048,1764460051,1743,97625,,
0x9a783e7e12ba8ecacb0d2fefadbb1c7cfa5e90aaaf1cefb0ee1c64fda9327462,1764460048,1764460051,1743,97625,,
0x6139a23278b1a4e6179bd12fdf67f3752c2c96711088ee5be57c42b46544153b,1764460048,1764460051,1743,97625,,
0xc8f6aaba8bfe7d32b9f67b29437232cd44663a47dc490132c439590417f87d39,1764460048,1764460051,1743,97625,,
0x7f54ef76d6ec89bff481af2552ca6294ac7aca188e9b8614eb9b7eee68ae4522,1764460048,1764460051,1743,97625,,
0xcb8b7ce512b16c7d8b935de8fd50002328fed3bd6ba5733b6ea502326c24f9db,1764460048,1764460051,1743,97625,,
0xab304552d051b135e1d3876eff38f095dad31814d6051111f36314e495f52aac,1764460048,1764460051,1743,97625,,
0xa199a2cdf41dc0aaea4424f99c25db37791a546938ffd30394e8456c4f7d47ad,1764460048,1764460051,1743,97625,,
0x6759bc1365ed49f3fd61fce35a761e3e2e68e547990aa510388661c526ae99a9,1764460048,1764460051,1743,97625,,
0xf4431dcd7937929d4ad78c281f69c5894cf518aec68e2fcab1350ddd983421a3,1764460048,1764460051,1743,97625,,
0x587207808ba208ecbb2a31acd62bb3b55c095cb1674909ceb60613abf5889035,1764460049,1764460053,1744,108041,,
0xbf4643746b5a91d0c6c23bd68c8ce77221473f71798ef5a4a7db7d05ca918477,1764460049,1764460053,1744,97625,,
0x8c368a71c2260ccb110f4cde14a230c383f1c8d506dcfba52c88559fe65003d8,1764460049,1764460053,1744,97625,,
0x14c329334d7e56ebe9f1ac36904e7214bddc40f940a1a4795220ab171df0c3a5,1764460049,1764460053,1744,97625,,
0x17dd5f04182b3c1761a48bb6151ce51d1734dfd1839fa0273cafb9382645ce95,1764460049,1764460053,1744,97625,,
0xdfbafa9dfc5f80c57bf219511b2a4b8d0bc0d685ca7cd10c52bee18657c0567e,1764460049,1764460053,1744,97625,,
0xbe3f9a44d302268860b01012bcabc37274c6e0529bcbd9796e2db08314c50c07,1764460049,1764460053,1744,141922,,
0xfe6d486cf4216ffe317de144f8043558f66b70b8b8a7824d645387682d362f02,1764460049,1764460053,1744,97306,,
0x13716ed2e72504679a811af3371f9ab6122660986cc3f34806ef28a326527d39,1764460049,1764460053,1744,97306,,
0x8bb1b08fc06eefc624e65bc1b2fd3b661aafe23b48c614c665037f718aa3aa02,1764460049,1764460053,1744,97306,,
0x38f84750a9fb1039ff40b9282ec55983f6e95fdae5c47c920b7148b76038eedb,1764460049,1764460053,1744,97306,,
0xf40f199098bc92c11b2861ca86f7572f4cb1f0200c96ce0dd6d0ae817794b344,1764460049,1764460053,1744,97306,,
0xcab873085fae1e8e2aec492c4af8f88c15f52e73e2f136a0763d7a945c53b9c4,1764460049,1764460053,1744,97306,,
0x21e30c6f80ec0dd5b51a7d264df48af4ceeea4b8288ef26f52796726562c5247,1764460049,1764460053,1744,97306,,
0xbb00bbe1d025854e62f0f891e43318c45b7f1e7a07bcfbec8670aaa228729725,1764460049,1764460053,1744,97306,,
0x49a3c14097ebe0030f3a72b890892935e0cd4ae8648bc0e0fd5f18475d07edef,1764460050,1764460053,1744,97625,,
0xd35467767a2fb683e971bff10f3b39676fcf3c23e83f21ed20fb29b81d08c501,1764460050,1764460053,1744,97625,,
0x82880dc3152839f9d382c2cbd1c41a2e1cdc122219685916782890fd05703c28,1764460050,1764460053,1744,97306,,
0x31b20e9e699b9be8e2a610a0b6c3fc34eb8306a2353065971cc586adbc56fd4c,1764460050,1764460053,1744,97306,,
0x32f557bf331266fea5c5b1face58dcb819b8258665ce880d9eb8a43655e42890,1764460050,1764460053,1744,97625,,
0xd74ede81ab270dd77be1ab62a65db7d0918685a9e82b3f2ca6f2ec31b303dc28,1764460050,1764460053,1744,97625,,
0x03938d2fa9418f9bfcc1038e03bc70655c3411d87b72c5606abae8f79a427a46,1764460050,1764460053,1744,97306,,
0x224f779c28952420d44e34465c3b4629c38dd882f1919e5ad68031def6fde857,1764460050,1764460053,1744,97306,,
0x73ef889987666de4f3d1678d036878f1ebe92aaf0af368bdc641ccc6bc1f0daf,1764460050,1764460053,1744,97306,,
0xb1da7f9cbd37ff21a3972edb430128c28aa1c9b40e5070ec7c0203ac82497f3b,1764460050,1764460053,1744,97306,,
0xaae50c8fdd0d326457a50e87f7aa20ca75ba9e0c20ae911b980e5f650491f2f0,1764460050,1764460053,1744,97306,,
0xae0d7cce0c5d24f2d1896539266412b8a82bacb3f6b87501469d4e7f4433dc7d,1764460050,1764460053,1744,97306,,
0x1e0fe6bbdbb2150dedf4c78f5df88f5d5e726b9d9d55287c63e132a9f9d9f6e8,1764460050,1764460053,1744,97306,,
0xaa8c0a76c4fb1e43d98f3ce913df9fd030c70348e3b29861392f89a19086d53d,1764460050,1764460053,1744,97306,,
0x996b1b65b07c1241558a3399a1a63d04d0aa032c00f629995a2189ee28a06c7f,1764460050,1764460053,1744,97306,,
0x58b59aa1bc03bc9967440a61bb042e300bc11fec7cbdba83e9120af730d4d7ab,1764460050,1764460053,1744,97306,,
0x6fb8a3a9837bd85a1f14c0ab510ca757acb280d1f26ef7a8eac1aadff4f1fc5f,1764460050,1764460053,1744,97306,,
0xdd6d5d092a077254f0d3256feb8c491716a9f417bcafa011c99d1caf943368d5,1764460050,1764460053,1744,97625,,
0xbd47684fee9ae5897f1aeff7585ed3c03ad2f01f135c62e221ebdee1e514778e,1764460050,1764460053,1744,97625,,
0xdba8d641323cad511d5c311130b582121cc3dbc6aca71444398c8bf0f5e01a50,1764460050,1764460053,1744,97625,,
0x95d98a89e068638c29fc59ce7173659b0e03b9494273b00d7233a93dc59d2ebb,1764460050,1764460053,1744,97625,,
0x241398be2205a92ce2db662591de2fc61a29b6326e111d19e16740c256848a44,1764460050,1764460053,1744,97625,,
0xdf2ad8bfd07579d554f99df993410372d1e57df257bcefc7bbfc2d8b61d06337,1764460050,1764460053,1744,97625,,
0x5fe826238024a800ae27dfe9239c27e48931fb7a5e2433790e5b38e47daa24b2,1764460050,1764460053,1744,97306,,
0x7170997b7d9129660c2710cd4a7cba8a4968ee7840228165bc9023af749d4ba3,1764460050,1764460053,1744,97306,,
0x7cd1c04eb4f6c584197ed97221f9bb328db5b1100871347025f31d5e46b95abd,1764460050,1764460053,1744,97306,,
0xa71b93133aa80613a367fffac6637d488ace0626150266b5809ada96145829e4,1764460050,1764460053,1744,97306,,
0xe8c1ff017845e9bb6175038aaa155e5efee01a7d480638e118100d29d0c24012,1764460050,1764460053,1744,97306,,
0x8f136e321d2d463059d3fc1283aea867e200011f53774d579e6dfb3e4f420130,1764460050,1764460053,1744,97306,,
0x20773ae3a1ee823a2418a2922dac694d3c71c6654a90276d299f68316cb57d84,1764460050,1764460053,1744,97306,,
0xcc1b3a5e35db7f234f3f6579d12f58448d2adae938bc6d88d724f76a529207ee,1764460050,1764460053,1744,97306,,
0xc966c7d855a89d75baa49bd06a8fca8329134d03c333b192a5f8d3c2af74e78d,1764460050,1764460053,1744,97306,,
0x80e1c15d0ad1a0eac85f91b9aa906ad7a1ce50783cf3f839d7a4b40462f74df5,1764460050,1764460053,1744,97306,,
0x664ce3fdc9e903e1ef9b5dcb013365c9a78a22649161c3c3cd5ea04a27c7fbd3,1764460050,1764460053,1744,97306,,
0x649afb3f8520c3787c8f332e84d0dff11768c22e426ad96a8308e4e8e3572b93,1764460050,1764460053,1744,97306,,
0x1b2eba6cbc0c8863ae75e517d764ea627adef32baa15625fcb9a0f5a6f0edde6,1764460051,1764460055,1745,107722,,
0x630e01ab8d7d9a712f93923ffb01a84441b7f614e90190517d89fe8a4093fb98,1764460051,1764460055,1745,51194,,
0xc2f64d452bdb48f383882a4448bb6ff7ad75bf8cd8b2774d76f30c620acd1d6f,1764460051,1764460055,1745,51194,,
0xfab87a3f1d73432f2633beda5531f1841317ac8fa4b43946345ccef660180782,1764460051,1764460055,1745,51194,,
0x3b4b2715c6e164e778d3eab062d78c31cae7ad0ce96c3535608a01db0a1c07d2,1764460051,1764460055,1745,51194,,
0xcd48c417f6376beed1c0293a6da06f8c31d72eadc6fda4c18e18371c5a7a7331,1764460051,1764460055,1745,51194,,
0x09e086d2dfb2b1e4601909cf5dfdd29e1452616f7b6634146f31933a103d2f13,1764460051,1764460055,1745,51194,,
0x781e75421c63b195dd17e56df9285b8b4678f71bcca0750adc4ac98363df1170,1764460051,1764460055,1745,51194,,
0xc5db75350870af24ff9d0c8fb152e7d836bb261ab31f5cfc0191a6eec68347e8,1764460051,1764460055,1745,51194,,
0x90658aa65ad2768229584d8273cd48e666195be6b4644c3730cdc81469792234,1764460051,1764460055,1745,51194,,
0xca96425244c2e0c2b2908ab3c4c3404417431593d5b07d2fc1a917d070ba6a6c,1764460051,1764460055,1745,51194,,
0x1b2d3d4fc76a7113e4989d52d84bc7c20db09b27332033f087f7f28a38181e02,1764460051,1764460055,1745,51194,,
0x7dd830e3231906333511b51f3e81f5cfcac958f3d63b29203e6601f27ddb6a2e,1764460051,1764460055,1745,51194,,
0xf523ca345ba93b8458f3a25e7e4291ec0676032ffe680ca94fd746f7e8a39160,1764460051,1764460055,1745,51194,,
0xf61e0daf25ef7e14ccbca68e530e4e73c5a85a9ba95abbb56dce8949add4d2dd,1764460052,1764460055,1745,51194,,
0xc55bbff68243c22d6be4f6907981f69369a5593e6689d0f6f02b42828f779c52,1764460052,1764460055,1745,51194,,
0x48f1749d5576ef2890925730256bb039c7281fb6c696a13419b40402591522ec,1764460052,1764460055,1745,51194,,
0x518e17420b328102e6afb83cb6ebdbc0a0f9ff12d32f875790b01efd94897d0b,1764460052,1764460055,1745,51194,,
0x0f0c1ee25f245911ba48258e59f4fa4f6ad47842ad8c3337972cdd5e197ad972,1764460052,1764460055,1745,51194,,
0xb999ceb8b205f442b5b1b6bf421504b7f4204a7693f73cecfdcd3dcc7a10c6ac,1764460052,1764460055,1745,51194,,
0x507fd660b1198d5d305b176c076f2e342952f69a700a7da7b92896cd9924c969,1764460052,1764460055,1745,51194,,
0xa8f7a1410a08e83389c202445353ca26d01b15cf978711531bad016d1e3b13d2,1764460052,1764460055,1745,51194,,
0x6c47f6e8644b2922a35b1501fe2e76115745bc1b5e60d045806dae7130893acb,1764460052,1764460055,1745,51194,,
0x02f5c083d849dd1dbf624c1aff81fb6f5761ca5a5bbb04b5210ed494faeeac02,1764460052,1764460055,1745,51194,,
0xff533c7c18c12a6f116ca6fe7f90a7cd405931e38e5d4e228af2ca75706fa656,1764460052,1764460055,1745,51194,,
0xc2d6431c640edc5813225c5d2b0c1e2e28b23736d447f7030a24be55612ad3bc,1764460052,1764460055,1745,51194,,
0xb81f4ab2ba27334328c64792cf66d4e1dff4a4360e5f99b72bb28545b214d767,1764460052,1764460055,1745,51194,,
0x7075ed557e137baf740c51675cad9a55621efbc2d4871b28cbd3cc4c2b4bb77e,1764460052,1764460055,1745,51194,,
0x5091262ad8683e2af5b87c03d8127bf8a44d1ca589bfb4e0877e6ba4a187ecb1,1764460052,1764460055,1745,51194,,
0x062171cb43cb3a1a939f39964c6e9b4111a38f9c36b32901830ad6b1732ec4e4,1764460052,1764460055,1745,51194,,
0x99584049f86f238f82b4347b2025d9a9526c399b47ef60623197ccf1e43a70c6,1764460052,1764460055,1745,51194,,
0x0540426ec4c20ddc47a767f249765e183b56aec8c6779168bc4bf62f36d162a0,1764460052,1764460055,1745,51194,,
0xb53f573e395fd011ba6c38857f1b4db3bc260f83d6eeea7dd693cf142190d14a,1764460052,1764460055,1745,51194,,
0x81c94fcbbda790b0d9f9ac557c970eab8e92587593bdf4fb61d0d8e5db8e1fab,1764460052,1764460055,1745,51194,,
0x3b1714454a60db5e5e55f84bd491a9c11e839e5bd9bc7ad9ef48bd87f4f6630f,1764460052,1764460055,1745,51194,,
0x69f30cdbe57eef565ae31e9b5d7cb9aa9dbbfe74ed170c76e54bf87a2c98c795,1764460052,1764460055,1745,51194,,
0x62513283d1b9237c4feeccf74c7ff6033e7f4ba439e2a4935c57ac1df55ad74b,1764460052,1764460055,1745,51194,,
0xdfcb6d697586a88990e2e036485b6058a8846607e2b53192a90509228e8964ca,1764460052,1764460055,1745,51194,,
0xc9e1347b2f29cb29763613b50eeb6a8c1d8c05caa283a2906eb3f4d7dc8d9847,1764460052,1764460055,1745,51194,,
0xfdf69c2b07ae75a99e3707498eec2f5eb0a7ce92167dc9847596363b354d4af7,1764460052,1764460055,1745,51194,,
0x8c4a942a71ced1ace38a83245de50c58c07ffa6c24c356b69d1f21076d42210c,1764460052,1764460055,1745,51194,,
0x5d027b6b931c386bea2bef0d355305808a11d900d5a1391e5d342d59eed60872,1764460052,1764460055,1745,51194,,
0x607182d146bb59925867feddb8098fb70eb15534725d7e20168b91fe1e6e7611,1764460052,1764460055,1745,51194,,
0xb4445402ae01893f87f775e0cc142897dfbbf8b3e0686f4b98d5d3961825923e,1764460052,1764460055,1745,51194,,
0x722af9a69439677c739c72525652b65e4ca1a48b5fb6e92e6cc48b7db949f35c,1764460052,1764460055,1745,51194,,
0xba651c8339dd3510012ca48ff9754708b46eb661d7d4184e898a51e29f74b5d3,1764460052,1764460055,1745,51194,,
0xc9edb2f034c023f378f73ddf51fcfb11361e4b2613f9d220de49fc49a86574ba,1764460052,1764460055,1745,51194,,
0x7a44d2720da2ba1bc9b26f2e0412aea9f28d35facf5451a3003c9594522c412e,1764460052,1764460055,1745,51194,,
0x9154641719b90ed79d5a1208bbf5ff7393208c2897834e25d5a00227d716e7e4,1764460052,1764460055,1745,51194,,
0x408b2a88b8825019e41d99916481c0a07cc94c369612eb30536ae3ebb33226b4,1764460052,1764460055,1745,51194,,
0x517458c17d3451ad86a886486eda80da62b597110099c46a65d47c0d9df63631,1764460053,1764460057,1746,51194,,
0xe5546146be87cd929b01146ebbbf95176e551e120f82282d982f9a440178ec88,1764460053,1764460057,1746,51194,,
0xf4bf0211e7efd414dc2481ac2fa3b64ec2a3cb25565234a004c688e020696425,1764460053,1764460057,1746,51194,,
0x44866ccdaf7709ac7932217e0088cddfcfb605841cd441d41121be0ef88ff858,1764460053,1764460057,1746,51194,,
0xe6defe4e444c97cc95c5155da895d427f56c5da4c7d6457e1ece144682f3592f,1764460053,1764460057,1746,51194,,
0x3ac51f5d297fe4a97069eeaeb8856f3e85f276f364c84981823761a09e7229ba,1764460053,1764460057,1746,51194,,
0xeb821aef6fa426833a70d144ee23359b0a0d8cd939a42b3d53bda1af10311786,1764460053,1764460057,1746,51194,,
0xc15f2aa08ebbc7c8f7d919e9208d41378cc27ecd0dc08e420f70049cb709e855,1764460053,1764460057,1746,51194,,
0x491ad67ab91ad7fbc346bf1c9d939a28fe98cb426acec42a193dfd28a1952149,1764460053,1764460057,1746,51194,,
0xf3c400eec35195194d944074ddbbd7c130d43a956d2039286ccf16f67840be8f,1764460053,1764460057,1746,51194,,
0x3e9645bc290fa4cdeba6f8db2a4e4e7f7756d9275f332f17ea541cfed767d69a,1764460053,1764460057,1746,51194,,
0x82a4a8217bda59877672dd47392fa3627fb40f0e05f3d43959b8a4ecdb2bc953,1764460053,1764460057,1746,51194,,
0x098557e89947e6efa9771127240143644f316b0f8310a5cb90d031be5ed3d760,1764460053,1764460057,1746,51194,,
0xcf493892594e24f8e3da37f3d2c17817453b87fd45e516cfd68bf4d79e4121fb,1764460054,1764460057,1746,51194,,
0x5807fe831e50ce233664b139e2ed8be20c7ee922a266978118c0cef91e896846,1764460054,1764460057,1746,51194,,
0xa3bdfaab731e746725a13fedc16a837b715c3fd4c78d50c87610ea529b73ce06,1764460054,1764460057,1746,51194,,
0x1e657d7a7d75930ce1b6c3decf70079520103e3ecabf7c653623e4ee438bfe28,1764460054,1764460057,1746,51194,,
0x33eddee7306a2d2cbc1379e73cdbd209797e65bc243abaf4c4b686d97a130989,1764460054,1764460057,1746,51194,,
0x539a99141ea2de3a0d28f756388e6e34e4b716a357da80785265a6f4d09b91d8,1764460054,1764460057,1746,51194,,
0xf4d94543332fa73b96f817c72b00a92dc78dcaad633d37746177053bbf39c60b,1764460054,1764460057,1746,51194,,
0x0e4f6b65bf4f9fc2c8d0e3d929d9df973a06111f85a4c3c3d98fad19efcf320b,1764460054,1764460057,1746,51194,,
0x932bea67879b8a86fedf6024ded45eba308e52c4a6088ed3c8c639379bfe2633,1764460054,1764460057,1746,51194,,
0x6e006ebccfa32e0f11afe64fe644be3c3dc6501872185bbed3d1c2f5fb10b9c5,1764460054,1764460057,1746,51194,,
0xdc6a97a03fc470f7523df678213e2f9d238858e1b588c6dc5a3afa1aa9202a28,1764460054,1764460057,1746,51194,,
0x9562b35ba0f1c16bfb68826429c833ca163c8180153bc20a2a34c768ff4bbc29,1764460054,1764460057,1746,51194,,
0x696b28212a6fad7f7dbd4733d4907d0b97328e435682eee2ba2c5c63d4353c31,1764460054,1764460057,1746,51194,,
0xfd963edecee4ec6800616dc5aa127659bab401fff99178dfe7c6dbbb2ad767bf,1764460054,1764460057,1746,51194,,
0xab6241397fd47996e260c1557859d1a7f478b92b4aabeece0d7b1c175396d693,1764460054,1764460057,1746,51194,,
0xac70ef1fe8aeade7ca424894afac0a4cc9dff0b839d3797b3fee3bf2938090b7,1764460054,1764460057,1746,51194,,
0x2264040db8b77aacf7210e157e1474540f46e44196d65d1b59e066f8a1a31df2,1764460054,1764460057,1746,51194,,
0xafe20e1346ecc627d5f542ace2fd2b84bfe4207a9a752fcea307ea22b20a05b8,1764460054,1764460057,1746,51194,,
0x2d1613d83a19897c04639b269984fae34fb218e487e41a2e8c8ae49c93276a00,1764460054,1764460057,1746,51194,,
0xf6c975298bf09405759053648ef863348549541da8c65f3bc2578347bd24b425,1764460054,1764460057,1746,51194,,
0x3bdae68b4a23fdbe266fce6ac67939940ec98cabc835bdf879302e2adb14d39c,1764460054,1764460057,1746,51194,,
0x2b3ca9b5870524f8be756f81bebb1458e807ebe9cdd296a1f4e7f96cdd4b7879,1764460054,1764460057,1746,51194,,
0x377ad3c04d9163a8ddc30bede1c0d361300371b26f03b80ba154c76a4adfed96,1764460054,1764460057,1746,51194,,
0x6d6f5c7fa2312e9136a3e20a1278138f068ba5809e470ecc0f941b6d8577d052,1764460054,1764460057,1746,51194,,
0x1e12aa52e7456a54ddac14e9c81d32230b943ecd5055d59eb19b48ed75bcce34,1764460054,1764460057,1746,51194,,
0x47c173652ebcfbdccde8a65407215ee673f541dc15756bb7d608f3b61f958c30,1764460054,1764460057,1746,51194,,
0x56312955385cd87484f1e0a9092023720b27b6d6473110444e90997bbf1c6540,1764460054,1764460057,1746,51194,,
0x9ee326f51b58a6051b29fe46842aa89637ae24364ea32798ce9a00da2d63a64e,1764460054,1764460057,1746,51194,,
0xa9fb847d40ffa706186c31a8bf3928c8c738dfb768a95f0a264445f7460127e0,1764460054,1764460057,1746,51194,,
0x6c348268438db34506ba65789876c427bd7b8de93be5d3fa59f0148c7602b943,1764460054,1764460057,1746,51194,,
0x200527575c694fea3fcfe925a19d16d3111c1ffa2dc7854bd5156fd9c299cda0,1764460054,1764460057,1746,51194,,
0x986ecd763490eb1085645b3ad48551b8ee6da1d3b4a215ffcd0ed1395fa66dbb,1764460054,1764460057,1746,51194,,
0x6de494e2dfae378e9ae49cb84b74904371a29317bfa049958c1e8ac88fc1de24,1764460054,1764460057,1746,51194,,
0xab730fb2109a06450516813c892248e7d2151f917440de4c5ed9305de4c83cd8,1764460054,1764460057,1746,51194,,
0x505bdacb46b193fe8bed08ca6389a8bce00e227cc4ccb954367215fe66252583,1764460054,1764460057,1746,51194,,
0xcf93ab57e3939096ccd30db0dbea1f8835835e98fd988c82ac3166a109ea09d9,1764460054,1764460057,1746,51194,,
0xd5270a0f966d1cf252eb14848fa4e89b91015478dc2548546c2c7d5495d5f223,1764460054,1764460057,1746,51194,,
0x1efc7e0ce3ba7bb2dfe035a264e1c3e3fdfc7ef7ab3f0ad0c694f464b942db25,1764460055,1764460059,1747,51194,,
0x6c0012ca3f5b8ba3dd0ba956540472b79d8852424f3830547796ca5eb35989b4,1764460055,1764460059,1747,51194,,
0x3c60e50b0807a13a3299fed85070e47f3a3511b97870c6ef1b1bc8a46a2ebd03,1764460055,1764460059,1747,51194,,
0x3c242d0be66c8f58f6414cb5fcff1241c4e1ed6b6654ca6ad1b8ed6b2392e59b,1764460055,1764460059,1747,51194,,
0x1a5b4246fc12b74433b2ba83c6f68bb14512f54a8143740c1b7241096ab81696,1764460055,1764460059,1747,51194,,
0xc74a97f15fdff6073e12bc2bd12162d2842ca0fdbe5b09de2446e07b960e84c7,1764460055,1764460059,1747,51194,,
0xeabbec96ffbdad83ad71f5bb3278193482dba8d8196a4b661f14fe1c3a0d81cc,1764460055,1764460059,1747,51194,,
0xc9e1ac2cd66cbef1b10437edd07f531b6637abcfe2e1b2eb81ca01c73b539a53,1764460055,1764460059,1747,51194,,
0x1ca121cce96cb88211e35896e3a692ae7ade94ef75b432e6537dc9c486bfd0f9,1764460055,1764460059,1747,51194,,
0xf3a56d29f077ecfc738d093dcc6f8e8e51695485fae8ba158481465dde55901c,1764460055,1764460059,1747,51194,,
0x43eb42d7326e2f291be5ff626c677cf3d7b59edd9767b78b63b15e40b7e76a0e,1764460055,1764460059,1747,51194,,
0x149ec854c798898b63bf68251f97814425689fd5aa7a781baf9ecc838b19717f,1764460055,1764460059,1747,51194,,
0x4c11103937770067d3ee6078189ea9fe755b8fdf16ad3950b1df3f66176b5415,1764460056,1764460059,1747,51194,,
0x1e7323e07f6af00571f43d8b13f22f8a26d462cdacc4a6808719693b02612210,1764460056,1764460059,1747,51194,,
0x26bbb0d5b61a3f5a05b612e50c5b20671bb45db86ebe2f971229566b8576ef26,1764460056,1764460059,1747,51194,,
0x5e902b3787291e7c966356acf9c3896810562d2e3d4c74e8287ecd08a4dde6f4,1764460056,1764460059,1747,51194,,
0x5633c1adf1c6e77bc83ae2deb70d5333e96b71c38ec3e695f445d1b36d032bc4,1764460056,1764460059,1747,51194,,
0xd93dc0a44db76ba170ad9cd415eea725c9a06415c23f56b94a10c72c929f6899,1764460056,1764460059,1747,51194,,
0x1f0c3b6e3589e095248c51b01a61a883eece8afaeb082105a2fc2ff8a7d0dc09,1764460056,1764460059,1747,51194,,
0x020afdfc4132e7363dd035d02ed1e19b7cc343164887578b4ded11bedadc9d7d,1764460056,1764460059,1747,51194,,
0xc0b504ffa2a218e091e0a31122c64abb400f2ee49652d0e6a50f16d522b5c54f,1764460056,1764460059,1747,51194,,
0x3b47ddcfb0a08510c1ccef04c9f282d30ad27f9625f6d911741a1d330dde282d,1764460056,1764460059,1747,51194,,
0x23ce47a10deb43242bd5e8990338f1468adefc3714ad38fc3bc5ec756dc7d6c3,1764460056,1764460059,1747,51194,,
0xa77c5af7739837d2480e94c720fdf737b004d5310e488f3443b3627fc2aea1f5,1764460056,1764460059,1747,51194,,
0xd8444cd2d0939e5c29151f07d99fd69bc85bcae0d4148c23d22214188f802d72,1764460056,1764460059,1747,51194,,
0x75f2661face5bce30efd8e29f90ef284c92de5715866b61509cd083d00e6c88b,1764460056,1764460059,1747,51194,,
0x3a0e255dddba7c7e87dbbef2e9dbe670f14bf49ce469fee88cda3945ef3252de,1764460056,1764460059,1747,51194,,
0x539a0a1ea31f9af8f5a18193a95e17d1d5e1574ac82ccd8d2dee8c5c7e9c7c26,1764460056,1764460059,1747,51194,,
0x898c58f5fcc3905bd4b636b66517d73038ddd3c5d582888dd6293aed9ff3f9a7,1764460056,1764460059,1747,51194,,
0x3484474c86b44977b1cb49272a34f74c7e819b2b32e50745b9cb1c284076b5a4,1764460056,1764460059,1747,51194,,
0xee577bf46a4837cae51fd4a042cd26537a082732f603e0acd9317fb4b2f79aeb,1764460056,1764460059,1747,51194,,
0x9ef5aa6cf6478825ecafc18edf23d76bbd2126dbc3b4fb73e0d933e8a507c81a,1764460056,1764460059,1747,51194,,
0xa2594088994435e3c4334035071dbe17f61f4a94b5fd25bc08791f2dad05d2d5,1764460056,1764460059,1747,51194,,
0x90d9483393c752b7fbe53806eb5ef122169f88a613bd591759272b7e5e38e967,1764460056,1764460059,1747,51194,,
0x7134a3b7aebeb96ee208d4cb3bd66146d37358abc8ca90c4ad616a08e047d218,1764460056,1764460059,1747,51194,,
0x7ae4cb4f7a879ce09a08b1cde8f4dc503f774784b764cebef779f8eb6f9433a7,1764460056,1764460059,1747,51194,,
0xb4aee7ea7e111a65560d416dcdaaa17583b04bf59fb9160abd10dfce530662a2,1764460056,1764460059,1747,51194,,
0x6e9de7f03f401d6c51587e41a3a734b23a2cdcdd1c40049391ad34047aef296a,1764460056,1764460059,1747,51194,,
0x29ee34049c2de08f011e9084e91f937ea522d512d501285cbc0aecd3542de9a0,1764460056,1764460059,1747,51194,,
0xebf73beadae19d66598bee123f79fd17cd01e7ccfc6aae68b9020333ee3f4ca7,1764460056,1764460059,1747,51194,,
0xf174176342747cb10b7698829926c557cd28547c7b63f76443951a6db7321c44,1764460056,1764460059,1747,51194,,
0x0e4e752dac06a9935aebbcf1e818034cfc201c5e535ae910428b4c852a46b795,1764460056,1764460059,1747,51194,,
0x9ab26f1ceb88d2188b485e7622e689e5021bc6c1f39df61913d56310febc01e0,1764460056,1764460059,1747,51194,,
0xaca7dc13a05f245987c39cb181a137fca082079d122cd1786590ed0d9d813e98,1764460056,1764460059,1747,51194,,
0xd62c869f0c343e553ea28bb27c2cc4aff997e48eaaeaf908912fa8a0136323bf,1764460056,1764460059,1747,51194,,
0x856fc639041be7ee8347aeaab9a1feb56bc7ed0367262498d76c868484859e67,1764460056,1764460059,1747,51194,,
0x1211972ff1a1595c3ab67e7506981dde809b9c898bc9e67f7f7c270da6d32e87,1764460056,1764460059,1747,51194,,
0x54bdb29f04fe06c4feeb58f3ff344a2fc2f971a13bfad63b9eba2e5a471f925f,1764460056,1764460059,1747,51194,,
0x7715ed669a784bb488fabcc33bd2421ee989de264e93e6b733d310b0fe738047,1764460056,1764460059,1747,51194,,
0x8cbc88ac070620daee4c125e03cba2c4db3d48d5bd1f88800a580ca8d3607948,1764460056,1764460059,1747,51194,,
0xfea155fc768737a0a99a5ac3bed5682159d2849ad64de1736b943e25aae8db2f,1764460057,1764460061,1748,51194,,
0xed3418b63525f6dd699390703975f36eb458e0dd8de974d48f67cec63b654571,1764460057,1764460061,1748,51194,,
0x3448fbfbfd582555760a8c90c3e1f8565fb84a3846859aec4f5b20b8f7049184,1764460057,1764460061,1748,51194,,
0x06024ef31be5596b0f199aa75b5143db543e0bcf08ce9af413c694cb94fcbe5d,1764460057,1764460061,1748,51194,,
0x1df348c08f5526ab9896fd6bdc36bc0bd05d085c2725ff0d5c165e70e47f6c90,1764460057,1764460061,1748,51194,,
0xa7d4a21db0154879d96894078bdd693e4e8733960a396d4ac329b12446482568,1764460057,1764460061,1748,51194,,
0x31f4f2c2a2921f43e836af26f261161d35f8471cf4f45e37a2ec2f7c717ccfa1,1764460057,1764460061,1748,51194,,
0x792cbaa8381761da70ba880502a9007c6a9198399e1685d780148d9117578c57,1764460057,1764460061,1748,51194,,
0x92c04887ff1c56c3c967465bacefb41d5eadefb4867a2a9bb30b6832d276bee3,1764460057,1764460061,1748,51194,,
0x7e039ed8890c4c1ed7f3db9584cd772145bc3e216c7d94f801c688aaf7f9520b,1764460057,1764460061,1748,51194,,
0x17190b20bca5a2937cfeb6102618858f13c1def3d669b501870457c2e6aef464,1764460057,1764460061,1748,51194,,
0x53147af0664a74f10135c8ff4058699b23b2318feb5a2749e13647a632f4eb0c,1764460058,1764460061,1748,51194,,
0xa25935a113a532044d4c95234b1cbaa4de3cebdc83ccc75c718ea25b82021430,1764460058,1764460061,1748,51194,,
0x74a9f5562a960550760f5e01c1e748417a47d052dc6c74d1caaa1469bc3eea8b,1764460058,1764460061,1748,51194,,
0x8f1cbcbe0e564a81d166ec3f02404d0a177a07dda2dc3d9141e43513efe9ab2b,1764460058,1764460061,1748,51194,,
0x75ec3a1d7bcdfc9e0265849cc416139e03ea8acded3648d6c7c3360fdfaed686,1764460058,1764460061,1748,51194,,
0x7d01a11b7019ae9b24c9aa11d14b4f0810fa544323529f61a11d02155b2ffba9,1764460058,1764460061,1748,51194,,
0x14693f7d151cbcdcf26a013ee534579a05d01289f9b86ac71ceb9cb0f63687cf,1764460058,1764460061,1748,51194,,
0x43ca5452a15f9e3ec634332b2d21c5bff222044a73d5d2f0c2829f9a356b9187,1764460058,1764460061,1748,51194,,
0x238f530fae612c507ee88bb37ab8c89917e0b85f115e9f2158d9b028947f9082,1764460058,1764460061,1748,51194,,
0xccd6424b39430132f6ae76f2f6120d14515f1649c3812f872a9392e1bfe13492,1764460058,1764460061,1748,51194,,
0xc7a00f47a875e84cf3d54b099ca63b28708641337bde2fbcf022ae47976077aa,1764460058,1764460061,1748,51194,,
0x428911697dbdd3a41a3a86c358c427c2693379e29c49455f3844b74ca441e01c,1764460058,1764460061,1748,51194,,
0x796cb63e0fa23ae07ec28f88bd67e06d9a566abee5f9edde20d356b82920eeea,1764460058,1764460061,1748,51194,,
0xe4310a78c6aaefeb64a7367050b50c52c082571d7f9edaa2e6930f1e79f40e15,1764460058,1764460061,1748,51194,,
0x2964620f494afe310db91f37b54cfe76eb48a07e35ed1f64903a54780c19fb65,1764460058,1764460061,1748,51194,,
0x82292ab40da189163f4b08737ba5fc0a950b47443952fb2a9cc1a4f09b33dfb8,1764460058,1764460061,1748,51194,,
0x12281be92b3e1eafa6caf7b341514be77beea189da4285d7c4b2e6fe8539cb7e,1764460058,1764460061,1748,51194,,
0xf33a2c2b806ba08729fb5eecb5ceaa6cbc27b10540421d19decb30d77a1c2186,1764460058,1764460061,1748,51194,,
0xe849e1a51ffa151e5bd24048ef83b49de08ee46ad7d38a56b5d7c5642425b693,1764460058,1764460061,1748,51194,,
0xbc728883f0ab99e0771dab5aa743782a0cc7219b4d9a95bef565f608edab7b4c,1764460058,1764460061,1748,51194,,
0x731b4859dd5d5922c495eac33c9e49bffd3f91fba810e7e9c13d9a692c28c671,1764460058,1764460061,1748,51194,,
0x53ea77fb891ef30713288780224e721d1fee3fd6d39172cca6136f619a9dfce3,1764460058,1764460061,1748,51194,,
0x5535ae5bfc24c99ce417a9b3584928b9fdf3a24a8105d00fa4d8fe97eb21a9a4,1764460058,1764460061,1748,51194,,
0x8a3f89f5c4527d0227b5d6869384bef24aceebcfe5050e2354a121f67a9be9f8,1764460058,1764460061,1748,51194,,
0x7af5616f7e00da2bc5ddbcb467267b32d0dc365624e9f22642c3ced1b1f4d745,1764460058,1764460061,1748,51194,,
0x6d81fc72b6f3a0be591fae3d123cad0b3ce41a12169c11059e472b3812683f50,1764460058,1764460061,1748,51194,,
0xe9fa2d5defa051c63b65771a4f3920d2c0dcc5a054b6142871a91fdcfe3b9167,1764460058,1764460061,1748,51194,,
0x4e73b6671fc470905570c06bfa211a7e57cbaae9af2ad22496295119bdbbf5f6,1764460058,1764460061,1748,51194,,
0x5a1e1a2c074c543fc4208974c9402c8e68f0bf75efa8cd735a0c557152274677,1764460058,1764460061,1748,51194,,
0x7e1c5e767d19ab583af6591cec42d58625d2375656d1e53094405d590a17a76f,1764460058,1764460061,1748,51194,,
0x107b8adf0c87758b72e07b336d41d27f07ef7d881243311458d9fe726ece562e,1764460058,1764460061,1748,51194,,
0x91dbe6399108ae597f380551a359e04cdf9756aafb9ec56443b56b0e07168b9e,1764460058,1764460061,1748,51194,,
0x4e9d657c61275a61ba00e7cd64627d655e4d67aa516efb7c49730f0cdceee7f2,1764460058,1764460061,1748,51194,,
0x82924e2e373759e869036ae507f15885b177b1f1148948ae332faf10cab0193f,1764460058,1764460061,1748,51194,,
0xee581015474c3fae1e3292171acb9624557e3d5aa3a121d1ffe4264d3dc7d3f5,1764460058,1764460061,1748,51194,,
0x92d98f575415b6b7a9ec31aafa6d1855cea6533c8c182dab0b1b2fba38eaff61,1764460058,1764460061,1748,51194,,
0x3daa73081aefab8e0b2878f04970b512f66c57bee68718306b4b29623cd9ade6,1764460058,1764460061,1748,51194,,
0xc9d85ef5c33347fc7b5ab70b3ca5b59a00c01eebcb30ceb8c544dd38d780d85c,1764460058,1764460061,1748,51194,,
0x62d0bb9dca12d91801892f25c5c694e326ee5960be282243dbe8bfb195224a45,1764460058,1764460061,1748,51194,,
0xef2866b3f1f35aa9954637842995238f078c5a2041b769c9d0928e426d7b1cb0,1764460059,1764460063,1749,51194,,
0x503f2516f9e922dcdf75e2297826d47bbee53498f2aa458890de51547c79a635,1764460059,1764460063,1749,51194,,
0x922438f7977845d2804c779e424ba90b9cbef962f093c18a0f19f90b25335d22,1764460059,1764460063,1749,51194,,
0x183f7a59269a35e0edc106764feef7c5aa3b414846028403c0e5168c5558a65c,1764460059,1764460063,1749,51194,,
0x41571298b1be9675df49735ef9a4e3f340023214e4c45ade341c0bcc808a9303,1764460059,1764460063,1749,51194,,
0x26b7c683361936d704ee869ffc9d4d3b09b6ca2aaa45ed4e5b80e7b6fca0432c,1764460059,1764460063,1749,51194,,
0xd360836fe363a7880142f682e5a8c0e1d71d50599ab5cb81463d3870d5f52431,1764460059,1764460063,1749,51194,,
0x991a4ec9d032d6d0d205a46c8e0d886702fb7de722ee1ea153722194b429688a,1764460059,1764460063,1749,51194,,
0xae9eb48e01ab3f5fe4b51940eaea7b7dc8be2bbff2beab3ff95e56d3ed395611,1764460059,1764460063,1749,51194,,
0x3770ae75ceba4f73c66bfdf44260f047c942a4b05fe50031e30cc593ed22ece0,1764460059,1764460063,1749,51194,,
0x3d413a33d336c17e86b53ec30501210a6d429f69ca18cef7977418cd3b471dab,1764460060,1764460063,1749,51194,,
0x54515592752519db37b6e7cb62dc9f923d342e479da11d3e5715ded0ed4a1808,1764460060,1764460063,1749,51194,,
0xcbef4f0facfaf40e5ee84915faefc43c4d4477c4d41eb9d99a60b5159df7151d,1764460060,1764460063,1749,51194,,
0x6f547f0120294ba80b088aa203de93f63cd2ff9d67a66ffea09ffa4111f5e6cf,1764460060,1764460063,1749,51194,,
0xdf8346824a16b8848881347c8eff3ff9bb8175dadd7a537aec5ea5d6ee8cdf17,1764460060,1764460063,1749,51194,,
0x34d59728b43c64b565845cfe6b0d99899657e071d464737ce0e43f3de8a87012,1764460060,1764460063,1749,51194,,
0x726df2232cbb1ce478e2f8a4663ab67aaca2ba22dd8fd536aa8d17920f1dd702,1764460060,1764460063,1749,51194,,
0xf3cb9e9789a5e052b00621485376226d2fb94983a43dfc94ae49b255bc3e221a,1764460060,1764460063,1749,51194,,
0x35cab6d4d016e4f7698955f2660f46049b0bbc835bcf62ca4becab42513a7c7b,1764460060,1764460063,1749,51194,,
0x4d7e6d3381c5e65efad791a6a4a1bf5d5577b21184b8cc4379e2c355464d95ea,1764460060,1764460063,1749,51194,,
0x25604973344c7fa07f8b2687ad0a8e73c1d46c8216102fff1638e45005caf200,1764460060,1764460063,1749,51194,,
0x534970dd2aaf26ab57cac7340acd85720a9ba586b395b8a00894e7c8c597355d,1764460060,1764460063,1749,51194,,
0xea419c7f1112aee6aaaacb9b7444df29eee272d51f81a58bb690f468cc6e4438,1764460060,1764460063,1749,51194,,
0xa3f5eda38a99d3a98fec3f457a1256802f3465be28a22281519cefc7da7405c2,1764460060,1764460063,1749,51194,,
0x79496e236dd3ac944eda4e045fed592401cee934a700e4c6b3bef3bb97ee4eed,1764460060,1764460063,1749,51194,,
0xce3a29b2ddc65043eaa898d78e595e857a906a9cb715e886577c0105f829be59,1764460060,1764460063,1749,51194,,
0x7c594a4638476577a2b4352720c62adbdb492760ed5473bf5bcbfb96b6668e35,1764460060,1764460063,1749,51194,,
0x696156ab0cfd17baba60162f15e89f40d6d4006d2ab5ed6e32fda5b8d21322b6,1764460060,1764460063,1749,51194,,
0xa2dd41e0efdc6d8c5d9cb09ac54aa0f150615870b9259e20289c7c8a2879b59f,1764460060,1764460063,1749,51194,,
0x1909f3c7eb0da4645864386e30870e1c40fad24d91d9c3a6b5bff60ec2afe82d,1764460060,1764460063,1749,51194,,
0xb447d2740b5af55506b8e1e183bd6809a374b71d4e059520a4fed96f5ec9bd67,1764460060,1764460063,1749,51194,,
0xb817e3443ce69f43e8a8a232a3f467aa77d1dd42c4ea6b237d4abb6140424df5,1764460060,1764460063,1749,51194,,
0x6e49a08ae9af220a95a34117ea57d94e776c71cc33bdf6243956fa7729afd278,1764460060,1764460063,1749,51194,,
0xb6432fcd14c3eb32888e9e7b6ae4109ee9051d2252b71ffa4226d0bd28ff70aa,1764460060,1764460063,1749,51194,,
0x04f2c4a077f6cb7382a8d4d15ea37aa0e50026d3b718979ceec1e1ba6843287c,1764460060,1764460063,1749,51194,,
0xb92b00241653ca228be5018aabfc2095d8b4073e86b3fd90c35088c4a3f80f35,1764460060,1764460063,1749,51194,,
0xf64f12a87a2874eb64df7701554d28c283a0c1556fffdd56a878476e1ab42927,1764460060,1764460063,1749,51194,,
0x5446f6231828dc1004470ae12857ebc98d4786f2230f498b1b08bfc724e41c94,1764460060,1764460063,1749,51194,,
0xf75bdf8aaf58501b6045c3bd5f742faea3f1ea6ccc8687a07e1309cab530f2d7,1764460060,1764460063,1749,51194,,
0xeed44ad04c05722c927c26f44d74f6128d659a6123ae602036c87f8d1f93f9f3,1764460060,1764460063,1749,51194,,
0xbe2f62a25a6cc0fd9a698705e81f9e32d214ae05d1e750adc4b6ca0ad1a39a48,1764460060,1764460063,1749,51194,,
0x55c36d1ff4fb42aa0dd667f03d5b14022e94cb9200d500c6eb6ea2d636aa067e,1764460060,1764460063,1749,51194,,
0x389b230d7ab27602b319e7ec34b5d737d7bc2f11295afad7ba557ba0fe60e2ab,1764460060,1764460063,1749,51194,,
0xef80537ba6af3fac6b522ba40612b6f978955a5b511e1293d1a99a578eeb1e81,1764460060,1764460063,1749,51194,,
0x0dfe2cd8dbb208a2ce9bc93c330628e48e0fcffae8ca2c5f053ee4aa6e4a60f0,1764460060,1764460063,1749,51194,,
0xde5c2575b4e9c46741dc595b1fbb3ea1efed1228d9b42e0ccdab31b852529b7c,1764460060,1764460063,1749,51194,,
0x2e362b1b684f89c4dc4533225b9b1e9f245e31d7108280422b00748862895297,1764460060,1764460063,1749,51194,,
0x3edf68845a4abf6da452444d764fb6a7a32a5c4e3e9cbd86f2d3286ec1cb7297,1764460060,1764460063,1749,51194,,
0x3580e4781022d85e7421d910b37126f50704a8b77d4f64bb14eae6d8b6f2e640,1764460060,1764460063,1749,51194,,
0x50bdb5debf815c50bae3acd02b420cd42172f099edb235c12651ea71660c18ad,1764460060,1764460063,1749,51194,,
0xe37ba1b07f41252a7cf8376b165a8a0e9ad0f34f3cf29e4cc97ad3e265147bd1,1764460061,1764460065,1750,51194,,
0x9426a0be34aa8ef834b43fc883b193aaed39a94f20dd2ee37e5450c3627e46e5,1764460061,1764460065,1750,51194,,
0x493b5ecdde365c7c125be25792f1ea9c23122caff380df0ceb100a0fffcb67d0,1764460061,1764460065,1750,51194,,
0xeede9b6528a2c759068278f6caefbe837585be0f7026af47ba525a21e45362cb,1764460061,1764460065,1750,51194,,
0x7eaba7edf9e77ebfaa12606b2b5b2c303d3faebe3898def82f120d58b53d1881,1764460061,1764460065,1750,51194,,
0x37a6b4dc3b060a40cda30e10de79b6ce5f8c157bd305afa885f703d503a354a2,1764460061,1764460065,1750,51194,,
0xa6d30cc2d68c1be08432f5bb0d3e504f8c27d083b483971e5779000e12d9c055,1764460061,1764460065,1750,51194,,
0xd810e783ec2493548f26a26ca0b017b14fbf4a5ad6984e4b93f0cfd597cb23f9,1764460061,1764460065,1750,51194,,
0x3b1f63b3e060aa40671ab012d708c5e51408aa44f03b63675123862738f16e87,1764460061,1764460065,1750,51194,,
0xa48771b8c802268a02ad9bf2372ff20a63715b5826f491ad5c7f1d8ec3488387,1764460062,1764460065,1750,51194,,
0x2320b10c7dab58eee99b02f6a434730b4b24a3d48daad68ca90ca6824fa68091,1764460062,1764460065,1750,51194,,
0x256661d68587eeb6591adb0e449b1b6abf0b8595d9b3612c3b4089d8f940778a,1764460062,1764460065,1750,51194,,
0x19b59b0252307696cbd0052aff2b7950ae7dceeedeb7bf44680b9617a8fcb49b,1764460062,1764460065,1750,51194,,
0x104f67a5b1e0b55a44f926661009ca0d1b12daabfa6a1294e51cceb566c107e7,1764460062,1764460065,1750,51194,,
0x206c45064c6054821f298344bdc607a48e4c4243b26d257c4d2d75f7bafaafe2,1764460062,1764460065,1750,51194,,
0xca509108859b11cbba7e3b2e33e673e3c3a4fa94c249c2188ee82a2ee6730daa,1764460062,1764460065,1750,51194,,
0xbc970c8998fb0c20a1f5590d06f4079c48856c5691adab67c23bbcafdcba97d4,1764460062,1764460065,1750,51194,,
0xe94bd756c4f57fbc47c69eb0d69d6b132090fb98637f65a676dea6b8db4c0a6a,1764460062,1764460065,1750,51194,,
0x0a8b37c5e344c10b1e538dea060cb2828a16cdcc62fc292a8ac18844a92e3e56,1764460062,1764460065,1750,51194,,
0x29e04a99f9fdace4868684f0482534f51276f5f27083dbd512e9554b690afd1f,1764460062,1764460065,1750,51194,,
0xa3bf4bbeac98e44ca25279d235297d8fd108279b8e9366ae0c8d36ce6e11a949,1764460062,1764460065,1750,51194,,
0x40387dd374d0a3e7a713a0ec459c8cdd3d39c16a131883e1eb00065cc72af7ec,1764460062,1764460065,1750,51194,,
0x3a05dd2c684c353fc6e1eff55362c3d6db8a3a5e3355084a593046096ddca50c,1764460062,1764460065,1750,51194,,
0x482769c849d30f4fe0ce850d15265169f0c35fd682cec766ddf65af5ccbc56fd,1764460062,1764460065,1750,51194,,
0xb4c351fc658ce3a0910ed9c5eda38290557cfa3dd6a6974993ae7c7e1f028c71,1764460062,1764460065,1750,51194,,
0xde8552978a55f922f90339665cb71ba1b98dfa448e98a7daabbd39f59ede3c54,1764460062,1764460065,1750,51194,,
0xb2a2a87775b9d64898b855e2972dfa7b826266874db7cf18f13e4dc8da6f4183,1764460062,1764460065,1750,51194,,
0x777fb10261f65068f7beb380d6561ea7adb87cac15bc0d3b66d303f06a7b8683,1764460062,1764460065,1750,51194,,
0x566c93a50a6c598e8a347979cd2e014b10aa5a04131f16147c2ac7645a6ea9b3,1764460062,1764460065,1750,51194,,
0x21c3a91056cfc671d1b6a188b6736bb887612ffe25271af6e5ad823a08b4b300,1764460062,1764460065,1750,51194,,
0x42e7d88a6d73f1b32713598232b7cdb35439f07b5594437c829f7597147f6127,1764460062,1764460065,1750,51194,,
0x30946989957558d43b1fc06055cee37d3cd9618b3c3607292e112c3d3dd8b8e8,1764460062,1764460065,1750,51194,,
0x41a1d1d7f46081bd2c7d099d24366e36e89001efdf9a977ffb5e2250eb98ea19,1764460062,1764460065,1750,51194,,
0x33ea3abda6cbb2a4e7d6adc32ea095df56326a771a1cbe13040354fe7c95e086,1764460062,1764460065,1750,51194,,
0x0f46668f00c9287ac86d6338cac58ea854b2412a1f6003a0d0a15eab70f4a4f7,1764460062,1764460065,1750,51194,,
0x64caded3992336360b1e0b5a5b14c84c8424c8c07c9fc8fb5496beb2addcf717,1764460062,1764460065,1750,51194,,
0x77b32c22237a983b92c078d15ba75415323a847561fba1e8ad3a82de7d4e15ed,1764460062,1764460065,1750,51194,,
0x643c3c3b77ede5b2ff4b9dd44c59c1bfb706d7b65437b65c737a83fd15504034,1764460062,1764460065,1750,51194,,
0x658170c238d4fd9905ffdf1d6392085fb337f779b741d62b10b8605eda870e88,1764460062,1764460065,1750,51194,,
0xd76f609653150cb9a4ba0bfe4fc93e287695ad0b1600cddbb3798f5889a0a12f,1764460062,1764460065,1750,51194,,
0x11c387d48992f66be7c1a57a50fba35b9581ec58209d80f6ce495a9a76630aef,1764460062,1764460065,1750,51194,,
0xffdd31e20466f175c0ebf60c2fdf84d67e48391d219b5a710c433243db0018c4,1764460062,1764460065,1750,51194,,
0x320ce524a75ab45c622977a7bf203d573f94e7435c056dfb16f4d21f6b17909d,1764460062,1764460065,1750,51194,,
0xebc3ab58e12cd2f979e74555d044d356caa53a9d32e4380ba519bc9d4910904b,1764460062,1764460065,1750,51194,,
0x26f8e7860c579a21046e10f4cb0cf862bf65c4b97e33a5a4c4192b8913665352,1764460062,1764460065,1750,51194,,
0x89e7e589058f21d0fc04da1179ffc6e646dd165b4f093c59d1892150cf355493,1764460062,1764460065,1750,51194,,
0x9b5443899b585095b53aca5b26039a4b007ad03ac47d01c6b1f936d80680bc60,1764460062,1764460065,1750,51194,,
0xdb208c77382670ee5fad5bc4fc743c6ee7395ed706fe940cb39fb706097cc1bc,1764460062,1764460065,1750,51194,,
0x2e0fb5c821eb2db46b52e080137874c00a47c59f708b1fcd92e37d35378d1665,1764460062,1764460065,1750,51194,,
0x8209aec3bfe748aec7cae03add3d008d167bb773312c86c2f173535044e5abaa,1764460062,1764460065,1750,51194,,
0x044690470780dd21876fabe88e4f7eb99fe39687ab541e1e394206fa74d01383,1764460063,1764460067,1751,51194,,
0x753ee4992b7e2b149d0f2b6128df21353b2ee2a74b7a6ed7131c7866b576c460,1764460063,1764460067,1751,51194,,
0x260a5c80c86a08008051b00b901159d9e19e377c4e9e6e8874c6751489bb6143,1764460063,1764460067,1751,51194,,
0xe97e9c5a9558cd2fa2be0fc0f3200b2d00a6a769c28686baff047ebfbf6c74bb,1764460063,1764460067,1751,51194,,
0xca04dae22d3eb8290770257dad6cba16b398b23a0903998b15d73a866bc9df29,1764460063,1764460067,1751,51194,,
0x49203e79b725a33867d77410d7fb93b85a2aa3ca3ad6ac3690b75fed7d481abb,1764460063,1764460067,1751,51194,,
0x7212fe28811a38520a38ca16a8a06e63b28b2ef77dd7b665bd85c2d74ae5f7c0,1764460063,1764460067,1751,51194,,
0x4071c05e2bb045cebf3e1691461551a76def91a39dce59281e9658d8547b911c,1764460063,1764460067,1751,51194,,
0x8cb61b4874519eb5bb3125cdce15246209e8e83fc4cbd4f4b520a3c45ab14115,1764460064,1764460067,1751,51194,,
0x2f25cb227dbb8b6c6697776c5548ff51dfb731a7d604655f31fe71f1c24b18aa,1764460064,1764460067,1751,51194,,
0xb7fd1d25069646c5c5d0db82c8f5ff3b0e26a2fd5040dc95c35ffe1e5d0143ba,1764460064,1764460067,1751,51194,,
0xdaba0d63579bd92ebb928c543c1cf66a2327b8509039a4e9b83b84db37f3cc5e,1764460064,1764460067,1751,51194,,
0x6cbd78c575b4560a09b32cb25d1288bbd7cfb598283eef88c72739226c5f9d24,1764460064,1764460067,1751,51194,,
0xac4163305a398f04e1eb3cda2a235a46580a9a60b67eb6346b6efd2811a0f21a,1764460064,1764460067,1751,51194,,
0x1b91fe5ad674c1da2a588bc617dfb8259869c8bf1282756f12b6f4ff17bc1ac2,1764460064,1764460067,1751,51194,,
0x99e8e0b0e4789b365cb69e495b8836c96ba4306d94e1b6bfcda88e1bd589a8ff,1764460064,1764460067,1751,51194,,
0x7abf4a763303bce7d5309adb36d314ea305a6940ee7d9fc633bda778307a386b,1764460064,1764460067,1751,51194,,
0xbd6277cda2a63ccf2b0f9458d9ad891c94a91468d027317a1376d7d771ac6780,1764460064,1764460067,1751,51194,,
0xbf9c2034f923d33b3e8b8e122ec2317899edcd10438018bee04c51794ad61137,1764460064,1764460067,1751,51194,,
0x38b190cee5bd6c8f868d5dabebb0dae8427cacfb0465dfc0c1b1027a8143c3c7,1764460064,1764460067,1751,51194,,
0x50ac7b9b0dfd0ecd6b1b6acbd41db59075b4eaabf7d57e67f8dd875c0c29ed36,1764460064,1764460067,1751,51194,,
0x1db14dd6228813dc44464d3663a71b7d081ef6a4f6beeea72c1a9928e4070910,1764460064,1764460067,1751,51194,,
0xb3cf1f953d9687fe1e39639261ed8c3b6140f7c813cc76294eff830d663b686c,1764460064,1764460067,1751,51194,,
0x8b41b11c0352ce8bb47f5305b025b81d9570f95d1556c8b406c12ed793386f0d,1764460064,1764460067,1751,51194,,
0x19d159b10d93dd42aff6240f1f7c1aecf155f5082ada9dabfec7e13358df1e6c,1764460064,1764460067,1751,51194,,
0x1e331973c6f308aaaf375925d5e4b1b1d810e6724d065d968f79b36c012c5890,1764460064,1764460067,1751,51194,,
0x7ce9f43789338c5c813ce8957410ca622350abc21172dfd07236651f5930fc06,1764460064,1764460067,1751,51194,,
0x7e7ed9f7432ab34ba88ba076e7e4826276dcb26eec54fb231dd72a2d6575ab64,1764460064,1764460067,1751,51194,,
0x807baa29fc186147a63192ade4287a61c707686cfb426a251d26eb88a11666e1,1764460064,1764460067,1751,51194,,
0x1a681d151780edfba4e00ff4e8f4ecc693c5e3d4a87180c3ef6d8345752568eb,1764460064,1764460067,1751,51194,,
0xc9573e5f953557b2a8ad6435d9e6f9ab6684d66576f40409d371040bb0a4d00b,1764460064,1764460067,1751,51194,,
0xa033410f8559eb8bca4133726226988f719d773bed43b6a6ef4f8bba40d487aa,1764460064,1764460067,1751,51194,,
0xc15b69e91ed7d47e5c702b974ac61b43d2e20c68bae3859c56eba1ecc4330153,1764460064,1764460067,1751,51194,,
0xc2ecd253994e9a9f03de8242791a9b8101e2890cabe9c4b34b139e304ac37d1e,1764460064,1764460067,1751,51194,,
0x93de79ce6ae404d1b7757408b6cb40482657f894987287afb6ed6287f06bc884,1764460064,1764460067,1751,51194,,
0xb3b3e9aa5a85fb9482d08f1504b245fd214ef7c8ab96326f6d41aa2126210eb7,1764460064,1764460067,1751,51194,,
0x48a25fc9dc7d70cd604943a3b57fdf41b5a000bfb661db583aaeb1d8d5951c93,1764460064,1764460067,1751,51194,,
0xd410357471024ca107170e3ed2d6315e835dbd4bf4c59003ad1eb7e143dd1b34,1764460064,1764460067,1751,51194,,
0x1f8874abc2d885506727003182f30dbe7ebcecb22019c90044c73ea46390d9a6,1764460064,1764460067,1751,51194,,
0x2948cab9969fcd2b5c6e84530a043d35dd951016b08e074a22bc7f8856f93287,1764460064,1764460067,1751,51194,,
0xd04d8f14797184e6eac587d90d9a4256451bed57ef8784aa7701399823c8570f,1764460064,1764460067,1751,51194,,
0xd1d0af531ac76f97d4860518ca327aabf5daa475c93b9ccbb953c222ed0a1933,1764460064,1764460067,1751,51194,,
0x2ba12f6ff2b6fc60a66916b21127470a99109b7c53da1ab1c6e36440ca5282dc,1764460064,1764460067,1751,51194,,
0x67cd63fca0415baffec272755174c16dc7bc37eb1da5c7b704baf9b5e9ce416b,1764460064,1764460067,1751,51194,,
0x2ef7ca5faab33cce3abcb4cc4ede490452515f9f119350d930587548638a1837,1764460064,1764460067,1751,51194,,
0x85f516da03250490bdbad6d610534f4fdd98b325d5d0bc6652ce2ab948a2d42b,1764460064,1764460067,1751,51194,,
0x18674b2362e165ac81d43d36a2df93870c827bfd32946e8b46b481908c793409,1764460064,1764460067,1751,51194,,
0x0b463a157f5f752ad99b6e888b0995b7a04f934838e592f22b2e29b0e9ea03cb,1764460064,1764460067,1751,51194,,
0x3480dbca793889a6a6be13b474ef0839adb5960c04f10aa2940dafff1660fa4b,1764460064,1764460067,1751,51194,,
0x6856176ce954c4ec9952d7a4810a4a27b81a6059ae0aab3a80e2946d6a98288d,1764460064,1764460067,1751,51194,,
0xe972e11fbf048b74166616763a0dd258f035bd27f84ae8332fe6961752670771,1764460065,1764460069,1752,51194,,
0x32cc9166b8183d0ac889381bc2e1076722fb6965a2619d796e2a76e7c9994c87,1764460065,1764460069,1752,51194,,
0x4e79b77404b6842b1654bc8b9fe6a2bb9f5d92317be3425d1c59f77200a70e98,1764460065,1764460069,1752,51194,,
0x5b27852b2a1177ca8be086aba3427247a0d39bdefd924a26f33c9f6d5116299f,1764460065,1764460069,1752,51194,,
0xfcc3f1d49dcb7ec85553d2bbb1b23a3d1d9d98193cbcf1d37b5c16cfb22e9285,1764460065,1764460069,1752,51194,,
0xdb2a897b0f9e55e7f5892c2acdc61bf1b9ed413c28ae5e18e16ae1725d45d73b,1764460065,1764460069,1752,51194,,
0xb2607801405a18b8a82f735d0aad0b3dc7069b9fa9a786c88467cadbb6f9b333,1764460065,1764460069,1752,51194,,
0xb8b4fe8e7345994d9c7ce50728574cf6db04717f6fd5b9e3d13ff2fa1f2eb0d4,1764460065,1764460069,1752,51194,,
0x042c5f210cd068e7cb1fac0e2984faa550a6fffa43edb6225ec5c8240cb46a2f,1764460066,1764460069,1752,51194,,
0xc688ebe42f58c2b8c58889dac6bc8e29686f35ef594dfb036780156d46c52e73,1764460066,1764460069,1752,51194,,
0xb8b15def41403ae880a219e5a5a3d7fb5fd7282fdbb0867dc1ccabcab3738e41,1764460066,1764460069,1752,51194,,
0x72d1cc6617e0ab0c2e237df0beba6c609adbdd413e984c2786d6865f41ead127,1764460066,1764460069,1752,51194,,
0xd632ae7a136948398e749f63d9400120ef23ad78b8db7bbbc37bc51c8ded4683,1764460066,1764460069,1752,51194,,
0x30a04d1048c8f7567b1f9b54962a2b3a05bd7781ba62a1265e0b9edaab625766,1764460066,1764460069,1752,51194,,
0x2ef84c7c5e75060e3f3a47f32605d5be3afc07002b9c5f72a004729efe11711e,1764460066,1764460069,1752,51194,,
0x60b227c3a7c847921bcee3007f59478bd2dfd64e3e59e4ac3740eb9828accf27,1764460066,1764460069,1752,51194,,
0x33a520dbf00d0d5f931e86b3552e887be52625d1b4013be669d2f642a0d1dbf7,1764460066,1764460069,1752,51194,,
0xa31e735cf674253e59e64fe0bf6a69e94e48dd1ea7c907937c45bbd45a035f27,1764460066,1764460069,1752,51194,,
0xe2cb74ad4499d854ef5222684c4fd6a97d026b55a089b509de6d8a93cf3a0466,1764460066,1764460069,1752,51194,,
0x85b5bc29d59d31d79a2cba149b08fc02d5c023e4abac2549a538308729ad59eb,1764460066,1764460069,1752,51194,,
0xef25b85165c82c96fa8ba7996faa870a064ec912dd3adf7a27387623caa70dbf,1764460066,1764460069,1752,51194,,
0x6a71ca5909306e70dd0771d1713d0969324ef9f9ce603f70c208970b0928ebe0,1764460066,1764460069,1752,51194,,
0x83839b2e600851d3907c2a0ba28680bcd2addc90d8776cbd6a27c309e290ca59,1764460066,1764460069,1752,51194,,
0x6a2094bd5d690d0d8ff50f3972102ae51ea8bb12246809cf7df1755523880e2d,1764460066,1764460069,1752,51194,,
0xe28167050e9c487c03bdbabba732eb1bb252d23c977eb1e39bb84a1b6d729bba,1764460066,1764460069,1752,51194,,
0x1dea359df1993ab33d829a876c88575998ea3416e9861abf3497e3826d82735f,1764460066,1764460069,1752,51194,,
0x7ac5841cca07b7603d41f74c835698bb80fea2c46b88318cc97431dcc2dbf5d4,1764460066,1764460069,1752,51194,,
0x62d5b67058750ad75b805863e887087549556f0dc678f518f8f75359bb66a77a,1764460066,1764460069,1752,51194,,
0xafb8c32551ddffb15910c60c8b0c7a627c3811242a0ae253d0882a14f6716987,1764460066,1764460069,1752,51194,,
0x4d5f16666a50e270003428e073a8db5a86bf3943f1a821294683f7083a7fbd55,1764460066,1764460069,1752,51194,,
0x0cd9a7f6f6e26b2f299dcca289c8a12b2e87f109a1bc7fc9a8a90ea51de45d31,1764460066,1764460069,1752,51194,,
0xe34bdc0772178379d9632b960c46ff7f03a583938cf5e36e42c96c9aeb1c7153,1764460066,1764460069,1752,51194,,
0x62073a4bf3da0059dd32bf01006510805aa0c3666e1f622954f72dbf25d40f7b,1764460066,1764460069,1752,51194,,
0x82d8eb6b668bc058b047304c1dd380e1c8b6702d0b40115bd09fe263f3802181,1764460066,1764460069,1752,51194,,
0x10508ccddc08492fb31eed5d1fd3666b0068a6b9da18f2a6b0f7f2cf7e189dc0,1764460066,1764460069,1752,51194,,
0x4dd7c2aa14f7625a33181246031d317a7402b738692467a475c2077b814b4840,1764460066,1764460069,1752,51194,,
0x12ddd2b4af5c91a08dd838bfdd4ff4201cb9a33deaba56207cc5bac163aba5f2,1764460066,1764460069,1752,51194,,
0x834eacc77ee35efcbad5659ed97851601bd6da028412181ec78e9568bf4a6072,1764460066,1764460069,1752,51194,,
0x317bcb4a0575b6821398db115c0ffc61e43b2d403ec3d6328cfd970e42163fec,1764460066,1764460069,1752,51194,,
0x68ddf7641e600219efa5ff429fd62907582f0a4cbba02bfc022383f75d6cf6fb,1764460066,1764460069,1752,51194,,
0x71519bd9594f90b65f45623eb0a33599e38c8e802623f37732bdf69841bbaac3,1764460066,1764460069,1752,51194,,
0x1b8f9a48fe8ff9e64b8e192828c8083f2726a9d5d60871edf68aa3e377a76fdb,1764460066,1764460069,1752,51194,,
0x340e193b2281327515bd62f339db42d45a330788412317696f9ac9fd041b947a,1764460066,1764460069,1752,51194,,
0x290709dd7a3e892670ec6376f6ef18b57c0ac17148dedb2fc9ed4e80592c9733,1764460066,1764460069,1752,51194,,
0xbced19b7afaa469064866039f9d70b93f9c7bd2b59823d2ce544c5af54b124f4,1764460066,1764460069,1752,51194,,
0x38283570973b73b69ccf71416229c5d2dce3a55873e19083b449d6c852fe2b72,1764460066,1764460069,1752,51194,,
0xa239abd0251316f1304d83b613b2136bee118d08436346572674b037016c1eac,1764460066,1764460069,1752,51194,,
0x3e768b114cc5dfc7aed32dfe82db3bb43b4bcd391fcfb8a8fdf647bb2ec57fd4,1764460066,1764460069,1752,51194,,
0xf8cf44a06322162f55897931984e1119974f092f0a9ba7345f9bdc85c414cb7f,1764460066,1764460069,1752,51194,,
0xa0ccab129ef888f8c31b9312d936a3b6c57c46de33ab2573917b8a71148b214d,1764460066,1764460069,1752,51194,,
0x967deea2045a89769cb7569f500d7207e41e8dffdea95a4e6075fc552b1037b9,1764460067,1764460071,1753,51194,,
0xe4eeac16c5ada667485ba20cbbbbd349a8c24ea1e4a2b77303947c32555e0dbb,1764460067,1764460071,1753,51194,,
0x6ed24e4d4f988c823aa90b13c675f19fefb69eed763577339e12fbd2282d0f94,1764460067,1764460071,1753,51194,,
0xc6bf74191ec50992ec089f1c297a29bf38bebe27e74015b6bec5474084c2e31a,1764460067,1764460071,1753,51194,,
0x385c21818fb629106867e17847bdd22335339c3f7bd4a72eadbbf81558e279f5,1764460067,1764460071,1753,51194,,
0x7da91674ef43411898497ca8c8a469b69be62baa264402e00fc5f3ec45602ef7,1764460067,1764460071,1753,51194,,
0x65988d9ddd3362a69702978459033c5d16c7b171804019ab67daa3a8bf5448a9,1764460067,1764460071,1753,51194,,
0x52f5e9e38994f1f2f5a7fd98d0735e1390e555def54b5f1b25ddb5d1eec8a37d,1764460068,1764460071,1753,51194,,
0xc758a37f3891606824f330c2ecbcd5ab0e78cb4e2afa17486fa435dce7ed1c1e,1764460068,1764460071,1753,51194,,
0xdd473e820f366062b52d21f97cc8b087514dc7a9bc4a9c872b851d5e3568b230,1764460068,1764460071,1753,51194,,
0xa8a7c8bad2a1756e979b0e8d491fc1e5b9fa0bbbcbe045493600cd4ba64d6d9e,1764460068,1764460071,1753,51194,,
0x64cef6719098137273540116ff8a50397d48e71deba2ad0a77a567bc0ab1e03b,1764460068,1764460071,1753,51194,,
0x1928436c6dcd67b79d7e0a6ddba672f2e74b454a6f454788b49db6756cd9cdb3,1764460068,1764460071,1753,51194,,
0xc8eaaa82f6afeaf18ef38b5f073c21490be22b3141eed29f1f95c9069603e348,1764460068,1764460071,1753,51194,,
0x2a3fd955895d2c9398b380afa2d6dc9bd3f316557cbddef24aed48c149d0ff2c,1764460068,1764460071,1753,51194,,
0xd8cb82b0b4bce34a85709e781c46a2cde0ffef2e2e498f2511e89c659da7e09d,1764460068,1764460071,1753,51194,,
0x4a79034b4b590cc009cb8693d9d7e7af87bc9395c38ed7c8b0cf9be9c8388a50,1764460068,1764460071,1753,51194,,
0x03c70c31a100fc84d9de151b5a26c48b83847120f532b0f3b7b1f1e743121b62,1764460068,1764460071,1753,51194,,
0xad93f09b0e29d1223f7e859788a40eb9a9994b6656a6bfabb03a4031ce3028e1,1764460068,1764460071,1753,51194,,
0xfc17cc11201f4450690c5d840e399d2d592319ab4f89f7524e67ccf593b01c18,1764460068,1764460071,1753,51194,,
0x7b2cc5cad2cae4977b32bf40d7c2fb75dd9a7dd14c52142e3f15680ece80b6eb,1764460068,1764460071,1753,51194,,
0xc3be000ef20e6ea993145d258fa75303a1911185f05f25451199da5746612b1f,1764460068,1764460071,1753,51194,,
0x8aa3e8ee85af6e7dd64f70ebe36bb2cb4b0f908e7e208617d0d95786a9a77834,1764460068,1764460071,1753,51194,,
0xb781a42cc7cf3de1777bded3939ed8ba1e2b73b7d4a599b579dc72fc82c67a9d,1764460068,1764460071,1753,51194,,
0x20a10513a5e422517d8c3ded6e086325b9d0054587a7ad9598d6512486daeee2,1764460068,1764460071,1753,51194,,
0x32bf90e2a1706e73f52e074b6ec15c120977c96dda31132eef52f4e35b35ebbe,1764460068,1764460071,1753,51194,,
0x49a94768779ab67a4dd5441f6d5f813be979417338d149df7f1e87dd0af9f6e0,1764460068,1764460071,1753,51194,,
0x018e42a42946664eb45110ff49f06e75b6df212084dff7b206b638e3f1e8afeb,1764460068,1764460071,1753,51194,,
0x85b0053ee14a22031b77ff17e62571a2a91b081493b148c188463889bbecfb1f,1764460068,1764460071,1753,51194,,
0x1c04a9d1237d942e1fd1c289796118ad0776b7926f1ab604164910ad4d8f522d,1764460068,1764460071,1753,51194,,
0x6cd014fb2044a08db76cf6d38d2f75f0ce1bbf6767c48848150b26cef3e23457,1764460068,1764460071,1753,51194,,
0x6c2c915763495788113ca839bdb39b244c53116ad5f2807ef0f47643075aef68,1764460068,1764460071,1753,51194,,
0x9f6abcdf58a4a0b60f63d6bddfb1b5b7a552ade39a630c888f2574657e8cd248,1764460068,1764460071,1753,51194,,
0x14a3944bdc1000ae331483470295aba05860ea600579d11cf08c6133b753b4b2,1764460068,1764460071,1753,51194,,
0x99f80963748e0ff2156f5234b116e55518a19201454b75f1a30e0d602d19f0c2,1764460068,1764460071,1753,51194,,
0x4c4096699436e86950a68fcf82717d5fe8b5fe01b69b88fe0b6ad3616c4459a4,1764460068,1764460071,1753,51194,,
0x1b626702f726c0d8d71b44a38edca6e30a2b97677b5876ff7fb03feb8b7c7393,1764460068,1764460071,1753,51194,,
0x42a69f0e1e05e5b129e7fda1e4b9106e65357b664df2a64a30d4cd2237baebb3,1764460068,1764460071,1753,51194,,
0xd56bfd4b1306211f6043b3cd3a4c99a67052e5d7c4b19d49a42424bde06717f4,1764460068,1764460071,1753,51194,,
0x81d82c253443a09b27ce2282edd769cd2a2bd4efce1c2350b6b50916087d73b5,1764460068,1764460071,1753,51194,,
0x35e253c6e7d4384936272caea14951e70f02aba58e745f55aa15c797a62bc9cd,1764460068,1764460071,1753,51194,,
0xe428369f19ed0e3cb26856022a55584a685a8452e2d3a9bea8ea1fb6bac7516e,1764460068,1764460071,1753,51194,,
0x3c08460e7d865e68ec9962c0f2b8d2fb87d13d18cd4883096aba956f3a922cf9,1764460068,1764460071,1753,51194,,
0x3c4712bcc1ad09fc8dc83e8b4e47c19c8bb5e21f0ab26f13193bf1b607d8ac24,1764460068,1764460071,1753,51194,,
0xaf809325fc7921f25b53254a17d0c7318357b85a1d33a8bc015a3db6585bc53b,1764460068,1764460071,1753,51194,,
0x7064e5bef0ec455a931221cf3fe3658f551451b1d261c1f64c079e0dd0e96fa2,1764460068,1764460071,1753,51194,,
0x8482daaddc9df94486d330cee9b3937c7df9e113bcdcd37bab357939cf30b2d2,1764460068,1764460071,1753,51194,,
0x3aa333c6e0e48f59d06da729fc29d4fe9116e267a1ecb25658c306e819fcf26f,1764460068,1764460071,1753,51194,,
0x431690020bb37808728fa26970fc6d7062203d231f78ac6d7828c6b30c6ca8e6,1764460068,1764460071,1753,51194,,
0x41186cad213af1273af876381eebf36a67ceb8d089ed9e8f576ff50386af0ada,1764460068,1764460071,1753,51194,,
0xbfdc55f5cdc50fe1d671b870db32185bec0317d9c665452bed5844c1bc8652e1,1764460069,1764460073,1754,51194,,
0xd86a9a81e48c1b2d8f876844f59108943b7883980b2392c142f31cc696724211,1764460069,1764460073,1754,51194,,
0xbfa208243b6c0cd69707176406ae05403feff3003425c40e737ec291e31d5891,1764460069,1764460073,1754,51194,,
0x1c5add63613491c25f13bbf666c3b41a23a53e97266886af94bb477c3825cabc,1764460069,1764460073,1754,51194,,
0xf1efbf887d94f503c9ae51796274ec1fc6c2015f26c235555d088384cad549e3,1764460069,1764460073,1754,51194,,
0x6456a55b63877f2d48f3fa81e8e2af3953df95009b004ffb114096eaf2150c7b,1764460069,1764460073,1754,51194,,
0x18d8fc6acd4a479061f7af8bb052a4f524441112adfc2eaace9ea5a77739e0eb,1764460070,1764460073,1754,51194,,
0x330efe6f720555b1e5379f8f44e503a98bfab44a20e247dec5f3a7aebce8ab47,1764460070,1764460073,1754,51194,,
0x7be7258781832e50b54fb4e7970fef8f9e7c708a19651e49c913498ff5f1f6df,1764460070,1764460073,1754,51194,,
0x20349382031674d6fd69360714ba40664d8182b75c8e6a33a901159e34ee2d07,1764460070,1764460073,1754,51194,,
0x968d6b57f166737dc02968ac0c6e9233bee2441ce59dc633fe5c8235c5829518,1764460070,1764460073,1754,51194,,
0xa852a53cb90fb5908ddca1ac7311706b93be8e194b40aaaccf7431749cc59d24,1764460070,1764460073,1754,51194,,
0xd149ace64d82c5cda703e2248e403a830cb066ed44805fbc27a06be78b2a9f37,1764460070,1764460073,1754,51194,,
0x49ad8a78c20b85ffeeaa3d7f178cfd5afb1be121ac5c6975492473ae41f19d80,1764460070,1764460073,1754,51194,,
0x6c8708c6df2dc7cd9963d90f44d52a83e902baf10cc5f218ab168a3954a71779,1764460070,1764460073,1754,51194,,
0xebd6ba3e2fdd24df04b647ef9f1d8a915d806b82a956c674fee4fe960363459d,1764460070,1764460073,1754,51194,,
0xf1d16d77fdfee5db219976cecab761b2e52a533e41248fef9d26454915b1d75e,1764460070,1764460073,1754,51194,,
0xc2d856fb28e6d3b509ba3a0e13cb908126fe18e0e2cb6e05ef4c35a7cfd3e981,1764460070,1764460073,1754,51194,,
0x7f3a47432a1d4e1b4a724e2526fbdc59128137536c4d30ecb8e7ba5205290143,1764460070,1764460073,1754,51194,,
0xe764942c31db234f96cf27f586abb8057c439e26d4743d7f7e15beddd9f07d07,1764460070,1764460073,1754,51194,,
0x3019e933e55874123e2a72de9f71455a78f6737f45f8751dcb72aa1373025443,1764460070,1764460073,1754,51194,,
0xb02a2f027aa674f4977145d80da1de56dcaad12bbdc5c4744a2a1f3bdb6e9f80,1764460070,1764460073,1754,51194,,
0xd607632ca15bd65f01ee04c0f365f18da0e7c012f198b94fa9d18f188ad8d167,1764460070,1764460073,1754,51194,,
0x61169f111ea5d868fd2d9cb52e85ce63ea0a9d53e2c946d2e5699d8380880739,1764460070,1764460073,1754,51194,,
0xa940ee9f0e5a8773c1482094aff2b518fadb3d2c23aa007e0930003ce62ca6c1,1764460070,1764460073,1754,51194,,
0x6456ab1737a40466e7b017bd3a87de445d81c94052b94cc4a77d0f40d54e739a,1764460070,1764460073,1754,51194,,
0x26459458840c2925081f724c10d550c4c745b73f1eadce4eefffec54e2d79fd3,1764460070,1764460073,1754,51194,,
0x5ff952c36ddb3e55793252722bf55e22570a401f7adc5bc4c06c13119ec8d141,1764460070,1764460073,1754,51194,,
0xd59740580b6fe4ec0bb01af1e025a8b3f41e154f1dfef6e5fa6541f06bd3ab7e,1764460070,1764460073,1754,51194,,
0x08939f255514a60bd84dede5469f1d3c49f69262f9b4cfe9971580d6a02c80aa,1764460070,1764460073,1754,51194,,
0xf27d7f105e04e26283e43eddbb26656eb115d00327c73e06d4d744e3f0a350ea,1764460070,1764460073,1754,51194,,
0xf2776611d3a074ed52939d904e15574f3013887bf2f4772afab68c0da870cca2,1764460070,1764460073,1754,51194,,
0x266429003788d6c1d05aadda3d3c11243ec2f6b6987052f72e4b667d65e76d5d,1764460070,1764460073,1754,51194,,
0x352de425aacba226c25cf34a0c4fcc377bf05fd794401af2a5bc1ca051887777,1764460070,1764460073,1754,51194,,
0xa1aac680667a91f5bf1e32c8f8390477b910182ee698e9c00dbd2561614b2bff,1764460070,1764460073,1754,51194,,
0x4b3a68c45fb11dca31113159766e72c46f1acb61106dbfba2a1f4526596f86f3,1764460070,1764460073,1754,51194,,
0x99ad9a41c60ddfaccbf779a69793168198d9c5a28a97e16f559a2110c1e3e061,1764460070,1764460073,1754,51194,,
0x7757f8bdc0d629bdc57e31e80f6b1415aeb1f149afdf7ad095f42da7b7a7bd70,1764460070,1764460073,1754,51194,,
0x542fe2794963233371eaf465d6fa2deab9da9d8aee2ec2132a7585bc4d707a0e,1764460070,1764460073,1754,51194,,
0x8960a141d6acb75db6f8fd6e6066d2f76bf0106ad9673ce6a3756aa486ab5992,1764460070,1764460073,1754,51194,,
0xb580bbb88039dab46a5ce1dc21cd6014bbd322b71fdf424e63ff8d4d66593f48,1764460070,1764460073,1754,51194,,
0xd71d7e73fc900a41674b85d7eb2eeae773b2e31995d51dfb89506cbc8c59d534,1764460070,1764460073,1754,51194,,
0xf63857ec18d1d87fcbe883db8bb3f8d24898c33271dd7dd6e2f8677040f4ba2c,1764460070,1764460073,1754,51194,,
0xeb5e29ce2bbc3d74616335e111705713bc8154097b8bf702e1156f73ab816ad2,1764460070,1764460073,1754,51194,,
0x37ce36983fdd9aebb0900c99767200fcdb4d138d17dfeb2b6331f91e46ae239a,1764460070,1764460073,1754,51194,,
0x1de235a1ddc4ba0479346cdf269f227d2f1efcaed266d6770d652b6378a2a515,1764460070,1764460073,1754,51194,,
0xf1787d78b1c6f4c52934d73858af7d0c6d6582896785e8c3a0544c82ba196d8e,1764460070,1764460073,1754,51194,,
0x039ffaf924aa86927e49ba2eb78fe356ccc3209dc510e54ab0863e90968029dd,1764460070,1764460073,1754,51194,,
0x7854ae6e3b225aade717c8fcf4739119f9b6637b19842acc07014fdc7352934d,1764460070,1764460073,1754,51194,,
0x51902baf77435251f51be0bb8dfe1db14fa111859a14b549bdd72f2782fd19b7,1764460070,1764460073,1754,51194,,
0x48bb192b0b668a9be495552f44782344c73a678ab472ce68ecb0c305550e4d81,1764460071,1764460075,1755,51194,,
0xd30be37a4a9b851fe00b06c716935e977ef648e6ce3826d575186637c54ac2ff,1764460071,1764460075,1755,51194,,
0xeabdbe521ff15e38420524d0b283a180e158e0c214e39d6852a08a6b17936433,1764460071,1764460075,1755,51194,,
0x709a2f39d5fd45c379ea998d406ccb386e38c0601752def87bce530cd19b39aa,1764460071,1764460075,1755,51194,,
0x67a9c02a09086ca257d17ec23fa48d23346c8b80b38c1536f21a9f9a678e619c,1764460071,1764460075,1755,51194,,
0x0da3596794886d7077592186d63c01811329b16bdc65adab1ee4803a1193429c,1764460072,1764460075,1755,51194,,
0x75c01552cfdcea72ea5eac0701fb6dd16c5293da5ed3ebef53f3aa4d0b20ceae,1764460072,1764460075,1755,51194,,
0xd5e8cddb7b667da57ed144648c848de90cd14582728e684ec822908bfb585475,1764460072,1764460075,1755,51194,,
0x83b711c35e8cd4d256d91c847ac314335ada39fe213cb24eae4c4b0359972afa,1764460072,1764460075,1755,51194,,
0x4ca62fe229d0e3b328bf12ca8ce09e20fd5c0625812bbc3954f5ce9c328a22c5,1764460072,1764460075,1755,51194,,
0x79874584d58d5a6629ae3758b095eb4b0f3c5a0d2c4dda5101bce576ff62538c,1764460072,1764460075,1755,51194,,
0x26eb2df2041f9f5ad6c37238b48aafb594d6429c4a5fa2df2ee11e513682986d,1764460072,1764460075,1755,51194,,
0x84a3e848cebf2f24a4215c039da2f8e160dcff261a6150cee46487dfc15f11df,1764460072,1764460075,1755,51194,,
0x952f12d8f2a50b7df6d0c143fea1aac006efb8048a01612f63a7e02c873e9659,1764460072,1764460075,1755,51194,,
0xd010edc19ee8814b35b5b95eb3cd9eb2807ce5b4f8902053756956f2f4715584,1764460072,1764460075,1755,51194,,
0x9e119d677ead5871cedcc7c6eee3d59e582e75d118bee42ee54f827a4a2f3cc0,1764460072,1764460075,1755,51194,,
0xd84cc587ed608604abfc4d5fc6fc04b9f1f78ba31d25ac997930f50ab32054c0,1764460072,1764460075,1755,51194,,
0x2de2dc13a0cab015d30b6affe3b0992009dfe082f71395ef5d0772c8d5d17111,1764460072,1764460075,1755,51194,,
0x51e87997f59a88f241a212bf75a8cc94d933391f515af91193fa87ae82963620,1764460072,1764460075,1755,51194,,
0x2ddcdf1f9847bd8732be4db255fca46b0f16566aeebad8f04444bcaad4d07d62,1764460072,1764460075,1755,51194,,
0xc854e654a64009fe2e2fd667f479625af809392858f8be402d67ff38f7c8b25e,1764460072,1764460075,1755,51194,,
0x6686856f9c8a6121edd8e6fbbcd98a92ad67b341958ce14cfa502656a21382ce,1764460072,1764460075,1755,51194,,
0x72768cbf4b7d256f0e3a9173f882db45a195393874146637185d21012da87627,1764460072,1764460075,1755,51194,,
0x7db7a84c8ca8d3513ccc1b8f2c410abd57d44501b7498650ff4d4d3ded7a9618,1764460072,1764460075,1755,51194,,
0x3b6d4bd85545415c5cc27051daa666422ffa20843d26937b9570a049cf061e58,1764460072,1764460075,1755,51194,,
0x9fb75828d6a8c84c1ae3a94395100efd2295c15941fcc9dc6f9d671b7028a62c,1764460072,1764460075,1755,51194,,
0xe48b7bbb978ecd3a0abe16de2e055e6e9db1ebf0a04c10b510e62b2adbe89e66,1764460072,1764460075,1755,51194,,
0xb4514e6a21cf9fb115f92e34ddd7736086f36188f5d1a6b19e9e97cd4d1dbe63,1764460072,1764460075,1755,51194,,
0xd2eb42dee98667ea9778fdfb98a48b97003f910230783b7311e7fe01a81dc6c6,1764460072,1764460075,1755,51194,,
0xf1ecfc98f488a1c6e142aca5bf6bd1b2df5e7a4c4c3b41eec93265f63fe007a0,1764460072,1764460075,1755,51194,,
0xbd6aa39ab745706ea98790e711cdd2206d43983609e9e076383f3f75738d82bd,1764460072,1764460075,1755,51194,,
0xaa92145f13a3326eebd6b73d122f3a2744f44290c0be99cb81e868504281549d,1764460072,1764460075,1755,51194,,
0x0ca1a6538744fd129cb292c1308f18678aac7bba27a3bf479a51f00d6ac6c20c,1764460072,1764460075,1755,51194,,
0xaa460e280d21c66f5ea5e40e5296749ffa89a008ad5836cf3cc974fcd838271a,1764460072,1764460075,1755,51194,,
0x2091a0543c1df281bc1d7887dda08ee79a72f2bd331ec73359c98d2cca242fea,1764460072,1764460075,1755,51194,,
0x3aadf1a8a6baef7c936533dbdc0d373be965a64c9a723dc05cb235f68bc1d08e,1764460072,1764460075,1755,51194,,
0xebae530a01ba21894c24c58cc0839a669b32b48342822a5d083c35e3b0b7dea6,1764460072,1764460075,1755,51194,,
0x432b7e3f47e6c1245dc18227d65a81c8174f7d0c8c23989dd0ffc9c81b154363,1764460072,1764460075,1755,51194,,
0xb77cb159367820a2bd5588f0770f6cba158059e4dcc87c6bea656a2816bd757c,1764460072,1764460075,1755,51194,,
0x5b5506865d1b9fce5ae39d8a8aa49cebda2c8cd15a8b9bfcb39468c832b8db9a,1764460072,1764460075,1755,51194,,
0xa506a181ca914c77bfe3615b7c12e781498afb1b476ae2951133a427a0547ae6,1764460072,1764460075,1755,51194,,
0xc0e967fe61b4822fb1e8dd2dd881d59503e85d4569716978313493ed4982e828,1764460072,1764460075,1755,51194,,
0xf9b2f4432e950dcdfd94924bac2612caa4c73dea0cd2134857a09833ffad6e98,1764460072,1764460075,1755,51194,,
0xc2c1370f115a959ed805d7b483b46347a5aeed59b26158b297be9dfee7ed785e,1764460072,1764460075,1755,51194,,
0x6031c8407a433b02e39baabc56ee3e7311ae9250d9af244b1057a7cd411ffc8e,1764460072,1764460075,1755,51194,,
0xed19f37c734dc7c3568d973b6f97446d516a5bf858f097bb13edd5307e08b649,1764460072,1764460075,1755,51194,,
0xda1e271cbc72317880768fcc9ce41aa90b3fecda0e2e27034bd8467b0464559a,1764460072,1764460075,1755,51194,,
0x066aaaa2e34e43aa99e1f8d86340d854ded4c93eb3d634ea4a96407bf0db9898,1764460072,1764460075,1755,51194,,
0xb9d75534c079923e14bab8c091e2cc65d7bb8a2bda2b6a5cff1c098cd7412f88,1764460072,1764460075,1755,51194,,
0x5d4d439b1be683c52dd3e7c7c092264621ec13f7161d57bca7a80c82098af9b7,1764460072,1764460075,1755,51194,,
0xb0ac6f9fb11751d73eeaf37b52de6d11659197fd819b370e7ca2096e0702416a,1764460073,1764460077,1756,51194,,
0xc816a1919026567621ac237cd78b5a9c7afb9be2eea8c689e79d47b21bc67689,1764460073,1764460077,1756,51194,,
0x030d5277ddf95ed0c4386b225754dcfff21e7b5d0e28ca9e8df7688c91b98a21,1764460073,1764460077,1756,51194,,
0x7cb2ee0bd31f6864253a4dc5f44f0b2fc0640fb9b9d0e3eb8df341621b3e3b24,1764460073,1764460077,1756,51194,,
0x36019e394a44a9437cc3cbec300840a67c38fb6d75122a75456d467f86f12107,1764460074,1764460077,1756,51194,,
0x76f347dd733a01c7e497ea3c159693adff0cedbcfd3b51fb4ae4097ffd11f912,1764460074,1764460077,1756,51194,,
0xcd1c48a5a1bda581763bb1ce18367d50d3b598803da26a5a8b06eb6b9f2078c7,1764460074,1764460077,1756,51194,,
0x014a19d20652a7cae44c6310a042b7a7de29273e5eae24f8b7c16c3ccf5b28f0,1764460074,1764460077,1756,51194,,
0xbf1c1118ab8fcbb45a446e0d9f730b11674a792e47ea12794bfc5c1b733c6360,1764460074,1764460077,1756,51194,,
0xfb0bacf9ea2ad54e1e756425b681840bb254db97b71a984eaae2bfdf94b05729,1764460074,1764460077,1756,51194,,
0xdeebfd5ee0a32fbd824e9739f2122ba98e738ab6f5f079f0038e7877c2ccc71a,1764460074,1764460077,1756,51194,,
0x560386bb42df35ff25d4cc358ebcbd8198cb28ed01710e97bac328031981d9a2,1764460074,1764460077,1756,51194,,
0x6fb32044c959ee5028b2968c88e2140f9f038cfbbe9eac952e3c612101e5eb7f,1764460074,1764460077,1756,51194,,
0x8cea62a3e66ac80e6d6f5a457103cb632610d918b82d6afef3e9dcc5ed13d3a7,1764460074,1764460077,1756,51194,,
0xe2a7ed44674c5b0619d13beb96c6fd479dbaa92b76d3e4a752e3acaed31df429,1764460074,1764460077,1756,51194,,
0x26839fcd46053d218362d764f2104c35ab341764ec44902745118d90ed889010,1764460074,1764460077,1756,51194,,
0x11e17186fec949d242e7773f3773de25478f82250565ba73f3ca27d6b427b603,1764460074,1764460077,1756,51194,,
0xd744739851671fa92cba0417b839effe6f1c17e94f1336ca6d4a22379b48d500,1764460074,1764460077,1756,51194,,
0x9d1c49ca8f4f39edd155e1c052cb68a471fb28924478bb5c046d15307357694b,1764460074,1764460077,1756,51194,,
0xc2694143859f490adbce0b941eb5aa703a5277c145505faa2c4ffb7da01588af,1764460074,1764460077,1756,51194,,
0x2d20a0219d1a8c12d2bb810a124a10f2c07b0c955c5b3edec1ce7971a3fbc8c2,1764460074,1764460077,1756,51194,,
0x41bd21bf4c606876dfc4d2cadba5000d92c003b9bf67e45246b8e742d185e1eb,1764460074,1764460077,1756,51194,,
0xeb15cb73c3afda4e9f9f7858e39b534723d3ad3b854aaab11b17bbc57711a220,1764460074,1764460077,1756,51194,,
0xf043073124155769a24da40626636a76e33d4bc5dc7fb16e20d6657f69fb2616,1764460074,1764460077,1756,51194,,
0x699e5026233a36ebac7c71be47128bf4966e3fd9bc643660e92afd7f02447ac8,1764460074,1764460077,1756,51194,,
0x596eea5ba59577f7e6bfc5c3fb66a3519947d5f0cf4b7c4adf5788702f12eca8,1764460074,1764460077,1756,51194,,
0xcfa5cc7c365a30cbdd566c055d5daa4d7240e65310f0fb4fcf9fb7ad538ca21b,1764460074,1764460077,1756,51194,,
0xd27889281a896b008a634be069c46912a30ba4d5b061cf4c5e823dd068a5f479,1764460074,1764460077,1756,51194,,
0xe244a013e9da68057ce3743015190eff0a4e76dc98926c828a33cbb90fba5f54,1764460074,1764460077,1756,51194,,
0x3074a8f4885d05b4b3f7db0ab1e88c43df4a597777763d86aaf0ef150bbbabfa,1764460074,1764460077,1756,51194,,
0xea9f41dff600e81e93b0ed8a00e06eca2f4479f751c7032d6cb500b3c64f4b79,1764460074,1764460077,1756,51194,,
0x8c1b92433e2c2564cefd85114d7bce87e38c8761259faee83ea1c1a5c93309cd,1764460074,1764460077,1756,51194,,
0xb3f43c408fd58f6c89626c256abafa7a009db88ce09e36f0f254dd95432d284a,1764460074,1764460077,1756,51194,,
0x98bb98d60867fadc6df7f23b113047661b826a5ed46ec6a9ddffc4c3e84e32a2,1764460074,1764460077,1756,51194,,
0x4be6aebff6df1bfb7bf8e1c077f3cf9654b7b19720c3310750b65af6e29f1f24,1764460074,1764460077,1756,51194,,
0x3cc80a6871ca505147188c38c1d20b2b5e8da705a8fdf68a2811f036da99f3c7,1764460074,1764460077,1756,51194,,
0x2a67b634f0ac3157943c69796a3deb72403b5b6dde642dfe16a408052a20747f,1764460074,1764460077,1756,51194,,
0x880ff291a3f621f9399abb8224cf2414af506e5450799ef929aae50de7758b70,1764460074,1764460077,1756,51194,,
0x57521acd6d999017782e30680d0052a12cf14637dd650b4d2e45d405162d6f06,1764460074,1764460077,1756,51194,,
0x859c90e6c7f316919671ad7370433657649b8df4075492c73d02624c49e42e73,1764460074,1764460077,1756,51194,,
0x1ba1e605141452a0d4240271c66aa91a5eac2bd2618a95642d6edd9c39b0858d,1764460074,1764460077,1756,51194,,
0x79a247a813959eba86e320285d32baaecd222cb791e85738df6ab6eb57632f2e,1764460074,1764460077,1756,51194,,
0x60d2ec40fcd76a8664b345801dcac15d3c21d728d7fe5c57cbcf629762f22979,1764460074,1764460077,1756,51194,,
0x391a5ff705c3d4285aea3b5ecd1b58e1e80cb5f8997710b5c44c78b949048d43,1764460074,1764460077,1756,51194,,
0x90f8223091780caf8fdf1f1fb452ecc175d7eb0cf971b0526a86905231f9738e,1764460074,1764460077,1756,51194,,
0x2a6601113296923140e5311bcdcc47d0a53196f00517386afee6d6453f7fb2b1,1764460074,1764460077,1756,51194,,
0x268ed63106f9c7b34c79462b0762ac4f3173b403dc0e1ece79f42fc127bcd219,1764460074,1764460077,1756,51194,,
0x9a67e5346a4d08a0b415ed9547f38c931c4d790f93e3d0f86e21d6bd2241dbc9,1764460074,1764460077,1756,51194,,
0xd0d424b33fec3f5ccbdc4f9a2fcab717021af9b1a395fb2dc2644ff5a449dc12,1764460074,1764460077,1756,51194,,
0xb37307b25cf092ed7a45a35cf2cedfd984b42b1b967a1964d17857ac1143982a,1764460074,1764460077,1756,51194,,
0x3a87aba810b205c070d3c97e03f548224c874ed1efefdedf6fd1da15881f56bf,1764460075,1764460079,1757,51194,,
0xcb9239d7bdf02b58816a1941dbe68173ba0b0555bf4a74b7125c8009513dc596,1764460075,1764460079,1757,51194,,
0xb617fe6859ba74d4b752d9e91f392fefb0635839503d11bc78a617fe99436645,1764460075,1764460079,1757,51194,,
0xaf24e4e9c58c6bebf440330b3c8dc3ff2395241c6b26ab565ebc1b4212e307cc,1764460076,1764460079,1757,51194,,
0x0d6f4ffefc47ef1bbacecc03153a3eadce440e410477d55e794fc20902ac68fc,1764460076,1764460079,1757,51194,,
0xc5ef039a8c8c34cd7e87baa9a2d2b33b294ec4df0ad1d44c40efd597cc8ad1a6,1764460076,1764460079,1757,51194,,
0x7f427e5b9a815fd279d139a13988a8c34b977bd2ba472045dbea1352bb89ffd1,1764460076,1764460079,1757,51194,,
0x679eaa8c86049a78e13020f0fb62f9873aeb8961ee2f3445ac9a05d0f221ad7f,1764460076,1764460079,1757,51194,,
0x1a5ebb08fda29c63b03bb5bef61f1729d43f29f9bc37c9a633db343ca8726ca0,1764460076,1764460079,1757,51194,,
0xf2b83b11a14fe9b7e23d613c9ff69d167ad07cce4fe48aefb0bc1cb7b8ae2f60,1764460076,1764460079,1757,51194,,
0x7da66daf7cf118a8d9594de0b5f6f43eaf3d99e8dd1647508154945e95eab5bf,1764460076,1764460079,1757,51194,,
0xe1d4f1ff7c53e4b9487bb80ee17038e3cb6d6dfe3aece1899dd9566d92624231,1764460076,1764460079,1757,51194,,
0xb2ac6fd65760d91699f6dbd00dc389d5efd95d6a8f73f24bacb4a737c511c743,1764460076,1764460079,1757,51194,,
0x1d861481f9947e9791879785d274e26f781ad0602f80af47a08e2f43b8cc725d,1764460076,1764460079,1757,51194,,
0xa1e9ffabcc2aa06f92ceff1f2cf0539f24de9c2013cd6869d0c2e0704cb111ae,1764460076,1764460079,1757,51194,,
0xd5495294f81187e3f2e9ffbcb7332c0a02597b895e08c3670c9e918bd2b2b8c4,1764460076,1764460079,1757,51194,,
0x56fdf534653c4e35df210143a4f70769f567131361dcf7c033ecdcaa726d3fa2,1764460076,1764460079,1757,51194,,
0xd2d20847a705a9d108402cba5be62e404e747d4930ae101f2c8750fa954cb3c8,1764460076,1764460079,1757,51194,,
0xe421cbe53b08542cb7f8325fa245e08440fcc021459ecb4330504f47a7e575ba,1764460076,1764460079,1757,51194,,
0x83c9c3938f044bf46d72cd38a8c724fb986c06760de3eb7587b26d1aa8bf9098,1764460076,1764460079,1757,51194,,
0x8db09419bcd56e9c6f90b692677574bef35363ad7e41b9ad60579fb8068bbe17,1764460076,1764460079,1757,51194,,
0x88161bdfc1e0284549e684e41c331e99078503e3a47b09b84adb563c868d704c,1764460076,1764460079,1757,51194,,
0x1c02c07a089d88ee2d69935eb6dee19bf795f843d6b0bf8e65a55e46ae4e8f9e,1764460076,1764460079,1757,51194,,
0x3f31d0f1e02e9e897e349ee1baefbd53372121b6e1cfb8b0d9421b95d071f0e2,1764460076,1764460079,1757,51194,,
0x87f856f6d40134b50579efea36610809704fa3eff4e1b436dd41bf20553518b1,1764460076,1764460079,1757,51194,,
0xd3e6c665f8c4c1a5a372ffe1712c88f1ff31c99a8d7085e20a33f543d794a0ec,1764460076,1764460079,1757,51194,,
0x17b0830820dcf7ac6e9c7769b86eb76009c91ae14edbc1803692afb806f5f7ff,1764460076,1764460079,1757,51194,,
0xd7572c38ecaca666388e269a5bac37ef85441a446a07ed6b3adf7ad321619ee4,1764460076,1764460079,1757,51194,,
0x8709ee4d8a049ae0b903fec380e4d94824ec31a2d6dcb949acb4b4b050366a51,1764460076,1764460079,1757,51194,,
0x551cf56b822a2066fdea9ac71f8561a7c9c21687f35a2d686074396283170eb4,1764460076,1764460079,1757,51194,,
0x18cfbb845843a8e7c3abbfb53cb4d824e9490093e7b6b4f972fdab0e4bbda15a,1764460076,1764460079,1757,51194,,
0x95229bc2a03763286b8afc256ceb6cd0c98e35c778819134d38487e99e325dcd,1764460076,1764460079,1757,51194,,
0xc76670f6383f135e23492cd1035ce3cb6e2adfd5c8c30d5a73a4b661f8728394,1764460076,1764460079,1757,51194,,
0xec9a651fcf89e16fc0ca696154c1952a44e2993098b7fa05bdf7213f6af05499,1764460076,1764460079,1757,51194,,
0xe8a16b0791dcc64eeec7a729cb7d9024cef9aacc8756a18b5c8dd4521dead7d8,1764460076,1764460079,1757,51194,,
0x73e3835900319a1f8e58128aee8e6e55a92a50e3ff473b990951ec62128105c3,1764460076,1764460079,1757,51194,,
0x63ccb19378d9e3125a7c0176385b53b8c612a457f68617d9d1f43d2bcedabc56,1764460076,1764460079,1757,51194,,
0xb397676e33a9679848fe48a44519f92c4101a91ee0681f06c17be32a716f65ba,1764460076,1764460079,1757,51194,,
0x2c12e19a48e2eab6e42ec36b2526b7032f4ccddbce9ddfbc2a3528db26161b00,1764460076,1764460079,1757,51194,,
0x1d4e9c8d6088443bc79528d26457d35742a73c386af110ac71c85c778af60d12,1764460076,1764460079,1757,51194,,
0xce6f6a84d2f4d246076190adb5b71dd724b944b8011e43a590d623ec080ad6c5,1764460076,1764460079,1757,51194,,
0x8ec02545774f790595ef6e169425453e7d3260a8e6d0bc4954d72dfdceb5e2df,1764460076,1764460079,1757,51194,,
0x1b849a051750496df48611251bdc20d4d40d0ba24509d5c6901c8fd03494885a,1764460076,1764460079,1757,51194,,
0x3747200c7398b130c2daa8c6dbe6c735d27c377451ed3ef92a62ac3c7d866f0b,1764460076,1764460079,1757,51194,,
0x316a9e2894d86261622746d4f1ea3f4a68387ef3e1639afc814603d0ca4c410e,1764460076,1764460079,1757,51194,,
0xd32a5b4427d4910995b9d567028ec69db36daa71006f9d0252f3568666e7a82f,1764460076,1764460079,1757,51194,,
0x9d7dacb19f0f2eb806a8f42cebe9cea1b0cb288f37d56fe5171acc47ad38359f,1764460076,1764460079,1757,51194,,
0x6a13f556500918c12b0fb995994a705167d82e69e31ff6505df95d681b823f2a,1764460076,1764460079,1757,51194,,
0xfba6f3cc74c3d6480f52a5d7e6b272427d714dd4f98d9d5ea8ca6751934c79a3,1764460076,1764460079,1757,51194,,
0x52a14f9d1ac42cedca2603d4513014aefcd4bb6fe99f7c66c1d14c1c0f5a71df,1764460076,1764460079,1757,51194,,
0x6c1e885f9b555c590baf042531bf6d9b6a172c667bd2e851965a3be0497b74d8,1764460077,1764460081,1758,51194,,
0x28ce184a493f44efe574098c9eb0522388230e2a8201aed65a35f53b00be541d,1764460077,1764460081,1758,51194,,
0x30aa8294d9b837ff43e2840f04491a3bec044320bb40d7e5acb46d380230a679,1764460078,1764460081,1758,51194,,
0x4b5e56c8d38c7c421314e695de65e8754b124b289c109b2f6f2fdc58602778b4,1764460078,1764460081,1758,51194,,
0x0e96a9cf760f61a69cdfb04d47f9c44cc74af3182af74052c0e3e15c90fc919f,1764460078,1764460081,1758,51194,,
0xe4a9eee3c5191c484f2017f953275c284cedcf834412a7f0b9ece7c7e1d5d87c,1764460078,1764460081,1758,51194,,
0xe61f16b68d953e94739bfa7d0fc7b8a447872723c81c39845af39ab1434a96ea,1764460078,1764460081,1758,51194,,
0x029c0c9a490e930274c614e6e7c12f850b4bd09281906a34e7a7b01e00c9bf3d,1764460078,1764460081,1758,51194,,
0x7465235dbf8e7d476946083d1a3533f3a74c08fac3fcc6df320314fac8a048f2,1764460078,1764460081,1758,51194,,
0x7dc47f93635b96216a7179ed6018d8f46ba19406c0309c043ea404c9cc44a880,1764460078,1764460081,1758,51194,,
0xe283c134d40ce8f24293bc017eca597bc579dbdf4645c2041c4c92703bbba181,1764460078,1764460081,1758,51194,,
0x3db6218bf16318d260e4045a0bdbc334ed0227f57272baa488e102a7118c1938,1764460078,1764460081,1758,51194,,
0x9051ed57424d33242549d9ebaf90af86f8689cbd60db2937b0d48dcc0b3fae24,1764460078,1764460081,1758,51194,,
0x786aa5a4d134e951961159010b2c081a01896828ee155de22bd6d914b99b5330,1764460078,1764460081,1758,51194,,
0x6ad117da1765ba7bfd12232d245e59a6d93c094d81d7743486f6f0bfe64c7511,1764460078,1764460081,1758,51194,,
0xd2bfef637a104ddb21e806f2390b1efaefdb4657223081009a42e614bc1b3542,1764460078,1764460081,1758,51194,,
0xe7f7a750041e2ab034943a8b3c09855ee3acbaeaf6e2b9ed43a394db93a57b64,1764460078,1764460081,1758,51194,,
0x9d416d31ea8cc1848aad3576a1eeb1403dd7cd3384d3c0a969acdb920830a76d,1764460078,1764460081,1758,51194,,
0x92beefcd8622165aff19f286ca7a20afcb93a8a6c5a3478609aadf6e113456a8,1764460078,1764460081,1758,51194,,
0xbebcaf37340d666dc2094d93882d50903e3ae63db509e6e67b3678102c4e11fe,1764460078,1764460081,1758,51194,,
0x727a7cafbf4f99c99d82da1c5eefd8d3058b9992b02ca9ceaa79989e6baad0c6,1764460078,1764460081,1758,51194,,
0xbb4b2b897f780d28a0763e7ec52ea64fed81890854ec75d75a25c6abcf1bbc07,1764460078,1764460081,1758,51194,,
0xdff4c6ea74ff74089f014837fd2275c4973a981c98069c771877cddc301fa7b4,1764460078,1764460081,1758,51194,,
0x3cc9e0a2c57b080343827a6ea48bbc7a8bf0b85158395971a67b18ac26857437,1764460078,1764460081,1758,51194,,
0x18f380ed755e08d402ece6c72c8210f5d0d7280d284b749c5f26da49da77c427,1764460078,1764460081,1758,51194,,
0x2e1874fdae24ba4d954a0fefa015989e63c446af2954a03c9d02ed683d42f600,1764460078,1764460081,1758,51194,,
0x586de756ab1b584b73ab6dc988a8fab326df9d2a6059d656bb6bf92a28d2674a,1764460078,1764460081,1758,51194,,
0x48e535b95e447072186038722aace4ac78ed969d5ba05518cb78ca04e06cdd1a,1764460078,1764460081,1758,51194,,
0xa054d12eb16519364672c3906740de61f03f3d6ff0f68761b806529e0534eaf9,1764460078,1764460081,1758,51194,,
0x13a927f322c5b47904fd01a443b44b36f245b369c199ee717bace871828d06fb,1764460078,1764460081,1758,51194,,
0x8a87cd4a4bb911bae712a863464b6031cf443bf01b9471d9fa2b804748e8f71c,1764460078,1764460081,1758,51194,,
0x1362c198fe0f22e2deaba726842fbe3a04d7a7bdf8884c0fc822a4fb55c35008,1764460078,1764460081,1758,51194,,
0x8081e883c55a471ee00a1da0da9dce3993efd4faf3c0bc047e1fe9238a6632f2,1764460078,1764460081,1758,51194,,
0xd7f2d15c1848205637967eb560cdf3c4762f1bca675917be52eb571b6909ea20,1764460078,1764460081,1758,51194,,
0x43dd81fbd6fcb822b74fb08d28a8210c5ff880433788d895a663a5ef752d5157,1764460078,1764460081,1758,51194,,
0x9a78aec1954370f5701f6f1a3117935f97f93b26044260d6cf3a046ce69c05cf,1764460078,1764460081,1758,51194,,
0xfffe9a355f98ad4c22fdbb6920756d6581377bb947afb5ed498d8c5ec19d04dc,1764460078,1764460081,1758,51194,,
0xfbacc9b94d11ab3aaa28e62d9af8764cf93a2ddebc8991667cb9def7cad2da6f,1764460078,1764460081,1758,51194,,
0x7162946c1ec46112c9d2067df3982cbd3a5b3082e0ad5c0b43e094fd126da033,1764460078,1764460081,1758,51194,,
0x714aeb93803e622f87622116092f1bc11a1fa8c072e20180fdaf12c7f490a426,1764460078,1764460081,1758,51194,,
0x51befefec18b13201da1286b340e9d0c5d3744d1472efd9ff3d41460f2f35c0c,1764460078,1764460081,1758,51194,,
0xade903ede15fca54fc18221ac74a1902d4446eac87514aed64d6111de0773dd0,1764460078,1764460081,1758,51194,,
0xab73f67ebd00386661911b1d432813140310b0fa728e37f2248aba1b0ece7c97,1764460078,1764460081,1758,51194,,
0x3d4971da2e5c91a25078263b01f3f3835612711642dd9cf3ea5e789d4dca164e,1764460078,1764460081,1758,51194,,
0x4ca36a221f6863290c96c000d582b92534655cfcf83fe7321ffb84c4e031e256,1764460078,1764460081,1758,51194,,
0xd3a88cb524890c6c2ada4fca81ce005b78c44cc9f984766a3a1c9b9c14ba5952,1764460078,1764460081,1758,51194,,
0x6c9ac16a7d75d38eea1f1991b6e6b410ac108c74f82d615589efbf95a5d96a79,1764460078,1764460081,1758,51194,,
0x109d2eb0cb61b8b5c9e27c2113c342af8f492e85719073bfc6f975de90fd2bac,1764460078,1764460081,1758,51194,,
0x71f7499182940f2dca87ca9e34a2d7f4d217396f258badf4c5184d0814115c27,1764460078,1764460081,1758,51194,,
0x12e2199579e08ab749cce6716410e37b408f8ad556d4f8b52e8b62eec954a73f,1764460078,1764460081,1758,51194,,
0x77ea7c525059389ee7c75b0876a0cb897e05a145f8facfb36ebbf81b3e9fb5cc,1764460079,1764460083,1759,51194,,
0x02dc2907ffc860878d80785a8add0498485b2ef1d0f987d504de20fb1abb9f2b,1764460080,1764460083,1759,51194,,
0x300afe31e1d268774474cef1b5adc30325e23e1200b8b2412f870e8076fb09eb,1764460080,1764460083,1759,51194,,
0xfb196226df5ad074fc974d04a9e3f9dd35c22ec83d73d304d7887b4716111970,1764460080,1764460083,1759,51194,,
0xafff73331b8e4bfb8533dc5e1712d1cf0a2e8527128e597ed63fed2e06f1f61a,1764460080,1764460083,1759,51194,,
0x8dedabc4884903902780251020e464ac0f2924c56f2ea45c3c4e8ff956ebbb6a,1764460080,1764460083,1759,51194,,
0xb2dc78e12d72ee76478ae01f1bce432d51b539b3619e0066e20019610dea8704,1764460080,1764460083,1759,51194,,
0x12bd13c1e176582080c3c87c661d0109c71e876044e279c556ccabc79196ce0a,1764460080,1764460083,1759,51194,,
0x3de604316b12f249dd6467cb66abee78f634523ce895d1867789f34e277e79e5,1764460080,1764460083,1759,51194,,
0xfa3a497aae20a812eeb0b04521b1a824582d1e02e944a5fb3b61ee49e9d59508,1764460080,1764460083,1759,51194,,
0x4c3fcaff4789f02736c5c16c159700cb677de131c2af1be2ebd5f7807d62db98,1764460080,1764460083,1759,51194,,
0x2510dbdbed2025b355a5e94ad59f2e5889db0f1016cfa9d103b2611ec2a50b63,1764460080,1764460083,1759,51194,,
0xd225c9f97b944f87fffa3929c3058a1cffb4563e0806f7a3671e5ded5f6d3b5c,1764460080,1764460083,1759,51194,,
0x639b1bc958b96351e75b990a4c818307485ecde487aa41f58c4fe3d36f77dc54,1764460080,1764460083,1759,51194,,
0x27921dddbcef872ff7b3b7e2167ee97c67a4353325a79649896001b0dc007398,1764460080,1764460083,1759,51194,,
0x4e2ebdb965193b597e5e79bde2573e3fe26f767477899fd2233b2d72b5fc9323,1764460080,1764460083,1759,51194,,
0xd6c5b4debb9670de384d7c45335ebe63224b47f825559e1c39bb692688119a66,1764460080,1764460083,1759,51194,,
0xd0acd75374deb83c019d76655e1e2787f4a78d10882dfaf0c183e229fbb18f8f,1764460080,1764460083,1759,51194,,
0x1796482cde95036c2035b1525a1d31c49d00efa320dec4e56bcbad23b6fef4c4,1764460080,1764460083,1759,51194,,
0x55be9a6af5db2a2889ed74fa2158c0f16a31b783b50c68e427a91715551aa7e5,1764460080,1764460083,1759,51194,,
0x3afdae543fd406562ef9f781b4598ca0aa3e2dfe89dcb22da6275ffff09135a1,1764460080,1764460083,1759,51194,,
0x7b142ef0b650d5f1003fca27cfb6657003729c17b37bb8bd82f30790424753b7,1764460080,1764460083,1759,51194,,
0x7125e94de3a428588a1c0e79d48b26918d65c3b6fae15c2218eb4f182f99206a,1764460080,1764460083,1759,51194,,
0xbd9fba2a09d2730916052174391fd55a241355bac1af4bbf29b4107185242015,1764460080,1764460083,1759,51194,,
0x02eda3de645a82c7705748793fb465c2d48795d5f69953a6e12fff2aed8c9c75,1764460080,1764460083,1759,51194,,
0x29e671505aaf12d7f7fc65791609e040e7584b45cb56bde705158437620ce2f0,1764460080,1764460083,1759,51194,,
0xcfdee0ef1e0f0c1cbe2d08740174478916dd063d9d435c361f0dc5e9205333c4,1764460080,1764460083,1759,51194,,
0x21d4d60f9c8d73d5fed6dfa2943254524a41e4414a76dd9f38d15323abf5cb7f,1764460080,1764460083,1759,51194,,
0xdf1b3ca7542ad20e6010bf1f24c36bc6f5f17c657220e01a069c4f288d6f7220,1764460080,1764460083,1759,51194,,
0x15c2202f670d1421f851963546c7cd49c78d7848d6f9c1193afa51e00bfc56f6,1764460080,1764460083,1759,51194,,
0x18e06d6cf5c0b2886f9584b085855e71771ba60ddad90ce2a17514d553bc64ef,1764460080,1764460083,1759,51194,,
0xa413a98a368bf7e12bc85ba1bb156f19b6844130a9dce64c998ddf3654111e3e,1764460080,1764460083,1759,51194,,
0x6df559ef1574f1020b6a2c02b71a2d90a9673477c0ee4e7a3c9e088ea1550f4e,1764460080,1764460083,1759,51194,,
0xcaf5effaff105d3b71936c16ee6ec360e7b5a28be2e899d9e5341f5bb576a956,1764460080,1764460083,1759,51194,,
0x92c6d5e7d151f28e9ff379674ba6702743464441756f24c24bc6afdbbc875923,1764460080,1764460083,1759,51194,,
0x1538b503e7c8ce566828dc7d986e1e14c4ced7c83398600419a8adf2d231e32d,1764460080,1764460083,1759,51194,,
0xb820766a43230e8f0192a907b0a8cf044e05da09d3fec668b6d5bec5f2abf126,1764460080,1764460083,1759,51194,,
0x859b69fd8e9d4f3cd90dd678d37a8020afa6f287a0311d67fd5d21e855b653ff,1764460080,1764460083,1759,51194,,
0xb2a715380bc41685d5fa480bb7c5cef716477df21edbb31567c06b1552187aca,1764460080,1764460083,1759,51194,,
0x439a3b6d5196a0cd5512af73f173f5d2078c9a2de52fedeaf608d3493d2fddf4,1764460080,1764460083,1759,51194,,
0x1b19a986a8ebe82dd09d70f2710a6264efa84afd819fb8af19433770ada79ddc,1764460080,1764460083,1759,51194,,
0xe18db14b0248051c425c2e98c5168c6e834388c9a00fa58e47724fd82b7d5daf,1764460080,1764460083,1759,51194,,
0x99ad49d98a94294d061db4180fd4bdb83fcf5f8f9fbf2938076fbe3934a6d4dc,1764460080,1764460083,1759,51194,,
0x2b86f3562c1b8f81e267ebcb548dc03da8add2fc836ddf43147145b0387662e6,1764460080,1764460083,1759,51194,,
0xc22eb510733f309ed574263026477a378af39c2f55a561f3abd5f68fb35a5f8e,1764460080,1764460083,1759,51194,,
0x57698b9b74101658528aaac8f67e7e17cbddf4c7b3bdf4f7dfc43c4f5ff73442,1764460080,1764460083,1759,51194,,
0xf267b7b9f694f0fa11e457f0769661709860d910fbeec9c8fe8983698875b26d,1764460080,1764460083,1759,51194,,
0x016ff82eaa3913871ace47096aaf7c50b53813748a8e72ac224f16a6437a507d,1764460080,1764460083,1759,51194,,
0x7a2a5b0b142112def6e372e19bfeaa7effa1963bc9310f82cf077b821ce7502c,1764460080,1764460083,1759,51194,,
0x7ada0f082faba1f06d48c0a1f526148658a01b2015363062e0e23b2b7eff12ae,1764460080,1764460083,1759,51194,,
0x29951fea2f7ddf194a2ae2353eca6996e7f2c0a54049dbd6fe27e3b2992d25da,1764460082,1764460085,1760,51194,,
0xedbfdaa223ac9ef2a8facc6c7d893a990e648b4282434a0bf116472bd97d5ff7,1764460082,1764460085,1760,51194,,
0x504d9ec65797d105de0a8bb70e281672a01e314adccd7c3c875041c9b53e1757,1764460082,1764460085,1760,51194,,
0x8986ebb548a63dea9e7a373d81280dec6aab31a8c870029acff90c89e9503077,1764460082,1764460085,1760,51194,,
0xedd191139edb0b6b39987e62a1b6b74dce263eb252f3e16ecbc5250724188f01,1764460082,1764460085,1760,51194,,
0xd737b0f215c3eb351418434900945eed431df5cf010057934781dcce5d11a34d,1764460082,1764460085,1760,51194,,
0x3e84016bb08b99837c641e10f1f3c34d29cc8348540e0644a76813cb60dd7211,1764460082,1764460085,1760,51194,,
0x08749a1fb8c6d0eb8b1717c0fea6baa0267d29f78452d34c87a3af075ac9d1f4,1764460082,1764460085,1760,51194,,
0x4d66580caf915a21512f60eca92638c56c12d41329db49c1d2e92c66c9e271d3,1764460082,1764460085,1760,51194,,
0x45555486eb152dfdddbcc56a58e25d716a3dd544e9b43e0dc68cefc02c11f474,1764460082,1764460085,1760,51194,,
0xecf6af56ca045a28bcdce26c51dabb1d32c4e3b66494a6ba4e5903fbeabc4d00,1764460082,1764460085,1760,51194,,
0x14625ba38fe5e9ce10adcfd10af40b105eb58bdbc152823a17c18ffa5aff24da,1764460082,1764460085,1760,51194,,
0xe0550cd72c946076680e1d791e7873581ad4a8bafe8c5ef0b9dd8b0b4249e9c9,1764460082,1764460085,1760,51194,,
0xcabde9d402499d98792950621f7ad61c212988c20b63a12312be42d29571cf3b,1764460082,1764460085,1760,51194,,
0x33ab5effd8ee9bd334652aedd5d3a53909c8f3442cecd634d1a3993b9ee73cd1,1764460082,1764460085,1760,51194,,
0x79b548105b8f942d89bbc75120bb79626e3c4583741ede53ce6df13be7657842,1764460082,1764460085,1760,51194,,
0xf43a37b833ea5a6330b9334c95125f677da66e10452ea15ff3bebe309a0ff4f5,1764460082,1764460085,1760,51194,,
0x87aaeb35e35aedfa509a5a9a257c71f5694832e0c5f3608978e1809ce73197bb,1764460082,1764460085,1760,51194,,
0x136a221ce470054a07b58ddb9fd2c31be6b395bfebafe1fdcc6cb89627b67919,1764460082,1764460085,1760,51194,,
0x873655303661c034750e067fa319489041f57e44753f750b9a05a1deb9771474,1764460082,1764460085,1760,51194,,
0x954cf02b9698f926396b85506c481040c85a010e3dcea82f3e7209ef40c0865c,1764460082,1764460085,1760,51194,,
0x18811b23532153e1a15a9e97fa5f5a36ab0c7e5aa232588707dfbc4d82413f6e,1764460082,1764460085,1760,51194,,
0x34d2da0f526d54782f49e9b7fbcdc9c42c144bd659b263a3a1bc8b98ba385bfc,1764460082,1764460085,1760,51194,,
0x6482118b6402e9f4b5fbc80a15cd9ce93fe1c5bf0bc3b90bc123b17a4005f765,1764460082,1764460085,1760,51194,,
0xd06248c3c980a685daec446b5711cd6643b028379585a7b32cfbe1be60073b16,1764460082,1764460085,1760,51194,,
0x5892b19b0db1c109208f5f075582edb564a2be65a29568c794755c7b2f8971a5,1764460082,1764460085,1760,51194,,
0xc7bbc07b6700b3341c6668fab22e8887921e4d7cca9afb1838b04561c2c60766,1764460082,1764460085,1760,51194,,
0x66474b099308c7ae8d8427e447eb2f819da3c3c25cc8865c0e6b615c56ad40f0,1764460082,1764460085,1760,51194,,
0xb7d077e15a3ac79ca801440fc0e19597ac2d6dff82d673e6f3a7d12abccabff2,1764460082,1764460085,1760,51194,,
0x159f2d5ac3938cfc6dddc60ae52d6f6cb840cf8823687a9a63ccde081e1c64bc,1764460082,1764460085,1760,51194,,
0xecf9355147bcb54c62c85bd41353af60c71570759068d52692e12e5448c5eeaf,1764460082,1764460085,1760,51194,,
0x72fbb676eae9c04013d06d722dc2d75dabed1dd732190cec3b31b70d19899e74,1764460082,1764460085,1760,51194,,
0x1d0f55adcc8da3ea060e74647f439130d63310a2a918787e6dbac040e92b5c2c,1764460082,1764460085,1760,51194,,
0x4c7c01b86f27580c1a91fe2c3399cefd5acdf5b62673b722bcc8cc180b0e60f8,1764460082,1764460085,1760,51194,,
0x75ddce01b61735cf1fb40d79026ac2a26ccb3d39c21b736546d0acb73a4ee5bf,1764460082,1764460085,1760,51194,,
0xdf27187f11bcfb73de49a74ddeabab0b0c2fe820ce862abf9749a429612e597e,1764460082,1764460085,1760,51194,,
0x968b8a90544557f2109b532f40d7455513c98ab336622dee76d266ad37c127e8,1764460082,1764460085,1760,51194,,
0xe076ea73469c6e8434908a4c8fdcb2360e2c91b0bba1a6cf466a307d9958313f,1764460082,1764460085,1760,51194,,
0x7ad057cde18a3c1bba06254e08771e169dfd50b2503cc1f20532b76a263f968a,1764460082,1764460085,1760,51194,,
0xb3cce43bcc43bc8c368ccf9e36c12248f580b7260daaddb08e89fbc42ff5bad7,1764460082,1764460085,1760,51194,,
0x60fb39391dcf3f69c17d544edbe56e4150cd9207b3430dcead0359e160fc8a0f,1764460082,1764460085,1760,51194,,
0x9335491ded07d14a54e5e27914f808a469809802db065bf876001335f22107cc,1764460082,1764460085,1760,51194,,
0x205ae7bbbb43658146e3811d7679f9bea0c84b98b48c248590fbb6b210eb4d8d,1764460082,1764460085,1760,51194,,
0x17e07881ecac211cdff78953b5d1500092d3fd2b37b8ce39b964e7ccd88c2044,1764460082,1764460085,1760,51194,,
0x7dbc793e5990ec7d88b002f060dd1fe3ba3d704669bd340291529c44496c97aa,1764460082,1764460085,1760,51194,,
0xe7839957f4f342ce6bc5300bed79891f9fb9ed1b8d72c20d105be9c82cbf30b4,1764460082,1764460085,1760,51194,,
0xa54026b114113554c4e132d2bc0bf8f0bf7b9da09d735869a39add210ebe0692,1764460082,1764460085,1760,51194,,
0xdb6b43c20731fd92e3ee5e49214eea40d1c4c93f53f88fec3ea2a9c0b6830e0e,1764460082,1764460085,1760,51194,,
0x37012007fbe646c254e851a00dd10e4cf66fa8fe8b6a43719aab99dec9a7313b,1764460082,1764460085,1760,51194,,
0xb8db52918842ea079b88339028e9c3c8f39e37d2d312abf9134de013f2909146,1764460082,1764460085,1760,128011,,
0xb29c311d76486f411529959608773a5cb445895565fcc5336e9cc0b84b100fd1,1764460084,1764460087,1761,108111,,
0x9d4aaa0d3d6694ab2114df97f7996917b294934b22e3fcb883dbfd0bcdcb3d0c,1764460084,1764460087,1761,97695,,
0x4ef82fe1d63fbf8133f8bd2a1338678dbb0e5d12564edd75211618d1b8981c3d,1764460084,1764460087,1761,97695,,
0xf62103a144ed9b9da061feba58381986f937ea77ba264b7c02517727fac651a3,1764460084,1764460087,1761,97695,,
0x575902adaed980b29978297c3507e9082703c28024f7c4e08d3ef0ba77410eb9,1764460084,1764460087,1761,97695,,
0xb1cb44264819cfd62d5834e75a7857a50b835c6196a3a25d37bb66d70d63fddd,1764460084,1764460087,1761,97695,,
0x9362f1dc0b3e26eccaa0d72395f4087de6a29561c8254637e8dc2e931ec52ff0,1764460084,1764460087,1761,97695,,
0x9ab8cd605aa1e78d9ee86f97227cb49c9f01d60ae56f0a4b750921ab6b0fc9a5,1764460084,1764460087,1761,97695,,
0x33b8f2f8cec97d23f726a9815435863f31babeed6225d202e8ca11ced0de61ec,1764460084,1764460087,1761,97695,,
0x1ef087e12343f88aebc2e4ea460c23c8d4c1a0ddf900d12cb5a2372ce99b26dc,1764460084,1764460087,1761,97695,,
0x14a1430e4cac746d8d3fb11768b8fe8dd8087b80a67c2c80b0eddd22aeeeec61,1764460084,1764460087,1761,97695,,
0xb9413a717f849013a6e2204a62bb018f19e07e36960cf025e7c6ce40ab1b80b4,1764460084,1764460087,1761,97695,,
0x486e1bae3ce3c538949ab9b29d97ad5aaf5388df0ffb9aa15b2eb24bf7e0b192,1764460084,1764460087,1761,97695,,
0x1cfa328615df2df679ebc57ec9e2aac8bea4f746efbf6e012b5b84a4b55dbdf4,1764460084,1764460087,1761,97695,,
0x3ff5a52b67a96a84327fe267b3fb57f6e962c5d3212f91f305ce424522d66549,1764460084,1764460087,1761,97695,,
0x8339b6fc78220dc31171e9bea95e611a6a8063fb0e305104a02adaeb2d6c8c4e,1764460084,1764460087,1761,97695,,
0x983cb84e66f3563fb100245ddc72c724823b4939f533e655b82962cb846aa6a6,1764460084,1764460087,1761,97695,,
0xc03c6e2ea4c2e1e5d732aa17f18bd80657939d852e9ef6b5ba2ddd544240672c,1764460084,1764460087,1761,97695,,
0x633e4b255073c2d071e6bbeb74c59a7d22c16c58e935b59288970d1cef9ea9bf,1764460084,1764460087,1761,97695,,
0xe105d8c044a49b13e2502191a51d212cdc7af35d54e4b46d28214ff24426167d,1764460084,1764460087,1761,97695,,
0x1bea86e57a3ed1c2e81327875d09dbdca139deedf6b18171456136e9f13df53e,1764460084,1764460087,1761,97695,,
0x62634ea3c0aee8e88ccd1e96a0a7380743d4feee706998f194e2406c7add8abc,1764460084,1764460087,1761,97695,,
0x733dd05d9c78b2cdbceb4dd5c211094b334dfffebdf6ffc90282a7d6d2032e1e,1764460084,1764460087,1761,97695,,
0xda57a0a3018c1e6f3f16b41b46eba898806bbf878613d71bb1490cf055bb2257,1764460084,1764460087,1761,97695,,
0xa91d27a3208ea33694b5836ecdae5cd9d79dce52b355a8831d2f46d0f3d24808,1764460084,1764460087,1761,97695,,
0x08776d24e85f0369de1288b531b4e5232b7db85e3fff69dd802af3dd86bec893,1764460084,1764460087,1761,97695,,
0x3fbc04d7584e27ea53b1421169cc389207d2fde2b1198094fea05d302ecc6c3b,1764460084,1764460087,1761,97695,,
0x11d09a9f6c0eaa18663c0d35d99bd497e7e64824b41bc11aac549d408e200e81,1764460084,1764460087,1761,97695,,
0x0cd4424e07c3309145480a4d8eca76905a84e0d1dd95a6bd7cdab840a93009e3,1764460084,1764460087,1761,97695,,
0x62e97f36171d1986aaadb4e386908360883e2a66a92d517cd46165aac38b400c,1764460084,1764460087,1761,97695,,
0x20a22b42c85f8a43b3c3c56056c3943eb4c58f2a7c7136d4735fe12d58c67aea,1764460084,1764460087,1761,97695,,
0xef3dafc8afc4056e961ebdab61bfaf092537b9ad7c057281b75016f5dc926b72,1764460084,1764460087,1761,97695,,
0xaba4627a1e53e2c967dacdae43ea494c5766c7f6139a0055976e627838cba10f,1764460084,1764460087,1761,97695,,
0xd57b931ba1983245e333535a31bc9a989dbea28de64a58dc307dfa4fedae53ed,1764460084,1764460087,1761,97695,,
0xf3b7ec63532101f13a68e18a522b726d9c8819443ff40864b8995e1f2af504f1,1764460084,1764460087,1761,97695,,
0x31bf4a93aee2b65f80ad43329dab4fd761401fa5590a5797b0f8bb89bbb60ffd,1764460084,1764460087,1761,97695,,
0x54302052cbb3c612b729dc5c2388ca848df8edabf60015542cc3e5d0d1b3ee32,1764460084,1764460087,1761,97695,,
0xdcdf25fb9322f73d348562fba72a401637dada608e734a7f5a578e344b97ab62,1764460084,1764460087,1761,97695,,
0x0899d56d204f9341431f80b6487d31003673b709b0c521c294ecbfc438d84fba,1764460084,1764460087,1761,97695,,
0x7d8343b3353a794741317c17920f042bfd748286550a53e8eef28350153cf83e,1764460084,1764460087,1761,97695,,
0x3f7c87fc270a030559a92f2851352d607849b920322aa81782384cafc0079770,1764460084,1764460087,1761,97695,,
0x87e5898ecd98ac615b254a696683ed93614a757d6038adc5d3f561f61aad48e8,1764460084,1764460087,1761,97695,,
0x584e470a4779752c2836a5b1acc4331552c79eb00811b35ed4de589430209bd6,1764460084,1764460087,1761,97695,,
0x754d8416e40a949f1a882e186efe10a86bc63644a082001629cc54421ddac6c4,1764460084,1764460087,1761,97695,,
0x26fc634eb33ddeef6238f1316e0d4a5cea71f82441b36e934503fd61ce00d001,1764460084,1764460087,1761,97695,,
0xdf7c4471b19b1dc3b525e6ec95934d813143c527f1b2870418dd849ab94a0e53,1764460084,1764460087,1761,97695,,
0xe69ee342bbebca3a6690493a8cb338429aec96128fa19cbe3a6b43c5f75ba5a9,1764460084,1764460087,1761,97695,,
0xc817ee819839dccef03b067c3e2ecb0ec24eddf40ed09af2460f0e8a4f919279,1764460084,1764460087,1761,97695,,
0xa9697b142b401a3707fbba781ed215a2f74c0ea1136b06052888a4ddbcc36a72,1764460084,1764460087,1761,97695,,
0x5624b4020e729d488f7b71bf7dc1d1020a543c0a04a943af6bda21442e73d7a6,1764460085,1764460087,1761,97695,,
0x061ddc963bc1d53f476e8a6e895d1931ce27e80d6a2cac9d78434d3e5627bd4f,1764460086,1764460089,1762,108111,,
0x2faafb669b11650d75af9d0ae29c0523d105cfa45707cb3ef20e07482847264a,1764460086,1764460089,1762,97695,,
0x3925702788fb92d90e29456e7ff5f389a956234147967a6c0ac1385443d3588e,1764460086,1764460089,1762,97695,,
0x3e60bb0371443fe94980e437cbfe43d5a3f9b978895160d10889a39ce64ca816,1764460086,1764460089,1762,97695,,
0xb226211ebb6f8feca0028b5324e9cc2645668478d60b1d787ce1b234da5ec7b8,1764460086,1764460089,1762,97695,,
0x07c2ea7ea3dd519139671933503a3c4401eea9a3393aa7876d2c756e73553f2b,1764460086,1764460089,1762,97695,,
0x2928db64495ddef188fde06cd19321bb48ae50b7e9a53de83f0051840e51522e,1764460086,1764460089,1762,97695,,
0xbcd4b0eb47b63effbc9ec97f48b9527e68284ee7d25a437477ff77cfa38005f6,1764460086,1764460089,1762,97695,,
0xaf988453a29438744fe9c1a5eefd629b123047a0f310b5bcbce8e0c77cb40466,1764460086,1764460089,1762,97695,,
0x4ab02e8070907267db139bc83124a22a685d9087db66649d775ea38bbcbc4120,1764460086,1764460089,1762,97695,,
0xb55ccb025874c59d42495d064871242c3e40c0600e7d90f5f6402bcbcb685f02,1764460086,1764460089,1762,97695,,
0x1dd2ed402a12ef3618e6eb9708a6900ace914a4d9cf34c57a35f3ac1672d7767,1764460086,1764460089,1762,97695,,
0xb1291a0fcd17974b8e1498c0507c7c8672231b1a1d9f0c560cff7a46b1533a69,1764460086,1764460089,1762,97695,,
0x2ef7869baf80610f25b121ed8c08f97939539db760d10f26bd31a87e0729aca8,1764460086,1764460089,1762,97695,,
0x12c7f0a3daf0a26f42e32b247389df6a889cc0817db3ebe77b17e2be085b8ada,1764460086,1764460089,1762,97695,,
0xbc64fff946bf0a1a38e28388dc204597f848df771754c533ac91d91479b16efa,1764460086,1764460089,1762,97695,,
0xac7381f7c874c2799dfe11f0d1be5a33f3575f8db1bf307589464ee796fdfb41,1764460086,1764460089,1762,97695,,
0x0afd0889fbad79be35dc0bf831bfb5cc9410f186d1050c291fb50062917744a1,1764460086,1764460089,1762,97695,,
0xf63965cd5e77aacb7745139e50e2c052aa4e8a3eee98c565a45c89b277511609,1764460086,1764460089,1762,97695,,
0x8c09b52657aba161ee83390c3c20a42125869269c69f52256990c4e1148e71da,1764460086,1764460089,1762,97695,,
0xf31a6e1fc4aaa5403ccba710abbd5fa434038d05cc38bac430a0f0f5d626a384,1764460086,1764460089,1762,97695,,
0x238c69c405fa8188242b346a92a69125f2907d9ff6321c70c2f84954bc62f5fa,1764460086,1764460089,1762,97695,,
0xc5e9b90c2f84723753fe1844dba44ee5b386dc9c05bb946a258c6e98ee1fe95a,1764460086,1764460089,1762,97695,,
0xf69383b4416ff34b14e942f2496628162846cfc7e52be4e25b17363d3b892014,1764460086,1764460089,1762,97695,,
0x7aa93a65038adfbe25d3dc9e893ab448bda6ed660a7a16a678597d0b47274138,1764460086,1764460089,1762,97695,,
0x67a18b030ac2ceddfe901c18e2caaff9d8694b4516604d319501a6545977401b,1764460086,1764460089,1762,97695,,
0x7016df0fc736ba57f2bb0a4ca515cc81178b96b969df0bf92777b585cb3266b9,1764460086,1764460089,1762,97695,,
0x91bcbbd6377c73cfa2b4d27cbf8a3e4501f5c947239b20cfc8c2dfb6e489be68,1764460086,1764460089,1762,97695,,
0xbc692c64dd03d912686a9252abb028d24649b27ca619a1256bd61d5f958037d1,1764460086,1764460089,1762,97695,,
0x5865299686d9493722bc2ab51af2ab4d8d4ea57b4b18746b0856407a242c7437,1764460086,1764460089,1762,97695,,
0x509bf4555262fbf4a4e6b9f4b584208d738833fb7b1b7ec429bec56f07a3ccc1,1764460086,1764460089,1762,97695,,
0x4aa8557704824a6748bc1e3895b5cd64b1209bffa059e6374858d78f1db19d71,1764460086,1764460089,1762,97695,,
0x12081b14eba400494dbc666a81ecfd6485577713d6c9a54f609e5637726fd9b7,1764460086,1764460089,1762,97695,,
0x0991241ca49bdafc71a9e24939e3236c426bfe0621ff265e523faca7f283e1ef,1764460086,1764460089,1762,97695,,
0x2a8f0a619ba639922b0730332d97d2d5fc1c6255856be0d593fbd88708cd21f0,1764460086,1764460089,1762,97695,,
0x6fe08cec6f634980a345401e0b8afb9b44d2278ba622a27cf5301f52e853a591,1764460086,1764460089,1762,97695,,
0x073141e0adfcdd965e04abd396bbc247b712fcc3ea0a5ada100df097aad90972,1764460086,1764460089,1762,97695,,
0xe62fc5b605469107eee18d45c7239879c1490d3ca46f246596dd7301d4122768,1764460086,1764460089,1762,97695,,
0x57f9e4d32218beac484aa30564f4d2ac39e9f662cce590de4f1306b8447f5b7f,1764460086,1764460089,1762,97695,,
0x9c1aadba0b709be7612b38c97f493d885f5cb73fe8cacbb8cb9a3043388e550a,1764460086,1764460089,1762,97695,,
0x530f383e516da849f207b8bfa3e0ebd590821c83723e2f9f6bd2b5c649e77a78,1764460086,1764460089,1762,97695,,
0x4a9e1ce55964be719f9809187bdd8e7799bd09fc46ecb0b68accd9a8d06ac8b4,1764460086,1764460089,1762,97695,,
0x7c84aac91944290e916bcd0135a6cb9c524f897c2bbc6d6f35f721b26de7e6b1,1764460086,1764460089,1762,97695,,
0x4dc9cb08a84880928b0af9362aceaceb7e47713600896d85b288112e619712bf,1764460086,1764460089,1762,97695,,
0xd1d7f772a6c9d4ae417c23da5658918a5b07b85a933b9deb5640d17350842a01,1764460086,1764460089,1762,97695,,
0x05677dcab84a86b64025d8a3045b3b5c0310f27c8909149e5fa3dcd764f99a46,1764460086,1764460089,1762,97695,,
0x7851aff80782b77b1c7885c943fd9bacb360d89a72eb1095aaf96daa8b2c8295,1764460086,1764460089,1762,97695,,
0x66d7c5340682cfb4deb99e33e37c3898902ca94f08b13a4df1b434e713f60992,1764460086,1764460089,1762,97695,,
0xb7b75e349b94809638306e45f5c7ca0cc2d78412cb2363d28d527e1a3a6f6767,1764460087,1764460089,1762,97695,,
0x2097ea2772dc49b35b3f04362ac4a7143558749273168f2f5ab92788302d0a5b,1764460087,1764460091,1763,108111,,
0x28eb008363e6c87c0004dfdce9b821639bf07be6d564262ef2a1f349eb79590c,1764460088,1764460091,1763,97695,,
0x1ded60f6bd3f6319804f3ae27b34e7fb86d2dfcbeeee11ddb718dd7a460457c0,1764460088,1764460091,1763,97695,,
0x0ca58d9a66987d4be320e9cf3c3d33d0cca82624293490631a4e06e9be47ea2e,1764460088,1764460091,1763,97695,,
0x844cbabcbae3d368e47d770ef21fd12b57df3e7f1a3a43b7966a432423e32798,1764460088,1764460091,1763,97695,,
0x891c939c341ccac2ee445dccfcc5ad1e996dcfe2dffb8b78bb1014e8e8d71a42,1764460088,1764460091,1763,97695,,
0x0fafbdebb2d1f6f041017924de5a0103609a425f5bc4ebeade9163f1b2d19348,1764460088,1764460091,1763,97695,,
0x379a8b04885ebb08170f405223ec380d64f082db3623a5db1502f7c912fd91b5,1764460088,1764460091,1763,97695,,
0x461da664dd12253ff0ffd7f739adec0571058940f0804ce45c262ec859478064,1764460088,1764460091,1763,97695,,
0x007d434cada908f5cb8f17236d388a080439a26be53b56db2b6a739915f882f0,1764460088,1764460091,1763,97695,,
0xb6f91eaf336e4cb0698987504812c2ed9b651124ae871b371c7f6ead364ed1da,1764460088,1764460091,1763,97695,,
0x84ba3169d08b638ff471e25b6420e8b4f7828ae62e4a877f2a7c7c3509399f4e,1764460088,1764460091,1763,97695,,
0x890907ca2c1da4ea99d4b0fc4e33d0daa90c36cc76758584d821e967d3a0fe57,1764460088,1764460091,1763,97695,,
0x92ee74d6fc9abb5f901c65b109256a6ca453282a572ba5b51ff1ef70d26c64d7,1764460088,1764460091,1763,97695,,
0xe2657c400aebfdc26904db71c1a0ef19c8c9b57a2c50bcfcff74193928cfc77f,1764460088,1764460091,1763,97695,,
0xb41a58df96ed14cd7a839f5cef8158827f9c99ca3fbf15bf42c8df96968788bd,1764460088,1764460091,1763,97695,,
0xf3050d360bf76c52e9df153ffd89c964c60898c14a85e53252760d9c9e581c74,1764460088,1764460091,1763,97695,,
0x84c098f4fbebb7234257966f743fc2353cbcacd5a39b0416045ea7905f5fb38a,1764460088,1764460091,1763,97695,,
0x6e0dbdbfb447a081e3addfbda29a7c1c2d19102c5c02abc6f3059f66feaf152c,1764460088,1764460091,1763,97695,,
0x38eff19f0bc7a43f8c6620761b6de0595894f40c34e98dce0e1fee75c29206f5,1764460088,1764460091,1763,97695,,
0x765775fa34bb4d044375e3313be7da90897abb4bcfb54e3d5f635b3aa7faab7f,1764460088,1764460091,1763,97695,,
0x5724b948af40b62b613a312682278db3317c878a13317729ad4024e2c4cc14a7,1764460088,1764460091,1763,97695,,
0xe7dcc816ee7d275610838cbeee3332545e838a0f2b7a6092c8215af5868ee7c9,1764460088,1764460091,1763,97695,,
0x079d1ef31661d1a74280bd75c42133adf625f2beff60a69a1f85a4562cc868dd,1764460088,1764460091,1763,97695,,
0xdcba88ec39c6b0f1d6859aabe498a3273083240eb2f2c0bba66d9423262466c0,1764460088,1764460091,1763,97695,,
0xab04e148496a0019418d9685838fa2380878616988268d0ecbfeae8f12a3d4db,1764460088,1764460091,1763,97695,,
0x2d55096ed932559351461fadd386effa3bf37533fc9904c56805720c01556b28,1764460088,1764460091,1763,97695,,
0xf3aff177bcdc9784098c066f98ce8fa557279759a76f4dea5b0ab4384fe49714,1764460088,1764460091,1763,97695,,
0xfaf6f08649eab4874e6390ce67baff09f29f80bba02bff7ff9523e123830ebf6,1764460088,1764460091,1763,97695,,
0x9611e11c16729672a41a7fa3654b17b9c2aed30103b9475b7af4f02360a506c7,1764460088,1764460091,1763,97695,,
0xc597ea67b01f9b8c64e4e244894c365727f419b88d7bfa541bc86acff4e4cd65,1764460088,1764460091,1763,97695,,
0x3ab28f93bbc171d22a4463a67abfe4d518f5ea518d9ef1a4333a88a18f273293,1764460088,1764460091,1763,97695,,
0x2bb927577a84c6dae183597f13de2b5acf55d0c61dc16a8c563baaff138a351c,1764460088,1764460091,1763,97695,,
0xfc86bc84bb6e64b37cbf10cdf47a4f23cf67b51accb1bdcf5a7d2a22d463c19e,1764460088,1764460091,1763,97695,,
0xbfe3c3d9964030a36946d563144c64082f1d367e9858d66a7a476f4cd6110dfb,1764460088,1764460091,1763,97695,,
0x46e78ad79382f85a703725e6040a2258725e7983abc682f778cffba167279ff7,1764460088,1764460091,1763,97695,,
0xd835d1d85dfbaebd5fb0f1ef21aed6aa50b89f932542f5fd01b9429d6475d444,1764460088,1764460091,1763,97695,,
0x53cbb56636863f8bdbe1c86c5dd57bfbff1db308c0f290983737981d5317f71b,1764460088,1764460091,1763,97695,,
0xe6ae89984e5f03c0a0a2a5d18afbba36b668144c33e10ecd8b92d49d29dea9d7,1764460088,1764460091,1763,97695,,
0x58b60e42e44a3ec379a11629ea8b6aad1fc8b945cfe4ad7cc41d4f08e0556e64,1764460088,1764460091,1763,97695,,
0xc3135b1b3de3ad6a62ad897787fe93f575554abfce14778215ae6832e9f318ae,1764460088,1764460091,1763,97695,,
0xde4dd67f2a0080e77f17ce85934c91a8771932c60afd2ce0eb2b5619a2641ccb,1764460088,1764460091,1763,97695,,
0x528f5de20bb34019017963445f2fc322a4ef2d75ee260ea5d810ec18ae5c7865,1764460088,1764460091,1763,97695,,
0x67e0b6d4319f1f101a5271d16eb6ba808285ab3c54e7b416fa60f21ab955bc17,1764460088,1764460091,1763,97695,,
0x9c3f9e5e6ed0ebb7fa95abb22f6386a1486663119ec0560a0a1cd9e2ec9128e2,1764460088,1764460091,1763,97695,,
0xd455865651455a1209b0877c7302236f9c5cce7663c8196b0c407aa47c196dfa,1764460088,1764460091,1763,97695,,
0x7121147471c74a1025b88b4db3b8779483e93de59a74429df43d60394812ebbb,1764460088,1764460091,1763,97695,,
0x3990f23df883c2e547a2c2c3e116da4f053f2294076f8ca6d8f43d52fe224f4c,1764460088,1764460091,1763,97695,,
0x06a722f4cd16ca35468037f6951018e2b798a6a5f42174a5efabb5477f067b8c,1764460089,1764460091,1763,97695,,
0xfdd1d3d3512a10bf238e07184e2ad2c4b729b361c425645a94293014080d8cb0,1764460089,1764460093,1764,108111,,
0x85b91cfb7d09aff04b0413350f50336dc4ae7807244d0b97bd24188be05f59a5,1764460089,1764460093,1764,97695,,
0xc481233fab5ebb7c45b420c74635480d86325e97c9910b4394beb0137221debe,1764460090,1764460093,1764,97695,,
0xa3fb5d730f9f9b352a8af337d0fefed3c4c070906efb920b897fc8663a764338,1764460090,1764460093,1764,97695,,
0xb77c169573c1e42784be6f24cbfac74da62ce08c5271538a0fd670307dd44856,1764460090,1764460093,1764,97695,,
0x8450c5df532d3cf0567725a34b4c6594a94bd7c43aeac272472d4cb849a32b85,1764460090,1764460093,1764,97695,,
0xb2b00709a1e1e4dc5e930df990b4efb26fdfff8540bba045d9ba2dd152c304fb,1764460090,1764460093,1764,97695,,
0xa79a2f522bd95b60f7fea582b8f8f3f19ecc494edfb2a3048d7d271b673efc14,1764460090,1764460093,1764,97695,,
0xdecd54e3c085d44ce072006fcf1238f3c9923b52efff94d8f7f33ad69a7b0908,1764460090,1764460093,1764,97695,,
0x69c84c1256622a727b75ff36d3103944f0458dbca8c9cffcf6186c2b3db7c185,1764460090,1764460093,1764,97695,,
0xa652d69144a5dd5397567d6ebe99bc1976f0445e33181db0b3fb30d246c34bb4,1764460090,1764460093,1764,97695,,
0x58b60a34a0e691bdef29ea2dab15393642ccaa61943dad6dab0c3140583a4e1d,1764460090,1764460093,1764,97695,,
0x7a33469a5addae3446a2d2fd94829e925fd25468f17764bf3ab22bc176b512ca,1764460090,1764460093,1764,97695,,
0xd8b4eb861e1793eea5a091953f2fe8b60af229b45bfe864c297ae5263305149f,1764460090,1764460093,1764,97695,,
0xe3324f5fa0aebc7fc8ec4da8e7c2215a3526b2fdd3475f4c8bfeee3e0ed83b5e,1764460090,1764460093,1764,97695,,
0x4f0a392786f061d1f46563c4df249977c063e57652f578d4bd860b05c597217c,1764460090,1764460093,1764,97695,,
0x8ace6d667d35f98daba23ec92037963c9a7c194956d68d6df1b8853f04aa5bd8,1764460090,1764460093,1764,97695,,
0x543361cde24cb87f8564164f9f3f725a681487bd570f1388b224a62509606646,1764460090,1764460093,1764,97695,,
0x60091a01c9e2855c48fef5bd662392d3b703ce761ddf542ed9745db3f1f74b21,1764460090,1764460093,1764,97695,,
0x17056e588eb33bb82fc59be91990c158d3b49ad2e8afa3e0a66614d2aa6238ba,1764460090,1764460093,1764,97695,,
0x3939a8277bc40f3e8a3d06830daf329ff84203974f3b6150effcfbc0f807b29f,1764460090,1764460093,1764,97695,,
0x2dcf12e66ea748534217ed47e8a8271e57edfe1db809c33497296760519dbf00,1764460090,1764460093,1764,97695,,
0xf367c776a58d53b1ef80339afda80e5dad35f9434f50bcc3b9b9a364be6b04da,1764460090,1764460093,1764,97695,,
0x45a7da32ca983dc1454febda4b6b5d0d63a11cdfa1d5af5d62b5e9b87c9507ff,1764460090,1764460093,1764,97695,,
0xd4b5a0f14aedf4bd567979184e73480e1aa8bc38f413f9cd1d65a3f4b5e02c6d,1764460090,1764460093,1764,97695,,
0x25f51887bae7e63c7490463e294c76a4b4d4099bf2397efc02187d7d91d649f5,1764460090,1764460093,1764,97695,,
0x1576f80446eb00e7bbd07a384a6d9ca2419d04e23f4b0b0c4c6ec86c93fef609,1764460090,1764460093,1764,97695,,
0x69b37aed2e1ff43f7c2663722a6083fd0ae35963fcdb504b4982109825b968c8,1764460090,1764460093,1764,97695,,
0xce5f5b7db249384e56349256e409cb481429005bf166ff886e394e97ef120d5e,1764460090,1764460093,1764,97695,,
0xe023900d1d1907138eed1291a34e3574e1e933c5cd89d0dc874dd4f1b1f289f8,1764460090,1764460093,1764,97695,,
0x076db654db9e3214a85b08c09593a1dfca13ee47f056e12a0b424593c75ba9ab,1764460090,1764460093,1764,97695,,
0x2f6d7b339bd6703698342dc1ed44f982e937218ff4195ece8864bab879157b72,1764460090,1764460093,1764,97695,,
0x6ef91703bad5584abe0f4bfc21946fbf5de236495980896848740c6240e9c873,1764460090,1764460093,1764,97695,,
0xfcfdd696fbdbfac9218dbe7bd0e5539be82754e2e1e02feb3b04a572b1a2db06,1764460090,1764460093,1764,97695,,
0x73a98e01855e96947496d7d9f3ce2c71649f08290e72e9e41fe5d8cf0de4097c,1764460090,1764460093,1764,97695,,
0xb8b0072d5df16bb25742d743d8971cd48527500d518ebb27f31d9cff2b38b7a2,1764460090,1764460093,1764,97695,,
0xf19e6389913e898c4a9a3d90f3b77c9cd8a81219454aa6f032c2682cf75ecc7d,1764460090,1764460093,1764,97695,,
0x409b063d63d61cb220459e8f4ca8e770f27dc4bff26600c284c1cdd5f418692f,1764460090,1764460093,1764,97695,,
0xdee8e1c41ec054e3017b291645e36b78e22621ba4652b062c961308a3d91986a,1764460090,1764460093,1764,97695,,
0x10b7086ccb3c0e617c98b22616449c3420719400ab8f21ad8d0e96bc4389bde5,1764460090,1764460093,1764,97695,,
0x9bfdfb0a2fc13d19f9406fdbdf223d37f2893c3e91a9c903d5fae08f9a76c8ce,1764460090,1764460093,1764,97695,,
0x873e18968388d265c0b39431d611bbf0ae63ad31ababc3b3f638413b6b071e29,1764460090,1764460093,1764,97695,,
0xddb0057b04efd2a29914e395b5bd93d8b680f283b37f8b43518a9e81d5892700,1764460090,1764460093,1764,97695,,
0xd331b40928ab7fb9bb85bbadbaf3bb3b58983270e4209fc9dd396975e99460cf,1764460090,1764460093,1764,97695,,
0x9a11daa8d877af0bcbf9327348a2e671008a877fa9eadff3043ae6cf995b9ec7,1764460090,1764460093,1764,97695,,
0x526b113103de51528a899e330cc1f4e6cdba0e899ed9855e7b2b5da72b95532e,1764460090,1764460093,1764,97695,,
0xe1d7e90a5433c00d8bf42978401c2c820b3734ea3664fcb538876430887234a0,1764460090,1764460093,1764,97695,,
0xb7f14ffcc96dbd743c08bd960c1edf11e4539152a1cf5291c094f7934e8e4a07,1764460090,1764460093,1764,97695,,
0xce07c4553ea8179e989d7db46c7a917ed54ff4ad1edc6e7f3caf9a30ccf5a758,1764460091,1764460093,1764,97695,,
0xaf82ff201d25fb8072235c4ffa0ae05e04abf5c0127e0e0a8b12e550c5a4c0b8,1764460091,1764460095,1765,108111,,
0x791d989544becfe8aa5342ac103d683f98ec5d9a08a7710e548de7be0922eac5,1764460091,1764460095,1765,97695,,
0x187f4469341148bf73f567e8f8ca89b0dc52c689ed69470e42ff6fd20a9aa653,1764460091,1764460095,1765,97695,,
0xaed459e5a929a2054535994c5cfe56adc45775997c49ce8289f9883bc763becb,1764460092,1764460095,1765,97695,,
0xacca626e7599bef1abc6d19312b1e4b495135a8898671d7d3815f0f32e2f2760,1764460092,1764460095,1765,97695,,
0x666dce933a2632bace13329319a4fa2918b7d120f985f50a87d3dc662e6f8c3e,1764460092,1764460095,1765,97695,,
0xc5ec18302d014f8c37a7bd0b724e53bc2891a1d62bd2e77662ce6e73854e9f6d,1764460092,1764460095,1765,97695,,
0x6964f8511c44a2ed6fa99109c948f111bb336eafbb297a086d465e78ab74a4fc,1764460092,1764460095,1765,97695,,
0xe1db3be39cba82849b09a8890121762a0fbd9bed9c637174e52e3786e7c176b2,1764460092,1764460095,1765,97695,,
0xee0d0a81798d73eec45ca02ca099c02b620c3fa77a28aa010c2d283efaba381a,1764460092,1764460095,1765,97695,,
0x9e637cde485b5dae151aebb530f272afcdf303c14aaa3af7c7352f4c501775d4,1764460092,1764460095,1765,97695,,
0x2754ecb938e3833c03b50078e0b504d33bb1819de6fbeaa2cfd27b36139b4ec2,1764460092,1764460095,1765,97695,,
0x6ff8c547760c8cbfc4ae5c69af1355645473d2c643707e7bc5637a0f100730b1,1764460092,1764460095,1765,97695,,
0xea339c0b8a63710a4090b05c36dc83664604ceb47f853ef323c0873f7890e7fb,1764460092,1764460095,1765,97695,,
0x6dbb9443bdb232cd8a2fa44a3b7e7831235e62aa8cd9911160253338e75441b1,1764460092,1764460095,1765,97695,,
0x131997f059eb63b2a4d506762df49bb3ff9df7627dc11ee10a2ede9f52d0d735,1764460092,1764460095,1765,97695,,
0xfc9845e98fe86f8c92128ee1c6c12cbf1441068509bf0ed70a636d8c733edcd2,1764460092,1764460095,1765,97695,,
0x5b424d1bb55a211843f6af1300f7c7aace38510a341dffc39778ae6fbf9ee7ff,1764460092,1764460095,1765,97695,,
0xab727a949875e1e0b797b4d5fb17e43554fb7d3603b108d9fd05078c7248bf1d,1764460092,1764460095,1765,97695,,
0xb6628bd7f59b79483d5a6fe07ee691a87bc76510c698729590887be80ee148a6,1764460092,1764460095,1765,97695,,
0x5ad5308c0dac1e003ee6ca202059f8aac854a788b93b0a5cfd0605d2639b4c12,1764460092,1764460095,1765,97695,,
0x9fcaad5beacc85aaff532c4b5f99562cec68c26f92570dfa95fedb9728ad3601,1764460092,1764460095,1765,97695,,
0xfa905f51e1e98b9fdba2e787063d354454a6a1638000f4137f6a65c150d3c37a,1764460092,1764460095,1765,97695,,
0x45917780429cc8f85ed9c21121c47f889cabff34bd8fcf812fa3eb3ab322a3cc,1764460092,1764460095,1765,97695,,
0xaa7e1efb13f9131ae066427621caee985f5f441825e03381e31337290616885a,1764460092,1764460095,1765,97695,,
0x3e11a4a8fdf2da6ca02da27ac3117a74ad4f971e954a9ee9d17ec09d6bc5359e,1764460092,1764460095,1765,97695,,
0x1f22f42ae150578d9dfc1d2b6db9f8f81c958ca752ffd174ee78268c5e2add1f,1764460092,1764460095,1765,97695,,
0x92535ee34312a7378cfd0b804695d51001f690815f7963b3f96dfe8f6527a412,1764460092,1764460095,1765,97695,,
0x72a5a5bf7f6d9180382f5a393b429c6dd06336a1ca9963566fd173900a2dffbe,1764460092,1764460095,1765,97695,,
0xf8e0943f4685077e76249f06be825ba5b61330203d0b6b0d972681726258ee4a,1764460092,1764460095,1765,97695,,
0x6ffd06ede2d97615ee53bb9f8e577818d9a94434bedebf13345c7cb22ec648d2,1764460092,1764460095,1765,97695,,
0xdc9b9259d2ff4a11f92c3dead4ebc96507ee16382c6eaee8ea0399e10795d890,1764460092,1764460095,1765,97695,,
0xa2743faa2a12ebc3b48b0180fdc21411993c5fdf58967c56d69ca8057c6546d9,1764460092,1764460095,1765,97695,,
0x842fcce89eb5b36856c320df5b90e5a5b1a4628f81a0da357127b06e1c7b192f,1764460092,1764460095,1765,97695,,
0xcb57dbfc3dba9f9abd7e34301c001012d3955a203a189317e9960973aa194cec,1764460092,1764460095,1765,97695,,
0x55c2375e5f898925b743c2182276d37a384c217cc172afa1686de6c3ac34ad4b,1764460092,1764460095,1765,97695,,
0xd154e38c009c82ede34efbc97942ed1a792e7e11cca1ff60118adf7555f024b0,1764460092,1764460095,1765,97695,,
0xbf3078375d3f7f9f82b7bac09219ce8303291c77bc36da70befa4c870e0b6bdf,1764460092,1764460095,1765,97695,,
0x23fc461ad338f2b8fe62c0b2ea892a8355b9e65552bb85925e04f2376bd1361a,1764460092,1764460095,1765,97695,,
0x55c68d6682c285ecd7fbf3e63cf36f643ecf259b3e0e55916fe50286573fbaa8,1764460092,1764460095,1765,97695,,
0x2d208b475cd056af8948c556e7986cdd30d2c07cc7d3b55b0359893ef454307d,1764460092,1764460095,1765,97695,,
0x43bb60914082ac0a77a07310c0946c2ed71bcc7ccab1ed83928a60c4843a6cc6,1764460092,1764460095,1765,97695,,
0xd3cd5a1c3265036857654b593e4c1c0e7382b6e37ca0c7731528d3e814704aba,1764460092,1764460095,1765,97695,,
0xd0333cf093d80134fece5c12ff6e66f90c9f7a3fd8aa5a4d3ec8419bfd6e8a5c,1764460092,1764460095,1765,97695,,
0x3a40da6b1e0bc1dbb95efa05c9f504c765575e28868d2043efe8ff7116355251,1764460092,1764460095,1765,97695,,
0x25fb0eefab856075c0bb3f3d19fae321be53c95bda82b15ef21714ec72aed70c,1764460092,1764460095,1765,97695,,
0x4d611e23113c6540ad71aea6f2c987def83548a382a158c817621abaceb7cf6d,1764460092,1764460095,1765,97695,,
0xe803ebcd298addd9250b432f8250f017571b90047b9cee5a00f5ba1e733e685c,1764460092,1764460095,1765,97695,,
0xb7b8382924ddbdd4f2e9abe4bc23cd9db7acf8724bb588f26b3a5a8bb84602b1,1764460093,1764460095,1765,97695,,
0xea9bdbaa89b94c7799efa7d300262bfa42f918bb281e6869c6d204660b227e6c,1764460093,1764460097,1766,108111,,
0x326bc04d88eefd0a6726e02640608f5d8ed0dd3103178652930b2aac05208dad,1764460093,1764460097,1766,97695,,
0xc275e779dc39b601747481af50acb055a1f3825ea354a02e7aa90ef6e40beacc,1764460093,1764460097,1766,97695,,
0x32f6e16d33dd56dba7b6982559efc181876645a7dd0fff29406586e6b9d19ffa,1764460093,1764460097,1766,97695,,
0x95db06c9d257e0c0e6102c202f9bf1c4a9151a35c1bc2233b4ac4e5bd71a532e,1764460094,1764460097,1766,97695,,
0x90f199e318943d2a5a45c2094e0fd195ee020f1f93fcde716b5d328883fc2e7e,1764460094,1764460097,1766,97695,,
0x0d27d0f640c9d3404b4358a8cdd39309d7b98091364d126b1343eb92ba1fef3e,1764460094,1764460097,1766,97695,,
0x92219d372eaf5ad3664dede61a01a1700d4dccaf2909ef085d106d81293300a8,1764460094,1764460097,1766,97695,,
0xdb2d41aa0613713c9cc923416e5f34a0eda6fc354f7a55150eedb59429308483,1764460094,1764460097,1766,97695,,
0x78d56acd323c9be1478a0413da679434b4b963d23d5752d5fbfcbf2f18319f7e,1764460094,1764460097,1766,97695,,
0xf23c2631cafde6a009fdadf8cb0bc1664d9a48b23ed676ccde177293eb279284,1764460094,1764460097,1766,97695,,
0x4f6de007a7e32ff840f017ac5a3c7d3f1f27906930e215e8da25efa39afa3cf7,1764460094,1764460097,1766,97695,,
0xd1595b74177b3e67c714907f90fc12a927ab059794e766ec81c02d96707d1a6b,1764460094,1764460097,1766,97695,,
0xd8a6071e5f358683fc41b66b03c4499f4f94d8149f4b95016e38dc2f4387b7b8,1764460094,1764460097,1766,97695,,
0xf3a98956fb1f73675e4ad2e5debd59f8038c8da24e9f50f40f81f844977ae344,1764460094,1764460097,1766,97695,,
0x431d4f91f82ef9cf291ed9ebc83bdb7715eba0660a6f0141576acc434a73854f,1764460094,1764460097,1766,97695,,
0x0c5125910205279714abea6f35c75692eeebe2fd4904affe67e88ae6ec764136,1764460094,1764460097,1766,97695,,
0xe553023dca313712822b30c5461d84ad1de86c7d78d5179320c199a142fb3b20,1764460094,1764460097,1766,97695,,
0x2c85346a58d8a7e1080c10f1b49f53db77edbd532036c8e0b44624707e5bd570,1764460094,1764460097,1766,97695,,
0x969a6ae14a9c0af50a34316fb92e8581c0c2780f324551abf53838fc47402e67,1764460094,1764460097,1766,97695,,
0x5a8a3cafcb20b3d6c377daf65a413f56fb9d3ef4f023f5dffd68fb14ef751b52,1764460094,1764460097,1766,97695,,
0x6fa2c814e593c17deb1f88a197f52fed4f178e95c6dd941694f9e1575149f5fd,1764460094,1764460097,1766,97695,,
0x62960f4a715469abca4dbc2ba9dd821b0abf1a32427db61bc5b4f642326b198c,1764460094,1764460097,1766,97695,,
0xc8f60ecd7296ec790235031cbe731200388874892a5da617a1488a8a72e07a99,1764460094,1764460097,1766,97695,,
0xe2cd4b5249d08a45e10565a947f673c67dc7daae82d0e3ef8dce30748a4e16fc,1764460094,1764460097,1766,97695,,
0xfbea56338cc6eea1c30387542b62fd55cb9604b117304f442485682c8dea64ce,1764460094,1764460097,1766,97695,,
0x2bc7dc877f863f4f0b3cf4de295dea4d1f8f5db8d2e4c0ab37718c9275da28b8,1764460094,1764460097,1766,97695,,
0x4ee2dc87e677b4700d9977a28a31745f5b062fb74ac24bee43162bd0075ebee2,1764460094,1764460097,1766,97695,,
0xcbd396d26f4c44e43b4b9d8ae5281ffece37b690690506c01a7e62a57669548d,1764460094,1764460097,1766,97695,,
0x67daf3ae6ef3471367ebb7376f418e360a216bbf186c6a1f96cd8571c0a39c7f,1764460094,1764460097,1766,97695,,
0xdc905bc48e20931e093df05f39f33dafa95707f59fac1f32796bba1d2c9c8749,1764460094,1764460097,1766,97695,,
0x53303f2c2338c10127f1055e51d06e1f3529a543f86368befda59076da24a160,1764460094,1764460097,1766,97695,,
0x4ea6f7b0f6a6a7b65552a0cd9fc443b5a076fd90aca18eb6fa2952bf18b7784c,1764460094,1764460097,1766,97695,,
0x7a69e3fe30e4ef4e2adeb1ad3a4d86cd73641ad87a0c2980c01dbf1e31f29a3a,1764460094,1764460097,1766,97695,,
0xae407277665c8cd10affd379ecb1e1b61958c176e1f0f1afa0a88570bd8a4814,1764460094,1764460097,1766,97695,,
0xdc157f2c099914c65e7a232ae1a586ad579777108148b2da778cd02021714acf,1764460094,1764460097,1766,97695,,
0xe6c191c205ee712c659fb8f061cf948c892029f6fae9a04721b9d0a245973586,1764460094,1764460097,1766,97695,,
0x4f1a07065fd3851c45a425c0fd9810160996a1dcfba7d4a6e20c7109bffab079,1764460094,1764460097,1766,97695,,
0x61651e81a55a5409f4e9661b82e53f0711a8b7ba6a7f4940bcfa68e1a19074ac,1764460094,1764460097,1766,97695,,
0xf674bf2e99815d56f75407b0daea7162733ff675a159ef621f25a557d50394f8,1764460094,1764460097,1766,97695,,
0x56af5bed1682e362469dd283849e7dafc2ea8cc55dcedb0793fa51210c7e7209,1764460094,1764460097,1766,97695,,
0xa763f75858c436d842c3f946b9021ed5ccee634edeed11f188ed98cf5eb8378c,1764460094,1764460097,1766,97695,,
0xe75536089bbc7d603d497374256f969fb5dbf5fdda87309699882a5a009bd7a5,1764460094,1764460097,1766,97695,,
0xec1ceac228a72c2d3829fe73fa1d6defb66cae72334ea39bac719497f76a02a0,1764460094,1764460097,1766,97695,,
0xc31f7965540191f0a6a8e955e05c652481eaedff7f896bc6bf4a0fa8c542fa99,1764460094,1764460097,1766,97695,,
0x222c30059535fb0f9d99d1ee62190240d54ac2df0aef442f4d123f13a1d549ea,1764460094,1764460097,1766,97695,,
0xd74e7017f02386d780e9fb29d1aaf294074d058ea12d4964b3ee00978a3c3477,1764460094,1764460097,1766,97695,,
0xe0edfcb807212e9b45d40fb99752d116d56241cfdb20b0d9f9de257eae9a4283,1764460094,1764460097,1766,97695,,
0xb5cf2d4dfd82ef31ae9d83324ad4e86c75edc534f3b0cad3be5ecc28dade5956,1764460095,1764460097,1766,97695,,
0x7747806b603db33082d38b321bb16b674e40b9e836a9e451c1b8b53106448568,1764460095,1764460099,1767,108111,,
0xd441c3258ddc5118084de0c65ac4671e57c006b5e634e0deaea299752dc6e939,1764460095,1764460099,1767,97695,,
0x8404b742b1fdaf4e9099551a03be877376a83694e29a5ee84f85a772cc0f4c6d,1764460095,1764460099,1767,97695,,
0x47a7c1cd05756269327d0294b8d278b7ac89e028e3447733c4db6f7d343674f0,1764460095,1764460099,1767,97695,,
0xe470f560561393c96bf12545f82140cdf348bf93667e5dda63229b7d2e5f4ca8,1764460095,1764460099,1767,97695,,
0xbe6a48242904b8c3d73d43f60a4ef47d3a508e0888de861f06f24d3f3b53dc0b,1764460096,1764460099,1767,97695,,
0x2842001adfef06d04bc7d6aa31b5c699cd5655d5f2368e9068ea4f36de45e49f,1764460096,1764460099,1767,97695,,
0x2c4f1f4351979f4eafe207a1c21906f6e5a6a888cc054a624df3f5730b99491a,1764460096,1764460099,1767,97695,,
0x3f363316a55e63eb07c194c011be7ba9f1c90dc1c650d6e1332ee6fe6904ec9b,1764460096,1764460099,1767,97695,,
0xd2d0df066a86d200cde58c007cdcc5a59f70618cb322a70436d2040b04e34e3b,1764460096,1764460099,1767,97695,,
0x670439b24f441a6ed64b531995943c34d4ab2d7fa119c3ec3b8ff17f8d77d019,1764460096,1764460099,1767,97695,,
0x8f5640b152aad12ca425317a75383669495dee12ce2ab4827bbba50f588a7d78,1764460096,1764460099,1767,97695,,
0xebbf8fd9aedc7ac428ed6d3b91249e0e7ae230c1d72f23dd9c9f11e4e082454d,1764460096,1764460099,1767,97695,,
0x0785af3c2e794bfee94464b1ec31fcbb6e72f70a113d0b0a2c30c26f5024e088,1764460096,1764460099,1767,97695,,
0xe3cdc8f6f10e5767f150f39c24d906252f52842bbe856799a97d2a2f9718c94a,1764460096,1764460099,1767,97695,,
0xe2edb862a61f4bd424bd72afec5ec4cae1fb763d34156169cd4316cfe733b93d,1764460096,1764460099,1767,97695,,
0x4462f234d878cb1dd1e73fd5d43c8042c186ac2980db0f9d2b73af7eeb294240,1764460096,1764460099,1767,97695,,
0x80978577897cd6542cfa71ae45d3850f83d9af9c41e356d2f02bf099036c903e,1764460096,1764460099,1767,97695,,
0x8492200946bfb0bbdd3717ff722da65af74917114095333e0d1e7004f9291c11,1764460096,1764460099,1767,97695,,
0x36d77d4ad80fb9d66b115907433e5db160d9074e027f2e512135da54887a52d6,1764460096,1764460099,1767,97695,,
0xa7f4c68856b950d419ab0b7546cad0b6154bf3eea8e7b5503dd4d537f13bbebf,1764460096,1764460099,1767,97695,,
0xd988d71e1a3eac1f1bf10b87cbf804f2c6dbabbfb1d57c3d71ed51910eeb8cb3,1764460096,1764460099,1767,97695,,
0x522767df94e512bec4e591b03196b83b53db7f3c88d7107ade211c2ca30635b8,1764460096,1764460099,1767,97695,,
0xeecdba41a3c22393efb0668149f67bf88eb25d8d109f1cffd2c190716082c91b,1764460096,1764460099,1767,97695,,
0x681b7eab39007a28efb16032c8b25b992e5d290089f916ab133fc746afadf569,1764460096,1764460099,1767,97695,,
0xdee5dcfbc54ceae8999da5a4ac41d1f33b386c4cacd387601a988be1ecf5dacc,1764460096,1764460099,1767,97695,,
0x6763dcbce526434ea8ea6a57bd27badd2d5d5e7dd3fde533ba3d16e3307d4e27,1764460096,1764460099,1767,97695,,
0x76f70442ec823e90d82e32d53c30658e7dd994cb97a0391699afda9889f38d82,1764460096,1764460099,1767,97695,,
0x32a6633349a3d0d0613b37d0e56896eb4faadf9a152876a5bcb4c7f9d85d4c3f,1764460096,1764460099,1767,97695,,
0x8461fe4b1bee31b7b66883f3789b3866b97745d2bd448c7c2410d03a77858ede,1764460096,1764460099,1767,97695,,
0x83f22145d0c84f9aa43efde880571f530589e201b6600a1f998e922c0027a36b,1764460096,1764460099,1767,97695,,
0x0b5848c79b976b2fcd11b845f761476983bf8a6e096501774426d0fa99cda8fb,1764460096,1764460099,1767,97695,,
0x0195b693c33116a3f297c38a7b2fefe7db99ff2ff04275fd1dd42abd19cf5051,1764460096,1764460099,1767,97695,,
0x5cfc0ea2e8f1f964fb4da4ab32bd65c1beb078956e7d4ffa12d6e1e4d8b067ac,1764460096,1764460099,1767,97695,,
0xabf2d795d1028f95309d7cf5b63340e53fae7a44f2bfcbbd06cab7069f38a4c8,1764460096,1764460099,1767,97695,,
0xedf2bfd812ea8c1097ca15af5700103ee09135713b28bce39fd941bc6247c2ca,1764460096,1764460099,1767,97695,,
0x3042cde4e23b5b616e185f0e42e5d1438e9ada8c6e7925a2310e031c893465b4,1764460096,1764460099,1767,97695,,
0x7618bc774ccf40881ba60b534d4484174c9767a76c998dec1dfecd9db3631886,1764460096,1764460099,1767,97695,,
0xa5e896f4eedb18bad2647fbf463bbaf70c4f3080d99150998f5acb80db29a757,1764460096,1764460099,1767,97695,,
0xdd46c4e1c63c36403eea26441a79fe43dd9bf14b6f1aa99572b39a4e1b58f81b,1764460096,1764460099,1767,97695,,
0xfb5bf6fa05efbd46403c4b9cf94f52351271472e6803aeed2204153b2b7471a8,1764460096,1764460099,1767,97695,,
0xb110374507987640e2d90627a5e8e68ff54a01c3645a90a71927e7d2d061617b,1764460096,1764460099,1767,97695,,
0xc6ff0947cecc94da7257aabd9ac0f6d4b920e95051dceac470b69d01f67da53d,1764460096,1764460099,1767,97695,,
0x87d801a341386e128ad5326f485e858f6f83254f6b3b4a02c7db2539e798bc2d,1764460096,1764460099,1767,97695,,
0x3313202a2a3ae0603d7ee0766b9a1c7da7e6fa19c1ff23a3f72ee5acc7e49f92,1764460096,1764460099,1767,97695,,
0xa1f879936efbbff757793ce55345ae85e96c4ae71dae3ad545678c530b9465b4,1764460096,1764460099,1767,97695,,
0x6513f86d050a2be9263031d745077c41aa69df3a8c9db79028eccaec1ad9d9f8,1764460096,1764460099,1767,97695,,
0x469022eb56ede3d398c290c7c30c4e0705efb420b9a681b63ce8c8db1a395c8f,1764460096,1764460099,1767,97695,,
0x9f8dfc37126d381dda3a09682fb91e7e1ff44e70e094a540ea15231e99a7949d,1764460097,1764460099,1767,97695,,
0x4efec1594b64ea925033f588f7fa4832ac0a33d78ea2576d105eda9684604c6d,1764460097,1764460101,1768,108111,,
0x56b7c256cea0a6789ac4a9348c735052dec486d9382cff11a1f61537cc10fbdf,1764460097,1764460101,1768,97695,,
0x99d5cf06b243948332ff2d4e8079c43a185a3d17bb7ae32fa161db90ef351962,1764460097,1764460101,1768,97695,,
0x8d2cd7e31f1f10084791d85ad963094bea740e87024676f6f638b886af5e89e3,1764460097,1764460101,1768,97695,,
0x53575ddbc36045301a7c806750a22f4e87caf55e9f724149d68f682eb6a822ac,1764460097,1764460101,1768,97695,,
0xc8098a0946ca6cc4f05bfe188ea35ad73b7c58447fd06dae59ac8712afc7b74e,1764460097,1764460101,1768,97695,,
0x49919fb0f7ca8445b9170ab5303dce926b88b78139e667e691eeacc50f2ef13d,1764460098,1764460101,1768,97695,,
0xe9c1778c1e0a6a364e6269873cd0e52fe1ce1b4f5d87dd94037ae32110f8e981,1764460098,1764460101,1768,97695,,
0x9589a849488ea6f5b766e7022667e404df105f7f817055723a71d764f34efb6e,1764460098,1764460101,1768,97695,,
0x92a53579c3564b57d385992395a18ce0c9655982f366fb3cb1d7a25f674e0f40,1764460098,1764460101,1768,97695,,
0x55f88661e8200ea0c2d1c4b169ba12eb1b13bb47d0cdb63bc57124aee7d4af25,1764460098,1764460101,1768,97695,,
0xef5177e1c4cecbf927f1603ec5dba18404542eacdfea77ab2dc44b66194df473,1764460098,1764460101,1768,97695,,
0x8a2ee021ce5fd93b1d6f9c6b5fa8343b20bfac464e769c581ed022f91b439af3,1764460098,1764460101,1768,97695,,
0x8c9ae0bf6155e604582cb6366b586665468bfd4012602cee9996356609771921,1764460098,1764460101,1768,97695,,
0x0a6188b03c0eae4c02a0e4c01484d8a30acf9ccf35ed5479f160ef3f992a0fe9,1764460098,1764460101,1768,97695,,
0xc757f318fe4775255ff1f5a871a6ffeadfd78fd9a0567d2b719a8943f9fa654b,1764460098,1764460101,1768,97695,,
0x2753de69a858451a197496950f5e318200034f95e3af33e9c8375abfc9c2d6ce,1764460098,1764460101,1768,97695,,
0x311b19e5da7545d7d16d8158dd92d747078af49d8d69bb07926505e7cc56ff0a,1764460098,1764460101,1768,97695,,
0x20df71cc47d6c6f99ac9976d9e786359be040ff3d33bd9691345ef0742657c86,1764460098,1764460101,1768,97695,,
0x8757733d2d1c76848fdf7d9eb6c38ad28715556e026567034ec614096e67a49c,1764460098,1764460101,1768,97695,,
0x164907c8b4e5a4120a09e45f6185747bc12d495c662b75d5d5e7c4c16201e971,1764460098,1764460101,1768,97695,,
0x0889f7ef82e9f2587cba27cf9e2cc73dbc60b664808182dc3a637c04cdb00c3a,1764460098,1764460101,1768,97695,,
0x1d25a601ea43229dfeed9a90d0d7c95c0eb56beca9434072d8be207079b031f6,1764460098,1764460101,1768,97695,,
0xa4bec8c9aa5ec35f2249a152a236da8487e8dc6cb1996fb4d203793fb1a1e486,1764460098,1764460101,1768,97695,,
0xbde7a1e7dcbb55e854dfbd03b0019f0aec9302591069a3da4fb513e46fa2ae2f,1764460098,1764460101,1768,97695,,
0xf05689e0fe075ee73bd96ef06671a33577dd5dfac188a0e0528c23761f5463d8,1764460098,1764460101,1768,97695,,
0xf83a26fd5e9bd8cbd1d1e4ddf974b31828c2fe0d64e1e3021c48311a97516427,1764460098,1764460101,1768,97695,,
0xe7b3cb30d8bcc12525678132d4fd0f43ea31cdc34e30d7ee18704ba52acd178a,1764460098,1764460101,1768,97695,,
0x4cedf1b22b4beb21bcde3f72ead52fb64ee1a1343b90603b68c390bd87a9c116,1764460098,1764460101,1768,97695,,
0xa954d12459cb82bc22c3aa1749d4fba59e48fc7a2a8d05c59c38a4847c125603,1764460098,1764460101,1768,97695,,
0xabeef2c3db757153a3b08148d6038811ce4d521b935e7969e58d61e39c3482b3,1764460098,1764460101,1768,97695,,
0x55226f15eba3ab6da31a72820b80408ef63002085a6e2ea7bd89a5eb78cd63a0,1764460098,1764460101,1768,97695,,
0x08100fff897bdc7016c6b4c5633a0fb86368a9178f279aca140df94cb4d8cab2,1764460098,1764460101,1768,97695,,
0x95510891c4cd1401f6dda5d2b7397e4b83ecdd49e018145b2dae24559805e12e,1764460098,1764460101,1768,97695,,
0xf1bf5a2ba1809821e847507537b345c0a9d42b9a20bd585a1e62b47fd6605163,1764460098,1764460101,1768,97695,,
0xf1114dadf9e1693903d5c133f617f06d229f17153afca579d3fee1f42de8a4f4,1764460098,1764460101,1768,97695,,
0x18e976be3fc2c5fa7b9bffbdfd62b8da82b48f23e14a94b28ec6302e8c7a70e1,1764460098,1764460101,1768,97695,,
0xe444a5f557040367493b3f748655896e7fd71714cbf48822a82c616ce90ffad5,1764460098,1764460101,1768,97695,,
0x615f14058e0b2e8d5d12d36c55d328dba3168479a2c5d8d62eeec005e64de2fa,1764460098,1764460101,1768,97695,,
0x35982c200bcab9c6aeb37b106d48f4963a0afec9ab0fe0487715651c56a231cc,1764460098,1764460101,1768,97695,,
0x9458f2b165688111fc61e070dba17dba78f6cba7e7b5e61d21846668c169a104,1764460098,1764460101,1768,97695,,
0x71c6e6a429035e723a576a2a5b99e042d5a000f977d4264bcc9e9d2907c3dba5,1764460098,1764460101,1768,97695,,
0xc8f2b20f3d3c9290a8b41691e6c37060215e2e1eba8e7665aabbcef705ec0e28,1764460098,1764460101,1768,97695,,
0x885eb8ba52b0f6fa543d9a10944e95d0d9bb4ed672f49d043bbfe975f4b05546,1764460098,1764460101,1768,97695,,
0xfb84b277099ed2047e57a93611cdef3b3d51fe55942c89357fa98d5c9c72fb9a,1764460098,1764460101,1768,97695,,
0x9ec6d475ab0839c2fa703ae3c5b37d1fb52390e89a7b0525457f87b0a3bbf234,1764460098,1764460101,1768,97695,,
0x63d4ab85c3a8de96f3ba1e5f6a18159ef475f829a821004857106b56dac0d6bd,1764460098,1764460101,1768,97695,,
0xc062418c7e72cbe0d34172c15d72e7bada3e1a549fed33aa380b77ea8347774e,1764460098,1764460101,1768,97695,,
0x8095711c444d3d65935145465cf7c706ae0eb2d52c1e67f1e5769d6f04ebfc40,1764460099,1764460101,1768,97695,,
0x26948f76b3ce4dfc597d4d3e264a06243f7bc55279ae2a1f7e3b678cf2cfc882,1764460099,1764460103,1769,108111,,
0x353ad561b38f578155ff7672c7204f782ca2f2c2f494c04bde8648a05b3da70f,1764460099,1764460103,1769,97695,,
0xa0f8cff67876d3899b1ecf34a40ad727bb6b70a37d8b0b18e03f9fe5606a4584,1764460099,1764460103,1769,97695,,
0xf8316118a14107c04c6c30b6976d085e2c5ddd0455af49612a9fc583658cc3dc,1764460099,1764460103,1769,97695,,
0x7c6b0fdc6339c921756c207c558f8e37a167bc19f955d8778cae595a370023f9,1764460099,1764460103,1769,97695,,
0x851e845fff0de3a61fd01d219e67bcab0903df5a936aace2f6c189d931b0098b,1764460099,1764460103,1769,97695,,
0x63e365d341b5d4d80ef14ccf31d0dbff544ffd8f4ba538dcf8619efdf78f3be4,1764460099,1764460103,1769,97695,,
0x4f810cf9bb1c8df9682df1e16037a1825e534850698d5bf1c6d0c03fcecd660c,1764460100,1764460103,1769,97695,,
0x3cbd03dfe01f96815a592f09df61d5f23a1af3f1859a08928173459023846a1e,1764460100,1764460103,1769,97695,,
0x0ea9160aeb9adc8c8bba9002cdf35cf0e4a0912e36e3087a5ef0d6cd40873c63,1764460100,1764460103,1769,97695,,
0xd66d0e0f04993a96a0c2691dd3c4c9aba2441c6e6dbe2c6bbff1ba28f993acd1,1764460100,1764460103,1769,97695,,
0x42fa9a5ff15909f8f893589837e6fc9824e05ccb846dbd9533fc928961f648e6,1764460100,1764460103,1769,97695,,
0xf3d034fc42d43439f35a9a6b09466c3307dc87ef4bc5b9361536a73b4afa7780,1764460100,1764460103,1769,97695,,
0xabfa5d001d344e81c2d97075d6b778a9e56300d3e48daf4cef89f8281de27e53,1764460100,1764460103,1769,97695,,
0xf2844687eec4d9ea3c060b34b70a164ab28ba9fa745979349d5158bb334e66b8,1764460100,1764460103,1769,97695,,
0xc7df65a97afdcd9a023cf46a60cb93aa8c05c2b400e557a3ca644d887d74522b,1764460100,1764460103,1769,97695,,
0x6f139f9bcbcb98786820b12de38ab62ad17e7e29cc781cfa4dbd0b3e63c3e2de,1764460100,1764460103,1769,97695,,
0x5d8328f7410f69b2cf65ec417b97b14d555bd53f29a3a496cf675dc1be95295c,1764460100,1764460103,1769,97695,,
0xb177a34fff86660edbfda6e11806dbf232b3649d470b229b6c4d7b584d42a987,1764460100,1764460103,1769,97695,,
0x6b54939ae631e60500b260b6cd1cea801fcf99ac85a691feafa4fd9652dd7d06,1764460100,1764460103,1769,97695,,
0x80bb04b583ba51ce7814731fb85f5c4dd0c4ee8ae013284263a55767b47e67d7,1764460100,1764460103,1769,97695,,
0xc9d5189dc055846612bb19c657c12da7eeecf81a91da59cd78e07569c1ba85b6,1764460100,1764460103,1769,97695,,
0x38aae04d2f3e7427363518a9c55693ed4cd96ff9fb07051900927dd5b9aaa57f,1764460100,1764460103,1769,97695,,
0x25ab47bd70891c972cd4999f0272fe53c521f46e73f363c290a28053b7a06b48,1764460100,1764460103,1769,97695,,
0xc98cade682e096ba9e6e10278fc7901c6d2ab79e064273d0d212441f2d9d18f7,1764460100,1764460103,1769,97695,,
0x24b1aff1dc86d478568afbcdc500b44959d6bf2a71a1d6a6cc94fc7763fd2688,1764460100,1764460103,1769,97695,,
0xf8de7a836eebcf2bb0f22bd7f693f7f4b14bb0889c19f55687ea47486eef2a22,1764460100,1764460103,1769,97695,,
0x0e6285a5f18f0003d91abafb1b99270544c05d42e9a01859113b08ab5272ccef,1764460100,1764460103,1769,97695,,
0x0ee42485a4abbd5416ff43b2fbce629c83eae9ccd0e3eb94059fd32026ca88ef,1764460100,1764460103,1769,97695,,
0xbbf1b10b270ddf7bd6eef4da3e47d9f5b654aebe6a67bf8230ac2b46cac94aa5,1764460100,1764460103,1769,97695,,
0xcf6722fce50c9d67897254bd8c7677e95274df617111d1b16159eb68d4d78628,1764460100,1764460103,1769,97695,,
0x2edbbf47dbfa3204ad729e8552c12e9fd7c15e59e689e5fd10d2511558eb013c,1764460100,1764460103,1769,97695,,
0x8e1a90b901362df14f4945f7e6526be6d409e806a39b54d0db904dd752afbe47,1764460100,1764460103,1769,97695,,
0x4aec31206c1d8f2698358e01d230b84d2a2c5e6347503871af339be0aa973280,1764460100,1764460103,1769,97695,,
0x15c02b62ada39631b6c6e93b12eda38b1861e274f9a91dd8c709eeb0fee2a7c7,1764460100,1764460103,1769,97695,,
0x0846f7ed9fe147f70c2d70f4fae12e0615c0383583830d5de84802c801ded4af,1764460100,1764460103,1769,97695,,
0x02f0c10ed85fe6d1acd32d20b730dd805a22d27c708ffa760c5da2764d514e9d,1764460100,1764460103,1769,97695,,
0x5011caca41d96220c22c7338d8e914eb84f104f892578a377c53ccdbf2ece3cd,1764460100,1764460103,1769,97695,,
0x1501f97bd101d3f84f93479ef9b1c9791dcdeb8d487c80a9d83a0ceffacdb530,1764460100,1764460103,1769,97695,,
0x56b586a02349ac5a90440d1dc61815c525fdbf4cacf72279252dab7091a64f40,1764460100,1764460103,1769,97695,,
0x5fe1c90340e5db15fb0d1d1344a5c4cf7e67baa7243481527d79e828f101e8b5,1764460100,1764460103,1769,97695,,
0x6be124c6a47105040668b267709da6eaa2d857eb7176d4d93f88ffdeb8da99c1,1764460100,1764460103,1769,97695,,
0xd10e7b5537822304717bc66c88e16646cadf17f2b081fc540ac4f49c356a1379,1764460100,1764460103,1769,97695,,
0x8f86281f80ed3cdbf9582657ac5583987c472c15d97174c6dac6ba25c942efc4,1764460100,1764460103,1769,97695,,
0x688d4ac203f151caffa79fc9de23a19e1e77bf8bc919707725bef2c3266abd06,1764460100,1764460103,1769,97695,,
0xa42507117dd0ed252aae89e08155fd8fa22e7374982e4f18517d845959e4bd20,1764460100,1764460103,1769,97695,,
0x2e343a9a33a45001e4f5b493954bd454fc821921b3ae0e85195bfb423ee5ed4f,1764460100,1764460103,1769,97695,,
0xc7901b923b8f7f8ef4fa28c0dfe4f358b72cbcb80aebb7c3a38537664de8cda1,1764460100,1764460103,1769,97695,,
0x64288ce10ebcfbce1b62dc7c8d43d5d6095b60afa6852502ce41660db271eed7,1764460101,1764460103,1769,97695,,
0x7bf3b23864b55b35ea2d0d5d26e1d059bbb1531a87fea0319f6b1c67d2eef499,1764460101,1764460105,1770,108111,,
0x28a12446986e9313f4ae1b4ae181b925fb7f4a9d85ef90dbef80afd1e421e67c,1764460101,1764460105,1770,97695,,
0x535b79c7d28c090573f78a56c487e5b141511a12ba89f1dc7ffad1e544261e56,1764460101,1764460105,1770,97695,,
0x48dd233451a6e5c90f46c45550e4ae81ba1465abe70f7f601d21ebce75f0629e,1764460101,1764460105,1770,97695,,
0x4dff80f9c8e64ad95915c10d83c9f98d20bcc09a71a353218c74b29b067b3361,1764460101,1764460105,1770,97695,,
0xf35e4b5f4a926af537f52926d8ebe05eb59dc73a072c96674ea7ebad203ff2e4,1764460101,1764460105,1770,97695,,
0xbf188d2bc97c0abcfb5fa8bb43403746fafc67207335c8465a4cb0d3b46106a8,1764460101,1764460105,1770,97695,,
0xc5c73877f8a2aee183a3b0a49dd0ecb9c608cace090b039f4cc0632e55fd9665,1764460101,1764460105,1770,97695,,
0xe8d208ba48bd015d1631d92bafd01457fda9e40f5b1695e969e6219ef90dd5a2,1764460102,1764460105,1770,97695,,
0xcc0309506d127fa7e74ebffe9525b5104b221c322959c54ec456094b0236d2ee,1764460102,1764460105,1770,97695,,
0x99787650c1f8d47d72f0e19a406ca3990b34aad0232d1c0a960ae37e75b1fa57,1764460102,1764460105,1770,97695,,
0x5f21921d56a7f0a8e10d0c964b9cfa5b416663803f059771c18c9605a4e209e9,1764460102,1764460105,1770,97695,,
0x462c17f65fae48d5a0afef7522f8b33646be9d4ed920a73fccae231158daf964,1764460102,1764460105,1770,97695,,
0x8680a0c9146c7d3cb5e284e0806f975d16627259c49e7bd3df195011f1adb67d,1764460102,1764460105,1770,97695,,
0x13be94e0b1523829bb7e9151e5c6a6b8c06a11ff7f4502005d6e8a614a85d2c4,1764460102,1764460105,1770,97695,,
0xc6df25b550d44c1319005f3c3bdb57ade6d375c4388a517b0615092480939c87,1764460102,1764460105,1770,97695,,
0xe8d5e96b4717d0bae9df853f72c3750fd08e697acec9632620fe865304f59aa4,1764460102,1764460105,1770,97695,,
0x3c3d2ad178da0805e53767a15598d2c59f16b5ca13884a5765de729f1acf0882,1764460102,1764460105,1770,97695,,
0x381ef2f19c53ef7c97466d06637436ce1c0c5d35b5b5cd408d1af0ab21cbfc02,1764460102,1764460105,1770,97695,,
0x3c0458c4ebbd07730a9607196461ae06a84d7e1f2266b69eaf524558a2d13e8a,1764460102,1764460105,1770,97695,,
0x7b293e9c54b4d50c0cb7d3fc54a6a817b7dd4302a7aee1923bc5082706649436,1764460102,1764460105,1770,97695,,
0x6b2a78384e8e4d9cc72b338b5580257a7544ade9000401c7bc1289942ec9f8d1,1764460102,1764460105,1770,97695,,
0x511632dc635e78b8c58776eb94cbdcff5d871ee36569ca311d1b400b952483d4,1764460102,1764460105,1770,97695,,
0x73fd1ce33aeb255bcce1674b7dad26ffce1a9083b9521f30e192735d9fa9d91b,1764460102,1764460105,1770,97695,,
0x5c855803e470f4a30f5fb87c3fb9b88d96eecc312a940c47b533eb893172909f,1764460102,1764460105,1770,97695,,
0x18906b5e6c7b2e2ed2bd925725f9d4a208ea5563b34bb6ebe9792549b8c84121,1764460102,1764460105,1770,97695,,
0x489c46c954d4916b7ff4f57a199124cd0d183ce6f3a34df3749259c4789c2aab,1764460102,1764460105,1770,97695,,
0x5465790d2ebd87cbf9cfa308f1b78fbc74dd50a33362e305e8f0431052689a40,1764460102,1764460105,1770,97695,,
0x08fbea93d1e135de2771f40ebc61964fe19760472cc110503b46389f1789dd85,1764460102,1764460105,1770,97695,,
0xcb7555677b0710c461892eb007b3dde53511c724cc837350f3dd4c592835eed7,1764460102,1764460105,1770,97695,,
0x95e39a764b0b50a7b9d02a9e4d1f30ba2f311b9b1f00c67e3d1378a1bd8a5128,1764460102,1764460105,1770,97695,,
0x8ed1e163149dd1c44c39fceeca835eb99cdb59789164e49fdf743b2416ba0a22,1764460102,1764460105,1770,97695,,
0x6a5e655646e1ce1142f85a539f81668294395035ceddfd00b6da1cae43a2195d,1764460102,1764460105,1770,97695,,
0xf9b902ad62dd4fde6d2d6936e0fc6b4ace2f948c19f4613c2f184cb787a2799b,1764460102,1764460105,1770,97695,,
0x3a9368010fc0da01fd6dcf8b4b0dd8e285d83509bcb7e6ccf8d636c31fa1324c,1764460102,1764460105,1770,97695,,
0xa11895795269e6c78599da086e19659b5639e3d28944ad151af38c303a005a47,1764460102,1764460105,1770,97695,,
0x377a9f07da9bd116d55486ca0163a7b3172ba6b8ae5d906ca75b30cf306419cb,1764460102,1764460105,1770,97695,,
0xbb76dbb9a6deea67ba2f5987a267f056f0029db979ff380cde770c9aab912389,1764460102,1764460105,1770,97695,,
0xec2cab5647365f8422c1a227545687eec2b1a8e8f6e0edab72d06235c5a0f069,1764460102,1764460105,1770,97695,,
0x1d1834ae1cd209820b624dd77a28aa50a90e26392081036dd1689e9541379cc9,1764460102,1764460105,1770,97695,,
0xe302391ffa23fd16c57a8a6c4bda1183711cdda21f068174781e6caaeaa55afa,1764460102,1764460105,1770,97695,,
0xdbf4a1087e5b1a102c7de18f5fbe6bd35357a58d0049cef57a2c10ca8cadae33,1764460102,1764460105,1770,97695,,
0x92a0df5a9e031a64ddc774788e1f761467a1352a4419edb4736c16db5ce3f7cb,1764460102,1764460105,1770,97695,,
0x7eaddb5f9628f12f80e64a63f0961f088182580d0ff617f3bb32cf47cdfb1fc7,1764460102,1764460105,1770,97695,,
0x6a72b3aca306f84c6f9abe07ca5f44e83e6bf8b96f6b8a107efc51d18b47037a,1764460102,1764460105,1770,97695,,
0x5aaf195f8f2fdf70d1576981856cbe5b8e43717068c2d800b87acc0a2b18d63a,1764460102,1764460105,1770,97695,,
0xcfa0b1a2f95b6969f2969d9fc8feb8537accac7bfe36fa64829154b7b4ea2eca,1764460102,1764460105,1770,97695,,
0x19151785045347b879aa072f9683798ec417258cf5336470629a29217d5923ec,1764460102,1764460105,1770,97695,,
0xf61372b32149677c3ec2474c3b06f2c890ba5d17d5b51d44d53900415ba78b8c,1764460103,1764460105,1770,97695,,
0x94fd3cb3f55625007aaa947ed540fd1c9ff2e5def0db7e62c4688ed7fffe8af2,1764460103,1764460105,1770,97695,,
0xf536de97cb174d08451dff02f68439c388664dd36673de20d25eb9f19ef94d17,1764460103,1764460107,1771,108111,,
0xb39dbe74bba1f454b9eb2c0fdab1b3725314cfb9f6a9a00b4ee768c46a45b808,1764460103,1764460107,1771,97695,,
0xa36e6c32a7057c6fb4904501bcda4af0340ba0d9b736a79e7e32b81d5b52da1a,1764460103,1764460107,1771,97695,,
0x68e8c413bdbc2967e3e978e1f1db7f46b385d6b6f7bf1d82c2a8dfec310a86f8,1764460103,1764460107,1771,97695,,
0xf8388e1dad5bdef5b1d4808076f55aa53886cca9917653f01ccdaf93e94c090d,1764460103,1764460107,1771,97695,,
0x35cc7f360e943962f04572b00f4c8feca05c1415654425d8954af1088003a8e4,1764460103,1764460107,1771,97695,,
0x8c39535c99999bf8f04f3bd6069400a4d91925d2af2a9b5c9c17fb3df45eca44,1764460103,1764460107,1771,97695,,
0xdf70915c6a9f2cca70a767af177272d2b68eacbf718bf095add14f203ba05468,1764460103,1764460107,1771,97695,,
0xafa23c00e965cce84036e286f0142610233c74e3754adecbbb93dbc9d2b2aa0a,1764460104,1764460107,1771,97695,,
0x2a6a9079584f67a78b6c7dca8e58ba6990d6c87b8349f4cfa92d9f0c1285fcc0,1764460104,1764460107,1771,97695,,
0x7eaf350fdee182e198bebbf423b0451a9b3560efc6a91395e9c25ba1d615dffd,1764460104,1764460107,1771,97695,,
0x82d5fb54361e3b77bb9fde15322b3fe0cac2286b76cb3ea768b1951e115d8d80,1764460104,1764460107,1771,97695,,
0x8f6336d798ff8cdc6e082f91b0053c0093c9870bdeff8ab58b8d97af331f56de,1764460104,1764460107,1771,97695,,
0x5b72e86e95022b169c8c9af3c05feefb9e979359f034d68bb950f52f6f85660c,1764460104,1764460107,1771,97695,,
0x3c7c0398a8598563c288bd8020d1b5f712d8507c13e0a0f3750423c70483df17,1764460104,1764460107,1771,97695,,
0xc422795421691f12880497c6bb42aa61501bbf3946e6091744658e985b2ac02c,1764460104,1764460107,1771,97695,,
0x16439b6e99fece9f0a434f6c441d1ebab901b592a47c81b2d3703d6f589f8982,1764460104,1764460107,1771,97695,,
0xcfae08b1284963572bab97f6b8e52e5c1736f65f9ec698dc2235f4aeab81561f,1764460104,1764460107,1771,97695,,
0xd6c17b5e2a938f4a27fa6ebe66c40996fe8627fe5ac83e2a38bae2850aec110e,1764460104,1764460107,1771,97695,,
0x0be70a3983d2dc49f9fb1596736cdc6a0bd62b9e13fbcf068c3c2b8707921c82,1764460104,1764460107,1771,97695,,
0xc4ddbceeffe70b5bca60680a408aa2fa6d063f77faa4bf3f1cdf931704e4f013,1764460104,1764460107,1771,97695,,
0xab014f3205ff6d64968b5ea691647c0a7f80c88e9ac01be77fd24621ac811cee,1764460104,1764460107,1771,97695,,
0xd98482a4325c96d57d1b340f36662bacecf3c352b733c9a8bc0ae2b4d4bda981,1764460104,1764460107,1771,97695,,
0x97f95f89209fa87fdd5eb33449dff8b592360e450a8e24fb313c727002b0667d,1764460104,1764460107,1771,97695,,
0x424f5c9804f055d2dd795b51cae894dd39939eb72d2079269030bf8624bb5503,1764460104,1764460107,1771,97695,,
0x5b5e5b125d4afdd8cc180a7bcb1877fee51771beffbe09101717e737b8f3fac2,1764460104,1764460107,1771,97695,,
0x5552c9de38cd37975a6dfa96c07500def9fb157b5342a31bc75fc5e525ba1242,1764460104,1764460107,1771,97695,,
0xe556ef3decd1278812f19ecf54af4bf3a3b839c3e9287bf3ee3066e9e013d9bc,1764460104,1764460107,1771,97695,,
0xba975d2c8a3780229fe234768ebf9df10e1c290085df5dba2d11aab7308ad9e9,1764460104,1764460107,1771,97695,,
0x4e49e6a7430c7b3b5573f470ba5f2a1406b6c2bd6f6ae30168f63ac651e9d6e5,1764460104,1764460107,1771,97695,,
0xd2a9573834caed0425c8b11f891dd25dcb8f9fafa26020d2ee88735512d36518,1764460104,1764460107,1771,97695,,
0x1dfe983f067741804c2f45f40d45e7461363acdcaa9f2e6fcfead3da9187bd26,1764460104,1764460107,1771,97695,,
0x0e8d59a2417c66ce00fc9e21882b9a198e62f0219e33e11f383a0ba87d77558e,1764460104,1764460107,1771,97695,,
0x4d5ba0fc5f9c1bea68d6bc509fbddac99b23b0c6aab140de533ebcb5d228662f,1764460104,1764460107,1771,97695,,
0x2190d6c9f9fbe06f66018b244f4acd3deb51afe453b8ebad73b2a7ecbf0995c7,1764460104,1764460107,1771,97695,,
0xa0f2ba44a5bf014d4ef1fbfd686134c9bd89bd4747f96a069f99a83cb9ca292b,1764460104,1764460107,1771,97695,,
0x8c890d59dd166c741c4dbcd8f31a988e3f7554c51e77c987859332fc0de5c615,1764460104,1764460107,1771,97695,,
0x6c6823cc4078f9084153ebeb1e671f15e3ead2bd2d3eb5ee837ace3c2293e242,1764460104,1764460107,1771,97695,,
0xa86142a8e45c7164111d0241070746cab7c12f3b37812c1388ef17a95bf0026b,1764460104,1764460107,1771,97695,,
0x72c4467bad7d9d27966dbb5fe25ef04e8ac75fd163c54e844394d00ac29ce4a5,1764460104,1764460107,1771,97695,,
0x3990361418c27114afdc8e076e89b58a5635e035a08ddce0520c9ee0e29bf4eb,1764460104,1764460107,1771,97695,,
0x1caf61947727784b355191124588a44ed9ac5ff7046cb15e1c1b19f3d990fc7e,1764460104,1764460107,1771,97695,,
0x285ea148aac8477309ab7aade2edc65e071f1f09e2fad364c96c0b08c3f76183,1764460104,1764460107,1771,97695,,
0x4732cf205181ac8c386d0483a4a75bc99921ab06d3fce27d16e8427f21919aed,1764460104,1764460107,1771,97695,,
0x73a6988d5c51030f819d4546f3ea3f9a9fb5db855821651024452ba7fce93ff8,1764460104,1764460107,1771,97695,,
0xbdbd6307b5c48f0be571e24f7f71c2b9117701c2bdcbf3ce33355f6de445b379,1764460104,1764460107,1771,97695,,
0x7dd84b7f341353b99f3ea0d82cb6bc92b6db0591b4036f381151f6ff13a31344,1764460104,1764460107,1771,97695,,
0xcf496cfc6e75639b9ceec99b9a1f54f2121712022e2664fa8947675d052a234d,1764460105,1764460107,1771,97695,,
0x701671ecde032b7dcae9b19970eb74a97d22b4c4254d6d296fdbb173a4d4c874,1764460105,1764460109,1772,108111,,
0x92a40409b3683c8eddcd241b21a1c420e8927ad3da99d431940d87c36a71c654,1764460105,1764460109,1772,97695,,
0xa505ef851c2809bb95ab93181a7743686e315c23955480d9dbe56d155b5b69da,1764460105,1764460109,1772,97695,,
0xebdc7f76a9953b7a288f1ed3daf37ee6868bddfb76e311c5866da0e921a1ffff,1764460105,1764460109,1772,97695,,
0xb993a525933034e9414675d515baffe442c45b1ffeb5444dcff882c1b6e4f9cc,1764460105,1764460109,1772,97695,,
0x6c15da9def0c8a297baeb1253f84d57640597dddcc4c150d58f7cf3c51936084,1764460105,1764460109,1772,97695,,
0xe5d23931b72ef95c50e4f75055df8f55cd265a933c0bc6187e11ef2edee7c174,1764460105,1764460109,1772,97695,,
0x25cbcb85af69dbe85a55e8f29321541c810aedadce12984ec6940f4f80001e83,1764460105,1764460109,1772,97695,,
0xe962639ab4c4d7c4f95f5bbeb711e80fdecb01a4e13a35f4b0ce3a42aa4fbed2,1764460105,1764460109,1772,97695,,
0x6d074e1ac24ecc1ad40b1b658542f9ee39896b7fd9c72f146f50c9ec68f34a53,1764460105,1764460109,1772,97695,,
0xfe7ad64032f57a7705d168cba4af37bbc49d27946e5bc5d8e4a0a0945aac707c,1764460106,1764460109,1772,97695,,
0x2e6f5c452ff69fd7b1d26a0497be48912a9e6b3ff7e4a5ad736bc7b7164093b8,1764460106,1764460109,1772,97695,,
0xcce1fcde69fac764de786a378a40a8ef05482486ee0d8c42e887ec42764f2312,1764460106,1764460109,1772,97695,,
0xca9ab170f30a2e7502a652eee4ff372664a769429aa62b48110000ba0e6c0013,1764460106,1764460109,1772,97695,,
0x8076f7b986e5a329879f3ad602674df3eb4e5a346445413c3c9f028ab747986f,1764460106,1764460109,1772,97695,,
0xa3d7787125ba6eb8927c6985b071ce7afee4bb2b0bf5fb7fcaa026812009ee93,1764460106,1764460109,1772,97695,,
0x375cd7121700c61414f2b59fc46fcaa8c46e8563876ff6c0d450ba2af98d8f9a,1764460106,1764460109,1772,97695,,
0xf5002d4d9441fb8653f95ecf8305d8a7bc97b6640592ea49354151946e4546b3,1764460106,1764460109,1772,97695,,
0x46a6b01fa5ff1485ca58e0336f17cc1680956e2c49d8f68876f6dd95409b6fe2,1764460106,1764460109,1772,97695,,
0xac8e17e2eac1c3739c020c0a0adcec0a4e041614c83757e0c4dd5af75d645ea7,1764460106,1764460109,1772,97695,,
0x39b3850d03100d11d5fc1a03548a282573c8e91110c98a5db8f2ab3821dbc7db,1764460106,1764460109,1772,97695,,
0x673166ec39c2656d13647029de96b32d3f1c3cfbc9ad54ffa0a8a8ec2d049f25,1764460106,1764460109,1772,97695,,
0xb14e61fe3aab5229c11f212050a76168c0ae034142fa838c8ebdd4e415ef0f43,1764460106,1764460109,1772,97695,,
0x4e4efd65c4a1c5cb6fceb033e3139bcf22dc6cff8b3fdecdcbb286e522746279,1764460106,1764460109,1772,97695,,
0x36dd1e7bd07da4333de88f484925dc6ec9090e426076d8e34714730c65fcf08a,1764460106,1764460109,1772,97695,,
0x3c54a27ce76150803eae42f078f5df452f0a898bb76beb10b575e4ead98a359c,1764460106,1764460109,1772,97695,,
0x1c5e5a759400928fc526b50b448749971df3891e55c6aae5e9d8a65374968f02,1764460106,1764460109,1772,97695,,
0x08004d2cfe985427ac2d55f2395fcdd24fa8da3937f63bcf8fd07baef9479648,1764460106,1764460109,1772,97695,,
0x1cc83c997bca98e08ee77a394932322e57e714913bab912943a10622e4de6ce2,1764460106,1764460109,1772,97695,,
0xc6df0cbc096755a6447343ec55c5252dc640d3dbade3f79b667ad1159d337a5c,1764460106,1764460109,1772,97695,,
0x1121c551bb94439c4353cc5e05c5a1b911d5dec447556ff9e70f3a11f46d1d28,1764460106,1764460109,1772,97695,,
0x70c3086b13e665ce0b44104710654117969e98c55271322afabe45f4d5f54809,1764460106,1764460109,1772,97695,,
0xc28fa3477c3ac299ce447a5f20bfc00aad823d2390030f7a4d738fadbfd921fc,1764460106,1764460109,1772,97695,,
0x79555bec75849c70d2bd8a7aeb8a34fbf0ed370ee96e6f9403995f003cbf6ab1,1764460106,1764460109,1772,97695,,
0x26e13d98a03d571d8c95394bc99119b73228370c2531385f48b111b3bdea7496,1764460106,1764460109,1772,97695,,
0x070e33c82adb0acc43f8e58d2f3d4f69620af51e53881051a237841f26c75421,1764460106,1764460109,1772,97695,,
0xaa28399b10a79666fd5acfb54a270da527284356f02aa952264efbc4563470f6,1764460106,1764460109,1772,97695,,
0x6a695b4cc0c4534919e407e312796d64aecc37af7e3e732523afb80729efa090,1764460106,1764460109,1772,97695,,
0xb9f453a8794e433e0b573bc06dbf096debf0c8cc57d2cf7b84cfb32ee56d1ea2,1764460106,1764460109,1772,97695,,
0x676c42b7009f5ea5a7f9c9e46b59e9ad762d97186b8378761747e960985571aa,1764460106,1764460109,1772,97695,,
0xd437eeae679b1c7e4f8ea1a143318d44a6bbd9bce7b1fd8cc05a51397b6f5326,1764460106,1764460109,1772,97695,,
0xae395a1ac81c435d93abce90c95810b60596c2992344c7c0d9ac7afe862fe5cb,1764460106,1764460109,1772,97695,,
0xdfe0cf5b07df2a7c1a2c6b55487c9543467975c94bcaa4b985385ca315135934,1764460106,1764460109,1772,97695,,
0x54b966a10a0dff59007b2ce6b33e97704f99aa8625c1ec0a2c21ccde950907ec,1764460106,1764460109,1772,97695,,
0x4676f56f8239c0d86be8b2a8fd54b5df4f07ff14a1413436bcb2f6bcb9937973,1764460106,1764460109,1772,97695,,
0xbae9134f7cb99edd9f7f2b79882c915ab73195595e9cfb940d6a95a912549510,1764460106,1764460109,1772,97695,,
0x780e87822645a6aad837a9c105b11450bb0af58ce48dc38dbcbce5a8e0c0ba85,1764460106,1764460109,1772,97695,,
0xd11bce79d95f9a5d53d0b2ff0b79b12571dc61bd24fb4ef3e0929bbebb32663c,1764460106,1764460109,1772,97695,,
0xf1fecfdef54b0b0ecff17a7d6f9d831870e21ecbdd68c7d95867dabddd3a9c8a,1764460107,1764460109,1772,97695,,
0xb914706571265e6f65aee1eb7c005cab638285059b0a6c1d6417b4d36e05bfd1,1764460107,1764460109,1772,97695,,
0xb54004707ea207429b6e7fd393b637aeeb49991e86ce88a4de89e6aafb774a51,1764460107,1764460111,1773,108111,,
0xacee8ad0f5d7a2e2c10fab831626d7f5df78b0220de6395beec4f37cff8df40b,1764460107,1764460111,1773,97695,,
0xb54cc5f56be9d76a3bccfe5b173849adf260fbbf3df9fb753189d494e2cb3796,1764460107,1764460111,1773,97695,,
0xf3204b71500a2e0f0fa3b7f13fb77a1a959d5e19629d4f1a3179052c14d4e17c,1764460107,1764460111,1773,97695,,
0x850674b83c8df6e4f66d8c5e0a402f485721fe4ad9d882ca94e154f2cbc6258e,1764460107,1764460111,1773,97695,,
0xb3521908873edd693c443fa0293a3760dac575ced4249274322b4b7352189e09,1764460107,1764460111,1773,97695,,
0x8c41c7d2455ade5e782ebfa1b097ce4743a5a9c2503b1cbbdabc96138e5b4fbf,1764460107,1764460111,1773,97695,,
0x77dab1d469324754db70a7cc8a7b73e44f82c35c3b4099b18a83b74475edd514,1764460107,1764460111,1773,97695,,
0xcf231b9b7aa34a78a3797cb1c546665e3793d544a03ab4631a38e31a2ce3d3fb,1764460107,1764460111,1773,97695,,
0x519a8a7bf4e3fad934404f2b6a80356e003f65ca998f557a25545c1fce973bbd,1764460107,1764460111,1773,97695,,
0x91d1f1546d51534220deefabb8e9f8f4bf805338beb5f1843c815d9b65a5e74c,1764460108,1764460111,1773,97695,,
0x4912405e82afb26e87856dcb121dbef6f3cd27723b42d11cba6b4091a7bbe9c0,1764460108,1764460111,1773,97695,,
0x17c92130526c63be0c3f94ff5588affa5047b2af33858e443a4293fd6077f8dd,1764460108,1764460111,1773,97695,,
0x6c9f0eb6a8b1d23447be960526e130abefa32a4aeddfa7318878074776fd17f2,1764460108,1764460111,1773,97695,,
0xf798547d533601e2f8289695407f0ace8afa23d75ed0b41ee98d97c6601cc3f0,1764460108,1764460111,1773,97695,,
0x8d3899fecac7c8b1c7f97de19f7b48d09287d8d1a255f8b39690b41d777947ab,1764460108,1764460111,1773,97695,,
0x23f61449803b378d92ada277bde7b311b9de640aa524f03665f0f6646bfc50cb,1764460108,1764460111,1773,97695,,
0x6442714f6cb7d8e995482aac40eb1c6c5a5b60b6c257236ed0f32dbb736902bf,1764460108,1764460111,1773,97695,,
0x4bdf37da29e94ee8ea20fbe2eb710b19f0514986c8edb7b8c12e11148c951a6d,1764460108,1764460111,1773,97695,,
0xe42ff103bd9f003f57fb7249b7b22e9a3755eea17f6c58ac90f3c21a982c59f6,1764460108,1764460111,1773,97695,,
0xc2c7bd734f03d291d9504b28de06c8bc4f7938fdeeeb680cbd6a2b87a5301b55,1764460108,1764460111,1773,97695,,
0x43ca236b78de7ff6dbd1c70f271e55cb390d94a5830b5e0ab55fc491b15abb76,1764460108,1764460111,1773,97695,,
0x668026d4ad9120738d30da0cc658aa0eb8ecf6d0515703599e2563cfe7a2e05b,1764460108,1764460111,1773,97695,,
0xf221abcfedafde262480e13786042e6ee9a4f8388f3db2411318a6f090860eef,1764460108,1764460111,1773,97695,,
0xe4fb7b13d166a1cd9a4cd23606418666dcfcec3acff1285c2de331ad37b6c125,1764460108,1764460111,1773,97695,,
0xc6d730b486951fffd0741d329dd65d2cec3b12073f4217ad5fe4b45364a2122c,1764460108,1764460111,1773,97695,,
0x8d5a8e1c8809c8dc092f11c8cc385e82ca68de53257507074b8fee48f077a1cb,1764460108,1764460111,1773,97695,,
0x6d230e81f2864315d3b3b0edf5363a46607f5a29b98992f422e724fc892c1dd2,1764460108,1764460111,1773,97695,,
0xdc0b1f335b4830d3d74d96f74aa58c3d4929eccb282801c4e66007da4226830b,1764460108,1764460111,1773,97695,,
0xf38f3b773e63b5df48e956027bd4bef440c3c35855e4d1d05493d5c7078fbdb8,1764460108,1764460111,1773,97695,,
0x822575d8eb42bd8960888344cc8b0c925aa7d0406b517f0e6ac1827f55f7a70c,1764460108,1764460111,1773,97695,,
0x26302478c2d4745308b96b818fb586502b751df9d750e7e035fb6c8bf5957759,1764460108,1764460111,1773,97695,,
0x52dd167534e54948e63516d91bdbaf73b488fef6f87942abc48e2a1720ea64e5,1764460108,1764460111,1773,97695,,
0xf2787f3a89c54a1602ff7e25458a54fbd4e042e85402bf3ad60638d16dd1f618,1764460108,1764460111,1773,97695,,
0x72ec9a220f93cdeb552c3f4413181f8024df815ceb86e1af08a3f4e3f018f6b3,1764460108,1764460111,1773,97695,,
0xbbb1c11d7c512315b7b3a6c2c60a63fbbaa5bf57bc44c3f6cbe0f0c656d66ea7,1764460108,1764460111,1773,97695,,
0x191c6583553033bc0d3889b5fa21c2344d5f271d4df44c0812c5e2a789203435,1764460108,1764460111,1773,97695,,
0x05a74c0f7094e2b67674de972cac67fabf58690a0e0c555d728f81596e98b406,1764460108,1764460111,1773,97695,,
0x95f557139e150def2ec49587de751c2170f19e3c206a0fbd3d5f9e494c706054,1764460108,1764460111,1773,97695,,
0xdc056152d1963c86a055f75b7c299299adeb42ed750ea347907b41c6326e2c9e,1764460108,1764460111,1773,97695,,
0x55b4569cee69bcda2feb42d519f6998887240cd4cb50274d31e5f3d50339a258,1764460108,1764460111,1773,97695,,
0xe7e8f7f159f8eaca3308c24b05e6253f9f27b998e5e96baa41b309e60fff6d68,1764460108,1764460111,1773,97695,,
0xc1c6db82a5e4d51c4e9c2b1e41d8d19caaa520d9a153856a70afd4a6aff40b21,1764460108,1764460111,1773,97695,,
0x4b376bc6c32e8b86db304db12e42c8dffcc3a82801b9d0ed6633db5c0898693a,1764460108,1764460111,1773,97695,,
0x987d1e8777da63116067c653c95adcb0bcadc7b89a0e36413b5b44c7f63eb1a4,1764460108,1764460111,1773,97695,,
0x7bef579b576695ce82e05fe607d8df126eeaa6fd45a175e76f16573692252ea6,1764460108,1764460111,1773,97695,,
0xcfa7560a9629d98f8221685a18ce049e4579bf9f51111331d495c1e88f6c64fd,1764460108,1764460111,1773,97695,,
0x0332dae1d676f4440ae3af3cb411130a1502facec47ff356e1d30836964069b7,1764460109,1764460111,1773,97695,,
0x09a823c9ff8e3f860e3505ecaf9707a6fed91bebe98d51db778413004cb05b46,1764460109,1764460113,1774,108111,,
0x2d1f79530d1f745d3a2e33a691839264658be6fa6a31cbf280f7a968a9d88ef6,1764460109,1764460113,1774,97695,,
0x54027ab9923cc2f259268ce0a971957e4fa0407108fc67b1f4fcea43feeaf7b6,1764460109,1764460113,1774,97695,,
0x2ebe6731e87b1e1292f86174aa428c814e34f47e3ae8b0d2582d46e96aa00e9a,1764460109,1764460113,1774,97695,,
0x62fa2d56cb119e16c11239ce537c378c7627565ec9925d8962b46df78e92e518,1764460109,1764460113,1774,97695,,
0x3051190901238034a6e24696fd76871fc5e2bef574214869f4915d7328e9df22,1764460109,1764460113,1774,97695,,
0x31b79699087bdf39832f8e1249dc16a26e023d7505d2a8ab085a822f5efc7826,1764460109,1764460113,1774,97695,,
0x7c5223a5e278df70c722301ad64aeab6fb4d950804be7a6b5018fb398aee5652,1764460109,1764460113,1774,97695,,
0x83cb1af133ae3908338b4a3bbcb33c9ad41634464abac4ae131ea91ba94745f1,1764460109,1764460113,1774,97695,,
0x3d3f780bf12fedbc2c9d0c106e44faf9110af0a554f0937088955939a2e0ee87,1764460109,1764460113,1774,97695,,
0x1a0f0759ae15d28c6f35538974386ed450eefd4a2cdead70d3f4dc2bd4f6d01f,1764460109,1764460113,1774,97695,,
0x984f3ab2475dd24672748a1db59684c1ddeb7b2bf79640d3d0cf096ffdf383c0,1764460109,1764460113,1774,97695,,
0xb8a333491bc4d778e4eb4a3aa340d8696934c13170b214f4d553a31dac317d99,1764460110,1764460113,1774,97695,,
0xbc4577428cede257c84fb730e10082d7bbcef1e04a524cba17e45f03122560ef,1764460110,1764460113,1774,97695,,
0x41cbf2436ea9fb2c72d65795de45bf4fd643c98a781a70e3357beae5103f5a83,1764460110,1764460113,1774,97695,,
0x8e3f1b642a9bc2bdfc5129321fe17defcdf15981248461f3828280dfd885ddd1,1764460110,1764460113,1774,97695,,
0xea9bb3dd00e30a2226f5da0620d4881b7e11ed34931889505bc32eb888b8f5e1,1764460110,1764460113,1774,97695,,
0xfd79caf8e06c310d036d881d5d8cc0cf4353f4b709879952d10e72a564d176f4,1764460110,1764460113,1774,97695,,
0x0ac44547af750138762787a5e4d1adf8b525e09b1af8c894a2d32429cdd98de2,1764460110,1764460113,1774,97695,,
0x59501167b2f7cbe158c24e9cdc0305246f567bd23140f3e1cb6937e79c04ab3c,1764460110,1764460113,1774,97695,,
0x49977871930a4f59c71fc6beab95292c39421b757630b2c3065696e21de61876,1764460110,1764460113,1774,97695,,
0x5b04c4619ba9ae581db68ad7afd0e5030978db8ba77338471bc8d6091b001993,1764460110,1764460113,1774,97695,,
0x8340d5bbbe38ec7a79e2161d4e552f34e84774563cd621a909174a59043db8fd,1764460110,1764460113,1774,97695,,
0xce1dfc58eec0371ccff6ddcac97140b61c5cec6b67ab23a89127d512ddf2865e,1764460110,1764460113,1774,97695,,
0x19b4d29e68512cc86e18f9c1ee9d70df2ae89c98582cbe815172e935882121a3,1764460110,1764460113,1774,97695,,
0x313a34d310c27d465857ab140b42349bd920897944347a37de755365b3008684,1764460110,1764460113,1774,97695,,
0xa942b567bcb28621f3b9817ee55f2cd28884033270f1993870c5d3d10be88341,1764460110,1764460113,1774,97695,,
0x575e649aaebbb5569c7eb1348366f3bafef262fe2808bc5f26bcbc8c85c98931,1764460110,1764460113,1774,97695,,
0xefb719d2bd42200c331b045bc7beec241268779902d423aadc44e81926d83f34,1764460110,1764460113,1774,97695,,
0xe70573eac364278f48e5a07bc7a7ada7efde6f78df08e4df55026f8cab658eab,1764460110,1764460113,1774,97695,,
0xcf6130c44dd6ca1536e7fc0791299d9246a08a7396dfb0b6e5baa59dc2829f4e,1764460110,1764460113,1774,97695,,
0x68e1f016fa5161d365a9686c6af5f78207d3552782c061329b5ca3f05d76a30f,1764460110,1764460113,1774,97695,,
0x6c529cec2bb79ea8d7ffc5db3eaa58e1c6923ba3a092c88918000a79d1b619a2,1764460110,1764460113,1774,97695,,
0x31d7dcb4e8ce51ca35907eedc9aaacdc31d3a5f54381111f88537880c487e955,1764460110,1764460113,1774,97695,,
0xa33673eaf29be7226fc1a00b3d5fb6a18c7a23dae3f66a113baaddd792a7c958,1764460110,1764460113,1774,97695,,
0x70ed9636e6651d1c66b6282891de786ea06cb037fa36b22eba6fa254f3ef96ae,1764460110,1764460113,1774,97695,,
0xf9fabfc7a7ffff7646aa2db412ed0fe6b0d49737e43ff43de28d986db103d248,1764460110,1764460113,1774,97695,,
0x1cfbc19750942e24e52aae46fab1f575c08f4fbc0e3dca46cbe926bf3a0ea018,1764460110,1764460113,1774,97695,,
0x6ed0f50ec6e13328fe37dc98b024cb95219fb424d423d2ab45abf674a4908054,1764460110,1764460113,1774,97695,,
0x151f2c250ae6e391dd56229c5f9dc7d74c5cd1f434153265500c4de717051715,1764460110,1764460113,1774,97695,,
0x4af6c92b01898ae8c70bfc04ced863011d8cf858b8743c5ea49a3c4bb22b4f87,1764460110,1764460113,1774,97695,,
0x4edc98f7b1a6710c294b2e418184b3ea60ac3526cebbea13c4ddaff69046a624,1764460110,1764460113,1774,97695,,
0x17ec2adb40def5d1248fac158cd1f8c5f51717a632b14d981f9eb509ce0d51bc,1764460110,1764460113,1774,97695,,
0xde04af7c66b80df9e7388d91d7fa105ba33dfc6b52d51479f24a903b9f532607,1764460110,1764460113,1774,97695,,
0xce078564d6fba84eeb393bf3d42719f3a0cd99e97a48b892f6c84a2496d0d59a,1764460110,1764460113,1774,97695,,
0x7ce9b5234b02c04f2de32f1950a53fa41e361a4c5387d04608441ba6402372f1,1764460110,1764460113,1774,97695,,
0x0a92a009dbe4dc3b73e841006c9a0fa104c5d58d070f37d4e5d4d1f42ad9d58c,1764460110,1764460113,1774,97695,,
0xa969f423b6547faefe0d7a5b84cd5a649414ed96a442a48a636f3a769a93ebf7,1764460110,1764460113,1774,97695,,
0x582bb95ef1aa0c364990581271026d152dd1ce3e1019786db26fc7883e859fd2,1764460110,1764460113,1774,97695,,
0x1ee913056c271068885a6940004d32b81ab88cf6be8764083d8ed4e6dd08c5d2,1764460111,1764460113,1774,97695,,
0xe1f8b7447bb6a2761bbfa44010a1ee5643d11d613b6419cbf0d57a52f42b1af4,1764460111,1764460115,1775,108111,,
0xcc9bf72914185c253a1178e9988e82085463230ed800c90277001d9a8b822ad1,1764460111,1764460115,1775,97695,,
0x3242bd766b5cd59e38c2b5fc677ed4f2f1c091396f77030493069a21a7cbc69b,1764460111,1764460115,1775,97695,,
0x175e10b2d2ce6826294725689dcaf74205ee53fe1842edd0b6fca08ae6d37685,1764460111,1764460115,1775,97695,,
0x0d4409ba9644ce301bc43475804d7d2cd6653f12b09b171e68a4a189293b52ad,1764460111,1764460115,1775,97695,,
0x11991489b52f811753263a06ac37c4bfae2d4ab4d828275a1642b42b4344cd4e,1764460111,1764460115,1775,97695,,
0xca296eae4e070494e69812317e9b1b8eb827729699db1323dec6a3b937ab69f0,1764460111,1764460115,1775,97695,,
0x1b92f7025b463c189e16f59288e51989532cbabe24be576f43dd284b0d3e6c72,1764460111,1764460115,1775,97695,,
0xff9d343e0c122660ac374d571e98053f0cc97489974f4a7eb623f9cfc157cf82,1764460111,1764460115,1775,97695,,
0x29031ecc0ef3a4c4f23c7d3731d42c48693a087485c3c16a1566c6c93576b047,1764460111,1764460115,1775,97695,,
0x7ef0387d1b6b7ea49e1c1bcd307a3530cec4946a185c0a12dc7647aa4b1619ca,1764460111,1764460115,1775,97695,,
0x56edd5f9285e2003d268abcb09f7542265b58def8ea961919d01e26732e4914c,1764460111,1764460115,1775,97695,,
0x253df505743e909ebde15b5ca38d25ce0926d7c768ecb2f0a65ece2eb83dc4af,1764460112,1764460115,1775,97695,,
0xacd6d7790dd3bdd6e525fa8763414ff4bd4dd22167d57060879dd32f1c31ff49,1764460112,1764460115,1775,97695,,
0x65e51ec9f0fe56ff1248606ce88663bc38a0982c7343d0b1bbc16880d00f2afc,1764460112,1764460115,1775,97695,,
0x03cfff8aed8395c5ee89ae6d893f1a31462c19a1c41f838a9a18bb08ace33938,1764460112,1764460115,1775,97695,,
0xd9c8d72b63f8b5d81409ae2ccc8f7c5545d89e55ab6816cb710b08d7aaea71fe,1764460112,1764460115,1775,97695,,
0xb80b882f2568dd1fb33cf3f100081d94ee2a14f2e0e6e4dabc175fd403298a25,1764460112,1764460115,1775,97695,,
0x732899c9315ec98775a5487bd9f6edfd76339907ad151eb6fcc221fd956d344d,1764460112,1764460115,1775,97695,,
0x5b45b30129318511cae7b28dd59b861ab675ebf902c102d99c1a4ce387d7ffba,1764460112,1764460115,1775,97695,,
0xbb6ca120b769b7965b18c53ed339b252c9357661b50a6a55231440d64913b236,1764460112,1764460115,1775,97695,,
0xe5cd6be4e89e88bb66b494dadcb4f3a3987d341469260a278d57d62c87ba940c,1764460112,1764460115,1775,97695,,
0xcfcf2a18b8489d7d12ba7221212f723df2821c8ffc426e6e0bc8f44a3e21ee18,1764460112,1764460115,1775,97695,,
0x5f8985ce9b7a00b4631b197e05d00db15fee2b75fe86ed82f1bd9c11dad38790,1764460112,1764460115,1775,97695,,
0x793720dc7e46221c781f744cb0ddbdabd64fa96b9ab3903872c0a838650ffd21,1764460112,1764460115,1775,97695,,
0x3b0a4723366b3c640d336012da6b0fbeca0d968073402fa400493e45888f6343,1764460112,1764460115,1775,97695,,
0xa76451e36cf3def463c7a8a8622df3e2de353e7461e92c464adb8ea669c3c0d4,1764460112,1764460115,1775,97695,,
0x2c406d8c11721784731c09263c09299fe5a1d8c1124076315045ed36c9bcce9c,1764460112,1764460115,1775,97695,,
0xba3c6fd8be709b98586cc48f1cd49d7e93b7fca663e2ff51341205a260a3c069,1764460112,1764460115,1775,97695,,
0xe41609887c3bb27f57c043d7581c3142a8b8ccca2a291e9ae7512d4020b90196,1764460112,1764460115,1775,97695,,
0x03553ed7c7d024c95f811c95b45430f3f6ff513358a03ff2aa0fc54341b651bc,1764460112,1764460115,1775,97695,,
0x6de3480a91a72cd40173ba968ed6d7bc51d490599140c8d09eebbc0fd8e4c6ce,1764460112,1764460115,1775,97695,,
0xaaa3dc379df0db8de81b23dbaca0df516ae4616b933af145cb7a2ee5c070036d,1764460112,1764460115,1775,97695,,
0xb547917550e1a18040c16288916d9e5871138624faffa7bc43591a04b67c949a,1764460112,1764460115,1775,97695,,
0x86ddc23450e60befe83bb75861e26f6fa9e4dca058730322ad311683abcf8a54,1764460112,1764460115,1775,97695,,
0x22c48c429eb0901101601e47986df2f3b40c2109d897f225f95838339483a4a8,1764460112,1764460115,1775,97695,,
0x1bc74c8a9bc0aa28c9738b6a3ef8698b29a72a2e68a2a4b731c6f4415d1bfde6,1764460112,1764460115,1775,97695,,
0x2d17c8cea1b36dd5d1472a01e0bdddc2c5bdcb8a6c461a37183ebf88e07984b3,1764460112,1764460115,1775,97695,,
0xa6fece72f689911753104ccd51218edb84c566fd12ba74ef00bccdc676ddb7bf,1764460112,1764460115,1775,97695,,
0xf362bd52bde8a82730a45a49b7374e02cf7bc7b06912ca2ce4ec2e8fc904024d,1764460112,1764460115,1775,97695,,
0xb9de3497d7ae86e4a4b871d47229e4688f1f9c2d1ce0c2b1df58cee03014b101,1764460112,1764460115,1775,97695,,
0xdc2e7f0647f96789268a2128fa3da2a199804320a816f656186755435edd2d2a,1764460112,1764460115,1775,97695,,
0xaacdfa6fdedcb29cd16aa6b2f87b33f78fd8c6e70b6b150cd023bc0aed7ea2fa,1764460112,1764460115,1775,97695,,
0x3e9d7e8b972643257b026c3e5e196e46ab1ef25ff7de5a4ff2da1580422e9fe9,1764460112,1764460115,1775,97695,,
0x24e391d643509ca60a32f17d63a11e02861ce5c45b725dfc08195d6bd7ec1c3b,1764460112,1764460115,1775,97695,,
0x0e0353175eba096a63ffb00e29b82e9fc79f12d6adfa794fbd4e76f004ad5680,1764460112,1764460115,1775,97695,,
0x0f0356820688ed91386786cd2814b8af8dd8252bb54eac8a6a6e4f36822f7d15,1764460112,1764460115,1775,97695,,
0x1c8a6f0332b5477821323440865470c1f4556704e295272029f3213c10ef7fd6,1764460112,1764460115,1775,97695,,
0x8149072a977b8032cdb91b2a40659e0e7b855bad88dbe7809299fe5ed0b41a28,1764460113,1764460117,1776,108111,,
0xa4f8455c9cf9991866ee029f18786157999726ba84d4eace945e27a51d0bf1ca,1764460113,1764460117,1776,97695,,
0x5c170e1e4b7ad6d7d147ef9d5cb7b2c51bac39e179d579b6a4d862bb001f567c,1764460113,1764460117,1776,97695,,
0xaf853accbbf65706a1945e0b54f3ad481e2d670c3da7039228abb846436eade5,1764460113,1764460117,1776,97695,,
0x378aa4f5afd85c2275e636107dd7c3cade5be13107df6d2b8995fc3b31939977,1764460113,1764460117,1776,97695,,
0xecc8d5445052198a3f72306ab703b0851e1804396e6d2ed497922b4eae55d0c8,1764460113,1764460117,1776,97695,,
0x2f7444c2dd9830fab9bd698cd8290565b5b6937fcc55aa07189f832f1e36f7c4,1764460113,1764460117,1776,97695,,
0x83dc13b0ee00951f6c8e0984032365e4ae51e8cd864148a5066008cc3927e790,1764460113,1764460117,1776,97695,,
0xe8d063be8711db0fd97bbafdecc2768a9d0dcef56ae63fed24f00464bec00cb5,1764460113,1764460117,1776,97695,,
0x05700cc6f10279c39ad952e65bde6fb11a6cb0a1c434726b9f3f26689dfcde5c,1764460113,1764460117,1776,97695,,
0x89f48eba6ed0925344d137a0a5b92d78b0123748ddba67bf2f691c12a2191952,1764460113,1764460117,1776,97695,,
0x214ae418690936f6ecc5d3ff6e623fd571630d86fdc03eb8a6aa2cd11c706336,1764460113,1764460117,1776,97695,,
0x37b0ffb002127a6ba5e728fa31129cb4eaffb2673097bf0304ff401b570f625b,1764460113,1764460117,1776,97695,,
0x18395180c0d53572deb65c10d7d116067aecb4612f67c3ebf21ad5b98c796147,1764460113,1764460117,1776,97695,,
0x20121b860bf542c99361ac77034836e6fb63e824342493842400a4cc268c20fe,1764460114,1764460117,1776,97695,,
0x2414645f086dac9fd5eccb5b1a65ed45c8c5c521fb54341bf09b757752af5f0d,1764460114,1764460117,1776,97695,,
0x5ff6ad8fb1e86ef1d6d27b26d9a27154d7136bcc97275d8201139f001201da17,1764460114,1764460117,1776,97695,,
0x492f7b91dd034dfdb3871b58b917453fd7e2b4a72cdf65aa9ea911912b13a9a9,1764460114,1764460117,1776,97695,,
0x2477e4b78723f8ba2b5e4052e0ceabbeb87afb043f4ac97f72d6d7c7128f965a,1764460114,1764460117,1776,97695,,
0xae7034470750d844cb80342f7736b7139b6ebd42308022e9ff2a052a21e12682,1764460114,1764460117,1776,97695,,
0x728e037af11bb996abcb019ce1b74643b066d03a1c89036444e73bdfaf51d740,1764460114,1764460117,1776,97695,,
0x46f385e0d1ab65aa3642770b8ba363e9f744c3b61c88da981be2f6a6d7742a7c,1764460114,1764460117,1776,97695,,
0x8f0f2e7568f4553ec570dbfa931836d31b89777199f970f0fa31bb43c5c3a6c5,1764460114,1764460117,1776,97695,,
0xb68e7bcd394cdefa76d16926b716757f4b430ce5a58e13d21d00caf985930b29,1764460114,1764460117,1776,97695,,
0x1a2b69411e7ffdeabed891ddfd9a9eb02fd4e62fc27643d39d2f769a892e9ef7,1764460114,1764460117,1776,97695,,
0x2da29919cd94c39555fa534616cd2a604633c71fa22d5509a8112afcd199dd80,1764460114,1764460117,1776,97695,,
0x7462b753caa2244e68de9882395d0f24b2c8f7433b1bc7ed4b457b92f071d370,1764460114,1764460117,1776,97695,,
0x7f3ab8363d465263120d7b4e1dfabec4fe8d94202942d3216cc560274c85a2b4,1764460114,1764460117,1776,97695,,
0x6fc545dd40589085516da57450163f21efa532e41c5a4243b98b6a69d20b8748,1764460114,1764460117,1776,97695,,
0x809aa97dd28c0e26b288b6862eed7edfec95a91bfd6720e6a38de0ec9a290818,1764460114,1764460117,1776,97695,,
0xf8dbc1b4dd6abe121e8d70043705b4fdf95f3bb25265e58b59d6aace14097deb,1764460114,1764460117,1776,97695,,
0xe8499cb98fd15dff6c22ad0fb1e8ca3595eba23af99a6e83ab0afa10ba41b449,1764460114,1764460117,1776,97695,,
0x4523c1724127e042fbf659b32220e35e9a60e36d05efbbff54ee8dfa32d3b4af,1764460114,1764460117,1776,97695,,
0x6cee315d7254f7d1d2c58ddc7f1e8d6bc188836e6265660191f3a5b7fc6d9417,1764460114,1764460117,1776,97695,,
0xb87d491b43bbfcc4a166249f4550ffd98d3a1b7137b244648e89bf4f3ad04b2b,1764460114,1764460117,1776,97695,,
0x0806f58db91c6197ba0a1053dd691ea48e95143524a020a607c68c994ed1b8b2,1764460114,1764460117,1776,97695,,
0xea48ed759b18cdf6fca9db17373731b1daa51eb546fc20f24a015dc9d6456b89,1764460114,1764460117,1776,97695,,
0xe8e689e5997288ad233fb9d64a7eba36f093297714f1b2ef2079818d7dff35b5,1764460114,1764460117,1776,97695,,
0x17fd21b288299aa70fce269df8d414e6abf3bcdc1cbd06d1c6e486a1b13d6a2b,1764460114,1764460117,1776,97695,,
0xfd8767e1cf3037318556a309c330b252c9cc864a9fd6437d7d5f1c03597246e0,1764460114,1764460117,1776,97695,,
0x862597104da252b58d2f7f25d7256c335985bd472258a128b401125aee5dbf18,1764460114,1764460117,1776,97695,,
0x9a7c227bbd0ab63cd08d2fe8ea47b1cdd684b3a9aa9fe3a64b9c2d10d3b53b24,1764460114,1764460117,1776,97695,,
0x6d163c950e5ae97b7c5c656a51b484c5b6565a4e86875a07068c6cd1b9563055,1764460114,1764460117,1776,97695,,
0xebcd299b2458aff241b80a20eb9455048a5ee0dfcde72f5285ffa3c10cdd78e2,1764460114,1764460117,1776,97695,,
0x5db0cfaeaf1d4e72a74edb9570e5137d72e8cda063f7e7a440dbaaa0e54b5801,1764460114,1764460117,1776,97695,,
0x2f25e04cd6acaab771238fa903dec4db588183ac77543b0bc517667524b007ab,1764460114,1764460117,1776,97695,,
0xc561ca69f04586d2d2b99126936364817d937dd24fd5aae9250c0f1d49ae2dce,1764460114,1764460117,1776,97695,,
0x033a964dedf4c089043995675675e3129965daddf82993fc82242a5f9259e61f,1764460114,1764460117,1776,97695,,
0x350a1b9bba5060daa01de225a0f4e91e127802367f5050173796d34fce0f65de,1764460114,1764460117,1776,97695,,
0x86316959868637c5ebe411b363b3e7f25eefe6773d71faecf81a8fdbbd0168de,1764460115,1764460117,1776,97695,,
0x62e07ceebf8ae14d0b7647bf0b14aaf5a604036ea3716f2a76b754fec852e6d1,1764460115,1764460119,1777,108111,,
0x328248ef4dc7869947c55c35adbdccf15656d256094946777de9df7ea67cca5e,1764460115,1764460119,1777,97695,,
0xb3ae5d2c56f30df4ba1e6db53b60e0515e5e8007ecdd25c26fcf17089f753ce0,1764460115,1764460119,1777,97695,,
0x6154da0aa1a7f652e9da691635215a1320642a6544980b35d2601101497f789d,1764460115,1764460119,1777,97695,,
0x22e827473cb17447f6a3b4a738c0bd0f3fcbaef3260ba098008d09313e670e63,1764460115,1764460119,1777,97695,,
0x3a5ce09580fe9df683190a8550977fb19df2f60ec47248f6da5a181cf9028d49,1764460115,1764460119,1777,97695,,
0x4acb30b3db57772f0462122c145029bc267e90efc3436335d93e6fae4a83075f,1764460115,1764460119,1777,97695,,
0x34b92992cfb9ea46ac214bb62c2ad893ea29adbc42e137c7b03dbe75f46c0500,1764460115,1764460119,1777,97695,,
0xcaf7ba0e6ef08c97c2fed3c67630649e08ae87cf515532d6d28b6dfcbe3ea1b5,1764460115,1764460119,1777,97695,,
0x7302ee6e8a4234b3240039cd9b27f1f2df2060c59765da4dde08410d48709f62,1764460115,1764460119,1777,97695,,
0x182f2a229cfbea3c56aca2ae0b3e008fc9893781ac7703499cf490d1c9e7d506,1764460115,1764460119,1777,97695,,
0x9f5aed13cad7c490cb141313aed18252f8f230508467136ec24586f97fb14665,1764460115,1764460119,1777,97695,,
0x17ceae0d70c946c3472b8f18c527af6ec741edad8c9fe541039b56cc8839e3df,1764460115,1764460119,1777,97695,,
0xb9ac1b8c2a8016d26f30a9ef539b879c4288b9c7b6e5cdfd2b7f36c5c1bbb368,1764460115,1764460119,1777,97695,,
0x06dfe7358568b6bbf5acc4aa3e892f9ab36719e0fbabe95f3edf6a1efce397c0,1764460116,1764460119,1777,97695,,
0x63d375b4b443526429b5e229d1e75b26db89d508eda8e9bc95a9574d5349f763,1764460116,1764460119,1777,97695,,
0x5206687a6b3f2424c80f5b9e974404be732d47eab0e17201b7a9ba19e71a3607,1764460116,1764460119,1777,97695,,
0xae432f6aafae19495d642ed0910262d1bfad0053e680b3f343d2eec3b4c8d1b7,1764460116,1764460119,1777,97695,,
0x4ecdb5f6b071fd920e47d9c3096fd9182d99cd458c6a3c41ecfaea3ee2ffa0af,1764460116,1764460119,1777,97695,,
0x23b0b1945b62f05d7519b4eed2efabf698240ddf5234e13d438f3adaef2aab96,1764460116,1764460119,1777,97695,,
0x4fe0909b6a8c0800990320d801b166e25c69f721a77dee10c37ec988f3d4d67c,1764460116,1764460119,1777,97695,,
0x2dfa9dee5f16e11901902670b8bfeec76ac6605539f495ab98017f5242eadbf2,1764460116,1764460119,1777,97695,,
0xef64215967b88bdebdfc1566adf66cec49600ec92e6fa1f7493aac9ed935b752,1764460116,1764460119,1777,97695,,
0x77201a4dda1b6e9ffa507df871a53a28137b85aab25bbbbff8757f7a524592f7,1764460116,1764460119,1777,142295,,
0x4ad44500d1babe2df99479b02bdea94006e906b33e38dddadc3b1a7c1d8e9bbb,1764460116,1764460119,1777,97679,,
0xae38dc3029795c516fe6a662752695e8eb60ba1924b42bedfa5db28acbae03a9,1764460116,1764460119,1777,97679,,
0x6f74e27508767340fd90332e0b8cd488e8815ffb30dfef970ba182571ffacb03,1764460116,1764460119,1777,97679,,
0x88f232cafc9cbcc3e0b1d1aa718db50bf39e37d6831f4bf556c183febe66a085,1764460116,1764460119,1777,97695,,
0x3f4e204ef09c7fe49b358e43377f8a84ad405892c211f091852aa372e301b0ee,1764460116,1764460119,1777,97695,,
0xcd0c76b30641eee45885480b2caa34f223d444ba5fd269bf1e77b8477049bf96,1764460116,1764460119,1777,97695,,
0x666da9ea8834bdd022132da1c0fd7f5b9ea9a91eea77c4c93b0584fe153743a8,1764460116,1764460119,1777,97695,,
0x7090df2f647211d42f7f6f2030531a55e591b8b4e7d5563121bdfc61faa0ea46,1764460116,1764460119,1777,97695,,
0xc766317a615618b7de647fac416d04b69c518d443c2774fe73a955b3552fabc2,1764460116,1764460119,1777,97695,,
0xf89fcaa32831fff988d910865c94301f3af94e0bd1b7b652ecb8d6c41ccc38d4,1764460116,1764460119,1777,97695,,
0x79aa814ae556d1bf809c236bf01c2edd41f1a65aa33298a41e6d7c422e79dbd2,1764460116,1764460119,1777,97695,,
0xe62c6ef55c5efd6be3b68b821217e559fe1b77230b6aef1ec578050d4b7b4c75,1764460116,1764460119,1777,97695,,
0x0dc80614647b74fb1949746ca3e644d5c40ff0663e9882396a4ab2a24c838175,1764460116,1764460119,1777,97695,,
0x629db592efde6e0f16b5f40a700ec2235de34850844a01e59de38ef13b698fe8,1764460116,1764460119,1777,97679,,
0x071e70fb8877c69aef13810958ab6895b62f2d2bafb435f815f896ccf901819a,1764460116,1764460119,1777,97679,,
0x06b65046903ff4ad88ee009400eb506027d6d71236866864b43d95878b4fe7a2,1764460116,1764460119,1777,97695,,
0x0c5cae11ca32eea0c7fd7a34cf46f32a76aebab4582d97d3a192ad7fdd99dc9b,1764460116,1764460119,1777,97695,,
0xde6a6e51881d70e9b3327aa5ffb4903665774768a988087648770fcbf6182f1c,1764460116,1764460119,1777,97679,,
0xc7d6dd318de0e2303f67608de28e2c2fe2bcfa05c983cc5d5856afd1b1544add,1764460116,1764460119,1777,97679,,
0xedfa2de8dbe30ce2b3c174961fbd96d1b599ca547751d56215ddabc3529eb11c,1764460116,1764460119,1777,97679,,
0x437f63f99d9a7e381dcd0825307dce8747cc1fc2cda88b4cdc0c40797af0d6a9,1764460116,1764460119,1777,97679,,
0xdecc6203b236d4b620ffe5e486bd7a717b9e7632aa89be422b877d43b3b1d647,1764460116,1764460119,1777,97679,,
0xf1e7d63c87f9db2d22a5da379a3fd4663d87f29813abd7ec5ffe811f6a96add6,1764460116,1764460119,1777,97679,,
0x6fa5120faddbe2a7f885a05e6bac3bfb9ecdcea6944e8f7cc48f2b9f8c09df09,1764460116,1764460119,1777,97695,,
0x1bf06c7018862e07e993d93f4a23fc9dd81719cd228f59e1c5329ac377726235,1764460117,1764460121,1778,108111,,
0x6283a81ce8917cb5cd25939e7da544393eeae29533c335abb44c06bfc25a4616,1764460117,1764460121,1778,97695,,
0x40356f9ab3233f3fc486d94729222956e900fd95d7b883ab4e3a30a4732ac333,1764460117,1764460121,1778,97695,,
0x775afaf01f09f9fe2bb82646c74c9a1e91570c8a2bd2761c03667ae08eb5e801,1764460117,1764460121,1778,97695,,
0x3ab7813e309197b778782e869272f7b8abbfcf97c4062c30eb4373e7c57939d9,1764460117,1764460121,1778,97695,,
0x3af45c5c4fd2f2b092f9958235209c3867e1cab8becef2d26226276cd9735041,1764460117,1764460121,1778,97695,,
0xdec634327dee29bb042230a4328549cabf1ace9948fc1c66e66a52a9faee74f0,1764460117,1764460121,1778,97695,,
0xa7a16ac080d06f047fe6cb2c8b3d99a3512201176579ee25d9674d7193f6fcee,1764460117,1764460121,1778,97695,,
0x42e8bf567e8e2110ed2da32bf8e1c21fc949236976f3f6c20f5b431935bfdeb6,1764460117,1764460121,1778,97695,,
0x3b9b9cb4bd0e5284aa984f1e51ca5a1dc7cb994f5eab360d69329a1711ae93ee,1764460117,1764460121,1778,97695,,
0x0d619bd712c50d10e66401ba39f216d23e74c22e7c705db0fdaa189a3642aa07,1764460117,1764460121,1778,108095,,
0x9eabc8637c21efba2e7854b9f75da3ab22724c04c65eb417613fd86c9419aa4f,1764460117,1764460121,1778,97679,,
0xd31f980d79595d2cde975abddba3b308ac47aa1f4cb8980ff4c44d3700589ac2,1764460117,1764460121,1778,97679,,
0xdc11b6a4e42ea216a7a408daf48e2cbc658a2574ff095a405c7a9974c0c33749,1764460117,1764460121,1778,97679,,
0xd2d550bbddbdd34987a4e8f64313fbd7418dbf9ed0cb8713afc0b8302438f726,1764460117,1764460121,1778,97679,,
0x00c67575e4e3c424b42f6049acc3d4b7e094e79ddd29bd985d07c5ec78338aa0,1764460117,1764460121,1778,97679,,
0x2c469fe97c89e10c705f0031e3956b060ed785e81705f1a33f4a9a6d45d5b1c0,1764460118,1764460121,1778,97679,,
0x3bc6c89b23ca0e310ad421f448e19ee59063fb533509015eb37a7072daabbff9,1764460118,1764460121,1778,97679,,
0xde39faf8297e9748013bab0ac69eb93801f3d3788e6c09e91509e7c97164e92a,1764460118,1764460121,1778,97679,,
0xfb3a20df7dd6b51e133f1bea855875662ea192ebfb431a6ff483f6aba74af82a,1764460118,1764460121,1778,97679,,
0x1fbce67cab887bfcafb46834dbe976f1fffbd3a1025bf5e9fd66cbf6e528c002,1764460118,1764460121,1778,97679,,
0xb87851edf277cca964cbf61265cdae4b83712e9ec33f89d352b87fa83d244057,1764460118,1764460121,1778,97679,,
0x65081669d21a2a795acdbd8f17b40f7ca316bea9cebf75d2e911969d49f6d445,1764460118,1764460121,1778,97679,,
0xf5f1532df60e85281d6b8fa5b5668290712bf6791aa7c8f41592a1521c3836b5,1764460118,1764460121,1778,97679,,
0xe06633385099b31f3e50acaef1b3756af19f5fe1b1a966935718be1692f00908,1764460118,1764460121,1778,97679,,
0x1f7b445192c8f5e17a344c6ad3dd220f5826e541b732a33adb72a74ab17d1150,1764460118,1764460121,1778,97679,,
0xaaecaa8bab0b0851009dab4287afb4d3cfaa11c05cc51cf53594748898d0a673,1764460118,1764460121,1778,97679,,
0xac332d3ed1c59809f6d021cb2c0760ab15477091b420aad42809850c456351ea,1764460118,1764460121,1778,97679,,
0x0d09f28de9a6ecbc5d852d670e1d971d2164d192998c3affbf11048d0d74374a,1764460118,1764460121,1778,97679,,
0xbe635c683e0046070c6f094aea854c8b4fc8deb3edd7ab91279f5948e7a7e753,1764460118,1764460121,1778,97679,,
0xd11b2acc371c767c94b8c5e4359b09ab96f2e5313ddda5b428f24976f68d9d4d,1764460118,1764460121,1778,97679,,
0x289c9f0a196e3192b3c54aa2665df97f7da8dc9b557a38f8c695dbe1666285ec,1764460118,1764460121,1778,97679,,
0x12d8479f4f5c440cf63aad5f5cc3dfecc149be9fe814b7dd193e31240f7d012c,1764460118,1764460121,1778,97679,,
0xaf684307c7de3414d2860d84fea0ce59758c3324cee41307f04dd7c6fe0b5c66,1764460118,1764460121,1778,97679,,
0xec063b790e816ac1f95f35f4793017eba5a3dc7e45f33bb83c2da64bd564d264,1764460118,1764460121,1778,97679,,
0xaebe5e94e857a11d1df5612ba3cc9dc178b4afe444dbc4903c38946b8611ef7f,1764460118,1764460121,1778,97679,,
0x5b04ae1a1869cef041a556c8c1516a6d2d593cdcd02f1821a6a69010d269a9c4,1764460118,1764460121,1778,97679,,
0x6d6ce8478da1993c82698eea5454ccdc0c77ed194268d4e66e5158533ec2fe19,1764460118,1764460121,1778,97679,,
0x45719c9d9dff54162f88908344c09b21a60de953e78b7eeab1dc9061ed421212,1764460118,1764460121,1778,97679,,
0x7657666780a12f6799b09ca7043bc70ae28308e4d98154713e275fdf0df79680,1764460118,1764460121,1778,97679,,
0xe635f254ba7ff46b762ba26a3de8e352e92fe64c58811e76cb9cff6f40fd1cd7,1764460118,1764460121,1778,97679,,
0xfbe90c8624c169a7e932875abaa66f93c1a2460999c6e7ca03493f030646799c,1764460118,1764460121,1778,97679,,
0x98db74d9aaa87d0c588d8d3f41dbcb34df3e81a7982fac32cfa1c93e4ee6d87d,1764460118,1764460121,1778,97679,,
0xca50d41cc9bba805e4c350e0566a4dbc9d4d716eb65b706b314d27de7af60e37,1764460118,1764460121,1778,97679,,
0xf41df86c9a1dbed0896756bd672794de4feba32079137a6935a4454f4d195f78,1764460118,1764460121,1778,97679,,
0x62467e877b9a7f2bad1b52fab0c15562208ac521fc52499e12f3e4d5dc50c327,1764460118,1764460121,1778,97679,,
0xf0955af739053d688d1ba045e5117f457db08fdc0fe6dc3113adbf62290a79c3,1764460118,1764460121,1778,97679,,
0xe07d3ef5fd700a1994eac9be5ba8c46937cbcd7910117cec90032168d2a058b7,1764460118,1764460121,1778,97679,,
0x421b89b278d77bf7467791d9f45237cfc6babdf32852d963607c15f2e1be2cc2,1764460118,1764460121,1778,97679,,
0x4d9ba68e0cec5f709c07670afa4382ba615f8e6337c177859432bf9b9943b049,1764460119,1764460121,1778,97679,,
0xf6ef61b44515e8bbe057b8f76a15991af4e1994db97986fa57b4af5e4b9aab4e,1764460119,1764460123,1779,108095,,
0xb18515d024fe6cf9e3d4cd0b3dac15cf4ceb341f60e36ebdb53a39ef4e35d0ca,1764460119,1764460123,1779,97679,,
0x91597447b0146ec485ccb014714b98191c14cc0e5f4ef068e709aa2aafbb8f81,1764460119,1764460123,1779,97679,,
0x5d7e976b1708af169a46296deb6ea384af8fa7330b448f183f77df9e4dbc94ef,1764460119,1764460123,1779,97679,,
0x435ceefd3cb7d7219a3f6234c6ad50c8f9beb0745985f04afc612994881d5b66,1764460119,1764460123,1779,97679,,
0x419bc74d9586d8416914e4267d469ecdeb6057f066e41e196dea1d043ed5bf04,1764460119,1764460123,1779,97679,,
0xc557cbb7e8d6149b15b2cb054787fc50db32f3abfc71cb7aad1fe2bc9e07cd36,1764460119,1764460123,1779,97679,,
0xd8d72ffd648bb68d0febf2c3118ca6ca302abab96189eaae378a6405d2fe7c87,1764460119,1764460123,1779,97679,,
0xd14d1ef79ca8db89935cd921ca13d86bceea6aa1e05e1b76dffb8a3a19e2a0ba,1764460119,1764460123,1779,97679,,
0x1038173693253ffdd64a65d828b46dc1b6d7fa7415dca793567aa00829a8f4ff,1764460119,1764460123,1779,97679,,
0xe703e13a0abe9bc05593f9d3e2ca010b2e17f2dc6eebb769c711e7bad9acb711,1764460119,1764460123,1779,97679,,
0xd1cfd98928e86a3c27c714741825c82554e989cb4434aa82f8392ebc1dbb2ff8,1764460119,1764460123,1779,97679,,
0xea3287d735606466d529fd77b647eb2de8c5c50a91e2c78d98af27b4eb1114a0,1764460119,1764460123,1779,97679,,
0xf010f4fb0e3a3d081971fdada5a7a24534f1f6c5bac19c3a58387248fcde1947,1764460119,1764460123,1779,97679,,
0xe327d641b715fd4ffb443beeb48c947c94a835eeffc015a7c1213dcee07d8e6a,1764460119,1764460123,1779,97679,,
0xfa6061b080e3bb31b798687d6c9e0d8ffab6f89d9595fa295ad1b79e2e26bf54,1764460119,1764460123,1779,97679,,
0x6069b804a4b61d727ccf724462c21be09e73908f27bbab63eaacda39b2232a45,1764460120,1764460123,1779,97679,,
0x34a3bca8986cb453a622f96402981e418956bd84380684e55052d42f2d42c2c9,1764460120,1764460123,1779,97679,,
0x67b3e8961ae38d0b792953e15af6df319bf5d625ff3b03daad14e77f749868d3,1764460120,1764460123,1779,97679,,
0x22426932ec4c9b2e86e2419a0161a4ac158aaa9ef44e965a59b9c1d12334946c,1764460120,1764460123,1779,97679,,
0x74fc01f601c372d6537c88f503d2a56b0d1f1f7875bea422da5cf71fdc2471c9,1764460120,1764460123,1779,97679,,
0x043d49293b1324fd4443f0f61a89ab21baeb5235cc1c13d03622a3d42bb559d7,1764460120,1764460123,1779,97679,,
0xf44be88dc042dc040fdbb76f5a1c4f30844a331bb6c341695d973fda8c7ad365,1764460120,1764460123,1779,97679,,
0xf02dc07ef269ead25854312dacac25bae41081cc5b7798d6e3962e2e3414d144,1764460120,1764460123,1779,97679,,
0xa9d9d77e4efcbd1c5c6ac37d4575d524c60a3306feab322b21151377e08a28ea,1764460120,1764460123,1779,97679,,
0xccefa6427a3c4777a5df0cf7057c3b62b5d09abf95cd802e8a2a768ea4a5c7f4,1764460120,1764460123,1779,97679,,
0xd6584599716d4b4a2dc43df02a20a1996a7c551fa80c5a3023d31b16913375e4,1764460120,1764460123,1779,97679,,
0xda00979ddd902cc4b40a7545bc0bec028ff39d66fd750786e1b7e87cef8a410b,1764460120,1764460123,1779,97679,,
0xdbfd810e073849fe0656bea8d461500eb887fab432284ee7322c7711c620f185,1764460120,1764460123,1779,97679,,
0xf50d52b3921ae527abeb31be9e4cc3026024b874ae8de4e43fa698fd4b44addf,1764460120,1764460123,1779,97679,,
0x048549162b4aa19d65937b2f9379300ede35933f1017688d7615c70a445ef267,1764460120,1764460123,1779,97679,,
0x22608f76b4de6863a56b9fd545f52bfe1fc6122317b4f2ca2f37e0964337e1d8,1764460120,1764460123,1779,97679,,
0x72ca0b1ae91270e7a376312b5dc19e6b279c417bf1b09a3f11ee90e5ce6c0015,1764460120,1764460123,1779,97679,,
0x3e9d08435c47e0b071ef1fe33ce704fdcd789da618d5d605e3ca3738db6d1c6c,1764460120,1764460123,1779,97679,,
0xcd5446cbeb617c5e68fc1feb97156f584b02411f62b7f46da2b4abdf09d1cfaa,1764460120,1764460123,1779,97679,,
0x52b049decba126c4fd3aefde979d3d6f1dd815a354ee9db43760d02e110e0d51,1764460120,1764460123,1779,97679,,
0x462686d0d2d3965cbb05e452a2d78b65606908ffd5d06bc6f200c58f60668056,1764460120,1764460123,1779,97679,,
0x0909b3142fe3e6ddd83a9795fe2a58be8fa1b44751d44bc20c88628c532b5c9c,1764460120,1764460123,1779,97679,,
0x4b8e40ba4de812a3af1cc645db5e9e42645bdb15402d802233023c6cd6b4c157,1764460120,1764460123,1779,97679,,
0x77579ff346079106ea3720b7dbcc55592fb0e8f889654f519f6cf6d32399f205,1764460120,1764460123,1779,97679,,
0xa548a30dd2d7c1f0a6c7e33f05b31012562fdcd41ea3f42c7d82626b5081cc18,1764460120,1764460123,1779,97679,,
0x1082b772ac39581aae5d87853750757a41ae7eb95f26500c7b100e5536be9029,1764460120,1764460123,1779,97679,,
0x9b13b8e408e5243ac718833c84266176e446b71e1e7c7cf6fa9539e404f971d5,1764460120,1764460123,1779,97679,,
0x4509328d2c56701d7775c99c9bca5d8b426c16dae8cde49a7454a8beb042dc42,1764460120,1764460123,1779,97679,,
0x072d93b27e499cc3d5a0ae2fa0e0bb71c2373cb524568dd56d20189c9e4a9655,1764460120,1764460123,1779,97679,,
0xbe124cdd13d16432cb56c70361aee75bb5eb16fa176ac3dbfc175ba45366e3ef,1764460120,1764460123,1779,97679,,
0x199b84e02582d287a20b8749f1d1eda641cd0c4e977b80688bfde46c68aa3a6a,1764460120,1764460123,1779,97679,,
0xe003bd9bc6152caf0e769d72cd73bc0777d0ca92c7d6abbeb07ab2719eb665f8,1764460120,1764460123,1779,97679,,
0xdd6ed9afcf0f9c837e754f4c45b513ae92010235c46e99d44665b344c8b5bcc3,1764460121,1764460125,1780,108095,,
0x763752136b2ce9e9e35d05c0661b4255eb092398a940232d499d06976223282c,1764460121,1764460125,1780,97679,,
0x7845c585a5c62bf9b9de649dcea0e65b05501c10e75240b961fc4a6821c06c1d,1764460121,1764460125,1780,97679,,
0xd8354b9c2da8d0d70a7f3b285ca141fab34093085ca020c40e56417530a66e1b,1764460121,1764460125,1780,97679,,
0xc0de141546274d915e3483741cbbe3ea5554789bf4165f8d4580e8be43af9fb1,1764460121,1764460125,1780,97679,,
0x138eea18f44139b4efa670559efaaaccfcdb4d3f30f83c5ef558ef4949c39fda,1764460121,1764460125,1780,97679,,
0x2491b3b102be0df750a38ed1684fd5952c72d18e47647047a63e37b998fd6096,1764460121,1764460125,1780,97679,,
0xe31e2d0cc997c70db549db00a64b7f7a5e363382aa7ea84500e1ec2710d9043c,1764460121,1764460125,1780,97679,,
0x15f0a1ce255c4287530b1314f5ba99e6e21fdf98b9d2deeb7bb3e7b2718cd4fe,1764460121,1764460125,1780,97679,,
0x5d85d2899be85f9f3f029342d346b0a1fb18771a19f5661f1b4d79169f586b2f,1764460121,1764460125,1780,97679,,
0x930bf7a21fa3ee6397978db8c01d9a20279749df53827351e2a8504edc2c9415,1764460121,1764460125,1780,97679,,
0x671324c29cf821448e0772ba3f079bc110b20d4df7b4c2dc25e927b080a5184c,1764460121,1764460125,1780,97679,,
0x447f20074e9bcd21610e8d3e813e4644a97768cc2da4d3860b83c7c71ae4da9c,1764460121,1764460125,1780,97679,,
0xb57b837223e7c2ed9dc90d867526e606afec543e52209e50dc8e116702f0e205,1764460121,1764460125,1780,97679,,
0xdd730a4a83282c4adbb0d0763dae439db05bbec1a2a2c6d5ceffad5d20704f29,1764460121,1764460125,1780,97679,,
0xc9981dd5bb5a9a298d159bf16051020220a82f336fbd68196bab06b259d138b5,1764460121,1764460125,1780,97679,,
0xf2dc202535f2ab689e539ae258b4820a7bfe17023c790e0ea49e59351d019167,1764460121,1764460125,1780,97679,,
0x0d985133c73be417d708ccd97096f5f123a833fd69da495a7cfe5baec3aaa29a,1764460121,1764460125,1780,97679,,
0x2dad682dc03f1188e805ff43d1371e5ae1fb1bcc73346312ec6938e77482f3dc,1764460122,1764460125,1780,97679,,
0xc8aad915d72d7a36665e3779d0b6e5c3242364e0da8ddf0528cd892a1ab8ef26,1764460122,1764460125,1780,97679,,
0xd124a160c914069dc7ad791ead840d565a5e2a231836392a168d54d3b7558a3f,1764460122,1764460125,1780,97679,,
0x7cf677ed46fa7724f2052b684456ffdca61170322ca1e3324b587433f63c62bf,1764460122,1764460125,1780,97679,,
0xa30983c44a0cb54fc252f4ef9e3d56139372680a1898347e1ebdcaddcfb41502,1764460122,1764460125,1780,97679,,
0x9be38161b37e8f4adc2665a937d072b9d9ef2270f6bd48aa1975bb07c590511d,1764460122,1764460125,1780,97679,,
0x2911f6c1c46e0ee2ee3ccc245fceb0cf0aca683de1e01a3484fefa2039e2cf27,1764460122,1764460125,1780,97679,,
0x2dd8efa6821ef655ec232a71eda8d74d08eb3757b3487cce1bbcaf21f223b010,1764460122,1764460125,1780,97679,,
0x668a1288b1acb8c6c77b1b7f02c129944c7d1cc011581a772dcde98d5a7d048b,1764460122,1764460125,1780,97679,,
0x874671ec4646b3bd36ef529989c8fd5a591d0af5119736c6405f067e79cc691d,1764460122,1764460125,1780,97679,,
0x87234f97557a3f083909586340c6184a2d75d07c0afc4d562c0da50ce5695de3,1764460122,1764460125,1780,97679,,
0xb89270c17bb02de044a995dc9138109a4e4bc1b1c3704b285e3d0cfef78996f5,1764460122,1764460125,1780,97679,,
0xb362a0629d446f0e490625c5f2a19473548e1f1878dccbca68979714d3a5483b,1764460122,1764460125,1780,97679,,
0x53fc65268876b36a52782a66bab00c4576d738ac702a884be846bb6177b53d86,1764460122,1764460125,1780,97679,,
0xf06483f7b34b53782e80192c340a546ed2db32b6ca02d422dcbd31730d76b2c2,1764460122,1764460125,1780,97679,,
0x4b74be1c3f8c9a74097e59f345c48528b90029d7c13f150d7bb49dec21ba5600,1764460122,1764460125,1780,97679,,
0x2fcc057020a21e343beee239cc8778df96636323cd2874670f78448fd02495de,1764460122,1764460125,1780,97679,,
0xb255da4ebf6132ea7a3cec2e66ba66669a041be8df83d65f80edc77529852c8e,1764460122,1764460125,1780,97679,,
0x337c0922179c97fa4801b13debced49d0f1dbfc10ba52164609d71f263bc64c0,1764460122,1764460125,1780,97679,,
0xb2609074e90643e0b120c422239e9e13c5582779e5872ed107c0bc81869f6877,1764460122,1764460125,1780,97679,,
0x9fd8968c2b10fdfe7033e746d011f33d639c95c66fce6f00395304073f9dfe86,1764460122,1764460125,1780,97679,,
0x7fe525ee54d1285d79c5a70fcc6d274369de5763974f5e6c954635f24d414632,1764460122,1764460125,1780,97679,,
0xe3f2a0d5db4896bce53ab34cdb1692d6c847a7f8a6701bafae6e5e10cde2df42,1764460122,1764460125,1780,97679,,
0x54e63fd7d7a2e6f9eb6d7dcdf1dce9bbc25cbc619883812874f244d84f0c7756,1764460122,1764460125,1780,97679,,
0x16f10d1c62cddb5946a7add087c96da423ae0868d7a737626bd941ed3ec51282,1764460122,1764460125,1780,97679,,
0xd3a7ccec14b84549f932ff51636787fb1287d0646ab1ee869ab226a255f73cb3,1764460122,1764460125,1780,97679,,
0xfeca21aa68d979843533f2910a9a89a3bde5b0690103a63aa275bda8a5070b6f,1764460122,1764460125,1780,97679,,
0xda19662c7561bf4f7060fa8f4e7cc01e364294eae6c6f03bf6012d36c05b952e,1764460122,1764460125,1780,97679,,
0xc4a6e7f821673b82600f1a34137cf4979eff8ed104df075a72d224e5a7a4c902,1764460122,1764460125,1780,97679,,
0x32da324978fb1550e1b95f19a2f5ee3a450552f327d36c1dca861d71521bb02a,1764460122,1764460125,1780,97679,,
0xa97e75b3f42e36fe11cb5c3959b9b6d07efea003383b467788a364a9aa6b70bc,1764460122,1764460125,1780,97679,,
0xae3df8e8300f965ba6dffab554b1d2ccf0e4e7bfe70458a43566647b6014591a,1764460123,1764460125,1780,97679,,
0xfdbab5bfeae50d5ef951ee7f3ff07634775c176e885e6545cf6a49aeb5c64379,1764460123,1764460127,1781,108095,,
0x9220c168b142d44ce46f326e4d7b198f82866e73068313ad88625bfb4435c774,1764460123,1764460127,1781,97679,,
0x47e28d387c8561208fa218e4ce8bb5ee46952d52e4cef847726a80ee508fce8b,1764460123,1764460127,1781,97679,,
0x42459428f60cce48dd312805472e17f9ca1b33071024b64ec154efe794e7120e,1764460123,1764460127,1781,97679,,
0x5543d6592f19aaafd2f60bc7410fa45a540e37ecacfab65f91a15952666d4ec2,1764460123,1764460127,1781,97679,,
0x1ecf244d20aa6ee5aaaec47c2ce81c11acf4f53f0d29cbbf71c5068673533b48,1764460123,1764460127,1781,97679,,
0x48687bb3b30950c16495d811e16620ca7269ea516faed2e9e87a757726292547,1764460123,1764460127,1781,97679,,
0x0e05b8846a661178489e3df25231c5e93c9cce82d3ead11062b3c5029f5c2ddb,1764460123,1764460127,1781,97679,,
0xbbc1c1ee1180e9792c300a63542090a246a9ac04604fcc2a57225a80beea23ef,1764460123,1764460127,1781,97679,,
0x950e07a1c2dc8be758d91a46fad9d95612420350cc9cf7028aef8b09bd87b8ab,1764460123,1764460127,1781,97679,,
0xa7a0e18ad17bd0d548092da11a85babf94495a8df60fc7e9af02eb797b2368ec,1764460123,1764460127,1781,97679,,
0xa4ae01f74747008a817ff9bb9675289a9eb365e35f6f1574710af9274d8a5d66,1764460123,1764460127,1781,97679,,
0x85c68321ea9b22c9f5cddaf0f708a90c97ecb44dc0150e7675c648863c7e3b03,1764460123,1764460127,1781,97679,,
0xf33a9be9677706d3f7b253f9637f7c22b682bdc778c1f9d6eff5360a3ea9bd51,1764460123,1764460127,1781,97679,,
0x04095978116c61d35fcba950239e370fccd6c1b48d5521a7d11d74ae93b5a1c2,1764460123,1764460127,1781,97679,,
0x51d5451ca844659fc1a1c707cb1167e0c8379047613436806301966c9fd3cee7,1764460123,1764460127,1781,97679,,
0x4bca0e80c9da95e2488d78eb561f091ad8af0581456ff70807c2b15898c9137b,1764460123,1764460127,1781,97679,,
0x28819b336fff67cfc54c506354d2f7f96f686148cc7c509d8b6719f2dc9713cd,1764460123,1764460127,1781,97679,,
0x28ad75b45f999ff7afe13a0701ffa8a9af57bdc46525566b458b1111f7455323,1764460124,1764460127,1781,97679,,
0xc98dd64554cc25808070092b3e4fc40b66aca5304f8fe4ba071aa0d7d0878a93,1764460124,1764460127,1781,97679,,
0x5d2c8aa8075c198b88adcf020c5bd81217ea342b6927d029218d5ea2747ef4b3,1764460124,1764460127,1781,97679,,
0x2b610c8dfe60b2a691e754e2b67781e9de8aa1e5baa22e6a39576e535fed0af2,1764460124,1764460127,1781,97679,,
0x867e37ee2f9767867b3c064d558716158951d80905865936f6c5666c34a32ab6,1764460124,1764460127,1781,97679,,
0xce5528bf12feb5fcd059e880c94718c726403eae7dbf9dddc125259b44627ce8,1764460124,1764460127,1781,97679,,
0xb18e1ec76736ae63d8b053a21497fff789a75d0fa8188059db6750b2dfb29788,1764460124,1764460127,1781,97679,,
0x5fbe3de4a247166535eb103e793650ca7686cc5dd5b28b1febcf03cdd20c93b5,1764460124,1764460127,1781,97679,,
0x0c0619adc1016a919945d58b2ab539c5d2c53c8ac56e6f955341b585addeabd3,1764460124,1764460127,1781,97679,,
0x15abea83436b1870b944ed5cb59a57f195651931dff955147a8ea3a6ea6df006,1764460124,1764460127,1781,97679,,
0x75bb41cd01835ae739297b112e59b7ec435bede47cc50c2acddf44a8cec5e629,1764460124,1764460127,1781,97679,,
0xb098de3232d954143d6b029f3d11f10c81917170a88dea4897559ca7edc1dc63,1764460124,1764460127,1781,97679,,
0x3d560850c1e9912ca4e009c532a280a6bbec27d7e3a3e8ffbcfebea17bcdaae5,1764460124,1764460127,1781,97679,,
0x9feb298fd0817fb03e1fc5e7d480cfd86618525357de57e11aa66f4b479db1fa,1764460124,1764460127,1781,97679,,
0xe554e7bd7f8a4e1f5a00b44adc68f4b541b47ef8e8d2a58c9ea97e1029253d34,1764460124,1764460127,1781,97679,,
0x9b642a9d5242942f526cdd8e0892efb06f9ffe8cc81e160e9fa4015ae5c0be7b,1764460124,1764460127,1781,97679,,
0x6092984c22f32a62f35453661a45c226bc420257036c6b2279fbd271f13ff56f,1764460124,1764460127,1781,97679,,
0x624e6fe82e7c2bf065cda8eeadb7f0d532def03fae7cfed87ba982aeaab6aa74,1764460124,1764460127,1781,97679,,
0xbb92cc9c66bc320fe414811353f171aec2d693649e85665b6a8502846fc107dc,1764460124,1764460127,1781,97679,,
0x0a60c8347138cd0d5ffa7202f33a26fa4987e343b63524588dc23e5505ee53b1,1764460124,1764460127,1781,97679,,
0xa51fcadfba18477767db88dc8ce5b085ec74189a1c39d93bd38db1c5d9140870,1764460124,1764460127,1781,97679,,
0xd07df16a0e9af78d3a58404b922b1be817b8881d65c19f93b2f95769db2a61f6,1764460124,1764460127,1781,97679,,
0x07b4b6e325266f7b7926b71ff722ce3decc8c0f24be08031bd30ce7480a5ea65,1764460124,1764460127,1781,97679,,
0xc35359fc8ad13e76c332b61ad641f0c0f4b0e1c237c92a417e17de957fa8e623,1764460124,1764460127,1781,97679,,
0x8e8584e257989a310e46641ef4a2f8f9682d86b4735bd7aa8bfbde91ae84486c,1764460124,1764460127,1781,97679,,
0xc109261939af6cd878f0eeaf786cf44d1ed6ead044dd5926607eb6b951a8f7db,1764460124,1764460127,1781,97679,,
0x26ee5d705f7d5c831dfc2722030159d8d683b5c39d376b661ba071e3e5ff8414,1764460124,1764460127,1781,97679,,
0xb4762efa23647ce06619e349cd41b28bac60719ae856bb6c08d8ac16ea406a21,1764460124,1764460127,1781,97679,,
0xd1d01e88a3c6c392db9730d9fd9d9f4e23d52e264ba63f10811269dd6b626018,1764460124,1764460127,1781,97679,,
0x1ed1c3720366d9e6347c121e0239c30bc4575fdfc2186de0c8ab65ace4093958,1764460124,1764460127,1781,97679,,
0xf5ae8e85bcb86e2f38378b7ff5c98f9ab52b634b9cbc57abc4b00639f54c8352,1764460125,1764460127,1781,97679,,
0xebacdad80591603ec71c8be6eefbe980591750a0055c9c7139d0003b7222deab,1764460125,1764460129,1782,108095,,
0xd0deb6a60414a7b4c753d6dfafab5cac73da8b84eddf47267d2910eb8d37e9cb,1764460125,1764460129,1782,97679,,
0x1426f67f595a436ce369d34056d21d40a45e7960c84977fd2429dd17460921f1,1764460125,1764460129,1782,97679,,
0x9f06b7e60866f09ade8c2c9e64c41ee353247f6e11c9121c6c7fbd20105c5cbf,1764460125,1764460129,1782,97679,,
0xebea28cbf4968671751a3d0cc80856c2f2c1f48c832565aadefa5e6bf75695ea,1764460125,1764460129,1782,97679,,
0x88823cf371e42b3ebc84bb35401a40fb3139dbb7ab7de58a8e2b6305e618ecb9,1764460125,1764460129,1782,97679,,
0x90e0cb931d61cc16ed83d353084e21d6214a88bdf57f5ee18b082c26ba46f220,1764460125,1764460129,1782,97679,,
0x31773ad7d1568190a42b9eb46f55c854a4afe66a07eb1ba10ac54a3755f9640a,1764460125,1764460129,1782,97679,,
0xf2d7b37100d723aa721aa2b21cf1a0d6ad1ca7ec9a2df630edab93464baf7158,1764460125,1764460129,1782,97679,,
0x0815e3751fb1237286b555be4e37400aa0b64a90e4ff73315beccb31027e1537,1764460125,1764460129,1782,97679,,
0x25c14d063d99cc60f0f4882224e58b365af3f796085922efea9dd29bcc6f6f34,1764460125,1764460129,1782,97679,,
0x23568f38f77887f1baaf1b53bfebeee5df777b46232ff734da0a2c748b6fa00d,1764460125,1764460129,1782,97679,,
0x8a8a176bf0721d2b6b7766dac4737ffb4567fd8566989217ebc5cbbfaf8b4fb3,1764460125,1764460129,1782,97679,,
0x1bdeccdcc095d8cab980b49c2e628f19960fd057dac41bf1581b0c9d24ff537a,1764460125,1764460129,1782,97679,,
0x8d24087a6cff9fbad94a3b35a9b9b7c4f369fedbbd326aa79358071f92580acf,1764460125,1764460129,1782,97679,,
0x1a015a9f1cd4d166bf4265172001a32d3c0598f8613eb31ad6aa8a3ae11a427e,1764460125,1764460129,1782,97679,,
0x87bab49d9763dc01e1b465270af4437fb95464c10fa87070ffdf5afed18ed103,1764460125,1764460129,1782,97679,,
0xb7984d481627c57f06d2bcbd5eb41781d9aac4caeeacd2204a3dd6a6220e5fa1,1764460125,1764460129,1782,97679,,
0x812f8f896cbb8b436b4fec061e07f2a16e03fa42619af55d43f2ed9b5d199292,1764460125,1764460129,1782,97679,,
0x30434549b30d4179e8417db592e983c04675dfcf8496c4463d6fe2e922bf920c,1764460126,1764460129,1782,97679,,
0x819372df8046b25856b7ccb341556404b130f128e22432c54dc718f7ff737f63,1764460126,1764460129,1782,97679,,
0xa2e9d229ff8ca43f66faf5353340da3955b9fd84321f31ddbdc0ba7d83eb53b7,1764460126,1764460129,1782,97679,,
0x8c1ac57546e9b936d11f442356c42550a5d7925b9f074f5d383ffd9754dd506e,1764460126,1764460129,1782,97679,,
0x2420340a8128a083871f75921006604bd1da626eb471f5c18f345c7b67f9fc61,1764460126,1764460129,1782,97679,,
0xba61211d57fb877ac92430fafc5719f1561b3b9236483f1f310f4ef184706f5a,1764460126,1764460129,1782,97679,,
0xf98a042a933b77d982c3c92b7b30aee74e9d5e90a8f35f5fcad5870669065503,1764460126,1764460129,1782,97679,,
0x40769a9ab5e486ef9565064b367a5695752e5aef3497b135779f050e9b185afa,1764460126,1764460129,1782,97679,,
0x140e8ab46b6ecdab408023bf6151563bc3010ea1340e6d72bb7075ce089d6b53,1764460126,1764460129,1782,97679,,
0x7a783c6b0de3854e1daaf76b28703aa0846b9506435da564701cd633dadb45e9,1764460126,1764460129,1782,97679,,
0x40a795345b4d39ebefe01b6bf047fce6462a99164337e7f1390d055d271997cf,1764460126,1764460129,1782,97679,,
0x0a3012804637b091fb36003832ee36dc966f0454cb0054ec3aa966052b5e2d8f,1764460126,1764460129,1782,97679,,
0x225eecfce4dfb979a1f835db45faf7bdae9319a6bfd58079f838ba8392dfa5d8,1764460126,1764460129,1782,97679,,
0x2d8633ea78eb670b2f56303ef8c70dc3af14678ff8d74229e2d556e89425b1e0,1764460126,1764460129,1782,97679,,
0xe59473e806d00952f98d869f774328f72f2ec837aba142f132796631a02f1e95,1764460126,1764460129,1782,97679,,
0xf4af86d97f88cb48f90018d5f54a9118270cc8eb3c2c454d7fc68de2f32d319a,1764460126,1764460129,1782,97679,,
0xe497b59af9e9bd73b6b166fd2c0ca2c3ef4565d7510757631c11af8adc58416a,1764460126,1764460129,1782,97679,,
0xf81e1af7dc4e6d19d2b9cd5714875afc3a817a3d0ef35d07fac339eea9f44101,1764460126,1764460129,1782,97679,,
0x6d110bfc8f2aca804a2bd352d2ca7fba6834247b46b151bac9e214184600e8c3,1764460126,1764460129,1782,97679,,
0x2884ec5782bdd1ac0d0786c19a599af0725eb398aa89f3ae9973e5279428dd2c,1764460126,1764460129,1782,97679,,
0xeeed56113d229dddf0c3c41aae34990c3f5e02872f2670d5a83e804023060a43,1764460126,1764460129,1782,97679,,
0x10695a055b65d15a3752bfb0485027b833043ec10b1f7394c517c250d035a5bd,1764460126,1764460129,1782,97679,,
0x26189d8dc1d0260ac0d3e370295613ea96014a137395ccdc83f9935492ee4cea,1764460126,1764460129,1782,97679,,
0xa36ea1f788ff4859a19ea85ba06d2687ffdc662396267df54b6a561870ae524f,1764460126,1764460129,1782,97679,,
0x230c2db02cfc4b4bc9e846a327e78b3d1560078c82a68a9de92b09122720dd69,1764460126,1764460129,1782,97679,,
0x90ec2d649b6c20d359e3f8f3fd4485caf5dc627a8c103a012bbf1131fc31ac00,1764460126,1764460129,1782,97679,,
0x5238a2dac6409325d196eb94e6e71557e61de96a0fc8ff022434c76350d094c0,1764460126,1764460129,1782,97679,,
0x316e2def83703243c5b76661e535e052a419394a1a1edd3d8fad44610e053eba,1764460126,1764460129,1782,97679,,
0xd14b7fa2f6be755ab209d2f417d02b5ec4a2e1f1e9cd6a29134f0be64c366185,1764460126,1764460129,1782,97679,,
0x3a0d1874e2608f0ccfe03f1e29636eda8d988b4360ab27cdf44b8bb0b1c8f10a,1764460127,1764460129,1782,97679,,
0x9287db84a2c43310ec58427cd06c79e4becc67b9f82c1c644e618268a99743cb,1764460127,1764460131,1783,108095,,
0x5838edd942d0946f53f74839d2279535a63dbcf68517b616e8c1beabe28721ea,1764460127,1764460131,1783,97679,,
0x7f8bd460ed2aae2ed56e8b12c2b5834b88c79d8dc6f43bb8675095891d115d84,1764460127,1764460131,1783,97679,,
0xda70a7d895ff38a8db2b9d5fd3d1c06a04d092f9b9e16e46a9d4d42fe816c36f,1764460127,1764460131,1783,97679,,
0xa8280d8d32803bde4b3695619ef573a49db1868def3ad817b35039d0ce784159,1764460127,1764460131,1783,97679,,
0x7e512cec322d190a1f5456093522c24833398b33f49a6b5bd9eb2af82aa88f71,1764460127,1764460131,1783,97679,,
0x81ea392e5f55d3a7fa7132ffe71071fd5315266d53a531bb98107a2e0a2a4cc8,1764460127,1764460131,1783,97679,,
0xe5ff522d01847fdfbffe26796913d380187a4fb0d71141eb5157b5abe732bc89,1764460127,1764460131,1783,97679,,
0x5b126a7417eb3ece02e22388b556cd1b47bbe3879f3d4445c1c9d697db78d7ed,1764460127,1764460131,1783,97679,,
0xc0400fbf3d411a6db391229b7530a4f297ddb57727db0b4c81e2a77b0f6f8b34,1764460127,1764460131,1783,97679,,
0x3892952e4ac04cecd67d2e02d19bf5b4fcfc40063fe944902d0e94c36e138543,1764460127,1764460131,1783,97679,,
0xdb59c80e866a8a23d8a01adc551e9e4f0e6c22131bb59782fa9e60c78416ec15,1764460127,1764460131,1783,97679,,
0x960996c818c88e986b9ef59614f28801355ef447fe82e8ed2762aed42b5bf5f8,1764460127,1764460131,1783,97679,,
0x5ad4a65812f7b177059451404b0eb6b2c398e1ca2369e134d92b8b0db1ad80ca,1764460127,1764460131,1783,97679,,
0xf1ef23a6fbd1aee4538135f2a38327e88af2872ea7d69fe9e3f48bb537d857d4,1764460127,1764460131,1783,97679,,
0xbf0d2b9967103e303b0f3057ec98baf968d490f8040d7f7da1489f2c648a05f4,1764460127,1764460131,1783,97679,,
0xf26ce3a7be2feb791041b0c6f3bb2d877bd44a2c8837ee156efe63db1dd2e325,1764460127,1764460131,1783,97679,,
0x6acc8bbc62f569882410b276c1f07a96de9b9a1949942bcd2bdc5298c5435d78,1764460127,1764460131,1783,97679,,
0x12041937b4f551e7e25bd7c46ca4c1982c3cc5f05d3fab20e9119fcb2a4a5323,1764460127,1764460131,1783,97679,,
0x89d80fd39521e412e957e88a1d977d7aa3ec79c074ff3272e82e9aa9609a1db6,1764460127,1764460131,1783,97679,,
0xd2c5b5bc841c907ad0315026ab559bf61e07e4c98048265b817c6dce59f0879a,1764460128,1764460131,1783,97679,,
0xe7dc847bb6437c2d286aa7d742464ca03679dfce6b6f7e8c8bc19178cbf6f73e,1764460128,1764460131,1783,97679,,
0x7a8c94ac091a0bb2a75a73021eae8d6e651d861584bc76ecd50dab20e389c9b8,1764460128,1764460131,1783,97679,,
0xc9c59d0add5aaf1845fd8611eaabff250238cc6799b4136ea4201b9ac6ad9df9,1764460128,1764460131,1783,97679,,
0x66d459a71fb9f9ffe6bf9ed195e8bbfcc7573d4bde3feeb1946977c06ac10d9a,1764460128,1764460131,1783,97679,,
0xcf7a26a07569688fbb1be7ac013f266a9bbde19232de19351fc64b01e76ea21d,1764460128,1764460131,1783,97679,,
0xeef1e228a7a06b66e6c4c7c79780cf1dfd326a03df3463dce284150b1ce7ef9a,1764460128,1764460131,1783,97679,,
0x1dba3072e397ed5285e75ca4101481928f2c8cda8e4e2dfb05a27b403a6c2e1c,1764460128,1764460131,1783,97679,,
0x4ac0c1ad9446d1b9c5638b6eae817b50624222a507b5236f75431f618a451e5e,1764460128,1764460131,1783,97679,,
0x5376fa2185625e2ce29f18955385ce7aaddaa2a150d657fa9df3e0fa70faa035,1764460128,1764460131,1783,97679,,
0x8bd2fcd37a10f7d9ae404a9241c754072d8eac7f3559f320b0c7028f4dbf1377,1764460128,1764460131,1783,97679,,
0x14c600620e42ca7008e6ed3c8e0596aae403b908074c9d58327f5468c5d61340,1764460128,1764460131,1783,97679,,
0x6101a763aa42022c04f39c8858df28548ee92db0e5dbf53e4bc53df537ed08e6,1764460128,1764460131,1783,97679,,
0xa4d561a314d7c7c9611c2710417303c426bc034dee4fda415881524189309ec6,1764460128,1764460131,1783,97679,,
0x63ed3a73831942ec95e46494d494432473b410b2d7f0a341853767df5f014340,1764460128,1764460131,1783,97679,,
0x31c645cbe3cf6ece322fa7b1da4b84bdb9711bb8b2a9584d7c357da3ed15f8cf,1764460128,1764460131,1783,97679,,
0xa26b5d69438fb95fa26f74a224025a338bf4b709b56731176ce72ea64bdc8a0f,1764460128,1764460131,1783,97679,,
0x7a341505a9368681063f55ab31205c77deac7326bc3f3658914e9d6b4ff0a6bb,1764460128,1764460131,1783,97679,,
0xf971a92bffc4c506d0efd4c442e54659f314a37bf2a366904f7f220422dd0a4e,1764460128,1764460131,1783,97679,,
0x5e5ee3afa012481520a7689e32487efdc2f946dfd2a8c374e8d32a7f384f5aed,1764460128,1764460131,1783,97679,,
0x773572ae70f2d87960ceb721d93b5d010734ee36f2067a8f023de9d9d355f77d,1764460128,1764460131,1783,97679,,
0x8e35c16bec6bb82fcebc5fc294bb5d43042a5a6cd9a70704bbca4a92e1e626ca,1764460128,1764460131,1783,97679,,
0xd7564a13462d43522256e2c3143ff396fd3aed0ea2b18b5ec2d07e142a113d29,1764460128,1764460131,1783,97679,,
0xbad690dfa16dc8f0c1aaac0098b32dea287b18b3095d4cd662fa85c1919aacd3,1764460128,1764460131,1783,97679,,
0xd1af31064efe0a9e18a9145bedeb811f17845d2fb7f2bd5485e65be03d6880fe,1764460128,1764460131,1783,97679,,
0x3f3a7a52c56fb57e6bb4bab0bdd1b376b69ea0056cda27d3ffedf6f1b5d1d366,1764460128,1764460131,1783,97679,,
0x73f940f54483ea0a534e807e0d441126323a884b1ea8250c48399531fc448fe2,1764460128,1764460131,1783,97679,,
0xf1c64e63a9ebb8bdfdf70a208a03e3c538346ce30e47d33e64fdbca4a58bd609,1764460128,1764460131,1783,97679,,
0x48abbad66b4895e690283c3905e0e84bdf88d775c3b1acfa32fdd93ee405c95c,1764460129,1764460131,1783,97679,,
0x63e86eae51b20b64aea4d72d9642506cac6ead235c91262b32dd65c2420b40cd,1764460129,1764460133,1784,108095,,
0x4a56fde4991be0042391e6c332fd38a9d0c0e667a714ea8a640af5b9711db48e,1764460129,1764460133,1784,97679,,
0x4382f4b165085432b1c706d8b3fcacac54329c15f4b4281f0ed31072f19bea30,1764460129,1764460133,1784,97679,,
0xd6b89958804a7f90183cfab9e203ebe29c73b731115811f0b8acbb095fa7b07c,1764460129,1764460133,1784,97679,,
0x0d36768310a3ed989ed3021e9d6ed25316f04cae2a914a59adbc7c8b56a094d7,1764460129,1764460133,1784,97679,,
0xbf5883a7e5e53c19e10f66b37daf69be48e998e25d35df47151023396a054cae,1764460129,1764460133,1784,97679,,
0xea540098280c1b6d03c45eb4ed7a23037573ec9e5c2679f7a268825b3fa3a943,1764460129,1764460133,1784,97679,,
0x2e4d7db6b84e598c7cc1b8fbd8d7ea7e0ae0a4441d412c6d0b7fffc38fba6021,1764460129,1764460133,1784,97679,,
0x1efae35b36e23fca1a919867224be0bf21703b1225ff69f9cfdb19517d3b42f2,1764460129,1764460133,1784,97679,,
0xc55d37e7b94b01e1da7d1386f3616de03873d858eb4d9e771cdacf9afef93845,1764460129,1764460133,1784,97679,,
0x77b6b851570b7eb6a3a1ba833e0ead76fe49bd1a7ae0c07c84f214c3df57cdbf,1764460129,1764460133,1784,97679,,
0x11af5c932e4d8d4588480dac2ead68886866cb531c7d5f8fffb4d355326321a6,1764460129,1764460133,1784,97679,,
0x3f9475ac8b1afa8979b7d66f84a2f1f8c7674c26f7c6addbe3cd35d2b39b621e,1764460129,1764460133,1784,97679,,
0x8875d13a622b2206cb5ac2fb7c430bae275f6bec727a77ed8b0ed1952af69627,1764460129,1764460133,1784,97679,,
0x0fd55235c311c296d52d800dced9bab4829f821f1ce313ece04495db804172eb,1764460129,1764460133,1784,97679,,
0x2844ebf9a5b4e3e5bafebaf40387c7053c10c9e7419b6be964b7ec8196803603,1764460129,1764460133,1784,97679,,
0x6c685206ef20df757448a8f6ccff4a99ce48660ea7152e39e4b7bad19f6d75e6,1764460129,1764460133,1784,97679,,
0x5f281aef1b56a713c75e93a01704cc837390b9b9838162e90ac7f8ce9f97de05,1764460129,1764460133,1784,97679,,
0xa84c745aca1f107c4b67294501a3850bd74c6b01701a6cdfe893eee48e764e02,1764460129,1764460133,1784,97679,,
0xa245e65517fa42d374599f1795699d4bdeefaeb2f933bb5cb632fe366b01b7c2,1764460129,1764460133,1784,97679,,
0xac95aaed070cf39acbeec40a490d5d5b67a4128c0c57c9ecebf1c6dc0cfe2aac,1764460129,1764460133,1784,97679,,
0x976e584d7b32630bba37f2207943d31f8a074d3f0d9d8b12fe2f5d30ce28f2d4,1764460130,1764460133,1784,97679,,
0xeb8aca1f4445d9b47c66a18a28bdac8de709d67b51dac3941a40a5bc8a57776c,1764460130,1764460133,1784,97679,,
0x2d5938bf75658a5f2e9c5846ddd66b76c1b546b09c39a02c4945f69a98a4c5e2,1764460130,1764460133,1784,97679,,
0x58114398c7735d7e4dc33575efdcf68840261f655ea296f46f576243bc6bcaa2,1764460130,1764460133,1784,97679,,
0x3de028eb4debc7824faf527d8ff2839aeeb6d8122f759c9f3453601c54485fee,1764460130,1764460133,1784,97679,,
0xd1b7e8df30921641a9701dad10794dd2bb0ea67d7e854f871758a3f9ee8e5dca,1764460130,1764460133,1784,97679,,
0x2c06b578d71dae6b96beb20116c449e5ab774f30531bf85c560010d02c14b025,1764460130,1764460133,1784,97679,,
0x57bf35728e26d21d5408392fb75de60363a8095ef23bcb4f5f6d32f0435125a4,1764460130,1764460133,1784,97679,,
0xddabb651bb97514615066954985dc1906efc82c190322bf90884adf0dfc4504d,1764460130,1764460133,1784,97679,,
0xb22e3942845d153dcf2c024e3bb9ef37ce3a1de023a643959ebc6564cf9a5483,1764460130,1764460133,1784,97679,,
0x01848ef40646770b4528eef1becf81a0aaa06843606c3c739dddcecbe0acd344,1764460130,1764460133,1784,97679,,
0x5020ba257dd6c7e57166b97141cc1379f4170c22b9c874de6e8b2a04ded29d30,1764460130,1764460133,1784,97679,,
0x2d8c8b93c64299ce921d6cd35bc00f329610db3b531acf44ca5907fbc14e7447,1764460130,1764460133,1784,97679,,
0x421575c25dae78ee30a2f6e1824c4ccd456e60811f15209cd8ade6c8ef2e10ba,1764460130,1764460133,1784,97679,,
0x5a465b91aa654b94f442723c4b51e4a26be2f9752d1c2908545e318d81a26823,1764460130,1764460133,1784,97679,,
0x43774236ad1bc143f292b93c7050b9d8371bfde708bbca9bd7b9a4fbe8dc6fd9,1764460130,1764460133,1784,97679,,
0xcf84a6841e1ca16bdcfd230bd39575c3311de6e76fab0aa88162718c139ae18c,1764460130,1764460133,1784,97679,,
0xbc6ea05004dbc2391c33fb362b9128caf004dac3800b2b6050bd7223e81208f5,1764460130,1764460133,1784,97679,,
0xdb7c20bed054353d348c7662cceb10346257e7357f9f81385a3d7a12fb686e92,1764460130,1764460133,1784,97679,,
0x82487cbc4da4d25d7d0c4662f752975387d81245e5e8ba02d564a99c3119fc95,1764460130,1764460133,1784,97679,,
0x5e354685665e609842c58ae80121b8991f5ceaf223ffe52c0b2d4db89ac6a6be,1764460130,1764460133,1784,97679,,
0x5ea397e7dee33f800ed60340ef5e79460a8478f3c4497436285a65fd06a5206e,1764460130,1764460133,1784,97679,,
0x1fd66d95716b495be2de99da7ad2ce84cfd8c9841e2e9c0e43285d3be7b5f14a,1764460130,1764460133,1784,97679,,
0x8e923c34ddb78d813e4af3614b13f499f0110ed9159e23c9fc8cc6be2a027ae7,1764460130,1764460133,1784,97679,,
0x28d4693b5eb87fc0fca0748c3e7597f9e84651267a6733a035b9c5d4b53496e7,1764460130,1764460133,1784,97679,,
0xb32a0ba111e7f7e89781ab141be42857feb980cd89e12e41848b8dc51e8f9f96,1764460130,1764460133,1784,97679,,
0xde86a89f749385e8bc69382c11641e3f0993b09e869b5c40fbcbe84c3ae7ee26,1764460130,1764460133,1784,97679,,
0x01f1ec1a99c2511ce335262159ff08b6693fba8b282559a8239d80304539b4e0,1764460131,1764460133,1784,97679,,
0x2189e73c52bb82f914d4aad9ef440cc5053e6089a21d6162cf3cada4c2000aec,1764460131,1764460133,1784,97679,,
0x33d7a86de792a493f4bc7aa4e9855e099a62660d68bb6c52435f0db1f7f929aa,1764460131,1764460135,1785,108095,,
0x8696fe6bd5cc61e1980286ac498d5bea637f540eed29d8bf311577cedee993c1,1764460131,1764460135,1785,97679,,
0xf4eb8f8a948a53efc2aefdc2b6d040ba19b578aa42dd30ecad2d1c7a3a52df00,1764460131,1764460135,1785,97679,,
0x1e8e7a94a0bda7f6900d3aeefafb66d74e94885d06d78b59227b7458ade017af,1764460131,1764460135,1785,97679,,
0x6647891125bc9ca5976a0439666a2193e6a55e71e1ef91858d5c3bea10499fd2,1764460131,1764460135,1785,97679,,
0xd8320b9f3335f03a0aa753b6d0bfd6d3c1e34334e8faf7dcf6e72d92b4b509f4,1764460131,1764460135,1785,97679,,
0xfc96afc9699d2f0aea24807a38c702989637a2b0f15744aa369d726b50fff744,1764460131,1764460135,1785,97679,,
0x4d0b01d24b3fab38e3a9005389fb8c773c9c9c0207790a66417b2dc574591ffb,1764460131,1764460135,1785,97679,,
0xbea8c6c79d8bc5063abbbbbcb3e13cdf70bf72eae2d9eec6df08491c9025a4b8,1764460131,1764460135,1785,97679,,
0x4712100766ea2f0283a0e7cf3710697dc7a5a893bd0c499db251b869e0e3b15c,1764460131,1764460135,1785,97679,,
0x479ac3819176cbc69778a34a71aef3d65a839a21dae3ade6e8411cab5cef6261,1764460131,1764460135,1785,97679,,
0x8f42071c22935b3b987e0257bc678d0a7f9fb1332a981c045ec55dc9098327bb,1764460131,1764460135,1785,97679,,
0xb2e7af8836201a73223cb445853af3b39755a8ca3d8b9b506079bd5a9a492325,1764460131,1764460135,1785,97679,,
0xabaf17ac13ca157edaed4585e65357f90dee1ca870da4c52cdd843c4986798cc,1764460131,1764460135,1785,97679,,
0xdeab654bea2d918650904fd42bfdc9e1914f7080abf59d5b396ae4e3789ed762,1764460131,1764460135,1785,97679,,
0x8f7ac4023e9e153a24c27e4cb719f3add0a7a0ee6f3f62d5ab014a0e034a44a8,1764460131,1764460135,1785,97679,,
0xa133fd9bdc807b8b417303065ee3408de58e5b1742cb0f5c30b41a3bd3cde1b6,1764460131,1764460135,1785,97679,,
0x50d954b0a7c0dd77a14cf47073402b917fb6667321c15f0ca87fd60e960b02d1,1764460131,1764460135,1785,97679,,
0xec279476be285b5fe3ab032c8dcab9ad8074a5e088ad5f2b44209b74a25a6829,1764460131,1764460135,1785,97679,,
0xddf81b37d902c85b6965019c30983b36415b18ba420d94984c99199c1d196bdf,1764460131,1764460135,1785,97679,,
0xec4522807a4c5dae7ddc0485f79cba7703fff372408848f479412389cc4d0b1c,1764460131,1764460135,1785,97679,,
0x55d11f9afa059e674096adaf4a45ba71244500ad106c08ac16638ddda3e55ba5,1764460132,1764460135,1785,97679,,
0x8f3493c58e8f861b493de1a4cbc771348bb249dad9b7f8458e687e582a036c82,1764460132,1764460135,1785,97679,,
0x2b85ee945cec4a9840af2f0f2ddbd413ec13188ae9da1b895762e434ad841d78,1764460132,1764460135,1785,97679,,
0x7dba9b26d39fed7a6ec8b6d8b06fb47605fd5677ee2f5de443701a0479ccd74e,1764460132,1764460135,1785,97679,,
0x0a13dfe5f3d4f3988e45c7890dc25f98e29cc81e92eb5d6cebb07c7db257aa01,1764460132,1764460135,1785,97679,,
0x1e46eb71c0169675b70cb6f82ac7472b5bc468ad6e7bb06c528d6c8f357c8611,1764460132,1764460135,1785,97679,,
0x139086d0d511779f8fa0ac5e23156a1b100fe9d13807c1ce6fcf9ad373ec5ecd,1764460132,1764460135,1785,97679,,
0x4bc1ed5e84f2598a1889d6c2618eb5136d6da440aabcbd6ebe5e3043055a236c,1764460132,1764460135,1785,97679,,
0x871197d5d793be4e5958a36e98adea3b9c3030acdba4f20be02bfb46243901f5,1764460132,1764460135,1785,97679,,
0x5b5c859240791409f640937a11bfd0da62cde2862227a2d485e970fce9fb3662,1764460132,1764460135,1785,97679,,
0x614cd2a07b58469d0facba1346e760c73d7f08b3f48e260c6926388832cbbe54,1764460132,1764460135,1785,97679,,
0x515611b5ade21dc9b8ca809a47abc7159b0c9b69cb67a5bbf96d1a0c6fdb4728,1764460132,1764460135,1785,97679,,
0x1b7576330b75dbf4eb46bdb5ec926e840e43bb9c19fb5fcffc876e69b4b21bb7,1764460132,1764460135,1785,97679,,
0x4a5715ed12f7eab9d174f6776857b51df2e25b50f56ba4ee863ce812afc82758,1764460132,1764460135,1785,97679,,
0x33150714ee7c8c4878fcd65a08b877de7b416c6e814448f79697bc42ceaf66da,1764460132,1764460135,1785,97679,,
0xa891abe1ccdb0621555afe5ada57c96339d48dcb0fe483d6c414880e0c89820c,1764460132,1764460135,1785,97679,,
0xdb0d18acbeaaae7ba81d68e09334f22da52bc37ea75899d443307d0b74dbc6b6,1764460132,1764460135,1785,97679,,
0xfc0295111554ef28fdad10f7eac4628b02783792c9c6effbe42ab38f355a1fae,1764460132,1764460135,1785,97679,,
0x9eab7b10e64901649aa95059dde5306ee2f012442dfdd8d8d658bb8c5c673532,1764460132,1764460135,1785,97679,,
0xda0b1a30a8bd206d071c2be083d5c6a19d266e6e237ef8b44908b291da6f5623,1764460132,1764460135,1785,97679,,
0x8aba651a5543e5e73eda70ea4d337e70966750110c7b37fea88e9521f6e7e21d,1764460132,1764460135,1785,97679,,
0xd422eea844f06bdb2c7040a6d55b9e5decbf408f3402dbb80c088a2e8ae023be,1764460132,1764460135,1785,97679,,
0x10633d73a88d8a2e1bf0ad6508e065384a0e54634cc38198f0ede6f5e602197b,1764460132,1764460135,1785,97679,,
0x0c837fb3825616734f80ced699923ff9290c174aeeec3518919c62791b85f2f7,1764460132,1764460135,1785,97679,,
0xc290cb20c073a7363279e81ea9bc845d31310ff4a61cea2f92783800eea6fe5a,1764460132,1764460135,1785,97679,,
0xf8c0c474289c4f86bea0c444bebc865239a5b614bdbe4d69a7d95176440e221a,1764460132,1764460135,1785,97679,,
0xd4dd1dcfb27c042453fb8a2bfe3be75fbe9e13a2baf0bc0e9c9c4ff9724db0f6,1764460133,1764460135,1785,97679,,
0x9f34afe9d2426df47095cd0505e34ccc980eb51aa0b6820fb54be43366150052,1764460133,1764460137,1786,108095,,
0xfffc927e132d5d675c2751c9dfac1f9e6fdc8f1e21d154d5cf012d2e9c76f9de,1764460133,1764460137,1786,97679,,
0xc8ab18561a50e0000f5bbc800acf380890bb6de84524b5bd719f0bf0c0a70270,1764460133,1764460137,1786,97679,,
0x4bca2ef10f4837b24b5dcb115a7a3d16401b3bd15e0f5db1c1d3c023e2922658,1764460133,1764460137,1786,97679,,
0xea53e8be6772cfac222103de9fd87574df979d1a1f7e8d2a6e7617b4d7830902,1764460133,1764460137,1786,97679,,
0xbaf1640cf904ce40243519676f8a82a62d5664aef37001a891643b19eb0ea71a,1764460133,1764460137,1786,97679,,
0x222c684dc0f5130ddf8c32c50e59bcc485bc9c0e7f9f898b71498cb6d1c91630,1764460133,1764460137,1786,97679,,
0x173c79e024b76c63debe213ead8fd462704bb5a81464318720f6836bb982f036,1764460133,1764460137,1786,97679,,
0x3de90f501c9654487e81b2624fcb392ea8d7373b268e172eb1ea880f7069067f,1764460133,1764460137,1786,97679,,
0xc37d088ea3e396f903cebaf13ec7b7da813c3f476569b0536b10fc8ebf189b92,1764460133,1764460137,1786,97679,,
0xe09f9606e2530eb0e046c8792cd5052d93c65248bb8882bd74a213d497b8175a,1764460133,1764460137,1786,97679,,
0xfe0852a8012b67c19d694fb7cac6e2636f38149a7d866065795668a926e76af8,1764460133,1764460137,1786,97679,,
0x9e2d80b90281996b359ec3c8335dfbd32d25e4d08e0afddcb1f9a596af024b6e,1764460133,1764460137,1786,97679,,
0x050cf1d5a33fe78c4a4224a061ac19d29c4445049bfc5c1ba847670d0eba916e,1764460133,1764460137,1786,97679,,
0xc1e5588fd1e545a6e9fcc0c0e2bb9e4040e5f273555082f10cdacf32e99c276b,1764460133,1764460137,1786,97679,,
0xf874317d2e1af8d3b3bc1224334fc02ea1e38a9bcd7ffe89466120b13fa517fd,1764460133,1764460137,1786,97679,,
0x1999c54c529347214afe1a484ad174abea0e57e8f46e977482ca801db4bb6d55,1764460133,1764460137,1786,97679,,
0xf7f93366302ce721a14be3476feb0cbfcd7ec54254ac224dd6fcd4a67c5c84fa,1764460133,1764460137,1786,97679,,
0xe56734969cc19ce04837ee48e4746d0543235e79272bf1250d81a390a41bc74f,1764460133,1764460137,1786,97679,,
0x68579fddd28d465dd1ab5147fbdf8bd2f6103fc371b2633b9c98ec307b9f985b,1764460133,1764460137,1786,97679,,
0x66a35355b8af004abf92a2c1aa3a9a7b3b3926d9134194c8b0c84b4000be2b1d,1764460133,1764460137,1786,97679,,
0xc91bd069643da8ea9c29b46970de60df69f2354453172e41b81ce9a3ec22e8cb,1764460133,1764460137,1786,97679,,
0x5456140443d770d13d2e15e90548ed17d5163ca0d0fc27e4f8765db93a428814,1764460133,1764460137,1786,97679,,
0x46b1c1670e66db9a898c3ecf9cca9f34f0bdb0fd3f77f80c0bd8822ec587be31,1764460134,1764460137,1786,97679,,
0x782d41fbdced4132f8b6609b372ab677b025492a1e1965e69de0b25a081bb6d0,1764460134,1764460137,1786,97679,,
0x68d7d6d1592e6577b17b937622f509f3ba8a26ae39084342482a5a53f0df2db9,1764460134,1764460137,1786,97679,,
0x48243c2cb3448c52e73d9cc20f4a19e13828f4575e18d2565e17f6dd1752895b,1764460134,1764460137,1786,97679,,
0x5ce9841f9633b57e9f294eec3db68d002557f7f81e4e5cf5dde2a7b9fa77485e,1764460134,1764460137,1786,97679,,
0x4f5929179091a9c020d12b41e29ad48902d32d6d7a58e0388dad93310cc95b82,1764460134,1764460137,1786,97679,,
0x3eda8f3190dc94fcad5f817fa45f930e88cf5d2a5e7de019311c80861861fd20,1764460134,1764460137,1786,97679,,
0x87ff81a85dd8de03a463ca8a858f629adb5c4ea8804dad1f198c0ca5cc60f6eb,1764460134,1764460137,1786,97679,,
0x40961768a6e0105004e5bcc8808cd065f8f0b7bf8a797039c536ccc7821c77a8,1764460134,1764460137,1786,97679,,
0x6bd98667210570700692cf226883ee801052949349bfa057d934bde46ff2c8d0,1764460134,1764460137,1786,97679,,
0x9c935d1d3a30af3ffdedcaa115babc307bff2f544f1b2608baa2a375fe512aef,1764460134,1764460137,1786,97679,,
0xf1d4a97a629d4cbe9d9bd4e8ef13ea133beb1e463d0417a1d571974b6d2e5696,1764460134,1764460137,1786,97679,,
0x087d3671828f06fc3266072881c33155f9dbe54e1cba16902a694905e76f158b,1764460134,1764460137,1786,97679,,
0x6823920fadfbd7a3a5e411bd038b6b629229c0d947220e92b5890fedf77d73fd,1764460134,1764460137,1786,97679,,
0xe387a15e61b5a854ddf5541ebebe23eaf07776d4d754d07b8d1d57909b85b74e,1764460134,1764460137,1786,97679,,
0xacfd5e7aa1bd30a3048facefe75cbca05e2d2d70ac42808f061f01eb119339b5,1764460134,1764460137,1786,97679,,
0xd8c58aa8cd3dcb249d33cefef045e3cbfda6b71c7e0a6c5926ffcede177cf89d,1764460134,1764460137,1786,97679,,
0x4d9db5e68898b0643d291026b73432663a4cd79147d2feb900595b182928436b,1764460134,1764460137,1786,97679,,
0xcd9ec9e9687636633036faf1088f6ba15ee78c44419f444873aa660115191ba4,1764460134,1764460137,1786,97679,,
0x1787843c648ca299e47a89b886eefbd25c0b31e628d5e4755da08d8f7bfb135a,1764460134,1764460137,1786,97679,,
0x95d02364fa9232c526c8e986e33bbdbe22083529676344a91eb9ce7e6d0be72a,1764460134,1764460137,1786,97679,,
0x6db8c61b624bc7f22c31e7c7455988b0f15b3fd4ffc7528b40f129c90197b842,1764460134,1764460137,1786,97679,,
0xb43e2523e20d24334871b8ec25fae4fe9b97eb7ffe8d3f4e4d7715c0fb15cb99,1764460134,1764460137,1786,97679,,
0x5b44fe35d4f2d25d63992eca6ab1dbd528d9e685e6146fa7bd7dee29bf6bb58b,1764460134,1764460137,1786,97679,,
0x32afb0d5b8505e75e88aada3c28f8c01da477a002454047c2dcdd06714c4a8ed,1764460134,1764460137,1786,97679,,
0x11bf238fc57fc5f3630c6d3a6f1ce17ddffe6602ff196ac9ccc602421b1e5c98,1764460135,1764460137,1786,97679,,
0xccf6d1273a6e49bd6feab31acf8e1429b40477e583b3cfa8392e425bdd330e06,1764460135,1764460137,1786,97679,,
0x883708244b93c262f94063432bb1224cca4dc6faa04ab12982dd0574a9e94cfe,1764460135,1764460139,1787,108095,,
0x50cb5d3ee1ef6bd410d1b7bd0b0640078f6c73105f3d1561528cc39be4d59762,1764460135,1764460139,1787,97679,,
0x2b080fe77440c7a562f22f7aa4648ba034b185c39322fec204c48b8965aa8465,1764460135,1764460139,1787,97679,,
0xf8d8708ccd531e6127af1df884ee06b4efada940b20a15bff445a2631fbb3e31,1764460135,1764460139,1787,97679,,
0xbcd47a131018e7816b012bcd1bfee2e289526acf47b4494a503871ee09ef9850,1764460135,1764460139,1787,97679,,
0xe7f67f44befba2dff73cea425319e98c28ea56a036da6694a6c85e74aaac1f1c,1764460135,1764460139,1787,97679,,
0x79a51f753458e2eb6e715cc040e4566968bba1874daf01c8fb6d49ba0cf64908,1764460135,1764460139,1787,97679,,
0xb761f15d8db7c7a83b097ae187b75ee47cf1bea1397a46441a69041ba87c12e0,1764460135,1764460139,1787,97679,,
0xe016225c213998ea4d9b5837648819d3730cebfb238c68087bbbcbb48a5396ac,1764460135,1764460139,1787,97679,,
0xf4c5065344ef746b5952e718df622056204318cd19d8243424e6eb83df6438a9,1764460135,1764460139,1787,97679,,
0xb040991591f8c61b83e611f0f6d98614e3864c102c34b3928d6c0d2b86528885,1764460135,1764460139,1787,97679,,
0xa7240d17cbbc7fb943f45f2d45f6388e62ae9ac7c767ca278a71e3879164b869,1764460135,1764460139,1787,97679,,
0x43c1904b47a55a52bb335059ddbc9107982ea89b7c90dcd4fd6057a08baea67b,1764460135,1764460139,1787,97679,,
0xbad8e568ead424c83361c633c04f55adc66d717a2a8ae24906bf9cef93d5ec64,1764460135,1764460139,1787,97679,,
0x7fe9a7d2c191fe1c1fb3320bb597b7692d8aeff94efb4c8d833ba7c8e15016ae,1764460135,1764460139,1787,97679,,
0x4df090a93da4bc3b6b41e2e5038c79186eb20db14217e5aca45f777ac1972cbf,1764460135,1764460139,1787,97679,,
0x77f7f1444ab1969aaa9310dcdff4b20db4ec748dd7058ba7f300cf5debdb55d6,1764460135,1764460139,1787,97679,,
0x7ce144444c0ee80f149dc8c9bc47bc1b01b0e8e14710368aef3bfc9fbd464f56,1764460135,1764460139,1787,97679,,
0x4b8824da3ce19b735c33b84069ec0af5a8434507ba3c1ef2c4b58ca20bcbc0c7,1764460135,1764460139,1787,97679,,
0x68def4a35a54b68f1622d895a42fb09e07488e1fb6dd07d95ea2c48ebc13ce91,1764460135,1764460139,1787,97679,,
0x9e759332e9145dea759ca26a08b59781df1c063c70a6a581654cd5994c867141,1764460135,1764460139,1787,97679,,
0x7f90f3a14ad2233e78760def3ac40b4ecfe6a128fa68b160aabd35472c459073,1764460135,1764460139,1787,97679,,
0xda1e9c751f7ee53cf06a2f7321e3865864111b47f6ba8c2fe422960433c38c97,1764460135,1764460139,1787,97679,,
0x098ef1daffa191d464937c6bb31c810195229539beb9fd3664440949f8de0822,1764460136,1764460139,1787,97679,,
0x425d4357aa0e5a044a7d23f0f5c150c5273b451419612a199842a24219e62da3,1764460136,1764460139,1787,97679,,
0xd4b5bff584b66989f0d52db3935a30143a322c97001082613c4df113022019ac,1764460136,1764460139,1787,97679,,
0x4515689a34126d3b8e9df8374db567cda6cf5acfb392618fb5e1fae8b62897a8,1764460136,1764460139,1787,97679,,
0xf077710273e6dcb693b47a6e27264f15d89857911a1319cd3c80f9dc7c73e281,1764460136,1764460139,1787,97679,,
0xb2bd6a5749bcac78cd2333737847d3ef26ad27746511139f9e12e8c4f541451c,1764460136,1764460139,1787,97679,,
0xb476d546219bef18247fe79a3eeda701228c00c23dff4de79c504eca686fe56d,1764460136,1764460139,1787,97679,,
0x5d74a9c42384b2d4ce13d2716b32bd11c387cd5deacd224d5d11a800ba82eb37,1764460136,1764460139,1787,97679,,
0x61c29f1f05f7a58aba9f7f0d3078617f3ee3523f0b88fca16d96734bf345ffe1,1764460136,1764460139,1787,97679,,
0xe64b72285ef1ed4bfcc21c85867978d6bdd9d5936b166c92dce26f67d71cd9dd,1764460136,1764460139,1787,97679,,
0x87f882d138087677e8f0258dc05d552ab252aa714a732ceb821b0277a8a4b0fc,1764460136,1764460139,1787,97679,,
0x8cedebd8cd45e0b5411caea2f6f026fec6e4d93c2c3ee9dccb359b99411102fe,1764460136,1764460139,1787,97679,,
0x488c4753265959d49580edbf2df7b89c28bc8eda242664dabbbdced406ab3186,1764460136,1764460139,1787,97679,,
0x5c04170a1b97ff58597528d9f7dadcb5f3babd15d901b1fd0a7f712736aae9a9,1764460136,1764460139,1787,97679,,
0xced853fbd8502601cc4a3df99d4676a8d930339ebae652580a09342c48bd6fd7,1764460136,1764460139,1787,97679,,
0x61a6b19673fc5570db5460a3bbc439377ca01f28d821eb19e201b0dad46849eb,1764460136,1764460139,1787,97679,,
0x0792ff0f6f4cfe5351732423274840857aad71d12dffa0e8ed9c9a8ef2f46df6,1764460136,1764460139,1787,97679,,
0x7e7a5956cfa27eb8037fe7ee99da1e5eef243d907b5163b8a2fe28db8e93d50c,1764460136,1764460139,1787,97679,,
0x55dd129184f5feb5723f80f2aff2d93af6887086841ca1bda2a8ce23a97c0aa3,1764460136,1764460139,1787,97679,,
0x33c2af182fe0e2361f50f231ff319edaada419eb19f5d3770c8d7d2a12d0c8bf,1764460136,1764460139,1787,97679,,
0x4a0976b37204d673c873646849f30c3c76e2603fab4985938a25c927e56c199c,1764460136,1764460139,1787,97679,,
0x66d412066ed3a3cc448f4ff2e61e11b474b17a7aecd7faa4451e3333b02b902d,1764460136,1764460139,1787,97679,,
0x6c2bfbfef90774937f70074d018a1922e24b318013b455bb17963bb79f959f4c,1764460136,1764460139,1787,97679,,
0x7e385f366d85e4927bcf0d5efb8599311aa56e40b9ef0b5e77d66ab697f538ae,1764460136,1764460139,1787,97679,,
0x2e766f36e3458e0715e8186d1ce3bbd51e70620be10f6661a7ad18d7a159a1f8,1764460137,1764460139,1787,97679,,
0x317cd8a567239e62eea0f45c501dc63262237f0ec155718a4b5edf8240a0dcfe,1764460137,1764460141,1788,108095,,
0x6966bb5fba34bec4f4a64eabaf7a14f2dd6c4d37015a0ffa9bb4b4624b5aa658,1764460137,1764460141,1788,97679,,
0xab27b28fd6cf1f73a57796e056f7f7803d79f3cfdc765129fb228164aa580414,1764460137,1764460141,1788,97679,,
0x8ed6be6397376c289143700ed9a9e4db65b3a906c9fe190632498aafad185d0c,1764460137,1764460141,1788,97679,,
0x31402400db3275f296c02b2b603876412b779be3748d7aedaa59a150f3c16da9,1764460137,1764460141,1788,97679,,
0x4581eb080e06e991f26a7ffd16a497eb4697be2e5c6829ff0f22696a841c7ef9,1764460137,1764460141,1788,97679,,
0x0864800077bf0f6300d55b6ef9be1ee04d6f2eb7c725fa4fb0d8417ac18b3b79,1764460137,1764460141,1788,97679,,
0x153917ef6695c26e701f71b2b5c57b4ed3071a1e76eba786526860993220cd33,1764460137,1764460141,1788,97679,,
0x007233c3148f44fa888550c283d970fac9b1e9d7c80c439f8124fad88fc6d2b2,1764460137,1764460141,1788,97679,,
0x24be2989a2e3e08af4d41090f51be228308237324d9f7cc06c890f35583d86ff,1764460137,1764460141,1788,97679,,
0xaeddad2619a5bb443d9ee102f34acebe7be718ff060b38b09d7e4d8facff776b,1764460137,1764460141,1788,97679,,
0x95e848af5537d89e43853d0ab8ce1ab4449c79f8d12d830830fb1a7a63bc838b,1764460137,1764460141,1788,97679,,
0x085c45f21d99e1ec8dfd22bba8674ce0f1929d6145c1d09d8ed9dd6fcab5391c,1764460137,1764460141,1788,97679,,
0x1e1411493844955eb60c67170470e67cf12331e93f8907d1192f94d8a3cfee9f,1764460137,1764460141,1788,97679,,
0xbcba4f0a3eb610d87d05466936836695f261b4e5a444ba78aa27802d7dea9248,1764460137,1764460141,1788,97679,,
0x9a2ba9edf0e9ef7fb307e40e1e05bf0cecb8d25372a5fb05e44da8ad2c46302a,1764460137,1764460141,1788,97679,,
0x3993f8b417a19a2f770b603008b5b960ec936ec3045c69ebfdd221e8fe97bcf5,1764460137,1764460141,1788,97679,,
0x359b34fa15a026dfd8e3f9e26fcbdc436d9f171124d4821457107153aa4b2296,1764460137,1764460141,1788,97679,,
0x9e57916a5df6451f12a42d6bb40aa46e04cb9b70afe53a125772dd0a41747307,1764460137,1764460141,1788,97679,,
0xa7f77e64d86ede8bc8caccbac6cd7b99160ef0dfd2c16a131ded85b810300095,1764460137,1764460141,1788,97679,,
0xf15ffce363a9c76de28bed3738e11d8793fc862d2b436b04fd076232c7b8ef74,1764460137,1764460141,1788,97679,,
0x5fd1adfab3758133f2919c7cf7ce364a55e8f733e3d3c6bd01bd3b57a7ea6438,1764460137,1764460141,1788,97679,,
0x007e77a8615122527204d935f4e900237f99310d3ef7f3aafa3a3a51972f2676,1764460137,1764460141,1788,97679,,
0x02c43472ad257a72770f314967469647609a36d5a96ac881213adfe7227bdca5,1764460137,1764460141,1788,97679,,
0x49978674e8ff0515ff237ecaa8148f67c786f4f5e71dc8abd2608a907790a1a9,1764460137,1764460141,1788,97679,,
0x36cf76d47690d06fe4f72be33ac58d516ca829cb496df20609041ebf55e3507f,1764460138,1764460141,1788,97679,,
0x3b35a90caa57af274fa89a1a88981b55fc407f231aab438c8e081ae1eae7fc99,1764460138,1764460141,1788,97679,,
0x28277d271ea172f1aeafbb313833c732d98c1bfa1e51aef7988c27211653489a,1764460138,1764460141,1788,97679,,
0x5eb2cfd1f46dffa70b4a9f78665945fb1791cf78459b9bbedcbcc57075b0ed68,1764460138,1764460141,1788,97679,,
0x14431fefa3491966a86709dda4ebc50e5d07fe0bfc0f768962de4a6da50650aa,1764460138,1764460141,1788,97679,,
0x44904a173f26d7628bd92594ea55cdd3fe9247fa63bbe1c84cc3e01cec129d59,1764460138,1764460141,1788,97679,,
0xc95ddd30b0b307401e1859c2c92a8c866a0680396e4acdb625a649d189278ea0,1764460138,1764460141,1788,97679,,
0xd4945918172535c8ecc2f48d8c539dbb7489faff1f25796cfeec2d3536a5d8a4,1764460138,1764460141,1788,97679,,
0xf15f0210a3855f1be03752404e5c6cd2d212a67c2d8dcde8dc7e1faa90f3624f,1764460138,1764460141,1788,97679,,
0x0157ee7018533955a067f8134cda32163a481c348671e3c3a72bb927f760fe53,1764460138,1764460141,1788,97679,,
0x7b768fcec94e9a7938039796a52600fa45744ef17ff2db5ed6591e8ba58a484e,1764460138,1764460141,1788,97679,,
0xd0c865cef90b29df18328fb0c34b2aa93db5b434273aea2a51575537dd86de7b,1764460138,1764460141,1788,97679,,
0x706702cf130edd7b0e8c4ec51b75f567f32c813b7f71e5d62ff29e861c9bd4c0,1764460138,1764460141,1788,97679,,
0x29ac7a0cc4be34637ca7a3cdd91f7a73790cded4f827754e3a735114dcd55d99,1764460138,1764460141,1788,97679,,
0x777d52defe46aa1322f78d92e56f3fc8ad5604ae2aab2c82c47495e482c0197e,1764460138,1764460141,1788,97679,,
0xbda010bf1cd12510af6675f20cbcb8f104c087c210654a8a2e239f9e75e044cb,1764460138,1764460141,1788,97679,,
0x90b054499427eb0fba7de169e94e6dfe3998f9128635cd6f53220d409e673843,1764460138,1764460141,1788,97679,,
0x386cbf7a31b7a4ddda972e234e9be6dfbee4e08cbbe5320e4520b3f2cfbf59cf,1764460138,1764460141,1788,97679,,
0x5f5cdad1848d47afe6827af96ba857d817ab2fc6036fef47b3fe681dd9fb5f36,1764460138,1764460141,1788,97679,,
0xa0c1142272ebf0edab45608abdac7274b6019a5a69f290264ed751c309dab3ec,1764460138,1764460141,1788,97679,,
0x5332f28b6b284c195a2581ff4370b16079fe267999056b8ae06cf787d18c0cf9,1764460138,1764460141,1788,97679,,
0xd5f8a3e0f79bad9ea7cd28dc72e9632c0aa96159a0c57d2393f55e790f0ca0de,1764460138,1764460141,1788,97679,,
0x11531e18035407dcb3409382816f65a114b383a16205315f05f615f9c2486d05,1764460138,1764460141,1788,97679,,
0x142f73d979db443f9cd5fb32f1b60bd8f8099f3659fe4066fd2ff4e38982a901,1764460139,1764460141,1788,97679,,
0xff9286830c9e16411ad4677a986e179add9248b91cfcd1ea8f91a245cfd86b5e,1764460139,1764460143,1789,108095,,
0x33ae8beac5297bd3575c43f331920516ed152e9b67954f9d86aee51b17343ed0,1764460139,1764460143,1789,97679,,
0x4d48b9570dc3b412cca9c5193108ae99dd92b9c7f0956a7d5c2cefe353d22e26,1764460139,1764460143,1789,97679,,
0x33daad5c8399d516696494479134287aafb3f7d1991abadcbbdb1726fe39eeed,1764460139,1764460143,1789,97679,,
0x65702c9958c60158ff52c76e537c590a15e499c020a9b338e8f41d87e10c176b,1764460139,1764460143,1789,97679,,
0xfea68efe7b2d241fc0891bd371f05877c6bf9c1a15e0cde499f3bab3ad76ea9c,1764460139,1764460143,1789,97679,,
0x79100051d9ad27852ecad85905b8dcff90ee433518255f97a95f01aec12c10f1,1764460139,1764460143,1789,97679,,
0xe68a0535ac29ebcd5d9ccba15def25fcf001ebc43f355c67239edc629e6fc1e0,1764460139,1764460143,1789,97679,,
0x6767e35cd0229397d9c8e973cf27f8cd210ff442c9756967ae0e58100acdc664,1764460139,1764460143,1789,97679,,
0x18641c3d357529bdba700dbb4789d0bf4e2b9bac7b80c20fa60ad5971b7198b2,1764460139,1764460143,1789,97679,,
0xe7b8e71a131d734a46e9fdfac04109d247ef0a83151f3ef29dc527284b19dc6c,1764460139,1764460143,1789,97679,,
0xb72e1f1516a9af9b19b9d5574b9649eb124d888197de839fc7b89404a614b5d5,1764460139,1764460143,1789,97679,,
0x84ad827d052afd2da04c120f22c44d5d99a44d7217c449ef7bdbd3866316e119,1764460139,1764460143,1789,97679,,
0x4f1ce08639c2f406189afb8cfb809adb63bb08a632714be136b3430c55aa6e3d,1764460139,1764460143,1789,97679,,
0x1b374cc4bf0c2bd13087b2c2bd7a6cc0159119436fce45f23cd66c6848e90904,1764460139,1764460143,1789,97679,,
0xa7a1a518b41e3d364b835becaca04483b5732e139b6f2bc0eea347027ace28a8,1764460139,1764460143,1789,97679,,
0x456e97df2674a38838cd226aa2749877e4cad6e3c1ae29739110a587a2e34a0a,1764460139,1764460143,1789,97679,,
0x6c7b6f1f228409ae00f2182db110d41a73d9760e563ae18140d0304c8d2e285c,1764460139,1764460143,1789,97679,,
0xab4176ae98379cf6834d8f4c10f08ee3dfd43287e1e18314b71aada5f03c85eb,1764460139,1764460143,1789,97679,,
0xdef17412276a2b5bd5dc1c32dbb7857df0e7324016e7602370b27e432c990063,1764460139,1764460143,1789,97679,,
0xf3fa431804875f44b80ced956152dc98f353022b12edaee3a0cba94c19640a9b,1764460139,1764460143,1789,97679,,
0x5f57a943a5760d5bbe33c54a178b72a30f39b919557838af6caecf0d127b3a87,1764460139,1764460143,1789,97679,,
0xabec3c0270229c5efd3f1d7ffd8255ce4a625552752e0a0279d02a706e76e03e,1764460139,1764460143,1789,97679,,
0xcffa432d205aaab856d530426956199742ddef03811d1482b5c4431e84a317bf,1764460139,1764460143,1789,97679,,
0x7dfbd3aa4c1a5d7dc87b1d5c46e372b4dc4431c900d3e6e2480643b83b175239,1764460139,1764460143,1789,97679,,
0x820edcd0849617d2a882f86812318984affdc045572fa108ffd427ceeba8b83f,1764460139,1764460143,1789,97679,,
0xd7b689ec5075ccfb62a0e70227c3c1204ce281afbf76e3257fa886396f50d8e4,1764460140,1764460143,1789,97679,,
0xa1144bab9bd6ca8c689ad0ae38935b6f6e71af4550cd92e90e7668f8c0f561df,1764460140,1764460143,1789,97679,,
0x7583d05e02aa24a9f69c62716ac05622d954e04a03e88bf6281559c2ef6a7402,1764460140,1764460143,1789,97679,,
0xe433f536f2ec687d2b680f03cd40b4df83393f15c7509cf74f700a88474a3422,1764460140,1764460143,1789,97679,,
0x0ffb43426fc91ac3e4b91d34579d77ea2bcea3bc4816b719407bba623aa0b037,1764460140,1764460143,1789,97679,,
0x7a89d30bebc4004e87a5f404feab3d8fe3e0edf0e108dd1b4064a1fcb16debb3,1764460140,1764460143,1789,97679,,
0x790e0ceb9ab21401275547b51cb4392f3011a7f9207b55e992f5ed48ea64e28d,1764460140,1764460143,1789,97679,,
0x524da2bb912f66a4a9db9794b96442fac5f6dcf561c781ac2ef2dde282e4b519,1764460140,1764460143,1789,97679,,
0xa97f55cf1e0ab26fd966e85ff7832acb7e3c372a4805849a3b6b14e275673f69,1764460140,1764460143,1789,97679,,
0xce3d66006ff3b91452bedd5af18e15dd8ac747e15a262f59bd457a08f56a3855,1764460140,1764460143,1789,97679,,
0x4de3149948ff15161f7fcad50161a02ede1d330b39039a70bc148bcaad6af0ee,1764460140,1764460143,1789,97679,,
0x7f095e135066e16160caa896c4362e436f85b17cf8cb09fc105e959011ac7c81,1764460140,1764460143,1789,97679,,
0x7f77cc999f8d067a7e857397147eb4ab1875d22b24b4cb617b498e8d5a8bf22d,1764460140,1764460143,1789,97679,,
0x9a22ec3988b819d50d13459a49057eee3f4500647217e647757707cfeedf8340,1764460140,1764460143,1789,97679,,
0x2f5b24e9dbe6914f261308636e771567b8306f7fe702da2344f147453adf7c37,1764460140,1764460143,1789,97679,,
0x16b2e1de62fffd425c909f1857e4ffc91985678cfa95ddf90fa4559c5486f126,1764460140,1764460143,1789,97679,,
0x7ffb1840eaa7039d469cbdbe6e31b624f83f35934a8a94cfcb3fa7a6797ee6ba,1764460140,1764460143,1789,97679,,
0x8dd8aff208fb1d1a06e4e0bd11d473e177c9dbb031f78f856c1b4e6836a83517,1764460140,1764460143,1789,97679,,
0xab486955701922d7213e3da4584278a0ccb5ad47982bc21f9ec155a7e50bd3b3,1764460140,1764460143,1789,97679,,
0x8796c851b777892465c5502a34e17518c0ee4a675f8f4a60a2f4a5470c506e29,1764460140,1764460143,1789,97679,,
0x9819d37566c443fd93e303c8246b3c71df9c369f169c26d3a35dba9254266bd4,1764460140,1764460143,1789,97679,,
0xff06600963830b6ab3b996463a7ddb6a0d7580d6c521f371e82d6dace8fb1ab3,1764460140,1764460143,1789,97679,,
0x4f856495f3a92d423f704588219506695f5157113b4ba6c7993c40a233ff3aef,1764460141,1764460143,1789,97679,,
0xbb1352b164b2e88f38b889f4a64fe4981165b72dbce120979ae341f34684b943,1764460141,1764460145,1790,108095,,
0x7afc8154d62c4b027207aaeec87b1dba21cccb1c6d2caab68c486927b801d826,1764460141,1764460145,1790,97679,,
0xde84eb2b406c08c716b00ea43c3a7cf5faf5fcb9f8db484cc4057e4464c5347d,1764460141,1764460145,1790,97679,,
0x94085b1c89195d30cefb87bf676e5357f3eb75bd70302633ef78aaad4c1d3b03,1764460141,1764460145,1790,97679,,
0x519f23b8a745b6acc6aa81b56379017470894409bc9b55f1cfe6b2ee2fc8b09a,1764460141,1764460145,1790,97679,,
0x8116d5a4802394c5dd38a67088a1ed02daded34e0f4b7165292d105258ac3bac,1764460141,1764460145,1790,97679,,
0x46b421d28e4ccd6dd33fbb99a9d5255c094a2a45bf74bb234075e7d3515835e2,1764460141,1764460145,1790,97679,,
0x4dc1dc0e268ff3976e5183d7ee8e5946578b2ba14671ab2b6f1db4097b8c17ba,1764460141,1764460145,1790,97679,,
0xa9f13127cedc544aaf12ac5bce86558af502191f32a9234417767b1e98de145f,1764460141,1764460145,1790,97679,,
0x9a0571dfd0cb9af2668f2c48762b7015a7a16cf3a87ea39ebd395424cd761a8e,1764460141,1764460145,1790,97679,,
0x3110ae52bcc5981eea59bb65b46ed7d9184fe5bf64032b09c71376cbbb1327f0,1764460141,1764460145,1790,97679,,
0x3556f7f855ff45de9710e75329212dcee12e506ec093bc2fa1a607a49d0b754c,1764460141,1764460145,1790,97679,,
0x09f1f864d73a42bb7e11324befab33818911ff62af55915ea61a96f6c6767ea7,1764460141,1764460145,1790,97679,,
0x7b525a4e47f46d3ad31fc81a5fd4396cedf090b7089595e8b6bf2991417b8daa,1764460141,1764460145,1790,97679,,
0x8565eacbe718d36a229a2f44b98aa3d8d2438842b118515b9584f76006a4116a,1764460141,1764460145,1790,97679,,
0xc59f6c3ae48027d78b6866bbec086b48bce6baa77f17e67c89ebad3c7a8b76c3,1764460141,1764460145,1790,97679,,
0x86f105171a2831f3357763737cc819cbdabb3d01914eed7d967cdabdf972f930,1764460141,1764460145,1790,97679,,
0xd25927f5f2e2f6e892724a4ec3cb444894aabafe3cb83940634626691f2a7d14,1764460141,1764460145,1790,97679,,
0x2d55570b3db4cdf2b01f8e7e59b225569ac14ae82979bcefc4d377c77cd7b68a,1764460141,1764460145,1790,97679,,
0xe07e99bb94662ba0d5a249f2264f2ee75d0c74374e88ca5fd9792d2b5f707b9b,1764460141,1764460145,1790,97679,,
0xc8945a125ea3d94df7204c899000618a9dd18ac9f2b967aea66f1b7ca990616a,1764460141,1764460145,1790,97679,,
0xf41ebc59c743ccf6ddc970593d65368005e88cfad0290ef489b6fb6432d333a7,1764460141,1764460145,1790,97679,,
0x3c734aee363e0e90c29eb2f85a6d81ea8900625badb580505a2adf8ad25a9490,1764460141,1764460145,1790,97679,,
0x4e02216a295dfb3f3cda099abb4af328d1fb4826dcba6cf122d8ca89e0e0cf8c,1764460141,1764460145,1790,97679,,
0xaf192a82f0a7fd67c8b1ea6a7f2c55de34f596b3d6922bdd838083528a0fc067,1764460141,1764460145,1790,97679,,
0x376955d46e1e41d6f7bf9e8a5fcebe5eceef7e7abd215c27348bc6a13704a05e,1764460141,1764460145,1790,97679,,
0x297be940f5a3ceddb9de6f2ed90c2428971fad2ca77b95ba24b86760380e8b91,1764460141,1764460145,1790,97679,,
0x28d2e3755e06619bc9fadd323bde898b6b717fa2bb922b07c0233e7e90b0c217,1764460142,1764460145,1790,97679,,
0x3697b6fff76fbcf89a30cb739d264d42b495fd0ae7c6406ba56a1a744ff73e96,1764460142,1764460145,1790,97679,,
0x88285338fa063e795202ce4831cdd76bf1ed9e54d3aa22897ecbc5de3b809175,1764460142,1764460145,1790,97679,,
0xa7f983bfe301c6c56f5e7a4ceeda0b3710354f0393e30b8ea4b87410264c3bb1,1764460142,1764460145,1790,97679,,
0x20d722dd21da3d8a4f517178d55b90e9c719def3c50c8afc935105cb7fd1f3b3,1764460142,1764460145,1790,97679,,
0x9351b5d93c624b72e84f94f2c3d8707db7557371f56f23d2d4521c5ba370a7cd,1764460142,1764460145,1790,97679,,
0xd44a0f8b4aefcfdf650171e0424129e900a104069aa426a6967e4165a154ac30,1764460142,1764460145,1790,97679,,
0xf024730a9f466355b19763e11617b0e489f86257f2e4e1ceba6259af501d8118,1764460142,1764460145,1790,97679,,
0xe6447e9ce2174a75a53fbc249831f812b3d2e8f2f9ef4ebd1584243ee4c03a8f,1764460142,1764460145,1790,97679,,
0xdec3d933935504b6616122679e74fff8701b0519bb43b27105fa9fbae1bc3a29,1764460142,1764460145,1790,97679,,
0x96c2275387089f6d8667eb75996df0025cc2076c14adc208bc3c216fa15a5b20,1764460142,1764460145,1790,97679,,
0x7553ff155935d6a2fbce36a23e254fd2a9d52fd6eb1b3e574c51e36aabe9ba8c,1764460142,1764460145,1790,97679,,
0xaedf4e5d3e48aa4edd0adedb7303d4d813fca47e38997b09461538b684b38441,1764460142,1764460145,1790,97679,,
0x13f7531ead34da8f20873d3d33abb20465236953e90e32ba8001101112706ccc,1764460142,1764460145,1790,97679,,
0xc17099526b088c367822392976d9ff571f32cbbc71cecfaefcb1a2dd9242717e,1764460142,1764460145,1790,97679,,
0x7c9a46f7c80fc1b2f3732cadf70c10d6bf7ec8f49b6b54ff0fcc1b786c966791,1764460142,1764460145,1790,97679,,
0xfdf6047651bc6fc06680193c26f72566de80dd97049fb60c220fc5394b32b45a,1764460142,1764460145,1790,97679,,
0x3b135b9fc5c8cc0c189aad345b79542aab7240075dae893e1338dc10ee18e3b7,1764460142,1764460145,1790,97679,,
0xb829ddf2bb58a7c0411777f2fc680221a6a549a68f783d65035e85a6f9d29977,1764460142,1764460145,1790,97679,,
0xa4306a09b2f9e8f01f16d61cb89dbb724031c102dfec407dcabf65f05dae2661,1764460142,1764460145,1790,97679,,
0xc92859d893b1abbb076e3a308b0c78f7657da2df56ed7319286966f6e249f5cd,1764460142,1764460145,1790,97679,,
0x134460d0ef45171425e3dd59a2fa012d9a58c2b7b0bd9d97cfb5bba00e6e1a98,1764460142,1764460145,1790,97679,,
0x13b1d10e503e3150d605eb4f180b970b499ecb258f7cb582b8fcc7ece376ce08,1764460143,1764460145,1790,97679,,
0x21e168afc47a39ac536f363f5ee1730f49658426e1dc9d48e3b8c706a11a107c,1764460143,1764460147,1791,108095,,
0x5551b316bab211b83be0dd1fe64da26ed2bdff7d50f8685350b47057097767b2,1764460143,1764460147,1791,97679,,
0x5594ae4c65ee93b427494c843fbc5b31149856962b3a4b78dcd9d00dead61d32,1764460143,1764460147,1791,97679,,
0x7487625e7472ec31c7dc52b4576ee25e8b91e58e773576b9de6854d700f7ba10,1764460143,1764460147,1791,97679,,
0x7f57a0dfc5cc7649c65101b2b59e6aa5b9859b2c8c94973caaff369f16a2ad03,1764460143,1764460147,1791,97679,,
0x0230396e636b958b54a20ef3defe4ab7b71c80051cf5787f1e5513184e2383e1,1764460143,1764460147,1791,97679,,
0xec0b1ccbc66b09811601f938d84c1c753c181c82f3d5f17b9d5ddae94c939744,1764460143,1764460147,1791,97679,,
0x039dc3a3a46daa948cb5f8bece3c33fa93ee5f5eac541f1dc9ee0a1edd725a61,1764460143,1764460147,1791,97679,,
0xe8fd9e316d87da9efbd28d2335912febf0564eeb7924117cdda2ae3cbeb395ae,1764460143,1764460147,1791,97679,,
0x96b7d23a202b00097116f1cc0221bb1456cc7124e6b59470ed912ff3aa151296,1764460143,1764460147,1791,97679,,
0x12ef986226e49caa617b3efd1f93fa7967fba3fbdb14f51a4d128a1d09466cd8,1764460143,1764460147,1791,97679,,
0x2efa44dad42e80390176aa14ec101d843abfc8787bb3c20c9eece3121508e04c,1764460143,1764460147,1791,97679,,
0x07b454bf4d2bba8aaae7fbc80d955a354d6f8b11f8223291dd88087729b31c25,1764460143,1764460147,1791,97679,,
0xcbd356adcfc389b437465afc0c26b9b882588498edd04343202d995ee903a5f8,1764460143,1764460147,1791,97679,,
0x4ed42fcda95b9ef5554fabb38416e8b5cf04008b11ffd31c793b2ea5b7543c11,1764460143,1764460147,1791,97679,,
0xc3de04db1e7da2f386b00cfd3f68be4fc41fd0333bd08f5a7d202a83ea585af7,1764460143,1764460147,1791,97679,,
0xa6066343bf0e7ab954063f5bf613d8754bf0c27f4fcb3e49e89eb21aef939376,1764460143,1764460147,1791,97679,,
0xbbee5f1b0b6437995dd170a9bfb9667cd84149f3c697edd2cdeb8c4ffb482dce,1764460143,1764460147,1791,97679,,
0x4122d47034ae34f88e262b947a355932501a74b4d302c388b070e59f91040797,1764460143,1764460147,1791,97679,,
0xee63f5a03a1aaf15ebad9c670299d1cbb37254fa490c5c972a294195b0b931e5,1764460143,1764460147,1791,97679,,
0x2c05392b9f4b0bfe27a5ac850d186bcacca5029ffe1d9276ef98888b7b0ce236,1764460143,1764460147,1791,97679,,
0xe7a7c8ba5ac49f1b1cce62666e6fa2bb6a6b05626725ce313031e943e2aff5ac,1764460143,1764460147,1791,97679,,
0x23aca176a3ae61ceae14d81d291348caa7eec9c8bbe48c62047f74d21aa24c62,1764460143,1764460147,1791,97679,,
0x74eb63ea37256dc53a11e6041133f5f9299ad0fee04794e1a44b68d061579b00,1764460143,1764460147,1791,97679,,
0x8317931dc4625fc38c0b3a0d3530af099d1491d76b70030a0767c9f9309a43e3,1764460143,1764460147,1791,97679,,
0x5b1e32b59fbbce37e69b371c705a42cea0636ce7a659d1354685bbe69f798f52,1764460143,1764460147,1791,97679,,
0xc9e5594f9452e2e9dd4923aadd7193593fe46b15a2e5699987de15bf9ed68107,1764460143,1764460147,1791,97679,,
0x1a22ed06c9f28c2e34e7d0ce76b6e5da03ddae280f295bfe8a98339b022dd94a,1764460144,1764460147,1791,97679,,
0x38c79311074f59f1ec2ce4fb6e710b3e5c4798d3557ca4dfe4395fe6e133e2be,1764460144,1764460147,1791,97679,,
0xdbae6b4ae0bf1ed7156aa09e5d64cce161d09eb28582295f310737e7c9909db1,1764460144,1764460147,1791,97679,,
0xb321e8531230d1d969db4a7808f4bf8d4e918aae871e47035bf19c81f83ed864,1764460144,1764460147,1791,97679,,
0xb2e44f78b028522f8611e3dfddf86f46e2190c72ddca31e1aa4aadbe6cf644bb,1764460144,1764460147,1791,97679,,
0x48863d67f43f90d77ac9722160b3a17fc931751f54bc0a370577e922b16e2e5f,1764460144,1764460147,1791,97679,,
0xac6393e25e5f5abf70458d9d37decb4692cd78008d5472e0422326f0a5091b1e,1764460144,1764460147,1791,97679,,
0xdede104cc8881f6d22f9efecc1d4df52c36ccdadd046605e42b80d5cd835f5fb,1764460144,1764460147,1791,97679,,
0xe487a41b070477c59cdbb1e0fc2f7e53ad95d6bbf6f8547b34a9c5490d87e467,1764460144,1764460147,1791,97679,,
0xf5ea25e0f9b94f8f8565d094a354754048666d1da46afc8edc7855fa3a8fd6dc,1764460144,1764460147,1791,97679,,
0x84a566de8aeb6d3390ee05b11dcc79763c457513a33a890587845b7d74753c14,1764460144,1764460147,1791,97679,,
0xcf110991613ecc2534df43a88c7c749d8489f0b560f34b480efe58c8064b2050,1764460144,1764460147,1791,97679,,
0x584b06a1a9e698d4cb60953b1f5156f6cbd9fd5a357944550a6cb98c9f2653af,1764460144,1764460147,1791,97679,,
0x5c2d9840be05aa17f90ffb455a278acd0ea56ccb793a1d2fc7e6d9faa8305c94,1764460144,1764460147,1791,97679,,
0x18d1ec63f636a61a66c0301b4b19f7fcf7fe403b70a6e83c91be6fa992fdecd8,1764460144,1764460147,1791,97679,,
0xd49dc520c3e001e6a3894d3074aff5cf9a883376b223131dbdccfc53b13f20b1,1764460144,1764460147,1791,97679,,
0xdae51faa1b9dfe419c4c245fb37de7959946641211a9e915789966423cbf85d8,1764460144,1764460147,1791,97679,,
0x81303dfeb44cc37899856bb1b590fa476ac192da8ec85c180dbc76dc102abb4a,1764460144,1764460147,1791,97679,,
0x9f5b17e4846bab0ad64c3be182bba613208750afeb1a6738afd081ed2d72dc45,1764460144,1764460147,1791,97679,,
0x5a4cf93733760b7cb2ee5e842f41846483823bd305bf7e740d0bdb082b61eeb1,1764460144,1764460147,1791,97679,,
0xf7ecab4c02001e7b952877146853c66b0dcdce54693f2a133ba46eb191b97e1d,1764460144,1764460147,1791,97679,,
0x52dd348cab8fa1993ae8653c08ae181626163d60402322689029e2ff72e0d9c9,1764460145,1764460149,1792,108095,,
0xa7c6ebb7b25fb64e884092ea2ea3ca95d61e073c000657f93c59e87204332f03,1764460145,1764460149,1792,97679,,
0x354dffe06a3fa859167107124872cb9091836d18c6bb0d45c576518e9e385c2e,1764460145,1764460149,1792,97679,,
0xb43e2b16470970021517d26e1c130a0c89ea27a428eaa1f0a8ef0371e70ed8aa,1764460145,1764460149,1792,97679,,
0x67d539169a677ccf5a906267e3208b014e5c79ed611ee2c62f5d1f36a1b7c34f,1764460145,1764460149,1792,97679,,
0xfa19f8f2aa5226b4b1e55d885dc1a2e04958fe8d94457fd40360d3a08eb32003,1764460145,1764460149,1792,97679,,
0x6bfa9cd4f67e8df9dc3319cce08918fa89804e40fccdc8df9bb16469480065b5,1764460145,1764460149,1792,97679,,
0xe3e4b864fbb20390f73c194d8d691d01b7a3c355cd1e6a2ed4467e0a033acc54,1764460145,1764460149,1792,97679,,
0x4df33586083c65a0727cf26119d35ef7320a0d5460bfae85d9acea574d2f6fb6,1764460145,1764460149,1792,97679,,
0xfe294e174b0b12cf06ec0082aaa88bea6089285c6743771001a86f9763469260,1764460145,1764460149,1792,97679,,
0xd2b8a1393455a4d9f9b4461f2c1ab1dc28ad36c5a1605777d4235def2e564bef,1764460145,1764460149,1792,97679,,
0x6762eb88fd40223f7f36a77d5079beffda49c1c68f488a443e0472f69684dc98,1764460145,1764460149,1792,97679,,
0xc3fdbb4a92702d934c406d7576bc5f0550e46c711b05861096cf740d4770d7db,1764460145,1764460149,1792,97679,,
0xa857482388ed27cfe2d25af023899a69a1f6592d8f092a1e590b15bfef07bde7,1764460145,1764460149,1792,97679,,
0x08ad1fbae4f464011e2247a6546ac91ad56f2e05485ff75a4bdd475af41dd4a6,1764460145,1764460149,1792,97679,,
0xdc2579f91618dac2655a221a23a4367e90870d184c25f008890b670a3392e8a5,1764460145,1764460149,1792,97679,,
0x4bab847b0b57d3da78f43c72e5e871e057c7d3c63b497c9889aebdf1832182ae,1764460145,1764460149,1792,97679,,
0x0101499d40d635f4f6deb79984250f9cd2cf7f7274c8ab61cd8ef2d2692141bb,1764460145,1764460149,1792,97679,,
0xbbb099fd35cb8a53c617d81a92d11300a1d38765a57db5d4a3b444e9407fc83d,1764460145,1764460149,1792,97679,,
0xd5b41e01190227a7af8381eb1d786e3e5898f74784dc52ca6a9b87cdbc269d05,1764460145,1764460149,1792,97679,,
0xf758de3d4cb7d69bd137d627e33923d6aa38045b97c92f209e3f67d779bcae4d,1764460145,1764460149,1792,97679,,
0xac27a3c28ddbc3f27b76968138b5a06d9a1aae576d3235168e49b06458846e7f,1764460145,1764460149,1792,97679,,
0x7170dace13bd84fdf13d199854ba2770103bc13b84764073afdc8636408348be,1764460145,1764460149,1792,97679,,
0xb2105b5d8535d2a89607ceb8f09847269e1c82d2ad6e38e41851a0b9c98e53b2,1764460145,1764460149,1792,97679,,
0x3b67656c4fc9d581d612a3a98a3e333a27bb9099ca014e678eb923b3c4f40985,1764460145,1764460149,1792,97679,,
0x9e9650a362f98f8b41cc2d470690731566a2c63001e26ae8e23dcae5eb0c8c4f,1764460145,1764460149,1792,97679,,
0x732fcd20c7f73b56e5c8b1b5e32e28b41c03d828c575105fc653d7bbb26cc2fb,1764460145,1764460149,1792,97679,,
0x764070f3cbae7e7fc0108f1f6ef1036aac76e78ce4759bf21beec6236c37ed45,1764460145,1764460149,1792,97679,,
0x740594748bd333ff0cfec773476412cd7989e819ad56205069af7a73e0d4ac8c,1764460145,1764460149,1792,97679,,
0xe5cd27d70cfc89f66fe23881880b106e71d5fee421eeedaf290afe78ca99e47d,1764460146,1764460149,1792,97679,,
0x0bc3711070fb9e9202b747b9db004079c94bea95c57028ec7969a6ad31993693,1764460146,1764460149,1792,97679,,
0xd11398a78bede917dfd8f325c658d39fb5794b012febcf2c3de0aa42cecea353,1764460146,1764460149,1792,97679,,
0x212d5568424186258b13161d2dd6d0e3f9aeb56d0b00b62ee895663b87e2bfd7,1764460146,1764460149,1792,97679,,
0x19125d2ecdb082ed3d5293ae37fad77bb1af7960895a050713455d5a6620bafb,1764460146,1764460149,1792,97679,,
0x8a0bb76664f93d13b92d97f79badbb1aca3fe07420a1d4a98e6d56761a51deb8,1764460146,1764460149,1792,97679,,
0x018daae9e3eb3877062ec5c53399417e5e4dea3d4b41b371ec0ff723170730b5,1764460146,1764460149,1792,97679,,
0x7f3ad0d75bd95d0542178890dddb68403d7fde9bd1c11a43d4734c81bacd78e1,1764460146,1764460149,1792,97679,,
0x7106fe63014013c3235a0bfac73f403015c7bf93aebe851ede73aadefa693d3f,1764460146,1764460149,1792,97679,,
0x4fb08d26421f8b0553e15c517dbde094d76c702c987801d2f96aefcfe61e4362,1764460146,1764460149,1792,97679,,
0xd18d60c24a0a463aaf4d1ac4114f49a273531ce1541f9bf5d2870ce81460890c,1764460146,1764460149,1792,97679,,
0x06e0cc60ca12aac5261a5ab1461b29fb5dc7abf6d46ec2bbefcb4446a129e0fd,1764460146,1764460149,1792,97679,,
0x13d09fdfed9e1cd20fea5c4383ed05919837a672524c1eab11b71ab6812a350b,1764460146,1764460149,1792,97679,,
0xbc1913d5432eaff2e76103fcf6f60533ce55e182ca7eeee3a221fe38aa35b7f1,1764460146,1764460149,1792,97679,,
0x64c8dd847668575f193bdbeaae81aac1773003412f6c46dedfdb56e30419a39c,1764460146,1764460149,1792,97679,,
0x3747e0a2ca1d9d5e2b3822355960bc0007aeec6eea525834d2d8742c31c02395,1764460146,1764460149,1792,97679,,
0xe0003d74cbb038f00c4ef82dd9d5e5e1fd478afea38d2538ba7a284ef9e7a852,1764460146,1764460149,1792,97679,,
0xb1e04789a987a91f6d8889b446d43f84e78417597645b56ee71fb96b5fda7f2d,1764460146,1764460149,1792,97679,,
0xe13cc8a60ac064e8f8ce084ec13af462eb8fb1ce204058e67fa08dd8018105b1,1764460146,1764460149,1792,97679,,
0xe46bfc220b8b6efe2445df86f71b4272f5c92bd8cc1adc1638c5d44d62515f48,1764460146,1764460149,1792,97679,,
0x4e18e0a0c94f5e9f83e2857d8efae50ec72fb4616c28e31d653f64d70ce0ebea,1764460147,1764460149,1792,97679,,
0xad0130e934f33a2913985a9eda1cbc94d76f01e3bdccb918a716a38d07d6b0c7,1764460147,1764460151,1793,108095,,
0x4730cd6e96693ece1f3c4bd697b00d474e17b939025b504513a1acdb91126e1e,1764460147,1764460151,1793,97679,,
0x573a8d8c206debf8efb0f412098b9f00d0d94cb1d7c3a53e704cd50d765fb253,1764460147,1764460151,1793,97679,,
0x9b30cd4f2a095ce76c0b5bea4c7bd69395be25321fc006144eb605c2b499032b,1764460147,1764460151,1793,97679,,
0xa61733bd353bdeb499094ec5f10b7e90b4c8ad6605d1bc49876717654e52a275,1764460147,1764460151,1793,97679,,
0x374d8da1ef20690e3a02e2380e253e754f1872fc662ac215d21e926172107ca4,1764460147,1764460151,1793,97679,,
0x9a681ed9e0ecba78db72a0d1093dbcf43265d4b769a235d571a510565671cd46,1764460147,1764460151,1793,97679,,
0x46803d405ce5d98146d574220638172a26099874eb02bd214c9d5f794c650899,1764460147,1764460151,1793,97679,,
0x80dcc38777637ccca22d384231066f67835e06fd0b57f34ed810cf9ee9459a26,1764460147,1764460151,1793,97679,,
0x37c88b746768364b189425400866fe7c690a0c7920bfa14aa5590db282c7f004,1764460147,1764460151,1793,97679,,
0x4768d6baea5c2831d2a4d823be1410397fbe2d99f6a22c6e718926c2572155d2,1764460147,1764460151,1793,97679,,
0x6d74c8469433e8adfe0ef82fbb13a525ff6cebd13552430f75979248f8d1e91d,1764460147,1764460151,1793,97679,,
0xa6710bd8271e817c126ec36ed6a2b313d13029ae3adf616fddbcd3ee4aae6d8c,1764460147,1764460151,1793,97679,,
0x255b4267970fc07f1a02bfd83bc329ed9c070e5f3dbf80b7cd679b2f5968561e,1764460147,1764460151,1793,97679,,
0xf8ea6cf7b35fa974ebe378a199d2ef6fab68e870017b4c25d5db3d971c61d126,1764460147,1764460151,1793,97679,,
0xdccc63445f20c2a24889fb45bdf176b23854e860fe5f038082313e23cea8a68a,1764460147,1764460151,1793,97679,,
0x577bc4bfc6112836e5df3e15e137d6475049d96e055be79023deba0a913fd2fb,1764460147,1764460151,1793,97679,,
0x9f815dcfc2bd85954f5845d58a128db8b721c3591b819868c26d0de611132d12,1764460147,1764460151,1793,97679,,
0x6f19899a0b91b763d5b634450df673040267d41a2852810b12cd712ecf02c597,1764460147,1764460151,1793,97679,,
0x3938f1e3429a924507e314f1b98ec89bceaad11fa045469caca7df3286700689,1764460147,1764460151,1793,97679,,
0xc6b85f363ccd575ab99f52e5cf7c2c840487af9614bf54cb9502f9a4c5f375b8,1764460147,1764460151,1793,97679,,
0x6bfcca213a8f30a3b07c74d6fc527abf6e2dda0cb4626ad0d1a1bef6c1e45057,1764460147,1764460151,1793,97679,,
0xe33d29784dac3fd62e5ffb602db0c8bfc0dd231520cb6c3e98f601b70ecd7230,1764460147,1764460151,1793,97679,,
0x2b9e1e718b1c9e2aa1a08229ef64fb1888d949f5306c48d582b952812bacb31c,1764460147,1764460151,1793,97679,,
0x020388b3786347c83473774e3773696f2adfec426ac720a53addddbbbd277297,1764460147,1764460151,1793,97679,,
0x08393d760ed9ff6f6c9b0c3a56875cdc8e01d08c04b0784c6187f9b8e16d20e3,1764460147,1764460151,1793,97679,,
0xac49f1005da01e6429641ce3ad57c2e8649807425c8ae9f3a950a26c6619642e,1764460147,1764460151,1793,97679,,
0xd86da640b54e23ba936c1d1fa412c3f9cf7db43388dcc6441abcf6bba9f9f825,1764460147,1764460151,1793,97679,,
0xe15c1a5620d1d4e0241bf715026c11db21dd9ac7361b5f56c79813021cfcf7a4,1764460147,1764460151,1793,97679,,
0x20433cc272db0170ab0b5248771b2b1dd985d2a0a104af928b91aa6b2fab0909,1764460148,1764460151,1793,97679,,
0x33ab6f7f565b791088222aa30007a47b8006f7fd2dba333ca47bf19ed11a1023,1764460148,1764460151,1793,97679,,
0x27d559cbf44a450dfa404935ae44a999697ca976700732466638e3aa96dbf023,1764460148,1764460151,1793,97679,,
0xe6c70dcd14e8eaa4b6eb84c8cb074b48ff989a324c1a6012ad5de20dad6f5140,1764460148,1764460151,1793,97679,,
0x847e974c691cf036c1e842f8cba1a6e6f899bccc1f3b663aef39e283ba8a103e,1764460148,1764460151,1793,97679,,
0x7c5e17d5e74357c182b2bf1db16da96e28ef78d0c0c40022aa0ed50a32ba605a,1764460148,1764460151,1793,97679,,
0x1e64d10b2058fdd8bfaa9e8bef48d845fd3617d17847b49adf93d5b00621f919,1764460148,1764460151,1793,97679,,
0xb8d18ae02b9cbe2d4db7c2f8df3f8532284f7392cc344fa6344c889e1a12e2b7,1764460148,1764460151,1793,97679,,
0x7e2091ec10becd1c4abef1ad24a67e9c23fca925fd924cfb7ec21623880d5692,1764460148,1764460151,1793,97679,,
0x9f3e05e904eff171141cd3cfe584f9a8d61660545f49fbfa979414ac8ac54676,1764460148,1764460151,1793,97679,,
0x1abfca20acb375ef1b91ea1f1e8ac454332f2ce40bd61099870a3ba778ea110b,1764460148,1764460151,1793,97679,,
0x006e028f0c9fa5c6ce2cea74f5660d3cd8c2f3ed482142a34bf3079d66cef011,1764460148,1764460151,1793,97679,,
0xe39b1c913c8eac8925236fb49217fc32bed3d8fb37841a71691d5cfd65e0aa02,1764460148,1764460151,1793,97679,,
0xdeb20cfe4b26623585bb9a56f5d913ccd98e3083b45ed73f780af2c43e05513b,1764460148,1764460151,1793,97679,,
0x3858f84deabfa1a6d201b12c5fc331da79e14bd7f6eb35d6eb5b64fd9a0e1858,1764460148,1764460151,1793,97679,,
0x97274fefedcd8fc829ec1e57eb5b79c968937f1b86fabf8e36009d1d8fa7a046,1764460148,1764460151,1793,97679,,
0x10966b3d5d8616dbfc009ee68f83d3c5de2fb7501669805b93ed3b363a868710,1764460148,1764460151,1793,97679,,
0x1155e6915b8fe01e03090aac650f03456725cb7bd77000f5bf89949980614069,1764460148,1764460151,1793,97679,,
0x33590033457ecbe1710fc8d7251bd58702c1a88af5b6ffb8e2cba2c4ff49ee37,1764460148,1764460151,1793,97679,,
0xfaa7bed49312fb31a6d662ecba7580ea7e47f695ebb7948f92caec0cc481c255,1764460149,1764460153,1794,108095,,
0x3068bf158a5f2b129637ddb5753ebf775d7c193e2b915e5e9b78f78e9cd4d9c6,1764460149,1764460153,1794,97679,,
0xfd2dd089b1a1cc02930c90303bf4016ae0557a54bd6671bd37d73e10e871dda0,1764460149,1764460153,1794,97679,,
0x5ed80d00f4d1b3de2590a20f7357b38f17e6c812e018f85fc9593f165ca69803,1764460149,1764460153,1794,97679,,
0xdc67ae05b82d3e5661ca315af2c4aa570691070c33c8bb137bf5db2067f7d568,1764460149,1764460153,1794,97679,,
0x36efd6e7b08c14dffa8681f704b08f46f042f1daf258a36843ad2428a8dfe08d,1764460149,1764460153,1794,97679,,
0x643d9471eea581b90e8bcb23546c25ffe11ad69143c85548611f290a47bbaba7,1764460149,1764460153,1794,97679,,
0x0985b5791f29dd91b9a293a5fcdf3f1f81c7bed475999db4d95cd705544a0fb9,1764460149,1764460153,1794,97679,,
0x98e496107610f813ad3abb716694e9a7da04c5182571caf755005c3f0a278ad7,1764460149,1764460153,1794,97679,,
0x523b32717b95bca44d4da85e076cfa5aae57ffb59de208f4850372e1ffe2378d,1764460149,1764460153,1794,97679,,
0x7f7b2199c2603e9e1a821460ad0c9201265844babea544bf24b930cca5a1ecf1,1764460149,1764460153,1794,97679,,
0x13b1dbf7315416c7ad3df7cc06d86669232a62064f568ad2bbe3df74d17ef9ee,1764460149,1764460153,1794,97679,,
0x025c1544313de57d9596304540b7c7d218b8ab180a28b9239356e838b51b0cae,1764460149,1764460153,1794,97679,,
0x81433de59657a12e76d2104a004ca9256978f636af036a45712709b8a508663d,1764460149,1764460153,1794,97679,,
0xbcff6a80bcbbcb4eb6ef488200e478de8d8254833a94cbe0f1f7a8337e805dac,1764460149,1764460153,1794,97679,,
0xf984b3a630cf059234572ca33984a3bdbddfaad7d97f335ce9e8ff412717ac86,1764460149,1764460153,1794,97679,,
0xc6c83e5f659ee827a77ecbfc1457be619f0bec5987d045f5e9544b545bb8981e,1764460149,1764460153,1794,97679,,
0xb3bc94937f8905f826ff0edd418d33b53dc1f0ed93749f9d8a51741be1ce19a1,1764460149,1764460153,1794,97679,,
0xa3e30c8dca1ed5f2821727935a9c52dd4e1ae3602527808e51b9f94a4c722e92,1764460149,1764460153,1794,97679,,
0x120aba25c4183eb33f8888be94c9291f1555b853058881246b57408d424c063e,1764460149,1764460153,1794,97679,,
0x3defb04b609f3a3fe31828d06c8efb49d81b338f9f93cc853e2e6e9bbb99bc9c,1764460149,1764460153,1794,97679,,
0x433b2ec5a7ab54fb49ae717be2f9739164894bce317ceb0686ac1ea30b7f7548,1764460149,1764460153,1794,97679,,
0xd8b60c7e36067200a1ed769ac1422f630c02fcf100c3383fe76c29d8065bded1,1764460149,1764460153,1794,97679,,
0x66f9655f9abf49c8f41c826a6bc8f2b6bc101bd52f00da91b3250ac779741d9f,1764460149,1764460153,1794,97679,,
0x8871c5dd8866d141a6185ab0aa8a950f63416ad48f363f3f3638bdc5937681f1,1764460149,1764460153,1794,97679,,
0x5336ffe8430f776652da78a4a52fc54277ab6e29583c222ca550c0b4b8550e0d,1764460149,1764460153,1794,97679,,
0x102db8d44d74015357eb544be2bf318ad7b864e873fb04da5c99d7d36075fd0f,1764460149,1764460153,1794,97679,,
0xa9805002881969265da03d55dd066047f206d320077199d9dd95f693dc13652c,1764460149,1764460153,1794,97679,,
0xb5e2803e7fd2b90cc1876ff4afb7bf2cfed72cfae505415adcd76c6ca958c08e,1764460149,1764460153,1794,97679,,
0xf47eb01a0ad0ddce83c1aaf5bb1b1aaea13befee07dd23d3757beb81f9e5e486,1764460149,1764460153,1794,97679,,
0xb1cdc0725eab2f99b214c18c20f03cebe9df9bba235a5e387ffc680b0fed9bd2,1764460149,1764460153,1794,97679,,
0xf11e33dee3603aea33938986c192d24245a1a9ca24c49d2d729f2bacc7b886f1,1764460150,1764460153,1794,97679,,
0x42dbdf1d6496460f0cd16cf03552238c8237bc1060a1e5ccccdb7a377bf0bb7a,1764460150,1764460153,1794,97679,,
0xea15b529a3c81e234fa2ff3f6ab78b633d7a063dfebb26509207ee2355f6f409,1764460150,1764460153,1794,97679,,
0x3efb48845fd21e08c7b6e51b9a0898c21fbfb2a4fdcbf3d8ee05ff647f7c2992,1764460150,1764460153,1794,97679,,
0x2d4d0e9ebfa251110fe5303aa950536fe2f21ec94f4628dee1006708340db2ff,1764460150,1764460153,1794,97679,,
0xf566e4fa700d46e0c4d5631a2c39fa8d511c289e72026f33d6f378a351371c92,1764460150,1764460153,1794,97749,,
0x9b2911a46e3d8901b82a2ecc2c734e23c12f3aa60e92e756425c48543eb1c5a6,1764460150,1764460153,1794,97749,,
0x4d4d19bbc71a6feca09339db76c0140f521f0dc2f179fd2115cf4bf0911a7623,1764460150,1764460153,1794,97749,,
0x2fe17998443c79b04f62c1e14da5e2651569170656fb5880a41c47fad96283c0,1764460150,1764460153,1794,97749,,
0xae1ceba76d2e04fe714308a488183e1f67c10fe124bf2f8524c8eb5967ee7c81,1764460150,1764460153,1794,97749,,
0xbef64f108bddfeadef880b72759143507bbc571e75ed8902fc4487f9c6e3083d,1764460150,1764460153,1794,97749,,
0xc5044527d11f983485a3dcd44ab832d7a8fd0addb674150bcb324f333b0069f4,1764460150,1764460153,1794,97749,,
0xd08a619a8e465a48a7c47daaf3f12b1753360ea11f201a9640c43daebbecb6ba,1764460150,1764460153,1794,97749,,
0x133673ea95c6a03eac42aa38912d6c3cad36c71a747211c78d3f4ce2c00568c0,1764460150,1764460153,1794,97749,,
0x69d0a956959c6562feb8de7177b17b3740768a1ec5f17b9cd0f7cc269132269e,1764460150,1764460153,1794,97679,,
0x202ccfa4476d48589ae51a0fdfdb2f96fd66a52032fe3c139ce60b23a818e340,1764460150,1764460153,1794,97679,,
0xc27c2b4aba1e82bc7390df12faed8e73b4f8267ff93565da6b8c0156079ede92,1764460150,1764460153,1794,97749,,
0x170aa09a6ece220e352d31ec4c65f8524f2f28179025cd6d076a59f1d95a0f82,1764460150,1764460153,1794,97749,,
0x045d7650fbbf80e9c8f88b2ac2c6e8f0a98fd5fe9b0ccb660cc1e4c71738f554,1764460151,1764460153,1794,97679,,
0x797b6c886367185cad8492df308bf0662f15a5e41cb7e68f0dfb60bbdd8eb6a8,1764460151,1764460155,1795,108095,,
0x8419ef773c221c8dbeebf4061bd0d5623ecd960e8d7d62a0190a67775925a87d,1764460151,1764460155,1795,97749,,
0xdacc922ab29fd25aeff7e28f049b4306552640b101b2e0c67ce44e27d7b9837d,1764460151,1764460155,1795,97749,,
0x28534b7faa55c05b6788b53dcbfc121ae5fe13820cf0532e0f0f5efc4942deef,1764460151,1764460155,1795,97749,,
0xa9bbbee9d913d37e1be0192c0168aa6c2028f1b4e7833480745ecf7bfea28667,1764460151,1764460155,1795,97749,,
0x5983b5426640a7a081b64101f6dbc50e1512c590c55b2e00c444bf7e0bdf2ba9,1764460151,1764460155,1795,97749,,
0x29af992fdb6c2a501a81679c3e4e923579e4f54fdf326de48eed77486f841bc7,1764460151,1764460155,1795,97749,,
0xce51ad20d770cf63e58503ebfcddca31d9218b22828c02faf4b350e3df9e5103,1764460151,1764460155,1795,97749,,
0xc063868d3c833de1947124cfc648714df30452af8714c5fa0c66087368064cfb,1764460151,1764460155,1795,97749,,
0x4439045058f985e1bc7f288215d6a37bacf73f0200ae9ffa328486cfad2edb8d,1764460151,1764460155,1795,97749,,
0xa85fb1263ef2f5365ea7a9e5ec9d61491453a4bf00aecdec2c345bc4a6b13135,1764460151,1764460155,1795,97749,,
0x3906eb3c45f48d9de8530b7a1bab378d9cd66433d00aad4e87a73ac1388e5dd9,1764460151,1764460155,1795,97749,,
0xfe8cd6fa866072699dbe1f85b77487102b124fc2759395039317280ed4ea8674,1764460151,1764460155,1795,97749,,
0x86948be87c3d19cb787f36ed46a24d507370e18a78fa71e68738b1dae9736ef9,1764460151,1764460155,1795,97679,,
0x86aed0df74c45486a41510b17cebff62cdc5e570ddece38292da5cf4fae4299e,1764460151,1764460155,1795,97679,,
0x75bba947b531170af2b3e1bc6fb85a502356fada2339c9c1da6c70175b362662,1764460151,1764460155,1795,97679,,
0x7a7e3a992c816ee6870c50d66482414369764233f88dda82ae4b331723633e8d,1764460151,1764460155,1795,97679,,
0x329ce1dac9d541ab44b6bca7528a0b1eb9be12cf9c010f8ae58e948322473431,1764460151,1764460155,1795,97679,,
0xcee07af06e9084691ea280c1a42010ffcee836f7339c6d5d17dab5edc03f8472,1764460151,1764460155,1795,97679,,
0x904220741fe7d093fe922d0c49227929973532b706ffb55da8b91f34432742f2,1764460151,1764460155,1795,97749,,
0x5bd35102b410864b7a2ee6b8d76e05c3be596faf76177c717929ad043d4c4e66,1764460151,1764460155,1795,97749,,
0x0710baf9be5779dec1ed892fe399759adf1e20fc3ec67fb544bbb91fc7cbaf7f,1764460151,1764460155,1795,97749,,
0x6e1185c981a80630c864b90b29f7b8af10d757e8bad36f7d642a94c563134490,1764460151,1764460155,1795,97749,,
0xe4d743a35ac5b104c327a50b5ed27ac4900cebd5234afa9d8efb80a85d3eb33f,1764460151,1764460155,1795,97749,,
0xb134cab6bd0753298c8d2081b2c64b828cca89c4a87d4798bd927c9bb514eec2,1764460151,1764460155,1795,97749,,
0x4b5b26f68f378dbfde3d2fd66ba5bddff14c333965bb1bbb2045e410de0aa620,1764460151,1764460155,1795,97749,,
0xc91766a6ca29294ced77e2e16e1ddd905b95a310da70cf0d3f9cf587e402bf64,1764460151,1764460155,1795,97749,,
0x6421b3a08f510d665c3faa4ad1c1c6e238d1b53ab4851bf01d635dd738ee6bb0,1764460151,1764460155,1795,97749,,
0xad86dcbd470549593c6cceffd5b2ecab50d68ac3a4cb3cfa7667971ed15dc3f2,1764460151,1764460155,1795,97749,,
0xafdafeada37cb9dd0789c8a66f9c8b79afb56ea9e8525743da62436a1ddaa683,1764460151,1764460155,1795,97749,,
0x952471f080117852c5b53328e9eb4b622226882b3e38bf2052eea06e58cf34ad,1764460151,1764460155,1795,97749,,
0x359ad512b742765a1c37cea78110ae49a659705deb81e73ed4774a169dc5faa3,1764460152,1764460155,1795,97749,,
0x744e1e0a12131f5b5388bbff1507e558fdbbfb2039224c2745f7e7ffec0db881,1764460152,1764460155,1795,97749,,
0x27cf9e85abcb0e609f6633eedd3f9738ff45318c02bef924a275681bec54304a,1764460152,1764460155,1795,97749,,
0x038f0adb8c9a2de3ac9697c4b27a099b8c58987f8f6ed2eab6f5faabdca16e76,1764460152,1764460155,1795,97749,,
0x5c429d8e9cd7605198b7f52507b3d245adafa8c17aa68a07839477820f9a27bb,1764460152,1764460155,1795,97749,,
0x26556ca0256c2732842322642c1dc18c28ab23d5715d74a4d50d89ae05799166,1764460152,1764460155,1795,97749,,
0xdc6cb95cddb2866aab3a29a093d20bd14561f566f7e99932963148aea3aa4225,1764460152,1764460155,1795,97749,,
0xe6ed67d9f07fa6cfeaef88e3fae6e83ce1216dcbbf9b3a2ae28d4d64772b44bb,1764460152,1764460155,1795,97749,,
0x05b79ad4a2bd406c3bf7107fc3f3978331df0c590b8bf75a0c891086694544c0,1764460152,1764460155,1795,97749,,
0x75320a61b940aeddaff282c240b0ad21ef1d884e7bd667c29b834a71df64a95b,1764460152,1764460155,1795,97749,,
0xba7132088bed28184a95bf08ef6bd9be492b2597aa841bc6f9b6f93b43c3cb45,1764460152,1764460155,1795,97749,,
0x928c0083c95d1f05350fbe6c05eef573deac635d3ffe5028f03414545be5f68b,1764460152,1764460155,1795,97749,,
0xc24720c5099d06f5f267a087eb858fc5f07c3bf79c8273ce41d3f5c4f56c064d,1764460152,1764460155,1795,97749,,
0x896b8549f26924fdc6ff39f7c4b0f588e4e88a904560ef9225fc05b77c87e3d2,1764460152,1764460155,1795,97749,,
0x7b403a09be698e16c764fd9ad47d1b9dfb7c7646841cabeb89596798c4c7d16e,1764460152,1764460155,1795,97749,,
0xbc578c9a076431cc952877521c6aab7afd654358df0339cd7f0f323d792211a3,1764460152,1764460155,1795,97749,,
0xb81dcf5cb0559747bcad6b7f12adb86adc888dc96328a99adfa5ea3aaf145ece,1764460152,1764460155,1795,97749,,
0xd37d57d4df63c88f6f3ee0bac3cf40705f91cf0d81104ae113f9cdd7b8cd0d5f,1764460153,1764460155,1795,97749,,
0x55aa4746ff4e437bb3e7560efb67b365128860edf75caf32a7e621cd2f23aae2,1764460153,1764460157,1796,104521,,
0x110e6bd5ba600d4ab5af01898d376a0ad0726eeaf6618fa11ae607b288cb5a23,1764460153,1764460157,1796,104521,,
0x289be3a717cc7a928a2639c7f2e138448032b44543f227a9424b616ef79aeac4,1764460153,1764460157,1796,104521,,
0x2f762f35cc269937f1de9355ef56f95b4ca11d8fe9fa389f8a6d7ce474dc8194,1764460153,1764460157,1796,104521,,
0xcbe41f18e73cb45337c2c4a168ecac6956b99a52a8dcbdef8638dc971fbab968,1764460153,1764460157,1796,104521,,
0xb4621b1cac2d5d64d1f55381ebf0a70089a7fffbfd99a94730e13e5b3a1c6f7d,1764460153,1764460157,1796,104521,,
0xba967827ec547bd575cc47b45c02e27b70a4dbd5e54688b462650782be19cf6e,1764460153,1764460157,1796,104521,,
0x17d5c7552641611f08eda374f2c75f298f0ac9f9eb865c169649b6586901ea17,1764460153,1764460157,1796,104521,,
0x2c30d71962517dc8bf5dbdc1c9f989d420645323594f0f79e98471a3b3e34aa5,1764460153,1764460157,1796,104521,,
0xf2e1d7d278bd1fe89214545c11cabdabe0d01c4697ae1dbe2e708ea2b0cdb347,1764460153,1764460157,1796,104521,,
0x273723bd60681eed76cc1cc8751552750b81dc4852c2bd649d0b2699ebb898e1,1764460153,1764460157,1796,104521,,
0x3f4d29fbc5627abd56349cde3451ff3d5833e7aa309ab560f8c31c70c57a3c59,1764460153,1764460157,1796,104521,,
0x152e5e77d474c616e929439a7f630f605777e3ba8568678545764abaabd5a4d3,1764460153,1764460157,1796,104521,,
0x3af9fe06b9789a9b794a02ed9de803ff465d9a503685b983e835cf20b8857cd3,1764460153,1764460157,1796,104521,,
0x3faa558efb2e4548de0c7c26370a4ffd50bccb30f4bea22eb14ba789f729f7cc,1764460153,1764460157,1796,104521,,
0xfc3d772d6952b7239c662ad5810b8e085a11203feaa43033930d648589a4538d,1764460153,1764460157,1796,104521,,
0xad659f20eba2f9afac01993b16e7b104fc244545b8e1454532c2d82dafee0a4d,1764460153,1764460157,1796,104521,,
0x9c4a91105f8be6aea0e1e4f8f4d276c9a2dfacc3ddd2bab525cc2aa83f7244c2,1764460153,1764460157,1796,104521,,
0x0184ece14dc283fdee85a13744345d0398e3dc112729a9958754718ae59cfdf7,1764460153,1764460157,1796,104521,,
0x5cf5c0a4bde6125c4f54fad1a397c03b978b4be62c718099a7cfb625453f76c8,1764460153,1764460157,1796,104521,,
0x15ba8ae915547bc0cf0890695e60d01c19187d119fb168d08492a6948f280b23,1764460153,1764460157,1796,104521,,
0x17d57a652cb6df3fab1214bb9d9939f7903d41a3de8be5732fe06aa844f90126,1764460153,1764460157,1796,104521,,
0x5f516fe3e30a3a16552249d88adaaef37650448c2f1bcd7dd6d119f52675b50f,1764460153,1764460157,1796,104521,,
0xf96fb319e1afb870fbb94cd31e4f9f2ad366f1c6ed69322a331c13a99940a10c,1764460153,1764460157,1796,104521,,
0xb658279a37d52329297eda6197930ccb415fefe9443971413b6d9101a614fb03,1764460153,1764460157,1796,104521,,
0x5055792a27dc24ca17ce53c7f042d11612409af488bd7874788ef02b02a78aae,1764460153,1764460157,1796,104521,,
0x5359a841a7b149aea33a73fd2cb2b75147f453c99c219bb52c69059e83db461d,1764460153,1764460157,1796,104521,,
0x9f12b9c8fb08e57fd90e2f09cebae3118e00d79b749774af7158ecec768c1fa1,1764460153,1764460157,1796,104521,,
0x0e5242ef62f3015445a70a6b0cf22092492a549aa73e8cc919c21b8366f43a2b,1764460153,1764460157,1796,104521,,
0x7aaa22b9b45e24daf7f266d70ae5efcac5e1f8b2232108820fb5531527ed912d,1764460153,1764460157,1796,104521,,
0x724c3b2b55b727ae45a81281bb53fbf06d22e9e2e351cd1cf2453f35a9da7fde,1764460153,1764460157,1796,104521,,
0x3494409c0b30c8f7168f37789bf144686b9fc6ac4f6350fcbeec23bbcc04c56d,1764460153,1764460157,1796,104521,,
0x573dc5637597022d6d0440daacb5ad6c0b134e405c692114dd760f9268cb9851,1764460154,1764460157,1796,104521,,
0x860f8e71781ab76d864b5020a01594535fa7d6543e713f5e7fb7bd08370dedb6,1764460154,1764460157,1796,104521,,
0x8b0bd7a569997783eed3be037b0bef38177b12317a868a047375634ff6fa16bc,1764460154,1764460157,1796,104521,,
0x486712cb80ec4943b27ea9c00c86021b1fc36001ceebbc58010cc10435758490,1764460154,1764460157,1796,104521,,
0x8531c0162e8cadab64014e0a298ff4c531e832158cbb5f1ca0afa29b3abbe979,1764460154,1764460157,1796,104521,,
0x4b100403b9b4fcd2ba4806649dea0151b733a830d6fe9aa0349d8aa1bf4fdb4d,1764460154,1764460157,1796,104521,,
0xbf432833b9710db18d43b997583421a62a6ffdde044b72131a538df8cf107faf,1764460154,1764460157,1796,104521,,
0x74b3c5f7204836038a46c04be53cdc66e2303a3ac717ba6ecb60f7fe936ed948,1764460154,1764460157,1796,104521,,
0x4bd268a8e9957e617bdcb5af266a240648937734a07f6e2b22c9fcfad5c5b23b,1764460154,1764460157,1796,104521,,
0xe82a46d46a080c61e4c29d4c26fe4ad9334602607d6f2f7bbfc0ad5298e5a8b6,1764460154,1764460157,1796,104521,,
0x81c343b5898a035f0893ac769738e526e0817bcec11d154125250215e4e9b1c5,1764460154,1764460157,1796,104521,,
0x947d9c88440df880a1728856e868c0eef5028b3d795c4ba9dcd31df1d5ff9a6c,1764460154,1764460157,1796,104521,,
0xcd20a3fb37689e3c28be8fbfbe339e3b53f4c91901711aa35fd7d1d6b3e7aabc,1764460154,1764460157,1796,104521,,
0x6436fb10de9180272c17663c545ff2c710329e8c609136fd6646496359b08683,1764460154,1764460157,1796,104521,,
0xde41c26bb6022abfb7484b9d85e56c230b36c27dc85f58830127cdcecaa1d545,1764460154,1764460157,1796,104521,,
0xa5e48b0bfe64a57f2209a329df4eb45dbf1aec9f73e5bdfd643b48b5db5c4361,1764460154,1764460157,1796,104521,,
0x0835776b02aec7f50e023dfabe0fad4e7b3c87b4ac3499308b0b4ce5dacd7376,1764460155,1764460157,1796,104521,,
0xa16166c5ca4dc3a516caefd0055d300c83379772e111548350b9c4e4a5c6a841,1764460155,1764460159,1797,104521,,
0xad4633525b52c91752aa7ef0b80a5ed35c5dd63a0d8dee675711fd8f1490f632,1764460155,1764460159,1797,104521,,
0x00737e86c2cb6ffa31e824133275601f8fc880095310af33be0ce31639330c99,1764460155,1764460159,1797,104521,,
0x13e647003053b807341115d88880a0ca271e2664ab0ad31897c06a39992050ac,1764460155,1764460159,1797,104521,,
0x45fbb67c1bbf62e574c53050826b523d73c81522b2029a67b422c8b7c4187915,1764460155,1764460159,1797,104521,,
0xd8141ea490e5f24844df13959257b9d875d16c53228ebb7a430657c97dd16285,1764460155,1764460159,1797,104521,,
0x2b78d6af19c823b13451d5179b1ce53d75c3a1821fd0c3a966a2765f96b22e46,1764460155,1764460159,1797,104521,,
0xc0750cda49ed9b8ecbbdf4606a4b547b3d152f885d67db785701e9593f273655,1764460155,1764460159,1797,104521,,
0x341ca3d94aa1b88dc40922e40a4433dd87790a678eee56ec85f01839da1152ef,1764460155,1764460159,1797,104521,,
0x388dd494ba41deec754df907c8d1c9ac6fa0901ff5c06ad268e312070ed93274,1764460155,1764460159,1797,104521,,
0x1394ff5f6e8f8f208f082fdf6ce0dc1c00eaa9be57f5439b4a8be33ab2410355,1764460155,1764460159,1797,104521,,
0x583a333c5f01e4347372fe93de021e609df6d6d4f830075313af0e3428c7af07,1764460155,1764460159,1797,104521,,
0x974bf0dd26518c047163993d6be9ecf45202d1393760965294d41c641a94797b,1764460155,1764460159,1797,104521,,
0xd4fe98aaed5a1a10a7ebb1a291ed6d62ea408b26af5d61b46d178a09625bcee4,1764460155,1764460159,1797,104521,,
0x69da2e1d0c7f5d77fbd3c3d7b2d0759e28ec9c5bdf7fc8db05e321664058bc10,1764460155,1764460159,1797,104521,,
0x8c442d77198f1856fa354757d416d72d18c9196a808d73fe580d617761b730e1,1764460155,1764460159,1797,104521,,
0x600e129dd5a4e73ac3f85f964aeb5d72c59a2d670837debd8c6f4dbb066a760d,1764460155,1764460159,1797,104521,,
0x2d810d47bcbfe426dcef63e5dcfefbdc716a1e261feee7b05358337abe8fbe49,1764460155,1764460159,1797,104521,,
0xd525abfd948d113a9f509e26e75e729bc8cfef3f13d642f9f5396dd1c310b928,1764460155,1764460159,1797,104521,,
0x060165c15ac53519727d2efce06208e7f07ddc3dc79abe32c22f2b53280f35af,1764460155,1764460159,1797,104521,,
0x607b770bf3582de4874b7e3f9614dd031e511dafb423af02b2d6187bb9ae9186,1764460155,1764460159,1797,104521,,
0xb9098325e13c42aa096f7fa5f9fcb47b7dcbe12912ab3aa22956edc05bc90b62,1764460155,1764460159,1797,104521,,
0x74ecb1c9c3ba38ab16408b192ffe2b920c072e92eec8ae77c81e0c990392df74,1764460155,1764460159,1797,104521,,
0x627140c12ddb4ab2ea9f64d7819a350cbb4620a10955535904ab013fe23398fb,1764460155,1764460159,1797,104521,,
0x2eaee39aa990aba297e9e92cc191f72516372832911900a95e6e6ea8d79958b5,1764460155,1764460159,1797,104521,,
0x40286073a613970d5eaf8c2e29ccc694b7ecef58a7dce195dd268fd1315231c1,1764460155,1764460159,1797,104521,,
0xe696eaa4775d48d9eea6cf20e91b40a13958fd49eb0b2a4a62470f5ed9cf35b7,1764460155,1764460159,1797,104521,,
0xdec6818b1e009deb74de25e91f06d7044ac280b8f12b9c0672052cc12e7f2028,1764460155,1764460159,1797,104521,,
0x1ec86ed700bc037c61f22d014c74dc04f69224ca0b524bb66c1359dc323f849a,1764460155,1764460159,1797,104521,,
0xfb2283769c15cef3e8faba94132a5729355150f07113f046d9843e99bb411fd6,1764460155,1764460159,1797,104521,,
0xb7dd2fc582d11c38fe8f28ae6f2694963692f3f6383ecfd0b40c987da8912d53,1764460155,1764460159,1797,104521,,
0x31007640b8d0c01a3cf9c8de443f1679aad43e57352ded51486b96649ce69a9f,1764460155,1764460159,1797,104521,,
0x6d89ad0c2d92140d8194e100f84e1a9a42f50c5908af798b7754104e133a23cd,1764460155,1764460159,1797,104521,,
0x5af12eb10ef34284d58782ae094a9869f4df2178d83b1f2cbda9f04232689ece,1764460156,1764460159,1797,104521,,
0xe44599cd6492795a54f0e8649e2782e1a4914e50f8ae759befec45406f6b3228,1764460156,1764460159,1797,104521,,
0x10b1ca25c2452cbbf15da52044975f2f82773f78eb5bd2472f65ab681941f2ca,1764460156,1764460159,1797,104521,,
0xf8534d4ee21d554c7f214c020bc09ab1893059ccb38b22def21c1d05bdefd5ff,1764460156,1764460159,1797,104521,,
0x1a10bd839b460605a2a7447f1d9b1126f620723acd9236291c03008b7e1fb9ab,1764460156,1764460159,1797,104521,,
0x4bf2bdc3ae6afacaab3932d4a2d1a866591704eeb2cab60c26369f6598b2f10b,1764460156,1764460159,1797,104521,,
0x5bf4a66e912ea11342a6ff28e819a6534066bd410de522af4b133c257d512034,1764460156,1764460159,1797,104521,,
0x49954085a30472e32c936eadf6799895315c69ad62f7c8ff70d73ff8c92030e7,1764460156,1764460159,1797,104521,,
0xf93f08c26415ea59dc602b3f02e9902e896d663340c8dedac8176f2077924576,1764460156,1764460159,1797,104521,,
0x5423f0a6aec4623af54db5ca27546fb965d2945d2378efb7a9534e8acc87d859,1764460156,1764460159,1797,104521,,
0x93599dc3e18f6db59b69b7664098e930127abc1930b870f5eb00e0d289533d43,1764460156,1764460159,1797,104521,,
0x7f67133545dab4d65de2a6a1bd8e04f04a032d19da32b7d80aa11bbf4cdec75b,1764460156,1764460159,1797,104521,,
0x900ee692d44f8c9c9092e10dfbe5bc3fed46484945ed17dd2c542d4e6c0275e3,1764460156,1764460159,1797,104521,,
0x6c65e917b3f788f6643ee7a09a49b9966bee71b3e731200faeb08ece69a761fb,1764460156,1764460159,1797,104521,,
0x338b77479f7e60cda6731f35e8e4946f1a17a070b47223c562783a85f2ba1077,1764460156,1764460159,1797,104521,,
0xbff9d0d593b5acbffafbda7dd53d001f3a94dac96b1d0d2c3efd0acb4ddf8779,1764460157,1764460161,1798,104521,,
0x257c10972b47a9bc4dd11e0bbe0641c9682f85066eb00c789541b0ef328306a7,1764460157,1764460161,1798,104521,,
0x9ce39a4c8b8eb48c31b39abcb103f3c0ff74c422c1989c791270c4c391ffe223,1764460157,1764460161,1798,104521,,
0xa1ddc7aab78231cfe484caaceeaffb1b74592cbc46d5b155ec82741851f16ac9,1764460157,1764460161,1798,104521,,
0x1bc1d8f66f880051ed818f9d511498ecf5389cef0e5e9f7f2bc159122c214da4,1764460157,1764460161,1798,104521,,
0xf23b7c2d699f2692b17bc7c99abc7060dceac65403c84bc0dece0752b8575c52,1764460157,1764460161,1798,104521,,
0x70b82738cb82e97627e68806d68edd65cb84774e24b95a012f8ff267981d2a77,1764460157,1764460161,1798,104521,,
0xddd123d3ff98d122325e55f3964eac28187285c6b8ba0bb66965d0c95368d0d3,1764460157,1764460161,1798,104521,,
0x822a73b12554017e7e105e0cf84f24c27356a475071a6da697054d5ee8dc5959,1764460157,1764460161,1798,104521,,
0xbf22b141404592edcc1bcede0587baf2149dccc64d058746223a30f7c906e178,1764460157,1764460161,1798,104521,,
0xe9f88834534da30636261ab5262513be102572b23c1dc5f7b0c39f7d53d230f1,1764460157,1764460161,1798,104521,,
0xa3b6be1ca546539961626dbdc4a2d32ccbd57bdd7c9575d25b62ddac8297c51b,1764460157,1764460161,1798,104521,,
0x752e15349e97afe29c22fa19a0412c910f68a5f9fcd26398bcdd0cda8ff62abc,1764460157,1764460161,1798,104521,,
0x042811c4f3ad21dcd90beedff8af3ec2ad1966f1da45a7b849ed28a07039886f,1764460157,1764460161,1798,104521,,
0x77a8826b81e6de4c6f1eacfe6bfe3f3979cbc117be276ae1369388630d9f548b,1764460157,1764460161,1798,104521,,
0xd68eae305230cb16cd4ff16b303c505555f7487f4ff39591f11e5405b9cab48f,1764460157,1764460161,1798,104521,,
0x98817874742293a482293a675640170725d3b4bb72b917d62ef3e8c39071548d,1764460157,1764460161,1798,104521,,
0x0c13a05841a8fb2a58333ab2056066607f51f2eb987fcbd751a7642e1990bc22,1764460157,1764460161,1798,104521,,
0x8814cb533d9746d984c0e09e3eada83d2a59140dac8b5a7245d15af25ed99c8e,1764460157,1764460161,1798,104521,,
0xd73eb1f80805c3f43f7c2b49acaeeddd076a2fd77a03b5faeb77f119281b60ef,1764460157,1764460161,1798,104521,,
0x45e2352a26b3079ec7df6c8d6e9164de11fe57a2e42a26e2e5160562fd609db1,1764460157,1764460161,1798,104521,,
0xd1aff5c1ae6b7fb0424616cb06ae858de45754931f05f5bbd14b2a484e3726d9,1764460157,1764460161,1798,104521,,
0x1dd1fe4ac5a874ccc15e890cf69dc1586c3a9d9801af7b2f4fb26cb5ba3b21b1,1764460157,1764460161,1798,104521,,
0x93e1a3ddf7c336a94ac7076df36bce2ca66a54ecfca64052e7854084e6ccfacf,1764460157,1764460161,1798,104521,,
0x27c8dfbc0a66c1889e95ea21e65e295efc0c86a4f853d9350179f1cdfec796d2,1764460157,1764460161,1798,104521,,
0x8494afb481391a0c8bb33be6140f86833a342b5f274b2db70b460f2c0e9091f2,1764460157,1764460161,1798,104521,,
0x9ce8ead57e8d9cf5dc8621e37533013873bf520892b8c20b5347c94dda53fa08,1764460157,1764460161,1798,104521,,
0x68025bfcbf05123d8760029a7048996f2bc107c7cfe7710df0f8b352cbc9737d,1764460157,1764460161,1798,104521,,
0xe71812221fd14889a70deccd7ae29bef4d00a97797d0bf88df4e31e04358b8e0,1764460157,1764460161,1798,104521,,
0x0384241557ba05ef1db48cbcb016fde1b0d501b2a72246e1d898565ac6fc2fdb,1764460157,1764460161,1798,104521,,
0xbd908349d354c673211a23e92a37aace3c7625bfd1e90169f6cb98cd68393512,1764460157,1764460161,1798,104521,,
0x608b9364e1b732b4b63b498cc9f96fa74fdb40ac07a0e85feadafbf779bf5d0e,1764460157,1764460161,1798,104521,,
0x45bcb557edcbfd344332f786c9a7a4a683516addc7d7cde3ad9391c5a2e96b72,1764460157,1764460161,1798,104521,,
0x0232ac1012490c058ce4be7fef82b763def1d501818145a0f1e765e69ca3c4af,1764460157,1764460161,1798,104521,,
0xe23d52deb3123d377f63a36902e485e077facb58e27dbe21b2566e84be4bcecf,1764460157,1764460161,1798,104521,,
0x98ee000a39bfd1b0e642e46fdf04e1ade4d4e7ac49c8632e53ded9961cc49894,1764460158,1764460161,1798,104521,,
0x3b5015da742ff1a8b3a871f8cf6eb0edcee72d42f24c4054827f763ac9091642,1764460158,1764460161,1798,104521,,
0xf62b4110663e727d6e222db677668773d80f5584c71dd2048c14e25f56598eb6,1764460158,1764460161,1798,104521,,
0xbc17ccd935bd22fc8455cb85f9a5a001a28d7ed9645ae172731d4cdc03e2f319,1764460158,1764460161,1798,104521,,
0xea836ef6fa7430b3450edbe7066ca0508254e3c0919f17a829777c6e91c8d613,1764460158,1764460161,1798,104521,,
0x4f312b4afa72912e6a4800623623334b4e8867559fd48628d6ac038a51a985a5,1764460158,1764460161,1798,104521,,
0xebaa88510b75bd88568b3206a8f8a73fa0ba3bad8094340bff9cd540b16b0475,1764460158,1764460161,1798,104521,,
0xcaa500ec8a996cd8e57ee2e0df848f396d1d897d5243b7a76d33eb8cb0dd1d63,1764460158,1764460161,1798,104521,,
0x03829677efb8a12398d94f73b4372ff91afc06da6aa07cb913679b3fdaea3f5e,1764460158,1764460161,1798,104521,,
0x2a1764467b67b6c57a40087445f15e3664e03c5a1c5dba0a6aaaf7f6b1743fcc,1764460158,1764460161,1798,104521,,
0x2e0d4be656c6d86db2c4e3f52d98fd1d4005419e2a50a2f846252a42cde70c4d,1764460158,1764460161,1798,104521,,
0x435af407d57fbfbfbd34ac408a664ad7a1fb5e2e72e62dc55e69accb21220e8e,1764460158,1764460161,1798,104521,,
0xd38b3b8b06e2ced4186c2225b39cd1b3c79bec3cec363a7d42db76716d9313f8,1764460158,1764460161,1798,104521,,
0x312758d8eb8a84f8f675eac2c73a44353321594483e02ab3f525eb01ab42f85b,1764460158,1764460161,1798,104521,,
0xf2862f54eb80142f708a8b3749ac850338de50b2a6fa23d559d7558b44967a42,1764460159,1764460161,1798,104521,,
0x4293e06d3f6fc2ba7d15bf355d7e3416ee47418eafa72285924a1a9ece332f5a,1764460159,1764460163,1799,104521,,
0xcc0ee13a23c90d468430379257cd0ed637e3a141cb4daafa801091467706098d,1764460159,1764460163,1799,104521,,
0x1e79b8ccbbd7e6b7fd4c2436269afee0642c87bada4dd562013fa75d5432c7ac,1764460159,1764460163,1799,104521,,
0x4e031b0cbc21dcb893e2a9857d6617dff91128242740baefb1b6df9d5edb8814,1764460159,1764460163,1799,104521,,
0x4e1ffc4ded22a50a98f2bf06fdc311234072f19c68fce7cf8478f32c5a562d61,1764460159,1764460163,1799,104521,,
0x6a4c60c44b55b68c9fd3a17857dd2b51e0e10ce1ce1fc54fd7fb072297d5fe64,1764460159,1764460163,1799,104521,,
0x32772923539927526cea77ae267dcf76726c501b23bb58055df685bfc2dfea41,1764460159,1764460163,1799,104521,,
0x0e0f2a0cd9d55485376b6ebc58046985b15e67313d80bea6000423293d05cd35,1764460159,1764460163,1799,104521,,
0x68135842924cc4a4a98f98e7ef07a26853c06ac28da3f9d5b91ed11655baf41b,1764460159,1764460163,1799,104521,,
0x1d5c3ea08d1141c46047b07e0c144129700ec3fc2f3d50ef0c1af43f776c7498,1764460159,1764460163,1799,104521,,
0x72a8affb8a8b12dda36779042ff8ebdc6875c336b9ebcc3d7c13339734f92180,1764460159,1764460163,1799,104521,,
0xa1fac708da95d531c2059414ce5c916cb15e1ac44b328f1cee25b9936f8e486d,1764460159,1764460163,1799,104521,,
0x0a4a52ea2f3a714792e5429d124769d7b9f6957d81a39bba6bff662c53b015a2,1764460159,1764460163,1799,104521,,
0x8c0bbc15f66961076f73bfdb0687ea08550a3f0e10bef03e10aeac60538989f5,1764460159,1764460163,1799,104521,,
0x8614c239acc26548308db99c60415d8e50b2c747a20ce40a2d4dd0a9a7b3df58,1764460159,1764460163,1799,104521,,
0x2f5f9e88ad33918409fbc95bb1da3cef4b8b3d034cc6ca084044f50933513de5,1764460159,1764460163,1799,104521,,
0x0e1647c0fb0367466c420e56bd32ed248802a05f8bba18ae52d06af4457478bf,1764460159,1764460163,1799,104521,,
0x11a4f603471c52e906a97a7c0064832e8e8fd1cda6d7846a888fd2acdf260079,1764460159,1764460163,1799,104521,,
0x29359021ad97e777d3fcaa1c86d21cac0ff230db7c9b6c1e3f2429faf42e474e,1764460159,1764460163,1799,104521,,
0xad6d38c8fe8740393bc1c17e167be75d4adb205b47ba8dae088f9cbc5447d250,1764460159,1764460163,1799,104521,,
0xda0b298f660c5eba6c0449133e03f082d0ea931b7b850ab4fc5a2f9e3f352876,1764460159,1764460163,1799,104521,,
0x1d4f095e1ed676a3a5dc34365d47f7a896c4590133b8bbf65f0ae24853e675b0,1764460159,1764460163,1799,104521,,
0xa5b0726f6b98feaa1e6009b55b9619f8261176a95c39f77297ab0e588f3cafed,1764460159,1764460163,1799,104521,,
0x55a4f75c0efc254e22a1ac301629f87438aaf77d6a1ab7945a6d95d764103f32,1764460159,1764460163,1799,104521,,
0xe3a45926f17cd5ac12235663d95c375046862d9f84f1f5eb11454e6be91ab11c,1764460159,1764460163,1799,104521,,
0xc489a93962b62424409c60b8ec8e91f3029f7d23737d51407ee9b8e21b1e8ba1,1764460159,1764460163,1799,104521,,
0x0ca083b7cd26c86e902d49896dd8649a8b69dc2a348af612ca7ce640f8d218af,1764460159,1764460163,1799,104521,,
0xdfbe2fb192635f85ed847be4ffd65d9b500e3e8ff45b487e82ff996c5a3f2b1a,1764460159,1764460163,1799,104521,,
0x59eb8ca56fc148446984c8383a308c0e8797d655a640a9e7fc33b5d0d5a36029,1764460159,1764460163,1799,104521,,
0xaee8cc1b216e35fa1c0b62cacf28492c2c11fdab5c08f0045b3df626b5f12d9c,1764460159,1764460163,1799,104521,,
0xbc87f078ad39cd7b1c95af7920b90d4ba171a8ad364454acd80712d4d683ad3e,1764460159,1764460163,1799,104521,,
0x4763ad2510f5c38f1fab4d6816f14c2e7412daa3ba54eb1145a33a33cf659117,1764460159,1764460163,1799,104521,,
0xd4161374d572a602278e3fc52a2fb09023a537d7dd2bcdb3070ba0d4422dd773,1764460159,1764460163,1799,104521,,
0xf45ae612002978bf7a894ababee1bb9d8e4abc66e138ee5b532f59e622377852,1764460159,1764460163,1799,104521,,
0x80de381a71edf0454d9a33428cc9aa03e240968dce97ff845aa4a95a14c24c1f,1764460159,1764460163,1799,104521,,
0x62cf8860bb92befbc355bcb805f82e07222b6a72d337fd51aa52dc2af63119d6,1764460160,1764460163,1799,104521,,
0x00d91c2e679873c0fc8c3839f09c00097f6377356846e386f1a40d40a2273aea,1764460160,1764460163,1799,104521,,
0x98e3253fd630904ef28fb9b1dfe23bf11b8d77a62fed579818eaf5c968ba15a9,1764460160,1764460163,1799,104521,,
0x6dc079e664d22c8711c48c3a5ffd1a0659ad0d5bda7dc6bb20ab6b8356ef5421,1764460160,1764460163,1799,104521,,
0xc6a61f9a4a36f1160105e9326c08ea4535133cd5baadb3574302d63602c04fe6,1764460160,1764460163,1799,104521,,
0xcf695e99e0eb499f53f3b6d4d0a07991c54bd1e28fc2f277adce0820a0e67270,1764460160,1764460163,1799,104521,,
0x94c30aa57bc48482ece8bda6631d39b7b0cccf95309fa1d6b163664e05b73694,1764460160,1764460163,1799,104521,,
0xf1728e4764ddb7e490ea08ebcc9b96a5fb8b129655611acf128ceb10ff53bbf8,1764460160,1764460163,1799,104521,,
0xcd8d1219a506e0e85799c578adab9077246b64ccf77102a94c85867e311ed34b,1764460160,1764460163,1799,104521,,
0xcf55a6a396678a14466ede4eb790eff0cd0c4a064bc5b4ba37f7406ecd7c8510,1764460160,1764460163,1799,104521,,
0x83e7780c751047fbad254758d420d96b09cb6a2ea9de42e5d53314d3fce2de07,1764460160,1764460163,1799,104521,,
0xf1ce506edc785630e997d6da837f054990402ddac236ea998a8645ce9cfa3e3b,1764460160,1764460163,1799,104521,,
0x264e4266832a93529518229b17ddbddfdd64e3627db2789c5096550f2b98bb8f,1764460160,1764460163,1799,104521,,
0xd65f7333b1280b503a0da390f05337f9eb41b6c38b181f51b7ddf17a05e7afc6,1764460161,1764460163,1799,104521,,
0x71df4c70723f8b5399f52bf3dd8cf1abe6248df7d015a08f515d71b0d56839dd,1764460161,1764460165,1800,104521,,
0xa82148fef8d47fa724fab9ffbdf292b9296f3da2dfb1ca0af8f42210748e8718,1764460161,1764460165,1800,104521,,
0x6748817d90c931c79ad074c199a10e843236761e34173cc04dd1bb1adebb28b5,1764460161,1764460165,1800,104521,,
0x265b585a3401bfc0bc49b41b59b31d4f3bdaade716d62f0ef23f8fb279696924,1764460161,1764460165,1800,104521,,
0x4a9e4a679152a75eed26068d4936315e777bed38a09f3981da84c888913dd620,1764460161,1764460165,1800,104521,,
0xb4a1fd06a1f6fcfa70953cd92814a96a297f283a29ed2718d67f2649d57f0f78,1764460161,1764460165,1800,104521,,
0x9a6f985e33e7b1215a028574c349de3da530c7e74300b1015a5278041342e752,1764460161,1764460165,1800,104521,,
0x7d76203e7efc03b19d646a364ebe0d203f1e9bae010b8b8f0618dceb13c5f53f,1764460161,1764460165,1800,104521,,
0xbfd20c34ab5321c594d1f3bd291d86e6cfc315d3a48641286162c2ff718d6e71,1764460161,1764460165,1800,104521,,
0x64db7b7348edfa7dbc58c00f9e7772a8b05a08e66f8bdc89e305b6a87dc84a69,1764460161,1764460165,1800,104521,,
0x2f6a7beb1583c8ea022c32041862ee8f01b1d5029e6e4683c6b5526ca6d5315c,1764460161,1764460165,1800,104521,,
0xc8300a3420f8dfe7adf406d014684215a6ffedad2982d48720aef11f3bda75bc,1764460161,1764460165,1800,104521,,
0xe10055ef2e1aa3cc3367de92149e6aa1be16d4c3b0932aa4ba5c9025a373feb3,1764460161,1764460165,1800,104521,,
0x5764a3c359a9dc122ad22e74621bb0f00688fa0ccc49f56fbcde119a07902f65,1764460161,1764460165,1800,104521,,
0xfb8dad872057afbbb3cd52ad83029359198ca902123f1f4d80d42291bbf663c4,1764460161,1764460165,1800,104521,,
0x022be4099b210254484d8a61b505f26301582883e7f2597317664f1e67ecf5e6,1764460161,1764460165,1800,104521,,
0x478ab0a2abaa3bcd0282811d9c219353a83b04950f3e763524794999c938fbcc,1764460161,1764460165,1800,104521,,
0x386ea52e71f09b7d6a2a46434c582c70ab0608c5237e873564161d55ad0471db,1764460161,1764460165,1800,104521,,
0xcb66b68859d8f617ff2175a270a277bd0f5658193667d42abb07d7654c73a4f7,1764460161,1764460165,1800,104521,,
0x6e8670487343e5c6088ff3dc89eed5bcf0ab48a886da9e87da952aff5b1eab65,1764460161,1764460165,1800,104521,,
0x6ca57485e82dc2955e55e6074860384741823723c0de3f1c7a82b9e669a5da39,1764460161,1764460165,1800,104521,,
0x4e8a3b0786f10996c78a2b1ecd05b11d6625e0699e16dea2437650b2a7e3873b,1764460161,1764460165,1800,104521,,
0x43d6194b2ab2029fe9ad43e5973ea5e3146b5a7cf6c9d505ab05654f9f0d77a5,1764460161,1764460165,1800,104521,,
0x46714551a7a3726641a20f0190c9127ab6d4416db983bf6f2032ede810cb204b,1764460161,1764460165,1800,104521,,
0xf1120aec27b6f8ee445571139c21e9ddb49387a4dde21d2099fe3edc04155a0c,1764460161,1764460165,1800,104521,,
0xc885267ebe016f5015026ce508ee61a073e132d5f62af2265298ee0a1724db03,1764460161,1764460165,1800,104521,,
0xa1429448fa87c3a0b903a4b285b6e3fbce7c7a415ea345ed100119ae8200eeca,1764460161,1764460165,1800,104521,,
0xbd3dfcf84b8cf7c38fe089d0fa256b974e8f246574a128a69f512539e91c6b83,1764460161,1764460165,1800,104521,,
0xf889b457aec49d2f0d6e2133f2f8551a4ff3137441210737e58f8a78dd45aba9,1764460161,1764460165,1800,104521,,
0x4d7185a44c9260502b1e0a8b96b46ead2886e646e6909a9e9bc5c7b03128afd2,1764460161,1764460165,1800,104521,,
0x00e3fc748d326701aeb672917a30378f07fda67a466f5dbdc65d535aefa6cb65,1764460161,1764460165,1800,104521,,
0x5441ac74e4f83dde4c153a73750a632c78d21b59a58e5c00e82ec50106479b33,1764460161,1764460165,1800,104521,,
0x0691e15dc96a61667813414bfd5739b88c91bb07bec94ab442d6f77cad0e286a,1764460161,1764460165,1800,104521,,
0xb7940d850fdc6d87a17239578571e909d1b458edefc125c45b2f9e29b981d345,1764460161,1764460165,1800,104521,,
0xbf114de6be67e914a5e5c58235779d650a32cceda68806bb478171b429b2b6d5,1764460161,1764460165,1800,104521,,
0xa0538fb26181c6ee2b1e01e7aecd384dd7cac6f0b42ffa7532e815933a2bc43b,1764460161,1764460165,1800,104521,,
0x4946a21ce695e68bd2bff276bf05e2b607d5d1928b964fbf6fa498bcc7c8ab85,1764460162,1764460165,1800,104521,,
0xd232e8f118a326013e47825321f9d37db39447968a7c55d39e3ee1c5a3e8f64d,1764460162,1764460165,1800,104521,,
0x34f1ff9e84b807d14c71dd0ab22b475463b69c2262b9961214922e4402bc647f,1764460162,1764460165,1800,104521,,
0x451a113694a35955da11bca0153bfc7a0cbbcbfa8435121ab68d55d09e0e4d38,1764460162,1764460165,1800,104521,,
0xbf0276405c7e41edd0a01a0b98bd4020a592cc4c10e5147d33776e307aad092f,1764460162,1764460165,1800,104521,,
0xfd764dbd411e0475d2615fb6fda0a1cc26c6aa1525549085bc5e5611011c7349,1764460162,1764460165,1800,104521,,
0x32704850a3c4a7db3f51b5d4896f5e45241135bae8ec9a250ca8064dde79a0fa,1764460162,1764460165,1800,104521,,
0xe186acdcbc3e9810859a0381400bdd0e9e819e68b891374785101e88764e8f02,1764460162,1764460165,1800,104521,,
0xd22cebb7b571a1b3cb9747f657a834abd4e4a29eef444162577f66f4db9bd480,1764460162,1764460165,1800,104521,,
0x33817a098243d546144dfa66859927fa38dfddd09c3f73278988fb9aef320ea6,1764460162,1764460165,1800,104521,,
0xae413998459026b0011cd845321803d29aea580f36ac76ebac09bbad7aaa4e87,1764460162,1764460165,1800,104521,,
0x07f05fce8ad692781dece61e9487fb2c3b164fc869c8ade3384b738c56f8f6a1,1764460162,1764460165,1800,104521,,
0x97e5e6293af55a189d415c36cc02c7b814e17f189e1304304ab686107f93d7b3,1764460163,1764460165,1800,104521,,
0xaae86c51584aad55bec1e1f8aacb31f5e56a770f6d29da62ffd38a8fb5fafa82,1764460163,1764460167,1801,104521,,
0x8504d9c516b1ce42d35f85ef7ec9757ad5e5b8f0d87da6005815bbc2bf71bb15,1764460163,1764460167,1801,104521,,
0x5ee591186f0cd79a96974906ac14d077bd6fc435d6a8509c81cb280b3a538e4d,1764460163,1764460167,1801,104521,,
0x000963bf5d29aee669aae1bbec2e52ab83eb5ced9c1e7a150339ac3f365d7f8d,1764460163,1764460167,1801,104521,,
0x84b763c4da81b2c4abf4ec6d5ec595bdef41c05bcb36db0fb1f84e6106d023cf,1764460163,1764460167,1801,104521,,
0xc3ce1a00f676899e0096e70660aa31806484cf7556c8d1a98823ed56c5bd7590,1764460163,1764460167,1801,104521,,
0x8002e8c9e3acea53de374c774db5f0587d1ca0c3cf3cd32bdbaea76074b86f34,1764460163,1764460167,1801,104521,,
0x82469a18f7e84062f46ad16f987a22ca9fa460d053f79acee7af8073437cc101,1764460163,1764460167,1801,104521,,
0xf3eb983889e1f9c70efdf867a39d48dd1b33496a629b0e1f4d09ec132520c340,1764460163,1764460167,1801,104521,,
0x6806f66227c735abd0814e7871678298da3eeb90c572fc52f0ff9729198a457a,1764460163,1764460167,1801,104521,,
0xa0aac7dcfd4a17100205a903e8fcd42cb5cbdbd03c24629e9957bb176a689f39,1764460163,1764460167,1801,104521,,
0xa8e63db5ad8fb8e1cd49ef5b81a28cdc20a40350e0ebcbc025c416bb6e3f61e7,1764460163,1764460167,1801,104521,,
0x16317c37b761fe4400efb74b304e9b2bca12430b05a11f89616f3bdbf6b4f93f,1764460163,1764460167,1801,104521,,
0xe965f3accbc6e8ad1666aa98eb1e1e411d4f6b2b77d35e9a18aedf570cdd35b9,1764460163,1764460167,1801,104521,,
0xa759183cd257e7b46339016ffb080ddfe0f6d85b643cb8e28fdbad87ae87cf27,1764460163,1764460167,1801,104521,,
0x0c13509a67a5228b108d7dfc6a3da9106a292da48865ffdd4ed088dcde08f55b,1764460163,1764460167,1801,104521,,
0x5286ff232a818072116d674ca7acbf955189a610f05b2fd253db76c537d85e4d,1764460163,1764460167,1801,104521,,
0x7b25cadb19a57cde1985500f5f638a781256da939b4fc47e31ea10976cf2f862,1764460163,1764460167,1801,104521,,
0x5ed63a07cb423f7dd10c0954267978fee0510a1183e12bbcf00de2d3901036f6,1764460163,1764460167,1801,104521,,
0xfe3389699a55186f225ce6913226648c578055019f9a62bb5922e11019efa785,1764460163,1764460167,1801,104521,,
0xd6c2755e533ee88b624618c339ce3ed76406db6967c61267f6ceb08f60ee1702,1764460163,1764460167,1801,104521,,
0x227aa4cbd8e093bc84fab72d7fdb7da202cb983a87d117a21190ecc11bf0bc22,1764460163,1764460167,1801,104521,,
0xd90140181b78f205614ad9d0f5ee54cae736f80c190c0d41bd9245a749db1e45,1764460163,1764460167,1801,104521,,
0xded25a0bfff9c37b7dd2673adbd9f3ede222d9b1965d481cc7c5d28c7f5d42d4,1764460163,1764460167,1801,104521,,
0x4ebe929ca06a2f754b9f11031b5eadad8caea38eee8adfca1b50270af7a72257,1764460163,1764460167,1801,104521,,
0xba2bc6028e7b6b258232203ff4f10fee4cf614ad6680c33852d4be39af2880bd,1764460163,1764460167,1801,104521,,
0xc31f44b21d169fefd9a6d6c67c8ba6a6693bab66fbf9f14706597022eff45278,1764460163,1764460167,1801,104521,,
0x7239ffddfd8740f4265c7cb0842b6538b145d14f72e92a3f989b6eef333f60d6,1764460163,1764460167,1801,104521,,
0xb0d426b4ad09cd04a99438619559188b18ba702633294fb9abeb1bc305b26910,1764460163,1764460167,1801,104521,,
0x9826a889d0d780009bcea9baed085b8e259055eb396dbde886aa6aa767e8e25e,1764460163,1764460167,1801,104521,,
0x8bcaf9f1378e2cc918f0fe1fa9708e903a9bc63767dcda8cae977117ad8699da,1764460163,1764460167,1801,104521,,
0xab68d6af40fd485a18f09820b7e6e9a6eb4999b300088dccd2d8c4f736f461ad,1764460163,1764460167,1801,104521,,
0xc70ee2b07a25c047e4e6fb29abe2e0008fa12a085f823590824b00c502dfd198,1764460163,1764460167,1801,104521,,
0x2fb2945316918f3cb0af296e877e93f3735eba765ae6270125e1ef33ac58d1aa,1764460163,1764460167,1801,104521,,
0x61c009b93630ed6818a6aaa658ee62ee33f96f6190326cac39e5bd2a42f60cf3,1764460163,1764460167,1801,104521,,
0xf9256e798790e17096794ffe0ebfb4acaa92d32ae01c492e277cdf5915978ae6,1764460163,1764460167,1801,104521,,
0xbecca545901c13ae73edf197836e1f06ba904e0c431cef34c3b55e2e1d0c9407,1764460163,1764460167,1801,104521,,
0x7f0999fad5430959b819ecc4ab523e32e706f917ebe2779e69e82bc1916a5c0b,1764460164,1764460167,1801,104521,,
0x6e4e4dcd4237f50654e3aee33322690eee16e5b5d849e9672511f61a26de5c1e,1764460164,1764460167,1801,104521,,
0x0df2e844e2b669a2f904214bc866343952834223f1fad29f5911e6af182ae569,1764460164,1764460167,1801,104521,,
0x3ad3c059634494dfddfb47baa8ff903e493f4f6d0fea3ec56054b0d862f82412,1764460164,1764460167,1801,104521,,
0x1fe0b4fd9e8f839bd6fc10918d59221f08c48228bfbd1ba8b548a9615e7c6211,1764460164,1764460167,1801,104521,,
0xa43c542718aa0a2c878156a84f02ca9226e1ab359929b666dafde62273edf261,1764460164,1764460167,1801,104521,,
0x2f146c676f3c8886847abcac62b4f3cfe8084bd471835cc0822d13c9048a9943,1764460164,1764460167,1801,104521,,
0xd7c511cfaeb416f9fbdab8c14e27be11b0597a90832f8b3b0443472a6b5ee70c,1764460164,1764460167,1801,104521,,
0x45c12fb5fb6b5eea5f5ef5028d0f9f7d1f8d28aa989d62b42138c168a01d70c9,1764460164,1764460167,1801,104521,,
0xb476cdcc42c43b22d092fa49744a8aa9995c0e4093a111bfc200f904d8d15dc2,1764460164,1764460167,1801,104521,,
0xddcf0c7b3c825e1e799e2392c4cbdd8d920a479ca90678a707221ea2f0768014,1764460164,1764460167,1801,104521,,
0x602820389615309cb52240d1ca3f6dcca535e72fcb0c1716306a97c8d97955af,1764460165,1764460167,1801,104521,,
0xb3ffd934c4bb0f078ce3de08dce229ae67025141d346d60bf310f2211af8fc5c,1764460165,1764460169,1802,104521,,
0x6acf1929fb2078fcf92f7586cad79043324c583e19b5a17a96a7ebd31d6896f7,1764460165,1764460169,1802,104521,,
0x7a94cb29e315545aedea14c076530f1bbdaf2ef6c97ea6c11376f2267560955d,1764460165,1764460169,1802,104521,,
0x35fee486cf7d71741410669f9808ce898efc990884e7d36a8bf7f5ba1ab67f0b,1764460165,1764460169,1802,104521,,
0x61ddf7e05fb82b85f250e8f919af0b171cfd37e77d842b45177c3b85569986f6,1764460165,1764460169,1802,104521,,
0xe623b7eb060fa784776b69bba4574c4b444e11e360fe9cf7ea1cae3cf5a1a276,1764460165,1764460169,1802,104521,,
0x77256b21db4c36334407a99faed2754bb22488a7cd6416743662640f76db67c3,1764460165,1764460169,1802,104521,,
0x893c2c1c1cb077813d65cbc045119984cffe6ad57119c6f72db7f612f077cd8e,1764460165,1764460169,1802,104521,,
0x13cc3d13d0d4eccd2954524f58fa2f8a6609367eb7a54a4ee675b2b5fb598f3c,1764460165,1764460169,1802,104521,,
0x477111911efebd6db5d3912720b23f88a537584326876f9b7b8238f612bc8d76,1764460165,1764460169,1802,104521,,
0xc7d97461ab0bc1df5865b8442d88446baad494c9cdf4c71c0719d2dae723047b,1764460165,1764460169,1802,104521,,
0x5dc446cceb7f850883a1dc52385c45728f268af96451f7d64cc870f9e94dc221,1764460165,1764460169,1802,104521,,
0x5328392ddb1174e60be757528808db3a97f0b60b8ec2bc0d09499f0f4b578501,1764460165,1764460169,1802,104521,,
0xf78b2b1c067ce4bc709c40db0005250083d74f94cb4354dcb3747d302301e045,1764460165,1764460169,1802,104521,,
0xc1b00799dc0ee827daa4c30e2ac4e20a2066dd8144ae051744f63576ccc50ab5,1764460165,1764460169,1802,104521,,
0xde251defd5e3a8eadcb9ab4dca32aaf67ab3deda0a3c58293d3cece287fa13b5,1764460165,1764460169,1802,104521,,
0xd0c413ebc4778ec34c1f836ab6859baaf566c90513584665ecb3499807922b10,1764460165,1764460169,1802,104521,,
0xa6c104928f6df89fdfc1e4fa67057fef0854d523d4cfdeae31e2f104ef4d70a6,1764460165,1764460169,1802,104521,,
0xa87346d4be6e468847a08f80416d7899522ba70b37aba2efa0b25fd5bf274c89,1764460165,1764460169,1802,104521,,
0xd7bdf4b8d8542142993bbbaceebb4a8a164ac1f0a559937911e88d490061130b,1764460165,1764460169,1802,104521,,
0x4189c0c2b55baaad5a0c5bb6fb133ee018764a29cd882937b200fe53ee829155,1764460165,1764460169,1802,104521,,
0xed42fb2dec630b6e11a54dc36e1312c967a9cd0cf768606fd519e1982020c9bc,1764460165,1764460169,1802,104521,,
0xda0b47cf62b672b507370ee00056185594784f1c1fff49dbefc456b9c0c84784,1764460165,1764460169,1802,104521,,
0xcf42058696edb448d864927623c10e4ecdc3f17c2f80534855ef465c3bd7047c,1764460165,1764460169,1802,104521,,
0x25d2d6a67165a2ed9f55c4e17b50588de19145f0a5b2c0837d5da6df8a2129af,1764460165,1764460169,1802,104521,,
0x0f30e27630b4d652898da77841d2531da5cb428a1c9528e51f90a313fa47b38f,1764460165,1764460169,1802,104521,,
0xc0db62cc0a695361e0f66196fccdd6fb63223987f5c9a2a2424235287c9a53e1,1764460165,1764460169,1802,104521,,
0x520933ed0cb512fb4dce9b6e4d76a81aba0ecb1cef82a95a43660fd01302faec,1764460165,1764460169,1802,104521,,
0x6948bbd544a1cb34342a1ba85fd3e22ac0e73f1d744c9d496bdf56b6db041ea0,1764460165,1764460169,1802,104521,,
0x31da1019f41ad5d878732ab4cabcd7f4e11b57b6202180a1698a559de8363aa3,1764460165,1764460169,1802,104521,,
0x437ed064617e004930417ad5839cb11becd90928197c81f54daf97ee42546a7d,1764460165,1764460169,1802,104521,,
0xe5720dcafa5a629632228ba7a7592f0ff7314d7f0c9a5d0ef047dcb327337215,1764460165,1764460169,1802,104521,,
0xd2a1a3e84273d2af8580ba37179efbcd4ad5c61799e4a8e548d7471b57eed7d3,1764460165,1764460169,1802,104521,,
0x35e657df0133d010123cb469e1f232950c6f20b0939dae7a1ad95875fd695f87,1764460165,1764460169,1802,104521,,
0x696788373807d64ba2f8b30b443303959b93bfb30a0fb319f1f5ae0a56c99aca,1764460165,1764460169,1802,104521,,
0xf307eb2e1c544d6696c4826923023496bc8a3d8774d3128598b52c3b258ebe6e,1764460165,1764460169,1802,104521,,
0xa65ac2a91d0a8b655229ca957e7979c102df8dc65e45f08aff7851b61263c872,1764460165,1764460169,1802,104521,,
0x5d9e31354a07dfdf9dd28e61955621699cc1ce9e7edc641f13f8ba129d032fe0,1764460165,1764460169,1802,104521,,
0x8382c035a0b49b9fee9f344bbef1118a195caf3ca9bb53322371462184843867,1764460166,1764460169,1802,104521,,
0xd9c354a570d95f8883583bff687b0be78f9b9fb38872346b702ec3a25d84500d,1764460166,1764460169,1802,104521,,
0x2a095647616c29d14b44b2210326f5249e61f397ed341451cd217e789a75dffe,1764460166,1764460169,1802,104521,,
0x99761d58d5d29f2b630aeb4dd94851a2e5402d6f53fda36147582146574aa103,1764460166,1764460169,1802,104521,,
0xd62a1a5e0b0a65716daba293352edf0d72f89b27f0ec474051c822eb4a5f1d2a,1764460166,1764460169,1802,104521,,
0xca4c78c4af72f35add36269184b9922f239b48b107f00e8570c16cf73b9b2a94,1764460166,1764460169,1802,104521,,
0x654941dcf337a40abe11a9dd919d4bd413909eed6bac099507b6e885c8b7bbf4,1764460166,1764460169,1802,104521,,
0x1a72cbfa07899ccc0505fec11e2431ce6d53465380f016f2d86fa4a3783108b7,1764460166,1764460169,1802,104521,,
0x063cc2784815acd9a5e5546974901b778de6bc71db3619cc81ccdcd91095d726,1764460166,1764460169,1802,104521,,
0x15ab1c94cbb85ab64da9d853d2593faad1abd3934cca8cd6dbdd6522352544db,1764460166,1764460169,1802,104521,,
0x5366e95322d67a50ea330bf8eaa84161312ac7fb64a1be6a284cc041dac49b87,1764460167,1764460169,1802,104521,,
0xa5ca315bc870933d6a8d78e618dbde2b26f7a125ba0c8d26142d003f99ce1a98,1764460167,1764460169,1802,104521,,
0x48e25569e70bb39850168285cb81cf1d38215e809510f6f8eda97fb539f596dc,1764460167,1764460171,1803,104521,,
0x898a7d188576df3aedf36234b1c9105ee6b5a584e5afd9087712e58d85fa8148,1764460167,1764460171,1803,104521,,
0xe808f29a051c396285d8e6283a55eee2343ec58a4f050e5d94c2ec34039df3ac,1764460167,1764460171,1803,104521,,
0x1f4b89bdf8c4dda938f81d87eb9c30e0712a9e606c0a9431dc0d83d7b51174be,1764460167,1764460171,1803,104521,,
0x9f384f55e8724bfae72d5010ffe0b58379d4a08bc293bcfe23c9558661efeb56,1764460167,1764460171,1803,104521,,
0xceaad5463769d9907559eaa6c0133754c21629082559c2eea4892d49fc0f3a77,1764460167,1764460171,1803,104521,,
0xd1219177a16c6ea22ff12058eb527e276fbc4cf5fa1543d1301d7d832e61e2cd,1764460167,1764460171,1803,104521,,
0x856670d533403e75c56bfae982b2348d4052df2712d9c701ed2ed6af0cbfbbb9,1764460167,1764460171,1803,104521,,
0x8c8e307fa8c00700cb522e2b9704015e4da381654d2a58d88193a509b1f1dbe0,1764460167,1764460171,1803,104521,,
0xd20cb83b4d6a5edbc6fbef49f7f9e350a404b1d4ba5792e4438b794b61801658,1764460167,1764460171,1803,104521,,
0xeecf4663d2330f539db0fc46d31daf73b14ea6a3aec046d95eb3c06b446566fa,1764460167,1764460171,1803,104521,,
0xd8c5aba6be523f51d7d145217ece393b91d4a199e9ae751e5b28c554fec4ad78,1764460167,1764460171,1803,104521,,
0x3dc93f3ab3dd335606afb82cc494de28eb7b4f726953a1d1279f74e25df56486,1764460167,1764460171,1803,104521,,
0x1207e87de524b918c28054cc163f07218d86157ecde74ea457a60670f932745f,1764460167,1764460171,1803,104521,,
0xe9b508d1058110ad987433f1a5b0aa6cfc79546c58f6adc63c845ff67d527c48,1764460167,1764460171,1803,104521,,
0x648345d103615d88aa20f25a8767fd5606aa4735281431596a6c33ffca415098,1764460167,1764460171,1803,104521,,
0xf004bad3d08fce28c0e4fa67b94e30b5e604684f027ac87a6424d5dd24ef101d,1764460167,1764460171,1803,104521,,
0x45393c0bf36602b2af764ec02c2dbdcdf885f10d2381b073a536daed37ff80ea,1764460167,1764460171,1803,104521,,
0x6c8eee9f7a8e60c7f25c1e107101824c1cb0cd212045ed51918e746d67b513ee,1764460167,1764460171,1803,104521,,
0x765051239547fddb8ed55bac0bb3004c0b1d873c2741c29c3d87e7c8649be357,1764460167,1764460171,1803,104521,,
0x966f7197c7a39191e10b28793a4524a96cd9df42416022710ecd3362fd47b85e,1764460167,1764460171,1803,104521,,
0x2f20c550ab02ddc4691efd36fc65c30b2a5ee956f6c05fa9ee7c912b982ed90f,1764460167,1764460171,1803,104521,,
0x0f1859230979270f54504d5fa6ee7efaf42c1d1f9898ced8ddc2c09b2d840059,1764460167,1764460171,1803,104521,,
0x9dc196df126ba1967e6a588f31ee5d2b385ed52987a4796ede40c83677dab1be,1764460167,1764460171,1803,104521,,
0x2394080674af68c3eb9841f6763069877014255877c975139158efd0542a5111,1764460167,1764460171,1803,104521,,
0x053624cc58160c1b98ec2f219ff5eddeb2a478e1992f2be9a4bea7d537099664,1764460167,1764460171,1803,104521,,
0xf341a40b159469b19f78c8f273c9c0c494b59646349870d2347c6f3cd5204665,1764460167,1764460171,1803,104521,,
0x23e70ec0829d7304fd83d3aad89227fcf5dd26b7d3114f8fa5a64638a79c08af,1764460167,1764460171,1803,104521,,
0x3882548770ebba6bb73f2b1454a9c13423802ad573d974fb935e7479cfe7abc8,1764460167,1764460171,1803,104521,,
0x9b55b02b8bef1e43fb852e3bb3f375f29029b5e580de200ab5507bc7056d4e5f,1764460167,1764460171,1803,104521,,
0x4e4f630e6f3359d5666c7450d7ef9bf3abba8f7e8f5df99fe457d53085c01311,1764460167,1764460171,1803,104521,,
0x0a9f08d09804c87704d03b09a7d6c89fa4781b4ec8c842bd48936ca210cb3e47,1764460167,1764460171,1803,104521,,
0x3d60dc3a5fbc05601a15f61ad251fe69fddaba65cefaaf6620243a3471813bb0,1764460167,1764460171,1803,104521,,
0xe29526e494d9391d7e97af0234e50ccb5d554220feb42d58a399db5672b4f11d,1764460167,1764460171,1803,104521,,
0x73b4fe2a428d0070ab73a99a13060d047cbe6627068092cf49df3bbbd153a210,1764460167,1764460171,1803,104521,,
0x8504aada7e724aa6dc717abfb45c727a4f85255d91abc506a1affd786dfd5459,1764460167,1764460171,1803,104521,,
0x6728a474f9a1c0901cdbb607b301f4830b5802480b3587e38044200110d3e46b,1764460167,1764460171,1803,104521,,
0x7b1e0cfb0ad02eedef3bfeb6d9c9d90b74d49425189dc43507acc375d0fc41cd,1764460167,1764460171,1803,104521,,
0x3f1d71a8605465df83b3e90be3c3a985df3d9fbdd72dc33ebaad87f6be773808,1764460168,1764460171,1803,104521,,
0x5d879b0d32a4bf723269c16d426ee58531023bd9a5646e83375138bf134ac53d,1764460168,1764460171,1803,104521,,
0xb6ed00fce7305d2dcb5ba8dd6acc97c5f03910dac1a268be3936970feb13caee,1764460168,1764460171,1803,104521,,
0x6c15f14ff5c9e42ec11eb0a50bf81cf183b13d3dc8b0f8e02e32636d671ed3e7,1764460168,1764460171,1803,104521,,
0xfd6a29daa3af9847a27cbf137ada4bcabb88ce32e1878e8fb4e39652ade37ad1,1764460168,1764460171,1803,104521,,
0x468e38a03e2d4e162f068dbfa7a504006bd55e6b7bec81306930846824ed027e,1764460168,1764460171,1803,104521,,
0x33717939d00374efe20595324d88337185b8920ba697b9f582be14ec0cc7ac61,1764460168,1764460171,1803,104521,,
0xc6aa2f0dd38f31fe3d952ba615a102a02eb6eb1c39eaeab300290d4dd6326437,1764460168,1764460171,1803,104521,,
0x00213578e4410699f4be60a0b10b18b2ce623fcde66d7222f035969e8547f60f,1764460168,1764460171,1803,104521,,
0xb9cd3f95c2da7c9750eb71a35b1bf2881e1f4eb4c4fdeb04ae143dc39f252128,1764460169,1764460171,1803,104521,,
0x6c0c53536b71b96fbdda42a3958573cc6c57f41aaa4550613add282dd21cf91c,1764460169,1764460173,1804,104521,,
0xcacba4cd2a92ae52ee033638d4f7a6afed1eed374bba144ce7ad2bc646fd5003,1764460169,1764460173,1804,104521,,
0x1be08992163f5adb362aad63d6f7de3c14706e1f2d64b2d39a3e6a4083e03bfa,1764460169,1764460173,1804,104521,,
0x2d9a23f098317fb73a9d88ef4a4eb32fe152e766211dd4ba078e2a3ac6f7faa4,1764460169,1764460173,1804,104521,,
0x658f9260507cf163d838d1d869b703f499e04a546f480307bbf0c2cb57ac7151,1764460169,1764460173,1804,104521,,
0xcf5c20823a6a564e9f940efd11a5cf7299d46b8d1ea5754d2e711e1437a33eb2,1764460169,1764460173,1804,104521,,
0xc1d723bd09b111f49b93ce0dd3ab9a172cccb0f71e4f167d13308b47510b92b7,1764460169,1764460173,1804,104521,,
0x29f90c7f72818c5301c8fe3d3d72505f33590b584d0dbe653acb17cc3d027bcf,1764460169,1764460173,1804,104521,,
0xe930a2f85307c4eba175463f38e0963bd38189edcbf24b6be9cade291be72518,1764460169,1764460173,1804,104521,,
0xa87ec9fc74b0d85323bc77f92bc0c0b7823a8c9d7b4d19ef044700618ac52122,1764460169,1764460173,1804,104521,,
0x4dfab88d6d37463dcb19f246d7afbce16ef3da2a569614232cfc5e39296e8ca1,1764460169,1764460173,1804,104521,,
0x819585f898f3cb00d763b026f523b4315dfa2d2e2399249c8193e10cb13b82af,1764460169,1764460173,1804,104521,,
0x1fc7c4719580ec9ea2118ab0ef6c9f9171e42b9eccc2cd328d3a5e5d5ad454e5,1764460169,1764460173,1804,104521,,
0x0e8ab7b7c6ffa70acf206f344871a78fb5f20b00b7ffa4ff7d0479da29eddd80,1764460169,1764460173,1804,104521,,
0x7b409658b606f665dacaea5ad6bed35f3a47914f674aed22d002601084bcf69c,1764460169,1764460173,1804,104521,,
0xa44001ddc762a7cae55ea8c6532b18fc80e620b42c94b30dd190b2560349d870,1764460169,1764460173,1804,104521,,
0x46b1f4ae02cbe817c486df58faf56db473093a9721701f85860382e821663137,1764460169,1764460173,1804,104521,,
0xfb3c194464d1d5e200f15e70aba0e1830599efc36fceba41249a6aa9336dcddd,1764460169,1764460173,1804,104521,,
0x75fefb4fb97035e9370f40322a1e5be926ce15c93cdb3534b33fad709a1e8cec,1764460169,1764460173,1804,104521,,
0x3654fb052b1d30d8a3b39e8af91c31bf0c01bb4ef7b4c63dba3788787ca8d34b,1764460169,1764460173,1804,104521,,
0x7f28203a7e0167b5accad754481b0ea6ad4d9e029a9840fea61bf5d4cf17dc44,1764460169,1764460173,1804,104521,,
0x51b11f9b964205c02acb26317a80cb72fab67975b114ddb10c3fa805c0fee42f,1764460169,1764460173,1804,104521,,
0x41fff1de7ce3ac5a003c78b865baa8c1f97df7344b1d6a252520c49fe3033e07,1764460169,1764460173,1804,104521,,
0x0bf33d0a10904665c5a37a915868688c493aa612b48cee46ba83797e698547cf,1764460169,1764460173,1804,104521,,
0x5094e6295d3d666916e5c61bea4dae4546b31ae6f5dde52a046942c01da756bb,1764460169,1764460173,1804,104521,,
0xfd14a81838e41ba5834aac06fad23182953833fbe6e63f9f7e5e6fba351f3741,1764460169,1764460173,1804,104521,,
0x107cd1f23290f54dc0eb5fdbcd02b0a349528772ef17365538c7c23f43ea9cf9,1764460169,1764460173,1804,104521,,
0xde027c210a48505c01b3d8b8f47e17c3b7578692f8bb8f1503b421b08c7c10e4,1764460169,1764460173,1804,104521,,
0x5662d490ec791221c3b96734b644e0ad3c9ed9b4e4de0ecec879ad4188f9826c,1764460169,1764460173,1804,104521,,
0xd9b412d760e5c841e9b809dc9fcd50f211efa79e514707ccb2e8f635502c463b,1764460169,1764460173,1804,104521,,
0x0fb75e82e49ea2c5c140b73a8886d9a79344f27344a307983a6238123c178b08,1764460169,1764460173,1804,104521,,
0xfaa29c02db0466796bc6e51da5d3b1ab58bcc83b645ce1b38d6b926e38792af2,1764460169,1764460173,1804,104521,,
0xfcdb43fdc7f448071c84540ddea852410a93994d1e91f1d10e84c1c9948f68d4,1764460169,1764460173,1804,104521,,
0x85e22519da9a01231f9584e28f597fc577e7329f37d7c3fbd7c2dcbea88a7b90,1764460169,1764460173,1804,104521,,
0x8c0d9064512cf746ba7229f503c93fa7cb278b713838bb319bfe7dd4fb7c1e83,1764460169,1764460173,1804,104521,,
0xca52f3d0c2edc11d12981fea9347bf73912110385b762816cb955a3476c4d26d,1764460169,1764460173,1804,104521,,
0x40d7174ce9a8bd8fd02fdf3588fa0a6bc4bd007d703b0bce5caed41083da40e9,1764460169,1764460173,1804,104521,,
0x5dc117d0dc2d0d6b9c1f9fc0557677098a98ffa09492ba23dddf8db5d43e2fac,1764460169,1764460173,1804,104521,,
0x2a376c03924b5861f0459eaef7dfebc2f1e72795f991beb4059fc21af86266cf,1764460169,1764460173,1804,104521,,
0x2bb3b9dee72a7125cb88c4d5595cf3fa3a256568c552ef14f723c91fe1274415,1764460169,1764460173,1804,104521,,
0xcc86faba71185aaa86e2b1dd91f4cb9e3ac7349b5a4063f9c9d9cda6da713f74,1764460170,1764460173,1804,104521,,
0x5d60210874a0501e6da6e1e5703357bb219a50270c0047807a4b3d7d36661347,1764460170,1764460173,1804,104521,,
0x2f04624a95bc92cb300eda2812bda00b1e6acadb38ebba5d0a41586ce9241850,1764460170,1764460173,1804,104521,,
0x8049bd0d268f7f03f949b133b3820579d31f9188ebe1b5090ecc4c4c6e55c628,1764460170,1764460173,1804,104521,,
0xe4f8ab01da0d69e5b3deb680b06bdd69bace0bcffcc2e8ce5c59f24506441432,1764460170,1764460173,1804,104521,,
0x462c5f4644776b937c3ff7979d5f96b5ca0e9ae95a96a1817b67278c7a00e88f,1764460170,1764460173,1804,104521,,
0x14c59b98a50d609f71edabc583e83f2242f20da3758219753b8e0576b13896ab,1764460170,1764460173,1804,104521,,
0x5c3c37438eeb418a4f37d9339ba49c9a97c140a4c87ba2678b48e7b6b0992a34,1764460170,1764460173,1804,104521,,
0x718bd7f3ea9ad610e12c007028ff076c9229e4c9a95000e31014c69571b33d73,1764460170,1764460173,1804,104521,,
0x2a0d8cba9ee9d84dcd4b75dcc1e417c93038e43a938bd4b5e71379afc0203dbf,1764460171,1764460173,1804,104521,,
0x83fbe51bec4b1a0eca17617ff4badc73258c5d3edd73db851f6ec18f15e14948,1764460171,1764460175,1805,104521,,
0xfcf37e8f5c92601326d474c6ae510607681f3222d9c9b096f9a6aee4a81840c0,1764460171,1764460175,1805,104521,,
0x1733c61e2e9094feb59a7b06eeead506feb5f17e7099bd6824326eb375f3a8f6,1764460171,1764460175,1805,104521,,
0x265f017ba45bc2a2282efdac1e6b822c42a887b5f51e4dad728764b98bf58e98,1764460171,1764460175,1805,104521,,
0xc489f309d8b9b6cfec7433f147be5fc1c19d8198ea3f5d95afb09eb5b8154bbc,1764460171,1764460175,1805,104521,,
0x82fdb7265d70e3c9e48e3480f70cf7de747f6f95ab951e91244ad99e058e507b,1764460171,1764460175,1805,104521,,
0x9b99ea3daa827a5a4e5be9fc8518651879c234fb5df64c2c06a34fb85dcd2988,1764460171,1764460175,1805,104521,,
0x7251591d38e698269f9fc14a1f5ee01d8107f92ea83f3edf6a6c57147caf4c96,1764460171,1764460175,1805,104521,,
0x7fbd847e4b710d984eb528ac3a6e8ef6bac2ab0434bf88014b691828b1430587,1764460171,1764460175,1805,104521,,
0xacc0ef25eb2367496406d46af498e27be29e85a4fba615b3cf55288a4ccb596a,1764460171,1764460175,1805,104521,,
0x7db8ca84b209d1f20592231d9d9eff65fc412ced4c9c5ea1df309efb35823fe8,1764460171,1764460175,1805,104521,,
0x88f8a203ff5cfc37277842ec34441ca1a9bf3c1884dacd7de74284f781f2af49,1764460171,1764460175,1805,104521,,
0xad9d5d8aea42a691d8b85842d259e61aa5f0beb2f688056e469a2ece2fa1a33e,1764460171,1764460175,1805,104521,,
0xdd21c9b5939727895480fbc77b32d59d8ff4f3d68101de7a7d441397da1052b7,1764460171,1764460175,1805,104521,,
0x3954baffe5f86a3908612e1ad7905513d3414412a17ef5b23ae40f4dea694f80,1764460171,1764460175,1805,104521,,
0x91a288da79e24716242103a9c8a7a1289075b08208cf6ca58b5c0675bd46409f,1764460171,1764460175,1805,104521,,
0xd61afdad99b921580bc16838b742936a0de907ab1721dee7fc0933349ac229f2,1764460171,1764460175,1805,104521,,
0x66749025086224ee9bf0956ef3662dfb49269c9b79a1233d3478be3a0e60ae33,1764460171,1764460175,1805,104521,,
0x33d54ceeba205b091adb6803dc4efbe7108cc4daa7d526d0c8e77754f1a796c2,1764460171,1764460175,1805,104521,,
0x25a1a438fe2359b230f30d1aad23c1738a0b27026b4c38c54f57f6494ee7739e,1764460171,1764460175,1805,104521,,
0x8cfbbe23c8df0d227e9a235e6b2f1d805f56211081c895e963b8ba5f289f18e6,1764460171,1764460175,1805,104521,,
0xe8f8c62e4b12c84ecbdaaba2324ff98f13a2f7a7b837fe6a1bd251a8b8eb0c43,1764460171,1764460175,1805,104521,,
0xabc98b5496d71dc7c523f7af5faa8093125400729a4341ca21b5c2c768e77d57,1764460171,1764460175,1805,104521,,
0xbcc02132231b5d3d49996bcee7b36f25b644a07ab367c231fb2631ed33c7a7af,1764460171,1764460175,1805,104521,,
0xb5b70b08f2abce9e591d700b70d9319bc2e764eda5e775771909cacd6d12a9da,1764460171,1764460175,1805,104521,,
0xa0fb002eac68b21b3706fdc6694f34a7644c2d7867c58a4dbf67b887b0116f57,1764460171,1764460175,1805,104521,,
0x2daea40a4775f3b0ee1546eb7d486edeaeec1c08ba4b83358503b1ee1ff74390,1764460171,1764460175,1805,104521,,
0x0c271b8ff9900339078be2e2ce2db87731d4fafe3ab78ff4af2622118ae4f373,1764460171,1764460175,1805,104521,,
0xb66bbf98cdcf8d4a6462b212cd5305a7e44be1fbbaa0c9a7c70e433e950a458b,1764460171,1764460175,1805,104521,,
0x76826a90f6979a439d70e86cf50ebbe6f110146450d4032a8cc6c70ef44f3fcc,1764460171,1764460175,1805,104521,,
0x1b42aa2a806c33896aa30eee80e8a6cd6dec65b5117e21aa536e9fad974cd343,1764460171,1764460175,1805,104521,,
0xd156516f9433fd4ca81d36f11be8a1b6dd449824755e7afa783906f6550adace,1764460171,1764460175,1805,104521,,
0x21c4d4141cefe5b193f7623dec7c614993b724d141e1a253e487591ac400877d,1764460171,1764460175,1805,104521,,
0x793ca9c55d39aefd7986bab00439265f63bec9dd0870ca1b21143a0c31b0a294,1764460171,1764460175,1805,104521,,
0xde37259cb4afbf8df69de2c9f4d87929000e4b475abab5aacea98f2d3f4af076,1764460171,1764460175,1805,104521,,
0xb5b2f23ac955e0a7a53de833ccd672cecef7b53892e7ebcb1ea740a9d93d0127,1764460171,1764460175,1805,104521,,
0xe415ce30e64d116b943e9330390ff66b06427c475238a2aefe5509500600a0de,1764460171,1764460175,1805,104521,,
0x3dd9240665c729e7d0aee515322c43b7db8a5787f0dce33e99cd48c8d8261ae1,1764460171,1764460175,1805,104521,,
0x752f4bd644297de232070d50403b3804359a20b02a4ce01a8766b7097d8960b9,1764460171,1764460175,1805,104521,,
0xfadd12accb7697072068463e180f47263fe2a02d6cd1b1cff9ee9e2aca622587,1764460171,1764460175,1805,104521,,
0xeeb5f972d4aaad21c74479f6ee3871581b4696b44566d4c884f0c04dc93c5ce9,1764460172,1764460175,1805,104521,,
0x1627dbbf5994e6b5ec5ea6732d3fc7d5d1a97adcc3384278a750bf3f5d0b7f60,1764460172,1764460175,1805,104521,,
0x0aaea784e77ba594c11e4bda3a06aab6e15fc449e563ce5bf5988021f5ab8d82,1764460172,1764460175,1805,104521,,
0xa1b22493a6396e253feba8301adc34381ac11434ad08ee95982014baa485b262,1764460172,1764460175,1805,104521,,
0x4851c902f4adc8efd5fecf835804fe1e7ffe8fd7785590c8603f8591ef9e023f,1764460172,1764460175,1805,104521,,
0x51985d45ca0e45bc85c212d4763646ef6be4b617d7c82ddda6c17f887a3693ec,1764460172,1764460175,1805,104521,,
0x4c93aa8a24d8cee1a4af21292f5fe9f01f3a6c90e79f28a8673ec3c0f7851b4e,1764460172,1764460175,1805,104521,,
0xf2342db1b50be63ab039df26381cb3abe47aac0584981305c6ef8f1dd05a9096,1764460172,1764460175,1805,104521,,
0xc03beb868765aee11a1a7f1344ba9681507747e5cfe1f79e06e629c901157754,1764460173,1764460177,1806,104521,,
0xac08bb8436d61458dc89975aead690505685435ccde3ef6a8583ef5f73a5b8b9,1764460173,1764460177,1806,104521,,
0xa50fbfe57c5f510ca5175ff87f04f3414228f852245f2da7101d50d243860c7d,1764460173,1764460177,1806,104521,,
0x39131fc4e241a42486161f1aee7423e36b4954bd3cec35efd32d6c3dfd6ecafd,1764460173,1764460177,1806,104521,,
0x9c34e2ec37608caf6e53fa11c543cbceedc4b7203bc3cf9290e96883a11eefbe,1764460173,1764460177,1806,104521,,
0x4c56cae2d6cf167626d7cc952563c2d3cbbe4a70095f600c1b0292b9d38b9d34,1764460173,1764460177,1806,104521,,
0x4f4189860fe4a17d7be0142638a0fb58a0ee4df3d87dbc2b52f0bd5d849a9e66,1764460173,1764460177,1806,104521,,
0x60bb3b8eb091e7c9b6b068f4aec22c366c7ffe83a7cd351d33e3aab3fc840ab2,1764460173,1764460177,1806,104521,,
0xc39472b69b9aa9b8e8696c5f778f43896e18487ee98c5dadb5bd16f248044c3d,1764460173,1764460177,1806,104521,,
0xc1d93dc2033f42992d056be615d788e9a93aa0503c3adb4c252b8e0040595e23,1764460173,1764460177,1806,104521,,
0x31b086cfd2af2369d0b6db6cbbc7672af2cdf4c1fc642e5a4bab065865ab19a2,1764460173,1764460177,1806,104521,,
0xbd3f0adbaccdf5c51d2cc8fcceb7be5922a96de83fac14fc12a474a8456dd402,1764460173,1764460177,1806,104521,,
0xabc1fa1c8d241fd5b1c1e279f1936d775d284cc027dd6bec5276ed9c4cd81ad7,1764460173,1764460177,1806,104521,,
0xd1ed56f3e45867d894f4b9caa72186388c5fe26623328ee3546cc3e90b1788bf,1764460173,1764460177,1806,104521,,
0x513c39fa67d06fd8e63e519fd2e247a75e3987d62cf02789edd612b0ceecbd29,1764460173,1764460177,1806,104521,,
0x4203c65f7722d177e8168dde8a6c68283833e166bb1de0d0e76b66a56f96267b,1764460173,1764460177,1806,104521,,
0x962b6011e44e3185ea6d03f73580eac27f23d4ca139a7cafe488152738ab371b,1764460173,1764460177,1806,104521,,
0xe69ca04daaa0e6644ccf4246d84d2512950c02eaa0580d76233db516d6ca7a26,1764460173,1764460177,1806,104521,,
0x8910fbaebe4259449a1da1c7635ae6f1a19ed6bd54f1016e29eae6fd0b95566c,1764460173,1764460177,1806,104521,,
0xf2f59052c96b97c9c68f9d84eb642ca9410ce3949943208ea29daf89f342f7bc,1764460173,1764460177,1806,104521,,
0x745e7396e582952f121458fe2ac1e919317ac64835758a8e2ec2ca680c42f44b,1764460173,1764460177,1806,104521,,
0x203312fdf742a47663e78a40eb9de19711fee49a51b641105b8ee874b9dc73ef,1764460173,1764460177,1806,104521,,
0x7d66715e6706bbc028ae600953ad0b730c155e8147400b87578fb2296a9982d6,1764460173,1764460177,1806,104521,,
0x8c12fe703accaacc5f81e5052443388587e9be5283ef21684550076f7db038dc,1764460173,1764460177,1806,104521,,
0x8bf995dfc482535e781503b85fd2c9b5b049e1138f8c7d0fd4ad2e8a4dde8ba4,1764460173,1764460177,1806,104521,,
0x73513a4ee0758c7a4fdadd0d3b7c22bdfa33426b290b7cfeac18e07b6e7054c2,1764460173,1764460177,1806,104521,,
0xf8a0cd938556aec384e5b138fcb167b042f185da32a7154808f9255734d8f3e8,1764460173,1764460177,1806,104521,,
0xa054336cfb21be21f4fc78a332e5cf8d9bd52c2050a9afe8cfcd4448e8225044,1764460173,1764460177,1806,104521,,
0x22b494fa3b20aaf55e53a1624115a2f2466d3f03afb7c806bbafeb47b0fcc13b,1764460173,1764460177,1806,104521,,
0x72ab4af6093bd404ce8085e15ace8a778b6025f51d7c212d27744a33aa9fec0e,1764460173,1764460177,1806,104521,,
0xcf4ef1113bb890c4cd3473c82502f2ac9613484e05d70ab947d307759fbb677a,1764460173,1764460177,1806,104521,,
0xde1ab0bda6e4828bdff4cb25a9c278b95b99241241bdcfd65654367a8a0efa5e,1764460173,1764460177,1806,104521,,
0xb05a4ed98cab9c94a93ac373d3e1be6f9bd3ec81fc9773d45ad5019c62fbb08f,1764460173,1764460177,1806,104521,,
0xed65db887af5252808ba41cf3c2339db09f466f85b1d382501744d6daf8cef6e,1764460173,1764460177,1806,104521,,
0x20e2817abfa835ca66eb63484d8f782b0540ef3530abd4c077a0f016b1e93507,1764460173,1764460177,1806,104521,,
0xad46b663a994103d929ee5322e808ca7aa44baf11226b5033fae63a8127063be,1764460173,1764460177,1806,104521,,
0x4f2feff6e5efa663721802f394fbd56d80c75e7292fccc326c765f223027198d,1764460173,1764460177,1806,104521,,
0x7c16c55511044ebccc95e9ae78f7bc9b6c7720320e207b1842929ab1c20ca8c0,1764460173,1764460177,1806,104521,,
0xf040e9d221fe9b715a9f91c25faec4843f2e2edbbb398d72a9ae84f0acebc39b,1764460173,1764460177,1806,104521,,
0xc037529ea916f5a03ff1e6a59c8bdef88c35116c54e22e69b1d036b770eb11a7,1764460173,1764460177,1806,104521,,
0x4f9bcad3488cc532c2a557c89f348a6d4905043e2d56f3d26881092243b85c1b,1764460173,1764460177,1806,104521,,
0x75a7fb5b7a51f5b2bd5e4b5953b20da84e957dea2f986ab784086f5b23cbc52f,1764460173,1764460177,1806,104521,,
0xae5960ec5eca248b33f10584889e0c6243fc2319e3f171e9b7ab0b77c0076226,1764460174,1764460177,1806,104521,,
0xbb533bddf150fbb8183758d1ecde701f84706ed281dad7abf22dd0a6cddf5f7c,1764460174,1764460177,1806,104521,,
0x6065b6a70f6dd01dd07a8d32e433a7fb3673e0ff0042e3e802e9d76c9456c463,1764460174,1764460177,1806,104521,,
0x444f7c1a766ec38bc9df301f0c56b3c30d0b7884b0f12b20a51eab9a652e810c,1764460174,1764460177,1806,104521,,
0x2ffeea2f15e71bb4c358a3056a3048e98678a3600f06cd1f0070ce5ae9cd3fb2,1764460174,1764460177,1806,104521,,
0xe1e4b3a2bdfcdec7905089037bf60910f4ebbb0aeea8266df32a36695d0dcca2,1764460174,1764460177,1806,104521,,
0x4fcc140f9c78b296ab6a4545fcf5c089424002f8356bbdb82ede35282c6b1f80,1764460174,1764460177,1806,104521,,
0xf19dd68ca7195acafba4d452bde1e41684e20be7c7612b0d612cc7799774d001,1764460175,1764460177,1806,104521,,
0x62d91377aabb34e8d043fac4cb9e0efddd0d9eb319424b3a1f3e47512cfb62c8,1764460175,1764460179,1807,104521,,
0xaae71c0bb98f690cb887ec7ac6f826e7b84acc084fcc122ccb1d9ca4632eade9,1764460175,1764460179,1807,104521,,
0x38d40b2a467a45476712da4445b674fcda4f41526039b4387610d63dc62f9a5d,1764460175,1764460179,1807,104521,,
0x7c32121c79b1aa480feb538f23d09129458b41a16c2643951022ca9349c128a9,1764460175,1764460179,1807,104521,,
0xe6628679ebab0ee10a366ccb999befb83fb231675dba3544228f806ae92f1a5e,1764460175,1764460179,1807,104521,,
0x242a0dd5a40101833f8406b40018bd9d8b59c0c5fe4f2a717224b153e00f3c6f,1764460175,1764460179,1807,104521,,
0xefbc6a617d947948a74ced02de8dd93cff77d80a7048435365b81602bd60fd61,1764460175,1764460179,1807,104521,,
0x8d47c309dd51859a9c6222b395a7f20f24158c4383372311cffc0b108b56b046,1764460175,1764460179,1807,104521,,
0xc27c2d4fa6931f5183af9eedacb2549fd74c9b34b1650f4dd1cabf66ca259c47,1764460175,1764460179,1807,104521,,
0x19584235bf93fce34a3477fc1cd01dcdd0bc286ea6a51253e185fe1ac19fe792,1764460175,1764460179,1807,104521,,
0xd66ba825cc898d3abd0bc7263195e65271ed2b59f4d83650696bfc46984d4ef5,1764460175,1764460179,1807,104521,,
0xd17b161b705f15cdb1d0c08cd4b0c8935d11afe973733b44957c4a1a3a864ab8,1764460175,1764460179,1807,104521,,
0x0e955a13003f79a82e686ad89e23b171905e35c911988eafebf594a05e1d123b,1764460175,1764460179,1807,104521,,
0x8b833ed7c4ccf08b5e31d9726f1d0497ef1b6196c25879aaa4506abb03c0d946,1764460175,1764460179,1807,104521,,
0xced35e598db8c1cdc45e228be40bf615b6ff8e2d0f039a6803734024fac221a4,1764460175,1764460179,1807,104521,,
0x70be7e7f0dfc4645440d22aee1b4d4cc4247beb827b617b719afffb1ebf41d88,1764460175,1764460179,1807,104521,,
0x16fa58581197826416fcaa917e3ca19302b6f0be32ff5eaed6a35377229422ae,1764460175,1764460179,1807,104521,,
0x4e8a135addbdbdb531d27ca9a7d289e3271a1502cbed6a6c497ad198361aa4f1,1764460175,1764460179,1807,104521,,
0x7942c51633ec356d298b7a1435af13fed4d6fa81b78ee92d655627787dc15aeb,1764460175,1764460179,1807,104521,,
0x5f2fcb21f7580e5bc07349d2e90fdcbb4bd0e4cc99cc9657b48c311f0e6e254e,1764460175,1764460179,1807,104521,,
0xb744bd789b08ceca5a4bc13809de489d8cc2a28ef11a9176351836f3874497dc,1764460175,1764460179,1807,104521,,
0x18624ae6f2f7510984a9a3e75d804740066154019c5b09cc0fe94e3c479ed246,1764460175,1764460179,1807,104521,,
0x0ad1c9174773940d21fba9f97137cfed21ff417b73de07ce44a70a17e884b00e,1764460175,1764460179,1807,104521,,
0x3f1339382701bd044947051e925b5b7352cfd70f03cbd6d17c264c3f7d547d2c,1764460175,1764460179,1807,104521,,
0x268ce405c1aa6f30d075d8e574c4bceccb01bcf7b66c7e748a962c590ff1d3c9,1764460175,1764460179,1807,104521,,
0x538fbfcb538dedf20c58cb9354502c4f73e3e550eb8eeff3858fc3c2eefe7cb0,1764460175,1764460179,1807,104521,,
0x0883885b61dfcbacae4b68d71f1166865ec844d06f25f6f80fc684bdba0e31d1,1764460175,1764460179,1807,104521,,
0xc898987099ade14506636562d6018cc9a19fc3baf39d642fe5e5d40a56f569d8,1764460175,1764460179,1807,104521,,
0xc094ac1d7cb692ba0f72e9ee17336c4da55679709c0b350802f8f013603b09d2,1764460175,1764460179,1807,104521,,
0x1c04dc0295bd4889de8d96b5943dff7f2b6eadc5db7cc244affa6573c5aeb4e8,1764460175,1764460179,1807,104521,,
0xac3780f946c46cb13c41262fc57f950fa6cc4c5ba19866382f0e1a38e404b812,1764460175,1764460179,1807,104521,,
0x640efaca43d45904d330f72116173ada457a999732719b83c91a5665a2c81d20,1764460175,1764460179,1807,104521,,
0x4d433c290723db3226c9bb01f17537daffa0d8949b57bdf888059a0821656395,1764460175,1764460179,1807,104521,,
0xafb157faeb1e91931b8458d363c63db393f4bd3c7509ab2fd13df2623a6482be,1764460175,1764460179,1807,104521,,
0xe8b06557132bbda10aae54edd90a2b725d1fbcbe536fa028ade54569bd2d36c9,1764460175,1764460179,1807,104521,,
0x394387515bb83429c7fc73b8a44f0ec359143b5bdd487dd037d6306f8e7a6cda,1764460175,1764460179,1807,104521,,
0xaf2a5f26df32f073cc838041b441f82e1fba86ce941ad16c450635d14333726b,1764460175,1764460179,1807,104521,,
0xf2076fa3913d97aa14bd50824812d541cd04a3028082331d2378f62563436704,1764460175,1764460179,1807,104521,,
0xa6c21c63705045101497f4e11beb928e70bf35c87aff59f018a860efccd0fff2,1764460175,1764460179,1807,104521,,
0xf37154a6a2a67c198ae23bea16e02598bcd58936e95696ada9f7d01384dffa66,1764460175,1764460179,1807,104521,,
0xb4a94a0b0f75734dfd20616c24b2722ad456c47a0f298ae980f1b6c1289b1d1b,1764460175,1764460179,1807,104521,,
0xdc3159a638a091585b1ce74f1c121d3e6b515e24daba0beb9483dcc10a953e36,1764460175,1764460179,1807,104521,,
0x07e2d92134b5986afd0c9b5d33f40afe0cca4e6e5db5459411548bf48accfac3,1764460176,1764460179,1807,104521,,
0x2ba39f478f922b3f6b16f060249c86eb6045aa74e4cb6bf97b8f39e3bc56ed42,1764460176,1764460179,1807,104521,,
0xe5914b2445ec73a87c8d0a2b9792e2ccc9af27851f2840b5869c542a67d7c971,1764460176,1764460179,1807,104521,,
0x900cacf266a58992c27f1ead30aaafe2d5f8cd71ad64ac4e8429124b1cf5f23f,1764460176,1764460179,1807,104521,,
0x8ec8611a989a6fa8616bb40107c240459316034d80ea268927783a0a7cd61350,1764460176,1764460179,1807,104521,,
0xd3c924190870dc473bd62cc443a0d20894304a81365e8a3b3fac4e86de06f119,1764460176,1764460179,1807,104521,,
0x5788ba84f7934d5393d92b6ade53b69e8fb4d06e1f18522cfe5cafc1fcf14d5b,1764460177,1764460179,1807,104521,,
0xb115b653c67d699f1c4739e08319a92efc78f5503e179ddf612ca30b38a1c9b4,1764460177,1764460181,1808,104521,,
0x726aaa8481350694228d07447dde715f4d072dc2730f7be936c625506d5eefcd,1764460177,1764460181,1808,104521,,
0x28deae7c8fa08d22d55898617a9f7200edf2d43821b2e4d342dcdf412b84ebaf,1764460177,1764460181,1808,104521,,
0x270476ef708ecbe0850805f3a756cfd9c60d18b9146fe15e2377235e167e73e0,1764460177,1764460181,1808,104521,,
0x5140fffa895e24424c289a8952313ab162f51baf71bfe910534f0c18a1476c56,1764460177,1764460181,1808,104521,,
0x1e94fd4c2bb193c71256bce565c12161d1de465136b3c96c9f51dddbf05001c6,1764460177,1764460181,1808,104521,,
0x7a02c91acdda096a1ddd58c6fe2c329841f07f91a85f5a907d541e1d8aa02bec,1764460177,1764460181,1808,104521,,
0x63d7572bb4a17fb83e198298b0ad9a035f7a30ba917414a634c8a1a0bc19a40d,1764460177,1764460181,1808,104521,,
0xc78e8c86cfb22da42f3d35331082930bd58f13ea3114d355d35f605a6e0035b2,1764460177,1764460181,1808,104521,,
0xc6ae314cd4aee5892b0dc53cf3132522b03e099527e452c330b816625ab945c9,1764460177,1764460181,1808,104521,,
0xf86378e0dddc1c868068e5724f51e84a7852732338bfc3f1488bd067fe0585e1,1764460177,1764460181,1808,104521,,
0x8c477d70ea6cc9581de788b9d4ef73476644f61179c9b1814d3c1eaccfc1a24e,1764460177,1764460181,1808,104521,,
0xaa42f56e5daedc40a3810e6ad5f3205bd78c4ad7087b1129542fcc686ca6f64e,1764460177,1764460181,1808,104521,,
0x81ceadb53e32e7b5d704b5b0c3480354432a8866f25f3d9c09cb9b3568e69e07,1764460177,1764460181,1808,104521,,
0x6918851169ebd89118134fd4364307fd7d070cb00d152c3c154442db8a937a34,1764460177,1764460181,1808,104521,,
0xec9d16edc2c9164bee00cc411c48a98f3bc461c0b9e4dc8b82cd9b4265b6af20,1764460177,1764460181,1808,104521,,
0xfa2f8a750f8260bdf63553cb6e0ae80ffc251073fd6ceee38af8c9e3825dbfaf,1764460177,1764460181,1808,104521,,
0x3608c54746b0eada3c70b1229666766d4127e01fee47021a40cf4056b84ad2d0,1764460177,1764460181,1808,104521,,
0x34b6a191d0a66ff902b0dec41e13b1165cd5375ab67a95f123f7415f411adc60,1764460177,1764460181,1808,104521,,
0xa1c9c7947fd344056071a5bf45b3229726395bf8f79aabadf3b44c26cafa91e6,1764460177,1764460181,1808,104521,,
0x0afa5de8eb52ac8da3e8a35eade6d4e3d11a47368a41aa86f7ea1ae51c43e2b6,1764460177,1764460181,1808,104521,,
0xec9fad76dc4d1c308beb781d737e92d130797cf7f8cb06ab009ae1f90320c1e7,1764460177,1764460181,1808,104521,,
0x82b2ab21805cda57b352b19f9a4d83baad92c954d863e83b473fd9fa577785f4,1764460177,1764460181,1808,104521,,
0x742ef6adb863dbb42801f8c50a775c852ec59277d1cbc3c3e90ae398f126e2ad,1764460177,1764460181,1808,104521,,
0x440223bd3aec8437ad8b5288217578a96bf58eb539118a17818387f19c86fc50,1764460177,1764460181,1808,104521,,
0xb64a05aff6ec50213cde54d106983e7cd6a39f32c13b3b7dfa88820bcab93168,1764460177,1764460181,1808,104521,,
0xfad2c9571c22ae3c1dda616d0b5646db1ec6ecc42f8b0aec67228489b8679983,1764460177,1764460181,1808,104521,,
0xadf7a00df7f0d93a28b5b37a9be8f4bdef277759010ebb060d735845034579ef,1764460177,1764460181,1808,104521,,
0x4437687bcc96316539639cc839f4076bf3f8e02bbb0bfe64d09035b4a7b7aaac,1764460177,1764460181,1808,104521,,
0xce8761b24ee30a5c01bd3e9588c4014a74470f75848e7404063f9fcad381e2c4,1764460177,1764460181,1808,104521,,
0x193b388c8f625c05133fc4101b7fa1d23f0767d7dda12815bb1618294dead70a,1764460177,1764460181,1808,104521,,
0x715964d5948d0e4a8cabab838b74dd1fcf391f1c342efa53baee5da23faceb48,1764460177,1764460181,1808,104521,,
0x589c50cd33d2ecea62108fe6b97f0098492f643f4d96620a23ede9a0e6c4fb14,1764460177,1764460181,1808,104521,,
0x3ee685120eabac69d12c53648fa40ff660e907f902a9a9b331a18cfa8c4abf6e,1764460177,1764460181,1808,104521,,
0x5f8af5086c622186f95b2ce6f2bc58901b93f8e6a1c1bd847fcf153050a0206c,1764460177,1764460181,1808,104521,,
0xb7da01f7de4dfb1ce084e846c6816af2333fc4c728736aeb4e642c962f46444f,1764460177,1764460181,1808,104521,,
0x24cf757f3e3f10f70f38e5796301d4242cc1808b8ca113ee50f4f2803290fe0c,1764460177,1764460181,1808,104521,,
0xa201ee33ce5f9ee2d81e6fd859295a63a4b75d1ba72240b36d5d4fee84c5b38d,1764460177,1764460181,1808,104521,,
0x9c7390a9d729c3b6b7e288fffa1a792466daecc589f22532df4549c7853b1644,1764460177,1764460181,1808,104521,,
0x498870ede3e22dcce2af7ef97a7617be3400a00028de9c2f6a9fbe32e92146c0,1764460177,1764460181,1808,104521,,
0x43bc63c0528c6feb6d366a3253d6fa95ef9f51ef0a37dc17ecaad86f112cfda3,1764460177,1764460181,1808,104521,,
0x66cf7e8399fecdd02d4d284999731323cf7812cffd577bbe6610220426cbfa2a,1764460177,1764460181,1808,104521,,
0x9f8288fcf58d8f97f9c613181636458a9be3621340f9e194b691222991b22443,1764460177,1764460181,1808,104521,,
0xbf5d82d194a261cb9870fbaea1b5d1ec1e29ca46fc50eb72be4faf80f2ada3f5,1764460178,1764460181,1808,104521,,
0x1d190c8b6048c178a227354861bb0eb773903769fd194899cdf4d71c5b3d9cdd,1764460178,1764460181,1808,104521,,
0x70b069f8df6dd36d450dbf835019a4419475bbbc2d4201044b9383eb56fb1541,1764460178,1764460181,1808,104521,,
0x4360526eb0b93b6fe155d92451efe74ca53727c19d435995da05b040d7afc159,1764460178,1764460181,1808,104521,,
0x83b556ecc64c8750c427c343e3a48f58607d73178755095f7713303242f07c43,1764460178,1764460181,1808,104521,,
0xb39cde2870a20e72163e60261b15217c301b3392fb2985231695d0918aee2313,1764460179,1764460181,1808,104521,,
0xf37b0a54ccbbf04bb71be807b17d7b34db8f6e75f5b521edac6b6ed0ff63f068,1764460179,1764460183,1809,104521,,
0x551860a7de2959f810560e5e3f0ab9951017bbaec1d1ff435aa41c39eb2e1cc1,1764460179,1764460183,1809,104521,,
0x9370f26e266207a7613a6eff08455ac0e564c6e0a52bc053989e9db9b7686be5,1764460179,1764460183,1809,104521,,
0x4c69ed508d9e14e89bf5210308945f56ad5c34fae543bc26d5861d0a42ed6ef2,1764460179,1764460183,1809,104521,,
0x9306b01cc6cee515d658a1fe6e15ed04051fbef065450d900877d35e6c5ee4e0,1764460179,1764460183,1809,104521,,
0x48d7328635a23f8ccfe4474987777db0d70defee28174d59429449fb10857d95,1764460179,1764460183,1809,104521,,
0x4c24247f6d358b343c86d0e271e9b8c78aa7aca5b97c4f8678d2f614b79447fe,1764460179,1764460183,1809,104521,,
0xaa1a539eda15d8b80457d1c4b651468e268e510dbfc147c3f1d8b0969dea043a,1764460179,1764460183,1809,104521,,
0x942962b8a5b007f72b80db827b8fb17cbc8b9d1a8be1046ee0964ee5c9932cf7,1764460179,1764460183,1809,104521,,
0x8ca91ee290fa360e34a5fd2d9da0fd3c2c82f892b15fc0adc86767a0ef91163f,1764460179,1764460183,1809,104521,,
0xf0eedca50a13f9ded61f343dda6babec1b1b1daadd062df6e46475c9d68ae3b5,1764460179,1764460183,1809,104521,,
0x143c5e96099195617a84ee48bb8b3c691395ee6f7dc8266701bd31ce46ef739d,1764460179,1764460183,1809,104521,,
0x76a2eaa5ab5d77738896e20ccbc83d74d3cb6f582494c9945c1a9f84f8f44af8,1764460179,1764460183,1809,104521,,
0xbeebe2e51d1197127465ae802af8e1a4ca4efd9192bd6bc5666bbfbbc841dc38,1764460179,1764460183,1809,104521,,
0xcf17bfc3d5f77ac4ad639b61a98355df5253a0c3c15003664723bf265b76fce9,1764460179,1764460183,1809,104521,,
0xa51e2b903ae3a89c0cdbbc7e4597cd589c287c380fae6a41d75b1c8ab3c8d2e4,1764460179,1764460183,1809,104521,,
0xdf47d21416b0e3357dee37b78200275e2674c7acee27a3ebb610c779d9fa7e52,1764460179,1764460183,1809,104521,,
0x9c6c10b93c361409eefca6718ef59cdf52254fc5320ac60027c21e7d3dc4eab0,1764460179,1764460183,1809,104521,,
0x8bd0a274e56c9c62236c2c9ea73bd06437f65405a72f002f0ec30ca29bdb21e2,1764460179,1764460183,1809,104521,,
0x8599e91d7346fe7a968ff995368500e416b9f9b40e58e1378925ad9cd57ddf90,1764460179,1764460183,1809,104521,,
0xfc4e3ce527394ca31dfe7204d047d2dc2c745fae23b18bf3d10e1d7d37c9fe0c,1764460179,1764460183,1809,104521,,
0x7f8553b6651bcc8628540ec6c2334d4fbdb1db496c62f9fe5b7e237afd83c4fb,1764460179,1764460183,1809,104521,,
0x2c317de3147bfbd869e804a30c787d745dc6ac05d6884acb9a0218d75a8c514f,1764460179,1764460183,1809,104521,,
0xc1d20058f165190da551fa813613716f2d312a02abdaf1643efdf97d13f94680,1764460179,1764460183,1809,104521,,
0x92ddc85fd3b07fcfdb4e049e8a95356b21c7ce83428eb9df908eab05486c4a83,1764460179,1764460183,1809,104521,,
0x06261e07324bbac26aee5a3faaabc6a950e1c601fcca5434b071cd840d5ff100,1764460179,1764460183,1809,104521,,
0x4f42bb14780d89a112945403de7b24a6c05bc9eb257eb884b1d2f85bfa6d11f5,1764460179,1764460183,1809,104521,,
0xb1339368fba38fc21ca081e4e22a9eb3bf74f4e10fccc410ce02473ae9a6b1a8,1764460179,1764460183,1809,104521,,
0x960c87d95f9a484f0a9fee492508020511dc9b1efcf1b434924f19fb2e2e29c7,1764460179,1764460183,1809,104521,,
0xb04113de98c31492054580463cd16abeda1a453de23e642dc11f3aae7693db6e,1764460179,1764460183,1809,104521,,
0x76089f201e477e50a20cd57d63e2f3af3c8cd133137bc76b165b9ace4b83c001,1764460179,1764460183,1809,104521,,
0x382334ec28f009ff464d9f12abb1c3b0efc737aeccd9a2a17442b9e66114123f,1764460179,1764460183,1809,104521,,
0x0e7c2cd3f69fc3aa023294b1bae1b1505edc55951c7f6fcc024c87f3c8a9de0a,1764460179,1764460183,1809,104521,,
0x3c1a6ca680f9cfeecf70e925175428cdb5e42ef462e27df828ba46225326a5fa,1764460179,1764460183,1809,104521,,
0xaf9de05a49aa228d4a7e49fc300d92af341e08ebb7421f3af6ce53fb26a93cad,1764460179,1764460183,1809,104521,,
0x6d4a1bb1bbda25e72de3bea2a75cb5e6008eda54fee96da5ea06baa521aee5ee,1764460179,1764460183,1809,104521,,
0x977f30470a8097a012ebe3ab116b855d89d4fd3e6d0061dadf7d15df98891e84,1764460179,1764460183,1809,104521,,
0x1c894909a8a456301c226264ea3ceb82dbd2452488cda737a5128e1d59a4ef51,1764460179,1764460183,1809,104521,,
0xec61eb94cf49162077d118d18cf3414ead9a4e45db0ebd44a83b47e4d2cf18ee,1764460179,1764460183,1809,104521,,
0x951c9344adcff30a31ba999a567c5ade9de43646ea879a678b323a3b0a26d999,1764460179,1764460183,1809,104521,,
0xd34e0115f94e800ee723b89fec7e437ed01b15442e1c393200fddfa9b2462a09,1764460179,1764460183,1809,104521,,
0x96a08d333963e365a323772b37386ca0fe6acb699d6397d07092af8f863665f9,1764460179,1764460183,1809,104521,,
0xdd4d4582d900080b995fde06a62d2714238d32dbdf8985cfeb77e6f2621466fc,1764460179,1764460183,1809,104521,,
0x8c7fde49774072082aa9e57e30bc9ba4817857ee7653b7cb3ed92faa267ef3e0,1764460179,1764460183,1809,104521,,
0x27edaca8c5987c218318b6630b6c4779387d693b7d02f1f561b19432cbc030bf,1764460180,1764460183,1809,104521,,
0x6d69081f1ef1f4a39ce8f6865285a9cfaef8c9b152200c13dcb4ed675ffa7ca3,1764460180,1764460183,1809,104521,,
0x8884918df362aeed4cfe32e40bc6cab455d23d136029ff7aa306fc11a3a3efbe,1764460180,1764460183,1809,104521,,
0xc717fbb3c4ec14e2692a9208ee0a65d4339ae0e73d288cacba1ed25465487238,1764460180,1764460183,1809,104521,,
0xab640b984bfd363ea8d4ca26b1c9c2b6edf55365fd4b8eb4752e836beafb4ddc,1764460181,1764460183,1809,104521,,
0x836e4ab343264b2215808c31838d266fcb9fa4cb5104d228e805a67a33eedd37,1764460181,1764460185,1810,104521,,
0x3653afe6252940f72b05fea144c46275a964142cb15d9f41d70181aac1f77146,1764460181,1764460185,1810,104521,,
0x29236f7dfee0072948a85f14f2ce3032f92cce737a1371f13c9de69ebb97bcfa,1764460181,1764460185,1810,104521,,
0x93f005fe7317862f4013acf674b8badeb13ec2aea9e34fc294fea638fa517d54,1764460181,1764460185,1810,104521,,
0x00da8281135b76d0649ff89b7af6b4ab28b23daff8f605bd55ff8c04adb35b82,1764460181,1764460185,1810,104521,,
0xc90e87fd31ace35a56f543f6973ee4ed57886ebab42c715b96843486428497b0,1764460181,1764460185,1810,104521,,
0x56e90ef2f7843b171308216e012950f195fe7f7f73d66794b37527df7723863d,1764460181,1764460185,1810,104521,,
0xaa8db3a20fc84622e023a18a66ebb66299d1c3589bd4e4d27588a3a00c8cdbb8,1764460181,1764460185,1810,104521,,
0x36e3f9520ddf5511a8774fc220a2fd518a98a571cd5aebb79f7d14c71edf8f18,1764460181,1764460185,1810,104521,,
0xb6e5135df9213021f805f5b6f83b512e152a68fc41f2129573f972f90e33ca4e,1764460181,1764460185,1810,104521,,
0x066a6647af19a1442237e45c30f552bd8f38c8cf0c06904c3f0e44c3a59156fe,1764460181,1764460185,1810,104521,,
0xbc89c784ab1095eb0e2c3c7a8ebee7ac002a6ceb0200821444363388f2bed456,1764460181,1764460185,1810,104521,,
0x7dff6efdd6ae4480266434cec0f3bcefaa8199de198c5ffa7ebc7014bf5f7ef7,1764460181,1764460185,1810,104521,,
0x2ac633191f292a8e79740004dc9cc3ba163a9a1e1572cb561fb92fe40c17d802,1764460181,1764460185,1810,104521,,
0x1f1af79f0b64f22637896a03c934d9f0136b6064f044c49b9b61d6260ff62013,1764460181,1764460185,1810,104521,,
0x636cfe47e75dc2b75eded4fb37cc73406ef50cd007494e56b04748928e558dae,1764460181,1764460185,1810,104521,,
0x82817e34096bcab222d8411c3ba167024c85efb52090846db795e95402bdb269,1764460181,1764460185,1810,104521,,
0x3e3635d66afdc67011b6c7e8c3a64021ff9eda4efda431daebb7189fbb78cb66,1764460181,1764460185,1810,104521,,
0xf9d553b2667beaa2584943a21fe626ec16fd85ff6c1e6c3999e53f6aaf7387d9,1764460181,1764460185,1810,104521,,
0x5d660f4f6264afdf83f142bf377308692adf86ec5155232d17c2836b5c30af17,1764460181,1764460185,1810,104521,,
0x22f1e2b89999ed7ec23d48e2ba524ab9a9c03914a70e3f8908cb9695c51914dd,1764460181,1764460185,1810,104521,,
0x887b9a36af2dbcd18bb4e97246802ded053f1bb0068ed4ea5e3359beffcee31f,1764460181,1764460185,1810,104521,,
0xea58884959615256b4e567eea268bc4415d45b37b6bfb057efd16dce04d67fad,1764460181,1764460185,1810,104521,,
0x7e66cedab6f33df88291c65a2d530934160791c90ef90a97cabe7eb2aad62f29,1764460181,1764460185,1810,104521,,
0xeb573c1c744d7764592d07e8e51e0e1994cc7f4238db8acd280b1573283fce74,1764460181,1764460185,1810,104521,,
0x984543a21a34fc86821f300d54ad1915b851c36476e83ee4a4e266ba3da0866f,1764460181,1764460185,1810,104521,,
0xb137906a17ae5c1d9f091999443fcf40e17bb5d60c6284984905e83cac861d51,1764460181,1764460185,1810,104521,,
0xc29edc553cd88eb8459692cfaeacd79f6a410429dc9d5e05d465a3d398a600ff,1764460181,1764460185,1810,104521,,
0x98153e3011c4b70356c376b875bd7e2b3703d65ad254115770ee0b07c2cb8279,1764460181,1764460185,1810,104521,,
0x91151b50fc74ee9381824f9a7d1cc6cc30f9321f137ce42aab476fd032e0fa09,1764460181,1764460185,1810,104521,,
0x05029b3d4775e158d2dbf5f46b44d97c25bf099a38e32ec979ade1beea819ffa,1764460181,1764460185,1810,104521,,
0x3e45469f781642bd0c0dc891deea7ad3a08bfc87e19cf7985f4647b47b9f916f,1764460181,1764460185,1810,104521,,
0xe89fc54ae91bfc118ac06448a97b9e3530a080c9d7c3faaf35fb9cb548520b5b,1764460181,1764460185,1810,104521,,
0x13aebfea13dc28602ac66e73916fc273d8f53f9800e588961f943baad48d98d5,1764460181,1764460185,1810,104521,,
0x494451bf7b0e7ed862969a9189a695dc7cde9c6d47af9a2ee051487e4db443bd,1764460181,1764460185,1810,104521,,
0xe10c551901e5c0c630d177e807bae433203fc9d71facb2d64caecdb1e34859ae,1764460181,1764460185,1810,104521,,
0x6291301c33dc354928fefb722ecc63649bfffdb90bf36d450cf49a4dc6db3468,1764460181,1764460185,1810,104521,,
0xb430736159e87f8eadca074e31fdaebd0973e8f7b27e7eb567acad0b20ec6e63,1764460181,1764460185,1810,104521,,
0xb4168e866abde7dd6dabbf0a799170adaa4ebcb60f089f958f3c22d47cbed8cb,1764460181,1764460185,1810,104521,,
0x94b383fd9c4f785128fa0f8f9c4ad16e8f2993ba08f8f94bfddc9b99853a0089,1764460181,1764460185,1810,104521,,
0x1fd35fa472bc65761df619dc5f9ff3e1db8e49e652cc1045ccaa360b97c31174,1764460181,1764460185,1810,104521,,
0x561b83e9f63ef425ec765c0698eb399b03fe62fe08b80ddac800cabbd2d6e476,1764460181,1764460185,1810,104521,,
0x2bddb3c2fd68afadca0a864e0600c854c45975dd6371130f725a767b7ef6df4f,1764460181,1764460185,1810,104521,,
0xd8a34b83854fa0faf4b2f9e374ae7d777be3cb28477cc8e1eed784fc5d313b64,1764460181,1764460185,1810,104521,,
0x53ab2b5d2af2d575704950e142898154975146a1bd93eaa99ef65ce48ed0e70a,1764460181,1764460185,1810,104521,,
0xa10c481d68fc76abc74278aaa4469a7c46cb7fbf6d702f1263fb47de9a5e12ca,1764460182,1764460185,1810,104521,,
0x0a52dc2f752b1ce05c0fa4e16583e2ee2ad846214b6f0ba23c1d04f9e7325b4b,1764460182,1764460185,1810,104521,,
0x3ca0be9a52db079cc562a025926a23dc20e97c3637edc4e1b445092f120c062d,1764460182,1764460185,1810,104521,,
0x53eb42798494225e69969dbf77455e872efdba75a31c1dd7688cea5a158075b0,1764460183,1764460185,1810,104521,,
0xefe1d7cf9e650013a0e25df26c238b0fb01979f2d9876e8f17f5f45f548aee35,1764460183,1764460187,1811,104521,,
0xd645d2a1784421c5355ce2754cfa486e54ae6f73f19b2a92b787177b67490a67,1764460183,1764460187,1811,104521,,
0x1ab8b1dcb522b58f2b87bf3e61bd3219b792ec1a3d938baafb17eebf5deb0af7,1764460183,1764460187,1811,104521,,
0xd62f14baed4f1acefe67263c5bfdf8dc4b2cae3f82cf61581352744f41037c49,1764460183,1764460187,1811,104521,,
0xe1fc65edf4c6c26355c652d37f7317da9c5347710cf2a0736fc0de607b57caba,1764460183,1764460187,1811,104521,,
0x7e170fc22f8315539a03db7e04e5d2f1e0941f863396c398ac40b94bc498326f,1764460183,1764460187,1811,104521,,
0xbfe617f10c8d8f4bb897ddb8a4b47d01adfa3d9d2220ccd2f9b862a05e73fc0d,1764460183,1764460187,1811,104521,,
0xa842c9e84ffb494eaad91ef51ad69735d4a27988e823d0dca846e316f27dedf4,1764460183,1764460187,1811,104521,,
0x17e1dbe0dd5e96011fea5723a318950bd5a71bdc5d25e37103205e6c77aaab32,1764460183,1764460187,1811,104521,,
0xfa369e78c554d78d7a21551fc29675d86dcd169c3c48f4724c7ad184ea0838de,1764460183,1764460187,1811,104521,,
0x9aeebbc1e0ebe43cefa7450197999a0459778720dccc033f0e3be8c91a9abb4c,1764460183,1764460187,1811,104521,,
0xdd7897b666c134b44c5eb51235d6c6bda2627887ea93d01928fa8bca79dc8c46,1764460183,1764460187,1811,104521,,
0x06594e21baa22c417ba10680fac43264fd2ec461a070ffccfedb8768fdfbfd96,1764460183,1764460187,1811,104521,,
0x85c01a5ec29d8ef341c30b5b0adb4a695fd2fcb76ea710fdf84def1caaecc04b,1764460183,1764460187,1811,104521,,
0xdee6f2956d4278f52696e1c6fe619992c4362ee2e03fc324b1f69e2ce520eb6a,1764460183,1764460187,1811,104521,,
0x8da71ace2e16b068c1bb05f6c0b0f1ad92308a71a1f94dd7a4b49615e758be08,1764460183,1764460187,1811,104521,,
0xe6784350a851b4135ddd9aece27c04479536aed89fa14baee13f6cffe1af724a,1764460183,1764460187,1811,104521,,
0x72b5e2484b9527398c9d1f707067dffb5bef18aabda2f641580087b4ff445029,1764460183,1764460187,1811,104521,,
0xcfa69314bf2ed28ef752aa351a18c965e7bcd36ca65e142ff575f959a6aaa911,1764460183,1764460187,1811,104521,,
0xbf676d745b8e999e540ef9961b9b56b8446b8cb5e77aafb605dcdaf478881073,1764460183,1764460187,1811,104521,,
0x8663d8a0354ae3e68a108053c1bc6d4b5eafb99901891998900bd829e8eaed98,1764460183,1764460187,1811,104521,,
0xad1636a9a8f796bbf688c5dce020ad831a2f799bd08fb54ea70cfc1ad6e98686,1764460183,1764460187,1811,104521,,
0x165e906255a93042fa2061d3f385bdfca02ff2d2397c81149e40f3e361af77d9,1764460183,1764460187,1811,104521,,
0x27eb879afa6e334ebadbc8fa3af6e460e01c270b3e185fa775d9711d0ac91ad1,1764460183,1764460187,1811,104521,,
0x90aecced118728ee9dee99f9c66b7225f7d8b24994f373ba01f93e3db9ee8992,1764460183,1764460187,1811,104521,,
0x0e60d729abbb4582b06c4f76c8fa5996fdc8b7ade396df245039d1e6adf57901,1764460183,1764460187,1811,104521,,
0x789d97a3e2331e4739af1eee54a3ac113bb64485505d79265932bd1bdb415171,1764460183,1764460187,1811,104521,,
0x06a30a138e8b32c49a214b0882da1d550a195377d7ff735735f1cbb06f10fb54,1764460183,1764460187,1811,104521,,
0x8040f47b01a7bf2a475257412696767ba0308cfe3c8eb72eec879118da099e64,1764460183,1764460187,1811,104521,,
0xc2f14be666f31e2e57716c559d15f4a0198fd191e8fa897b7d39437bf609e2f4,1764460183,1764460187,1811,104521,,
0x5121dc461f3b46156b616783efdfa35eee0213a9ad5a29a203eef45265d35b98,1764460183,1764460187,1811,104521,,
0x9caad89786d1f103f1caf342417c041b97200070f6f0648cb266f173008379bd,1764460183,1764460187,1811,104521,,
0xf12c967f60c43c3eb9b5cbc62866ab0d889a52784f05f16cd65d0642a53abdb2,1764460183,1764460187,1811,104521,,
0x5a3fcca638745e78c053f3371c27cc114ded3dd79fc7fa3ac928d2b4d69aa086,1764460183,1764460187,1811,104521,,
0x23cb21a62d2cc4da5700d9f3900549839ea1d144f0680ddfdb8648502171c9fc,1764460183,1764460187,1811,104521,,
0x2ea1e3bc75cce6d3a7bd8313be71d9458d01de19c32ef2ab9e6f0160b1355641,1764460183,1764460187,1811,104521,,
0x0781e54457e8c96e63f16f28d3cf2fb3471cfe145ac46657f8d64432f32098c1,1764460183,1764460187,1811,104521,,
0x860dbb140a1c3c72ef1c2a17667c95c3030f769e8057c3e5f28fe66d8476bd70,1764460183,1764460187,1811,104521,,
0xff2833c11b46ad720a29325ddf44c6f64c5dbaadf8e4eedbde60749cdbaabe18,1764460183,1764460187,1811,104521,,
0xea0922ab394689442be4827dfdfc88eb9a67d8ef88dfa66c624ecaaed93e8a80,1764460183,1764460187,1811,104521,,
0x50bd5b63a0068583746d5c01f75b04366d8d6cd636550ec9d9236d75faf0f0fb,1764460183,1764460187,1811,104521,,
0xcb4d11ad74ed5ef8bf8a5803bede26ce89c2af5dd8dc764b1b4b9d190456d7d3,1764460183,1764460187,1811,104521,,
0xf403718987799a6bd49784c7588581d3e052129c7e875a164d137f881f3d5335,1764460183,1764460187,1811,104521,,
0xb37703ec26243d0bc1e743dbd8a7fa01c997d703456c045c9cd06e523f565c8f,1764460183,1764460187,1811,104521,,
