tx_hash,start_time,end_time,block_number,gas_used,kind,error
0x3afafa6c26c8f8ad2bde9a1d86c0aadc1be5486b2819f83530d9e980aec89664,1764499232,1764499235,1648,161880,,
0x7fe3913fb08255a40aaec5abbce23bf6f486536785938f00a78b15fe3bfec936,1764499232,1764499235,1648,97364,,
0xb09184d23b04bd2f77ae6ceed9aa8a8559c3a71bb65dabfe7a60c8e7a7151302,1764499232,1764499235,1648,97364,,
0x6288e960e7812d2fb6b4f275c2b23168d5dd96581ca2501da5bcb43be724195c,1764499232,1764499235,1648,97364,,
0x38ee94b7843ec37244229dfd41b1060ef5a1d44f153fc81b695f09b4fe858342,1764499232,1764499235,1648,97364,,
0x7af2646538e5b91222d0b45fecda60aca19e2bbf0d237d7ec46559b469864c53,1764499232,1764499235,1648,97364,,
0xa7914af76b25499a6660324223bb7f450a5d27b0dc4fac13751cd30d764f75ad,1764499232,1764499235,1648,97364,,
0x9f00a1a49fb37843ddbc602d86d6c7900ac9ca8d4ca100c5d28140681a1bedfd,1764499232,1764499235,1648,97364,,
0xe7bf4afb52d190f2ec7fbfc418e26792ebee75d1aacce9678cdf903181fc8363,1764499232,1764499235,1648,97364,,
0x55ab14b1aeb68858fa67de650d3ed0a99ba11c7b2d6f243288410e6b0cd7fffa,1764499232,1764499235,1648,97364,,
0x0dcd3c1df512ea2f1d4ef74354da350a2271f9d887affaad777f991a2ade1ca6,1764499232,1764499235,1648,97364,,
0x34be5693904df65df69844b08de979ec751fc49f005b44cfe186d20906d3446b,1764499232,1764499235,1648,97364,,
0xe5abc315a285b12abc9039a56a08a336b6ec46f819f79149c09b16dceb68c120,1764499232,1764499235,1648,97364,,
0xfb7a40836c408fe9ec3dc7b54ab2684ac5456c96559df2bab917008f2656bace,1764499232,1764499235,1648,97364,,
0x68dcb48666db9421ab6a010d57f2db02c65f010685946356a7fb824d2632f855,1764499232,1764499235,1648,97364,,
0x0569d41ae8f4309c207bd88212bf9b3f13db0fe8157ef447dc8df7828ee48ce4,1764499232,1764499235,1648,97364,,
0x874e7cfa28ba55d4b2586c4c6acc00fc8c8a250d1e1c1bea2fa14e990331dde1,1764499232,1764499235,1648,97364,,
0xd54c71a0cfd5f0f914c44fe1af8748a56bd73e8f2543ac05551c6e078beb19ef,1764499232,1764499235,1648,97364,,
0xe3c4a0cfef30da426abde6cbb155bbebaddf513e53ec67fdf6d53a1a543f9063,1764499232,1764499235,1648,97364,,
0x1fdcb31d8da3c8e7533526b5ab40434abcf45dc4c85d93bdf4ae27330a59b682,1764499232,1764499235,1648,97364,,
0xf7e91cda5c3cd6f45900768dfab54030ff6884a9784e671619ee9bc873b009cd,1764499233,1764499235,1648,97364,,
0x37316f6f39f798f885d10191ed55712a94ba0b21ab476827250e27b2800833b9,1764499233,1764499237,1649,107780,,
0xb24627fa8c7f98a4e17012e39346b0df232a448e0fbb6a0590829286d85e95de,1764499233,1764499237,1649,97364,,
0xd38353a322ca470d6c9e7905aac4ac522c8c251d3b960b72e5f874bcc5ef5a0d,1764499233,1764499237,1649,97364,,
0x376f7621cc8e24e09aa9e501e9a943e4fe14cab720e522054d29472e422ea5c7,1764499233,1764499237,1649,97364,,
0xc148e5bccf281242ae0aa21e117c08cb3d246df8063ebf942f171b54d386e056,1764499233,1764499237,1649,97364,,
0xee2108f256ecc0fed4e58afd0b872e9d5e5c1b061ce80574f6db44fb6f4049ce,1764499233,1764499237,1649,97364,,
0x178181cdf2eb2ed8641c469d4e637feacace142b0b980ca2feed879c35375e46,1764499233,1764499237,1649,97364,,
0x0669588f835781633cfdc71755a54c92572ba841039e101022b93d0e4bb10749,1764499233,1764499237,1649,97364,,
0x0a126293448c2ba9cf196cc8308f65bd1a52b9442407de8f1c6d8f228329bbac,1764499233,1764499237,1649,97364,,
0x78c979ea6850397f921e4ef2ef4487c74d23174164017ac635be468a9e592660,1764499233,1764499237,1649,97364,,
0x1913ceece80835adf73c018ae1119a7acae81cd5b46e6ea16413978cb1f7f0ad,1764499233,1764499237,1649,97364,,
0xd66438cf3cc5cc3dc69cc95ee27f571dec76a2637215bc5263c1ccdf58aece0b,1764499233,1764499237,1649,97364,,
0x6029b6167798451c48ebf71494faa8fb9791a6f63c2032fc96923f5f9c48e8bf,1764499233,1764499237,1649,97364,,
0x0c3624414fb76ccbb0dad35454df045092614d28fb98b62c5f1713465fb0f5d3,1764499233,1764499237,1649,97364,,
0x9547d9b7ac25af8a0ba6583bd1cb8d6bbb47eef32ac01155145dba27d5382df1,1764499233,1764499237,1649,97364,,
0x93cb9b39e33fc7904e666b5e42f36ace04edd7e586bf9a23feb6e1d1e48f9464,1764499233,1764499237,1649,97364,,
0x3e7f6b3d7d5d130d409fe41fb213949e0cc358329efd3a75e23725bef3bd715e,1764499233,1764499237,1649,97364,,
0xffef87be2eb31d80c5096ee9d0788f3137e6ef613b05798f261ad78c90f0808e,1764499233,1764499237,1649,97364,,
0xecff020aafe3ccffa371b85699b7b3a016667fb025b8678d9be4eff07bc70278,1764499233,1764499237,1649,97364,,
0x51c97e8fca9e4f5d6e21969b59b5ebadae6011c49c1168ab20d3faecc83d6561,1764499234,1764499237,1649,97364,,
0x7dcecf5333575cc67246d93de4e500c7f5ebd580457f61c956c0d20512bf7c9c,1764499234,1764499237,1649,97364,,
0x85c09da8b9ba176dba4d69b701b0bc2fadfadc81a7fb0f806eb649734c0d2d25,1764499234,1764499237,1649,97364,,
0x67ef6ac6dd92a710fda14ededc1aa180f4d7f54a7a7e9f9bc33bc0257c0f8286,1764499234,1764499237,1649,97364,,
0x4f970eb671490aee641cce0f3edb18f4821dbc3792774e5d7142ade897a3bd34,1764499234,1764499237,1649,97364,,
0xa570c760db3fded7c541aab85bc6df68a30b5a218764b27d56243949a3256a1e,1764499234,1764499237,1649,97364,,
0x587fafd1710c7bc63084a21fe6124dfe629413c23988f6c221eaf9ff4006dae4,1764499234,1764499237,1649,97364,,
0x2ef4f06ecced7efa0d1f630dd6ff0bda401e1101bddc58ff7aad5557c9786169,1764499234,1764499237,1649,97364,,
0xb7f719337ab4e9151b52a5c793f169404687156c66de143945519b2df84a186c,1764499234,1764499237,1649,97364,,
0xe693d888aaf8a06e183c2310e5a2c733f781df47b9caebe628215b7a111eca66,1764499234,1764499237,1649,97364,,
0xd94fa436f9aaa0f541707e0264b3de03a70fda168341f61b58465a1900c2d6f5,1764499234,1764499237,1649,97364,,
0x8121d78735444836225687e4cefc886c7ad6305eb8a1b40c7f22968d7e580804,1764499234,1764499237,1649,97364,,
0xe74a54b9648eccff414940b0a29321dfd65265da9e92c2d3716fa3d9ba41b9df,1764499234,1764499237,1649,97364,,
0x2abb53c1f860b0c3e83d44ae6e2cb0db1c0bdf046f13191eddf0fd562fbbae38,1764499234,1764499237,1649,97364,,
0xbc3f4b714c96598fd86d0b3c3d5e8da2432336473bb079e38085b50763d05fc9,1764499234,1764499237,1649,97364,,
0xc36cfa02af2baa1504945d1d3a1bb78cda148b8baba40e16bfa7c2b1f54eeee5,1764499234,1764499237,1649,97364,,
0xcd381c4798caae197a47a15aa933b52417473d132c9d82ade760f27134a25db2,1764499234,1764499237,1649,97364,,
0x6da05ea0accf64f89c1e3945b381522cca7821d7ca8fa03da94b038bd1622332,1764499234,1764499237,1649,97364,,
0x0cbc545a8b054f4d3f402692007a7990701aef10f262633f4eaae0026bae095c,1764499234,1764499237,1649,97364,,
0xd49ce81505899088d190a8f20f49431c3016370f09249b1f4f9321f7bbb10040,1764499234,1764499237,1649,97364,,
0x1feb5a7f15e4a5ec8226b13f238fa453bdbd6e5d6d7c51f525d400040e3a1c25,1764499235,1764499239,1650,107780,,
0x4cb542d869dc213f0a887e4e9056bd5665becc38319628585532e3f0a6d38cfb,1764499235,1764499239,1650,97364,,
0xe62c94ac376a3e501e9fefdb3bcb0a8424f1e000b546e4bf08ae8210f51a36db,1764499235,1764499239,1650,97364,,
0xcc69f3221c5a482cd1ee6b79ce9b28656d061a5e1e750f4ec1bdd5f707a202ea,1764499235,1764499239,1650,97364,,
0x8b4e526878d04e53af0df5ac9b3a6f66ef9fa41c06e1c52289ae2a90b7799f49,1764499235,1764499239,1650,97364,,
0x2e247506aae5fab80d7ba70132d161d41a5cbd34642f21d42dc6a3b4ed2b1cb9,1764499235,1764499239,1650,97364,,
0x87380d2a386463c49f3b8c64a003b0490b6ee33c21be8e9f9b9f0f65bddf506e,1764499235,1764499239,1650,97364,,
0x1297ee3dcfde82d57558252a61bd61e2ecd6fb9d58f098200993a49a03cd86e9,1764499235,1764499239,1650,97364,,
0x598ed4688502c5c703320ca68d62ee56d59eec528dd58bf0b0d969add9a6cef7,1764499235,1764499239,1650,97364,,
0x8933a1abad818987ba82857e53f04cf314c1258532f68239c8274613257c8d26,1764499235,1764499239,1650,97364,,
0x40acf7c2d673cd6456d1bc9281efaa5202799966640ff335669f742a274b1eeb,1764499235,1764499239,1650,97364,,
0xe3c3cfb619ace73e10271531168119f1869fb692adafa7b86fdb177cadad9c3d,1764499235,1764499239,1650,97364,,
0xab36e861cd473951dad20c76b302b735e543c3325e960351b1458cadd14d5ff8,1764499235,1764499239,1650,97364,,
0xcbe1a4096c851c8c23bab4dc45af9c0a8479e5ac05afe4bf178568c8aeccd4dd,1764499235,1764499239,1650,97364,,
0x125399dc3d4f26113d63da743c2a0d2b11d28debefec2db63ee09a32fd8268a8,1764499235,1764499239,1650,97364,,
0xa5fbb3cd4eb97c142b6b06dd4118f5aa82c3d2e6e666d0fff38b844dc1e5c681,1764499235,1764499239,1650,97364,,
0xef648046989f4e74c4b6d3cc5c6b2e5fc90da218c8c65b980f9f9df0c8d87ad5,1764499235,1764499239,1650,97364,,
0x6614532d8ed5cea713173b87459a793f7482d485cf15fe1ddf6fd148ae8544ee,1764499235,1764499239,1650,97364,,
0x68522addddd8e4e7fcaf0273e566fb5658ad7eff63d98b067a6b3258b6efbc06,1764499235,1764499239,1650,97364,,
0x95b8e9f7eb692a19c2a13a9d58b5c6e5b06ba9d55b7d7a01d79a47ec4c959aa2,1764499235,1764499239,1650,97364,,
0x4e960d6015e62549f3bd5232c65d699f11f9d2a27cbad3b035f29ee57c3576d4,1764499236,1764499239,1650,97364,,
0xdf7870c8c0cfe9eb475dd9557c79ef2f3adada929f5d770317c7ee9367ba553d,1764499236,1764499239,1650,97364,,
0xf6d7a1478838afc8ea36b9edea5376627f33cc5cf7115b5d0d66ab3d906b7992,1764499236,1764499239,1650,97364,,
0x980a25d40b7ced347bbc97f1b063fa737e8428b7a97a9bac6032e985304b4768,1764499236,1764499239,1650,97364,,
0xd3a34acc921c5b8d065b9ecf65e2feb7e88c87d17c888c55ce4c468b2399928e,1764499236,1764499239,1650,97364,,
0xedbac4bae5daffba29280ccdb47a14a7ae8716864f7e9b133f4eaa4886353732,1764499236,1764499239,1650,97364,,
0xa22f4a5df1ffef1435abe2b4714588812af63553987da5ec12cfe5e764dfdcc0,1764499236,1764499239,1650,97364,,
0x95831eeb87d664cb9fd503c23e72c869cf7b34429df40e99f9c910739df3283d,1764499236,1764499239,1650,97364,,
0x886ce3431467106189d98354aafdaadc9ff7b7f3d3faa5f5724e6feb7e4aba93,1764499236,1764499239,1650,97364,,
0x86d916f3a03243affab78f363a549d0c3781baf9fe101b322fc79ae9ef2219da,1764499236,1764499239,1650,97364,,
0x0c6a2614ac92052fd1e121a4e6270b8dbd1256a4410428c18b18a26b1c4e037f,1764499236,1764499239,1650,97364,,
0x4ac9cac8b3fd574da25950adb0716e6b43a0437c38a65dea93d2b54c4c63b715,1764499236,1764499239,1650,97364,,
0xddabcc53048cdf65a82e331c498434158777a9b5c52a56cbed690fea142c506d,1764499236,1764499239,1650,97364,,
0xca5e5f7204fd7fda24ee11ac0103e9700ea173a167c7b966854af1d779bf3b23,1764499236,1764499239,1650,97364,,
0xb5859b9ddb9109bf9606ec4417c447e3906200e5e6624e44b214b245b2553383,1764499236,1764499239,1650,97364,,
0x5750517b245fe323f59676aa90caab93c2bdcf99525dfd061fd45e6d4ab1f405,1764499236,1764499239,1650,97364,,
0x36682580bd71ab7e0a4c1d18cbf17a85bd1b57323a29316e95fae065f2a974f7,1764499236,1764499239,1650,97364,,
0xbb61a3b8d82d791460f2ddaa4377e6d2aaaa9cc9184cf51b6784b5e7b8c29df7,1764499236,1764499239,1650,97364,,
0x0c71d0f3d595cee98570cd176faa5327049dfabab7459bb37ed27967ffa0ed6f,1764499236,1764499239,1650,97364,,
0x98c34ed4135b983d1508544ef84b1d980a452fd68296f5737b144074f1ba7c47,1764499237,1764499239,1650,97364,,
0x85d06f9fbf50aafc683b074d9bd3b1ddd0a0c75f88972495a13866d7b385d00d,1764499237,1764499241,1651,107780,,
0x1272012a28d8f6e487d201929203f86b5429f32ecf91c7d69a3ad7b65ccdeddf,1764499237,1764499241,1651,97364,,
0x5a549994e8c812ddde1b739d8f2dc7f6115dccaad163317135897c3763f3bdf0,1764499237,1764499241,1651,97364,,
0xb3ab640daa112307c4c23a82c4cf1f631225257b294b75e7b0c918b278e31a6d,1764499237,1764499241,1651,97364,,
0x6807176797efaea15bae99dbbb1de95434640a6e5ba5c2cc1efefcbf67d44fc8,1764499237,1764499241,1651,97364,,
0xaad4255c6a128beaa351ea79765931677a80e0253e731088be8973dbfbb4254d,1764499237,1764499241,1651,97364,,
0x686649af4402ea0ddf00f81232a3c19ec20abd2a64cd4981c2a148772563c853,1764499237,1764499241,1651,97364,,
0x78591d04a871966387aa104208ea18f9ea99c7ceb2a379e7e4cb36a8156c82fe,1764499237,1764499241,1651,97364,,
0x8b326d4001279a07640702659e81a6de398b09b756c6bee4c3ede91802bfcef6,1764499237,1764499241,1651,97364,,
0x12006a92fc468ea0e05daf79d264d99c80c5bcd5ec03429f45a889c2ec05b33d,1764499237,1764499241,1651,97364,,
0x29537304bf55d484777d6dc7f8c92c9bd7c311c583af39f24544203af512c209,1764499237,1764499241,1651,97364,,
0x233296b58f8a923171db4635db862b2e3b55a54011f40e6b3000184f35e99c28,1764499237,1764499241,1651,97364,,
0x7046e6a5853b9eda29d1e212cfb4c171e1bc8b77c29df63661914b46d8ec514e,1764499237,1764499241,1651,97364,,
0xc2cf160f73e4af2d2220b81f84f03f6f6376d837abd3e2e535fa6895af003f32,1764499237,1764499241,1651,97364,,
0x1398dd33b0493b482d29f18f488ca75911615bf5b941823de75007dba46909c1,1764499237,1764499241,1651,97364,,
0xc6b01168fb4aff9b7a0afa733eb6f95434bd4dea82fe41fecd7474e670453e62,1764499237,1764499241,1651,97364,,
0x918d74bad8165e8911d849ad7de345101bee471e5b72c216f43e1bf054a4aa78,1764499237,1764499241,1651,97364,,
0xf56ed85483e44b155d79b7a8fc5ee6d8ff25071dce02743d1c5d8025c69622d7,1764499237,1764499241,1651,97364,,
0xc419a00eb0eddac5d226e991170c96f3dbf97700b80790f4696ad2d8d44071b1,1764499237,1764499241,1651,97364,,
0xfe7b838859d2c824f0a12e8179dcbb59bc921d2fbfea4620dadc984c6faff0df,1764499237,1764499241,1651,97364,,
0xea8cc0655842df2dcbbc7b6a2d49175c67598ddfbb07005b894815dbe698b65b,1764499238,1764499241,1651,97364,,
0xa60ef22b6fb4e2d99ce2531a6f79184eebdb688e83d6d6f8b4e8147e17325e55,1764499238,1764499241,1651,97364,,
0x9c44848fe0934ba9aea9936e646ed185ba8f606d79d35a06e884d634ae2d1960,1764499238,1764499241,1651,97364,,
0xf75e8617b533f92f975fa62d201a25377a9381219dc4b40b7a166a6044436993,1764499238,1764499241,1651,97364,,
0xe1d6aa706dfee94b5fee089883cf85287737299983645f2231524f07799a0bc9,1764499238,1764499241,1651,97364,,
0x7580f697ae0aa50d9025281f580372edcb539c8e132eed490e2de48bac16c815,1764499238,1764499241,1651,97364,,
0x88adcde4d122aff75d8d72ae4f172bcdb4ed9a8fa828b05dac22e190e531940d,1764499238,1764499241,1651,97364,,
0x6ac571006441690323c2a4aabb4ed6f2bb2c26ce3434d4b62f89189edc693c89,1764499238,1764499241,1651,97364,,
0x29890896470efcecc7b31d8aac56dbf976d6301d6eaac0e5b52cf1985120dbbb,1764499238,1764499241,1651,97364,,
0x83bbef16957abb6e4a4c3df27d4895fb5303927119cfa2180c38e92886385e19,1764499238,1764499241,1651,97364,,
0xa563ab17fe1883cf4ca67e13589dfe442c25a1d89b32416004540791a47938f3,1764499238,1764499241,1651,97364,,
0x860fd8f8b4be687b091ddf7d55e3615d36d7d61aac6720b01c7b25d857e8bfe3,1764499238,1764499241,1651,97364,,
0x455060d1e838bab3b5d6f2c9310307a5a879626ce090aac6b9e5445d7a7e212d,1764499238,1764499241,1651,97364,,
0x5466471ca5187672aab027e0650b5f7e243b3cade3cd9e8d8c0c16b420af3fca,1764499238,1764499241,1651,97364,,
0x8487249137693ee38da65fa09eac5a0800dc1705472eb7d4e52815ff579c1a6d,1764499238,1764499241,1651,97364,,
0xf7428ae91d55b4d5c9d533654227180c76ca63b57cc2120169786c3871333167,1764499238,1764499241,1651,97364,,
0x4344d968ab4ac7a09420323fbf3fe475a3e1c22d21508030669536d0daa1d763,1764499238,1764499241,1651,97364,,
0x0fc0e6d1e627731d5dec362d17057c83e5ba8477a4d170c9398d6f2e64c82449,1764499238,1764499241,1651,97364,,
0x641a1d9b72af9f2f01978f54b2369711711d155ab3cb2befe671b7d8c3ee8068,1764499239,1764499241,1651,97364,,
0x7f1833b043ba75dba495e2aa148059c13669938538a8027e10c556edbdf871f6,1764499239,1764499243,1652,107780,,
0x93f57b09f65b1885a76aa4671cae09493a65fcec3f406c6e7543cc1f06e92b9a,1764499239,1764499243,1652,97364,,
0x83a96c298fc7b85253cbe84c40e3abef0eeced6a75758bbe3d6450c41531fe99,1764499239,1764499243,1652,97364,,
0x9360f4b813d7209dcf6efbe2fb71e456af79d2eb7e6adcd810c28b6a4228e60c,1764499239,1764499243,1652,97364,,
0x41da6a73b08a221b887cba9603fa9e7b8e6ba237ca75ab9d5fa0e556ff303648,1764499239,1764499243,1652,97364,,
0x3b93696789e9bb4c3f415254b848a9ff6f96dd412df016880e669d217542dce0,1764499239,1764499243,1652,97364,,
0xf71b4b1d9c03aea96ef7401649d5a35614c8c55a3d1dbfb1e56fc931f697540d,1764499239,1764499243,1652,97364,,
0x164aa1e4ae33ec000fe7c41a382057c4ea3d1d89830713d366db2b99d0f345c0,1764499239,1764499243,1652,97364,,
0x9d93c0cded3c49daa89f41972c52b86ffcbd89d119ab4b9adc9eefb778ade4d7,1764499239,1764499243,1652,97364,,
0xb19d11e4c62be3a9346ee680a8c4d3149a36b50cac6003a16e1b634803626b42,1764499239,1764499243,1652,97364,,
0xe6a114714743bb50bc79c84cf93d97de250d59211e6905f4dc13dfe84af4c3e5,1764499239,1764499243,1652,97364,,
0xc9ee0685d91a8e2cc446581e31e7f5e38da0833e5183cf2751e6a5379c9bd0bc,1764499239,1764499243,1652,97364,,
0x7a3b45274d320894a15265df1dd3a7e9bd33557668c93aaddaa7d01128306aca,1764499239,1764499243,1652,97364,,
0x02882552db8ea708d68e9a4c6b460e1a6b9f24c1bb72a041e86676f09d3f058e,1764499239,1764499243,1652,97364,,
0x7d8693f4cd15f7015e4d44537f38a65ff36d2f20879be55e9511e96e2c1b6446,1764499239,1764499243,1652,97364,,
0x34e6689fe0dd87feb4bcbe29a8d963d71b4aff505a532028a6b7e09fe3bb85c0,1764499239,1764499243,1652,97364,,
0x2d85acb15242a83afeb3472dc5d5d0929fa53836b2647e86251c1adf436a32c3,1764499239,1764499243,1652,97364,,
0xab62ccdb34a82989bbd0b3f7944321e8959a932a78667dec832db6e7f8ca5d27,1764499239,1764499243,1652,97364,,
0x309bf9b6b4a2651f1d0f26f2e39dc9680c7cf9ccf82b162b330c452f8b88f40d,1764499239,1764499243,1652,97364,,
0x3038265facf92728453d4fc746945eebc107c7f56bd940b091cc28bc0c7dc63f,1764499239,1764499243,1652,97364,,
0xf1520b48bf358bb51b48437021ab70ca9f1fce5c7783ebbcd52ac297ba12acbc,1764499239,1764499243,1652,97364,,
0x75651fa47bc34b7aae3482f9f5a2636ab40f118adb4233d51a16fa0c001642bc,1764499240,1764499243,1652,97364,,
0xb0865e6854bf5118fbbfd28a25654624a3c5729a06a999aaf7c65b71e2ff4f20,1764499240,1764499243,1652,97364,,
0x890298093d96a14d9107c7c5613b381de0f0a738982949fd5a88c34578da558c,1764499240,1764499243,1652,97364,,
0xb6574a603738810c359f6513170428980ca27a4759aee9ccfaa1a926b5f7e506,1764499240,1764499243,1652,97364,,
0x281f509c80a349f0a987b5b11ed9de3e7d99c1ca33e50fb5cef67c3e2db13b54,1764499240,1764499243,1652,97364,,
0x05b02835e29a2928f36bcf342510296a7c9bab8a52757248105a52e954870b8e,1764499240,1764499243,1652,97364,,
0x297c265f044509602b09cbd4176d879cc15d79bd79c874480d730cac49f18aee,1764499240,1764499243,1652,97364,,
0xe43c912827d6195677b6f82533b28861d71eb6e73f4fac33a340b059f2c3c9d8,1764499240,1764499243,1652,97364,,
0xe223dd36971eadf1578a72692f8a7f0f959d2457bfdc0f80f6e85b48ddb107b5,1764499240,1764499243,1652,97364,,
0xf19ca822c46e43278337cf54b55da97ec3b2c04df42811b5a8ce42fa5678090a,1764499240,1764499243,1652,97364,,
0x280be4f422f73876b2b598266c3afd60f8d5803f5fe86e0cd6cdffc01b075ef5,1764499240,1764499243,1652,97364,,
0x96e5f3dc2f05c89107eb18621f1ee8dee2d4e7c087f3d8d228f3c8bde6af5830,1764499240,1764499243,1652,97364,,
0xa1e273d47648ccc3bee5535d4dd813588b0bca3907961ab391dc8348b6a1b854,1764499240,1764499243,1652,97364,,
0x09a0c442508e3432190b6a552ab9edd4509cdf06462ddea941d839e64a87acd1,1764499240,1764499243,1652,97364,,
0xd66223e7314bafbae995dcc64cf68a21530c6608bbaf94bb2e9e3d0c28eeca98,1764499240,1764499243,1652,97364,,
0x8289c81cd20221e800b0406e24fa8bde0e8210ab674fe8d87a9c5638ddd921a3,1764499240,1764499243,1652,97364,,
0xe41bfe1ccd67dd38a3b9b30018dc64168cce306ffcb3fb7df8a890a016110e5b,1764499240,1764499243,1652,97364,,
0x10c6c9ea36877b320d8eec50d05892f08844f749b0aa8e0985b82900c64be403,1764499240,1764499243,1652,97364,,
0xc889dd95c68578a6f83c49ead728b66636d82e5b846d9319945403a1b753f92f,1764499241,1764499245,1653,107780,,
0xa0ecaefdc801132fd14c50c9784b6934c1f4460d96bafa934f60daed4beca595,1764499241,1764499245,1653,97364,,
0xfa083d68aa5dfd7f8ac8dd5d4f08d16db9b93f74003b356641ed92ba2b937828,1764499241,1764499245,1653,97364,,
0x514a5bd53bb6d6d91cfe10175ddb2663deef260245b3823be15075e157b46cca,1764499241,1764499245,1653,97364,,
0x40a0e6ca369a81be4028671927970a429bf9790418c0c7407caa11e10b1af9df,1764499241,1764499245,1653,97364,,
0x3cfa61cbe460584a62c7f55e85fdb25431aeb10306159934c09ea881caf7c4f0,1764499241,1764499245,1653,97364,,
0x9aa3f880170e59421635bac887240b73375b238c2985fad3679db019849a139b,1764499241,1764499245,1653,97364,,
0x06e615e71c78bc325ff4b0d7b8359d1f5fc97fa4c4f3fe595401fcacd2c924cd,1764499241,1764499245,1653,97364,,
0x47a860db45f00b6cfff4fe408abeb40c7bf23380f0e2265e16e92efa56885e39,1764499241,1764499245,1653,97364,,
0x143931e084e7710b47e119ee46db55ca6f5f1965b655fbd74e08a38ba1bdbf5f,1764499241,1764499245,1653,97364,,
0x886a8269353bf927a2f12bf3716aa57de9a011e4cd5ccb7b61b5cc185e8236c9,1764499241,1764499245,1653,97364,,
0xc32e5340258f9d62d2a54f319850f6dc37342646c84ec072cb7a63382f104bab,1764499241,1764499245,1653,97364,,
0x8728b5b6724b2cdd38c5fa1c2a28c7d85e7f7096d151995a91a76a87d5317db0,1764499241,1764499245,1653,97364,,
0xa2f05900e987abb29cde900b04d00ad2518b98ff5765fa1f4397e7af0f2b5457,1764499241,1764499245,1653,97364,,
0xd8cfc795831146a1d5feb65edd4ae42749c0d83dfadc3e1ffa68c6afaa05d7d9,1764499241,1764499245,1653,97364,,
0x427dd809c1c0b053c3037df5d17af61741e12256eabc48f68b187a5a13dccea3,1764499241,1764499245,1653,97364,,
0x28fe20d7240c7f2b811118881871e338fd4d62eb983e2914796d6860ac966a88,1764499241,1764499245,1653,97364,,
0x4b456fd2a45008eb2f633385c0d25e88b7709869ea52c66776edaac9c878036a,1764499241,1764499245,1653,97364,,
0xa9baf266741b14138277f6af8d0a0c52c886ad1b20edbb69b7a5279ded0472e9,1764499241,1764499245,1653,97364,,
0x0b0eac022fed2d4613e9fab7436e336f4dda5cf756f688e8ce5d71617601851f,1764499241,1764499245,1653,97364,,
0x898010a3f462c42b838383c35875c37321c74228002d5266b37a74df1e45e73b,1764499241,1764499245,1653,97364,,
0xda79d2f35d46f043189c631ee249e97fa3e872fb581cd6cfcb84b338569c0cdc,1764499241,1764499245,1653,97364,,
0x291056df48d6141dfb4819fb7f8898d069a181b45d6a6161e7422823ba2d9a5e,1764499242,1764499245,1653,97364,,
0xf7705752af773f490b6cd8cabc0bdd626502dc2bdf9bb4f9e14cf50a7164f0c7,1764499242,1764499245,1653,97364,,
0x2178cec4d15425d61c0b6baa600b180854461fd92037fc8d8aa94550ce4bc304,1764499242,1764499245,1653,97364,,
0x1291ed639e72bf4616dcd264f93d9b44af40504acdcb238a0998e2e2920d79c2,1764499242,1764499245,1653,97364,,
0xbc692833ac368e5623e152f2e15fce87ce3d5d8e009967c6e794bfc39edb4880,1764499242,1764499245,1653,97364,,
0x94b506f09f0eb3720c2825ce982435cd304e25781697c333faa96d64595fe4dc,1764499242,1764499245,1653,97364,,
0x3a9cffa4a92db5db57fbd458496bf0e101dc24ce9c4f05a0f12ba8612f1060da,1764499242,1764499245,1653,97364,,
0xde5d3087add7e2d48aab7f4f8c3b18ab2052474f3fe04bbdc69e424fa216d56a,1764499242,1764499245,1653,97364,,
0x7c6e1c757f99128b6a642ee2bbc544ae8f0dc649f132c5990776a5f052460d8e,1764499242,1764499245,1653,97364,,
0x92cf4af2067498e2d1086a539eabf72b1b40a3e54607d1f7c3c6a2095254b1f9,1764499242,1764499245,1653,97364,,
0x5844934c9a5194058a043d774fff666b6d27724a3a6af6b220912d0f79914b13,1764499242,1764499245,1653,97364,,
0x17018fba785d91ee00d7579f309d48ae0c0e7e478c09e19791213efa37451f1b,1764499242,1764499245,1653,97364,,
0x58748ac40c753a77691692892b941d59be6087d68e6aae39df37d174b3f29682,1764499242,1764499245,1653,97364,,
0xc09281eeab0d5780ad1ee70aa6ab04eac5ea153902164ee8581538428bd18bcc,1764499242,1764499245,1653,97364,,
0x9fe69a215c189193c9b9d9396d2022e1a86e594c558e7046a065cfad68b93f09,1764499242,1764499245,1653,97364,,
0x577f16f69db214919c248e2af762ac765a54b39cf0f9275a448f32f327878b36,1764499242,1764499245,1653,97364,,
0xf1a6d9d179eef5ecccdba32792439591466712c6b8390ac593595c2fa8a55413,1764499242,1764499245,1653,97364,,
0x9be934949540364e2ef3e9b7bcd6e8ef9c9a71d4e4a9e1a698f11e92db2ae011,1764499243,1764499245,1653,97364,,
0xf9006ae990a1b9e66fa7dac4354102343407d9b44f9787b108bd0573b117a04b,1764499243,1764499247,1654,107780,,
0xf5663016f964814f50ec9b0f25cfbe285c05b8712d91f85302e457f218edfcea,1764499243,1764499247,1654,97364,,
0x84ab1b5ba888fff7b0367c5e99f69865a0ea2e439c39178542bbaea494fe4394,1764499243,1764499247,1654,97364,,
0xa2fa53acf779b966100103ffb9fdd90160726bbb14837b5c6381d31e067df9e1,1764499243,1764499247,1654,97364,,
0xd024c6ed7b0c8e13c672092da0c64b4c022132b7263a701c175b25141c33615c,1764499243,1764499247,1654,97364,,
0x71fb71e8f62160afc4e783e9bf0c8c2e2bbeb254dc38dad9925b1bb5b15e67ba,1764499243,1764499247,1654,97364,,
0x84d30146d930afa74b19ccbb9349644b2255c952b2807d329da7d23fb372953b,1764499243,1764499247,1654,97364,,
0xa59b2ec2c2b249f8e686f6ffb55895256c85cbfddab9c5b110ee9d19d6dc6d5f,1764499243,1764499247,1654,97364,,
0xb3a7779ffeaf9191d77e709dce992c463ccd9cae2e0e7209630363629e7caf09,1764499243,1764499247,1654,97364,,
0xc2a975b7a0381c7340cee6a0cfcd4e66b485181d70d171c9c0806634cd333e74,1764499243,1764499247,1654,97364,,
0x26be8b444d1ef33f2446275151201e4a7332649e78a28996783a2067c49aa989,1764499243,1764499247,1654,97364,,
0x04781c92472b814f4316660d1559032c65386a791593d530e57fe4a8b0131ada,1764499243,1764499247,1654,97364,,
0x9464f3c9ae9b1b76aa341d002b56425da4ffb92de972588e277e3ed9f8c67ab0,1764499243,1764499247,1654,97364,,
0x7d764fcda83c1c3292cf3b119604107aae9181294e27451d05b942cf28dbe886,1764499243,1764499247,1654,97364,,
0xe3e003f12d79e72b432a12e623629b408967a19f2158075c034253d8ea53db92,1764499243,1764499247,1654,97364,,
0xce7b6722570c4ef87216c46fe4da9dda12a8f05e7d7bd4f8be5d9604e40870f2,1764499243,1764499247,1654,97364,,
0xfef804b4aada9ec9191993603c248117b03864698d08ae5b2990a21ba022d7f6,1764499243,1764499247,1654,97364,,
0x5e45ab56892287345a2594a345560adc2263fa58acbebc5354ca28e8689aeff5,1764499243,1764499247,1654,97364,,
0xdb527f40b865d227c030514a3787f20c3b7a5a10fa08cb91f9b7e29a52cb498d,1764499243,1764499247,1654,97364,,
0x73600fd21a8199097ff42c21cdc3da07048a4238b12c9a75437987fdd36c6771,1764499243,1764499247,1654,97364,,
0xe2bc2294f1c225eedeaae62f45cd43029ef4d0358e6fbd13e8340936c164e928,1764499243,1764499247,1654,97364,,
0xc6c483d868b1d1b21368b401f9073d4d3c9651d1697e00a4df84080676e75663,1764499243,1764499247,1654,97364,,
0x7dd3bef13624257b314634520753c4aea76a2394c35f4582fcc9791e593b335e,1764499244,1764499247,1654,97364,,
0xa83df6328bd361a2a6e414f44ee1b318b2d8b4f12f37e9013a098ddc9ec97725,1764499244,1764499247,1654,97364,,
0xfbdba269232a46213c684b9669f09158971f87e622c35b239ab0b2fd1432c022,1764499244,1764499247,1654,97364,,
0xb23d4f82763e6d358e2b715c543307fd8d6929209c5ae1ea698d69d64dc7b1af,1764499244,1764499247,1654,97364,,
0x60fec4205bd24e09f174989a9b8a8af8c1e85acedd5f73ddbbfed5cb48976857,1764499244,1764499247,1654,97364,,
0xeb812fbd3bd8d959b47760a5a0bf1b618adfc8751a0d5e2e27102ff2d890b2f9,1764499244,1764499247,1654,97364,,
0x6b8da52ce5f616f8ebffc954e6072bffec8fdcfbb2b9ae8eac89633be5038d12,1764499244,1764499247,1654,97364,,
0x6264e5e7b6ab1f7e70432cabca7547a94ca67fb1692a8f2c6a58fc22884e0e5a,1764499244,1764499247,1654,97364,,
0x809f2a85b2b97ee26941630693e651fb53ad2d3ae89820fac5c3b1d71a0adab8,1764499244,1764499247,1654,97364,,
0x370a85d9520a339d5d9a03a06872723bb26ac52fe80e8923bd18c6dd27f45452,1764499244,1764499247,1654,97364,,
0x5fa8f86208291e0a2080de5f6501c11e18835888682ff2b5d1b3d25d0a22f66e,1764499244,1764499247,1654,97364,,
0xa121f4ec7b21a459f546e86ba8f71ec071ca15d3072582d23820e88dd37a3a42,1764499244,1764499247,1654,97364,,
0xdba771ba737a15e4763f1c864cd993bd81f1ce6b9b26b98497720d1635ce9e5b,1764499244,1764499247,1654,97364,,
0xee8a52a99149e8f476dea01e57ec5fdfb2b7d7baa9c88645e9bbb50aa635403d,1764499244,1764499247,1654,97364,,
0x31726611e969f89525b0ef56ec1884e593d4d5c92d328a5eff08d3ff92f78069,1764499244,1764499247,1654,97364,,
0xc41b3369f9a0158e3ba126fd8dd8a9425365f4e3f742c60984554212494bea71,1764499244,1764499247,1654,97364,,
0x34758dc67b51b07fa54ba2cc32bf0d508c8a2319ab25d118437d09739049228f,1764499244,1764499247,1654,97364,,
0x9411bd97635f4f006260654f9dfd07494dd167900e87818eb5fdc5608c401124,1764499245,1764499249,1655,107780,,
0x4061d179b8609c0392c379485d16c8cb55cc7896b700f8f15d77f851598996a0,1764499245,1764499249,1655,97364,,
0xa58e398e6de91fd21f6cf0a421ba614dfa6c5ac0646abe3afe80e760c884719b,1764499245,1764499249,1655,97364,,
0x6a38a68636f44b9b8b1cc8e9bbb3ba29f21d377e6cd7c73f250a75a946f844b0,1764499245,1764499249,1655,97364,,
0xfd1f92bfe38b042179fb60a944445eddb95381d25327b8e193d408d328704f8a,1764499245,1764499249,1655,97364,,
0x2814faed8411896399233f252b272b03d9d14882a3f5124e85b3be87fee113e2,1764499245,1764499249,1655,97364,,
0xe21ee292b6ceca623725daecd4c4c60e707463e56f51ee365357cddf13244bd5,1764499245,1764499249,1655,97364,,
0xc508c4fe8c3c2752f4064c0b3c9b8b04648c9bfd6f4f15e624af86562b849028,1764499245,1764499249,1655,97364,,
0x3583733a0af322c0eb8e77948a18ec857ebce758116d6712f2d1c52679f20d9c,1764499245,1764499249,1655,97364,,
0xe6881d18fb657a3ca63a846284002305e48b10af1e36cf21a71fd744b95b0145,1764499245,1764499249,1655,97364,,
0x8f62c64c41e012655a503d3fd27b132d8657344f69bc6f2387a9d2861548c26b,1764499245,1764499249,1655,97364,,
0x5c5408f305cd6644d49529fe0e64456a66b18f1784b669334588a7a5608ba39b,1764499245,1764499249,1655,97364,,
0xfb677ffc963fc53d20b7e2a858c0c86bbd33ae1713eb53a30f42a90a85658424,1764499245,1764499249,1655,97364,,
0x827df5d96dc577dd7a25a3f9cb16984dd89546edbddecccd31262bc17ad97b98,1764499245,1764499249,1655,97364,,
0x921bac250b50398c8f00ef2fad3da58170135de952a61e7f0a56fb89c60d5c70,1764499245,1764499249,1655,97364,,
0x88c52f0cb82732482b5aebb0fd91dda039219173092dd2f73b0f436f9127db78,1764499245,1764499249,1655,97364,,
0xed49a9379c1992a113ddb5432ae231a1f303932f26fa4408296dd47571e70a94,1764499245,1764499249,1655,97364,,
0xd93b0789d76661c932a5b7400d57b826c1592dcd3d384f649a137eb3c12aede9,1764499245,1764499249,1655,97364,,
0x4ba9a2f4268122ab2dfb5400004d157678ae8e2840f09c6c75ddc209cf7a1304,1764499245,1764499249,1655,97364,,
0xc2345ffe0de45daf21917d84bd42131bdcc057462bd890a9a3e47148a8fc984e,1764499245,1764499249,1655,97364,,
0x92ec85d169e93fddd08d7dd563bc0c5e3db6bad409ba39d4c64e5cedf83851c4,1764499245,1764499249,1655,97364,,
0xb601683fb578721216fe3f3dfaec03a76761926eb65497f312afc11e5bfe953f,1764499245,1764499249,1655,97364,,
0xf6c3ef3499c74e678ce38d643bae3a8f061c82483872385d729189a65b7c9a7c,1764499245,1764499249,1655,97364,,
0x2c8f5ad6d290ce9039de00793f9a0ccda21eba6656a3224d86835620988233e0,1764499246,1764499249,1655,97364,,
0x43284cb8afd7d0c87af4206105eead032c16666cb76903c4330d903056c56c8d,1764499246,1764499249,1655,97364,,
0x3c4a32b4dc538d8cf71fc936cacbd995621d539615fe6bb008677d0fa443813b,1764499246,1764499249,1655,97364,,
0x57f8c62562c7577b0f145eb3bd6f862380218a4c8913ab81b3a2cead09baeaae,1764499246,1764499249,1655,97364,,
0x8652d05e4037a40a638ac21e2958dea3e1e4575da7d82c84472bd05490ab0180,1764499246,1764499249,1655,97364,,
0x97c8bd5e201ed84c84e84307c6e10f9a81b7f6b199377cdae18fb36b02484ab7,1764499246,1764499249,1655,97364,,
0x3c05811200a9317c322602a54e34073665ee411e9f3b572bf002faf2d3582687,1764499246,1764499249,1655,97364,,
0x530a761fe4401de09a4ecbc1c1dfef69ca5bba2452dbc8f23be4d216e9f83099,1764499246,1764499249,1655,97364,,
0x60d30ede22bc4104be672b49e837a06a13dacc97d806e2a9a3a1b759a2fd0c26,1764499246,1764499249,1655,97364,,
0xcf238a083cf37b0c579ed44cb4d1efe8b542d4ba41dc39e62120340c0c90894d,1764499246,1764499249,1655,97364,,
0x8fe710e490b78868cdf6441969cb0b71a47f0ddbe68253529998a37a3ca2c4da,1764499246,1764499249,1655,97364,,
0x81895629ac9f6719e91c27959ddbbe2282c43012ce9ad5bcc5cf079f7c629fd4,1764499246,1764499249,1655,97364,,
0xc4822d973eb24fc79d74875666a3a2bf4175e8c90d0da931bc42f6a41e5d2b99,1764499246,1764499249,1655,97364,,
0x4d6306e817fafd524ba5ae1eedc7634986bb5f717af5a3e01e502e6513bf6b59,1764499246,1764499249,1655,97364,,
0x641c04d99cde53dfc753c8aaac90d840c1d396278af1fc7e078e3d206a992883,1764499246,1764499249,1655,97364,,
0x2c11e446ef4a9109aebed73802569e9c017d836272b99db8f969c72436d64e95,1764499246,1764499249,1655,97364,,
0x80330bcfb5772c2a919524f351765440e715fd9756a4ab51e45c99519fdc8e42,1764499247,1764499249,1655,97364,,
0x4184f5e4a9900d9be0d002aaf1cc80a31e553004bda40a87599462d81c29ab2e,1764499247,1764499251,1656,107780,,
0x8a79c503f3b9249e4313e622b26d8ff4b2342103d28d951092d78ef3ecebf33c,1764499247,1764499251,1656,97364,,
0xb75d2cca412126091488b8916a829ce8274fee7407330d7ac925d56d73a5a57e,1764499247,1764499251,1656,97364,,
0x534638c704da4d3318fa55a03c0a2a26fc28e33f16c9b7085ad410933f6369d1,1764499247,1764499251,1656,97364,,
0x34c80d96b36681f03d1ba1a85f6c7b35647fc0e2f39dc4cec12e8edc2b1c197c,1764499247,1764499251,1656,97364,,
0xd294896661f5788abd527df8cb8ebc1366b30607fdf89ca2d139719967fa0d26,1764499247,1764499251,1656,97364,,
0xd16a766f32e4d27f1abd3f6e30d8ef79c374ef3a2b6dee407ea92c3bb3ab6968,1764499247,1764499251,1656,97364,,
0xcdc961fe9a2542f07229957964c55586066ce72c1a4e5b803980510bb74e2af9,1764499247,1764499251,1656,97364,,
0x8ef5be323572401878b0072c54b8a28a86d90c74a3fcc6934e60cb621559fc77,1764499247,1764499251,1656,97364,,
0x2fa65ad35f2f87a2579c8fd931845ff95e16fb29524091b843aaac0ced0ce9f9,1764499247,1764499251,1656,97364,,
0xc900c54e2a1712879fa7edb84374c2e3c894787c0406f8f1fca5205ce3892e51,1764499247,1764499251,1656,97364,,
0xa7b6718eb1eda5adcdde9bb1da15b5b158aba026498fdee24dc1a1f856810bcb,1764499247,1764499251,1656,97364,,
0x13577f857f5a7cbe0d51a8ec7fe80c4939924defc63985ad2c66732c15504620,1764499247,1764499251,1656,97364,,
0x29789924023f07c4a1a74d92ae91798ecd475c4fccfd973a3c1320a0eccd9f78,1764499247,1764499251,1656,97364,,
0x537bb84b5ad90c69f0da965bcde9a2ae6ba2498ecc8aa8dfaabb5b906c9d3cb9,1764499247,1764499251,1656,97364,,
0x1592f484fc392ac7eb3f18467236aa5165502146572e95df1d53fd8d6a04677c,1764499247,1764499251,1656,97364,,
0x1a3c9138c8cc2ab9fd2eec4c59cc80532b186d183049c2c152249c47e291cdb1,1764499247,1764499251,1656,97364,,
0x6ff18bc15e31ffa624bad1b6370302efd887e07a4b6dcb124cdae7ac001f8d39,1764499247,1764499251,1656,97364,,
0x02cd53fdff961ed9f3b6fa15df8cb96bb0231ff29af6105ddd36097b285dc749,1764499247,1764499251,1656,97364,,
0x949ae396e0bf524d8653acb4d9229744add6c10204f9bc87fe23b093a5fe5867,1764499247,1764499251,1656,97364,,
0x54f32e687c5f040da608555de628f74014513438262c98f8be42186278542a8f,1764499247,1764499251,1656,97364,,
0x501c239fda584f3143dc5a4ddf344da4faa6eb5911e877d4745262b3dad80ea5,1764499247,1764499251,1656,97364,,
0x6722a8b9c59b6864250586d12669a7f7ceb82f7a0c6b16b038c23f1d12d1f141,1764499247,1764499251,1656,97364,,
0x68fa1ea30b5a39df78f4649cd09cda775427e0392e93a2873a06bb0eee0e2920,1764499248,1764499251,1656,97364,,
0x35bf18e2b1faf8c65dc36862e678c4ddd9e799116c5bb5bbaaa82b3864a05882,1764499248,1764499251,1656,97364,,
0x347fa8ae2f019b4b43e769edbd0c3ea703aa4ff20aa3bcfca1b62fcccfb8e2ca,1764499248,1764499251,1656,97364,,
0x7a38aa79a3fcc0a1b781da28c918e6e893b9c8654c24625b99a993f3527f64b4,1764499248,1764499251,1656,97364,,
0xe0b6eb7cfd28364879ee727fe5982b51013b94a86225814522eec4bc8b841f30,1764499248,1764499251,1656,97364,,
0xe0866131547421ca4fa24e63ca653134a1e3ae9490fb572c9ecae23910c90301,1764499248,1764499251,1656,97364,,
0xcbfe4d19e790300d3123c216c9065c83da1704442abea15b02fa7de056e446bd,1764499248,1764499251,1656,97364,,
0x6ce07f5b848a6ae7dfeefa0fac22d2185d3ed78acab8a47da9f918ff76dceced,1764499248,1764499251,1656,97364,,
0xc4ac62a7f19708611a23817e9cf7cc5e9c6ed2c16f1bb46f1342d6d3e409bb81,1764499248,1764499251,1656,97364,,
0x8ab46fce7c60a8d1596472145f460ffa048af5446651865373673c1765443ba4,1764499248,1764499251,1656,97364,,
0xad4d8023b91c543c4bcd459c91d33bba9d44d01d05cf41ecadbcf04aca29de55,1764499248,1764499251,1656,97364,,
0xed0004622546e7238ad00425ec3bd8291f3f9a89a0dce262f8b21dc361101451,1764499248,1764499251,1656,97364,,
0x5d392591f230a4fe24449f55a2f98bf8ad093c82b453be51277f516f75745849,1764499248,1764499251,1656,97364,,
0xdab7f795a1dda81051f8245870136490f529d11ef10a46dea758375685a98399,1764499248,1764499251,1656,97364,,
0xb5a2b2113b34be58fffcbfc0740449c0794d3709197bbd8546c727edebbaa045,1764499248,1764499251,1656,97364,,
0xbd0642742e86eb86a249d5d4c968487cec9bff89d9588d4dc3f4c0540e587e98,1764499248,1764499251,1656,97364,,
0xdfef305445d81e40cfe8f618bfaabb6be5ad6d6f9f9686c2b7df44c5bd422a01,1764499249,1764499253,1657,107780,,
0x4f4e6640c990aa424d07cfd9db6930dd2212bbdc172226442ba7d785415637c6,1764499249,1764499253,1657,97364,,
0x445c8716f4305325e4ce2e7b7b739aa16e66d9051d612c7762b79dea2ec08991,1764499249,1764499253,1657,97364,,
0x4b0f1b638d4402a8b8d42a7c04068d514995e2d3b00d44bfe7be23382c2841e4,1764499249,1764499253,1657,97364,,
0x8b6186b042dc4d3d93e45895716997eed667c54831bdcd780fba3ecea17faa3d,1764499249,1764499253,1657,97364,,
0x889be2728d7b05f458981127fa766946f1273b5f75c7043fb530f4e0bb110419,1764499249,1764499253,1657,97364,,
0xbca46c5f533e5056cc82649e91c8358143604268d230499b675a657225d619cd,1764499249,1764499253,1657,97364,,
0x21e81cb9853e7a2229aa39ff08f7d3b68553f311a0ebb506cc570b09e5b8b54a,1764499249,1764499253,1657,97364,,
0x69b71d569d3086af9e37904dca1ec8f5de724cc67c576cfec9613c0d156d0660,1764499249,1764499253,1657,97364,,
0x0566dd2665b0a8e612224ec8dd5bd48d6c308970683c1a50a4d8508070fda260,1764499249,1764499253,1657,97364,,
0x7b109ad38d555e14b23725b6ae7012eb4390df4279e66fea212d3ef607d2dd1a,1764499249,1764499253,1657,97364,,
0xbff9eeb0628b0124f24516ae6a7f1216ba962160c10dcbe3da50a545ed1de62c,1764499249,1764499253,1657,97364,,
0x7b3b7471d038fdd95f8645e398fd64cfffd5a6d19d39c6a9bdaa8eb3543e7344,1764499249,1764499253,1657,97364,,
0x304a50b912fea9c8a457e2a1a0045485d6a141473d6e9926ae97f73e28707bb6,1764499249,1764499253,1657,97364,,
0xef542857d22ad012df06c93825e010ed39d9f4aa0fd79eccfb079482a719f9a6,1764499249,1764499253,1657,97364,,
0x9667a0a423e76f61b2ea08246b6ce62fb95a09600b06076a425c76a050633cf6,1764499249,1764499253,1657,97364,,
0xb183fff533896511b439987f316b9af75a9735f4059a5901e05e6bc0aafba1c4,1764499249,1764499253,1657,97364,,
0x7bcb4fc780d98c882b5dddb7738fa4af3200bf9675fc0dac2f4d387a4813d38c,1764499249,1764499253,1657,97364,,
0x15ceeb5f3c25451bb0f2f8113b15ec1f023fe77b2641af81e6ce5e4f6976e462,1764499249,1764499253,1657,97364,,
0x2bc788657486c83321d3a2ad163a2ed2db430ac4e7fa2b74304005d2300ba05f,1764499249,1764499253,1657,97364,,
0x4f1cef523bee598faa498c574c6eb506b41cc25ec780f47d1e5f68ee0870d925,1764499249,1764499253,1657,97364,,
0xea13ff3e5134ef3fe4b6a720bfdc9afa95eb561efbd94359663ef66b4ab7e80e,1764499249,1764499253,1657,97364,,
0x33f02056908f89e14bdd44ece47e2b3832d2f34fb8648a07743db00912c9134f,1764499249,1764499253,1657,97364,,
0x29cbf10490312af93cb9fa19883c7ec4ddcdae9288bd82caace7b2b0a7c1e354,1764499249,1764499253,1657,97364,,
0x7245c63363c17c6ce75451545d77ea3baab80e1ab2ec97e05c09a9e5441ece96,1764499250,1764499253,1657,97364,,
0x470324175d024ecdc95d5cd0680796607bf5d2d3a9de8e07576f9a707bb9d95e,1764499250,1764499253,1657,97364,,
0x7e1186143cc93bd32650580d3a263070ef2af324963f077c56937d9067f27119,1764499250,1764499253,1657,97364,,
0xc3981bae7f001fdb5ef3daed4475801a9106d4e15cdf2a32100d722580d1eb0b,1764499250,1764499253,1657,97364,,
0x16d216b4d922ac12553d8e4d12c71d087075c8b2da449a3b0058ad207d76cb3c,1764499250,1764499253,1657,97364,,
0x24855460a997389f674cf70cfb14eb2e91c0f44b8a8d0226106636afec7da63b,1764499250,1764499253,1657,97364,,
0x83606d3c0518f2bbc59f0bf989c2ec87136f083e877f17fcfbc4c4c838da4cab,1764499250,1764499253,1657,97364,,
0x50c3534883bb8c6b2a200fa0516bd5fbe28fcedd39663e54cfede6386baa8731,1764499250,1764499253,1657,97364,,
0x5906f1a28069ca0b4d789aae1fdafa95a5b345abe958f04e9bfccc09efa4319b,1764499250,1764499253,1657,97364,,
0xc2769cba1e9e344756e982728b4d5fb84d0c599cddca036c4294380e5ecb12e0,1764499250,1764499253,1657,97364,,
0xb70dcd3a36ca189fdb83adec05413f0fa41d094fb5012cb7b343651734e5debc,1764499250,1764499253,1657,97364,,
0x0a21e45786eb63a51fd6267c069706bc5e7b113e92d7190a046bb11150e63220,1764499250,1764499253,1657,97364,,
0xa61adbb6f6910d72d9391cf001c6351c8d63f5fc9b07f2140e60636d76934fbc,1764499250,1764499253,1657,97364,,
0xc7f28a17bb05483d9727ea101fe89245270aba07774765a04a679084334057ee,1764499250,1764499253,1657,97364,,
0x255436178f4a122276a3f1a5dda2cab541aa45d2fa60685c6b75970cfd258734,1764499250,1764499253,1657,97364,,
0x98ae60244bdefa76a110eec357fe30cf4555349c365c84c5011c938451c88b7a,1764499251,1764499255,1658,107780,,
0x56329a3637e6d4874a71d4151a833077a9b1d9b2150bd83408ac70e5baaba944,1764499251,1764499255,1658,97364,,
0x8c8970cf0e3cb4654d23e3a40d26bb8b9990a034e3132dee4b84ac0d237c761a,1764499251,1764499255,1658,97364,,
0x98fced9f1909e4e91c54e8dc0bc737d8f77e38fcb94dfdd586ab86b8fb9b5331,1764499251,1764499255,1658,97364,,
0x028de2fd04ae920f36a1724ccba29c525e6349f9dad6e5ee638623afca88d70b,1764499251,1764499255,1658,97364,,
0x81995afc1467111ed0e73542e55b0feeb61ff4fc7692ce155809d07f1856e2ce,1764499251,1764499255,1658,97364,,
0x79e9cf58f5d9049b57a5baa25363b054533425251c5a769830ba948d8e10dc14,1764499251,1764499255,1658,97364,,
0x0c8eaf02ddbc3175a3dc79a6d2048a3743c244cacf60fac84ef22b065c39bcff,1764499251,1764499255,1658,97364,,
0x04150222b2a9ce86c8c93e0e8a6efc8f075964fe27f42e93dac170d353a1b2b3,1764499251,1764499255,1658,97364,,
0x6c93554c20f0d40a25c4f13dbc5f7d53d9d80c07a4d964f9d6ab73af9ad32211,1764499251,1764499255,1658,97364,,
0x7d9b2756da75962ceebaffeecfb26161126f5d922cffcfdeb26de96401063519,1764499251,1764499255,1658,97364,,
0x3d332e62ae0732491ee97a13b8631a0fc6464b1fe4bdf5b55a7377a839908542,1764499251,1764499255,1658,97364,,
0x661415bb29d7dd93ba84565657cf00fec583eb954aad2f3a90cc3201d1152d83,1764499251,1764499255,1658,97364,,
0x115e7d28d2f4b25a95cfeebe140495341b727efaca5e4dc969c2f65b234ef59a,1764499251,1764499255,1658,97364,,
0x3f98aad38567dc7218c0f1d098288906b892678f839d253696fcf054b5af6b3a,1764499251,1764499255,1658,97364,,
0xf7bf0aade36dadbae4de3712af56cc616835ac8617d0351eb8b0f5e625e6fbbd,1764499251,1764499255,1658,97364,,
0xf89a596e8852d64a14fe93f4ee44253cfb664625aefedec5cd481541b3826399,1764499251,1764499255,1658,97364,,
0x99921f3552236bc96fedc7e33791af9ef272643dbbb74fac8025bf17799a7741,1764499251,1764499255,1658,97364,,
0x256fa5b2f5e20d8f1c84b5bbd52618b7b38a9d9301d0510e26cc07fc99e067c4,1764499251,1764499255,1658,97364,,
0xed6e3223dbe8097c99ee231373fb39a8a3cb5a0f41a7cb50e9285790b72704d9,1764499251,1764499255,1658,97364,,
0x01a3f89efd542b5e3863fbfc40dc570c6aa0cd4cc167fe914da069ce967c964f,1764499251,1764499255,1658,97364,,
0xd484fab5d6283ebc217afdc095714b5bcf352f6ac341e68c253b8ed1add2a767,1764499251,1764499255,1658,97364,,
0x6824df54941c3f17efb70795e5c6d6a2f18b61fe861822c4590e21eb000d05f0,1764499251,1764499255,1658,97364,,
0x3cd442ad5e4e9a0bc4dffaae5a7e65fd5caa75bd20693947edd15cba9d48a200,1764499251,1764499255,1658,97364,,
0x8dd2ed7deb3810c099245efb6fe8ed502b9c57d565d5361e7fae7d68e32df339,1764499251,1764499255,1658,97364,,
0x5ac211c026d3a3c7e269486b81dcebc03ea1c14f6ec31a803ac16e00c6e72a03,1764499252,1764499255,1658,97364,,
0xaf755d7cb7c93ae27419141af49740f1a9ac5caf4737419f972f09bff23153c8,1764499252,1764499255,1658,97364,,
0x0d10af2237a0d20fdc3d9db1098418c96d5a409694fdcb774bc7b36164433e0f,1764499252,1764499255,1658,97364,,
0x245d6c2f8f2c110469aae3e4cf7309ca6c13246a57c8a0a6c0d0ed9cdeaa1e63,1764499252,1764499255,1658,97364,,
0x8860dabb2123e61e0855da639fd3e08449fb0d7244225d1e4e304811d80bccc6,1764499252,1764499255,1658,97364,,
0xebbdb7c143a30806591debd3fe28dde19c904c00c66bd3949057025ef56b1ddc,1764499252,1764499255,1658,97364,,
0x41ba7691904e2ffe68362d91056fe5bac354e63c924223438d1dc39517293b0c,1764499252,1764499255,1658,97364,,
0xe9e5f79f03ba82b2a9f53dbee43dc3d90f8b53cbc41b54a4bd8e74ff8dc08944,1764499252,1764499255,1658,97364,,
0xb48ed36ea728d5bf13d802ce01c5729b45dc472c07f35dcae89df5124e6adc92,1764499252,1764499255,1658,97364,,
0xff06f1cfee9f617942e8be4cbd82512a38bc4377a56bf976ed6ff3bac6f1e886,1764499252,1764499255,1658,97364,,
0x64b1b9774fda0ca72433cb3efff7b7672cac7b27ed653873fcbdc7a1ccc38a43,1764499252,1764499255,1658,97364,,
0x74f5f387d5b42581261565f73115d4515e30232561073d7199b0c98556914af2,1764499252,1764499255,1658,97364,,
0x87ed3fca74fecc811625b30c1c84f41dc9031855ad37b8ea2e8274f960430285,1764499252,1764499255,1658,97364,,
0xbc5c0dfda3fdd8ad6a6b495b7ba9da49810b5e882049ebaacb0d2f330a7d290c,1764499252,1764499255,1658,97364,,
0x9a396693bc47959f46a2851bf1eae65813fc5a0e81f9b6da65764f433ec7e5b3,1764499253,1764499255,1658,97364,,
0x1a6d6e77affa8eb62384090110d71503c696491118610627946125f47a65ffeb,1764499253,1764499257,1659,107780,,
0x6e48e310b939b76665fec068be39c9e5a9c3f9aa566ef9a8db6fa3960c34f3f3,1764499253,1764499257,1659,97364,,
0x638c938e048d5baa8b03cda746aeddb3a5d6a3527afff74a41b24ab55326e608,1764499253,1764499257,1659,97364,,
0xf89fde489d77b360f9e2edf05ddb7679267181047f1550953a80d5b2f7ad3edf,1764499253,1764499257,1659,97364,,
0x9927af74ae594f9063390f7d1b04bf90203bf9c24829f4518dc32f68aafb2bfa,1764499253,1764499257,1659,97364,,
0x81721af9fe137e90a5a708e6530f3384402d29518f9aced3dd686a7d3813967f,1764499253,1764499257,1659,97364,,
0xc31f9194df4d23737158f3e6d0c3a7e450a3e8aa1200bc1289f67e38e7841c31,1764499253,1764499257,1659,97364,,
0x0659cb864eda99e96e68b31f8e45539b51432147f75e3f7235a1da8e99691d65,1764499253,1764499257,1659,97364,,
0xe157a32ad26df39615df355836f8f7ff0bb70c8ed31a1d4ea2c9f28c30b05976,1764499253,1764499257,1659,97364,,
0x1fc97ec76ec2544c1d58372f2833155583cc97498628260bfde056ba5c6ff678,1764499253,1764499257,1659,97364,,
0x01247d88ae12f28ea5d9e4ecc4955b4afb95e40df473707d56540867083e1480,1764499253,1764499257,1659,97364,,
0x087db3c2529013d3a306f747948c09bd74746a4e8df379a0b975e5e9c1e6c35a,1764499253,1764499257,1659,97364,,
0xf939484c2915284434d0c1230b184d532b32192cd0819e5568f69408ef4e5225,1764499253,1764499257,1659,97364,,
0x7c23be1f0e6f9334cc3d8ee9a7b45d77b8814007349ab5a4adee7cca7106309e,1764499253,1764499257,1659,97364,,
0x323b3d2f710ccc5ddd39bb623f7d1c85f6ef2c2474a4a80d86b263a3556fe0c8,1764499253,1764499257,1659,97364,,
0xf441924b7871a8406ee3a5434b118c23c781e3bac23866ffd1bdaaad4617ef14,1764499253,1764499257,1659,97364,,
0x329a0f6fa5bcf1836b84db4018fa179db4a8d3595859fa4a80711613940e24aa,1764499253,1764499257,1659,97364,,
0xe13caf34ef585a94d80292c0f6c8bee8b2957773144a558e350d901579376b13,1764499253,1764499257,1659,97364,,
0x712dfd53e571e051dcbad6e8abc54aca84d8f381609ea2808d6a89deb496236e,1764499253,1764499257,1659,97364,,
0xfc983ec690c9704321f715ada820d990b82318aeca58a254593b153f188c9ced,1764499253,1764499257,1659,97364,,
0x6f38c2b9ae06ad876a9f040b32719e5f2788dfc6e8cc0e768d56885f9401b401,1764499253,1764499257,1659,97364,,
0x4d48ee728ec07d53e3dc17adc73014fb126074b49a1f45745309a5e541e8af3f,1764499253,1764499257,1659,97364,,
0xa74ad3d16feb7dc15ec0534d2984c5fbd34b7f599cd2677209c61c9a066091ae,1764499253,1764499257,1659,97364,,
0x1fadaa3c574f96fa2eb0dc3595a9e6fb1bebe02241283d921e04bcd8e9c79fc6,1764499253,1764499257,1659,97364,,
0xfa6be2836ae85e3651768f38fe513b4b4a3ad9d63f71f98e34c55b09b197beb1,1764499253,1764499257,1659,97364,,
0x76076c8a5ceffda9ee3c81740f6b58ed1f7e1d31c1492889c657131cf0ab30d5,1764499254,1764499257,1659,97364,,
0x3a72b8dcbd092bd95f9cc0d6925c32bcc4146d4a8cb2ceeb57cdcd6bf5a9ae5e,1764499254,1764499257,1659,97364,,
0xdcdd75aa70b2c5f4b7325119f516b8db0e4346ff3fd9ee7e6a72db482fc8c6ab,1764499254,1764499257,1659,97364,,
0x40a26f14bb15522eeaa8254c8b82a4d765ac2b1ad376a0381927799080f5020e,1764499254,1764499257,1659,97364,,
0x1c4c7cd088177954e189f2def2a2c3ec0b39514e28152a5248eab1bcd0c56f0d,1764499254,1764499257,1659,97364,,
0x38967b6bdd95720cb0a232f5ef724fe3271099b80b7cdfd86e13ee55a3f8200d,1764499254,1764499257,1659,97364,,
0xa28938aae181f4b105c5dcb6071c97604677a6c759593bb2f814450d2558bea1,1764499254,1764499257,1659,97364,,
0xb8786818f6d2c36b11a0800c2c0b6afaa1f15b6127c22724129526ad2639d8d7,1764499254,1764499257,1659,97364,,
0xf640db26007e167ebad4532297fb664e712e41c980ef3070756e7dfd9d2ae3fa,1764499254,1764499257,1659,97364,,
0x4b7714a35ef01812ecc52bbe178eb4d14a999db398858034f8babf871461d23e,1764499254,1764499257,1659,97364,,
0x5e9c520123a872bd4f1934f56d198a0eb08d75f6cc22e1a2a9bb800b20087eba,1764499254,1764499257,1659,97364,,
0xcbc8237487a30d02ada1642c4582ba7cd14db885c95d2eb8568961d46d2e14ca,1764499254,1764499257,1659,97364,,
0xea5edd9d27e10e2258f128ad22eb50a85e6b123447ca9daa9d4dd3864c73f752,1764499254,1764499257,1659,97364,,
0x056a1c1eb8373cd2f0cc897c2385c8f4ba0ee85ccd4b024267813641ef0bff1a,1764499254,1764499257,1659,97364,,
0x4b2d1f4aa5d17e85203eaccdedfeb6a5f36c8c7c2d180c7dff141449d9e45437,1764499255,1764499259,1660,107780,,
0x3de71ea4aba7acb539d1be6e3858e8eafeb6b97df1cd5bed3fbe95dff514ef79,1764499255,1764499259,1660,97364,,
0x72c577b8f167f63fabae249e586095289f09f22b272b0033712bffa36f6d6768,1764499255,1764499259,1660,97364,,
0x0deda2807af2dd7174af8541c47376f503b2887d20d543184e8a5f82402a045b,1764499255,1764499259,1660,97364,,
0x7b0febfd1c3cd14e46df15d415f22b4e2ac3402e38ae391cce5dc491b9a052ad,1764499255,1764499259,1660,97364,,
0xd2c1ac270c268169c63a061e560c65a5ed4a4b40be439786b9c97e61229f7a23,1764499255,1764499259,1660,97364,,
0x35000c7e0547119955542f71e94718710f13ab3d7d3a534735bc71a3a646f1e7,1764499255,1764499259,1660,97364,,
0xd4ced62d156835f4d28af54da02038567bc8612d91fdf93cc1145b0f17e79bf7,1764499255,1764499259,1660,97364,,
0x96512b63e96054a8d8d5beac74625f4e4796792cd6433ac41cc3a2ec27bbffb9,1764499255,1764499259,1660,97364,,
0x12d46db4b948b25ec354d4e52b9ac8b8c3416350366fa67bb1fd887bbcb6fb52,1764499255,1764499259,1660,97364,,
0x6fc2929a8db20eeffb349a38d280d6ead6a6c4c66895aba3b02711d33b873763,1764499255,1764499259,1660,97364,,
0x79a816a8350792bd680825f793a5c97842f835b22d0317511fbd6f58e6aade05,1764499255,1764499259,1660,97364,,
0x639fa9f92b2d969a9372766942d102648c866a817fac46d9f8ccb33669a2061e,1764499255,1764499259,1660,97364,,
0x7b24b3b1cd28c36a10241a7921f0e88ec4739d728f57a1515832f4e6b9f1dbb4,1764499255,1764499259,1660,97364,,
0x00d98e48c9d2848ea39372e02b25a48720e51065b5d3349ff659b4ae028686b3,1764499255,1764499259,1660,97364,,
0xd273e9b07256b1ca2939bd578a450a4ce9bb1e43e20d81d53644b35c29d40418,1764499255,1764499259,1660,97364,,
0x8c69ab50ab1b65a8049de8cf3427177128bdb7c43ea6c63e3b87b5a38b9a278a,1764499255,1764499259,1660,97364,,
0xea99533aa7866a9e9e73365548ec91b92855652c3b26eb07c1d09c1bcc25198e,1764499255,1764499259,1660,97364,,
0xacbe5340927e7783c9605e02891c0911ccb2685afd36e3c6e91817311a291597,1764499255,1764499259,1660,97364,,
0x785e2ecdf846977551ab67272f02a6b4603cd2500cd912a68ae525c9a4058183,1764499255,1764499259,1660,97364,,
0x421550cd1486d4c9548902f7a739667b66f628b88a68157734755ae9847e3ba0,1764499255,1764499259,1660,97364,,
0x381964586bc01604e40a5c21ca64568e14a054f8cdacb9bbd53d83302a051662,1764499255,1764499259,1660,97364,,
0x76b6ff7db4d247c23bce0962494e1a9c2e074cd56cea2271260fc1576d07e92e,1764499255,1764499259,1660,97364,,
0xa267e2710f72db428298b0027415a87f77c3a9ec38d8c26485df395b97871e56,1764499255,1764499259,1660,97364,,
0xcadd42e3610429fc17de6584d46c311be204b95e95a9948f4c091eacd5c1d78a,1764499255,1764499259,1660,97364,,
0xcbef4015e4cfc54485997f4d48d52d6c48ccf1d99ef2c9b46c8e3825e22ff911,1764499255,1764499259,1660,97364,,
0x71b6f4614cd38c20bc1d0a6a501f63085a98a8da73ee83306831a223f77a6419,1764499256,1764499259,1660,97364,,
0x90dd4bb4aa2afb0030a964366d0dff9145d564d938449170cb7dff41c31208fe,1764499256,1764499259,1660,97364,,
0x1795f0e849cfb757397826e4bf35ce1f6da7c7719c4899d3f3a6524242e87f3c,1764499256,1764499259,1660,97364,,
0x3d7fc9c00a9dd86b865f3cc942fa34d6de0959429f0f863686c6368f7223031b,1764499256,1764499259,1660,97364,,
0x8588e2f55f3467141fffb8997a21eaaa9f5ad5175cf31b01de82a57a26281b53,1764499256,1764499259,1660,97364,,
0x20220f47a6b01e5b9f2fa43e5c6f9e29030ffd863f237d776dc24373592073ef,1764499256,1764499259,1660,97364,,
0x6448d001a4fb0b2a1343dcf8c38524c6098d09a99eedb9b52676fcb5e68d0477,1764499256,1764499259,1660,97364,,
0x5aaa654c4e5377e8c8728c7b961c5994c89bec7561715f80bb136175e43f10cb,1764499256,1764499259,1660,97364,,
0xe4178ae2557bc047bacbd8247aecdefc5aab2af8aa417b555615e0a2403a46ab,1764499256,1764499259,1660,97364,,
0xb80565bf34c1b379f2369cc2bb4505b1454859973007140b362621b358fe61c6,1764499256,1764499259,1660,97364,,
0xe1fc04937232bc988ab1ce4dfdb73917638825109f4770cce395dcfff7f1b10a,1764499256,1764499259,1660,97364,,
0xe59fa4214825a8655c7139a4e2373f01e7af2a2db4b24c64f67710f2354ac09a,1764499256,1764499259,1660,97364,,
0x132c4b8e67f79e14ad5608f43b0c700fa1c2c1eae34e0a4b9faaf257a0aab308,1764499256,1764499259,1660,97364,,
0x57168501e5037b88dd1c07815b95dfe7cc0ad9a1420cf6410e4d93587543ad80,1764499257,1764499259,1660,97364,,
0x44f80a5c54bb77cb5f90fee2e2897cc8dbc3aaeb7ac98df60b9912efc39a791b,1764499257,1764499261,1661,107780,,
0x3a66d4dd3391fc60b48cfadc1e02a95b813b24688a6c03a1752ea2077a7c6f92,1764499257,1764499261,1661,97364,,
0x53fe1ca0d475e1020fd9df448eb8a022df5e738ed58bd8f120d91bfaf0a2abcb,1764499257,1764499261,1661,97364,,
0x10c9a3a68be4dd07155829f43e5083215b254398b0cd3232a78102f6a591bcab,1764499257,1764499261,1661,97364,,
0xd11c3ba85e0fba526900144f619077341cf5fd60bf5342f0927fc21dd6c64ab2,1764499257,1764499261,1661,97364,,
0xdddf29277d9e52898384c92717c6ac744db8b196cb3142c75fe8c2ff6bac5559,1764499257,1764499261,1661,92564,,
0x6a890bc0ca609f82bc6586fc8d7c2260e577a1613d350f1bf7a93e188c41ba09,1764499257,1764499261,1661,51222,,
0xa9d571b6fd513c850ff96e511b5efed542ccdfe29c955cacd230ad634921b58d,1764499257,1764499261,1661,51222,,
0x7c512904b78e2d375544ec0ce0f92bc0b1d2b9ccb48f038e62171d68e7d7aed1,1764499257,1764499261,1661,51222,,
0x136c55ecc213479a76bc436a3901e5e99b66ae77eba55f01be5e8c9df3c2100f,1764499257,1764499261,1661,51222,,
0x7e0722d9761040f2ba44b767695012d9a89ff0a4e520afe83f91f2ef4f3fd59a,1764499257,1764499261,1661,51222,,
0xd5f1e6c5b7cd51801f33f27d90a7c27f4c934a483b076fe722e1c26643a469fe,1764499257,1764499261,1661,51222,,
0x02199f619eeab360ed02c7e8b03698d07984a92ed108c99c3337909c66ef16c4,1764499257,1764499261,1661,51222,,
0xaf6265cbfa642da2a4ddb0a620dae1af03fed4a8b8beb76847706f5c44533566,1764499257,1764499261,1661,51222,,
0x0a9c82382fe69579e837ef2695dacffe5eb518b95064698539c74b35ac0a61c2,1764499257,1764499261,1661,51222,,
0x410a9e5bb6f515c59494547d45172ff470ca45c879c218cca32ff7dcba97a457,1764499257,1764499261,1661,51222,,
0x26dbc3d9f4c106c03cd78cf59cf40b8ab1a0a5b249621260d8d5cd745d67579f,1764499257,1764499261,1661,51222,,
0xd378d8c46f87a7ff23407813ae2c85592833d30d64cada307813053e2bd0fa32,1764499257,1764499261,1661,51222,,
0xe0b79b32b56a822f13c25cd7767f34b48720c22982b393c97480fd7779794a11,1764499257,1764499261,1661,51222,,
0x3fb7c881ce585e06ac4b92fa86ced3dc92a89bc8fe7b3c202335d0f6b59955fa,1764499257,1764499261,1661,51222,,
0x9b908808b391260020fa873c0b9ff1634851165a3be30b889439ad97f3e83dea,1764499257,1764499261,1661,51222,,
0xf575d87e3ed093a0299fb4dd3d745ae397f58acc824b32c16262ef80b077277a,1764499257,1764499261,1661,51222,,
0xc1d7dc07cbaa9febb4199db3a3e501315555e0f6d58a1d1fc66fdb33bf67f978,1764499257,1764499261,1661,51222,,
0x42d45dc46eab68cb7277337415111e9ad9ffb94fa6445358ed0aa658e270e5c0,1764499257,1764499261,1661,51222,,
0x1fcd974ff95b2e8532884e7eeb5457767e820d2e3a79fcaa8cb63d5f5ce5cd03,1764499257,1764499261,1661,51222,,
0x605ead532d7fd8ac5fd7033228a560a6198fc1f513bdbf7c18f9aa786001f66d,1764499257,1764499261,1661,51222,,
0x526fe0fca7c9dfa19546267dceee665afb7cbafc51725568285586f8aef0d51a,1764499258,1764499261,1661,51222,,
0xf87d5fc26f41420ab29109d8699b2e3d7cdc6befb09350f58cc4a4e95d38bc7e,1764499258,1764499261,1661,51222,,
0xfc1c62eee5c4dbb29d130825cef59913e791e56a83d1d47ae76ac1c4e9ddf6bf,1764499258,1764499261,1661,51222,,
0x1fe0a2e5f141c5f560cddf3959457fdc95166d5a24c4d49ba7d80fcb87dabd0a,1764499258,1764499261,1661,51222,,
0x0c272fd3fa3534acb928877a146acecaf6d7d572589a080e7afbb2d2d4b63dec,1764499258,1764499261,1661,51222,,
0x01e5bd1c1b21abc0d5f115d1646787d77a05bd5123093404e2fbafb5436438d8,1764499258,1764499261,1661,51222,,
0x3a1c76345cfdc404aefdddc490e3d8c48815604ab4e33e1a4b78402c2501d15e,1764499258,1764499261,1661,51222,,
0x3a09b91bd113a8bf585f6601c6bf7064af51011fb1556acbcc12916f14144b7f,1764499258,1764499261,1661,51222,,
0x0de04533b3e54d432e213a18689cc90b55345bb6cc335cf789a1b57c017f5d1d,1764499258,1764499261,1661,51222,,
0xbd88bf6d751f95363603b1da3d8cab93e72775870d8f082c50c460ab811f3ee6,1764499258,1764499261,1661,51222,,
0x336d8a4e15b1707a96318f20ae15320edaede28bbd9123d575b1e94a4e866dfa,1764499258,1764499261,1661,51222,,
0xffa5f1fb6fb16f5c941743505888ee2100e7cf5aefcf225c3260cbb875ecd543,1764499258,1764499261,1661,51222,,
0x94f66f80b1592ce5212ba29b6b27f7fc42ea759eea70223e83fdd989c4a21712,1764499258,1764499261,1661,51222,,
0xaeec29e2cf79e9988acd993caf4eac7d3d4942369dacf811affd5f2c26ec1620,1764499259,1764499263,1662,51222,,
0xf34e5a3dc9adac0db175fdce507a561db2d66d6faa17f2984eb60ff1c1ff914d,1764499259,1764499263,1662,51222,,
0x618d32d537ceca2f2b21cf0fde6abed0185319e6e0210998318af24d64b799b9,1764499259,1764499263,1662,51222,,
0x1af950ad95dc65d5fcf5d9f83835dc138b204e6b89ab70545132e64f61bb3808,1764499259,1764499263,1662,51222,,
0x7c92692f737e1ceab9cce1557c2048cfff2ce71c1fde9e046f3efec1c7034864,1764499259,1764499263,1662,51222,,
0xba87e800c696bf75016973145195567318132ffacce81bf05175912332b51249,1764499259,1764499263,1662,51222,,
0xa62773954a23bb167f4024bdd2ce48d8667c0745319e04c942078c95bbbc7405,1764499259,1764499263,1662,51222,,
0x78da98dbffe5fd305d7a4c9c1363548aa72c4fa2ac3fbbf035410b6f7e05189f,1764499259,1764499263,1662,51222,,
0x2f8f9dec461abff10cf7a7a94f39c37b33d717491e9f6ccf3efc20fc67e62822,1764499259,1764499263,1662,51222,,
0x9c54bf121a2a9ce5b47105579a182b6b759a821663b6babd5f3383717af99153,1764499259,1764499263,1662,51222,,
0x05208e24d47b1348d43bc42b8ac591692d319933f35e61a3025d6bcd1a5bb548,1764499259,1764499263,1662,51222,,
0x3464aa6ba3a5b543cba1eeb6a4ade179bc839ab7e1645ce411aa4328b5de3e64,1764499259,1764499263,1662,51222,,
0xe2ba30aeedd1c1d3c906783b9b72a91c9f7baef5c74c8e6a5ebf8318138e64d7,1764499259,1764499263,1662,51222,,
0xb4d83dbe2f8570f619445a9a68001bb57539247fb81de008840402d18d94fe6a,1764499259,1764499263,1662,51222,,
0x21d85592f614c754f2db1becc8c417e517c97cf082fd6ea7562eab943e2aa5fd,1764499259,1764499263,1662,51222,,
0xbe62a862913c46b8a533bc9e350dad9afc435211268d3ab302cd777b7463a475,1764499259,1764499263,1662,51222,,
0x73659bfb849ac23a85b1e170a2fe0d649910906ed70a4eff273c292e1419ad5e,1764499259,1764499263,1662,51222,,
0xc2b75e20b4bf3681ea56fd46de7ee4636393d018dc0520df674b79273ee91e51,1764499259,1764499263,1662,51222,,
0xd0c884fb320c987ee3758101309ff0c42332ccd1c12cae0a244d4e96c8b20e16,1764499259,1764499263,1662,51222,,
0x1f0383c41d6a45a0264fd30d557989abeccf0eab275b7a61d2e18cb760378e73,1764499259,1764499263,1662,51222,,
0xf0f19c0d067a71bf7b925ca23e81e0c72393815f26508e4827788a96ba7ed5d3,1764499259,1764499263,1662,51222,,
0xa2caa44730727aa38bb62912710d487ff2006f60477d32539cd381550fedaded,1764499259,1764499263,1662,51222,,
0x64a6a3e866baa0fb0c63bebfa411fa07a49d0186780bd4f3228e368ad14b1c28,1764499259,1764499263,1662,51222,,
0xa4d6f0ce0fdb511129c24122a89d59f7c8a8152ba25f25212b5d3ac6e6f7aaea,1764499259,1764499263,1662,51222,,
0x0d1f78d22232b0970ca4c89c2506f18a936ccdf15e64ff55b88d9c75d0f8991d,1764499259,1764499263,1662,51222,,
0xb7454dab2d345369e25484020e3db8de6b1e26c5811bbbe4ed3679aff03e605f,1764499259,1764499263,1662,51222,,
0x4c5fd31f9a5409f95b965017558ed83a63acd9464cb108d27aa772de6071abe6,1764499259,1764499263,1662,51222,,
0x5a7fcafaf7377f69a9e6e5ec658d57c4874dc9412fa76d46cf638056abfc52a3,1764499260,1764499263,1662,51222,,
0x8eeb9ec581c75ae7ea50890e87256d8cc3b12fb81ee3d4afc3c35121f60ff125,1764499260,1764499263,1662,51222,,
0x9b8897a02228dcd4ab10ea2c27eaf7b7c778545ce928efdb06f3be13b248d6fa,1764499260,1764499263,1662,51222,,
0x7275a3b371be3ba3e4ee2adb6e33fcb4226d86dd9a1e760b6f94dcefe6230b23,1764499260,1764499263,1662,51222,,
0x782964d39220412b12ce261a2f114158492b4c855f669a9e95bd9709a304fc8e,1764499260,1764499263,1662,51222,,
0x6f5b26d3bb05115b6576ecc73a169fd7fcb10628049bdc5f8078fbd335e5f62c,1764499260,1764499263,1662,51222,,
0x5586f7ddc5c8115abb131e70b2e021c3c81c05a95d426ab8917d8ac56ac21941,1764499260,1764499263,1662,51222,,
0x2c6dc9a14d6bcfbab48d044d0bbab8533eb0d3eeefd6888d39a0c2b26924a15c,1764499260,1764499263,1662,51222,,
0xb34a67c34cd70f272c18a61eb8978f622cb2181d75538fa231bd5389b112155c,1764499260,1764499263,1662,51222,,
0x67915ba9d14b2a56ced7fdd896a2d01bf35a48d9f43833f11f274fe6c7e3bc99,1764499260,1764499263,1662,51222,,
0x567ec95a9b573eece284f5b96bcea2776fc301e538b096a6dc8c25e7f4efca32,1764499260,1764499263,1662,51222,,
0xea3881d369a9daf75c7ceefad0f7911bd4ec6e2c05606ca0e8c1abe0ce62508b,1764499260,1764499263,1662,51222,,
0x524f813892cb01578f18b4edd713f070b6fce73647102fb284000b1a520f6ae3,1764499261,1764499263,1662,51222,,
0xc7d2e503c7193fbed13f0a620a636f58213409fa9500ba98bfe9cb007d6a25fa,1764499261,1764499265,1663,51222,,
0x9c1471b274cc69b46929cf6641640d6b41a32d4efc092b4430f0b2474e224b56,1764499261,1764499265,1663,51222,,
0x15e6ca464c44603f409013cc989ad441b6b896a8593158b4f9846bc007def24c,1764499261,1764499265,1663,51222,,
0xbabc035d738159efd7b5c74470041bbb6383bbd1c9ed1dedacdaf2ef8a34a074,1764499261,1764499265,1663,51222,,
0x1559d6073576e6ff11a36241198653a66cb476383c824764c4bf6a895cd4e72b,1764499261,1764499265,1663,51222,,
0xf5837491828008e7e8b49a83b9de8cd27f0f48e098015663c864481968a5b385,1764499261,1764499265,1663,51222,,
0xfbc644e1d9b5b4e3addbb2e6c65e522a566435ac00e3ae10e60e8c63dc98fa2e,1764499261,1764499265,1663,51222,,
0x9dc6608a7389705e7e55c03d2a9ec84b931c566e25064a0e8fc30f3aa0b4c2df,1764499261,1764499265,1663,51222,,
0xed25c65bf82b5a0eb25be421e6cf210cd81e92fd34c9d9809952116418521ded,1764499261,1764499265,1663,51222,,
0x0f75287184ed8e72249e1dd11fb715c77d58fab47f9098a442b30838c972d581,1764499261,1764499265,1663,51222,,
0xe4a794bf8c3674c59e1e27a2b874c8307b33a1f0a4f9854413ff5d908933e584,1764499261,1764499265,1663,51222,,
0x765a4b9fdc8f040070a8e7c39e2d26dff91dbff138f7293dfdec7e84d1443083,1764499261,1764499265,1663,51222,,
0x6f75abbe31611ff198f07efea011a808862984f685963a65f3714ef6eb010570,1764499261,1764499265,1663,51222,,
0x99363d84988a970a505b2cc634e11c909d266898c86e49696a245ff292700831,1764499261,1764499265,1663,51222,,
0x6c37cb8a7ed7e4b96e2805e1fa63d7695edcf98ffc0bc3d910747a7dd7ba725c,1764499261,1764499265,1663,51222,,
0x433a023c4391a7590ba54d334be6a2b371d8f675f6a38edc041905191dfb1bd6,1764499261,1764499265,1663,51222,,
0xe7fe5056f3a9536d9f81ce5f752143b91696c9088b6a4df522b6af7241d93d28,1764499261,1764499265,1663,51222,,
0x7cad71b172500112475d55e04589d8c97bf37035855572745d74db5e81195c7b,1764499261,1764499265,1663,51222,,
0x774d4de55e9d778787f50c51c0255810956d37cdceb17da08977dc39acc539ab,1764499261,1764499265,1663,51222,,
0x256e439192e8938ac4a7f2baf2fa57f29902397f0e5d24a7b47f6e68834a279e,1764499261,1764499265,1663,51222,,
0x78b38cdc165225e66bbafcda358d93c360b541ecb9fe9e4af17d4cf78fa89a0e,1764499261,1764499265,1663,51222,,
0x0b52efa2f990820ad6dada683a41d5051a250806bef74f77c5bfccb4002cf377,1764499261,1764499265,1663,51222,,
0xdd88d465c2b5632afa9805ed43f3b1af1051097df584544f901093c0415134ef,1764499261,1764499265,1663,51222,,
0xff667222b6642fe37e0a1330f27c55b4a5dfe44514baab7222b4a4bc64d342ca,1764499261,1764499265,1663,51222,,
0x0a706cd75a3b5e95992122282e75812e050b46223f00a0d4b967d3c5ebc9c8d1,1764499261,1764499265,1663,51222,,
0x6bf1dbd3542f10778fe5bed1f958d8d4796538159d04ac11c33269e398357e74,1764499261,1764499265,1663,51222,,
0xef3ab83ec9e39eb042be306c783b3a465f09e1d3f1584dc21b3ef043b1860df8,1764499261,1764499265,1663,51222,,
0x6e6d7f6b441f41b13b61e02ac4ddd0b494c7f5f1522a938ea20663a6a144ce77,1764499262,1764499265,1663,51222,,
0x7b59a9eabeccba43745dae943a76f86315b8ebd00983aebfb1ae0eca69f657aa,1764499262,1764499265,1663,51222,,
0x84e96146d2c5be35b468c937116a7e8975ce4d8c504d87fccff9987a1f17e7b1,1764499262,1764499265,1663,51222,,
0x99a55f10caba0aaca2cb2a56e905794ce7e7fa8bf6532095155838112976482c,1764499262,1764499265,1663,51222,,
0x6934af82354d53ccb65e575dbef2d236e07dbdcd8f76557d8d1c6f1f649a3812,1764499262,1764499265,1663,51222,,
0x713ee8b1a1c058c7093b28ad0ca3162f451b6de306d328751f65170b6feeed79,1764499262,1764499265,1663,51222,,
0xa9d0966881c6d0f845cf71c4eddeb2a94974c72632bf9387abf9c4a10127e114,1764499262,1764499265,1663,51222,,
0x1fbb75d36e94d6686bca491ffa44994de5d49aca78397bc1d87db9446abd1850,1764499262,1764499265,1663,51222,,
0x8638b02fb3f95958fff7c9ca31d6a09f3a9cccb5b9e005c4bca950aebffb2b14,1764499262,1764499265,1663,51222,,
0xbcf61b371365b537424f7f370893b9c7c1b167150eacc42ea2d19b8c04cb6c75,1764499262,1764499265,1663,51222,,
0x2658f750f7a2dea90995f2cdb129d4db94158991b0b6e40dae4bb321c34984e6,1764499262,1764499265,1663,51222,,
0x478aa0464270c74af4a1d3f2d4366edc4eee291e1bc14548d737bfd3d16ea7ab,1764499263,1764499265,1663,51222,,
0x920b12f28ab366340025414be3977ea90dc21edf2d06b3ab83513608ffc05f5f,1764499263,1764499267,1664,51222,,
0xf5bf18f0d2c632138d0f7cda2269b6a1efd9ec9ec43401c60f3141f06c68feb3,1764499263,1764499267,1664,51222,,
0xe772acc53f0e79916dcb8a1f3ce73bd11f21edd3830c8ffcca1769da9b8305c1,1764499263,1764499267,1664,51222,,
0xfebca9c1c1765f3513dacc5d42f7938fda2c16461e7c6264a74cbeef03b8cdff,1764499263,1764499267,1664,51222,,
0xb22c8bf32e1dc2fd072dae5a91c90cdf908a56c74c4d9acc7aded091a2c367ae,1764499263,1764499267,1664,51222,,
0xf35691345faa74f04110b6f763968f909dfa2c83d035b0581b3bff3276ef42fc,1764499263,1764499267,1664,51222,,
0x6ff834c8fa574ff7d826b11a8282e615fee6db2e493281eda8285ea78a746fd1,1764499263,1764499267,1664,51222,,
0xb7fbda7167ca7956d612d4c476af18049959fb37cc86a9147e42cb8a5f135350,1764499263,1764499267,1664,51222,,
0x1c7016075e864f09abbd55d6d15b848b95c66f92d25208ec4965c151f0c7f346,1764499263,1764499267,1664,51222,,
0xa5655807d605ec9fba6be2cb9b84a1054a5b5a2fb0bc193274103eb1d6a1d00a,1764499263,1764499267,1664,51222,,
0xdbec89d5393eee9325e7052e01889f2ab3fc37a8e5f8fe0b1644438456671d3e,1764499263,1764499267,1664,51222,,
0xbd53b9ee4cac85fc87aea94ded3691e01939d434f899fff53f903aa95597e353,1764499263,1764499267,1664,51222,,
0x8660ea1cbdf430c2bdc6501098c73f426f32e418a30515c154f7bb08482ca83a,1764499263,1764499267,1664,51222,,
0x4c716850cc9548b3e5f10751821a3242b4fbaa24beb309e44fd9965897b90768,1764499263,1764499267,1664,51222,,
0x21b3ca2f56ac2af5b894b2fc83c4d3d4bab37eb82a04853978a9d33b1c09c743,1764499263,1764499267,1664,51222,,
0xd1ebad64adb7d27aff2e974cade559dbe6bc4b46638fbbbb7cf0495853d4946b,1764499263,1764499267,1664,51222,,
0x22e4685292e2338e9a6a27512570c4b8100af5239707a299b264d60112b00c47,1764499263,1764499267,1664,51222,,
0x170ba4616dac572836b701131fdfed8fc839d4ff96fa5e71c8c6a4284818069f,1764499263,1764499267,1664,51222,,
0xeff72b06ea13172cb03f877c4e066b4d2e5041ad113608fa4fd47283cef952b6,1764499263,1764499267,1664,51222,,
0xec188c19a6d11a0463370af6f79f93cf4ae86068bb263efe62cae94b1b564918,1764499263,1764499267,1664,51222,,
0x32ca69e4b8000e1de0f2fa063f3dc3c0eedf76580b6197c123b8248d0457320d,1764499263,1764499267,1664,51222,,
0x07b025efd88c8879e842452d0d96130af3c252421cc9895df5bec4ca596eba3f,1764499263,1764499267,1664,51222,,
0x48759c6c7e3e85524b91418b2135bb87a827de4d7906f610024cc40268cb084a,1764499263,1764499267,1664,51222,,
0xfbd2e3395d807492912264f33e7f9b667567ae2895a8ec512758aa296109cfe4,1764499263,1764499267,1664,51222,,
0xb0daba38dee45569106d298dbb0b980f66b7f710fc5e38c3d2b285c5412cb3a1,1764499263,1764499267,1664,51222,,
0xb5a89ae1180cc7dfe655c76b97c58ab2a308d609a79ceb0e875261e3032e2fa4,1764499263,1764499267,1664,51222,,
0x343f7e8b0e9f748e3cec1fee0746edd59b05fcd3a247d341346e7c966c75d04e,1764499263,1764499267,1664,51222,,
0xb0777dd91667593fa290cb58d675d2e8c85ea80b344b728cdcbdbe04f538266e,1764499263,1764499267,1664,51222,,
0xfdb1b2d7fd7f534dcf767d7b703e99ee7230e00a601956567986037d02898e29,1764499264,1764499267,1664,51222,,
0x40749bdc1bbc78821fcdb6413b8cf106b8ff8bd17caf1f6caf3cd3a10d11b411,1764499264,1764499267,1664,51222,,
0xf8530281232700aec731df233624d0e6b134b40f9af7d8cdd2dea5f792f64d59,1764499264,1764499267,1664,51222,,
0xabbc6a814458a6a4a2a6f40510c733751560394aef54931ee144d9247d33088a,1764499264,1764499267,1664,51222,,
0x1c4c751b7e10d6acd37f389715e5123738760e0daf0b747d0a66f04194b6c035,1764499264,1764499267,1664,51222,,
0x77e30c3bc120072e50f93dea505ef9f90e75e6a57379424873cb8a92ccee2b2a,1764499264,1764499267,1664,51222,,
0xb6452095ecf2e03f3a54bb88daef12712115c29d1512c12332b0094cba53c6ab,1764499264,1764499267,1664,145029,,
0x0622101a9b7d6ab578d3b9644b327254389e2fe103660cb26d1567aa38b47444,1764499264,1764499267,1664,97613,,
0x497385aa1187d3666d5cf127a500ab363a2b7cf1ae255423168c57d3b8d31e42,1764499264,1764499267,1664,97613,,
0x666a49066de6d135088b24be432ce5ca50d885061d2718e6b66e4048ef9068c2,1764499264,1764499267,1664,51222,,
0xddadf6ba82f6c8b6991ae2b06816ac7438ac18ad204ccf03be6e9411b787d08f,1764499264,1764499267,1664,51222,,
0x20bec4678705e45080c73e065d13e222f2a1985532d6dc43e4ade3be054667ce,1764499265,1764499269,1665,51222,,
0x33836ff4cb1f173eaac074b1cb0c10f073782b6dd68caf67c56b3157930b9b87,1764499265,1764499269,1665,51222,,
0x63838f382255c6ac1c29798c245a824216e7447bd3e32f73ea7ff9e420af700a,1764499265,1764499269,1665,51222,,
0xcd85010986f82c7c9dbb2380559f596f8bf3cc5417e6238462e75fca0e6e1bb4,1764499265,1764499269,1665,51222,,
0x08c8789cc08d399a80ee5cb942d6b88ac1ca0cac4b0ebbad0faa1d10b4865ff2,1764499265,1764499269,1665,51222,,
0x95b49389130431856908106148997d9fb5e06d1179ed0f0ecb1ae2fda455caaf,1764499265,1764499269,1665,51222,,
0xc1545d5e9469968d7ecbcfb55ca57fbc25b904c3bba31666181cb71e5d033db0,1764499265,1764499269,1665,51222,,
0xf2d896453c7d6b32e87817eda2d5b52188114ded079f10a3b4bff793d7cb9b25,1764499265,1764499269,1665,51222,,
0x71a512f43e2fb8c88061b927e31b774e192dd28a7337984881880d3668418c82,1764499265,1764499269,1665,51222,,
0xba0f58c98f58437c1659cead2452da414c317a88b8a53a784cba4085c2f0564a,1764499265,1764499269,1665,51222,,
0x468710d73e5f0caa8022461b0cc0003eb7dccb0fca6d17d7694f8137878f48c9,1764499265,1764499269,1665,108029,,
0x40e3d198a73348a7a0f57738e5c4c94235d9c4856a745b25585d2c0785267758,1764499265,1764499269,1665,97613,,
0x158dac67c14e123e1de96159f9e10cc838a4ecfd6cbba025a3426b1ce4750bad,1764499265,1764499269,1665,97613,,
0x325ddac751c071b69a277d0cfca50317ee476b164aec34475c9d0d96efec7b54,1764499265,1764499269,1665,97613,,
0x0c51111e55a966c6a40dad58b37a9a96f3733f9c270ac2921cc8f4c231ad91ac,1764499265,1764499269,1665,51222,,
0xc037eed33068b87985b8f571ace4b3db73749e44c0267d5f2daef536fdde6b44,1764499265,1764499269,1665,51222,,
0xc6593348bf33d8ac7a07a2014a3aa41224423a82031b1406b974d38e79a7c94f,1764499265,1764499269,1665,51222,,
0x30fa453c0a6c0b663e42e04b4d103bd3331040814c2c477d8c4fa0087bab4c26,1764499265,1764499269,1665,51222,,
0x649f2a1824437e9b09250a7ed408ebd3d52e9a09d7804d61d968536598a674e3,1764499265,1764499269,1665,51222,,
0x67c386277902214a9b70953058bc9248aeb7af42872eefa5a13d65f1a3fa5b47,1764499265,1764499269,1665,51222,,
0xf82a524c08e12257d830688b0bacbce66ce07779ddbf80af0904f2bf0c3de8e4,1764499265,1764499269,1665,51222,,
0x0a7183c22225e269421b9fd91e6aca7e63711ecc3169fc58af3f1b1642aa31eb,1764499265,1764499269,1665,51222,,
0xca3217637beb553048721d529b7a6f0d293cebb74129beb62bfddff1f7c9b3d3,1764499265,1764499269,1665,51222,,
0x4bda63a31255d7b638402501a4208c0cc2b19d5a8211ab5f9b6875c5414aee2f,1764499265,1764499269,1665,97613,,
0x8da6bc873bd9971219d8d299a31625c03e1de1b6efb0b76aa756797f1ad8bcd0,1764499265,1764499269,1665,97613,,
0x91222076371b5c471b7833b62e895035ae08bc8cefd4d0da69ad81f9fb14e529,1764499265,1764499269,1665,97613,,
0xaed713314cdb4271e6ecd7f35ab83928303c12b584211a9774b4cebe97b81f73,1764499265,1764499269,1665,97613,,
0x3f0b1b95dca2165c2862426eb2e23ee8aee8852c4402472eb819cf3d6a9ca30c,1764499265,1764499269,1665,97613,,
0xe1c784635abe8a9f8c6227c8c4ded0c0ff5e8c2bfd4a1f1e22f85a4697682af7,1764499265,1764499269,1665,97613,,
0x58015a148cf48c9c4a77d7a5c46455f7663da204b55f0ec6e1df1051b8d0567b,1764499266,1764499269,1665,97613,,
0x57ad2a22df9a14bda162fdb7471f4c109abcd3569c4e6f9a4c0293bf5d312fd5,1764499266,1764499269,1665,97613,,
0x8f42da502335fc0d409437f1d57738ea090fb54defdf568c8cae47332201b33a,1764499266,1764499269,1665,97613,,
0x6bada8a1dc6c7e561e9006b60a2e2859eb3b9a06f010af88a8c7cb24b1f6edbd,1764499266,1764499269,1665,97613,,
0x381851d1007fa86989216d5e0fbdcc0431f8199ca2ee943498ba2c98a1764215,1764499266,1764499269,1665,97613,,
0x94a8c8130e9059eb1bbd63dbee00e13051c221837bc98d733f100de08cdd521e,1764499266,1764499269,1665,97613,,
0xc638d5e8014976db0b0ace020706ea23bf07c5dcd6386b6df5d80dbfc9ff2f35,1764499266,1764499269,1665,97613,,
0xdde90d08cdd9df1d5688bcfa54c914a6d8f4c4f598106aa5f1ef0f663603fba8,1764499266,1764499269,1665,97613,,
0x25bd1249faaa7bace1ed9f21f1d7f84a10a99cfe2d42304f1244f29addac3c63,1764499266,1764499269,1665,97613,,
0x8e1755576026c350bd2d74fca485e8c8a9b503558cdcbdcd35294c815596d9bf,1764499266,1764499269,1665,97613,,
0x550d753d61ffafb27b365c7e317cc4428c6ca802e1c0f768cf49be0bb98f6c28,1764499267,1764499271,1666,108029,,
0xfa561c53129e31a3d1ad7547f376eda8de28314314953542e963884a627c41b7,1764499267,1764499271,1666,97613,,
0xbfab244ff8cff0758e39cdabc8aa77456403db13121cb92775a835e25d398692,1764499267,1764499271,1666,97613,,
0x29cafab00923743f770bf06083227ef22ddd12dc3239a5c8a5fa33e9e9d69cbc,1764499267,1764499271,1666,97613,,
0xce61dd9c3d18e9e3bf003402fc7d29fe3783e69ec81073951d8787c6a2cdf955,1764499267,1764499271,1666,97613,,
0x57355498ce64398ce2d4df50e8ea57c924033139d85e5ec892c27ff19c7c7515,1764499267,1764499271,1666,97613,,
0xf762adaf6529a383cb339fbd061692a0ff3d11b255e27b3d339416363d1dfc59,1764499267,1764499271,1666,97613,,
0xe3326e4580a7618dfaa7e1cbbf71cc47d9063f71308b7dc42a4f1966fdcd2bff,1764499267,1764499271,1666,97613,,
0x9aa71813048e6373b440fedc93c807b1e107a0b59985b720f6e92c3cfd806da0,1764499267,1764499271,1666,97613,,
0x13ce479872e803179cb1f286505fc33bab6f59b361a71194f7fdf730d95f56fb,1764499267,1764499271,1666,97613,,
0x5c96ac49f33a7b7ad759ef821cd0ef4f6154aa2ccdf5cd4bddf5587073412ca0,1764499267,1764499271,1666,97613,,
0x28a2f79b3e0874699ff43950c77fb86aeba52fef323845ecfc6598a1e79f5d96,1764499267,1764499271,1666,97613,,
0xb3e1ea8ee65fbbc0ed26d28f9e3e888d95068bba87522773b7975dd5393e62f8,1764499267,1764499271,1666,97613,,
0x277e48496212a695000a30243bc6c84700fc4197da734709720f5a58d0179b9b,1764499267,1764499271,1666,97613,,
0x53b49058f0260d7994bea03f2cc2752c881b9e2608932d5f2f9dd9250a2ae558,1764499267,1764499271,1666,97613,,
0x50582e9ae6ce1b65cfd7cb0beac862fbf31d1f195f29b750fb4e015407450a1b,1764499267,1764499271,1666,97613,,
0xfc65173f8af739f0d9f7abaa5cb6b3f1cbdd47f66cdb332ad4f9486d63c988a8,1764499267,1764499271,1666,97613,,
0x5ec0777afcb54d9e745d29b196c08ce16862030e744ffe42caa93fdba3b4a8e9,1764499267,1764499271,1666,97613,,
0xf45b8ff7cfd0a26ae0e2a93f51549a22309d4ed6a99efd05960d62782353aab2,1764499267,1764499271,1666,97613,,
0x02c224a0c633e31336aebf15fe6437a8438003479442dddf67a77b215234df66,1764499267,1764499271,1666,97613,,
0xfce84eb528bd99d92c38cd05880358ad22e37349f105b9a57035619a6d414ac2,1764499267,1764499271,1666,97613,,
0x0882b8d96378759badda9c175da3a190c346ce5d760219e27f423e81dd390794,1764499267,1764499271,1666,97613,,
0xb60ef7e7a2498df3433737b9dc6db7c3a891932a9888c2970e2dd74cca5e0185,1764499267,1764499271,1666,97613,,
0x53a20096ff8c720189e2abfdb35296668c052956c1a1b53f17e2c16f1a59d326,1764499267,1764499271,1666,97613,,
0x8df0bfa709b3640d05b39e8886cb1b654f74ddc53eb0a7e45df565e262d6c406,1764499267,1764499271,1666,97613,,
0xc81540d31655c1e098a6534287c12be1825779830c5d0b6f03b4c6a27a5c7098,1764499267,1764499271,1666,97613,,
0xb0d9712da2875167136c82b4ba9784ad7363022aab98a6d82d7487a3f35199f9,1764499267,1764499271,1666,97613,,
0xed7c867b279cad246bb4de74f5ada10d315b3958940622ebb3d373f0ac486cb6,1764499267,1764499271,1666,97613,,
0x0853edee0798403c8c86ac09c1a3db1c451357634be9968061b54501cda9b784,1764499267,1764499271,1666,97613,,
0xa85c450ae6c7d89d9b255843954008cdd1882cac005dbbb628dad322698d4a58,1764499267,1764499271,1666,97613,,
0x1800f52950f680a4fb5a37efea7de2244bec31bfdc2054547dbe42d93d5beb12,1764499268,1764499271,1666,97613,,
0xad6f4faf07e701dd6f2f21dd09068daf75a272b376cd642920f3ce54415c9d75,1764499268,1764499271,1666,97613,,
0x0b31d2c732e3874e4564f057eb7bff28f066f6eee285396ab41808957197eba8,1764499268,1764499271,1666,97613,,
0x00ac88dc29c81e66518f52f44c7b5fefb95b89712ae28e0a8406ba1b8bb5bf90,1764499268,1764499271,1666,97613,,
0x5f227375d693bfb2ad16ceb7f5b6d67eebe29aaa63f372c455ddf295f6eb7d8b,1764499268,1764499271,1666,97613,,
0xd7000bccdd22ae0bc7d3e1aefa79b074bcb5be09d58f773b7f9cbf853e59e13a,1764499268,1764499271,1666,97613,,
0x8ef5a44f9dbc72af8459fc7350b59fa8a8b39d4abd2e25dc4367ab6778ab1ccc,1764499268,1764499271,1666,97613,,
0x4d17c2894d9e3120856707f0161595215dd98ed5ec2f4f5c4ed5ba4cd7c02336,1764499268,1764499271,1666,97613,,
0x2ce2e1dbb9c70d5af4e62f8686fd12533ccae6575e1687d86733a15ff2210ee0,1764499268,1764499271,1666,97613,,
0xa962d560b89b861dc6f3679548b07549f400c91f779e8fb944da373475255e3e,1764499269,1764499271,1666,97613,,
0x74b4195c112abed14c95cef1b6eefd09993c60b1c75bc1a93edd797f8c6c7faf,1764499269,1764499273,1667,108029,,
0x6de7aeb95d8cae535d05207283749c9ff44975280cb3864decda70dde6681822,1764499269,1764499273,1667,97613,,
0x1d7f4d302bda37271e3970a47e24009311fb6a8dff1a1a1471b427cf58193221,1764499269,1764499273,1667,97613,,
0x9b77d14b12ce74ca134e15db594807ce1a158704a54e54aad94a6f9f02cf8422,1764499269,1764499273,1667,97613,,
0x2b284487e0d6e8cfdc57d33d62b5f9f8bd2e6e69d77209d897ccb9009de5d9ef,1764499269,1764499273,1667,97613,,
0xaa8573391019b24564b9d9cbd3c6424dddce43616d7e38c615a54dce62263e6b,1764499269,1764499273,1667,97613,,
0x2a416642096742d792415daf75abe30be5846ddebbe6b7f6781e88b8fafb8a6b,1764499269,1764499273,1667,97613,,
0xe1f241415384057c050c6a40a5b7c8f91efbe602e23d81014d8d11ddfee7c4c1,1764499269,1764499273,1667,97613,,
0xec585c68c6badd32d4a18a88ce4c63d4c5dfec5c49ebb8948028c79f7584a32c,1764499269,1764499273,1667,97613,,
0x1eb45dfdf56b95e755e4d2cc547e504b4f35bb92516baf1997c5d20cca18bcec,1764499269,1764499273,1667,97613,,
0xe9264d139f83b97dce4b966691068aa03d42341f151fcb962723465e64f7e586,1764499269,1764499273,1667,97613,,
0x022f9bf264f493d436f0c89cee8ab0121f1585dc7331f5d4b501611096fdf7e1,1764499269,1764499273,1667,97613,,
0xecc9c6bb6db21fb46534a60a8953d241ec7affc051596d2798de88a0f7ce98ef,1764499269,1764499273,1667,97613,,
0xfd0f9e10667dca6e798b6e02a7192622ce5a83c6facf74ef305a00202fff0e30,1764499269,1764499273,1667,97613,,
0xa6c8779ff2ee53754566097cf1b9d6eff53cd34331cc331645ed42672d249f11,1764499269,1764499273,1667,97613,,
0xb0c3fbc045c543f9395af3600e756e16715ec867e45231966456625aa3209ab4,1764499269,1764499273,1667,97613,,
0x87705a532d5cc0df2003d98e82716195816ebc9aaa66935c88fe3b97d79b067b,1764499269,1764499273,1667,97613,,
0x7b662fa1a342a261a5c67605b4c391244273db438106724c29f13a1489138bd2,1764499269,1764499273,1667,97613,,
0x8186dca5d738ae9612efb05da889167ae5c5412cc2d2866a945765b4376e7068,1764499269,1764499273,1667,97613,,
0x6e551218178170cb7b7a737c44f4c70721230b214ef963e982bd5806ff0c93e6,1764499269,1764499273,1667,97613,,
0x0cf14a9020e74d88cf8b99d98458ef651f72d521c4e01f0c40077fce267bc7aa,1764499269,1764499273,1667,97613,,
0xea61b6b88630c4b4e1e181bc0a7576209e05277c6f930803f772e0165920e196,1764499269,1764499273,1667,97613,,
0x1b0c1784900336304ba5d379251c9a842f3e08827fd7bd8962375cdd79bb8bbf,1764499269,1764499273,1667,97613,,
0x7b6a09e8569e669977cc88a7b3b304fc48d26ca2478bbbbb93f8493d1de376a1,1764499269,1764499273,1667,97613,,
0x45df9384af5e45d8c518d1e065f8c9cfbb37adfe210b338bb54b5d277753aafe,1764499269,1764499273,1667,97613,,
0xb3624d1a98c54a874801f16c52150967c3ea0438de961579b341153d43d6990d,1764499269,1764499273,1667,97613,,
0xe2730121de6f6ff0eee6e598282f17ddf858ecf67b80a0cf32eefc4d7dc8e827,1764499269,1764499273,1667,97613,,
0x8573fff1bc449a488c726dbea1f690e0180a465a17a7b2e8d3f7719d6f1ae97d,1764499269,1764499273,1667,97613,,
0xe1c0d27597ecec2201e6e9845f275c322b8d8be9a772d832296acb68757465ad,1764499269,1764499273,1667,97613,,
0xf86e3677928c9c03fc240ce9f63004fc4d7ff330917dd9651a32ba6be2179ff9,1764499269,1764499273,1667,97613,,
0x538970ae0b9ae20f6aaf9dc37526fd3a783c40b50e8f40242403853a951cec6c,1764499270,1764499273,1667,97613,,
0x3e2557ca2f22cfa22761d8ea9b1151c234f92116c4b21b6902641c54270e9979,1764499270,1764499273,1667,97613,,
0x82ff6017a1b951f544f37fdadd45807584913f0b21c325a6d20823c72bfda316,1764499270,1764499273,1667,97613,,
0x2893002fa1a7490f90542db67b4d831247522d44b24be2b596be6d173b6405d8,1764499270,1764499273,1667,97613,,
0x47ed02cc187461dd02e9b4aae45ea72f78e5feaacd007806795aa2cc25c8e06f,1764499270,1764499273,1667,97613,,
0xb9b14f1789511ada8888c5da9dab7f66e2707d5dee351982246ba260acb2b89c,1764499270,1764499273,1667,97613,,
0x4ab5ef53024c2e3ed4f2d2d95b6ccb2aca305a187649bd78877249827680c53e,1764499270,1764499273,1667,97613,,
0xcef59a7034fc8a80ab05b23a5c60f5c59143e57be2b18c534f9a5f35f9308466,1764499270,1764499273,1667,97613,,
0x89eb79d365968536dd0d7ec8d35d71658fed24fbe2d3b4126de153a0dd7b58a8,1764499270,1764499273,1667,97613,,
0x9302ee16e8005d2bb1eb56499bb96eff6352a5ea9da86b2842538b0856ee88bb,1764499271,1764499275,1668,108029,,
0xd6dbabddc92bf859fedcd38f6cd65996726514f7fa380fdda11f5745fb4cc6d8,1764499271,1764499275,1668,97613,,
0x194795b19756ea889dfdf2b8139097e303d60c35a544a73e919ea156f4d387bc,1764499271,1764499275,1668,97613,,
0x8ba2fc58a86a457da7761d95fb221d24f484cf3fd16cb4ca93f13cac17398339,1764499271,1764499275,1668,97613,,
0x7042f765c19ee7ea4b0d39da822f2fe64d6bf3e899860bee93e0134587b2724d,1764499271,1764499275,1668,97613,,
0x9b5ac90be7ae857bc7a015482f47defd29433769b021146ab84b565bab76d7c7,1764499271,1764499275,1668,97613,,
0x47959855cad29353a241aee4ef5c662546ef82fcd3b68b714a1a6cead3b76ffb,1764499271,1764499275,1668,97613,,
0xeaa0fad306a158e525bb755b56ad42bfb13d1c99cdb0fd2e690547252312282f,1764499271,1764499275,1668,97613,,
0xee864a465f79bfd8e28ac20438463a5f6aaafa8cda68d7f92b0449a09f9eb38e,1764499271,1764499275,1668,97613,,
0xdaa560b3a454786b95fe87aa2039d6a455c3c0ce2e1408bb240ac4c4a9b6efbb,1764499271,1764499275,1668,97613,,
0x4290b5e065eaa5c75e225f6403770666f3af7d689a7d75722b0dbb8ec3aeb784,1764499271,1764499275,1668,97613,,
0x43a48af8b2be61f2d05a6421e1b6829234c7fafdcd1144234deddf6c7a7449eb,1764499271,1764499275,1668,97613,,
0xdfb7fc83e3323a907716cad52f9c5fc2a851e0e77ba4af05ee92aaa9c1a2758a,1764499271,1764499275,1668,97613,,
0x4b428c6e733ff37664dcad41113cdbc701f0b944dc51711c31462017e9ed0a63,1764499271,1764499275,1668,97613,,
0x95ba5f05791f010bd7f61faca7984ed24019c5f9d5f9f265eb70d0a6d489e41d,1764499271,1764499275,1668,97613,,
0x764017a9328aea56f844a8a4c353e4740cb8eca25d9ff2dad0f25034b031a467,1764499271,1764499275,1668,97613,,
0x81b9ce114fb4d72a0d6712dc770372515d3aa5517fcf36874dc1f9792509ec70,1764499271,1764499275,1668,97613,,
0x0805816618014c883c78b1d889c5961a3b0d209f21d76de892d9c3ef5c140af4,1764499271,1764499275,1668,97613,,
0xe22eb01fa08d9b6816cd104b98d291f7dacc4ea96d222c02468379fef4b49125,1764499271,1764499275,1668,97613,,
0xf4d3da1cbda9ae7864e247ab0150edab140b28436bb712ab82db8da4ce081005,1764499271,1764499275,1668,97613,,
0xef3fbe4876f6ed9dd8a6d9c9872c5e8b996a3c7e93dcf96e8271667d2cb11186,1764499271,1764499275,1668,97613,,
0xb442a14ca8fa0d53012331f25903b486403537b99aea05d774d99736421de9cd,1764499271,1764499275,1668,97613,,
0x4320b6c6be15e75a04cc39ff96c3a72d3d3083d5062be362f33b27dded1c5a1b,1764499271,1764499275,1668,97613,,
0x63327841c0435ff6cbdc03b20dac4a63d5810dd74a8939cf648533f54a4d4e8c,1764499271,1764499275,1668,97613,,
0xe3e9cccc022c9b26dc7a619df22e3f183c11506b40a39908a496900988b5983b,1764499271,1764499275,1668,97613,,
0x9cdd19a1abda9efb5badb00b694ebee67a44f47d149d1f89004fa1508f18810f,1764499271,1764499275,1668,97613,,
0x22c17c47330f71a5b22197544cb6d1a3b9e84f68961c57de96210eb99c3debb9,1764499271,1764499275,1668,97613,,
0xc89ddf1335a850d65afce1ee368eff0110005e24051e5299964f34a2768fe309,1764499271,1764499275,1668,97613,,
0xce02d265aa7d5ad50586e2024661138161999adfeb9a208a953abb00ae3f27ad,1764499271,1764499275,1668,97613,,
0x51b09680678b4ef67dc2c57578a3b0d9d509e1168e9a32bc13e98e0131ffa280,1764499271,1764499275,1668,97613,,
0x9d4e7bc97abee90eed44d782e0bc69dc0dc7b461e9ae93e06235c29a586d54b7,1764499271,1764499275,1668,97613,,
0x99635d11060c101893c223cb7232fc74331421b43a05819bbf36ab98b3ab7a8e,1764499272,1764499275,1668,97613,,
0x4b2df319a91bc6d48b578e38ac61cef73045d07428c7c7c4a051398c4b73b81d,1764499272,1764499275,1668,97613,,
0xc28e0bac82ec6accb3d568e309ac93b0c4a34c46cbdfdc212f3d54c4509cb44d,1764499272,1764499275,1668,97613,,
0xb9990728b42197428589c2f52da935c535912e1acd437822461e74ca288cf16d,1764499272,1764499275,1668,97613,,
0x2fc119a89dfd21dc28747c3ac0a97ba5cafda13f2ae836c53d284203d3b0ada8,1764499272,1764499275,1668,97613,,
0x6c30500a8ffacce2e53c497ad39bd2b282d94a60a83784528836555ee1367cba,1764499272,1764499275,1668,97613,,
0x71e5adc0089b76c3017d88efa4980ce374d8ff5b1516c729ecc963508c486a5f,1764499272,1764499275,1668,97613,,
0x46ebe70ede16de7c216e510c038c64f3652c1d52f36befead12dc3a3a50c59f9,1764499272,1764499275,1668,97613,,
0x35e3ab18f3ce911614db5e824bc85db23d7e226de02f60db71427b4724a5bc7d,1764499273,1764499275,1668,97613,,
0xff1102cd2305c8e5df02c50a39c503c260a0be4cb1b8f89f5139bc97319fdf25,1764499273,1764499277,1669,108029,,
0x5e2bbda835b890a03dcf9446f1587cf9062db3b1ac19e8102b87fb5ad76e1ef4,1764499273,1764499277,1669,97613,,
0xeaf6dd68428083a6bcde11bd83cb845082f358f9fe04bed96f22f994540d7bb9,1764499273,1764499277,1669,97613,,
0x2b6858f4af81668b49e7056a4c8bfb4813c204eccf54596f8d07609988b6026c,1764499273,1764499277,1669,97613,,
0x52314476b6f38f36c506ea8a9e64bb7e275b82c474c58c4b1e8f7c1860b3cc91,1764499273,1764499277,1669,97613,,
0x9aef5363b96a09352401efcb279b67179f94816e225380b8e958f2cfdd37af63,1764499273,1764499277,1669,97613,,
0x4aad5f287e2d477529525a691a5e1e0cd14c1f3cd0ac54a67bb233d3f8a3f46d,1764499273,1764499277,1669,97613,,
0xf340a90ba81039b6c58a868eb9ce6465914fca63325e0228d1e428547266a4e9,1764499273,1764499277,1669,97613,,
0xbb1841bf29e03ec3b74396252e36577bd276d133a294a718a5220950349adf45,1764499273,1764499277,1669,97613,,
0xf9dc844f56d5523e32f2f3c2db2193316cc83f761fa491a988aad12e4d3e3793,1764499273,1764499277,1669,97613,,
0x10b648ff34d6abac8c5f64bcb9f531e3c518a6f2596613dd853d693e25f1e720,1764499273,1764499277,1669,97613,,
0x5c708e46b57efb7d2df5afe421303158a058873474dd425f07cbef8d47d97f12,1764499273,1764499277,1669,97613,,
0x202408bdfb482dc986488fee49847235373f0c880cef7ff862cd1597b137cd89,1764499273,1764499277,1669,97613,,
0xd28db781e2b453ece7da6a8ff2cad27524660db3740a6ac0a487aea7a16c300c,1764499273,1764499277,1669,97613,,
0xe59374a287adab659e3f9b04802caff3163809e363676a5ed1443952ad1f6929,1764499273,1764499277,1669,97613,,
0x72ae3c6c5c64ed4f046444b858218f2c9507722369d4ee6e701342ee24bdd91b,1764499273,1764499277,1669,97613,,
0xef4a5aea8cfd9557ee62a2a3cb6df54040d834597aec82079be47c3a620477c4,1764499273,1764499277,1669,97613,,
0x7f5300d8d8b4e987a3f694df6a717db3a2f44b5bab16d9e0a504d271d7f8b4ae,1764499273,1764499277,1669,97613,,
0x0158f8855d119c3c21fbf5cd4d4e048d20176ba601f2460a624edde2cc85dfac,1764499273,1764499277,1669,97613,,
0xb87dca0bf63715359323b299822869439f01d4cbeff2fa7cce6adff677f8f1ed,1764499273,1764499277,1669,97613,,
0x9d31c73234f94b3f6d45b5586aca485abcfc4a6b143a5085bf902dc5e76bbde9,1764499273,1764499277,1669,97613,,
0x4d5983a5a1b572a850eca47690dc174d4d0b2593b9ab6a47260fb4eca23329bf,1764499273,1764499277,1669,97613,,
0xaae32ea79ae1a31f219fc00b100215fbaab1fa30b6b4858456dd5f5570f8e032,1764499273,1764499277,1669,97613,,
0xcf118247461c0b5df801308fd68120301752be4f0dfe4cec93415fe365583431,1764499273,1764499277,1669,97613,,
0xa11f628c7c5d040cf561879746541371560f26fa4e913efa8bef1dd9c244d665,1764499273,1764499277,1669,97613,,
0xef04249ee6014c066affd463c50ae1b734907ee668d5eab163a541accad60538,1764499273,1764499277,1669,97613,,
0x72fe36545dfea2ab0c3403f177764221bde02cd4fa9494e7987ee137289b5328,1764499273,1764499277,1669,97613,,
0xcf51d3fa20d6477e939a8cf9d68ec61560afe1eb0859937958aad956915ae7bd,1764499273,1764499277,1669,97613,,
0xd8c40b8b4d62e51fb6683805e5f3d5fa488b8d44830740f985074501ec7663ee,1764499273,1764499277,1669,97613,,
0x4793d912ecf8a599cbb9044945e3823d521a9b72481fe5f1645f9a63f7203738,1764499273,1764499277,1669,97613,,
0xd8aca9b40250d3bc4009b4d599dac3af1961f7ac5364954e945c41420e5e351d,1764499273,1764499277,1669,97613,,
0x78748d599cf134f2f376a4c200560d2d66ce185b9b074f5ddf3433970699e02d,1764499274,1764499277,1669,97613,,
0x6f2d2179793c533d7549097c2969806e23b2454ae52ca0a665e9b5d66d9e15d2,1764499274,1764499277,1669,97613,,
0xffb9caf79afd4338bb1234400ae42787421456ab3d8c243942245ff13e93bf30,1764499274,1764499277,1669,97613,,
0x15572c82641299fc1f3cc5e0655c7b5d6c580ff81035b8fadb3dffab0d36cb97,1764499274,1764499277,1669,97613,,
0x18c9cf2f1bb6bbe3eb13d480e0f81e9d6c8cd623acf5d43fd242a4a818165920,1764499274,1764499277,1669,97613,,
0xa656099e9c01a5fd08d2fb667616417457b51c5b6f02862ddd7a99863b817903,1764499274,1764499277,1669,97613,,
0x5519f739feb67dbcc7fc85d285aa9f2321849b479e1275f9bd8b46acab00fed8,1764499274,1764499277,1669,97613,,
0x43f6c56fda81560f05d1ccb731ceb4e4f88b59d9b741b1ff9ee3aacb8465b805,1764499274,1764499277,1669,97613,,
0x8c379be56311415e5966dac0baf2a7aa1ceda7b9521bcf8d2a65c796d1f179f0,1764499275,1764499279,1670,108029,,
0x6de950cf6211f1bf9a83a785c803331b86681231d76e7d1518eb7d1d54d62c27,1764499275,1764499279,1670,97613,,
0xe09022954fc9e94d64f7d849ae22a9f784923ca951f024054cbb2ef48ef816d3,1764499275,1764499279,1670,97613,,
0xc82bc186435ccf16516e4e2ab847dac423b2fdbc32090c178c62f0f748c78957,1764499275,1764499279,1670,97613,,
0x88305c8c02ceebd14375fcfd9ff9cc0bd44502f55de8173daef5b11d77361568,1764499275,1764499279,1670,97613,,
0xadc36d5ed2d9a460e39993f6ffe03a25ba560f9fd85b18b407a4e4eb2d25df8b,1764499275,1764499279,1670,97613,,
0x18cda1a7895deb8299c4033ffd0e89cf5bb11fb7f681f7efafac87aae4533eb8,1764499275,1764499279,1670,97613,,
0x39f67c4a0003777694eadec790ae453040520d4a6dda3859b43151fedd7355e7,1764499275,1764499279,1670,97613,,
0x273ea24a80630d4c7c439aafab5f97d28932887d3b29601303bd3e411d9eba22,1764499275,1764499279,1670,97613,,
0x575c12b30769e83e973116bc08036f66944911989650b101f3e687109bb82302,1764499275,1764499279,1670,97613,,
0x9a9a3c8034474cc520dbb5e2115658c47fd239da917edb731ca04e279bd243bf,1764499275,1764499279,1670,97613,,
0x5b9787bc88b2060151325339434badf6fc5c3d951b5ccd46ec37948b7a30ee9c,1764499275,1764499279,1670,97613,,
0xa564c3db93e6ad5c6c777a0128e784c56a2b22677874da82c39310788236038c,1764499275,1764499279,1670,97613,,
0x09fdf8e119548dec70a819ad3fd7440b2ad1db9381c9b13cb55963ad048e699e,1764499275,1764499279,1670,97613,,
0x86c5c1ba0adfe2d933dd5f4735a80b370d14ce7c4b6893afa912b3d5ae5187fd,1764499275,1764499279,1670,97613,,
0x6f2ddca51153808052b4897812bb245b9ad8fefcb973d29fc08868955f53ccd8,1764499275,1764499279,1670,97613,,
0x4cad3f154c225735e1be1f1d23529b59718801cd51e0e783148d24f47bd2f453,1764499275,1764499279,1670,97613,,
0xb9171ffc9b65e975924440416d7bdd68238b6c07fd070122f8193fd16e5f5ca7,1764499275,1764499279,1670,97613,,
0x55f2827903c0da6d76ba7b81e2546cb463e7f3aa75a6800828cd231cfcd84ad0,1764499275,1764499279,1670,97613,,
0xf5f3318f41fd64d57620a365c3c0d9d8f0fab35c5f0cbe9844a92e6f0ddbdbc7,1764499275,1764499279,1670,97613,,
0x2d1292323ee40075c8ef64c2c51b6b7a628b414d0826bb2c77f0e77ab5b060b7,1764499275,1764499279,1670,97613,,
0x0900c765f348e865aaaf013bed4b14d38ef4a0481462ee3d74f3118b2594c746,1764499275,1764499279,1670,97613,,
0x9ec2bf60fe067d376420a4d6fb28bf8a61b07b058dc8408082dd88a2cf0e8b57,1764499275,1764499279,1670,97613,,
0x95980d29b49557a59c9b536d486a25a0afd17c5b83d1613022591f2f1576543c,1764499275,1764499279,1670,97613,,
0xbc896646aa25916bb611cf06a525d8da603145153aad9b4d58dfc35bc21bc256,1764499275,1764499279,1670,97613,,
0xfedb8be4a2ae441b8181957533fe6ec37b09c8a5f83f1d7b9449c6e333214df3,1764499275,1764499279,1670,97613,,
0x2e46c58084721b42d1b84e75209861345873209f2cfd1d0ae3a70fd50f6b24d9,1764499275,1764499279,1670,97613,,
0x1e6f100f0c7c5259e69ac729869df7dadeeb459fcaac61b3be9aafd472412087,1764499275,1764499279,1670,97613,,
0x48fa05b4081a156544c7a9dc24a75c2a91abd04f088ed9bd5a1a010cc2739410,1764499275,1764499279,1670,97613,,
0x4dfa3274a20be4b4877ba7f30a569074435de712af82d4df02bb3f08e0dda5b6,1764499275,1764499279,1670,97613,,
0x6906fdcf23a331bae007393d88f9d6214b634fbf344d2862c7cf2232e7d3116d,1764499275,1764499279,1670,97613,,
0x77c96b7d8b86c528a12fd8871706f8a52a05472035f66fa15bda866f9189e926,1764499275,1764499279,1670,97613,,
0xa227db195c6275265f27fe3dff64469fd8bde1a1e0aa62361b742e29306e6edd,1764499276,1764499279,1670,97613,,
0xdc622dcafb7c99cac930ddc0988da28b106f5409927b23dcd6069c4dc378e092,1764499276,1764499279,1670,97613,,
0x302fd8ace5077288c67162380407ebe852c2381b881c5658af2f26e0dc2dbe00,1764499276,1764499279,1670,97613,,
0x8a97aff0b93c079c93cec91e6456a0968f42018c48ce4904306153d44ae49fc3,1764499276,1764499279,1670,97613,,
0xb457cc668ff76d1d45aecd6fb85796b870cc8a39b662a668e1fb5e696e2beb82,1764499276,1764499279,1670,97613,,
0x7e5263c3863e14f8674f4e79c0ae2bc4f942a2253a2993bd5e7ed4740186afe1,1764499276,1764499279,1670,97613,,
0x6825945059c6473f0b3715db1d50911c38452d1b5f1866e666b043036431691f,1764499276,1764499279,1670,97613,,
0x648381230f11a91070c8dbfc907dcead27b0673931dd05b9a775538989c57d45,1764499277,1764499279,1670,97613,,
0x51ac3242e8fe9f45a2f3c523cbaeeea02543c13cd08fb05e179d77f4dfbc93f0,1764499277,1764499281,1671,108029,,
0x8ccb6abffeafa6485f91c4a0ce8fdb742802a5f2c75ea2c3548eb5dd0ba429dc,1764499277,1764499281,1671,97613,,
0x49609889cdcb3fc22686db8227f10e60460d00e8452b8b125f4f89a1f9496686,1764499277,1764499281,1671,97613,,
0x1819e0e48daea08e36d53e79238dd09ef899ebc95458271f08fe24a8e9dbe14c,1764499277,1764499281,1671,97613,,
0xbcd93992653b748f7550a298decadb2d0858bd116c97007e978bc983f79df9ec,1764499277,1764499281,1671,97613,,
0x1a43834de7278e7b7640e8ca851a6967799b2483388e03a57ecb6d4069ded361,1764499277,1764499281,1671,97613,,
0x25b42249c4262742cce067995861203edae944145f0ab93d185d44f2a2450dc6,1764499277,1764499281,1671,97613,,
0xca715d01940d3873191b281deca5b4cdf0a7107d4babafd9f0c8fc118e550044,1764499277,1764499281,1671,97613,,
0x64deb369335117706a7bb3daaa45adda936839cb4d86552febdb5bc6df36ef68,1764499277,1764499281,1671,97613,,
0x92aafec5cf092b33aabf9a255574d341bfc5cc171572ac822748b5cb5e2e2300,1764499277,1764499281,1671,97613,,
0x32cfb13369808811cda8c2734a271d13190199f667184f6371a8785a53e5852e,1764499277,1764499281,1671,97613,,
0x633e3ef572e18a883a67417d9eea2f705cc9277ecb5e9ef2c02389108275195c,1764499277,1764499281,1671,97613,,
0xf22c9155817c4927ca87fb3513871be1e7f309e35b96584f045a59b794c3fb12,1764499277,1764499281,1671,97613,,
0x18ef0d9159a9a43ba41537d53ec0f30c1a0c9378c2c893ab6445ab4b057c3448,1764499277,1764499281,1671,97613,,
0x0b04bcee1df875a03dfb14c018abd1596e5d1b782f328aa9ee052b7498784b18,1764499277,1764499281,1671,97613,,
0x701fb0fcd639f3d002828256595596dd3c9ce16a9fe44df889a4e773644c628b,1764499277,1764499281,1671,97613,,
0x0c12ff79fc91df3dbc37715265062cde21932f2dbf2022cdfef60a544ae05f9d,1764499277,1764499281,1671,97613,,
0x202162d494d92781ce325d7ba5aa880ff5219b1b53baf5ab671c96ceadfdc1ac,1764499277,1764499281,1671,97613,,
0x063c0966534fc74370ca7cf2febe36298dc2f6d932ecf68d9ee84e5e601a3fdf,1764499277,1764499281,1671,97613,,
0x1f2120110cc99d17ad37f14696a8cbf4c4199bb53c4834facc834aa9849a0e20,1764499277,1764499281,1671,97613,,
0x5796bce290f914862179a0e9c60b7472126ff149bd16938df92058374f4fac52,1764499277,1764499281,1671,97613,,
0xab08ce2087c13657dab7c671b1f86f796b962cb21e185bc323f1630e0299df8a,1764499277,1764499281,1671,97613,,
0x773f8c5f6e289ae429d9014e8d701855cb9a6763845325401a09684ac977f29e,1764499277,1764499281,1671,97613,,
0x01ca09cbe0389e650d3809a3d05dd70e5964d48130a6d99f3568cded51fd7834,1764499277,1764499281,1671,97613,,
0x068762ab23f89a51871efc3f639b9d3b68680d705b82052820400cd472e6a8a5,1764499277,1764499281,1671,97613,,
0xaa11c40554c233adbd5a5e23ce9003a45de0495034c6d5714abc44c9fbb4cbd2,1764499277,1764499281,1671,97613,,
0x6a1f63827948195bc592040d0e3dad18e1e48a162e9fee9753b3335884ef2e1d,1764499277,1764499281,1671,97613,,
0x9f78e8d76fe74cb48799851eb1e840e0b228532634cac3f8f385e67655b6c586,1764499277,1764499281,1671,97613,,
0xa046e9f89b3927fb4aaffd6e9f11f9a3053ae6cdaff3350249eef412d794e5ee,1764499277,1764499281,1671,97613,,
0xf0f74400ce1584451027b81b8cb0ab9651159cff2283799963994a94258b9db8,1764499277,1764499281,1671,97613,,
0x72e430aab1a2f42ae1e895f8e806a43d38f7eaa5cd852fcf22ea48fd5ebcfc8f,1764499277,1764499281,1671,97613,,
0x3d754357d7429a01dbd55ac6d58e477f389ae75aa120fe82dfbdb3d161df248d,1764499277,1764499281,1671,97613,,
0x544d83435e310af3e26ecbbcadfac16cbe5467dd521983449ca0d1db6cee2728,1764499278,1764499281,1671,97613,,
0x11e45727d11bed0f65661e8891a0b206c8607b39a5b52525c7948bfe3f0dc4c3,1764499278,1764499281,1671,97613,,
0x840a68ee446cd89a86526d2c796643d1c05d8b130c2d75703356ae8d0a954efb,1764499278,1764499281,1671,97613,,
0x252d2c60d064729fbe71d4a45e78afe45fb62633e6993c60b8dbfd4e8bfa317c,1764499278,1764499281,1671,97613,,
0x180daab17b678f04528c48ca28ea8ef8f8e592e5f50313b152f2204f6fcebdd4,1764499278,1764499281,1671,97613,,
0xcc39577ec9174851d564a4c5ba8214dd97ca740385610b486c7ab42e435a48b7,1764499278,1764499281,1671,97613,,
0xbfd5fe1c968dbd82d4964e3786bdd804e7be16a02284662447ccb1d04fb89f4e,1764499279,1764499281,1671,97613,,
0xa716f5bcddf1b8ee56a26d22949be7a6991365b1a1efedb30fa861e3213f9e21,1764499279,1764499283,1672,108029,,
0x22d1e48d02d86a58f24295a5cd9fe6a8109599100770684efd460b8810f9584b,1764499279,1764499283,1672,97613,,
0xfb6f9a59d4948dffb54a425f3675d626603e21fe6d401e70d17595617d3eac8c,1764499279,1764499283,1672,97613,,
0x32d6e08368d051f7ce0fe94ede5b0771b8f20476e91a2925e269af0be8538c69,1764499279,1764499283,1672,97613,,
0xaa6b1f6791c602bbc5620255c372942e162bef88fdacbd613fe4ca9d8f05cb41,1764499279,1764499283,1672,97613,,
0x784b1f17c1e99b250a9c3e02ee1d4211d545df6619c3e8d6f6ffcb1c10565d64,1764499279,1764499283,1672,97613,,
0x5ebd983977984dda07261ab03666584f589b3b97d866e065f2ccc5a3c5454ef3,1764499279,1764499283,1672,97613,,
0x5d59ab84636167428b9d6ec7efc4dfefc340e24da66319201ef8fe19a223ceef,1764499279,1764499283,1672,97613,,
0x07c240945fa6c83e114f80c0ce201b981d91bda1f2fc1628f0a907c23e5ed5a7,1764499279,1764499283,1672,97613,,
0x44e4bffa9376a32eec962c8918758928fbc5f67a0fe60bea0eb6636ce57b83eb,1764499279,1764499283,1672,97613,,
0x46fe63f63aa23b3d4bad6542a3d7a165ae2bf692fea8d8b5c1260f97e691eeb8,1764499279,1764499283,1672,97613,,
0x26058ba0eba2069b071d996b529141ce60430ca1ce10d50ec28e79ec84e4feea,1764499279,1764499283,1672,97613,,
0x2296eb0609f766a69931c58b185117f21522523ff528a3a8fd6f118126e93683,1764499279,1764499283,1672,97613,,
0x7a24a95168a64362fa75f487555a88aa051bf9cf1e6a8c98f9324be95dd19061,1764499279,1764499283,1672,97613,,
0x880b24bedbd5e2ea8f8518336ca4b968bb0ffa44292675dcc149b7f9431399fc,1764499279,1764499283,1672,97613,,
0x45d8f3ba00d1e5ba6bee924d4f48b0526f9b861bcdde9cda63d829b9b20be554,1764499279,1764499283,1672,97613,,
0xdee994f25daf68d95eb83b14199451d277849a0483778402d33dd4534367bfcc,1764499279,1764499283,1672,97613,,
0xed12e03b328186da029f0069f39fb4b7f57a13c7aa4c08d29e18011f8d838eca,1764499279,1764499283,1672,97613,,
0x21857c28a954f4ff30349da139222f51a80db45fb12317f0afbf25f308204f1d,1764499279,1764499283,1672,97613,,
0x0f249dad5acfbf4872a37530431775a106bdf2d3ed6180e2f7ae043990a2f1f3,1764499279,1764499283,1672,97613,,
0xef2113875e0eaf19b15ed5ccb7b056a0845d6a1fa1de975ea3d92fb724863a1a,1764499279,1764499283,1672,97613,,
0x86637f17ace07777cdeb3f1550d00f3e45d2da3aab89a101c26de360e511f9c1,1764499279,1764499283,1672,97613,,
0xf8c46742598993151503ce7152957e98322d423e98fcf3759bf1fc25f72e1532,1764499279,1764499283,1672,97613,,
0x0768589b2fc39fc4011193edf9e2b0fc8263ce4924acd8061dc6176e5912c13a,1764499279,1764499283,1672,97613,,
0xebef79ea526cc18774699a6fb55881ece3644994f2abd16c773cc40a8ce580bf,1764499279,1764499283,1672,97613,,
0x5be1c8499defe4f61daa072950864847d5ed272f6fd5e68200abac1526f4332a,1764499279,1764499283,1672,97613,,
0x4b32f0f8aefefaa79e6011b1e1b0e5d1364a2b68047003dfdb681b511a572451,1764499279,1764499283,1672,97613,,
0x1655c72a45d3d0c617d6ae5e9b278c971ef985af7104bf7b950c3076274acc0b,1764499279,1764499283,1672,97613,,
0x7b0a2e32898841dd996746ced955de93ae0a115364f0a4ab057f609d79a73078,1764499279,1764499283,1672,97613,,
0x31499b2457f7131f22bff4a7c268039f97ae80c004f1d9b8dfc3718c9ad708f7,1764499279,1764499283,1672,97613,,
0xb4b3b96b637f6fc07d159b4b4bb4e234f47c8677dc120a228e0ee78c29b89a0e,1764499279,1764499283,1672,97613,,
0x899461b34825bdcea0a463ad63cd30c7b80137b1b7f39ab124368cc3cad0022b,1764499279,1764499283,1672,97613,,
0xbbbbef8c19e777f3fab8f521fa6981212c855173ac16a991d3cc985285469dbf,1764499279,1764499283,1672,97613,,
0xa48ce74d3ceeeeb05f535721bea89f929b15b726c389f9d197bf132b590d621f,1764499280,1764499283,1672,97613,,
0x0cac1c9a080511311ea080536c3a754b60328d239fef2916e5d0c680564e1fdf,1764499280,1764499283,1672,97613,,
0x25dc3776cd41ac4bbb983708f429c8d604d5af26def78cad988d61922d648d7b,1764499280,1764499283,1672,97613,,
0xca67515255c8ca4afe955e21412c3da6fe630d9e690bba564762e5d381a97d36,1764499280,1764499283,1672,97613,,
0xc41315737215286d3fcc0fc04f0c7ff37aadbb68d90e778b934a6803da963951,1764499280,1764499283,1672,97613,,
0xb0181246eb6b222cb4cd67fc559f396e1e4af7f677267532f52a8a32210b20d5,1764499280,1764499283,1672,97613,,
0x345d3f66bdda38087c861a84a39f2fa19fd79eb1c792cbd52c8e6334d1035b86,1764499281,1764499283,1672,97613,,
0x2b3933b943a6feee53af307adcd5400f75e2c3fcceea41a6ba59c7c8cf361639,1764499281,1764499285,1673,108029,,
0xdddfb56587ce618fd25ec6203e4174110124410e04c6d7b59db618d24bb4b2d6,1764499281,1764499285,1673,97613,,
0x8fe3a73738ff2fe66146768773f1318d508cf69a2cbee62dced391f5f43977de,1764499281,1764499285,1673,97613,,
0x747eef20f8eb06fd684b0cb57c6985d4034f282fcaa74b73d4a1b5f3703cf8b6,1764499281,1764499285,1673,97613,,
0x9a1a4f59cb8a7b81a1ec31081e3f0bf3a00bf1b77c7f38b494725a3cb2d48055,1764499281,1764499285,1673,97613,,
0xaa6d4a23ebd1f2d582eff6c3d1760bf89f8e3ee9cfdaf447f13eb2738512558e,1764499281,1764499285,1673,97613,,
0x2984d75dd65c4a3a0a3e25e7299092c87a015d99ba46badfcbb1435af9e39042,1764499281,1764499285,1673,97613,,
0x80f7a8c7edb45d928ef8e1b08ec6e3be3be35c8827230b491d3974f202ce4862,1764499281,1764499285,1673,97613,,
0x9bf560ece6ff30be6ac03f222d62df086e56b819b974588268b34c43a0bde1e0,1764499281,1764499285,1673,97613,,
0x5e3481ce40d9dc260ef3f5283920ec56ae51ceb07455817e40564f8a0e0d8e90,1764499281,1764499285,1673,97613,,
0x96774063000b5c8f9ad8b792846dcb1dea1c418feeef80f9320a070be92fa52f,1764499281,1764499285,1673,97613,,
0x7172ba3589b10d2eff98c5dd29c15a5ee926600192ed75bd474889db499f3e59,1764499281,1764499285,1673,97613,,
0xfee3371b5d7dab16f574ec7ad611c675d0b35ea2aa633d850f65d8f174d063ef,1764499281,1764499285,1673,97613,,
0xae1cebec550cc9bc54f02347e18ed0ac589569917a90e64eb12b050183dbbe64,1764499281,1764499285,1673,97613,,
0x807d31968bf604fbbcf3ea01c6b28730f3ca01e6aef37d4fb5d183a96c6b22b5,1764499281,1764499285,1673,97613,,
0xecb510cdb7033b6c48bf62fb83d9835234661ea6a689c38670509b668bbace73,1764499281,1764499285,1673,97613,,
0x81bce43d1e511174a3f88c9d31786971fe39fd9430e4fb95b25e33d1020670d5,1764499281,1764499285,1673,97613,,
0x2e175d3d16d567e988cc4947eea248824e58a729dbfa22a6ef6879f3e1c48d59,1764499281,1764499285,1673,97613,,
0xfcd1383d55e84b12ce36c5fc9e6480c8e3ccaaf3c7de5d96aa6f351087981f31,1764499281,1764499285,1673,97613,,
0x1fd3b6029ca7b80f25d952c58c3b5e3b2a7d8f04ed1fd710b9ef220fe78974a4,1764499281,1764499285,1673,97613,,
0x1c0679d1324ff8400931115d2bc29bcc4acef7d2cba656fc2fd74e4497e146b6,1764499281,1764499285,1673,97613,,
0xbff6c94bf7f780c373a522e0df1f483b9631b25577e08e90d3ee9b7bb5374fb5,1764499281,1764499285,1673,97613,,
0x6c70706f969a0e6e64ff2a5e667405403660929615763ba073394d75d6686174,1764499281,1764499285,1673,97613,,
0xe1181b45286427314ab842ef69403d2ec36fcce1df60195abea0331f41974787,1764499281,1764499285,1673,97613,,
0x6577c48629a1d1ef35d2b011e07d100e9880f9adcc6a188e519bebccfd2bdf16,1764499281,1764499285,1673,97613,,
0x899a46c87d0b9e0a6fc7be5894fe434f764743edd622f19964e4e5ab2b658db3,1764499281,1764499285,1673,97613,,
0x43ee941229c1bccaaea7d5dbfa4c22ebf50b58e32e91590d40c40c52ca213766,1764499281,1764499285,1673,97613,,
0x0d5c74cabcb4b0701679c31f8bf7b4b219ce9a1d45534976a270a0f52cf01d91,1764499281,1764499285,1673,97613,,
0x7fe6da6d649a9762aec205d459bfc64949c92b2ceac10b48c1a3861f3cd24f6d,1764499281,1764499285,1673,97613,,
0xc8e916e8a99cd55371a358ab35cc0b8f3a52c106b9fac2f4d1b7b53ca25278cd,1764499281,1764499285,1673,97613,,
0x622f4e7bad868f96d4bdc6de103770c08bd9854826c9d99c95454b470bcf099d,1764499281,1764499285,1673,97613,,
0x1ba53c93a1b5f266a0426fc4b0e9155663b3e085ee8669f556b203a347b5897c,1764499281,1764499285,1673,97613,,
0x852b6f72d1f32deaa306bba5bbe91f67528561937ac10057be11bf02dfb89419,1764499281,1764499285,1673,97613,,
0xdc5845b5bcd770d95d4a8f40c6ee2541629759ed29b32a027cd5afa700a2a5fe,1764499282,1764499285,1673,97613,,
0x91df275b612f17c7a03b31cc64488e05c50f5eb2ba6d6133cf554d00a2e1b1c1,1764499282,1764499285,1673,97613,,
0xab412fea3fa5869e0cf7cd91255fa7edf5af0ef16a144772001984794cd17e33,1764499282,1764499285,1673,97613,,
0x28887fa8f95269d35eebc41245fc6c10a4abf89366a42fac987b4549f932a791,1764499282,1764499285,1673,97613,,
0xa70a01ff9087d1e141094809fcc9320b6a10c1876f19fa74ee2410757a890e6b,1764499282,1764499285,1673,97613,,
0x800c1d856e247cf64eafd269c86e12ec606ec37cccf111bdc64fa9e3d058df73,1764499283,1764499285,1673,97613,,
0x3eb9dcf7ee4a87b1b7a1793dddf4ee8b49452c42a60b7cdd9d2c6106a9fec5a6,1764499283,1764499287,1674,108029,,
0x31e03e7ba0bbf63640754e5d1401ca956ea9be6e49fe16a30a7d6043a14e8b9a,1764499283,1764499287,1674,97613,,
0x69567f3f92a1e1576875942560187e3163f371de7d8511ba3e51d0546015fc74,1764499283,1764499287,1674,97613,,
0x5e49fe720d8cc08a79617483fe797d027e3a1da714e26f75f0e334426cca8703,1764499283,1764499287,1674,97613,,
0x6b66e79797ad17a376ffac469269c6eda2449c50db721489c127adba7f59bdea,1764499283,1764499287,1674,97613,,
0xa7b9c3ec3c61cd89153840cfc21819aa7390557b4fd7272d3d8733ab301afd16,1764499283,1764499287,1674,97613,,
0xefb3b9d4ce4dc38570dc4425c755673bb51fb9e7a80dd7799da05345ec35f1c6,1764499283,1764499287,1674,97613,,
0xe85f3e89250913f1542de2bb5f5e16395b3b17d1e152943515c3d04c098e8baf,1764499283,1764499287,1674,97613,,
0xcfb71cdb6ebf0e387f71fdaa80ce9dfa3c9a37ee9ccd2f1fa4a1cb6fa14c1204,1764499283,1764499287,1674,97613,,
0x1970910f53668592fd8d62487a8f15e1f504dda59b0aa63a1dba43d3d933a847,1764499283,1764499287,1674,97613,,
0xe5339b25c9d7d9d7b91d3ee5bc13f59fab936c1f77512ac3eecdb0e31a871fb4,1764499283,1764499287,1674,97613,,
0xd4388afe112e5fac16e464facfb9514a23e7edefef5a4f282c4b03a3dbda3a5b,1764499283,1764499287,1674,97613,,
0xf807fb7dbe99914dcef323b48d07df569c6aeb1b35abb8f37239c54b4d1e7265,1764499283,1764499287,1674,97613,,
0x6aac5efcdc70984a0ff10d31a6fa2817d9a14a0a96427180964945d012a2a2ba,1764499283,1764499287,1674,97613,,
0x0a2bd7823f8107fa3ad233d5b6e8ce1c9fa0522792360a5353ae89648f8389ce,1764499283,1764499287,1674,97613,,
0x0cc822de9b7ce811b0261bae2640950507c8760c5223c86efb4ce89441c10c5d,1764499283,1764499287,1674,97613,,
0xbe7d0b43e36aff7f6d24b1362b59253d3f3d3e3286f1687f2684c6d8dc8e739c,1764499283,1764499287,1674,97613,,
0x5e8da1bb4501bba07829b41a739c1fe81efccdcc9bd0fe3c0e8529260b6fd5bd,1764499283,1764499287,1674,97613,,
0xf327e022e7b0ee9f0621284808d564e2dd865228e402c146a963cc2c28dc5249,1764499283,1764499287,1674,97613,,
0xed1f5f6318587d2008c4f754d70b05ab5c3bca45fa59266e964e11100322451f,1764499283,1764499287,1674,97613,,
0x8a3f424b6ebe844058136d1eb6b326ca0cad340ea57ff6a9a5c6e7e7e9e39720,1764499283,1764499287,1674,97613,,
0xe894f60a3d24a63ccf0aea1b62f11f9241b4a65b30f92372f23923c2e63f06a6,1764499283,1764499287,1674,97613,,
0x3934311eccc545a9f8cc45075f109d4ed345eb43b291a8a00f285bb361df771f,1764499283,1764499287,1674,97613,,
0x10dff23ed4c5011f15aafb497e117c3734894f6927fd7e731a122f266bdb4427,1764499283,1764499287,1674,97613,,
0xf168d69d55bd3c9b1e7e2a76121e4c02f63abaf26c3c0f3847c30ad3001d5a7d,1764499283,1764499287,1674,97613,,
0x391ca1085406c8b0868642daee2d451d984a3705df458afe3aae39baf7274b25,1764499283,1764499287,1674,97613,,
0x683c72b6f83de00c40100db8e86430d7f86497fdab0e7a8d99820d92a3078c29,1764499283,1764499287,1674,97613,,
0x349921009f5f4b2ce85e6c1c37ba82c7612e7dff743a2ca2d6106779faaf7e6b,1764499283,1764499287,1674,97613,,
0x3ce74bc6e4d30d0018994e207cd66a15d2b2c50fb028e555643e77eaa386d3f2,1764499283,1764499287,1674,97613,,
0xba440ad8df187acef761425ce067cc6112cf20aaa27db4647bd62b23b4cc608e,1764499283,1764499287,1674,97613,,
0xafe342013b300466a16b6b25af3daf3209e7ee7bd90f43c4b595586a2e9e9f1e,1764499283,1764499287,1674,97613,,
0x766c02e0e242afa4266cb7a9b4e2e4f8800754860f091c9b003fb272c0c31d5a,1764499283,1764499287,1674,97613,,
0x5f3f6cda08432d1c976039a403ac7f8e8fa67b46d9213153dd1e20d1292a3a9d,1764499283,1764499287,1674,97613,,
0x17309d6460c6de2952e127e8a1cfaae6d42424a436c1aec606789d7fb3bafea4,1764499283,1764499287,1674,97613,,
0xf712fd4fabce84c59104063e6c9784de003f31d313f86519f6c6cb03612ee142,1764499284,1764499287,1674,97613,,
0xfd645440d5f0c65b9494ee337843f6997fde089adaaf5701fcd402f68e914ff9,1764499284,1764499287,1674,97613,,
0x09fe82fc3cdea2357a319c3ddde4993f87e6542f5e2e93ea0de9b505c2acea79,1764499284,1764499287,1674,97613,,
0x7bb63832502faf11f54aaa3fc1d26bcfbd3b04b47253b5ec5158f96fa5b18b4c,1764499284,1764499287,1674,97613,,
0xe03ecc6c05e7a609b950a60a8498a986a379235b13e6458ab37bdd401a959b68,1764499284,1764499287,1674,97613,,
0x8e8fc5a66b1b3fda4bc668bc554aead9e507e00a86025fe2557ff0c7f5c8ddac,1764499285,1764499289,1675,108029,,
0xd730a2e8aa21090631b465b82591edc9718b18e997801693cce83d8ca6f3d013,1764499285,1764499289,1675,97613,,
0xe7ffeaabc14f470df5d095376b6c5c8a3130acc2956eeb1d1f29485835776093,1764499285,1764499289,1675,97613,,
0x5a91eb959be9d85ebd9270d57859b1b913d1141d1e944ccc741b6bb9adbf454a,1764499285,1764499289,1675,97613,,
0xbb9475b8a2c8aa7a9653dc86cbf9aaa62fd4a4bfa6268a97083c9a438ae8fae3,1764499285,1764499289,1675,97613,,
0x814546523d2dbd5f381a327d442b5528f82fa8dd0d3ab80c8f0ca81df9511686,1764499285,1764499289,1675,97613,,
0xa5659c98f82e3adf50c2980455b4c9f2542dca5b2bebf701fa2204bf0ebf6889,1764499285,1764499289,1675,97613,,
0xe96588bbe57e5e69132e8b196d0be65c8ae170d8e9fadd7d1c69a444eb1742d5,1764499285,1764499289,1675,97613,,
0xcbb4156aeeddb5d64d78da62b6e63c3146a50cbcaa62c7364f71085e5e662f4c,1764499285,1764499289,1675,97613,,
0x303804e00cca52261d48730c99498f82c1bc42cb44b696da943db36ddaf5fa0a,1764499285,1764499289,1675,97613,,
0x59c48b67aa872b122a9666718784b8bc1271aae463804e0dcade2ffd9ad50335,1764499285,1764499289,1675,97613,,
0x34574a0575ae6ac821b65d6bf372a231fd007f316ab4beb38a2a1ed113edcf92,1764499285,1764499289,1675,97613,,
0x4bc9cb9d5df8b4ac2dbde87bc21c07af8dfba2e6baf05ced8e512050be02dabd,1764499285,1764499289,1675,97613,,
0xa6ea553ef181090fcb0084a31d266b91ac61e9268515226442bbcb9decd5845e,1764499285,1764499289,1675,97613,,
0x888f19aee92da78088b628506160fced5495ade3ffd47aec42fa21b895bd06b2,1764499285,1764499289,1675,97613,,
0xe047a6494385cac38dd8ac6a5c28fcb95c13b453e5b026db7af61372d3d3150d,1764499285,1764499289,1675,97613,,
0x57828296d4f4e313222e65ff1f919fecec060692da0f9d8cd689c3e12c40642e,1764499285,1764499289,1675,97613,,
0xb3b8cd3e4b81412eeff8e3e2e44d093c3cefc0f5cefb02c2486eba0198a20760,1764499285,1764499289,1675,97613,,
0x53bd4724830de02a90b1165fd372f84b7b33892ec3eb766e00d0339fe277ae5f,1764499285,1764499289,1675,97613,,
0x04d6d2ff27305d16c432ec22d97733f2c67fe1066e7f39027641852b536ee690,1764499285,1764499289,1675,97613,,
0x80edd4ca1e815d232b92a4cdecdecddce07c3d61b0f07746d38f93e5336a6b54,1764499285,1764499289,1675,97613,,
0xc487c6471ffa6f4f482309c6a58519180d9f2d74ed974fe4e83aafca421c4b3c,1764499285,1764499289,1675,97613,,
0xc7eb72af383de3100ca83690722eddddfc87fb0dbb242432ec62b1557c41c762,1764499285,1764499289,1675,97613,,
0x91a106c5450abec0537cb619bc313d207009db5cd733b1f4ca396d1942d90ab7,1764499285,1764499289,1675,97613,,
0xdd21733c9651259d6895651bd5447c65115d25abbbb290adaeffd20962c97ccb,1764499285,1764499289,1675,97613,,
0x45fcc53d146fccff3890cb60a40797ae3104a0742567d3f949bebc84680cfa18,1764499285,1764499289,1675,97613,,
0x2be224278c343fda299fbe71c63eb8f51191c8f7ebd5b0de9c1e2117c1420884,1764499285,1764499289,1675,97613,,
0x302bdb7c03318bd71795641b96953d596b3a1c0017e6e44f77e5ebac018cc474,1764499285,1764499289,1675,97613,,
0x95aaa9b866111ed62e13db2d3a89606dcf557a46bdfa6616619819ce0bd4b718,1764499285,1764499289,1675,97613,,
0x4a48889b909c1699b7d4684f3f26eb82588588154364aa32b02ab86689a8e789,1764499285,1764499289,1675,97613,,
0x82302590ac41c591493a6255e93d3b810cfd981750fe2ba17ebd516b8a34b9ba,1764499285,1764499289,1675,97613,,
0x7482d265183c6cafa1a1063d2335849984057f5ddb544d24d634ecf5fe7c88f9,1764499285,1764499289,1675,97613,,
0xd9aade6564ada2f34085a78710de0eb50da0b06fcb53ee1539bdc87a907174f9,1764499285,1764499289,1675,97613,,
0xfe43937585700f21683f5fa122462b7f4607ea776ea4c7a5b03e381be7ea2f47,1764499285,1764499289,1675,97613,,
0xa57299168f1b7971e70a7bdad589989e9e58b8313678176b542208f3a8284b2c,1764499285,1764499289,1675,97613,,
0xcca1b076d9bcdb61537b111f385e4b752004dcca8c0a54349b440dadb9af7fe6,1764499286,1764499289,1675,97613,,
0x69b98a189869c1840c646ee9c027684b2cbca3c15ee12d56e492b170924d0b35,1764499286,1764499289,1675,97613,,
0x0d9c204183220b7797156fe2cb0a3a0d5fb2f1976715f1bb2031dbdf27a09343,1764499286,1764499289,1675,97613,,
0x660043dd686f3ff45a2a407d0bc3346e4d32d01291cb064cd9dda6fd22508919,1764499286,1764499289,1675,97613,,
0xf423c4f41a2098ed785ecf9e8160c2b4f2c3f5e0125d798197e42e994f4a51a0,1764499287,1764499289,1675,97613,,
0xa4b54465decf851b8e2d31d6b092c7575ac489665a3c701b2c99265e10a209b0,1764499287,1764499291,1676,108029,,
0x920a38e99a38a8973eb5f3ed3514f9d7297769a2da03c0cbaee441dad209de88,1764499287,1764499291,1676,97613,,
0x418d5a8640ee8194b9f14510f3c2b6fca76011ce58621ddd9dd65b70144bfa7f,1764499287,1764499291,1676,97613,,
0xc3aeba5a81d870cb06c1b08c6a53494f4971344008a15d42efa70efcdfc51893,1764499287,1764499291,1676,97613,,
0xc687b738a9e042240d398c12925cbe40ed629d36273e2bd94d4ae6abd8e8b1b9,1764499287,1764499291,1676,97613,,
0xa7dae5e465aeea0ddb03a4fe4a02e531dda18fd3c2d03dcc2d2d492c30bda84d,1764499287,1764499291,1676,97613,,
0x111fa1a17d61c01a11f2a7b55521eb639d21944143429a7e26d436408410592a,1764499287,1764499291,1676,97613,,
0x6d024564601278e905892662ebd1b40ee3ad50e9c707bfea1ee036115c35e7a4,1764499287,1764499291,1676,97613,,
0x65ba4c381d6e268886a2da7d085b8944c373ce97d58fda16a35394634e468d7c,1764499287,1764499291,1676,97613,,
0x6d893e12969a472c1e3388cce312ead7c7a3be525b307da45b48e026203cb8ff,1764499287,1764499291,1676,97613,,
0x0204535f17c10cd3486b4afbd445f8b10d5f5afe2df7bf0ff16a391f39969d90,1764499287,1764499291,1676,97613,,
0x78f720bb6a2ebfa9d818975dac7753ebeba25eea5c785c6819a1888dd324786f,1764499287,1764499291,1676,97613,,
0x78468057ed991fed859a41269beb2565e1edea22a7c9f8595d91ed9a619b8c6e,1764499287,1764499291,1676,97613,,
0xe4569f7a97bd872a3e99a253b262d8a5ce68e09c5b5264ea29473d45201d8d1e,1764499287,1764499291,1676,97613,,
0x32323c5034a8831d4fed472540d242985d4ce738d51987c847fac4cb9f248475,1764499287,1764499291,1676,97613,,
0xc9a441cf5599972c84c5c2e4ff8f786604d0eeb207685079ef75cbdbc3a87532,1764499287,1764499291,1676,97613,,
0xd44d37b2ed9f90d4c71fd03267e3051fd61e1cebfe271afa19928fa249073eef,1764499287,1764499291,1676,97613,,
0x7945d4b8a80c0f83a5699ac620d27556769a80888a1956267acae07c995de702,1764499287,1764499291,1676,97613,,
0xbbe8f230f86ffd294555aaf8612171bd8bd71a63a2d270d1f74c4f24a4b69fc1,1764499287,1764499291,1676,97613,,
0xce374c46542612e6d787996612ad2aaeee6ffeaae6ca3b15e2dccc2e8c0d6739,1764499287,1764499291,1676,97613,,
0x72d243da34cbb48120a043947f7305a0968926f1dc9a868b7d209c3f8bdef74e,1764499287,1764499291,1676,97613,,
0x452fc542b6ca4e8c1673818cb39d2cc807e7fc2b220f3a489a7959e0d240132c,1764499287,1764499291,1676,97613,,
0x6b88bd626e9e05096bbbb65cd002c01447fc98d98b57f9ea353a32ea63ba1833,1764499287,1764499291,1676,97613,,
0xa6ef0ffbebe3669bf08321b76776796c1ed660232590e714e0a2c4f0cf9bc032,1764499287,1764499291,1676,97613,,
0x5b62881f667998fb705de7f7b46fb834ab6fb01d46eef4698cf8faf72275c43d,1764499287,1764499291,1676,97613,,
0x004b3159e39ba752ff99362ae1fceaf48221b0de4648bd912263cdab31985f27,1764499287,1764499291,1676,97613,,
0x5727eacf81e340cc02b6af46ba247d2a06e6a35e129586dd5e3ccb6ede6f6523,1764499287,1764499291,1676,97613,,
0xcd6bacadc42e7ed27294c1799d60c2ca4eac682323fe5dd0f19cb7a8c3f0231c,1764499287,1764499291,1676,97613,,
0xba40b8854d8f191f8145a67ea118427ca4fc30456bfb4db8ccdcf64ba0ff1b30,1764499287,1764499291,1676,97613,,
0xf22c1736eba306eff47a6c79305cb8f48f49fbb026587b2455ef88b373af6bfb,1764499287,1764499291,1676,97613,,
0x8b84b9b48e25156a205f8304ad19f97fbd50f4326d310fde38483eab6af98b98,1764499287,1764499291,1676,97613,,
0xb3a0790d33832d16f6b629f1a7ba73dfab4cb6039873b3e68d1a5a18fcd2b8f0,1764499287,1764499291,1676,97613,,
0xfcc0a0aceaa4bba4017c72882f952e34a2fc8a834ad70579a1004f692ebfe6f9,1764499287,1764499291,1676,97613,,
0x4554321b98b377480682b4e0e4725f0ca3701d0a920e667e5e66a45b788edb32,1764499287,1764499291,1676,97613,,
0x682fdc13dc6f4b0635c01a42834edbca24353b94154c036a007ada3d32c4e2c3,1764499287,1764499291,1676,97613,,
0xe9e68ec246330a6125c8058e1dc3daac1bc94ab4d9c292570a2550867da81ef5,1764499288,1764499291,1676,97613,,
0x4c15a0e3b553d6f68c7f732ed14b9f8fcba7ea6cdb2285abc3e05d397f06ad57,1764499288,1764499291,1676,97613,,
0x0cbc110138ea829402b20a3ff60e87fade3063d2bfc4934651f169ce3d64489b,1764499288,1764499291,1676,97613,,
0x23ad66c15b4db94ffdc2d37a81161880e0fa71d8811790a61e5d5ad7bb7a1db1,1764499288,1764499291,1676,97613,,
0x413528786b5f7121a8bdbb5864b93a227434c6c190f97750dd101f0a97e37067,1764499289,1764499293,1677,108029,,
0x310288819b7c3d68d9d9756f3b53af7f98a222f2d9214d3126cb4eec3f3312b8,1764499289,1764499293,1677,97613,,
0x52289d9dc2f60574730cdcc089b0adb9fa7afffcca7169b5ab9dc84d5655b425,1764499289,1764499293,1677,97613,,
0xc3b1555551643cb6801a9f11b4bf289658383a270e05178045cef2188c46121c,1764499289,1764499293,1677,97613,,
0x719f384b3404243ef38ddb5cdc49c0c9a5fb69da991facb0bcf5cca2ae94d28b,1764499289,1764499293,1677,97613,,
0x1d6f6b1ada2e4da7097ec9aa9a8de2ed0b4c40e80575ce7721f6110c5946064b,1764499289,1764499293,1677,97613,,
0x0dfc00f5199d9be8ce0c71acddf47845c5cd9cff00b938647f85e6ed8e3d545d,1764499289,1764499293,1677,97613,,
0x6b6d472f23017a801b3cfcaa1f3a13453bc50e4afb6104e241ecdb2c0e22206d,1764499289,1764499293,1677,97613,,
0x0c561bbe55fe57eaadbe737f8f47230290f9e888992c7a6fcca9fe8a84fd247a,1764499289,1764499293,1677,97613,,
0x9fd26fd46356596d45c476d90e043d98fc839974fb5bb11b7967d5795e9ff9b0,1764499289,1764499293,1677,97613,,
0x8bdc6aff2fa987a956c5d3bd7cacdc0cc20a6ee2e84f056830201f3d4f598322,1764499289,1764499293,1677,97613,,
0x4614536f7e8fe5cebfa2795f10e7a389775d5b50d244af7120b5a7a05787b402,1764499289,1764499293,1677,97613,,
0x96fb21a3ca5886cf0cdf53d496bf999847e00969e3cc1a8481bc44968c7a2667,1764499289,1764499293,1677,97613,,
0x22653042e07c1cccb8c02601c5580289fe0260f8c8c6e2c84e8b943f3bee8f50,1764499289,1764499293,1677,97613,,
0x8b8d23fa2261346b8a2ecd473a5e69c40e31dbbfd76a5ab3d1fe7e066ea87b81,1764499289,1764499293,1677,97613,,
0xdb77a55722510d9b079dd2c22607daa83a8fd9899296a5536aa62e028f451e6d,1764499289,1764499293,1677,97613,,
0x1e9df7a6e3430760a44ced53c47024ee4ceaebcc5ea289555c734f3599fe8392,1764499289,1764499293,1677,97613,,
0x39f93588620e0945a19cea6b63b19f5bee9fc830d0ed9c7e65c73e24fad009b1,1764499289,1764499293,1677,97613,,
0xb123e7f6e6700e8a16d5cd988033cc177e49847c20cfc28b0b55bd6283a18270,1764499289,1764499293,1677,97613,,
0xc12cfe590af8f41cbeab4001ef8f528b160ed525dfaac36660afd8a281d0ab6a,1764499289,1764499293,1677,97613,,
0xea5b75c5d99f9b9c8b41956c0d83351fce655e287395292e7f57667dc26a07c4,1764499289,1764499293,1677,97613,,
0x7d6e6a1ff13deb8ca65b43a19831dfc6f95d80ff700207965862e1c16977cb62,1764499289,1764499293,1677,97613,,
0x5732e5e80e9687c55dde47f909a7d1744b4133011eda505648616e597cecec8b,1764499289,1764499293,1677,97613,,
0xac0bfbf6c6179383969a3a4e7d4bfd83e1ec36a11304e86e6bcea4a4850c80b3,1764499289,1764499293,1677,97613,,
0x3e36f662bc6ae59919864c4c19f9a068f21db36cc355f0888bf153347166f79a,1764499289,1764499293,1677,97613,,
0x7a151e5ad8527e8ab599967b7bedc4431b5eeec78e0cf3391ba42c605f02e5c9,1764499289,1764499293,1677,97613,,
0x3fe2c6b78ce05bdd91f7b65785fee6845b67c8f2fa2df3562551584f87b1c54e,1764499289,1764499293,1677,97613,,
0xd7f6beda392f9db4b35cff9f59ec3008c791c670c0b93f14e4c1bc6663b63d36,1764499289,1764499293,1677,97613,,
0xdfa3ba849f6001dd7a0aea0b8cb9d57fae79e490f453a82684eb1c3640f2ee69,1764499289,1764499293,1677,97613,,
0x7d41b986eb231da88eb8557741eb326abe5f95f0470c96b9ccd9ddfd56d734a9,1764499289,1764499293,1677,97613,,
0x04a6f9f435595de9b48078c16a6f77ac74e7b71420d7b6da17ad81c8b7435950,1764499289,1764499293,1677,97613,,
0xe357ea92a55380cde2b6c2c7aa62df30a9a49e95784a1ac9f091d149d2c089bc,1764499289,1764499293,1677,97613,,
0x39eca64a73046d42ae1db903cd7a73a999aa784c857b513037ada128d22192cc,1764499289,1764499293,1677,97613,,
0x319ce5a689b0d26738b6259749482de26c93a0e52c480b5af14ae325656aad1c,1764499289,1764499293,1677,97613,,
0x329bf031bc5e7105dfdde01e89cef0faa0e868190c741914f46e3eb1e99ef75b,1764499289,1764499293,1677,97613,,
0x60f542e6f8079a5bd87af3fa70f60cefc16f2fb986eb4e4cb5f09077364e0803,1764499289,1764499293,1677,97613,,
0x851254a72853fbc045c97fc20dc43d6ae065b9f230f38f7727472f2f9f14be88,1764499290,1764499293,1677,97613,,
0xa0cde0afb978028eb85556af250aa95094b2046725bce8c3971fccc40745afe9,1764499290,1764499293,1677,97613,,
0x51ea41ce1e3fe0a1e39e53930af2657fd95d2cbec7e76f5ec54ed1c6545df27b,1764499290,1764499293,1677,97613,,
0x50ea025ed158e41d02d85911f7902c30b2ec41f7ec593e272ea56a7b04fc6746,1764499291,1764499295,1678,108029,,
0x304957738d4ffc7143a5cbad241d35180b1b01feb0a8448765605566b2f24baf,1764499291,1764499295,1678,97613,,
0x08fb07d3f5da5224fe41230c5e0ea0e83b30bc2306b55075f0d84b7c885f8540,1764499291,1764499295,1678,97613,,
0xedd0109fb5da1244c509b4ecf7c94e126fb26d39516304deb6e91c5647ad431c,1764499291,1764499295,1678,97613,,
0x1a1cfc3163f3d4bfdf78035de554975ec2ec3c64c8a152eb8fe24d8bc573aa59,1764499291,1764499295,1678,97613,,
0xbdeb686dacb4c077b5236db9647b35dc438b534b1419894b59b4c93732a269be,1764499291,1764499295,1678,97613,,
0x8f0a7c740504887d17d6a81e4c9a75398f235450e98858c4a5b62fd22c32b766,1764499291,1764499295,1678,97613,,
0x6b0dad61c4645a8b1259d860220fea5999acbd5b084f70f95c2399472e07bad2,1764499291,1764499295,1678,97613,,
0xbfa99161cb59bf80072f973dc63226b39f21c08674188a815b4b76628905c048,1764499291,1764499295,1678,97613,,
0x8a839315f18e8b7f3efdcf951373842b4feb9e6e47eac22fcb33785927c0fb0c,1764499291,1764499295,1678,97613,,
0x028629b90a16295790222ae893b865898706571349162e995ffafe8672a73534,1764499291,1764499295,1678,97613,,
0x9a249d48356dcc5b47d9d9e4d3a2afc99a6103bad9e03272ab77c441c245e318,1764499291,1764499295,1678,97613,,
0xc63b6f84bcb1cf18c2330ad3c48a753f4fd64ac47f1d88da4a2d29201698f6e6,1764499291,1764499295,1678,97613,,
0x5ebee846abdddbbf696d2455f0c6a667c2fcf451dda288aeac8eea893314f787,1764499291,1764499295,1678,97613,,
0xa2b6ed25f46b224ee2fa7e83e56602e93fd1fd9d1769cd9d41c3beb2707307bd,1764499291,1764499295,1678,97613,,
0x249da5ab859161e8bb7b0b3774819b440820bba35cc593fafe0ea401203a0d2e,1764499291,1764499295,1678,97613,,
0xbc9b4d4a6449f6752dc80e69a97f3bf0a2da65d93f281e47b28dfa743aa38c1d,1764499291,1764499295,1678,97613,,
0xbdfd1d863c671f811552e2859da4a73f7aec1f796674045c5e8bd4b6b233b3f0,1764499291,1764499295,1678,97613,,
0xe19b6427bcc7bebe2a00df059c9ec9573c90fcc33a221a8d30d9cbd01f80f6c1,1764499291,1764499295,1678,97613,,
0x49d3bc03fdff51d31e2004aab07d2daa61f61dcf35d50b1c1dd300825328ef0d,1764499291,1764499295,1678,97613,,
0x949cfe4909e04cc03da03f5173d9ab3ecfc76e739491bf6fdb17b942c045102e,1764499291,1764499295,1678,97613,,
0xa618f37b8a09611ff3f5d843f442a108009ebb9d6df8693513084b5d2cd11586,1764499291,1764499295,1678,97613,,
0x0dd485091bfbd9767c6785ea3bd71914b50738782584b21f744862beb900089a,1764499291,1764499295,1678,97613,,
0x095cffbee86f7770b0d5b3398f63bc8c32e744319e93a396bcbf8378c59ac19b,1764499291,1764499295,1678,97613,,
0xe98e1516ff9b3796a366221959193244be4c3929102fae31791d5ef2acb8c898,1764499291,1764499295,1678,97613,,
0x6068f44ff4e4ce332f04f1f25c229d12f50e238c903890266a3e30bddf7bdc8c,1764499291,1764499295,1678,97613,,
0x56857583cbb262db772138bd0c4e6cd95d83835302d97bce91e76d8e83a04c23,1764499291,1764499295,1678,97613,,
0x1f86e0a8b08d3cd3d74020294083b6735876a55b9fd6cb9bd431108c0cff3c92,1764499291,1764499295,1678,97613,,
0x63143a1c1e5a47b49d92b92416aae7b79a387abc832fa809093e22f00ea675ca,1764499291,1764499295,1678,97613,,
0x4e390fdd88856815a5a43eab63e23fe0935b2581f28778848eb4a80ccff95076,1764499291,1764499295,1678,97613,,
0xa816dc0929e4531a84d67710622f0b25458c45b9c7b2fac90358a6c8db973ca1,1764499291,1764499295,1678,97613,,
0xe08ef0a6fbc48ece3dffbc0b31db8fd98a8fa84f4ba58a8c9eee594eac5442b4,1764499291,1764499295,1678,97613,,
0xe870a12ecb0c6b1faa7794aa124e00cb0a9e2347bed2fc7b6992093d441bc5a7,1764499291,1764499295,1678,97613,,
0xcce7640976c1534a0bcbffbc3d638c183cd840ab2ce8e383211cdac3e465db75,1764499291,1764499295,1678,97613,,
0x444d09636a97e79f7199f3991ea181da035c0686e73e655ebf91013f84205ddb,1764499291,1764499295,1678,97613,,
0xd98ea323838abf67d171e9388b62d2bdde8cb35ac74b2c61472390428dfb54eb,1764499291,1764499295,1678,97613,,
0xf5f56b8086ec62b7d4052dd8227b7c342faecbd24565976fdaf9dd52fd7eff56,1764499291,1764499295,1678,97613,,
0xac33fef36a53eef2dfb22da7f1c644d6b469c56736c4311d0ab2a4890d695397,1764499292,1764499295,1678,97613,,
0x2e8a18816c8d80566e3ee08cf89a709e40ddf721bff8918f5eeaaa6661cb1fec,1764499292,1764499295,1678,97613,,
0xd990e5e88eff302676974f8894da76d3d0b1c550a0843ebbe5f58ea313f56d6b,1764499293,1764499295,1678,97613,,
0x28cab6c3fda8789fc1353dc26f94fc700f4832ac3adfff3b93c3747fe596f32b,1764499293,1764499297,1679,108029,,
0xda710d3594b01160f161670e195c99ea66514609aa6ab70fe7230a918362ec13,1764499293,1764499297,1679,97613,,
0xbe7327f3faf7d89110a843879d9af93f9a29324950f508d486a98123df5bff3b,1764499293,1764499297,1679,97613,,
0x4a94c6ac63d413dd8cbd6914012c1ca290dd1dc920c234037c2c953a153f9176,1764499293,1764499297,1679,97613,,
0x0c638775ecb26b06b6e7d5951b16fb892785325bda9fdb8c340d1c1c9ba83be6,1764499293,1764499297,1679,97613,,
0x2a213d17a449c2fecfad57b7e5956272a9698ae70867b8494584cc9ae1d17e09,1764499293,1764499297,1679,97613,,
0x238153566614054e7ba05c961bf81b701bf1ca028e457ffa68234d14431e263e,1764499293,1764499297,1679,97613,,
0x0719e92cbb41b3cdcf98b86c2069e72ab7e012751125b87070ec5f8ef20a1bde,1764499293,1764499297,1679,97613,,
0xb8f94907eae354a4e27bf149dc4ef3aeb2f08ef71dfece319ab69b003caf1ae3,1764499293,1764499297,1679,97613,,
0x05f2e0c3a7c219485e932b1f39d6b096996056dac6542d07d8261950d24e1350,1764499293,1764499297,1679,97613,,
0x06f751356de8743f28fe61f63257a2142225f4033b7f5f0ee9bab775833f0a2c,1764499293,1764499297,1679,97613,,
0x3be72a72be7bf908a36074b47a63c6003512d792046376c7e4c4a10c498ed5c2,1764499293,1764499297,1679,97613,,
0x39f6a1f1ac0f3652e07b380177d4ae97cab47b75accb4ecaa92bd57779292423,1764499293,1764499297,1679,97613,,
0x58f4171bdc5f5f160ae9ed0af6a7b6de4bb844b9b244277886d749a0fe105603,1764499293,1764499297,1679,97613,,
0xb7d51f78aea344b15a447f3320bb8a3644aa1495d0f5273b537b8e72ffe5df84,1764499293,1764499297,1679,97613,,
0x1b2fb95adaf16f7aa71bca760fcb155ceea917c493747f0f260abceb6d97dd14,1764499293,1764499297,1679,97613,,
0xf23df03241456c329a7509e977b4a27346305fa3581b762c5567ee2494002d5d,1764499293,1764499297,1679,97613,,
0xf4fae19f24742df0c6a338caaa1ca2d785f07d094e18d202f1b2cd3455e204c4,1764499293,1764499297,1679,97613,,
0x866f9b3592ba632aa42d47128b787221969334f50d590e497ffce7bac9159628,1764499293,1764499297,1679,97613,,
0xb1944774d3ef13042e5c5c9cefaa311749d6ec461e75fee3a78b73f7ab285a6e,1764499293,1764499297,1679,97613,,
0xb5f9a5d04bc36189cf19b60585d5b89c040dc013ed0f745ef3afa96145558bd1,1764499293,1764499297,1679,97613,,
0x47315f9d8c24611d132a0582df9741c2a2b3abf99e8a472ab15574e7461aa8d7,1764499293,1764499297,1679,97613,,
0xbdb8af3e90e7d3fcfa50c3523d8fa9252f00875a598904dc74c7bd4324d8f390,1764499293,1764499297,1679,97613,,
0x2250e4ddf8e89032f528e13d216c96669e5969954ff80bbc48054c0eb0cf4ad5,1764499293,1764499297,1679,97613,,
0xbda0bb2a01b1599b3336f656a6512b7332c150fdb68d2d878a6b8efa6a7487c6,1764499293,1764499297,1679,97613,,
0xe28560e8de76a41c5361ab19c061810d88254acd645989cc7780df511c21a8d7,1764499293,1764499297,1679,97613,,
0xdd052fa8f987fe6fb61410d518e71fd9bca627bc7279dcb382da59e19b1a0584,1764499293,1764499297,1679,97613,,
0xed9d5fc555ea58fee3e047fe75c307fa4fa2a0032bfb84b1acaeadf6c6f64586,1764499293,1764499297,1679,97613,,
0x17085244f544fde84d1b3c0467187416e698b59f10fbf9e54d12fddeacb80dc4,1764499293,1764499297,1679,97613,,
0x13adb777e8af234e5c3cda7cba71133d844658f4dea485df57919b0b6c118284,1764499293,1764499297,1679,97613,,
0x7052f243709de4bfc9496694efbe776d4ed4e8c6c4cdc4091ae6a74380343445,1764499293,1764499297,1679,97613,,
0x16af7d270c62969ef6298a89f782c5cdfd446b948ec5f5775c13b2fd2257d60d,1764499293,1764499297,1679,97613,,
0xef04b1c52d4b0d4edc5568ff93cd59be557532de63864d34101526d85a60a02b,1764499293,1764499297,1679,97613,,
0xd7047b7b30f1feb51d997c5a8a4efbed7b59cf1186f749554fe406b47b37264d,1764499293,1764499297,1679,97613,,
0xa03179163ad423923b2255168318526a73bd04ee33473bd034774fb29c279d7a,1764499293,1764499297,1679,97613,,
0xe3c0d1c97175f74a629b911f891acc93dacb401b242eee4997a0e0f45895480b,1764499293,1764499297,1679,97613,,
0x50e7d1999e60d26a80e307dd4d5dd76ac252a4f0d86a29bf6630b57cf0d38da5,1764499293,1764499297,1679,97613,,
0x66a67724ca4309361b975f13d65b080e2ba688e4f20b55e1dc88b4ce9bbc748d,1764499294,1764499297,1679,97613,,
0xa017d80cb1a361b31a05d6a404ebc4e514fdbe4881e8229fe1a47c58b6710b7a,1764499294,1764499297,1679,97613,,
0xad7a794a40dbecae18aa95918b41ed667ed173b94153cc1d673b47c04a819b94,1764499295,1764499299,1680,108029,,
0xe2cfc8fcf97aca21cded5a5733df335e35c62e26dfe87e53e4b3a984b98c6713,1764499295,1764499299,1680,97613,,
0xdda168a8aa9b57bed8dcd04ac4ad2f0f083c00cc6d7dfc663d10dbe28fa0bdde,1764499295,1764499299,1680,97613,,
0x8f9d14ba09adcf5059901d59ddf89e0772a70ea5de9d9a5a4835f48ba5a3ce1e,1764499295,1764499299,1680,97613,,
0x8aed5ad7e333148fceefe9fe7c731c70247bece6bc9d7910b9fbe508707113bb,1764499295,1764499299,1680,97613,,
0x87d1c18baf50b6794dbcf8454f388d86179defb73d9bb48145f7be899ece5dbb,1764499295,1764499299,1680,97613,,
0xa1ab11f18423355ec637f1aeb41923f74e8256acf74551f8728732bdfd549349,1764499295,1764499299,1680,97613,,
0xedbb403f995486d97b4e22365de825d603862684dd448cdfa075894f13703618,1764499295,1764499299,1680,97613,,
0xf0c19b20430e7695d01343747fa5f97b8c7775b7ae62376d5f09618cbbbb2599,1764499295,1764499299,1680,97613,,
0x6f872a7a0d0e460e0f7e648ea2b3dc8b378515989d63e4add1b875c92de9ac80,1764499295,1764499299,1680,97613,,
0xfdbc49140c8172e080d2aca673805795ae2f24f38b8d1a0b6f1978df1b76de74,1764499295,1764499299,1680,97613,,
0xd0b35c99c123a61510ac7a264ff49ba80c56dac5b46e200a8e6292c17e6fb807,1764499295,1764499299,1680,97613,,
0xfd2850bbce8182574309d5fbf991964758536af83dc29cf6335820b00bc41dbe,1764499295,1764499299,1680,97613,,
0x451f3b3f555e8276eb70cbebd272503e41b1953374d1ba3bdb33aa4a2ab38451,1764499295,1764499299,1680,97613,,
0xc319b09ba9ae291b1bc875a9af0b1e9a7b4765371c02bdb506d958957e88e908,1764499295,1764499299,1680,97613,,
0xdc9e2ca128cfcd94b05d5f4f882feb188d052883fd7186e0a7b8c53c26647c5b,1764499295,1764499299,1680,97613,,
0x969286052f9a1e991f0c00b0a6707e0dbe8de76148f54a132dac9e7b359ee4d2,1764499295,1764499299,1680,97613,,
0x8fc39e8f38c76b38bed5dcd1401860b21d2683ca67be30daae77e19c37f55ad2,1764499295,1764499299,1680,97613,,
0xa8d77b43efde877dff9c334dbfd983b4e9c37d3f207c94662a79100425068031,1764499295,1764499299,1680,97613,,
0x61e13d18f02b9492bc219b3cd188531eb2740242fdbf36e383c1302af91c2990,1764499295,1764499299,1680,97613,,
0x3bc228843472f91069494bbd295b5adf6c4dea853ef0a86d5f6fe5523ff738c8,1764499295,1764499299,1680,97613,,
0x749cfbe9f74cdfbb2ae0c032f4ccb3dbe978b76b51a9ed965826730016186879,1764499295,1764499299,1680,97613,,
0x0113c696132bc625c03e492e7d0b38438c8f4d86bda1f42979dfb671c9d60bd0,1764499295,1764499299,1680,97613,,
0x3eb64f3a984b47dd834b521e9496e0d13e428d73262f2daeb4d6e4cabc6156bd,1764499295,1764499299,1680,97613,,
0xe9d6530d485e9ec61423726a1100fc569fedf25453556ba8b3e928bc98c9fa13,1764499295,1764499299,1680,97613,,
0x5a2876197ff2189d4c7feb3d03f39526f6e65cac6a0beb7210b503913e3a6a44,1764499295,1764499299,1680,97613,,
0xa35f0f492ac28e3afb499ed38ac3b4ad1eb5162c88856ab7706c9cdf2feba4ea,1764499295,1764499299,1680,97613,,
0x365c6cdf31ad416167254f381354ffe7d132870ad97649db6e8a30d201ce5224,1764499295,1764499299,1680,97613,,
0xaa08f121674e88434cb4844aef506e85720e462ff1dc407472a937e18903239c,1764499295,1764499299,1680,97613,,
0x36a74aac17ec5c12e05cd6c22c2c3a3e9d744356080b948f2fd6ec956669a814,1764499295,1764499299,1680,97613,,
0x93247516cc8b64f8456bbdf04bd67edb175ed9a7cb757d9b9f972dbf8e36740e,1764499295,1764499299,1680,97613,,
0x69d9e8e8dd32fd9f9295e013eaaad36ed3f5a5b313403fd73414cf13924b9966,1764499295,1764499299,1680,97613,,
0xbe256b09a75a3fee23dfcba6a9a488fa0454ba2d6020115e80c440b6aa9f1cab,1764499295,1764499299,1680,97613,,
0xa906b3000d988da9ad9510f89449241b1bece6a434d3d144897e439c440d036d,1764499295,1764499299,1680,97613,,
0x0e3ff82d6a7339a7ee3f574f2e5a3be34423a3e431ba8583cc80cd36d199bd98,1764499295,1764499299,1680,97613,,
0xf6aec25a2d5457738792a6c64e4da4571b47bbb5e7bdbac99f3cf9a18782dbcb,1764499295,1764499299,1680,97613,,
0x6ba359376a40f2539bbda59bd28251581d19a4dacda742157ccb5aad1f7a9e76,1764499295,1764499299,1680,97613,,
0xf668455f2bf8c6e34c84625a86cc063f11535ab4dc0ae11e54210a3d13fa69c8,1764499295,1764499299,1680,97613,,
0xfe0a829eb6045ecb8ae56e43abb69012e0fe5921610c5dc8b8636bdec4b8d0eb,1764499296,1764499299,1680,97613,,
0xbe4fb21e83c28a32d15462ed9d97b5c1fc1d926537c5562ceafc492262a8874a,1764499297,1764499299,1680,97613,,
0xd8504ac00e00c17f6172e1d9324e3e0bc11171056a04fb602f79bb9d2b57a7f0,1764499297,1764499301,1681,108029,,
0x1cf4e3659caf5cf743e1b3f22ecfd5a59dbafa511e80e10f5491e79bf834902b,1764499297,1764499301,1681,97613,,
0xf73b07df7ef984a6d9c523820eea2cc366f9498ffb5fd0af657b963c7d5433a0,1764499297,1764499301,1681,97613,,
0xd16821ae9958a80221ecbad4833c6bac2069c0f9a33efd739fe88a69fc36783d,1764499297,1764499301,1681,97613,,
0x388aea748efc6d9b3217d7f59093231576abbfd6995b76ac4b5971b090159829,1764499297,1764499301,1681,97613,,
0x8352c6892a74eb38bd5a482c6813e27eafba6ab5ff6a1524bb3dea147c99d8ac,1764499297,1764499301,1681,97613,,
0x02b8d60c3eef638d29b42708d9aab16297ceda479b3a0e894857ce41f0fcae25,1764499297,1764499301,1681,97613,,
0xd0f7a694854b679749ff184b0a646d637ed5f2d361d2a6ebee4a0b3692022692,1764499297,1764499301,1681,97613,,
0x4f38ff366d414de69679114101c06cb175ae2313f906af07ffea773f30a279c4,1764499297,1764499301,1681,97613,,
0x4801ba2c8428ee2b63d56a1542892948a543ada972bf894631e49ca05e303033,1764499297,1764499301,1681,97613,,
0xd7585a3a2782c90c83f3d7d5e835111fba2f39679b387c078d9dcf5c02c5a355,1764499297,1764499301,1681,97613,,
0xda9b523dac530c7c159abf8b4fb07231bdac74d2b8bf00dde07677fa6a7fb2f5,1764499297,1764499301,1681,97613,,
0xc322d86d647629096c25defb9efbcc5ed563476ae24d8a72a45c5e43135d97f9,1764499297,1764499301,1681,97613,,
0x459c6a95582bfb4f3c84001c9b331fda15b8414db8269e30ff19a740d8f4512d,1764499297,1764499301,1681,97613,,
0xfb38866db0c85f2ca3106d19be87133aa3811dd78d381017c399045e5cea4eda,1764499297,1764499301,1681,97613,,
0xc1b4d74fd38c5b7fb783cb7f0903368b05715bdb0dc4e381b72ba4ff96204b53,1764499297,1764499301,1681,97613,,
0xfec184636241ec3b0b5452659ee142fd8ca0199b5622a30b0b067a901b268c51,1764499297,1764499301,1681,97613,,
0xe81334821f984338e5c2078d69c18aa58b503f4e3ccb7483ef95cc02a7837cab,1764499297,1764499301,1681,97613,,
0xa3fb77c885c747fc9fc0d99d9ddfc3f43c8b12390bc6d4508bfa81ccc6968ea1,1764499297,1764499301,1681,97613,,
0xc4cec8b44e23c91cfef9f5059b16a72662433b50b3e2441222689eead2cb225b,1764499297,1764499301,1681,97613,,
0xa73ed0f04806503e4469be869dbb2f40a02b5fb10f971694e6ce7b07a8b58116,1764499297,1764499301,1681,97613,,
0x73ca043e286137514c9e7e1a01013266ae7a12b6c879a57e03f253dfb7dc1405,1764499297,1764499301,1681,97613,,
0x7eb56de638ac79462c83ac1cda2562786a0e96cc4c53a47700c100fa312adf3f,1764499297,1764499301,1681,97613,,
0x0cf9b59312646673f347a5d99ee7cd034f53a6619045fe52ce64d4dec14b2771,1764499297,1764499301,1681,97613,,
0xc0e304ac78ae55820322c26fd34ed00a6230424dcb08ebe31d7d3f5169f2ca02,1764499297,1764499301,1681,97613,,
0xd93eb61f143ad96775ccf583bc145b3147a06f4ee65f9e2e5a095e29f120bc69,1764499297,1764499301,1681,97613,,
0x8eba8da4f2155646149ea38ce9aef2dd1389c660c4adafa95f03d8feb67500de,1764499297,1764499301,1681,97613,,
0xef3c51374aa958fec08da8124734b088e8b84945bcf4c4ed96099d69e9639184,1764499297,1764499301,1681,97613,,
0xdb5861ff3990a63a77168cf94b460fcaa7f28bd82e1e10781e84a134115e99e5,1764499297,1764499301,1681,97613,,
0x49e5a16b22b3830c59759460439cf11a18c8dddb493ad201f54687c62e32b7de,1764499297,1764499301,1681,97613,,
0xf4393d421638ac04c3ce4d9bdb4550b341c3bc902b1451db55f21d1b13243cff,1764499297,1764499301,1681,97613,,
0x8c8f2bee562d1a46bdd03120b95bd9b3c43eddcfd6618f3ccc3c3203704c05d8,1764499297,1764499301,1681,97613,,
0x72f9e594c4dd9e1507d51aec40bb8837fd476a7690bd1a38401c4a51551943ac,1764499297,1764499301,1681,97613,,
0x00ce7a70d918026c7038bc99722d90ee1be8c8afac53abd7b14d77db42bba58f,1764499297,1764499301,1681,97613,,
0x52f7600ea0641163d9447f4201637f732ae08e01f5906a8549d2d12d0db79e55,1764499297,1764499301,1681,97613,,
0xae78b5643d53d8582807a1dfebf2aaf0472eff10aa313ca55edfb70c4be9925f,1764499297,1764499301,1681,97613,,
0x025834744a39204bc91253beac15abdd3bbf5775a13f780f1abbdcb123df751a,1764499297,1764499301,1681,97613,,
0xbb5b99600058bf8813955f7989d570272bda6dac4bb9e8b1e159c31543306afc,1764499297,1764499301,1681,97613,,
0x9a1e02c691cc566a2992b60bc7295ca80284385a507cdb9aab7f0b12a3a823e1,1764499298,1764499301,1681,97613,,
0x52fcaf26b0ff22cf75b25073487eb79d84c738dd18117f668046c39670d1fe3d,1764499299,1764499303,1682,108029,,
0xe52b27a23608d42f272c698bb0c5d3396dfb8eeb0d28fb34ca366106d45797e0,1764499299,1764499303,1682,97613,,
0x54c64dafeba23e04b2983ebcab2bd1db87dee63226705c84eef35999e0a23001,1764499299,1764499303,1682,141992,,
0x211cd400c19776f65246a4bc7f6162bc887fb310860d19e64a4ad83cccf2cde5,1764499299,1764499303,1682,97376,,
0x1e1a18f4f26b6ec4e79056aa9810ec83aa18e0a1ad6e5bf6d3386980c0f85554,1764499299,1764499303,1682,97376,,
0x3492ebc5c68fea2deffb2781c235d409cb52dce346cfdcfe6e343abe385e0142,1764499299,1764499303,1682,97376,,
0xb74326e1544c944ee2f1cf64fd716ad70a9eb041f3d44e4ff2beb1aa6fdbfa9a,1764499299,1764499303,1682,97376,,
0x72fcdf4968fa86cc123d59ff728a7ebb5ce01cd415bba45add404de64b882a2d,1764499299,1764499303,1682,97376,,
0xda737837fc1b68aa79080749e09096d43efb26fe6cbd4e19340207d39b8f2766,1764499299,1764499303,1682,97613,,
0x8d5fb782c0065e146917415778c5668d244b82db1d2b5e1f7729d0e006495888,1764499299,1764499303,1682,97613,,
0x1b58f1ddc8b781b7c1f30faaef78b938f6641da31566533aed4577b633f74727,1764499299,1764499303,1682,97613,,
0xe490e082ffb621c9bac9e78aaf584892cb095a7df787ace3c291129553bb51bf,1764499299,1764499303,1682,97613,,
0x696bf6eba95a42d980a1800f8908294189852247c762eb4cb10b25b3b6efa6b2,1764499299,1764499303,1682,97613,,
0x64c5b057a208e9a12c53c1390395b3cf78fa116eef54a268a9cb6e5bc37c1ec7,1764499299,1764499303,1682,97613,,
0x9ec626ac90f70277e42c35ce858bfe31f43ea3e3743b180b75066d9bca86d613,1764499299,1764499303,1682,97613,,
0xe5fc3738b673a8707989a91cd916500c2eff44e92d4698670b8f3b9bb68e6b1f,1764499299,1764499303,1682,97613,,
0x1a51d5d2efcbc36d664bb76521c0c59333080d9e4d067f6aa15ee8b635abb415,1764499299,1764499303,1682,97376,,
0x84f3ca33ed1862f85b509008d1d14b1fc2c39fbbc15ecd67f305c3107746693b,1764499299,1764499303,1682,97376,,
0xbcfbc41cabb5bf0b73779fa6f39909e854b5328579ecc9968ed7b70a2408a076,1764499299,1764499303,1682,97376,,
0x861f17c501f5ee11ea92b9e9462f323121885fd17384dc0af6fff452fca2f44a,1764499299,1764499303,1682,97376,,
0xf9ea66bac20993203bf991fbc7dea34c21343b46d644a3d912ecadeb8c936af0,1764499299,1764499303,1682,97376,,
0x106e2b0b38a9b605e05d7d49f02a62a454b3ff48dd63c79153bec3635d149cc6,1764499299,1764499303,1682,97376,,
0xc064770d4198218a9610cedba04d8b08d60d2bb1fd5ce1ce5762b2277bb0ca37,1764499299,1764499303,1682,97376,,
0x26d4b707f7eaf67bdcdac83c8b6ce63d0ca4f4e8f03b6d29db810e099c8a8c7f,1764499299,1764499303,1682,97376,,
0xd38f3cc35f902211b7931c038bea04499f4cab715f1dcbb4ed6a256ef9cd08ef,1764499299,1764499303,1682,97376,,
0x50889e61227e52696aa1b0665b76980002481256844ff86e1b6a2ca5a19bb3f1,1764499299,1764499303,1682,97376,,
0x9df892f3e3345fbcb152434ada09b59ec908d542125f3b4d96739860292cfc9a,1764499299,1764499303,1682,97376,,
0x32906b48b0b5f48738bcd2eed9e129d70e27576c732d171e300ae7aecaed324d,1764499299,1764499303,1682,97613,,
0x9a99c52886f7c2a64de492bb90644141bd5f3821415623a396094b71f10b1a31,1764499299,1764499303,1682,97613,,
0xb8483f601538e89aee470a8690618c8913e8a453fc4efb7518100846ab46db02,1764499299,1764499303,1682,97613,,
0x6b02557dfa8613f578ae98174a1d5d92d5ada1ce8bc36c0fc85b7acbc4d38e4c,1764499299,1764499303,1682,97376,,
0xc83865b4ea92dc1dad98470b7c4d2e047c2e54ccb814f647f3c0ff51d94d8dd6,1764499299,1764499303,1682,97376,,
0x9631f1a4742798dc550c0daae92935a20e8329dd5c2cf74a3019ec54064c9ddc,1764499299,1764499303,1682,97376,,
0x3e8781880833e296dde2b9895fb0be939ffcf79fcb1ef566bdb8d062e73a37b0,1764499299,1764499303,1682,97376,,
0xe0cc7112c3d6e5a1f0cf970be03f339d3e8942fccf3b74f5726bc46b039bd192,1764499299,1764499303,1682,97376,,
0x64808bcdc0c20cac5e7a720f0deb5a4a7f45823104c8c042ab7024c518d3ed86,1764499299,1764499303,1682,97376,,
0x6cb4ba6a6730b9f2c775db6d0a318b3c29b58f1720b2d129e864bf74b7713b09,1764499299,1764499303,1682,97376,,
0x12e24d56c47e5155f8cdf9a24ef6ee7c9272f9366d6df182235ace2cefe64cfb,1764499299,1764499303,1682,97376,,
0x4d597fe7ba2bf0a61de393af0e4b12467e70b13c021053129af6d87f604d38a9,1764499299,1764499303,1682,97376,,
0x486cb04480733ad270ac82d9c0e37feeca9f5a0ae1f8206ebbc2264157dfce90,1764499301,1764499305,1683,107792,,
0x9eb12a916ed0a1cb6a12769536be072fee4671e02de29578fe25796d7da2d448,1764499301,1764499305,1683,97376,,
0x17eb7c908097048d9f10583dab6e34520669be913aae59209a5f8fc0d6411df2,1764499301,1764499305,1683,51234,,
0x58bbee48244b6d47ef8c0ad75205a6f66f1ecc947ce3e7f6a20e2d5fc9408244,1764499301,1764499305,1683,51234,,
0x797299423e3b18b7306a49c1ff7b504f93668bae348c8070c7e76750adb7439a,1764499301,1764499305,1683,51234,,
0x6f7240c3cd456890ecea30ba6f606abf9ec7a3052512b03399a88648a58172e4,1764499301,1764499305,1683,51234,,
0x94d5848ae8577835e7c2903e12a879822eba77967e3f51e3d0c1939e118c5207,1764499301,1764499305,1683,51234,,
0xbceb70d2c7893da96bba468c3b2d6488cf345018d89c7021e9224362ad31a12a,1764499301,1764499305,1683,51234,,
0x98641f791c5494d55755babc85e7ac9f0c1977e82f72f6a92ec3360a79f5ca50,1764499301,1764499305,1683,51234,,
0x5f11911ae905517af33b464af1dd9013a3ac9cad338212feba15863cbdf047d2,1764499301,1764499305,1683,51234,,
0x8c4c607da07c39eb457b3dc184bf83b41b125bbaf413a45204975367d4171395,1764499301,1764499305,1683,51234,,
0xfa8972acf09183a1a17e0a4acab42df3b77ca71d134b9ec4bebfbd14e7ecf5dd,1764499301,1764499305,1683,51234,,
0x9834ef300f12c77916e7fac377d73b841fe4bce6eeffbfbb500e7f50e2afa4da,1764499301,1764499305,1683,51234,,
0x345971dcab7d2cb39d9c1ac0a6665b32756279e01c7489027b9aafa8edb21631,1764499301,1764499305,1683,51234,,
0xd82988d28a08c31d5b332c5d64ad69c568b6a474c7854ba427f502b78b83e14e,1764499301,1764499305,1683,51234,,
0xf70d3d29eb49a2c14bc98d82b03500fb577502b09abe7c7e4d807e79020c5565,1764499301,1764499305,1683,51234,,
0x86953b7682284d866599a93080558413a9a5d4b9078ba5dd5eeadd08b1717ba7,1764499301,1764499305,1683,51234,,
0x8e866465be2eb1170641fb5d2bfee77be2ab74b92b2f9c784d27204b2290ef09,1764499301,1764499305,1683,51234,,
0x05a6453833db30e8f9bd753336b4837bb083ecd8a63138897916fdd220af14fa,1764499301,1764499305,1683,51234,,
0x2749ff7eb3c4b204caaed6304717db4f431385228911912f9e8e95f6b67e1d01,1764499301,1764499305,1683,51234,,
0x0c4316ad739f20d4d77750396db7bbae8ab849a8ab01355cc84dccb36216c134,1764499301,1764499305,1683,51234,,
0xd017bef8c7c39e550f8faec2485fd15807bb51d406f834b9ab5988cc2e352847,1764499301,1764499305,1683,51234,,
0xcd0c8b56eabe6cc1cf8c9c78a27a8d27a2292cbc202b17d6c520bffa32a95596,1764499301,1764499305,1683,51234,,
0xcec5da2276b55f63292dd5fc044b8892dbc6a66f4f61d85e2dd8c93448ac94fe,1764499301,1764499305,1683,51234,,
0x1d25409a82a22d28392de42f492d66b7f714ce08e6451cbbbb7f48172b914f5d,1764499301,1764499305,1683,51234,,
0xe9cdba845de2c81084ffd64b790a046b80039ea7b8c5f783ce6c8e4404297e9d,1764499301,1764499305,1683,51234,,
0xaa578fd3025796f79e0b20d42f7d2c68c7327fe51efba862cf2875725dcc467c,1764499301,1764499305,1683,51234,,
0x7e6522497c4958277ca701cdc6abfa5c2e306f44f7cafd3be7d28167eecfb54d,1764499301,1764499305,1683,51234,,
0xb52d8978025b6f02522c282cfadd6d3416b35d3ef3e9c013ea3abcdc2dbb58f8,1764499301,1764499305,1683,51234,,
0x51ef98e1376f6aa87a47e0655d9216c27568632633687340723a2fc66bb73f7d,1764499301,1764499305,1683,51234,,
0x792c5df5a5f3e26e60c8e47e748ba79bebdfbb10d334fd4bf0dc5edd0afa05c0,1764499301,1764499305,1683,51234,,
0x893ee6621cacb35b27a62f180a74e324f14937ccbae7db5908d0f014b14757b9,1764499301,1764499305,1683,51234,,
0xbeb5e08d57f495bcf6ed1a954b0497394199314ec6bf40845a6205fe793ea431,1764499301,1764499305,1683,51234,,
0xbd6a312629d0077b04f804c065a12eb2920a7ad900ef9fbbca7f140ea7be95b5,1764499301,1764499305,1683,51234,,
0x45f26251082d9e4ef7393cec8c02783f9be7434a8e4f86e3b85aa8642b0366ae,1764499301,1764499305,1683,51234,,
0xdb2a7fa365076f482c9b74877b0242af75e321b43a4b848b76404f555c2e9ec7,1764499301,1764499305,1683,51234,,
0x93ed7f3a4518e4374e279c4c744cc7acf2fcecd601d6142fa93722890773517c,1764499301,1764499305,1683,51234,,
0x3e461c623088a0cacaf72c6a3714ad8b17151b1371a63e06b37c2bb799fe46bb,1764499301,1764499305,1683,51234,,
0xf85324fc4ce97e4f5b27f7a7f86310f5dcb420fe04ac5dc08a588fb8c3375fa1,1764499301,1764499305,1683,51234,,
0x9806fe39a6d782a08d2b25f9c071bde6f70fd9fa9df1a5c5a76d8bbfe4a057e7,1764499301,1764499305,1683,51234,,
0xd9e01f189bd4c7e492201278d4f031c9aa82bd187e4f4cd53364cff39807566e,1764499303,1764499307,1684,51234,,
0x36b6ead6099632c02172a1e4bcc7b95eb1b643e34353d003f152435a6ed0050d,1764499303,1764499307,1684,51234,,
0x6612501eabe22bec0f0bcc63dee420efd14772465e10fbb72349d035772478ab,1764499303,1764499307,1684,51234,,
0xbb7fd8157621fcb7be418f86430d57b06791cfc2de988d0ae8b61fd0c2fda4c9,1764499303,1764499307,1684,51234,,
0x57b61701225edc5f2bf2e976f1639abe2b767d33b6e05a369cbc491c743bc0ad,1764499303,1764499307,1684,51234,,
0x5a5a8dffc01beca89c2c54aed97142bc298acd708fa6d26ac9232b9ecdbb28f8,1764499303,1764499307,1684,51234,,
0xcb67c227eeba1eb8b899faac8a2d9f99d5c2468527cf61d8c898386d7ba0320b,1764499303,1764499307,1684,51234,,
0x1c299fbee98007b0e942da263270909b9ce027e99502db43e97dc26d9d2f33ec,1764499303,1764499307,1684,51234,,
0x8d768935052af003cafb927bf74f382412d96edead966e634f700fc83970afa0,1764499303,1764499307,1684,51234,,
0x814dd6a693299bdddfca1667a232123349b33928c49cc9a07f6266ca163af6f6,1764499303,1764499307,1684,51234,,
0x818eea6125afb25df7ed566ed3694ea462fc32cfa20dbbea63a5a05a51c0ff45,1764499303,1764499307,1684,51234,,
0x58677c4ea41fe54793c79182477144eb8ea4200506eaa15c3f24898874910eb3,1764499303,1764499307,1684,51234,,
0x397f5c745f8172592eb544815d4e73430d044841153147ae2f7519596fde54c6,1764499303,1764499307,1684,51234,,
0x4e887e91263b8acbb22bf1799b5c724c5527dabe4b70aeb150ac7151a1eba38d,1764499303,1764499307,1684,51234,,
0x0aa376269e641bf9330e5ea21913c404c1c4c065184f7fc5c94b1b6cd697dfe7,1764499303,1764499307,1684,51234,,
0x64d03585ec6a0bc75e17af83201607b5eade854449a2511aa7a6e5351a051228,1764499303,1764499307,1684,51234,,
0xf4b67711c8f2b769f776163c5361cffcee0687a49da4c8420c1ed4e7879f77b6,1764499303,1764499307,1684,51234,,
0xe9fad631e7459ac69162042e1470bf5974000cc35cf4013238c4944a34cac3e1,1764499303,1764499307,1684,51234,,
0x62422d74441e88ad08229e71e82c4360ca3cf23fe98f3cc09d573cba3a8aa406,1764499303,1764499307,1684,51234,,
0x3c45bbbb63cccea43cd2d5c969812c23493633db6eae259746db29d9caa73218,1764499303,1764499307,1684,51234,,
0xd9deeaf6350d35d88ae8b6473b62ed2d694d652a0c7635a1bf69916043620e8b,1764499303,1764499307,1684,51234,,
0x3be08c7a1e9b2e6913686a0509bc11ea47706b81e84cb4ab46cb3473e2940ad3,1764499303,1764499307,1684,51234,,
0x775aa18659cc064b96d8389a2f546ac271ce4b9cf569186ad294a1a531d1d342,1764499303,1764499307,1684,51234,,
0x2f7e7bd6c3b5ed11b5f9addc931765bbc5d7418290e54ebf3cb924311087e902,1764499303,1764499307,1684,51234,,
0x65787cbd59c072f4882c19302d030ec188a9eee21ee8c251dc79b3cbf27f7e83,1764499303,1764499307,1684,51234,,
0x3c9732b85caa99054975baa96d90ce634240ade760bf922003d4ce3435781d89,1764499303,1764499307,1684,51234,,
0x91e60fe5b783094186bee1769c42d11dba69494a9d1c19eab5832ccbba2a7331,1764499303,1764499307,1684,51234,,
0xe315c9a8a876b4123bd7db08874e51f79bf6491c457f8fb8ed18265bf64d2eb3,1764499303,1764499307,1684,51234,,
0x1678504f06ca1a32dcbc69f7cd39bc39fd3657dcf8a431c8ddd8c614d1bef9a4,1764499303,1764499307,1684,51234,,
0x4a6e999519692ead492dce067632016bbd5c6af2048e1b67d06c49f7b3b7515a,1764499303,1764499307,1684,51234,,
0x7f5ff497367a50e5276f0bd671f56b33d10d893ba4bee0ab8f9dcc69c745629b,1764499303,1764499307,1684,51234,,
0x0fd650649b785d7bc9112a3cc35d58cf98765f3d509c184badfa02f55fed7158,1764499303,1764499307,1684,51234,,
0x41af218a3aab6267e0c118d2a974e251398a8b11cff466e826d4ac757d6cff44,1764499303,1764499307,1684,51234,,
0x2f749aa6b0b3c4b6304a914988999331ec334d034607bc7502286579b6dc6535,1764499303,1764499307,1684,51234,,
0x0b7073dc6dab6361dd4d957de62083779d0cba6605ea2b0be7d368778bc0f416,1764499303,1764499307,1684,51234,,
0x4d4919644063c40bf7cba7298a9536371190770be18f3f07f85a15372288ac70,1764499303,1764499307,1684,51234,,
0xdf555907d2c41370494d1e1c4b8fd09c87e7dd003a9d98819fed504ba5264947,1764499303,1764499307,1684,51234,,
0x4d368fd7434f52f975a6c8d9cb369814cad3b3837c1b5c2b6826238cff1bc40a,1764499303,1764499307,1684,51234,,
0x8085251a03fa3619a53fd3c3a6bd43c400572678037f082c8ed5466a504383f9,1764499303,1764499307,1684,51234,,
0xb334351b470c0559b1ed62e94eac678b2c5ff17211295b9e154ab3badc39bf29,1764499304,1764499307,1684,51234,,
0x91e27e7db08024671d1409e1b97f13f8a27610f701a89b2d64db7f46fd600b24,1764499305,1764499309,1685,51234,,
0x67859dcc6797ff098a23f1a20157b17c058947c45069436db0a1747b974b88d8,1764499305,1764499309,1685,51234,,
0x27b45cc05f9a4274015812e422435e6688128e8da192c5696fbfc0d96685af99,1764499305,1764499309,1685,51234,,
0x5ea7143fbd22564dad3e5261b937c209df40e28e9ed7eb21d24300b4463bb5a2,1764499305,1764499309,1685,51234,,
0xca3fcc4e6ed74e6e144a8f5a762b408229be4a0c9f5e9302b348f523c20edf8a,1764499305,1764499309,1685,51234,,
0x5e4c0b930b1b6560f235c6d3c207118046f7b58381b7c7152fc49c1f77b1085e,1764499305,1764499309,1685,51234,,
0xb0ae5281ceb662c581e3a626a9d50cf8bafb6514057b712a4e089d6e149b8da4,1764499305,1764499309,1685,51234,,
0x17f66cc0a59cb66bd577d08349a6d83563533792b557af4f546bef750d5d14e4,1764499305,1764499309,1685,51234,,
0xcaf2678c284801ce7971b3ccfd3fb56cf0e80ce025554fa5c55b0ffb6951263a,1764499305,1764499309,1685,51234,,
0x8e41cc1c8a67486e570b507685c77fd452bdbc67271501148a967adcd85618c0,1764499305,1764499309,1685,51234,,
0x82b755a0866d1d37bfed9e30560ab75b8e7c649bc5e09f5c62056e99a83e1da3,1764499305,1764499309,1685,51234,,
0xee20fa26133e3d24d1d25c79a0d5d02eac437ce70679ee15e0ca3b6df1dddaa2,1764499305,1764499309,1685,51234,,
0xc70ebe8578e642a40cda5ac8942a11d4dfd665c103c6466f714f23503decb40f,1764499305,1764499309,1685,51234,,
0x8990d2b4be7079e7f4d53690ebff43ab1ae1aed5c5cacf3178d2269ae3e1c2a3,1764499305,1764499309,1685,51234,,
0x69ed5aeb33ea423cb6d41fe54a1554ccb88feffc8e1f2768cd5798b4a97ba7aa,1764499305,1764499309,1685,51234,,
0x32e1423857d24daa52f3da0a37212b1b4016c8c2de59d2836f889336d712fa14,1764499305,1764499309,1685,51234,,
0x2e1de72c063a0f89ee453595d469c25f70f878ceb4a292265ad6681fd9509a75,1764499305,1764499309,1685,51234,,
0xa5bf87ce1cf43679f4ad52a4283defae54f7b49c623ea5ea9099ecff2ec60a20,1764499305,1764499309,1685,51234,,
0xc63848a453cfa0cda10174c40c01f664bcd6b901469e8dbcc3b2978e900d35dd,1764499305,1764499309,1685,51234,,
0x6f8e23a19ba586b29380d357f1948229b075e9a06f93d32138fa836caf0c1462,1764499305,1764499309,1685,51234,,
0xa4b80af5cdf6554e2334baa6e20d8b287b5430000b97ad1d68c1371b61047440,1764499305,1764499309,1685,51234,,
0x727894c7cce0ccf8dc1bfc14161f85b50006af1607c83635c781fd1bd5ec2921,1764499305,1764499309,1685,51234,,
0x822713100e70ac3920bd1b0c28f22ddb34e48333ca0e7f936423c49ac60408fd,1764499305,1764499309,1685,51234,,
0xf892339e8cf8992587fef99fb2beeb6a3d62701142ec7387bf64dc170c41be52,1764499305,1764499309,1685,51234,,
0xed4957dd20b87bb7f2290437ac04b4b2427ab3f216d8ad5fd9d8be36fc27d935,1764499305,1764499309,1685,51234,,
0xd5b55e932a567b13a99adf42b4c9b17731c1d71010543a6f4a9330d0443803bb,1764499305,1764499309,1685,51234,,
0x6ac2e23f69edd01b877a72333aca005b14949d0454b528efa53d60d50ed373f1,1764499305,1764499309,1685,51234,,
0x857b41b64211fd513fb07071f3d30cc966a10220de5698b693efbdbee93bec22,1764499305,1764499309,1685,51234,,
0x872114f38038c009937c833954c47774795b664a6cf0e00ea8d5bb0379750ce5,1764499305,1764499309,1685,51234,,
0xb0331116cd3eda63ffd5beb4618ce39e9ba366b21b62c39c08bcf02220fda91f,1764499305,1764499309,1685,51234,,
0x34fa77339dda64563d5e7c8597dc8ba317dd3a09aa8770eafc3a2fdc56a87ff7,1764499305,1764499309,1685,51234,,
0x802275c29c94fc227d79a8cc6229fd0b0f42bd865bc5a6d580fa5c96220a9cb9,1764499305,1764499309,1685,51234,,
0x5b5085485d2bd3c3f6bf37d8f271d29ef454746c1c9922b0b8c5cde5cca525ea,1764499305,1764499309,1685,51234,,
0x72e85fb4b618b53e9d8158de9e3656f4c1c54cbc53b249b5dadb21890d9dbd58,1764499305,1764499309,1685,51234,,
0xa7fea440412e26e2452fa877cf83ff305e19cc944f133eba89eaf073af8f024a,1764499305,1764499309,1685,51234,,
0xaf00b386ea9ad41b90516b25aaaea48c49eefc61c88956b9eab925928f8f052e,1764499305,1764499309,1685,51234,,
0x58e4fccea8297c1784defc702710059b2281780843edc09c3db7c55494ed3dde,1764499305,1764499309,1685,51234,,
0x1ec58886aaa6d64f1eeb4e34c3b1715da60458af98b43d522ba3d3be9ffdb9e1,1764499305,1764499309,1685,51234,,
0xe9f974d4dd2a110526fdc9df29166c090b9c9cd8ef649658340750cfd035d8c8,1764499306,1764499309,1685,51234,,
0x94a6c47acc573cc117080b046cf7874f1b809f4cbaa9baf68d4c9557edfe61e8,1764499306,1764499309,1685,51234,,
0x0d1368d3bc6f632dc9e27b919c8245154a7d0e16ab5fa1c7176b49ed912b722c,1764499307,1764499311,1686,51234,,
0x306fded7a3dbbc27d99ec228412de637a188d07802aecc86c262f3dff8781277,1764499307,1764499311,1686,51234,,
0xd21db386959ff984664ed613a78647778ec1a393f3e9689712fee6ebc1c09cd7,1764499307,1764499311,1686,51234,,
0x217c5fd4749f18e591988d5905f8676c9994f764d65d92cd2301d9bb4badec85,1764499307,1764499311,1686,51234,,
0x2bf97c730c699fdf0318a6edf345f5a45e2e4ddf39e14de742aef541753f42d4,1764499307,1764499311,1686,51234,,
0x31878ead0250692a66c2c35c0a3800aa41602f7fec854db6064c2c6087333e9f,1764499307,1764499311,1686,51234,,
0x4ae5a6529e8d85634fbd7cde9efadc93087466408447a4450cfca0d0decb4214,1764499307,1764499311,1686,51234,,
0x16af644e83a7759e3a5ecba64539f50d34e09d24df3f2df2dd7c8bff2928fcc7,1764499307,1764499311,1686,51234,,
0x9737354a334fc91847dd55ba27a94637a3f4a4ceb69b2be73e84b94828be143d,1764499307,1764499311,1686,51234,,
0x6979ebdbf862f784e9d1c37e4c1d84b809321812a0255ebc72350058b4c3a38e,1764499307,1764499311,1686,51234,,
0xee0f97100f02ca1dfe8e63f4344e6ff264c9b2f5500cabaac3ae6901c6e8f795,1764499307,1764499311,1686,51234,,
0x5245b401260bed610ee504c75f6935dd1a08b01cb08218f42703b6ac46fe2574,1764499307,1764499311,1686,51234,,
0x2504c4bf7eda02b29acf0e3b2aac1f2b11f9886a6d1168fef7fa92d6708d6247,1764499307,1764499311,1686,51234,,
0x03edee2dbafecd152c3e0018375e46864a18cf89aad8648639a3f7c68510c51e,1764499307,1764499311,1686,51234,,
0xf9d18205a127b7e81186b13919b921a09bf4e6c7e1175ec8698c18417e0e3b1a,1764499307,1764499311,1686,51234,,
0xe3eb3b3f46da34d842e72bae6f50154c8c0db635b7dd741b61518b18fd225a31,1764499307,1764499311,1686,51234,,
0x1003d2b2f8eaa9823677a10fb1744a77c9738bd2380eeb5bdfc34ceee18f7c4d,1764499307,1764499311,1686,51234,,
0xf64f6669ee1692669963a21cb1c358c830e25ac600e2442f14bd234ceedcc583,1764499307,1764499311,1686,51234,,
0xe12dbe909addb3ecc696fa694244bf4828dca9943274663360e0910da8f54843,1764499307,1764499311,1686,51234,,
0x5720051577406315003ffc12fb2abdfb32e95984094988aaa359dd67ff4b21ba,1764499307,1764499311,1686,51234,,
0x00d4e9818d96272dc8597be3023ec06ba27f1605d537eef4c19a98468cb83ee7,1764499307,1764499311,1686,51234,,
0x9584950cfff168fe4d25424a6ef1a0a8c37d9e245c6d25e38ee39fbae01876b3,1764499307,1764499311,1686,51234,,
0x983737b8c61c115c320cdf26b0c1d9447f5877a168d62d01c9242c83355743bc,1764499307,1764499311,1686,51234,,
0x632c8e610a5b46d8a744807ecada4a824e85f83f6fbc4e6e1e178fcf7fc8ab87,1764499307,1764499311,1686,51234,,
0x5e83b910c6722418748c3e210a7d6a29ac1b7e67ec305c53a1d151198d5d72ec,1764499307,1764499311,1686,51234,,
0x4b97ced952f199c1a38b67bffc1d548207f25d8f48d556a232388df8c16795c9,1764499307,1764499311,1686,51234,,
0xd8b107ffcdd6cf974572b6c80a07aadc02850eebc71568300dc01fbe6d217859,1764499307,1764499311,1686,51234,,
0x43ad4db8df4b5214d06a4501f235856f4c665e36eb8353d4bbeccd2f011512fa,1764499307,1764499311,1686,51234,,
0xbd5aaa6939f6f781dd2773748e7aae72cdf39ba369d2abe8f67b2579e5c3455c,1764499307,1764499311,1686,51234,,
0xc6ee1efbb7a19b56f010b2fdcf7f4b7166c8309bcf7d1cb51ee7329d80eec6c6,1764499307,1764499311,1686,51234,,
0xfd168f8e680890b7966d4ee620dd0465eb887eb1a12debea63fad813f24acbda,1764499307,1764499311,1686,51234,,
0x6708bd76f9e09a47fd3fb05e7f2c066dfea3684c321435776e811b236cb96653,1764499307,1764499311,1686,51234,,
0x9b293f5cb873b336c354764899dd27d748644a61b5b510aaf58a79553682b828,1764499307,1764499311,1686,51234,,
0x64ae8b4b46ce8101b08bca8a7de3f63b514486a31800da140ecf608bb2f4fa9e,1764499307,1764499311,1686,51234,,
0x913c83af479f78b3dfd95f8dd8d7c88c477e3a610686f7425b03db95edf0cb47,1764499307,1764499311,1686,51234,,
0xc1047f21edbb41783d8edaea714c4bc33eecacdb777de9a313d2f50ceaffa67a,1764499307,1764499311,1686,51234,,
0x779488165070e3e505f2319b1dcc4d4009e62b78b90e5acd03c8908610bb0971,1764499307,1764499311,1686,51234,,
0xc9be71d728062ffb8b1624019019251ffd42388aa55b9f9f30afdf0dd531e40f,1764499307,1764499311,1686,51234,,
0xfa601e8f35def4a9756d541a54d475295a8790ae12647521c2a02f417b097f83,1764499308,1764499311,1686,51234,,
0x2043da4070ca575804c13e14504388cb745cb985fdb17ca0d32819827388fba7,1764499308,1764499311,1686,51234,,
0x379e4f2363e8a83e8e2d792f198570a6c50693e8f28f9a9056f6a97391ce2417,1764499309,1764499313,1687,51234,,
0x5a29db8932468cfbe03691771aa86edfc36c6824efc02dc34d48adc7fd138894,1764499309,1764499313,1687,51234,,
0x8e1bedb3f82ad009950947e9816396f275da5dc9219cf586f8c49b9fd7d72fd6,1764499309,1764499313,1687,51234,,
0x46cf595299702ec7cb8f4bac35fafb53cb8f70d2c4062a3bf9161db2aed20a4e,1764499309,1764499313,1687,51234,,
0x5be03d67b8947127afa46817fc09ec249711ab6f74ab9d7b5ab22e4c24305438,1764499309,1764499313,1687,51234,,
0x455428ae4d4a75ccc17df0b3c7f4e4eb5b8cdafde7fd18241d5194da1cff0be1,1764499309,1764499313,1687,51234,,
0x1aef42db5b8b2da966d6f8847b26a8fbfa7bf5f85517778246b70adbbec4f630,1764499309,1764499313,1687,51234,,
0xf6b7cd86060d83b12c4d3004d511eb128e3057de9195e8f36decee99379bb423,1764499309,1764499313,1687,51234,,
0xd068dc95840e87720b33986fb1f9595a9913f17442a3ac8a20566861de7d5a27,1764499309,1764499313,1687,51234,,
0x2ec4ddc598cd3a3f43d0637d6ca8c678d77a8e436173618bd9b2f12d807cdb23,1764499309,1764499313,1687,51234,,
0x6db0a207747e917fd662b87e495b9da46fddc790db89db4157d05dfcda636eee,1764499309,1764499313,1687,51234,,
0x734be02815f70eb8866c3664830595594510508a5dae5363455c55cda593a905,1764499309,1764499313,1687,51234,,
0x0d8db344622a2781e80966561719ffc11a2e6d04527cfd8c5df9409639a28a63,1764499309,1764499313,1687,51234,,
0xfdcfe703949f6bdf5dda90fa327465bde4b835d398f043e78adb9dc52e1e71c2,1764499309,1764499313,1687,51234,,
0xc69ff139375de1f3c3b03f704c4aa2f335440f47277277f5a59b1801ad470503,1764499309,1764499313,1687,51234,,
0x211a664ac902bd4487629afcea1c8aa1cf4b6f05408f9c3333aedc184ba76573,1764499309,1764499313,1687,51234,,
0x4b3479b6336587976ea0aa19331560654e55fad3a4e102de70efe2d3e9ba8687,1764499309,1764499313,1687,51234,,
0x613b0dc9c33961fb87613f8a2029aa2c36a309c623ad89cd6185a3cffd76c2e8,1764499309,1764499313,1687,51234,,
0xbce012152e596ae0749979649e87cddf1cb32f99de815d11675dd13d7c001439,1764499309,1764499313,1687,51234,,
0x16c826f87cb5d149c6c76987a1e4b4e854d65ce9a1e60db8769355385c058f80,1764499309,1764499313,1687,51234,,
0x5e58cdd14e12437f1c1a5d8a49ac4dedb763fb57741a0404386d3c62705833ee,1764499309,1764499313,1687,51234,,
0x8f79bc079d9c73544750b9b1e41aa63b037ef952ed71fc7deaffea57bf4384f8,1764499309,1764499313,1687,51234,,
0xee85813e74245d25e211ea783d9e2191cf6bedc6a1952b211ce45d29c3373c6a,1764499309,1764499313,1687,51234,,
0x6895364295982e3c9060dcc6e1eb9cc76523a5719e767ac541c7587d28815522,1764499309,1764499313,1687,51234,,
0x045f7f903b838409d8eaa18f94530ed06167885a22cdc71b6f5249a34715c012,1764499309,1764499313,1687,51234,,
0x2d0efe9d02a7bc67215be1c2399ce1adf42326ade61140c6864eca298c69379e,1764499309,1764499313,1687,51234,,
0xbf192fb29e9ac7a380b198cfee8512bfe7ca9f9317ffabb8800856a14e4973d7,1764499309,1764499313,1687,51234,,
0x061dfd4f2d5b3755e74e859ba8fb143ad7b54e563c579a81f45dc05311e48738,1764499309,1764499313,1687,51234,,
0x7536c67be7305d26d40a4827ed4cfe9f35e191ff854f6c7e4236588d11461ed5,1764499309,1764499313,1687,51234,,
0x37ccc156831440431317670a7f8c0654753f5ead252e1b6f7c780aec08eeda85,1764499309,1764499313,1687,51234,,
0x03c6a59b3704c2dcf1e5b47e50a4cec936295a680706e4a19835702b13661ee0,1764499309,1764499313,1687,51234,,
0x7f00d1373e3fc1d3f7bf0bb2a6cdb4337953c01a77634bb6f96fa0b383bc067e,1764499309,1764499313,1687,51234,,
0x44b00afae7da938402b04ceec97aff49feb9aebc745ed2adc5ca6b2c47874cbe,1764499309,1764499313,1687,51234,,
0x91b18c53f12a8ab36741b41bc0e098a0c1176cc1f24a62946940929ba40ff353,1764499309,1764499313,1687,51234,,
0x29416dc5984b19eaf1b5b76d6ecbbcd6a5f747a1f6f6a2d7fc2255b59c3a2d7f,1764499309,1764499313,1687,51234,,
0x991879eb0b896edc34384dd21bc55a46f178a3c241ad7fc46be1ba96036789c8,1764499309,1764499313,1687,51234,,
0x37f487720254f2c4205436c5f5a56c96347e3058b8626c18fb4c76de97e6da9a,1764499309,1764499313,1687,51234,,
0xb687c4bbd314068224b3503a882ffff6842cf7e665b4e4cac0c8d3283d3643aa,1764499310,1764499313,1687,51234,,
0x658904628d0a3978a69c6994155452a0bafc43cc3a0fdfbba326a5228ea7adf4,1764499310,1764499313,1687,51234,,
0x964dc6dee407e3a29bce1a36a8e8fdfe0b4688cc902fb67a1c852d9f73829f31,1764499310,1764499313,1687,51234,,
0x39047db5f20c5aaf09c8cc82ef63554532cc55064406e0af55ff7fd70d871402,1764499311,1764499315,1688,51234,,
0xd5f55080cf9b6782a5dd861a5694d109f73654b977861b24b3b85d52b64323e3,1764499311,1764499315,1688,51234,,
0x889c03606191b6d63f20b7d54fd4af2759d5cd19298ac214791c9fcd4075b1aa,1764499311,1764499315,1688,51234,,
0x1f9475a129d6d1456a1a05e8e007ecde18060d11879306f54a06d24b83c24e15,1764499311,1764499315,1688,51234,,
0x87edaecf28b7bc9990fb1aeb683c656a2d9cafa0cbef145c61f1c10c38bde7dd,1764499311,1764499315,1688,51234,,
0x46a73f60a75b2b6003247f736c76ccac648ed39c0045fb8edbe547bf7e8cd72e,1764499311,1764499315,1688,51234,,
0x07f088bbe72605d04ab8eae0112796fbae4814130e8319fbcf1c9fb45ec76051,1764499311,1764499315,1688,51234,,
0x40d279230afe6845518953fa44fc49ab6fd76d38ed9ba6d81b14f6ac0878b7f0,1764499311,1764499315,1688,51234,,
0xb8c55c77dd699b6f675c94a0b595043e445ff6abf345e7e86c6d3128c5447381,1764499311,1764499315,1688,51234,,
0x6a55895281fe5b2c4b968bb5751c725e5bfdf5df41ade359efcbff341705c1de,1764499311,1764499315,1688,51234,,
0xeaf26da6e4a27c62c5c21c144edf74120bb4a8e9a94a3fe0f60743459d8f4e0a,1764499311,1764499315,1688,51234,,
0x62eecafd880f4a662ff423b6e324aa6a044c25716cd484665b6a6bd034b543b1,1764499311,1764499315,1688,51234,,
0xfb87f17d3fe62d2ff36954940cd8b011b92f5245a37820cacfde3159c8a560be,1764499311,1764499315,1688,51234,,
0x7f86a9ed76c5ed94ce9dd39ec49a1c2cb0a59c5e83a9ebcdd22c9ed76fffb6a1,1764499311,1764499315,1688,51234,,
0x9ba8e702a89e414175bc7d7f7694292eb8a6430e70d5502ce0be0ad83ccadd9d,1764499311,1764499315,1688,51234,,
0x1be40e465d3b22ae36e99df9eda74fbf020064124a64f12c010d93fb763bc651,1764499311,1764499315,1688,51234,,
0x3ea48abdacb471e1c00f6e7ae35669c399f0e9be2a78457c8f7d0e7654b31ed8,1764499311,1764499315,1688,51234,,
0x0aa272a62a091c6ebd42ad74750951bd0076e804f20ed0d8248294d9e0497cfa,1764499311,1764499315,1688,51234,,
0x823f6daea70cec4789bb39dbb72ca6fc3bc820135aa5592d307e7e624e123206,1764499311,1764499315,1688,51234,,
0xa03aff0cf492438b83b91339ea5c7255eebca2c518f4e70959310fcbf4530cb6,1764499311,1764499315,1688,51234,,
0x71f94a73e589ab439dfdfc4f64bb488a0db2c039ffeb9a77715ca1629af0fd6e,1764499311,1764499315,1688,51234,,
0x6f1c1c25dc307fa541466d6520276c590045233815c604fc65884f38d4a872d9,1764499311,1764499315,1688,51234,,
0xa7e7adf39f6baf061c2f16e31958f8d3c90262a05b02e244c312f6bbf80c5880,1764499311,1764499315,1688,51234,,
0x0ef3d4242d853d0ff6454700819fb42f863b1f76703f55156c9ab4d926a71238,1764499311,1764499315,1688,51234,,
0x4ec1e7cac07f56bc19e6a801a3d14995773f1e046190c7521136c9f6cb0f65cd,1764499311,1764499315,1688,51234,,
0x711896003f249a0e9276872360f51bb1816fe8f5940efe6774934cc7070a4d38,1764499311,1764499315,1688,51234,,
0x6e592747c5606d295818d62e0654eff647b761d9ac1ab8d949c9a01d8a0e61ee,1764499311,1764499315,1688,51234,,
0x21322ec075465a2f9f1258f17b30b41ae863e1fdd746a417ca06bf262b60ac10,1764499311,1764499315,1688,51234,,
0xeb419fb1c3f058f50070c93db17af42556f66b559a03141c4b91b1076d6cd057,1764499311,1764499315,1688,51234,,
0x3eaa6df134e36807c5c54f77d397ddd2b05e036172dc89a124b4e6a0e795729c,1764499311,1764499315,1688,51234,,
0x8facf244ee9f35de0ba05349fef0676719c5619ad494cdc071a53c7f04b4d7ae,1764499311,1764499315,1688,51234,,
0xb392510f7e322c3e5f33f84512dfab269296db21036920cd8e3e2ea6b2cd48ae,1764499311,1764499315,1688,51234,,
0x644f78cdd1338864789cfaea0854af8f2453206fd2dc849c43bd03c741ed746a,1764499311,1764499315,1688,51234,,
0x75d595220a2aa37aa27c79ebe575815916d061e4ef995c5278e9a4659b714c23,1764499311,1764499315,1688,51234,,
0xa3c9e10aeab30274a694d4d3a1f1b6d9ad5fe0bc782dbbbbbcea7dd6ea886527,1764499311,1764499315,1688,51234,,
0xb8be3d3f0306aed0dad4427ce3e571e967497e89204310b9d7a8d944966d497b,1764499311,1764499315,1688,51234,,
0xb3a2e0a678c233aa0fc8d41760c1d6af9d41e734f4ef3452c66885a19f0993a3,1764499311,1764499315,1688,51234,,
0x4e3bd536f3eac0db33ae24d964e8c275b8593bfb4ba0baadd80f42e407fcaa8b,1764499312,1764499315,1688,51234,,
0x538821a922010612846d9cabcb9f2c98017382cb699cf59353135cc733228fa5,1764499312,1764499315,1688,51234,,
0x17f86c0dd8c9cd1d5c25f8082c73b9d99d9abedd574efc7eb3c54da2b1a38da9,1764499312,1764499315,1688,51234,,
0x0e454c9150626f737fe369cf6c47e33010497e01b546a4083e2c218034621c09,1764499313,1764499317,1689,51234,,
0xd357503266db5e99b96c351e4bf5e275508a5081b115341dab47b0d13e67765e,1764499313,1764499317,1689,51234,,
0xbd008928f8a692f03aaf24c3fe7f8e3a42c5d28f2249fa3024d5d2dca5567905,1764499313,1764499317,1689,51234,,
0xd85595b19319a4ba80095793c3a7f7840a4d0b250bd56ef71ae6c5dac3cd6c41,1764499313,1764499317,1689,51234,,
0x80fbb6cff8a2953b2a0278b4f3a495a3866443db76896ed874c5f71fb7b12ddd,1764499313,1764499317,1689,51234,,
0x12dc5039bf166e8bf21d1ec6a1818e01fdb657eb10a11e3ed70cd714dd37c04e,1764499313,1764499317,1689,51234,,
0x14c1d36060daba911fe079db646d31b3f6e1294a11a33a31fd9e41413e368a41,1764499313,1764499317,1689,51234,,
0x20adfcda1a45fde6d6bcb9e8524a5663798499d7afcd316c99f5d4aa9f11bfbb,1764499313,1764499317,1689,51234,,
0xaadf961bb17bfef1acfb5b50fa8e39d5248ee2ef7ced1925ff870ffbaf879120,1764499313,1764499317,1689,51234,,
0x0876bbdffc4dcf3d25a834a4f496a0d7aeeb10ead2746256a85abfc490200600,1764499313,1764499317,1689,51234,,
0x1ae6cd2b203446b54dc8d11ea2b3aa960bd2e3a1d9d1223cf92e5ab5dd9342fc,1764499313,1764499317,1689,51234,,
0x9b7e098d4ec77c0c016244b65f0d41f9f978825471bce4f4e79d531a510cdc68,1764499313,1764499317,1689,51234,,
0x586c8d8a6237d84d8ca1a0b9bcaa5e0d77e397cb08a032e614b4344a070cafd4,1764499313,1764499317,1689,51234,,
0xb0eb72dd43ab38cb06d1d295b788f01173f8be714a4a5e767c7d0d512515f0d5,1764499313,1764499317,1689,51234,,
0x550dec02eecfc8f41fc638fe06402bdd35ce9d140ac33bd58e9b21906a767b5f,1764499313,1764499317,1689,51234,,
0x2f88e41f2f17d4e51170ebb36089a8fb7a41571332a97a906b5b36749a9da1ae,1764499313,1764499317,1689,51234,,
0xa7d075b140e987b715f37f7b367a31d5b33c62ea3dc7aa1d0f098324d542fafd,1764499313,1764499317,1689,51234,,
0xb4e9c262fdb7924db2287bc698a274bed46ab47c9cc6fbc30c99b3561bb4307a,1764499313,1764499317,1689,51234,,
0xbf22f515ed55fd5aa3024bb84c783b265458fd109e98d3e913bca1d700c87fa4,1764499313,1764499317,1689,51234,,
0xe4931f8ee49154d42e7114cb44b9ddbaedc69fa99eb419aa2a28b9c79b9eea11,1764499313,1764499317,1689,51234,,
0xb070f292e1c3515716fa353daff73a5098b4f24cdbab2df1cb30d7f0f8512acd,1764499313,1764499317,1689,51234,,
0x554739187531a1ac2f64fbddf9ed99b80aca060d8955ed86bae5f1f8bb863ded,1764499313,1764499317,1689,51234,,
0x354fdb18483c867c8f2a21a67353268ac1df02db4c9a83e736c7179733ec7a2a,1764499313,1764499317,1689,51234,,
0xa20ccdedb1ba5ba5c4ad3ccb8933a5821c3b0973b856cff09ea9afb0c57030ee,1764499313,1764499317,1689,51234,,
0x34f980ea1e8e955d10bfd12148ddd9080bbe284b6c14982251d1d0ebc806b195,1764499313,1764499317,1689,51234,,
0x7da8d92d44592b111a702beec2b0b67399d86b6c5f706fc59c64f7aefbbd16ed,1764499313,1764499317,1689,51234,,
0xd427ee6310dfca7545435f928ae9bdfb235f11ec5211d3debabd8df0d1f06d38,1764499313,1764499317,1689,51234,,
0xcd4f2f0c5fff185fe31bbb82f215d4c930a9daf0c831b13e4e8ee68c967e878a,1764499313,1764499317,1689,51234,,
0x9debad0af95979c38fac3b417484ef75ecc830bcf7569782184a30a7b1b8e7fd,1764499313,1764499317,1689,51234,,
0x6698731efabf265c879300e229c9c1a7e21b92c3a64353df11853625a60dc612,1764499313,1764499317,1689,51234,,
0x40fefb0828b59e74d6337e233e4e7085f06b0277aea2376a4d78df9b7d3b31ea,1764499313,1764499317,1689,51234,,
0x9cc4701c886c10109f2ad9681c5b13ccb28e7fef176d8abb2714481e767f4bd9,1764499313,1764499317,1689,51234,,
0x88854addb9d1ab687dc53c9475c268c13a2487a9f067e68668bbf10e6313e59e,1764499313,1764499317,1689,51234,,
0xaad1908b971466f4eb12fd777c071606215bb35232aafd23eb9bd200dbd9dcf2,1764499313,1764499317,1689,51234,,
0x07a1966d63f2c49d0b9fb1654f109258a7de88f95070b6b00eb5497731e7c4a8,1764499313,1764499317,1689,51234,,
0x2e1a49dc8c9a0ab58367fb444a79e85af5b75e0367b66d832c2c2e2df45446a9,1764499313,1764499317,1689,51234,,
0x88eacfd9c3cddeca159da7ed0214a74f33a1c5974dcad71b940ea8aab156e612,1764499314,1764499317,1689,51234,,
0xa725efb6bcc471ed5a0b9821a9f4c3b676ccaa9b14dcb91f9dd2a2934b4fb9b7,1764499314,1764499317,1689,51234,,
0x6ce072801a14a0ef1a602be617d062587c747ef5bdfd98c0c1642286468c923d,1764499314,1764499317,1689,51234,,
0x4ab603969abe7dc69af43d21d97668e861cc846f95d55cb499474214220ed2e0,1764499314,1764499317,1689,51234,,
0xad018ff0ca5b9c9add71a705e05ab98721e08b718f34b756c84409e78b8172d6,1764499315,1764499319,1690,51234,,
0xeafeb4fbf2405126c0fdaa742f8156fbba5d11ed6331053b7b3e5d94e0abce0a,1764499315,1764499319,1690,51234,,
0x3f459cb0585e0d18d265d5ee0447c1202f3bee7ac1000700c1af8a878deaf8f9,1764499315,1764499319,1690,51234,,
0xb36c4fcd40576c45421a43d347c3958c51ae8ed8778a3d043b700bac1b04e862,1764499315,1764499319,1690,51234,,
0x5477c5a8caf897bd032c51d11c1a63a2f371c7be412f020c35573e14271b0b0f,1764499315,1764499319,1690,51234,,
0x2a86adc628f34a57da5835650d8fc37e9e002c4e61a50422ddcf3b0054c0c886,1764499315,1764499319,1690,51234,,
0x98af766b7d408f50e8951bcca677ea5cc5957459f8631fbb3fe0bc9341f8f20e,1764499315,1764499319,1690,51234,,
0x663a0384ad1c81f7be97712d5cc2c77eccc7b4d1ec8e669f8f0b029e22120dc5,1764499315,1764499319,1690,51234,,
0x87c3223e620f253939fbac65af5ef4e1f083d6ff14b0faf278691ebc1f19768d,1764499315,1764499319,1690,51234,,
0xe46b385c8da45ea45e66dba5fcadadf7931229b1ac6d4bc154ed9c317c11f02c,1764499315,1764499319,1690,51234,,
0x830ea9dde2da248f0c4650f9e4a47fca7a87e4c473c475dd78f11668860f7a6e,1764499315,1764499319,1690,51234,,
0x51ad6078791f4beb7ce7bcfc77e08b460a3a533ea42a6f2ba6df29e2c1fe31a9,1764499315,1764499319,1690,51234,,
0x4a25084b35ef728983193a109880912c8f1eb2f4b23314ef086851fc46b25a6b,1764499315,1764499319,1690,51234,,
0xfd27274ed07364c8ed30bb2081f06f500d2ef3a9ace6dc2d22e60ca8cb155fe1,1764499315,1764499319,1690,51234,,
0xdcc9c7f579fcb839749d68879479d8c47ab51dd5ddeb687613d31caef95b6230,1764499315,1764499319,1690,51234,,
0xbe4bcb57a8c5072348f67e61e2ccd488361c3f43e6052b9f7d1569200ad92b02,1764499315,1764499319,1690,51234,,
0xd0b40b7cdff1c4b5d9ec43c82062a203de9ad7aef661d37db4b357621e641654,1764499315,1764499319,1690,51234,,
0x3eb8cc872befc628aa00db119ebdb852e99b4c293eb79223e9fa25fdc1821d70,1764499315,1764499319,1690,51234,,
0x93eafbbab73fa7ae0e0e7d6f1add88d6343c89d7a6dd8d532335affa29bab757,1764499315,1764499319,1690,51234,,
0x09438540fcd7f4770081b1b464bc15aa9a3426baf66cddb418d2f31111fbf759,1764499315,1764499319,1690,51234,,
0x08b4ccfa02f3ed814a6c7429516141e9a435664f1e433578e6773fdedc3192e9,1764499315,1764499319,1690,51234,,
0x51b61827839eda2af783872b4e6a6d4e4a8c03e0d6e505e2041cb0e086526277,1764499315,1764499319,1690,51234,,
0x0515ad7ebc2601413732284dc809caf2ea02dd21c9116733f5f2d63fbd8718f5,1764499315,1764499319,1690,51234,,
0x8017bc34e660c5cdca9c6106056c9be15ffe9a174f505551dbfcf9544bdf2009,1764499315,1764499319,1690,51234,,
0x7fd47f3c97257bdd7fc729f1b20a59642f3f03b650b1011db4d5b6d79dd5b463,1764499315,1764499319,1690,51234,,
0x91284c620a2681c2c38be79d56ace2e5a7edabe28f8ba86992d4a6aabc7c9155,1764499315,1764499319,1690,51234,,
0xa65928584d0c5a5ccfe6817c9fb544a24a3a535c23f80f1a2ca2db5e12541bb2,1764499315,1764499319,1690,51234,,
0xaea918a459954e092e5515c817e5a1174a71811474cb4a62fc877f09b3428246,1764499315,1764499319,1690,51234,,
0xa072822ad20060611ee114e7a92f9bec89309919e1e1a026ef88ef6fca6e3052,1764499315,1764499319,1690,51234,,
0x6a20a0b331dabbca9211f41c6d705868b817a1bc7ccf2058236e4b1d47cb812d,1764499315,1764499319,1690,51234,,
0x30b4a868e6026761e7f5ee68db7e070b5db6fc314eae61a0f65506909436b91d,1764499315,1764499319,1690,51234,,
0xc1cb032f6f9b7e6b1912989634d55e54f92e6aae1e8b5116a600075321da3505,1764499315,1764499319,1690,51234,,
0xd2019aa251f348f9e26bf0d2f639c566ce83e29624ddb02946a19c3b2fe5aa67,1764499315,1764499319,1690,51234,,
0x3db3b318b6fe2279bcc14b84ae95bf4375d5573cdbb8dc366ee2e34418724f47,1764499315,1764499319,1690,51234,,
0x34aa0af46fa4e8d2a27b9ebe4e84e6aedf45f84e065dcc074bcc7bf88aea3625,1764499315,1764499319,1690,51234,,
0xb1e72ad4ebdad2230b49fa7b11a14e1d1fc7d22d2dc2933659b13cc11aebb16f,1764499316,1764499319,1690,51234,,
0x325dda7b26a35a5199046e2e0984465cf0717565b80746ad751669ac7adc41e5,1764499316,1764499319,1690,51234,,
0x29e0521a73a97be178d59c75ee89b3e4d8ff5fefef62d38ff67f5f4d28057f9d,1764499316,1764499319,1690,51234,,
0xf8e41fc57c17ee2ea212b79bb98e45e7256cdc3e955d2bbb981e84c67256777f,1764499316,1764499319,1690,51234,,
0x1e930fa0c37c004bfa2f8fb62cdc0480fc121f66d6f717a0151eb2e6c8644432,1764499316,1764499319,1690,51234,,
0x5767ecd9d988d0b7f06900b370cbb7684a2fb5b8c38b54dba4df09399a5cd1eb,1764499317,1764499321,1691,51234,,
0x42d8976bc76c87037916738aca2742bc71b55895cb7d0e4c14d7d1bae47f73f4,1764499317,1764499321,1691,51234,,
0xe65bc03e7a4072d77aac9bd5b3078a95b5b69f8fd54f687d5b5f1fcbdb2b5302,1764499317,1764499321,1691,51234,,
0x3b8fc6fe0ad329e1e80a66f9629a1be421f166b732ed2efeefd3ca53489b6a9a,1764499317,1764499321,1691,51234,,
0xb187a71d5cb35ddf2cb2302e68a432361e614ce68b7638f91a3d7f9216051196,1764499317,1764499321,1691,51234,,
0x97839334c47f8d3265a4d57a8949cc645f766cf71050e6344a3f83706e2c7ca3,1764499317,1764499321,1691,51234,,
0x18780138005b2b34074437b3fb1fe109c9ad90d3a8170292551296cf15a4b595,1764499317,1764499321,1691,51234,,
0xeeba63f749c937da4cf88cfce9ec78e3c1f4338639746582a84e4b9dcb12d9fe,1764499317,1764499321,1691,51234,,
0x7a2fa7c678c2fec974d7fe38603781b636054fcfcf316fbb3893fbd66fd282aa,1764499317,1764499321,1691,51234,,
0xca63a9f5c634603ca94f19e9c29508b4cd2971387e5973aeb0c3878e86d9b38f,1764499317,1764499321,1691,51234,,
0x1aee7afd260c3542843a7934b2aeb171c51cfbd64952f98172632bb20d6207ed,1764499317,1764499321,1691,51234,,
0xc5a9be2394d7cbb2d01bdc3655a2d994a0ea6424fc46c5c1f701fcc4cd08933c,1764499317,1764499321,1691,51234,,
0x7b65869213256a20c1ea751ce5c934d3c2c513042ca73d618250471c72f621a5,1764499317,1764499321,1691,51234,,
0x53656cb4311539d1eb45879b42cd1be0d91a4d96efff42cd99a4a45e3a56af03,1764499317,1764499321,1691,51234,,
0xf46c9274b513916208fc3a2f4d5580eae2ff6cbe3d797a6ed335c045368b068f,1764499317,1764499321,1691,51234,,
0x2206bb6f12a356c861ce4aa854abcf2ec6a5b5788402d0c641cb8cdab2069dc7,1764499317,1764499321,1691,51234,,
0x4d76708d63a67ff602a498907f94993b6f0c307224931dfaef75b5af9383f967,1764499317,1764499321,1691,51234,,
0x6090649687ebab54c34826cb32632b8f2741781f627d04eb5dcdf36fb6ef86b3,1764499317,1764499321,1691,51234,,
0x60585b6885478cdc1e5b5b5fb3e078e9e55919c4c224a2b5b9adcb427b214554,1764499317,1764499321,1691,51234,,
0x4fbebef5bd44af11b026b6a5933e0eb67da1c3bf86fe1f625068f4f41de14622,1764499317,1764499321,1691,51234,,
0x4335c6b31cf42f35dfab1afe5a82674b5a145cca7992078df43d81ac14b640ba,1764499317,1764499321,1691,51234,,
0xa1ea983ab6962c039730ea70a4cf6b0e63d38c8e0c5b2c98b47b14ccbe742daa,1764499317,1764499321,1691,51234,,
0xa8228ec99030b67dd7c03bb1f8042136d90a495726984fc03b76d11784c1e716,1764499317,1764499321,1691,51234,,
0x31d95220fa715163d7fdb8715a72deb5bbcf0b251afb89baeebbe1474fc9b403,1764499317,1764499321,1691,51234,,
0xd9da23649975d5741d3fe18a1efa27fced3af48247217284c0932c420b7bf3cf,1764499317,1764499321,1691,51234,,
0xe3ea2ccdbc168c3cbc4559e32ddd075e615b482097f72e748ed6ce9e2ed63869,1764499317,1764499321,1691,51234,,
0x0de758dba711de0708a2f87589bfdc4a9a097e786a6582c88807d3cfd7351c55,1764499317,1764499321,1691,51234,,
0x3e22215f57bc1229321e77e06247a96101c7e5c606337a287334dc86a7fa9776,1764499317,1764499321,1691,51234,,
0x88e9c6369d6397aa54070a3fadd2f351677b2a4f7750be91a2f02019266231ac,1764499317,1764499321,1691,51234,,
0x1d6eeda096d6756f7239811e34f10a17148bcd6bb385317b40adad2005ef88ff,1764499317,1764499321,1691,51234,,
0x15c97965d9d3d68952a508e6a745e97c981830c6f658e5e69dba1586e0e2ed2e,1764499317,1764499321,1691,51234,,
0x792699d3b7fb021bfc9c771f4539c6f89f41d5cbe73fe8bd8159f7f2ea0c10ac,1764499317,1764499321,1691,51234,,
0x4cb73abcc0110c47821e1769c0f0c6aa245186c186a567bfade4217637f9a856,1764499317,1764499321,1691,51234,,
0x4c00b1da6c02e68968d73cef641e6ae0788e2c7d7810942e45e0a265d23cbb57,1764499317,1764499321,1691,51234,,
0x2f1c53e3011105f54deb247980ca6d8a9e17bb3d841dcefa329d146bce5b0f71,1764499317,1764499321,1691,51234,,
0x1adbf978d1e5e9bff625566e4cdde83e7ee3b01ec49859e164d7db7a7dbea967,1764499318,1764499321,1691,51234,,
0xaf19bf66d325747f5f1cd142af986fe1ccab4c96c13d8d2dea5a3afe550963f8,1764499318,1764499321,1691,51234,,
0x3d8df7a82295029a645feee06456a77654cccbb8aa64ddc75db9c80db02f1cb2,1764499318,1764499321,1691,51234,,
0xbb06f5debcd1758b057336bea0ac38aa90f0b315b35e3ecc5f111a2a5a35c1de,1764499318,1764499321,1691,51234,,
0x11342decfad63d9968e978e345774cf90ad5d6dffe74c93afc2c26ef92522f63,1764499318,1764499321,1691,51234,,
0x6e58a3cebfa57b024b1a17eb9a37d6375895f5676697cd276294030b7eb1dae7,1764499319,1764499323,1692,51234,,
0x1a947688f8d3eea1fdfbe4e7439ab3e37d59afa7a749054aa689a10b6d5933ec,1764499319,1764499323,1692,51234,,
0x24868af79e0047049a66c13ce742093bce8e279cfd5b6d6f28f3aa9c9f3ff139,1764499319,1764499323,1692,51234,,
0x040533552e44b634b3869bbf89d91a363919b43a320ef50ecec5736a7ba3d5e3,1764499319,1764499323,1692,51234,,
0x1d488a08b30f3db4c1a1585a4abaf9754c4df3a7a48c142213867251c4a9a1bc,1764499319,1764499323,1692,51234,,
0x211f2a4a7d5b0c9b65582ce4e789c29fc543dc1a917375bbd1b5247ed5de2943,1764499319,1764499323,1692,51234,,
0x7d0333966f70406a4fcde2b6e5fdab9298b59a4573400b56b2237f33a0d0c669,1764499319,1764499323,1692,51234,,
0x9d04dca742686e9d5315ec8f88874d6eed8d89657e201b50aaa7615648fa2820,1764499319,1764499323,1692,51234,,
0x94e663e873099917e414da8019b454e822823aa1ee1723bf09ea92e794327663,1764499319,1764499323,1692,51234,,
0x276c2abf3bfbde76a53d08436f2754ac4f645eea42bdbfc816e4f6bec4a9b602,1764499319,1764499323,1692,51234,,
0xc94c2bb7330a01b6fd8942f0f22811c8823d4d21a73529aaf840732f32a4d7d0,1764499319,1764499323,1692,51234,,
0x3340d866d3730ad4abb519777c74b68ea904657442fe92c66aaed6e935954322,1764499319,1764499323,1692,51234,,
0x1c5b24d302bdabb8edbc88a399e37d394f5e45758ed7ffbf477795e0ab8f2617,1764499319,1764499323,1692,51234,,
0x7221fbbb7d2c670195f5d9a3a3682e85dcc404f72400aa3ffd47cac97ae9f3d1,1764499319,1764499323,1692,51234,,
0x4d46a1ee394a9585ba992a6a6a2f4c55d599975e19426504fd46418c7a14b7ad,1764499319,1764499323,1692,51234,,
0xdee8ab7967aa8cf2d9161aaa12513353f6d81220445154fbf94fd2fc3360b8c5,1764499319,1764499323,1692,51234,,
0xe7771062f30dc47e61309cc1974c2d652936f2ad5d991676adecb5e984f3a161,1764499319,1764499323,1692,51234,,
0x94632508e3a4e85460aad20302a6c613d700df694917d80f0009c05e5d23a3a5,1764499319,1764499323,1692,51234,,
0x1ed9f81baf829cd4b0684e127a937aae8eab7d2fb2067332d3c0ca6ea0df66af,1764499319,1764499323,1692,51234,,
0x362df86914e1b2bb6865479b57adfe9c189b17642a417f133aef2cc9a2db8e5d,1764499319,1764499323,1692,51234,,
0xb7f18c26e4d5aea31803f89676ad41a2da9e534fb4687645ac6dc611e32ffec2,1764499319,1764499323,1692,51234,,
0x0a8a826f8f1448551ed9292a070696299acce50ef7fe37383bec90575da417c7,1764499319,1764499323,1692,51234,,
0xbba02912b69babd580f7341f5dc4a2d8e5128f66111f7cdcbf808aac75e9dbff,1764499319,1764499323,1692,51234,,
0xff720e9bc4624a882bf91423732190d86f1871a487bd333cc50244fe2d2d1c42,1764499319,1764499323,1692,51234,,
0x7ca312774641f4d9c9f56c7713e18ea8b3be4d1b6da981e633c65ded2df9f8c6,1764499319,1764499323,1692,51234,,
0xd01271abde02d5e4ff58b9e3eda8e36e594a3a5ad400e6f8c73131b95c71f696,1764499319,1764499323,1692,51234,,
0xecabd92748bd5edc21e930d2a1c4398d2e97de2307a60584285027cc38945268,1764499319,1764499323,1692,51234,,
0xe3be57b89852b55f0d2401269f67b57af9c8a3b2166e0d24d9d49b931a8f8567,1764499319,1764499323,1692,51234,,
0xe01cf08eda8d869c53276cea2792cb8497fcb6acdf80708861066fc0b5c90993,1764499319,1764499323,1692,51234,,
0x20dc66a56a50795ca2cfeb991c6f1c829d33194d6bea5e8a6e40e16432043adc,1764499319,1764499323,1692,51234,,
0xdfe7e4c95d266caef70f0ae2365a59f3f537661677386444f6d2f18bca2236b7,1764499319,1764499323,1692,51234,,
0x1a67aebbd3626ccd0a9b25f903b65a95c50f9d9d86cfee7e910e223168b17799,1764499319,1764499323,1692,51234,,
0xfaf6b8e6c9ec2140e7b4b11b8f6d2177c48716a8ec9d7c22ebc9224ba0998dcb,1764499319,1764499323,1692,51234,,
0x16cdbadb090b5b374ecdce00aa19d1be048066c3e8214f994093be1e88d651a1,1764499319,1764499323,1692,51234,,
0xc16ffbbb701f0c5b512e8a1ff1a41bf766cb416d1e3b5584d7353a42e661fe0d,1764499320,1764499323,1692,51234,,
0x699f1aa1fa8a01c46ccc512d3a9189244f7eb69890ee70b604a774697c503a71,1764499320,1764499323,1692,51234,,
0xf0cda2904d2ad378146d1ac73b6614ba73ddc76dc0296ff3fce3e0e9c9b770f6,1764499320,1764499323,1692,51234,,
0x95a62afae6dfbb4d6b596229dd3120b47000766d03fdcfd51c9f2259aa51fac8,1764499320,1764499323,1692,51234,,
0xae3a401ecce046788bc39999742df683b5e5887a119f1f2605362cc878645ab9,1764499320,1764499323,1692,51234,,
0x04ad23c673b23cb2e242eb78c7784746054c20e8d9159a681055443e72509c8c,1764499320,1764499323,1692,51234,,
0x8a09c1bb873acc2814bf0723234b7b63cf8114bbb7225035c626fd9db30a3850,1764499321,1764499325,1693,51234,,
0xbe7af6963f8f9f7a7d5dc5faa206c1dbd8b44e0747bfc7e5be02ff9b3d917cfe,1764499321,1764499325,1693,51234,,
0xb3e6e3895dbe16f3ad5a0319d19d0336ba3618ac0e107888a4133481e4a66d9c,1764499321,1764499325,1693,51234,,
0xeb8fcfd0d761ce2b4e03efaff6daa75c2378cd7b9f4edaee4b30f02f4dcbed25,1764499321,1764499325,1693,51234,,
0x6fe147dd7453d6d129271b965371124577755760180fa4f5dc5c60a3f5d2bfda,1764499321,1764499325,1693,51234,,
0xca9d20930d7f59ef7deed9bc51d5385bf0c8e22119e7571fa1de7facdf235ab2,1764499321,1764499325,1693,51234,,
0x3617f3dbcbfa885dcb3fbc2f485d3579414b30c4872a91674882eab3e449e475,1764499321,1764499325,1693,51234,,
0x7ba54ce06fd6d19167cf9e808f341820c34113be1d881d8d3af947e0aebc9673,1764499321,1764499325,1693,51234,,
0x5b2ecb90c44fb3a5420d3d9b0413e6a5e50f4fbce2d51c5459d3e9c21a08463a,1764499321,1764499325,1693,51234,,
0xdd30ce327d8c4344c0d10c6c3c2a4a0b434379f5bbdd6f072418f72439cb837d,1764499321,1764499325,1693,51234,,
0x8fd9ed4b0d2fd52b41f7591d7b76d4fa046f7a1167194f98e24e14de50976de1,1764499321,1764499325,1693,51234,,
0xeab152c496faa1a8eaf3029ae8b8d17ec4b675d24143a77a2f09a1fa0e2e559b,1764499321,1764499325,1693,51234,,
0x1db4532884f64790aa540a35f13c6e770fea2c3e95287d50164337e02af81e0c,1764499321,1764499325,1693,51234,,
0x5f4fce6ce6018182d823784f9261928f8ac787be65721f5423b04fc546cc20f0,1764499321,1764499325,1693,51234,,
0xe86022fb1782e13827e173a745df3bdd8370e4f2315d47a78f22d0506c23a840,1764499321,1764499325,1693,51234,,
0x987e96ef340c2613287efb419a3eb699c92555d839f33ada69d36987c163e9ae,1764499321,1764499325,1693,51234,,
0x46885044b3afb4f417156dde35795f29dfd38d9c6cb07b346e7302fbab5cc96a,1764499321,1764499325,1693,51234,,
0x802f029ea7f31f32325e6ebf3ea0c5e5b06c73ae6aeee360cbb6b7e624845382,1764499321,1764499325,1693,51234,,
0x0a7c555920248491fd385724fcdc42ad5832ae5fbce755639b203711fbbd42d0,1764499321,1764499325,1693,51234,,
0x5ba9512c4c05866ce8b743db619300d02214cbea21f76f9edf13de81184b9673,1764499321,1764499325,1693,51234,,
0x418fdae607577defd3d06a16a33aac263703ed026207c337242ce40689d2e936,1764499321,1764499325,1693,51234,,
0x47d15b755de3ce967dcb10a7a8b89fb85478118597f8c49c4fea5e9d7aaa5dc4,1764499321,1764499325,1693,51234,,
0x1ee1bdbf5058a233e46f205c351407ec3240545de5d8494ece8f721e0dc955f1,1764499321,1764499325,1693,51234,,
0x1ad22dfb87954c61d4028304fec29f41501d8841d4ffefc27b7fb9834b064ad7,1764499321,1764499325,1693,51234,,
0x8921e727cfe147bdaebdc6902673ee257c7457bdbb4364d5ddd4c9307ae35ff7,1764499321,1764499325,1693,51234,,
0xc5586847f2a3cc5233bebd14cdceca4759e2e4cbcd848f5e15efc2b0d3375c75,1764499321,1764499325,1693,51234,,
0x9edd6a95bbbe49e8b500bc555efe9ca675db8fce479865dce37e7b39d2d10993,1764499321,1764499325,1693,51234,,
0xa7d79912c7cbebb1f4b8fc66dcf11bc98618261c51474a412737f3a66aa23530,1764499321,1764499325,1693,51234,,
0xa217ef19ea0843affb88755b53f263c4c2356797bda4e3219fc45b21d79f8ed2,1764499321,1764499325,1693,51234,,
0x9d13ecbe308e5cd41d159e16dba4a617b8d1e32e10e4de8da7cf3c8e3086df8e,1764499321,1764499325,1693,51234,,
0x47419abd6716042f6579741e4e8649b2a32cb8420baef9a50ac84170f2902f3e,1764499321,1764499325,1693,51234,,
0xf605c7490be9c559638a704b9e2bb260288d9b4df950b7b54f75b7255b885f57,1764499321,1764499325,1693,51234,,
0x2c735f6337fa03fe16f10d1c7eaebb5404faa47f5883643e649b2c33a22658ac,1764499321,1764499325,1693,51234,,
0x16fd301b0284028c7604fa25ac25ca0485851dbab451a959dca30ee923b874c7,1764499321,1764499325,1693,51234,,
0x416351d63cf6d25c0616417a54acfabf685fe3586a7bd12dc9a8eb48849ded20,1764499322,1764499325,1693,51234,,
0x43848b1468bd08fbd002aff811c6c601087b6ae5775406e9ae5f1110fe0369be,1764499322,1764499325,1693,51234,,
0x4769c1f0663b61cf82182fb91840027e11b5d4d301e6e2d8191633cd20458113,1764499322,1764499325,1693,51234,,
0xdfb213c2da024de129f2b704d939d360b68871e3d41d5bb1cf30d5608e5237e6,1764499322,1764499325,1693,51234,,
0x9b07e945cf30993f8387d5d0614994fd35962ce03c12884ac92fb5cf4b70e25c,1764499322,1764499325,1693,51234,,
0x3840add87c1f79fd3ba3e79f8b1d8ba8b60358105af329517430aaaa8755c521,1764499322,1764499325,1693,51234,,
0xa18c693df92312866111996f798b2b6219c3a43a10a9fc24d50863765cd3c216,1764499323,1764499327,1694,51234,,
0x165480123ebc0893acafb5615e99b7165754825958e218a75a09ee5961946394,1764499323,1764499327,1694,51234,,
0xff66dd48a9c02dd3be9a88fcadf8a745face6d1d6625c50326d92cf66ed1b393,1764499323,1764499327,1694,51234,,
0x0dfc5868f90b90e388c38c666a4bbd4776055833464f177565a046d477639cc4,1764499323,1764499327,1694,51234,,
0xd7119f2b03999e012e6cb5904da1158fb73fa58471d2ac51bc4e894d78b974fa,1764499323,1764499327,1694,51234,,
0xa5e311655d410fdc312213e6e1d3b6abf6f3dbeec038830ddccaa66b037ed938,1764499323,1764499327,1694,51234,,
0x579a5c91395e6bcf56afe2bfe843f8e3129024fd42f41f13a7db8ed4cb60ec14,1764499323,1764499327,1694,51234,,
0x17f6fc6f3afc637fa1fde0dd311db4bcec336160d8a0e56fb8949adec32313a6,1764499323,1764499327,1694,51234,,
0xeed91cf4d5b92d983773b8fde43546cd1617b6ae89db072fcf20f00c4b851674,1764499323,1764499327,1694,51234,,
0x1203f18e20f8a4401e81f38d45cd920216b662f7582ab848f8df8075d3130594,1764499323,1764499327,1694,51234,,
0xf20fe1da43feaa5a42d6eefcc37402eeb6d447607525018bc25199bb68f09ac9,1764499323,1764499327,1694,51234,,
0x97eebad9a7f6f40269adfc62cdc5916dbeacebcd7f6656ed30194d28ade37a75,1764499323,1764499327,1694,51234,,
0x4ff6ef80ddfd2c3a50f74daa32f2ee2590e4b3a9084f273c1125821459cdfb17,1764499323,1764499327,1694,51234,,
0x7374ec14dc0a2ac11d527f1cd76e48773ce7bdc36c2c8bf6874604f24e0878b5,1764499323,1764499327,1694,51234,,
0x1b2e2f4fe0c45817d476c6b51591450762f8aa22529ce1ddd538fee02dedd582,1764499323,1764499327,1694,51234,,
0xd57a743f6108ae5113675aa3155d11ee4184a00894569ace223f55698f787c33,1764499323,1764499327,1694,51234,,
0x9c3099cf77e4e137f40a247e21a6e2ffab5c14c4fb71fc94991428555c801a9a,1764499323,1764499327,1694,51234,,
0xb16f1f2645ad9dc1ab7f6513c9ce6dd033dec3f4687131ac325b3560e612eb59,1764499323,1764499327,1694,51234,,
0x5f76de6e07f17c8323fd566ef7d861428fbff9f861f15a7f3f8998513ca05b44,1764499323,1764499327,1694,51234,,
0xab42555b62b19812800db9805a013bffe35aea63fbf73ec2625eea89c74d141f,1764499323,1764499327,1694,51234,,
0xe47f3ffdb70078d8bd972dfa1faabad9658a962a29f66b03f12b2d661903aa6f,1764499323,1764499327,1694,51234,,
0x804dc6e04a4d3e29b434c8c7d01ee4cf435508c6d39d138ee67205149f072f5e,1764499323,1764499327,1694,51234,,
0x457092ea7ed7ef48213128049685f43df54302a1e3068249f4ef7788c1ae0977,1764499323,1764499327,1694,51234,,
0xf69e9d752085ad25342632ca0d9344a81f4cfc8b24abf70b6c3cbf1b465cdd78,1764499323,1764499327,1694,51234,,
0xb55fca1c2a5905b6f6eeb776ec44d6021102d08c5f1d34f1b7ef4742b07ed204,1764499323,1764499327,1694,51234,,
0xbfed2a951c71689285ec3da322d6ba936decac5a1c9d6b96574a9e78bf3364bd,1764499323,1764499327,1694,51234,,
0xc28f8c97ea39716ed3800245e2c451fa4e470ee9a101d4b9c031f8f9325a9f7f,1764499323,1764499327,1694,51234,,
0xd5acc71608856a0487c0c2c7a194295a1cdceaf967d250b3025d58c82a260949,1764499323,1764499327,1694,51234,,
0x051c290be36c132ce13533cb7fbf6aff348075bf1874fbcbe979ac446b50092c,1764499323,1764499327,1694,51234,,
0xb36427d9549dc48413a805accbd75f7a6949e21983025a2ed24e7941cbefd3be,1764499323,1764499327,1694,51234,,
0xe177f4788b81c8807b7a1aedb88619737e59b5d918972748213b58422ccd8c81,1764499323,1764499327,1694,51234,,
0x7b6147df7b14abf3f2ba6ed6582150b846f8dcb905403ff6f909dd6013b76823,1764499323,1764499327,1694,51234,,
0x5c67b208bb58ca1acc461ebf896f88e22ecb8fee52137e47f848e7b25ccdda9c,1764499323,1764499327,1694,51234,,
0x9c036c15649264f1376c2f7c0053c44d2f77698921eb4bf8504729b81e51cd8e,1764499324,1764499327,1694,51234,,
0x22f059ccdb15d09a1a36fbb4feec2226fc2af06432295da4b2cbe877c332a1cb,1764499324,1764499327,1694,51234,,
0x3fb3534e57e7d587422f87a7ffd061c5f23e627d488f1bd3d84759b32d9df8f2,1764499324,1764499327,1694,51234,,
0xc9a04ddccdf073cd03c04f717bc3c83d5dcaeb316e0aa0ff857d6101ed908b9e,1764499324,1764499327,1694,51234,,
0xef8a1ee11fb81d7fd2884888d6dbe7fca44c2f79dec20451112a2a573d8704b7,1764499324,1764499327,1694,51234,,
0x6b8ea2a1e4dae8f5eb3be3b0a640a7c2e77fc01e94fa20c5087716d3045c6c74,1764499324,1764499327,1694,51234,,
0xe1e9c6f060cc3cbdf28137f1548e953147c0653da7c1d8191af724756d65566f,1764499324,1764499327,1694,51234,,
0x498b54e4a7aa1f07eef25f6ea6183db9d9df0de620cd2c55f9b6aa25a5b68ee3,1764499325,1764499329,1695,51234,,
0x1a08a3ea86bd10e74e989ccc973f173dae9720271c590667e3f82533d8050996,1764499325,1764499329,1695,51234,,
0xe3b22ddc501015bbc4cf903ed0715ed5f9ed8014f081e876636cfbbc966f8808,1764499325,1764499329,1695,51234,,
0x78c8d026aee1719d00ff6abe5f0d69229727006eac57c5c835ddad32c96bbe23,1764499325,1764499329,1695,51234,,
0x93bfef551295222f0b0c7cdd8f9113c1d7cb0bb324bdc1bd1daef241695acf31,1764499325,1764499329,1695,51234,,
0x264cd8efb47e8f0109dc1c92016b8fc0089883f4060eb0a29d21cdc58f32d5a8,1764499325,1764499329,1695,51234,,
0x48dd6adc6f7ea639a6f6757e53c991346c9517ee04353d3f4a9deb0b56d64797,1764499325,1764499329,1695,51234,,
0xc8a619c531fe3fa0828ae31cc3843eb6af2f69db76744d92b18fc91a9bace380,1764499325,1764499329,1695,51234,,
0xd8f951567a365ec767c3847d9cf3ceb12725c8a6d6873c294c23e0cbcd77e597,1764499325,1764499329,1695,51234,,
0x0ed607dac4230ca65accc01cd55e16611eb9a912bfa3c3667aea80bd6d428de4,1764499325,1764499329,1695,51234,,
0xf896c204decf578953bf49b6d42e26d65eaa9983fd56b281f35b789990755fe4,1764499325,1764499329,1695,51234,,
0x065a297ec5ad92cdfcd9cf0dc7c2550d452df2d0d8aabd14839eb42f5113f483,1764499325,1764499329,1695,51234,,
0x85d5a27e73a4aad24df68ce3d44d4103c87f4f97993a516e70c698eb459677c2,1764499325,1764499329,1695,51234,,
0x9be6e487297d975c3853f24145e273830fc47eb07b8aa281235e145456f9182a,1764499325,1764499329,1695,51234,,
0xce2a8809dc7add911aaeb7d39714e691f259b062ed01f9bee46a01d76ac2d13a,1764499325,1764499329,1695,51234,,
0xbd896a4fd7896f999e0cd9d3f11c31f770f7f827bb76511cd9a41e48dc86eb84,1764499325,1764499329,1695,51234,,
0xac9e1a14e959df72ad4f21cd2ec565ba372f854e09235253281f232e15e283fd,1764499325,1764499329,1695,51234,,
0xbc355052dec566e663009137dba7076fd2c9bc7450ca40874169d352fd371905,1764499325,1764499329,1695,51234,,
0x4e1de378910f20e0392bcbdb1e1592c71c7debccc3ed1163d99555e3b32d1ef5,1764499325,1764499329,1695,51234,,
0xcceb6f36ba1188c6246a238141ef5a6640c52900db96ef29b1dd1474b62ab209,1764499325,1764499329,1695,51234,,
0xdca39b71a6d3cb78fa2df1c62126a0677921eefa7f56f975a09d10b7b9df513d,1764499325,1764499329,1695,51234,,
0xee4821b53b54e343682e28d420db3e98f82c7ec0a6a5db5f426d2cea2720afe0,1764499325,1764499329,1695,51234,,
0x5cbb4bd98bc94fae4caef0ef116027c7a89197c11f3a27f46888e5a8d894938e,1764499325,1764499329,1695,51234,,
0xabc08472d42c69c10eb2078b37d52f94fcb8a28cf32b74aeb86172265d18641a,1764499325,1764499329,1695,51234,,
0x8ed2db1c5b919fa599afe83164859504a04c56fe26103c83297d9b63ad348f7f,1764499325,1764499329,1695,51234,,
0x70bd4b540a6d81c8b65af5deb28532123976df3a4187dc7d6ef23e423a7acd56,1764499325,1764499329,1695,51234,,
0xbfc30cef2357fdac715e051f6a8ac3ac04a8547c91b02c4633570a00101b2614,1764499325,1764499329,1695,51234,,
0x35a54e726727f55e5551680b471b57a35bf62fe5095c9e0dc244896322979904,1764499325,1764499329,1695,51234,,
0x66baa6578bb5338dc55ddd90dd928702f259e71980630691a93b1c6566e5d367,1764499325,1764499329,1695,51234,,
0x2d796948ff8ccd2af581b66af91fefc5803fbde8a4a56ac513422200759d3f1b,1764499325,1764499329,1695,51234,,
0x5bcf7549b654b947e120adfd896a4067cd83da2c81fd6fef055d65f1bd97f7b1,1764499325,1764499329,1695,51234,,
0xea22b44d9a7f8c48662d122eff9da7e358c47432f94f65909a76c6990377361a,1764499325,1764499329,1695,51234,,
0xe1c62cd3715fbf50340f678a17bd8190605f8590713fc3c61bbee5f2498e0bcf,1764499326,1764499329,1695,51234,,
0xf4db690ac89e154f7ca7f6b43bc9c8e4d88d6d3d57c8d90bcb833c0a5d3bc9b2,1764499326,1764499329,1695,51234,,
0xad74d777182cc4c0f5de893ce16aef595ce782f104c0a0dd68a1cc8c783f4c93,1764499326,1764499329,1695,51234,,
0x0745c62429b918d1520651dfa7b061393a2abb7b30215e42ba609266f964e757,1764499326,1764499329,1695,51234,,
0x6a1029019f64bd8a1836ad57037147a62f9fcd329c8cdbd5ff8ab8aba7add85f,1764499326,1764499329,1695,51234,,
0x72b1ad2bd6bc1d85cc76030a911882d0a74a49c31c511cd69196fcc326c87ef3,1764499326,1764499329,1695,51234,,
0x72ac0e69d45f72f6352cb9a3ff9e3048abd50553416b934c11c0f5171ff4d5b6,1764499326,1764499329,1695,51234,,
0x644aeabfee02951eb95d3f4b77d2be1bbd426754e01daa30824120c059a4b02c,1764499326,1764499329,1695,51234,,
0xba8d4af247b7dabdd9038e7115cb5e35994d20e2d45c7372a4745e77633ab674,1764499327,1764499331,1696,51234,,
0x9497e3d276cd2c5191abad071b84dd48cd2700d8864129625bcfaacec6c85094,1764499327,1764499331,1696,51234,,
0x4566264416db48967e39ec4cc6ca29217e9db8a09cea23bd3f22a56688a516e5,1764499327,1764499331,1696,51234,,
0xe51e99cf74ccdcfdadbe244e87451050da2dc10c86e6649694b53f65b5518570,1764499327,1764499331,1696,51234,,
0x17a365081025b17e14b3da54f3de25f1f3e4ab90820b742df71ada34af8fa56e,1764499327,1764499331,1696,51234,,
0xcdbb10663836c9492c66c677c75f8505df14aec4009f577da197041d4743d6d2,1764499327,1764499331,1696,51234,,
0x21c816d7ad455261fe98cc292f57be097ba04c8d7659988ed7e324f5c3606bbb,1764499327,1764499331,1696,51234,,
0xebef73dc6aed9966168e7190470ea641bfbf1134f39187c064b1b97d223fc4d5,1764499327,1764499331,1696,51234,,
0x8c629eddee2a0fcb4fd46d80945ff069395a3d92843ed9b8702bd08f706411e6,1764499327,1764499331,1696,51234,,
0x7612dc1772dc40e1ddffb051666f4863f59f44627d83d123f60a63497ecc8eb0,1764499327,1764499331,1696,51234,,
0x48fba3d11ae9bc2f4f17c9ceab62a4fed279bf134dabc69594d830c5e58d3329,1764499327,1764499331,1696,51234,,
0x86bc099af3e76048fb0e1e9f608adad62b89fd75c94f56e357f5bd9d3c0c338d,1764499327,1764499331,1696,51234,,
0x57acc0353d542dc413b4874ff071417648c4b70bb658057b2d5b8497176d911a,1764499327,1764499331,1696,51234,,
0x12429d49c2188b64305698a0ab062a324bcbaef20842e56afad812f4532b0b4e,1764499327,1764499331,1696,51234,,
0xecf734fef4b948496172300f41eb99807ba3dd3414e36c5d02d351a0913106e1,1764499327,1764499331,1696,51234,,
0x6d5295a510b0ea289fe0b6647b444eb9839478e03b8ad230ab9c8447f3a9aadb,1764499327,1764499331,1696,51234,,
0xbeb099878714dfd9b244ce33234b9409d55c6d54ba2e7c336c79766ebf277d0b,1764499327,1764499331,1696,51234,,
0xfbb67a19a85ce373e42debdb962666fb4024f43da59697dc60d2d77b89e02904,1764499327,1764499331,1696,51234,,
0x68accaf4446c7d37498fd8a1535ec0320a094d0fbb646eb437cd17caf54b8474,1764499327,1764499331,1696,51234,,
0x1e6cf8fa2059d464b0653cafa6534abe3d28d237a15ae1b60fd88b8aaf4baf8e,1764499327,1764499331,1696,51234,,
0x1e66a685001d681a1193bb4929e68924db392310fcac51f04ae6cf61cf8f6936,1764499327,1764499331,1696,51234,,
0x3d410c3872913a19ffa8353e7defe725e12e410e70eddd5e4a52aabd2fade775,1764499327,1764499331,1696,51234,,
0x580b5e9fff1b65f9f2ca4d6c13a8c7a9cfefe386817ddba763f18aaec8d9539a,1764499327,1764499331,1696,51234,,
0xc1ba9fd696f83dfeb49a66b6ad352e26e71839f93765d86f3810057292e9bd72,1764499327,1764499331,1696,51234,,
0x626818b31a13a9350cdc921a7d320e537dca702eed4dd7086787ee584feb2d04,1764499327,1764499331,1696,51234,,
0x8a244f6c17788599d85e0f60430968934fcc4b185d9de6c98bf20192cb465df4,1764499327,1764499331,1696,51234,,
0x6957975f0bcfc6fa9444cc8c94a8c332cdebe438615bd86292713fda217d11e3,1764499327,1764499331,1696,51234,,
0xe8790ea2272738256e81af7601c03a0d1647f6be94bac98bc9b2b2d422c3d4c9,1764499327,1764499331,1696,51234,,
0xe333f569ed9e9bd928b387dd16d1321c7221cfd80f764062a13ebb5e6b9d36ad,1764499327,1764499331,1696,51234,,
0xc24cb0ae8b0cda2921a6b6c9046fc017da36b5ecd81b519fcc58afa215ae24f4,1764499327,1764499331,1696,51234,,
0xb19e395a22ad5997670a204da45e66ca23af78bcf3833db3ad5d14776abeb700,1764499327,1764499331,1696,51234,,
0x8dc95618fb7f1f10c5b1ae79bea571604ebf6651edb618654d128d84d8fb53ba,1764499327,1764499331,1696,51234,,
0xda6e829544aae61fd2caf5b7622df19e991a1405b76b8a1e6ef8cc3a1ab7ad6e,1764499328,1764499331,1696,51234,,
0x25a1c1fd41bc34d043f5319d2c417f7b94f228171a5826f5bb192d01156103c9,1764499328,1764499331,1696,51234,,
0xce6ca09858df9c3ab59ee3d571165682099d7b559baf6d63c75c85690cec8e59,1764499328,1764499331,1696,51234,,
0x4f05b10617315fcfe2684a0e446af568e6a04a885758ae53eb1049b68d4918f2,1764499328,1764499331,1696,51234,,
0x0cc195f3df3dc42859a2b726c2b2f6a49f58fdcdb8ece56a7c88949320159ba2,1764499328,1764499331,1696,51234,,
0x841f73cfa13ed141c2f8ce053ff60614ead604fdc4ab9b111ec239f4a9c4b95a,1764499328,1764499331,1696,51234,,
0xe56e3fc782cc8a4f860ed91f9d610dc87b77c08bbed49d48138332b6c32c49cb,1764499328,1764499331,1696,51234,,
0xdbfd97f0b7f379cb5a52b18ae3a131954d1a4b94420fed13b6b572030775db33,1764499328,1764499331,1696,51234,,
0xe96dc7f6db40e2122ef20da2fb25a225e36af947363d74dee61c85b9101ccb68,1764499329,1764499333,1697,51234,,
0x5a55b854a868aa5541733c195e09b36ac0e62800e543e1a33db403b87106b003,1764499329,1764499333,1697,51234,,
0x8f5c71355c6272a547716913b7e2fdf8cbce9168e63e7386bc87eba1a76c8c77,1764499329,1764499333,1697,51234,,
0x1edbfb8d22dc8a27b0a25c750b27b8b9097a2e83b6d0ca5b611dd3b39fffb258,1764499329,1764499333,1697,51234,,
0x791d9b8c354f3ef15bab13076362f7c4987c01dcdd79873a4dffe019d22b7ec4,1764499329,1764499333,1697,51234,,
0x7129c7f2823bd6c900c80719d0006124a95a6dc887760c4a64654d20ba70c7ea,1764499329,1764499333,1697,51234,,
0xbe37d82f3feb1a2807c4c907abcc43774010327432420e84352a8f784efcf52e,1764499329,1764499333,1697,51234,,
0x687c6939745b95cc77bb6861c676f0b267309ce4335c83c0014d82e745584375,1764499329,1764499333,1697,51234,,
0x85eb0a11f4ddb58faca656a7bb6fe1c7aa4a77bcbb7952f944164f888a6f7381,1764499329,1764499333,1697,51234,,
0x9e4b143dc5408f16580263e5c662ed02df1999adc6b2c21a41afef3a0ec345c2,1764499329,1764499333,1697,51234,,
0x4e0991271e58e13f3dce91a77cc5dda15502eac8e49b45f0c15101fc2ed5cb97,1764499329,1764499333,1697,51234,,
0x1965d73a8d80e6bb0534210af3d68ed088747cdb58bcb06d1547903eb5cfc837,1764499329,1764499333,1697,51234,,
0x70fa44ad2ea31f0f747a148eb3778ab322585080b9c2f54d70cb67d9f9409848,1764499329,1764499333,1697,51234,,
0xd6e8fa18880cc176731a4f156e8b1803a218a9d434aafd0df87f40d133999c30,1764499329,1764499333,1697,51234,,
0x350418b679d95ea80adaa75cb5fc6a0b8d620e9546256f35e762738bfc695ea8,1764499329,1764499333,1697,51234,,
0xf1d5b5e26e853f37cd98ea5fbbeb2e7e4dcd4d719e5feba944bf1b27798e2735,1764499329,1764499333,1697,51234,,
0x2641029d2bf77dc4b7317dd60ccffc74932a5d24bab50df6df9c3f7068eae620,1764499329,1764499333,1697,51234,,
0xba0f1f16f6bc912b56a2c147f3a00b5a669b13745c4a0ff9b2f0fdcb514010b3,1764499329,1764499333,1697,51234,,
0xe3b9ec37cf64fc62ecd61599a4ac1dcda54504ceb1eeafe61ff0ec17259bd848,1764499329,1764499333,1697,51234,,
0xd4b51ce5012b02b25346ce1bfb06611659f4cd6a2b86434735bd83df027ca94b,1764499329,1764499333,1697,51234,,
0x546c3073295b228d88fd69e07dc7d4eda0ca0af2e7c79925b7e953c93b2b0081,1764499329,1764499333,1697,51234,,
0x9a0c1708607f01189e69a2476a2a6a688032b1f058c8f04dc622a723e3f1f8f7,1764499329,1764499333,1697,51234,,
0x0fba20c5da7c4dac964e226d8f60f45677ca4345d8be2d7f7dc88ddc48d2f24d,1764499329,1764499333,1697,51234,,
0x4f92df27a544b429b623079e846c08ff5873a3bb70005cbf95b9a16a3f4b1422,1764499329,1764499333,1697,51234,,
0xd915f5b197ff6581310fd62fb6ce068cb27058c62d31b89945b02e5cb94af742,1764499329,1764499333,1697,51234,,
0x57a4a51572b9f95388c503945d820b749c4c7cc8ed461c157e5cc7f1f70d014f,1764499329,1764499333,1697,51234,,
0xe76661b74df1e98797b150420c7848dfc816a65a30bd1b8df7c9aca39b0ab2a1,1764499329,1764499333,1697,51234,,
0x3f2e6e53bcf2a4d8088d08c4988b336760a0f0214054a0f28b58eb2ade09a992,1764499329,1764499333,1697,51234,,
0xdd5587cf91c7d2dffae6182d2d61bab121f9da5075b8d7eb7faa9a770c4da694,1764499329,1764499333,1697,51234,,
0x17f76acde27bd9e0ba1192a521b1761e4416848c0aa01610bb3f9716ba475f9f,1764499329,1764499333,1697,51234,,
0xc7098521ece9a65f56dd005c819830cb0d5d263b4ef90bf828a45a467f3ae3e6,1764499329,1764499333,1697,51234,,
0x77794472087fffa1678f66dc26607a68d66493a6601828b216e67621eb96865a,1764499330,1764499333,1697,51234,,
0x3f6ee641fe9853bd35dd3a530cea9f97921ebb3734df20cc3870bedc3fbd9b3d,1764499330,1764499333,1697,51234,,
0xe16a0fa5a6bf6c628e0bdc3590c6cbf894dafa60c1ec70d8a2504d7d6ec72b0a,1764499330,1764499333,1697,51234,,
0xc765368a3dc41b1a1f2fceb9fa0369b6c292c0e4945e2018e8d0b7b7d386168b,1764499330,1764499333,1697,51234,,
0x5efee6147155b746d505ac5947913ea9709094cd78c4658a583bcb157ee39ac1,1764499330,1764499333,1697,51234,,
0xc124c03f56727712e26868d1fba027c38d85d84997d5300d2c875a02a91c4dc8,1764499330,1764499333,1697,51234,,
0x6bf2efacb5ff4e67330fc761ba64ed1065eaf4591132cb677f00e60a3d8926ec,1764499330,1764499333,1697,51234,,
0xdd18df7fbbf2c8f3e3cc38eb710e354e7ad7b40e7b283db4c4d29b62b3b08e3a,1764499330,1764499333,1697,51234,,
0x9779bc1521f5d2f27c4e775541d61f3f7cdc7466cbca730726859d9a6ec18503,1764499330,1764499333,1697,51234,,
0xc79f65dbcffcc579a25ead1e9bc44ed7db1c61d18969348940967b9a9f491325,1764499331,1764499335,1698,51234,,
0x341177778b131c3f11cc1d49da74e3d2c36bb2fa87cac3ad6189daa2d6419edf,1764499331,1764499335,1698,51234,,
0x6d4f6c4e6710c289537ba02606170a062093dc4f49d0e701b9d3508760841d29,1764499331,1764499335,1698,51234,,
0xe6c13f9d56114e18d559104e0e8bf3afe2fd75a60be67dbc02d7d5d76927f942,1764499331,1764499335,1698,51234,,
0xe53cb9fc7c354603cf7c0e3d112da8fca66d5ae89c770d37a6f52f0b31b08d32,1764499331,1764499335,1698,51234,,
0x4e9f16f832b694e7194881a5915b12eb67aed962984bedab38ad77d9d46c27a3,1764499331,1764499335,1698,51234,,
0x7f8da7c3ff676f14baefcd26a8f4a9ac09fecb6fa385d6256b8716cb12f2921e,1764499331,1764499335,1698,51234,,
0xfa9b81491f881dd880511eb8b8e482da6ac318956081e99ec84719fd2bf2d156,1764499331,1764499335,1698,51234,,
0xaa0fd0bc587928c2a5bca79ed1f8cbe8961ae6bc82f547dd17b375e06fa615f8,1764499331,1764499335,1698,51234,,
0xc5bc0dd16e06e32d510400f5a4482851204f329a4a71b772e475345476494ddb,1764499331,1764499335,1698,51234,,
0xe3eeacb33f70a94b26a08e5cb819a546f9a91d9b61064b3be5340111f39011c5,1764499331,1764499335,1698,51234,,
0x78330742f76ca8387bbecae54ec538fa3724101fc20e2fcb468c571389853ede,1764499331,1764499335,1698,51234,,
0xdbc26191f1b05d8c42469a4b8730bb63a9d332af62f6f7827b16f5704e93586e,1764499331,1764499335,1698,51234,,
0x49a3d424bd2b04a8d7061963a0e2177221ef7e13051fc2f145d427a8a3b095ad,1764499331,1764499335,1698,51234,,
0xf3107bdea6fc0da6d88018b5ef070717dc1e76ff53af345eeabe1fab7914d42e,1764499331,1764499335,1698,51234,,
0x4703f20bb45cb6ece3c27362d0aaac1053113b6e28826532ecfb491193903e1c,1764499331,1764499335,1698,51234,,
0x5c548b3a9677bcf1aed17a9233933fd6d1a326975a408b90fb801168df3d06eb,1764499331,1764499335,1698,51234,,
0x5377f6860c0beadbc84949b89ac03b70b73cd1757d485a672c6c9f1e34b9bbcd,1764499331,1764499335,1698,51234,,
0x5e5ac87fc0ab69b687abbab305d279e2194b17a13298f1a242f3330ae3630840,1764499331,1764499335,1698,51234,,
0x6357b89e0f7a8eab8471cc16e8146bc7b397d749cf60eb67f59661de1c742c8c,1764499331,1764499335,1698,51234,,
0x7a23078c63688a00bdb45d33a9a13ba511345308d3113c2c918b02d67fa49b9a,1764499331,1764499335,1698,51234,,
0x32a7584c55ba771d6834b14d3a0ca9b8810535bf5e2c4d7907b69db60430d765,1764499331,1764499335,1698,51234,,
0xb53d15e1393036c46daa05d3f140ab0d087d7252e0fd881876de1c5da1cd568e,1764499331,1764499335,1698,51234,,
0x743e82ee03f9ea7afa57667bb26b780e28590cd3f40c94e616b17b88f02d737b,1764499331,1764499335,1698,51234,,
0x2cc7b29729ffabb3ffe11f9a1c1aa476763148bcb750d3d0b615e4bf14287b61,1764499331,1764499335,1698,51234,,
0xb85504215baae3c0d142b333bb0dd5310e0428cc9352a022526f0540973b2fe4,1764499331,1764499335,1698,51234,,
0x52d9f1146e601fe53afdcaecf65b66cbc161fff5fd9881f0b25b31824da43686,1764499331,1764499335,1698,51234,,
0x76f362fb588c93b1ed3236e65c9a8a113b858d5759680f1085404468f910bb49,1764499331,1764499335,1698,51234,,
0x19827aed792a67b9bc43a2692ec0a9dabbeac2cd941fa062366c328646036445,1764499331,1764499335,1698,51234,,
0xad7a24bff524bca215af95a9ffdb7d669405154a651949936c57dd6dddcdb39d,1764499331,1764499335,1698,51234,,
0x5c59efa27eb6c28db43bf24b74d306f884047c217e3c1c538574a52bae997af6,1764499331,1764499335,1698,51234,,
0xea9b843b52a16216cdd2cd7ae985669b281e40d002e8b407f27e5010c9de36cb,1764499332,1764499335,1698,51234,,
0x85b9e70deb0c365cf4c25616c45e3ccfc28435b1c2565b583482ed4bd9b8d80c,1764499332,1764499335,1698,51234,,
0xb6f6ce71cdb3ffdff3638da738472c1e221f31a65b782d294bf12f7ed65e304f,1764499332,1764499335,1698,51234,,
0x58165ab141137aba2f0e28293f6049a4a23d5b392c264d9378d292879557994d,1764499332,1764499335,1698,51234,,
0xfbcf571508baaac65efd2597267322de54a4129818d10cce38b81b4fcd100b3e,1764499332,1764499335,1698,51234,,
0x1f6cb2cfa60b0f57d5a8d54658e0b9e66077adbc7ca8405cce9c9809b37053e0,1764499332,1764499335,1698,51234,,
0xd7f26580f69637c66532f5283854fe1357e091434952c1345c2d0cab815960bb,1764499332,1764499335,1698,51234,,
0x77cbdac6b3a4fd00287bec69a4c01a7ff2aa7a523d6ea24c9a2b358ba747ef0c,1764499332,1764499335,1698,51234,,
0x16c94b74d40f71f17d7a50d3a5e346641ac14e6dfa460faacc4e7702cce85f95,1764499332,1764499335,1698,51234,,
0x3ba7e7cffa887c361a9a9369a8e6efeb598efb4bbced0455c5496bccc94a2cc2,1764499333,1764499337,1699,127941,,
0x5291594218d12cca1c327a358a83d9d008c0f5338e84b6eca3d168196388b2c9,1764499333,1764499337,1699,97625,,
0x844ef1014aff5dbf3fd7aa7fa3bbe85afb7a10c10b2959c7052e77cc017a5784,1764499333,1764499337,1699,97625,,
0xbe3e246c3993cf778547cff8412817c737518c108b9d8dee13bd31ef125c0f11,1764499333,1764499337,1699,97625,,
0x1641cfa44da5c54ba42000b3d66a0ef1d122d908ace28549db198a4f17e77b88,1764499333,1764499337,1699,97625,,
0x00ba8271c209c90f90ec7d7e5bde68fb393e90fb2be8fc95ae831f14ea623a7c,1764499333,1764499337,1699,97625,,
0x366cdc5595e014bff32d3b904d51af066bed500c12caa63e161e3092c154deb7,1764499333,1764499337,1699,97625,,
0x650facdf6783c2637f06be559bcc2daa59e6ef973dfd95b719a0f17f4678e75b,1764499333,1764499337,1699,97625,,
0x933a097842383f5da4926ebd97ea4191a6576ab299bf4f9606c6f55b401f99a1,1764499333,1764499337,1699,97625,,
0xa5a0ae3d5f4fde64044d18e26dca19da77f4a4a798b437611a945da0a9b4ce05,1764499333,1764499337,1699,97625,,
0x8379c6bdc56ee9c6b56c30eb9687b79ced2aec09afb90be23c0e5fb98b63621e,1764499333,1764499337,1699,97625,,
0x3e11fab5d62fc3236d3b8a1524c1c010e143ccf1225a6ed481f8ac6b40897997,1764499333,1764499337,1699,51234,,
0x36a08edee11a83b0731a1bf32b50f1a4aa9fed7305e4ae177f07a330626170ce,1764499333,1764499337,1699,97625,,
0x179c06f7e74a9d9ab363ea1cda5b30af878e7ca1d7ab0b323d7dfa07d62187d0,1764499333,1764499337,1699,97625,,
0x1604d0a25c70caea5fc6cd43e652812a2c9b14f6949cae4ee15efef3de3912a2,1764499333,1764499337,1699,97625,,
0x494ed3d2776164dbd0bf94fe8fc39195f8ddd6b0f00ea6d3394a1f19238033c5,1764499333,1764499337,1699,97625,,
0xde94eaec6e24191246f523802fffaf6491c4492432f0b742166d62913d685988,1764499333,1764499337,1699,97625,,
0xf59999a392e788dc20608ab9afc26c701d351ce069dda367b9b7b456d68aecac,1764499333,1764499337,1699,97625,,
0xdc663aaeba3dfdcf74e08050e982449f0932132264bed7f9a09f5b63fc66ffa1,1764499333,1764499337,1699,97625,,
0xa640114bcdc896fb65cdcb10ed90993f1b183d034de5bfabe1267d6c7486d8ae,1764499333,1764499337,1699,97625,,
0xd449a6d6f1246e8cfc81ca994c37429706db14e75bf5db1ed83d47f504bd7718,1764499333,1764499337,1699,97625,,
0x0d7af38201132f4f2c1b4885b85b088ec361c2db252f8fc93226e613bed009d0,1764499333,1764499337,1699,97625,,
0xe26ada16db584240b5e48cff4f9475eab752847c95e38739b1d2be0ddac7dfd0,1764499333,1764499337,1699,97625,,
0xcbbb2016891f4b489a68087774ff6cbd1bdd286b6a4c8367acbd851943237290,1764499333,1764499337,1699,97625,,
0x04c2a0d833a51940847f58c862b4d6637fcb01c77911bd1110c5fec6a7de18b1,1764499333,1764499337,1699,97625,,
0x9b4c1f3bbe8f1bd59dfb6f93b4bf8399fdaac61319eaa204c97d909369ab6fa1,1764499333,1764499337,1699,97625,,
0x6f9ae86ab421383699fb3d4fda55d624e9e230e2d605c3b6105d1d498da86fc3,1764499333,1764499337,1699,97625,,
0xf5a480e4b30fe96296dec98b7ed43d23bb10d689bc1aa3fc9f1fd29785cd36d5,1764499333,1764499337,1699,97625,,
0x0209e28f3b5fbf88307c750ed35f7c613b2b0788650d17e9af43238d3bf1614a,1764499333,1764499337,1699,97625,,
0x867be8591dade24f1903be5a4103c8e058b28abcfbb9f175cc09610f4c6dc787,1764499333,1764499337,1699,97625,,
0xd28f4a349f1e04d9d7bf2f003cdcd2856a89efa4d1c241d24d682fcd6a3a6ab1,1764499334,1764499337,1699,97625,,
0x0f0e2e04127e83ee48f38cbdde81446260752cca6cf2738659cdd29dedb9b173,1764499334,1764499337,1699,97625,,
0x51aa2ba8740bc94323e18aaa9746dbbe6aa023b5181f1c18edd9b318ab3afe71,1764499334,1764499337,1699,97625,,
0x3e6f52195da9acc5ebd49abd8e0e3a8e85f6b6194ac659910bda027f847f5bc6,1764499334,1764499337,1699,97625,,
0x501a469254351e092429a439324dd52d9a4ef7856ce2b40a290361d7d23671b4,1764499334,1764499337,1699,97625,,
0x3adde22fe07f9405e632efce0f0e9ef554400cc10a00df052adbfbbcafb814c6,1764499334,1764499337,1699,97625,,
0x33a3f1d6c1e556341ad01b91667245539a7d07b7310ba82b1628bb083542d35a,1764499334,1764499337,1699,97625,,
0x2b692976fd8b568720817e66ef4824a11a011057551385c3f2a685e7b4745d57,1764499334,1764499337,1699,97625,,
0x78d996a0f933842d3086a0756ca36c6ea809c835c0f369b1313ddd10ad5bf02b,1764499334,1764499337,1699,97625,,
0x8dce27bf0903737f15666971c1eef5390e3b6843bec1e02df666ab10edb2d46a,1764499334,1764499337,1699,97625,,
0xf863eae3111e8f452fd5e969d69ad446be46e32fab5ea971e255e77343c2504d,1764499335,1764499339,1700,108041,,
0x989e85791deca8571223afdd0e5ae08e7d34edf9be22486114aa40532582a1f3,1764499335,1764499339,1700,97625,,
0xf097dd3bfb0a346ed425767bf55bdfd6fb70d53fda8b56c40093041ccea1e1dc,1764499335,1764499339,1700,97625,,
0x13443d137689408efa8a55ef89e2e04f5e74988aeb9deb4b09381371b1e3b7f3,1764499335,1764499339,1700,97625,,
0x2b4f7302ff537a05228d8dd441cd1e0d44d5c19fccc699f97821ed8f70d031bb,1764499335,1764499339,1700,97625,,
0x0e4f8ac953b25c3bb488306b634ce935c0f6f438b32e928e8f547265bf203121,1764499335,1764499339,1700,97625,,
0x86b77d71afdb364f445a8ff3bf06bc051e4dcbac9b8b524c0b42b91e476fbba4,1764499335,1764499339,1700,97625,,
0x1885ceeffa1bd5da47ed8e373dc1764a3dfa9bf600e48f9bfedf92bc2a86bcad,1764499335,1764499339,1700,97625,,
0x2732dc132359612bb0fdb504cb60f836a5f9be1d4932b364cf865141fa05746c,1764499335,1764499339,1700,97625,,
0x1f46ba10bb5de851ae91480ab91c0d423e506f60f661dd429a9c8feeccfd1bf5,1764499335,1764499339,1700,97625,,
0x89a1551f2401659829620d3df7b61918e1c9199e671089e67a21592fc7c27a14,1764499335,1764499339,1700,97625,,
0xf80e022e070f917bc8c6ea1e73c79e88c221963f5258b9f5c2f20cbfb7574b45,1764499335,1764499339,1700,97625,,
0x48f4827926de352c5899bba9e78c96884044fb657ccdb8f9e231bf4c1cd2938c,1764499335,1764499339,1700,97625,,
0x8a812dcae9f5aa9db0d2ce7ec77ee5454b9e02d65044cd9f6317f83ed575a71e,1764499335,1764499339,1700,97625,,
0x06f789169df40a0f57530a86ba40dff3783651cecd3a95bbc42a19e64d92101a,1764499335,1764499339,1700,97625,,
0x852eaffce88ec952a9cfd7c168ea28c5f01a0b99f8114aaa013f8d1cdfbaee7e,1764499335,1764499339,1700,97625,,
0x984ee52e600ec40b6eb789ba04ec4bf5d8a2829390fee86fd81a9f9f28cee478,1764499335,1764499339,1700,97625,,
0x5c759fa6e71c05eea8f9ba7135802a71792ff4bf3406b18de0dba97799140f27,1764499335,1764499339,1700,97625,,
0x78e68c4d0d5ed213bad60a7597f187fc1dc6e2fcfbc049eea4eca15d4d865259,1764499335,1764499339,1700,97625,,
0x5e14cca5d9b3cbd2b14b8391a424951fdf28afcf002ac9e5cae7f091490a3a71,1764499335,1764499339,1700,97625,,
0x8c26a1dcf2672765d98021e55e75e80d5bc5087bb3a508349c2df4959b393a77,1764499335,1764499339,1700,97625,,
0x4ea8e9db9159a26604e3081cab0b224f48141ff5cb5901313ee08a373b1dfd57,1764499335,1764499339,1700,97625,,
0xf2bbd9bab2bea4c2d5e94cbbd9df6342d2af3b15cbcf0d0ed82c72238d672b8f,1764499335,1764499339,1700,97625,,
0x3da343074007ecf04ebfbb168de0db48ee2255970a96f300513a01e2f1eea9b0,1764499335,1764499339,1700,97625,,
0xc6a3b0deac7fb954064a78321aacf6f61bc856d82b191bb2b7101ad87c4eb78c,1764499335,1764499339,1700,97625,,
0x9abff32fd175b51806b6a7a9c4ae07313b5867e260421867c51eb2178a17d09a,1764499335,1764499339,1700,97625,,
0xfea940221758c7c1c72a10d6c6fe8ccefefa8a8d653b1b3bce66b27e2bbe629c,1764499335,1764499339,1700,97625,,
0x96de825415873f15f90cfa182596ae31e979a443afb803d9534d51d2e8f83f20,1764499335,1764499339,1700,97625,,
0xf5b95c1826ab6fb74eefe7807d353f1e48eb91af1a6a3cc984371e706e038425,1764499335,1764499339,1700,97625,,
0x5ae5fc7ff70aa83d66f44ea1405fd287c865578767c440b8a2510481cae7fe2b,1764499336,1764499339,1700,97625,,
0x1ce62cf228884d1bf43ac442f9ad6ec4cf675d9cd4c9d9e1c26fe563aadf1cc6,1764499336,1764499339,1700,97625,,
0x54a01ec0b3d5e818fd4ae5dec5667619d464c333c35af9f15968d0b347c03f9a,1764499336,1764499339,1700,97625,,
0xb96b8d7c273b332978469079ec19a66888ea2abf5a6de0e55703a1ec22ad79ac,1764499336,1764499339,1700,97625,,
0x4e8155b8fba9ff1be4a19a97c6df2e76705bf56eb3f97ccea3394fe6df0615bc,1764499336,1764499339,1700,97625,,
0x05a06fc919af263e863f5923dacc90686445c0577fdb505825a2f2dab4072b0e,1764499336,1764499339,1700,97625,,
0x67462b051aaef858e86b998697f5af8b19fd5dc9005b3974cd089e1f24af723b,1764499336,1764499339,1700,97625,,
0x04a3d0863f6bcd6355c764dc99c2f3cc49b802a8d04cecd2fb819b28afec5457,1764499336,1764499339,1700,97625,,
0x21dbec264c2426a4d2cef597541c4f09f0b2a4d86ba9f642880f4f0ef0486b16,1764499336,1764499339,1700,97625,,
0x4cd5bab562310c70919b9bcbdb77ef0a36ac1f58f2b617e5ec56c2039dc5d7f9,1764499336,1764499339,1700,97625,,
0x4a9da1f262428ed3b44bce100afb5db31447c68c55811731e2d071ba5d2d1cee,1764499336,1764499339,1700,97625,,
0x1ddfafb6b081eca1aa53d9256a6a533c274fd6507d7450de3958312a8d4150a7,1764499337,1764499341,1701,108041,,
0x3907eb092a329f4ce99e11d296693c816b3d1556ba2163f6b727d6c9d5222e10,1764499337,1764499341,1701,97625,,
0x264e37998312df274b1ad819f7d32d333a8afe55882a6ad597e30bbcc385369c,1764499337,1764499341,1701,97625,,
0xe0e51652266c98fb18a2d5a7b635cfece186069f0477556aa6a525360d8ec4c1,1764499337,1764499341,1701,97625,,
0x59901e58d948892962d1f8fd13aec92d74220bf4860f029590527d81b20a9999,1764499337,1764499341,1701,97625,,
0xeb03f7d4d92a159770bd3d642d8fa45eb3bbb8754c0f6ebc4846843826ebd8ab,1764499337,1764499341,1701,97625,,
0x674d0ac29d039f62be31ef8d09b4a431fd802b1bd599cd914bd4997848a2e7f4,1764499337,1764499341,1701,97625,,
0x8b89a2add988d0e3fa32d983d460c3e9b5e3e9774604853773597d26d1f4f75f,1764499337,1764499341,1701,97625,,
0xd7ff717c957eb39b42f184f8f76d60cf67ea588d8afbb726353a3e54626c6f9f,1764499337,1764499341,1701,97625,,
0x77ecc44d141fcf47e9c9616de872470ccdd4f07c62222f47454860e3ea52b609,1764499337,1764499341,1701,97625,,
0x198a9a93515a69ab56b5f38afbbf7fe26b7b8d0bee4b9d1c66ec031390acc287,1764499337,1764499341,1701,97625,,
0xfe868f5081033eee33c9badfc8543bf88c2afc3de1b59502312ff331f55971ed,1764499337,1764499341,1701,97625,,
0xc694393dd9c31c4f1ca59aa11b3a499219bf6862de173f687939c189f9015e82,1764499337,1764499341,1701,97625,,
0x0c43d819bd80931f04533d67968aed805ffb5c0c15d4328f4dea797b08884c70,1764499337,1764499341,1701,97625,,
0x2aa516cd0bd80911f18f21cc8451c21e705b9c1173f701e4b7475ce505a4c734,1764499337,1764499341,1701,97625,,
0xcb581dd160de298676ae23fbe655d1141bc204e36577fed4d80abcf172a749cb,1764499337,1764499341,1701,97625,,
0x76745ec619bc203fbf807b0b031e3dc13399b39b713a31fe967f7bc306306b51,1764499337,1764499341,1701,97625,,
0x5c4036e910411a31911bc951cd82b8a3e1d0e898a75297ebf943ecbf6264dda3,1764499337,1764499341,1701,97625,,
0x5e0c73d7d0b4bc5455d8d4c89b22f41f4dcdf63acd6787fbd06017ef5cab99f2,1764499337,1764499341,1701,97625,,
0xfa683f5b87abd0806f75f524ae07952713d102b4222f82b853bf7186ff7856a8,1764499337,1764499341,1701,97625,,
0xef1b5894561128021068ec05aac2296b471ed0e9a45be78c1fac5d0393d12bfd,1764499337,1764499341,1701,97625,,
0x34e999e7c93ef9042a3f71e0eea3fd1adb90225aba20ee6b85a551a6b33201ae,1764499337,1764499341,1701,97625,,
0xd3996b15a88d1539bbe972dbed6d7b9e3ecd3eae278496d75513ef8e3ee537b1,1764499337,1764499341,1701,97625,,
0x8336e6e0e5d9a2b2d5319647b01cf53e668b5ec86549391c29e828797422c85f,1764499337,1764499341,1701,97625,,
0xc6b5bd28ba365edb7af1de99f454c8e9f8a952021e51531d0bc7c94b48aaa196,1764499337,1764499341,1701,97625,,
0x67665c9c1debf7aa7d217238a2d090714e5f416858b808162fee6928c330afe9,1764499337,1764499341,1701,97625,,
0x2f3b560ce32fd0ff6f50d152b47f619c221701ccbc4925d01c7954fc3966727d,1764499337,1764499341,1701,97625,,
0x796210a2c6a0bee2cb52cd84c59a64ed16c0cbce447416ee6a9e87a7c6d86bad,1764499337,1764499341,1701,97625,,
0x7388329e7d69431c3c4accf6982664e1668fcd0c3458e7f79fe385a1bc5750b2,1764499337,1764499341,1701,97625,,
0x80bc480152589048e638a800d0bf6d2c2f643052f4155ca1f18f34cf2960ed01,1764499338,1764499341,1701,97625,,
0x5b385a08a2ac10be69ef225e8eb3c23098568940b7f5e7f755dbb35013addeae,1764499338,1764499341,1701,97625,,
0x6a4eada41f7d34c55411452298fdd96a7ce112f8b01371b5ce2a8f3b89be2f8e,1764499338,1764499341,1701,97625,,
0x7cce56cf6f3c1e1bbb5c960f4894cea063685b673a8688c868971f0fb4f56e9f,1764499338,1764499341,1701,97625,,
0x42c02a2aae024bcf2d77c9185f286f74ce18e48bcd2ae9f195ffbebd52316e92,1764499338,1764499341,1701,97625,,
0x603eb76a0d9d42190e4c55f692781acc5c96e6b61359c2eddb04bdf50bceae3b,1764499338,1764499341,1701,97625,,
0x8ddeec7890ad1f2c364a26c48c7bd5cb135ff088d245347449add15cdcaeb159,1764499338,1764499341,1701,97625,,
0xac387dcfb0650a466e64d66d57664fc9ee342add2c6e92753421a1ee6a2bd161,1764499338,1764499341,1701,97625,,
0xd18421e3b906d05a79532daa1c00924a305b8c0eb439cd31c928623a672f8f4e,1764499338,1764499341,1701,97625,,
0xc94e4498ae326f46523e36d5a865c70ddbf3be3e97fe81049cac85e497d49463,1764499338,1764499341,1701,97625,,
0xbe3a7b19d1ac142d24ac152c6573812da654de988430b50a32311a1758df0833,1764499338,1764499341,1701,97625,,
0xbbb43b0ead1a25428d601c2bd284002f8b7cf0c67cf6abc6e37512458a9f3f8e,1764499339,1764499343,1702,108041,,
0x02b0c576452c5afe80399acd2e4fa2b4dd39e129a5850e53fe5765ead9e30f68,1764499339,1764499343,1702,97625,,
0xe47964ef8ca57283a0016b086c498cacfecfa394578f25bb7b42cd23057f811a,1764499339,1764499343,1702,97625,,
0x3937965e11c03e077fb5ffd8dc4762339201d73acb24866e1dc58e94a62058a9,1764499339,1764499343,1702,97625,,
0xdd9b29123aaf752d115b73f2f3e654f9052fea9f0ed3439ac41ceaf76d0f6227,1764499339,1764499343,1702,97625,,
0xdd23057cdabdc6513d733d2750a1366fb9ac28bf5e7bd6ff514a8a0ecdc4a27a,1764499339,1764499343,1702,97625,,
0x02458022cafacb8daa9c1824fd1549d333f9b24cc2080d303f0aee59e58a7485,1764499339,1764499343,1702,97625,,
0x5e02514b1516678091ed502295899e769ad21428f1a187b22f313f3ca2a2e015,1764499339,1764499343,1702,97625,,
0x2d6c2ed3e15cc252af6deb0690224ab0fd907f50d578a29485f0b00d6bb40a94,1764499339,1764499343,1702,97625,,
0x5e275da473db6549f6ba5d1de7d3a3b14243734d8d206a8de137e31c8125390c,1764499339,1764499343,1702,97625,,
0x4704cbcb2661c4107b5b1095e37416195bb11fece763bf73dcced4294341a5d4,1764499339,1764499343,1702,97625,,
0xb1e712e401d4fd415748c4b04c2e45d303f2fa14e1378dcfafd6996fbfbbc724,1764499339,1764499343,1702,97625,,
0x5e94098d48c650db5aba59da7d713fcc4fd47f299aa63371cf224aeea89d7d1f,1764499339,1764499343,1702,97625,,
0x064fd49555b4913da213e25f2b750cbaf9f22401b67a9c48c035ed3818c375f6,1764499339,1764499343,1702,97625,,
0x510cb1b66f78b8c85a3b0ab971864be35c7eaaf8343442a8fe22f02a6ff077a1,1764499339,1764499343,1702,97625,,
0x475b04c39cd5cf669ed47e76138f6e3a1274fc7f3a23535f64e8fb51841a8da2,1764499339,1764499343,1702,97625,,
0xfe5d563fd4854d3a828a5f7d1f40b6b06c4a49b7efef9b2b032fc4a12a794242,1764499339,1764499343,1702,97625,,
0x02bbf3453971de0fd05bfaff3f04b328ee868f84ce0f5eeea7e55f8618e931bc,1764499339,1764499343,1702,97625,,
0x4b5f9da8881fd8c68da2af3017929f434e2da7f679e207cb86a9a61b5f9af17c,1764499339,1764499343,1702,97625,,
0x99940e3d35f68ccab19e100ec67dbeaae7124993d74a809091299a459e1247df,1764499339,1764499343,1702,97625,,
0x7a6e70790cc26e579c0abccdbfc4e509eb83ae00b0bcdc4919c042c6dab3bc05,1764499339,1764499343,1702,97625,,
0x762216e5c683d0eeac35c5441bea9b49bc5ce468d5b50695776bf2b8e670e6dd,1764499339,1764499343,1702,97625,,
0xc004af2b92d4b19df037069580e01205bbbfa9fedbdfb8108536f2627ff643fc,1764499339,1764499343,1702,97625,,
0x049e834554230c23925f98e65bae97100be39ace6eff42219ff563f6b0e444bb,1764499339,1764499343,1702,97625,,
0x74064d5069ad3625177997276f1a13b8a249fb6803dd6efe79829330fafbbf24,1764499339,1764499343,1702,97625,,
0xec22e404f6f7b5054ba648dd567f2ca3bef866a4076799f5c6a3cb0a88aa54f3,1764499339,1764499343,1702,97625,,
0x75c4fe478f749f4883c23481f0e7f3b8afee637885270492f57497548deea957,1764499339,1764499343,1702,97625,,
0xc221ca8fd5b7cc0acb46bd17e51f652e42b8c8b95a50b57f84d20915757496f1,1764499339,1764499343,1702,97625,,
0x3524b5386dd67fa459b3284b78c3c948f681fe443094d250724d639335275e92,1764499340,1764499343,1702,97625,,
0xe66f84ab8a8098521e6ef1ab5732cd71cc2e781bee12ebcfac18196e898d9055,1764499340,1764499343,1702,97625,,
0x7d6175b0177cd79be4b9c49dc8343374d2e747c299efa532fe4483478842ddfe,1764499340,1764499343,1702,97625,,
0xb4854466626e535489d79f6cec9d011d6e3c75f68f2b3ad98847018117007a25,1764499340,1764499343,1702,97625,,
0x02316549b8a4149c87985121880d33e3b86c2b6427f161d19b9f8c56625b0955,1764499340,1764499343,1702,97625,,
0xc872a3bf81dbad3d3fc8cbf2f8f20ab764e03a5b9efd51eca7fa83912f21016e,1764499340,1764499343,1702,97625,,
0xd44b8c1e672db70c7ac4ff6c3323420f73019e02bfcbf13ce9c289e7638d867a,1764499340,1764499343,1702,97625,,
0x609c96870025ac86b4ced08145f56f64eb49ef0b904dc413e2cf11c593ceb2a3,1764499340,1764499343,1702,97625,,
0x38beddbd44c29c3d84b00598e26cf42da0e749b17b97513c4449a6ee424b5d8f,1764499340,1764499343,1702,97625,,
0xb69e116ec538c32b54c1b55c8c43a2cea16231f6a040158a9a2b7c1f3cf325dc,1764499340,1764499343,1702,97625,,
0x89164e701dfc6b05e954d2d1197cb4d40b4df15c94771a5f07080a7283988e93,1764499340,1764499343,1702,97625,,
0xa4e652684bdfa6462f1fe167b43a0cc5b27e12f56257f33bef552c8cc069665e,1764499340,1764499343,1702,97625,,
0x4aaf93d208642884dca9beb71538020b85be513b326fbd1fc468f5ffc1c0ba90,1764499341,1764499345,1703,108041,,
0xf6745631462294c1009ce8e68308572390bfca991cd056413037910a68fe25c5,1764499341,1764499345,1703,97625,,
0xb2cbc7a7be49a0c144ffda00226aaf579df7a86563cfc1fc5921a9ee9bdd05bd,1764499341,1764499345,1703,97625,,
0x2acd08433a335e00b6f939bf769a9181b103ca9dacd546b60dd29b3f7b024161,1764499341,1764499345,1703,97625,,
0x47f7c17ce4a8712fdd85096cdb5b1da79ce37e588d006e627650ea3815ff54cf,1764499341,1764499345,1703,97625,,
0x5ae51f71fc16adc1c20d2629a771638572cd5b3193284a942ca5cd7f9fa7171e,1764499341,1764499345,1703,97625,,
0x9e23e74fc76c497e7c8d7826d3d4b0a86c2d8b72c1fd8f849efd2e9899c828c9,1764499341,1764499345,1703,97625,,
0xd8536f3b3080e45c22dcb4d783fe7ede7442592140b83f833ef8e66fbcda41c6,1764499341,1764499345,1703,97625,,
0x4a9d6270ef031e90841fbc2c99bc897d57e1da9eb253d21ece17f290a8773f1a,1764499341,1764499345,1703,97625,,
0x0d847b2c6d70d116a1f3a63b8e5078979b5de362e44f430bcc768c94e0bbce27,1764499341,1764499345,1703,97625,,
0xc974e1eb2cb3b33b49e3ea5799a856468f69336087da3eb5e881bba9346b93db,1764499341,1764499345,1703,97625,,
0x34dcc57537997394cb45dd8dfe7a1666c1191572944a62e427be2b6b8922ad60,1764499341,1764499345,1703,97625,,
0x608bcd66c214dc919a9229b00e05f750abb2a4b30c5f11a23967282a3fbf4afe,1764499341,1764499345,1703,97625,,
0x1cd2c96dfd6111d45bbde63c3ff56bf50f971d483291855b35345e339344d33c,1764499341,1764499345,1703,97625,,
0xfac4d0103bffa0f710d25d262a68bc349f2628256b6cc8416bd72dfdb78e49a9,1764499341,1764499345,1703,97625,,
0xf5e609d57f6461a2655bbcd3ccdc84b7340a46c0259cfd4cf4f2aa4dfefd7650,1764499341,1764499345,1703,97625,,
0x440261df2702d882adc832709fd6378f026ff194f7d8b14575858365f9e9b864,1764499341,1764499345,1703,97625,,
0xa0572eab4dff019bb5e2ddc5f1e3bc6904f00df7c8a5e09b0fc4af03f69d8ba6,1764499341,1764499345,1703,97625,,
0xeb0489ac3939442439472485734b1d3bbdd7556019c601acd258c05e1a562931,1764499341,1764499345,1703,97625,,
0x7705308ce344441d60adc71f45dcce55568570ecb86ba019910390a00c102881,1764499341,1764499345,1703,97625,,
0x4dae8a716215fb1c8165415a1b5b26cb142d31cbfdde47d8a7110bd96e814d2d,1764499341,1764499345,1703,97625,,
0xe07c106801e7efffb96719835e0712413b866afdabfd95a4c1cc6935940d4ca8,1764499341,1764499345,1703,97625,,
0xa1eec8fb8320033b6503020de944b9864495dede82832a72b31b7288a7d47776,1764499341,1764499345,1703,97625,,
0x8d7b85a8ede1ea22138e0fc84984f36a1dbc39454a2fc2a2c2e190ea6d3842f2,1764499341,1764499345,1703,97625,,
0xde483cb4fc08639c5f6e503d744b5861857a01fba123aacb4b4175cfaf9df102,1764499341,1764499345,1703,97625,,
0x3eefb98335da86f01701a2e349983e854477e3560a0af44ddc3c8fa67f484c1c,1764499341,1764499345,1703,97625,,
0x43481b11dbc074c92caa7d4d72fbd5ac0cdbee398c82e98f833c21e044661fff,1764499341,1764499345,1703,97625,,
0xefd1d4812e8c48d43abe87db4d0f3883259982bd3d57b37b0c614cc357cbc635,1764499341,1764499345,1703,97625,,
0x4eba3cacd3d07915cab843461029f35201062f3341e9bea09b430f9635f4562d,1764499342,1764499345,1703,97625,,
0x521cd780b6d8022958882745e4a250139b52cf4f475d2b14164ad035ea1f6e4d,1764499342,1764499345,1703,97625,,
0xa5b6835716f77d98ac8dedb6c782053aa43b7ba03f3079753c09c3d1f15cfc7b,1764499342,1764499345,1703,97625,,
0x73054987e5543997e14e03ff8c626cbe39e7a6457ce701d2887ca3153156fb30,1764499342,1764499345,1703,97625,,
0x3d3c7c9fa16b3e27c45b6fec58a3cc1c51eabd707dde198b6032a055f44f9588,1764499342,1764499345,1703,97625,,
0xf28675f9d0b2c5d4a168516525d74401df50b082b6878fa442e8826d0ee3332d,1764499342,1764499345,1703,97625,,
0x26cd20a4e555f9efab10674104567b6d248796a323f88657d9b054268d2a5cb4,1764499342,1764499345,1703,97625,,
0x4fcf52d068d065edaf8f4d089aed616ca26bb663cb4140a47ade746cde65ad89,1764499342,1764499345,1703,97625,,
0xa684f98272888a6d947dfdbe1168a0a14e2f0cb22aceaabab449b7eccd1ca6ae,1764499342,1764499345,1703,97625,,
0xfc21f6ab6dc678dfa256b9fe4af23644ff7d0246d15ba24e9db0ed4831fa5677,1764499342,1764499345,1703,97625,,
0xfb0d9b36680937856db3b39031689bf21110b52dcdc3d2c24faba6717cfb04e6,1764499342,1764499345,1703,97625,,
0xf94fc575a680bd75ebd1110db8bcc6aa731de65a185fd875aa90aee5701207ee,1764499342,1764499345,1703,97625,,
0xef4f030da1090ce6667e2276cb80ee73012ad246b7823231c1e94584305f4aeb,1764499343,1764499347,1704,108041,,
0x41b15eee73fbcffdd052c3717b11dcd8b7444b4ed737ec9b76ff1a3b3c6d3cd1,1764499343,1764499347,1704,97625,,
0xd10be5dd3ff3e76d8d49afdbc62b09976df8153f0cad480ff3c82838bd56b218,1764499343,1764499347,1704,97625,,
0x7047caa40309c7264505c9b73ddae2ff05f703b6beb7090c58827ff78dcfc9a0,1764499343,1764499347,1704,97625,,
0x33d3e57b8d006d5012f220be379784fa0c1e22d5c691833a262806d9e4470eab,1764499343,1764499347,1704,97625,,
0x5d5cea1d93b856286e9e79c41aa79c47c22b7fe2f1d8d662ce89eff5d637d3ef,1764499343,1764499347,1704,97625,,
0xce6d5b123d759d18889b5c183069b9f725e6ff181c8a7255875386391e6245c5,1764499343,1764499347,1704,97625,,
0xe8edf3462a6fcacd0831081118dbc091e474f4c9ec1bcfedc34629e3a5dfbda5,1764499343,1764499347,1704,97625,,
0x4947c6902d27d8c6f2488576cc524fd26ede9cb6fd48fb47bfb4f6ec50bc829f,1764499343,1764499347,1704,97625,,
0xba85cbd3314189445dc093deadc2c0ad016ae9ff11e1614a852e8472f7f18916,1764499343,1764499347,1704,97625,,
0xbb09bdf8bbd236be662717667ba6ab0757b11fccd2d488540fd9e4908d352063,1764499343,1764499347,1704,97625,,
0xd8ba5171cc178b5279b96c4e8860b939954a0d2f98c9a1f93ea0b649273c834d,1764499343,1764499347,1704,97625,,
0x6a7ff7c6e55c6136c24279af9dd78f28c4a3d9ece32b18364e22c101b34949bb,1764499343,1764499347,1704,97625,,
0xa52a8df81fae0a251a2bcb095b0bec9f1deae9434931ea1d0592f2fac9609752,1764499343,1764499347,1704,97625,,
0xe3536eddf387bde3172b75aac927fea24d141c943e3eb375ea722507b6820042,1764499343,1764499347,1704,97625,,
0x895c4fe82e51c4826361b10415ce91d56b52cc3d27dfe16a6d0538cc2aa94d08,1764499343,1764499347,1704,97625,,
0xcac679dc27c283dcf1a94dd78219ef1148a5c397e7869c56e832f0ca784f3c84,1764499343,1764499347,1704,97625,,
0xe2ca874c44c197f7b7b849ec07449101ad934edba0edcd38198d6a476f9ea10d,1764499343,1764499347,1704,97625,,
0x9dd4dedd8c7193f00758e3d122110f0623683f28a684f72ead758c43aa9e60c1,1764499343,1764499347,1704,97625,,
0xffc098c6ca926b694225fe32b41c1707c19b7cd9ee0223a3749bf7e31f440216,1764499343,1764499347,1704,97625,,
0x4226baf246fa9ca2e7bd043095c6df3ab765d8f1156a01e530843408fcfc7664,1764499343,1764499347,1704,97625,,
0x39b8b4cb8d266f5facf6ff2c20d839b74865aae504c11fcbe98cb35ceb8d6f33,1764499343,1764499347,1704,97625,,
0x46cc28a1ff23debfc6267865bf68740bc3f55979456246dffc19e800f49aad20,1764499343,1764499347,1704,97625,,
0xb35380f1869db82a740ab3b7a4c127c57eb4f7b8549e30cca5d72dae645ec4a9,1764499343,1764499347,1704,97625,,
0x51bfe48f077a9aab647dabf8a10516c2561d60ce48477969a76333b90f5cf367,1764499343,1764499347,1704,97625,,
0xeb44cea199435a20f2b23ff00624e82dba5681431c76cca9bda41081fea6c83a,1764499343,1764499347,1704,97625,,
0xaf73d12fa50fa4d9f36a32191c1a60d069686d194a790e8ebb2b1ed7c1325944,1764499343,1764499347,1704,97625,,
0x35160c9c9c8e6de86d084b42f1b57d2011a5061e8c9c2466f0da734666266643,1764499344,1764499347,1704,97625,,
0x943ca4499805c9d1a25dc845448459e22940753852998f03d4ca279f83393bfc,1764499344,1764499347,1704,97625,,
0x79e10341471fabf331a6ac62573c5ac43d1f16fa706f596e807f4c6893e53fff,1764499344,1764499347,1704,97625,,
0x431d439894c16b7a3dac7612c8f8635f10900cb27de3fc3f2ac997d197c82d4f,1764499344,1764499347,1704,97625,,
0x7041263d19f56d46c911987cdb6f076d02ef7616804759448c6cd8da2b8570c6,1764499344,1764499347,1704,97625,,
0x6b4821efdfef875a1014a9ccf696761b272af0031b9a0c7fa8e0ecd72bc1b868,1764499344,1764499347,1704,97625,,
0xba1fe7f29d4a766ee4b7b0f7d7c7cb76bb72a5b1eae71b833981ef73f9818f69,1764499344,1764499347,1704,97625,,
0x4309c8ed75fa0cc677271ffa6efa9a095475b3627e630cac89c091633c91eecf,1764499344,1764499347,1704,97625,,
0xa9f1a9b6b48c75cca3c17c348abe70f4aeec0d733b5e0211d48df5fb103a30cb,1764499344,1764499347,1704,97625,,
0x684469cc1e1add47e49f185d1e29c36985a768e89820b6c62b1365b9601b4f5c,1764499344,1764499347,1704,97625,,
0x3314f3e5135a72e913ed4624c3e868c9489eb5b1509ae40f9587918288648d67,1764499344,1764499347,1704,97625,,
0x56e675e8014c6f4bd582aa2079ed7af941e22d0267331f42d59f8df48f078fe5,1764499344,1764499347,1704,97625,,
0x58dca839ae94bfa543b248ef3086270409922b9b64a3994f6ac5eca65d1df472,1764499344,1764499347,1704,97625,,
0x647d9a48abec1bf0f08888b13f1c40377d61160ef2049d907db4104ee9c025b6,1764499345,1764499349,1705,108041,,
0x6b660684593809eaf216321e1543542a2f340c363f74b535499c4107b6db84f9,1764499345,1764499349,1705,97625,,
0x780e8ad824d6a7128bfcfd878cd3ffc1777df2e6e2f5a617517bf09fcfb44d69,1764499345,1764499349,1705,97625,,
0x0a7389a613480fce7c5d5703340f473a37ca39d25291839188cdad751ac52f36,1764499345,1764499349,1705,97625,,
0x4f881c0554eb5c915f637cdf21ea79cc7b931ad3a51bb5bd5b348a0c84e585e7,1764499345,1764499349,1705,97625,,
0xf8c980e8d205afb65fd61b8c01a49beb297a702a5e4d61def7bf594f3ea1fc5c,1764499345,1764499349,1705,97625,,
0x0cef12f07778d27dd1cace0a309968aa9ef577dd50fa793f509aced36ef9fc5c,1764499345,1764499349,1705,97625,,
0x4a2ccb483445d6dfd908645c5d0c38cf3792ae8e7a6e0134091d67e8b476cfd6,1764499345,1764499349,1705,97625,,
0xb2fc428bb25a92074438c6f9200a96a65c4bcf6e5c8f2665da3e5760b85d6b9a,1764499345,1764499349,1705,97625,,
0x2766d37b2fa87c2709a40a028ae26980185041645ec6cbd18e5bb6fbfbedb115,1764499345,1764499349,1705,97625,,
0x3bb80291555a97a446fd7d70985b2f6ed9f83f5e9c124ef351a9ca82807d3ac5,1764499345,1764499349,1705,97625,,
0xac02c2bd16a49672057085a3dd451e448874ce52f7fa535612eca861046202c1,1764499345,1764499349,1705,97625,,
0xae8634094cb6d01b255d76e78a7b0f62a25c154516b6ab71ebd959b00ad29766,1764499345,1764499349,1705,97625,,
0x8d557be656f1e34b54271b5960ca24200d8a3baff326c3f8eef6c1822afe554f,1764499345,1764499349,1705,97625,,
0x9fa74abe4418f85930aedde182e3072b349c29260cb1af311bd9575333a7b75c,1764499345,1764499349,1705,97625,,
0xc47994750420821dea70dec44601c2a8028944680f56343763e31007054385dd,1764499345,1764499349,1705,97625,,
0x723857ebb32f51c5b26914b028c41933fc326aeb819e60a56e2d4bba77158a75,1764499345,1764499349,1705,97625,,
0x4d57d2debb1fb46144bf1314a260363c8af033f354868ca68fc82eb4d82f67e0,1764499345,1764499349,1705,97625,,
0x92b002d790a8dd178f152c29abca719376b4e2d95dd410e89d1b8023280c9244,1764499345,1764499349,1705,97625,,
0x14eb3ba84cad52a095364e9c057d9e5d2813b4e389e02f462c1464ed592557bc,1764499345,1764499349,1705,97625,,
0x1137655951ac39fb89174c74f45b046013b2e5d703bf8820b1155cd947803860,1764499345,1764499349,1705,97625,,
0x6a6ed842a98c436504ed311ce52e13c4a71db0d287b7602753b4d93224d2c76a,1764499345,1764499349,1705,97625,,
0xc0c49e6f22e4a60e147a5b81417ceff054cb7810dc9fc3fb38b1fa1b212bc573,1764499345,1764499349,1705,97625,,
0xd376bcb626ee24c62d39159bb43b5f34fb8d8255df5fcdb86ff31dd319c8879f,1764499345,1764499349,1705,97625,,
0x7f62eb870b2c96a49a5e74d315e54080b975835cdc96121af323ef391c90f054,1764499345,1764499349,1705,97625,,
0xed6ae72d006ae86af08731ce44bce4a6ec2bc63fd354c4b650f246e5f5007196,1764499345,1764499349,1705,97625,,
0x9f5549c7d895b03faa726097603ac1052e33d6a578cc6988f4a609a8aef1c8b8,1764499346,1764499349,1705,97625,,
0x8665bb4b5d3214aa04afb235c1a232c59f7e78d3a528abca3c0ab29fdccc9874,1764499346,1764499349,1705,97625,,
0x0a14d953947ced652129baca10de82fa7741a81e9aa22b54a3c12fc44e967f59,1764499346,1764499349,1705,97625,,
0x75888431188f7662e7c1cd866763a6fedbde17352276a54e72203a88567c28a0,1764499346,1764499349,1705,97625,,
0xdbf44d63e0df20d21a6abed670f17bb4202781939e6890d7f7ba67a3899bed25,1764499346,1764499349,1705,97625,,
0xa5bd211658c9ae6f66b2a86a2e6b83d1c202b6780431ed9eca6e4d75f647de5c,1764499346,1764499349,1705,97625,,
0x7f8a70f481f7f58f830d017db9b31b4745d580608512520d2db38dd5a6299736,1764499346,1764499349,1705,97625,,
0xba1ad1ce4ff545b49b4e8d89cecd60802b82bf4b5d57b36a1d5b02d1e151830f,1764499346,1764499349,1705,97625,,
0xaf03d7a466aac3f3d78bfa4d4c1df6de7db2cb1df796709433dda195e32dee17,1764499346,1764499349,1705,97625,,
0xe63668dca877ab328bfeeb07b5edf8723ba55cbddafdb725768aa4c05d453b21,1764499346,1764499349,1705,97625,,
0x0150c78f40d64bdffb9adf76b2800011d05544a76ea8546197361695feda3edb,1764499346,1764499349,1705,97625,,
0x23ecc8ae31282a21047b1f2a81dcdc01922e45bcaca2abc29c693d9499792da7,1764499346,1764499349,1705,97625,,
0xfa2c816eccb31bc3c533ea67b8d184ee6e9e79c4789f9751245c0e5aae33904d,1764499346,1764499349,1705,97625,,
0x004d0f6e3f2d48fd423021e03631a83d1396dcfefe71c3722fe553eb13a73824,1764499346,1764499349,1705,97625,,
0xf1fc4be2aa2df973c50769cd5bb78a7193cd10fbefe22435fc92103cd7791da0,1764499347,1764499351,1706,108041,,
0x21abf3411ef0e9c87f54674a5c7c345f33a9cfe62ba56258080aa21213c5ec33,1764499347,1764499351,1706,97625,,
0x8a1df047ac210c3fc15bf42af41a3c25235f71287232b89077cf94cf099829b2,1764499347,1764499351,1706,97625,,
0x09ee5fd4eb98ae34ec2a862960f9fca571140071b77b803f996f99fe2e94a6ca,1764499347,1764499351,1706,97625,,
0x20932657ec2308f82c83e8dd9751626d38f033619ad53e6fcfe9d4e00abac232,1764499347,1764499351,1706,97625,,
0x1f7eedeb45ee6ebca329de33ec0efb18299c791ca7d709e04eb1ee20f32ef7cf,1764499347,1764499351,1706,97625,,
0x87a611d2d5ab99e6b5362d8628763cbe0fae4f2ac4936f1bb79875d384c511c4,1764499347,1764499351,1706,97625,,
0x6edea4f3321f109585ceced11beb1f5afb76bb1a8d2a7c9dc594ead703bd3322,1764499347,1764499351,1706,97625,,
0x9fb710d193b1b398ff605cb5673fc1f956244dacafe06efa1f0925b9a9821ad1,1764499347,1764499351,1706,97625,,
0x818b0e2224702f2cc8abae5b39752ed93af4a00303d819674fae81f0d58695cd,1764499347,1764499351,1706,97625,,
0x4ac7fa5df2bce57b18e02f54f6648ea1f53be5fcbb3114fd2483eeabe64a5a4a,1764499347,1764499351,1706,97625,,
0x38fe492f0c14ab8b902ddc4f3ff70dd4ff690ec7e13a8e159bd2485fe33f6804,1764499347,1764499351,1706,97625,,
0xf5154eecacd7d2bb371e8002f781b810d7efe0ac3d2be46c035c7d56b4741cc9,1764499347,1764499351,1706,97625,,
0x87edf13a0d133a9690d358d78c671ea029234662a86ee189ec7dcd5219ef2ccb,1764499347,1764499351,1706,97625,,
0x21d0ee70fcdf4834f025a885bdd296399baddedf2f0750a4329ef0cea0b26e0c,1764499347,1764499351,1706,97625,,
0x70cbfb26cf4a1832fdf04fd5ad8e6498358ae9ca4c605d54743c7358548f3e20,1764499347,1764499351,1706,97625,,
0x7e8b971ca55f8502343b422b8793e6dd07e30d32eca27e7e985e033ca8877177,1764499347,1764499351,1706,97625,,
0x6ac7b1883599b20cd5057cba7848bdcf2053a6a5cd1b56faf2186be726c16f75,1764499347,1764499351,1706,97625,,
0x215ed6bcf76636c9499b5d38426238de3e045d68377f0ab640f9e131eb82a041,1764499347,1764499351,1706,97625,,
0x1adfa9a7a9350a7fbc26242072ff3d8654e9d7c0f4cef81e54383f7ef2a0b7f9,1764499347,1764499351,1706,97625,,
0x3b14bfe73292c01372594d03d91dc8bfa124981773f582e91d50b84266230a2f,1764499347,1764499351,1706,97625,,
0x1910705814e54698e50e19e81f616c03bf2c610f4debcd2ebcbdecf55ad792ca,1764499347,1764499351,1706,97625,,
0xb44859c006f89c1dfc5a952b62cf68f61b9276d6eefd2845688df499b33c8391,1764499347,1764499351,1706,97625,,
0xcc2b018c7466342abbd2725a2c2ea9b0366407c16c5f8dc102f290c020fd52bb,1764499347,1764499351,1706,97625,,
0xacc50dd028fcff39e253075f490a6237f27124de121bf39cc64bf7e402171abd,1764499347,1764499351,1706,97625,,
0x3e23eb3d3dafb94ea7a56a4a61fb4b91a6cdb43e35aa74eeb24651ebd51c9fb7,1764499347,1764499351,1706,97625,,
0x909735c184cd383159d5e0a3c5557e76f388562c039c45fe2ff23248b35928c4,1764499348,1764499351,1706,97625,,
0x10a2668da86f0cb45e2659e16a038c519b2be20ea35049a6c8a6684b9c4a7937,1764499348,1764499351,1706,97625,,
0x8ff20962baa720dea92559e8a18386d4e4f4c0414fedd90363462a3142450e7c,1764499348,1764499351,1706,97625,,
0x50ca265403765ddd6cff5b4601b9a35af7e29ccdd7f86890e4e4c2e0e73025d3,1764499348,1764499351,1706,97625,,
0xcd5bc3af610eb8b16e6ef7fae4012a38169d2e9803a890ce5e98c37453517649,1764499348,1764499351,1706,97625,,
0xe87b2afec3185d142dfe22cd4fdb8113981bf7d6137d2c62879fead3c4417204,1764499348,1764499351,1706,97625,,
0x2384b415844e98f8d4635bc1c656e522d5b22421fa6f9bf8c6b04aafe4efba79,1764499348,1764499351,1706,97625,,
0x88fddddb0650b64176cf304e6aac2913e82570fc6a405e8e337e415ebeeb6e13,1764499348,1764499351,1706,97625,,
0xb6d46560991c9bf68a3c931c8418365e768b27d484b163ae1c05eedc593a8e23,1764499348,1764499351,1706,97625,,
0x89101ed3bc0064c4545deeca8d0ea9192e7a72d95319ee921b3be9b5e146b50e,1764499348,1764499351,1706,97625,,
0x35a01f259a168d975465bc8749d4e50ee408c73eb460a7416a723aa0103ae98d,1764499348,1764499351,1706,97625,,
0xfa031621b14ee44819f3ce83fb179f840f1ac23eb7b00481ca3dd8e8b9d79fd3,1764499348,1764499351,1706,97625,,
0xcbbd926c6eecf4defbface736c1d77d0e1926442fc02157d9beb58188f86b071,1764499348,1764499351,1706,97625,,
0x2166716ac48a1175b2bb1ef6c67e5f0b9c230710e7fe69cf86f5808e62dc9320,1764499348,1764499351,1706,97625,,
0x29db7e3caf85084a7f475ce920c5d3d26cd94fe9ffca756e92e4372097d28cf9,1764499349,1764499353,1707,108041,,
0x555709e8a45da4903f17d0938a023ea088ae581d8923901cdddf8164956df8e4,1764499349,1764499353,1707,97625,,
0x5867d3c5dbee0d91091bcbe8483d098770f55718452ecbaf431fdaba9e5b4fcf,1764499349,1764499353,1707,97625,,
0xce3a6b3a9418e68623493cd0c23d27ed4184a9410a04261794ca34d6eba46177,1764499349,1764499353,1707,97625,,
0xa07c1ded984fdfe049506e47c50ac3b9dbfac03768fa17e340c31993ef97aab6,1764499349,1764499353,1707,97625,,
0x989c0166c7ba98bf9621b870cee8925e25207e01a10c5f372b4610075b61c902,1764499349,1764499353,1707,97625,,
0xd705d0f355a27ff4e76b6141d8a1899a94b365844f245c328b5e91ebfa1ae47b,1764499349,1764499353,1707,97625,,
0xd50b907ec136be84fb020ad263e0c88c3b1b7473d4023b16ef4820bf32513a4f,1764499349,1764499353,1707,97625,,
0xe34247d88c73a33936423636e191d53b0e52368b30c3f26e04d4b2539968e6ac,1764499349,1764499353,1707,97625,,
0x2f8879b1e52300c593575e82c481730fecd00596e38722ad0e0083d2f9a9fd1b,1764499349,1764499353,1707,97625,,
0x942d06b6c43c0e0592bd987b4ac1b4b6f561702372f7ba51e65441e5ad389678,1764499349,1764499353,1707,97625,,
0x3a21de2b8854d9665a1786d6fd755929e1a1fd2ae214ee42f34f17072aad0eb4,1764499349,1764499353,1707,97625,,
0x190b632e0da9538149bd55e9c0b526a59f4641e296b843170c269901bdba1bb4,1764499349,1764499353,1707,97625,,
0x2324280bd9b5288ad1aa9c47647639d889d864201be0bbef5b98b24e985c9383,1764499349,1764499353,1707,97625,,
0xc30aaeba6add3f791ab04b7d1fb5340f95b1cbd107f20916285e602c5a5172ec,1764499349,1764499353,1707,97625,,
0xa57131a3f8d87ad42a050b6217e7db5699cd9f779be09b4a0433b56983d46d0b,1764499349,1764499353,1707,97625,,
0x874c08ca6ed1ff272c65b860b20a9470c9490f72321c6d2f1064f522a2df317a,1764499349,1764499353,1707,97625,,
0x200a66f9951360b3908e0d240476b238974913d348a63a77ad3fcbe1e35f8e46,1764499349,1764499353,1707,97625,,
0xe516abddd2185decac536ad8ba7e0fb137171247c311f85671960cd8452abc20,1764499349,1764499353,1707,97625,,
0xdb7256d4682bffb8533840e2f06696f850c92c45b4886f2b3e1bc87d5494d1b2,1764499349,1764499353,1707,97625,,
0xa47972de5c9d0780cfb3b7c1d94ff35c9618aada14474e6bbaf20b4afee5ed91,1764499349,1764499353,1707,97625,,
0xebd86584925b279ffa39d47e0eb14561276b7c4f366e564517bae6883b5a0295,1764499349,1764499353,1707,97625,,
0x69fcc12270c7a7f3cf5b637297c99420accfad924d8d7d0175749b496ea2cb4e,1764499349,1764499353,1707,97625,,
0x010e08bc86340bf2dcfcbafc07fb1a31085253f245abb2aaa6a46f33fc378e71,1764499349,1764499353,1707,97625,,
0xa722ab569306003173bec9ac5f84d83724a09278b3e6cad9d08d3fe7cf324a0e,1764499349,1764499353,1707,97625,,
0xfd738ffa2bfc0372be4ce6f3a0913f6c049214e8eae574802ae39414796ef26c,1764499350,1764499353,1707,97625,,
0x3d7fd629b81d968c4f21e58d0588090b751fe2f63993b39c79653d39ddd342a1,1764499350,1764499353,1707,97625,,
0x9bae631122b6c8dba4c43a5d4718fdd275403acc61353e7b1eb20ce4e4917dc9,1764499350,1764499353,1707,97625,,
0x72d0737f759b0ae247c07c7e4b2c6fa19e18af1443e70fdbe086c415d65fb531,1764499350,1764499353,1707,97625,,
0x198af126a9b26762cb243f94ea8f337f1183dafea41dc42037b9440d95519bcd,1764499350,1764499353,1707,97625,,
0xb582a883925cd7d545f8251f159221b33994bad4433a38ca59db86fb3992cd61,1764499350,1764499353,1707,97625,,
0xcef7194efae328ec207912aba43fd108c7157ecbf27a8918dc4d2dfd213eacc5,1764499350,1764499353,1707,97625,,
0xc476858f0a108e26bce919131dd8e797a7416483bbbdfa0027ee4c9637033138,1764499350,1764499353,1707,97625,,
0x1d05aed75ab32596d6f7a77bed670476fb000efaf5ad8e3b0502ceff439f0af6,1764499350,1764499353,1707,97625,,
0x2da28e2a2b3295affe7ae09d6be86a317e3b869ebf5958970d1bd6cca493ba17,1764499350,1764499353,1707,97625,,
0xfedb4d94712132a7f9031804b0140d1480708d1877f9c5c70b093f523d603b94,1764499350,1764499353,1707,97625,,
0xe4284eac7a3f622af7fb63bc1d6254654edd77a522394362a24254f05c1d45d5,1764499350,1764499353,1707,97625,,
0x1e81616c43514237a8239fb94ebd1844cb39c351bebbdb8e6e932882be63dcaa,1764499350,1764499353,1707,97625,,
0xbb51359e4fe2db278af3200c97b0fdb27272ca7ed3479b1791e0c36e127948e0,1764499350,1764499353,1707,97625,,
0xfab9048fa39a3be95f100307cf531907289aaf9ba589a54f6ea3332d7928566f,1764499350,1764499353,1707,97625,,
0xd45bd8e5084c5562259905377d57ee48b86276639ed377e453ab5720acf3bcd2,1764499351,1764499355,1708,108041,,
0xc8df8ac01b0a972bbfe5282d121fcb2463592aca4d3a8c1ee94bf6cd3f383ddd,1764499351,1764499355,1708,97625,,
0xf6cb3718c62f197cd2b345ed9850228ff84a43a3938b4324ffbf6b7db263bf38,1764499351,1764499355,1708,97625,,
0xd3623bf891e8add5e2f7b9fb22aaa14997c39815b66c646903a12586e9f63c9e,1764499351,1764499355,1708,97625,,
0x22f53ad94309ec0a0cc0c80c8b92500f78f153375428db27169ccd31c3c385c4,1764499351,1764499355,1708,97625,,
0xd78a3159feadbe8ee7cc702330ed03d0334aca5c4d4c02333c1886a19fbf8976,1764499351,1764499355,1708,97625,,
0x238f966894cc32b083437f5ba9fea05ce9976172b422c887f9e92fc34abbe53f,1764499351,1764499355,1708,97625,,
0x45aae0d733ec0bf290992c09231e759cd40517187af8915f162be38468e08b46,1764499351,1764499355,1708,97625,,
0xa46f830fb5e245077901ae824c658e089b5ec1b8b7a79b5cc116f278dbcc0fa1,1764499351,1764499355,1708,97625,,
0x42d88ae3330894ca2299287f26b778d7d5fa855cb7a8f0c0fcfc4ab42fd0203e,1764499351,1764499355,1708,97625,,
0x628910098193554571e099abeedbcb4b5fb617c891cfd26764329f3b0c16dbd0,1764499351,1764499355,1708,97625,,
0x709bd18929f5c0c4dadba9238a814085f95df292505adb0c8abfecf74dfdd6bc,1764499351,1764499355,1708,97625,,
0xf9b4f6f2590ac11045f1906d6eef711a11b6790b8c23e9ddfc4e06fe9c0a4154,1764499351,1764499355,1708,97625,,
0xb075901e3fe78335fa6e113cf131d9782ac0034129e99485748fc954ae44a673,1764499351,1764499355,1708,97625,,
0x9b3b3c4dfc31363e24886fcaa3e8a62803410eaa614f0e7427ad962176261a38,1764499351,1764499355,1708,97625,,
0xa26468a518ca69fc14e1aa23294e371eca9cb9e37841e243754f671cb083bd6c,1764499351,1764499355,1708,97625,,
0xba3fe2a2afb9774f2bc277c536115916cc15c7ade72e09852e4668d62865ad20,1764499351,1764499355,1708,97625,,
0xb110fc45d313e29993c063dd6abbffa152706146c1d4f1a965cc0fcc6ef8ea9d,1764499351,1764499355,1708,97625,,
0xc832917ef3587ce9964e6b51670287b884caaa3024992db57e6769d586de1b5e,1764499351,1764499355,1708,97625,,
0x65e617094520c79bf040edec62eb3274d7effac27f98894bcdd460cd591c9f30,1764499351,1764499355,1708,97625,,
0x4cfee5dff3bf1709bda0b2b40e971b414386945540520bfa1ffb372d4d7c88cd,1764499351,1764499355,1708,97625,,
0x5a30d9c2e249fccdf4731cadec5b869ac3d1ca7b52fa34feea8a2ec559841de0,1764499351,1764499355,1708,97625,,
0x53ee8276d084b34d9c778c338342f9725ead2d56cd329a0a92dbfb2f5580e853,1764499351,1764499355,1708,97625,,
0xf0eec6bab8cbe0284d5526e1ae47536b53af80019247d9eea9d7b3c5f4d37657,1764499351,1764499355,1708,97625,,
0x96e33bba6545267085218db40162035d132b3a5aa8a3bfb780a2053a16e11ea5,1764499351,1764499355,1708,97625,,
0xc64966f6105306c2d35ee25b32bc97d07873bde134a1ab59e29385ba529dee4f,1764499352,1764499355,1708,97625,,
0x469d7d4a2fbfe9d7ab833603150633665d394bbb1f435fa546116475a251bc59,1764499352,1764499355,1708,97625,,
0xb728ec15f7e80fc7ddf6b441f86ba93f7558dfaad2f03b56571ab6d44f4a6336,1764499352,1764499355,1708,97625,,
0x20b6462b7b22db700848db8730e58df96d9a8cbafe1a9273f5100c73299c1311,1764499352,1764499355,1708,97625,,
0xc0aeee015b7e2238259193c2f2d2b79be2289dfe26c6d9fb41551352830350e8,1764499352,1764499355,1708,97625,,
0x22c8e53de2e0f534ed080f5e2e7c35b85499516fd50ecb4893c5eab04150ec20,1764499352,1764499355,1708,97625,,
0xeea7ccf562ea623497c931c982214eb20717c705fc46dbf856b0b37f2ba2e2b4,1764499352,1764499355,1708,97625,,
0xe75c2c1286372551b25708877d73a510961e94dfb53a136ef0cf9ecc8418e504,1764499352,1764499355,1708,97625,,
0xbced392c5aee42a7f3a0062838fab00613ab3b1b2677e05e0da711619fdab5af,1764499352,1764499355,1708,97625,,
0x7a94d4b7513457c21ba5389a70935ac376807c85ea57e276af499a558eea2346,1764499352,1764499355,1708,97625,,
0x5886e5792ee62b0c4e3d3dd63951000d0939d0eb6550bdce0654457bc95fc614,1764499352,1764499355,1708,97625,,
0x03fd76d126ac68f7e3053e39f0c3509f87df6f0cc23183700fd17c62e446cb73,1764499352,1764499355,1708,97625,,
0xa566c633456fa7880443928b5ea043ebccb8e95ffa84e9cdca1a1b8953167d58,1764499352,1764499355,1708,97625,,
0x855bce9962d5c9be723b2ece3c7c034066f104c221f147a032088bb760ebf4dc,1764499352,1764499355,1708,97625,,
0x7901873d271cd30e248a492f4fe6e49b8676a28cac928367cd782ab4d6380728,1764499352,1764499355,1708,97625,,
0x1a896d030b61f89f14056749687460e646479618ce82cfde13d9e46759c44c37,1764499353,1764499357,1709,108041,,
0x585d3e09b0222a4d0a83d2f401eff5689b880c6b6018fad8f0c3cbb9591ac92b,1764499353,1764499357,1709,97625,,
0xb2ce8bdf40c2059beb21a974f511cb9006f11de04a1fd94167c2717278a3cc5b,1764499353,1764499357,1709,97625,,
0xfcc5f4f1a3e4029b804f91ef0b9630c84462096d6c9bc2ae42880d922cb5a9b7,1764499353,1764499357,1709,97625,,
0x445f4e7283f7a09cb0e7e4e73573f43951c9511bfcbed487f4c7a5bc830f10bb,1764499353,1764499357,1709,97625,,
0x10f091cb31083d6696dadbc562a4cf44bf9050dfec8ac7726049f1bcb3cc7882,1764499353,1764499357,1709,97625,,
0x7e7f88f8418944a49eb63462a6ed4b064ec23257236a1c7f17c57b924c312efc,1764499353,1764499357,1709,97625,,
0x016b3d08feabc68e3121b3b72412c2422b336787034610f7b72bbf3bca41f6d1,1764499353,1764499357,1709,97625,,
0xcda3e689e0ae8b14d70b788278741f4dcf2b8f55788578a18ad07c7e3a20a76a,1764499353,1764499357,1709,97625,,
0x1f62a8080ba2de218c421989973cb004fc2b5be4b4f9edb496cf3e6da9635bf2,1764499353,1764499357,1709,97625,,
0x6137ee2c11950919a07a9cc1b3092bc844f14ddeaaabb3db872075192e7b4cea,1764499353,1764499357,1709,97625,,
0xfbe3a5265c685e1c59355cf01c47139eb4c88757443a4d50daef6a8985219722,1764499353,1764499357,1709,97625,,
0x2445de8d59acfb239db9075095a870b390a54bb5a9be298dfa888654ce13f1ec,1764499353,1764499357,1709,97625,,
0x8a8843539b2795aff1de6e676a4c2c7c486ff5f5fc64ffa773f7f67f6fac43d8,1764499353,1764499357,1709,97625,,
0xdb77e0864ec02081699b9e6b3902618765dc0b9718c295fb568d33a51d932a7e,1764499353,1764499357,1709,97625,,
0x22c464d14a23963b5c6bd05bae31de44c804ccdbb7e06b7fb441287b34d8b30c,1764499353,1764499357,1709,97625,,
0x5e335f6d47bcb485c2411548377f36ff09d82c48a22c51f183bb18649a70bd14,1764499353,1764499357,1709,97625,,
0x7651ab149d1bf326c7dd53c2af456a434c475a3abd8aa117a7bac6fbe4eabcec,1764499353,1764499357,1709,97625,,
0x38ba815b677349793dd2e11388d221e3050bc40249bd0b6b63c1a428adb31975,1764499353,1764499357,1709,97625,,
0x76b2db63a7c3d0daeea4416702f70afcda35af7f4a4e5264f8167ea0b6b7ac48,1764499353,1764499357,1709,97625,,
0x7b18fa0d0a6c00c6b3a92c7feae47197d14c27bbd63f06e87f41b006e5e6571b,1764499353,1764499357,1709,97625,,
0x12717819a7ab6c09fc57428b4d00bebbc80438439faa0bef6c60115e94c44470,1764499353,1764499357,1709,97625,,
0xa5808d9ec066e363368ea31cfc80135fba1ada7ea4c4233df954899cad4059be,1764499353,1764499357,1709,97625,,
0x857067dc06db435a130c35c6319b3fe70cc8fc9696528ed15409091b424b9dff,1764499353,1764499357,1709,97625,,
0x21d9e9dd6e608f3e19923978fd1207be3f323770278a9954ba7bbfed650093c0,1764499354,1764499357,1709,97625,,
0x23fb1b418efe86eedbf649232764104fd5e41f0ff2bbe3f01d421f0bf97af208,1764499354,1764499357,1709,97625,,
0x6d118c6ea47ea9295aabf96ce3c2a16193c8906bd8ba58be50b9afa427cc9ed8,1764499354,1764499357,1709,97625,,
0xf12196e3cf2b85a67c6d1cc9f1579575b35145dc20d1ff9db7b3566da518ac04,1764499354,1764499357,1709,97625,,
0x892d2851f265b647996d20f61b8ec9767d05ef5da52144af236c62e29a673228,1764499354,1764499357,1709,97625,,
0x780c7b804c6b1dc78ab23e30d931f92e0be113eaceae5f919299730acee08325,1764499354,1764499357,1709,97625,,
0xa1afbf2ae60d098ea4bcec075b95ff5ac34d02f8a5d6386a059f80952568da43,1764499354,1764499357,1709,97625,,
0x01ba349c29d6b1180aca2fb410bbe2ef5baf40ace51db432b7b12432412fcf54,1764499354,1764499357,1709,97625,,
0x21f9059b87105fc4806b6ddca01e001d892bcff9cf3a0355ca6cc644fb350d8a,1764499354,1764499357,1709,97625,,
0xe6b71f6c30733de9e764bc71ca1f7a24a960d2586db07494ab3ec60cfb502153,1764499354,1764499357,1709,97625,,
0x297c17731cd3401c50bfda38b40b327a1d95149c08542a29682e16db27dc64ad,1764499354,1764499357,1709,97625,,
0x30beb20e6b22600d74ec03dea3f2bcea60f30903522369b8f8025523f99e5494,1764499354,1764499357,1709,97625,,
0x407da5f6f882bf8ff8b88980141d5c7cec7ed4e29d3c94f4f4580a044e5f53bd,1764499354,1764499357,1709,97625,,
0x7e3577ee8b9c68dc286ed37510f0c4dabfe6694c070e6f09c9e427e27b31953d,1764499354,1764499357,1709,97625,,
0x75c990cfd2438449758ce2ab2f7a0f1bc27aacbc5a294996e9e914725b7f9a3a,1764499354,1764499357,1709,97625,,
0x5c8d6dd578cb6db3a8e290699fe8d1c5e8943ebf971e5c0245416a1584c2ff89,1764499354,1764499357,1709,97625,,
0x6061fb7a88a9897671c28bd3d2bf14039d9ef3ba71a30398a28d54608f22dbd7,1764499355,1764499359,1710,108041,,
0x132d3ce9496ebbc5398c70500795f32a696bafb3872b05f3f9e293f8e7743c55,1764499355,1764499359,1710,97625,,
0x555ae60e5d783f67160afb7e6bd2a93be1f0eb589058b16e9e29792453595559,1764499355,1764499359,1710,97625,,
0x4ee4c9c661932d46963c64d1469a2403f553c4cdf05e1b106db30e294f0739b6,1764499355,1764499359,1710,97625,,
0x42061e849de22848e96b5e5ba0a51ccba5cae1b691c06df01a5bdbe89570c4bc,1764499355,1764499359,1710,97625,,
0x6f36552be99e40f8a7c25ce844d894d8b1528b1dde1424ba0be930a69a41aed4,1764499355,1764499359,1710,97625,,
0x222370ca13a6ccee19863635eb35ad028062e38a10d9b8766c859abe32a28980,1764499355,1764499359,1710,97625,,
0x10b33d2e79c73010413d7bfd34eda0935c2d8cfcc3d6c1309d46ac70554d0742,1764499355,1764499359,1710,97625,,
0x244de865562abc3f39bc648ece311869b1e6577d7bb68eef705db01ec7a68338,1764499355,1764499359,1710,97625,,
0xb2b0649d08ddd0b6d21aa394b9244208ba42a032f99f9b7bd96f8d50c4090f61,1764499355,1764499359,1710,97625,,
0x1ea50d76a56b70ef5c76c3756e92aee0fe78f2f5506152f0d19d5ccc7d8c757e,1764499355,1764499359,1710,97625,,
0x4f0e10631f02a2d0f39ec8e6db2a82c994ed064fbf2270c6274e1b96786c785d,1764499355,1764499359,1710,97625,,
0x420c77153cd8bf7db44119eb42923382df35792c3ae335d5efa456370cf02e28,1764499355,1764499359,1710,97625,,
0xa63dcaa5ad37586c15f2b5646a7851adaaa1d2018e7582241e5d022301a5db45,1764499355,1764499359,1710,97625,,
0x171eb482822fabd1c3fa98d3e175b1512ae71b430b15a6481feaf7094f61ff6b,1764499355,1764499359,1710,97625,,
0xad0db83009bb6a5b1629debd3c506418604896d54f6ef05600e5f61c3341e15e,1764499355,1764499359,1710,97625,,
0x3fc84d4e11844dd546a72b203c19dea2d0fcfa0ee93c5659467935455dbedf65,1764499355,1764499359,1710,97625,,
0x9d025f85adb61b83e600f2490b21615c3b58cce208eaa5842d1018b1d38b3327,1764499355,1764499359,1710,97625,,
0xef80b43f86f5aee59cd93f2ec1d422a049eb6b6dee63d9207a4fbad53509eecc,1764499355,1764499359,1710,97625,,
0x3f7b141baff5e3645f537102d4c2a59b16b02601b6dc132bfff23bcab8990ff8,1764499355,1764499359,1710,97625,,
0x985308ed0b066006547140763b6b8b339d66dd94a96091879d6205a4c544502b,1764499355,1764499359,1710,97625,,
0xadbe1c1477ce104ca52994f1c08141e74d8fa658d5f7ec93e593386144b33fe3,1764499355,1764499359,1710,97625,,
0xc28e6140f0517b3ee483ec0e5a457f8dda8cd983e7c4389f4082428fb7f868bd,1764499355,1764499359,1710,97625,,
0x115c411508cbdc04ccd8eb74c37e196e16423f3290c1c1b8a612a65f26998c5b,1764499356,1764499359,1710,97625,,
0x43f56e6980bd6e29c166a90850aa8f38c4b99d167c83895fb9c974cc6604a1e3,1764499356,1764499359,1710,97625,,
0x87768867fc7b60b479ae1990e6305ca3b2477db2de23a34ec8243649a3a61284,1764499356,1764499359,1710,97625,,
0x84875660b098ca011858905acabe77d0dc6eb837694e8d80c1844b0ef018b753,1764499356,1764499359,1710,97625,,
0x14c1136958abba96152557c7cbeeec9864fddf5bfd12935b1c37d166ba52a700,1764499356,1764499359,1710,97625,,
0x3727efa5900fa75b489168bad9aea52ae5bd2f22669c6e31c7600d17866ca2f0,1764499356,1764499359,1710,97625,,
0xe74aab4dc8c6fcf366d2e5cce5fa096642c8a6140534e7df594a4489f812e8f1,1764499356,1764499359,1710,97625,,
0xffc12aedacfc658f59925e2d71c93fa556facf3e008df723f3292de4bc37c405,1764499356,1764499359,1710,97625,,
0x510751bef4daaf610db16783af634ffee9e24756a6f86f12137dedbbb8f59b97,1764499356,1764499359,1710,97625,,
0x428c47f1dc5e1132684a4a773024cb2456da6b86bb2f6ce9082a8a6b1d7c8997,1764499356,1764499359,1710,97625,,
0xe195b52f3bc8a05121062d5544eb0070549afcc2e859d8e6969ef5febcabad47,1764499356,1764499359,1710,97625,,
0x16649a2d5b8b26fe17000da49ec2dde239e01ac3c92026ed6b665e3bd184b216,1764499356,1764499359,1710,97625,,
0xd70a937ff7f3d315a3ec1d8d62fd282258e170e0f88451fa1d5a51e69c89615b,1764499356,1764499359,1710,97625,,
0x4f904c42b3152339bec162203052d441aadf893ea5193f7d7d08fc9853183e07,1764499356,1764499359,1710,97625,,
0x1893f5e61334cb9ed23e0e5d76de33d4b7e423ad03c85c90aea0777f120e215b,1764499356,1764499359,1710,97625,,
0xec3006d7379ba5e95e0a0790439af9ed4cca36c2f54b3a95de5ccb4101a96d35,1764499356,1764499359,1710,97625,,
0x600adee2c3042a2ee294b2f266710212985a578c84d5e5b66a57abba1ff667e4,1764499356,1764499359,1710,97625,,
0x6e7847e5e8a88d056206f7377c478f0b4bd392ff84c79a17cc720177e6f7f05e,1764499357,1764499361,1711,108041,,
0x5befe3cd27096c238a046367ae91373333940f3f0b6a36771936abd9149c36fa,1764499357,1764499361,1711,97625,,
0xe23cfb7ccf9b7e64504f8674d86326bf58e374b072cf19f5500c021e4dcda432,1764499357,1764499361,1711,97625,,
0x7b1c2ee4969df87bbd9006cda18607987b75d0d03a272868b69a1a770cd29913,1764499357,1764499361,1711,97625,,
0xdd52bd0b2a223096acf16ab796e45fd4197afd24591cf8988c8e5fcc2800eaaf,1764499357,1764499361,1711,97625,,
0x889717ddf52a9d874f0bcfbfd6a113b4a4d0069660bbe419c9e3d465e80938dd,1764499357,1764499361,1711,97625,,
0xbdea654ed66c745f038557ff24c0badee484a5a874c5ecb36b9e70ca680d35ea,1764499357,1764499361,1711,97625,,
0xe772b76df2d740ed874159b83f5a6eaacfa8d20b6ca2a092e6ca3df54d99af48,1764499357,1764499361,1711,97625,,
0x7f3fa757397c1f94c8ca43d2a364e279747bb8a31b7b583eba65f0bca4425ac7,1764499357,1764499361,1711,97625,,
0xa52a95df1e3cb29ee1202aced7e2ca7dae817e0fd20e1306119eab25c1b8d78e,1764499357,1764499361,1711,97625,,
0x46f6478b48060195d6c16d44b414dd4a33c35a90594c77d302e87cbe6c80d8e8,1764499357,1764499361,1711,97625,,
0x3da55982131a163e7d263c39f4e623c0077003561a12f787689188cf556a4951,1764499357,1764499361,1711,97625,,
0x65d09d1e376bb37701939131d48acc757000c23abb1a56426641ede26317a1dc,1764499357,1764499361,1711,97625,,
0x69c1cda1872cbba8ad032aacf48b5609ebc83174fbdd8299ece406d8ef41934a,1764499357,1764499361,1711,97625,,
0xebdddc93d12e1887ad2e252d368f93ebc9c4399a81587b2918829a1e58a58a79,1764499357,1764499361,1711,97625,,
0x51bb8631a14adb8424dedc5def7530e1e8848fa5787b37a79a24657ddf683cb4,1764499357,1764499361,1711,97625,,
0x7b5c10a314f3f0afa3cfe61abc4f0d429098349a236b54186a3a0dcbafbd7322,1764499357,1764499361,1711,97625,,
0x5554bba9d2b6a38794232eef699b00c9a8d770677284e42c0e9a633ec71c25a1,1764499357,1764499361,1711,97625,,
0xcc5b43c71492626f74ec49d10bab019b5065dc2613cf2e53de0fbb39f4b6704f,1764499357,1764499361,1711,97625,,
0x1354d70fedb7af94096cf6c6e3b1bbdb0916a5f9d5145f4d6c6dc99ae0c6d418,1764499357,1764499361,1711,97625,,
0x171b70c9720bf96c9907ab66d24f2b49848adb18353c6914ef08e01be6fc6477,1764499357,1764499361,1711,97625,,
0xa665b9527e7033996f298230aada14ea71db25280f3b356bc8a7ed2ec09d85bc,1764499357,1764499361,1711,97625,,
0x21d67600c1181d4771c3fa5c498dd49a2ccdb66d1b2acb5fe44068ae163e18f8,1764499357,1764499361,1711,97625,,
0x853f10cf9fe41b5b37051266eee877f900ad428c3486645fe6419f461385735a,1764499358,1764499361,1711,97625,,
0x0f64f7d5ae14e74bde4ef1374f84e89f50fd8d882cf8ad1abffc8cad7a315b11,1764499358,1764499361,1711,97625,,
0x16d86440c99d15c4984cfcc2294793d8597597d80e2a3bfe5a529f4267ff3356,1764499358,1764499361,1711,97625,,
0x4db87333c425162f45c9bba317d21da770edbf6c101491c1f5d29ddbad6aafaa,1764499358,1764499361,1711,97625,,
0xfcf3b5ee2bbc63566987633a481b783b6b5afff186efdd1fef1bda414d6fb5b8,1764499358,1764499361,1711,97625,,
0x97fab04af62b634af0ca82528b381e9865c4f0761bca80582d647643aefa456f,1764499358,1764499361,1711,97625,,
0x9cde321909fd9a58639ae209547ec66746896ff42cd30f95a95f7040c112b94e,1764499358,1764499361,1711,97625,,
0x8bbb80fb2cc6af1d0f0e7b867d79803ceef3fd6d7f287e2467d1c2d9a56c70ab,1764499358,1764499361,1711,97625,,
0x4d5ba6b5fe9b1c83fbad83f4a39a142013837a7724582dc62e378f72ae65a628,1764499358,1764499361,1711,97625,,
0x65f3b0b1aa268783cabee52adfc49551deff97e120a18655e222a26ca4cfb099,1764499358,1764499361,1711,97625,,
0x2a033b3e2319d8c1977e27339959f0e8d969c861de5f0105b399aa042ade9e77,1764499358,1764499361,1711,97625,,
0xfebff857796940a69b67f44375b10078f18dd58dd672747ca5d53af7ff1c214a,1764499358,1764499361,1711,97625,,
0x62617da97c22c141128dbde456abb43218080d67a32d26f987845e9a4a4a9cd1,1764499358,1764499361,1711,97625,,
0x7ca50bff080a02eefc70e255833d7f244679ca886f5d3ac5bd1bff61988e691d,1764499358,1764499361,1711,97625,,
0x20802e02171635aa61a9acf25b7faa563d6864d0fde7604b5dee3ba0d702e064,1764499358,1764499361,1711,97625,,
0x9e719ceec705e24b7df138df8f2d8cd82d3f75ad23129643ac2b379acf4403cf,1764499358,1764499361,1711,97625,,
0x7058edd0df6ee3a48b66087a114184163f84ebebbc1907ca596080e483b673cd,1764499358,1764499361,1711,97625,,
0x13d91585e916139d3742fdaa0cd42878945c6e05e686ac4441f36f82bb907eba,1764499359,1764499363,1712,108041,,
0xc9ff825a3dc411e68495ed0ad98c3e4c4999186918f9d743726808160e24f5ff,1764499359,1764499363,1712,97625,,
0x87d6a9d46d7d8ea7797e971a3b10ce2f6d2269ed3ea036fe071ca2f7c6a05c13,1764499359,1764499363,1712,97625,,
0x647ada35863c4a2f0ef0e87c71b0d08e997485edf911b439f484bfc0f5b022a8,1764499359,1764499363,1712,97625,,
0xce2d57a13cf86b5c584f86ec39e055d0a77a6ba95725967622893272fb634125,1764499359,1764499363,1712,97625,,
0xca57d4af03434e206a48a2bb0522198b8d7f38c8ec403042a274c16704548680,1764499359,1764499363,1712,97625,,
0xafb22f126f1f903819f3b8438c3d01195388b65070afec8ab9030bf7b85a01d1,1764499359,1764499363,1712,97625,,
0x216d388989e933773383f383b6610afeb94b9277df9996bf2e10c35dad04e2dd,1764499359,1764499363,1712,97625,,
0x5fe859d495dc574d373b544780a2e800a95290f3faf81c88b1fb65b6bbe281e3,1764499359,1764499363,1712,97625,,
0x4f3a0a81a45e4e2f1cd2e32f6016d7056bfa3cf6ff197cf4c00c3e9912d8551d,1764499359,1764499363,1712,97625,,
0x0700b80aa20dd27788642cce4d0e934a8db3fb84c05cf0a7d6885d950fdb384e,1764499359,1764499363,1712,97625,,
0x00eda00f1fc9cf311c1ab4c543ba6aea56e6b0a0df76237a9bead5e405c6901c,1764499359,1764499363,1712,97625,,
0x810fcf3bea13ef417adbf7827259d545afe3d71bb6e6855fd8a9923df72f1575,1764499359,1764499363,1712,97625,,
0x7e71234624bf28812250aea3dd1f70e257d8ff5ed9a274e3eedaadb13454079d,1764499359,1764499363,1712,97625,,
0x11a2d2eb68a9bd8b58498148e801ab3dbc5c9e57e6f85fd7e4608effe87d7585,1764499359,1764499363,1712,97625,,
0x2a3595e1a24028a3eb15f8c36f436f78b5e30c4001c6d3161a4f05adb08be795,1764499359,1764499363,1712,97625,,
0x169ba50afe228079e6b653ee12d40c866942f07a08b294baaf114e5daceda1ea,1764499359,1764499363,1712,97625,,
0xa1daffcb76f848383324f16a142340836181dfad15c13eaa8399191bc7ade708,1764499359,1764499363,1712,97625,,
0xdb4c32077d434b0c67cd5580690c87b404ea1844c8497977ec98186978383a2b,1764499359,1764499363,1712,97625,,
0x34f58a1add1219aec4a82692131800de6bbda218e76b33b0fdf2181f1d0413d1,1764499359,1764499363,1712,97625,,
0xc2af4218eeee0cbf8e4f94e22871c37677786d8df98717e6b218c22c0b2212e2,1764499359,1764499363,1712,97625,,
0x5f43ca467c785a7998064a7876ab370ad8c4064e527e36b882a90d3935f4b2a9,1764499359,1764499363,1712,97625,,
0x3830ecc039b7b509490ab8ab99eec711560ca9291609865b3436316437963e8f,1764499360,1764499363,1712,97625,,
0x597daa7a9728054d6c52a15eb8164e2be5f4c0f2b57faa5e0fe84415444d480c,1764499360,1764499363,1712,97625,,
0x789b871b2419e59bf7910a3757f255a8149f07ba97e3bde563b080fa12f17f70,1764499360,1764499363,1712,97625,,
0x11420ccda28dbfd099a2498183c4ebd375a98555f1ac701719b55245a20dc994,1764499360,1764499363,1712,97625,,
0xc444f646eead667750406e57b9b383201221baf75aff23b726b18bfa0bed3dd8,1764499360,1764499363,1712,97625,,
0xa2b2a3c4f3c694e4c8856834525c430659b2f337cdc652dfff7e2c0775d7d47c,1764499360,1764499363,1712,97625,,
0x1ad365031ddbb2ce834820b281ff73d059bbcee43547480e5dba82f138dd6303,1764499360,1764499363,1712,97625,,
0x55bdf690e731fbea8d2d0b8c16bedd94a4e5dd82c5fdf9ff73a2952dda9f455f,1764499360,1764499363,1712,97625,,
0x0d514741001fa0590277c35820e70cd795d824352c1210c36fc14bfb4c4a525b,1764499360,1764499363,1712,97625,,
0x235c9c9dee365c00b24ce7920d26485b4fec3d2c19ca00fd5096c4270ad0af79,1764499360,1764499363,1712,97625,,
0x225126b81d07206fa506c448abf0d321f84638aa24b5f8a539a31c4001d26d92,1764499360,1764499363,1712,97625,,
0x364ceef89aac392517bbaa2e57d5f7a6745a05a75d9adb23f63c71295b3613b8,1764499360,1764499363,1712,97625,,
0x66ac80349e890fea4fc0c07ef2db0b8c556aa6f1f89636f6c0c39a950a189deb,1764499360,1764499363,1712,97625,,
0x8b6606488849f0f573845729decff3daa10fc850a383ce7089386a2bbbf3e069,1764499360,1764499363,1712,97625,,
0x95371651ecc853e6e6782fda285301b2eb96333210d4a1cde4eda17e6410ad52,1764499360,1764499363,1712,97625,,
0xf1c5a60a2a283a7da2c82590b3fe093344b2b2b9f36f2410f2ecfba4eb935821,1764499360,1764499363,1712,97625,,
0x6b2a542ed02b95bc9097912ab9cd29f2a4db5172237af8edf32b7d099aa9317a,1764499360,1764499363,1712,97625,,
0x120b026636e6f51e730289a98b7aba965923474d443873b4c745005480af0e08,1764499360,1764499363,1712,97625,,
0xe8ced5ed81d9e45237d3395e2caf5f8189f744915166167f132483a598ed65ef,1764499361,1764499365,1713,108041,,
0x6d53383bfff270f4febe631c97141457c731ef07a79f345cb3e9cdebea916a6a,1764499361,1764499365,1713,97625,,
0x956aab62df16cc7604889e1fb6d83b3ae005dc886bc31f5883d15141355a008b,1764499361,1764499365,1713,97625,,
0x07a533e27ac25bc5ca982137c4518a56c17fa27cca9ac8f2f785285fecd54b84,1764499361,1764499365,1713,97625,,
0x0aaea48698a0143cd5885a0caca97ae815fa25d63883b55b91be5b4949cf8def,1764499361,1764499365,1713,97625,,
0xfafba53f9cd2a947af5c75d809a6a84d8478b73b5f892e04e9a825a1feaf9702,1764499361,1764499365,1713,97625,,
0xba9264e1f96d1ad852856da2ebb654486d4567e24cb8a7e103c29cb8204e6628,1764499361,1764499365,1713,97625,,
0x721a4cf45f9181e731341b883126de1adc0085b349c9e7a9fd7633e10a6a7ea2,1764499361,1764499365,1713,97625,,
0x4061164fa103787257eb0e2ba51b8a41118034a34c6029e672b601aebb6b78c3,1764499361,1764499365,1713,97625,,
0x9ccb9af2c83661e76e076ebcd6ba4432e8b0af109b8f9dd304365fd779ac9ee8,1764499361,1764499365,1713,97625,,
0xee9f168e0106e84f2708bf5b52f7f47441b40d81a897dd17922a4e34011f6e62,1764499361,1764499365,1713,97625,,
0x3649b5de104fa875a7c9bf7fec3753cac9b5447d66ddfe210f1f11d5d7ad5b19,1764499361,1764499365,1713,97625,,
0x3d6e978d8da59ab16ab4f343c9c48d0fb2f2c2a3749487ee6c19da339d6a365e,1764499361,1764499365,1713,97625,,
0x18dbf14a3eede72b5e16e6aedf320c23e2eea263bdc16a2898558cc9086908bf,1764499361,1764499365,1713,97625,,
0xd2cee5c8599b1635d3e49abbca7f011faa9bf6b1fb734ac44b29d654fc6f88dd,1764499361,1764499365,1713,97625,,
0xf3cc9b1dff37833f8850d9f7b77314863221c499b33b9d92fb9bcbf983534c49,1764499361,1764499365,1713,97625,,
0xecd260c344f093c54e07696ca05a7a98fed8e89f3076855f71f6a9017e94d865,1764499361,1764499365,1713,97625,,
0xb7372d1d7d6c799c2796647a133d479017758953fdaa4de27853302e725030b5,1764499361,1764499365,1713,97625,,
0x455f3be7d32e87d42265c7b9a40ca40ce1728fe8eca872f2e0570613ac9f26ff,1764499361,1764499365,1713,97625,,
0x4b9135cac44f21328b2ea320774917bddf613923cd7f4dd6bbdb994515306012,1764499361,1764499365,1713,97625,,
0xa355d3ff8be5906cb72aa57161c6a756fbbf9bae9ebb04b9e94c2e9891ec8686,1764499361,1764499365,1713,97625,,
0x157ddc7f1dcfea91c4a7a51c07cc7372564d5b39d42f9b2b899d87d041ba54b3,1764499361,1764499365,1713,97625,,
0x347c63dece4df048b99c3a353f291b337f2710251de6f6a216a07db78b04ebff,1764499362,1764499365,1713,97625,,
0x0954e6924686e978e7fff65c2506a61fd2dbebbb5f6d9fe0f366138712f4bc8a,1764499362,1764499365,1713,97625,,
0x6f844ad9942f809f87ef7d2dc48400962d2ae67d7330a97288d719f6f6e56832,1764499362,1764499365,1713,97625,,
0x71a75f2f6973a461addaba2bfa12005dfd0911e218956b35ab3678fdd510ed79,1764499362,1764499365,1713,97625,,
0xbe9944b98f8dd07c5178b8ecabf96c014066181a23af3d4cb055f4559f6e9819,1764499362,1764499365,1713,97625,,
0x6333f11be04618d4f0db5c599cf9b9ef1329ed4483afbf194f6c39cd92f20623,1764499362,1764499365,1713,97625,,
0xce739288b81fa7bb9d6feae96518e3b7cd05dea27ad2370958f469fb9824e30a,1764499362,1764499365,1713,97625,,
0x61beb666943b3634e9d9a4b2c12dc40b950a96e04dc3e5b839949c5e990df2e6,1764499362,1764499365,1713,97625,,
0xacb97b6041767cb16504e744a69073bb3b9d689ccd70e16470fb946d5162c3d4,1764499362,1764499365,1713,97625,,
0xe443750cdf9b5d756d0d5423daee1b787583ed637301f2a08cfa5ec9de5af507,1764499362,1764499365,1713,97625,,
0xfce449599ea64f78f93a5bfe9403a7fd89f10b33bf46e3f94718849db57ea366,1764499362,1764499365,1713,97625,,
0x67a327c376cf2549c137ac4485c68a6b837056338cbbfdb50ec0aef5543f0125,1764499362,1764499365,1713,97625,,
0x57d92e426c0facf9c648e696a216adc71bf551e213f99c578a41e67239ab2aa7,1764499362,1764499365,1713,97625,,
0xfa5d99be628df772a181ef8faea8dc8badd8a1788439045408360102ac0aeb23,1764499362,1764499365,1713,97625,,
0xd780ef2f227dc90944095b200be262db45d9870bdfb67a31a4aaba7c468a83e8,1764499362,1764499365,1713,97625,,
0xe175c9ae5f2467d6a470aaa8754ea1f5044f5a85f53257de99d9a9db2357a4da,1764499362,1764499365,1713,97625,,
0x1dca706b12040da45e82ac1993df273d48f568dd57e2c046f99985a76940f42e,1764499362,1764499365,1713,97625,,
0x31c9989f814176e588537bf6c514f8448fd0ddf4d29bec7e12503662266a97a9,1764499362,1764499365,1713,97625,,
0xfec3f6f21318276e34a2ca9633c57b567ff44518249b899031e2c5a93fa80fa5,1764499363,1764499367,1714,108041,,
0x7f723e21d8218b042667f033a62824e676c1a6bf1d098c53ffba08eb25d9ffde,1764499363,1764499367,1714,97625,,
0x80622864b03e1e6def41f91106149a4101368cbefc1326f858cea51b16750bc9,1764499363,1764499367,1714,97625,,
0x07c9f7137ee47d5519e2bb38ab91c3d748c4fdbd26446ae2425c0ee0e7e84bb2,1764499363,1764499367,1714,97625,,
0xbfba164201140dd6391fe3130aa162afa236a4693ec24ea192f55ef56b83d0a4,1764499363,1764499367,1714,97625,,
0x9916e7f36bb710a36cc0d9c7f55809fd49c01b3f473e90cc5e56adfe2d8cc4d1,1764499363,1764499367,1714,97625,,
0x11c0b10d037a2f143b523f9ffe234cbc234a32143d8e57f7346e53aa15105ce5,1764499363,1764499367,1714,97625,,
0xb40adc374af0ff88faff3291ab1be8498e4d59e2a692bdfc33ce39b550d832c4,1764499363,1764499367,1714,97625,,
0xc7b47f2b914ebf637227aeb1e247f166240dc193e69892b9c3265e5fea8406bb,1764499363,1764499367,1714,97625,,
0x67ef082f101a458b6bd04855276df748a97789fb7bd44a5360667789d66bd12b,1764499363,1764499367,1714,97625,,
0x16fb2ce9b382454ec7c7a59d477afc404a19687c6d6cc609516df74879a47c0e,1764499363,1764499367,1714,97625,,
0x4d1e4f87ec09dba0a21000a5a7c016bc85f01463a9f6a4acde8a46577d939432,1764499363,1764499367,1714,97625,,
0x4052668f5f8dafbda3bc859bc47f7ba3111c58d853d7ab655fee029eed9e322d,1764499363,1764499367,1714,97625,,
0x4abfca78080aeacfb09af34c9aa3922efff9803d365a438b5d3cc1f856fed45d,1764499363,1764499367,1714,97625,,
0x00bec01e9b8566a41b7081276103f8e75f3badb376c99be7aeacebb78dc68250,1764499363,1764499367,1714,97625,,
0x4514edc49204acaba5c95abe4fb71237496f97ec3d110c4be7dc3763e65808a6,1764499363,1764499367,1714,97625,,
0x4fbed330d2ac025a668d9a4996e4b698e01028fbb846fedc504d0b022c311834,1764499363,1764499367,1714,97625,,
0x6ff78f7b7ba44ae85199864ae302480bc09e15d21f8c76b00aa228fe7aae67c1,1764499363,1764499367,1714,97625,,
0xe1b5a7a4a2e139d76ecc512896c743e298d6c9bc2e920c5d79e2f7990d33fe4b,1764499363,1764499367,1714,97625,,
0x48855ec41be4582c4c160cd2178c4aeda423e0ac317587db8a7c8bc873028d81,1764499363,1764499367,1714,97625,,
0x4336072396c95a6fe2ad1e0ef9bcfbf5d937e2ca30f9b4e6ffea61894e66860e,1764499363,1764499367,1714,97625,,
0x14b353fe75fb749bb744a7499b590d9a52ee32f29e6a8cbfc082aec416412f26,1764499364,1764499367,1714,97625,,
0x78241c57b049cca80d7a555cb74586f8ec822bcbe8949576704d90e3caa2a9c4,1764499364,1764499367,1714,97625,,
0xc3facd3d8f4e7230531e33f8d53939965a1f9c53b6fc581ffef14738b254799c,1764499364,1764499367,1714,97625,,
0xbd9f3093fb78f943a212ceb4655b28f18af4770510c13d99429c2bfdd56df3f0,1764499364,1764499367,1714,97625,,
0x01412b726621c30330cd19f483cf477ad1623dc169433290395c5737b910f055,1764499364,1764499367,1714,97625,,
0x9353c5359774a11395eecf888f2960cd4e17d5e6ced795b2b4bc870f4792e75c,1764499364,1764499367,1714,97625,,
0x305095da7061d6ddbebc78e215993c308e9ad27d0215071bf3d6ee653bee07fb,1764499364,1764499367,1714,97625,,
0x5f9a63a6e6f101de8030eac128476ca377c157886c34220e40d39df0ee4408d6,1764499364,1764499367,1714,97625,,
0x32daaae139e0086b08694be54cfe53cb5a479d7c959977e2bab639d290104997,1764499364,1764499367,1714,97625,,
0xb0e763248b5852bb4abd2d97c499ae61b4a77552f8e36d0a8ed5c66508f98c3f,1764499364,1764499367,1714,97625,,
0xe07ed7fe0d957348634921dda339f21d83c8f67017364eedfa548bfa84e2a987,1764499364,1764499367,1714,97625,,
0x8b3e91de48c8cafb5b1b2c15872a4aaf17a32338d09d6ba51a743683a17bdecf,1764499364,1764499367,1714,97625,,
0xa8c55bfb7738cd6bbd610fd327b69dd5a0fa791c0b84b2da1b03abf7e72a1427,1764499364,1764499367,1714,97625,,
0x2a7710b46896c2fd67bc5488e672c34c9bc9ead031c64d9b0557135d793eb843,1764499364,1764499367,1714,97625,,
0xd77bdf66ea49fe58de5e95fae2ff9eedc63194a533c72ab1d8d45373950c86c6,1764499364,1764499367,1714,97625,,
0x5f72a44ed09d89d80af0ae761eb589ef8ffe8b8a685d17e98e4404d4b7931235,1764499364,1764499367,1714,97625,,
0x972213e70aa775c226808f5e6d7ec154dfa709a7fa91574e5ec6e29a25030e77,1764499364,1764499367,1714,97625,,
0x9058eee194e7c5b60c689474ce0af31ccc63536c3f693d5645fa1c1c77d9148b,1764499364,1764499367,1714,97625,,
0x4ee4f81201edae8c0f117dd9f0104ac9bd518c60d2fac42924c8b3880ba40341,1764499364,1764499367,1714,97625,,
0x3114331dab6140fd0812249377d885311e03688657ba603a97917083f2999454,1764499365,1764499369,1715,108041,,
0xb78230cd8b82a338b3dd4c064938f3fa90985b156556b8cbc71af0dbad38a461,1764499365,1764499369,1715,97625,,
0x7a501de7fcc8ae518d2b90df30a41ea4e54bd2bdc21db7c52648c149741b29f8,1764499365,1764499369,1715,97625,,
0xce764672ab03823d614dc9f385f66feb29d826ca4437439b6830d8acb0409c7d,1764499365,1764499369,1715,97625,,
0x8afcd5869ba4ff9257ad0454f5f87305575ca6a32c12ef7853967426fa5aee61,1764499365,1764499369,1715,97625,,
0xa487858db992f32bea30fb447149c137280778259d6ae34dd1b9a8112d03a6a1,1764499365,1764499369,1715,97625,,
0x713a35283a390b7667ab7b7b0aeaaf98dbdda39a360f74f25f1d0047c70a2945,1764499365,1764499369,1715,97625,,
0xb1ec0ac44190433dc3f904c15e2127c3d7164aca234a2b932229bdc3dc3c4ad2,1764499365,1764499369,1715,142283,,
0x62aad411c2adb5f04543643cfa9c9a471880066361b5588371b62c0fe9eccd5d,1764499365,1764499369,1715,97667,,
0xa64112b8e85c3cf92df0e9a717d7f3f2962803e3e90d28491bd93b304d48017d,1764499365,1764499369,1715,97667,,
0x60281747f516245f1eae1f56c462099e33b92896db0aada6f132707d80bbf62b,1764499365,1764499369,1715,97625,,
0x23f766aea3cad18f6e11d68c51cb46de2385f0765883a6a93b9a751bbf6850cb,1764499365,1764499369,1715,97625,,
0x22b19fce680f678ffb944632a96663f17417e70aa39531a6dfc7b31d7cda4e38,1764499365,1764499369,1715,97625,,
0xd22e7a13491fdb976caa228fa60dc7d3a32cd382dcd2dcb53e9b075b818dba60,1764499365,1764499369,1715,97625,,
0xff4d3804a85c8f35eb4c48600adcf8132864227f1bfed14b613a0df5fe0c8872,1764499365,1764499369,1715,97625,,
0xa1c4f98ae04936e94d3b81dbb8e83f62550ce1d2a1f90de57819194a3a3e9ae7,1764499365,1764499369,1715,97625,,
0xa7fcd4aca5c4a36f0d344c09e7f1b623b468c8add7e16b6cc485c39a0b8c8fd4,1764499365,1764499369,1715,97625,,
0xf5bd82f82f5fe893df0cabc181bb22004dcdc7187a0ed1acba5dc439fa818858,1764499365,1764499369,1715,97625,,
0x554daabce98c22f649b156be8a216b23b8c28d7c6f22932af7c54b244136c228,1764499365,1764499369,1715,97625,,
0xde3f29a2244128ca952cfe6a7613688a00b1d6917d6910d7d61e3e594cdbd786,1764499365,1764499369,1715,97625,,
0x5de5a744f055bdb147e8180d08c08e85cd450ffd2139fc462b5f38b4d1be5f22,1764499366,1764499369,1715,97625,,
0xf0d25887a8b76a453aa5baeda766cc729c388722d72c1cb8f2b5ce3975c36cdc,1764499366,1764499369,1715,97625,,
0x8f5bfc6d7af2f8fbbcd2c6c8c680b99f16179496611a398731e2514f4271cc9b,1764499366,1764499369,1715,97667,,
0x167dbc32c3234f614aa740596496f609c429d8dcfde92e2e3f9255893ca8e56c,1764499366,1764499369,1715,97667,,
0xca7ee591a748cc36c4e57e3ca54c81981a9b11a58a961a6fd7ea67c267a12ca4,1764499366,1764499369,1715,97667,,
0xc7c8657bb15d0abc0397e4636ee0a42d44ef82292bdc908886e03fce468eff1d,1764499366,1764499369,1715,97667,,
0x359583ec8699108131d629a9cfd928298d5d7f2c834f9afefa482c233f08b382,1764499366,1764499369,1715,97625,,
0xe6f585c16928a6794aec3a5582493ce8476769da5ed62603579ce5654f1db04f,1764499366,1764499369,1715,97625,,
0x71f9454c2b2e63bb3e2d78727074c6c4a37f5ee9a6c4f57a98343f6700afdbce,1764499366,1764499369,1715,97625,,
0x7886866a3998d190f096d3227c0971f00737cab5a86889793487932d2e9554d1,1764499366,1764499369,1715,97625,,
0x75cf212cac62e37192c629a2e8229ed2204c6b693046339df4996d7643b09a8e,1764499366,1764499369,1715,97625,,
0x6350aaf4b3e31e33dd937a13ff275370e086d5145c98fc3319e1b29079c56b54,1764499366,1764499369,1715,97625,,
0xfd45131b09d596dba232756278cfedfb613a621999ef14f0d6ed5992fc2bdedb,1764499366,1764499369,1715,97625,,
0x1bf207bda0cd92018d136a5af2908ce74d6fe8a01a7656f23662ce8486cd8ab1,1764499366,1764499369,1715,97625,,
0x9f39cfd4fe7e37088e8c636c0fb1154e36f3d992b660402260d07efda1a08435,1764499366,1764499369,1715,97625,,
0xc3031ff80412aff02942f0ed0a7e831daa002c848717e7e02faab470439e140e,1764499366,1764499369,1715,97667,,
0xc9a3f8e00194bbe2386dc59434a47fb517a57599aa73b7a023f7ef433c40bc7c,1764499366,1764499369,1715,97667,,
0xf251f5ea4ad07e64a19393d7536aaceb8faefd1160dbb48529408ef533545393,1764499366,1764499369,1715,97667,,
0x96e80ac32d07c61c3bdbff844d56f3a6e7fd53cfe0a9493f05c482e56d8ac204,1764499366,1764499369,1715,97667,,
0x42d9e168c3b49193b65e46449104dac241ffefd0018e21f4464da6f0b3c366d1,1764499366,1764499369,1715,97667,,
0x890043099e6144e650a5f5841a2223c757abefe393f4aecd666a4eb70f9463c9,1764499367,1764499371,1716,108083,,
0xbd493d5f2c364d363d6b0c96ce803b3d4e51122996e07d1023ad7af316313b19,1764499367,1764499371,1716,97667,,
0xc9fc1d4a87a678d51ee01f729bba1c7389c455d950d02ad6111e303f673f9d0b,1764499367,1764499371,1716,97667,,
0xd6fa748e4ca8bee2487e2189a906a086a2176dba5cabe3db179acfb1c1a550b9,1764499367,1764499371,1716,97667,,
0x23633100766b0a7e5a0a39acc31e85c85643f2c39577c59494f30bbed2c5918b,1764499367,1764499371,1716,97667,,
0xc8bfd5f5ea14cd45617a219aa8cf5b40252eb637c6c95a68fc64c032aa224687,1764499367,1764499371,1716,97667,,
0xaf86230fd0a0e422485a66923eefd97f17d376aa3f77ff447d07e1515b49a4db,1764499367,1764499371,1716,97667,,
0x7be79e10b6621ca8bea6ce32bf5727a4268656b36328995f703daa491400db2e,1764499367,1764499371,1716,97667,,
0x0abae80597e00aa6757f51f224f3859d5c95e04a3f4c2655ead08e5f89ca4bbb,1764499367,1764499371,1716,97667,,
0xc8b945ad5ebc30bc667357f8af63356c94daec282e3136793b65c6d2055d2003,1764499367,1764499371,1716,97667,,
0xb73d3bb73a9e2f22aa36f904a641736bedc374fabf136e7168233f4f46a75683,1764499367,1764499371,1716,97667,,
0x3088e5eca4824a3af1089e154c92f96db129f9981f52a98892e71b8d94a98e26,1764499367,1764499371,1716,97667,,
0xef82ad1383838d5e0143b3da1f504b486adde9a7e439ea00db20d86d949baf52,1764499367,1764499371,1716,97667,,
0xd0d9124660b07404480561df56366d586c019c0193a6a11178c056009cbc5784,1764499367,1764499371,1716,97667,,
0x0f40100014f44f03f79cdb4c66d0121fb22eac6eb36cfe05c6eeeec6db506464,1764499367,1764499371,1716,97667,,
0x531bb4ee03149a9c6647d758c34de8bdd2d221352492470785033d2d05139112,1764499367,1764499371,1716,97667,,
0x8e49dcf6a7a7b802a5c58faa301f46e9d7e33727d515ea8b13eb2ef97b8d778c,1764499367,1764499371,1716,97667,,
0xdbb8c12380eff0840a13b30e3e70e8c772c67ffb6219427261a4567dae3c5a42,1764499367,1764499371,1716,97667,,
0xd6eec2780e2abca2287081b81b8e7cef0f5848b76b73098cec5555ee48610810,1764499367,1764499371,1716,97667,,
0x5e1b87d5abec66557be19e6772faf5e07f5404abe2d38bd5fb4e4385e7e1928d,1764499367,1764499371,1716,97667,,
0xd0c04e59415e000ca9faaf2ddf4bc448546e929ae8f11d9d709090b9ddf08c98,1764499368,1764499371,1716,97667,,
0x9ff1392d6a5ed3e73c495796eeaf42dd7e06e3cb82c005b3300ae6d17aa210d3,1764499368,1764499371,1716,97667,,
0x664587a7a654a2ef19ad8e78b2ada1f847e0304964afac5314ff62229e045cb7,1764499368,1764499371,1716,97667,,
0x61b0a99d2a7feb964770ce62653f58641eb5bfffd93a3cd296b5d4c417624cf2,1764499368,1764499371,1716,97667,,
0xbf973a156af8be27836330a47fa31877a7b1eebe2bf957f54973b805d86eedcd,1764499368,1764499371,1716,97667,,
0xdf3c4f607246c739ee006f8a2e13fb3774052f619a06efc766f9f613416c3773,1764499368,1764499371,1716,97667,,
0xf79a3e685b9c188241ecbd6a5b1a65d72629c725bb9e627bf3ed1262d611b26b,1764499368,1764499371,1716,97667,,
0x1d82819550a1f075b85dd4596026a4d29787df73da5063c8f19e013991398182,1764499368,1764499371,1716,97667,,
0xf2fe0c767fdb3af5e65c7a3bf9ef8c1388a32e0885f1cab33c47666b03c4ccdd,1764499368,1764499371,1716,97667,,
0x289bd3bcd7b979cd0ec2932746e0bc84f29f09a1388831fc76d3827ab533693c,1764499368,1764499371,1716,97667,,
0x430358cbf4fd44885fd4c975a84266a89377fd79def9fcc8b59b818c612fb53a,1764499368,1764499371,1716,97667,,
0xef9d118c589e1b14ec91cf8e30281b3d7867743c645bc15f9b867e9babc0668e,1764499368,1764499371,1716,97667,,
0x03b118321b9d93c96d439fb9aa119e37b9d79689ea34bb5a2937185e40c3778d,1764499368,1764499371,1716,97667,,
0x91e9e8fdb852d1da4999c11b503e3eb4a551414b51d8c7251eb27e0952a0070f,1764499368,1764499371,1716,97667,,
0x2c06cb727e5d56fba176de0e0b5c3eb5a0e8d946c650872317a222c51aad0ede,1764499368,1764499371,1716,97667,,
0x0f5e4b0ac1d361517d18e02952c256cbd210d25f8d0bcaaea0821dc3a07e1ea4,1764499368,1764499371,1716,97667,,
0x52d6b36a35f3a60288c9dfb3c3f57f2b343aebb81dd0b317e7dc45cc949903a2,1764499368,1764499371,1716,97667,,
0xd0f3597889abd927914a6a3a031819fa7cfc2c0e7e19764d64f74891dcdd6407,1764499368,1764499371,1716,97667,,
0x817d579bec31a0e3df5bda7b56e14b125abf0694c3f444aaaf1ef340e1467774,1764499368,1764499371,1716,97667,,
0x326e5ed8e3ab39d8df791f1a89584f16438b2670b46d9095834963c67f8f0844,1764499368,1764499371,1716,97667,,
0x402c5eb043e8874fad1350c6d681d1a5572a7f5e37c0f381059c9f8377a9a740,1764499369,1764499373,1717,108083,,
0xaa08e4ebb27d4ec6defa33b236212fb6061498aaf7e8ad5ef5b112d8d03b2e33,1764499369,1764499373,1717,97667,,
0x8d77c6dc1e647f0fa0438bbbece415fc56a053d51da4add8deed4d9d462008af,1764499369,1764499373,1717,97667,,
0x38444b2636d95af9c953cfddc721ab8c6651d35664980b67584728c134beca98,1764499369,1764499373,1717,97667,,
0x8658eceb9371f1f573777810f4ac304b1e35db202f20d05fc1438462757933cd,1764499369,1764499373,1717,97667,,
0x129dceaf0d0ed0edef83817a2e0e2c585157a92e5eedc224d32b8e656d5d264c,1764499369,1764499373,1717,97667,,
0xceac812841ac333fd87a6cd78f5cc803cc3ba2d38f334db88e93f456b9df5aa2,1764499369,1764499373,1717,97667,,
0xa1adb955dcb1d7ac3b6907ba38309f5751def2de6fb39315de18de372738742f,1764499369,1764499373,1717,97667,,
0x01be47be762ab3a0b4ade8b95e491b2400f6504a2e0a8622570e8f917111fac8,1764499369,1764499373,1717,97667,,
0xdbecc4b25a26850d8fdf9020da9e04ac2f57d06c4922eb48ed8b41b61177b791,1764499369,1764499373,1717,97667,,
0x6d94087b001f400bc9b31d2a39a79f94f0c45b428e6cb792fcf8b35d9fcb30d8,1764499369,1764499373,1717,97667,,
0xcf3d2dbfb4bc382a3518d2d638779280e7c2aafacc09bb6ad25d641c8cf13427,1764499369,1764499373,1717,97667,,
0xc4312dfe87d928cd663d8783fab2d6b2737527cc8a93c28e33fe1061ee8a6841,1764499369,1764499373,1717,97667,,
0x4e0054dd0c075a57bdd2654a79d55a60207714d3faef80027bfbc65f36b37db5,1764499369,1764499373,1717,97667,,
0x558b6ba4181265e961dae4c7ce4ce2c2a0454dbe519d621b5a96fa10f442f062,1764499369,1764499373,1717,97667,,
0xe5ae9ba5efee4a23ca8d18e3adf05c24dd726c381fc878c1aacdbc481c782bec,1764499369,1764499373,1717,97667,,
0x97265e4ebfaba025e9d40d198befdc8424c401d8ed28eeb77ab02c706e24749c,1764499369,1764499373,1717,97667,,
0x9ca23e991fcb5561357d606f7f48def860f6965f4e6024f77d0cbf406cf83962,1764499369,1764499373,1717,97667,,
0x8d93b84c48c2b97884172a894be5151f573ac3b562346aa4672db5ec4b743fdb,1764499369,1764499373,1717,97667,,
0x4f7dcf79d21788ac16e50d7d9bc69a74f1b73d38139d3dd1f21b0a71466fa87b,1764499370,1764499373,1717,97667,,
0xfae5ef8eeca016c30fc35267f12e2936bab46850e5b0133ca4122e87821474b4,1764499370,1764499373,1717,97667,,
0x6120f1864ba582520c6c0fd2f9de9b31d2651b117a6675ad52007705a8caf556,1764499370,1764499373,1717,97667,,
0x7dea8aa72cc09fbf45953b0afba4ae6a7fd851ee42938487f37f549ada8e51e3,1764499370,1764499373,1717,97667,,
0x073b367aac2638d97b2f04885b4cfa88f4a55098c679ddedcbf15fdc9e2fd7b9,1764499370,1764499373,1717,97667,,
0x5e50f7dfffc4e9c14bf7e80324b44f4df1ddc8ed0f134b3c7f0241cd755cbe82,1764499370,1764499373,1717,97667,,
0x17bc8e3574ecfaf9800ce3787c3279ef31090df79e4ab94d34350bba76426d06,1764499370,1764499373,1717,97667,,
0x14d2029c246b59a5a342185d164a69f6f94f027c8816aff90bde8d500e4d6d66,1764499370,1764499373,1717,97667,,
0xbc16a92b88a2aa756eab280786e443c8ebc0fac3d23851b8f8c4408f627db8c5,1764499370,1764499373,1717,97667,,
0xb90c29315f786b6468d1247ca928481aed3fb1a2c5e5e9651634f3a1b747ba0e,1764499370,1764499373,1717,97667,,
0x432c4939d059c3629b1e9e9b1f2814c237269af634d4731b5153d90944c03c4c,1764499370,1764499373,1717,97667,,
0x43c7d0de685ef0505d987f2e19d9fe40d097024cc0f246b4c12650d4deb1d2b8,1764499370,1764499373,1717,97667,,
0x9791b2161015f3daaaf5f8bd27d51d4fa63dd5d52f50d19ea14039e9c06345e4,1764499370,1764499373,1717,97667,,
0xa0e86d4cc4424270232618bd442c43f60a72f03bfe4a6ccf0fec1ebd6f6a8ae3,1764499370,1764499373,1717,97667,,
0x516d33b2af96bb73eb9406c4c44e08322240fbc7942873706e7f871e2cca67cb,1764499370,1764499373,1717,97667,,
0x61b9b511033ba1c35cd428790cb17c2188a06be12877e40c2105821b3dfe7c57,1764499370,1764499373,1717,97667,,
0x55ff27c7305308fd949625208ab31a3a7a7b094b2552236163f786dd68763d1f,1764499370,1764499373,1717,97667,,
0x27efdbc7b7eaf79d2e79993ccc7d984c00fb7eec96e60936f19939b2e38f2abc,1764499370,1764499373,1717,97667,,
0x6fbad9b441d4614cd29a0174a896f523db8362ca13ead3967c6639a6dc08bb03,1764499370,1764499373,1717,97667,,
0xcaa0dec357599367330501ee9329d3542c0fdcbbedfe5dd54eab790461b98260,1764499370,1764499373,1717,97667,,
0x2c21120414bcdab022282480c9697bad2c0f014c861c50edb2e0d0cea51d88d3,1764499370,1764499373,1717,97667,,
0x0d75817e6dc8da1167cd8c71abb7996135c72025f0077e288e5388118c0015e2,1764499371,1764499375,1718,108083,,
0x2ca182ddaf115b30909948d7a0c831e7a10ee19fa6257ff388d17da1d46d3c11,1764499371,1764499375,1718,97667,,
0x7c636f29dd2cdefc5afccdef3f2d25b7484343b3ca0420e5bf4f834742afbcaa,1764499371,1764499375,1718,97667,,
0x8eb516d2b03673716028609d108ca37cd2284e2a1579b29853a8d70c52090c46,1764499371,1764499375,1718,97667,,
0xe02710eb51bdb74bbb1c546347a527bd3adf551aac5d28683747617b5c09c469,1764499371,1764499375,1718,97667,,
0x9f4faa3afb36b29ab5b38ca5d8d8f5bb2b415136c6b23b04f726b98ad8f4197e,1764499371,1764499375,1718,97667,,
0xd2009f4d66751551384377e625fb2b9f9613b582f0748e606ba88033528d25ed,1764499371,1764499375,1718,97667,,
0xd613a45aefe610b00a365c9d215d248ec5876411ed8e64d2c6fad9ac36d98f0d,1764499371,1764499375,1718,97667,,
0x29e33c6b48efe9724be36ca9f8bb96c9308c3285c0ff137a893e523c00850eec,1764499371,1764499375,1718,97667,,
0xe227ac410596f895568781f8ee5c71234f6d86fb80d986a6e90ebf6b23da47fd,1764499371,1764499375,1718,97667,,
0xa1c6eccc5ee819965dbd260067ab1966ec36dfb570f83d56b07d0f2449bf6f7d,1764499371,1764499375,1718,97667,,
0xc33a54bbb14e702d4db338dcb018bd7650869d7d50efd82f46829ef0c6145f99,1764499371,1764499375,1718,97667,,
0x45e6e17a80e7c3a6fc478725c11d36c071dc4cd83e169d7c25b8a743125bdc81,1764499371,1764499375,1718,97667,,
0x938bf9ddaf299af03045db4bb20db5563db6535b99b05ac5a6c72e968e26885e,1764499371,1764499375,1718,97667,,
0xe150e7dd15c072f1a4a70f399c949a87620bfb008deb274c5a80192c5fc55f59,1764499371,1764499375,1718,97667,,
0x317a99ad5c4784d1c37b15112d02ab5131af105ef89baa33c7fa3dcb98f9e0b9,1764499371,1764499375,1718,97667,,
0x846da661360991b9a42bab8f082989668515e11e2f7caec410cd43fb16e85551,1764499371,1764499375,1718,97667,,
0x90af10ea40be32d85da552af0a040120c47a29023aa2f8108818cb6dc8df50c1,1764499371,1764499375,1718,97667,,
0x9e91c83815c4b5910ce7da899fcc8d4c0a237b23c944619fbe79db6075abbcd1,1764499371,1764499375,1718,97667,,
0xf6f238199bb949af0a3a360315316a8869b373513933239bd406a95af3f23ef8,1764499372,1764499375,1718,97667,,
0x4035e3b7aa96a5ce3ece0b4d674c12b1cb8394f31f5e9400b7a3607ee9e3888e,1764499372,1764499375,1718,97667,,
0xa823ddd31fe1342ceb91cae6b07576c3494450df85eb77ee7ef6b8d448006939,1764499372,1764499375,1718,97667,,
0x790eae6dabca55e7f2e6cb6a88185c010b479c39a1bb91e05a582c23ad5b5b4b,1764499372,1764499375,1718,97667,,
0xef53c489486d2c7d9e63f060172dc8de82482eb21068c92a2971a35196488dde,1764499372,1764499375,1718,97667,,
0xdd55adfff6a5b4f60e947b11e98d061c5be50651954970c517fa94e00b1732ec,1764499372,1764499375,1718,97667,,
0xb453da9d0cb9032b8ac1892405d0adc3151e4a9eddfca6bc537655e2a1172980,1764499372,1764499375,1718,97667,,
0x731469f24774ad29a4b3126eb4b4d966267ef853a0426044f675de7250c2589a,1764499372,1764499375,1718,97667,,
0x739e995aeedb693f8c192a2bafceb6b8b329c3d1bc420588aa7e5a4af6e2cb1a,1764499372,1764499375,1718,97667,,
0xd05565b466a11cdb2c749047ab0b1e43f7cb298268d8ef124566d6fa7a1efb98,1764499372,1764499375,1718,97667,,
0xdd9ebde4dbf9bd964cf6b1867f47177d97eb84398c8099f768f393ead6e8734b,1764499372,1764499375,1718,97667,,
0x45d0af8329e08eb8d255a09cec658b808f2a87ac6ab3bf790751ebdf03df961e,1764499372,1764499375,1718,97667,,
0xe39612f73108d6b2a4b26477481cda0528c5312ee8f17ed1b23a0d1725593f80,1764499372,1764499375,1718,97667,,
0x2f712118457b54f77b29bb3806f501c52755216a9b3c8fb9de573c92b2dfcc9b,1764499372,1764499375,1718,97667,,
0x0a1750a5f190f82b8574549b4bf2c0b8b26ffe9f48d01b3fb40bd441c89c6b08,1764499372,1764499375,1718,97667,,
0xd1c091e5373c4eaff7016e56f6e5aaeaf7c32947a0e3e30baa485600d8843624,1764499372,1764499375,1718,97667,,
0x0983cb625e648bf892cb184b360d1921096b48b079dd7a970c99f9ccc7125c7e,1764499372,1764499375,1718,97667,,
0xfca2c2f44463ff404cc3acb98f1ee8d2723d760b1117e863f50bfd1d9893ee98,1764499372,1764499375,1718,97667,,
0xb14c02a572940985ea39b927e23b7244b385908e6cc12df6525d92087be0be2a,1764499372,1764499375,1718,97667,,
0x1115759f154779f000a12a7adad8f849e9edec0a30ffdd60f6d892fdc725d762,1764499372,1764499375,1718,97667,,
0xc3ed1ad842ebbf82580e8c7f1d79a41e4e24a9583c8111bc2a00e2e26bfff02d,1764499372,1764499375,1718,97667,,
0x7eec2dbd56bc2ce83bcac92b78f2a66384b0e78afa26c4c26bf80bc55b7601f9,1764499373,1764499377,1719,108083,,
0x8c847172afbeb70f6b8038049e89b124ed7d0a65e3a407f0ba4acf447df19648,1764499373,1764499377,1719,97667,,
0xc8580698c592c1d3cf05e9b4500e158501e644dcb298ca72296781b77421993d,1764499373,1764499377,1719,97667,,
0x4868484cfed8e127de7d4dc1258fdac47071ee0040f41e9e62953ab654fbbc74,1764499373,1764499377,1719,97667,,
0x579fe0afbe7b201e03ea94b49ddaa5447446b4a655e5d29d9b285faf3efabdb9,1764499373,1764499377,1719,97667,,
0xf0e0b8de0de54b1d3befb8557648d442f51b4e3b0c294715982931340c9c3db4,1764499373,1764499377,1719,97667,,
0x49417ea44cf830bbd2ea1a09f05c2404a1a512e4261a7d25bbdf03d7d0dda263,1764499373,1764499377,1719,97667,,
0x8036e78f6a46e58045c81b8079bd7663629597b60052f8a3e7b604ed06ab9f7a,1764499373,1764499377,1719,97667,,
0x0f26635fd05f70dc397390e8cab420c650bdc662b4dd42c3ac9c3abf74cc6f8c,1764499373,1764499377,1719,97667,,
0xd628976127d8bb29a31c019ab03d461c008f4ee0bc7e5a8ba913249ed04ae8a5,1764499373,1764499377,1719,97667,,
0x4c52c06721ac198e3264b9ecff5d3446400e70ef27edf96a70d8bd26eeb7a91f,1764499373,1764499377,1719,97667,,
0x61bc85fa87b7c807acf738e6dd524e07c8736883bf65c298c7418a29207b280e,1764499373,1764499377,1719,97667,,
0xe6628c8eb2c1e9a2ed1017b6fc03ff43576b24369fc9298f513d86f3a8c855b8,1764499373,1764499377,1719,97667,,
0xa9a1191a8899d7632b35b76a02e8475dbd02d1e0c1379be74a0330bd2becbf53,1764499373,1764499377,1719,97667,,
0x18c9b510586370456730e43469bf66c752804a4a26d311214a6ee540859ca25e,1764499373,1764499377,1719,97667,,
0x2f411b94fd3f76f4942069ebcab38c4cd8c23c1091ea171332006d61ad007e5c,1764499373,1764499377,1719,97667,,
0x91f02fa2ea02da63181c48606dd1322f112c2c171ab23f5e0891eed5ca63fd73,1764499373,1764499377,1719,97667,,
0xb6e5255fed14000ca662a68f7771159f85d5a177dd185aab931297352db11209,1764499373,1764499377,1719,97667,,
0x175adc88b24c38cf017c1e92bdc2581e8b84941593c0b0098e7bb9ef96093978,1764499374,1764499377,1719,97667,,
0x50799473b096ffa669831cbe38a6d7c111998b95b8fe867956beaf6e06505873,1764499374,1764499377,1719,97667,,
0xd5fed4b5f1cba3d9fead06f4457237e2da6493dd37095e2c3b66388c22a96ee8,1764499374,1764499377,1719,97667,,
0x8dbe3da9df95fca846caa6363a3f97ee4eeb36ca3c2fa5f27c0bdc7fafe23615,1764499374,1764499377,1719,97667,,
0xf1a0f5ae5060a56b92f144ed6e5aaa46bf7b8d65d9d14813fb5defe5978cd3a4,1764499374,1764499377,1719,97667,,
0x1f4bdf94d7b5a7e5630490d9a3d08deea8331474b202ebff97095401eeeb1c27,1764499374,1764499377,1719,97667,,
0x3d8b332459cc0a91996759495d84928783df0f8ba0a525029e9dbbc7f699ffe9,1764499374,1764499377,1719,97667,,
0x1d0325bda914bb9c8160c8e04a1e2baebd22ecaa8cdc7b79c32a301ac0bbf38c,1764499374,1764499377,1719,97667,,
0x4f1dc6eb3791c395df4b7eb4d1b0e41228adaf26383af6e3553639a1fa60cac8,1764499374,1764499377,1719,97667,,
0xf6cd38454a34e395fb3e66d8756d97cf450a6e10b1ae25501670a23eed85abba,1764499374,1764499377,1719,97667,,
0xc77e8518c09a4443507fa1b22eadef3f46546b1d6c140a06c3fa5135a9e6ecd7,1764499374,1764499377,1719,97667,,
0x489e87501d117770c7f9704b12ae433a9e91ae6195cdb8df1002a7d93ef409d5,1764499374,1764499377,1719,97667,,
0x06d21aaec4a1ad96e1a75a5b76bf142cf3590a51a9d1fd958d68711a4a360c82,1764499374,1764499377,1719,97667,,
0xf5a0919834bf8b4193200a845e209464faadd8ae54a61c5b1316d077f3509fd6,1764499374,1764499377,1719,97667,,
0x4fc7536963a2da8dc69989c45dbcdbcf67a35dd8fbc93533e3b54113950e22b4,1764499374,1764499377,1719,97667,,
0xa4fbdbfb2112ec7c718201d87bc02de68b353ad0977684692bcbc1459a390446,1764499374,1764499377,1719,97667,,
0xc685caffe2aa5aafc604cdf7dcbf4c9ab4d9bf2e07cd019aa80c77a66c0e500e,1764499374,1764499377,1719,97667,,
0x071d00166622e399170220c72a6b098a00894505ab77d3dc2b5c3ea548f05e9f,1764499374,1764499377,1719,97667,,
0x5ed6a9558313849ba0e8380ea06fabe0d88e2855555eb35c3384fa703fcf439a,1764499374,1764499377,1719,97667,,
0x6c44c018d8bd49b03853501335626b1c2ecf96666067696ef6195f4a737fa71c,1764499374,1764499377,1719,97667,,
0x1301cd5bf14524d1908a3e7197fc893d80298843e01a81bf45bc473c6f6aac3c,1764499374,1764499377,1719,97667,,
0xba15faa9e07c8aeb389252f28c1a1c7afb2784b1048def076ded9ca819ff72b2,1764499374,1764499377,1719,97667,,
0x1ee82573236837ccdf736e2758e79a459e98d409b99420f6a486b2585649d4b4,1764499375,1764499379,1720,108083,,
0x03851678783190acb2884f597e6825c10294c9bd561fcd98aeb38ede5ba31f7b,1764499375,1764499379,1720,97667,,
0x4d1bfe67eb27d7d4dc0cdcd135af3587b2f3b843f66ddc9f36e60c6e1aaac221,1764499375,1764499379,1720,97667,,
0x2e560e1626e74d359bc04201b8e1c3446ab6566d08b8fd505af2d032f041bfab,1764499375,1764499379,1720,97667,,
0xa3addae96dba3c77d293d836f1a833d13bd541e7e7ad056f7340ad10fff397fe,1764499375,1764499379,1720,97667,,
0x3f8cc9867dc565c2c87b86775bf0b09bc79064ce60258d56f0762bd1d93ae83c,1764499375,1764499379,1720,97667,,
0x668d7fa2234011b6b63dc7ca8aac4272e6e0a1a8fe34b84338be8d27cd696878,1764499375,1764499379,1720,97667,,
0x58f8b0cbb408a609411f4a480a0fa09c454feb2942f41cd352f0f778d1d5555a,1764499375,1764499379,1720,97667,,
0x4bf5c6aa32c658ffe8cbc903ccb790e392d34615ad27886a50aa722753df2d26,1764499375,1764499379,1720,97667,,
0x173e429e8c2b3cdfd8497f03498c536051674eff39a43a1abe576f94f4343f03,1764499375,1764499379,1720,97667,,
0xd75d81092b3980a30dbb589ee20c30e701def9f6350709666747c0bc41f4e098,1764499375,1764499379,1720,97667,,
0x4d296d354f0c56451cb450bf74a295ef05b91e64bf15ebc29149e2002b35f622,1764499375,1764499379,1720,97667,,
0xe80f3363e3748cdb06ba4e8de940f78f0b7f3181a269b108605db68a88751625,1764499375,1764499379,1720,97667,,
0x90b351afef2968a78c5089f6b3f788f166940f1febcb7058828c3ad55bd29961,1764499375,1764499379,1720,97667,,
0xe4c7690108d0c933eea4bb1cef59971e577a27a987a57cd29783245ca8462cf8,1764499375,1764499379,1720,97667,,
0x80dea97c31016cce0ef42db3c083801e7538ceb81edf6596dcd72c4401e41453,1764499375,1764499379,1720,97667,,
0xb1429af261779be4d6f3935c92a6d295167a5911b48046a3b02edd70f47ceb76,1764499375,1764499379,1720,97667,,
0x2c8cf74ca2d4c004a79547debb26645063c522c2477abd582819b825f4218d22,1764499375,1764499379,1720,97667,,
0x6ff3c5d34975321032b17274dff3d983cfd30f36ed9c4db26be6a10c94837ab7,1764499376,1764499379,1720,97667,,
0x7c30c78b3cd820c15c34ac6655d7bd2817e130973f62b13ff0a6163f9b5d41d0,1764499376,1764499379,1720,97667,,
0x502161003ebd99056fcb6a902897579819219066ce06fcadfe4fac3aabf8ca25,1764499376,1764499379,1720,97667,,
0xd193fc60cca464f1d8366afd3795b2bf6e44286031f5746d8d99e3a70665185c,1764499376,1764499379,1720,97667,,
0xfc9fa77ef8570091cd69fdf25fc447544c3dea0e0379cd3d5bb773c3079417ac,1764499376,1764499379,1720,97667,,
0x2724bb98d74b59aefa97b46735488d3a46890f354f2b40fe2227d186cc8fbede,1764499376,1764499379,1720,97667,,
0x7cc2b51fc20cfc023f5686482518488b33526d62663b815c678c0ff78742b212,1764499376,1764499379,1720,97667,,
0xaa6fb269748a754a45ccd0e421aaf35477909fd4c3e9c356ccad8d8098ed22e8,1764499376,1764499379,1720,97667,,
0x863fd9c95d4ba5c0dc9a29abb467d0c098c5a893ab8161d869c4eefbb07935c6,1764499376,1764499379,1720,97667,,
0xbbad16b50090c3e2e7f838b270dad0d58d7529252d485dfc46fe83719a983ef7,1764499376,1764499379,1720,97667,,
0x37f7df30ea0ea97bb9b7ef7f4aea8799059c0ec6f7364954b9e8d5f1308b1b12,1764499376,1764499379,1720,97667,,
0xf67b272a50b96c66a5416148495aaf60246dcd24e8e2899ff2476e5574298b53,1764499376,1764499379,1720,97667,,
0xf6547f42143f73710aae91d869bf35ae3cb1724e86cee5cc0d4d5e2ccf118204,1764499376,1764499379,1720,97667,,
0x3e712a121d38a51222ebd9ac3a3b6af927a0a6f98e9d21a716b54f626e1ce3d6,1764499376,1764499379,1720,97667,,
0x2d9c7690faee741f03665bfce61ed43c87533bd380402d486a2eb18afb043d7d,1764499376,1764499379,1720,97667,,
0x88f6e836cb7699b75a5e2d39875539aca50da8b103f2457b38e89ccb88657444,1764499376,1764499379,1720,97667,,
0x308540023760c9b0e696e43cffde17641db2ac7d443a404035121da438faa7fd,1764499376,1764499379,1720,97667,,
0x6cb29767027bf85b7d9742cdab21685613a66a3ed5a04fcae92e4ff4b734afdb,1764499376,1764499379,1720,97667,,
0x9f271ed9317fc2d0ae186d882c712cc2e502352456a9d496e42633eb77f6f45b,1764499376,1764499379,1720,97667,,
0x518468530781086318466e54ab5fd049740415913fdc869f2d30087bb72e8672,1764499376,1764499379,1720,97667,,
0xe21093b0eb656baea6234fa94d1cc6e3a7477051441bc941fb0d9d7d50c23b08,1764499376,1764499379,1720,97667,,
0x28ccaf1835755de0d5e316f231b8e4d017cea7cf98fff62fa954f4a9cd0a57d0,1764499376,1764499379,1720,97667,,
0x52c346bba989d14088ca970ea432f629b6bc449a706ae62d5411fbdab90d463e,1764499377,1764499381,1721,108083,,
0xbee98225813d5e4a433eca834f7509b20a3f3fc117c2de4e13efad67e46e6504,1764499377,1764499381,1721,97667,,
0x0e7f01a9cdd495660716cc3af1dc1bae6c3ec3eb64f2070ed23d52413de5fcfd,1764499377,1764499381,1721,97667,,
0x8998c6ad92936396bf59d6988472c4a1c7315bc924d15c54b59a3fb61d9f3929,1764499377,1764499381,1721,97667,,
0xb87869104cb6661ebbf1858f9eff262fc02492658ba8065aafccd73909e9fc3a,1764499377,1764499381,1721,97667,,
0xbbffa6d51b6ea07c5e909ac2e67a98ba7ab0402614233cd71f4f8a5bea3f8c6b,1764499377,1764499381,1721,97667,,
0x113e249ef1d60699237e49cb882d1022713a41c1f979d02b32acc2b14a510818,1764499377,1764499381,1721,97667,,
0xbb08cf830d455e4925cdc07877699cecd17555a5ef9cf12c9f593f71b461eceb,1764499377,1764499381,1721,97667,,
0xb40d75fe01c579ddf69418f2b7c185960244d3b033dc744d4563f5ea4bc3ee81,1764499377,1764499381,1721,97667,,
0x6e5914afc42a43b38564508d36a02b304b74911efc266ae75ddb32bd580b46e5,1764499377,1764499381,1721,97667,,
0x49f207682fc6a98dc66a163b4f0565cfea23ceb5b49739975002588ba2bee1b5,1764499377,1764499381,1721,97667,,
0xa50f9ce0943f3a45975233f496df1f2780f0bf4fe8abf62b96ee0f2a0af1c52b,1764499377,1764499381,1721,97667,,
0xa70c6bdf30c1c2370e7fe96da51bcb40a154ac785c5bd09e5567a14ce53f27a8,1764499377,1764499381,1721,97667,,
0x3bf32d71bc4cf91fd13e3a9b2a011344aad99c9776da3269c65ef04caa5bfa82,1764499377,1764499381,1721,97667,,
0xb924fcb841ff0e79d25e5ccb740a2cbbca79856b466f5ddf8ed7550fbeb5619d,1764499377,1764499381,1721,97667,,
0x5ea2c2376fe8927542f1e9e69f42e8885349057ed0b3ed39f93d654a581c712e,1764499377,1764499381,1721,97667,,
0xc654b0b00d998c0e3beabe10679e3f1b6d7126542eda219faf412fa8177c703a,1764499377,1764499381,1721,97667,,
0x23369ef535da03c07020b5ea7add66cf2c667e71eef112ef04a1551c761e57e9,1764499378,1764499381,1721,97667,,
0xbdddee0edb50e59a870cbfbc675d845d2fb7481bd2f268096478ae4c25e108d8,1764499378,1764499381,1721,97667,,
0x12e721306e422d4d2449a32be4457fb18117f6f8acba7d7d94ceb16b7f71fb1c,1764499378,1764499381,1721,97667,,
0x78d7bb56e625dd0a6a3be4a0e86c1ed6cdd23f543f51d1c5388d8cb07c1c8e60,1764499378,1764499381,1721,97667,,
0xd93b1192953622cee06fe4b701ae8079864cd2ec2956fb0be4b2884061d904c5,1764499378,1764499381,1721,97667,,
0x96d9af8af7fee9f6edb0d92ff2da3f793875fc93f0437d99e19c69bca75dfcb8,1764499378,1764499381,1721,97667,,
0x6825f77d367bf75d69c556ea33a603d3f6cc874fb65c93ae6414b25a3f4a8fe0,1764499378,1764499381,1721,97667,,
0x0f88e238d2dd8a1380f9c385e0163c1669fa6a0400c66bbaa0c2126728a78b05,1764499378,1764499381,1721,97667,,
0x1bf5374317a22b39e1b931ac4a970bd24431b8bcc3b76af9f2d6a0031c437dda,1764499378,1764499381,1721,97667,,
0xe7e0405f8403a12c4840415717930ce337a5468ed002b6391c7fcd7622ec9559,1764499378,1764499381,1721,97667,,
0x2c82628b95b680b8da363912689724ef01e0491bc3c0f5acbd8b4440158c0ff9,1764499378,1764499381,1721,97667,,
0x6ab12ca3072008713aa7756661080c0638ab80c0534410e12b098dfde7cd379a,1764499378,1764499381,1721,97667,,
0xa309876c409352dfce513ffdc7072612ecde658f8dc7c7a19fd6e1d71eb4d4a3,1764499378,1764499381,1721,97667,,
0x812ee8276c71ebbc0d2d9476f792263e7adbc81886fbf308e63680b6293d2905,1764499378,1764499381,1721,97667,,
0x1ae09cb5f1ebd9b92088ea86ee4353a2738afabb0c62521c8df079da7c7621e3,1764499378,1764499381,1721,97667,,
0x7b5a49d09a409ba8c5168c285c9437b78d9ffb35289bdc6193650904f853dea1,1764499378,1764499381,1721,97667,,
0x3cd93b3f69114e37268778a4da16812cc66fb8ee2a4dbf007450b89ea4febe17,1764499378,1764499381,1721,97667,,
0xba82997effdee672f43d7446962d8725050f6fc501e292f3569c73a1e319a24b,1764499378,1764499381,1721,97667,,
0x31091b68946fbdbb14e2edfa20e97ecdc0a21fd4c8ef38bd5f602da97c4d7d77,1764499378,1764499381,1721,97667,,
0x5f59a7a90f4c9ec1225abc84dfd0a469fa8e1ea933234d8d32ae78f729ec22ea,1764499378,1764499381,1721,97667,,
0x234d3c2b41912a2f2a5276f97c9d9f707515dab80b07b623e8bebc3d7d14a9a8,1764499378,1764499381,1721,97667,,
0xbf20963a314427528a97b8dc000404d99a5aed9582f717ba631988841ca57eb0,1764499378,1764499381,1721,97667,,
0x7ba12a50e039af5881827cfff63a755cb37d3eff7c8d63bbd71e481c08487300,1764499378,1764499381,1721,97667,,
0x7ce351450916e7734229bc2bec8ca0997f007ca675d51a557ab26545c51fcc3d,1764499379,1764499383,1722,108083,,
0x4ab17fdc82c026d4d49111ff2efb68930c40a401026b5cb77d119a16edc4a722,1764499379,1764499383,1722,97667,,
0x9b9b22cb510787df6d9d9a4edeb5281a0ae529e5dae25068aaae86ebfcdefbf2,1764499379,1764499383,1722,97667,,
0xd3e344a9a800a17118d1e68d694204626a1da758736503b9cc0816d41d600cf9,1764499379,1764499383,1722,97667,,
0x79d2ee80c8a5601be9f23e765e6c4870da3769eb5d393e6aa44a9f5d81341c53,1764499379,1764499383,1722,97667,,
0xa05f33ddaec4e0d902cbcce5e4efe91d42e01aaa870af738a992c22583b7e3ba,1764499379,1764499383,1722,97667,,
0xdd0e18a9c2abf7bfe8d8d136e93128e69a9db418c3f1bb26dd316b5b377520f8,1764499379,1764499383,1722,97667,,
0x0f3bef661f39d6101869200c0d94c83c91967bba65a3135436334c4030acaa20,1764499379,1764499383,1722,97667,,
0x9c798d14ca1c1556e85d2a4a2631d73da4d06216361e655a1db0ebf363052628,1764499379,1764499383,1722,97667,,
0x33acf67b42d3483a40db88d3fcb2d5cdffa01b501972e1f00598ba57a1a97b75,1764499379,1764499383,1722,97667,,
0xa5ac578cbd4244586d615e97a6f036c47c3493bf2354f29da37d4081bed6060c,1764499379,1764499383,1722,97667,,
0xd028e2a7ad63229ebbeed7a1c4e8a2960abf6e0ae4454b485cdbf77025964d85,1764499379,1764499383,1722,97667,,
0xb1a532c3a15d528adfee83dc5e5cf7c30299f178beba24234d4f32ce65b4c8de,1764499379,1764499383,1722,97667,,
0xa2b36c7c61faf6874e55b054156e973e9cd9ee70ef8350e31354cab8b8b762f4,1764499379,1764499383,1722,97667,,
0xd99614a90c13a428942620f5066b03e34093fb0e1e7948de21f98417d8982a5a,1764499379,1764499383,1722,97667,,
0xf85a60d03e149aac4fa10f7ed3fbb5cb7f58a6859785b0d665f42a30ba65edf5,1764499379,1764499383,1722,97667,,
0xd107690238227d959b98c6bc60ffb4ec6fdb580ec034646292b1b751cc828edb,1764499380,1764499383,1722,97667,,
0x87ce6cba5694f13cae5c39ef749baf65205103029f2f408750150c5b952af125,1764499380,1764499383,1722,97667,,
0x3e1eba93d2d8f50fa276225015855e18c7e51f42d16b58c0439a88397d98c224,1764499380,1764499383,1722,97667,,
0xc73a4efe7d255ae4ed4678118bab3878c52e8d93bb4409856f855bd8260a8b26,1764499380,1764499383,1722,97667,,
0x59d78db9e8c83097346b0964209e2a5979b432b1c1c1df7a8c45ce9832134124,1764499380,1764499383,1722,97667,,
0x68e12582bc6b04e08645664f679eef19baa0d9aa2cb34dd715246be5ae16a971,1764499380,1764499383,1722,97667,,
0xfa729d1355d14db87bfb080f21e1059ae388354f59db5d947f690deb34222462,1764499380,1764499383,1722,97667,,
0x19d5204439b2ee13ff01e29d129c8e13c67474b8b78748e28075beb09739d095,1764499380,1764499383,1722,97667,,
0xefd6c77fe4d1269e01d8e1c357c66deb25cea299f0cb0928a2c947beaaa0999e,1764499380,1764499383,1722,97667,,
0xeed2d8704c0bf7b7dcf844b30580195b82ca7be82a965ab26d6774b9cc9eaa83,1764499380,1764499383,1722,97667,,
0x0bb78ba8686da11d12ddeadb540a5c7a06b6e9cab3e32c6781a4d99d11142ccb,1764499380,1764499383,1722,97667,,
0x58898d90cf880d33b620b8aaa90d309d9a6f410cb73c73acda58d36bfc4444e1,1764499380,1764499383,1722,97667,,
0x9f1afbb2df257d20605c60139482060b3202bfcdfe55cd6bfa4187aacefd03e5,1764499380,1764499383,1722,97667,,
0xca7af2658476adc6a61ecfbb7b314af986a33da64e24d6e1221274f0184eb96d,1764499380,1764499383,1722,97667,,
0x94ab27a9bf98ec25e82ed47ae44ddfb4be094c50c08f6df3350dd0c43752d637,1764499380,1764499383,1722,97667,,
0xf8dead80220c31e7bdd76910255a798b968a3ddb2197c901c69e41cc924ee7a1,1764499380,1764499383,1722,97667,,
0x57f094cd5cbbd9a36d2d85291135b8c7c73d8588b02fe809b0237fb57bb61adf,1764499380,1764499383,1722,97667,,
0x2bea73a90ed282d89cac885dba58b9c8de48cfa2593a9c1bc89c5b2644e6e357,1764499380,1764499383,1722,97667,,
0x0b37341d19241b3810ef6d965e3b7c8c618260832050d153960a5c64273b7f69,1764499380,1764499383,1722,97667,,
0xca5899e8978cfb9edca798fff2c7c2ab5c5b5e419eb0a3b671923a1f09ba91dc,1764499380,1764499383,1722,97667,,
0x76691e426e7be5fabe1ee97299014e3e07ca78176095255be0b74ec33e847253,1764499380,1764499383,1722,97667,,
0xe6e3f9d707a00c72b45dbbf8d4c1a364f98a69a36583a794a77a90ae7d12fd95,1764499380,1764499383,1722,97667,,
0x08c80c644366670c1eb35a058463fbc798c29e18839e41a381cdb278eef3caf7,1764499380,1764499383,1722,97667,,
0x36c05f6fe1f2e94c5b7b56ce45d1ed2656a5ed0beb2a741538570863fc34bb9e,1764499380,1764499383,1722,97667,,
0x6e1b540a751e5d123fc0ea7c86ca6e4aed59328a804b19431fff4e8a99512ac1,1764499381,1764499385,1723,108083,,
0x203d264f20ce13479b01feb9a0c3ff6d07a89c94db90b63d94b1c13385457b5a,1764499381,1764499385,1723,97667,,
0x784fade047d2a23cddfc85076f5031d4c7a132f43dd07adf6416cd77b14fdb3b,1764499381,1764499385,1723,97667,,
0xd3f6707452d97fe513dacdef624d43d69fae74c67c281866fcafde51b1113b3c,1764499381,1764499385,1723,97667,,
0xe24f0f6138755c70de33371662ae796679c7ed579f15d06605e8dac900cb8cbf,1764499381,1764499385,1723,97667,,
0xd92c0b03559c0bb43f1ea9abf8b926fee3da17a7c38e2998c3f2ed84442630ed,1764499381,1764499385,1723,97667,,
0xf4148fba2af757d2f7ec92f2002a3a5305c7b1851f2e118ab920175f69683963,1764499381,1764499385,1723,97667,,
0x66dd11703e4cd9e4b04dec994478813fdb07c45dcc051e774d898b9d5d479355,1764499381,1764499385,1723,97667,,
0x777313b1ac65c5c7bec51255233e75d0a7a2eb0d75ad843532c3041a578c3009,1764499381,1764499385,1723,97667,,
0xaba4b5b5036bdc77fd5ef52bcaeba340d03df6a1741d0914b8ebe7c54ffc0016,1764499381,1764499385,1723,97667,,
0x1637161a1c190cf37d7cf023779cc65d62b6f2d8df2495fb606f47e3478b57d7,1764499381,1764499385,1723,97667,,
0x723952f5ea568c159583a6bd75cc029bc1dff4832a32027d3a967ee76c896b5a,1764499381,1764499385,1723,97667,,
0x3a865c43861377eadef38e7c454dcb8116f93074a8bf06a2c85fa53684701111,1764499381,1764499385,1723,97667,,
0xec7d4da5b373368f801810301bbdbb8a1356b7ede1628e7e40c9a00272266cc8,1764499381,1764499385,1723,97667,,
0xb9e860575fdb8059c6fe3133a4e0f62ab81a7aac09655fea84abd2376d705205,1764499381,1764499385,1723,97667,,
0x5375d976f5d72e3f4565f3f105a142bf5ddc2ca70fafa77edced5e2424a8bb4b,1764499382,1764499385,1723,97667,,
0xf36c6a76922d895d07b58ebe537289b4995c260334d6c621acd14d33e6902a9b,1764499382,1764499385,1723,97667,,
0x2be9ab0bc31ac7ecb5c9e3e98f65d68557eec86dbc68ed694a37e9a4522c5982,1764499382,1764499385,1723,97667,,
0xa1baa382b46ac71244fdb15b846546357153e67c6664bc9972a261913c172077,1764499382,1764499385,1723,97667,,
0xb5ca03feb5c141fcd884f4b78dac5b8e63c94de4abb7b3b9d41e0e0e86b4bfc7,1764499382,1764499385,1723,97667,,
0x8d5e61143b90cd5c075cf3b0c097d3e03cd270a969861e01274041c1063e3613,1764499382,1764499385,1723,97667,,
0xe2b0a7922bd3a3faca4bbbdc94acfbc42dbc2b6032dbd1987238f70c19810a58,1764499382,1764499385,1723,97667,,
0x85d179d03746e76206d15de0e1803e3327d350b0513fd1b7b9e9838d5ac70efc,1764499382,1764499385,1723,97667,,
0x1c68c89f1d159a9c9977804632402cf8a2611ccd967325d40418cd2de5cb5491,1764499382,1764499385,1723,97667,,
0xffd5652cc886832252d5fba6a2ffcd243da1b400bba3006e6a8d6517d1c6dc77,1764499382,1764499385,1723,97667,,
0xc6db73ca53edb53c26842aaace823eaec19192ece54f8e66731bebbe9bccbfcf,1764499382,1764499385,1723,97667,,
0x589d4fd4b76809f4747360af133c14612ffa0a0b1a4878c0996bbfc2c672d0a3,1764499382,1764499385,1723,97667,,
0xa783f30bf300e07b0f2635117b34b620697eca9da1900a35aa21ab6db449030d,1764499382,1764499385,1723,97667,,
0x3bcc9cf34f4aad1560028ac693990f774d6a7e7865915b8de5d9bc9a8efe367a,1764499382,1764499385,1723,97667,,
0xe1b7bec2cd6999bb2498b23a38d435dbc4dd34e47f2ebb42c60e1c25422efc28,1764499382,1764499385,1723,97667,,
0xefc953d2a029d059e6f62942b3645d1eadf7727adcf5e5a5a6a89050b5e9a277,1764499382,1764499385,1723,97667,,
0xa2679fa1e2486111307e5129a710d726fd873a42e49cbb392c4bcf4b9de7d053,1764499382,1764499385,1723,97667,,
0x1ecb8a436220198691a97aa5d81328755442b9336c1e775983dc628314906bf8,1764499382,1764499385,1723,97667,,
0x47b290e6ff43d635899783af7314b1ba71a8770b77771a8233ebc92da07f50e3,1764499382,1764499385,1723,97667,,
0x4a40e44e4d3923155170ba32db757997817f554b7786c4e44ab881d72a4bf331,1764499382,1764499385,1723,97667,,
0x201428e8d72d2fc4398538b8fccb9d69ceb78cc6b54ed24f764892e3298666e4,1764499382,1764499385,1723,97667,,
0x79849c73b73fe8d7fd68918489ccba073e9cf7ae6be00cb2075f86c6d9a51acb,1764499382,1764499385,1723,97667,,
0x1a4d14ee62ad4278582abf3e3e35d2e59157c6096c18fe7645074eec5dd07f52,1764499382,1764499385,1723,97667,,
0x4835865ac9fcf292e57a5f4550dad8d6d91ab8d700ec62ba1b4c060ca8a7bc9b,1764499382,1764499385,1723,97667,,
0xa8aa6ad2e71b73c36eb13ef37eaae1be207fcd91009c35ded0067258b027f4f6,1764499382,1764499385,1723,97667,,
0x50ac4f09fcb6d8e968bb389e883d2086f70b83193613494d0b1b353f3d4222d7,1764499383,1764499387,1724,108083,,
0x691514deaf95a1f15d2e6b6e99ae9a7a3fb3df6424ec678f2786fb61044a386b,1764499383,1764499387,1724,97667,,
0xdd4139652678d44a51d4491fed1433322e547a792501e3e9f5a3de9a5399f650,1764499383,1764499387,1724,97667,,
0xf3ab3c265c8f59283d3095a5694173b00d60164fff88bd0f75e861fbe1533528,1764499383,1764499387,1724,97667,,
0x4fea7aed3aad4a1db7beef86e86963552a7fbb55f7c97a4ac9377b7d7587be30,1764499383,1764499387,1724,97667,,
0x3c18d49805f67b2dc66e29785af7328f623b2fa1c097a881bdcb8bc2171d3b03,1764499383,1764499387,1724,97667,,
0x379c6cf4a3ae03c00ad9036274339e9f14216bfb4c27a7322e8c5e627794f339,1764499383,1764499387,1724,97667,,
0x252692d91dc0846b5b3af42b4595793f6b7a4004b3073c013170c74c80ff1fef,1764499383,1764499387,1724,97667,,
0x041131d2396491a494ae4af33175dacd784106a02c95d9f3e516df9e9a5df71d,1764499383,1764499387,1724,97667,,
0x075d4c7d2946c826f6ff4204215d91800adf8389cc4ab1dfb74a94140badf431,1764499383,1764499387,1724,97667,,
0xad4a2d5abb9e8b6bfee6c92c15ee4c37699b7a5ee99a1e9b0acbb41fe60fdfb6,1764499383,1764499387,1724,97667,,
0x01f6f8b41ba604ec8ab3c1cd6bc78badfc26ef1b8fd60efed7d55c7f93d755ca,1764499383,1764499387,1724,97667,,
0x6ac510badd84b8195306f565278970bce7a7c8f7528b118e438dd284c34a7196,1764499383,1764499387,1724,97667,,
0xefd9672b3f747bf0cb17ab4554ecfdc13c3db2d14fc231fbc3ccba3038da9ef6,1764499383,1764499387,1724,97667,,
0x4713028b958a0384b7271c6523babf942ed5fd19f9904252e94d752df63de214,1764499383,1764499387,1724,97667,,
0x9b17848fd1cec99a96cc6709c27239e88f4946f58935416a79f223d6bc5345e5,1764499384,1764499387,1724,97667,,
0x4ec097b18a062113967de5b97c13ba922918b59dbac3a1194f33bc3af5eafaf1,1764499384,1764499387,1724,97667,,
0x4dd9b82d5872bbfb18b245d3cae51c9525a7fd901dca3199d00da5ced2ad80df,1764499384,1764499387,1724,97667,,
0xd68a5737bdf10fc7c55a9f6b8f858301df9da7bf5ac9d1148c3513016a4ccd1c,1764499384,1764499387,1724,97667,,
0xe17e77526234e525d5c911f4f34115f931a6212b94cc121933861b3cc1600200,1764499384,1764499387,1724,97667,,
0x036f94105ffcf85336ea76fc257daff92208e942d966d5c4e8c00392f65ef31d,1764499384,1764499387,1724,97667,,
0x3f1bfc0f0cc2f02928a8e80f783f77b44a15d3a59b2e6775809ea9ce62a55b70,1764499384,1764499387,1724,97667,,
0x7fead086fee93b62e73df4db2181064ac060dee9eb38f45301611c48022bc9a1,1764499384,1764499387,1724,97667,,
0x7dee0696806765cc5eb0f8d10498c68561f2d13dcc33fac355dda111b2f6a1f3,1764499384,1764499387,1724,97667,,
0x3d6f212aafd6a828cf5642cd52e700b7fed7345ea2a99c361d4b2169308c9993,1764499384,1764499387,1724,97667,,
0x5e570ae9c00efdd8755b094f8ddb44c1b93da83bd76ecd8ad6a7fd6c94582363,1764499384,1764499387,1724,97667,,
0x6c06be810c0c8541e23df56d506ebd987ed70158fb10803c19a445db79ca004f,1764499384,1764499387,1724,97667,,
0xd01737ee25233676fd8bbbe167d6adbddadd5262db5a1e05fc23c9833d9d757f,1764499384,1764499387,1724,97667,,
0xcd47e2dc8f257fbd195017189bdc7ef35a6021a64e6496d1d4d5feca8742fd97,1764499384,1764499387,1724,97667,,
0x1b475d9301b3a95a4ba5c83fd3e4b9a9f31c92730ef5154f665c907aa2cb718f,1764499384,1764499387,1724,97667,,
0xbfa804df543d2e463d5c63008ad491608d2d4a599275b82b796a6b8a385f6f28,1764499384,1764499387,1724,97667,,
0x8080dd3ec1640f6ab3d1f10c7eaad3c1ee7d86979e9ee129afbb9d522a85fb5d,1764499384,1764499387,1724,97667,,
0xb3c5a01ec924675b31be6692a743e6dfd9b39f66adcbbdaeb4e1624d5deaa286,1764499384,1764499387,1724,97667,,
0x2c5b3d13aed472ec12f1344b4d97ae5110db363459b52d267997c83fc78926f5,1764499384,1764499387,1724,97667,,
0xf18e6931e88bd285bfdf89bd1a20c868f9b63af2b0096ff40196054dbfa78da1,1764499384,1764499387,1724,97667,,
0xc0920f34135b4a959a836052bbae50d43891b69e78f62e154e206e1deb794b94,1764499384,1764499387,1724,97667,,
0xa95a13f00e5dbe5dd6e1c217c9b756e6046be4f8a0c5161f8b3c1c5afcf38b54,1764499384,1764499387,1724,97667,,
0x81a6a4341105b7b0bd25621260f44b94cb5039146f68732f439f8421333da7c5,1764499384,1764499387,1724,97667,,
0x37e7c1445a0e3134baacc3bef2b46582a6c8ed713b09d28e3fbba1e837b5ff7b,1764499384,1764499387,1724,97667,,
0x0a79969b83049856e1ea728f46768148fa6756a45f5efd2c423cc1a83e260256,1764499384,1764499387,1724,97667,,
0x40002a44d7cf2d59606057353b99244faebff50dafb3823f0e1b231e18ead07a,1764499385,1764499389,1725,108083,,
0x50a4dce43d6e4b47b65d5a68e349262a1928256f1ea19f22f607619d136f0e85,1764499385,1764499389,1725,97667,,
0x7eecc36ede18d2b7d6b1b3a0b7faae88d968c726070b4c8f7b1538ee746fa3aa,1764499385,1764499389,1725,97667,,
0x9ef8f6af92778cfd40e8924aa7d2adce76c12e6f7e1d28b90fe1ed5cb64d162c,1764499385,1764499389,1725,97667,,
0x8f5f9ab975ec9b94df8ca4ac470db70b6c0baff57dc5bcda74c967ca81d461b5,1764499385,1764499389,1725,97667,,
0xab0024510317fe3aa8ab5b4de181edfc13bb2ef2f5d4e6a133c159c6c1cfddd8,1764499385,1764499389,1725,97667,,
0xbfe19734e6295007b2a89cbe326f04f8cfbdd8617ccf9adee58a428c2fc5e2a8,1764499385,1764499389,1725,97667,,
0x8f8aa06df08115ab7d585b03b3c6fa6301e1694a38359078bf5cb1d5367c6e0a,1764499385,1764499389,1725,97667,,
0xfac53951b2ce714b9d9a9dc9fb1fa44ccb8c7518b40d9ed5ce31081b17dfe90a,1764499385,1764499389,1725,97667,,
0x6ca8d458c940dade5bd753b7a0cd7d80a18618036ec0da0c322bbfebbd34bbc9,1764499385,1764499389,1725,97667,,
0x3f438aece2abe97ae01eea033bd8d35e3455e748e301f84f7b53687015615b88,1764499385,1764499389,1725,97667,,
0x206fa2dfaf8fa988ca7f554c202965cc6fbf3f1022cb271a1eea15e80e854228,1764499385,1764499389,1725,97667,,
0xfd6e98fdde7dc12ccbf7929d34f35dca35a1a38e885fb200e05bb437d574de13,1764499385,1764499389,1725,97667,,
0x09e285f0c81e2fb626afae113214434e1e844e5e031b682a9dd67e9882b1d21f,1764499385,1764499389,1725,97667,,
0xa8560a60fe99958fdebb388ae0601fce6a54906eb72ccf6210b87fd74cb180d5,1764499386,1764499389,1725,97667,,
0xdd685f56bd7d210e849063d8a72f4b48699438b16c9fe5a179f43269e0b5d253,1764499386,1764499389,1725,97667,,
0xc8e924349032077df84cdaafc2eb290ade3c81348bbfbc3c107aa1e018550756,1764499386,1764499389,1725,97667,,
0x48a433725020899c6d24f2fa303f7588d643dd8f7f7731257c63042c174e6ccb,1764499386,1764499389,1725,97667,,
0xdfb82ed8ea076ebf9a0e848042e6fd41d3e04ce4f290d30c2fd1bf03388d932e,1764499386,1764499389,1725,97667,,
0xab2031ec6f9509ad79b882e688c4c8000ea566ac84465734b32540dbb442a834,1764499386,1764499389,1725,97667,,
0xcd885e47d67560fd421e2298da4875697d5b01c2cb56bdf44546038e4e57c52e,1764499386,1764499389,1725,97667,,
0x81eab32bb94b27f692bb5e8d32dad1295853d4c857de9ddbe4789c56ef91dd76,1764499386,1764499389,1725,97667,,
0x3614c2ad922cced6c01bf5ae27a269dd2c2460161942e19a50bd2e48dc72d091,1764499386,1764499389,1725,97667,,
0x50542608b19db576c87f6bd6c1600cd43d82c62b8cbdb39ef34165d57153b157,1764499386,1764499389,1725,97667,,
0x2c17552523e9513bee74c8aff08d213efa94702e5f2a82987dd5684de53aef23,1764499386,1764499389,1725,97667,,
0xf7f8bc04936415c462747db3ba7b67a6ce84b2a62807e660858c46c8a1f72dc8,1764499386,1764499389,1725,97667,,
0x1f99f97904f742d3945c3b10d000bb8a27aa27396c700f191936f5f12844ada1,1764499386,1764499389,1725,97667,,
0x9469d9c8c60ef5db7a1419fefb663ba997ae637ef06e687c7ac42637d92469b4,1764499386,1764499389,1725,97667,,
0x7e4b0a8bdac6792a58da8d310f1099560150c517f1146cc54db0247504cc7c37,1764499386,1764499389,1725,97667,,
0xb5bcdc0207d620d6d3209c6ce46c6db6d3c6e84fa3a5cf0aaa7a0f100378d669,1764499386,1764499389,1725,97667,,
0xf6d6a195330f9a9e8a3dce28e197057633ed8beed547a65f7201fe2953693bbf,1764499386,1764499389,1725,97667,,
0x942b3aa6783de4c52ae94feb23c2808ae47a010389975a6dc6050facb41e1415,1764499386,1764499389,1725,97667,,
0xeafd72ba8f9e10fe7e30c5bab6446b7576dc7becdfabe0ad0dce685f75a4b22a,1764499386,1764499389,1725,97667,,
0xc8a5cc9683580656e8aea27c47796c63d143181eff7c1e539f0f74e77b531272,1764499386,1764499389,1725,97667,,
0xb69245cb6970333fde3051efae6d251d491af0208181a87a05561ee6e369b767,1764499386,1764499389,1725,97667,,
0x250b932f53ee14854683676aabb39b1afb37108f9a61de8f94083fcb05eb54bd,1764499386,1764499389,1725,97667,,
0x1d7b738392880c11f19c30c82abc739c06ffb7fe0bfb043c96f93118e29fea3d,1764499386,1764499389,1725,97667,,
0x4fcb2aadf1dc8e120103f81e15c74c4b4403dc0f6d99fa95d3f243566e7da7b7,1764499386,1764499389,1725,97667,,
0xe80616d289518d985230ee16277598f84aa5ea1e6510bee9bbbbc6c1e5b9eb1f,1764499386,1764499389,1725,97667,,
0x03a3ab5da3be100f3ac15441a258fb8aa6ea67abb3c10815179df7dadb0b62cd,1764499386,1764499389,1725,97667,,
0x410e5f3afc9604a9bb6f783267b02565daeaa067683b7b9f9512d733017b0883,1764499387,1764499391,1726,108083,,
0x1dcac47e045be5069ce66faa50cb1f49c87ddba879be0909a6bc87379169f303,1764499387,1764499391,1726,97667,,
0xa667a4d1850da49847ca9c0e1bc051849a7ddd019079e91c321bf841a0131239,1764499387,1764499391,1726,97667,,
0x2b9783f42ad0b5ad6815913216acedfe495be32d764d19d9cc71af98e2771020,1764499387,1764499391,1726,97667,,
0xcac1bb264441411899aad27851db5f6b61b345bc09cf7f2436402b29ce097742,1764499387,1764499391,1726,97667,,
0xf0d4d25dec9a8573e50d56a38e6b5b8b3a67f9a1ddc4e60b8ef730c18052bff5,1764499387,1764499391,1726,97667,,
0x67ada5bc2e8033a6e3140278c347f19f1d6c4c716bae22b60eef9626dd94f889,1764499387,1764499391,1726,97667,,
0x491de29f4a0b678f26ce864068db7b9a7241f8837dab4dd1843464a5d5f9c5c1,1764499387,1764499391,1726,97667,,
0x36730e9b43961159cbda1764ab3e28f9912871bdc0d8b6fd05bb2ed606ce7aa0,1764499387,1764499391,1726,97667,,
0xfb8a0aa44cf952ae9603931a628bf9a02a4d631c4a1032a9fd5137c9a723f52a,1764499387,1764499391,1726,97667,,
0x7d3de234b4a1b57eb2236f921419db89234243848d87c53fc96e249a9ebcfc5a,1764499387,1764499391,1726,97667,,
0x023f388520a85c7ed2738eaffe58862663a79465df4d92fc3af22c3cd634a99b,1764499387,1764499391,1726,97667,,
0xe9725419e57a15a2d4ae3dafd393ee282f6772caabe1225ee32074f9a5d5d48b,1764499387,1764499391,1726,97667,,
0x60e6ff4cac115c6062fd3b83c07e87157214ec45aed7456f4d594a8c5f24556b,1764499387,1764499391,1726,97667,,
0xc249ab86431ed1e22dab4a5d701db1042e4ba47fa1eb493ad486e45369b8f48e,1764499388,1764499391,1726,97667,,
0xec67085237e9a40d7203c25840113b44fce8de47184ecf89b2fa754d6bc43af0,1764499388,1764499391,1726,97667,,
0xa8fcff5eb33d23eff332765f3e4752aadda7bf18c68b916322146f9d9d36a4dd,1764499388,1764499391,1726,97667,,
0xc7ef9853ec22f6d2137dbffd1d298f284655dae7a477cd924180efbec9eed6ee,1764499388,1764499391,1726,97667,,
0xb2b6e7f687866c44c7106ca0ccb829028bdeb18b65bda6103c2cdb2c1f055955,1764499388,1764499391,1726,97667,,
0x00ddc74357134d25c751ec0ad30fa6c8fa4371fb785bc311909e94b046e77e96,1764499388,1764499391,1726,97667,,
0x67fa307d650c76c832710e37286896b298832265026b2321fef974dee85bfc7a,1764499388,1764499391,1726,97667,,
0xd61bfe771ab238ef789d5391056550b20303ebc18ecec7bc50a9bc6e9ae3b486,1764499388,1764499391,1726,97667,,
0x64808c01d884bc537cce97cecd7ef832f9453a953370e5c63e4c916c8167a37b,1764499388,1764499391,1726,97667,,
0x103908261c72ed3a5c0316914b2518e038c71718a780077aae425cee1854fa67,1764499388,1764499391,1726,97667,,
0x3c0e7ec0267fdb1d123f080c9e4f141d27b4facea4df9bdb3dbf92a3d501d582,1764499388,1764499391,1726,97667,,
0xc68bb953fa2d2d77e43228ea80b29df988a5a7a2abf8547bad0a3aaac516c70c,1764499388,1764499391,1726,97667,,
0xee543323c57e3a62da0fc9515d690c5d0937094a1c6c27dd839c04c4672d775c,1764499388,1764499391,1726,97667,,
0x7fec58f6b3ba3a77d430cce7b6b679e0b9207ded314083a95ccead4873881452,1764499388,1764499391,1726,97667,,
0xd327fbdf4478a345b08fbc768f56dcacd95b479ef89c031f88be0ecbaf948ea2,1764499388,1764499391,1726,97667,,
0x3034fa6997feb2551223f6e581432f92da7802861b6c80158ebb06bf00297f37,1764499388,1764499391,1726,97667,,
0xe42a414aad92b33acee3ace32f0476800e8f80019257e73c9dd19451bd9a7097,1764499388,1764499391,1726,97667,,
0x71909c7b7b5e940b50624280b16789effeb8dff8651e66b7def243ec8c65f75d,1764499388,1764499391,1726,97667,,
0xdb5dbadaee18064e2d9ffa44575cbb39547056a65c70409d28ccd9e3a3393265,1764499388,1764499391,1726,97667,,
0xcdb4b553d533e6d15e7cdf3133e1cfcdc2535078be2538123c97d356fb4420cf,1764499388,1764499391,1726,97667,,
0x27f2fcd4e98b8498069b3aa0b34aaa0615209f1a7b96426667cfef2749853835,1764499388,1764499391,1726,97667,,
0xa49a9c471f8e14cb0a0b2fee39a8927b8f407022ecf9a78b75099640a6121201,1764499388,1764499391,1726,97667,,
0xfc5cde2d6e66280ac06e57b88cfa83f4d1708d8427a677adc5e276bce4274c28,1764499388,1764499391,1726,97667,,
0xfe1a0b2f45af943df7543231697c38f10352b530323b2e1898ca3d75a69e83e2,1764499388,1764499391,1726,97667,,
0x26d5ea5d7ff7428d5a45d21f1befda81d7f3c627bd52cc1a91b7052ef8517b75,1764499388,1764499391,1726,97667,,
0xce150cb163e2125c55c6bea50d951e6a1e1c27acd3bad8fbdb0903f31967672d,1764499388,1764499391,1726,97667,,
0xbcf42b53a7eb9647efe1d994018530ea8d02662b3aa52ad1b521c4920cde4421,1764499389,1764499393,1727,108083,,
0xe58f5e024524af9f87029dd673a6906671b51b45941bbe7e131fa73bf4a524e7,1764499389,1764499393,1727,97667,,
0xc674e6d637a67bb5db3568346d4a7f3e3a76ccf9bc1b83990e4af9e0b21f1ad2,1764499389,1764499393,1727,97667,,
0x3f150a66c9a372f1863a4bbe58448e2d8c4e96736553087021fc862b646303de,1764499389,1764499393,1727,97667,,
0xbfec10c9d89bb24bd1c985731cf14f0966c05fe80bb24a4ed36948f80bf8800d,1764499389,1764499393,1727,97667,,
0xa4be9507f7dda6c7ccf3116b27dce7f90ab724cdfae843a0632e303fc4910369,1764499389,1764499393,1727,97667,,
0xa667c1cc270e0d7079be3005698adfddfc9765c4378ea03aaa08f9ddefdb7f71,1764499389,1764499393,1727,97667,,
0xa13fddc187ccdf38566fa1b210e1a938526781ef1ea5ca7c64ff57e3014aaf97,1764499389,1764499393,1727,97667,,
0xf849b39d7c1a7d3fec5c73133b295fe13f3874ec82df408cc83563c34ffe4352,1764499389,1764499393,1727,97667,,
0x44b984506a30be40d8861c7dc7d12f4d9bfe177242397d09c1753950d02f8d4e,1764499389,1764499393,1727,97667,,
0x716fb67a60ee2092fb512e467632561e1b0f4224551d3cd56841da323a853664,1764499389,1764499393,1727,97667,,
0x4111bb116a54b4bf8ee8b6a86b94a73b6c24459150b3f29f995f1a71ee5e1554,1764499389,1764499393,1727,97667,,
0x460c3abcc9856be18e91c28fe68c3ad98b297159159bb42e8cfe70ef77a1ba6f,1764499389,1764499393,1727,97667,,
0x7a565cc5aed227d00ac4bcc0c9cf82fd39fd01cd1c6aaa5cb84cf175dc84f621,1764499390,1764499393,1727,97667,,
0xa841f99469e7ac3762db53e4374fc59c637ba8ad7ff12bc6633badf67f914d92,1764499390,1764499393,1727,97667,,
0xdd0ee7a5fd2b04c5535de382fbc2a96c7f1126c70501c1f3286696b61edcdbdd,1764499390,1764499393,1727,97667,,
0x0c53790d4f08158bdb32cf98c9d4e23fe6456209ec753eb93e47a549cb0faab8,1764499390,1764499393,1727,97667,,
0xaf8d0ffbb3afbecf50711ca6f480ec1ad05a2df3072408da449c91c3e41d5c9a,1764499390,1764499393,1727,97667,,
0xecba791da0416689324e6ab880ed4738a7c7d6685c603c9f3b723f6a083a4d61,1764499390,1764499393,1727,97667,,
0x38d5ba3f88ba55495c17705af66ae4dba6592da8aed52669fdcfc20189b5e08e,1764499390,1764499393,1727,97667,,
0x6b7e6bfe52a49c0c3ea933096f3b626a1b8561e24133168fe501b7cbb1788f21,1764499390,1764499393,1727,97667,,
0x71a7c474ec25c193b54b69ced569edc76213bbc0179c4dbba58620d9154e79a9,1764499390,1764499393,1727,97667,,
0xb72c12917ac7ce3c39b167d457bbe62a8169772d0d394c9f91465ee8e0f887ba,1764499390,1764499393,1727,97667,,
0x6b573ace8585839ff7d2a7414a74950014485703db79091f769c83ebe1c2ce27,1764499390,1764499393,1727,97667,,
0xcb474b1488dc50e2fe3c47f82f80fe25092f80044afd91758892608f3ac01507,1764499390,1764499393,1727,97667,,
0x6efd400e44cd6d0515527e24696e783b7e6c843094f21a4f0b0ace9191ec4650,1764499390,1764499393,1727,97667,,
0xfd4ab1cac6c10d6b1e9d2cae87f7b323c09472744f4c6b64cf1530a4ba2da1b6,1764499390,1764499393,1727,97667,,
0xe8d130c188bcfe2c9fd143287fd8181151babb1bc6cdd5bce7d2601256b06f0c,1764499390,1764499393,1727,97667,,
0xdbea2295c7a8dba95eddb6e5b6fe44f9e4efb06bf039fa375b0af8b142ee278b,1764499390,1764499393,1727,97667,,
0x42f0baa6f1e6bcf89b12506587d008e460f349595fdef95e650ac6617db47fb9,1764499390,1764499393,1727,97667,,
0x61cfe2cb8ff3205c194e6430f3c1cd2d5d7b6f335d2465c038093a28623a8462,1764499390,1764499393,1727,97667,,
0xf6cc55c98d6950ded609ec7317b1d6c1990375549d561d16e06a9b1f665e2140,1764499390,1764499393,1727,97667,,
0xb3a92a11c88edaa26f4323d46ab8dd48e1dd72e5d9ef55ca99a55792cae7f4c7,1764499390,1764499393,1727,97667,,
0x7f26d045a9ec9bc14ada0894bb4013864a0633644caff9a3b4689c1589b9084a,1764499390,1764499393,1727,97667,,
0x69dc9845b0076dcb93231fb863343d818c4590c51e90fc9fc15a0d8e9c01eebe,1764499390,1764499393,1727,97667,,
0x793c3acacb7364b8870a3a63f048a73dc35138cee58fb15efcd6a71c49160e5f,1764499390,1764499393,1727,97667,,
0x55810a5c676e50dd46fef0bda1a842070087daf645db578aecd95ca45f887f38,1764499390,1764499393,1727,97667,,
0x8d5cc6183f85be832d3566fdad7c3ece6dd7fc9e27316c796973f7b523a3dfb1,1764499390,1764499393,1727,97667,,
0xffbc7aa4b0826fc86b7d0abdfce084a4d7b2cc6447a3beaf9ca324a9bc8cee39,1764499390,1764499393,1727,97667,,
0x67e92ea14c4dafaa6d8a0ff113483f8c922a5cf6bd2fa1d2370093c913d25778,1764499390,1764499393,1727,97667,,
0xaf8edd0c22a790ff826d4dbdea0fabf022a8df484ba4ffd264ccb153598ae757,1764499391,1764499395,1728,108083,,
0x1ea7fce1e431f23fd60ff91d0c383a85b3a9426560e90cc80e66441ac040b7c3,1764499391,1764499395,1728,97667,,
0x8d8ed6227c93eacccfc3d6697625919f88b6261cb085aa3552e50deb240889fb,1764499391,1764499395,1728,97667,,
0x4f739633209ccb46b9e49123ff54fe70c0d6c0a0f5193bc67ac61148dee910ec,1764499391,1764499395,1728,97667,,
0x1c84e4b3b5a3ef1ffb4e902e9b70ccedcba46395c318f4639bdb68d0fd4877b4,1764499391,1764499395,1728,97667,,
0x1d706bf777a4519fb73154fa52d2ba5204dafc1e66b8db47f57a8152eb989a5a,1764499391,1764499395,1728,97667,,
0xb3da027695a1bbdd1afbc68c39a41e285a1c8b2e7195de7f5e786a2650dc9907,1764499391,1764499395,1728,97667,,
0x2beda64cafd52bf64ae786214c6321af5556c2e440dd96b9170251ffbafb0138,1764499391,1764499395,1728,97667,,
0x1754851009815683fdc3d7e6c1285dcf4b7111b2510c547370864b5e594637ca,1764499391,1764499395,1728,97667,,
0x2328f409acf64625b68e2afa589db85e52fb7c86199f7e8982dac533fc31b213,1764499391,1764499395,1728,97667,,
0x1b30c4afbb93f1e9dabc2dfea41a59ec4026c3d70d5ae602a13d986d02fb8601,1764499391,1764499395,1728,97667,,
0x8d397dcd8ec7043e3756d2e68ac82ae824147eee821319f70e8c40d140792d0f,1764499391,1764499395,1728,97667,,
0xfe285a2fe84c1ccf9282e0f7be1dfb4b515b903fb95cc845ea8519fae87f63cc,1764499391,1764499395,1728,97667,,
0x36e2c757b064d7bc87c2e81c280e053eba51a1b69f54f72884d82cb2a4786380,1764499392,1764499395,1728,97667,,
0x2f4dd33875347699376e4c1548e4daa5c32f82107ce0fede5ee19e1163e63eb7,1764499392,1764499395,1728,97667,,
0x5d33ade4992efde7befd2953e4f0802ae63fb8dfe0af0bf424477bcca09a2fee,1764499392,1764499395,1728,97667,,
0x72e8e4cb829147980f418209b7ba77db364942f0ed3b3666a83fabfacb65d9d0,1764499392,1764499395,1728,97667,,
0x6a0eeae4a953a51898dfac4141eee82bf42847f7ee5151fdd69234fb3ae079e3,1764499392,1764499395,1728,97667,,
0xd1a7ef6a367f6c43deb701737b3cbec3d2cb73a175517bc5e0e0e30450655c78,1764499392,1764499395,1728,97667,,
0xdc67c6e384e594319bbdcad928d61e42e4a756cfb30998cd0c3a370898c089ea,1764499392,1764499395,1728,97667,,
0x18bc1672017dab69f0d6c03ebc7499d8409611ccb2139a7b174baf3faeb305a4,1764499392,1764499395,1728,97667,,
0xb833ee83ebff708608fb398ff6b0c74e9ea74e7ebb94a2062ea7b07b167dab0a,1764499392,1764499395,1728,97667,,
0xd11901eeb380a704b9fa484c37e2f61f812d6a27b2473686e1326beb2864d713,1764499392,1764499395,1728,97667,,
0x346c8967adb7e273c555dc8d650fd3df2cda6e20a812cb27ee31451c02a2cfac,1764499392,1764499395,1728,97667,,
0x7b03ef3d911b41b31799b2d276e260a4d18432e2d49538c190c6f2b1f4df223f,1764499392,1764499395,1728,97667,,
0xbe51069627892b8d9f263e780b72688ad3333bf131c0b29b48e4e1969663a6f2,1764499392,1764499395,1728,97667,,
0xdfef0746db1dfc7c83c716a283a99046196de319dd14ad625c58bb97b41b9583,1764499392,1764499395,1728,97667,,
0x57a24e55d48de233bc4e3129f5dfdca929edcc652fa2ffb34cf98214caea980c,1764499392,1764499395,1728,97667,,
0xf468670747e6d5fe2ee0b4c757700330c7219f331936d1c858eb8336156986d8,1764499392,1764499395,1728,97667,,
0xdbf7e40ce97c41ea1ea8543979fda00b0057f718dfbdcdaaf786d10a118eccbe,1764499392,1764499395,1728,97667,,
0x97d8213a131033c675dd0c1e7fd98020477775c726d071c6ba64f6d43f3d4158,1764499392,1764499395,1728,97667,,
0x10ea2a02b2498390affef74771f6910fcf6fac51695a5c0975142d4e25fed497,1764499392,1764499395,1728,97667,,
0xb2743042691fb3220b2e571f0c7246f649adb229165b7ec1a68ccdcdaf4daa36,1764499392,1764499395,1728,97667,,
0x93b838ba0b095d8e2de62a27306e6dd7ca405023780cff2b05d920525fc7c451,1764499392,1764499395,1728,97667,,
0x04d122dd3d7ac5b5828628228f5559dd992d1f923c9ac17344ab85dbf5136a86,1764499392,1764499395,1728,97667,,
0x3b8e38a179ce8a2614b19f24b49b3f6797798cd154005cf939011964e0acc72c,1764499392,1764499395,1728,97667,,
0xde639333f3134345552ba22dd4b86c271a603fcc5a9054dc65a7c77a99b38e8d,1764499392,1764499395,1728,97667,,
0xc6465d3b92eefbdd92bfab4ed01a2f8d25570e73173d715ab740aa446038ddf8,1764499392,1764499395,1728,97667,,
0x494a1e2de44476ec013fac2f1876da89c75563ec0ed08d6665cf3e8eb6b74607,1764499392,1764499395,1728,97667,,
0xc9da55a3402df3a0e65bae016c090d02ab46ca41af714593c2b71e76e9dbb916,1764499392,1764499395,1728,97667,,
0x00d497b12d214b094a726e1b8f42c3e834ba295c26c3e8ad0b73e85d34d8fd82,1764499393,1764499397,1729,108083,,
0x186156860ecfdf6345a8436b70f1103e3457ad72bab6c89ab5834057293c2f60,1764499393,1764499397,1729,97667,,
0xc78546c31bb073545b7dcaed37f0f7dce8a39b1ba37d6f4de30a3f5f0cd3b234,1764499393,1764499397,1729,97667,,
0xb708bb05b891daa21412ae9473241bedb0d7cb382e1f334cf54f773563d746b4,1764499393,1764499397,1729,97667,,
0xb69db54adaf6d23fc5d876d6fc41af264ac5b7e97f96c6a287407d564145901a,1764499393,1764499397,1729,97667,,
0xe82249f9acf2663eb0cb4450bb235fa1bf97ad7358a8d13f2e9aa1a0b26a76cf,1764499393,1764499397,1729,97667,,
0x17dc20cf31678f5fe40e4ad1e055637288b00faea6fb187ee03062a8d4d826eb,1764499393,1764499397,1729,97667,,
0x2203c0ca68d0f3db6c067637f6202d497be7ac512a2bc8c6ca8f60e77ef58cad,1764499393,1764499397,1729,97667,,
0xd7c5e2d99dbcfa2281bbc9fb30e69ddd3fdf0ff9cb2a9a5eff6e161e0a6fcf5c,1764499393,1764499397,1729,97667,,
0x433185af281db7ec8f1a445486a2a7dec169afca799b81db401aafa00176ae2e,1764499393,1764499397,1729,97667,,
0xc287cfd69c08620310678ab50058d2b4032fa4aee47362af88b083b9fb7ae4d3,1764499393,1764499397,1729,97667,,
0xacd605bc46bb68aef14c5acd431558eb7f5fad400a53ae5e64b0b4bb9299e1be,1764499393,1764499397,1729,97667,,
0x37625adaef251161bbb208f4d2f5c9b13422a3156e1201c45f74d3bbeb2b68f1,1764499394,1764499397,1729,97667,,
0x8b29928b13bcec2537eecd48c84c7883807c072f8e9fca4cd3e17abe8099394f,1764499394,1764499397,1729,97667,,
0x46b6cbb55b40721dcf3e8a4070d8a8d264bbbed547de7fa2a6f925ea9b86a2b6,1764499394,1764499397,1729,97667,,
0xf677fbb27673170075a5a0df6e33f26c3a16360aab0535da0c1bd32ef14d7cbc,1764499394,1764499397,1729,97667,,
0x51961dbf9279cda3b0e5ca112f4571c09296cf524bf32dfedb8838f81e392edb,1764499394,1764499397,1729,97667,,
0xf5ddf81c378d40a44923d4202a04bf9bba8816268022f08a8e29a53d05c8d840,1764499394,1764499397,1729,97667,,
0xb99dcf4030fc44bd319418328a1ea4c79893650f0be46df94cf0b31b41c843f6,1764499394,1764499397,1729,97667,,
0x9497783b48b9005ce35de250ee117d74df7a54a2731577c350ffd952cbc56a5f,1764499394,1764499397,1729,97667,,
0x8a2851338645286cb215ac4823ccd1b11d022f124242ae5c6563a6a83d2a7bc6,1764499394,1764499397,1729,97667,,
0x69189d8fc9c989fcfdf4f88a7cb8f216f648da594ad0223ee6df000f0453c916,1764499394,1764499397,1729,97667,,
0x3b11b06812daeea4950695544ea0abb758ead0204824ae92c2bdc0324f4405ab,1764499394,1764499397,1729,97667,,
0x3db431787312e03f517a70b8d438c478e7065b2c2c2a2e79f6ef1e29e58b9077,1764499394,1764499397,1729,97667,,
0x4d11ed7a3e18491b753fea191ad8d981a8847382a9cd02d876ba24072c099a02,1764499394,1764499397,1729,97667,,
0xf51538ea045cbffba173e325b185e40eabf45ef01c6ae8abed92f3ecfba0afe5,1764499394,1764499397,1729,97667,,
0x4095f6b37163f3a6ae58973172732d9f890cc01fc94175d59295b56cb6a6dfa2,1764499394,1764499397,1729,97667,,
0x42fcc4c7b5d3a8431afcddd0a92c72edc435896e5bf377d6f6038afff621d97d,1764499394,1764499397,1729,97667,,
0xc9c129a5e0f4484875eb09d6e0d7786d427d208acbcdcbe63c0fc28c303b49c5,1764499394,1764499397,1729,97667,,
0x7931132026f406bc42e2df3254ca92a8fff326c3a7a943be14c7891e28ebd937,1764499394,1764499397,1729,97667,,
0xa9a51e98832a283f88a49feb6c4a6c0558036eb067fea361fcac1536a831143a,1764499394,1764499397,1729,97667,,
0x360ccfb14a4666c6dd38dc6ab5331cb26148e3c40ff1a4e64fe0a1bc69d62c69,1764499394,1764499397,1729,97667,,
0x18360edd4bede4f28ee73d2d567aa51a042f67c0d5d4a5e6dd22f49e4011e6ab,1764499394,1764499397,1729,97667,,
0xdc563ab2362f36804e98d82cfb71df36890ecb01f900ec23c54a6d6a13794d16,1764499394,1764499397,1729,97667,,
0x214e30b6cd5a79af06de961203b88c1ff9bcf5aff7a70c3aa4354b88eddc28c0,1764499394,1764499397,1729,97667,,
0x32b373731e3447eafb250449a0bff2370acf4ba5e7f125677d933546c495eee2,1764499394,1764499397,1729,97667,,
0x0b9a1b33f765791e567ac5982393eb8742dc05c0284dded50c75dba68db3f2c8,1764499394,1764499397,1729,97667,,
0xb972a570fd4ff4604772f9ab3d0f3cd9bc6ec84fe0e7de87f73d1f25b5bc6af6,1764499394,1764499397,1729,97667,,
0xe1869ccd49d737bd55b98876c87b2b077ce775162c005f11f3aa93a964d39350,1764499394,1764499397,1729,97667,,
0x560483ddc467f1b088947139562ab42d4a63f291de3df16da64ac0998079bb01,1764499394,1764499397,1729,97667,,
0x9377a392f2583ac1b2419aefb64cbd20579949ac4f85c594a0f4aee2d10d80f7,1764499395,1764499399,1730,108083,,
0x871241f603f42fbefe0039bc1ba2e9a87f323d3843517b06c1a470c8e91d2b4d,1764499395,1764499399,1730,97667,,
0xd6cee3738cc193fb6a83eca2687ae2ddf4714e422bbe38c0967e70ceaca9b68f,1764499395,1764499399,1730,97667,,
0x915aab61eb8cc739d321ddbb1fcfbcf29930b83c724fb7f398ae9fc362dba44e,1764499395,1764499399,1730,97667,,
0xd8ee0f5ad5964d1fc73e8527c3e9ef72a3a8f675dc471560f776c515ed5e548c,1764499395,1764499399,1730,97667,,
0x322f8655523ae5c275d78b68fa4fb5a138560fde6d4610600994707962630ad3,1764499395,1764499399,1730,97667,,
0xf15f0339423863d723e0cd2effc4e6ed7f78fb4151937769513c314ce7b8767f,1764499395,1764499399,1730,97667,,
0xc6f70aad80886562fe08717e90c4bc69505edf5d547e00a848257ae528500d91,1764499395,1764499399,1730,97667,,
0x59fbbbdf66775825a45fdfdafec8ccd6b39bb2fb423170e313bcf345090ceb34,1764499395,1764499399,1730,97667,,
0xf5963553e58b5446db81669a961c14ddc9ee3b37172d8ef4871ab26170044831,1764499395,1764499399,1730,97667,,
0xa8fc67248f5d680e03e46f914c3dae9ca2321b1c9402e32cea6b9b711084b420,1764499395,1764499399,1730,97667,,
0x9780a667403fa1ac1bd0f5c9c8b3773643c881c63338e15f0cfe44a322b6be8d,1764499396,1764499399,1730,97667,,
0x762e98b431aa2440020f5a9d90a973d58328074f27638c89c92e2d70b2c04ff4,1764499396,1764499399,1730,97667,,
0x4298fc884ed50273402be40377d28431e066f61248bdf1c41be3949d897601b4,1764499396,1764499399,1730,97667,,
0x69925a59f8182be554b1ba115eb01d0d9e716a9d269f2718d325b83dd97541a1,1764499396,1764499399,1730,97667,,
0x083a48afc153660c74a603e92e9aa3d3b98c4abcacea3511a250ffae2087b374,1764499396,1764499399,1730,97667,,
0xdf0744fb17fa383d8345e5070608079e9f87809fa2f88b225e5af309e5a72a8f,1764499396,1764499399,1730,97667,,
0x2b8eb68d646c66761eee4f017712df76e41fce114d4acd81cccdb9961b6e0a1b,1764499396,1764499399,1730,97667,,
0xc2b926198b70584bd4fc34bead19d68e6e51595d780191332ae69d0cf2c2a788,1764499396,1764499399,1730,97667,,
0x1bfb3afc13faf15c1f071469bba13417de42f92522e55e9b48f99f1b405538c5,1764499396,1764499399,1730,97667,,
0x4c99ec7f02d6464ffeae670eeea4d69a8335e7d60d1a957b24784a812ef05d0d,1764499396,1764499399,1730,97667,,
0x393ce15a5f35a48916e58aeb12b67d6cb6526711805b2a345cb66c765e89bf83,1764499396,1764499399,1730,97667,,
0xdd301a57b89a039681f2c7025490cf27f63b4286cd1b0292b020867f11ff3214,1764499396,1764499399,1730,97667,,
0x991d46a4b327369e2edf29b5dd2a2a97735cfb879b85da5fce25e644b2c610d9,1764499396,1764499399,1730,97667,,
0x5b61071e4a64f992afec93a87b8136dfe6fb8a5f737294832b5e6a28f7b89a21,1764499396,1764499399,1730,97667,,
0xda9ca8f294847f9eb66085da6887e510945ec8adfe8cde3fbae500e9358bcb57,1764499396,1764499399,1730,97667,,
0x44fe006d7272edad92809e038341a848c01601b960f04a3ac0f0920a82c59d3b,1764499396,1764499399,1730,97667,,
0xef60de388753be06ca2a46398a31ddd1d01729a07ac02b8a1ca43ac503e3275e,1764499396,1764499399,1730,97667,,
0xe204161a9d2a58b5c7bdb2faaf61a1b34bc459633cdae9c45bec11963f6982f4,1764499396,1764499399,1730,97667,,
0xfe0e99defdf21eba60fb20fd1c6e713583e74d87e9e78f080c666bd0394699a4,1764499396,1764499399,1730,97667,,
0x3b2e1635ebf5b57928f9e9db4cf1dc372b733bdd48780d50db7a925c290aac32,1764499396,1764499399,1730,97667,,
0x50d5ab4c84da7da543bbeafd4e10c296986927b8133855e52d763177f20106b4,1764499396,1764499399,1730,97667,,
0x9ac808dc94dcf9a0c2478987fb39bab55c470022a51d1de37cc1ed64f0fce7e5,1764499396,1764499399,1730,97667,,
0xc143a644410dcfc6ab1ba37e94fd39affef4ef9da88038f0913914e4699ac2f5,1764499396,1764499399,1730,97667,,
0x0ec25af4c77779b400d5fc871c14d14331b4c1a656d46d2af528239dd9a43ea4,1764499396,1764499399,1730,97667,,
0x5e9963b72ed8049f69a97ff60d98cd522540129178af22e34d7ad6536e73c536,1764499396,1764499399,1730,97667,,
0xf1a9f6350d59b8cc29d70bf0f47b5cb73d90f3cb65143310211a88887d3d2c0e,1764499396,1764499399,1730,97667,,
0xf7348138562290af14591b77e6976d654bd7b5f0bdaedac5c9060ad0ed2eab6c,1764499396,1764499399,1730,97667,,
0xf62dc6c4645772004d90a2006cebd2e4b3c230dcbeb3aed80d930ef8f587bd5e,1764499396,1764499399,1730,97667,,
0x054d7895db1b5421fb03486c80e15f18d644fb92e39761ffcbcb50788d5a2246,1764499396,1764499399,1730,97667,,
0xe8b4e4503448b7f220422f6ce6df10d6edc2cadee3a10320497b9d6a7846f6ed,1764499397,1764499401,1731,108083,,
0xcc9be3c8afde59c926498c8c30634c85ac255710fe5a6ddffedaeb9ea8d87add,1764499397,1764499401,1731,97667,,
0x5105d44da166514cc0c2bb86dc6897c58d7ebe26139b5116cae1baef22226ff7,1764499397,1764499401,1731,97667,,
0x993afe0c7643161be6664a02455f5ae1d5a6d7d0374deb1ad32577ef5298a2f5,1764499397,1764499401,1731,97667,,
0x53e572615d0fdfb14ea77b6b04bf6818f29e378af277f2847c37b281f5bbfb6f,1764499397,1764499401,1731,97667,,
0x89ba3f157482ee43b72ad4c684d8bfb6b03127464af7983fb658c5aeb368a3cf,1764499397,1764499401,1731,97667,,
0x4e1aeab6cfbb933a603a3550e396bef61d03b407a3632052c98452088efa7852,1764499397,1764499401,1731,97667,,
0xcf3dc5ef4c3c504d86bd0ed18211194176ac2440e52e82f3e6118a5263ced368,1764499397,1764499401,1731,97667,,
0xf16e6cfeee3525143f4c7005be06bfba76f68d975623581d2023c12c8de5d7db,1764499397,1764499401,1731,97667,,
0x19c60f34c7f56607628bbf79dd25d32ea07409567912a90f3b0ee677d5250c2f,1764499397,1764499401,1731,97667,,
0x3a6e7d43b47a7670ef36f2698103013463b594e68e9a4e372bbd0e0bbd6243e5,1764499397,1764499401,1731,97667,,
0xa95d6ba764536be7eb635d9d2bcfba7434f0d14433ecbb43ddfb26befd64d7f8,1764499398,1764499401,1731,97667,,
0x66336bf77933ac2651c53a34d6ee307958753013047c6d038367f7a1dec51608,1764499398,1764499401,1731,97667,,
0x98d920fca83c8a22df263662c2495c72768394a3259e1e4fce8378a5aaf564a5,1764499398,1764499401,1731,97667,,
0x8d6b96f853a3c226610164d082dbdf4c0f1004cfe0e0266bc320f9103884fe1a,1764499398,1764499401,1731,97667,,
0x9c40e28197fde82e41a430b373b26788d9ddc9bb4112d4f39cdb14c54cacc38a,1764499398,1764499401,1731,97667,,
0x156be51a68be5615125e7a0e371fd384aa821ef6e9dd23e34497c00c6003c494,1764499398,1764499401,1731,97667,,
0xa96cd651744a8c709d741bc98a41799fec902b4f166225de6481a128331463a9,1764499398,1764499401,1731,97667,,
0xc1811188331ea0a67daf6398463a8fa1b70b65ebe5025ef51ca3e1d928586c9d,1764499398,1764499401,1731,97667,,
0xe64ea71866995517b06dfb006e4e43cbc39d0c8feb3dadbb2b618f1551db5354,1764499398,1764499401,1731,97667,,
0xad1e9213702361fe560df8bbd4ef905d8a5756ec47dd94736ae0513fd3fcf75e,1764499398,1764499401,1731,97667,,
0x951e214f999148966ca9331237c282549361868d43a403eebc0a6c4610de6037,1764499398,1764499401,1731,97667,,
0x07178480ef59fb7b023de06703eae8deccc52ec349e066f9084ef18ba4c5ac45,1764499398,1764499401,1731,97667,,
0x7ad9adc62fbe575cb7d5e31050cc4fd19b154d1662755908a95d19d655907e31,1764499398,1764499401,1731,97667,,
0xa000d8a683d5226ec32422bf5847287c64553301fcf9fd7470a0a8b6117df52f,1764499398,1764499401,1731,97667,,
0x5027fb35102354622d61802412b392fb50ac97e67a38647e61096be39bd59807,1764499398,1764499401,1731,97667,,
0xcc89d800f7cee57a0ffca1a086858fe067100dc8a313ea28f280f00d5abf2e5b,1764499398,1764499401,1731,97667,,
0x6f0b0008fef1503bc6a484461f920ab99a5e9ebb6f7425620ed5806974bc925e,1764499398,1764499401,1731,97667,,
0x4962dc4189ef7c48ed57fbc03768b62220d62c0b5ff5c3cfea83cc88909d1a5c,1764499398,1764499401,1731,97667,,
0x09bfab8f058ac1a9102c6be1b6e5e6490c99c445187d52f499a2b227f69bbf31,1764499398,1764499401,1731,97667,,
0x6365be0d4f1e3108cefaccf4f3e1d6c6dfa6fc600a7e5a6942a4c8f8bddc143d,1764499398,1764499401,1731,97667,,
0x11f1914ca2bc07ebdf0450f7db8469bee2091d3238a1f447149c7834974d259b,1764499398,1764499401,1731,97667,,
0x8156b2fd6c3d2f3572604dad176dca0e7ec26046e9ddd4400084a9c3379709e6,1764499398,1764499401,1731,97667,,
0x8d7360c8fc1be88b9ef92dc73d44e57d8f78d783cb82df02330387de872cecc7,1764499398,1764499401,1731,97667,,
0xabbe692ee03717955ad218f84d7dbe3b57a8ae02b77651ae1515d437381cf552,1764499398,1764499401,1731,97667,,
0x186d55454b8716e5684c9acdcaad023902dad9661c26f21dbf7e9041f4f8d690,1764499398,1764499401,1731,97667,,
0xf3f8fbc482e8f09fa37e573327de4482ddaabccaec234199137c0be7eb84ce40,1764499398,1764499401,1731,97667,,
0xd6c8f28a7adaaaf151d87d22136289a074805cbbb30122739c2887b7e2364062,1764499398,1764499401,1731,97667,,
0xa00e4ba16af1a2446aee93bf26f01cd74e91883db287cb2c22bed11636f839a4,1764499398,1764499401,1731,97667,,
0xc064c127b3f3c1f062455e48470ef9b2d7c3dacc05190094f036c8bdbc3b1675,1764499398,1764499401,1731,97667,,
0xfc9063daa1faabffabcd1e2add717dbced5ca17589282745a35e2ebe4f7b6eb2,1764499399,1764499403,1732,108083,,
0x11ef4ef758a703485a661469e4baecf10c5f14c53fe3155fe66b5143efa40f75,1764499399,1764499403,1732,97667,,
0x0738c6160a594f157b8caa184bbe27b8670a6c4c010b2c56cf3b25bbe9524762,1764499399,1764499403,1732,97667,,
0xfaae576fb1744cdf87d2bd58d3a3efbab34850e78a2ced3ed3b8db9aa3bd6bfc,1764499399,1764499403,1732,97737,,
0x3f906ffe72d77f771e63c70ee2540d225b220ef754afd2bbdd84aa544d6a851d,1764499399,1764499403,1732,97737,,
0x50ab42c2b6d80e2cda769f50a5e94818bcd1747796f26027d57d83c3df3393b1,1764499399,1764499403,1732,97737,,
0x1d71eb322495afc0a871d386268bbd6ff2eb9bc35a36504f7251e6ab78c61e77,1764499399,1764499403,1732,97737,,
0x8bbf64e240f8e9b4f34b962b42334413d32235de16dc56de335241217eb82a6c,1764499399,1764499403,1732,97737,,
0xfdeb156aa76170086e92423eb26e6bb9c8b1c1ab8c14c9154a85468449c9cd99,1764499399,1764499403,1732,97737,,
0xabbf88bf5926a997028ef1044dbd20bf6bf916a53607133dc31f10fa67a35d69,1764499399,1764499403,1732,97667,,
0xc99d663e44b2a90c69275052f088059a66241a4f2102d71fa66e72d1e4299499,1764499400,1764499403,1732,97667,,
0x8194f49ffb061a118f3d67307c20d53d20615d4c42dbb5c8135572c0e31dfb07,1764499400,1764499403,1732,97667,,
0x5e03ee5cc3fe7b8ff1e07fb6f0053cc324e06b1bae7611e22f5b8a7550746790,1764499400,1764499403,1732,97667,,
0xc572e38473d109a73edb5e397d685a1f94f2bc0c663245479b4c77cf585fd7f8,1764499400,1764499403,1732,97667,,
0x1670aef655cf705d35f3e13452f7ce6fe1ec0067720e890b9d14a96b91081cb5,1764499400,1764499403,1732,97667,,
0xdc59b69269ffe8542b6d2792a264a86ce44c6e1a15f7e07e8ccb1e7482d70504,1764499400,1764499403,1732,97667,,
0x45628d9557dd0f1c37fcfe0257647494f27ee64dfc9b9850601b908fba811bea,1764499400,1764499403,1732,97667,,
0xc9308deb2039d4d1d5e9558cd57625c0d13d7b3f619f659f4fea7a7447ed7d93,1764499400,1764499403,1732,97737,,
0xa04097bf34009ab690cc0ae04f7a4f9c9b6dff9b521abe2b5e1d4a04eb190171,1764499400,1764499403,1732,97737,,
0xa273699b7e43b00e3402b6f5486027f2323d4d047a2fd4f29450baf9dcb42933,1764499400,1764499403,1732,97737,,
0xd9c6bbcfafdfa4d477865a993497d5bb505afa96fcf053c82a7de0d5a0041b7f,1764499400,1764499403,1732,97737,,
0x6a9257e666578ff6fd2bbef892b99fe5b434946d890aa13183ab2dcaadfc454b,1764499400,1764499403,1732,97737,,
0x8ebd69525322c6c97e3eba939e88e43830a7f2f6e6d8afcd539f9b4ae1e56272,1764499400,1764499403,1732,97737,,
0xe5648717084f0101ac66a5e9cda1a7600e888585bde4c236db91fafd6c798284,1764499400,1764499403,1732,97737,,
0x933d7dd2765dc5e5121060386c554c8fb22637eeac8e3cc2d11fd528beb40400,1764499400,1764499403,1732,97737,,
0xdd000a7663744d74ec590a31f30f4214b57a8c94e524b8ffd36948574922b6a3,1764499400,1764499403,1732,97737,,
0x41e49a12f9f3920ebbb5258b79fee8ee86dcfbdf4417f9e35d69a59815ec3cb1,1764499400,1764499403,1732,97737,,
0x743915653c989b9d32e6b40a61657fc7b9cf520c94b0b398bbd6f439bdb89030,1764499400,1764499403,1732,97667,,
0x213e207223bbbae3062cd1840a63004ae775cb70f8aead10e47e560959ad7748,1764499400,1764499403,1732,97667,,
0x3c3d39018ad8c4cb1440433462650cf31af8e2c9b1d9ffe91b12ab255618b7ad,1764499400,1764499403,1732,97667,,
0x895d6f3bdf5b31895e197d5b60d27510302abc7e3bf4538b3f070958e1f92135,1764499400,1764499403,1732,97667,,
0xa8472d7020e5375500d4ac059f2ad8580f21671f4bb6e082869c8ef43bbabf6f,1764499400,1764499403,1732,97737,,
0x5967d0f42dcf25b4ea93605868645f9c50c7370456d3fca32d4a39cc49c7ccd1,1764499400,1764499403,1732,97737,,
0xebc8e4253f4b7b7eec5e7431881daaefe74c754af1616ffc40280757e9e845f8,1764499400,1764499403,1732,97737,,
0x63905ab1d8408320865299266f42e36ceba408c1c4b20c62443f95b7238ddaef,1764499400,1764499403,1732,97737,,
0x1792c61e1de05f6878f8f973b6753a7ef5ceb44eb2fcad20eeb9d7fd924b6734,1764499400,1764499403,1732,97737,,
0x8f027c19c54dc9c88dbc2e27e42338f9b0e08ee69d15663463e7abefebb4c018,1764499400,1764499403,1732,97737,,
0x2ef8bd983ebde0179bd32f80797dd9e95f065b68251a4f72b16df559b21b0e82,1764499400,1764499403,1732,97737,,
0xef171c7d6137639b65519521990545c2e9e629f1714a98ca7147f8d16dad91c0,1764499400,1764499403,1732,97737,,
0x2174eb694fdf22ac4fbb7c68eeb5520abcef19f0fd95ed78c969c9c8890f74cd,1764499400,1764499403,1732,97737,,
0xfd1ab899fb83ee37ba4e545b29ae9fcbbe18e4c1227cd925863fe99aa5c8a393,1764499401,1764499405,1733,104509,,
0x39d25983c6a06b2bd1ab9c6ed8c209a3f6dd4d51f619523658f91c1aabde0b1d,1764499401,1764499405,1733,104509,,
0x7df037fb8c17e8e4d94a9ed19cb98c1eaf6e65586d3a07ef5675b3a4361b2a7d,1764499401,1764499405,1733,104509,,
0x2e1081939b53b0bfb0370844ffce49dbf63b97d1aadc2b56fa67042fcb1e43c3,1764499401,1764499405,1733,104509,,
0x8de4f587db9ac16d1104004fd9ee812652bad3debf415d3719cb90bb20088a37,1764499401,1764499405,1733,104509,,
0x98ceb358ca9083bb523d61b8edd1b9e56eb96002459ca37c958434d9ef2336aa,1764499401,1764499405,1733,104509,,
0x36fcaf33190788d2b6600b45083c61ce1c87b65127c787ddd5e2f40483eb471e,1764499401,1764499405,1733,104509,,
0xf80c08d9066ef840c594712f7524eba9a7f5e1f18db5af54803823b0ec5fba0c,1764499401,1764499405,1733,104509,,
0x8ff720369c84b75a0d7dba06c90c34295f4afea524a36773f1f043fc134dd83c,1764499401,1764499405,1733,104509,,
0x6e8f20c6d627e063456fbedf4ade3e33cedbc9197e7a71e435e59886096cbf47,1764499402,1764499405,1733,104509,,
0xdec23fa49fd6c1ade93a028b5d9faab040650096cf8d45a6df7ff26ec7320e0d,1764499402,1764499405,1733,104509,,
0xb48ac5df7d6c6710a23dfb47dce2bf11514c02e0ec0df8cec7d7718cfe9745ba,1764499402,1764499405,1733,104509,,
0xb3f5e77f6394231ffbde90797f79b94a0f18685a90adb1e23fbe75399635efb6,1764499402,1764499405,1733,104509,,
0xfc49da2267e50289e7acbaacde90cca573655fdfd49b76787f8f0e16e212a503,1764499402,1764499405,1733,104509,,
0x3bcc052d2bad40daaebd6ea2457eb92affd8db80fd7be3dfd7ed2a0edbd92e78,1764499402,1764499405,1733,104509,,
0x4f6b747c0058977a1a15903ff868f4e19cccac47d9ce5fc0baadb50c668bc17f,1764499402,1764499405,1733,104509,,
0xb0646f0ee4c1a93884cb5196e37a02904d6b88c886a14721de407a3369389d37,1764499402,1764499405,1733,104509,,
0x295445f86f7dd3582040662a0cfd7b369c49eb4989223c84a4f6af6f07b7fe26,1764499402,1764499405,1733,104509,,
0xfd51bca994584e24f707e70a7f1fde8febe8cf0ac418907da191fd228f041a87,1764499402,1764499405,1733,104509,,
0x8b74b11251ae28eed37ea5db7b9363159545a4f2b3ae974b552a3b2bb8510e50,1764499402,1764499405,1733,104509,,
0x07b606537f3b88962ff814681e30d90fe7e1cbc480c6f308e5f4602b0a5b4408,1764499402,1764499405,1733,104509,,
0xb1b26cf6c468785a03c7886ccebd4c68dcff84c9eb40cac270d1ebf1fce5ac79,1764499402,1764499405,1733,104509,,
0x43d2a540352bbc1c6189326795c6615fb4cb9f7684a5b483eb5dff096a21e450,1764499402,1764499405,1733,104509,,
0x731c3350d4ca1034f8ddfcad40961a5e259a9b5764df9d2faf81a3359d38f0a1,1764499402,1764499405,1733,104509,,
0x643b598c4515a862174cfaa54366b111f227c0dc5415ade2f60827b8222005de,1764499402,1764499405,1733,104509,,
0x5865644a48f27acc3edfbe6ca8a7c67b581f0c7b2e0e36004e64248ac91f0d3b,1764499402,1764499405,1733,104509,,
0x51d07ad3fd5cb345eda3598340829c84fbdd866da1f82252d7062e1ea3845652,1764499402,1764499405,1733,104509,,
0xf67f12fcd996df27237ed0273b5598011655d475fb992bad6b7352ed7654f6f8,1764499402,1764499405,1733,104509,,
0x12698308eb1cd8453143baad7f51eaf68cc6c54be8e71af35ea36d15e31d0445,1764499402,1764499405,1733,104509,,
0xa7081ed26229fe616e1c22c56d9a66c43197cc308f5a546913a855337307163d,1764499402,1764499405,1733,104509,,
0xa605dbabd1db59e1af5492001165f9a7bf3132af577a813a4702a14a2ef01b76,1764499402,1764499405,1733,104509,,
0xd7b525d2c86d82413772189766538f68d053195046c7c17edb053f274c9e0806,1764499402,1764499405,1733,104509,,
0x7904e1bb951e8774dea51b3f5ee0427aafa5b9b41badf44b016724607a0ddaab,1764499402,1764499405,1733,104509,,
0x8bf188aef01790a1bb963b7ae5f0c11e794ac202bfd20824b7f9147de7515d3a,1764499402,1764499405,1733,104509,,
0xa8f291996f2c02459dd9e7bcf72c41ff7f78bd2821a55afa459ffde1d013460c,1764499402,1764499405,1733,104509,,
0x8724cdf27efb0509119809f8d302363b627c28f9164f52dfd12e60115e6a7d69,1764499402,1764499405,1733,104509,,
0x80f78ac26dbfb1b6e4c0f1dd15058a1572c737aae16147b301e1e70fe1df8511,1764499402,1764499405,1733,104509,,
0x0a742bde50faf4d68791c7f9e2d84d640cdd529bbb908c8b870165e2a6238693,1764499402,1764499405,1733,104509,,
0x7d34baccfe2b0ddfea85e2a7676ecb74659282441c153980f560f7cb5e704b04,1764499402,1764499405,1733,104509,,
0xbef8965776ccee67602e1e49687064cc79212185ffef180d6de9f2d71213e56e,1764499402,1764499405,1733,104509,,
0x3b217c6388b27960c4a94f22944ead27fa05988ff249bc1ccd621ec6122194c7,1764499403,1764499407,1734,104509,,
0xd71d56b7da7d3d41a83d7555c81e11abccc663fc5876425081777a0949d50272,1764499403,1764499407,1734,104509,,
0x2022c7bf486b5a8486a1117cafd91bbe2a968651f12a12461ba40e4eb1942ce9,1764499403,1764499407,1734,104509,,
0x96b0564b599b58c33f5e96621768461ae9fcf1c331aba1ac58994f4adb8e0f54,1764499403,1764499407,1734,104509,,
0xeb62776b0b8489d5743ad982d0ebc6154f9dc345bdb0f8dd46842914a3d1f82b,1764499403,1764499407,1734,104509,,
0xa56da6ad1182ee3b8293618a83e4dfc591226a20472508af6c241c7f843a15de,1764499403,1764499407,1734,104509,,
0xa335a3c1fed26230f1e609e4fb86dcbb8f54d10a86c60e168cde5b82dea80f59,1764499403,1764499407,1734,104509,,
0x73d8801816796677376103bd58884ecb070d6267569277b7d967af184c380dc7,1764499403,1764499407,1734,104509,,
0x7a5731c69ff88a0ee889f4d5342c286bd3b6269eebd9a46a9fdf4a54e2031181,1764499403,1764499407,1734,104509,,
0x0a12a61bd677b1e2bc283080d24bdeec4ab37e1f68978e461f860d0f31c7d2c2,1764499404,1764499407,1734,104509,,
0xf05eb1b08139b07b3dae0a4dbcecc9513fe5d77b495c3450b7a5f62949aa6bdb,1764499404,1764499407,1734,104509,,
0x612bf4235676babfe50d982940d37a574c14c73e915d2327dd01ce0c3972e07c,1764499404,1764499407,1734,104509,,
0x7be98aea26da62568e431dd1f5eceeb49bddba98b4b87e260ab7bea8ad7a6a03,1764499404,1764499407,1734,104509,,
0xc3cd1f21d69de2e9d3f863da4fb2ff0821ee1f5b5ba2c2171372b9bda0efe947,1764499404,1764499407,1734,104509,,
0x56dc21a9dcfca540d97a0524ea8bd29ff9f3fe23fe03ee987aa3e3b90e00a9e5,1764499404,1764499407,1734,104509,,
0xecc2a4cc877818733e45bed80e03ad4a16a07341fa7616e1085276f7f32e252d,1764499404,1764499407,1734,104509,,
0xb432d3018db77807173046f1332366a0006fb175358eda83a3956571d95ebc3e,1764499404,1764499407,1734,104509,,
0xa3bf00062778c0ec820e856300f402f3aa67bc6be43661e1604d940871e7de91,1764499404,1764499407,1734,104509,,
0xdf0fee12e6ceb761932c6995778203b4545531aac1d0174960b6c24a1b0616f5,1764499404,1764499407,1734,104509,,
0x8d9eeb9cdd46e7ebe35c691110c0c0a8f670268d80fed1fa72f430f2094d8777,1764499404,1764499407,1734,104509,,
0x550b1d1dd4ce617f86df1cb5cf347dd44d4c7345520fe9da0f39dc294a7241eb,1764499404,1764499407,1734,104509,,
0x50efe37f088005b3efe307df232e03f11d38e6e10dac8f0b90805a86232c99b1,1764499404,1764499407,1734,104509,,
0x2d36bdc32b698f65dee5b3df1ac464c7a6f611519dc5d59cb26797c9c0054e1f,1764499404,1764499407,1734,104509,,
0x5f73d949d77896c8cba00c17e5261ec434a4db7f5c8161007c9c86c2814212a0,1764499404,1764499407,1734,104509,,
0x7d891181969a962c316e9216cb8769a7897ce291fdd6e28f10b1b151f569496f,1764499404,1764499407,1734,104509,,
0xb3300a551417605e14a07ac3ef5b8a22af5f4c4c0ae48be3c5277b6e32d87ed8,1764499404,1764499407,1734,104509,,
0x9c795af7e3989293c688f7c8f28d957cc61dba5394becb18a932828ce9d5e63e,1764499404,1764499407,1734,104509,,
0x3b97e1e5f19e687571ee9be1ca6ca569024ed6caaff6345291b2e3f4c46baeb7,1764499404,1764499407,1734,104509,,
0x28ff2661a275bd9e908ea2809b5c9bd789fb1bc96d7c6f2e82f706ee430c8c6b,1764499404,1764499407,1734,104509,,
0x80eeb64a907eedd6711b586800c606ea53948698a49d145a49ab7098780c9093,1764499404,1764499407,1734,104509,,
0xfa6ed2273973608e05da30d177c85107a0920fcb1d8b81a24d79670cf3045528,1764499404,1764499407,1734,104509,,
0x856ac7a18f38ad5fbddf244764c3be2296bf49b985f8c850a8cc45b7d26cd479,1764499404,1764499407,1734,104509,,
0x3036a0f4db205cc773764c6f7b434dbf46b5a14190ecc3502459db54641c7200,1764499404,1764499407,1734,104509,,
0xb9cae658426f5783c714c0f1148e11777574b3d1597259fff3c8141c5652897f,1764499404,1764499407,1734,104509,,
0xea0892d55af09c0b54d59b254fad79d67b23444106aef0e713ab162eecf4dea0,1764499404,1764499407,1734,104509,,
0x5fae08a08e633b6c758a79434e32bef2516dd665d19e5827ed594f4d860765f4,1764499404,1764499407,1734,104509,,
0xf3819b02c7daddaee998c1ba8061e6728b118d409ac09628c1b13d1f94be6c30,1764499404,1764499407,1734,104509,,
0x579279ad9f9c54d0400066fae23bfd004d5acd6600b0ef9d252b159bc5473050,1764499404,1764499407,1734,104509,,
0xb8fc4358c155f3ef484a288311c8299105b6d5ed2f4b4adaae48047a8f5a04ad,1764499404,1764499407,1734,104509,,
0x4c785294f895451301445e11c497bfd0731704a95453c0285a34063928644c1e,1764499404,1764499407,1734,104509,,
0xcae0b163f403d6076f4f3577e6e36839a71feaf6cbb08610a2985be9cb4d3d10,1764499405,1764499409,1735,104509,,
0x3b11e30272b8927e1b3282c6b057c442d1eccae4493558223b3464625ddfa350,1764499405,1764499409,1735,104509,,
0x87e53ecc6f0bfdec9a35d4bf9b78029596b12aa5653299340d19f4e701738b48,1764499405,1764499409,1735,104509,,
0x8484d3155fdba2dc07ad4053b7b695a40545e5863e83a96254aa09a9831d9a3f,1764499405,1764499409,1735,104509,,
0x2897750825f11fd69ed238c11549f5c052880669225eef8d0fa7915e5a830c68,1764499405,1764499409,1735,104509,,
0x7d7df01861706506e0837868e120b0bfcded82407439a7b4be917504da09d028,1764499405,1764499409,1735,104509,,
0xa6eacf5eeecb67725b4230b06d5d2baf7ab225d0535661a79da28eb8c47112ea,1764499405,1764499409,1735,104509,,
0xf207af302da3f01314da754417c3e510986f0c343bde1573fc0a41912d411a56,1764499405,1764499409,1735,104509,,
0x930a8e470126abd5e385c8e9acdb48c4fe31eb1a3f70a4864df139fedb55ce41,1764499406,1764499409,1735,104509,,
0x3de9acabb77ff19189c6ea34e1b734e85eebfe62df2a4166476a57958c539dc9,1764499406,1764499409,1735,104509,,
0xa964bfd8d4478041d9366214bcf284822f5fb883ccb668ef1a83c962e5fcee17,1764499406,1764499409,1735,104509,,
0x612315beafa921fb12039c2ebf9587b41ad5ff46315ea290d0ce1d0208725c99,1764499406,1764499409,1735,104509,,
0xd2549cc18fc86a6c33f6cc89f6b18b25f3cbd7fd4a09e0d85d689ad29a3e4845,1764499406,1764499409,1735,104509,,
0xff7ee3c57a4848be2374bc0915cfbf516c161f1d71ccdc101a7142d7aeab59e3,1764499406,1764499409,1735,104509,,
0x3f5e3b587bb44db239c3a5663ec68036475b8adc3116c2c03c0813b7957d7855,1764499406,1764499409,1735,104509,,
0xf4d53665943060f3a3614093844b1325f44da0d43365d1423cca9d9d1601d7fb,1764499406,1764499409,1735,104509,,
0x08f11906a8ee8f64f7111d1b7126d1e0aefb69add94a4352fba5398202ac8f71,1764499406,1764499409,1735,104509,,
0xf262a138a78182f358b597bcfa1396ecd0f284e79cf319bc93192b3f391398fd,1764499406,1764499409,1735,104509,,
0x7ccb56d2d79045bcdf6e92500a201e5b0751d96c0dcdeebac470a098fb011d6b,1764499406,1764499409,1735,104509,,
0x0a287d6bf41ac02c48265541fe05983bf367a4183debfdea189ee1de7a42160c,1764499406,1764499409,1735,104509,,
0x15c029f6192c204859c5d1eca6782918ef9210f484380c8c31480f79b54952f8,1764499406,1764499409,1735,104509,,
0x7749e2f0b1703d0cc241b8b8207be6cb08e4603eb378e43329bc8ad63939e71e,1764499406,1764499409,1735,104509,,
0xf99608073312a4c7cb0a3249b990b400607a7f02a84a76bff55218a7f4668063,1764499406,1764499409,1735,104509,,
0x847cb98e50ba32cf3288e22c64de668d8a15da2e95a6eefd48fd19b16efe2f55,1764499406,1764499409,1735,104509,,
0x4423b1f3c8cd792c9e6ed124dfe7f5acbe48190a7f215848f53e81b4a66a475e,1764499406,1764499409,1735,104509,,
0x89bacb79dbfc2b1120b29f1f8a6f7acba73218818c3aab7ef6bcf90995d564ef,1764499406,1764499409,1735,104509,,
0xf1187508836ef4ee469473915982d396408fbb0f8a34cd9d112eebd6dc824dd3,1764499406,1764499409,1735,104509,,
0x45707673a7ffb99889822a61d22e64945439aa18154ba9b6f529bb6e649f4aeb,1764499406,1764499409,1735,104509,,
0xd977fee4819036da89f56ba4f553b666a3352d4471b7c33fdb583381f187df84,1764499406,1764499409,1735,104509,,
0xcd66a8c7850eb1c63813e65f1d1f0b4fd391cd97ef9d4db4058dd166690b8049,1764499406,1764499409,1735,104509,,
0x864019b51f8a26ad19841c2071c6edf8f8711c8973d34c2d783a5f70095f60d0,1764499406,1764499409,1735,104509,,
0x9432d3cfa6312c6c1c7ca37781ed03a96b4a1cdc9d2eb6516c5f26be274801b3,1764499406,1764499409,1735,104509,,
0x4b10b1f07ded3ac78608c0974c3e129f7d4d5e3d0b475dc350e5e975b8397574,1764499406,1764499409,1735,104509,,
0x9fdf65b76a28ec2f656927626014880fa5f6767047d8467bebcb4487ea425d98,1764499406,1764499409,1735,104509,,
0x34bce805d112e0f918c24178e6419f7609118acf5eb79eb976f02a2505282087,1764499406,1764499409,1735,104509,,
0x75598be9b7c448ade9a068f942610ac6a780a1a8a1a4ced3da592807f1698e93,1764499406,1764499409,1735,104509,,
0xb3cddee1965f495400f9a90275a88f878db880ce6ee5be11cb28acc1e0bd52b7,1764499406,1764499409,1735,104509,,
0x7efd5ff738d9f146640c651179208a47e89d631dab6397f77a37ffa05f066717,1764499406,1764499409,1735,104509,,
0x1d36c2d4173908b1856ffb8dddc610ecc7976dd6959ecb1fcc016e5f64dc3c59,1764499406,1764499409,1735,104509,,
0xaeab3a7e0ffbe235e471fd4e08fdf1a17c9155d8de550a0f9f33ef444aef13bf,1764499406,1764499409,1735,104509,,
0x8b1ff33b6470762a66f3b38a07b74cf2bea9612a34cd7ed31a5510d6e46adcfa,1764499407,1764499411,1736,104509,,
0xa0ad21ac158612f78798d30df7eda29810ade0cc5219bee34f3d73755ba29a22,1764499407,1764499411,1736,104509,,
0x5b6d888c569de64ae39b9b6513ad367da4ef67789359c971762444fb8b37d050,1764499407,1764499411,1736,104509,,
0xc9e78d6324fb9674b2f918306ecebbfccf7a68f6ea6b53752884a4d3e6bf9202,1764499407,1764499411,1736,104509,,
0x4ec53954792fc1abcb8c2caffeac143dacd1ba7b1789e12cb17ccc9935b30514,1764499407,1764499411,1736,104509,,
0x4394c09b8f5b964cdcdbe762cd134a6a35360c83e814defd8c8a9e0f54b3522f,1764499407,1764499411,1736,104509,,
0x3cc2a366d3eb30f58150eebce51ad0393749c448befdc0cfb856a338a608b539,1764499407,1764499411,1736,104509,,
0x2e602d8ee2425503b8922d012531fe43dc09bf01439d64dfaf73db89f07f3eca,1764499407,1764499411,1736,104509,,
0x14b24f9204d2eced47f0f864afc267a85c95b97bb56abc11bc5bddee934aec25,1764499408,1764499411,1736,104509,,
0x9f1b77240a02c33b12e1507e295ce870e64a3b6c729590c2d1b8e453d0d7b0f8,1764499408,1764499411,1736,104509,,
0x6afb76d11cca5e189e7cb462d9a280afd00d08b616381f9190bc7775fc7034a7,1764499408,1764499411,1736,104509,,
0x7d70cd9067832051d93a3029e4853fbc5e3724b634ba31e7cc5dcb05608ecc8c,1764499408,1764499411,1736,104509,,
0x3b109d85e32423360b1492f37e9e1d9e9f952787fc36940761d86c6d2df7ddc0,1764499408,1764499411,1736,104509,,
0x39c08e723d7f536e68e0d9d8cb624c0ac9108d45db0d908ae39cf9b952e2fa79,1764499408,1764499411,1736,104509,,
0xc5b2469532a8d034ea902b2ba86c702722aa8effaa23e47476897c31e97e4fb1,1764499408,1764499411,1736,104509,,
0x1d4325191c42e51f8433b2bf2dbb24bc51a8aa4e6df47a4c5312def24c9fa78d,1764499408,1764499411,1736,104509,,
0x88d69e81e882cd9924c38bf79c2cbb85468b0cc1f8c6451fce85c94810c14269,1764499408,1764499411,1736,104509,,
0xe4f22fd65794c580468768a0a21e0398498e5fd7aab730e704412e7a758a7341,1764499408,1764499411,1736,104509,,
0x38e0bf6ffd99a11be85a4f2b153e1ccda976071704475ebc11b059bb2ec53111,1764499408,1764499411,1736,104509,,
0xc48ae1d1334df82e0130587e4e9c072c6f0510172de120ea9bf66822a0b0b374,1764499408,1764499411,1736,104509,,
0x5a61ff776421d918492c8c0099842c39ca2d65efe339c7c1019831b9de27ce1a,1764499408,1764499411,1736,104509,,
0xcc02edb3843c523ae096392d4e4d5e1c0fbc2520d6e48cc0c5dcfe34afdbd4c9,1764499408,1764499411,1736,104509,,
0xec9e25022be71b0f639dddcdbb0efb7f93ea859ea6ee08fa2238d569b5b70abd,1764499408,1764499411,1736,104509,,
0x8bf0ada22ab25a5bf78395ddcdf5a54958ea01368fe54dd0552150c1cd2fa83e,1764499408,1764499411,1736,104509,,
0x86facc2753c167cafd9156d01b0084c738f233ca1005b4f314706a779db91f33,1764499408,1764499411,1736,104509,,
0xf06c1d4ab93a080e392c1795066fc40583bef4ac8223b87a13f1b3e33c396430,1764499408,1764499411,1736,104509,,
0xdcabd136c4efd3da95d1f35fbc0e4abe068e09527f9ecb131489d67f68ee7e64,1764499408,1764499411,1736,104509,,
0x0d0ed83b0d52224640037c4eb143b847ade9685a4a413c68dfd86336758eb6a6,1764499408,1764499411,1736,104509,,
0x2a1dd620084c06854f62f27503c8e45bac84287048cb204e0eae52429b8cfc39,1764499408,1764499411,1736,104509,,
0xd1f5dd25df432cd47cec49ab631cb5ed1a7ec2efe48e8c647d3c309400ef919d,1764499408,1764499411,1736,104509,,
0x7ec66a05195094db0bc173181d9b8561debad348013885d9d5a087e19de3f7a0,1764499408,1764499411,1736,104509,,
0x1be53267abe6758d55f55d66ad4ba7bac146f65b5c1c3f4d3247f700151c9d29,1764499408,1764499411,1736,104509,,
0x10121dd40dc94eb9c0fa550b82c5d600522d18a8d960628177e1cc086612e5c7,1764499408,1764499411,1736,104509,,
0x0627f63eade403d5dbc412624c7411bea71afc5a71df3baf5bb81a59f8541e2c,1764499408,1764499411,1736,104509,,
0xe68da37c406e67d2feab237e30f11ec480975458a8b60c2777acac6582a31936,1764499408,1764499411,1736,104509,,
0x9a8654df6c3aa6be8b0a2608f6dbf5dd935154bc5bd4a86fad397412984dc0fd,1764499408,1764499411,1736,104509,,
0x37f84849af6ff58e4d09ecddc7aa756a9034e120ede3eed84d3e71c5d246ceb2,1764499408,1764499411,1736,104509,,
0x4fd19c6c0cfbf82eae2b085f45487ce9ee655255b6b7affc975a1cba27e66f60,1764499408,1764499411,1736,104509,,
0xd41c9e58056fbdb6b663dca19fecdafa6cf40769d98dd5f8973abaf90876abea,1764499408,1764499411,1736,104509,,
0x108185346bad6b6a4d441ecd3a1b120577f946fba15230979a62363710e58bae,1764499408,1764499411,1736,104509,,
0xb70d7f4912378d5dabe5be119b901ed50541788ba51b81906d5ffb6953f827d6,1764499409,1764499413,1737,104509,,
0xe3e692339e3bbe4bde4438c63783262147493df24ace78e9f63fdbc5e73f13e3,1764499409,1764499413,1737,104509,,
0xace48a8d4bec12604fb4b5d8f5fb27d4076716d56f4bb72a4b799995a6af0ccc,1764499409,1764499413,1737,104509,,
0xac190a42b154e086bf2b4764bb97161c64af92b3634985ebce4f7d77ebc31d53,1764499409,1764499413,1737,104509,,
0xde892eaf23a2eff22eae3ff37b04963ed18d61347cb3e4b5cd4b08c1b49bd023,1764499409,1764499413,1737,104509,,
0xc0887d36e1fcdeb2c4bf1132f17c99215635723625ff9777617ae72175b4aa13,1764499409,1764499413,1737,104509,,
0x7823d6a27fbff07f09d8a637783b786f3485b16d80dc31147e6834dcbc773d55,1764499409,1764499413,1737,104509,,
0xd9a1c269d7b04ace3a0afd49966d346f749e844b394707fd55a0a6837d4c4953,1764499410,1764499413,1737,104509,,
0x1bab9f60f47f62329c79de59ea8ea6fc06a60df198b7dd8686a231836cf032ed,1764499410,1764499413,1737,104509,,
0x99d18085052bc94dafaac23f299f1e8237d75ccde814c64b5b568305b4e8ada5,1764499410,1764499413,1737,104509,,
0x0508e157ca49f8f59adbfc63cc3976a18ccf4c0829318084633b10cd80f6c531,1764499410,1764499413,1737,104509,,
0xa92cdca1adb886af133d8fe0ebdb9aaaad191dd2d2baa7493f417752f92cd70e,1764499410,1764499413,1737,104509,,
0x070f9cd73c8f387274453a34b75759acb63d7e2b25b8a3339004c8eef2ef08c8,1764499410,1764499413,1737,104509,,
0x52fd53dbc7514f0a96e958131b340cc8c8b208bc63d3af9861db15f268608f66,1764499410,1764499413,1737,104509,,
0x8589d91d3469e10a8fb4aaeab48b87e5c7b9f1bfea2612c1fca50e59ac40fca6,1764499410,1764499413,1737,104509,,
0xeaa3c978e5b5784af73d5770c257b58301d5a976d256414774e4476fd6816928,1764499410,1764499413,1737,104509,,
0x5e7a7c9255ed10c03b9c850a052e06a2c2f6fadb23f662d8e50bf903875fd055,1764499410,1764499413,1737,104509,,
0x153f01b317ae1ba38c72c895ce9b55cde050cd8cae2c9e41c2f4181f02896ca8,1764499410,1764499413,1737,104509,,
0x4d8fdf00cf2d5866182f97c3d142b3b6cea3142962f3a78114c01ca00e4e7e02,1764499410,1764499413,1737,104509,,
0x0e2907688bf69f5232855690a0728244fe70705328582f2cbf4e79570813d66e,1764499410,1764499413,1737,104509,,
0x0ca823922234682c2f29484e95cbc42d214d51983d2e399aec93407f84a19754,1764499410,1764499413,1737,104509,,
0xf81288a15e12511afdcfabe6c57a6606ae65e32c2e0992322556e9d13a4dc1f5,1764499410,1764499413,1737,104509,,
0x2c58a96be40d6a2daf99dc6261ae919359ca4359436c573feee5fe8d1fc17c70,1764499410,1764499413,1737,104509,,
0xd28fff583981b50a2d710d5fc8f0a64ddb62e26c3f3f2946a7f89ba16ee351ff,1764499410,1764499413,1737,104509,,
0xb9327275fb36bb68a816d6cab8744e9ef0dec863710e98bc2837f06f093ec84a,1764499410,1764499413,1737,104509,,
0x014a2455062d46c6a5b78481e907f3320c93d1606e5731f3d33fa048b760d012,1764499410,1764499413,1737,104509,,
0x3d7cc48ce700c6804aeec023cc5ebd9bfdad5d1950923748609730bed5b2da9c,1764499410,1764499413,1737,104509,,
0xe111b8ae9cadc4e905426d228f149ef161fd2f23f9821d38d3c55eeab1f5c62d,1764499410,1764499413,1737,104509,,
0x70f9198cb2d1cc540d76a7791a43547fe16c351c1c1f868bbea3660cc2a810d7,1764499410,1764499413,1737,104509,,
0x19b0134c2a48cb1e5be219d0ed5ec1b350c1725fca0d33d5742e2679850b14ae,1764499410,1764499413,1737,104509,,
0x93aab6462b6700babde20f58c9b0dff63bf16f1290385c2f22e874c3854a53eb,1764499410,1764499413,1737,104509,,
0x7a35a74225bda81e9e62836f9fa6b043b6eeeca655f2abffb48072ddc6c973b5,1764499410,1764499413,1737,104509,,
0x37a86b25720cd49ec7ada9b3f32af0ffbf36d20541da1f71148c09a2cc9396ed,1764499410,1764499413,1737,104509,,
0xce0ae8c4eb5ba4167c7d47d185ddd37aa0b69f6303d1bd0d53869b8a931e2391,1764499410,1764499413,1737,104509,,
0xe04502392146746eb152ac9cc5cd8fa0cebf37b493eaa7fe20cb7a99e0fa95c4,1764499410,1764499413,1737,104509,,
0xbcc437050e065494d3ff803c977e73368417fdcfaf219b13342fb2de844798c9,1764499410,1764499413,1737,104509,,
0x47cbad98aee4068cd57b6b149ddc704e2135ee12e1584430c3b7d67628a5fa9a,1764499410,1764499413,1737,104509,,
0x3440395b66f2a48174f101afd628b9bc42cd7f9f9e3bd1df66dae6d562d77ca7,1764499410,1764499413,1737,104509,,
0xe594a66135245402c77126b676c3cfb7e222fff7a1f5a92e10a98aae32c78e8b,1764499410,1764499413,1737,104509,,
0x9dd6017a3457070af2eb2131d3d69be692384175cf14cbbae2abbddf6ee85fae,1764499410,1764499413,1737,104509,,
0xd0a0496d18d1c6c9a198d2c88f5038c0995e1d42b334701ab88cb10b16a5295b,1764499411,1764499415,1738,104509,,
0x5b2d13c55a039de1d0431a51f68eb85feabb8414065f1df1b7f77573cd155baf,1764499411,1764499415,1738,104509,,
0xb11e232510fc92df56ee37a676844e6af95c4f7494eb0aad8ce0ddfbbc98e765,1764499411,1764499415,1738,104509,,
0x88c32d04637a9be0f1364af0e4ee61af724df65ab15b241f786883aa04d60d80,1764499411,1764499415,1738,104509,,
0x42f92b895f109cbbc9befff0d295c08490af9e418006a05b607dd02591fc83c9,1764499411,1764499415,1738,104509,,
0x4a21c92c7311f5ba0510988d13f9200b8260ab39eb7ee9230a912b9f2b2d6cfe,1764499411,1764499415,1738,104509,,
0xe1599350f41958d4b9c585349d03253ff3f26813b5c1305d72f91c30f3601405,1764499412,1764499415,1738,104509,,
0x6bcebde6a69bffaa29950d9c57c5c9be3869704f99d027424cbed45de182acf1,1764499412,1764499415,1738,104509,,
0x27c10f8f95f643d11542e229221958de4ea9e0538c47ed84125ae73a01751e1b,1764499412,1764499415,1738,104509,,
0x81878625ff4b5ad6990f49f2b25b7e3a21477abd3456f451febd148017860503,1764499412,1764499415,1738,104509,,
0x2a9e92a3f8c003d49675c8065f117fa23107fab62c4869294509d4245fba66ca,1764499412,1764499415,1738,104509,,
0x453a1b739f19dc02e468f8a9425792a81073d85ab329575bc7e863ac93fb999f,1764499412,1764499415,1738,104509,,
0xea6e3dac24dacd7169efcd7904dfa3c5b75944b224a42ac0e3098292e81b7c0d,1764499412,1764499415,1738,104509,,
0xb16f0c91fd8ea2c003c5728aa47c79b273a6dbdd5888d5d41d012a59795363e8,1764499412,1764499415,1738,104509,,
0x1c8d9891d69ec0d8ba8ee946b9158ae2e4fcc56984a4648c9aeadb48a6f60181,1764499412,1764499415,1738,104509,,
0xc628e9a0bd1a106d6b255e375130e9c44f29d5b339732954ac895f40697875c4,1764499412,1764499415,1738,104509,,
0xcd6c3ff988ff2f94ffef904073be843c40d61f18e87731d798b235e698223059,1764499412,1764499415,1738,104509,,
0x78c89179e6fe232b8d3a1faa5aac204df41a8e105478df65728bc7fceb5e6d36,1764499412,1764499415,1738,104509,,
0xfb1667cd0ef6529d2ceaa58943b231ed5783fce4af1b1cba7c87e4a670f2976e,1764499412,1764499415,1738,104509,,
0xbd3d85513e2d15a3ee8c1a923e570dc81622ff194fb9da8d41a0821a8711e637,1764499412,1764499415,1738,104509,,
0x9bbf6753ce2a7953dd99886890544d27d86936484982a73d2f9f9bde0a87d3dc,1764499412,1764499415,1738,104509,,
0xa72c21922ad16f006bbdb6d7c82f9be74009808247fd6307ece34e3e2006d532,1764499412,1764499415,1738,104509,,
0x6dc4f652112a914f49d5722c93ee1897e6583f6ecbdcdc24c376eafaf5878229,1764499412,1764499415,1738,104509,,
0x9856a34f25ef7b7e111657c4f30cbf83779e7f76fb66ddfb7cdf5e43fc30a928,1764499412,1764499415,1738,104509,,
0x984f6a8c76012a2c40b04c085468105070aad186ff9b53204572dba66ceedd11,1764499412,1764499415,1738,104509,,
0x24b885f93c6532ba105d22a8505b52b565d6c75fd67d778b908ed71fb2c76abb,1764499412,1764499415,1738,104509,,
0x94115b4f1e8a37027402a168513dc175a5fe7530c1da5fc09b8deda9c01b674a,1764499412,1764499415,1738,104509,,
0xf4304a7d9cbd636de90e72525c970d69660f9655574bd740337910fa91475e80,1764499412,1764499415,1738,104509,,
0x732fe27efa1bfcbd1d3c843396b932d0f3d8f392d53dfca1faf676a3582f43f1,1764499412,1764499415,1738,104509,,
0x93f3bacd25cd7d67aa1acf9d64e857156eba2913232b0c1a0f51258e256fce95,1764499412,1764499415,1738,104509,,
0xd30735b29b953e8c861b7c77d9be40728877952e4dceae9b38b352f7889d0417,1764499412,1764499415,1738,104509,,
0x57c861b10ad21892c9812e831e351572e88f0b95562f6e2c0a4c5fc76f3b0e95,1764499412,1764499415,1738,104509,,
0x1aaeaa3558f2c884295d5728243df4c333bb146eca689611797dd6c30214f5b7,1764499412,1764499415,1738,104509,,
0x6987c9a4fa755ba9cbfe16a9fc1331a98105ce287df1115b8e817b5edd9dc24e,1764499412,1764499415,1738,104509,,
0x0a0060acda380011cc39c27bb61144d0ade6a70ea268ccee922ca41c4ce33cdc,1764499412,1764499415,1738,104509,,
0xc0773b6b8fa4dd5b754dcbf19fd074df7a413f9347ea683d79d328f6e44d98d3,1764499412,1764499415,1738,104509,,
0x771b8f506cd45e9cb0d3f287e5ed99dceb5407d989a77aef7fed9c538a074503,1764499412,1764499415,1738,104509,,
0x5c3e3c96781af50a996ed68dfed8469cb98f8dc74365280287034b26ed814cd7,1764499412,1764499415,1738,104509,,
0x3c534d8f1ff98c233c459625e435aa956cc5381cc8857c7510cda30b4dbde7e4,1764499412,1764499415,1738,104509,,
0x92db2928392da9592967b732e1e14405d2c680cd299b4ec1921a363109776c88,1764499412,1764499415,1738,104509,,
0x95fcf879e4a524c6b01d839c8f85419d69dba11fb4117ba222a812d719d2a510,1764499413,1764499417,1739,104509,,
0xcb599e2f8a5ac7376b82c654c8361ef238ca1c18d473301db335be14e96979a1,1764499413,1764499417,1739,104509,,
0xbab04fb59cdd5be461a393371544c51a4955dc07e765969930f6610444dffb0e,1764499413,1764499417,1739,104509,,
0x16c5a2170767f60bc07c23124d11a7cf014e5e65b23cbeea9793f30b215ee968,1764499413,1764499417,1739,104509,,
0x43441d27cfe85e842a86a88cd065966bbfa5410d50bef0bdc5922f082ab239ba,1764499413,1764499417,1739,104509,,
0x44cb12c69c468c0bcfdee76b3d39492a6c8709a60946757d9bbacc53d5e45546,1764499413,1764499417,1739,104509,,
0xea56ae23cd44709e0a625850507fa4db1c38f4d643059e45c2d8e1ccc339b6ec,1764499414,1764499417,1739,104509,,
0x2d886e98d22121d27f6335bb3130f3922bcadbbde4aba0ed3dc04f5054284a98,1764499414,1764499417,1739,104509,,
0x5dc5288a1a7d0877c9584c12a5eaf8a64c893a1a94a099d2bfc186e46ddb56b3,1764499414,1764499417,1739,104509,,
0x284fd111bf00fca3bb35373bc2173d172a47f3b60c29cef07f918d755f9727c8,1764499414,1764499417,1739,104509,,
0x51950208dde001acfbe288fe316fb50834c7555fc02f7d2f7999142c4d681109,1764499414,1764499417,1739,104509,,
0xeb383c339235b5a154101b5cf507e42c1e202742d380635a2953433c25900d48,1764499414,1764499417,1739,104509,,
0x7843479a73276f085663a9c1e7e0ee77afd6d41b9020bb76ac8ffc3307fbd1dd,1764499414,1764499417,1739,104509,,
0x33ea9d522f30b3c3973f2fa0858527031c02ef3bd56e8adf072986de0b63a940,1764499414,1764499417,1739,104509,,
0xb9c83ae181bc24afb8a960fb85d24ca22bb2cca227eca736fe7ba9513ed60f25,1764499414,1764499417,1739,104509,,
0x29d06ab3b8fa3c2cca63841d8acb4e039fed42e077a569cf9509ff3443e91cf2,1764499414,1764499417,1739,104509,,
0x253e4ddc852ac4db429e61aaea442061ce53bc71fbef066cf295e9d739ad4cbd,1764499414,1764499417,1739,104509,,
0x237ac6ab081790c87d34028d3571eb2fccc5bcc0c5f04185d21df3988c08004c,1764499414,1764499417,1739,104509,,
0xed30cbb0221268ac8faa0f9e7693cfa7505e84b1990b2db6f3e0eb9957135805,1764499414,1764499417,1739,104509,,
0xebdb2a51768565ac7692611f05811a44049ed26d14ccc35c50148e0242a6dd3c,1764499414,1764499417,1739,104509,,
0xc9fb877f399c4fa34b98dff140d6fad6f518a19d9884071a9118f5b4423f54e7,1764499414,1764499417,1739,104509,,
0xcb371d5270294c6ceb4067620166391b0f0c0031f90d1d602aebaea61a18d0f0,1764499414,1764499417,1739,104509,,
0xcb475cb19df24dc1f262e05fa7c8c0009723bcb5982d85c2fb114a65c6311a5e,1764499414,1764499417,1739,104509,,
0x6f91413485e6d2659a12c5c3a86ad976cfaae60e6ac065ee6d1997c37a24d8bb,1764499414,1764499417,1739,104509,,
0x0a84bac16ed92f21c33fa2aebaeae829353fbc734bf9b10d2b5c17e91c67efe6,1764499414,1764499417,1739,104509,,
0xa457927b40f5845d10b786492ba844db6ab9cfba56718dd8a3756e5422500241,1764499414,1764499417,1739,104509,,
0xf281841446a9abbcae3f880c1ba31cc4b0e266b77f6009672005347c464cf4b8,1764499414,1764499417,1739,104509,,
0x7dddff4436c0d805e0fc85bc736af0298455ed55825c889069687983921624df,1764499414,1764499417,1739,104509,,
0xe8c0b9cf1bd9bc39b775cae9319bd7a333abceb4fc2507ba6eead621d2576298,1764499414,1764499417,1739,104509,,
0xe6d995f6f2292118fece51e24d69743aa3a8a71ddf9184edaf19dfeaa226e05f,1764499414,1764499417,1739,104509,,
0x47318799d4ee490a6ff0dc95c8c6f9dc56fd227856d2f2a8225233d49f118e36,1764499414,1764499417,1739,104509,,
0x64141d1cc366b97792856ef2bdae90e144ad1b92e4c03dd4ee9e3fa35ba9e3b0,1764499414,1764499417,1739,104509,,
0xa4eac88b49dbc15d5010fcf4a65dbfc94a7937c563b0dd25383e13e1e80c111f,1764499414,1764499417,1739,104509,,
0x914e4f761191842c94cf7afd61b2e5e68c401814a1f17917516388ec9a0a6b48,1764499414,1764499417,1739,104509,,
0xb1e312cb9c9b2356caff8dca47b9a39b33790336b1c0843392dbbc1c6b3c416a,1764499414,1764499417,1739,104509,,
0xf0e05ad81485b7e3df76c55b2141da58f4738e07d3ea08fbb662e898cc53b9b0,1764499414,1764499417,1739,104509,,
0xe3802594c8dfdea92500e0593fa58e4d222bcfa92f68cbcc6b7e9f1da70237e0,1764499414,1764499417,1739,104509,,
0x4e72ab6f69555c43040ac57f01fee14c170820cec9361ac3bb72fc20976fba21,1764499414,1764499417,1739,104509,,
0xf0023851a10db71fa00aae7399eb1b5fc6c6c9328af429f1ba5c3afb906a4f60,1764499414,1764499417,1739,104509,,
0x0c7b1a7d27e00ff5840ca43e419308e0058654ed57730bdb7969fb5f83224c87,1764499414,1764499417,1739,104509,,
0x838ee1f60925d20e8efa937ad861ef82b9b0f8d2f15f1e11460a8a77e4610f72,1764499415,1764499419,1740,104509,,
0xe7efcf6ef0a96201f5a6e3c84f86f1a7be97e25b99ca6ee419dd16421bfe55fa,1764499415,1764499419,1740,104509,,
0x0aeb36ba692e25d56a6c03087838fd1c1b38b7fb3b7968f66dbad6abb45d5def,1764499415,1764499419,1740,104509,,
0xf4eeeba341727be554a1b9e1f798c823bf2955e38c310782d3db59d24b84b199,1764499415,1764499419,1740,104509,,
0x9df8013fc60dde3b8130e1b0e89fc83fcaec7d36cefeff9a2543f402cf6f7eb9,1764499415,1764499419,1740,104509,,
0xaeafcfa8d8bf49c05b593c29ace89200b70b1bf9ae86f3b87fd50f0837bc65dc,1764499416,1764499419,1740,104509,,
0x4a9bc78992b3cf39b9e3f99dd1107b923fad4b02b6199814cc183ff3e7c4e1b3,1764499416,1764499419,1740,104509,,
0xd1928d83ca4b517dc0fd19ecba61d5699a6dde8c109cc4133ae5fc4c65f60aef,1764499416,1764499419,1740,104509,,
0xdc226d54d995ae7436d1b9fd2eadc5496b6086583ac4be42ef34fe297ffe992b,1764499416,1764499419,1740,104509,,
0xab4f47edac826a83ea74c8a0d6f41e53414132addadba33270d58aa1f87547c8,1764499416,1764499419,1740,104509,,
0xb3bd6eec85b9a0abf159263e979ccd1a20ccb5e79efe7914a9cb4a48f4da2f8a,1764499416,1764499419,1740,104509,,
0x9998c6aefaa28605e0ba8eee600c99cfd1ff6a0fac41dbfa21016389db04e31b,1764499416,1764499419,1740,104509,,
0xb6e1f82038fe49659273c3cb50e8da549aa37f197876214bbd5c5cfbf154a524,1764499416,1764499419,1740,104509,,
0xa854212359465ce8f801e86b0b1e9c70af84f19b508d91d4f2883dc1990c7ed4,1764499416,1764499419,1740,104509,,
0xaf6b1fe281f40cd693f444ca62fb346b0387736bb9ae3b79313431535a23c8b1,1764499416,1764499419,1740,104509,,
0x2dd42081a6928bced50357bda01c9c4c27153452a88caab0a57a7d8ed0b2a37d,1764499416,1764499419,1740,104509,,
0xd4ca3908a821efcbfb73d9c6b4e80ea2c80f191965d72dd95eff551e01bf42a6,1764499416,1764499419,1740,104509,,
0x1fc2b64ca397fcf884d08d89584d0042e938b01f243b392ae4fb0e5fbb1b77ba,1764499416,1764499419,1740,104509,,
0xf041869eb62d2008b70a0b8005edd01f669b982197c815fd06d97e458c53653e,1764499416,1764499419,1740,104509,,
0x95e0a886ec59445e479a2ac786dd09d11036babc87148f43a4ec021cec6ecf18,1764499416,1764499419,1740,104509,,
0x77aa41f40a4a6a1d8d83bf3fa2964501d0f15e248ed9fe4d70dbedba46cc1c51,1764499416,1764499419,1740,104509,,
0x52a92059f4507766bc963f69cdbf00a3d1062080d5cecf6b2b1714a1bc7bcfaa,1764499416,1764499419,1740,104509,,
0x1b73c77a0d3544def504a0427fa985a5b3126d1c46801407a3ee544cabc5c140,1764499416,1764499419,1740,104509,,
0x33ce54424490c273cae863c8d4b557098efd89cd6d11cffb38c3925142da0e16,1764499416,1764499419,1740,104509,,
0xa8a8ee81c5bc7c6378026c8ae098d5d5e5743b768429eabb38743d3c6a6ffc47,1764499416,1764499419,1740,104509,,
0x11c769e40b885a3285de5a881fd84a3c2ed741f7335ad6d7b39be11c7abc3943,1764499416,1764499419,1740,104509,,
0xfd38302747014f66b24bc9bef976bbd21c5ed28f273087415e72db67fce017c4,1764499416,1764499419,1740,104509,,
0x64604c73b555a1b61102cd626c1bf5cdfc1f10cc7cab1d856e5c23700021fe38,1764499416,1764499419,1740,104509,,
0x6e51c18cf6607d3195edd3908a2c2685eecabe50e3c26baedfed573b52b13929,1764499416,1764499419,1740,104509,,
0x9a9d5ebf8cfce64039b4f06cf1df2e1e2a754741e941bab599c7215857592801,1764499416,1764499419,1740,104509,,
0xb6744f009ca45ea4ec5f3f861c5ad2951734c87dad7300219ce66fdefd3a6b4b,1764499416,1764499419,1740,104509,,
0x8938ef21142363b848cd5dfeff74cb0c8a73dc635fb1e66421542da2cf93d637,1764499416,1764499419,1740,104509,,
0x5cf8f71aafa738356bacf971ca892d0f1a987602d5d35cfc3e5670b1aad126d8,1764499416,1764499419,1740,104509,,
0xd277789b561cd3f4c48b1a2e3a518dd1aadb2b305d8524424855b21008871bbe,1764499416,1764499419,1740,104509,,
0xd0f397b79dc1af2a2201abd4d01c187ffaef4050e9683cbfb0d4f0090a384132,1764499416,1764499419,1740,104509,,
0x6223c17c6b08a94318218073e12ec762a6520ff6a5eb57efba9ef3a308234b01,1764499416,1764499419,1740,104509,,
0x0a15cd1b10dc8fa2d6f6b3e950df225d4c578318084564dc24b5b4c7ae4a8232,1764499416,1764499419,1740,104509,,
0xcc77eb73f004102e3201db0fe300898739ed6a03ef42823d931e792fef8d6435,1764499416,1764499419,1740,104509,,
0x84190bc5d2c354ba5a0c6ecee9b660bbb5956e56aac60e90384955c51a057030,1764499416,1764499419,1740,104509,,
0xcf3955eaf86df991a7509b54a22d212816c71d2f0286fc3d52beb366ae8e134e,1764499416,1764499419,1740,104509,,
0x1dcd0bb657fc3e3f02568c2e150e4e1d52518054cd241515a59f17129410438e,1764499417,1764499421,1741,104509,,
0x4ba2553abdbe238efef742ff1cfb83d15491eb2f5710697134e50a323280df60,1764499417,1764499421,1741,104509,,
0x27369eab77905e6dc1d831843bc99e5df154c4dfbea5022f11668610f11b1440,1764499417,1764499421,1741,104509,,
0xa513322878393cb1dc0ac277754ced9379c584dd4adb62c5a2696d0bb1368ab1,1764499417,1764499421,1741,104509,,
0x3d02f4c764082579f63010a6e8538c80668be7fd34ca8a56e41c420134d124b9,1764499417,1764499421,1741,104509,,
0xd67ff26f45e2b9a4694133e2a643938b28221b3a4a1e51c8003ad4e616f71a64,1764499418,1764499421,1741,104509,,
0x6f1ea49d05dfcd2799f06905b512647001c22afce5af0efc336f308a31e30411,1764499418,1764499421,1741,104509,,
0x08f9dedb0382c5a74e5206a3342e622b9913a91b893f64d078ad553bd652ce58,1764499418,1764499421,1741,104509,,
0x80b6a35286e74a73b89d9b9c1ed20e357e01cf438c37d8d4eed78c1af13a994b,1764499418,1764499421,1741,104509,,
0x4de7ac26305996bd5c2555a0ebffd2c48251690bc5b3247ed37af0e820572487,1764499418,1764499421,1741,104509,,
0x0c98ca516098a3e0fc44d6bbb75530426dddc6a4981c071dff79c3b464bb3e31,1764499418,1764499421,1741,104509,,
0xed3359752e675b15af8179e10ca0413bbc4095122578bf576388ba2d213c76fc,1764499418,1764499421,1741,104509,,
0xbb81e5fd42fdbdbe080876be255a935d9ca1dfdc1beea8f61a5453f7c7717118,1764499418,1764499421,1741,104509,,
0x854f93cfe8532ce24eb7b447fbcdd1b19e0b948bb56d88d0621a9ca7364eadcd,1764499418,1764499421,1741,104509,,
0x716faf6ca5579bebb96cfdec4cb037f0a6e434bb953ef2e13158642d6b2a9214,1764499418,1764499421,1741,104509,,
0x77f48debafcfc33464f1a0f34b7f20625def44257117eb14d1ab42a9fd4235c4,1764499418,1764499421,1741,104509,,
0xa5e49dbc1a68e05851eee7da221f23cee9df3ce481e346308b39b6f2ca922343,1764499418,1764499421,1741,104509,,
0x4dab1193213253356882e5ecef5fe73a7b93cdac36f20cd566e660c148877b73,1764499418,1764499421,1741,104509,,
0xe1ac45506b594969c5318e3cf291f53c973216c463fd1650ddf5efb5d1f24198,1764499418,1764499421,1741,104509,,
0x9dbc38ee1f840fa6e7a05cf8124e95c8c3e74352878530592b3657a3ba47a017,1764499418,1764499421,1741,104509,,
0x5d78af5a623d5badf4f2810c459e9cbebf6a6e1a897aa8306b93d24e8b56a348,1764499418,1764499421,1741,104509,,
0x53222148dc30118806821c62495fc9df25a47ee058ed7a084d0449bdf1c57369,1764499418,1764499421,1741,104509,,
0x89210ab0940f4f789fd7da0c038774ee145dbd25096c6604f853664f41b7c58e,1764499418,1764499421,1741,104509,,
0xb0aae91e18b5340620f933275ddb45c75381f5331c5521a04875729661bf8da5,1764499418,1764499421,1741,104509,,
0x5bf4706090c0ec92719e78bd9bfbfb29872729df2145f75b10cf3ec05a2c6594,1764499418,1764499421,1741,104509,,
0x52ba44c8fb8a6a67e00806c40c0e0eeb79ec1a97626455f425d19857da77e6b4,1764499418,1764499421,1741,104509,,
0x45bc0c710393de94cd1c5648a6d50950923996da6d1b0d58b72cef079b9f8c2c,1764499418,1764499421,1741,104509,,
0x124afe847ce99a14b7f9ce10a276a2021ea790ca840f7915a5218a9018cd2052,1764499418,1764499421,1741,104509,,
0x701fe4359790ea341074f6c326137ca9ff54bd1fb87c606288a3dfe921b90f8c,1764499418,1764499421,1741,104509,,
0x3b31cf493a23b8ba02d9e8c332a564bdf86bd1c786581c020a5823bb0f3b9047,1764499418,1764499421,1741,104509,,
0x86ec5207e02dec5af6634558b700f011d5f5fb78b164d7b7a2bb3ae651efc3bb,1764499418,1764499421,1741,104509,,
0xac463d1570fd101a3195255a27ab5e163134e0655523bf724ef86509358d1835,1764499418,1764499421,1741,104509,,
0xb800f4ca4bf41e18332bc9ee74b359ea0dd4ee0df9f296848d9e60d025ddf1b0,1764499418,1764499421,1741,104509,,
0x5e552501210635d8161116a15c25df02c69e69105edf81ce82cd37da3e43a40d,1764499418,1764499421,1741,104509,,
0x003e12fee6fdf4b911713325f1ae69063526445858ac4990d1e2fc6e27335e38,1764499418,1764499421,1741,104509,,
0x988c2920e3b8fbc59ada82ae73f5e9f364f4c1bd8f127651c4bfa355fefd181c,1764499418,1764499421,1741,104509,,
0xba44b90dc9b2e3f1fbf2e17a78ace3cfa67e8f55aaac47729a3d481a8ae853d0,1764499418,1764499421,1741,104509,,
0x9e9b522f207c3d8bd3989ba153753f36922ca6b7666eb8a3cb4b11a7c3d252fa,1764499418,1764499421,1741,104509,,
0x90bd830c120c0735b815729739cf768964fdbaa6687ecdf4d0eabef3cd3dadc5,1764499418,1764499421,1741,104509,,
0x86d8f3b2ca51b65e5700d9d9c1bf3bc830dfc601af34f399877cd6635c399e7d,1764499418,1764499421,1741,104509,,
0xb1ae32253edf0d6c0b391777ca25111a7228c0fc7b4fdcb2066c3def41875490,1764499419,1764499423,1742,104509,,
0xbce09fb90501b7bdc08bd80efa97c922df69f8b3021f1f6579d93054c371397d,1764499419,1764499423,1742,104509,,
0x4a87602b3cf0b0bb75e55920a40eacbc6bb7395da9d8e6fecdc43488115c9594,1764499419,1764499423,1742,104509,,
0x06c48d5a5179a1363347ed5ac47741b9b54eab2ea72701c495a36f02bb36466f,1764499419,1764499423,1742,104509,,
0x5b42306c37a1fb06bc751e890e568010a28e3b91ec77282761329f13853cc715,1764499420,1764499423,1742,104509,,
0xef37755fe442082e56ee3d1971aeff5bafca15c1bbfe9da17eae909b20a68ef9,1764499420,1764499423,1742,104509,,
0x76b03e382ea2350ff31d1ac080e8f5c5f6260ec8d60cd3f0660a6b4c73df2071,1764499420,1764499423,1742,104509,,
0xc60b73e6a053df7626035e46827d29526febdbf93180e304f119dd68db175906,1764499420,1764499423,1742,104509,,
0x53bf9ca80ddc1c3c695d03fa06b3dc55bf5db25d1bfe7a611e7b83fbb13adade,1764499420,1764499423,1742,104509,,
0x9a809d7987fa2e2bbfd490d226f8ff701bb1bbc064ed2366426722286a3acda8,1764499420,1764499423,1742,104509,,
0x5acf796fc8c7d41150d4a749329e876c85979f62f7fb20aa03752a4e678b306a,1764499420,1764499423,1742,104509,,
0x88d8b8c3d1d77c00905f43cc0b0364e433e26da2ece1df3579095079b78884d4,1764499420,1764499423,1742,104509,,
0x5689b810eac9fb2b061c4f3e604ada27789076b629067995f2a5336ad8fc8ca1,1764499420,1764499423,1742,104509,,
0x0f1dd303c8e0adcdda5cdc425a0748b2785512b88d758d47439a43212860186a,1764499420,1764499423,1742,104509,,
0x5dec1cc532a62b722729619cffda49f86c078db9590b68a6c2ab544904d11483,1764499420,1764499423,1742,104509,,
0xf971f613027af12a605c9917a25fb9b12e6e15de560954a3d59b7e6ec3c42957,1764499420,1764499423,1742,104509,,
0x54cc0674de75eb485b98dd295cbad143d6ef921211a69a1a48a5747b87638bed,1764499420,1764499423,1742,104509,,
0xe519860691a6bf55cd1505dad0fc5afb1fe00f6bac55a3fd0aa5a39e09679769,1764499420,1764499423,1742,104509,,
0x1d30ecc066f1d6be16a83d1d1094f3d93cc99e69f6479f501959589d8f292f5a,1764499420,1764499423,1742,104509,,
0xa845dd289f18d0b455c6292f528fd5b51b1e38f0f9ece2b1de9daee468c20d23,1764499420,1764499423,1742,104509,,
0x141ec20d53358939616d645795a07fccbc3809d1a42bb01b5b56ae56755712c4,1764499420,1764499423,1742,104509,,
0x5c9987dbdf957b4cac0c1c9199df62a90c6675573aefb6e71e9e9057a35d1ffb,1764499420,1764499423,1742,104509,,
0x631e6021d9e0d454fb6c786a39f372b97250b5ac2af6b941d88db00dac1e5a54,1764499420,1764499423,1742,104509,,
0x3a976bfbb58a725198635660c6f77d4166673a23fe010b54458fe783165beda9,1764499420,1764499423,1742,104509,,
0x5cebd94468fe7c0430a1187b18c96ea18fa86bc5e9b152d30634d315faf81e04,1764499420,1764499423,1742,104509,,
0x7231875843b485e7f275cf2cfe5f7b0d60ad6149268b8961bc57e562949987b4,1764499420,1764499423,1742,104509,,
0xc0ba2cab32bf1e43c0837edb06f93ba9831c54771e06064f9fbf4d9428fb75b0,1764499420,1764499423,1742,104509,,
0xc7531a73ed3ce9bd87a9709d7b1c3087f7ad0f26fda17ca9264eea8b58d7ddc1,1764499420,1764499423,1742,104509,,
0x47a5e3dca595962b33915b20ec1a929b76a447873ec0033edc48fe0745eef803,1764499420,1764499423,1742,104509,,
0xa8c4da5f7ec403c10b4975e3d33e0c1257b39f313a3c34f37d56f36a6ec29f6f,1764499420,1764499423,1742,104509,,
0x6adecec2b521e81f712ab861f667da38a0ff1277cf982ee8a5643f8bbd006466,1764499420,1764499423,1742,104509,,
0xfc27bad5b75b829b38959e538d180091aa8983e4cc37a970c64a867b9be244be,1764499420,1764499423,1742,104509,,
0xa66e3f17d152e57fcd60452c652fcd1e52bad474df954b6bb63531f9daa188d4,1764499420,1764499423,1742,104509,,
0x107b347c4c1458f07e148169081749bdfeecf2341e80584004906071596bb84e,1764499420,1764499423,1742,104509,,
0xdf76a2e45e7ef5f5fcf6517c4674698396ccaccc5e1b059c9739c2aaec1884fc,1764499420,1764499423,1742,104509,,
0xc235fd07b43078525c8ba9964f818edbed478d6e86e767a2280b31afc0b2beac,1764499420,1764499423,1742,104509,,
0xc20478c8d9c1ae52eaf63dee04e95eca6e9da8d913662a1758e78cb51c1e10df,1764499420,1764499423,1742,104509,,
0xbb1b46165cd1b47ca63b457126ecf0551073a93e223f5b58b9fa85681e5f8f2e,1764499420,1764499423,1742,104509,,
0x2c4cec71bc5912c38bb0dbe015a431856333d08fdb6a20d8fa4d0e87f0a7c246,1764499420,1764499423,1742,104509,,
0xb922e1b14755d71b8b674dfb1a12f2d0074548b1ca0ef39f9d8e6b44a9940034,1764499420,1764499423,1742,104509,,
0x23eabe5c94dbe4c65c0cee4b52a7a6513f8da4de3bcc3d11d1e8822a56b9eaff,1764499421,1764499425,1743,104509,,
0x648f98d9d97986ee41553bc9477e8f7595406df5368f4bd9f9ea5b4d199973ae,1764499421,1764499425,1743,104509,,
0x941cea1a7dc34a336e048b56809fdd3a17b68c9d51292bd4c4eb296a258be760,1764499421,1764499425,1743,104509,,
0x95d54e7f96289a1738453e5973ef7b32dddee5df8fba6cb401cd7306ce7db7c8,1764499422,1764499425,1743,104509,,
0x110f6cecd690a6bcee1f3391f6cc85d0c8d9116d0c4826e24d4d81c016dc07f4,1764499422,1764499425,1743,104509,,
0x4ada3e488fd9b7c5c03f2529d2fb081db03948d47eb6eda11af73e34600a40f4,1764499422,1764499425,1743,104509,,
0x8c4a18abb2669ef7e9929eea9ee55657da5e53028288bb00ff9f453577f767cc,1764499422,1764499425,1743,104509,,
0x67154ca340f149042eb48b46c51ccf5c82f1180c55c4681bc949c534d3de009a,1764499422,1764499425,1743,104509,,
0xf711e57dfa7ce89c5ecf99468584a088bd232392aa475dbd45843339be094208,1764499422,1764499425,1743,104509,,
0x4f9b12ca01105b2e3bb5a2c743f1e8a68670c909487743612ad65cf9ef14d8d6,1764499422,1764499425,1743,104509,,
0x69695a572f760d76e2bf2ba3cbb4c06ee250dd8e41a4083adf72987655e86640,1764499422,1764499425,1743,104509,,
0xec15023512fab330f77fdc57f76ea58441ac75b55d87ba105afb31b068b754db,1764499422,1764499425,1743,104509,,
0x4600c3af314b3c350e4b81350f17519b28cf76e29a3ecf5ed163c5cfd76b179e,1764499422,1764499425,1743,104509,,
0x3bb5b0d566d51e72d4c8a8c90cf3389b9f25deba4b50e5defe400b34737f5afb,1764499422,1764499425,1743,104509,,
0x73568be6755d58448bf6472b009da1811133ba46dfeac85a1dfa25887556d9b9,1764499422,1764499425,1743,104509,,
0xa5d578b0fed4068991bb69502728d502cfeab67944e6ba59043bbe4026c46e70,1764499422,1764499425,1743,104509,,
0xee5ce0f3fe6c44abef9a499bfb23555d8db80d003d79e9b8a9c444545d87efa2,1764499422,1764499425,1743,104509,,
0x26b9309f2e19cebf81a509a7cfe9f886797009ec50ec4db0ca64723b0d5ce6f6,1764499422,1764499425,1743,104509,,
0x4abc5b1cb4b529e27b5d29bb0766417cc2d96f5e1872f95e3693a8c29ace0dff,1764499422,1764499425,1743,104509,,
0xd60133d195a763f0698bd710e370e4e06e277a534cc06613452ce21fd7d9c888,1764499422,1764499425,1743,104509,,
0x694ef880c58bd773f437f32c6e47f00bbda836dbe34e4271533b7a24447a21f0,1764499422,1764499425,1743,104509,,
0x195af669fff2dec8b58daf049ab149f3563fd956829e350a28bfb99f8a20f9af,1764499422,1764499425,1743,104509,,
0x6e7847691899c69869df0c57f9408dc563500224087d6e50414e23fb0f296a82,1764499422,1764499425,1743,104509,,
0x1f14cf309ee700d429e9da9eb50339c6fd23145f59f13c5b98ebf56c820dedf2,1764499422,1764499425,1743,104509,,
0xb16cb1129fa33f64c50e96e0db3e4efef42a7c131ac7560c14222bd5ebc04ffa,1764499422,1764499425,1743,104509,,
0x6fa33f12d5818510943cf2c0e87072f63db4915b1fdf950d47f4dfe864ce5419,1764499422,1764499425,1743,104509,,
0x80758b9e6a638ee1b9eaad5c3d0f339163bb6001a6abe8cf99fc0672061188cf,1764499422,1764499425,1743,104509,,
0x91e0e7ae6f9cfdc6f5334b539a98a422ee664c23c251d8dd2320644bcf692f1b,1764499422,1764499425,1743,104509,,
0xe951b76e8b3961af30a0839f6a40ea802d271dea2db35c2683924450b1faea01,1764499422,1764499425,1743,104509,,
0x4d5d97a4b68ed5d3715725bf92f4d80a7393815ef190fc96ea3fb3abe360c472,1764499422,1764499425,1743,104509,,
0x8ca3cec899ea1418a99f6f11ddff056258a47d09ac06ab466d5cb3215eaad1b5,1764499422,1764499425,1743,104509,,
0x647c6444cfc12e04a1ce01b615202d5a844665ffdfc1c350d13a29ffc89441ac,1764499422,1764499425,1743,104509,,
0xebe336e38b64c0aa872f849ef97a60d5ae18f2fe22eba5967814b19e2baa5ae4,1764499422,1764499425,1743,104509,,
0x2216389164e43982cf7e997426401da8cdef56c7354cf325848211f1062e5ade,1764499422,1764499425,1743,104509,,
0x518b4590f70d16a18d2fcb6731e09dd88f68882a12f5a11248dde890168f5fd0,1764499422,1764499425,1743,104509,,
0x30ad3dc79a87a37cd4d502eab4bedeace2e44f8df09878f923f5b60c32a666a9,1764499422,1764499425,1743,104509,,
0xc53657e76edc146c04057021a8c9b5025fd7b605fbf8cd7f01de2b66350b3ace,1764499422,1764499425,1743,104509,,
0x6fed4b843444012fc73607027259bcfe23969cd00820d68bf97a85bfd1137a27,1764499422,1764499425,1743,104509,,
0x1c89c9f6be03a30a5d018b7b12f2e9901974aedd33e19c92599547f53b1ec4ce,1764499422,1764499425,1743,104509,,
0x96c2a91d821bd3da4613f026a9ccd747aa5a1d34901b5c41148195006170f850,1764499422,1764499425,1743,104509,,
0xb79921a8307f66f7a4e75c6de5fbe2ea74b5d34c6c4e08178c919a916abaa797,1764499423,1764499427,1744,104509,,
0xc9c32dc4db9bbab66d0664d18b37c0c22e69ca56fd46cbd86d3baabbd789a186,1764499423,1764499427,1744,104509,,
0x2373376102ca482b9882ab76de6f6dde3f5fe3cc7e1cb2c05349a8e0b3550e5e,1764499423,1764499427,1744,104509,,
0x21f693ba28505f29efdcef2a263fdff9c63073701975e325d86403f4bd5c5532,1764499424,1764499427,1744,104509,,
0x63af719f68928659620a033ca9f46c70a824751ac8c7e5b39f56c97d542c55b7,1764499424,1764499427,1744,104509,,
0xa01613d5310339fc7dbfbf43a1104d9b03f7b7a388f5e9168fd0892383e80330,1764499424,1764499427,1744,104509,,
0xba7efe654a9585d0a28a1e4d17c32903c1f3710fd977ffa716633bf507ad484f,1764499424,1764499427,1744,104509,,
0x36851a9222c1b6527b76ed2d07f5a61e2d077a87fa3b7337e9b054b89ec97448,1764499424,1764499427,1744,104509,,
0xd4039cbd67e1230539e187be2948d9e92943a5453abcdbec8bada929828fad81,1764499424,1764499427,1744,104509,,
0xa1d31d6d80b9af35f40e229d24bf9e9749e70e0bb55ae7b9bdc646d4739b9082,1764499424,1764499427,1744,104509,,
0x0b81207f9e7aff1e49444039fb651482e9ed529e52e7cbe8ef17901ec4bdd4b6,1764499424,1764499427,1744,104509,,
0xb8d5fdf9423b1162a6b57764d8854be33cc036d108041edc0cea3a6dc3046fdc,1764499424,1764499427,1744,104509,,
0xd474451644b71d1831d8d39e1fd7e8bda4c1ffb7ed75f55ffc2a184e510ab07c,1764499424,1764499427,1744,104509,,
0xfdcf14822175dc6750f2ddc506ecbb556dd738626550993498604558a3d83a46,1764499424,1764499427,1744,104509,,
0xff4b943519bfaf1172321c7d6cdb88e07038246a73a7401fe0381bcb90620b03,1764499424,1764499427,1744,104509,,
0x9acc1907ab587dcb1cf989a4d4da834892445e0c5cfb5afbd8552ed6ff95d451,1764499424,1764499427,1744,104509,,
0x72d8feb4c239a784e6042b09c0a74c35304582291fd778c06bd6f369965fd9ca,1764499424,1764499427,1744,104509,,
0x3da24195653c5135931e5157dfffb3e25deca367338a0ba201c03cfee8da7f39,1764499424,1764499427,1744,104509,,
0xbf7f4a279e26eec6604deaac354d36d39d99eab0ab42f0264ff0254ba5172a99,1764499424,1764499427,1744,104509,,
0x837c676a105c3edfb90d0a039ce335ca663a5981bcab2acb505ac3c7006cb065,1764499424,1764499427,1744,104509,,
0xb91e46586712c789b412426617659786e8b046e3bddc5d4387061c76e2133c8a,1764499424,1764499427,1744,104509,,
0x4600355d09c4db66ab60ea7a2efac4c9a06e095dde02299bdf108248dc7bfabf,1764499424,1764499427,1744,104509,,
0x9913e4b64fc0d154f314e54d154c2c89d7cceef763566a31ee111a122f5ccac8,1764499424,1764499427,1744,104509,,
0x9535afdd7debaf0866449c83388057d14251325743b228398935884367bbb364,1764499424,1764499427,1744,104509,,
0x30973e79306bb01e06785f62c704268c3973cab788e39376add42292885540b0,1764499424,1764499427,1744,104509,,
0xb0d6c7c8b9360823b339bebbc6986023466cfe3cab66309080dadd70cfa1a318,1764499424,1764499427,1744,104509,,
0xfd2e972c635bd60231fbe6161f57ad868799b1fa2e627825fdecc0271c80409b,1764499424,1764499427,1744,104509,,
0x9135758794fa62b9b7ea9f5be4dd35792e251aeb4c25566954a20b9dfc8dbfd3,1764499424,1764499427,1744,104509,,
0x30ca5c9b30d3a5931f7d21a23da01b8658ce3e7cf2c6f6ad34d16c5c62195dec,1764499424,1764499427,1744,104509,,
0xd2186a37369d9b3ad83b6f7261114ccb973bd3103407437329694bdee133d0e5,1764499424,1764499427,1744,104509,,
0xd2361288736e698929417edb45ccaf99ae152a60603bbce5f066baf8bbe0c6bb,1764499424,1764499427,1744,104509,,
0x8be53c85580205d05607140095669228f11cd29947c773e365825d28b5fc1417,1764499424,1764499427,1744,104509,,
0x5900c0fba5f0f2b2e9313156dafc88069133928a767a1a4b3a86c750dc828ae8,1764499424,1764499427,1744,104509,,
0x151cbb6ea5ab6b2f0f202025e40bac44ddda08a130ed119568c9e7ab4982d967,1764499424,1764499427,1744,104509,,
0xfb20ea001c0225b3c7ae0f7cf0a58c4bb85ddc4718efa2a46d3ce8213c211e67,1764499424,1764499427,1744,104509,,
0x1958de6898f82d9101f75b8a9cb97909c2fa794d879e3676efc7dd2f69248fcb,1764499424,1764499427,1744,104509,,
0x3e8d9ece344bc3ceab4f498ca735e28d9817cffc8174e6d07303f14469a1bae9,1764499424,1764499427,1744,104509,,
0x1614ee4f4b449a1a9aefd1b43c7e215b2c08c7b8c50508068d43cd27c39a06ab,1764499424,1764499427,1744,104509,,
0x1610770a08d935564cbb5b811221c9ea46b1856fb7fed63831694800cf31717a,1764499424,1764499427,1744,104509,,
0xd9b99111d9bf42be04ac98359af79af837eb36516ff3b53d03d5b2583d4d054f,1764499424,1764499427,1744,104509,,
0xaaa037f4b06be71c87dc4c374fa7ef97ea5999dbb346072d7bd8ec8368a610f5,1764499425,1764499429,1745,104509,,
0xc41abb4611be8188e71a594c3f73393cce2d1940a84f4fc9f5ea9a72c7a76637,1764499425,1764499429,1745,104509,,
0x3dfb1e5139bf3079cf81302e8b9a99f860253c35e4cdfececc7fe1103e9bd301,1764499426,1764499429,1745,104509,,
0xf0a4bbf502fb949d998852715c127a14c70f1a01e44b36bf8066a57c5bda9b71,1764499426,1764499429,1745,104509,,
0x9c0d8617d24515f146f39c217fe4c302943301076b54b6b3f0f28a2e8a813632,1764499426,1764499429,1745,104509,,
0x8093861bebe1227b984d6b1778867eca33c714f864a24a15fa53691af1b2edc4,1764499426,1764499429,1745,104509,,
0x8f3e6e3711ff5eafa98903328768f9e50845fa7316f60158deff11e234be2c3d,1764499426,1764499429,1745,104509,,
0x86e8e9809a977838c4db66994b2fea8eb442f6214337b41548d104000daf63a0,1764499426,1764499429,1745,104509,,
0x98c09102b02ee12f84a7f9c8e485d33e930350d284969f05ff807af2024c6735,1764499426,1764499429,1745,104509,,
0xe4d60869db2e7fd04aabf7906b645bf7b1084b27116ba34a83a8a859e30c670a,1764499426,1764499429,1745,104509,,
0x60b65b00ee7eabce9b963754247d996329ebcf7471be2b39b48b4db43f998c31,1764499426,1764499429,1745,104509,,
0x0dce555c6eae0992b1e16f948dc3f9365273ec9a1c49b10a9374e996bc69d75f,1764499426,1764499429,1745,104509,,
0x80b7601906f7de4db8a6af77d120a831f23004ca3037eeb0a98c7ccbc22b9f1c,1764499426,1764499429,1745,104509,,
0xae3516872cc9ed17a3c57a5c9cbe3885eb434d53d9d47b1f643d65fcea9da2e2,1764499426,1764499429,1745,104509,,
0x18b362f9e2a593c13033ca85eeea442fb3dc89b1ed69306acac65286caa43c1b,1764499426,1764499429,1745,104509,,
0x230fffdf4c57f63531962844d6c5db7150618e0ce051af7b69d5f0472cf49201,1764499426,1764499429,1745,104509,,
0x3745f4c140ccfeb697f4d771eb4c2e1382e379682337ebca53e15a4c00284747,1764499426,1764499429,1745,104509,,
0xc579fc6652aeac43962f648fbeb2f1d41214fcfb2fb4ab6ab3311409fa1511f9,1764499426,1764499429,1745,104509,,
0xa6ff26bedacbae7bcc69f490897e6931e52edf918b5c267d6b7369fff5512809,1764499426,1764499429,1745,104509,,
0x847389a65e198553f4cdfab1e6f9f9f3886cc4bb39c6ec917d86c1ce3b0caa00,1764499426,1764499429,1745,104509,,
0x1aea8caecc9c32b306429cb235c80c9344a9619a4d756c4cb4e03468d3ea99e8,1764499426,1764499429,1745,104509,,
0xc220b422c15c6e6006aecaa4655400e8de8695956435861ab6ea50bff4fe9a53,1764499426,1764499429,1745,104509,,
0x63d71300cc02d16618667a6734a0e88a3a7bf9f29a7b4c4332b141358d0e0e5b,1764499426,1764499429,1745,104509,,
0x3b5a0b02d637b6b9fbd2fa25fef2d1f40375e7c4b6447056652a2a525a52c07c,1764499426,1764499429,1745,104509,,
0xb6e53abdbf7fcfb1ee40778e11512c052c0809e0674e6a8ed472eed1dc74f2ff,1764499426,1764499429,1745,104509,,
0x5da143037346488a1ba7e996403544c992e1526dd056e638c820ee2e38f538a3,1764499426,1764499429,1745,104509,,
0x58dc4a893798f3033657444ef973697f4a6f6123aa71800c29f590335aa99c32,1764499426,1764499429,1745,104509,,
0x83a0984750e64bf6adfc73b89f40539cdd69c38b67bcd1a58d7253cfe2b2b2d4,1764499426,1764499429,1745,104509,,
0x6f73f93744adda4409517a1489f152fc233a1546bab578952bc9e1102a90731a,1764499426,1764499429,1745,104509,,
0xa065d63fe4495b7303516966ec3f532b30cf300ed26dbc123c6f62e360b8eab8,1764499426,1764499429,1745,104509,,
0x60a0fe1978ed690640cfc2c248d1d349873391dcbe8b5b91a8aa799f9775089d,1764499426,1764499429,1745,104509,,
0xe1f157577525f3fa056fcde35366210f7a452c33871e9f490e158e12256784b1,1764499426,1764499429,1745,104509,,
0x372c0b02d372eca1a5debe9c5966d3bf543087a2d749a035ab0fcfd58c1af19a,1764499426,1764499429,1745,104509,,
0xec4bf2fc4b780789db14e9302c046bca28ee8682eaef10b3a479698ba2ed54e5,1764499426,1764499429,1745,104509,,
0xf1d30180b3b0e64ace1bc9693b06414eba92b0710792b7a0858a30a2690c4e05,1764499426,1764499429,1745,104509,,
0x14dc89da8ec3fd8710f89da3b5ecfb28c05e8729a0aef12d5421251a5dc7d875,1764499426,1764499429,1745,104509,,
0xa0d8a82bdb4d7c0d9ab7f66d07765326ed860a585d7ae3be6e7df90e2ca3170b,1764499426,1764499429,1745,104509,,
0x809d360add71d462004727a0aa0bd01d52cee5e7e6566c2244b84e807e85c364,1764499426,1764499429,1745,104509,,
0x3d7491df25a7e6fa413eba82852d589fb5934a984492a3d6c62a5748b01a7bca,1764499426,1764499429,1745,104509,,
0x430125a83ebeedc66c343e8e3b07c77624d32a71a2fcb7f0cca6769711cd6cfe,1764499426,1764499429,1745,104509,,
0xf4dc8e8c1a39c8791652262473c5f67e5e9f1431f188905b72ae07beb558d153,1764499427,1764499431,1746,104509,,
0xf7c7823350659dde667f643d368bf61994e99ca0b82711fae629dc91b7ac8c70,1764499427,1764499431,1746,104509,,
0xb3806721b777234656e3d2edb39bc10be56ff69516b6ce3254c65120779f6641,1764499428,1764499431,1746,104509,,
0x8a99fc36da9f3e8c3a4c705ae3bbf456cea6ad4c606237fb27617260e353b411,1764499428,1764499431,1746,104509,,
0xa282f322d46d9591b24e6a45a28d860bdb598c6c351fcec87a45608dd6578f98,1764499428,1764499431,1746,104509,,
0xa40ba6cbad306c3e46099939027ac56a42b2cd42657510f070d86cc56fbb4535,1764499428,1764499431,1746,104509,,
0x7cf3c37f46a94458e76d89f1aa2b6bae3bf9ac13e87cad7b081fe41e01315850,1764499428,1764499431,1746,104509,,
0xf815291facef5145d762e97e6223e8c0edbda57fa0fba467dae30506564143fd,1764499428,1764499431,1746,104509,,
0x932445c45b070b4d1c438f39b9ec197d40b461961872e3ae7f436443ea5816ed,1764499428,1764499431,1746,104509,,
0x4743b27b6ae160a5661d2c2ac1b9508e53210aeeafe533bb7df522db794ae708,1764499428,1764499431,1746,104509,,
0x8e7964c7345c32c2d33cf7f091f05050187ebaf4e0d8a8055ebe16a1bde4f3d9,1764499428,1764499431,1746,104509,,
0x30528cf98cd4517c81d9a9d1b700ef04c83f4dcdd13f211d04d578bd5a21ddef,1764499428,1764499431,1746,104509,,
0xfd179af7cf38b465972d5ca19c2cb529955b945f54f8c887547ff24620e91a99,1764499428,1764499431,1746,104509,,
0x872e8d2ec54496bbf8c0a35af28354603f568909d292b0d1710ff2d2386a37ca,1764499428,1764499431,1746,104509,,
0x6bb7df18b4a88182d73e40e759e60545516ca82e602f45ed58310ea5a72e4cad,1764499428,1764499431,1746,104509,,
0xe392b78c7c6f317c94dc4e493845c9ef6a3eaece701c977a1c02125996f6e2fd,1764499428,1764499431,1746,104509,,
0xe2bd50734d12bde25b956579bc1e0acd1c1c371e061e7b50552111b7468773ea,1764499428,1764499431,1746,104509,,
0xfa164b11bc0f6289aa2c64193315a4aa72f6b4f7b3b72d4cf1fe98b444c9bd24,1764499428,1764499431,1746,104509,,
0xd6a441625100d47ddfb6e04806284df44faf071336e416dd48136bb64deb43ee,1764499428,1764499431,1746,104509,,
0x6aa0999886743f36c476522e407b756a1dd1f82cf03247fded1c13ef025eae06,1764499428,1764499431,1746,104509,,
0xd23e341c997ece192f11faa46ca367d4d16dce31700c91851e94a8c5420461ca,1764499428,1764499431,1746,104509,,
0x867be0dda3a7c165b86567c5fbef451d4194cf4d9c36e362f5bb2626b69e0ea5,1764499428,1764499431,1746,104509,,
0xda068c5428c341b24cfcf84901f9faceb2b3eeaa2ecd8c5cfc1f0aab89c342bd,1764499428,1764499431,1746,104509,,
0x0e24a1b69b4826cb8c03ab65e781d4cbb071871cb9856ffc6da1fb0d270cc110,1764499428,1764499431,1746,104509,,
0x2e950991b875535042fa7dc2e637dfe4d4338287095f7c87c6e32ed2d03dbc84,1764499428,1764499431,1746,104509,,
0xcd24cb5b5462f73791d04ee05c94a6572b84d4cba455ad704774150d22646d72,1764499428,1764499431,1746,104509,,
0x43912f2b48fd1b697d3ad05956509592b7b14140049ade420c66ca049c8bd35f,1764499428,1764499431,1746,104509,,
0x9b90997465c50979f8758ecaaa20664087bafe1334658f1e6d53f5ef42481def,1764499428,1764499431,1746,104509,,
0x5f6db69c4cd6fa8c6bb2b35706ea5bb642b8bf24c989f1686e63df059d26f71e,1764499428,1764499431,1746,104509,,
0x002374a1b206af86fedd4b6f94c0394c0d0842a45d86b52987a39568568b1591,1764499428,1764499431,1746,104509,,
0x2e78bd09441884911720c4d96ba456462afa7a38625768ef0f908219c6caa39b,1764499428,1764499431,1746,104509,,
0x6f67411483c2ae9333c506b5d8ca8de30a6ef1c1add1f8aee7866870f1715b21,1764499428,1764499431,1746,104509,,
0xc9686773cdfc8715af1cbeb24c8818cd7653879d5aaabf701282cf4a194c13a7,1764499428,1764499431,1746,104509,,
0x13749ac1a77c0d7c139c2befbde324200610955f30f5132873eecb24806ad0c1,1764499428,1764499431,1746,104509,,
0x2f666beb75e52d532d7e396bdd9d8dd49dda8b33f81775851ff6c28ab5e257e6,1764499428,1764499431,1746,104509,,
0xe347d06e04af0c56823b7d2464e54d59eac7eb4f7b8baee849617e37e9cd7db1,1764499428,1764499431,1746,104509,,
0xda31ea6332cfb4f86847de9d28e695b41b5e8b61195b2e520ae54b55a73db9ff,1764499428,1764499431,1746,104509,,
0xb23b02dda662831de5b2af88056b7d8b582f6bc8216454f1cdeba2ffb19364d2,1764499428,1764499431,1746,104509,,
0x2fe9d9048e9c9c3e092fe80f091033419a8df1111d23d301ba76e403cd3bf6b0,1764499428,1764499431,1746,104509,,
0x43894a285f42f5bb50f3ad93ae3eae55e7838402cf53af3bcfa958c4c14fef0f,1764499428,1764499431,1746,104509,,
0xf2e71eacbf1d675dbdd92e79a6b46734a89dff10831d823f46913c3cfe3928c6,1764499429,1764499433,1747,104509,,
0x275c566bfc987e610fcde50c8c38fbd92401f72deee3859041c5a7152dca7160,1764499430,1764499433,1747,104509,,
0x6e03e7f4bf28cd67a7b03c8a9df093851341181972847766eab6b6e98ddab263,1764499430,1764499433,1747,104509,,
0x2effbffe9493f4db9fb9b56d40b06c80210ca0d77a3ad04cbe9871fad2cead88,1764499430,1764499433,1747,104509,,
0x3c08a15c6742574557e8b5d6bb16397518ed229b5042462fd17308c4a11e8a14,1764499430,1764499433,1747,104509,,
0x59764be883e293e46426c573320fa03dc4fa793f459a81940e31fcee1732e347,1764499430,1764499433,1747,104509,,
0xdfab72536950acea30830ac288d49b685dfd3d6018fff04783126b34abe0f3b3,1764499430,1764499433,1747,104509,,
0x1c70ce7ad8e3bed82ac5a5a46db52b5bf1c620f95d330f131e8341fda65806d5,1764499430,1764499433,1747,104509,,
0xe1ef1d6e62ec7a04369650eb584f4842e0ff4c4490b9c5d420c147b3687f7014,1764499430,1764499433,1747,104509,,
0xd869b9964385b98efa6b8d35117fecb0569d77e430e42fccc455d8db76251c4d,1764499430,1764499433,1747,104509,,
0x8f7931458b26b71aa58a96ac6d999c353d48cec93b5a7849816cd3cd12f05cb3,1764499430,1764499433,1747,104509,,
0x9bff6a84196ae65b7df3545cc0f08d21556cf6d9e00a07e881a40e1d22263221,1764499430,1764499433,1747,104509,,
0x2f80b59cc78d0666bf9193138e41d7525f1cdff55d2f11200a0180f4e72f8541,1764499430,1764499433,1747,104509,,
0xede83067b4a898f3f43ccf8b6f759e353592dd365ec9eac40dbe9a73ad617680,1764499430,1764499433,1747,104509,,
0xab4fc36e74983c15254b41657b864b601316034d28102abc5f044bafc197cf57,1764499430,1764499433,1747,104509,,
0x9b944cf3f2af12fdc37783588810c95c0476c8ef41e512b7a2634bed2838e9b2,1764499430,1764499433,1747,104509,,
0xbe188a127b72ea6f16b4ba15b6cfc1fa9e95fb422b85b5c6ef54036b156240c9,1764499430,1764499433,1747,104509,,
0x2cd8e0dea54a32e2f3b619a86ee2a2e6b5282af17150aa0c458a058999e1541b,1764499430,1764499433,1747,104509,,
0x965207df71abb7e8e316a28f0abc88640cc2a63c4dfb5568c522d5080f21eb68,1764499430,1764499433,1747,104509,,
0x4454c393880ae2a5fe4546d3b7ade0d9f273decb411f447a4a42509737e983a9,1764499430,1764499433,1747,104509,,
0xdabd97153d436c6ce5f28922a553c2be603bd4f717b525912d5f44f68f622498,1764499430,1764499433,1747,104509,,
0x5b514d79b7951b3a0958c1f46f8f0b0ba3d334ef575e812a341b13c93431ef83,1764499430,1764499433,1747,104509,,
0x0f279081d7a6d64d0dd52ff5021176b4bc18da8dd19eadef89e7de13ef7cdada,1764499430,1764499433,1747,104509,,
0x27504a3c08e09251a1530b9b54fd18febb777ba4c0c52c6d4b82c6f45c995a90,1764499430,1764499433,1747,104509,,
0x892bdfaad8fa17fdd0bded973348eaf3d144ba8e5bab43bfaaa1af6f8042c109,1764499430,1764499433,1747,104509,,
0x605d43b5985658ad604dd7e375ff5f991894e2aaa8d1365786a03042664311c6,1764499430,1764499433,1747,104509,,
0x41dd29f9ad948eb4123acfc423c07c0260f0a6d44fb5ae6ae4578fb4ab2ef309,1764499430,1764499433,1747,104509,,
0xe4db85230a1f22bc82978949519e6eb8adc7426958024e412876ccc8a1eb6270,1764499430,1764499433,1747,104509,,
0x03bb4583ed0e72051962d9d5ba0d4442b42cd66921d7a065b07cca939e5f555c,1764499430,1764499433,1747,104509,,
0x72b05cdfd4e9826e933e377b1fd0d6dbf0a19b5bb1f1bf8e5d4573fd15c42f54,1764499430,1764499433,1747,104509,,
0xbe80368132bbbeec9eabe1434fecc48edf30c4fe649093038b633ae6253b915a,1764499430,1764499433,1747,104509,,
0x72f596cef53c3becef16bce16a4a86129f456a29fb93f93a6cd92f9316185ea8,1764499430,1764499433,1747,104509,,
0xbe938dae551cd4be7a9349166e42f326c6e7685ad77b8a813e9106a17056f5c7,1764499430,1764499433,1747,104509,,
0xda4062583bde2b15709dc9e4d7d29342cc55c1b78589d07f79e434786aca35e3,1764499430,1764499433,1747,104509,,
0x39b60ca88d77d983766b6e8f8fac40ab6fcf018ae2602889475387648a42cab2,1764499430,1764499433,1747,104509,,
0xe161ea6f1f4b851c42423bf4cb17c432673a5264cc878fe97ec3b09e6b6ac812,1764499430,1764499433,1747,104509,,
0x921ad18cfcb68a68124ea2fd21e850e6b4fa786b8c7166e35c7b27680a12c1ad,1764499430,1764499433,1747,104509,,
0x09fd52e07a18039685426abb54de5e76b3fafdeb35a126ac7c642a3760d69c81,1764499430,1764499433,1747,104509,,
0x6b98a5c7380d65c587797a4dadfc248b295020c70124790d7d6e4e75a2c67d22,1764499430,1764499433,1747,104509,,
0x707820f9bfd212d8d9dbe114217cf2b9ef2bb19661d46711530e11fe7aad70bd,1764499430,1764499433,1747,104509,,
0xc286a1b1f76ebe0b971b94e52ed054a620919cea5c4cbe2e375ba06a4bc1d124,1764499431,1764499435,1748,104509,,
0x1b3498761cb224c9cf1f40de98c23d57c37f52609d52dc18a9cf1e89a7c05d99,1764499432,1764499435,1748,104509,,
0x9214eccc910894b7698ce790144a86d125cee816a1a10a0bff6c84027c00a01c,1764499432,1764499435,1748,104509,,
0xd81e63b7770e72e4d77b84a802f4e330240e182cb0fa1025f278866a8571cfed,1764499432,1764499435,1748,104509,,
0x9c923c50d86ccfaf556b0f0e0bd0b3fe72e54360950086fbf24b0c71706945c7,1764499432,1764499435,1748,104509,,
0x36560708f89d4ad2afb67ae0564905f50aa4bfe9b58a9ee8c6fcd27030207fc7,1764499432,1764499435,1748,104509,,
0x13db40eabfc1a8cd6975d473a48b77c64e05f3cd083b1d3db420a449a2875b2f,1764499432,1764499435,1748,104509,,
0x4798ccba54afde3e71a005d8583b3dc53742cde37706215468cb15b6762c095f,1764499432,1764499435,1748,104509,,
0x846525cabd2a174d3ea58475c28dea5ab6ebc5971071960ba5fb5742784f3cf2,1764499432,1764499435,1748,104509,,
0x5a5fbc68697e7a47b85948e5e2887aa532f076a6239a6ca6c168010e0f47ab1a,1764499432,1764499435,1748,104509,,
0xabcf3d9ac79aa19da785cc5329b448228b9fae495d26d35d663d655355b32a08,1764499432,1764499435,1748,104509,,
0xb1796b97981718c3606b18e7354bc61d8f3ecd36667d32591413cb3ec16bf2ce,1764499432,1764499435,1748,104509,,
0xbb8c85cfa5a1c39319a86541fa84aaa28d8c9bb6054a20e15365882ba48ca887,1764499432,1764499435,1748,104509,,
0xa6b4f1d84688c8f6127c718b035de9d6356c79b36919f3a92ed800162867254b,1764499432,1764499435,1748,104509,,
0x63cd2015264484fd7aa20ccf9e5decad8ca021d9b7ea49b6f4fec671f5be8670,1764499432,1764499435,1748,104509,,
0x9b2b340917d6ff950ad2e38320835d06675c283956fd556035e034ef95663e5d,1764499432,1764499435,1748,104509,,
0xfbfb49d76b04e280475783481ace277c930977fbfa6680e051b8ee9d663a47c0,1764499432,1764499435,1748,104509,,
0xee2e76fe80a50f114ce6c7e7273a4dba3efc2f88185dcd9b8f381c2963571c7d,1764499432,1764499435,1748,104509,,
0x0338f047730b5ce10db3b1d308ad2c40b70cb7f48de0ec7c3bfc31c658fdc03e,1764499432,1764499435,1748,104509,,
0xc1bda005b1f27dd29a04f41a99b05a75f67e4dd81be2f9059bbbb9bf844a5095,1764499432,1764499435,1748,104509,,
0x472da3b3270826942ceeeabe2cb41fa33a440fba8c5dd271a802416df1ad6084,1764499432,1764499435,1748,104509,,
0x23b2df5c597798da22b81c9e25f4793fef67e2027e6f6672473f6a61fba72e32,1764499432,1764499435,1748,104509,,
0x5cac47b5062e858141707ed9e597d774811221da057b42640e274a418160b957,1764499432,1764499435,1748,104509,,
0x2be1aa8aa2c1a83ab114fa64cfa60ef53d29c0a4182be566c200f547c0355dfd,1764499432,1764499435,1748,104509,,
0x94eefb872b135142789656e14244a89eea614399d65a82169c67d7cad9dcfd09,1764499432,1764499435,1748,104509,,
0x4bd999f857369dcf2fe4c6aa42e32a6ff70c8dd579bd98908eb146afc38b1c12,1764499432,1764499435,1748,104509,,
0xde394990f9f61c6625af94b2f06ef54390541a174720bbd1720d7337bf24074d,1764499432,1764499435,1748,104509,,
0x90bf4e149bf39a537e678abd7b8379866226415c43a71943e8de655832d0685c,1764499432,1764499435,1748,104509,,
0xf7d4e52e7057cfe5239fceba8129e94be7fc53a965dc9447cb970e0537029b46,1764499432,1764499435,1748,104509,,
0xd458734c28a429e0c31307cc6fcb68d7abc22c1829edf7ab18f008bd2cd974ba,1764499432,1764499435,1748,104509,,
0xb1e458a9c332d6ac774beb20c64b342829ef1375226d08bf7f3369062d0981fd,1764499432,1764499435,1748,104509,,
0x84cf249082fcc4e3a20e52e1cd6e718c6a87c5aee8620c09ac19bd90e12e1d20,1764499432,1764499435,1748,104509,,
0x323d3011d65d818005684b0b874cae182a225a2b75111f519ee9784a7f5e4449,1764499432,1764499435,1748,104509,,
0xba7086fd868702de3e88cd4fa3e506a099698e1b3b476ce5cdb9e050094bd3e4,1764499432,1764499435,1748,104509,,
0x73dda445e5c8cf6449999b09a02abbfb97e0c7ed30451a27324ee1a8456b892a,1764499432,1764499435,1748,104509,,
0xb18844aba4ee3e8096fbed9b971fe4aa0620e2d64f2f77da16e9cc649371a464,1764499432,1764499435,1748,104509,,
0xaaea89eefffd28ac13ad57f2713c13a19d166ceda39d0f3cf6975d77757faa91,1764499432,1764499435,1748,104509,,
0xfd294d316a0d157c12185823c93d07e5df6d54434766196d5b4c464d489718e1,1764499432,1764499435,1748,104509,,
0x1e6179bf1bdfdc217efbcce7f3dc341fe84c60118b18c51dda3c9f7d57ff9555,1764499432,1764499435,1748,104509,,
0xd7b5a814aab01b1b1b3effb159eda54848de20afa43fe0cfaa0f3d599ba3fd86,1764499432,1764499435,1748,104509,,
