tx_hash,start_time,end_time,block_number,gas_used,kind,error
0x306ce5bedd6c3a9335ff887fb9a2000f49566161da12989a09c605c863deb7de,1764461442,1764461445,2440,161822,,
0xf2e2c79e29215fd35533d5f490c00a0c55ca8878dfdafe1588637351ba9bf3bf,1764461442,1764461445,2440,97306,,
0x5d6aad2aca5f75a3c276f8dd00785af750cf26d9f8fc344006e47038de2c4d33,1764461442,1764461445,2440,97306,,
0x08a5fc8e7b076b44141a329577842745e4d4bb3830627c9393678a1f3fdc1419,1764461442,1764461445,2440,97306,,
0x36a48fe465168e38684e489e6414accfc3c5c321e29caaaae79f01fc568a08e1,1764461442,1764461445,2440,97306,,
0x8ca228006a0ad3d50aba2cac2352537df727a77d02ab27ed5faf7607f4c79b9f,1764461442,1764461445,2440,97306,,
0xe33580f39658f4bf510888e1a658f603c3f747cd91066e49dff2c658e89ff162,1764461442,1764461445,2440,97306,,
0xdf13e4fbeb97a4d551f8146c8683f2ed16db2d0bb8fa58cfaf27e172c62c1e11,1764461442,1764461445,2440,97306,,
0x19b5efc98fe7d85574bf03fe7ee478dbc8513d70b861e85a989b0a35e5c1bc7d,1764461442,1764461445,2440,97306,,
0x8d81129695ed382978cd577920efb718dbce3e813ebd5e007a44e20983017bb7,1764461442,1764461445,2440,97306,,
0xbd819992e6f8814597b642691e20fa634e42a1d03b8a14db73ba924ce964eead,1764461442,1764461445,2440,97306,,
0x55f509bf25ba0a534a187a3ac8831f298b29e0caa2cd886c0860a7272fa2d0bc,1764461442,1764461445,2440,97306,,
0x540aef825ec13d252b41241e420d9dc261521762924dedbcb0a48431ec7a7c9f,1764461442,1764461445,2440,97306,,
0x004bc796eb134cf8a97e87e80ef79fe0fd67d54fbbcae383a89aaf163434b371,1764461442,1764461445,2440,97306,,
0x57df5220ea58e4407391fdac0e73eede82c404413178d6ec35318742b39dc48e,1764461442,1764461445,2440,97306,,
0xbf6a4830168e7d2dd0d9841829d89cf134c47e50a6f53aa2882ab8e222abf57f,1764461442,1764461445,2440,97306,,
0x5036c53f94ba64e8ac8a9f5e521c31c2f5143f63d60dd4654a8f8cbcb1d43733,1764461442,1764461445,2440,97306,,
0x6ed2ed90f761209e40c2fb0384ce633e24099a9d5da7057a3820f1762a9136b5,1764461442,1764461445,2440,97306,,
0xbe4b955958f3c09b7cf9bc837f733a8a3984c4c9450b0070d24cb3f28dfaa783,1764461442,1764461445,2440,97306,,
0x501bfd308b273b0024c41ffd69c9471b3668950dae02959259e82ddd897c5d88,1764461442,1764461445,2440,97306,,
0x97bcb9ee30d6ec26a72cfc288071fd9bbdb556c7274ac23d56048aeb7b968ead,1764461442,1764461445,2440,97306,,
0xa40408ab86f21519db01bbb30ae34c609183f56ec08c183dbd6ecd6591aaebbc,1764461442,1764461445,2440,97306,,
0xfd710ad1c9b3026cec4ad9eba19d2391a5649c2f7ef72f48f31c5af2be257a87,1764461442,1764461445,2440,97306,,
0x43648703fc98c57850b5263cbd3412ac63b9e176e294a1e6cd142e522267e89d,1764461442,1764461445,2440,97306,,
0x8e7d9ae57a01638fc1da9ef48bcf746d508382d21ceb0308e7da87ffcbe794dd,1764461442,1764461445,2440,97306,,
0xa7b8b9e50ec0669f0f45a36783395396b779826c827941a36f35f3a04752fa54,1764461442,1764461445,2440,97306,,
0xbbab0d6d410e8c1c71bbb47edc1d02f55a3ff42eb0d15b431de9d1011b64bf65,1764461442,1764461445,2440,97306,,
0x4831daa5064c28a5a4c8af04e6c382e47fb616a6a2a139e3c3d4cb5899bc77cb,1764461442,1764461445,2440,97306,,
0xdad15a9aa9057d83815c8822621a62e2a4021603d93ffff74d15c03988a70c2a,1764461442,1764461445,2440,97306,,
0x34f0ed9badf0b6f0ce1f9d008632ae4e63cc3763270b2c206748dcdfa149e8cc,1764461442,1764461445,2440,97306,,
0xa6fa55c0667cad507ed892494f35ef922628f6a1e1d3f8e2b78b1ff920ce0d81,1764461442,1764461445,2440,97306,,
0x70e3b09d1f6e06f76055936e2d8586f3d6f40559ae1a63e1f46a5591085546fd,1764461442,1764461445,2440,97306,,
0xcfbcb2d3e754a177fad9c49b44f0aeccb75fe2140b536ef9ed6ae2f14010131c,1764461442,1764461445,2440,97306,,
0x1db77d73d49fc9ad08ff31e303110e0e5054e5e966db8c424b50d063d6299e2a,1764461442,1764461445,2440,97306,,
0x64e7e85478a01257176e39148e6bc8fae8ab2b4091fff78e1175bec423042e79,1764461442,1764461445,2440,97306,,
0x9883eb7904f49222e00a9307b9085f6c9ecece7357c75761100bcbcb30bab7cb,1764461442,1764461445,2440,97306,,
0xa369d1be9adece333d56b653b1e75690ab504a085610501a3ff5a3ce391b9baa,1764461442,1764461445,2440,97306,,
0x4ab6aaae79dfc650cab58d33ccf836de9f46f890f4eda543b807ada8013920fe,1764461442,1764461445,2440,97306,,
0x9627b532d9026bacf65674c3ab71ee9dc6bbe630c0164172ccace56a4edcf22e,1764461442,1764461445,2440,97306,,
0x0295c6c24eb7fb22b0ee5626f19119e95a8bda553b8350198ad6914972da2b24,1764461442,1764461445,2440,97306,,
0xaecabccd801892dbf259e4731f9d0878f58008180c1dbefe4671f9d8d2c9668d,1764461442,1764461445,2440,97306,,
0x7b18d99e7be955e75ff53f0ae60c164aa30c29408b838057d4c1e7a7d54cd002,1764461442,1764461445,2440,97306,,
0xa5bbde2de516d4c9754f69ecf6b1878d25e270f42436a37cd3dff10e4a866977,1764461442,1764461445,2440,97306,,
0xc57ede48cd51135b7d418cf3510611f0d44c7483593104fd7afd4e28bb6ce340,1764461442,1764461445,2440,97306,,
0xe10dd844234608ee4e2badc0c783d19738073de9d4017d30df555a6fb3a7dfce,1764461442,1764461445,2440,97306,,
0x0c7f7ebcef1d8f34f9f36d5d2b37ebe3eb40f7ecea34c71336f3f6cd83bb19dd,1764461442,1764461445,2440,97306,,
0xaf8752a5b05f8c8f75f819e1a391fb877a3959c23dfc498e7e5ecb22063e1680,1764461442,1764461445,2440,97306,,
0xf4bfec2daef3d1994f93b204d1356d7bc386332777f4a370ca2726cb8f281635,1764461442,1764461445,2440,97306,,
0x23ddd8888bade409946f2937b497d535c35d6081763b1758caba607fa94b136d,1764461442,1764461445,2440,97306,,
0xac5609f02d3fcfc8c79b1e0922e081f39287305ddca45a9fcba34240c66f8bd7,1764461442,1764461445,2440,97306,,
0x2f3d081e8d20998a1d048e70ea01be9bfec24ca119d9c62d1e19c63e6afa9f8d,1764461442,1764461445,2440,97306,,
0x8d125f47260408dc5b56660af06484cc5838cdc7cdf1780ab8ba1ce90d865b28,1764461443,1764461445,2440,97306,,
0x6db302391db13d2179c810b7c8c7c6c6db3a02a641b162de02838bff46181144,1764461443,1764461447,2441,107722,,
0xfb8e5a52b58716b72805fff048093801d40a6785d3c51ec8985a80108dab697a,1764461443,1764461447,2441,97306,,
0xb6b1710023a3768210874cb08314d15f2a8200e67c08b68b56fe8eddf68db380,1764461443,1764461447,2441,97306,,
0x2947efe93efc0068a24effcfdb0c7172f6a0a4c59992917b48079357ec2cf2c1,1764461443,1764461447,2441,97306,,
0x2bcc8f14274e5929b25a62ab527d50f40ebdea12eceb51a541992a93f83b5ba9,1764461443,1764461447,2441,97306,,
0x0c2420c631b5683357aa168fe65ce303f0681bdad19ea01305b3398b3efcdd35,1764461443,1764461447,2441,97306,,
0x88cfa9377de44cc446f9361751734112603f83e8f40be722e8960eb4744a2346,1764461443,1764461447,2441,97306,,
0x184c5ed61338fc385da519a47f8d18eb5cca99f1efceb1c511c0b91f7a3725d5,1764461443,1764461447,2441,97306,,
0x90e3416aac626aea68de2224f15fc46a3739ebda85f3bb6d3cd945b0fb2ab17e,1764461443,1764461447,2441,97306,,
0x2c7bcc71833b22534d0bdbc92492d8c24cb4c366227fdc4616052646bbac36d4,1764461443,1764461447,2441,97306,,
0x08458becfe8c20df85ae0a3f0d80f2e9a0a4c0d9a52df6f97e811a794b3e768d,1764461443,1764461447,2441,97306,,
0x2cc995201c2624d28ce3d8e3b6d0fe1ceb72aa8f3b76cb06881a376912890f6f,1764461443,1764461447,2441,97306,,
0x57e90095c53e56c38edfe69c118e0172cd6c4969082f7318727485fb3855e4e5,1764461443,1764461447,2441,97306,,
0xaa2563118434432503cc4f7247f0ff7eeb9ffe09bff842f5770bbb6eaa5195c3,1764461443,1764461447,2441,97306,,
0x7549ed97ccde4ffef50d6dcc0a17447a0838b4866681689e54555b3f9274545a,1764461443,1764461447,2441,97306,,
0xbb624c07814b44c02d99836732ee34de59beb5710b29fa6ff82752c74cf55663,1764461443,1764461447,2441,97306,,
0x739066d0268dc80823e67a93d5e9494f163baa3d95c2c9e1be1df86e7782c229,1764461443,1764461447,2441,97306,,
0xa4a080d9c595a152a3e1e1d023356ff05a8c791de335a0ff3651d77b6dd90bd9,1764461443,1764461447,2441,97306,,
0xfd7a04b68b954406a7eeeca3f798d82caecd48a1f3a6353d0d94036369928873,1764461444,1764461447,2441,97306,,
0xd0235a09c7f04d393012f5ba9d2fed0610507265ae4395e358f9722da924f589,1764461444,1764461447,2441,97306,,
0xf97d6e68ce35355e5172dafb4b83d5256b772c580130d79d356625bdbf053e37,1764461444,1764461447,2441,97306,,
0x81146e830883cdda89c0d62017bed2acb7946dc056cf3e6f63639d959e6ce25f,1764461444,1764461447,2441,97306,,
0x73c10de60267dfb21e0d6f8d50ced67b55b57bd3a49e13b0ef8033e1aa44a961,1764461444,1764461447,2441,97306,,
0x874545f3a1c11ebef4990631373bd6cdb605dd4769ccd6eee805493c44c2bda5,1764461444,1764461447,2441,97306,,
0x3b6c82380c2e80b053749100884e24adbaedb6b485a37227b043afd05277e9cb,1764461444,1764461447,2441,97306,,
0x46489701ef379006df4cca08e64e06e7c84ccfa6dfbd03286eb13991685675d6,1764461444,1764461447,2441,97306,,
0x263178a19adae30a05e7f804d75a4a78b01b6743b3812a65c35c98e82b843190,1764461444,1764461447,2441,97306,,
0x2a3be292e114a487f77a83ebf41692c31913fd5074f982bda42a887903d65bdc,1764461444,1764461447,2441,97306,,
0xb37dacb8f063fef2f0811b15613a520f2705acb7af89a1a8e501a3630561b559,1764461444,1764461447,2441,97306,,
0xa472c68df98dfbc6e73b53cc70f73070f3925a99e7f6cf08543b21c5e2f0b547,1764461444,1764461447,2441,97306,,
0x85833120fbd0b25812305af48097bdb9ac640b6346ca9608a1dca00f51aff272,1764461444,1764461447,2441,97306,,
0xb400c396f89b4b7fe77799f1cc7453a530b6bd2faf61563697740d4c1901ab9a,1764461444,1764461447,2441,97306,,
0x556958c12cbf4a0854f10c208beaa1365ddb8eb665e4e777e98461ed23887fe7,1764461444,1764461447,2441,97306,,
0x7eca9dcd5adbd7c254f5582b903a555180889be084eda4e4aa9e52fb4f9f7ebb,1764461444,1764461447,2441,97306,,
0x388bbc2759ad134698062e14618e852784128ce4f54bfe6c7dc334ee48055b8d,1764461444,1764461447,2441,97306,,
0xb203301368d18be8bffd2d194d95947f9139f93aee3a7c4787137a9d47c9b6e6,1764461444,1764461447,2441,97306,,
0x717a9ee87ab976fea8e1c89a605cb9499b93f81adfb4af5119cff2fd392076d3,1764461444,1764461447,2441,97306,,
0xa0e26976d8b9e69ae08f23718de950fe415de441c4464a030a4097276760d73d,1764461444,1764461447,2441,97306,,
0x3d4c885f690513447d8e99730a6574577859e44537dbca6a0566cd4d93d73358,1764461444,1764461447,2441,97306,,
0x47d6265386282d216207ef7dc599503c864d896017be295f4cbca166eda01937,1764461444,1764461447,2441,97306,,
0xbeb77037998231a8adea9f8190e6cfc08523b53dc2de883267652e7ddf2791af,1764461444,1764461447,2441,97306,,
0xd3338f2841cb24562384eb20c878564039406424b9d17149a3f0dd8522380e9c,1764461444,1764461447,2441,97306,,
0xa7e508614799dcda24345ae27eac7fc0571fe3da126970e8c13c3d4c98bb831e,1764461444,1764461447,2441,97306,,
0xebb9d0270e668a74369c8ec8a5c4c06dd6fa5d61a4a864d007ced9bfacb1a7c4,1764461444,1764461447,2441,97306,,
0xe3d6434ba472240b8dbf9ec21a09604b2d789452aab3eb79e9008c72611aa94f,1764461444,1764461447,2441,97306,,
0x3edf95fd0fbdc263405f0075a2226154b4c0a73c417a1c3dcb2eea061e018b31,1764461444,1764461447,2441,97306,,
0x7a43d18a08d389149c9f1d08a85b39041764d0a575f8e5ebb8414b8d72fcc5e2,1764461444,1764461447,2441,97306,,
0x710eb9feab9342fc58533db3ad793dfc2ce6e8d3cdaebe6721938718edf53925,1764461444,1764461447,2441,97306,,
0x85ab2d1b30879b55896dedf81295321a446ad0599703b54e0295421a77a0986f,1764461444,1764461447,2441,97306,,
0xc931dfff9b50b411e9b37388b74089bfc73206ea13bf3cbdc6e5575a5fe2b971,1764461444,1764461447,2441,97306,,
0x2ffb6cfc019d47643e2c3416fbd9d511a8deb9116fda58914d38db2567ea9d52,1764461444,1764461447,2441,97306,,
0x8d2373cdfc251a52997ea03e46dd86d2d3b0ffc405fbec84d6063949ea299aae,1764461444,1764461447,2441,97306,,
0xd9eebebfe75b283aa455f82671c8eb68ec68293a68746db45c37ad697d3cc345,1764461444,1764461447,2441,97306,,
0x6c0f4c2bedfaab87e65db6f8f67c2d65121896071d6eb7fe50cd4c0d79f29683,1764461444,1764461447,2441,97306,,
0xc8915d4746a778c7ced9704ee084022e7ceb5ffd1169ce49f9aa854db6ae3298,1764461444,1764461447,2441,97306,,
0x1067b64e27a239f5912335e7000e3346286e3d3d1f40795b5e334f9e10d27a04,1764461444,1764461447,2441,97306,,
0xbae44938a6089e229c98f5a79e01cd12b6b6374a00b05a73d22c20c91d1b5697,1764461444,1764461447,2441,97306,,
0xbd2a6c907bbd924e7d1966a7d9a42e1191756f526d43ec75467bb17f41195cf2,1764461444,1764461447,2441,97306,,
0x98b15d5d7577c0e5876fc94469370cc336e0ec6b8af76edffe5fcec06e7456fe,1764461444,1764461447,2441,97306,,
0x811d04f61f9f5c85f30845f6258613d364e249a52e7d61b5e2364206849593c4,1764461444,1764461447,2441,97306,,
0x39e4675d970b33e395457d386b1ccb1488c5b4d07aa7925bac2455a4027d2dc7,1764461444,1764461447,2441,97306,,
0x46c91d1c9d0ef6f4694cf8470d29ad51b4f8d8dc0f36c7d0313480741dcefe70,1764461444,1764461447,2441,97306,,
0x77e08bd3a45f3553f6a419b6e3668bd35f25c5cd902aad2de08b4a212e0c0cff,1764461444,1764461447,2441,97306,,
0xaae7f7dbff063276ddc725dacfe19cfe7f8377ca9d01f6fde480da47538fd4f6,1764461444,1764461447,2441,97306,,
0xadad15e5d3b5d0ee9d5d43d4dc4c0eeb57b1a95851cb4dff8d14d5ec96565af8,1764461444,1764461447,2441,97306,,
0x6ebaedaebd5754c0ab1f65db6d85f1f399ab575423602f90a757c5e6cde2378d,1764461444,1764461447,2441,97306,,
0x0aa954185a9c6e656291efd21a1445a5c2cea9eea4ede811592fe3dfa2cab12d,1764461444,1764461447,2441,97306,,
0x04e5a9da42830dc819af3761b88ab19dd7dd65ca77ebb5fa99b4d5be98c0fd6f,1764461444,1764461447,2441,97306,,
0xb10baece97452813f2e64d1a08f02a84e0cf23e9bd19fde9c8937836522c375b,1764461445,1764461447,2441,97306,,
0xf57f501a78e0cb1bd66174ee871090f1d4cc2d8e7bfa6707d38bca035e137f0a,1764461445,1764461449,2442,107722,,
0xb582d2eb0223351e7cbf93dec2fdd52bed4621dfd95fd9671568533b17580d56,1764461445,1764461449,2442,97306,,
0xfa0897b8ba29e6db20189c00578dbe90bb35642fd3664c67a5c28c20eb5c8053,1764461445,1764461449,2442,97306,,
0xc6be38199ce7c273fd943d212edfd6891e852d9807adcccb8967ce94da52020c,1764461445,1764461449,2442,97306,,
0x483ce7053bf44eb4b4f44624017a841ccb4c812b1caddf26f37025574ce9d501,1764461445,1764461449,2442,97306,,
0x0f3663dfcb15e9ddd77481ff581a3358396183a898afa59304e338f92c78eba4,1764461445,1764461449,2442,97306,,
0x1749997d107b7e6e76bda6685388cf4fc937e81a4927ebc043c5dda0dd125b69,1764461445,1764461449,2442,97306,,
0x8369093b7368189660bd4fba053aa42a6eafc228bf63aec148e59c87522bb7f0,1764461445,1764461449,2442,97306,,
0x7004d0bfff846631a56251ee9280cbd9db0ad09216475e90673b108e79591235,1764461445,1764461449,2442,97306,,
0xfd9d2e8292b25cd289350aa39d15369e4d769c9f3c75b8ad18101971789c3356,1764461445,1764461449,2442,97306,,
0x0795599206e6cf4aabb2ff9ee6c798bd49baa094f076a30eb465d56e2d1c3e4e,1764461445,1764461449,2442,97306,,
0x59ebcd1e3e183bf814c448a1817ef71b6d35448161d2f34ba7748978df0a7670,1764461445,1764461449,2442,97306,,
0x61c234a3a22769bf442b955742c9fd371bcc892bc7a94f7df7504672892e5e6a,1764461445,1764461449,2442,97306,,
0xcb4f4f93d1f7ffafa2bac8b02e168b75295de1bb903a1194f74e8948ef92b374,1764461445,1764461449,2442,97306,,
0x26f2d70ccb1f1fe8797da1c80564d36b38d7bf3b9d15681818267634240c7eae,1764461445,1764461449,2442,97306,,
0x2d7e1a6a1d4125fa2aadcc299b68a78e421ad390d608f65db81eedd6a2efee0c,1764461445,1764461449,2442,97306,,
0xac9ad7e9a75a013e0298d0290b1784e1bbd395e9f636d166af9adf1f15871278,1764461445,1764461449,2442,97306,,
0xdb120aa769ec997bac46fbc258f97fa0421e0a30462ac1733decdae00b6a967e,1764461445,1764461449,2442,97306,,
0x1771eca28fc135cd130a80bbcd19be9e5d6322e94238fb6c4e51bf7e8cde5324,1764461445,1764461449,2442,97306,,
0xc13be8012b8eb49266779e7c1703be81c95bdb39b705294053cac8c6a20658ea,1764461446,1764461449,2442,97306,,
0xd8f52bdf9c5741b95ad26ed4cf0d7338d53255f5f9839a489ea71740c4b667de,1764461446,1764461449,2442,97306,,
0xe44c0e8603cdd5decfd7c5ef8a7b65d5c97e441c1c752744bd960b0b7a049134,1764461446,1764461449,2442,97306,,
0x8d3445cbdf9eb1ca1d0e720039429188121ba91e05fedd6ed8a7a7abacc9052f,1764461446,1764461449,2442,97306,,
0xf5ef13303fd3630111e118b9612b11be9f026409c6526e9303a7ddb4e36cbff5,1764461446,1764461449,2442,97306,,
0xd29467a8c78a01cafc4c09b91055c96e44b13db2b971a5022ef5e2a7ef3fab2d,1764461446,1764461449,2442,97306,,
0xe7f82d8afb5d74f771c08541feca0cb032ba5f4a011119f54fc7eb31c1f0619f,1764461446,1764461449,2442,97306,,
0x00e691702ff61ac5bc9b42f34d2789e17d2b1ec4dccdf769bb75914d763d400a,1764461446,1764461449,2442,97306,,
0x3400fdd900ae8fb589084d524fea0f91adefb4113550e8c988c17ca5b7af4fe2,1764461446,1764461449,2442,97306,,
0xe3e79c349d78591710436f918d478326d929f631517e127ea991d0990ecc8fdf,1764461446,1764461449,2442,97306,,
0x3aef9560fbab7c081a5231ff196cd8aad963f54ba061f6e8d8d6e82b2a57d37b,1764461446,1764461449,2442,97306,,
0xed4a876d577ad3b2fef2b808f9df2b386fa80e7b60733e1b5e7ca4294131b5a7,1764461446,1764461449,2442,97306,,
0x57455efbfb6a3a4b19b9008c270ba2f1a800df243f100529b77dd8fd6beaeb2c,1764461446,1764461449,2442,97306,,
0x0db525d34b289554d4ea9539e0d6504139f521cb17a59ca0b123e068e3fe26ea,1764461446,1764461449,2442,97306,,
0xb928a7445b0afd32030dd57d81df769728ff68f28d86ed3cba83e7274ace7b5b,1764461446,1764461449,2442,97306,,
0x861e5d81445e3eb67d92cecd7f2a1e07d499dde2e8d7677a0598ad3ac5f71dfd,1764461446,1764461449,2442,97306,,
0x32b46f019a52d5ea48939e3e1ea0264171416ecaadc5265afa288aa00df5eaea,1764461446,1764461449,2442,97306,,
0x31618a5f460681c9f76d373c31332a58e1d3f65b29ccbf55c67d1e5efa231da6,1764461446,1764461449,2442,97306,,
0x0fd5f8b2c7e9c3a00e8e4a5b901562c03d80f714459adb58cad0df2ddf246175,1764461446,1764461449,2442,97306,,
0x2f715dd79350c9f23cbd2e281cb27af60e677d9cb30ad77be3086d8feafd4315,1764461446,1764461449,2442,97306,,
0xe483f3f999c328f0e2d1cf64022294fda9c04952042219e070bd825e65043a0e,1764461446,1764461449,2442,97306,,
0x0fd21360734f5cdd3453fb87accaa0cceea1f41942b50c0039a21226dec9f0d4,1764461446,1764461449,2442,97306,,
0x27d3202494a5a2f15b746d7dfe7c15800c4485fb64cc21f7d21d6659de57f5cc,1764461446,1764461449,2442,97306,,
0x1d86cebdaecbfabac4b3faffb562a801745799b772d3c9df1085232175e585d5,1764461446,1764461449,2442,97306,,
0x10e3e3c00d362df308e960ca204e181bfde2805b54148f9c149a1c3413f54030,1764461446,1764461449,2442,97306,,
0x99e7390d38a021661460d24a2ae347b5ca11a8e0e100b6a6b6f55bd72aa2403f,1764461446,1764461449,2442,97306,,
0x5eabda9db7cda2992eb0788cdcbbba56644c9166093dc1e93b6ceb596ac89367,1764461446,1764461449,2442,97306,,
0x4745bd9816fdec1cb017ba16c88d583fcfdf08c169aaf67679827b0cb5753a54,1764461446,1764461449,2442,97306,,
0x90493a9653df8b54db8688adf19b83bfd29f213dafe1f2c6844d12cf5027c6cd,1764461446,1764461449,2442,97306,,
0x16b832b5fa5790c538fa0a5f36672dc40f1e7cc8c5f90002bc159f33f1f6a8a5,1764461446,1764461449,2442,97306,,
0x382669d8ed06db5ef10a8920d427d92e98f2053648db376c0c987dde0e8b4d0d,1764461446,1764461449,2442,97306,,
0xf480dbd3f9a8ab858a7bb0257877c9987f23fb362560c7621af4173316c37d19,1764461446,1764461449,2442,97306,,
0xaca6fcc54b66745e18ef917c617b1f06da8195bc93eed576edada3ccc96b3f81,1764461446,1764461449,2442,97306,,
0xb8a188d65f8e8044a6b6fb3adc8c10594617964513c86b82a6486cbd9ce43890,1764461446,1764461449,2442,97306,,
0xef0f19df1a103183285ff4cc741f26ac91a4165dd7755330242d2a3b3dcda463,1764461446,1764461449,2442,97306,,
0x81c760270a433fa24c7e4f37aaefd15b86c2ddca7895db38a6a486c7f537fdc9,1764461446,1764461449,2442,97306,,
0x6b1b97b640b71bc164e10c9d2764db13bd90656f4cc213789f6bbb1106d770f0,1764461446,1764461449,2442,97306,,
0xcea98d833cfa7feb064eef8df9101c88f1dd1176e649bfed3b9af295137edaf4,1764461446,1764461449,2442,97306,,
0xaa370cb58e4b05b748beddca0a951d4765857c496a814bd9908e19e2a7c3d322,1764461446,1764461449,2442,97306,,
0x846ad2cf7486a55b6923d6b7dd6a267bf60c3b897291336d5bb77d970b285e04,1764461446,1764461449,2442,97306,,
0x089c3e6f72db1115fee8f3e2f7a87a3cd7df0eb716b9d8bb17df0690bf2f16be,1764461446,1764461449,2442,97306,,
0x3b28b61fb56dcb62eae327f79063e2172beb963415613301ae1fa38a95ebd000,1764461446,1764461449,2442,97306,,
0x6b2985374df8e69cff67e173b216dfb5870b3a8d9e3de5d30c37f72bc42df26c,1764461446,1764461449,2442,97306,,
0x8782ca1ba0e1059d57d830ea586e87773c9a4f5df2864af36b293e8e3548edf1,1764461446,1764461449,2442,97306,,
0x752a7cd9f42c0ebfcb618d9f1625216203c50c9d7016e1307b6bfe50ec5e1b57,1764461446,1764461449,2442,97306,,
0x23c8058a1eac5378d3e9ffb9f2173b30a5a8b9c4f79059b679aa9e6a430bb0a3,1764461446,1764461449,2442,97306,,
0x4b16fbe600a752f02603327221c2ebd6a7207c89484d6d57185ccac521460190,1764461446,1764461449,2442,97306,,
0x4de37451847473c44592952fa64ce3e4b292b81caf791718fb5c0ccf6db0262b,1764461446,1764461449,2442,97306,,
0xb30752d86c188bfc1f35ddfc0188ba5858c3a3c18749f9951d60e40bac8a5a3b,1764461447,1764461449,2442,97306,,
0x808b96047e738b6588c10889114a44fcf3109575e2a7426b8632c8611466100f,1764461447,1764461449,2442,97306,,
0x4d48cb69f45070533b80f0909684f405861a93e48a557ead343f588b464db497,1764461447,1764461451,2443,107722,,
0x22d1a2f20380d961cfc52a2ecc10de980f6fbfbefacd345c9081a8fe09d9b62f,1764461447,1764461451,2443,97306,,
0x27908df9b85e151db5feac402f230dc0515ae689cfc85c4cc3c9eeffa32afa39,1764461447,1764461451,2443,97306,,
0x14875d568dd8be21464596167859bcec33c8f109587fa988cf3c48b42b8c6639,1764461447,1764461451,2443,97306,,
0xb91a21eee92d6f48148896867c3772aabd61472b48086d1e0ea18eaebcb98a4d,1764461447,1764461451,2443,97306,,
0x2c37345fd217f81642eb74b934e3d29358abbf87c0b7bff4c8da3c98703e3b38,1764461447,1764461451,2443,97306,,
0x5c0815dd07bb8ecc8df38365537245b1b90363e0089d5f1f96f6b1d6bbcb9777,1764461447,1764461451,2443,97306,,
0x82193d78b6f185d6603d153ae8e9fb8c4d0de235bf069cc55af397668c74ba6b,1764461447,1764461451,2443,97306,,
0x4ec30588446cbe165e0ce62ae6bd2b58c8605eca42b4f00f9b2f6bcef8d4bc1f,1764461447,1764461451,2443,97306,,
0x416389d45ed5796fcdaffa0186f3b951b04df0cc8fc301dd61b8983372f1b969,1764461447,1764461451,2443,97306,,
0xdb6fda75da6ffe35b347cd0e7136ab638baf9d2887962524a555cddc733825cc,1764461447,1764461451,2443,97306,,
0x000c983db33b9aba9e51d0a1739fa28e77c0591defb91c2384a1e5af59d43c75,1764461447,1764461451,2443,97306,,
0x40c2d48c61d0370cd7322d9a1dbcc9e79da27d25e1cd34b7456331a9410c0ada,1764461447,1764461451,2443,97306,,
0x53c57a12e7b9b6e517271995b84ed485e67a9ff5b930d9e83d77a366b54d4397,1764461447,1764461451,2443,97306,,
0xa0da57a0369e489d029ac7e28e7f96b4a493efe1a88b03f97d05fdb5df71081b,1764461447,1764461451,2443,97306,,
0x3fde3290bd363f6efcd0ea4aa2185de8461026f7b638153a5abcae680381802c,1764461447,1764461451,2443,97306,,
0xd87b2287c5a4fa9cc7c88ee8a80a41b21a14fe0dbfda1f6a4d78f4ee79a7682b,1764461447,1764461451,2443,97306,,
0x32ff1c07a232940cf2233ec9b210026224c6697393493b35e2116701e43d9e23,1764461447,1764461451,2443,97306,,
0x9a863b3d63c75cc2e8460cbeca1bf5ddef182a7b3588fc83df60ac6d225b903c,1764461447,1764461451,2443,97306,,
0x07884c489ad3b4fad9a4c54ceb66e72654eb861cd87d6b1e95eec449d89248ea,1764461447,1764461451,2443,97306,,
0x5d7011ba279151b4f83ee5789ce4e85237e2cb751f3ffb6ce1483f33421ae7a8,1764461448,1764461451,2443,97306,,
0xd94a80de2919543d7af9861a8ea879a5bbe8c8bf98fa3c0c8ecb6e72badc89a5,1764461448,1764461451,2443,97306,,
0x67f9ac258fc2b46192a1810d13918972d5162712018801ff302ae060f3eb8073,1764461448,1764461451,2443,97306,,
0xa7c6d5d3ea6d61aaea331528bdeb659ae28e8a3918ec295e46cb4b9d1f7efc96,1764461448,1764461451,2443,97306,,
0xaf0bb85a6a8af408d829bbb0d5da31bf1cad303e7f2b5fdfe607ae2fa56f0455,1764461448,1764461451,2443,97306,,
0x97cfd4a99b27790ba31f62eee54420b9b3edd8964f21fdfde2d26ce5e25c5eb0,1764461448,1764461451,2443,97306,,
0x29a1781e0a0f91d694948479b3fff533f39177840c751be53963f1edb8b01a96,1764461448,1764461451,2443,97306,,
0xfb4704811f97bf6c31019e0a8d02ab2ae9fc2bfb7d852191c8fb95dab66f7a5d,1764461448,1764461451,2443,97306,,
0xb6c3449d2b54e144e9a2789b694c30a599da395e2fde62acaa36a3453765b6d4,1764461448,1764461451,2443,97306,,
0x12a5a5ef38d0e33fee0d66e1d166dd045f8aeecb8ac62f320d0ceb50b9671fc5,1764461448,1764461451,2443,97306,,
0x1c1863ebffbac3b6ce3d14610f1c7d7b8d3cd07eee3c4a90838c2af9b8b104c6,1764461448,1764461451,2443,97306,,
0x1717fa61747fef7593df1da02c6d539a2dfec13d012cbcf862856a2840fdbf26,1764461448,1764461451,2443,97306,,
0x5fc069095584428b79d9a8f289f79170b75bdc0e16d1981fdff7ae3ff4075b02,1764461448,1764461451,2443,97306,,
0xf7be21590cc6932a8897480cacdd6ba4803e9b794d321fd12860a3f4ca81aab3,1764461448,1764461451,2443,97306,,
0x452e652da5c7c17d87f1f20c5110c7a9de90d5e2ab0d923819b1577cfbd28aae,1764461448,1764461451,2443,97306,,
0xfdf916e1a6323097c3723d2a56637e672963c98395cce27aa25b7ecb271f41cc,1764461448,1764461451,2443,97306,,
0x7d160b5340f8428165766474f828ef8b9d6161b9534e958946fc367510ce32b8,1764461448,1764461451,2443,97306,,
0x5f65264ebf50ea4d0b6477535c7617dceceb31598dbb2ff1bc8061897be7c851,1764461448,1764461451,2443,97306,,
0xa545d787e674915dd0eb2111bdde1ec200f6c504c9567c00c95ab9211a47049d,1764461448,1764461451,2443,97306,,
0x1c3bbff95687721ad217ae3d3b27d2252703c3f3bc4ff6627d0205e08ca30c05,1764461448,1764461451,2443,97306,,
0x4db5393614d271f8f32d43f0ca34ec4bae596e12d658b59f90b7641512a9b82a,1764461448,1764461451,2443,97306,,
0xb31d6958ffa384358658a2dd0e150de150d3bd238b5b9fa7e5249d55a583b87e,1764461448,1764461451,2443,97306,,
0xf42a531db2374b6fe0f62b27c94f31a0f701a3969b4d1094f7ad6eac02248afc,1764461448,1764461451,2443,97306,,
0x32e25482f43d5fe3d8c9b3f6e01139634f5dd44457dc0f9dc4ad50c741ee0539,1764461448,1764461451,2443,97306,,
0x352296b5e876a3cac95110b159f0da22850e060eacf3c01bded6bcbbd06aeb67,1764461448,1764461451,2443,97306,,
0xad5ce96b28164bbcaa6ec8eaaa943844da2fb7a070ad1349e60e345705bbf410,1764461448,1764461451,2443,97306,,
0xce8735ee9fa77fc5870b02ffbe52473f13ae6bf8ceb12a9df480fcf9c3a6e43a,1764461448,1764461451,2443,97306,,
0x7031c1042e14d6c52af001cd2b0adf5e750a70f61da125290d216869242658a9,1764461448,1764461451,2443,97306,,
0x393e80e33db4b5862331b5caffd6adecdc4d67efd951b695faf0a1153d744cfb,1764461448,1764461451,2443,97306,,
0xcb179c43a458c18ee4adaeb2ab9951edefdc934a7101907366d46aadd1279ed6,1764461448,1764461451,2443,97306,,
0x3197d68e953aa6292766f20b02905049f13fccb32859b56c3c63c9c203ff2674,1764461448,1764461451,2443,97306,,
0xfe84d6fd226a577e25b87ef31d61e89049a93eb0aff2738af5fedd5c621670ab,1764461448,1764461451,2443,97306,,
0x3a62e01eb5fbb2a47de0c0056296e365814f77f6c828718513034388c5b042c5,1764461448,1764461451,2443,97306,,
0x8f62aa557394a87d74b9dd48f584ef6dbd9a559129e446b4ea85acabba66380d,1764461448,1764461451,2443,97306,,
0x9ea12d89e2ffc526952df816d35bab1ba88c13be69740d4e1c0865559975aaab,1764461448,1764461451,2443,97306,,
0x6d0caaa85ff9e5fdbea116541d0aa2304b49c4dce5124b924694e9cbc2d6a886,1764461448,1764461451,2443,97306,,
0xbda4d764070a119f9c03a427bb5fe572d23fb5f103b7b0d068fe531cccf0f392,1764461448,1764461451,2443,97306,,
0x641fadc7d83be2260c5408a7a95fa9d1d3dca8c54cc22e4640ecef04555fe5f5,1764461448,1764461451,2443,97306,,
0xe0accb4a0d59d8da853d3f36a0943e02a572016d97cae5a6aa979b2e49fef6d2,1764461448,1764461451,2443,97306,,
0x4c0780f336e6a7aac7d4abf727ece1ac1dc77da377941c3fd099d62f572bb4b8,1764461448,1764461451,2443,97306,,
0x92126c832985f691cfadaeceda63e86878662a301cdbcc9da1af609930f7ad1c,1764461448,1764461451,2443,97306,,
0x940644b0ee2de64befbe12dc1564fb547c9108724e962ea6e3c335120e730f44,1764461448,1764461451,2443,97306,,
0x0c56f8d090b95eb42b8cc0ddc2900b88c5c4b20f2c21087f44dba129d18e61f7,1764461448,1764461451,2443,97306,,
0xd01e02b094dc42901f633b320d61314b304648e2f53973b3e6ad652c3ba66a5a,1764461448,1764461451,2443,97306,,
0x1c09f9a810cbed78d93f732b5a5ada9cf69489c98ef3b5a7d38b2973bff75109,1764461448,1764461451,2443,97306,,
0x3d7c06f2126375b2bf0e711ab368fb1b0f81ea3d80f455ee637341ea362d2b1e,1764461448,1764461451,2443,97306,,
0x811521023e9ce911b311503a24e349afd146c47083424543efd1dffb959bd331,1764461449,1764461451,2443,97306,,
0x2c6cd303fff8e823773963953dae15a8f2b4a6360bedf4e3424dd600b78c1487,1764461449,1764461451,2443,97306,,
0xe6955d476ad1448003275436f39d29d87f828c6a22b8118185b34e0bd64f4c25,1764461449,1764461453,2444,107722,,
0x6c63f923e666e39a8312eedc33598fd008c5c9c908596fca7e8a46d7d988d1ab,1764461449,1764461453,2444,97306,,
0xed9b26e3ec2f04f318f2171415121e42440fc2e3d644b28e13bafff082749b28,1764461449,1764461453,2444,97306,,
0xadd9e6096ab2a1b159724dc1e2fa5047c7ba89afd5907edf540a91db2abfef5f,1764461449,1764461453,2444,97306,,
0x8f044859555a81a967c0e77eb0ae4e6a05f6c634a9db547ce86b8e5776524dd6,1764461449,1764461453,2444,97306,,
0x9d25d66e216c2fcf5f66c114dc64d557bfbc3cda78fb247a2b07639708784dc5,1764461449,1764461453,2444,97306,,
0x7e0081f001cd052e696675d83f2e24482737f18016750ea0dc9b9a0bb9e5623a,1764461449,1764461453,2444,97306,,
0x3a765e9fa0a75d2d5710ccb9f9aa6df9bad527235a25087d9f826d148ed0f3d3,1764461449,1764461453,2444,97306,,
0x37eb9a1e0ea822041cf3a5f1007f4d116c2025aafeb0ddf00d0f815215d6db5b,1764461449,1764461453,2444,97306,,
0xba45ab7704db6164abbc5b19db7ee573d027ed774070f64c27373e2236f0dd6d,1764461449,1764461453,2444,97306,,
0x9afde1e9c39aded98db018e4c08760ae465cab167eaee3ae1fdef6cb4c31a672,1764461449,1764461453,2444,97306,,
0xc48c7ad197d6f0ecaae624d4a173a052731974f55b69d0b00e2795e70ead3dd4,1764461449,1764461453,2444,97306,,
0x794c8f35fe8cb81ab6f6b0964b56ea42083a8c5e51e1c4b95295eb73824039b5,1764461449,1764461453,2444,97306,,
0x245b332ffb87cc1f06f92aaa359b395d00ab94e1462467d168a40c0b6dfe93cd,1764461449,1764461453,2444,97306,,
0x7c8474b9e9f67ba51eb2df8369d0eb4257f31323eae25576691e9f6d6b041e2d,1764461449,1764461453,2444,97306,,
0x343c469de08ce4bf4c23512a4a30b08bf710ce78b6879e005e8552f0b54f595b,1764461449,1764461453,2444,97306,,
0x74253969524b9ae8362da8ca04011b320f6fa16210dd29063dd1d550fa475d59,1764461449,1764461453,2444,97306,,
0xbfab40beb54fc95177796f41f394a64d66d81660593dd6eebe6d0718c0bb8a86,1764461449,1764461453,2444,97306,,
0x3799371314238cd85e46b633aca9eb61b02bcd67541619b34eca2f4e7a5978b3,1764461449,1764461453,2444,97306,,
0xf646b93de18d575f0ed9628d99e3ba55e530cb0410cefc28959ed6acc24e20df,1764461449,1764461453,2444,97306,,
0xf7668ae5903ed04b28dc9766c6adf59a071b8932ddbeb531f1d776bf4a94a48b,1764461449,1764461453,2444,97306,,
0x95e9c43085e4700d765fc5620a08316e230e4de6a358f730f6694ab57eec5a7e,1764461449,1764461453,2444,97306,,
0x22a7d9fa0c288a6b9cc531619d04a08b1d144354f913208d2ab4fd5a67d27f4a,1764461450,1764461453,2444,97306,,
0xd397aa7b33e120cbeff12b000bb4e413e88573f14631fd411e0338d358aea9ab,1764461450,1764461453,2444,97306,,
0x04cb563107ab624791d7cb5724cbeb8ce9d57bed6ef44ea95bbc4ad35efa136c,1764461450,1764461453,2444,97306,,
0x5ccfe27eacadfc4b49d50f2555066fb0416d6c951dc0a78864f6ef9c6f917756,1764461450,1764461453,2444,97306,,
0x5cf8042f6cf033243458356be1ba37e9a4c33ff71276481a0b1617b97743e1a8,1764461450,1764461453,2444,97306,,
0x64018c2defc8e9460494b44b3bea7c92075cefc6f8ba33b83b0630a0c4fe7581,1764461450,1764461453,2444,97306,,
0xee242413c0f1afad71d4acbe2ed9bce85511695f7e60b24be3597bd995256a87,1764461450,1764461453,2444,97306,,
0xa8012b994e815399fe834325736d8f33a540c451a006485fc6e13f4055f6e13b,1764461450,1764461453,2444,97306,,
0xc17fcd7efe462f382474e539eb255adb2ab43622e6c985419ac3c51e27b6c55a,1764461450,1764461453,2444,97306,,
0x73bbc07cbb9207e94dbef62d53b5115ce33e9c47a72cb5986375bbeaee363270,1764461450,1764461453,2444,97306,,
0x425b2903588fe1198df84b96ef73eeaf18b91e3eb4ed318378b2dd2235d4a96f,1764461450,1764461453,2444,97306,,
0x65cdee576469463b82cb76dd12e8b98b3a95e6a2831f664bfe5ecccdade31c97,1764461450,1764461453,2444,97306,,
0xe5a7bb8dafd88b23d7636e9801505fa0ae434392bbee5fad5cc3e3fca2a1cab8,1764461450,1764461453,2444,97306,,
0x85e8f03cd0d9bdf13eb88eaafd0660a8370ebdc6f0a605d980bcb3f470c7522a,1764461450,1764461453,2444,97306,,
0xd64cd2404ef6f5c42eaf292a5a57c27adb8ecebb0015036d6d9960427f5954df,1764461450,1764461453,2444,97306,,
0x4d4c440f3fd1de719453e60458791215d5552b40895bf5a4614a6cce821ccf65,1764461450,1764461453,2444,97306,,
0x434c9f2d4d77c248d240a78aba57883d8225f27533b7edeed5f7986a8dcf4532,1764461450,1764461453,2444,97306,,
0xaedd60abf784153d4506920f7c48ea48918b15f6f1e6f7285fe4378bdc1c5e65,1764461450,1764461453,2444,97306,,
0xf64b0902b7925208727c85abeb7b0ba1d5a58d83982df97fa23278f0214ae917,1764461450,1764461453,2444,97306,,
0xf3ca20dd4fae149eb2158951c5072895aa479262acdc86c3dd38e5f2b4591dba,1764461450,1764461453,2444,97306,,
0xb593034fc4c54b33a237fb41c7de89bf7d3384a73f3e9d94055ce6c42384d911,1764461450,1764461453,2444,97306,,
0xfa31c5dc360a20a366a8d725f4866744672a6855fbf3250224f2592e6b487c8c,1764461450,1764461453,2444,97306,,
0xea11bc50815bd94ae9dcb6b081174bfea738afed6e92cd7ef567e9e91e34e205,1764461450,1764461453,2444,97306,,
0xbda062d83ee8ebfc268c12116c1903f790e1029cec9116ebda873e264b8690f5,1764461450,1764461453,2444,97306,,
0x89b3ae70b2ad061f2afcae62ee704cde38ec14c15c0bef2ed1c0e08d8fc263a0,1764461450,1764461453,2444,97306,,
0xd837024f722431f08868ac9eba16e878f988d6bb74fa705fdba123b4787de65b,1764461450,1764461453,2444,97306,,
0x0802558bce087fd446e08ebe76c605d9bf72aa3a2933c1347b22be0137e5b2d9,1764461450,1764461453,2444,97306,,
0x67a6e09359b622c00a7b6c519fd7a51eef4da77f4edcfe0f88d978185d2b73c7,1764461450,1764461453,2444,97306,,
0xbc7f6f8e1288afe5b3a3f0c8ef44fbfd97e405952c23643d48fdd1e5a667db22,1764461450,1764461453,2444,97306,,
0x48c2878ebe626c4e7b52b67594d8dbcc20dd1956e35dc1dd1dadd503390b8d69,1764461450,1764461453,2444,97306,,
0x76fb8296ed46ac9e2926256d69fbd52cb9476eff178c15f6430e25379063d69c,1764461450,1764461453,2444,97306,,
0x7532e87aa25a943a5ff9772fb2bc0864947a8589d13bf801d7be564fd3497daf,1764461450,1764461453,2444,97306,,
0x3f8715a59206ef3a0045da967483a07e7e1885443fb8ef6402d4b15d1d635d1a,1764461450,1764461453,2444,97306,,
0xbd2d1aab40975ac5eb64ec8430f2595432b2e2aad7beb925a7ac432635975189,1764461450,1764461453,2444,97306,,
0x5c4e278c9081f3b92b2eb0c4595169c914619dc91f269f12a32a306d7c294e06,1764461450,1764461453,2444,97306,,
0xbd33465ab0c72524d5075eb80d0a750e4a6e0a6e872afb77518b18c27c583c04,1764461450,1764461453,2444,97306,,
0xcdcda853bbd3ba66167787a8b4978f705ddc8650954670bc1bc65cd873e03590,1764461450,1764461453,2444,97306,,
0x11da7b4edaf4e3948f4f2d8695a437e9d5dd2e8069ace71f0984992b412ec4a1,1764461450,1764461453,2444,97306,,
0x4f0318fe512a8a4dae6ad0b088a054d2decff4fc8854b71e4efda44de33b4f75,1764461450,1764461453,2444,97306,,
0x9306972035b9086fdc826ae6f64fab91a718a3ef14ad8506af81037a6d20a3dd,1764461450,1764461453,2444,97306,,
0xb817ef20b6d95d6efdb8a4c695fd2caf2c48f3e36c0f6b68ce00a4dd1a695694,1764461450,1764461453,2444,97306,,
0xe406fd59d1baef3981159752ad85e590b30317722a383b97a0fa488153bf47d1,1764461450,1764461453,2444,97306,,
0x15c9812532bbaef37e9a7506c4e27f5b5daf85e1c92e1b4ddc83c265965b8d25,1764461450,1764461453,2444,97306,,
0x0fcaac2e7a3558b5b9a75dfbf56f21ff0bc1ea7c767593dce8e0fb7fa3786aa5,1764461450,1764461453,2444,97306,,
0x197b272d3d7a977dcfa492626fd6495c1e22f9b9a61d4a63f977dd45c37544b9,1764461450,1764461453,2444,97306,,
0x8764125a5fbd3d9938496a0cce400a3b1ab8a5da779d5165fb8d0398374cbb57,1764461451,1764461453,2444,97306,,
0x142e95f746851d638f73b71cb9eadb547a90f3f868da7fa083d409d0a4f05e1d,1764461451,1764461453,2444,97306,,
0xd39aa20c538e4e377277f32deacd1842ffb96716032434c5e2c42a99983690bb,1764461451,1764461455,2445,107722,,
0xc2b23f5b7aac465732c6a4e93ee30f8df2d9f368c1d01fd4cd5d888b5d438038,1764461451,1764461455,2445,97306,,
0xb6e913ea9361b8d1354aa2571b4857250c2d8dab811ed262d273ec51d4b23340,1764461451,1764461455,2445,97306,,
0xbf94a45ed43dd6a6458c2a549d42ade603fba080813b2cac7f7dbd134c908c7a,1764461451,1764461455,2445,97306,,
0x492efaa817e8ec65c7980d7024d5f05ed5d714f1d16daa6af78d580aa8840854,1764461451,1764461455,2445,97306,,
0xf34535d09ef87b32177b8e0a44f0920df91b8542c7c59c5d0a4ad93bad3f5d56,1764461451,1764461455,2445,97306,,
0x655be9c3b318fc34652d5e3aebf377b17a39b3bf3f06542eef9b2f4b71f413b0,1764461451,1764461455,2445,97306,,
0xfc89f693d553091c3600d7e457d4ef1e67e6d006a1fa6a920422a96a446dfa95,1764461451,1764461455,2445,97306,,
0xc4d936a38ae57b9b7ba99e9d1b1318ebbea0444213ff3cd1f6a8f7e45b77abc9,1764461451,1764461455,2445,97306,,
0xf1b3f5697202ee116486cac1a39b4045a3eb0f7eabf54bc2f297a94f7e060ec3,1764461451,1764461455,2445,97306,,
0x4f1e3634d4342a9f8006b208fa309d7477811a5cb1b51fbdbe820129ed726d5e,1764461451,1764461455,2445,97306,,
0xf6fec272bfcaf44e173466712c218440aebe0e024d2c7d8ee8c59239aee99d3b,1764461451,1764461455,2445,97306,,
0x651f99f5c8506453ba98f1e9964bc8f70c2b14f986065f10dad37738c575afb1,1764461451,1764461455,2445,97306,,
0x21a569e2aee1a8eed91b15decc274f812b9d64695dcf406b76ed1a538a8be0eb,1764461451,1764461455,2445,97306,,
0x85fc9b6aa7dcd53880250f274daef6b6df479c077f056899dafd98e8da834a19,1764461451,1764461455,2445,97306,,
0x4bd9a4aee221be2b62e86d1a82bcb39d1ec8cd7359cf5129d3ad08d11dfa81d2,1764461451,1764461455,2445,97306,,
0x52035600aa68597e8c714ac722893b2ebdc9177ea0b57273a8a5d2c514ead254,1764461451,1764461455,2445,97306,,
0x8e3aa4af1f1a5f52e197409d968458a2bf46bbee67503667e6cacaf32970e861,1764461451,1764461455,2445,97306,,
0x63402ca4cf406a1493140f179f10a894094b1781b0d6a9abaf37ce1e91e1b3a0,1764461451,1764461455,2445,97306,,
0xcc1713ad06d5a8193c44f8fe879b0ce40ddc44c8b54407686a2a762cbb7a9f34,1764461451,1764461455,2445,97306,,
0xfcb30d2b11e842e0f674d43fffeaeababb6aa44965f61d55c30ff1530caebcc0,1764461451,1764461455,2445,97306,,
0x15a78f5d5612cdb89037fda1a80470ea81df92cca256a831cdd4f65fb823d5fd,1764461451,1764461455,2445,97306,,
0x7f1623f10f9b3872b813e266d64af4801daa66bfa8fe07c34f17bb9c83481ab7,1764461451,1764461455,2445,97306,,
0x75feabe525c56433f2e5f92abaf7e7033a83148de84fe773058f33c2570a67c9,1764461452,1764461455,2445,97306,,
0xf5050e2cfcd9625dd8635cf5d3a80f13da555f68ac7aeb31a62437d99fcc3455,1764461452,1764461455,2445,97306,,
0xdcf95a1b38aee1adb8dd9a3fa2f8c88cbb551eac5d337c07bbb918e4e8cfad52,1764461452,1764461455,2445,97306,,
0x56260bee651b1fc5b0455e248699e1aa0e88313311012df43265fe51e9de23b7,1764461452,1764461455,2445,97306,,
0x65185c2bcafdd3b44de98f4390e0e3a139dd461972268a67f66205f7a0eeb376,1764461452,1764461455,2445,97306,,
0x9b582f32d31b41dc30e1f1b98d32695464b07686b1c9be4836a23e6bc148d9f5,1764461452,1764461455,2445,97306,,
0x09dc5815c791b37b6461d080b76019bc18abbf49136e9ea571ac30b91e502e09,1764461452,1764461455,2445,97306,,
0x579706c05d784e8051b662a7febea81d72d7025e1de3e20a6b0378d93ad5d736,1764461452,1764461455,2445,97306,,
0xdeddb6aa35a92325364ef770f49022bbbba7fe110209c32675dcb908c7e3c1da,1764461452,1764461455,2445,97306,,
0x3b3971f4ab26e3e145638785e4274a4d54187fbb87d07c9cd193e1adae88b92b,1764461452,1764461455,2445,97306,,
0xf14a70df082e7999963c2588d13b8311175cdd201eb2df6475b1526578c30328,1764461452,1764461455,2445,97306,,
0x87fc4b770de9101db58df5416c675a372ee626819df439678662d0eca6d05d65,1764461452,1764461455,2445,97306,,
0xc6b84b5344a663e61ff23ce3cdd3d8c7a5dad044c48bbccd5099fba57a837fbe,1764461452,1764461455,2445,97306,,
0x9f19b4be3b60d6698c2b14a743de5d473db7a5317ac081e73b573d2fac1b3d68,1764461452,1764461455,2445,97306,,
0x9fe7f9756e592213d6181552730c67097377a8c38c3a18c6d923f4db22542470,1764461452,1764461455,2445,97306,,
0x8a757334301dfa307357497ffef35c4330d4f3b821a2c0514cce1ced6ce267b1,1764461452,1764461455,2445,97306,,
0x29bab0b6107e8bde3ee1feaa5ad15730e5ae93977acfcaa7d84b198f2bd17208,1764461452,1764461455,2445,97306,,
0xc2c541261bac1f5d7856ac674c65e62316153e81a9885eedeeabdd0d6fc04d01,1764461452,1764461455,2445,97306,,
0x88c4c2105b52926d99a6cd62b33d6d2f4ab0e396346519cf1d21b2854a99338b,1764461452,1764461455,2445,97306,,
0xf611339dda7abc801b7e32a2f00a13a3ebd4058eab57862f7a5b6ff782be98e6,1764461452,1764461455,2445,97306,,
0x5df5c47806a401e3d55e12f9eb1a206adb3a0d38fdac49e6ad25eb59349d4bcf,1764461452,1764461455,2445,97306,,
0xef15fc25d6bb604c5bf6e4289362159c8779fd3ef8be872610487fed040bb3f3,1764461452,1764461455,2445,97306,,
0xf66c7fa1521cf1faaf73b12ad6b69408a2af5bf7ad0b7d7e9991d3229c28f7d6,1764461452,1764461455,2445,97306,,
0xb87f6bca4c134218ca4c4115ee454552253d36ee1d995bc53e8ee4b5a5184e94,1764461452,1764461455,2445,97306,,
0x5ba0b601e3c0c0da2931def87f623e6cbfabee7c4a4ae4011d77070c9906543c,1764461452,1764461455,2445,97306,,
0x8d3a78a15dd6ce916d3a2078076b750fbc7307d1b8fcc6e5d4223d0fa5c2cd60,1764461452,1764461455,2445,97306,,
0x92c6af32e4a947024eb6027ea251d8a767df717e082bc5bc95377998514728b9,1764461452,1764461455,2445,97306,,
0xb12aa4dd424d39e341c92c005867eadcffbe894629bc975cb96cfb2ac99623ee,1764461452,1764461455,2445,97306,,
0xea67412d98083aefcce9d377ab858f4808aaa048f45e16577b549b969e6d0956,1764461452,1764461455,2445,97306,,
0x99fc33d8786d2d1838551ca3b551c40d5a8f2a1edf02faed27dd3fee6d0c114c,1764461452,1764461455,2445,97306,,
0xa1283a3f969106201ff67f8eb3587c1bd6d1828c6f965ca3bb7fe481f601d520,1764461452,1764461455,2445,97306,,
0xc68e454fbf9a78de8ec10862c83ec125a80f71497f2f7a1d188077f630214de8,1764461452,1764461455,2445,97306,,
0x7aa6143c7e829b6f0056635744361c3be1d008231c5d88070edf055618989a40,1764461452,1764461455,2445,97306,,
0x9d3e62f44f18a33871191a8fb27ab9319ea64241d8bb30041d6e58208fe9540e,1764461452,1764461455,2445,97306,,
0x59d3e3fcece62bf2f25ca9d48179805d0479e9d6d8140be0703734752979bbb5,1764461452,1764461455,2445,97306,,
0xf0410ff9cffdabae68ab1b19a95fe7317a36b43caafef309c49d2fe11611ce56,1764461452,1764461455,2445,97306,,
0x7fee1088e0363e9cca762df914305ea6b9ad347af37f3f930038e661298bc39c,1764461452,1764461455,2445,97306,,
0x639d027f7e4c915a13311a14e4b1ba34268a086ca9c2c401e8c33985fe7d56ac,1764461452,1764461455,2445,97306,,
0x5191a433bd59f233a52699c8d7a9b5215c6e9b67812188b7fde11e39855f34fd,1764461452,1764461455,2445,97306,,
0x469a979928075d5012cce78eef5c39eb916d1e07b29092593ec16a588de53481,1764461452,1764461455,2445,97306,,
0x22e0e6ddf209829dc38a4210b7700e3ede6206c9b24cac5a35892e06000eceba,1764461452,1764461455,2445,97306,,
0x47399d7644f53ae7a17b95924200a068d81704c3564510cc374b97891e4a3d30,1764461452,1764461455,2445,97306,,
0x33e30872f84251834792f09f65a57b521c656cb6e368c36b7e318e85ad4ca84c,1764461452,1764461455,2445,97306,,
0x11a59995407c5d36ecc4399c5496a8d9a57f13f7e8d73c28a6c5e8a17f1c6306,1764461453,1764461455,2445,97306,,
0x8d6478edf54c6c238bb133678cbd20f1c83917b9a0e04059ee2d0431695de11f,1764461453,1764461457,2446,107722,,
0x52cf79c6d18193abce131ddda7bd8d2922c936532a3611111cc283a8c5f73e3a,1764461453,1764461457,2446,97306,,
0xfb6a2834cebe5895d8c263905fbef3a149406ea890e213e50651f1ba30c26fb0,1764461453,1764461457,2446,97306,,
0x3c7519e457c411f9950680e2617e4ffabc4409016f04c654de1e42c605eb11d3,1764461453,1764461457,2446,97306,,
0xd5cb4d002ab9ae4cd25d4ab520a29b21a2d9d126eaaa4e178aa2927596a30021,1764461453,1764461457,2446,97306,,
0x380ec65b1653c49267edf974aff7eb56225c82a2c29692ad50e7f63d5737e01c,1764461453,1764461457,2446,97306,,
0xc0975be0ef959ebe175e684cafa74bbe4123c4c63777df340aef0b62006fefd6,1764461453,1764461457,2446,97306,,
0x5cc9464677426c74eee4ea7e156eefded9fcde9b14df1b57ab0054ca0be78d50,1764461453,1764461457,2446,97306,,
0xe19df16b949925ce7f83c8136bd124accf53ee0999934ea2fe3e0822ac8516b1,1764461453,1764461457,2446,97306,,
0x273aaeb2fbed761a57e1604f4a8ae8e53bd20c2cf24796b2ffb873d332447f63,1764461453,1764461457,2446,97306,,
0x75bd350c65ea901d2f611e38c8e58299ce08b248b4cc2bbe4842cb1d38ae83a3,1764461453,1764461457,2446,97306,,
0xfee42cc983d1c2d53d61441cbeeaef99a9e9a37596af947d1d59230fa21f811e,1764461453,1764461457,2446,97306,,
0xfcbc21e1a1f5c119c2b10c45a588d298ea3aaaa6b7ed35a65d43eb90d1b5ef34,1764461453,1764461457,2446,97306,,
0x49977e05457a8420cc0ced7dd6c882fa08541f3faf63c9d6c304a468c5b74e42,1764461453,1764461457,2446,97306,,
0x76cc833e701002fbca7b1bb66e01b7b3e39bb7c54a4da508b7d9712a3e19943f,1764461453,1764461457,2446,97306,,
0xe40033b986559e68eaf550e32e5c4a266c9b84009af1f0753b44f7fe901e6390,1764461453,1764461457,2446,97306,,
0xc551d88a2a50186ef86c83fef70e0bc26706ed51eef2e4bf759f593815007551,1764461453,1764461457,2446,97306,,
0xc34a1dd20324f6578a1d3cb33a0f6d70e660a50c5746357193282c45805e97f0,1764461453,1764461457,2446,97306,,
0x2c16bf2a2ed819ac9b5917fd8a046fee7ce3d8d2f6096e66c8c0fa8f556d206b,1764461453,1764461457,2446,97306,,
0xe2b12a6659fac66f81840016b71c0877aa2cd5c56ba71f160b59ca5d5512ea9d,1764461453,1764461457,2446,97306,,
0x6bd67a9f46d8e439e2171750bd6a2d792d97c933020ead5f9d836df08a7f8817,1764461453,1764461457,2446,97306,,
0x7b4d394715bacd0ada9608b1459cf6e953f3445f2e23fcbde84da2486f6f2ed6,1764461453,1764461457,2446,97306,,
0x10985ed91c1aad521d23354dd8e92be240a76ad3033eda0c560f136e13a92a37,1764461453,1764461457,2446,97306,,
0x3395884a182ea1f500948cb662839a8e4b3bce749d30d134be9c55dad85d1bf3,1764461453,1764461457,2446,97306,,
0xc6b14e8e3e8f69a46b0d89417935bf0b445425f06aa26800b6a791bf8a07a461,1764461453,1764461457,2446,97306,,
0xfedbd596fb9905b6bfa75b85fd66cb6e2a6c5317b63db41af85bc03c0afbd1e6,1764461453,1764461457,2446,97306,,
0x2261a58fb3c3198c28b43d42ca227464b0c50c989671c99425bcd257ed721c42,1764461454,1764461457,2446,97306,,
0x924b4fe0517e0fdcfa5127b2dd3abbef5a0d28fe8dda3a96412c7148c89500b2,1764461454,1764461457,2446,97306,,
0xe2de955fc9489194b6bfaa100da2a7f2dc069dd6cbdde84873b3cd9f10d217c6,1764461454,1764461457,2446,97306,,
0xc2b2d354f617085c479ba01859f391c7e39495701efba61fc8056d2b4a088fd4,1764461454,1764461457,2446,97306,,
0x599e733e7eedad67268404132e17a25c7f4d3ea3ed38172ec719201cac7c050a,1764461454,1764461457,2446,97306,,
0x58f9f40c8e5dcbff172423a3e76d43fa63bb324ed35ed74b2278ba6c90992517,1764461454,1764461457,2446,97306,,
0x2d21e38b0c1aa7b92f9d94ab6b33eba2eb95d73d986bf7bea16949a9d55f6152,1764461454,1764461457,2446,97306,,
0xc026769ea9be639f45d0ea6ee0e90746d4c2870f0bcc33fd1c8055eec3209a9c,1764461454,1764461457,2446,97306,,
0x9ef9530c595b41de48c2ebecde99f63ce5124ed043b61070f081e82e7d2f3ec0,1764461454,1764461457,2446,97306,,
0x4e5856c3f3097e9e56fb24371412f68f3d03be779762db6af66d398d09112a5a,1764461454,1764461457,2446,97306,,
0x18ec9890505245c0dc062a83f966c46d4800ef7d1bfff3941159b74ef475e0c7,1764461454,1764461457,2446,97306,,
0xdf367f25e7e4e667d61b98ec46bd4e63527b081e1efc84d635c821db7a36bc2e,1764461454,1764461457,2446,97306,,
0xd093d4d79e21286e4082430727adda3ac67651dbb6b7966cdecdfbc6bc0ebf29,1764461454,1764461457,2446,97306,,
0xb647efcb4617704c5e4b7a0ee4bead1ef1eb12038613aa1e5a43c9966369ab88,1764461454,1764461457,2446,97306,,
0xa33c6ad023598207252733753d105085536af445c9a5e86f6ef2a1ca6a52640e,1764461454,1764461457,2446,97306,,
0xef7f0b2cc16a8c71c5ad11634be78f7b98015210efb2bea40a18ada5ffd4356e,1764461454,1764461457,2446,97306,,
0x8888ef1a0d0ea7974102e87eff9849058250977cf10917b6c3bf2b976b7abbbf,1764461454,1764461457,2446,97306,,
0xd18a0e3978a737728d29bdc03016b417d22ccaa4432dcf2c971f02ffbcaf6396,1764461454,1764461457,2446,97306,,
0x7142e19daeceef42f732832654b07a28fbdb2a39d3a2582a60be6dd3f23531b5,1764461454,1764461457,2446,97306,,
0xfa6b05ec1ceba3b4e5015519db6e991bfe522ac9268d63a5e1122bc92572bc7d,1764461454,1764461457,2446,97306,,
0xdb683c684e042cdec9e93a800409bd05d4dfc7cb15e07484bbc8b8834f5e36d9,1764461454,1764461457,2446,97306,,
0x4d19f86b1513c0f9f9171dbd0d3a679b9c9eb19ae901c7bab2e927a5f052f549,1764461454,1764461457,2446,97306,,
0xa44c5d921b1a4390b133052cd7ebd3cdd7af6525251c3573857ba2eab11ec437,1764461454,1764461457,2446,97306,,
0x0728ae884da780e5090d279fc5b192697c3d64e40ad36bbb29c732c4ccde8eef,1764461454,1764461457,2446,97306,,
0x8e8a2318d16dda1914e1cba9a6111ce04ae286d428102da2e7c36c3cb7a0a8ed,1764461454,1764461457,2446,97306,,
0x08c560fbfa6d922b8e06efd5a45688f3300b0c4def2f0209c93741912d3ae4f8,1764461454,1764461457,2446,97306,,
0x6f21cdf792a5f909f7ed4183c53e06634b9d160fffd25b6760e4dbfe39a39c84,1764461454,1764461457,2446,97306,,
0x03512c75bbcfe1d5dc54d7557785fceab460b1bde7a999a777fc0a829984ae77,1764461454,1764461457,2446,97306,,
0x9e19da28a0020c9af6896946cc1a6a41258b7ed7c270cd56f83eb08f469afdf8,1764461454,1764461457,2446,97306,,
0x8f9b812e36e74de907f05a331acbf35a232f0ce189fd84c1fde83b17265987d4,1764461454,1764461457,2446,97306,,
0x832f11ca643cbcebf58892cab0cd09ce446b0b0325a59c6e66755667341be2eb,1764461454,1764461457,2446,97306,,
0xc2051c2256e75c903192ec5275a3c59fc89dd04ea6be07f001e69b95c6732466,1764461454,1764461457,2446,97306,,
0xd1f06076ac43c9da8dc15548b5054d4fac5dfc7c43fed06fc3bf384a4e8cea54,1764461454,1764461457,2446,97306,,
0xdba091c283bff8b6c0785c29f41866d925f9f6c5df569a45eb5c5199bdd2581b,1764461454,1764461457,2446,97306,,
0x3350f74ca23d097ad0f7e52ce687d96c01bf8902aae3a4b8216d844fd057a214,1764461454,1764461457,2446,97306,,
0x143e6ff2f5632f13aa78b76042cf04e4b92726cdf5cf51753640d2836de4a451,1764461454,1764461457,2446,97306,,
0xf20c4739950e5db029fe071b0e009a9ff5470d38dbb1319e74428a73dfff341a,1764461454,1764461457,2446,97306,,
0x403afd5814430709e51afa855e31edc971a19415d5e40d0a3c94e8063cea3210,1764461454,1764461457,2446,97306,,
0xdc01ccb617ada58c59d404638e2c7d92a6ef3829a16c42406e2e90d8c3099c0c,1764461454,1764461457,2446,97306,,
0x7d34aac2a7e843deabb5699183bab8deea838641f8b252e42891dfe41b138124,1764461454,1764461457,2446,97306,,
0xb9511019fcfb3c679b31abecf26e6cfab43dfc376b4724ccd2aff12eae575b50,1764461454,1764461457,2446,97306,,
0x5cb5d642850c759c8912d9b10c03aaf0814eab0241704ae6f2920a35dda517fc,1764461455,1764461457,2446,97306,,
0xf340bc535638b1a3041e0fe77c6c62c85f8c3f1344f6246bf0668a2d29462e05,1764461455,1764461457,2446,97306,,
0x07155bb401d406c271fae6ba83ae42ce6ef130544b55a427d0f90923f6279e7a,1764461455,1764461459,2447,107722,,
0x0ab1d75b3f3f22eb6b1c9be730b8f34576b0d33da898d61cb693193dc7fb28cf,1764461455,1764461459,2447,97306,,
0xd92f19ff8702137c15f9960fa52327ce046cc524f7092c01b86d910692c3a83c,1764461455,1764461459,2447,97306,,
0xcfa615adbe9a2829327fb60d7d9243fc4cf19aed95e2d5eb5af7a04218335614,1764461455,1764461459,2447,97306,,
0x7ad6363f9c6bd08a2c52003f38eaedaa056ee6298a592f68c4aca049cf677c5f,1764461455,1764461459,2447,97306,,
0x71b9fa6b975e2e9bd3ddb954125b77c234e68aa2206160ef96402bc987cbee40,1764461455,1764461459,2447,97306,,
0x1201111dc62ff792ebe3bcd6c4f5186cdd331fbb45e78909070b837e1902bd2e,1764461455,1764461459,2447,97306,,
0xefbf24cd984656f93d294c7c88b431c5a35166d20a46ff2641988c46b69cfa0d,1764461455,1764461459,2447,97306,,
0xbd96ab5d644d1603b3548d49507c2dedc307635615df4c166f8b187c7b69058f,1764461455,1764461459,2447,97306,,
0x7a75bd42a54ff8505780e2188b4ea1fa3b560e010c32be7290507268e4bc1be9,1764461455,1764461459,2447,97306,,
0x19904aae8e88334a2a0a0717cae0d245928d32384ce4967a903b2e9d9f51a7cf,1764461455,1764461459,2447,97306,,
0xd394c67131415c8fcc76c4f55f2472921775591f89d5d98befbfa28ea7a5b44f,1764461455,1764461459,2447,97306,,
0x721d25c4c604855f056d356b3af880ae009c51cbba51dfc4b48e50290f66751e,1764461455,1764461459,2447,97306,,
0xfc8232eea712d27c4c53d02f99290f9dfc75b40f9609ca3621181e1e6e04cc1b,1764461455,1764461459,2447,97306,,
0xe170674d2f4937a8a095624df8c64e32e1a3ddc5b24b098201fdbfd25ae00006,1764461455,1764461459,2447,97306,,
0xf546e444c3c88fe796e0664f7cedd1ac419a984b58847127864573106d08e1fd,1764461455,1764461459,2447,97306,,
0x448228e69305fe05a8aa920a4c156e2fdc6d39b94e2c4dd023b473bd527ecb6e,1764461455,1764461459,2447,97306,,
0xcc57ded47fc17f8ca1079092ee99298005b6e36fbada69b2b129398044672533,1764461455,1764461459,2447,97306,,
0x8f05f34999394400c5ebcdea688b2a1c3c6a863c3dbefb3b4ff9c1bf0c5ae32f,1764461455,1764461459,2447,97306,,
0xd98c51501ba0fa7831455cf937a0ba5a3caf888c86142c9d5f466d0cfaf3340f,1764461455,1764461459,2447,97306,,
0x0679a3e9563bb576da90fdfde479ed44ce8865a563b067e5c92435614a607517,1764461455,1764461459,2447,97306,,
0x6bca1f69778cf1a3e7752348512a6f61578e0a6f630ac302a919f5cdfbf81403,1764461455,1764461459,2447,97306,,
0xbc55d8604309ad6d611eb47659e1e1830527d701c61bb3fdd7f922888b1fd43c,1764461455,1764461459,2447,97306,,
0xbd855868b7a6fa0e21485fb0250ce6dfb9ffc31afef1c87fc2da952d13847ea0,1764461455,1764461459,2447,97306,,
0xb26bf8c0d1ba343c993f8276b7e0c2f9394b8d2d4cdb6b0b0c79997802c95c08,1764461455,1764461459,2447,97306,,
0xcc82eb4708c03ccce7a2c2e6edb58f7c48fb2c6f2fa51e47ab857eed47638f4c,1764461455,1764461459,2447,97306,,
0xa8320272c069b50a9c969b077ad5dd5e6baa0c3a32197b09bd2cf1a4ad05bb18,1764461455,1764461459,2447,97306,,
0x2a72206bed6d35244cc0b72d7872ea7df6beea728320aaaef1439b18f3d95e77,1764461456,1764461459,2447,97306,,
0xc630038e0e7ed960b4142194d43abb0021a9b194fcd027ea15ec4cb88e63991e,1764461456,1764461459,2447,97306,,
0x598a48c41f159aa3c96cf0c9ae947b152d1090f5f2c069cd4a0874fdabbaca9e,1764461456,1764461459,2447,97306,,
0xc7ff736586add524aa1467e7b6ef16df1438d73cbff1ef224a7eb9f290103d61,1764461456,1764461459,2447,97306,,
0x8fdc5b2ae93ad249c7cc5f3a09a68f54f8afbd165374935fddb58e545a5011fc,1764461456,1764461459,2447,97306,,
0xe2d4c9eb8f331e12a319ac120be0aa90ca2bd496cc25118f0606cb74b654d299,1764461456,1764461459,2447,97306,,
0x5c5988dcdfd4270f3e2f836666ee47148771d1075bf3dff2f8292fd2dd1fe835,1764461456,1764461459,2447,97306,,
0x10d73454d480acc9550c472966db4cdf883c30247d9a91d7c44d7437742abee5,1764461456,1764461459,2447,97306,,
0xb6d2482f9b9b70f7496d9eeecf10cfdaf7fb03c1ef0f524761ca05306e8676ce,1764461456,1764461459,2447,97306,,
0x7a8ebfacd0e0563cfd995f01cdc2075929e1f1144037dfc65801c9e34c6c226f,1764461456,1764461459,2447,92506,,
0x0f6f25cdeccd4d138258a3f3dec1a832961d02d1055d4d66edc4db176c21da86,1764461456,1764461459,2447,51194,,
0x6ce6b088b3e05a5458053678c159bd3f867e99157b25867d7fbf3f9a7a6a5f16,1764461456,1764461459,2447,51194,,
0x4e0f742debab5f709c3885044822f00cc6ba8ea4d426291845c64640e3e432ae,1764461456,1764461459,2447,51194,,
0x448eaa48503ae704efd9afb32f37fca7231d839c23e8933a26a4eceeb6cd1cf0,1764461456,1764461459,2447,51194,,
0x1223fe2fe117c7650debb5b946223835f49557b255b1943b1c128de5b2e1b48f,1764461456,1764461459,2447,51194,,
0xdb85cb290d762797d3f4007dbb6cfb7eb3f0060c489da2d54b39d07455091b24,1764461456,1764461459,2447,51194,,
0x87cf0443a01641c5006dd6a420aedfc09d8574cad4747cbfad07afe672ee34a1,1764461456,1764461459,2447,51194,,
0xb77b3f3437161ccf041fa9646192339b29c66ca7a94637dd0e7619f52420c442,1764461456,1764461459,2447,51194,,
0xef0544fe5e2920417dca06c447e0a0799d36f30e43e6199c9c89f052b88fd0ce,1764461456,1764461459,2447,51194,,
0x0b9b6d417c006d427444bb2363bb4ab986adc0e32fc87473aa43b3d8297876c0,1764461456,1764461459,2447,51194,,
0x81749637b2d5711d10d75c04fd94076cc6e26abc810d616a955007329982199d,1764461456,1764461459,2447,51194,,
0x3cc04e559d95c63502139404e10b20bb862a7975cc4ff12036c82b8032566be3,1764461456,1764461459,2447,51194,,
0x0e55e1860e8968f3de422a3710b3c75e4cc3e4e80e885ed35974ba685394b603,1764461456,1764461459,2447,51194,,
0x17d8e6a91ba07f06d89b6ef909f97e1c1310f6e0a15d07e5e0b840add0d637bd,1764461456,1764461459,2447,51194,,
0xca87d3d9005d89bf70bf41def34211ea8ac42eb6e23c640528b54e05c2b36f06,1764461456,1764461459,2447,51194,,
0x7ac9dd3e6444ddb5703db4d006954b459ed647f29c19e6824b7bb56a9051adf1,1764461456,1764461459,2447,51194,,
0x4887ede90b5c308eb0d09796b7aa96ac6e017a99b4ae40d12fa4fc19374b7430,1764461456,1764461459,2447,51194,,
0x73e562404c607bb979e400578251af64a1fc752f11c876113b5c6a15b13fb63f,1764461456,1764461459,2447,51194,,
0x4bfdc99e7657230d6b7c51068105471058a20bb7efd8dda5c1fab4faf6620c49,1764461456,1764461459,2447,51194,,
0xd7666155470151a8526f8e403c862ea63408486000574088f1731300e124f5df,1764461456,1764461459,2447,51194,,
0x8436911082c85d8a0aa4b6a0a76ae74c3890d59f68edd00e1fc61ca808b3b766,1764461456,1764461459,2447,51194,,
0x66094e27bf73a0a70e91a160e855811edb0dccd6351bc3d8d95c77590f0482f1,1764461456,1764461459,2447,51194,,
0x06894d2ea31b3ac7e42f2d63f201e3a518ef385fb5297247f52ede2417c341c4,1764461456,1764461459,2447,51194,,
0xc073cf27caa64243723a4e2e7621a777bc48ba4e053ef7ccbe4a4f08e8f0c910,1764461456,1764461459,2447,51194,,
0x0434a13d3df9e2ca16d431a9bb1bb6f2add4ebdb39257e8208d3be2c5f1626ec,1764461456,1764461459,2447,51194,,
0x31ef0b01e0befec9a827321df99fe9c4fdf5ae1eefb55624f31549eda5ec548d,1764461456,1764461459,2447,51194,,
0x7dc879ad17ee1a173f7a22b70be16c8f62e0475cf2d0f725eff4cc3537ad7279,1764461456,1764461459,2447,51194,,
0xbf74bfc50fa994b0e27823f1c5de282fc248f42609fd93470e6b6f8460a4af15,1764461456,1764461459,2447,51194,,
0x814d28fb503428e83fe112751f54b0a51af108bee0bda51e1b3059ef638e126f,1764461456,1764461459,2447,51194,,
0x886a585ef7106d79e5471c8437131209331cc149c4f3db3390dea475c8cbedb0,1764461457,1764461459,2447,51194,,
0xf0d1c30ce8a85a9f7c8be88ae77b6ceebbf745927702cbb455bc0dc6f5efdf94,1764461457,1764461459,2447,51194,,
0x221a4fabed54d6ad0ff8800875c46f2c1d16d6cc703debb4f7e119e2bca76cd4,1764461457,1764461461,2448,51194,,
0xcb1df7439a1cf5fe24b28f161bdb6c02be4079b8c029f13e8cbc4c905df4777e,1764461457,1764461461,2448,51194,,
0x8e2e9277726820172cd7bc11319c90195d263b36f43ee1d71b7f421eecfd30b1,1764461457,1764461461,2448,51194,,
0x3f48a13f227be7ad33cca91aeab1777a5c656803787edc019b97495ef99ecbc0,1764461457,1764461461,2448,51194,,
0xdd4ac96ed1f6862bbf3c14de90dcc5629c8484d166bfa8fdb02092687f9cac18,1764461457,1764461461,2448,51194,,
0xa98d214bb3afbf36a5664c8a46b239dc311a5beba27447c33a3ff32ee1ae16b1,1764461457,1764461461,2448,51194,,
0xab752d406e212801da768b79f69ee8abbfe63d51ecbcae563c55c1e5e5c28e6f,1764461457,1764461461,2448,51194,,
0x5da218b956aef6c2bf17cde40efe72cb97ab84d15daea95395221f320e12b2f7,1764461457,1764461461,2448,51194,,
0x3b919611678d5641d38f23c9104baba5f85b76b9dcc13f9324b6da00d8e327a0,1764461457,1764461461,2448,51194,,
0xb16495623aa4cb0bc84f98cc2b61412f4c99b8c2bdc5ac35bbeed0c55c66f6d0,1764461457,1764461461,2448,51194,,
0xa228d73b2130b5e53693791a056d7ebbdeb62af505733f04c3d057a1c48cc2c1,1764461457,1764461461,2448,51194,,
0x5d725cc8f9c9b4bc9d68be4254521cbd3e48cc06be9f0f0edd6bb6cae1f94d9d,1764461457,1764461461,2448,51194,,
0x3291fb543bb4b64e36e5ce3e3ac1803e34a395dcd07b9d308b0f529badbdb8d4,1764461457,1764461461,2448,51194,,
0x6225bab63c9c524c1752acf6ede0b1605f5ad6a33206f437ad3037c4d9d0ddcc,1764461457,1764461461,2448,51194,,
0x70e874b5fd4dc29519265b3592353a53d3b73edaabab0cbfad612057a5ccea4f,1764461457,1764461461,2448,51194,,
0x8c6af52ee8aba23b1389f95e761c93f95a1397ee4150df2326231bcb1d8b6592,1764461457,1764461461,2448,51194,,
0x7361bb4ab03903dedd7c087869c76df466c8f0844f903a635ee438b59d921493,1764461457,1764461461,2448,51194,,
0xaadc8672ce58ecdc322719644e18f65068a3d3867e45ae816ccbde8cd91ad7c2,1764461457,1764461461,2448,51194,,
0xfab49d525313d7e68a9faf8a51997eb188691b5de47fbab1e2456216f2105e85,1764461457,1764461461,2448,51194,,
0x3fdbef010fcfa6c47e0f492a2bb3cfc867464649eb88311d4cf0592b267d55da,1764461457,1764461461,2448,51194,,
0xc2d992b19a7a9c814988cfd429f8712171bf455519f5b99e57d9e7c3ac3f6aeb,1764461457,1764461461,2448,51194,,
0x59f20b20b153979f5797fe700bc1a1a3a6f801263a306f3ffa35ae507322b87b,1764461457,1764461461,2448,51194,,
0xed0118338294ad9871263d3d36a07d781290fc0259996db922423302395fa4a7,1764461457,1764461461,2448,51194,,
0x26e2af7a4595d66157c1af87aea588b11aa2403e388bedc88aee1a7847532da0,1764461457,1764461461,2448,51194,,
0x8b55fa0e6a6c30f8e3027cd194eb11d6a9caa3853257d133719f3144fe5b7542,1764461457,1764461461,2448,51194,,
0xd55659af4e9472da7831a8ba3147cb51f4345795caf23cf160b5e1ffeccf6300,1764461457,1764461461,2448,51194,,
0x86e4b38ce80aed1515344ec21c788669525ea6c23a46a024e424b1aadf680ab6,1764461457,1764461461,2448,51194,,
0x267279095e49fdbdb7a42b3d50bf3876b191a25ea4f69e80f75e70221ef863f5,1764461457,1764461461,2448,51194,,
0xd4bbc452fdd78ceff617376b38ab0670ad6b8f929e23da0732a4ff0691870df1,1764461457,1764461461,2448,51194,,
0x467c4795b8efecaf68b5a77fbab63e1cdd06e00a341140edd6d6bd1134f46efa,1764461458,1764461461,2448,51194,,
0x0308416bdd0fa9dc57632aa406b6ea929ae71c6cbdfb020bf25d3ec9a5e2c379,1764461458,1764461461,2448,51194,,
0x1f574e4120d97ebabd7cda593b511976dc740133a0f24a01fb2f538e9fdacace,1764461458,1764461461,2448,51194,,
0x516f8d045c1ec65f1be96489580eb4c31295513269cf241b544dba059cda3b29,1764461458,1764461461,2448,51194,,
0xc8f2169bcd4dab7360e14b63db724d74c7b04493811188f5f4195bb290a27a25,1764461458,1764461461,2448,51194,,
0x3caf28cda8b1e0848205364ee3eb1a2c3a79cbc30ece8ceb32a531a7b74dec49,1764461458,1764461461,2448,51194,,
0xdac8c9ee7238dc2664e2cba51ace655a6bc6b447831148fe9759568c868003ad,1764461458,1764461461,2448,51194,,
0xf916e988c66a72b115856d73f84f411ad97885f4f8ffd37179338b8da4dff99b,1764461458,1764461461,2448,51194,,
0xb6951b0bd753efc60fa417334cb1cedf90e5b01d74db59e4151ef8c6d61a2d45,1764461458,1764461461,2448,51194,,
0x3ec153addbe3c6581f4000932ce63c08012b2faf369fa7e5ef7ed6eea42bcc6a,1764461458,1764461461,2448,51194,,
0x9d87fb537a612c5d2fd30337f316f8b9268330fb1e2e2e0848f8107ad584e730,1764461458,1764461461,2448,51194,,
0x4f435e3b1550898a0c6a8d9656238c53778052f2a3a16831bab3235b14685e1c,1764461458,1764461461,2448,51194,,
0x0dc99ca295e0ceee41aa0ae7785e459b0e59486c5bb9df330fd71641ff99751d,1764461458,1764461461,2448,51194,,
0xe599085e1368df4cba3d872ac0ae8dd587bd0f27caf62668b1d603bd8ac6252e,1764461458,1764461461,2448,51194,,
0xa427d4450d5e702dd248e9cb29715f1681ff05b35184935a92b202ff48e99e8c,1764461458,1764461461,2448,51194,,
0x0ddd693f33112cfe2fdc1c72e26006b79dba900a1190d352257b55705ac8eda4,1764461458,1764461461,2448,51194,,
0x6364e1e67f670f8ed983e0ad75782bdf205fe97656bd089c98c94e0bd83ab267,1764461458,1764461461,2448,51194,,
0x27acf81158a652fa1c3538490be59b77eea2185e7a50e0d83d0ca52411e5b09f,1764461458,1764461461,2448,51194,,
0x4c5f4e899865ec08fa48d7006710fe1c40ef120ac0db26198e275840e6b5ebe8,1764461458,1764461461,2448,51194,,
0xe8b9c99c51a9b44b812d8097458537d099b5d64426992144c458f9fab148942e,1764461458,1764461461,2448,51194,,
0xf12e198f8d4acea4ca7867b56a9703006c155fd6c547ff58f46501ace8c6b53e,1764461458,1764461461,2448,51194,,
0x4b169eb6aea589c667e1f9570b03f3902e17c4b28dbad7cbfb6a7e4092eff2f3,1764461458,1764461461,2448,51194,,
0x316c9f8008bade17b978631d67d84f16a10d49fc41471cb23272e60b70be1c01,1764461458,1764461461,2448,51194,,
0xa053938940b1a6ca2418471b0124021faa423685ba0fd2841d0984e26f2f6f9c,1764461458,1764461461,2448,51194,,
0x5c5db96312357eb25f78ead552bdf53fd74cabe9a8a443525515ec5455b93b82,1764461458,1764461461,2448,51194,,
0x439cf64e966975976899a6d83e9a271d67f62d86ea4167d10151e3fbaacc3290,1764461458,1764461461,2448,51194,,
0x434b563706bba6efad05896a23238d36c52340ea153dda30b2791d4a22b90be1,1764461458,1764461461,2448,51194,,
0xf5d80a6550c897c6202daffcb8b9ec09c7ed0fc97164073006d7f1e725ee4242,1764461458,1764461461,2448,51194,,
0xbbf67f7d40378537ae26610d9e5bc99819e78e2311cec2c1431d774416e2eb3f,1764461458,1764461461,2448,51194,,
0x0a3202931ac25c2875fb2f48bb792c1ea2e68fc28c2c8b05ab43cf955c4c3d0c,1764461458,1764461461,2448,51194,,
0x7c8e46a1abadb138d374b3428f177a3dd48b1f195cafc217b739881bfdcdd7ec,1764461458,1764461461,2448,51194,,
0x91a2be5eb746bb9b389b6498dbfbce39641dcb566e872a01cfa3dac750358f45,1764461458,1764461461,2448,51194,,
0xe2dd2a8551e1d4e3f9b33bb1242e17be4b17dd26f1a94c900b3210849a9c5faa,1764461458,1764461461,2448,51194,,
0x8a2e1ce429ddf5d12df2a80b19ede854da23aef066f19e8f7233d9a69756848a,1764461458,1764461461,2448,51194,,
0xe16ec397a1bbe378abe06b28c6e54f3793dee396deb6f1c5f76457da4b4b6fca,1764461458,1764461461,2448,51194,,
0xd6c582b6988a895972004568b77545f6464159fe712c0eca235edcf0908c652c,1764461458,1764461461,2448,51194,,
0x21ea7c57ecdb3dd7cb828550bf19465920a4d62e66e443765b99cb66a0d24988,1764461458,1764461461,2448,51194,,
0xabcbacd98e6c5366dc76d16adeb54a71c70e2d7abf84854312cda238ce2c30e3,1764461458,1764461461,2448,51194,,
0x2e88d51adc81132e2723f390f2f738545b588363026bb41029a7feff214c0da2,1764461459,1764461461,2448,51194,,
0x3972b5cfb913e02a4aa1b6c179cb2ab375bf2f9c264b5abadaaab65d670495c6,1764461459,1764461463,2449,51194,,
0x1ea9168975cc110cca984d02c14e8d72a48528ca30da558e84790eed494b9621,1764461459,1764461463,2449,51194,,
0x223a509be8de3ea8d59be8c16c90a099486ad8c9fe031fe0fd86f629cb9f2e0c,1764461459,1764461463,2449,51194,,
0xf46219e7b14aba9bc7bff88862cb0f0462556be01fd5033f20e29df2ffe09cfe,1764461459,1764461463,2449,51194,,
0x87ea002b041a189edd202e558afb99ee76d909a1251d566a8391065fa644b44b,1764461459,1764461463,2449,51194,,
0xd6455575ecded37f32b85f536e6af322fe96f11aefb969bcd921954c58818274,1764461459,1764461463,2449,51194,,
0xab30397c7b91f6af9467c173c25e8ae10298dc4fa6373711a9e6ce0a891c5017,1764461459,1764461463,2449,51194,,
0xa8f6d106d60e9ae8ae86e5b8dcaa64094b2b12df66ab6f923a6e48d9c08aa3b1,1764461459,1764461463,2449,51194,,
0xf36fa9184e7d4016251ff4ca4f4498e6b147cc868c0bfb28f4105bf5077c27ad,1764461459,1764461463,2449,51194,,
0xb80d536b4442141f729424d3479faf4fa67e4cfeecd4adf08f4f5ae8e9dc30ab,1764461459,1764461463,2449,51194,,
0x16f37f7c961d91ea497d398548512af3503799311ba132f5fae47751ce55879f,1764461459,1764461463,2449,51194,,
0xe50a09254f6fba3d46ea7c7e64344d46f90e991c3ade878d4981a143b4d5b03e,1764461459,1764461463,2449,51194,,
0x976c9db3400de2ea33c06d4a92c8f1bfba3974178b9ed1cec476bbdbb2ada482,1764461459,1764461463,2449,51194,,
0xb685ede9915de536b13121bc171f663ff87f42e4dacf82902683f34aa8ed40d1,1764461459,1764461463,2449,51194,,
0xcdb8f9c0bd89bc113bf71ccbcf48b6cbd01607f4ea90917f40d4adf55be9dbd1,1764461459,1764461463,2449,51194,,
0x6ac2536df8094c772312b6371ea370124311f61d1138f325e8b4f69e3468a7ab,1764461459,1764461463,2449,51194,,
0xa28d542b71276a5e4e8f11f851b0cb43fe2ccbca2c5251de73d2329bbcfd88c3,1764461459,1764461463,2449,51194,,
0x9844addd38c235488d9279b35f71950da751a8451134c9578fd886926cf4832f,1764461459,1764461463,2449,51194,,
0xd0ac06c4b3de075d248e00325bee59c7c7f5e9efc68d27ba5acdbc99c5a53764,1764461459,1764461463,2449,51194,,
0x9d6b243316844a8bf504f4f32e815201d2dd12812272e088734b0032c7784716,1764461459,1764461463,2449,51194,,
0xd2636d88cae596ff2d034f94e1a2e6da3839ef2580c968a1e0b2f2e21c58cfd1,1764461459,1764461463,2449,51194,,
0x727770f4911d72dde86b34f86d00ae0c6fd1c73555890cdc01c3548211906371,1764461459,1764461463,2449,51194,,
0xd0e44a18ae733ca7f945f60926ff68382ba2a74f8e99360b9f0f5d219ead5bce,1764461459,1764461463,2449,51194,,
0x94bbe3ecc45e80cec0d32e91d4f0e76602e0ca23dede83ff5a37daef059e039e,1764461459,1764461463,2449,51194,,
0xdb3e1ddb3a7e992a196cdb4ff90c8057907bc81e72648b7b658b2515396ba4f2,1764461459,1764461463,2449,51194,,
0x5b19573f18e5d4342cfafee336fb3a5a3ca35ef30b11535bbdbbf6abb595e72a,1764461459,1764461463,2449,51194,,
0xd063097fd6650e126e810eeed7eaa344aea76c400836e88aaf38a8272fe9102c,1764461459,1764461463,2449,51194,,
0x2678d17b13a4cad32637421df7c64787f1e7d66afcfdb814f6f169122bcf5b82,1764461459,1764461463,2449,51194,,
0x8473d12a9781a0280f79a8c5ace81fb66750b744bc23f59133e130fb0375f6e0,1764461459,1764461463,2449,51194,,
0xbf987d19d05f3d2e5756aaf895b96753e16098311164ab59f7c7d9faf2b03ce7,1764461459,1764461463,2449,51194,,
0x52b2023ee9e37b7230f5619ffaa5c86bd8edde586620cf9f9f338ff6f35289dd,1764461459,1764461463,2449,51194,,
0xb9f3a7da73f0e856c4c53d77093dbb144fda5940ecbb7d064fe9ed8bbdf19db0,1764461460,1764461463,2449,51194,,
0x43534e0e9ae2fc22e1534023395383c4b8085d8e76794cbeb587e1bc28162b50,1764461460,1764461463,2449,51194,,
0x538ae5e65bf2c214ce90751d16fd252f8fd6421ae22df17ef293fe310f9fc447,1764461460,1764461463,2449,51194,,
0xe52023a09387a167c1877b42aee8029992ad95186da8bec8c3c8e60068be48a0,1764461460,1764461463,2449,51194,,
0x55a52763cdb84e5c9b2c652f8708d9d181791773fded58edf2518a2357425bdf,1764461460,1764461463,2449,51194,,
0x66b25b32a576bb8060230bee121e55e8ab30324991d052fe57335b6805a09024,1764461460,1764461463,2449,51194,,
0x1098c813a96c658040e65ac131d1588d0e69bf394a48fd3279ee25519c44fdc8,1764461460,1764461463,2449,51194,,
0x29d79433301e24f8483ffd1da2402f145db5636246c6b306ff2b196c7f33996f,1764461460,1764461463,2449,51194,,
0x1c5762b8319a745b84f01b847dc13424050a0a8a766c38aafddc76f508140f96,1764461460,1764461463,2449,51194,,
0xb37e8aecafb19c14b28079af252b22f4e61cb67a82f85150aa7fe96cc4fc9b40,1764461460,1764461463,2449,51194,,
0xf506d323ef96609c44ec2a07aff699ed3887d6ad3baa7deea0cdaad4c9426cdc,1764461460,1764461463,2449,51194,,
0xe1e65251cd9f3a9e661cdc394e8162aa7ddbe3c7c476f3b59567d568b6ab0d2f,1764461460,1764461463,2449,51194,,
0xa147dc5b4b60799f8b3e7e97cb3842b6c67a3d4597da9abcd245aca757b07064,1764461460,1764461463,2449,51194,,
0xe96eb0c9468e1151ffef9fbb0eee665b1b715c4cec73e84d1bc7a20260edeebc,1764461460,1764461463,2449,51194,,
0xa366b1f9cddf70d1951cff5ead7916d857837452125adefb42165b0bf10cc797,1764461460,1764461463,2449,51194,,
0x6a4adf5930a5e072d8a1f81e2b30ec3d4a67273e93c1a60a3556c3f4a343306d,1764461460,1764461463,2449,51194,,
0x5229c4ccd3bf8e3b43d5406130d9113d7e27d9668cc0f8192bf49e323f3b8019,1764461460,1764461463,2449,51194,,
0xeb59e1892018d1fa0c2792cc841bc27263a6c66adb1d05ebcd3105c81a7ca242,1764461460,1764461463,2449,51194,,
0xd3ce8237f8750d76feb240387613ae2b9e5ccdef425c0cab9b1847db0c0a61cf,1764461460,1764461463,2449,51194,,
0x69c888716435518f18bc40b710a4f47ddeadf41a9404d7e4c9c5d547b4879e8c,1764461460,1764461463,2449,51194,,
0x63587c1efeb5a727b020d2086d70807462fa193adfb7a6184b401aaaf1da7538,1764461460,1764461463,2449,51194,,
0x2dc5befd15f58f3ead92999f5473caaddc058188e9becfb287950f84a76485ff,1764461460,1764461463,2449,51194,,
0x5efc5bc462b1db72f59c4a91186a1abe8fceb311e776ebedd25b09d0a4f9b944,1764461460,1764461463,2449,51194,,
0xf83fe9bb737bf390100d1544b162beb504f5ee884b3a5d143ec56242482effd8,1764461460,1764461463,2449,51194,,
0xd5f5891bb6e9c9240319cda8ad05f7132c5c82744f3ff0c8f1dd7124e0a2a49b,1764461460,1764461463,2449,51194,,
0xe18df84e13e5cca28dabb4429673a34e77c3ed053da34e91896401761e7e1224,1764461460,1764461463,2449,51194,,
0xc4570459ebedd73034aeae21209535bcf74f663db8a7acbbdfa6e778489bd58e,1764461460,1764461463,2449,51194,,
0xe8b8221bd709b542e79950c79f5c2b7c1e13d80298ebc19429ccba3e8c9d028e,1764461460,1764461463,2449,51194,,
0xc6379880992793d36f8d8d4a2738ef648140b36ccc34ed35e8bd1b7867ba98f2,1764461460,1764461463,2449,51194,,
0x3fb225d1373c931bfc32c9c293092a1e8424574f1e44d9e73f629300a0c7b41d,1764461460,1764461463,2449,51194,,
0x7b71f0eec05b86b08cbc58aa81bd82e1dd07952f029ee9204f18cdd635a912d2,1764461460,1764461463,2449,51194,,
0xb61fb1ed8ddc3a3f2ba4f4446e1e27a988fc2be6354cbfb398fdaaeb9cb8a89d,1764461460,1764461463,2449,51194,,
0x246afbfae6e6686c299e09d87c48c1e2382a6cbe87cfd128b6d5acb4704d5535,1764461460,1764461463,2449,51194,,
0xe1502435338a839b31469e76ea8945766d59cc9cda031519f38754a3e7f9fadc,1764461460,1764461463,2449,51194,,
0x55328b79c538c42fbc2fabf4e0972afed18fcaac4aa2f8e6d33b31edf263b187,1764461460,1764461463,2449,51194,,
0x5057d6c03a096bc5da176176f5e560a3da646735e786eb5e0e793c04cac6a851,1764461460,1764461463,2449,51194,,
0x6e3e252e3c65b84d48f69c1b1d099ca64215c9b7ced88f14aa2184bf5f414487,1764461461,1764461463,2449,51194,,
0x6ae97afef3060802d67df0b668f81da8bbf73317d4fde823e6da728feb4ba8e9,1764461461,1764461465,2450,51194,,
0x14e60cf3f88e01d4f821ba7ded0a9b849ad802ebfbaec79f354a745c2c0089c7,1764461461,1764461465,2450,51194,,
0x466dde1f83af10af5e1f95c862e4b711d70b3f2992c724c04e475e2f1ff03cc5,1764461461,1764461465,2450,51194,,
0x56781d51fc105532b52dfec0b0323e21e2848497941e185887d6ce9bd1cbfbe5,1764461461,1764461465,2450,51194,,
0xac259a21237f29a45be6173dc5fd30db057f1faf1899eb283cd93d2ecfecdfb1,1764461461,1764461465,2450,51194,,
0x195159b360f2d6d473e38ecbf3c8231ac3288e82b197a93f8177fb9eaf477eba,1764461461,1764461465,2450,51194,,
0x3e6b4aca340c399625664eb7f8227fc67ed9e4a051fd73a6a9ad32a46eaf3190,1764461461,1764461465,2450,51194,,
0x3b71d441a1a713ae8aa38eed1ac6dd82fc1fb152ad257d75ed1122b61b9e701e,1764461461,1764461465,2450,51194,,
0x40bb37936f858c1f372bf9ef16cfd9296f18ff191a6015a20549d9ff3bf46cca,1764461461,1764461465,2450,51194,,
0x61076def3c11ed25abbd09739839a90ed70a7eb9dca94db0f7f63cb66f5a920c,1764461461,1764461465,2450,51194,,
0xa2b1e55795dfd939c61d78367f1d36f6a6d78ed361666e0654756b53e3be3bdf,1764461461,1764461465,2450,51194,,
0xb05da501a056cbf40653c97f1eb854d2823462563a2ee5c8f1fb2a6eb52bbc43,1764461461,1764461465,2450,51194,,
0x1122b810efc80aec9cd63a9893830535be62bd21c23127c5187f098374151470,1764461461,1764461465,2450,51194,,
0x5d60c9c0a52a5b92e3bdb2609c3faf22f41d332c5407fa6398d20bb3194f462e,1764461461,1764461465,2450,51194,,
0x3f5af4797a2d926940e2592706491fe40ad3a7a3b76a36c9a75dcfb2d5be55cd,1764461461,1764461465,2450,51194,,
0xb62eeee6c0cd41fd44bf186e6e9113bc621dd1d1e80a578cb75d8891cf41051e,1764461461,1764461465,2450,51194,,
0x844069d8e29f25c57cdd6a48dc761fd610f23907709aab60b18ef0fc85364568,1764461461,1764461465,2450,51194,,
0xdf5678f616dd17a3b0e4b1a0451ab37200af0c2165ad49a2c16defedec360dd0,1764461461,1764461465,2450,51194,,
0xead10160a273b7dbc9f362d8b5cdd1037be141dc41e605218c6d17b399ab57e5,1764461461,1764461465,2450,51194,,
0xa6c4603beb01839888e8c1e3badf13ed7c730a41250ea2a5a7354d1c40ec0c26,1764461461,1764461465,2450,51194,,
0x45221fb479e305acc18eade9d4283a95721ca83679899925ff13f3d116b1e0b9,1764461461,1764461465,2450,51194,,
0xac47abf50b47a4f0b0e3e515c364520782a395f52554bf9bdd120f59e23a26ad,1764461461,1764461465,2450,51194,,
0x3824fbac7aa56fc6c46a25f8e892b5956be7a75e0f3da6cc4db1f0a3da76b3bf,1764461461,1764461465,2450,51194,,
0x9f265046337b069a20cf163336102e5f0613d21c9a8dd2e47204ab764269a28d,1764461461,1764461465,2450,51194,,
0x478dcc32e57e016c730d0207409d263ae3327cfe2387a9043fa48f416d2cfc42,1764461461,1764461465,2450,51194,,
0xbf5de61a1cf18da9776bcfbc1ae6ca546c7a7e460f324988648b4f3e8cc9e7db,1764461461,1764461465,2450,51194,,
0x28b1cedd8cd3983b46eecd7836309718c7e075349b8e341d793c9c2ef940ab88,1764461461,1764461465,2450,51194,,
0x1e7f0705632ffd659a6b9350eb3826fff86d2110eb4213f618196602cb112df4,1764461461,1764461465,2450,51194,,
0x628716b4c829e2c91540ec097a9c36ec9e14725f0750eafa6a92b28d786b3052,1764461461,1764461465,2450,51194,,
0xeda6b0db2823715e471686b838bab8177129ac96c70b893b42796f1c60e35f27,1764461461,1764461465,2450,51194,,
0x013560c8cd92e12d36b3712243ce71a8ca3aea9ea50c952fe665eb212ed475d8,1764461461,1764461465,2450,51194,,
0x75e0ea5e741cba05237aaf97fc5f296c5e3a4e4fdcaca822fe9a73bac845e064,1764461461,1764461465,2450,51194,,
0xc1071d5364936091bc6e6e066ab535c0b67b4b608c6de430cb664c2570fbd34e,1764461461,1764461465,2450,51194,,
0x620948dd46606bfef8b0f3edd7c957f70ab736b05d3eee14f616d60b0a5f657c,1764461462,1764461465,2450,51194,,
0x85f8272ae255e1afa6c0f578c98d8567f7ee685e281d97dde49bdad6c42707a7,1764461462,1764461465,2450,51194,,
0xd6c2275acf619b7c9de0bddf5993caf17d90c52db8a67a62e679c3d26a1669a0,1764461462,1764461465,2450,51194,,
0x74b453bd1cdf02455bc163b5c1692485261f5b441c51488d0a59a64aa744c000,1764461462,1764461465,2450,51194,,
0x3ab08112640f0d69ebfdaecc7429b5da4fe67c3b09dd639aaca0518d8244be06,1764461462,1764461465,2450,51194,,
0x1ded58dc24cdc430b77210ff2f0fdf7448fd0a0827dc7bf93d8ce166d18d5577,1764461462,1764461465,2450,51194,,
0x974f1ef062785038966322751ed2558dc9005a723eb8124b7ea48a4b17701534,1764461462,1764461465,2450,51194,,
0xfc04755d3476c0b1668fea4fadebe02f1b22a99d6f4f3d1c4a27f32387202bac,1764461462,1764461465,2450,51194,,
0x4bfe20f961673871e77804245827e07e63758e3d889651313f456d307837dcaa,1764461462,1764461465,2450,51194,,
0x8ad03904cc9ee0a08356a030880574f59e526c29a7e04ddb3b241ccf03fec42f,1764461462,1764461465,2450,51194,,
0x641a4d252c60cb7877100d6f53b502a02c0b8e7d837efc2befc915beb09402e5,1764461462,1764461465,2450,51194,,
0xbcad782f6a10ab05c557b5b955d92dbb93749bd6d767e02e50ae14415952230f,1764461462,1764461465,2450,51194,,
0xa272fb6e13b61304e47019da6e7eedad24aecaa68fc8749d1d423f9579415c68,1764461462,1764461465,2450,51194,,
0xbb3fa65e9e2c99e287de44064a5a17313eed976941706d008a4451944c8f9267,1764461462,1764461465,2450,51194,,
0x4a11829fcfd44592fb9f37d38ee9fbaa17e853bdb34486d2d1ed732081b68b50,1764461462,1764461465,2450,51194,,
0x64def56216e9fd14c88713db9fcc7d90939e3d5bcd7b4abbf8b3e63cf8f80edf,1764461462,1764461465,2450,51194,,
0x8188fa9532b005a73a54a497bcf92f7858ae8037b334be9331275b676643644b,1764461462,1764461465,2450,51194,,
0x83114132e30fffda046102e3987ef5b90fa999738db92be3b292c29ec55245f3,1764461462,1764461465,2450,51194,,
0x7780d481b39669d29fe543e6b560346a1588b44750c403859c4b3dd1f0cee589,1764461462,1764461465,2450,51194,,
0x41879a3136deb42efc0514f44afca54c78d902b3c726a585f4c6c96e24203d3e,1764461462,1764461465,2450,51194,,
0x5472878f661eace8e5a9309d6dd4baf0ffdb33de97f5aecf1f97979badda6517,1764461462,1764461465,2450,51194,,
0x7308944bba318d6201e030c8aa9e4ecd92af303adbd9bbe4127674a9281d8dbc,1764461462,1764461465,2450,51194,,
0xfbfb16246c3d662f361870bc518285066c72b1ae72263a8bcb0fe1049cbee2a8,1764461462,1764461465,2450,51194,,
0x6a6031d8ccc3257a69b3a39c492e98a068278937d5d8a2831cce063f4460cf53,1764461462,1764461465,2450,51194,,
0x80413e1c27b17e86c42978d47b20ea0bcd383ea30085d80dcf64d58bc6a55a41,1764461462,1764461465,2450,51194,,
0xa3896b6f2db154ca7a055796dbcefe73213ef136d3159ffaa52d6564e6eed4be,1764461462,1764461465,2450,51194,,
0x3b41f9c96f7482df644cfcf86e511401d0e00719bb23f034fe9b2a8f71f2c192,1764461462,1764461465,2450,51194,,
0x46d860875edff35066f791213d996b7b73f3692d4827cb10b16be66253b5e5e0,1764461462,1764461465,2450,51194,,
0x659ea90062ae3fa55fa68c67593943fe5913ef334007d8c5c6c97f8af5e45a33,1764461462,1764461465,2450,51194,,
0xfde83714de64c53e99195863ad47a805b100bb6b5cf238c6679830d3a02fb732,1764461462,1764461465,2450,51194,,
0x95a47b2bd0d4b2ed1e233acf7ae065f9de32e2921b6f0fff6b9592d9fc3895a3,1764461462,1764461465,2450,51194,,
0xef86631897fa521c5a408e762e9dd429c33ad0377a5f09ef1326f8efe06dbc23,1764461462,1764461465,2450,51194,,
0xd07ec1eed2257c5a3b83774dd7e52e3661b852a6a994658818accefe1d8daeb7,1764461462,1764461465,2450,51194,,
0x97afa70ccc264d168189db736d142115e186885ee4fe1eacdca3def1660db996,1764461462,1764461465,2450,51194,,
0x8e9ee409fb9c5b6efc8be7338a5cf961e262af65376e3db2dd4ddc32dc53e00f,1764461463,1764461465,2450,51194,,
0x1a22fca2e7191d6d947727ea0e289888e03bfd34d9a8942455e43029ff9b4c9f,1764461463,1764461465,2450,51194,,
0x60b6ce9b355ce059cae65e7080c2229f2952ab9e896fd7d163aa6512caf77ce2,1764461463,1764461467,2451,51194,,
0xff2314ddbb1ba7fa8fe5518ea5b321639cb5c6676e171c33c836ba7ba9d15a05,1764461463,1764461467,2451,51194,,
0xa891de3b67398bf8315f2832cee1d8fa58532be324c27e4435799251e28382bd,1764461463,1764461467,2451,51194,,
0x96d9afbe982adefa85f37cc5f85ad832d65686a848b01e604ab471025c22739b,1764461463,1764461467,2451,51194,,
0x78076cc45da1fcdc62ea6f3e5b52d0f122a8f05c45970dacc9073bb53bf3e18a,1764461463,1764461467,2451,51194,,
0xace364b9908af6cf767a18626a83824e558e04276fbaf512669f69086c866475,1764461463,1764461467,2451,51194,,
0xf1e2f30d9d2d8ad57f4ff8525a662e9aa78b7be9b59202adfb6246835f9f184b,1764461463,1764461467,2451,51194,,
0xa517aeb8a5af237cbfb34f35bdd61ab2c32988947007a36cbc4e920f8d8d67e2,1764461463,1764461467,2451,51194,,
0x4bbb98c286858e233bb9cd6c959a9dacb3e1752e0572868ad7b4faa836e62fa6,1764461463,1764461467,2451,51194,,
0xe4f15db419b9ebade888459714254a08b971d7c7c57bf936b8b7e97ab0149263,1764461463,1764461467,2451,51194,,
0xc64becf1f557de59f1110952afc5f8d9d1b04189180659871bfc8cf6eec4d74a,1764461463,1764461467,2451,51194,,
0xb803d47ce061a10eea78681a0d3e715633a2eec6258f593875198ec7da30350f,1764461463,1764461467,2451,51194,,
0x00633780348a961d8d683774f12d9bbe77b1ab8061f9d96a9a717f71488c964f,1764461463,1764461467,2451,51194,,
0x06368e66ba677880b5118cb05fbb07d6af71f5a5ee035dcbf25ee6923accc91f,1764461463,1764461467,2451,51194,,
0x9299a3c07967a33117718731bbf9ff9e4ba4192e0b6049367c5d552e22b343bf,1764461463,1764461467,2451,51194,,
0xb324d7880c77c7829238f5d4dd5b70d70e4173ac421fd53897027798ad987179,1764461463,1764461467,2451,51194,,
0xb5574bddada2853a54f684c59f49f72434b2d42412c73246a3c5dd97b8ec4231,1764461463,1764461467,2451,51194,,
0x4021edf0e3eece83f373e7c83b1a53cd62ead1f2c0ac364f0d033b3f5f359b2e,1764461463,1764461467,2451,51194,,
0x1d72f83cac597387e10a8a464e3b5c82c795e9fef4c8aa7cd46d41faba622920,1764461463,1764461467,2451,51194,,
0x3d65c944ed1b7b52ac76cab3fb90c1fafc8c0676d54fcde0787b5c4a295c58d7,1764461463,1764461467,2451,51194,,
0xe050df96051530032dfa9247a0a4d72f2ddfe6185f395b8054cb268519e6e828,1764461463,1764461467,2451,51194,,
0x590a168a6352f1e588f9afebfe11b3cbeb74a41be1cf9fea676a6e5d48ad703f,1764461463,1764461467,2451,51194,,
0xa25611c808db7947dda22c00ddfb96fc4f98960fd17504c17b3c530723c67a46,1764461463,1764461467,2451,51194,,
0xfbeb2f0b7e6c3c74e5ed3820e2cc7b9c3fbd589e7e832d2f2e462199a46f457c,1764461463,1764461467,2451,51194,,
0x3a918ee7c40fb513a912bea4648d9b8a0dfb4f0b03a61eb42e6cfc3521e6446a,1764461463,1764461467,2451,51194,,
0x6bcde142bc06215d76a41e36ad559a6ce746eaef438e65e79303dcc2b7dc4e99,1764461463,1764461467,2451,51194,,
0x9c87a9f470b403088c7d49887a50c43ec8739e8afb845ac124efed2f297de8a6,1764461463,1764461467,2451,51194,,
0xec30d515655b0e6b2e782d76a7eeb0e307697828d36e9792fa8a8f2adfd94a70,1764461463,1764461467,2451,51194,,
0x3752ea73d2c3af2d1423dade22834cabb57da456fa8b18473237f093f73bf5eb,1764461463,1764461467,2451,51194,,
0x7d39fa59ac345cd6fc29af7619bffadacaaf21f08bf64292811bd678be7b3838,1764461463,1764461467,2451,51194,,
0x0735e94ffedbde2d20cfe52a667112d8d12d5248baf117f4547f7f6b5fdeb01d,1764461463,1764461467,2451,51194,,
0x24e757587a1c8d7fca30566850baed24ccea9daed82d6dd58fa9896fb6e6a799,1764461463,1764461467,2451,51194,,
0x12ce4c01488f6920e8e0d39c2b58fd6480e823d54695c9c9420d1544181e8330,1764461463,1764461467,2451,51194,,
0x75f1cfda548c41780e28d4eab02d37a65fdba87d2eca57f380767797d0fa3c38,1764461463,1764461467,2451,51194,,
0x25920dd020a66f75bf7ad02b89cd6228be35879ffe2f6b9fd6d4a33ff97a5566,1764461464,1764461467,2451,51194,,
0x43289bc756b40ff1423731464ee5f3d2c128dcdd29cac746642e5d6d3a59a268,1764461464,1764461467,2451,51194,,
0xf59bb449991e71a91608b3af96f5c16ff09fa8516239e149290807b77fabde2f,1764461464,1764461467,2451,51194,,
0x944b0b165061f38611ede5df54a8068dda33a4031f2d58613a51153e25a03e63,1764461464,1764461467,2451,51194,,
0x670f362b949ea1b94199eb728236c65ff616ba9ea14efca685a14b4619efc59b,1764461464,1764461467,2451,51194,,
0x26d779bbbf3e9410b4c1152a5242e973e74d8042ed465440203c7bf2358d6c7d,1764461464,1764461467,2451,51194,,
0xf4fe704872b9107e06167f7aea19c17b6555bb1da53a446fc3ca713b2fc6afc0,1764461464,1764461467,2451,51194,,
0x10fdd1d0caf9ae3a33ebe4c0b60fcf93aeaf2ad3f8291571ca6df3c6e35fa0b3,1764461464,1764461467,2451,51194,,
0xf3ccb48841b4656f56c668f11dc81e600ffe7e52f1d30eeb3f6018185e008594,1764461464,1764461467,2451,51194,,
0x04b18f2a5b8bee91e5741a20ec6f00a76111987035dd6d33b43973e6c877e673,1764461464,1764461467,2451,51194,,
0x2015866e2f7a3f4368a5a38e831cf4ff4dbbcf6ef000193753f7327178b3babf,1764461464,1764461467,2451,51194,,
0x5cd8f0211817e4a6da57062dc3b27431adaaf6585fa08a58c2659ae6da484718,1764461464,1764461467,2451,51194,,
0x4b9e58de5b442a2ee4148ae33e5d4db86a5ee1dee6c0f00bfb0818617655dd1a,1764461464,1764461467,2451,51194,,
0x3b4a6bc211a4a71e2cf26f3cbff0d1b62f45f9e9a411913f8b4e32e6160f2701,1764461464,1764461467,2451,51194,,
0x8fe092169390769e42653e94a96151419d5993515c92f20bf8637c7ed174988e,1764461464,1764461467,2451,51194,,
0xe301b2de4e5c701a89767014ab94d3cf3fc3ef83752bc0cbc1ff358e37b5577c,1764461464,1764461467,2451,51194,,
0x3792d69c2814c7fd9ad20d1a74f72b42327bc24b15cdc3e18bccd9cca01c6529,1764461464,1764461467,2451,51194,,
0x5400d7b82024c5b5b1b70130caaac03ecf12df310294093724be52228005eee1,1764461464,1764461467,2451,51194,,
0xa05478fa8004130c81118f73c99f7793022f4a7e116a6ccaacf55b52a7e9e837,1764461464,1764461467,2451,51194,,
0x457184695f50ab364c4db8719675145e75005f9952035190b934a24401ce20aa,1764461464,1764461467,2451,51194,,
0x389f8da68ad265dc96df340205089ef4ae912c2a201fe8f2416e101857840408,1764461464,1764461467,2451,51194,,
0xd6c06abf5ae07a2d7917aa4c63955147cb982894ae1aaf83ee439625da1e549d,1764461464,1764461467,2451,51194,,
0x20f87df71e159f4ab2d29c8ff2e54040f83a5e3c9c2affaf6d5af844ffc72816,1764461464,1764461467,2451,51194,,
0x9b07b819be824febe20a1fc39de8ee4b90708673048fd94b46265cf2dfed2bfa,1764461464,1764461467,2451,51194,,
0xe06e45d4030d2c814cab4c5d557d20cb2cbedb924fd5e63393b989eb4f1d817c,1764461464,1764461467,2451,51194,,
0xfe07964611cb8e718278f31342485b7b0a1c076f0e5b5e9b94c45a8507ab3a89,1764461464,1764461467,2451,51194,,
0x59bec5a7dd3331c1b049bd113dc5da7e0ef03529d575dedac10e7d4858265136,1764461464,1764461467,2451,51194,,
0xe591bb335b67e788c988ae83303ef0681c642828f5f511c6e6d376a7c36930af,1764461464,1764461467,2451,51194,,
0x660f44ac4fa9ddecba80038c23ced11aca449be64dc84e84be18b9be7a8c2a35,1764461464,1764461467,2451,51194,,
0x6db5fb8fde3b15205b9f503e2833d65e15411b294bf7bb1dd2299505ed51b171,1764461464,1764461467,2451,51194,,
0xf1cc377025e62a64dab4cf27f3300d17f9583350faa6a16f9d4ace9a0cba5f1c,1764461464,1764461467,2451,51194,,
0x591327b2f20044c65471e1cf5f7d841fc290ef0adcbfdc606e2ab895a118a36d,1764461464,1764461467,2451,51194,,
0x4d904ffeef947cc3dc87159025c0c88f65e535577299150c41e7de67ecf3329c,1764461465,1764461467,2451,51194,,
0x964e722c31c629e8b2927e27515a212f58b44b19b854f28287fbfe657e44c61d,1764461465,1764461467,2451,51194,,
0x29f34f174388a800b28bc046159e76f0039b4394389d39a42e69452867f83ae1,1764461465,1764461469,2452,51194,,
0x569934114f58976f6d9b5946c41a73f2c91bff5d6590a7dc803c7d110d95e39f,1764461465,1764461469,2452,51194,,
0xa26add12f578692fd9ff981125b3655ceb44657698defc044e03dedff163915c,1764461465,1764461469,2452,51194,,
0xa69c4830464e31df1e9654a73a3142d3246adc705b20a37c493382d7d4ff6f6e,1764461465,1764461469,2452,51194,,
0xa2aee5793c22fa7dc93df41f3dc10cf1aa9878c13c1ccddc3b0a68ccaff78509,1764461465,1764461469,2452,51194,,
0x764dac9b247ef3c9d8909b0baa6219c12d1b7141a3ac47dd9f7977297add65cd,1764461465,1764461469,2452,51194,,
0xb53c96ff21241379809d2099a111fde5240b039012974a1e7be5ed2944329784,1764461465,1764461469,2452,51194,,
0xddba4ecdfc66419a24d3b62ada6797ccfd9d15eb8b6b5b86bed24ce88fc8bcc7,1764461465,1764461469,2452,51194,,
0x7c934333129baf65f68434496ef2e296d353958f5a175e96173d1be2e27ef2fa,1764461465,1764461469,2452,51194,,
0xa7a546f2b36fba15c9f67c56f17acadabc36ffa1ccb28291fa6592ab3a657ca0,1764461465,1764461469,2452,51194,,
0x0cbd4ccc3e1c3937984ca64a1bb3df169bdcf3bc0f0e344ca1a8aad2bd055d76,1764461465,1764461469,2452,51194,,
0x8e50df00eedce9d37a0bf764e0cec7356471fbaea6561f8b9086f1dbda94c32b,1764461465,1764461469,2452,51194,,
0x3ba5b27e0520858de3752326e0ef7af309923c41c6f0024729a77f82faa96d1d,1764461465,1764461469,2452,51194,,
0x8fdbb2d300ff2d60d9e43975e0ab424d691d916550dda5ae327e09b2e036e25b,1764461465,1764461469,2452,51194,,
0x1bfcf1607539c76e27b810bada5ee69d4d86ebe6d8262b59d5ff850846d318fc,1764461465,1764461469,2452,51194,,
0x0aa8eaafa4874b8b5205e9b06072f0d73047a0847131bf37d7b7319b809e8dda,1764461465,1764461469,2452,51194,,
0x1d6ffa9a326f9126dd46a80b30accc1d8fe7ee9f1e674af73ba76e9f4a9affe4,1764461465,1764461469,2452,51194,,
0xe38d033da015b8c9121e15f1a357ecec6ec8f55d482cb9a96429151614a3a3fa,1764461465,1764461469,2452,51194,,
0x4e80d5b07c3bc4212c07b861d941e1c617e701004d76961eb48630d1b535bc4d,1764461465,1764461469,2452,51194,,
0x0bdcd54d3cf56121861af5c0a09781aa1933bab690754207860e254c37d15306,1764461465,1764461469,2452,51194,,
0x58a7ddb2ba9e36ba4dc0ea1a3ac4b594983d613a21c3bd39df1348ea5f5f1c11,1764461465,1764461469,2452,51194,,
0xfd4dc48ab43dd2f7660146a138e62ee0b80a072899dfde7a0a3ca96e0941c4ca,1764461465,1764461469,2452,51194,,
0x6c44de014d96fee60d96838c15d78b388426f10ce459d19955832b357075e0f0,1764461465,1764461469,2452,51194,,
0xbea94b92b72f6a06b5b05ecbc1c04bc9036b5f58fe08bd7ae06880ae0e2692a1,1764461465,1764461469,2452,51194,,
0x6ca49c99d2cf1f4876922251aa877cc268cb5bb5151262ad87590c605f893093,1764461465,1764461469,2452,51194,,
0x9e06fed21ee3f1433131ecf06eab15ddcda367637a712e85b38e6af0ac18f23d,1764461465,1764461469,2452,51194,,
0xa6e15b511255874f6f0fa0657003568171985b129c62f918a2e2493b29145292,1764461465,1764461469,2452,51194,,
0x5b7a636a7ec37fff5df832fa018c82fb4038678224ad5f887b764006082c7087,1764461465,1764461469,2452,51194,,
0x0bb957a8d78e6735c76890dcba0009c56526959d486110708b4b23bdca8bb941,1764461465,1764461469,2452,51194,,
0x0dabec9afb282ee99721502b1568b7bd3ffaddf0e7d6f73f49d88ab98ad8d925,1764461465,1764461469,2452,51194,,
0x7b0eb8f7a89d9ff2c6081d0dcf5922b4cd26b46537a77af67a0e10c55b9c1923,1764461465,1764461469,2452,51194,,
0xa9ba015e3da3b95b01e412dc1b0a91189f568fd4399691cdba69b378ddf211bc,1764461465,1764461469,2452,51194,,
0x74e3bee7641b67e02c8a4eaee43eadd8730aff4d65e795fca2c49da17d71b8e3,1764461465,1764461469,2452,51194,,
0x700ac699b2f69b3130d9e5e5b830b7acbaa159df5f20f1654d785876584e9474,1764461465,1764461469,2452,51194,,
0x9315249d7db1900a15604203d79826ef703f7f8fdf72f87091538d196f8ef0a3,1764461465,1764461469,2452,51194,,
0xdd007a8fbb1672567043186eb3b962bce16b74c927e47c5df216bb9ca3dd3b69,1764461465,1764461469,2452,51194,,
0xc70aef588a86e526878ac6bfbec57e5158659ea4dcd4cadcf2da553a27da0cb4,1764461466,1764461469,2452,51194,,
0x5c60b2edaae2e3330feb83633ef621c20bd1baf74b4f3931eb2434873a8bba27,1764461466,1764461469,2452,51194,,
0x95f615db46f0d2faf13f7f25268b98f22b30f1b020d0e632edaf915275af20ad,1764461466,1764461469,2452,51194,,
0xa207d400b356d65da24e03209685c00a679c6fcd06abf19902a521935a236122,1764461466,1764461469,2452,51194,,
0xc869ceecffd4f8bca8ad4cfa4316a5ae9cbb74760b0a8faa69bd52c0de61619f,1764461466,1764461469,2452,51194,,
0xd5b9bec55a51c278afdda60c515ad3a90c5afe7326b285d1075c1afb8efc8d3f,1764461466,1764461469,2452,51194,,
0x267ba64904d6f1096074f9923095ec5385a44c8cd7ff5b5594c0b521b61d8afa,1764461466,1764461469,2452,51194,,
0x543b120d5ed1f6c279ae6e8458d980ae56ac6a95996bc2ce0d157c7fec6f1b7f,1764461466,1764461469,2452,51194,,
0x1922404426a576cf62548afe28c929ec77e621e3de22ab266a36543fa01437e8,1764461466,1764461469,2452,51194,,
0xfec49244a66de13f2a89cca61c054665e169892ddb78b0301bd566cd11dc87ef,1764461466,1764461469,2452,51194,,
0xe56a586f426e59920cbc3d270885a92667eabcf8d965f120a5b91b2abfd38d88,1764461466,1764461469,2452,51194,,
0x4c5e7b73c257424d27930667b5fbfa6c151a608d8117414148b025738d382e6a,1764461466,1764461469,2452,51194,,
0x50749b28788ef53d38eafc284aeddbf36cbda0836b754fbf14b40098ac9545aa,1764461466,1764461469,2452,51194,,
0x3ebd9df1dd91f53f94a0ae118345f8eb21ba1b3ba3ba59c759a1e1ea145246fb,1764461466,1764461469,2452,51194,,
0xdb4636e64518d24a4615086867bea39ffa366d094e46ff89e93aaf69ca0d4fd8,1764461466,1764461469,2452,51194,,
0x810e4acb3ceea99d7c232e045ee98d802e823d6ae25b892dc2953bf864f15ef7,1764461466,1764461469,2452,51194,,
0x073010fc015bc23eb74d1ecd4c09e360b1dac0956b34d4760664c224aca64608,1764461466,1764461469,2452,51194,,
0x58cd8d0b6e2db55ee6d8ee5acc07cd91a2cff32a3fe83f762aa12a887187b54f,1764461466,1764461469,2452,51194,,
0xa6f6541f805976dcd5016d13f40bbf7d670962c5b2d7a7b601392a29ffa47f57,1764461466,1764461469,2452,51194,,
0x5631f1619bbe8bf0bcbc97399787efae027c8c495838b44fb793300d28d0fd79,1764461466,1764461469,2452,51194,,
0x3d1e315008d8061947bbbe3ae6c63c96ef797713283582c4cc008509b5307727,1764461466,1764461469,2452,51194,,
0xa846b86c0ac97646f7294796cf64d4fea16e30c88e47f95953d4b3021a11dc9a,1764461466,1764461469,2452,51194,,
0x13372af55dcf21499ca67b7bd36d71368817a5b0a47e058f368277c432c7e0ee,1764461466,1764461469,2452,51194,,
0xbbc6bcbfd19f33d1aafe829ba0bad800d3cbf394f422bb51b9060d03b7e2ef70,1764461466,1764461469,2452,51194,,
0x6839a698e602ac9bff3b08bdad68708d5bb8fcf2af3312a293b767dd3d05361a,1764461466,1764461469,2452,51194,,
0x55d5eb142c0e7a28b867cedc78a61c7c450fa213be67201d3f925103747f94ab,1764461466,1764461469,2452,51194,,
0xc520f0039cff66c8ac40e85629c83e0365294f668173132ea03646680db1e3a5,1764461466,1764461469,2452,51194,,
0x12d7d547fc37b815418ad0a2230bbbea175be2915a16ca9a9e8a78006bfd3ce4,1764461466,1764461469,2452,51194,,
0x12417bb152c5aa8d2e9219946994102e1cd0d09e7d9ae80bfb0535e57fa69113,1764461466,1764461469,2452,51194,,
0x1b5bd294ae227d43fe93018851abb2b7e2868db9b8715d8b8aeddf201f34d02c,1764461466,1764461469,2452,51194,,
0xcdb782c85d4ac2ceb4aa647fcb20b1dab52bfe1ffde5e20b80a47ab6956974b8,1764461466,1764461469,2452,51194,,
0x041d72a1c24a858744bfa6f6cc48a82a26cc19b5dd913aad2066da96d21728d4,1764461467,1764461469,2452,51194,,
0x348d6076a599ce961b3e36533f99155878a504306b8ce9069958ee0e3e5d07a0,1764461467,1764461469,2452,51194,,
0x670767cbfd244875feca1b8cbf602ed378eb71b9cf95ffe450ebc59b7852bb18,1764461467,1764461471,2453,51194,,
0x3da98f8408b90fcae702edf01248040e354ac7ae4bc6dfa67ad9a611286339dc,1764461467,1764461471,2453,51194,,
0x5e78cde7c545c0a74b4a51299b782083a84801ae9851fc6754ef75e8dd30ddcd,1764461467,1764461471,2453,51194,,
0x23b66a6a04da1c44515e371fe789a2ac64754dd8ed97c88a39ba636567e1559e,1764461467,1764461471,2453,51194,,
0x455e78d89399b0479484b006e68e5852a524ceead8da521f3310f07c6630aec1,1764461467,1764461471,2453,51194,,
0x0473f6f9d349b21651df7b10f0b24f5976515fec1888e6879735cb7caeb10ded,1764461467,1764461471,2453,51194,,
0x95a7177d2a18a2b4dd4f9cc21687093554ffd742d360348de677118942357377,1764461467,1764461471,2453,51194,,
0x87d9d9257942321ea2c4a88429ffb8bbf06a1bdc7d7e4b5a2f641a22cdcb5b11,1764461467,1764461471,2453,51194,,
0x690ff9b52ff36e447110abb72a25b1ab69fcf961e2b4bf520fd420d32ec89457,1764461467,1764461471,2453,51194,,
0xf081e2cc44b0701464fc80f0d7338a72b371a9c7545fc19523fe6862f633351f,1764461467,1764461471,2453,51194,,
0xab54696cb392236fb759f45277aea2081451df024644b5c815d3ee523e313d91,1764461467,1764461471,2453,51194,,
0xc329b7b9957b9f8184ab89e6cfbaf3a437c17e275a756b9703f153f11da5b56a,1764461467,1764461471,2453,51194,,
0x77363c61ddcb076648e28cc6b2a99383fa17051419902268fb3aa9a825a4895c,1764461467,1764461471,2453,51194,,
0xce31296daa7cb9d0dd6552fcc92204072a18609d41687313d238c2378873a958,1764461467,1764461471,2453,51194,,
0xb6697759fe4a144b49802e3d89345c518f19c166dc91a08908c1b155eba86102,1764461467,1764461471,2453,51194,,
0x5f36a4d55bde73bf6468a71213f8c8d9e3f1b02a384d30d3432e99f22fc75594,1764461467,1764461471,2453,51194,,
0xa6aa27ccfe866b90946a82c80aa0aac7a982afeb783e9cc4b565dff357a27380,1764461467,1764461471,2453,51194,,
0x9944e877785db1e78ab925d9efa3eff54f4521853fa6c77ce4ae4c0b9dee5448,1764461467,1764461471,2453,51194,,
0xd630da3e49a5c1e06725b514c8b66273e6f7ff1f770318f08522b650e4eb7981,1764461467,1764461471,2453,51194,,
0x9d6dac12acfd0cbcb84cd8485f3695c2936e317ec38e0dacd57e68aa4fe42219,1764461467,1764461471,2453,51194,,
0xe98b15c375c7cac6fc68b758f0d085cd7d6fa844d19c65095b4992034ab5f0c2,1764461467,1764461471,2453,51194,,
0x5e37501515594a2e9a5d24bade5572a803871d3f0f812156348940f437610408,1764461467,1764461471,2453,51194,,
0x1214e0925d0045e86ccd6aa8ca833e1e4af9d53ee8250e0f5ffcbeeb9ba84117,1764461467,1764461471,2453,51194,,
0xb4483752013b68ce9e0e503809ab6918087f82dde6781c1ce024d54d3ebaf554,1764461467,1764461471,2453,51194,,
0x4c8b9588d51835a1bb002d844cfebf762b199fa96c852d2a5f5157a149db4832,1764461467,1764461471,2453,51194,,
0x63cb9dc92f31890727dda564eb659e5a30356ca5cba2cbf58ba1fe80ee7de7eb,1764461467,1764461471,2453,51194,,
0x7f93216eec0f07f69ad58086c61ef145da37c148d4bc87b004de8bc46a2c11d2,1764461467,1764461471,2453,51194,,
0xb88effe6e27c605a0c732dedf7dd1d24cb7418f400faf37c7e36564b4d039ff7,1764461467,1764461471,2453,51194,,
0xb4984ac08915d2400426565f9cde05aab31d770fb22417bf7e222476d4344dfc,1764461467,1764461471,2453,51194,,
0x1f17ad21bed2890ce2289194caebef1930c100a3b2d05efe16f0371fc6d8e50c,1764461467,1764461471,2453,51194,,
0x928415cca43a56209f7cd69e1f051a07a0dab4a69d6e7b6ca3ef019c12a6f153,1764461467,1764461471,2453,51194,,
0x09c950c52ed5a516510285b8b24ffec5be0f6a6ba8b7f5af9b6e266ca886c02c,1764461467,1764461471,2453,51194,,
0x55f35576ec94a7f244d5a58e901b42243dd9df47b33042eec433ad16d0654260,1764461467,1764461471,2453,51194,,
0xd2b42721b9e8e19cbbf607e93ca5bbc1b304b71f5e63252d417f7a66091c23e2,1764461467,1764461471,2453,51194,,
0x15931a5af7639239c704448eaee7217f08a491e15e00e63cec98369be3b43ebc,1764461467,1764461471,2453,51194,,
0xeeeb6172fd35cad54b143974a44cb4e03430e1e8fe358228bc23f0ab2f4cce1e,1764461467,1764461471,2453,51194,,
0x1c8d98483b2cb62f1952c087a557656aff0e512fc669c335a973a2efe807a71f,1764461467,1764461471,2453,51194,,
0xc2150769f36d45b1a791f830abdfaaf7f0e735ae7a8a833456ed07d10cba4888,1764461468,1764461471,2453,51194,,
0xeee52af4c6a69d3f481f2dbcacc8a06da943207c7bf857d03f6425bb44bed0aa,1764461468,1764461471,2453,51194,,
0x66ca95e9334fd32ad71f1366f6ce92302860f49de9aec6a8bc13cc3b6d38253b,1764461468,1764461471,2453,51194,,
0x19d66bbb683302feec505233ca54aad48083580beeecca092432507f2b5a1eec,1764461468,1764461471,2453,51194,,
0x8e113d5c455157af48e442c31ae45420ebdf02646076e6c90c434d5413a7db25,1764461468,1764461471,2453,51194,,
0x7407f195038d6608b485f2c14c0b39548f9fa5b83662287a2d6aec7ff1786fc4,1764461468,1764461471,2453,51194,,
0xd30e7b8c10ba017901d8b3943a0ab2584d49c8d39c83eb565337d4cc445efe29,1764461468,1764461471,2453,51194,,
0x2f91c2da6d889f33325557af7b282d816828cc0e69c7f3625944ea6fa28aec9a,1764461468,1764461471,2453,51194,,
0x8424aeec5c4f710da59ce5c5575525cf04036032ce5548f62b4eecbcb37ed56d,1764461468,1764461471,2453,51194,,
0xda145cda77c459f2b8513a7b9a81b500e9c0047ac34790d79328d420131e74fd,1764461468,1764461471,2453,51194,,
0x36463c49d1f66349bca32e706a6aec80d9a5d5e18d2196d5af03ff941fd5f644,1764461468,1764461471,2453,51194,,
0x4e230193eeb587f548e781bbac984a35c4c7b88fa3344843097351d3d8f480e8,1764461468,1764461471,2453,51194,,
0x0bccad51a9cc6909d685c943756904f9649fbca7391ab75f435b3fb9de78e082,1764461468,1764461471,2453,51194,,
0xfadc4ba5b9144d6bf91c2b893d66869240b3705dc09d0085f84b8863ed9b0256,1764461468,1764461471,2453,51194,,
0x28c045bba49293b66ee7c93edf6e36ed2971a0aabcc68c7569cb06509980647c,1764461468,1764461471,2453,51194,,
0x65a13fa861a4305a01a235c0d5c152cd8fb3a48c2a529d19327f71b6358a4a23,1764461468,1764461471,2453,51194,,
0x81ea635f4794db079943f04661dfb0dd148d6292dfabd935181ed24762f0a746,1764461468,1764461471,2453,51194,,
0xfcd0c580b8871b2d4c4352693c780e3905a2e06eede006e70014a2dbbf97af73,1764461468,1764461471,2453,51194,,
0x6e24820f266477b5c50b783a738f429e61a8a500a17c5eaa9c27c10192215248,1764461468,1764461471,2453,51194,,
0xc932ba8c68c01ff08188e5ae63f4a3939e7d8d8e6c5622f426096d218ad8792b,1764461468,1764461471,2453,51194,,
0x0a15ffcd2e26a0da5246182755e91acd5675f7ed6feda978f97dbc841c2baf20,1764461468,1764461471,2453,51194,,
0x08bc6248870d1827ce8ffb68fb955d2b5ad9b107d631e010c0708b5f518c2ff3,1764461468,1764461471,2453,51194,,
0x9fe7c5327c3d5a1e59a67d8e43d3e41c236b67e4df09f5e201fceb7d080e397f,1764461468,1764461471,2453,51194,,
0x3ba10b239d87fccd6d5a5949227b367d79803143bdfb68fb0f2e1e803ecb6fc2,1764461468,1764461471,2453,51194,,
0x5d159874aacf5b203675f8657f9acc21be227ab9d79b4b07c2c44bd459802fb1,1764461468,1764461471,2453,51194,,
0xf9b7feebd9d8068222526eeddf59164e50387a18eddac1f7b9011b25c6f67517,1764461468,1764461471,2453,51194,,
0xb84b0778faff019d7c484d7f2c0ac517d9903d1eac20e52f4dcb86f9c22b6e59,1764461468,1764461471,2453,51194,,
0xb36e1348990c0a23f382c2334d96a6000c17271bb7218f4867cb5effb48da7e4,1764461468,1764461471,2453,51194,,
0x5110a2e9c6b45dd866fa2534a468bdc53ec1957338dcfd26770c8c2b8ba23a4e,1764461468,1764461471,2453,51194,,
0xb02ffb7338552e0c168115fdd91000c0ef5f55299f3fe0508b021ce26958dc70,1764461469,1764461471,2453,51194,,
0x8826d01c85f38f22632fb4b70eb9a63e3b678ab72de0b499d1f239a803af1084,1764461469,1764461473,2454,51194,,
0x3e566484660a62029e63e991d97c348fceee89888ae64fc5119f4576ff9db34b,1764461469,1764461473,2454,51194,,
0x22fb4076e69802876b72428e0157448b927db3b2f54c675b647a90af07ec431d,1764461469,1764461473,2454,51194,,
0x00a533a3bb42be20f894ea90aafa22eaadd381a8acdb24617eccef1720577139,1764461469,1764461473,2454,51194,,
0xff9dd19ff7926cb98472b43e037b3d10c2c61a378b1e53a18d57ff6e7d8c00b5,1764461469,1764461473,2454,51194,,
0xfe70346f7b915bc2e112fe6ac9304d69ee556e8b894bdbbe9021559d6f27b8de,1764461469,1764461473,2454,51194,,
0xe164fa34bde4b1f2a3976b80b58a2ee2164c0174dcfa1124de33bf50719bd11a,1764461469,1764461473,2454,51194,,
0x92da6562db30400773f31c73d36b35f4c6c8858dee7119a03cbc105460798784,1764461469,1764461473,2454,51194,,
0xb64114a7ebe604d8978d2fca7ca73846239b5751ea7e3667c81c0e7aaa81b5c2,1764461469,1764461473,2454,51194,,
0x766f26891a77b15f8924dfd2d43041a09bd423963530d500cb62b58bee9f3993,1764461469,1764461473,2454,51194,,
0x21dcedfc2114826b51c5dac4eeec953ef4c02841aa0baf17aa81990b96c89b9d,1764461469,1764461473,2454,51194,,
0x390a53dac37f3e5cac9b11f759628c2048e6781f147094f079101e54fad32ae1,1764461469,1764461473,2454,51194,,
0x1d686d7ea645f82bccd59226710a3f5ef76cd8d95327622d68fcfca2ed6ccf94,1764461469,1764461473,2454,51194,,
0x214e7225a76659dfd7ed1ffcfed7671947d31d2a2d733a22d9b2da5842c2195e,1764461469,1764461473,2454,51194,,
0xe96c74fd4651f1118c228e39a2c2c5833b2e13884fd5ee4a67d9121083a6018b,1764461469,1764461473,2454,51194,,
0x2fa7038457db24723c8617a97b9ecbb52d0f50bc46ffaa41b9226ef5577f3174,1764461469,1764461473,2454,51194,,
0x3c2dc30f72658b4452521110bcb7abd9b2f69bee604d8d22c198efbd62f0905f,1764461469,1764461473,2454,51194,,
0xeb3563babf1b24d0abef10bac89c0acb6870380d9765dd09975a568b516b0010,1764461469,1764461473,2454,51194,,
0x52a49a30ef7132f80c44bb5ae92ac8b0203a87d260b94eb7fb438274ec5c12aa,1764461469,1764461473,2454,51194,,
0xfdcbc144d71c4a908d70a82126b3924e8761c1b7ac32e49624c0759515d98dc8,1764461469,1764461473,2454,51194,,
0xd989b7f46a8c5794fff591aa1c41c84410c88a9c314ef8ad95d28c3aa807ded8,1764461469,1764461473,2454,51194,,
0x4d3256089c1142b2bba5947f261c677d88445af4e5539610ce04ef5c9b81215c,1764461469,1764461473,2454,51194,,
0xee29b523b70cb0352ed52ad8ca0050f1c4606c74abf44baf14837b072cd492c0,1764461469,1764461473,2454,51194,,
0x8e6e5f00a1638d0eac25a88bd2dbc95100f07f33ffc166a5467fc432b8dd46e5,1764461469,1764461473,2454,51194,,
0xf1e6d4e4ca5b5543f56a3558358d7f02c47bf658c74f43f6d73141fb7b5838c4,1764461469,1764461473,2454,51194,,
0x9e3a449dadc6ae889e68d9c69d30c8eaeae35dd1429577772e81eb3271afa4a1,1764461469,1764461473,2454,51194,,
0x8cd635fe31d3aaa4862f9f37b01c00a1de9853acb9ca567c82475d1d0c970cbd,1764461469,1764461473,2454,51194,,
0xda9644ca131f908dac587ae17b8a6252fcabdc84dcad25c7207ff4b7807b8101,1764461469,1764461473,2454,51194,,
0xdaf9620314b6379662d5d74c30ed66f2d9ec1bad2d0b23d688d463499c132248,1764461469,1764461473,2454,51194,,
0x65f166159606491faabe61c902d47b84180c529c25c5fc1f8dee98d8d31ee1e6,1764461469,1764461473,2454,51194,,
0x379ae47aeff9356cd2e8e8eae9060531c1cd0ecf521fcc731ed3d0752bb91ca3,1764461469,1764461473,2454,51194,,
0x77770d3464f7b6da835f1d69c8429dfbfa02760d039381e7cdcd9a6052b9e17c,1764461469,1764461473,2454,51194,,
0xced3637869cf767173308f802da99bbb34311bddf448b308c6ecf6e7d07aeb6c,1764461469,1764461473,2454,51194,,
0xbf759e435351c388921ede850689d3f6dc3fd9b62284a66ae3a386739fe8f323,1764461469,1764461473,2454,51194,,
0x1d5bb9629fecc129c6876fc52a61793aaa4e14e6d97e890861e0395f0632451a,1764461469,1764461473,2454,51194,,
0x65c29808c7ce858877f057541cad3d1784e09a5d30c94518fc4dca4bfee6dd6c,1764461469,1764461473,2454,51194,,
0xfcca54a1512040761ecc63c34e2044bb50c06a9fe8bc9a5853492c012660dfa9,1764461469,1764461473,2454,51194,,
0x25c051c76076ddcdcc0f51d8b69f3bc414d71dfae5f7de0c5ff365a379cfd0cd,1764461469,1764461473,2454,51194,,
0xf8b5d454a9ae8dcad2222a0853f0ee6879ab577bd2ebd6a77fd6c19cd1a17ac7,1764461469,1764461473,2454,51194,,
0xb8a702b625b817577eb29af4686865a8b30e4b8a0dc428fdcf60c74099324b33,1764461469,1764461473,2454,51194,,
0xcf63c859ea05a276c2833eafbc7ce889021d3accd2a8da476ad41ee83b4a6750,1764461470,1764461473,2454,51194,,
0xda336f130c3998f52e1d89473ddb09489ce0f7ec89c098b4443bb60403e41cac,1764461470,1764461473,2454,51194,,
0x42ae802c80d107a5da27481a19d1186c36071c8fe307e0f9b66cd9dac17e522e,1764461470,1764461473,2454,51194,,
0xa4159462124f398ecbde23d8252d417e624b9b85f94e7da3d8fbbacff1edfec4,1764461470,1764461473,2454,51194,,
0x9488c3583dc322a344a74e648a6837a029ebc4952fad22b53ea4601998d74c4f,1764461470,1764461473,2454,51194,,
0xc950b66832d1c26f11cbc5aa867bd540b7289058c340fd88cd4c36f159c74019,1764461470,1764461473,2454,51194,,
0x4983adae02bad25ce4e26d3039f33877bd0a4fc2d62cf1f62594df5aac4bc30f,1764461470,1764461473,2454,51194,,
0x668582b537441fd4a93f1955539fb7525bd053717c1d8179bd171820c5e11334,1764461470,1764461473,2454,51194,,
0xa213cd3df3ab917ea67a07fca35b168ffc99f155a03d30db47c45c4660fa7721,1764461470,1764461473,2454,51194,,
0xc5c13b833358ad4da799439b3d026f54e30c84e49e6dd38f8e50c3ac17bb845d,1764461470,1764461473,2454,51194,,
0xf727ad4054a081433db6dc406c5140fdb8dd8636780993690027dad5564a87ed,1764461470,1764461473,2454,51194,,
0xe35ca903c4460725fe4ed4243696c625434dae42441eb02e072f3bfe3b48fd55,1764461470,1764461473,2454,51194,,
0xcc3125915f7f6c6ed2a3ed95fef7c28898071cefbc9ca42b1fcb59a74794b880,1764461470,1764461473,2454,51194,,
0x886ff58f113d8c76f167012cae86073071777ada7b44fc7206398378f74c50e0,1764461470,1764461473,2454,51194,,
0xb468d5ca9bf70faadd25b3a2a6b0637ce21ecfb06de25970f5f26280c3ccc610,1764461470,1764461473,2454,51194,,
0x698ac267c1ff8a570f09efc7ed9ae918c4c049306bf5bac558d24ec51a8ea5f8,1764461470,1764461473,2454,51194,,
0xed2086754dce4fb89554bd09249b5a1da19e51a126a84d9bfd86fd8c8c948571,1764461470,1764461473,2454,51194,,
0x18693496a70157878ada5a6dbbae310d483c89a802e8d3ab4e798b764c7b9528,1764461470,1764461473,2454,51194,,
0xfa66da7b78fcd3c4e4aa63ee969679ab3bae642f1f70580d13d2efd891fe759f,1764461470,1764461473,2454,51194,,
0x62742bbc23cf66f109741f04da568e296f572c3e704c4b210206fb5103a7bcc6,1764461470,1764461473,2454,51194,,
0xa069383f47691f81e837c9111156b78630305efc70c23dbba3926bdb5ca0873c,1764461470,1764461473,2454,51194,,
0xe94a87cb3d13e3da44490669a266c05148640a6fcd7fd7f8730097406e1a5516,1764461470,1764461473,2454,51194,,
0x26456ae28b691cfd69e1339cb9bffb690eca63ae270165ea77812ee421e02a95,1764461470,1764461473,2454,51194,,
0x5f9f8d22a2cf713f69a295ca58758d7437deafd873e672e36f834e68fe353cdb,1764461470,1764461473,2454,51194,,
0x3e93a3576f5b5deb5d68772bf8a7ee4d4fc949cb7f8d10d993579cd09a832e3b,1764461470,1764461473,2454,51194,,
0xf1e80a6a9f53270ea01f3b2c225ead2fb07be56324384d0065d4055e008b3748,1764461470,1764461473,2454,51194,,
0x2a5576dd4d8eebbda2601169ca2e904a28fd5ba5fba662d6d632e79b75f20a12,1764461470,1764461473,2454,51194,,
0x783a7419b85902a0669d6993f2b8030a1ed678b2af90a9376a5a6c23114a1a39,1764461470,1764461473,2454,51194,,
0xe371cc4fa94fac992650ac4c9e3ff2926b0875b0410946ee952eb08e49904ddd,1764461471,1764461473,2454,51194,,
0x0c67951daa5e2a76cd9ffb56b2deaa776776cd875f55d141a7338cd199663f9b,1764461471,1764461475,2455,51194,,
0xd2cad24f0cc15c17609a5d7f965a4e77cf0c99a56dacea7efecf00482d74f178,1764461471,1764461475,2455,51194,,
0xf902c6c7cffaa0b30f7fb342daa1e03d3c47027dd2e0e52edb1ab97474fa2d6d,1764461471,1764461475,2455,51194,,
0xdf202fd17c1625bbf2d1ff33f24f6b172b29ff2ddf27a3455ef68f4c20168c80,1764461471,1764461475,2455,51194,,
0x4ceb813e3c57446c3c21432f54e2010d5b1df6781f3683ed43638433ad8f613b,1764461471,1764461475,2455,51194,,
0x1ed0543e7ecbdf6160bba8d23d849f7d38c77afe80d7abfd2da5ddb0a17a745b,1764461471,1764461475,2455,51194,,
0x8e6c9fb02ad8acb79b07bd29f821c40fe69bfc0c2aed329f1f9413c37346536e,1764461471,1764461475,2455,51194,,
0x0ff4e491939e456150b3af7ebacb379ff68f5ce96886e7167a8440867cdb9457,1764461471,1764461475,2455,51194,,
0x919eb19d9fa08c78daa5b8f4c2c93d718c6fcda0999986d6669319c93b2bb9aa,1764461471,1764461475,2455,51194,,
0x469297b132236365339d868b83b821b4db5ceeb47b2cd5461c9a4c14450fe8aa,1764461471,1764461475,2455,51194,,
0x80cd0930d68615aa2ffd234bbf18413c50cb016408ff09039909f9bc06fa9089,1764461471,1764461475,2455,51194,,
0xe6657b1f298332c3966e7016bf80c12fc7755c1d6f925ac9158b447af779e392,1764461471,1764461475,2455,51194,,
0x0a40df9f1197c08bfcff12a112933e8949f18f32e750f409727ed5b78e19c76e,1764461471,1764461475,2455,51194,,
0xef59584ab10189dbb66919e928e5ede049eab21cf352fc18cbd455659442e66c,1764461471,1764461475,2455,51194,,
0x5f2565a34b1b9eddca447581075c6fc30b97c86eda07d27465e1a690c4540176,1764461471,1764461475,2455,51194,,
0x4add9994462708ea3241162d1275e707295b311b5cb5fbe5f7a8fcc7a7809597,1764461471,1764461475,2455,51194,,
0x64e58780941c8f1c9ec6050034bd4eef7f72988d7602576e165096c4c51bcff9,1764461471,1764461475,2455,51194,,
0x7ab98360eaa2cb47f03ab75852ca40704a799262b7ec23ac3219a5183b995b39,1764461471,1764461475,2455,51194,,
0x2c6d0d67cb1fb0d6f1c82feb0a409b7270205d231c22a518ef04cf41dfcb413d,1764461471,1764461475,2455,51194,,
0x71f29ab8919a3c89f3646bf2328a107895b7271df3feb6be51405605e7495792,1764461471,1764461475,2455,51194,,
0x9d61086459f44e61aa0960e66665162f6221e3787157c805dbbf83dc051353f2,1764461471,1764461475,2455,51194,,
0x061a3f0d6e38164174485e330bca725dbdf814807fbaba22ba4cbdb5b134d948,1764461471,1764461475,2455,51194,,
0x9f4e4c4d9ab7ba63d3bb58d8e3b3453d8900e6b0eb0248cd1a4b05e850da10e7,1764461471,1764461475,2455,51194,,
0xf9a8dca2135060a430374899153eb3148ea7f0543225cc28e86bdab39a17c250,1764461471,1764461475,2455,51194,,
0x61bf95558ec2ba786319bd946579b35d89828c6b09074bc7bf6c20d9358a65f2,1764461471,1764461475,2455,51194,,
0x087fccd39bd71af75253e961397f863d675d94edd6b0ffe63f89f63cad5111e6,1764461471,1764461475,2455,51194,,
0x87a1a84b3a5315bcc6b78cacf6d2972783c6c0644f6a5226c1b1f37df28a7828,1764461471,1764461475,2455,51194,,
0x6929765107ff58b78a008812cf7554fa0bedf92fac95f0c98288c9a6bc945abd,1764461471,1764461475,2455,51194,,
0x6d076359b12afd4cedb1b71edf6bdb2883b84b963f2e2413675fe1cf0da9988a,1764461471,1764461475,2455,51194,,
0xcd25f37a7cb74630e36b31fb1a90ba1a0b45de57ec57fca290a591ab6d1655bc,1764461471,1764461475,2455,51194,,
0x07285ab8eff1a2e15deb212452a303e64db24480ddffbc56ae31e9f2eed82a9b,1764461471,1764461475,2455,51194,,
0x804b64489ed925f7250f1e80594bd3a70fc22e99540206fa622abe9e3547da0e,1764461471,1764461475,2455,51194,,
0x183b7483b8cf712f3b37b01558aa006f081a1bd08836bb6b59f553a5990705a4,1764461471,1764461475,2455,51194,,
0x9305dea8c5dc6150cc5bed34302a8dea6ce80be04eb763831e4d9bddf57c8da3,1764461471,1764461475,2455,51194,,
0xe7584d286f01d1d895ae0e921dff077676330f99f0f0866c2e8fc1a489a9a7e5,1764461471,1764461475,2455,51194,,
0x975d0d39870f9ea9f7cc17f99a0cd69a1875d94fa3ee869293273bfaa8897fbd,1764461471,1764461475,2455,51194,,
0x54f144328994c757f908343d8acfd201901fbb24e56784855758cd8cf437e476,1764461471,1764461475,2455,51194,,
0x47dd06f09f064c89b23f59cb126d366d1709537260c2f74e972245255e24e95a,1764461471,1764461475,2455,51194,,
0xc0730d453ae7bf0da905d50c8d2e231ba026d6f9acd0971dbdd209001a187034,1764461471,1764461475,2455,51194,,
0x56df3d2aa32154b9a6f73b69805797c80652652b1999497f4276140c8dbbcd45,1764461471,1764461475,2455,51194,,
0x8cd6b3bd804751e4fec2d2a1882af2aa9b3a9dbfe3abd29c7d11541eceb64137,1764461471,1764461475,2455,51194,,
0x35794711ab00aade75ed241ff11f1ad51d099b0575dc4ef173eb1e4e26499660,1764461472,1764461475,2455,51194,,
0xcc0f437e93ad9e044b8058a454675c1e1d226fbd957c1b4de6662ac4a2a718b3,1764461472,1764461475,2455,51194,,
0x1faca42a811b18abd295ff949aaed3bf03b1255ed1d37fbdef069a0350b94f8a,1764461472,1764461475,2455,51194,,
0x2affb215d7c6d85dbc9e42b7ea55f7a7f0f0a73584ad91e4e2ff1abc09c2b73b,1764461472,1764461475,2455,51194,,
0xee32f4b5232287656aa4e8925f6677d8a6dc34248837ab55893e61b5edb9a7bf,1764461472,1764461475,2455,51194,,
0x569338000b6111f6bec3968dc44e3cec995e0d3f1940f11dc9ae122073973aa6,1764461472,1764461475,2455,51194,,
0xc6f0b4bdb385892268b9d87ae509991e130c4c657fd0a0006c35cd26371074be,1764461472,1764461475,2455,51194,,
0x5ca5ce500f888e265a1a685d142d5dee01bbe65cb176ec678a2b3790c7fcbdc8,1764461472,1764461475,2455,51194,,
0xcaf979d0fedb5892162b9c8e5fffcec21ffacc859ad17cca8c47a0157ca40c5a,1764461472,1764461475,2455,51194,,
0x3435f45e79c998b66085858fb127eae6f421783ef8d815841b5afcc3be1932ee,1764461472,1764461475,2455,51194,,
0x80696558669a9face856a42873743b4f5460e32e825410f55b7475addd37c6e7,1764461472,1764461475,2455,51194,,
0x95f8f61357ecf930adc2d078934b10009db5ce65a4cfbf2ac7122220a91b8653,1764461472,1764461475,2455,51194,,
0x5b87a3f0a1263b17deab02fca37e911f4543ebf092ec62d35803828e0428b7fc,1764461472,1764461475,2455,51194,,
0x1d6cc30648d2ea788ca05bc6d69524011a485fb51ddbb2ab3d3c3387274b9cc5,1764461472,1764461475,2455,51194,,
0xc58f6825f632cbba608b24e6fcf36be112469a7bf0c336a0322f0fc01b912c24,1764461472,1764461475,2455,51194,,
0x52c1c57dbf54b72ac543dfa6d64a8dd6844b5698abe4978f53752beb9817e92c,1764461472,1764461475,2455,51194,,
0xee0733dc73cd700c92e0d4e74c0df215a9017c76b7230a98751e04949b45877c,1764461472,1764461475,2455,51194,,
0xaf96dad0350bc45bd9f25ba61b9cb5e0315247db7e7d960781697062371d7122,1764461472,1764461475,2455,51194,,
0x3e8b4b752d4995eeb6d6a01068cce05b2a3fbdf92f598d59423b610888bbc2dc,1764461472,1764461475,2455,51194,,
0x0b555272dbf3a97e962a0b44f51c73c5de90b8dd91ef5cf28415c41feba6ee34,1764461472,1764461475,2455,51194,,
0x37faf1a1007df531406e07fdc3583988b8d1ca7903de86bbc762946e9320ed0d,1764461472,1764461475,2455,51194,,
0x64bd1a28d229c3d0bca5fa7518fe7c070cee42bd480b6da6314f3362ffb49e6a,1764461472,1764461475,2455,51194,,
0xcbf264dc7ca15bcef8225c03f281af668ec89e870ddf8eee7d961b0b40ad1b5f,1764461472,1764461475,2455,51194,,
0xc317d8ca2c9f5d93965d7b85af7bf2b76af455f5027986c49b9789351959ec92,1764461472,1764461475,2455,51194,,
0x71804cb11ee84c0d0e580a917c639b55d8e04d5af5acd037ccfd233759803f53,1764461472,1764461475,2455,51194,,
0xeb2a97a72a1730158b10dd38d97dffa75eb044aa3c393c6b29e7526d982cdb81,1764461472,1764461475,2455,51194,,
0x52308df34dbf1d1650e62615522042243b542b42b65723d53b2623f56e1174d5,1764461473,1764461475,2455,51194,,
0x8317d830068ba415cc728145afcca35db2ef420f3366e9616718f961e11167b4,1764461473,1764461475,2455,51194,,
0xdd4c6261234477253b02d8c874e10ffe09e56ade7397976e717a2a48ec8a3c4b,1764461473,1764461477,2456,51194,,
0x8a710d504c4239c9021c0ed408a00665770d97e30497f3e1150986d880e32f5b,1764461473,1764461477,2456,51194,,
0xcd4fab77f13adfe93c4aa4eb1577f6f8834ddc0c3144a536c3d3d7083b3749da,1764461473,1764461477,2456,51194,,
0xb2ff2aa564f21fa13503d19d2dbf7b35c709c421d7681bc39d87a8f450bef3f3,1764461473,1764461477,2456,51194,,
0xbfcc8a6ffc896c9d42b465b9d8beea3a2944905c7827a75d949a44e948df1348,1764461473,1764461477,2456,51194,,
0xf3149ca04caaab7fa654e8d68e8129809f025daf4a2111327a93b4d8b6966500,1764461473,1764461477,2456,51194,,
0x4014d874bd448007895501aa5e839d4b3a9d1fb4d3c1eb73f2df29e954e6ccbd,1764461473,1764461477,2456,51194,,
0x002535c40d08f15452b52eb54aab7bd69d599226782fca201cb8dab8d6b13a2b,1764461473,1764461477,2456,51194,,
0xc88b461a48eda1919eaae274bb841dd3925f16cf3a39a7bdab7b2683299109e2,1764461473,1764461477,2456,51194,,
0x193f9461e602753696e1e95e64031f1461a882746b888e520de381e2e9f51cde,1764461473,1764461477,2456,51194,,
0xc3a1e1d08dac88465108e433439530f0d455b45fa3919b73d47eff4c463f8ab9,1764461473,1764461477,2456,51194,,
0xf669dc950639cfab7b98311a72b726cfa707ed0d9da49856e879af34d4467876,1764461473,1764461477,2456,51194,,
0x2d4520aaf90e0ac8b2df6a3567caa5e8e8a0b44c8273425774353ab259635e02,1764461473,1764461477,2456,51194,,
0x70b068efedb94d281db79cd938c6708fe14b7b8e3b9c3c1fa0be5face3fde2b5,1764461473,1764461477,2456,51194,,
0xf2400ac0d27bf799e6cb51537011e80f0214fd7a61ea9ce26fb21a1d69d34223,1764461473,1764461477,2456,51194,,
0x28d8731e28c28ac429140a3011ddb0ba281f6292fb235241338039b8a1a2d988,1764461473,1764461477,2456,51194,,
0x70cc87d10dea9f408c9f3ac62e2489f24a6f18f44fbd29c8108ceb841bbf75bd,1764461473,1764461477,2456,51194,,
0xba6077b72b2acf873f2a451f6f5e663b25c3378eec21a873ae5d5697489dc773,1764461473,1764461477,2456,51194,,
0x9e01e4b1b0cb5bf15bf236eb377b0d6b231dde0714ae87c93027eac987786bd2,1764461473,1764461477,2456,51194,,
0x206ebd5795cc5637feafa59833a9657b7a5e97c3f84674858ccc1a967e39fe68,1764461473,1764461477,2456,51194,,
0x7b70e0bcba0b55eee834254ef8357345dfdaa455e504dafb9d1cd5a50497ec2f,1764461473,1764461477,2456,51194,,
0xdfba2d88b6c9b47d774f46dc5912659866bc1d5c94023b14b68ea58c529aa5b2,1764461473,1764461477,2456,51194,,
0x7ad3492b0531c6749abaf4446245975efb17af0d0538649e923de101a4d95c5c,1764461473,1764461477,2456,51194,,
0xe7847b1f5a6604f280dce8d4b6c32dda98c518d60c525736ea1d6ad9d3b65d0b,1764461473,1764461477,2456,51194,,
0x9fdb8dd00f2c1f8077a57502725e6a2e01781abae4c74ac75756583d0239a062,1764461473,1764461477,2456,51194,,
0xf30e2d6bb60ec1c79c33bbfd9a7a48ceadecb200d5926714b6cbb04917b33615,1764461473,1764461477,2456,51194,,
0xa3117f74673bf3349df7d09613c7c2a943f93eb451d8d48489e8839937f6d7c7,1764461473,1764461477,2456,51194,,
0x4e0f6ebd3a8b7ef0ff4c1e0b215aa6b22a2c138e60eae6cb76d22e03577af56f,1764461473,1764461477,2456,51194,,
0x84865a9752e3cbc39e20aa7112916fe56a4e5e445be2c38071aef4ffcecc8d63,1764461473,1764461477,2456,51194,,
0x506973b55323a403c9dc8c178b4031f92b1399965ee5d8bfbe48d62797c9e243,1764461473,1764461477,2456,51194,,
0xc702c115de46844b9cba8baca1ac9e39a54914870f6b82e47c7b7ba07ea8151f,1764461473,1764461477,2456,51194,,
0xc7527ce1e8320ec85b4e2169fe67e18032343bef889ce1d70d24e968948fd432,1764461473,1764461477,2456,51194,,
0x55439d057a8bc7986c6873b7eaf32c5d0aa293efdf8e31212bb39bc6ab2fa404,1764461473,1764461477,2456,51194,,
0x91d636ef21d30951f22ce399265e8d6f38db0b4dc9b0d820e88d77675479495b,1764461473,1764461477,2456,51194,,
0x52cde381a346823c23169244cecbd1a2d88643ca769e4161f1dcd9051fa0e04b,1764461473,1764461477,2456,51194,,
0x76b469e61e6c24c1c57631da48c59f42d39d0c8aba0e0d5bd0293ea7e934f5f0,1764461473,1764461477,2456,51194,,
0x5f03c2df3a86d8179783d2259a8178c7116f7bdba5b2e3319c778ce9a41386bf,1764461473,1764461477,2456,51194,,
0x361bf31621901edaa18697c846438a76e6145e941c3e6d4480dd6a920b1858bf,1764461473,1764461477,2456,51194,,
0xddff8b57f407455bd3f8e166ea5c6db66e8d3a3d2aaafa443472e7d805d9229f,1764461473,1764461477,2456,51194,,
0xc397ca039c3baa8a5d25bf9ef897822d3ac691b560837129a5d54c6c3640c9a8,1764461473,1764461477,2456,51194,,
0xb0d01ac89ff92414e8a81a0bc59395ab55d2b88213b564207c5f984691282ff5,1764461473,1764461477,2456,51194,,
0x565b2fcab84b2ab99c6b92005783cc0330a82cce0b042fe0ac11d0ef6c1bd506,1764461473,1764461477,2456,51194,,
0xe3ba4240c66ca337a924fde9ab2381dd3ee2f11d39b7d1673d261479d8348ec7,1764461474,1764461477,2456,51194,,
0xce78d75cb5b2d7a532347dd3da4e0fd977a2a6b7dfab6af7507b03a7a42d1470,1764461474,1764461477,2456,51194,,
0x210e49801383ad237ad986a76206d2d0854a08d7cea2ed5a6d4569c92670b27d,1764461474,1764461477,2456,51194,,
0xcf9eb2cd4f7ca933383f46a1205dd12a25635a4c45c92bbc690f8b93af542183,1764461474,1764461477,2456,51194,,
0x01f61973a065b4a8fcdb2f55bb4ecfa6bd05855c4d285919aeadb9f04c88bdfc,1764461474,1764461477,2456,51194,,
0x71615e6aaa3a0965b49007273c458e6ee90a07605888738582b7d817823a1cd9,1764461474,1764461477,2456,51194,,
0x2bb7d641cc8128d409dbae73bca9281497238fe9b3b49c428b7b19ac4fbb8a0b,1764461474,1764461477,2456,51194,,
0x1ca79395b56de3e990e18332753048b8553247092f32a7af2700b6395680c8b2,1764461474,1764461477,2456,51194,,
0x445c3b91cc0ab50ccb06fb20e941838ba87c7f8dfe7b69e545ec15ec4e2ece2a,1764461474,1764461477,2456,51194,,
0x7ff4311180dc1760981f38335bb8c820b8231ef336391579d29bc2b39eaedbf2,1764461474,1764461477,2456,51194,,
0x7fae44a051ea49b3be992ce1a65bb2cf5502d71b458fb5a59d734d7727de4769,1764461474,1764461477,2456,51194,,
0x0badc89eee5232e8575b042f1dcd7e78c9d2f2b63ba5685c1ba27f4446c07ab5,1764461474,1764461477,2456,51194,,
0x0762609e47ddf3dc0b97cfd2043c832af0b0b5cd974d20bce44493ce90b1185a,1764461474,1764461477,2456,145111,,
0x13414a65c75ac41d4da9f29dac92eef9c8a05a0114f948e5e60086ede8bc2f60,1764461474,1764461477,2456,97695,,
0xf87d983caf3dc727afb5d3ffed094619e3f16347e96d07c5cf048d12660e5e53,1764461474,1764461477,2456,97695,,
0x58c5a0c5910cd7090ad55f639e33ffd974a78a6ef4e27db0b1d01d2f8692669e,1764461474,1764461477,2456,97695,,
0xc751d4782e97f2d39ce3cf8d60c5690d6b2eb0fbec804a51be98d8c13212c44d,1764461474,1764461477,2456,97695,,
0xae6a989c4f5abecbfba4f0cd356d406cf6baa6d5d0c4f821388abf2918cee616,1764461474,1764461477,2456,97695,,
0xb071f2a6390fff04da86a014abef320ebc77b626c90f2676761be5726f3e904c,1764461474,1764461477,2456,51194,,
0x06b66566ef23d82fe988fcdf940ee5b32b91f77c52ea247968d8d5e036093a1b,1764461474,1764461477,2456,51194,,
0xa8b713f36e8afab9e3e6b4c594dc6408046054f1c849e63eab78134b9aa0f61a,1764461474,1764461477,2456,51194,,
0x9d3c74419e4be5de4b30f9da48e9ca7c627e19dca8f974926fa645f267a7c4dd,1764461474,1764461477,2456,51194,,
0x6ce3df533234da06493bd3ef6de876cf8e200117579a4254b5aeecc55aee211c,1764461474,1764461477,2456,51194,,
0x2928162a87f7f713d91900e37a97385483fcff25e5b9604d17c239cba7583b9c,1764461474,1764461477,2456,51194,,
0x9ff66e1d4346313fb72690b7c91e044e09c198b0fa1496715a91cf80d9a1e957,1764461475,1764461477,2456,51194,,
0x35accf2e6c15aebb4462847454a7be42794db0526ba9a8316c79982c38d3083c,1764461475,1764461477,2456,51194,,
0x675e230e01a043c14d4e247ee15de81cbf592bc816b7238bcc7247098f54df47,1764461475,1764461477,2456,51194,,
0x5f44fea79890101a039bc2ed7d973c42f6fb48ee475ae956ffebf32f69bef0f0,1764461475,1764461479,2457,51194,,
0x66cd2e0d53483daad178eba4e1154ff57a71f481179bc987805fedde292dd70c,1764461475,1764461479,2457,51194,,
0x1595a5c6c5aa3ceb311b01bb7bd8f3072fe9dcee9a49d6a112d31e1e8fe242ff,1764461475,1764461479,2457,51194,,
0x38fd1caa622405b7bbca7f0a0310a780359b66f58643ade7f419285fc1a1960e,1764461475,1764461479,2457,51194,,
0xcdc14973cb88db4dd2f36085829efc40ea0874eecd21d7f2a0779fde1ed84dc0,1764461475,1764461479,2457,51194,,
0x42f4bbd751484f9ed6a9287ee045e5935c2eab9987c4e8c9ce82166269272ea4,1764461475,1764461479,2457,51194,,
0xa2f8af8dd721043ebac26e2157d79e0e79be2d39f5f12b4d8810d0c9e84d4dd1,1764461475,1764461479,2457,51194,,
0x9646bf719a3ff289220f83835f496de6d51fbc29c98183bcf6b2d835c8b7ca5a,1764461475,1764461479,2457,51194,,
0x6d5deb55d71a00ae4c8e1d6b75cba5800c261ba52adb873b4ef84061fcbf96e6,1764461475,1764461479,2457,51194,,
0x7dfd63dfa2ec0b8832892fe0b3bcbe077592a4c6a4783e795796d7af76860fba,1764461475,1764461479,2457,108111,,
0x49aed7efe7ffb2996fcfff378d969ca7b80109b57aaf50afa8e98fd469f23ead,1764461475,1764461479,2457,97695,,
0xe53953b507a17e4c9ef400ee3f2dd56da67a88a1871bbe377d09b5d8de42847a,1764461475,1764461479,2457,51194,,
0x4e1966353a5b0d25aedcb6d4ad3c3d29f43e96fa279ce0189163991d886a8869,1764461475,1764461479,2457,51194,,
0x86b455062ad67b35a91b6b69ee9a0e8a62f3b312334138ec57796ef0bbf917c2,1764461475,1764461479,2457,97695,,
0x6c88eddf91dcdab83206608c624d6c01982433efd102712dcf87733068151fa0,1764461475,1764461479,2457,97695,,
0xa02eddd7894361b4dbfe0273d5d9182fd2f58c6d259c1e683fa86a5878db8916,1764461475,1764461479,2457,97695,,
0xa42fd7321cb10783a61cee113ebebcd1d73c737e2a62a33a1a6d8b4e29d2319a,1764461475,1764461479,2457,97695,,
0xf20961f6b11a86fd3134eda035f34819ff45d88f67100dcc6ea039acd8f3718e,1764461475,1764461479,2457,97695,,
0x1a1a36523708a9d1af78bb2e5e8c9427a4cba5b4f2059ccb40cac51a6ecf17ef,1764461475,1764461479,2457,97695,,
0x4a917b2842d144bc969667b063f012f9ee2287884ac56ff49ea5bd3d7c07af18,1764461475,1764461479,2457,51194,,
0xe6e6d33b375cac56497672ec9b621fdffca0271e653ef821d5a1ee50243e2915,1764461475,1764461479,2457,51194,,
0x181e5e1f0df91726434d8d9d8fb1a861ce1a27dd6a9f401767bf47e663122182,1764461475,1764461479,2457,51194,,
0x4029e863e3f0a98d9ccf8099f0eec1664540571576d2729042f5ec02edb2ea8a,1764461475,1764461479,2457,51194,,
0xfec132a30b9085bb4bd0b035661653784a59fa73b2de1bb5777e07b7b1cd7364,1764461475,1764461479,2457,51194,,
0x95535f6499031b7598f71cdc0c09869d63946043de4eeb2e35ce650332f38300,1764461475,1764461479,2457,51194,,
0x7a00affa93be761480854f3246bb7f2e9a16efb37e0a5f86f98ed0c13f59d6cf,1764461475,1764461479,2457,51194,,
0x13e8dd9ebf3c6ab12d406b687f7d6121924ee253ce41e19f9acb056b82858111,1764461475,1764461479,2457,51194,,
0x7fc171f179f1bd65d8a1f1ada5b39531bcc777ea9c13744c8408d35c1bba5e16,1764461475,1764461479,2457,51194,,
0xfd1d4c0758f390279f4de95c13134cef89e28761f9ec631f83fd1cf76cfcefd7,1764461475,1764461479,2457,51194,,
0x78d78b403af42d85d1d5fbc5f5910e898d39b121679843fb71cb5c83bff3b6ab,1764461475,1764461479,2457,51194,,
0x5ce60b262909db2d51b5a73b886e9e4f1e4635664f82bca24632761e7fd30b59,1764461475,1764461479,2457,51194,,
0x4769c867a624899a6a76a9cd0777804eb382b6eac417742bae572e04cb23e4a0,1764461475,1764461479,2457,51194,,
0x5a363c0ef3a699e074fe43f50ff33e455f9423a7f618db2f1ed514cad0707944,1764461475,1764461479,2457,51194,,
0xcefefd5f9b7446b154caa5f6d140a5a0b2e3d98a6c23b4ada63fb3d00701abca,1764461475,1764461479,2457,51194,,
0x06f04711386a9a48dc3de2862b441dcfc1297eb6f153929f4186c19f18a184b2,1764461475,1764461479,2457,97695,,
0x2789a38aa2f74d927eb5c32083146b596af06375869f407dfbea1eefac2bf7b4,1764461475,1764461479,2457,97695,,
0xf3f900ee892925b98d7e1b9289a1976bccb054ef328ab4607d0630124a9447cb,1764461475,1764461479,2457,97695,,
0x3e430cffba31988819d529e1002c35e9803016b3c11a57692bab750edf08e201,1764461475,1764461479,2457,97695,,
0x5fb9d9076162455f9e976a91749014472b1d475f7abf1f4a18274d6cb24b52b7,1764461475,1764461479,2457,97695,,
0xa22fe36bf6a660292d78affaaab6afadbd5d929745a27df16f5bf05e9c00f042,1764461475,1764461479,2457,97695,,
0x5e031adb68b72aaca5a24b6bf3fde62306543dee815896832b51d09445283883,1764461475,1764461479,2457,97695,,
0x91e3519b71d98db0796ea186d4a22022a49c02fd516c1316c500fa23829d1a85,1764461475,1764461479,2457,97695,,
0xb4df2c6ec4744055014fd6cc46f5e87f935848116d060b8a85b917b61783cca1,1764461475,1764461479,2457,97695,,
0xc0b4b42b144b017e54531ad2322ad59df5197c1143e29bf967459be785473550,1764461476,1764461479,2457,97695,,
0xbf21c18d833fa0fa6c9b0337f4a613776d8b16c93a62d6a47b9f946e8feec46d,1764461476,1764461479,2457,97695,,
0x43f204eda2a5a645cacd657443fbd93984ee2cde4f3a4551e30f73bd8b27b6b6,1764461476,1764461479,2457,97695,,
0xafbadbe86c38e5a2591fb16ca8d68b0b07a1af4be260afd78c8c29108f72793e,1764461476,1764461479,2457,97695,,
0x94dd2c3db0c33d7d8bc0c09ba522e749f1385d420a8af6241e7d5a8e99b8f272,1764461476,1764461479,2457,97695,,
0x243a10d25833cd61a45655860892e5b2870f0bd143dbe0fa833613a0abd9e3ec,1764461476,1764461479,2457,97695,,
0xf1c3892ca8605c0cb4f96735d7e1541dbe75c2d66817a9cd85b719cda1aac954,1764461476,1764461479,2457,97695,,
0xe0046e1942bcb7758523c065f1bf2f8baee31691003e914c2736c2ff7d15d26e,1764461476,1764461479,2457,97695,,
0x8fc52214cbf81ad1dafe815e96a02c76a7e4d2e0f819c85367b4376867a3e475,1764461476,1764461479,2457,97695,,
0x5c4496bf980947c927f0ada8875834d1f24e952f712486139c217e770ae8cfd4,1764461476,1764461479,2457,97695,,
0x55a4fddde8f17c80c99d9ee4bb52605cfa0e68fae06bdac56de50b17cc04df56,1764461476,1764461479,2457,97695,,
0xe54f5cf343c5c99ad21913960eefaa6af5fb797a7a11f2db2a64c396e57e087e,1764461476,1764461479,2457,97695,,
0xf39098432cc282fbe2d49775bdf23446609f6692506dbd1795ff2882113a07f9,1764461476,1764461479,2457,97695,,
0x4f6e86d066aaba9867c4faad16888eb1e09bfd1938d1b4af2d5a1d8abc8b79ed,1764461476,1764461479,2457,97695,,
0x4595ee5a5555c87cadb98eef5c6e1908b163937939271bfbca68f0ce907eaab9,1764461476,1764461479,2457,97695,,
0xfd9c0699e518af3ac4e52fa0e95654b73d29a65704def4976a8f47e88c357ffc,1764461476,1764461479,2457,97695,,
0xcf36e9fde5e6b21f6ddd3374c9c0bbe45e94b938efccbd73305196682731617e,1764461476,1764461479,2457,97695,,
0xcb8ea1d97c6acd77dca67fd0c72265efa0528bb4494be4731efa9033cfcf93ac,1764461476,1764461479,2457,97695,,
0x3a4f9105401e8c96513b2bd2955cb798d9d78a081cdb189b02b56de654ecfd84,1764461476,1764461479,2457,97695,,
0x8671fd8ac87a38e23be9267852872c52b7737f3a3cdacb364cba124bd48ce00f,1764461476,1764461479,2457,97695,,
0x5dea39cabf30757b2adcdbc00c979ad2af06eb3c07626bc3e2996edabc86eb83,1764461476,1764461479,2457,97695,,
0x7e164fe21e50fc4b43215f69bbb5d08a8b206cae94ba5bae82628546e3e3250b,1764461476,1764461479,2457,97695,,
0x1dc342e127d66c5032f23a68e6df5d9aed63731f84ed0f6e26b1abec08102194,1764461476,1764461479,2457,97695,,
0x4c86cce6e533dafea22db9e842d388eed0ceddc93cabf7033e3539149c9dade0,1764461477,1764461479,2457,97695,,
0xc6e93dfc2ad9b98c9872f14a67e557b7aed556adb091b9c2794cd28dc580c47b,1764461477,1764461481,2458,108111,,
0x858600790c0d1ed15de332b6272121b3d0b24eeacf0caa52f830071a451faeeb,1764461477,1764461481,2458,97695,,
0x52b90da3b67147261732c703a251273ef57a1ce385152defc84eb36b996e6284,1764461477,1764461481,2458,97695,,
0xc84f57363eafa10d30ce4b6c32ad2c8aca82f0829d48c31797eeeb26682e0ab5,1764461477,1764461481,2458,97695,,
0xc1b0becb641166e826754b78726681eafff481e8bd106d35a6df7e522006b629,1764461477,1764461481,2458,97695,,
0x0797152f8362834c71cc7f80de6c387b13d0de2e3ffcdc5d966caa6f1738a4e5,1764461477,1764461481,2458,97695,,
0x34fdc33f086c0314d021109ba2b8619262972fda75ad85de0f8df5e5d5849990,1764461477,1764461481,2458,97695,,
0xe8bb788be952a7c2495de708aff8b5242d3163a9ffd0340b010782c8e9876a43,1764461477,1764461481,2458,97695,,
0x4afd35d839f1484e7c802199515e1548bdc195b79764d946fe446f3abc92a766,1764461477,1764461481,2458,97695,,
0x0ce7448c2ffa7c2b4a77aff917431c22edb36dd9b1cfa3a92cb750a9bdb58c1b,1764461477,1764461481,2458,97695,,
0xc7e58b90453d081e32b941801366d99443a3b8031aa63d37fa43bb79f5c6c117,1764461477,1764461481,2458,97695,,
0x4851753f555275a84ab46733f4cd68796fbaf7ba6e78643ab9600e8aa790cca2,1764461477,1764461481,2458,97695,,
0xe29d877786c62e09a4fe63a43b2ce804df09540d4b6a55ab633c24b61581dd11,1764461477,1764461481,2458,97695,,
0x16cc5d8944d4748a9cbc7a869a0ca13df852e347c5a023ca386f23e364d4024e,1764461477,1764461481,2458,97695,,
0x8a0db75e7e48e2bb0bdc20bc62cb60b624c4ea4ad9e3e69d851d0906cc403610,1764461477,1764461481,2458,97695,,
0xdf245273c59e59d73002b65c3dcf305447ff23c0e305acde7e7d9ab9365fc757,1764461477,1764461481,2458,97695,,
0x8d8effcf629238203138d2e0fcfae302fb376b9471d5554405fc10d5a4d85cc0,1764461477,1764461481,2458,97695,,
0x3c7ebf173907a9f902d54d3218c2a228ce4a19c987a89c9b2959cd2e1667c2cb,1764461477,1764461481,2458,97695,,
0xc18a6a27597682bb8dce6457654ebec5d55cb41485f3cee1ec1a3aa3ca09f744,1764461477,1764461481,2458,97695,,
0x5d8b56e0672e25ac8c5fd55c076e9bd467cc19e9462ddbfe0c17187047c3723a,1764461477,1764461481,2458,97695,,
0x0953a5b38ad5cbbae866ee80849ce47f7ccdd48051da27a9033e90116c9a2367,1764461477,1764461481,2458,97695,,
0x44cc1100b25716249fb6d7eca3e45ed756181a9fb7e0abb22e037b2bcacefac3,1764461477,1764461481,2458,97695,,
0x8c7a97c3e6950be5251b365c6c31ef9f2da37d4dd29f4152c8b03c914dc462d7,1764461477,1764461481,2458,97695,,
0x731c0b6dbbfce266f51342e74efef8447118458aa9e31273b80a784cd1bf8105,1764461477,1764461481,2458,97695,,
0x57907c7850d27ab65b024b045cc5e801bf26cd06c8afac12b88be5b48e69af89,1764461477,1764461481,2458,97695,,
0x25f3993ec1a10696d038ceaec89b5040cf4bab8c21314509184fec0f2ce44a31,1764461477,1764461481,2458,97695,,
0xbaf6f2cb9d7a40a4e076898f303701b6782407b696cf530189f108213eaf1290,1764461477,1764461481,2458,97695,,
0x50a59717b7c9137287137066db1f4232db430363be20a314d4bab348405dc258,1764461477,1764461481,2458,97695,,
0x9765dc367944b3c34f7f0fe38141d429ab2f7487be44fc37a526d40ccabb1f22,1764461477,1764461481,2458,97695,,
0x09e001e16c98b2eaf87a14d638060072c2c0d7effb62de6ef3a5ea127a51fdcd,1764461477,1764461481,2458,97695,,
0x7d3908183d3ac9326f7d0ef1579a732b0a99093367b7b4cb9ce8db8b82108f01,1764461477,1764461481,2458,97695,,
0x2443aac47556ae18f5ed01c9c175c895b40153bfa446f92ed844cb5d8957f3d1,1764461477,1764461481,2458,97695,,
0xd612dfb7213b912683341e9d4de7a13ecc124f76ca69d07e39d49bbfae24fa36,1764461477,1764461481,2458,97695,,
0x143568395bff8572abb6317c330ddc2d38ea30a9af5b61d118922b7888cf111e,1764461477,1764461481,2458,97695,,
0xbf6f737806bb420265882b293127517f5b02bbd7ef316fe738cffc7cba49f4d0,1764461477,1764461481,2458,97695,,
0x6611e3e632b6935c9ef702d025359980569dd1b8d202c6441b00f1966113bfeb,1764461477,1764461481,2458,97695,,
0x8ac179f686decca912b3745560eb4a9c5b556f13d5999fff8eb6d2142b07eab2,1764461477,1764461481,2458,97695,,
0x58e682b48aa1338fbcbf1fc5747c38d854176c48258b277a191b497999467dd7,1764461477,1764461481,2458,97695,,
0x04bfe991e06457e0f38dd871c9f09062acbc24cec0596f75f618305eb2da8e91,1764461477,1764461481,2458,97695,,
0x916d3102b4d62ca973ff2d19e97b8f2012164cd41ee8e7db04a2a74995de5853,1764461477,1764461481,2458,97695,,
0xf604000e3c650024668b03b79e2ffbceb6217585e22fd58f565ee56073ec840f,1764461477,1764461481,2458,97695,,
0xc7624c7233041bd39db4d415c1137e41c280387fc2327bf31139dee50ff61944,1764461477,1764461481,2458,97695,,
0x87a394a5b4b3ac315d28cfb22eb9ac52300e3ff8f6467d5da440655f19564e9e,1764461477,1764461481,2458,97695,,
0xb56f033f71c318070a7e9c4b371551f1a0a3d978887c2e6e3f19dc5ff5ac662a,1764461477,1764461481,2458,97695,,
0x042d252d40b4cc94555bcc0e9f0f918cc6d71f601e0f5952340b41f7c924f555,1764461477,1764461481,2458,97695,,
0x4f66ca46702d4db9febfd309005aac6a5e2b07828f5e4c6866731f4ab4111e61,1764461477,1764461481,2458,97695,,
0xe388299eac19b46eccec3e2fffac6f47c338e0985d8e7293c096abff2b8b66b9,1764461478,1764461481,2458,97695,,
0x17e332dc16042b28850d9881d41af38ee472c96c356b17ff9545c1fba89b8902,1764461478,1764461481,2458,97695,,
0xfced8f4b3f4f77fd5e0a6e4212c08005861bb688750f7b9e2a1ecd565241af7e,1764461478,1764461481,2458,97695,,
0xa5d7a9c76419d6169b625e7eef3760e64be4d093e0fab8c3b8e1c9f8310fbe43,1764461478,1764461481,2458,97695,,
0xc923706e2c2b2d9e7631444687b82a6825d9372279af87d1d4be2e977971ad8b,1764461478,1764461481,2458,97695,,
0x3ac687cc109c7eef9a6705b89881c3ed3bcdba073d0cdd814fa399207f30e0fb,1764461478,1764461481,2458,97695,,
0x5c1faaecaec5187008f090c20bf14e91b027c71ff4d807e55393fd131680e8ac,1764461478,1764461481,2458,97695,,
0x1681f6030b03562facd30006f540799c6a63f58c25cb85c81de486151f0423e3,1764461478,1764461481,2458,97695,,
0x7f9bf307402d57a46181997d91c65bdcce08062951f7d3dc581e0f6efe1f3b86,1764461478,1764461481,2458,97695,,
0xc518d03d84fdc11765d73ccaabb07d3ca9b9cc911e4aca925a7c98b21c3332c6,1764461478,1764461481,2458,97695,,
0xff847a9f381457f630475d5704611396088a01fe9cbad485ff8a8c6856b8c8e9,1764461478,1764461481,2458,97695,,
0x34c5f838648537c3e77cbd4415dcdd6410d588112f830ae71bf4671fc2ed9d58,1764461478,1764461481,2458,97695,,
0xcfd1dd31ec42659082ed988de3709b5b909de21c8df09f2ce4154381eeb47abe,1764461478,1764461481,2458,97695,,
0x9fbe91102940efd6f85789a9b5dcc736b903e5f901c173ccb39667f5c91e548d,1764461478,1764461481,2458,97695,,
0xf71bf616f766121c521dfd8e22bde79e33615a243681a5ae8c76532eafee824a,1764461478,1764461481,2458,97695,,
0x4f17484a391bb4adbc6ffe03cffea3bb0c749982ba1c8126f89dea7facd12db1,1764461478,1764461481,2458,97695,,
0x0df7ed86ad051ccf18c6942842b2fc61bb1c398055b36786b0c1510e28a1c731,1764461478,1764461481,2458,97695,,
0x15d2b93ce5b49454e78fbf5b1c31ce0055be6c7ac175e3d0f0706627d4d62ade,1764461478,1764461481,2458,97695,,
0xe6796aa7dbb292784b654d9cb8770fe628a69866cebdd1026d685ff461c62753,1764461478,1764461481,2458,97695,,
0xae40da939f30f047604798429e0e15096576f211d6026f2e54e9d49e350324f1,1764461478,1764461481,2458,97695,,
0xb33153a33259ec06e9fc8386148e95201c49727b08eb98ffb7015766f6b5ae26,1764461478,1764461481,2458,97695,,
0x999b861a616ab308a8b361ba33050609e33c3b038ef94ec6c83a509e3f4c8665,1764461479,1764461481,2458,97695,,
0xcbb8345d690e3204a079c4b53c0a31f2fcdd551e047e2ec249bbb9f8b6be9025,1764461479,1764461481,2458,97695,,
0x7d51c02166476b7c0c6d5e4a0ed3f519897e1c40f398160486703f6a215df2a9,1764461479,1764461483,2459,108111,,
0xd6bf09c47118b8d91a02bbcb5ee2cb23f1a9b7d042ed8d4e6f33d48b65f47125,1764461479,1764461483,2459,97695,,
0xaa644a36b7a3ae2c9126e9da5d8cce3ca2db73dd4d6cc8596e368ff7bd51e6d8,1764461479,1764461483,2459,97695,,
0x21633b1780885c505bca8ec787afcbdff9e1cd981cd9df068646417181a93d33,1764461479,1764461483,2459,97695,,
0xe5feb8d3dcc53f61a60c09472649a7b219092d60193fb2481c45d3d5b5b86fa8,1764461479,1764461483,2459,97695,,
0x5e839446dc595515911b2805ae77c6ea94d50c34823d02386a1e425139e11a7c,1764461479,1764461483,2459,97695,,
0x7e88aad241619c8c44092377e72f29ff8e9bf9072cf6c21c8b4a65bff92120d8,1764461479,1764461483,2459,97695,,
0xc1b5ade07cba6e4078e91bde164cf70c60c63183006513eddb695e95d12c8f00,1764461479,1764461483,2459,97695,,
0x016d9a3d8490f418884b52f353582b9e7f6fa8e427db94d3a115b62834414d91,1764461479,1764461483,2459,97695,,
0xd49250c6334072b97215fec801101706fc5eb4dd2c56e5ee09665ba9778cdb4e,1764461479,1764461483,2459,97695,,
0x3a7d5a758273ef508329ec37f86c9a4a36e1428e4670660b27a1cec1d3fc662b,1764461479,1764461483,2459,97695,,
0x3c2b4a3712796a160b0a90df93ad91ebc478b8159bad0c02daf4809e839f5541,1764461479,1764461483,2459,97695,,
0xcaf096a7ab3f594e659ebf94a7ad124b602b5d0f247a7e71cc8a091c83d62708,1764461479,1764461483,2459,97695,,
0x7cc8205b0d4aa4a9bd5f6354311c9c394ab3b5f51668e1b8f6457bfcebc9b188,1764461479,1764461483,2459,97695,,
0xdb959b5aaf8c34e6a9eddd565a2c4deb187aee59be150dfc35aff9295475fb46,1764461479,1764461483,2459,97695,,
0xaa6eafad02a08ea6222b35ea5510cbd265785d6177681386ced994cd15d339e3,1764461479,1764461483,2459,97695,,
0x8ced37b51d5912af8de334f66f886f892d301c68c973965e096ed374d3c018d8,1764461479,1764461483,2459,97695,,
0x2c1db33cb58b0eec32de8405b7e1c6c4127d3f963f163d2f2dc86026d14fbc4f,1764461479,1764461483,2459,97695,,
0x6d26f03bb14f5c8b74622380728c7bba5f6b761db7f190d8512e609c6a663b31,1764461479,1764461483,2459,97695,,
0xa1c336576843c92e861c8eb8571b927595a8b00dbcf0036da8f6deca55761260,1764461479,1764461483,2459,97695,,
0x360efe63d5d008257ab6028f2c811baaf2862240e0a1c3eb69252134dc318fdb,1764461479,1764461483,2459,97695,,
0x5fb1f9f40d859d2f1f7aa853cde7634f2b909f8792fa5b3ee2a1702417a50ccf,1764461479,1764461483,2459,97695,,
0xe10e4538980b400a0250864ba5afedab735088e4eca4f1242c0797cefe575b93,1764461479,1764461483,2459,97695,,
0xaf2fe65d0d94ad06547da006ec557162f4fa90e9eb1a41290e36872f16a094ec,1764461479,1764461483,2459,97695,,
0xaaa3718648431b3b525409a542838688c8d0b0f4e7813dc7fae8de62c9f742a2,1764461479,1764461483,2459,97695,,
0x58418235218342c87c704338633d57222dc108f3a6248b844247252c52c95f0a,1764461479,1764461483,2459,97695,,
0xa8e51c83d44275be8337e4c6b692e21c6a8e261e98730a1fbf0915de9a665ec2,1764461479,1764461483,2459,97695,,
0xfe8dbf51988dccd34016dd3f73c62ee1bae38781c8def6e567110abccba2f244,1764461479,1764461483,2459,97695,,
0x3709a221c337e9a6ed1974c10c131cb66a4ce34d106b0806100476965a18c8e7,1764461479,1764461483,2459,97695,,
0x381d6248b2ff5d166a3c2594ca9e232497d0c2e779eea491db54cb0ec0dbd7c9,1764461479,1764461483,2459,97695,,
0x42415dd000e2fcd7d51b96c0f767768193b7037a2e8355fe50c79d949c447092,1764461479,1764461483,2459,97695,,
0x40131335ee7f2d7103db2d0a3a315bae1184f931a8f411545de4fadd28964c84,1764461479,1764461483,2459,97695,,
0xbe705f63e5789e23c547367e7c5f2159d2d84666a2cc0d5f187ba6f9db4444af,1764461479,1764461483,2459,97695,,
0xea70bc42169f18f1af13554b259d0b99002b0950cc9491c86ba34bcaa8f8a31a,1764461479,1764461483,2459,97695,,
0x4aeaa959359d77f1007d4aa7dbd649e5269d0a571c678ba124d922e38c7de1f0,1764461479,1764461483,2459,97695,,
0x8ee2c000ec0015f480034b99a7b93dd424cefb0d3547c62454a5f80ebf543ae1,1764461479,1764461483,2459,97695,,
0xc4b025481e7419a94ad12a7d52d4935819361cd94ec939e43bfd9818a7fb514f,1764461479,1764461483,2459,97695,,
0x6d11db9a2cdcdd1bbbb1ebe90b3a6c29ec1c56bf15abda4e634133bfeacc9e0b,1764461479,1764461483,2459,97695,,
0x383d777636f1eb8ea6b6321405031da6e8bcd4b668a31019ba25c316dc740067,1764461479,1764461483,2459,97695,,
0x1b55ee8d32934bfd8074af287fbd330466ec77452c67bbcffced6e74184ee707,1764461479,1764461483,2459,97695,,
0x52d24f2ea6dcb95a10deb1c980bc299c00e5a87500e951678c6c300aee78c9d7,1764461479,1764461483,2459,97695,,
0x7ab03c6af7f762921bf79367b7318f77af27c979bbc43ae8f2e97510bfd025dc,1764461479,1764461483,2459,97695,,
0xc47c1f378eba2cd74e5a5aae4a301764a9f37223937463406cafcc1418465df6,1764461479,1764461483,2459,97695,,
0xe278fa22e3726a683c516a4ed4e9660f1dd62105bf290b6bc09f8f9133d06b23,1764461479,1764461483,2459,97695,,
0x0ea154b551c50ca11bec7ef48b5a8317f78c3e5c832110547ee5aa7176c28c91,1764461479,1764461483,2459,97695,,
0xdc8770a8bc8ff045363a931191709ca8ca21c618791a097e7b6843d199866567,1764461479,1764461483,2459,97695,,
0xd9918250f82fe06e8d9cbbc603ffe79e9b91f12730d03932cdaa1a9b8e9f54c1,1764461479,1764461483,2459,97695,,
0xf610eb3b02842b1b67499398a45670babc1d13bc5c6b04ce2b3e9969fe0a973b,1764461480,1764461483,2459,97695,,
0xe670ff64160807fc12c9da382c877edd296befeec95b49dbcda248340a61f9c9,1764461480,1764461483,2459,97695,,
0xf64151452d248c1eff6674e192d566e8f5e8e0d9fe69e29ca1e09ab1370ce276,1764461480,1764461483,2459,97695,,
0xe73ef86b0a82ef3acae2a5a92c0ccdbd0462c0f8722ee99a9b30406d0cb07e54,1764461480,1764461483,2459,97695,,
0xf871a894a65b7e2eb8c64d7d3aea07ec1fe47588866c5e8da51b5dc03e3f1a50,1764461480,1764461483,2459,97695,,
0x076b01a96b2911b7dda3a7b9a40e090c78795b5c1e5ac39b820929cf3e49148c,1764461480,1764461483,2459,97695,,
0x8ca428d8f533532d3ce549d57d2dad7c8f90434103c9b3ed7f4dc181624f1406,1764461480,1764461483,2459,97695,,
0xf3211e0521eabe2103699e561016e8c4d36159fafbb8348e1e2a413ce864b0cd,1764461480,1764461483,2459,97695,,
0x5bf7916c4a097e8edf3e08ea4a92aa6e04d4a128724fadacecea9ad9da169914,1764461480,1764461483,2459,97695,,
0xcb1540aad74bd2f68474fa2550cb19876878f7995365690ec0314c813f3a8c41,1764461480,1764461483,2459,97695,,
0x42e0a97a28d4e0b3aea6d808c6cc09776f086402dfee10a0d7236737758f4e4d,1764461480,1764461483,2459,97695,,
0x145b4143e82232dbe7fb0fe572c7008e3a66f665f533cbb80a17f36e600fd406,1764461480,1764461483,2459,97695,,
0x7306e28baf859cb6e09742f04c3b3a3fe669e593ac1b8c3b7b6fd0868b89d289,1764461480,1764461483,2459,97695,,
0xd5e7a73ef40d9d2d4ec3b02c564bf619b3f1efe0376082ac78ea512bac6da2fa,1764461480,1764461483,2459,97695,,
0xd41a987eefc8a21235eb5a301e104e3bb4c9c769c1895be89303c4525840fc03,1764461480,1764461483,2459,97695,,
0x7bb920284e1ceb798c03006ef521c1d7420a75b3511b63d4bd29654975acf672,1764461480,1764461483,2459,97695,,
0xcadf6181fc314c99c42a3b9a0d89ea7f9808acf573157771a96dbe643a86791c,1764461480,1764461483,2459,97695,,
0x9f253d3f0cf95b864d3fa10e105a58fd0e79c50c88a1e9ca85a478906c4f8d8d,1764461480,1764461483,2459,97695,,
0xd259e758d4cb566177b51062138131d6ca642855d64d8e2feeb0a3a8ef9bf363,1764461480,1764461483,2459,97695,,
0xa56a64d81b762d90b2b0b610b5d02f36e5c6fba547858cab97ddf580ff4aa8f5,1764461481,1764461483,2459,97695,,
0x42ecee78f71a1b8c0ef5534d2bb7f04bff9fea2147dcd966643e32c1fddf39c5,1764461481,1764461483,2459,97695,,
0x430b84d74eaac5c66f9e75a38304175220174270ba3aa8c0cd42796eb6f41e0f,1764461481,1764461485,2460,108111,,
0x814a7bb0e4a818d7486fc86df2e6da0102c039fe7d1cf4bff3a452317cf4fcca,1764461481,1764461485,2460,97695,,
0x615be844a6593b08e77e83888d934b03cfdb1ab0c277e0560bf6da9dd8891146,1764461481,1764461485,2460,97695,,
0x4b3ced2bccd964ed183f3ec47ad4d3fc8e0b7d1e69294689ddbf2560afc7aa68,1764461481,1764461485,2460,97695,,
0x4b34d6e540431ab20cecc144d3cf3d7f5c0ef20cf0bce4177baa079e47888203,1764461481,1764461485,2460,97695,,
0x5cbc80029b43c457b098f446c1893e7e40c7e8a30ed7aad9e5afc70b43c6c04d,1764461481,1764461485,2460,97695,,
0x5b482d9670a1666a9480ee957b0aaee853d99d0421c0691709b862e15e004ce4,1764461481,1764461485,2460,97695,,
0xcfe9e526644f0b7afdec694c71e84f84e657b6649ca38d2f7b29697ed22a1630,1764461481,1764461485,2460,97695,,
0x90766eb470528f0d61f05577ae3851fd863ca5724c9b65ed4928f3388fa4e5b1,1764461481,1764461485,2460,97695,,
0x7e05331f8d20b13051e0719f4977a0eee845edf4b04c3efcc9df8d23e17d804d,1764461481,1764461485,2460,97695,,
0xfa1179c16bd904ca122657a013dc79856a3bee5d1c45db68c5dd971c97842ef8,1764461481,1764461485,2460,97695,,
0x0f6393d6c5596adb0d5cb4187dc96aa586a962ccb3471b168b658cf7c8ffb203,1764461481,1764461485,2460,97695,,
0x2f145801a1cf7a2caccf7cb94137cdc9440a570229016055d09bc083ccd65676,1764461481,1764461485,2460,97695,,
0x0b75e52ab99fb2dc61a5a87316b22f02a6c5fee833a4b8160ec69bcb01a53f6c,1764461481,1764461485,2460,97695,,
0x12f31de2449dc83586f55ab304054d8aadda469e0f83b71d814f0f9f0f56f4a3,1764461481,1764461485,2460,97695,,
0x0fc08eee76a6f4f65b5d2b1a6b47b062f853534f6f137b16c63b37e054c6ecaf,1764461481,1764461485,2460,97695,,
0xfad9bca5bfb760a811e03f247891b7ce821222b20820c9c415be2735b694180a,1764461481,1764461485,2460,97695,,
0x9f21d15d9c3248a1b425ba6f29e6395ee4836c61ba85774aa4af2383e1eaf959,1764461481,1764461485,2460,97695,,
0x32892391a9b849da4f6981f71e1f7cd942eca19f2d17b8d27ae8a6952e829b1d,1764461481,1764461485,2460,97695,,
0x9417a53b273183332cebe3af683594dcf64fc90baa061fed503acf6448117946,1764461481,1764461485,2460,97695,,
0x101fbabb329c7ce7056873f98c0a31c4813da0fce7eb43928b5f4d40805d57e8,1764461481,1764461485,2460,97695,,
0x474de89bfcc9d1615fd8dc356fe0f6e3825989ea4ae1ad8faa7f4efc3b4971b6,1764461481,1764461485,2460,97695,,
0x3585eae4c1ada315fe6614dcd3e75bcb8dc667ac15b44a3cfaec7dbbdc92da2a,1764461481,1764461485,2460,97695,,
0x786cf219208af255051c026c1c04b58e9f9ace161ef1518c17ab2d43732ff519,1764461481,1764461485,2460,97695,,
0xf3b5f3e1ff611522fa0608e89b18cdf69d1302ab30bee8c3141969dbd07fb758,1764461481,1764461485,2460,97695,,
0x7d4d1b7f0b2680317ab41f5c8d7b0a487eaab9daf1769a8c40b8c83e7b89d33d,1764461481,1764461485,2460,97695,,
0x3f1eded99deea705e60a1dc056c4968abd25f787568ac1fde78e697feffa6a11,1764461481,1764461485,2460,97695,,
0xf63c5e281a846b51ead698f103c9bb25dd959eeb21ccd055db61a219fa75dd72,1764461481,1764461485,2460,97695,,
0xb46104d60c7df32913450ac7144a95481db232754df11f82a35c576b19d6171e,1764461481,1764461485,2460,97695,,
0x1616b45d913fdae8a7c243abf7db02b5438ca45c0aded6c65cdc55cbf67d34f8,1764461481,1764461485,2460,97695,,
0x092a57d9d8ad8874af7ae2a2111ae871150ec51d7378239245d98f2608e03f3e,1764461481,1764461485,2460,97695,,
0xebe62f9fbbb9111dcbaf8ca173dfefae547080b935ff7cdfbfb127956c5727ce,1764461481,1764461485,2460,97695,,
0x3a58d169a1203dc2bb4e5013680b029054bdbfba89198f82c1972b865c955365,1764461481,1764461485,2460,97695,,
0x1bc9567eecafc2b7143928e690e87f92fc4df1d1c2bc6a0cb9c2dba8db824579,1764461481,1764461485,2460,97695,,
0x023b50b6208a3bc5e84e9307b460d2c87221aeb235b9242bde359abd1175a987,1764461481,1764461485,2460,97695,,
0xeb8aef3388a11fe6828cad4703dd8155a2cae8ab72c4991a14c12baac0928ec2,1764461481,1764461485,2460,97695,,
0xa1c07ca8b043bb6ea7b0598d759d4f9c29bd458e41b89766d5cb2fdacd8cc0b4,1764461481,1764461485,2460,97695,,
0x6a5d250f20140aadf670fffcd4d73db200922c76a29f616323618492b7eb8b10,1764461481,1764461485,2460,97695,,
0x52b31433e9a7e2f569b70287144d540810e515c8d93f4f0a242a9d2db4b13079,1764461481,1764461485,2460,97695,,
0x004c7536e4a2ddd422d87c406804ea7d0d4d7f4c1a2bc2e60dfd95fecc390605,1764461481,1764461485,2460,97695,,
0x8ca6626c77e5e1cd857fc0d1dd32253c362c001821e894d6d433a0b1b57f508b,1764461481,1764461485,2460,97695,,
0x884dd4bebdf842d3119a82d34b58f32c12b1ce219b3cd887fca6bd6e1b9eb27d,1764461481,1764461485,2460,97695,,
0x61601a911a8de088c420a6190c89b98165083681f408e074d9bb7e90248d2829,1764461481,1764461485,2460,97695,,
0x1ed2ef4e87907e617eb39643827775ad9f7ea4764ecbee1338710745ced99490,1764461481,1764461485,2460,97695,,
0x84e25b08fdef5e1c6564616022b7190b2c27610c6dc3577da15277da56bdfd8d,1764461481,1764461485,2460,97695,,
0xe1c2bcd8dc3c994c038601c7dec7c847fe4a53f45d82bdcf8be447f4df809f65,1764461481,1764461485,2460,97695,,
0xef31c864e9a5f43a13d480274bf4788d594c0c0e2911a6694055dc5b1a3abc0a,1764461481,1764461485,2460,97695,,
0xd73b8c25cc58302d03ae14f33e5a9399c5356ca2d5b918a3ba35c532bb1e74b5,1764461481,1764461485,2460,97695,,
0x235b0d38e987dd3aa4a27d6029c7b598a69fb7200a4211248daabd8475ae3da4,1764461481,1764461485,2460,97695,,
0x757efe73cb61b291af4f19dcf967ba8218b15ab82088389b080cb99ecd95751c,1764461482,1764461485,2460,97695,,
0x62bd608f6136c024b5e6765794ef7689defab703c347534f1b68bf2080d5a9a6,1764461482,1764461485,2460,97695,,
0x8e2bf9a92bb5ced030662b3ee608b09c6f0483651dea1f021ac0cdf8bc898be5,1764461482,1764461485,2460,97695,,
0x280916efca34c2ef907bdb15924d4577276f734a5039d9dd4d92c8105a031302,1764461482,1764461485,2460,97695,,
0xcbdb196e257c0ded897a7c96e81d06d1d844589939199d632f6c9ebb1374a01d,1764461482,1764461485,2460,97695,,
0xcdb68f06247b5d9bed6255396bd50ffaa25929a60ba89c045b35cee230ccaa6d,1764461482,1764461485,2460,97695,,
0x1d46c5db1d5388fd96018920d79aee522d7907f1e47bab48c3182ae9cc923bd7,1764461482,1764461485,2460,97695,,
0x8d22e535418a2c05891a7fbabeaa93aa1cf3c178f67f0fdb93bc1de9e4dc419a,1764461482,1764461485,2460,97695,,
0x89f703e92704eeb608f2e51943a9dc052310126dfa06b6957a0922925e524269,1764461482,1764461485,2460,97695,,
0x98d43d4d0ae642c01904e2b1e17fd8d4ce64b4df0ca948030c6d76f9d1b9cbd8,1764461482,1764461485,2460,97695,,
0x590b118ea07ae04a329436b3a839e9059bceb2ef12085439cb07767a0eba5d5b,1764461482,1764461485,2460,97695,,
0x5efc209f7d42002f4573ef0cb472f53980c37d81830d1d0e056db9cf5e778cb3,1764461482,1764461485,2460,97695,,
0xd320f3d114e1e4d4e9415486322d8dcef080ece4ccf5dfa6f899fb6d150deefb,1764461482,1764461485,2460,97695,,
0xc2339753e9f09c1f24efe64545b0654295407e39711caf90b6155d425b340846,1764461482,1764461485,2460,97695,,
0x9bf6a3cb64e39450cf0721f489a49b05cfe0fefbb167255999d673fbaafe1059,1764461482,1764461485,2460,97695,,
0x5d74e1907adddd528152cc8aac61f940ad14746bafa917f0e8ad78153b8467aa,1764461482,1764461485,2460,97695,,
0x33579f154af04864b452d9f8252c017aea67268d5ad8d73e8a21aa5efbe5a07a,1764461482,1764461485,2460,97695,,
0xa7eb00b156537439eec04f8cfd6853d41232a2eb3f0ebd09d8e269b8a93d2c7b,1764461482,1764461485,2460,97695,,
0x61d5cdf43777e85f5201d2cb3648003b3ab6e6512b3be70b46be68c9db2a9ba7,1764461483,1764461485,2460,97695,,
0x08229c9f78b94400437d09418c6d1a801a858cb4694353cc4adb22ff43c39f6c,1764461483,1764461487,2461,108111,,
0xea8a8f8ee3c704937be67103a77b3aff4d686ff50eab3f8aae73c256de1d338d,1764461483,1764461487,2461,97695,,
0x1fcdc818fc5fa46f7314624620d671ccef5357989e045aadf39ab1765df08fad,1764461483,1764461487,2461,97695,,
0xa5ced441be65e9b908b4e40f88c16a2b89eeba01f3edb2b864361cd9d3222f23,1764461483,1764461487,2461,97695,,
0xc0bc90f95f096027b197057eed6e98412dd956c00de51559a6980e23d85cb8ca,1764461483,1764461487,2461,97695,,
0x0d2eb8ca561a4b176906b96bc1e41c630f34a9b15797dcde425013a194815a52,1764461483,1764461487,2461,97695,,
0xa4f831713fe613c5433374413590d5f769f97b42913789dded0ef545fbdfa640,1764461483,1764461487,2461,97695,,
0xb895fd58ddb1ce885c10a46e4a6654cf7a7f3f04fa0569ad9af78b26b8b0a57b,1764461483,1764461487,2461,97695,,
0x1b393fd115de534f566812eb7cce3108666dbfa2585ed8cc4ff56ed876eb6a97,1764461483,1764461487,2461,97695,,
0x768a9815065e23631da2b16fad2bc23ef42f806105b2eaa73ac9c6086241a4b6,1764461483,1764461487,2461,97695,,
0x4aea1ccc54ca0f051a40934b968c0179f80d4f5034d69e8fd20cf4fd15c6d851,1764461483,1764461487,2461,97695,,
0x55c0d923bd0fb7668962a6776e66c3f1105b029e5e1bec3c965a8e1f25c600f7,1764461483,1764461487,2461,97695,,
0x271301ac216069c6d9165fcd686e398204ea77281511dbc9041320fe5b4eec0d,1764461483,1764461487,2461,97695,,
0x7c9eb7fdd995d78c57ccd0927551d947e5c966b90e32a007e6d2726414bf7871,1764461483,1764461487,2461,97695,,
0x0d4965946e562e6ffc9ea7e926ff7a5580de9c1fef3454d52200a0fed2139c0f,1764461483,1764461487,2461,97695,,
0xcb33d0f81a4448e27a5d88d863d4a76f638d4ce56eafeb6bd958441641fe2de7,1764461483,1764461487,2461,97695,,
0x09d6ea1b1109eb8d7cee332644be9e177635d3cd0ed38099ade1c0c5b1cbc2ff,1764461483,1764461487,2461,97695,,
0x8a7c6babca22c0f21e420f1608608015249eabbbb48cbbfa2d7ce7090bc0d921,1764461483,1764461487,2461,97695,,
0xc2924e70ac23245e656f2ec6e2c833eed8541e40b764de2a1eb321f99a546a27,1764461483,1764461487,2461,97695,,
0xbc1a9417a22363619fb194fcaf9d7409b419b0e36f88950fb2f67cb0373af054,1764461483,1764461487,2461,97695,,
0x9c20ac1802eedbcbc4c21d9d126b766c2fdbc36ae99f01e8ef7b71911a064aa1,1764461483,1764461487,2461,97695,,
0xa2413923f3bfb11f504acae83c63b333d5b0d56b3a6fc9015004da4b85143d2b,1764461483,1764461487,2461,97695,,
0xfa34a6d44d5813b8a1efc50e4436feec72aa95a8ceba5b6db67463be1f9d9169,1764461483,1764461487,2461,97695,,
0x16a1b2b4cca010965140c446566c4ef85ca840920658ecdee080858dde812206,1764461483,1764461487,2461,97695,,
0x7ff9d171c275a4f0f89ca1d23b6f0e2aa0602b916e2275627e5d717bd20102e4,1764461483,1764461487,2461,97695,,
0xb95245e4383e0ef4e3e1d153e6ce09a319a1e69899cb8fbc644a2ee5a990d424,1764461483,1764461487,2461,97695,,
0x1b3f8650988b10c0ff9760ea9e7eda050bbb4e389763d8d8a2e0a19bf45d8267,1764461483,1764461487,2461,97695,,
0x24b6389170c45331f01002080945e30d54156791880583f6e28fcda304d8fac3,1764461483,1764461487,2461,97695,,
0xfe6e34bf6e7ce012fa757b85f72b0081b008f810cd7f6075b737eb0fd0fc2a14,1764461483,1764461487,2461,97695,,
0x28b3f5a77c13a691344ddfe0fc4327e3615228ffed524931a8e6e13672be418f,1764461483,1764461487,2461,97695,,
0x9d59ef4a98029743165d9c21f8779fc790c6bcedcbd3c4827d6a43742409da11,1764461483,1764461487,2461,97695,,
0x5ed9c1182afa087cef8d3921a19464c9579cf3b6386bbd66353ba4402b239940,1764461483,1764461487,2461,97695,,
0xd2dbbfbe8421ffd2197d11f4695a768c8aab619e971800007c90b4e41c286486,1764461483,1764461487,2461,97695,,
0xe9551faf938370e6e73ee23f13eec9bd26e896c063998a5259a71460cf93bd6d,1764461483,1764461487,2461,97695,,
0x2ab03ade4b2267da7d057a3a842b0c26d67c309e49f3db9087405b05d329e600,1764461483,1764461487,2461,97695,,
0x06dacf406cf6b218fa1e9a2f3a9a8b953f5ba962021c1c53682900b5bbd4a34b,1764461483,1764461487,2461,97695,,
0x035cff0d78e41d5e2d0d619156d1b807eafd62ba8cf2104823c094679c4fbb22,1764461483,1764461487,2461,97695,,
0x4cc4b01cca27bd59e0a844c57913eddd9423b5e145245159fb33f48775877582,1764461483,1764461487,2461,97695,,
0x558c7215af4880762a70a6f6d264774171e3df763cedf2a17c50bd97cd19cc0a,1764461483,1764461487,2461,97695,,
0x56509ddd1d9546045a382b2d548dafbb1fe6a8a777c78fdf5ad801e204ef5465,1764461483,1764461487,2461,97695,,
0x097217f3cc78573a995463becc158f5d1131897e4502df1a2ff8c9acdc4a7f60,1764461483,1764461487,2461,97695,,
0x47adf5773e3b00764a9b318536aa132b233754540e97b9977cb8d3b99e283597,1764461483,1764461487,2461,97695,,
0x02d616be19b31b1f33a8cff1a691d8cd17f02a3e2cca52d0f35075a6be1fbcd6,1764461483,1764461487,2461,97695,,
0x9245dc16dd19faddb43e7225b46601e39d7d096e42848c76679cf5ed2f2e2ebd,1764461483,1764461487,2461,97695,,
0x40ef15278b7b364c8bd9ce818c25885bb9afee43af4a362a7f9aea15bb4ac1c5,1764461483,1764461487,2461,97695,,
0xcdf95a9f2b7ac3eca8b00d79f16a7b1e668834db12fe874a323832f9e1b89d55,1764461483,1764461487,2461,97695,,
0xa7c02e2a7ebb0d13ad95eecf4a8ed95b1166d2336029e953e5e91f590433c340,1764461483,1764461487,2461,97695,,
0x16ba6732eb8959f6570754e77b3d14e9d8a5f4c54f18af018b062a44203d1582,1764461483,1764461487,2461,97695,,
0xdf37d2901734743e4f6d9105f37226cf1d30e44d8514a970cb90c1775bd59ca9,1764461483,1764461487,2461,97695,,
0x3b8914277f3d24d3ef3c80aeb53df8ef3d313df3f867c090c7d77df7c2f61766,1764461483,1764461487,2461,97695,,
0x853d7d1b824e5d8fbf2ee5e5beb19be3381cc1467e8d94167e881b06ebb0d048,1764461483,1764461487,2461,97695,,
0xf853a50e07a37f7d01b57eee0f259072692a879a54bcd0dbdd94f25762528c31,1764461484,1764461487,2461,97695,,
0x665912b811782dd5d4c03eb1a22623ddef3d1aa639180a2a12f7885307640b80,1764461484,1764461487,2461,97695,,
0xe757e469707691b801e1353272be736dc4de6056bc8a937e4a722f51d5524280,1764461484,1764461487,2461,97695,,
0x3b6dd03e548aabf232da80e4522a3f1e3e652dfe027a5ba9cf667a6d734a98a6,1764461484,1764461487,2461,97695,,
0x54d196edbba97a14ae3446710235ebab65d87f5a64d81b894d9ffa00beb6a747,1764461484,1764461487,2461,97695,,
0xdcdd1f5384fa48138cf54906ef58f672204dc4f65bad3fe74f5ccf0a1f298995,1764461484,1764461487,2461,97695,,
0x4e94fce8e8e84c040a6bb4bee90f481d404c6c33dbfc7818f67a8daf825ca7c6,1764461484,1764461487,2461,97695,,
0x4f2698279621a846245e17b4c3653d5423f6492ee86fc0e1be72c7af7b283368,1764461484,1764461487,2461,97695,,
0x27e9c81292005eabbef3e4e4fc34c0d4320c08e0e6a59af78d941b36b2b99e1b,1764461484,1764461487,2461,97695,,
0x2c77f3226ba668931a651543a910c837024b296c4438788e0d037fcd6b02331d,1764461484,1764461487,2461,97695,,
0x0b026b3bc4192d4e183c0ff238362f28b3b7fe01d4066fcc8db3947048daa405,1764461484,1764461487,2461,97695,,
0xf6f725ac64be28cdc5b374f0e55d32d4de47ed5f7c0fa55727801abf39d6547f,1764461484,1764461487,2461,97695,,
0xd2ad722d811bd571749f770b2288e95ef93a71b4a0184f81fcd17df15fceff8e,1764461484,1764461487,2461,97695,,
0x89dda70acf23a2a8eb575ba939cb9c6f8fa70da2d132ebe5708c9a7b33768284,1764461484,1764461487,2461,97695,,
0x6a35af5ec2334a13574fd0362bcb0ada92d5244e52aae6e275143dea5f6e4aa8,1764461484,1764461487,2461,97695,,
0x3084c5a4ac32c164b1532b4e306b2d41c4efe8188e22c280d70c409e385c85eb,1764461484,1764461487,2461,97695,,
0xe790c7b4ea8d03dfae6b6911d13dbf21a453cacf20e79a8ebc20fdc89572f3a3,1764461485,1764461487,2461,97695,,
0xa3e98130f4c857c37b851a7f481a4ed0a848224528391525fe19172e7b58bf7a,1764461485,1764461487,2461,97695,,
0x80bdaaea4f559e82021a10a566281fd0fc49b75ccdbb6f0dcb6aa1122e1cac0c,1764461485,1764461489,2462,108111,,
0x4c9ef08949471be26819a50257116684367321ebcfc7dedbbe8eeb2ce3b1f3ca,1764461485,1764461489,2462,97695,,
0x65fda5a05cf724806ca4c8b398edec93f9f351a77daaae35d222e31908b724f7,1764461485,1764461489,2462,97695,,
0x99611f73eff2e295e878c15129b01af1d3ece3c7c484c57bfc136f23cccf898d,1764461485,1764461489,2462,97695,,
0xff4d023c22ae6b220b60c7c9f8c6de7a4b6b105c5993935c98878112c7f00c89,1764461485,1764461489,2462,97695,,
0x46bb3adec13e807e3c4c33045a15f7c71d00d687863122572806134147d481c3,1764461485,1764461489,2462,97695,,
0xad36241744a735dc83d92913ec4e8b081afa173fda156b041f8cd10bf7d02a80,1764461485,1764461489,2462,97695,,
0x6350aba3ff267ebe8a799fdf8af4c18c90b3885c17a5946e99ed7a4b44bae455,1764461485,1764461489,2462,97695,,
0x2d8ce202e56d0a10c2af9e2983cbf2626a86d38f24dd6309606fcf5a0415f7a2,1764461485,1764461489,2462,97695,,
0x46b825baefc83cad4944a8f9ac058d68a1c60daca7df29dbe8f2568f43af17dc,1764461485,1764461489,2462,97695,,
0x7a6164c24df46e5009bafcd1f01b7dfaeaf38dcf0890975f2c1d0e30b3914ed4,1764461485,1764461489,2462,97695,,
0x6f28e07f6484eca1ec7b028f0ea82d53581284947dd6972091ba1824fd3363ae,1764461485,1764461489,2462,97695,,
0xa9d7ec08086ddcd9515c0e7418b58554adf4036b7a09260bc8b7f8a53923e130,1764461485,1764461489,2462,97695,,
0xa599a94fa6b6c6567c5e5b384d3f13d5f16e42ff6596d32a7ee2bd3219678392,1764461485,1764461489,2462,97695,,
0xf78623d9c69df9f977f945fb9b6826979ecb035e4aa0e1f8bb02d5c8447ef766,1764461485,1764461489,2462,97695,,
0x25a78987add0673605dee458a759bdf1c9c4f42a2449ebbdc60c25c1feddce24,1764461485,1764461489,2462,97695,,
0x534dcef3d0a7a89a077abc9032f4bda3441a8f5f2ec794d53d7a6edaab51692a,1764461485,1764461489,2462,97695,,
0xfda0b8180911b64fbbf9fa0c8459541382235c2da78e3453574001ea8d20dadf,1764461485,1764461489,2462,97695,,
0xa2f5391e8b3cab078ef7fa25822a1b208f309bcec01f76f90e8dc2bc69651b22,1764461485,1764461489,2462,97695,,
0x566fa674ae07c4b314e4c0644688bf51b50d9108ac4eee3238cf02613825c511,1764461485,1764461489,2462,97695,,
0x2dc686d4bea670ed69720ef5a74b9c5fd8be19e78be34819fd531ba6919dcfdc,1764461485,1764461489,2462,97695,,
0x17ec908ad46dc19d0de6a09967d73bfa673b6bc9e486b00aeb06554659ef0026,1764461485,1764461489,2462,97695,,
0xefa1afdac1e7cf6a85ed0ef0f8a71b395dfb09a15a49b827b34aac9ea27da2c6,1764461485,1764461489,2462,97695,,
0x0e72faf8f397e6fba7948324e10872797a980039fe56f54556a187c5d61d2c45,1764461485,1764461489,2462,97695,,
0x9bd022962be6af54f214c7b08784791418f277ca9d600da6c26ae20f80c75f31,1764461485,1764461489,2462,97695,,
0xa0dc7f979380105d0036890fccb414676d55016f6c403274e65478651305cd7d,1764461485,1764461489,2462,97695,,
0x448d2bf4b60d3d4e87db1a4dc9f818a60d0b7f0080e58718c3c99be29806d77a,1764461485,1764461489,2462,97695,,
0xff7d53b94d3aedb1c0a9f6818cd752e165d6fd5b3fe0995f8cca8691373f0e2e,1764461485,1764461489,2462,97695,,
0x633c9b29e0ed7e6d6bcd05d7458f6f2221f3b087d6d24ce4d031178d49433f6c,1764461485,1764461489,2462,97695,,
0x3552ab4ffaa17c4ed13254ea2cc0cc8005f1fe6e94248ae4c3bbded71fbba2ae,1764461485,1764461489,2462,97695,,
0x046ed9de728f877092031e4ebaa7a0faa462d5fdbca0dd625d93f92038e46597,1764461485,1764461489,2462,97695,,
0x2329e5464911ac705f5e618f3ed022074aa6826e3ae92d3f6d5a3a9175576097,1764461485,1764461489,2462,97695,,
0x6f814054b3e43192f487444328e73e5c2124bc5ccb951c6a84e9039b6b38bdf0,1764461485,1764461489,2462,97695,,
0xde22a20813833cc238122c43eaa70e659f1906b5a7e5af3ca8b6dacb874bc424,1764461485,1764461489,2462,97695,,
0xdf036649e6fa79088843b08c6cd2bd61d66a8df6d4aca30cf89e3a0481512168,1764461485,1764461489,2462,97695,,
0xaf6a0f3403b05b8188e3d59130b2a989f41afbdbc798a17347cbaeae2c085eda,1764461485,1764461489,2462,97695,,
0x2f007cb2b5f149c2a36b609dd30d9a6834996813a6c253cdc2af0c41eb4a5d9e,1764461485,1764461489,2462,97695,,
0x74e973a31cc246471d2e74662c3470ff93ef80729be59b56bffc357734cc9ce3,1764461485,1764461489,2462,97695,,
0xec3766fa50e7ef62b578c7903dbd0100c4db4031ff213c4c5e099933ca146e29,1764461485,1764461489,2462,97695,,
0xf908ee04d9566ba328280226b56b1d617f4e0874a5afd810b954062d5c2bbc20,1764461485,1764461489,2462,97695,,
0xbc5e6f6b634f91e8f5baeeed9efb570257e9bdf67a4426c7e6f09411d380188b,1764461485,1764461489,2462,97695,,
0x50283f9a2428c75a210769c4bd29a187ac9ce5b69538731954d6515bfb13185f,1764461485,1764461489,2462,97695,,
0xf9a6642d61a27630d299ecee66f1f7ef329003cd8d80102ddcea08bada6de6b2,1764461485,1764461489,2462,97695,,
0x088366afd8476709ffd61dd233324991fb03298acba8d2a4544372fa77c7bacc,1764461485,1764461489,2462,97695,,
0x33a8bfd208d0cebefe8d6035a26bc8c37b5af294432f780185f4b5fba5997fca,1764461485,1764461489,2462,97695,,
0xf5181a24ebbfd0d279eb398b4ae0ad71761bbe3ea0f5e937cce48e6940f40a0a,1764461485,1764461489,2462,97695,,
0xaca57d19d7da92c61aaf2e99c40ea9fdba500162a6b67c3d43545efd62ab7f42,1764461485,1764461489,2462,97695,,
0x2919d193580ebb09c01af1527bb94597df64df34ae98fa1f24999487463ebc9a,1764461485,1764461489,2462,97695,,
0x9a30d0584ebbc68cc9c6a064e6d3697113285e72afb8471a8d4095b66653c9e4,1764461485,1764461489,2462,97695,,
0x13f510f4eddbbc5b07caa6e11b34c97a80ebaedf6ba9d3d1e86e68ab14a5248b,1764461485,1764461489,2462,97695,,
0x391b1380d10d691d92ed93af689efef44ca3bd52003291bb75320293e39f1b5b,1764461485,1764461489,2462,97695,,
0x527e2cb1f0ac3ac63a65d670d668e62bf72ece57f6b26707198e9ff23a71faaf,1764461485,1764461489,2462,97695,,
0x24f01c85073acb572c017aa2c2f2918e203055069cbd0b67afbf91757144013c,1764461486,1764461489,2462,97695,,
0xefba5e9470924d1a679ff69f54d06aff3100b2281485edcaaf5db1d3bdc48e8e,1764461486,1764461489,2462,97695,,
0xca226b5b635e9c57dbae34b3d800fd7d4c890509cb6d2ae5897592494b609616,1764461486,1764461489,2462,97695,,
0x41ea53479b223929d3a4921d0302a93ef7e1a60d9a2cff8de7ab4db879d2da54,1764461486,1764461489,2462,97695,,
0x6dc2e9727dbffb3267bdc0adb9c321e1fe171faf0421dae20df248e1f704aadb,1764461486,1764461489,2462,97695,,
0x1f039981c0d68ff1fe1badd5a1f1509cd4936cb061e17fe603fa7741074f9a5c,1764461486,1764461489,2462,97695,,
0x2ce134bcb3b98be1e3d5a6e2c7837d755a07059c4bff197fb64901e4347d28eb,1764461486,1764461489,2462,97695,,
0xf802e07794a83515f922543387cf22b635c042f59d12dd6bbd0b6b5f1cb5c6b5,1764461486,1764461489,2462,97695,,
0x1ec8c616cb3101878059e6d5108f69273be848d139e0f9e34a29a964e60ef2e1,1764461486,1764461489,2462,97695,,
0x97b76410bb65905077a7d25be500f5567abcf45c6ca71459c5ab94d2a4f3a0c4,1764461486,1764461489,2462,97695,,
0xe6b591a681c518a7cd8f8356e34aefd10ac19903e5e1fedcae45cf02d054f417,1764461486,1764461489,2462,97695,,
0x4586e51d5547853f7c244fb51215618260dfd6cf21c8e41875323068f4c9d2b6,1764461486,1764461489,2462,97695,,
0x44f17eeafd99b9b0490fdee4f33857d2501455cb71164aa1d9acc3013cedb307,1764461486,1764461489,2462,97695,,
0x0b7920824a8bf74109f735af744fbaca03f3828792bfce2b85c3e802c3c31790,1764461486,1764461489,2462,97695,,
0x340eee24323ab06a5ddc94ff08d4abf6274ddd39da38a5fc49617d86dd5d128d,1764461487,1764461489,2462,97695,,
0xac6d1475ea4b9022e31e654d702b433ac0353d3eac2db1f5de8a658616b9b003,1764461487,1764461489,2462,97695,,
0x695dd1586f6b01648505a4b31ec3556af43a9839ec61bdb20e7d1c6645bf440e,1764461487,1764461491,2463,108111,,
0x21359a03855049921c27bfb6bab17639324871bcbce3e78c8cf7590d87e294d6,1764461487,1764461491,2463,97695,,
0xda985a1c7aa3f27122d2a5814115973c8f1d9b0c6067c09c51923d7260f43cf9,1764461487,1764461491,2463,97695,,
0x5ce80ef0deafb22ae32a04aee7440be75eb654ac5cc33e520574b8aabebb4604,1764461487,1764461491,2463,97695,,
0x514525783e185d6e833ab8164dd5d4851bb06f0daca956c2650ac3332438e142,1764461487,1764461491,2463,97695,,
0xcf9a5be5bf64efea569e8ac6082a7ef6e8777b3cbba1fc84325b8b76084153b7,1764461487,1764461491,2463,97695,,
0x224c651fb7bdfc4bb9fd7ec7ddf0dd8e380244f40528ba13e5707368f4bc9e7a,1764461487,1764461491,2463,97695,,
0xae57ae55f625d785bc89fdd25875acdc7b7c26a0237a450dfb5e8a83d20052b2,1764461487,1764461491,2463,97695,,
0x4dc3219252b0d53171f3f9e2c4b7ac1d2d2788e542c81737d7c2928eb043db07,1764461487,1764461491,2463,97695,,
0x954ab072564f70ba5d15b2d39e88375148307db809715773a83cda7b4b38b2a3,1764461487,1764461491,2463,97695,,
0x4f835455278d2cb7aa073b00731f7dce4f63a12abb09ba680ef309bbc634d3fd,1764461487,1764461491,2463,97695,,
0x328f71944dfb962cfeaf03ca53b5f9214c9a92255ff1174d441090e5c5cbb543,1764461487,1764461491,2463,97695,,
0x15ecf557267fbb3bb9feff4771c27c503668bb18f7742c58d7604c52bc09fb80,1764461487,1764461491,2463,97695,,
0xd71be264fef390b875f17a202185dc71c958541f9c7bab6696614efc3e64a0f1,1764461487,1764461491,2463,97695,,
0x41be19121366487054de86f2df2f0555ef5f7f4cbdcdead613e6086e986ea357,1764461487,1764461491,2463,97695,,
0xf400c9644d4f715c2c63d656f03eaa5660beb4637bdfcab75e02204444bd2253,1764461487,1764461491,2463,97695,,
0x022fdf482eaf71b2a660ed70db274236a8a47d6e151df3bd1fbab00f1baa7b14,1764461487,1764461491,2463,97695,,
0xf74b86d270e1b5b0912893a68a8660d9e6ac3c46ee2dd190a388a680edc142a1,1764461487,1764461491,2463,97695,,
0xd9b8210bd68b26955bc27f2d20611e421efd251ce39e6e855930c1f41a08c2ff,1764461487,1764461491,2463,97695,,
0xf51f0db5c8ec9f15444a72c3b2a0bf517e799b81ac69185dcf41c7ea311bcf34,1764461487,1764461491,2463,97695,,
0x2f81ba9a1fdca7f0a8b44053c8eeb75baad90ef9b93f265fb3b156de2a79df75,1764461487,1764461491,2463,97695,,
0x28411aaa3d9f1496bb639c14e1415bd751578314ba44da3a2feeb290524a13b5,1764461487,1764461491,2463,97695,,
0x8754c1c5e9446d0722f054375d9c9bfed0341d68771e79265a9dec0b319cb3c1,1764461487,1764461491,2463,97695,,
0xd88ecae73ac2d82f52c759ec3a0d4c2bf5f5cf81ad36b6c44315e64ff20dcf36,1764461487,1764461491,2463,97695,,
0xccd98947ec763089050824c329614a695208b4c0b0a770ce5c6a32137574901b,1764461487,1764461491,2463,97695,,
0xc74692abaf79a5758939016e0534e64474b68b5a49aafa03877848f8ba8e050d,1764461487,1764461491,2463,97695,,
0x5c8f4270ed97bdfe699acac1a95d8b57f198e4bc65c176ea8c4b3c8774440771,1764461487,1764461491,2463,97695,,
0x859ac5e062e45d5d666cc3d34d6ce8e4798a9b4d913085e18e2216ee2b4a38f6,1764461487,1764461491,2463,97695,,
0x64b7185d2745e90a1b2015b88638f07f37272fb50942b8dc92213e7ecc2bdf12,1764461487,1764461491,2463,97695,,
0xac73ad7282ea5055b83e38d1e276f6ed4fcf1357fcaad1c8ed6ca88ba73998c0,1764461487,1764461491,2463,97695,,
0x76f853f31a3e313956f9bbdc97c04da20e1c699e57e1a9b52d0eec3b2d920906,1764461487,1764461491,2463,97695,,
0x635b50be04a44b3abe88889620339e5d26c5dd615a5ac210cf7be978da65223b,1764461487,1764461491,2463,97695,,
0xa071f08a270a3705ead70e88019b1507b707dcc7f2467ef643c8c5ddc9a574c8,1764461487,1764461491,2463,97695,,
0x9b839d95a2c8ae6a762772c06f0910cf51cd5c287356d51aad3e9b8846cd4017,1764461487,1764461491,2463,97695,,
0xe6deb9ed3de7e40c789afbe6615e0af389ffe5bccc0bceac0bff352458253aee,1764461487,1764461491,2463,97695,,
0xe7752e924309ccb3d731a7ac2bcc5db5cbc68b4092749f4b225c7b6960bec591,1764461487,1764461491,2463,97695,,
0x643e5b7d3287d8bb7ea593c4d7b6662070cd3cb145e1d26173d14e50f78d6711,1764461487,1764461491,2463,97695,,
0x35a7a4d7d7a800522965f1868e94290aad9a495332d57935fb1b0a1b965c8e66,1764461487,1764461491,2463,97695,,
0x2f8b262bdb95fe68231e75234bbea63a3f2451506f4b7ee7b3b95f26fd1dff95,1764461487,1764461491,2463,97695,,
0xafba82898fce9c0eae2666d557386e99b7407e3e49e41cba3ff4fabe334a3384,1764461487,1764461491,2463,97695,,
0x312e27b151898b6d310c85c89520e24174a3cbbfa939b72b8989a23fd15fd372,1764461487,1764461491,2463,97695,,
0x6477ff1c46e5610f2fd9cf3aaff22285d3636c8ad722c7e23d6c47da1c04b572,1764461487,1764461491,2463,97695,,
0x5c3c8c92e6b8d44707a7ea77dc147c1cde7f405503be6919b2d4f4781b787d77,1764461487,1764461491,2463,97695,,
0x713a4e88597f7df9668224bc2d62c04cfa0243cae3b59cade18c1883a292fbc2,1764461487,1764461491,2463,97695,,
0xd44a052aaa6d2220d0d526874e421840e86c5fdf476ebf120ec584a373fb8ba2,1764461487,1764461491,2463,97695,,
0x7147a7304f8c4a943447ec012820a93fc3aa8b25aa410f05bd74f62d709f0e8c,1764461487,1764461491,2463,97695,,
0xe7b7b682f7242390f3f452b97d43189bdee07dba5bcac34be51f400757ef7f91,1764461487,1764461491,2463,97695,,
0x6be687f8994ba37b74baa1904d2dcc7c5af60887acbdc49d32e16a6c016c275e,1764461487,1764461491,2463,97695,,
0xa290b81ec2a89f33f40efc852c26bda27ce7a6767078c73292f420becb52c648,1764461487,1764461491,2463,97695,,
0x387fe251ad37f6b0cdcc83b3519dd54847b80e254d27029f2199cfb479cd0009,1764461487,1764461491,2463,97695,,
0x4dff97ce8b85b5bffc2e8e0f5e3252366775677aa9b10d88600950413e1f98e2,1764461487,1764461491,2463,97695,,
0x3c2f137a501c482ea85f146a28caf216ce92c136d1ad72602f2c76a5803537dc,1764461487,1764461491,2463,97695,,
0x8a801880555377c1f3fa66d5ab908050db661ad4e1f12161610b15e1a2be2d87,1764461487,1764461491,2463,97695,,
0x869c4f1ef3d65ecd455f448192d854ef747aa452d877da8eb5e02832d015f990,1764461487,1764461491,2463,97695,,
0x1a19f8f69172d409259061d4b1844b7c2290d4a280e137903fca8cec5f0f6700,1764461488,1764461491,2463,97695,,
0xd753e0f86cb5147bc22f3c9f5e0fcc3fcaf1deb05290aec04ef6db0d5b97e7aa,1764461488,1764461491,2463,97695,,
0x39622882c61d8aa145175e599444cba58bd635b2a38122ea7d01e9f1b069a071,1764461488,1764461491,2463,97695,,
0xa233aab7b1c158ae7449f58eacc07bec74f6a254320937d94f74b3f17ef35013,1764461488,1764461491,2463,97695,,
0x12f9b0f52687da8ebb4aa53406b87118c57a424f830c2fa66c67682bd1c212c1,1764461488,1764461491,2463,97695,,
0xcc1776c6acbdf9a25ebde7f4cccfdb4b1f38a356da2af8ffe0f0d0dc90ae9cef,1764461488,1764461491,2463,97695,,
0x85d745d1a1b0cc152d30d6a311ec82be85cbfeb0a10827d86f34c75d11465498,1764461488,1764461491,2463,97695,,
0xd9a1b2e0a5245da0f7b8e857b371ed257e6b1099d154a09711928fbae3fdfb28,1764461488,1764461491,2463,97695,,
0x8cb89b5430fb9b4c07f4787915d684c7e32a9546a8e0785acc4cd7113a3cf5a0,1764461488,1764461491,2463,97695,,
0x390d80be314b6624ae1e50b89654601a3283906c8500fb4535e43382d3a8bc05,1764461488,1764461491,2463,97695,,
0x17dbaf08a80fe3f9cb1f2c2d4b6e97b821d547f8049b8cbeab8a62036f5f634a,1764461488,1764461491,2463,97695,,
0xfe4051a28f784963b8c51d1ed49e21a887734bce1671c4859952d47655f979f0,1764461488,1764461491,2463,97695,,
0xb1a2b1bfb3cf297bb65097ff73b078897a72ed19767cc5df656f9475e9e88360,1764461489,1764461491,2463,97695,,
0x8115c5d219a62a84c2612541044857f89e372532963161c90dc19ae90b9f09eb,1764461489,1764461491,2463,97695,,
0x105f81433458d71d73612949b384890b2ce4e01c7eeb69ddbe8d0687c678c68e,1764461489,1764461493,2464,108111,,
0xb86d9201eea512d489c7ff92ed2cebdfefffc21704e466afdba0dc485fe53e28,1764461489,1764461493,2464,97695,,
0x5b26eef66be7aea2c9e6e05f47246c963f6951ca075aae605292f994465f4821,1764461489,1764461493,2464,97695,,
0x17078126eea51f513821df713fa48eeb4ff041c857fe8718bba30735d0300812,1764461489,1764461493,2464,97695,,
0x04f2f453344283621955b4cf065e691190775dd9d8eb1e90533db803c103df29,1764461489,1764461493,2464,97695,,
0x4dde27763ab5342c54f0d8fd6fef277e8a2ad55ca4caeca65d9ae0e8b84684ed,1764461489,1764461493,2464,97695,,
0x00c055243a0109386d386842a5dbb771ba063caf4626e7b02b9fd2778a9a1074,1764461489,1764461493,2464,97695,,
0xfdc159fd4a0233fd7e057e9f98158129e53636ff9d03916d53b2e1b93fd7d48a,1764461489,1764461493,2464,97695,,
0x37834e8f0086071fbe05c3fe25a788294aafd086bbbc62c2898531e2e06f1b53,1764461489,1764461493,2464,97695,,
0x2f8c542248b3923f57e39f1bfad712d1c2dc32b3b1d62e56753b334bfbcac059,1764461489,1764461493,2464,97695,,
0xe2eecd5edcdb5ad83a788e8f17f61347c101437a054d69d54b277220ab29c170,1764461489,1764461493,2464,97695,,
0xed1aabdd967f7b42adc5900ff84b44e35a6b1b9a72b4a65b1fe016310c4e1cb7,1764461489,1764461493,2464,97695,,
0x740931ec4533de3dfd68541e441eb2e48403a655c5aa2a5563ba5096ecb0d283,1764461489,1764461493,2464,97695,,
0xd9cd896a8cefb585962b21ec29b261cd7bfc65a198b2abd18e41497d769b8897,1764461489,1764461493,2464,97695,,
0x0b23ac677ec0ee17bf520a4e9a3d9c85e9c06ec17b8d265923dd5067075b8fc4,1764461489,1764461493,2464,97695,,
0x051578507dcd4ad65be4b24d9f01f7ab4ea8e179290ddd688be8922cc0642e2c,1764461489,1764461493,2464,97695,,
0xe6db195493e13aa31344ec968d0e82e20874eabfc32c760b03b905bae9b57f38,1764461489,1764461493,2464,97695,,
0x6c60290f0ec3c79ce732164891538ead811ad6598e1cb963c64c7e84a6b722da,1764461489,1764461493,2464,97695,,
0xb37ce5347823ab4b98f6d5e072c9e5fd2243853eacbddfc59222cbfc353a292d,1764461489,1764461493,2464,97695,,
0x82d3e751a671deaf1cd0d2dd1fb2f70d112f5c1abc6f72303496e1d5c90c5aed,1764461489,1764461493,2464,97695,,
0x6ba08d33b7e4f8e74af69084363e46cd7938e1454e5b0d177a565f92582b09c1,1764461489,1764461493,2464,97695,,
0x28c310f0a4aba08cf7237a6f13e2fd510a6941d3cfa163e8fae7f0dfa372988a,1764461489,1764461493,2464,97695,,
0x5f0e5ac6bd5476d481df346e116c62764d79667f1049ca59cd1809394adf1012,1764461489,1764461493,2464,97695,,
0xc057894a77e66beae858d7ff54ec8036e606a26c1f8c5af846416b880fddd059,1764461489,1764461493,2464,97695,,
0x9a790bc1fd16c7cadf26e39d1d42a0407167fc2df4d0eade41ad3b8bfa888073,1764461489,1764461493,2464,97695,,
0x85a5257a4f2e8d799ff17f346c3136f8f1f799e00163ab001fea168a7bb020b3,1764461489,1764461493,2464,97695,,
0xc855ac441d51d6cf11c1e541a748dd0c853511c8c3f860ce94948bf78592f660,1764461489,1764461493,2464,97695,,
0x42bad3e419650bf5849a83142269fb3b7da138d06f03da67003e7abaa8f8ab47,1764461489,1764461493,2464,97695,,
0x9d2f70438aeee7bda580840c8e5cc3939f7056ab2821d7791ee4da51cc84aac4,1764461489,1764461493,2464,97695,,
0x45090fcbd18b20adb3b6e8f110ddb044a54cb90a8a07221e1a9af83134819437,1764461489,1764461493,2464,97695,,
0xbedcd2ec4cce8925a716bb478a2832d79a8c8bd350dd75ac6a722c05bee35981,1764461489,1764461493,2464,97695,,
0x78e25c14fb7160183b3f525f858891bb4af03e7a5e1fbc38d9bbeb52591d8470,1764461489,1764461493,2464,97695,,
0xc88ce1ba43ac15ef763172c30c398e3aed7ea04adcbc41f76476344c4bdee029,1764461489,1764461493,2464,97695,,
0xe8f11b8d56b32aea37f717725d251f81dbcb5525807c108ca7632c9daf27f693,1764461489,1764461493,2464,97695,,
0x2ba86216ef73bb385f0f4639b43469f2154b290ffd316c1df7449d52af1f97ee,1764461489,1764461493,2464,97695,,
0xa1e84b5c9022ae3abb81c6253235f1fe5593360a02869fd36f33d76f744b3a0b,1764461489,1764461493,2464,97695,,
0x8d4440e440de7986e821c216b040b129cdbf6ffcfac8078f4104e58df9fee8b0,1764461489,1764461493,2464,97695,,
0x3ddabc95098ab0d74e7f3e655f9a893aa5c271d89f77efe154be5d9bf124a14b,1764461489,1764461493,2464,97695,,
0x80dd64270a584bfc1cf17a80ed0d7bb8f8862677e51735abf2dec88d7e2bb835,1764461489,1764461493,2464,97695,,
0xc3b41b62e8808613e950db5f2125204b23f28f01eac2877fc9cd742176c62949,1764461489,1764461493,2464,97695,,
0x345b15d7db764cf76877d0755730e7b113c432798dcd13659a9ce9454d0ae927,1764461489,1764461493,2464,97695,,
0xd973350d9bf9bc046104cbb569cb6b932a7f23d8916b046b56dd250844c26446,1764461489,1764461493,2464,97695,,
0x60437ad814c9d92d5b8980f4c8fd05a65fbb0559d536695848866bedb395741d,1764461489,1764461493,2464,97695,,
0xd24971df7b0bbabd91691601e0b54066ea09b29c7ec86b78c5b45c38d9cbe927,1764461489,1764461493,2464,97695,,
0xdcaf81920c4ecdb5f180244067a783b7e4df7759bf81b0e512460c17e21b1266,1764461489,1764461493,2464,97695,,
0x69071c914c93af52a71e61425843348c6351d7e51be4549a9476672655a9069c,1764461489,1764461493,2464,97695,,
0x87f8a0cacb36d6a33d100ccb7232a25b3781485552a772527b90383165ff0391,1764461489,1764461493,2464,97695,,
0xa631de28cd26ce50d3c9a83cecc2895a84f9b77f0f637510ddc636093fc30ee0,1764461489,1764461493,2464,97695,,
0x8073882c7648b0d5affcd7776c7a07c75d582fca8b9ee09a8ce4eec099c22ab5,1764461489,1764461493,2464,97695,,
0x27b4299e7d3ea67771dce86cde0601b3f57de7aed64bb2d12550c93f6aafb8d4,1764461489,1764461493,2464,97695,,
0xd012d10ce38265892ad7e1f409c24b7a3ddb66ea5daca31d7a67e48b98ba2ee6,1764461489,1764461493,2464,97695,,
0x2110faa05ad718167e62729209d45897257908b5d7764e8c601343cc22ec9eda,1764461489,1764461493,2464,97695,,
0x3c72fb6ec3607a3eee9254495a7ac3c5efa545268ecfec1206c82ec5e0d4a0ef,1764461489,1764461493,2464,97695,,
0x22bc1eff4cad739b76142d90bcd38700f9b4757866422d5a15ead9f42f6bc762,1764461489,1764461493,2464,97695,,
0x7e962edeac536cb8df1ece82b6e5ecc1a881fb3585cdf5c3d3beaef22bf180b6,1764461489,1764461493,2464,97695,,
0x9fbcc73573e473338477f833e3565baa42ce4450da8b889d37f686d9c34bbdd5,1764461489,1764461493,2464,97695,,
0x61a201959671c980fe7ff27acbea4157aa711dc72adae7fc14634c534d818858,1764461490,1764461493,2464,97695,,
0x9352dc471d3448d0eb7d2cf2bd65bbfe265b7230d84d72e8a95580b3ebe2a613,1764461490,1764461493,2464,97695,,
0x4b3f64fdce4c3ead7a2c8ee7f8486fd079d637b7598a93d78025f1da92933be7,1764461490,1764461493,2464,97695,,
0x3ede2d65b615de61ded703292e1458b09235d361cf22bca91f0dbf191b0019da,1764461490,1764461493,2464,97695,,
0x20a8c0bde9d026b0fc5438185a48bc315126cad64cf05f795cc24a114f2ee246,1764461490,1764461493,2464,97695,,
0x781aa46d6bd466fbb481fafc868827a625f9ab5cd476c684bc23ac980c213037,1764461490,1764461493,2464,97695,,
0x1748a4989b08e26b37d620b1e52e038aaa904aa0d208a0c2167b4f7dd6a80589,1764461490,1764461493,2464,97695,,
0xfeb903dc877a79b811a2767a7fd7483ed47ea1ce55df7e2b9c8f61ba0183ede4,1764461490,1764461493,2464,97695,,
0x4ba27dfa76bc1ec21719b62a37448bcebc7ea4064c6ef10646046ca72c2fde69,1764461490,1764461493,2464,97695,,
0x3709ec21af64ad8d7ff9af1a32dd3200b778ae37b4229f7eb29e52ea5b5763f0,1764461490,1764461493,2464,97695,,
0xe5e52413a9d13c672044c9ebdec0bd894bc1c39ff5cea6c5b4cbb6d41b86395b,1764461490,1764461493,2464,97695,,
0x4eaddd7bb94146d84b083aed2807f9de719127ddd828eff71cbc300169f96f0b,1764461491,1764461493,2464,97695,,
0xd903a29e29359152186a91d6881b803c17e352000547ba127cc8c4a7fe87e2d1,1764461491,1764461493,2464,97695,,
0x0fe4efe2197a0ea7fe948223c88db945e394bda328d83340190d3ad8ba38708e,1764461491,1764461495,2465,108111,,
0x5a7a5ec93aef70818ed6bb7506853cdf89bf1d163f0d64fcbd9fbb54cf50c010,1764461491,1764461495,2465,97695,,
0x000d83115c95893f27bd742ff2c2406ff31619c5ab05f7586730aa063e8c1707,1764461491,1764461495,2465,97695,,
0x3b73a4adfab12b167efd277cd53e7076f25819a7e27523480971a958ec4e6c7e,1764461491,1764461495,2465,97695,,
0xe566a9bf64e339aa9d32e5fbde98804d5fd7a1cbee9a8b17591ca782af3ba5a3,1764461491,1764461495,2465,97695,,
0x114049cc9e6b78a37410e3995e14653167b274fe9f69bfdf225d4daed3549cff,1764461491,1764461495,2465,97695,,
0x8e4e640ef28ee29de4ffc1814288ec5123c9e3d9d84cee495cdc2c62979c0e11,1764461491,1764461495,2465,97695,,
0x531f37676c87c51b230db08a8da9a2738571fc75f2c3d07d4ae272c954fcb012,1764461491,1764461495,2465,97695,,
0x89cc383a0a34c575d186087c88208534f0b928fb825054693dd826e1acb96f2e,1764461491,1764461495,2465,97695,,
0x35f660e3187598863c0c1dd492b11ca1501e012e8acab2cc71071e226870aab9,1764461491,1764461495,2465,97695,,
0x3df3ee43d9cd00300f03a8a8bc34268decc8fbba3bd3a0c94042887bd19d7375,1764461491,1764461495,2465,97695,,
0x72766609d8d83e13d2c4ef311ec0b82c727c2b9b269158900ebc1f3b92c65235,1764461491,1764461495,2465,97695,,
0xad9a6d6920ad1b92d215ef686ab3fd17ab476e04edfc4b03707a19970cb0c6bc,1764461491,1764461495,2465,97695,,
0xb525d2761840841354dd6d71fb4aa82df161448ab25e449bb5995a88621966d3,1764461491,1764461495,2465,97695,,
0x00cc0f4a6e77542bc5a575e4eb00b8147efb21bc706a1494326d7a8fc99b0b7e,1764461491,1764461495,2465,97695,,
0x6195c2ce86ec532b12286fb9b5cf868d9562fdad5c12188ca5c28f77fcde3170,1764461491,1764461495,2465,97695,,
0x95b90eeb54494d4224cf8eae33264744b265e05eb243a116199ae5ea99ae7d24,1764461491,1764461495,2465,97695,,
0xd669f4ef925c76984b5ad2bb81263bbfa7003afad4c5e6629e7ff3810f664206,1764461491,1764461495,2465,97695,,
0xa674db56d1ef85c6958249cd07c70134feaff1a061aea40ca4338a6fae6680b7,1764461491,1764461495,2465,97695,,
0xa6b69600bd4a29c65f18221fb689eabe006164e215fd7075fa8770752df36a16,1764461491,1764461495,2465,97695,,
0x2349613d9421125ed8d8ca052e513e021cc7b263312c4cb5bc4a04808b9335ee,1764461491,1764461495,2465,97695,,
0xcdfe93285ec4c33b20ab9a7ad023aea03ded49144b64a7d7aaabd3788a60056f,1764461491,1764461495,2465,97695,,
0x118b11c5696421dac1cb672e22d9cf717aa08c8e49052a263c8eb059013c6ee1,1764461491,1764461495,2465,97695,,
0x99f12b9de0ba86de5a11ff6a47e6ed3b7d3b267b8ba1d651d1578557a891c326,1764461491,1764461495,2465,97695,,
0x5ab41af7b8d384206f689bec6dd864af276a9abcba55c90b3ee4a49171f1a5d0,1764461491,1764461495,2465,97695,,
0x3b1d779a57ceea27da7552076bb67f597e4813565d1c301295c13f0a555c7028,1764461491,1764461495,2465,97695,,
0x8ad4f4659ce9596c84aaf5903c784a2c2a8db04d346b972458e1f34dea27ec6b,1764461491,1764461495,2465,97695,,
0xcd586a04e906e9be5246a889dbfb751c1a7ae3d48ba558389fe59da9b8938b47,1764461491,1764461495,2465,97695,,
0x2206bc619e3b3be5eca93a9f0db1dee9ed2f20049cf55a854789b247c79bd6d2,1764461491,1764461495,2465,97695,,
0xd5b279206cd60681f35c6fbf8b110d5e834d8cfdbb877a81cd0e1a2094dcfc98,1764461491,1764461495,2465,97695,,
0x571aba56e2df11f622826ba2705831e3b344167ba662bff374404d9c7e64c25b,1764461491,1764461495,2465,97695,,
0xaac8a6c41d659965283799cd45cdd30dc833a88206bf6c76b35d47003f71a71b,1764461491,1764461495,2465,97695,,
0x0e9852b1b22fe4889a4f5209a73b88900f89ca3fb0b6c5c743a7af720dda97f9,1764461491,1764461495,2465,97695,,
0x52dd1c77e2e1a76c764ae7cfb5a64c76a60168c8d91a6af91a24523b8355e734,1764461491,1764461495,2465,97695,,
0x85a198899286dc7198864f8722a07b40b2f859162d3d0093c5b00d56e26c2fdf,1764461491,1764461495,2465,97695,,
0x2bc0d4edbea79a8aa23003ea93d704984fd67292cde8fae995ca72bf0b631249,1764461491,1764461495,2465,97695,,
0xdcea05c25497a6b7533b73e0a59605a527a2ac67f12387729361ad82c9678000,1764461491,1764461495,2465,97695,,
0x57517048d4dc07f041886732a7ce2080e77a13ff851a4f8312e6bd6d4a91be94,1764461491,1764461495,2465,97695,,
0xf9660422b4a43e34bfdb18863e697c68155b833695783df861676f17732f9320,1764461491,1764461495,2465,97695,,
0xe11520453f9456152a069557a2bca271f0ef12f2edfa9a00ea534e0e1a26da06,1764461491,1764461495,2465,97695,,
0xb475c6cf024db1e63f4e61ce12a32941672326ff5c5335c72457274e68929881,1764461491,1764461495,2465,97695,,
0xc1045b4336fa40ed68906de8e4cb697c919ee9cab37c09caaca28eec3d289936,1764461491,1764461495,2465,97695,,
0x76ae7c87db682258ba9dd0b162696969d0fdd4a000555c7e4bf4b0d9d82f4930,1764461491,1764461495,2465,97695,,
0x413afad5583f6e37bcb5e9f84aedece6d99e28020ed7119c02a6590e81e9bbe6,1764461491,1764461495,2465,97695,,
0xc8a4dba979340c1e3d6ff6bed7a432313b7cefe3c1e93815c829f01bfc0126b6,1764461491,1764461495,2465,97695,,
0xc65e510924adb6ac05a9bf1e64d8a4e60633e11de8b68c63ee8eb574f7f716ec,1764461491,1764461495,2465,97695,,
0x0b5585fefa3e0d870ee1f53cb9fd052afc63ac9dd7b23020939ff5d822e6f9cc,1764461491,1764461495,2465,97695,,
0x534f3ea7fc720a2a9be67458dac593a1cce863e0011851568ba93435a559ab10,1764461491,1764461495,2465,97695,,
0x3717441e3d692416941957a12f472d1a7159db5baef8e61205c062ad0df39e95,1764461491,1764461495,2465,97695,,
0xb56fe504bc15e2a9257955b8242b7b6525f023854308e8c8c6827568db4aad6c,1764461491,1764461495,2465,97695,,
0x3432cff1bf68fdf28e38411fe07e39e4de1450ace7ecd8c911251340623da06c,1764461491,1764461495,2465,97695,,
0x8e92b449463454178d30b17ef58850e8ad2fdb49495f9edc98dc18de5e729458,1764461491,1764461495,2465,97695,,
0x49c45fe6bf0e75e8f9f09a5f5937d6a5fc05059e2771ad9c3c9538b7c46d33ce,1764461491,1764461495,2465,97695,,
0x53759324dbbfc4a77bfdbb3663ebbc65c4afdb9464aff9b72abf86131c1ccdd3,1764461491,1764461495,2465,97695,,
0x52ffed2963d955fee965241d6cf8b6cf889767658afad6e44c4e0443a282677e,1764461491,1764461495,2465,97695,,
0xcf3f8a96a5d7d66ea5281bc7410768ba94d7c0f942d9f5e32184b30af7b31e0b,1764461491,1764461495,2465,97695,,
0x4330a82d4416c2b146aa0beff7c79d508a2e99ff56ef469c5b66123c72207220,1764461491,1764461495,2465,97695,,
0xbbec308986a60e72c5a6ec6491f6c0fe1dfafbd20e39a977b160647eff69d93e,1764461492,1764461495,2465,97695,,
0x918ac822091734e4f85daa304a2bc81657527d67ae9f08042c9a1f2262a1669f,1764461492,1764461495,2465,97695,,
0x228efabaea3981c5c10774da866d543ef2847eed5b5a3bf5c27066265b11ca7f,1764461492,1764461495,2465,97695,,
0xcc74837787d27798760f443182973a7a8ea87b9387fa2c3cc43d1eb08c35672a,1764461492,1764461495,2465,97695,,
0x7ed518afaea92ea9bcced412e837be0c9790edc5678a3ce2c036366cbae8a198,1764461492,1764461495,2465,97695,,
0xb044cd9d8c48f4263b790c92476ffa51a97e7fe57bad3bfd8ef492d6c8a51a87,1764461492,1764461495,2465,97695,,
0xcc531bfbf0507afb52da2ff2bc3cd27db7086964e3bfa4ffd5f82a003024fb15,1764461492,1764461495,2465,97695,,
0x9418509ee8af9948b6255fe2d32e51e2ce8019da5ac0b593e38d93895f94c1c7,1764461492,1764461495,2465,97695,,
0xb4e63c0f9208a776b8b4237ea7286966376097e150e2ab1a6e1dff1c96b488df,1764461492,1764461495,2465,97695,,
0xaa63f92153cd5c66ced605d7c6b782a9b9e4eb56550add256269f3ef1a3d7497,1764461493,1764461495,2465,97695,,
0xa69a4c1e95d65c9f87560840292d096124c92f99d719a89d16a9e4782ead78fb,1764461493,1764461497,2466,108111,,
0x076881665a652f6f269ba50a54a7143a0868c59dc3eb18fb30f35433c1c35281,1764461493,1764461497,2466,97695,,
0xc01111bb9ce3d8b2f51abe7134861fef82817169aa374a630a2711a004397522,1764461493,1764461497,2466,97695,,
0x195e7dbc030359c13b43712e494826401655ad4b53d0df62e0e5af65d3d38e27,1764461493,1764461497,2466,97695,,
0x364d42bf91cd493ba3ba718af9d3e0c33979b85dfadf58950d6e5228d906c8c0,1764461493,1764461497,2466,97695,,
0xed7582a5af5d4f8a2b5a56441d23ef02ea4a8e9b1c6b42a4dd52d764ebf86186,1764461493,1764461497,2466,97695,,
0x072a7da080eaf5187486ec02f732c65e65b15c53df17f0aabc630c6bfc73d974,1764461493,1764461497,2466,97695,,
0xada9cf96dccfe30e04aef749329d3f962b7c17167b8c870cafa823d12b9b06ed,1764461493,1764461497,2466,97695,,
0xbedbd493f52583c049c6fe5c7677493fad1cb1e4835900e120fc30dbaa97d321,1764461493,1764461497,2466,97695,,
0x7bdc6eee8ca3dad01905b0868dd858f9e9e2d6bc32f9517fcb0fabba6de8106d,1764461493,1764461497,2466,97695,,
0x9a698f159e5989207e62b3e815c0c5f37a755da847baa33a86b908b1e527445b,1764461493,1764461497,2466,97695,,
0x660843b29f36872c10e07ca0dfbb7ec2babf59ece73412e88bea825b856d156b,1764461493,1764461497,2466,97695,,
0x84880c4ab5efaa9df8796443d2f25a717e0cfc9fd56f96838ad7c8985fc11570,1764461493,1764461497,2466,97695,,
0xa40889c64882f17aa21802eb22290d29fcc46ed2d0e535cbc9afcda8799265b7,1764461493,1764461497,2466,97695,,
0x42921bbfba27f0df8b9acde36c0ef6a9034bdb373f4eb59845ccee6a42ec3b79,1764461493,1764461497,2466,97695,,
0xf8f1f70955e39812cfb52935e18119094bf9b11e45f98c8240411b0924ba0b01,1764461493,1764461497,2466,97695,,
0x5d0bce8dc566e07bbb4f7ae71aadfa5fe67d1d518718a05aa5f8c99dc73aecd5,1764461493,1764461497,2466,97695,,
0xee52ee84ff21610dd944670ee14921683bf08bf4f3a64019f2ca857168285489,1764461493,1764461497,2466,97695,,
0xcbe901f0bb91ae016f22c238fe73d7a6609ac77de14a18ec59d5218a6bd4d57f,1764461493,1764461497,2466,97695,,
0xad7321f2c18b39eead44a7d2b574e62a530c4d286d985f3260c310e4b0b6a9fb,1764461493,1764461497,2466,97695,,
0x4b028bd1c20751e44055ea8d12487ccf93ef232f8c886e0e57f9616ee94b1053,1764461493,1764461497,2466,97695,,
0x0a81dbdffbe8cbb87ab07f5d68ceac8b4297cc138a5c4994076e3c347b3dc89e,1764461493,1764461497,2466,97695,,
0x7901a2f1942452cf3cf11727ea9af90e9bdd22afd733425d16460ec0529763f3,1764461493,1764461497,2466,97695,,
0x4f9f701fb49b268933d63a23dec5ef65dd60ab2225fa6896d04c033451a726f0,1764461493,1764461497,2466,97695,,
0x17affa7be1196d9e5c144237d53087c7d671357c512757dd09f460e160007082,1764461493,1764461497,2466,97695,,
0x69f82d200067f9fa580543fa5c1c5fd0225edc20ef624522d7f2a615dd19cd61,1764461493,1764461497,2466,97695,,
0xd414f9e19bb51d875562b22d919fd60b52c95f344ffa52087e1c942bd51e459f,1764461493,1764461497,2466,97695,,
0xad0f705dc84439284a8c9972b6ec69207210a49c14b954ce26154aa2df5d9b96,1764461493,1764461497,2466,97695,,
0x3a4518f5fcddbd86154a92f89c458dddcc2234f4a083dc12cdd8240f6c0149a5,1764461493,1764461497,2466,97695,,
0x0413c02f2bccd4ae10e94f6543ae01b5281b98530d81041ab53b0c8140c16e1b,1764461493,1764461497,2466,97695,,
0x93ee480d908695c349be96722788e8145b912c5b389fe6c64fd2472716893042,1764461493,1764461497,2466,97695,,
0x2084f326055b722fbada9a84c5002f21e7daa2353c528f36aa66bc4316065cde,1764461493,1764461497,2466,97695,,
0xc64973bb85b71bc6b59d709b27c285de825d0c8a992761e5e3faa9520262c5fb,1764461493,1764461497,2466,97695,,
0x1da086bb96943ec4422905e7f9d49206452c8cc26ce990ad8cf982ebce388bff,1764461493,1764461497,2466,97695,,
0x24ea89174123db8d16fd6bdf3d01e3a96c41337ff56921dde787eaa4c686be76,1764461493,1764461497,2466,97695,,
0x6aaecaee0064c1c7dddc06bf74aed6acfa185fc5a6399fe2f4a1334b66471bb0,1764461493,1764461497,2466,97695,,
0x380f9c74e802fe4f1ddddbfe293f77178232da21d006517a06f5b6ae86426e9f,1764461493,1764461497,2466,97695,,
0x17c0fbaa126b94024bb831db583e3ee93461f9be3e361c2c9aeaf657c3c8c58b,1764461493,1764461497,2466,97695,,
0x9e662dee2079c23cde38b94bdbac8005313cde5c5625275ebf957154012d1ff5,1764461493,1764461497,2466,97695,,
0x7dbe32356dd21ecdef7c2d127a13fda0d4cbf4cf695e41233615974f8722cffc,1764461493,1764461497,2466,97695,,
0x33bb3ac71e9f9ae56271b2f92faea74d1377134acf07c0891557ea61864b4c3c,1764461493,1764461497,2466,97695,,
0xa2b9c4c56a5f648b4e88e3da423ef83a01a0d8db1ddc602c0f762251733d7417,1764461493,1764461497,2466,97695,,
0xc83539528597fe63bdf95e1d283210f7dfddab2637640667ef979c1b799e2284,1764461493,1764461497,2466,97695,,
0x7e34003d982d0e059ec8d931c475a7972ae8802e93ed9bcc5682d20a2c74d784,1764461493,1764461497,2466,97695,,
0x8e1c818d2a115f859db5a71aa4ac93021c325dd2b4c6d92a7ee44890409f618e,1764461493,1764461497,2466,97695,,
0x2f978ea102184293b6a3d5ed96ed1a0c92283714ac7ee46543e7796449f70d80,1764461493,1764461497,2466,97695,,
0xb12849a245f82428755cbe9bcc28ab68b4496857bb2df28e26d83f589b430c9f,1764461493,1764461497,2466,97695,,
0x5ac8bfaab8497180e6136974c95d3b52fa71b5c7c809d47810b469e3ac95e5dd,1764461493,1764461497,2466,97695,,
0x783f465891f820b25527ab90e0b91fb3205c25ed0d33af4dbc23ab6468659433,1764461493,1764461497,2466,97695,,
0x1834012512e96050584b3df7c49f4a49ea08cb77dab9762aa5d904bd5649a82d,1764461493,1764461497,2466,97695,,
0xf7036f738a80904ecd5e110324a7dad73229fff7fe8d1c52bb6b1bec5db51502,1764461493,1764461497,2466,97695,,
0x1faf46ee751cccb0345a198a978aa1644812831a259dac076b428ca303591b3d,1764461493,1764461497,2466,97695,,
0x5cf43f4ecadcc00a613ca0689ae21a0ca9e9446ef2f9ae8beb3475f8a4060877,1764461493,1764461497,2466,97695,,
0x0acce494cac0dda0ba6dce68636d7b9acb22a655d23797099c80694b6262df96,1764461493,1764461497,2466,97695,,
0xbf9dcb8ef57dd71577bad752c6670282040dd885194e24710c5d307e5827846a,1764461493,1764461497,2466,97695,,
0x82d7490c1c2ea1a3748fe88f70ea4bc7e7ca1b118612a028f2e048f30da04910,1764461493,1764461497,2466,97695,,
0x94b34d746d5b8b2ee29e8c5200f4a734250b40782f5ea9a39074f5730df934ca,1764461493,1764461497,2466,97695,,
0xe57ff11db2dc76295a16018b51481ace54ac2c780a267ef4e77d31b844ba6e47,1764461493,1764461497,2466,97695,,
0x82568ef8dd6f1b00ce2384ac33f914146f89085745995e3e2ea187035d158162,1764461493,1764461497,2466,97695,,
0x1a6e33379ab30086b8cdda0724df529e5ac978d68492fe6a4ef6f29579ab5eb8,1764461493,1764461497,2466,97695,,
0xf0e59284045b8ce0fda47b513919264e5968ef1f6de14673a05e4271623466b7,1764461494,1764461497,2466,97695,,
0xb662012f3cfc6a800f7ed4ef70e97a29c0c848f1082cb22002a3f9323a0eca80,1764461494,1764461497,2466,97695,,
0xef91921dabfc9214efb1ffb335a65f993f366e4af5d10e2f5f280b79b95e97e2,1764461494,1764461497,2466,97695,,
0x14eac6306c435f6caa6308b72bea9101f89b7d4c576f388d636da59b02bcf0ed,1764461494,1764461497,2466,97695,,
0xd7815dffd1cd35bc8311cf5358b0dad9f1aabb2a53975f5edc56cc7a3bc1a2b0,1764461494,1764461497,2466,97695,,
0x0cc60901f96aaeb0759e1e1396f95390572e80775bb41bc067530a516e3c1258,1764461494,1764461497,2466,97695,,
0x6c1ae560dc6a88c7800330441cbc9f50f453601aaa2e677463031e51e7a96d71,1764461494,1764461497,2466,97695,,
0x67e25960e4327f1c82c15af995de578d2e23ccf8a63ba2f6c1f4ad23de98b2b1,1764461495,1764461497,2466,97695,,
0x69d063e5d71d3cbfb2d22d54b0ad5f5028a4e4a9626e8f0d71ad9f475144fb00,1764461495,1764461497,2466,97695,,
0xf4dc483a8fd360f16305337f71393bf8acfcd59350a3514fff34cf8e2b2fdeb6,1764461495,1764461499,2467,108111,,
0x31054bd3cda7152f2140526e8947aa8faac43e198e4faae569028364a6f20eac,1764461495,1764461499,2467,97695,,
0xe903e11f4fc2b175fc7543f4dc1be0cfb3853ff64abc02dd78cbe3e8582b6cc6,1764461495,1764461499,2467,97695,,
0xcee3198aa718ac05ac698eb197134cd04de2805b397c083e88178f8127fe31df,1764461495,1764461499,2467,97695,,
0x6373375c10125f1fdac85d1aa9f595f60d5f739b3e418819be36e97ddd31c0f0,1764461495,1764461499,2467,97695,,
0x9d7b93fcff1706a2232f4a072bc24fb7346bcfb158fe7ea8ecde6d6b141a6e63,1764461495,1764461499,2467,97695,,
0xa1d5215eb56a9a224aa8ec322bb15324d2bba650bcff6deac92b93a147c08772,1764461495,1764461499,2467,97695,,
0xf143fcb246e3dd0f2d968431631bf326b0e79436bda16ad4ea8925dfd42dcc3e,1764461495,1764461499,2467,97695,,
0x90e77ed85ab9ab097d72e9cce7919723b9b9fb0df90cbd440ed71502696d4d13,1764461495,1764461499,2467,97695,,
0x71cbca50f4d9a35c55d956a5dcba1d3632ba0fae98a03b323d8afeff7ab78b0a,1764461495,1764461499,2467,97695,,
0x1f8149b4e73646fbec067e5bfaa9e7c63625146044408a53250ad4ff9f350ca7,1764461495,1764461499,2467,97695,,
0x7b5c0a55dc121dc09ec1595c8e9c45382c4b135af5960df35df7d8c032b80f1a,1764461495,1764461499,2467,97695,,
0xda18be427eeb719056009a68b89de25b06c7b57399d96a41d75eed36e9e8219f,1764461495,1764461499,2467,97695,,
0x008e21d88a63b98e7e2fd9de575633360d80566f33b79a57f02a6f9293cd0446,1764461495,1764461499,2467,97695,,
0xddcb1416e6b64e2b03def9075d2792f610b96e7ff68c6034a3ca08afad32e661,1764461495,1764461499,2467,97695,,
0xbbd424be303a436e24c0d89fba904da054f227be776b73ac8a1ac3f237fa87c6,1764461495,1764461499,2467,97695,,
0x266d8c8867d995dafaa73877d023624d2b6ac630e3883a60420e3d57ee1993be,1764461495,1764461499,2467,97695,,
0x1334553409e5f6e191cabc4f89915cf4268d15d528f4e0a24782b43f2594a605,1764461495,1764461499,2467,97695,,
0x7b52acee5a102cdc53236274bff351ef778a7544ab0a6b20fbc4fbdb67f6335e,1764461495,1764461499,2467,97695,,
0xb88e7244a5071c37d1184516eff7ecdf3b1f59e9cc439486cafdf9b39a6dbd51,1764461495,1764461499,2467,97695,,
0x277a9d302cc6287f20ee7444c3d6abdeb136a54d208d6f286953ba5169c399e9,1764461495,1764461499,2467,97695,,
0x6ced835cfc007e0a2915078fb68078692b7dcdd6062d436772345647cf8f0a30,1764461495,1764461499,2467,97695,,
0xaf5e3bf62d4d88f7a3f07a026763b7e33f398d0c35a99c1804cbfca2a2076b46,1764461495,1764461499,2467,97695,,
0x7b5fbe423c4490d777812b0a62735437f49a1273adbf42cf442f05127d6b82ae,1764461495,1764461499,2467,97695,,
0x32308a8d78fe80f81d33ae397fa75e3a451771f9c14fe5fdffa099a053f20a9c,1764461495,1764461499,2467,97695,,
0x6118cfa38e8c11019cfb5b75e49f3af1c616b3d55cd90a59c2036d643919d8e1,1764461495,1764461499,2467,97695,,
0x7dca5d3679d2f856bacef00533c5ea9b01704d648131779072b13f4a939b8947,1764461495,1764461499,2467,97695,,
0x12d8760eb650cd9b4ed0953dcbed0c64fc6c9b9d5002893ecfc1586467f0cb73,1764461495,1764461499,2467,97695,,
0xf4ddad354a8546cbd0ccefc2fe286cb177aef814763e7c6373c67e7f3b78877e,1764461495,1764461499,2467,97695,,
0x53628707721a0c2d5e04a0bd511ccb833e22f3a95825b69f9a551bc04f6d31b8,1764461495,1764461499,2467,97695,,
0xa4d0ba4aaf28d20cefb01065a84304c0d9a33537bcd79fe42ee2de24f808e792,1764461495,1764461499,2467,97695,,
0x082992fd415fbb516418524f1b9c98984eeb2efeaf7ef79eb82e755411205e50,1764461495,1764461499,2467,97695,,
0xcc3bdeae079d3cf951504b56cc7f6fe1f66e5f588370a83cd0b93cc79fdd83e5,1764461495,1764461499,2467,97695,,
0x6a8774a3ec19c84e355ca769b388f3f8d2e7de4b1b9507208782b2eb6bf2a772,1764461495,1764461499,2467,97695,,
0x7e8a5c359b450a2a5e32fe660aa336d89029a294f92d0993393f5ec1754d7999,1764461495,1764461499,2467,97695,,
0x709647be216c0a45aba7275b092f500f64ff385603f62d66ac77a8c7fe9101e6,1764461495,1764461499,2467,97695,,
0xd80ce4bbe9f025d0f14929cc3a09b24b5fe2e132b926588c9e5cf338943d9d8e,1764461495,1764461499,2467,97695,,
0xe339173f4419fb3638fd7dfb2f5a91d92e94c2bf53e0df8ae6f6f8e7e1e71a61,1764461495,1764461499,2467,97695,,
0x07fdef483b174acab3b3a3fb9c755330367a70d9a23d1c358c2b9992a7f06b25,1764461495,1764461499,2467,97695,,
0xe31529f07c2dc094bd49b6489045e3753a6b9870265f20079ed06ec42b55ac47,1764461495,1764461499,2467,97695,,
0x4838b6acfa06dd4a7366ecc154d97a39e8af4261080b3719a9db6de84f991df7,1764461495,1764461499,2467,97695,,
0xf7c39206e6a6914f2ea6ad7597a995a69750b6756bed836e60529705fcf1a925,1764461495,1764461499,2467,97695,,
0xadf69ee808bc14d8c1a5d45344264fd78063cde7e2ee8ce4b787e74548a072ef,1764461495,1764461499,2467,97695,,
0xc5d3903a1639d8ead9a07af89b33cf7a25c8617672df0f5121e53ed4062731da,1764461495,1764461499,2467,97695,,
0xa9e099181d6fa97a36b35e7b657e47d9102a152f805ff93fa7b284d6ec4e11ef,1764461495,1764461499,2467,97695,,
0x605cac553d2569d7367c83362af82dc68ffb861e60647017ccfb8d7fdee20468,1764461495,1764461499,2467,97695,,
0x78874a37c570b195fc76eb8d6242d34a55ee700c2fcd02b6fa47442d4cc826d2,1764461495,1764461499,2467,97695,,
0xd18bbf9910566b5543fdbfae4baa772d02a34ac1f386875651ba7c9b1c94950c,1764461495,1764461499,2467,97695,,
0xd508918def4aa07816e3a25720ec051dfe648a594b022785804160d802d2be01,1764461495,1764461499,2467,97695,,
0xb5407b5560f02944c065b8b3a2fbf1975a99e667f96af60e4efb100344b201df,1764461495,1764461499,2467,97695,,
0x406e71a696b3a0debf9a29bfcbbccbd43bd2e9d2899233e1b1ca964de877ff59,1764461495,1764461499,2467,97695,,
0xb2ba3a560480022db575318152f26a79b123e96935539ce63e5f02b8046065ce,1764461495,1764461499,2467,97695,,
0x32bffb1d040a60b639b799defe339a256385982baa1eba842f94475283eadea6,1764461495,1764461499,2467,97695,,
0x8f780486a53cffe1a71d36e35ca4e9394312a1128524baee864c0ae9fc5ec1e7,1764461495,1764461499,2467,97695,,
0x0c1ffadade0c42e48104c0206f8f0c4134a88a57d593b68ffcb19eb1c8553424,1764461495,1764461499,2467,97695,,
0xebb4b8c9b5037312b6c01ee5cacc01b3842d6faeb49f7779cd27693986f923f3,1764461495,1764461499,2467,97695,,
0x722a09645fa3fe547fc36872f3f9d3a6471ab50dd35c7a9b20fa5c41cd368e1b,1764461495,1764461499,2467,97695,,
0x91c2b233f08d9057b684881b7cae0d6152b4c012c410e63e428138e55c58464a,1764461495,1764461499,2467,97695,,
0x7ad0af98ca98cf7f1b2eac2929e8e19c3a68e07afcc96ec6e14ae2c8bb62587a,1764461495,1764461499,2467,97695,,
0xb841d25237a4828f70268116b7158cee5c122d9eaed9327e9675cc91f5d72a5a,1764461495,1764461499,2467,97695,,
0xb5fc4d2a0909db08481dc7aa660ddd751bf32aff792fbfae2e49b1f19b976b31,1764461495,1764461499,2467,97695,,
0x6f6927f4b070710105dc203da0ed8bc3f732e783bcd021cfa841fc2a80fe505d,1764461496,1764461499,2467,97695,,
0xd034fb58289a6688cf5a2b555ca06a40dcb08a40a6a7ac32172a8ec9816bfe32,1764461496,1764461499,2467,97695,,
0xfcf61da51e0ba744029f71059e6308be521612a432976008ecf9c32058d92af9,1764461496,1764461499,2467,97695,,
0x8e548a72dc660b26376f7dc1dec928d8be11bfbbbd79498d884a1ad7dc0edc32,1764461496,1764461499,2467,97695,,
0x7e78f2b502f7061726e3217d9bcc6ff1dc1618aa1117caa6fabe6da567263e57,1764461496,1764461499,2467,97695,,
0xcaf888a11a74f9c43165121d07f2267fc2fe85ea663b4b957dc915834d5d2e5e,1764461496,1764461499,2467,97695,,
0xf16c6142e309fe6d25f886d2a27cf603d5ab9c4881542dd286efb374378e07f5,1764461497,1764461499,2467,97695,,
0x1aa3f5a9223927a3692cd51719c8ac3f844dee81d592450de221fee33e316006,1764461497,1764461501,2468,108111,,
0x0c989b9ecae5b78790b53cbd8f512f507a7cca33798e468e41c191cbc434a5e9,1764461497,1764461501,2468,97695,,
0x42566d0e9f13bf3f4928692ead1089b64f45c1c06e2172561b719ba2ea42c99d,1764461497,1764461501,2468,97695,,
0x0ed75a96a436949a4f84feea8cb127ea39367cf6c6a6fb7c5768f29d411cd81b,1764461497,1764461501,2468,97695,,
0x58de576f4a99ed66204b823e7fd9c8a8c454a1a374535fb1c1964477822ca672,1764461497,1764461501,2468,97695,,
0x8b896674449add9cd9faf6ebfd20483d76e804354de80d3b431f7939ba70549d,1764461497,1764461501,2468,97695,,
0x9eed78c26d7d14f35f4a5616e66e515897ecf00459dfde867c719b8d7f5e74ca,1764461497,1764461501,2468,97695,,
0xc1152fe06def34bc9426da0edd5a143f7761bf9dac107bd008682ec9406486e2,1764461497,1764461501,2468,97695,,
0x5711b636b8e872e08d3387dfc3787901d56ec6688f4466ef5aef25082a021cb3,1764461497,1764461501,2468,97695,,
0x10fa24d14773894372ffe09860f14895130294956cebc7dc33a471bd2e954e70,1764461497,1764461501,2468,97695,,
0x6ecf4738c7ae1dbdda1c179e6f148bc9f1f0bbe298a6f1a3ee87d31a97f635d2,1764461497,1764461501,2468,97695,,
0x82e404ee677e85c3648274409d50ddc7021d0bc2289d64b6174e74eabd6a6b6a,1764461497,1764461501,2468,97695,,
0x6c4ee1e358c4a4dcefd18b688d84ad175040d0f5688ad7cfdf48721749fac976,1764461497,1764461501,2468,97695,,
0x98872067d0e9b047c1a7215b0def06ebf589abda1d3fc8431dfa121f03e7af7a,1764461497,1764461501,2468,97695,,
0x3caa0bca3b67e9819dd52bb8c2bd88683a33a23cbae02012e8a0f926913fd0a6,1764461497,1764461501,2468,97695,,
0xf13202e4292e8f01552ffcff354bdf40600adfe8f2d3546afb59f23febe1c06f,1764461497,1764461501,2468,97695,,
0xda3bbe2569d8cc0a145aef27de7de3ee8789025a4c8eb442d9397e2978bd0fcb,1764461497,1764461501,2468,97695,,
0x43e23617a01cec978becad2c54e72d172355cdcdf0a2612f8c37f99d41ced3a8,1764461497,1764461501,2468,97695,,
0x3a420199a9e278949669dd507594dd5970ecbd8da06d3cc1c399ee6af9c62f19,1764461497,1764461501,2468,97695,,
0xcb7ade5dabd885664bc67292571d36e5a878fbc5e358ffc28c2f5133c4eb40f3,1764461497,1764461501,2468,97695,,
0x703e5a4b93ed277e10386e3452e300237b9717e8096e15348032e8f4616b21c4,1764461497,1764461501,2468,97695,,
0xcc355f85e80db2f8da3516b227782ea86ac798a76e66ac4be97d68dd522c4365,1764461497,1764461501,2468,97695,,
0x6626d5552a11ceee45302bd1c0b27ec95ca893ab5aacbc3bcd0b53fc1cb5c271,1764461497,1764461501,2468,97695,,
0xa619e7916ad3f6ae5495660e8c6e1adc1e5fbe68e49ee1d05a41767550015878,1764461497,1764461501,2468,97695,,
0x518e82716803e42e962c90f33135799bb4c6ccc93500bde017d6b39f091a6e03,1764461497,1764461501,2468,97695,,
0x71849b1c2afd1afc546863a74b7c55f8ac9d3728b363431df5bf0ffad03650a2,1764461497,1764461501,2468,97695,,
0xa0cefbb43d2ee709f3b9a2b476a5d4bb5a09b811d85a816bddc097b4cdb509be,1764461497,1764461501,2468,97695,,
0x05e42781ea2a059930cddd7e6be8dd480af5b5629509b1d5c8688f6baaa38756,1764461497,1764461501,2468,97695,,
0x17a5044b9c08eefca45af21b22847888c9f51774aa511bbca9ce1f323f3233ff,1764461497,1764461501,2468,97695,,
0xe984e9a79734c88c6c9b5b8d807fd41bb6b01df4b7627804c1df4a0768dc434a,1764461497,1764461501,2468,97695,,
0x37796c6b9f43acd08f0c77f04b919cb4f27900cc59565abe026ebd341cf7c2dc,1764461497,1764461501,2468,97695,,
0x485bd0151408810f3c0b6f648a2f08837ad0a84c6c8248667d4519425c3d0d27,1764461497,1764461501,2468,97695,,
0x1d728dbf6eae92cd1e091915d995cd00c8a74f4d534ba002cd08bd6fae990997,1764461497,1764461501,2468,97695,,
0xee450e2b5fcb9aa4405edf2fd6aa724ebbb2287ae16cdadcb8ca00f9a0181644,1764461497,1764461501,2468,97695,,
0xb2612ed01d51a0740568c0b375cb34897810c46cb33358ff12095f8506962b6b,1764461497,1764461501,2468,97695,,
0x2670f8f109d44c0b483946f3cb83317e711ddae7c1ec44cb3cad6f05dfc7ed1d,1764461497,1764461501,2468,97695,,
0x4793a057506b73ea6837759f8ee594389ea86792b61a9026c6d3265cb2217665,1764461497,1764461501,2468,97695,,
0x13de4e070a588b69538dea178bd1520e6379c542aeb985e0e923de8b2025fe97,1764461497,1764461501,2468,97695,,
0xc2c27aed3746fc8bbdf4c7daa6c6d05d8ae962b0977386e9d1b8600328197f53,1764461497,1764461501,2468,97695,,
0xf29ff1bf3834acd5614daecd14bab6926398bcf059aebf419e23b6ec682976e7,1764461497,1764461501,2468,97695,,
0x45601835ee81a10ae0e9b2a68f4d15509ba61372d658700eccb84d2170b380ed,1764461497,1764461501,2468,97695,,
0x5ab6ae683d131c9e519f3d0caaa34f69ad04703a0537f52e1d78decfed3717f1,1764461497,1764461501,2468,97695,,
0x7b8afcfee22493e28349a0d66c02276bff73e0e436c8b34607bf530224da1c10,1764461497,1764461501,2468,97695,,
0x371a2cc09a5de298b3459dcc1caae64896905db7ffa13c12c4553feaae43b475,1764461497,1764461501,2468,97695,,
0xec2006ccf66bb27ff82e967638fc87d87352095975891901ae5e9322916482fb,1764461497,1764461501,2468,97695,,
0x4253a5091a15efba6c1e485b0c9ac23f86277bed3926c095018f4b85f3a8395c,1764461497,1764461501,2468,97695,,
0xd80c5c3fd40493d26891dc8aff83573cbf4a0928c7fa69892c7b51d34537050f,1764461497,1764461501,2468,97695,,
0xdefc37f503dfa097db17355bb33842b3f13daffecaff3b42ccb07618c9a4ca9c,1764461497,1764461501,2468,97695,,
0xc62dad9d5bc69890d3d36103a9972c3d2a3654032068e7f315ef9fcda0e798cf,1764461497,1764461501,2468,97695,,
0x65d67ba43e1a372f0a4ddcaf960965b5da870097ddced83bd8bfbd53396d8d73,1764461497,1764461501,2468,97695,,
0x947e3430414416e8e657c94521eb85928588f407e5e7acabf3266b47e2813602,1764461497,1764461501,2468,97695,,
0xd8277e52202453a9f997c25dacb974f9baf9399d45dcbf9f5302d68870f45216,1764461497,1764461501,2468,97695,,
0xc29d660d414dce53bdc48a9490f6c5a7fe39a860381772463270825f962de2c7,1764461497,1764461501,2468,97695,,
0x2a011eb206b57da9c6c8abc2824b41d57a7ee0af45d27fc317ccdb31428f0866,1764461497,1764461501,2468,97695,,
0x23efeaf1285baa085f4403e13906319ea941b04c2e3d3b53024cd33c882563d4,1764461497,1764461501,2468,97695,,
0x3b4d923476bde31e36e6c11a543174e7245a26e24a8260058cffe15d9d248f88,1764461497,1764461501,2468,97695,,
0xa39e01f3687a97de1680dd877d1cfd5b1c9b6db6736c0c32ff717517f9932e63,1764461497,1764461501,2468,97695,,
0xd59221bfabc85eccbd75e9781392d76d80b0c9acf798efb13e56495902908b92,1764461497,1764461501,2468,97695,,
0xf43e42c422f283bfb11f8bd3f26b5dfe4246ef1397c9b9754c7c3bad60c9c218,1764461497,1764461501,2468,97695,,
0xa743728c1465584bcfc314dc9d9394bba3e9f26c2703c4962348cabf90653c82,1764461497,1764461501,2468,97695,,
0x69fbf72127aa73ffd905eaa0197fb835d77c0e832d0b33f6b5edb97fc1a7c200,1764461497,1764461501,2468,97695,,
0xd83df599ccbfff18a3469859b27ed2eed2c8590e442309a5a5920b82447de0b9,1764461497,1764461501,2468,97695,,
0xd1835ec14b2e1c5beca2985b1e3630730dd474c48d82409e41c835a513eb1911,1764461497,1764461501,2468,97695,,
0xa3768839b43f5ba1422b6c7f0bed228a1d1bab2dab64ffde53d56946a32cb0c1,1764461498,1764461501,2468,97695,,
0x11137e4456c8f89577e137b6b8d49832072b77845c337ce87055318fe780d13e,1764461498,1764461501,2468,97695,,
0x7872517e95082825486fea92580d262fa2646817fff1f9671ad950de0a586924,1764461498,1764461501,2468,97695,,
0x560957a2109da4b577fd440ccbf775ca4b748c6ea9b35e7ff16e774e044b0f5c,1764461498,1764461501,2468,97695,,
0x01e7fbe8aa4e1434ac6269719e6275f53a832fc6924134ee5aa82ec3d455a8e0,1764461499,1764461501,2468,97695,,
0x7d2a7747ace389c166fd610ce32d61a3ac4258283a499dc5f724f6f6b1cd2440,1764461499,1764461501,2468,97695,,
0xfb32feee6ba6860989f352fcdd182c4b5752123539e11486d3f8f9462dda03ff,1764461499,1764461503,2469,108111,,
0x6b81cb26a05b7beba6f2b022014af2c83acc575b9bc611d6bfde103727bbcf90,1764461499,1764461503,2469,97695,,
0x6b61303bdb8aae7e7cdfd96675ad2b35b0f6f6c95d49ad66ad90732576948179,1764461499,1764461503,2469,97695,,
0xfc5f36e15ccfada80b304d8c5d2cfcb5e47670ad30041e55a4a908281ef753ed,1764461499,1764461503,2469,97695,,
0x084f69a3080095b78e92105d60c65d8ea813e33914b00e341973d4fba182ae7c,1764461499,1764461503,2469,97695,,
0x8312dd8e021f98df605ce084b4d4bce5a6bbd7f2c8a11ace080cabc27185cd02,1764461499,1764461503,2469,97695,,
0xb600b1bd29743cd2b41731ef08d5229a706adf257ed3cc92c28f3db2601ad6a9,1764461499,1764461503,2469,97695,,
0xca136a350cf653724bfaebd23a7cb0d452ad157ac7f4cd9ebe13cb960a1e90df,1764461499,1764461503,2469,97695,,
0x3f3902d30451c3ac7854adebf621c0cd2a554797618c65acbd12543fedcc263c,1764461499,1764461503,2469,97695,,
0xe0987e15253cece143fc8d64d41c9a8f7e8aae154aa0703cc0c9d3da3dbfff88,1764461499,1764461503,2469,97695,,
0x96545e8fc79a23faa2a1ed7348dc1c3944ad57569f7953cee23955e684581e1b,1764461499,1764461503,2469,97695,,
0x43d7bfd177050054a5f2825b99eb8947847a6ce7884959d61f75a5942a861dd7,1764461499,1764461503,2469,97695,,
0x109a8bbd8827307b8f49ee97d50fa8782bc65468b18a10b924eb0e82ee369524,1764461499,1764461503,2469,97695,,
0x6997b40af2db237d732b2426060ae319d23530db764227f1f46044195401b209,1764461499,1764461503,2469,97695,,
0x53348a521d2d1131e6853bbf556961f46fb12d68b80050b71be9d4d1d9740998,1764461499,1764461503,2469,97695,,
0xa792cebbf5c2162d222c391c2da6f29e411fb629a9b36ef234f3a9b660e30a39,1764461499,1764461503,2469,97695,,
0xc4c02fbc06eae1116137847841665fd8bef29d0392b524a1573604854baa1d0c,1764461499,1764461503,2469,97695,,
0x9a399220ccacc5f2aca0197ba66a691a34891a0c39823aed11e93eec6b46e867,1764461499,1764461503,2469,97695,,
0x3af916ed0aeaf087877abad42494353297a267e38d07b3f69fba1556d0858f34,1764461499,1764461503,2469,97695,,
0x1763e91f46573825a8711d1a21625790eacb326f3a757738dd76ecbd49a2fd20,1764461499,1764461503,2469,97695,,
0x01c965182c84e2c97b41e4f96aadd4c208b2e44b175c7f318eefc33bd7ebf03c,1764461499,1764461503,2469,97695,,
0xdce547bf61924bca5376d3c92cedffb53e5086300b486233a4a05409c7a77d6d,1764461499,1764461503,2469,97695,,
0xafcfe33389ad953f6ba32e97d2e2ab7612655c1857525990814aa1812cd65216,1764461499,1764461503,2469,97695,,
0x91f47bbd74c8e49e755d2b7ee74b263cf965bf3fa51bebe4ad0642207f8a47cb,1764461499,1764461503,2469,97695,,
0x7f1ab0d2a48aae7cf1d8f7cc627d016fd9cfd78e3f8017356a13d3ab06ae05de,1764461499,1764461503,2469,97695,,
0x31f40f32eb21b1918dc95355d2ca8823432b4d3807698b9677b94f7fb0182bb1,1764461499,1764461503,2469,97695,,
0x08af41f3ce403ad6e664a8814ebd8e9911c2c690da79c9bba027b66aedd056e2,1764461499,1764461503,2469,97695,,
0xf27317395ae16848205dff92e9feeb0e069f41b345d7ce4ad87c42bc84d2527d,1764461499,1764461503,2469,97695,,
0x5094b8165053d1ffb3b68320c82008a8d942f8e3cf3d562fd2c1f422f2248d73,1764461499,1764461503,2469,97695,,
0x74cb4fe3d0a589926c85d1483210844de80a5b3f6411cbd8c97e66fe2e3747ac,1764461499,1764461503,2469,97695,,
0xabfb20980ca1557e7f69101da2a9fe141fbabad166bfaa29221d66fdb7572f45,1764461499,1764461503,2469,97695,,
0x0f2049c322399bb8536426b34c92520773b381ff7e6bc0943b36361cbf44aa22,1764461499,1764461503,2469,97695,,
0x7903e99bca688c55b3ce3412738d1aa40c9e2ac6dfda0ba4b1849d12a96ca519,1764461499,1764461503,2469,97695,,
0x7dfa836b79f55b90564e1eaa1fb03fc7110e76760b635c23eb8276c6f4a6b3d2,1764461499,1764461503,2469,97695,,
0xb7537da20675010bd2785337646109c812f47be92b858443590009d7c4430a7f,1764461499,1764461503,2469,97695,,
0x844609d6682a5cde94dc81e77e827a54823274ba62f7027e0686fe11e5951d88,1764461499,1764461503,2469,97695,,
0x87a71ca3d173fb746360ca2c7e3c4394bd47cb32c9d852cd27c27e5e61a88f8e,1764461499,1764461503,2469,97695,,
0xe0e61eb3624344ce3cdc30f0b813f842904b528605d6cad4cc38593e861ab30c,1764461499,1764461503,2469,97695,,
0x9e8a276f4e568ba65722656f6752b664acf6e94d94b2e95ae71417987e7faa22,1764461499,1764461503,2469,97695,,
0x8b6053d98aa1f80a967f5a816001fd409125c7eacda6da814ba2638248bc815d,1764461499,1764461503,2469,97695,,
0x0e114231ff85919e7e1db279f663b958b7eb0c87775b73e9c5fc9cab30912277,1764461499,1764461503,2469,97695,,
0x4aac2672559c0de46f486a45ecb5c69c1a392ea0e0ada18a91cf37d7d50efbc0,1764461499,1764461503,2469,97695,,
0x92c7aa549cbe6b7783cfe162fdc9d174cdcb6b6bc568d79dd7853302385a3a9f,1764461499,1764461503,2469,97695,,
0xd14c1ef60950d0b9ff332eb5242cdcd849f3f8992d3e6011f82198bf33f6b07e,1764461499,1764461503,2469,97695,,
0xbf206d3b3f007031199bdc506a5c4c0112db451eefa0ca9ead6a8e7c56f87782,1764461499,1764461503,2469,97695,,
0x9aa4dce8ba5be8fa11e8fb249d934a5d37d41e7d1b11df8a336f292ca229b1c9,1764461499,1764461503,2469,97695,,
0x387be6e6bc9bba873b74eaed33c8e673e37920b8a1b210ca09c0a9ea70b6c810,1764461499,1764461503,2469,97695,,
0x3c832c8be152e188c3fe4410e34a540d478a8161c89d0261065c9b182a6d2af9,1764461499,1764461503,2469,97695,,
0x2a4dff98a21a88c5266fe34dcd73c29ccbbddfee8a5d64f9773e14fbaf8fd6fc,1764461499,1764461503,2469,97695,,
0x207cdbfeafb6d34076e13244a103710893b60fcfaaa1067bb50c460d0be0a7f3,1764461499,1764461503,2469,97695,,
0xfe335726d715e661e13ad71d409f3ac54c2676fb02c88839ba3ec572b2bdfee6,1764461499,1764461503,2469,97695,,
0x4d03f11e83d073642c4a38bbde6be06c9a299a84c725e7a04fc3d8a5b479e192,1764461499,1764461503,2469,97695,,
0xa1037dcbb1902778a0bb604a5c78a7f54300cf74887d269d18a2e8ac640f2248,1764461499,1764461503,2469,97695,,
0x2edd91f07ad6a23016244abf02380482da4f4f8e140020d42cf40d9591f87968,1764461499,1764461503,2469,97695,,
0xef52dbf14c3aba2c0a842826e37c18d27e10c838cff70c7426019d79f1548ddc,1764461499,1764461503,2469,97695,,
0xb9acacbe91932b884e642e00423d1cb574429e43a1c295f7fbdb9ff77a8c9619,1764461499,1764461503,2469,97695,,
0x31b8716f6d14f0b296d86ea9959859dda7736db32720b32759bfd3fd529a06e3,1764461499,1764461503,2469,97695,,
0x475214a9dab7fc1bfe5e4027a6ab7e725782cbe3ade686683ab922ef82beb135,1764461499,1764461503,2469,97695,,
0x0d4c2a8b2161c7214a711cb97fc3b0ba8db27c593a9fe3ed968865cc91fd146e,1764461499,1764461503,2469,97695,,
0x49a683408b4a92fb36512fd46dc2fdf7ab10259a27ad101311b9483792525b2c,1764461499,1764461503,2469,97695,,
0x917a6664e42a369fe74341e98297c170091e72180d2a4b1dd2abe4ad78f0f2fd,1764461499,1764461503,2469,97695,,
0xeb7f1cf1897ce8b34196240600d8525258fd293b3a4c9048364aeb257b12dabf,1764461499,1764461503,2469,97695,,
0x6d65b3e20fb41ce46d21a3d8517ed9fe07d8bfb017fa818c978dc2f8552d038e,1764461499,1764461503,2469,97695,,
0x00556c963dbc4c2a98bc5b9f3d98aca6b62de5c641ad5f299b06ccacd0d79524,1764461499,1764461503,2469,97695,,
0x58845845c9605f2d79dab8b301eb78a310bfc05a3c7d736e009e3203f8ee3369,1764461500,1764461503,2469,97695,,
0x239bf52264ab04b68138566502bdddd766699744d14d286f4d922e69939ee333,1764461500,1764461503,2469,97695,,
0x7c814d778ae6b28c77691f9ab709bda67d1452bed91341c77e082529ffe6997c,1764461501,1764461503,2469,97695,,
0x9a1bee12ea4c2cad5287a305d3b7acf494584b07e5923ab77d7f4f12f7be1358,1764461501,1764461505,2470,108111,,
0xc2db1ffa52eb53f281866b721bb8cea225a5182b85d98399ca3fda464b071f59,1764461501,1764461505,2470,97695,,
0x75e19d81d41f2bdf19272081038c2eb67339551d45dab622fec27d11e20d6412,1764461501,1764461505,2470,97695,,
0x48b9113219375e6b6c61b07681b9cd2de87f2f5add41efe695b528d55c8fc5f1,1764461501,1764461505,2470,97695,,
0x17dc6d07f0178217c145695fb6f1a7b2651f1ca04df96fafdad6cc80ddc6aad2,1764461501,1764461505,2470,97695,,
0x94833e8c952e76920ea8b40a8c924e360e3c8db0e646ddbd207cc65e530c34cd,1764461501,1764461505,2470,97695,,
0xcd11ff80e2f2031ff58565fc707cc641292165ff2092d3574959167770a69ac8,1764461501,1764461505,2470,97695,,
0xe3f1de9e46a29304f716f26241d3d4709c8717cb750ac2f5e017544c889f6a25,1764461501,1764461505,2470,97695,,
0xa04a3f6c223415961200d33f262b482df4e78d3e4cb49cf77efe83aaa05b7c8a,1764461501,1764461505,2470,97695,,
0xf10d372bd699539d7d212068ff29776bc915a511c0e46ccf814497caa0abfcb6,1764461501,1764461505,2470,97695,,
0x8ffc2a4d6cecfe2970ed946e80b9c441b34227ad751d5428fa9e48ab1e78a325,1764461501,1764461505,2470,97695,,
0x48c9f8c8fdb421725225b6f46400cf77a9bc223a5cb281a5f30d1faf58f947f2,1764461501,1764461505,2470,97695,,
0x975ed2823cdd23ee1221a9e06e82e118c233f7434293a79ecad9f793da6e7c66,1764461501,1764461505,2470,97695,,
0xa8c1c20b34a95bf18e0e095c37e0b96f470b00510ff649746c59f3e73793d72d,1764461501,1764461505,2470,97695,,
0x3baea08187fef10b6a8784771dba5b81fb2231d477f997be30da44d7e8bd0e17,1764461501,1764461505,2470,97695,,
0x20144160e49ab5ad6194aa8d8e5b0db7443e8855de010500f9a68ee5416a778a,1764461501,1764461505,2470,97695,,
0x5cd9704ec071c321c47785380dfb86a58df3a05f7d110db629ac934ac3e5842f,1764461501,1764461505,2470,97695,,
0x51a78a2c2c1df127696e0332e7a9917433ca36ad44605548ecc3800b4f98478d,1764461501,1764461505,2470,97695,,
0x3f0c95ac8f5ca5cf24ced8ec6f21e48dd7c4e762be4f2842b5f7b36f63699fe1,1764461501,1764461505,2470,97695,,
0xa0bb90a9e47f64ca5b73de94a7fbfb73bc3cf51ff6b0a42fab57dde5f618b994,1764461501,1764461505,2470,97695,,
0x1a80d5f80af615c372ecb9f85daa0303c225062ab1fe60ad8c26e2fec57597d2,1764461501,1764461505,2470,97695,,
0x9cd08bebf17ff2c249efb998b804e4a72d143ea27948fbcc46c1d99505c67628,1764461501,1764461505,2470,97695,,
0xba70104cc41d4bfbc82b5873e2d9617e639b687fdc7561ec0b481386da303401,1764461501,1764461505,2470,97695,,
0x864d1a4b11e8c21a9a18693a08947aea5604a8bf286018f70dbba6705f462bb8,1764461501,1764461505,2470,97695,,
0x975e221165930924b3f857450301c94dd7d8d09325129635c86af69f17e45137,1764461501,1764461505,2470,97695,,
0x77bd91bf0e5d26cf78bb1c696244c8f08b036907555589ccb1331202b8f8abf3,1764461501,1764461505,2470,97695,,
0x26b7d71ef620004d9a03ced79412a942e315931feb90c6a9a16fe72bd9c61101,1764461501,1764461505,2470,97695,,
0xdb23ee62507b7054dc8cdbc9fff8bc41c2215ec9c322a0a1efb47719630943da,1764461501,1764461505,2470,97695,,
0xab00d55c61c52a76bf508b4a003ec5a37f195f241c5d36cfcdc98756350eeaa9,1764461501,1764461505,2470,97695,,
0x3534c8a6f802ee71dd7b8feeb8ca94d8f90e72f75173dfa4bff6f733c7fbe7d5,1764461501,1764461505,2470,97695,,
0x2721fd1f42271ab16dd109ce5c1d5e963febce597f894fec0f1703e352454cda,1764461501,1764461505,2470,97695,,
0x16e93af9bdec20879bc138f50d18e58c77110863c7e6c50b5f35f03d69a09731,1764461501,1764461505,2470,97695,,
0xbc72f0e599a003e4ceb24fbc61baacbad95db3829db84796eff8b9c09084675f,1764461501,1764461505,2470,97695,,
0x5844a1c9d44e91f55609084dc228fed28180f54727253137f119f6b022ca4568,1764461501,1764461505,2470,97695,,
0x541743ddec99bbf0f8820c8335b91df920acec1f84499d278b0beac0263ddf89,1764461501,1764461505,2470,97695,,
0x600de5a1d41387e99cd77ca94bd03c118ad95e1baea686764df54e6a1912cf14,1764461501,1764461505,2470,97695,,
0x662a719147d08df6a9bb36824f01c8bb0cbaf7e0cc4d5879c13d9b27b055b53c,1764461501,1764461505,2470,97695,,
0x5ee5a96e8ba074ccc96c0fb298829e5a8ec484721d84f2fdddbea541bccc3339,1764461501,1764461505,2470,97695,,
0x44e1032206fbfb4253b5ee3e47d9ca58fa5d3c68440ee1d56ca006e1552b4a51,1764461501,1764461505,2470,97695,,
0x3f616bb3ba99f3c4c0f272b4a3b1e119ae8542a7846b19b8311c2d98499b3aef,1764461501,1764461505,2470,97695,,
0x838c3ab784a648a8ad71fd83f2f26bbba8d3a94ebbd9a18e5eac6fefab66286c,1764461501,1764461505,2470,97695,,
0x91dc2b2ac737d3528f2c53d3afd0329df3fba297ea3b38a33e1e7f20b752b620,1764461501,1764461505,2470,97695,,
0x5553506f5c5b7ee501a550f707ce45fe0d0a7b517a159f3ad8e8b8865b8ece9e,1764461501,1764461505,2470,97695,,
0x08f330406aa3c408fb602f0f86e7939a800080141f72eafb7f0bf18e6cda6fca,1764461501,1764461505,2470,97695,,
0x6f5fea8d0f62b5b9e6656b43e52a3ccfdbcde3085d9184d96f677ff2972dd9fa,1764461501,1764461505,2470,97695,,
0x612758fc497f869807437c5d2fd7dc1559d3b1bff36ea48f0cf758678c3d96dc,1764461501,1764461505,2470,97695,,
0xb4109d0fe550f6bfe3f0f5a2ab49141b39a1a81589647d924a90675ac181eb0c,1764461501,1764461505,2470,97695,,
0xdd020aa4979a21283b669baaabcdbaf29f3ab4940f48ce8bde3093dedb0f87eb,1764461501,1764461505,2470,97695,,
0x4e2d0f05a1f2ab39352ff0de2779ad4f541400f9c7c80afdca861828696618cb,1764461501,1764461505,2470,97695,,
0xcc2aeba47fa59caa26faa71b33ec79fa96cc0ea3f2734612c69f8c67f57a2027,1764461501,1764461505,2470,97695,,
0x935c8d6995c81094a4c0d5d25b5acefc7115045fde7039a188fdb41037c3df38,1764461501,1764461505,2470,97695,,
0xc07c9b7b47796eddba00baa8b772f8055a77c2612240aa47db9bd20ecac575c6,1764461501,1764461505,2470,97695,,
0xb8fa7b41b1523282c37bfcedcec187088edf3a0faa85316c64583bdd7563ae83,1764461501,1764461505,2470,97695,,
0x284d3f3ec4f2079e45210669b2de4d0335ec39b38876a19d0836223b7ac487d0,1764461501,1764461505,2470,97695,,
0xa8495e1ea4d3fd4cbc8118ff2233dd90ba4573d23bba5ae1a28d34f418a73444,1764461501,1764461505,2470,97695,,
0xeaaa124acb43904e61843b9fb33f808c69423e042a8daa750a5161d4aa5f8183,1764461501,1764461505,2470,97695,,
0xab9169a721c359947b941cda2bc6f25c696d9f2a9a6ffb58ebb08064904cbed6,1764461501,1764461505,2470,97695,,
0x2ea477d7ff4e01f05455a3604a92a0f2a9bbb2e5f3ea162cf14daccf8125d95d,1764461501,1764461505,2470,97695,,
0x0229770e49aa086955b7a9fe3b9d73bcd3b88b01b5f9b4ba1047bfaf764937de,1764461501,1764461505,2470,97695,,
0x24b6292a270859e5673b512bbd2c4e11b55428ed439f1620092d1a3812352bfe,1764461501,1764461505,2470,97695,,
0x14fc05c9bcce7bce9b44b8fdc83250cb23cbdbfae3419c8b8a79c3495b1fd8dd,1764461501,1764461505,2470,97695,,
0x336dfdafc9187eabc9045dd91168239c8e754233e18d0b12391c7f32ca734e6d,1764461501,1764461505,2470,97695,,
0x5080e7d6928345906acaf673fd8d0d78df913c205f0aafefe151717cae7ee84e,1764461501,1764461505,2470,97695,,
0x8686066149004b6d68e0e777f9cd62851f82c4fea1856c9b1f97e68881bbb938,1764461501,1764461505,2470,97695,,
0x2a5a4f506cdaf897949f24bc5517bb1fdccec1a645666cb40a5c6d3864c90927,1764461501,1764461505,2470,97695,,
0xb0593d09be0f47b3b160a5b154430883cbf6fe479819bf2fba1f98d6bcecc94d,1764461501,1764461505,2470,97695,,
0x60c2bf600dbcac425fafb613e9a8caaffc035d8e4f864f7c24c8b40795677139,1764461501,1764461505,2470,97695,,
0x78a0d9a6a11925c72ebeab9c2d1f57fbbb7b4c525082592f0f75814d8b28fc7f,1764461503,1764461505,2470,97695,,
0xec7540b055461a7736af74fc25eb76d731331e5554f2298b8387511ebc11b36e,1764461503,1764461505,2470,97695,,
0x9f7523c6e52f75b1c31a1948bc02907354db18a4ea3b980f4d49d2789a089dab,1764461503,1764461505,2470,97695,,
0xaea8d62ad911e749e5b5473c05a98f0f3833f011e4d12deda27c8a452cacebe5,1764461503,1764461507,2471,108111,,
0xd1c4d5f58dbbeb25cb77d238e30f377d29b908026ed348de38d6acad1a030ad9,1764461503,1764461507,2471,97695,,
0x0ede8023a161cfdfff1aeccf9dd737bf25a24f32f49aae1f1a37e5791823c505,1764461503,1764461507,2471,97695,,
0x3d3b02c63fb4a4074b173f9fc8d45de9097af821f1b044ce16e398c78c0385f8,1764461503,1764461507,2471,97695,,
0x00b2128d25abe311b53f9b7262b48b1bfefcaf3b7c1e6ceb09789d70a39dd448,1764461503,1764461507,2471,97695,,
0x0bb33b43471c76643c6f8d51970d0e802c632ed08dfb9c04e224588c8c6b8fc4,1764461503,1764461507,2471,97695,,
0xcaee5273a546d99573206c9407430c75768a87d06ef9ead38635f05c8dd6d332,1764461503,1764461507,2471,97695,,
0xb12de4b6572135b65bbab8a9ad89746ee75d88bc68e5c4510635b03322f52b98,1764461503,1764461507,2471,97695,,
0x596badd6fed5e13e45bf77d63b346931a918b486a6ed0291511d5ba18f095880,1764461503,1764461507,2471,97695,,
0x8ec5dab87c0a7da34b901a9a0cec6ac8f6fad68885d46f9ba3e7fa2cd4836749,1764461503,1764461507,2471,97695,,
0x003e946dc2bace3feb6cda838c081e16687a5d7779e4d9ab005c4f2a624be5d2,1764461503,1764461507,2471,97695,,
0x719509f44c8796812967fc5d22daa7af143de8ac6b9067c8fd9dbace73240f60,1764461503,1764461507,2471,97695,,
0xdcd68e7bbe4abe3713e9ff039071b555338d5c928b0eee0213bceef81756712a,1764461503,1764461507,2471,97695,,
0x1a012438af27b1a53a90c84d5a49fe6c359118abfeb6a7c4ccd803dab09d9a22,1764461503,1764461507,2471,97695,,
0x46c2e0e2094e8a21b80504b0e22849a389321dad3bffc603364faa5698690421,1764461503,1764461507,2471,97695,,
0x4eb54bb290ad47c2dcd2c84e2549f09e8aa96c49e2e740c9d45b8e9969722ae1,1764461503,1764461507,2471,97695,,
0x2a4d9ac894444ebbfbaec51af391c655f279cc86638c397f31c4cf2ba75d3969,1764461503,1764461507,2471,97695,,
0xc45abcbb5743cda996964150f01833ac5ee2d4cd17fe8bea05f0817c391b45b0,1764461503,1764461507,2471,97695,,
0x7313e618412526a22bf49dc63c6a09eca007b4f2232e72c9399044ac44146c4e,1764461503,1764461507,2471,97695,,
0x4c634775422144e767885ffb9939912f78678c0385089e2918f6bdac77ad7bdd,1764461503,1764461507,2471,97695,,
0x8b21bdb371e2a82e8b0ae51c72b70303c5b17319bea463a3cea1c1f154696089,1764461503,1764461507,2471,97695,,
0xd6f6bf24581c7dfe2e3cd9d154ea3e1e8d2e32c6e3cb8fc5aceddcf6839cc3b9,1764461503,1764461507,2471,97695,,
0xf103b73973e9ebfec7ad2c1a7ea398c6b1be1468351c5d6ae06f1371df46aebf,1764461503,1764461507,2471,97695,,
0x622dc50214a2bb14f387b9d206b468460b515419d3b8ab10dad4a86788d9653b,1764461503,1764461507,2471,97695,,
0xfc96b865d99f0027570df29fd8d5c190d0017e808d62a9a545def513fddab7c1,1764461503,1764461507,2471,97695,,
0x9e7ac0786417b328afb1b30acfaef7d4d568c00d25d8bd8a3583c25fd931239c,1764461503,1764461507,2471,97695,,
0x18ab946b7346ddd63ba74c6ddc54eb3fe8eac047325515bfdc8267a0aa50c3b8,1764461503,1764461507,2471,97695,,
0x92d898d490a6a8d32902a60b8f340186836f394fc26602a16f2372d0087914f6,1764461503,1764461507,2471,97695,,
0xaf3d0ed8e930193db58a95714c89cb931e7253c65027fd7839169a1c5a6624c5,1764461503,1764461507,2471,97695,,
0x96b24235fc0911d7f7b948388aa82c52f8ac9ac9b1c567a3ccdfa269436dbf88,1764461503,1764461507,2471,97695,,
0x6c9c7a3ce0ee8a7eb848672f83d2609fe0de60da1e87d014f410a137ead0d3e5,1764461503,1764461507,2471,97695,,
0x5021a4fbc2a226173d3d1b86b3a087cf892c0d013b1266f9dc7c0710aec97637,1764461503,1764461507,2471,97695,,
0x117ad26b14e5c3920c36fcb42b255347966283e0f5761ddf3d5102f8db8e2420,1764461503,1764461507,2471,97695,,
0x784bcedaf6baa1e4a48914d70404a1db84f6f86ebe7f8fa71a15c970991862f3,1764461503,1764461507,2471,97695,,
0x7b6d48d3e3d3c5d471f573cbcf884564e2ca87f420e275346986720e65bdc19a,1764461503,1764461507,2471,97695,,
0xc6f180683ac2db01c54263d795d1cc83173be06dc2019f7ca3212f5862bc93c3,1764461503,1764461507,2471,97695,,
0xdfeb8e1f26fa6fbe8c81d93f354c79f487b5936cd28be0df67071d4010e4e98a,1764461503,1764461507,2471,97695,,
0x2d946e4e9202bb2e402834a428376d865aac13a9cc74aa8a34281a828e77fd87,1764461503,1764461507,2471,97695,,
0x2839cd2159cf784b72c4831f2761f9fe7d305c9b77a6e34912ea3b41d3bd395e,1764461503,1764461507,2471,97695,,
0x7f0dcdc51f4ea6806a49818c334e2af4fec76d2ca7ceb45df3c4c4f61a49b219,1764461503,1764461507,2471,97695,,
0x8b061c3b5f37dac151ca27d74d87651b50673f6a43904bae6e07b081e1bbc608,1764461503,1764461507,2471,97695,,
0x969ee2ad762fdac8fb48549c550058f5490dcdf04639658c464e2956ea4c0215,1764461503,1764461507,2471,97695,,
0x55f33e18cf9606385cb143131e9b048fbf6a90a34a72657b2bff1f1d91ecf195,1764461503,1764461507,2471,97695,,
0xba1190b80c4e3334800571de8e608f6d520e8605dd550cd686c82f2bfad3f7f3,1764461503,1764461507,2471,97695,,
0x1120fe25f1299c6a4f8f332604ad25178ddcc26db2f6c55f0e26984f7127f742,1764461503,1764461507,2471,97695,,
0x82dc09c07ed5af76d9f986587840736c76c020fb5eea33ff50c884a103d4f53d,1764461503,1764461507,2471,97695,,
0xcd124ec31145782fe84a70f9078c2029e30e8764d1b8df28a8adfeb4eb3827cc,1764461503,1764461507,2471,97695,,
0x901f65c85ac45aa0ce72f2c352ac17dc25ec67c3a2691e5815fec87863c0cc1d,1764461503,1764461507,2471,97695,,
0x4e56d8ec15efeac7f2256c16e97f739c04f459b02a5ff8586b35129991598b4a,1764461503,1764461507,2471,97695,,
0x42fcdc143ba03dcdb3fd1ce78437f110285a036d1f970b91a6611a66259d2cc0,1764461503,1764461507,2471,97695,,
0xcd211e7f0a63618458fecc3eaa0e5f0e7bdd0c13ba09de9d65521061f5c4d3d7,1764461503,1764461507,2471,97695,,
0x281577303ef8676319643d0214ba44ee4876586d6c01d0f0da7f2f5b40736cf6,1764461503,1764461507,2471,97695,,
0x70a278d31164d564644d7634234704459003e06f371c1cb9b3f992027edeb40c,1764461503,1764461507,2471,97695,,
0x159396903064934b26169ec89613931f3ecda127932421d14e1e1255dcd72a91,1764461503,1764461507,2471,97695,,
0x0973d51500f1a84e56e7dbc6822e34f5a1fea5c5a42a60ce33c53303e604cae1,1764461503,1764461507,2471,97695,,
0x7d07c20283c116b0b11c5c60f0260c802dac1ff85761badffa924345495ca9b5,1764461503,1764461507,2471,97695,,
0x8b0689a69109ee8c10ada0e37311006c3efea30d7c89f6841c5fb53f08aab615,1764461503,1764461507,2471,97695,,
0x35a7ba6f0643b7e936b1e8fc0b7592d569a9bb5baa4858f20263c9d480eae50c,1764461503,1764461507,2471,97695,,
0x4cf3fc950ecfe78e5ade23b5bd583325124b8bb43f0909987022ac45dd613205,1764461503,1764461507,2471,97695,,
0x349fc97d264c2cdc7c2da2e98916c818fed55ea7830abca07b5801973412be7b,1764461503,1764461507,2471,97695,,
0x246d8c2b777265b53052b82183e72c0261306e5a5fff5723f495167b56af8bda,1764461503,1764461507,2471,97695,,
0xe97a49fe0965f2f72316fc1bd3c2c43d2c6ba5614516f446d146d3b84e7c9dcc,1764461503,1764461507,2471,97695,,
0x981645f049a4a6285dd39ca4693211ff6b18f8743939c6c74f776969174af876,1764461503,1764461507,2471,97695,,
0x94f6a3e71f5db13b44db12932943429e02b7bd06d7afe2e434a8d9c5b06af4fa,1764461503,1764461507,2471,97695,,
0x32f69da27319a69703eba8d19857551f9ae86585cc81c7ccfa8455a0deb95da1,1764461503,1764461507,2471,97695,,
0xb42fadf09fe59e846dc97cdc277ddd0a8999e152425be83c95103b963c83ba8c,1764461503,1764461507,2471,97695,,
0xf1b8af34e7624673a7b0c2ef99d339b7bfe3d3c82d8823594257275d02eed795,1764461503,1764461507,2471,97695,,
0x9e30049955f36cb46e2639a9f7ffc3499b2b18f61f7c773501be8fb9741c2545,1764461505,1764461509,2472,108111,,
0x05ca3c4d69f18f508ed1c312b239cee62563919c05cd1f54821536bb3969aee9,1764461505,1764461509,2472,97695,,
0x9c411ec20f35ef8da7e7421c2fdcc65612b99a60d8e1256eddd65c4336dc641c,1764461505,1764461509,2472,97695,,
0xa7a91fa7243cf5144cb736ff30d4b4c9ae43225d08b39e3beee287c6a807e55f,1764461505,1764461509,2472,97695,,
0xfb4b43c3847c97e34516a71ad6da0c852b7bdbc0b30cea02f2d00073938c8705,1764461505,1764461509,2472,97695,,
0x98deaed580c712b822f883bd0d7d4ec19c2e58361340f2e35ba5b2c05ec6a4c1,1764461505,1764461509,2472,97695,,
0x3ddd2045f1640d09e4ad00990bd1948295706967faa77e4a9a5b2e7133bf3d9f,1764461505,1764461509,2472,97695,,
0xce29e180846eb196ebe427dfcd979c27b886501133533dbcdee4f431b1281421,1764461505,1764461509,2472,97695,,
0x95f6038ea45e6083e46d66e52e0511829ed6b6d8644b230b270cffb717494e0e,1764461505,1764461509,2472,97695,,
0x581fa32ff3ecbf54a00bc716468a0bafdcd84968f6b7087c7d973eca22409e10,1764461505,1764461509,2472,97695,,
0x2c754e27f32ee8b994bea35a63cc69f717e9ef2310abce3b30dac83cee2a279e,1764461505,1764461509,2472,97695,,
0x6095693c5fe3457772e3b5f08b3b5db225894975396a6663dcb6a0db3b2d370e,1764461505,1764461509,2472,97695,,
0x042a1bc47a9ee9cf8bfec95311dde135ae9cd43429e5093c54602fabc723f0ba,1764461505,1764461509,2472,97695,,
0x026f5587939fbfab6635a069a6d62a145c9f3d23aede715fec4e6e991a10103e,1764461505,1764461509,2472,97695,,
0x617db1b152bde8de4c25ae10c9ef595d7472e1f00f0186a992670a0d3ddd289d,1764461505,1764461509,2472,97695,,
0x381b37332bcd600c030ad178b8e34a58c8d4b44171fb9990bd7178b737fcc1ea,1764461505,1764461509,2472,97695,,
0xd9b587cb2066add18c41e7405dfa2ebfa04ae8ffd918e3f93c1b1356f9e985c8,1764461505,1764461509,2472,97695,,
0x85887b8c9e05cb5269ef2b37adf56924b521208db3b9fc1b56383b5d630bd71f,1764461505,1764461509,2472,97695,,
0x1e4c53d8c6020dd15f4cf43452296140d364e44f5203b5ef43bde3c0ffcc6b1f,1764461505,1764461509,2472,97695,,
0xba84e44e3d382c13d2290a94485e273635df8aca479e48a29e6c71182e08b504,1764461505,1764461509,2472,97695,,
0x77bfb66d90bde411a09a45473f215de6b0efec9c20aae6d9976c9d5d3e0e28cc,1764461505,1764461509,2472,97695,,
0x4c6e96a9c7be892acf6c26c93a670a2d5d74edb382e14ed767a56f8e5e116848,1764461505,1764461509,2472,97695,,
0x67835cdf4010d75b79f7754e3d8c6a3c1c134151232ad53c65d615d534ca7633,1764461505,1764461509,2472,97695,,
0xdf210e04a54d3addcfc0ccaa0b3dc286b198716f8ece3ef9f2111bc98fe08d35,1764461505,1764461509,2472,97695,,
0x398b81b2688b43cf66c165ced9c2f98a70930a3693dabebc2a9f02ccb9193efe,1764461505,1764461509,2472,97695,,
0x5ec9fda8c740fd5209ee4e3275343ac1a1458da1f21c84ab4d92bb4fe51dbd52,1764461505,1764461509,2472,97695,,
0xaaacdd185c25c5361fe12a7eedd5185d2443d8da083749c807ac1f2394a59d02,1764461505,1764461509,2472,97695,,
0xee70c0b1cf39829058cdc57100243ac0c97128d6d452c4edd9693d4408793c20,1764461505,1764461509,2472,97695,,
0x91d4ac9db60ba92fc6c50634aa4ea70a76faf17ce28e4238e5b720dcc3dde278,1764461505,1764461509,2472,97695,,
0xfc74ddbfd65b38f2646b42f0d9da27fb6e7a1d590f5c5e9ae818db0cccde228f,1764461505,1764461509,2472,97695,,
0xe30edbe0ec60048e26aeed651f776c019f5186efbbeed77a9946690acdaae71e,1764461505,1764461509,2472,97695,,
0xdeb5c90eadd3d273bfd7adebd4011bd62e7329d2ba5de349ac12eda8ab262bb6,1764461505,1764461509,2472,97695,,
0x96d4e136b6e802d3ab28949ccad9c8f77eda07bf3c52a883c228e680bc3bedfd,1764461505,1764461509,2472,97695,,
0x74847342ef212503ad6a33429aceead98e83a4c1a5a8de6c4c8666db0d8fb68a,1764461505,1764461509,2472,97695,,
0xb510d55c95c5f63ff701b3cec7a8da4c8e8ad10f9c3c94cb03abf203773fa7b7,1764461505,1764461509,2472,97695,,
0xd1193b82271305fc7db258bfc8aae2dbc24682185c3151c33d80708fed3f58be,1764461505,1764461509,2472,97695,,
0x8d09db08e1924d8682b6d93502ca2b4d5d725c0876643b551073f4ab86214ee9,1764461505,1764461509,2472,97695,,
0x7a5bb952ae53dce1de4aaa5b29814e8427ce8d2e778b7611f3166a2fb4ed4f1e,1764461505,1764461509,2472,97695,,
0x87d240a5f0b387a82cdc53e2603e534275ee54e2a0d920b1e6dfb2db6e7eac34,1764461505,1764461509,2472,97695,,
0xdb3e74bf94aa19aec0f12ed9a326708224abc955b550e0320b81ea3fa52bf9e4,1764461505,1764461509,2472,97695,,
0x6ce2a9ab73cd00eab57d158dbca2407e805e3b80aac6555dad9faaa3ce1ec752,1764461505,1764461509,2472,97695,,
0xabcdf1c444cfa31af2e556401f875461064364f500cda0827d8c8be12cc49e9f,1764461505,1764461509,2472,97695,,
0x316a412d2741e1b9c542aaa73401b60612a2981352cddd3c56325e2210554d40,1764461505,1764461509,2472,97695,,
0x4ebc2a945095203cd9af03dda68630fbac473b845e3b0f7dc8862d28c4b554f9,1764461505,1764461509,2472,97695,,
0xa37b0257a138d63612b34cda8c01ff63e59f2b77ac3028ee7fe7a9a840a89a43,1764461505,1764461509,2472,97695,,
0x4528dd06038ab42d17b83f07361c04262b1d2e54725df84fa0732588f5ce91db,1764461505,1764461509,2472,97695,,
0xc2d92211b237d5be9625a804cdda63ef0cee4fdda31ac2889f1fc159fea5202d,1764461505,1764461509,2472,97695,,
0xb0db58c4f7046feb47ba4b86ef8ba238f51f46260a54b9163907c2a0db6e059a,1764461505,1764461509,2472,97695,,
0x2e1f9fa92d25236a77fdfa1c84f5c6eb06b6a17923184aacbb9a2da5e5decf68,1764461505,1764461509,2472,97695,,
0xe2d46df3361f72dd9493c9684eeb96378fe4acc5a733dc0ab7ecfe1c817d6c20,1764461505,1764461509,2472,97695,,
0xf6aaf58c446c60499878bf910f01b8ef61235d78db923b941716f176eadd8246,1764461505,1764461509,2472,97695,,
0x93d6a653b178950b45b962fcb777fb626bb5551ffeae92f153bb30f741664c59,1764461505,1764461509,2472,97695,,
0xa6ed33cfadc434664a8a258e251d4b6825ffe604a31761a238b4c6f11622e90c,1764461505,1764461509,2472,97695,,
0x97986d0a154eb9037abe9003cd7f6dee88585897b4d2c78bfc5e58f673394f61,1764461505,1764461509,2472,97695,,
0xb06855ebc9ead4e474a46b30061d01b78e9e085ceea915b277b4416d9a40730b,1764461505,1764461509,2472,97695,,
0x04437813547ec9e1d670370c73b19d5e47212f0f831ba1ea3182cdf7347c8abd,1764461505,1764461509,2472,97695,,
0xb657e8382d35165ced1d88cab81da69089da5662af13b6b9a30001467671729f,1764461505,1764461509,2472,97695,,
0xd79d10d4e1aa3bbd441d027f774a1970bedb23c6458d22f922a6bdd24aba19c5,1764461505,1764461509,2472,97695,,
0xd20b33cc0594dad9ff8fe9d6dc5cb31c58958a3c64abacebefb9e5708932e4dd,1764461505,1764461509,2472,97695,,
0x746cc4692afcb99cd9ca71964a96a3f1540ef68cfb4b02f862538ce053070dc1,1764461505,1764461509,2472,97695,,
0xcc8efbb4ab9351c8e924afdcbb07b74d00888ec882e6016a02033b8797ab9fcd,1764461505,1764461509,2472,97695,,
0x43feb4f6260acac5f6e8826eeab3f7da38e37aceb3327ac653cefe9c7004aa63,1764461505,1764461509,2472,97695,,
0xcff48bde8142def528cb9b6450f5c627253a1a3c0abbe2440e459427dc4a593c,1764461505,1764461509,2472,97695,,
0x987f2182a007bbc0384063abe1b191afd3145d6f0da4c729c2c7258829529301,1764461505,1764461509,2472,97695,,
0xb4684a68ead7df096babe2109ac6a8325e72f8a33b110f963f56b07b66ebf155,1764461505,1764461509,2472,97695,,
0xc23c6a91e97468fe936ba1632de6216fa2bb15428ab633c203d0abe1296a2795,1764461505,1764461509,2472,97695,,
0xb91fc01d2c4cc0fbf8af911a820006a0850213ebf1b344c3faef18979a9eabf0,1764461505,1764461509,2472,97695,,
0x06dd629c36e22b70ac4b1a3bf76c1de852aedd0efca35e5ec3ea1465a36f9b5e,1764461505,1764461509,2472,97695,,
0xd5c4d28d6f283b82fb68c71635ee2fc80b7dafb72dad61c1f7c012eb3389d1dd,1764461506,1764461509,2472,97695,,
0xa3b67f6d30009033d4219877c28ef60441a28dfeddbf4236ce64773000c8ad3b,1764461506,1764461509,2472,97695,,
0xb6370c88ca69268f11cae2fbea6374e1f077545e01a327daac9cb9b40596a61e,1764461507,1764461511,2473,108111,,
0x9efb43a7acbb2e5789f8eb43535063c377b5717e2ad620a882b5a0e19088f62b,1764461507,1764461511,2473,97695,,
0x21d1a61bcf0c69c3feea3cf966e8bbfa300bfc6c3367fbfa68fd887d73884128,1764461507,1764461511,2473,97695,,
0xdea29e4900825a0ea733318fd946fdb05436435b5926a73b3301d2c452442b3e,1764461507,1764461511,2473,97695,,
0xbd08d8fcdf161f7e01c028ca15ea932fa4f68d5ed484ce122b04b27a1e43eb2b,1764461507,1764461511,2473,97695,,
0xd55e29374f98fb3ffc50909fe6fa0c201a988fb2063c62bc37ad18ef28284943,1764461507,1764461511,2473,97695,,
0x0e4da89561ef5f2f1b8df85133803a178c4fd6d189178a5b1f0ef68c6f218c88,1764461507,1764461511,2473,97695,,
0x574c35c33d6d094775338491a02c5954e224ccfc2cf694a216829c61ed94176b,1764461507,1764461511,2473,97695,,
0x3003325e25d0cbef710593609db254c56f12a31c2e1697c17988a0dcc6515103,1764461507,1764461511,2473,97695,,
0x3f583bffefacc4d66e6b83a3fbc69c572092a4c282d65fdfac090c075ccf74d6,1764461507,1764461511,2473,97695,,
0xc1c67d1081b32deedb6f5e94f28ac3a5466ecc1fb24ebbd0d134543ab40cbcd7,1764461507,1764461511,2473,97695,,
0x0265eed142da3b24af5350570176aa2ee9f6e31275f02da7a9fa0a31d97ac766,1764461507,1764461511,2473,97695,,
0x5f0ce33192ae39a325efdced511d72bb51e5acec38a2fcbd5e5b33c34bd94a59,1764461507,1764461511,2473,97695,,
0xfab1451ee01365682a1a973398219e1200411e50871f572bf143cebdfbf799ef,1764461507,1764461511,2473,97695,,
0x348b8b2d08cb19654388b605a31e2e46f1714ff20ef8d55b51bd86b1d998c43c,1764461507,1764461511,2473,97695,,
0xe15afaa21dab106fdec1057ed1c1f202d51b9f5b4552258aa8410834870aad1b,1764461507,1764461511,2473,97695,,
0x43234ff2d83cec3ac7e991c3264fedf28cf317821af5322af5e01444cb5f051e,1764461507,1764461511,2473,97695,,
0xb95d9d7128abdecb19af895f758322bb9bc3027b5fda99447cdd01cfa4a5fcd4,1764461507,1764461511,2473,97695,,
0x3ff971f88bd55c02f9e77a85027bc5d7b8ab9ee7ad36ac498299c01f97fea22d,1764461507,1764461511,2473,97695,,
0x7ecd614b0abc656e78d2e9f2988886c1794cca4422724bbfe95f98b9926b21a8,1764461507,1764461511,2473,97695,,
0x0618cbd5b078439cbc1a001f8a5b473153945dfe5d20a2755d1477ded932037c,1764461507,1764461511,2473,97695,,
0xdf674e6fa8b51502c67ae152524f6f25f427ca7ab387d730602fcb4cc1fb527a,1764461507,1764461511,2473,97695,,
0xa9762b4ab9448323b04fb5a39979d684c5211175bd396be6ed9c9ac28170fc61,1764461507,1764461511,2473,97695,,
0x4e62eb903bba3d2807160cd8cb62b919018959544984cd0b2063748cc7ee2396,1764461507,1764461511,2473,97695,,
0xc448b093ce116036f58da81825184bac5b3560435976c518f0ef9597887978b7,1764461507,1764461511,2473,97695,,
0xf03a3d40287750e715e9f7faf37988f986172b8283b06d72834b3aaa9af0f3cb,1764461507,1764461511,2473,97695,,
0x71f768dda39918cfe2ed15a8547b9c04a9230103dd506ddfea7e52f81dcc78b2,1764461507,1764461511,2473,97695,,
0xaf6d0246ec8eaba2382917097250dec18ecd5443ca513ecaad173cb67e17d652,1764461507,1764461511,2473,97695,,
0x019bf3e6d4e526a4c7f5601683f56afc8506e9df2c14bab10b023ae170e19c6e,1764461507,1764461511,2473,97695,,
0x85ad10b689a84b3a038c60e4dc093b4186d3f22fdd91747873705b20a4b7bf43,1764461507,1764461511,2473,97695,,
0xaa7944b062bfbd9a17831f609374fd3b265f909d30054b96f4c964631dca514a,1764461507,1764461511,2473,97695,,
0x7f28d6b90b71834b49a2edda7fa8115e28962bde97e9662b3ce1fbc8862bffad,1764461507,1764461511,2473,97695,,
0x6be1a447c28240bc4717469e0d19296d06947974b72a24680691679acd3c6b22,1764461507,1764461511,2473,97695,,
0x2d43892385b85f4b1485106465d1264d7685630373356b318ec8249619adbd2f,1764461507,1764461511,2473,97695,,
0xfb8f03689655469eef45a685d1f887292b0c3f622b65594d7a0864cc4978d142,1764461507,1764461511,2473,97695,,
0xfd41a61126ba0ec5b077bcaf32a00c54c07fbfeb2fcee73e81c074a61cc3e5e0,1764461507,1764461511,2473,97695,,
0x4ea18dcad74db0ed9021f32b7c5eaa44ef94e74ce34cacfa0f6d829115a9e0f3,1764461507,1764461511,2473,97695,,
0x535b8199143246a47752abd88de9f9e2379e452ea1cffa6d0d6fe5eaa1683847,1764461507,1764461511,2473,97695,,
0xbd5a8294de39145e662ebe6bba8b45fae87062e1fb317fbf04b3e90c32dbda6a,1764461507,1764461511,2473,97695,,
0x92a18a9769d2f28762a0f85a461e2f3d61a696db98f8fdc4b40ad16d8fa1abfb,1764461507,1764461511,2473,97695,,
0x0df738fb72268407ef34db54fb14bdc5f1126c48b0f8cfbc7eb83dc696010914,1764461507,1764461511,2473,97695,,
0xe23421f20f8d8178a0ffbd2d8428dbde49d85eea5c9e4380218eeda75c95b64c,1764461507,1764461511,2473,97695,,
0x938f5128ccd6fc2eb6bdf1081f8a4db0d3cb6fe4bbbd9d5ea0d0f3f8a840e3a4,1764461507,1764461511,2473,97695,,
0x478cd085258783ee1866330090da077f03226ea0121c23e4736657ef07c9b19c,1764461507,1764461511,2473,97695,,
0x2c974c0401c1d7fc8b64dba52403659090e48be8a4280da0e3516ff55c514873,1764461507,1764461511,2473,97695,,
0x9fae86170693c0290c2d5649b4c300d9e55e767d06c039909c99e4fae7133177,1764461507,1764461511,2473,97695,,
0xbc62719be673d793ab9000fc3a7b4fa1f90f5f003ea7eba02009168f4433765c,1764461507,1764461511,2473,97695,,
0x091120f292116587056101c24e1fbe074f27b28095446a0f164c88e5ce361efe,1764461507,1764461511,2473,97695,,
0x9e56e4dff8953a0411c3639fc588f9fe556cd384c364c867e86caf52672621f4,1764461507,1764461511,2473,97695,,
0x8004d03954859c385562d0cec481027c1c82d5ce9dad39dce1fcd9342e431930,1764461507,1764461511,2473,97695,,
0x846828d85b5eb5e8945761a571040da2fc2622bf189dc1203b6d1f90c752e3c4,1764461507,1764461511,2473,97695,,
0x48e1c37c68282a282d9e6a2cefaf0075411ae0af6ebd8091db3e1128873c325a,1764461507,1764461511,2473,97695,,
0x6d422310b6528c8a26734bc7decf7baf5a41d6bf1ffd07bfb4b072d05b1392cf,1764461507,1764461511,2473,97695,,
0x101c36b92891aabc2253b9ee82d1fd82e902dd1b72feda6ae5b2aaf08893125a,1764461507,1764461511,2473,97695,,
0x69ffa8cb77097c448bb5a8dbe8f0bd13add96f3be258955958e0d894af332d9b,1764461507,1764461511,2473,97695,,
0x12423cc9bccb4299a51e024b66a17704a56a0335b19084ca0f9506d1143ffc66,1764461507,1764461511,2473,97695,,
0x06fe8a5953894bcf64f844d69b9b380502f7612ad5fe9b8337cf5815f904321f,1764461507,1764461511,2473,97695,,
0xdebc4ddf850c4fb4572f17c455f8bdf213c12ae93a8c1b7021c999ade96e40f8,1764461507,1764461511,2473,97695,,
0x5861d0295ea3fccc93b79b093f405586a72eda8003a35808c1b8eb302e22cd1c,1764461507,1764461511,2473,97695,,
0x02bbf7241300a51390c1b8ce573b045cfde98fc7908a0462aab78155dec6cd56,1764461507,1764461511,2473,97695,,
0x643e281ed813859cd565af781c14357b90589eb979267467c80697c95cd6ba2d,1764461507,1764461511,2473,97695,,
0x6d4116bc8c1915d7d5dc62dc6454319e2de2f9ea41744eb451cd8034bc798bb8,1764461507,1764461511,2473,97695,,
0x2a74e828c4c5942403f4c764e1957d23b0ccd0e59bffd69d6392770603a52a18,1764461507,1764461511,2473,97695,,
0xb58e835cc4e913d8e5b268009c549b4d8901d6bb1c8f622d1d27312f9ec8e779,1764461507,1764461511,2473,97695,,
0x8973059fdb5cb1da2f59752d10a660c876137a0024fcdb7c807db5afffdaf402,1764461507,1764461511,2473,97695,,
0x2f322e6eec5774eadcf28ca54441231970f2aebd44d5e6684785288c0dd87bae,1764461507,1764461511,2473,97695,,
0x646423c3fcd6a36fb43b6a35417243649f09bc143b2a1ce29d5e0a7f74ebbfa1,1764461508,1764461511,2473,97695,,
0x500b12640726a3fab37709fb5d87bdb21ce6a5b9f43f4e544c68437ad11de16f,1764461508,1764461511,2473,97695,,
0xad3e8a553b9be3318d881bc9a91d70ff16222a5f3fb7581879d6203b6969cd87,1764461508,1764461511,2473,97695,,
0x768c1154ab4c8178168d9b6a1f3f9d26649b2980483b96e7f686c6597756cf94,1764461508,1764461511,2473,97695,,
0x856d4415c491ea9e9e2e5e03354204c952a875022aee6476c53e64362e640970,1764461509,1764461513,2474,108111,,
0xae74bd13476fac69b0d7fdf3657f302ef89c33cb6c19f88ee12db6cf6fa05dc9,1764461509,1764461513,2474,97695,,
0x5fac6f6e2d10c927ef544454f4bd8f69b0cdf1ce5e259d1c55193c9d8d9c5f1d,1764461509,1764461513,2474,97695,,
0x3c7639e14854068624376528a7718e758bc151d692ec4ba1b717d1c8bf7e9d75,1764461509,1764461513,2474,97695,,
0x001e6a7dbf599b10f68cdfff988356290fc0e42c586dea716ba57dc21787fff5,1764461509,1764461513,2474,97695,,
0x0717bdab7235b0ece034f3ad9e1b82cdab3659512d0a405b6f0742ac8d455ab2,1764461509,1764461513,2474,97695,,
0x6c3029468b2e628152409f77abcf25d280c4a3bd2f457867f9ea984a884dc279,1764461509,1764461513,2474,141992,,
0x480df3f9d1c8b4df4e42bcb5ab6d1353fadab25d8dafb25b42db5eaa204c207e,1764461509,1764461513,2474,97376,,
0x2e85b288317c6e62d46237d3cf1c7b3fcc3950a21373b2ce2cfd7ec942d9cfcd,1764461509,1764461513,2474,97376,,
0x90a74bbe7097cd33722fc9512f860a602003111684399bd70f366b2b1b78dad8,1764461509,1764461513,2474,97376,,
0x35bda8d3023a19a9fef7b305cc05ba51fb174f3362862a38e5aa733ea231c965,1764461509,1764461513,2474,97376,,
0x2823129a1490f6b3be0c6a65df8c1b5b78439fd0dbdeee2512162ce35abde005,1764461509,1764461513,2474,97376,,
0x7e17a888eca280ef1ebb76cbf345612eeb4987f35a0137792b114de292f0457a,1764461509,1764461513,2474,97376,,
0x8133a77f83f1ce6d0cd3774f2db195ce93a0bcc17716d29fb4aeb4fd43a7bb23,1764461509,1764461513,2474,97376,,
0x768230f2bc3373e02c3a9db3e6efaf865e2749e350308d32fdf15fab20de7505,1764461509,1764461513,2474,97376,,
0x1af826975122a528772c1c7df7b4e3facc08332cbe3b1258b846eff0a2b89017,1764461509,1764461513,2474,97376,,
0xfcedc9af96912f11ccc841decccb7ed4de0370a8446f2092a198a7f7bd21757c,1764461509,1764461513,2474,97376,,
0x248b2087db8f7168869092ec3d49977818100c67cd4cfb3d8d7a6421887bb130,1764461509,1764461513,2474,97376,,
0x548355b781caf9c1b8bc92a03cdee3fc8ca56f92be106f4f70c8d83881b49469,1764461509,1764461513,2474,97695,,
0x02072ec77eff36b074c47d22382eeb68d3df71d8cfda0d49c5c4d0df7aa27ab6,1764461509,1764461513,2474,97695,,
0x878fdc22ac538ce037aef925448fe4b3535f76b972e4901c35322136d93baedf,1764461509,1764461513,2474,97695,,
0x7a78c6dacd5fb227a2a1e53ccf28eee6ec7e9574b902a4b65890f1dcd64d8506,1764461509,1764461513,2474,97695,,
0x7049c1ff1c4f5da82459a2d3ce3ce36b8f705e242a9f992335d1aa1621599b1c,1764461509,1764461513,2474,97695,,
0xdd27be3b99294b4af5c0352e1b8af40971f0adbd137ca3f89dbd97aca33cf5f5,1764461509,1764461513,2474,97695,,
0x457612162b2b7cbedd141976ede6977b2f4cf2830bd8654d02e8a1bb1548be7a,1764461509,1764461513,2474,97695,,
0x79fafb998851acef991afb73bebf067bb746091427306cceefc17f55383e7b87,1764461509,1764461513,2474,97695,,
0x5b5555b412a642eed4518d99e2cf8af4c8787d412be677a96b2328fcf8c87972,1764461509,1764461513,2474,97695,,
0x539533cb67c7b98026b52704e5685bab9f5026bda8ae9f298108218216e8a05d,1764461509,1764461513,2474,97695,,
0x06c2ae11985a20f237b8a2476bb3dcd1d3ffa1213b46b71f9948bb9531cdd1dc,1764461509,1764461513,2474,97376,,
0x61ab8ef007518692157c6c4b069d047917779e5d411965e0eb6b7f3ca6f8ef5d,1764461509,1764461513,2474,97376,,
0x53cc011857976f5f6ef16a8f1b399e9f56416e3dabe84b226fcd44c30cb32bd1,1764461509,1764461513,2474,97695,,
0x7d1fa819118d2ccbb02cf3c9441d787bd587ef1d2921bca24c62a60ec1a9d632,1764461509,1764461513,2474,97695,,
0x84439c16c07c374d5b9b5775c5b5ad61fa87aaaaab434c5b55803cdf510c9f7f,1764461509,1764461513,2474,97376,,
0x554cb1861fdca3d7f3f7811b408ff961ef74426a3a1b116a381269c9ab692c27,1764461509,1764461513,2474,97376,,
0xcf7b2a47ef77c439c4f2d6cf2bea1feec86b1179507b5d400baf54d84ede21fa,1764461509,1764461513,2474,97376,,
0x0680c00e69793d4bf67dd885ba53d53ea844e85a4fc5524549e58dd0054c9553,1764461509,1764461513,2474,97376,,
0x3a68f7528ca6b740bdcaa5c029c88a3cd7ced3c1a840969efb966c55bdf53efc,1764461509,1764461513,2474,97376,,
0xf8c233f786ac7888538ad987658b0f8637351af4518975a882578d1a7d221c50,1764461509,1764461513,2474,97376,,
0xb5998488e2d5cdf54faab647f1c32f60ffad4f20cfc6c277f7a52cb6160ef3cf,1764461509,1764461513,2474,97376,,
0x03d9e0dff460d3eee5a84b3fbfe025f76f8f7eda77c7078df307c84e0f37c309,1764461509,1764461513,2474,97376,,
0xd9a157f10afe73e21131b70e0eaf96f5714a9caa7c90b952aa293da99023f661,1764461509,1764461513,2474,97376,,
0x7994e47dc1927e2b57e8fe3927622d1f4bec21ae7b875869500586fa29a559ff,1764461509,1764461513,2474,97376,,
0x114dbd051ab64f75af5b78913974979df300c64f0f621a5cbd42f134d68dfdff,1764461509,1764461513,2474,97376,,
0x84412415a44b37aea00f93a164372c1411551299c762f7275f317cf373844d71,1764461509,1764461513,2474,97376,,
0x2805c4694ee40ec89012d488fd72986469a165e94c7ff42ffe0b2c8f1c3e138a,1764461509,1764461513,2474,97376,,
0xdec3d9e96df78d5765110268e4f23a063da98b68270986a3c6a7b46663589cfe,1764461509,1764461513,2474,97376,,
0x882c2d537296fc71d54c8c14548130dad813a44981c5860ab88da0503326d9df,1764461509,1764461513,2474,97376,,
0xab98d52efada78f5a14d2bced337f2991bcbe468c7afb0b78e78ca05fc1b1078,1764461509,1764461513,2474,97376,,
0xce921f1a13f532f79d6a7a2636c30c7fe960eb900610657b3d82e2591b1de679,1764461509,1764461513,2474,97376,,
0x05467d2f9321d4ffb65c004a29a1dc2ddaa0e9bd0df3bb7c6069c751d984fa94,1764461509,1764461513,2474,97695,,
0xd43691b3c69322add7e90906de649aec505cd58b68732d1e43e653224ff8283f,1764461509,1764461513,2474,97695,,
0x5c997249279741d3d1ee0f46825537b1e6d185423a979b1c6d4850fa2e16ad52,1764461509,1764461513,2474,97695,,
0x809636c67dbfc7fa0e01de670cb82a6bcc24c3b24307ccd6e17e0d763a73804d,1764461509,1764461513,2474,97695,,
0x1e73c8ac4ebd16daaf9286f744f6857789f9c5c9bf58086f07dfb300a552626e,1764461509,1764461513,2474,97695,,
0xaec05cdeb0905d28522d8db489735b04f47406dacbc4923e5b33a4d53949b270,1764461509,1764461513,2474,97695,,
0x820a9f733fca71a0cdb3116257b4e470ae042a263b5a3211a8ceea9831a7c8c9,1764461509,1764461513,2474,97376,,
0x4564b74e77a222c4cdecaebe67b5dbe6507af87c4b1868e89b2fec6613b1c30e,1764461509,1764461513,2474,97376,,
0xea66c94f011760274e4120b1802e1a560b09f94ebc98cd9688e75eea0eb5c3f0,1764461509,1764461513,2474,97376,,
0xa354d6223eb6889a5dde208950ea7b9b2f92d1a8402fed28a6334f22e69a43c7,1764461509,1764461513,2474,97376,,
0x6f189ef0f550bf8794e50b278560d29abb0a5b1cee85c23157c50161c70f5d39,1764461509,1764461513,2474,97376,,
0x794aab03e2c9f9743ab5787a4819157519edfa1bbf0551154313ecc320332f74,1764461509,1764461513,2474,97376,,
0x903e29948f2e3138b0faf5c64ea55836d68b3145b36ed8c65905887139be78a3,1764461509,1764461513,2474,97376,,
0x2984ecdfbcb0f4434841ec08211dba382d7665dc8bcdb6524d5694e70c1bcf3d,1764461509,1764461513,2474,97376,,
0xface23f348c4b19155b5855a3e67d6c495ea3c5a2081d9dc08f405e850c1357a,1764461509,1764461513,2474,97376,,
0x2ca41089e9b70bc2667197d883ca0b227ddfacf98a863936b8a666c8b7324a1e,1764461510,1764461513,2474,97376,,
0x74f68763e4396c6fefdf60d27fcd5c2b04ddb310d557bf357b9fcb2ecdbbcb88,1764461510,1764461513,2474,97376,,
0xcebd18613be73326be88b3079ca02f9dc93e08d975c16511cbfd02973340bb4c,1764461510,1764461513,2474,97376,,
0x91977ddb89bb66cd819f81dd9ba4b0b0234454b82127465da0b53d98a5cc07ad,1764461510,1764461513,2474,97376,,
0xa42a4f709b69b8b7aec6d6488df2885d30fc99c7c8840a6aea2e54cc5af086ae,1764461510,1764461513,2474,97376,,
0x710693a77b69b500aa931978bea5e787fb4010a09ecf873ed068b4d88d356d75,1764461510,1764461513,2474,97376,,
0xd89ea9c14bc3061e98b335bdddc88834da206e071380334f9a862f83ba71766e,1764461511,1764461515,2475,107792,,
0xd260346f693abcd26faf9af1b8bb8a49c783cfbfb615aac1855ad934a3dd9236,1764461511,1764461515,2475,97376,,
0x748f1bda4dd0292ff5e72f48a0f6471ee4d9c4edef5899f2bdcb61cec6647232,1764461511,1764461515,2475,51234,,
0x106b11807d16047aec76b736c99f9a72ec4b320bcb7bc4f0d7f10bc5c17a60be,1764461511,1764461515,2475,51234,,
0x9fec80c6c68506afd5975be3a6457812feec312094d3939abffe3fe528f8818e,1764461511,1764461515,2475,51234,,
0xed1fc3e54a5a1b3145f6f8820b7c37f5a5b46bd83c2d2f8334a871a0ec259e66,1764461511,1764461515,2475,51234,,
0x2e352d4eabaada64411463dd46c77d061ef3afc520b07d4204f2dd6776b5e859,1764461511,1764461515,2475,51234,,
0x2cc22353e30fa46f870a9e2c2c50cf2f9909e6597ca9ac87b932ac60ba19d41e,1764461511,1764461515,2475,51234,,
0x47d03df5044c553d5fbd067f04e5450951e0789e84666fa1f268ce2051cad7c7,1764461511,1764461515,2475,51234,,
0xc8249556a074d09b9b9653eacd0c0e48db0d93bc76a57bc950194482ed884d2e,1764461511,1764461515,2475,51234,,
0x3829c41ac14de8d7c2e16f89894d08222b0d39d035de388a6b09ff4359be23cb,1764461511,1764461515,2475,51234,,
0xcb385a52b81ec093052721703c93616002c5ee71d4aa65dcbd5afb065577d44e,1764461511,1764461515,2475,51234,,
0x61d2fef834579ddeeedabe767f9f408dac9c8117d34ce99e640bd0afb9ef3bc0,1764461511,1764461515,2475,51234,,
0xbeccb301488f32c05ef1adaaac071e83031cc171ea82c90dc14c6249d2b6c55c,1764461511,1764461515,2475,51234,,
0xb8f5eb7ca29befea273ef02811a536984e5f18975c740547be46bc6d3a78a45e,1764461511,1764461515,2475,51234,,
0xf557ee1f43fedde18d3870563cfd27f4f725f90117a46def03295525a4e8c9b3,1764461511,1764461515,2475,51234,,
0x4f0d7a9f21db83881b4c5fb2bffb6f482dd8fe9bb55fd70d00380db251c72fbf,1764461511,1764461515,2475,51234,,
0x93e8c1ed4bbec9b860ff7c6a3574772981cd6335b50327fb6f74b6e2c1435df6,1764461511,1764461515,2475,51234,,
0x095567f08dc6739efbfba1960267e3026b6fc0ebe0050a531712c2547d9276d0,1764461511,1764461515,2475,51234,,
0xdf35bdb43f41ce6f90f35f452f567a99d7be82e8d2065ef4a8c77c9b1731c38e,1764461511,1764461515,2475,51234,,
0x91645d28c2351cd83cb9eb46173292f4a0cbaaa5d86c924cd9e9cdc991de32a1,1764461511,1764461515,2475,51234,,
0x1757ca094918e657793d621ed8b5820c53882f715c0745c453995be69c7aab79,1764461511,1764461515,2475,51234,,
0xf877ea4a51bb8e4e7fa65c05868a2a01642510baa940e5e86ab91547b0fa83bd,1764461511,1764461515,2475,51234,,
0xfe0f0ae6ab5f1114d921ebc5cef8e25beab0e2920793cb41f0365c75544245ee,1764461511,1764461515,2475,51234,,
0x1e90c4944fbe72683e4fcb888e368e12b947a9cdc736a0711a48e9a24cf3fe74,1764461511,1764461515,2475,51234,,
0x41cf522579fc87a25b7539f4c3b4a75d3a41d1437c0bc3ce2088faad746d0e62,1764461511,1764461515,2475,51234,,
0xc8869ba52fd3fcc83c3a9948bef8433baed3b02d1b8f88a04bb4acde00bc1d55,1764461511,1764461515,2475,51234,,
0xa4fb14dc5ddbb933c22336c3a41f052aa3686ec42859b66545ff1eea854aeb6b,1764461511,1764461515,2475,51234,,
0xa281e410b2d38bc8a4ca4b223d44e2ebb35c3b4586e29dee6269dacd79173a2a,1764461511,1764461515,2475,51234,,
0xe36be4333ca6260125ea3dc42caa2f3ec2e3cb80c356e2d592ecaab82856fcd0,1764461511,1764461515,2475,51234,,
0x14e6715c770f3b63f295b9953426187362efa0e70ca399105f1947afde2a6ab6,1764461511,1764461515,2475,51234,,
0x3ae323e336fd5be67317d15e67a91307402f6c567c9c835e639db6c065ebb4f5,1764461511,1764461515,2475,51234,,
0xf48d0483b9e0036320a3b322299006c4ff054d0c5b91076b61bb0ac5859a3c7d,1764461511,1764461515,2475,51234,,
0x0c0bfd110bc6cf5e565bdb12a294a9e8bdb5efad7c7ce25b90e3177f2b03eb56,1764461511,1764461515,2475,51234,,
0x81446163f04c198b4df6516c757cca401f83740a9e23c8e29219d792ede8bb90,1764461511,1764461515,2475,51234,,
0xaa2a2b88a8c555b03842b56ab02631d878e8adc095ae204dee5222dd3d4daca4,1764461511,1764461515,2475,51234,,
0x378d84a77e42f7601242b2f8bd6181ba333a2fc38b75a99c0ec0e890c872b01e,1764461511,1764461515,2475,51234,,
0x483ec9d0328484b94220efb32113020f54bc35d2b287747b2f6500c1e5e35c5a,1764461511,1764461515,2475,51234,,
0x7392595093c79a76c3da5878b80fb5f9b01cf17c18d7427b676db49fe7c8cebc,1764461511,1764461515,2475,51234,,
0x18e0bcae485a4af5091c66e87b05d31bffcd40cbcfcea828098753ca75a96d58,1764461511,1764461515,2475,51234,,
0x3e0879ae3f9c816d5e97ccbfc694a80fcf1b8166671365e9a573192727338fb8,1764461511,1764461515,2475,51234,,
0xe3d3d58eb873d32f6975b7c4757e43c2b6d685cf68fe32a18d33f76453493fba,1764461511,1764461515,2475,51234,,
0x4e9bd7e162900144a4eb40cb2a9e1108e4fee4a6aad62c97060802d10a1ae408,1764461511,1764461515,2475,51234,,
0x5c081b6fbba6956a2d3ba0f2cfd557ae17d40e8c411891657805f0213aaa72c4,1764461511,1764461515,2475,51234,,
0x3ffc4c2a2d05bef09ab68725e4c91f8cf85cb7ac1a9f2e4a85b62ee304f297ac,1764461511,1764461515,2475,51234,,
0x37d38d225eada9d7baf1a61159224c197d293c245c4476b4dc9aca50862a758f,1764461511,1764461515,2475,51234,,
0xb29aab924e2fd785bb2bcb42db9511ebbbcdfe943c2c896a0b36aef2799ab48c,1764461511,1764461515,2475,51234,,
0x66c71673d99fbecf63e2494def9f315e9bd70f5f8944b794046f65fecff770a2,1764461511,1764461515,2475,51234,,
0x5126237165cefb89360473f43fe10d415b5b6642503c18b0a7ba3f26846802f8,1764461511,1764461515,2475,51234,,
0x5fe80a63889d8d005f9975c99227029b4f3c0998b22f384ed1353109b136bc96,1764461511,1764461515,2475,51234,,
0x5c60de14ca84855a4f53e3a15172b9ae8c457aa82f92470e54c5171ede80655f,1764461511,1764461515,2475,51234,,
0xad180fb4469ab81d228656ef0217446e0eea144b5bc1ae8b61f6a357ef1ef07e,1764461511,1764461515,2475,51234,,
0x87530c84ab3cd1f7e61c542c5aea8e0ad58074bfe80636bcb6cbba265af058af,1764461511,1764461515,2475,51234,,
0x7252d17f5fa5cb25d2bf9e411d982643c7265469b1d4e0a9592b92090ab04313,1764461511,1764461515,2475,51234,,
0xadcd51f2d5293d9259f4cae379e9b68f93ae172cd83dbdcc9876276478e61ef2,1764461511,1764461515,2475,51234,,
0xbd62e1f881e63e0017de4eb13f5f0ddf45ad20f2e749539df36424ff5fc72755,1764461511,1764461515,2475,51234,,
0x3972839a132e53c58a5dd1f019f90dab04b2ffa0845a9acfc142a8106f879623,1764461511,1764461515,2475,51234,,
0xc3f06e6cff3f4f2296d314ffe67032fe86da8dfab8cd234ab09465981cfc78b1,1764461511,1764461515,2475,51234,,
0x683226bc223c70c510169504da9ade780d7af3ba586b46512c866966edb27cc6,1764461511,1764461515,2475,51234,,
0x613f19469fc3f3a47c686c4f68d73efdf3bbc06b7d76efd094ccba960ed767c1,1764461511,1764461515,2475,51234,,
0x7f557360b7813e181692340b453d7c4b3d36a51eb0a66d7451357bac6252831f,1764461511,1764461515,2475,51234,,
0x7216e9f925bdf2d5a382aef3cb2d46a3866fa66a0b91d07adb3d16dc2c72fe65,1764461511,1764461515,2475,51234,,
0x845320bbba855ce38c22ff3bd11fd662128c3247f92c572a19c2ddb82da0835b,1764461512,1764461515,2475,51234,,
0x72bb9687690508fb71f433d0dcbaac95e7e2fbe9b1cdf641c56efd7372823f73,1764461512,1764461515,2475,51234,,
0x0000d6ebeaeb055f0eb94c34788e0057c54fc9dc464cd1fabc10c10f535ea01c,1764461512,1764461515,2475,51234,,
0x7956702cd1ea5053f9b2f0d95219948d026d827122a3f4e19a9cce3b249691df,1764461512,1764461515,2475,51234,,
0xa21181b21b66e4e8f3192a21132dc6fe7ac7b77518dc2b178015ab4ce98cc20a,1764461512,1764461515,2475,51234,,
0x98e63a7e15f927a0228578b15267ea316b9ebb78a57fb95055765b8ff54740eb,1764461512,1764461515,2475,51234,,
0xd7d5b82b769ccf68edf836bba17805cb0af289e9c4e5dcbd61dfa7d125740971,1764461512,1764461515,2475,51234,,
0xe6ecdbbae5f11602e1d8757a847b9d424360d6d6e2b17ccd1ff8aa1a2d0d1c02,1764461512,1764461515,2475,51234,,
0x1827fdbbb305caebe8a789f575829976011c6886fbba3bf2094471fa28cad163,1764461513,1764461517,2476,51234,,
0xed8442bf9de218596061efd0f408d76c5d70561169102c81d7316cf8299d93ed,1764461513,1764461517,2476,51234,,
0xc19bba20e9663e5a23f8461a2c53e00aba92f314e9ed5838b28d60d4828151a5,1764461513,1764461517,2476,51234,,
0x3783a84543e0f711afb55c7d329e70b58fefbaf25e0f32b97e9ff67168e0a620,1764461513,1764461517,2476,51234,,
0xe018fc6e6a19bcc9adf570aaf25b32e71db29966941b1720e52b2c8f2a6855f9,1764461513,1764461517,2476,51234,,
0x842ed0676099740267afda1752eda1a263caadad3c27faabb6e21fae269964c8,1764461513,1764461517,2476,51234,,
0x1f29aa24bb1e8375d389004b4f93185bc5ed10184f9f6e1723e1535b25550487,1764461513,1764461517,2476,51234,,
0xd2ef01fa46c137a9715de7756dc130bbb374944112560e0fcfe1dfce7874c733,1764461513,1764461517,2476,51234,,
0x7246148fc4c24f605a86341a7ef1dda3351e807761df038819b65119a368944e,1764461513,1764461517,2476,51234,,
0x5ad45757a649c05ffd1a9363411cb833a7b27575f1ad816859c222310a80d4cd,1764461513,1764461517,2476,51234,,
0x1f2eef119e22a2c5366c9874bd4cf886bc02d9b0281ef8e8214fe59e76947bce,1764461513,1764461517,2476,51234,,
0x9b7fbd702eb9cb2a0819c6201a8a2b5cae821d8fd23c8d27c55e95afd14c0cff,1764461513,1764461517,2476,51234,,
0x2a5353ec3ba17d597f6fe9574cf4caa6e414f65714617ac2aca999b683c64029,1764461513,1764461517,2476,51234,,
0x6f8ae3d6d4ed40c41b0febe75b7ff91e250fd6115e98eec3dd74f6d3cd190cd7,1764461513,1764461517,2476,51234,,
0x4bb86fb99bc5c45923b48aad9ff025b01003ae3fe11f1e128eaedd01e03bb9a6,1764461513,1764461517,2476,51234,,
0x76ea4df3631566f3fbc86aff37b80bee55960aac3598e777a17f7dee58598ad1,1764461513,1764461517,2476,51234,,
0xea45f6c3d6467e6ba1afd238fa67abb21819623d68ba2a9eeafb421b9d9909ff,1764461513,1764461517,2476,51234,,
0x5e5365ba29702be7ebf5ca1bd101fc9b919151a7dc6226d521867132c5c0e926,1764461513,1764461517,2476,51234,,
0x753e66ac7a8b822fa398948638f249af986ffd9b4363f9903410c14ee9684f62,1764461513,1764461517,2476,51234,,
0x00c266ea99a8fb76e0c5db929367ac276b44ebe15fbd1af5a6d4935a416778e4,1764461513,1764461517,2476,51234,,
0xe1296c92efbf3a2773fa94bf0861713f87aa6b0fd300f97d8b00b92b64fc025b,1764461513,1764461517,2476,51234,,
0x903fc87bdd4eb9af3aa315b7a46ce0920af8d59bcaec63e03a2c5a0c6ff7a371,1764461513,1764461517,2476,51234,,
0x67417551df8fdb17cb6fd9c8deb5211b12ad2a0114c362652fa508890bff8f04,1764461513,1764461517,2476,51234,,
0xd89e52a8d6a3af5d9b424442576e2de1746e0eefa1cddd9df7c370ecb10a7139,1764461513,1764461517,2476,51234,,
0x40a350a60a4eb4a02ced9a278a0751221ba482ff5bab3a79c9af1870b76c275a,1764461513,1764461517,2476,51234,,
0xbe44e4e1251f6c1e3322ad7965b0d2ac8408f3069b70a33224b46444bc1ec37f,1764461513,1764461517,2476,51234,,
0x83ecd9721b3a246c3447209c3934cbdcdbaf03c2b56506e7c84f0dda3d388be6,1764461513,1764461517,2476,51234,,
0x9cd7be3001150e6f9449bc9429bf13ac4b1be31c450e117fe16a931640ef3743,1764461513,1764461517,2476,51234,,
0x262bc647f1df848cab1c2d98e802b72fc38c5711bd79a47021e29cc44d23449e,1764461513,1764461517,2476,51234,,
0x46fd15b58e05fc4c6fbd05e9f62aa1b2955960e5f199b36ed44e88681adbb208,1764461513,1764461517,2476,51234,,
0x3319b3f42b2c75e388b9c02892a71d606d946231ddd66911cca859868cf4e8d5,1764461513,1764461517,2476,51234,,
0x660eb6f43d5cbfca1e738144c8cf5cd63bd45a6a5aa96f336f19cbeaab4cc987,1764461513,1764461517,2476,51234,,
0xd9cabc1bca316fc4c8751308a6ab54d5f4059bf87a1fd88117116c060263489f,1764461513,1764461517,2476,51234,,
0x01b6524b75eaf139c361a01f24ad76b35fd9f137f38c7ceb8721b3cadba98ad9,1764461513,1764461517,2476,51234,,
0xcaadb042bcbdef1342e4f985f3ac87cfd01f36a62fd37adb9a2361bc3a30b640,1764461513,1764461517,2476,51234,,
0x6dbeeb24d4d707862e13caecc584b2d697534a3716aae7e6276d1509c590cb1f,1764461513,1764461517,2476,51234,,
0xf21ed0721a73770c5bf7812939ab479a4535d418f79ef1097a8912141bcac866,1764461513,1764461517,2476,51234,,
0x068c2480f36512d235986b219336fdc2f71e5497dcb4d0e38e5ccbfd4f65e08a,1764461513,1764461517,2476,51234,,
0x3df74d8d0a0cb7898ebc2337ec6a66e092c2b345e510e7d9fe71ee8de06f4c8b,1764461513,1764461517,2476,51234,,
0x30bf66bf69e2a7d09b9c568c7023dae47063d2f4680310e9523d62db4e460649,1764461513,1764461517,2476,51234,,
0x19d121e8848bb2eb40d480246f7e85829b22e371603c29b47b8e5494684a4fc5,1764461513,1764461517,2476,51234,,
0xc180ef37d9a454986022977c27f3633d216d1f1744ae6a158081827d8eea03aa,1764461513,1764461517,2476,51234,,
0xb25146539f36f146b19ab5d941c774ec5246b5ad85283529f43d55cebd5b5287,1764461513,1764461517,2476,51234,,
0xdfe04dccaa4448167ce7a19f378a51e3bc9435a8e7045f8daff189e1e049a8c9,1764461513,1764461517,2476,51234,,
0x08fa260dfe9c89d2b3cc41262ebb56e98ce0c326d182073dab4cb9cccc59039d,1764461513,1764461517,2476,51234,,
0x03b528300653d0a05fa89088d6261fa80a71fd5a36217bc1e4579f72383b4473,1764461513,1764461517,2476,51234,,
0x98dedcf2f27a3ed119d4741ba1be303d1b8b4701b867af9385bb8aef1915175d,1764461513,1764461517,2476,51234,,
0x55173493753c4a2e7948a84abf35b7d9a91ed02ca361c45fb34e30407abe8ed8,1764461513,1764461517,2476,51234,,
0x722e44abb2b8d0b7d130dd9fe98acefe07ea1c356fcfa9f0fa5c8da58b15f871,1764461513,1764461517,2476,51234,,
0xe14f30b56a1e3b6267fe18c6259d1ee47bf64f3d132e0e4de2fb630e6273f7c1,1764461513,1764461517,2476,51234,,
0x86ce955e5561b1fd948901c90981f6733da8bd8d17540872e8c577d2c52ec881,1764461513,1764461517,2476,51234,,
0xd1922a0bd01a7869af1ae776ec3951a88ede021545cfb5d968b7f70797f72eda,1764461513,1764461517,2476,51234,,
0x4ed1a36f6d725b4f8c0d7cf85fe444e95254ae6fef40996d600a9c3faddf385e,1764461513,1764461517,2476,51234,,
0x53eaf4d1662e43958d70c8a015b530d2aa6337d2e2574ee900fab01412cd3b2f,1764461513,1764461517,2476,51234,,
0xaed27756f0beb25ce3186a1484dda0184b0cbd3657a86d4294a3c9f75187a518,1764461513,1764461517,2476,51234,,
0x951431e4b57f10f94969f542cf8e987bba6ac83fdb5218a81d519351a980bafc,1764461513,1764461517,2476,51234,,
0x7187f6fb3baf01e50ffc6df230769d5aa14f74d103ffd7b86da02c30ca9160a3,1764461513,1764461517,2476,51234,,
0xe48baa90c70e6a8ae4fd353a036dacdb329486f5a0424ccaa511edbae1dbdc35,1764461513,1764461517,2476,51234,,
0x288339da8fcefd42093dfccfa186afe77a5cb31c4c2ceac9205e71e6249f6619,1764461513,1764461517,2476,51234,,
0xef5cfea96a66e3d8a31658f446887383046c54656d67ae0dcfade80a2cfd9f99,1764461513,1764461517,2476,51234,,
0x8ea6af84392acef83137348e6323eca8143e29cdb35fa23b92b5d0d28198e418,1764461514,1764461517,2476,51234,,
0x0acfefcdb807e23d650318ecafa55af85b5c3eebe9b31f9f649999e6a3ad2f1c,1764461514,1764461517,2476,51234,,
0x0ac7ba05e7a4e6e4eec978a33598e8add8e6cadc5e8c564031ffcc0afe3a5a80,1764461514,1764461517,2476,51234,,
0x5374fdb2806483c7d51e007d79bbadba94a1deee93f7c0258d6663251d4c5f84,1764461514,1764461517,2476,51234,,
0x422f4d86abfc1089469f268cf31c65bc4de00f6957b6c93bb8059bd1eb74df49,1764461514,1764461517,2476,51234,,
0xf8bc0690ef3b963fb279a04ce563681cc681024ed6fa707cd6fefbffe0466d5e,1764461514,1764461517,2476,51234,,
0xb9ec33d06bf1262ba2600c4f0f610c85163eb88f6a22e20c8c7d0c2668cdf72c,1764461514,1764461517,2476,51234,,
0x8b93061dfe778f443478a3e55c29d3215ed6ba489ba0c4297e73eac7fc918249,1764461514,1764461517,2476,51234,,
0x59c0876b0c8fd235cbfa77d08e6be4aa457449102863716e0cc01b56c406c6a8,1764461514,1764461517,2476,51234,,
0x7663680fdbaa0ebb984e4f6fd3c0e2df8e12272a8fe1946ac9e6c165ab335f36,1764461514,1764461517,2476,51234,,
0x739903bfba8b649598ed74af05a268aabefaba8b4d74a86275982108331deb65,1764461515,1764461519,2477,51234,,
0x6f1f800dacf8d5081ec30f1233e2fa0458414be675df510b143bc9fd088ae870,1764461515,1764461519,2477,51234,,
0xe5d9e85e1c6f1a88294696621db76001bf431f65ef762ad161bc36b58c4d4971,1764461515,1764461519,2477,51234,,
0x19985a5b55c2db1dac51937e6d34efaec517fb074f90626e930c5015ec6d0f0e,1764461515,1764461519,2477,51234,,
0x14857abff2538d8a0de79b3169d145cd1fcb80b03174f2ea6723bf3412cc7613,1764461515,1764461519,2477,51234,,
0xfb8ee9b74f517ab88019346ed2c7fc8b1c8895fde58c9a81d803cb76c2526011,1764461515,1764461519,2477,51234,,
0x3b8dd4b22389683f9aa0727b67cf323604069f3caf90c795fcbfcd95c9eefbd7,1764461515,1764461519,2477,51234,,
0x998babb8dd5d98f1eff52b280eb7dd278b667f0be2a8ab770be3f620faad0fe3,1764461515,1764461519,2477,51234,,
0x982eabe04a5e71e2aac8deea4b7c82294a715248df49ffec3a1930f9ce0740a7,1764461515,1764461519,2477,51234,,
0xe8a914bf2d01b2fd8cbeb88ecce3b2f77c6b2daa379ea3e9c107fd485de9ea0f,1764461515,1764461519,2477,51234,,
0x921d658e93150555cf4df52d884be5a40fc1cb860889c13c7b5380a8d234fad4,1764461515,1764461519,2477,51234,,
0x2a5411cbeb71e2e70a2e3a708bd7cabdd081209ff6173f519bb62ac9531170d6,1764461515,1764461519,2477,51234,,
0xfec9911ca73487c1d1fc3301c7244708493c813e6e73b9edbdd0ba60f0de5fa9,1764461515,1764461519,2477,51234,,
0x7b608084d3d7961e66e46a464e5204b6f491d06a7f3f7a7a9b80b411bfb19487,1764461515,1764461519,2477,51234,,
0x9ec5bccf654265f7736f531a3ad535e5436e2ccd9c6ec6f0ba96335a2b26be86,1764461515,1764461519,2477,51234,,
0x17f4e62b6ec59ba97c6368daf38e75e8e20bef24b3b40be4ecc1efe1fcbc6a41,1764461515,1764461519,2477,51234,,
0xd66c0f6a7eb2159ae91cb29ede3b7153db66e5fafc22f4bdb69c4d44eeab3feb,1764461515,1764461519,2477,51234,,
0x93ba01a35857b85c534e6443851d13d53ebe538bb9efd1948cc22b5ed5252c8a,1764461515,1764461519,2477,51234,,
0xdd15d1746d017c7f5c75f3abce38f4dcecca2302538f905b6377166acdc098c1,1764461515,1764461519,2477,51234,,
0x47132b48c9aade4e5e346649eea29618802a16e1a43a20d7d19d41f531ca2991,1764461515,1764461519,2477,51234,,
0xfc7ed4b8cc206b1d319f4922dea0f4a7f6a30c4d8d43ac90de7077cf87802a9d,1764461515,1764461519,2477,51234,,
0xbcd57b5b723b8d21a99f40fa4f72f6d25f7ad726dd285109757653478bbc764e,1764461515,1764461519,2477,51234,,
0x5194042f0c52cc49deacd9a97eeb010f1afb0eaf21b55b4a3b40a6b7d4526d76,1764461515,1764461519,2477,51234,,
0xfc4ef5973ff527be497bd7cf356000b2e42d9dada4ac3eca7dd8d194b02618a0,1764461515,1764461519,2477,51234,,
0x922c3e35dd97b8e3b43832836bcb3a07685341a616685ddae94699a275f4ff13,1764461515,1764461519,2477,51234,,
0x585c6daffb3fc687f67edc2bb4de3962f1bece07233a0fe2e6fac515ac99b1fe,1764461515,1764461519,2477,51234,,
0x5eabbfe13a2e7687b52e1888010639a5eb01dbf2bb0d50948e5b77a4d215b648,1764461515,1764461519,2477,51234,,
0x6a97a9508dbd8af0855f4651a4ed75572a1089b0293da923098fc8a928dd8fc4,1764461515,1764461519,2477,51234,,
0x442ca767fa7731101a8834974ecce339f2b0d4ff9cca7432f6310902bb94774c,1764461515,1764461519,2477,51234,,
0x42bedf29e51bad89f19dfa3760624e193bc6fb12a43773cc2ffdc9ca2a607e49,1764461515,1764461519,2477,51234,,
0x1151ddb4b0a1a54648e6cada5e20228011b2163ec5f3e28d4ca79dfb659d037f,1764461515,1764461519,2477,51234,,
0x7d57b912ee723c22eacfad9d2289d42b7254fddafa6ffdcfab42255102ac682d,1764461515,1764461519,2477,51234,,
0x2ef14d3af5c805d8604632afe2dacecba83f35450f979b76232b350feb783cad,1764461515,1764461519,2477,51234,,
0xe18b6101007874266c4c68a1b4353428a940d8da45fd5d11c6b7a08c4a6b90ee,1764461515,1764461519,2477,51234,,
0x680f9429fd3fd481f0f6d9fb4046be7a486f965932d653f6ae0d49972740fb82,1764461515,1764461519,2477,51234,,
0xd020ab47a02c08cff979f0d4e1fdc910426225a9a4f0ba600bb31f12637b8d75,1764461515,1764461519,2477,51234,,
0x9c68de3c57afe3ca924e9301402a1e793c7b0c2178eb7c4b60e77be2006ff747,1764461515,1764461519,2477,51234,,
0xa0463387bade87b0a652beca7742d14fed03d3ad6adc434a49e30e124f156c72,1764461515,1764461519,2477,51234,,
0xf404220bd7c2c9deaff9f49632e3bda4b1c525ab044d963eaa8588783d48bd0c,1764461515,1764461519,2477,51234,,
0xf3814936928e0e6ac7df646eb503503a48e5fe709ef56e1692cba8df95a9e234,1764461515,1764461519,2477,51234,,
0x340cf0f0c0d0dfee3a84538595bff716952680f23e0d5e025da93982ff9a9f9d,1764461515,1764461519,2477,51234,,
0x75a97e0506b33b2676c3211f1b41a3a2890c8d51f3859763a398f4a6b2310b0e,1764461515,1764461519,2477,51234,,
0x90ae3230b39f627327cb1f1bd68173eae0a48b3c06ee10a49424fde035d1b838,1764461515,1764461519,2477,51234,,
0xffb84476436e8dc55d98f979d2a77c0a63fe3e7c352709d56eac09a4c9dc27db,1764461515,1764461519,2477,51234,,
0x320534a1ed76bb6154bc0abcf3906f204b96131ec921b4d4998e8f28ac1350ba,1764461515,1764461519,2477,51234,,
0xcc2a1ab8a34d57fde603ca0bf8a88588416475733455021620f53abeb0506317,1764461515,1764461519,2477,51234,,
0x665925083b75313e19bec9ec0325130c7e33d912fbd845c7b9253755b5779551,1764461515,1764461519,2477,51234,,
0x64c685e0c5e3ce4c7be5dfc1cb5358c59df248ec09a165f784c98317ae57a4ce,1764461515,1764461519,2477,51234,,
0x85a11c4a9b13e099d41bf715473f7cd4eb29baae98bfaa4c9d44f4a9c4ad9ef3,1764461515,1764461519,2477,51234,,
0x3c1303d0904da0a52b0545e1b079c0d39428cd9e511f722048cb9e5b57c04052,1764461515,1764461519,2477,51234,,
0x06d6bb5254823708a796701e6e8b107faf72a8fbef85b53f7e48521cad10d187,1764461515,1764461519,2477,51234,,
0x5c518dee0790a901879959d47566ac36c5761d3f4367eb99d5eced31d871fd0c,1764461515,1764461519,2477,51234,,
0x2d239f1b7edd81ad0753fd4c9b2fb9bf58e72a9a84730f1cce205099ec218fe1,1764461515,1764461519,2477,51234,,
0xf22689decdd4369b963e01ca7852ecb5335916d147775d377e60c63ddcda5224,1764461515,1764461519,2477,51234,,
0x9ac34c8ee340fbbc2b3a0e237fd560949787d7a0994e603c7de4eaffb85847bd,1764461515,1764461519,2477,51234,,
0xbfdf71763aad9d3fadd1dbe71cc482e22fe0c62485e5b39c25a2886fed5d02db,1764461515,1764461519,2477,51234,,
0x42212a3edce5d63ee3fd66fc3727fcb1d2318e71d3908d3fb0071bfec52dbef3,1764461515,1764461519,2477,51234,,
0x57cf9600c22378402f44c9e913d5d4cb736086e22dcccba92d3c73a1074feae1,1764461515,1764461519,2477,51234,,
0x2e5f8abb37f3032d9a388a27954a3c6b2eb21ae88d07fc60a855cd625c4f5582,1764461515,1764461519,2477,51234,,
0x89e918aeda7fcdc61d0cadf402e0442be4d6edc669c3eab61e33d8a208996653,1764461516,1764461519,2477,51234,,
0x214f853fc456757b41dffdf5c30bcb675d5810992cec7359a43dfc765b15f305,1764461516,1764461519,2477,51234,,
0xc55f533704bd48982b5995cb657322b9235156bc0119495816d6212e8c03729e,1764461516,1764461519,2477,51234,,
0x3fe49d81a9e3593d3034fb7d031f6c4bb1d708ac8e150f93219947b8a9ff9e5a,1764461516,1764461519,2477,51234,,
0xfa18584d9a420096614fa9acd60f808a1d9e1cbd7df8f8e258f75303fdf9cbbd,1764461516,1764461519,2477,51234,,
0x6345cf0b327b6d17cecd5063024459b7e3a244a17224520a221b58028fff2810,1764461516,1764461519,2477,51234,,
0x6e095ca89246b86cb36dbd715278566a06d1df876d448e45030a92bb0cc04b2d,1764461516,1764461519,2477,51234,,
0x7021769d561bcd37a737f7b13d2245ceff148dc718592fbb96ccb383574d5861,1764461516,1764461519,2477,51234,,
0xbb6ff2898e50f90215b101e3f42bb1ad91894680b324a0b2eeb731252dbbc416,1764461516,1764461519,2477,51234,,
0x0be79af899665582603d388c404eee654fbbc2c4743af251cb6fe9040c140ff4,1764461516,1764461519,2477,51234,,
0x9f67f620c87f31a264c7dff615af115ce6b88a9ef0f178c0a197df916900f07a,1764461516,1764461519,2477,51234,,
0x4d5020e3267044cca47142770303530cc7db6686d51a3b2ebea9d4359a15a70d,1764461517,1764461521,2478,51234,,
0x11acfd5d8b2aee22f5bdd9aa45a572e432a99fd77c66c97e1e0d5ca4fc424099,1764461517,1764461521,2478,51234,,
0xc11c851876be0eec081bdfeeb5671c077a2e5f81770dba9e1794e57fc1ff38ca,1764461517,1764461521,2478,51234,,
0xa6cd313179fa54bf3c701f7a7970944f10df9659c16b082c5973d1cad5e833a5,1764461517,1764461521,2478,51234,,
0xd4b60d217d2d0f5b8fe9eff921975810e26ce51dd8ea2f60852344358b3db34a,1764461517,1764461521,2478,51234,,
0xc38f44675e644a5bf9425a961a5ae1bf1aa6a7bb255378fe608572aae89e24b3,1764461517,1764461521,2478,51234,,
0xa9e14f996fc82865aef644c50caa2cc835bb60f8467ab12b62bbac5a7d2d4a07,1764461517,1764461521,2478,51234,,
0xd38daa1cf8fd10665e0a6ff1c42052a3326d69636a137ded3e9943d90be08f7f,1764461517,1764461521,2478,51234,,
0x8bc55c0aa12c9e51383ee05ac606b4a0b00f1fef1ce78c0d3e0d591a30c96757,1764461517,1764461521,2478,51234,,
0x89273480c67760b6f4bcaaf97a0fb976cec6ac187cbd07a41a2d2fd1eabfb1bc,1764461517,1764461521,2478,51234,,
0xea53eaee8c2f2188900ad4a83d75d6fa091ad80b7a3b68b23a96e8d92fb40be5,1764461517,1764461521,2478,51234,,
0xf437613616cd6e44158ec8410980a4fcb7d3e42cc8425a7404b60eb8bc26d0e2,1764461517,1764461521,2478,51234,,
0x72a759a51d34e94a3cba5bf2ae0b3e245fa1846a5641d5be9940cea785d7a6d0,1764461517,1764461521,2478,51234,,
0x02dc7d8a8e792fdf1b99f91963df382e2d69a750b3cd2ff159f7e2a6584b8c0d,1764461517,1764461521,2478,51234,,
0xa45a87741bd8699a091275c814b842f9f528da1d0d15093f4a100949db497dad,1764461517,1764461521,2478,51234,,
0x1d542a1226f0555495acc04ca0329c2b56f3eb58e85b9041ba0da2039bf69a6a,1764461517,1764461521,2478,51234,,
0xbe4cf4c897d3c5ca4f33c1bf43c2f0c785c039f034261578db33f5a3d525e4d0,1764461517,1764461521,2478,51234,,
0xadbbf785b98fecbf87b8728bbad63477031904e6cc447ac44583e43ef3fca463,1764461517,1764461521,2478,51234,,
0xdc5cb84059d63667c99fc127ac13eb62fd630eccba1aab852fedc2af2c5148f5,1764461517,1764461521,2478,51234,,
0x5f52331ae2b9e9036052616ef8ce1a0ca645bcece4a1f2e8bf2d565ea0fbf1ee,1764461517,1764461521,2478,51234,,
0x0a7edc7144e0b2cb567ce611cf98b556ce348e3370282d5ad89172ad2c519bb4,1764461517,1764461521,2478,51234,,
0xc68cceb9adb6b7e01302d29bf0fa5bc82a6d173f92323d2b4ab5eb60958b4f81,1764461517,1764461521,2478,51234,,
0x1313cb2838854873283f81bec62f9175099193e3094a456f3e19324ef595a0d3,1764461517,1764461521,2478,51234,,
0xf13028f4bf83a9dea7a0944b410fd2551373f07820bd822fa90c91c5651f1908,1764461517,1764461521,2478,51234,,
0x8534c79366524bce7d92cb992e9ba49ff1516c60f30064ca541fc73e350ffe98,1764461517,1764461521,2478,51234,,
0x9f3cfc5d379c810b40c22b77cce432474322dc8c8c1c5c6bba3490f79f3052d5,1764461517,1764461521,2478,51234,,
0x10f25a0e7b0b553606cef74c8000e06513b41627471e8c7616df57275a085281,1764461517,1764461521,2478,51234,,
0xe8056ebdc544e00d5e8fd888f08fd11ef14403089d99b8114fe8302ab8f2d436,1764461517,1764461521,2478,51234,,
0x745ef07f94d91538d67880294d71055a626716fae4ed736d926d88b9fa70ffca,1764461517,1764461521,2478,51234,,
0xbd024f623a3a5c61e49409ab863098bbb6390dc4724caf38db69e432da020a7a,1764461517,1764461521,2478,51234,,
0x24856a4dc0623104213cc044393ab5b508f898c8180351c8cfc388ed950c2422,1764461517,1764461521,2478,51234,,
0xc88f668f722dea5c53d04a9a27ed1c9d122cf67044528fff7f337c15453ec4ee,1764461517,1764461521,2478,51234,,
0x3956bdc8e6394cf25b76a70556a4b3be2751091fb0c4deb986252f101a77f8cb,1764461517,1764461521,2478,51234,,
0x4034b12d14f75b441898c194ecfb18de4c323c05066d1fec743edd3bf36bca62,1764461517,1764461521,2478,51234,,
0x266b6637e4ce09c29660044cc1681dee893c0285619b39cc8046cf7c9dcd92c8,1764461517,1764461521,2478,51234,,
0x543b5094bca6288bec0210bb5b00f62b41a2221ae75e31c9d3f57f6333474335,1764461517,1764461521,2478,51234,,
0x86d71e5e67756de810df3692a99e35e609ca6adfa3348836271db2894b11bdae,1764461517,1764461521,2478,51234,,
0x6e1656013962e7c55137cfb4e3ea0ed2a46a02e20a3a5a9f06a3e14f5ace0c10,1764461517,1764461521,2478,51234,,
0x7b36efe67b858bd712320eabd0b449f37396eb5809f7f87269291b68e76f4750,1764461517,1764461521,2478,51234,,
0xe90d9a388024c4d6f3e87a619fba09a7254a4044d208c7c3c6ea4ae89ea5f4b7,1764461517,1764461521,2478,51234,,
0x84cfcee272648b20d911f5aed87a1f44eb6b11b64f0f5f4d7e42fa41200d0f35,1764461517,1764461521,2478,51234,,
0x1742f42caaf93adca2dca0072bb2348244594dee63c548abdcd2032aba33ef1c,1764461517,1764461521,2478,51234,,
0x5d28d63b8c20102a2529df8113ba72797255786baafc9acb5a7b72fb17ed2d00,1764461517,1764461521,2478,51234,,
0x3504f952dda8d8f6dbce1b7e0576d21954e6325e9ad849a56069617f633413ef,1764461517,1764461521,2478,51234,,
0x6f3a920e9a2528816e00c66d57aba7009921828411ff27243616e9a9a097315c,1764461517,1764461521,2478,51234,,
0x114346b1a5eef73c594427f6b051a009bb0e0f2f95b8a3da199258e60e4d775a,1764461517,1764461521,2478,51234,,
0x96554d7795b43ec3e267aa69f38e12c11158d02077c92b968567d276c1df6d6a,1764461517,1764461521,2478,51234,,
0x71a6dc61f8d4babac9d174943f54b4e65ba40459b43ebf734a999e0204233eda,1764461517,1764461521,2478,51234,,
0x35fffde2bbcf1e3c89da8e358ef807852aeb0b5951974bc6f2fef285eec86e01,1764461517,1764461521,2478,51234,,
0xc7b283b97d9ed3271f1de78a8c86c69d521742688e2998236ff00a44156bfdc6,1764461517,1764461521,2478,51234,,
0x2490ce9992f38aab59432fb79c6fdf43ce14452862d171b564c0395764625481,1764461517,1764461521,2478,51234,,
0x1eef8022daa8115824168f34ce1fff84e6f3c0d7507213bc9576f208c6e830bd,1764461517,1764461521,2478,51234,,
0x68f4cb9502c56fa698f271e86b7d5e8170b0f6d03903714df8fa667884d6c0f7,1764461517,1764461521,2478,51234,,
0xd84b95269ee77660f87ebff4d5989b5151c81c8fc819c11d3cb1b487cd6a1908,1764461517,1764461521,2478,51234,,
0xb0351220fbdd7f091030034b9944777231aa4e3d817a2cca35526b46c6af3d6d,1764461517,1764461521,2478,51234,,
0xc47171e64d01d2f504866721b1b370d6da6cb4e9c89a1e83a198394ec78652f4,1764461517,1764461521,2478,51234,,
0xf6cdadbce74bcf008555f2f6a2e15de6871a44e3498a5fa795a6f48250a44169,1764461517,1764461521,2478,51234,,
0x105f4ac4611525071dba0a7d97d6c946fe492146d565c45dbeacf3a7b4b54aea,1764461518,1764461521,2478,51234,,
0xeebf7ea9954d66d7342effafcdafe724a10b603aca10c87e630d8975ebd438f4,1764461518,1764461521,2478,51234,,
0x35194d0f8781826f1cd30c44d4b2ce78d37debcec6766d3676ee25cc03fb9505,1764461518,1764461521,2478,51234,,
0xbf57cc2cae0d7ab9561e45029e9a0d12b18b7c739ef4047f61e86ca6fe00ad67,1764461518,1764461521,2478,51234,,
0xe8e22396cf3e257672220b689db9ec3d28367d6423b9c97929dfd28f39660465,1764461518,1764461521,2478,51234,,
0x72382b87d1d9fee76d717e7e1402919930c063ddc865e4a3f4baf1f3ef088f6c,1764461518,1764461521,2478,51234,,
0x62ca43dcba87bc8836c75d690ca2492109abcc621f8e5c8f2caa1a893c557ad1,1764461518,1764461521,2478,51234,,
0x5ee87d57b2ba35f13ee438be3b136bb06a4ccbc9e9d9dfe426aa76689fc14f2d,1764461518,1764461521,2478,51234,,
0x0b2233cb1b991452784ab03146f1883c85af97a02049aadc1823867015de5822,1764461518,1764461521,2478,51234,,
0xaa4c9ba707c05d5531945a0bd65d20342f00032f6fd9c9865095ba8b28b9739d,1764461518,1764461521,2478,51234,,
0x5c72ec2ba41691425e8fa8e4081e0dc94e00140b0f5ba5a1c34ada2f744f580c,1764461518,1764461521,2478,51234,,
0xe332bdd22d4d5f68361d5d8419c05f3967108451cbaee7eba0e1d38426e7057a,1764461518,1764461521,2478,51234,,
0xee82e027600c3167e7d89b36068ef68c3ece46eac4d2c11bc53f1d42cabdd9b7,1764461518,1764461521,2478,51234,,
0x2ef498bb1d75ac427b8cf47661fc1d2ffc78b711d8abb61829cdd28465254c15,1764461519,1764461523,2479,51234,,
0xb0155d12a3af79212b9d22171a7e680dfabfa027aa038659d7745a9c67f1f870,1764461519,1764461523,2479,51234,,
0x08aa87561c950363e7e4d97cb0831bfdc70ae238be9243ace70ed05db450034e,1764461519,1764461523,2479,51234,,
0xb8f2f6a898add34af60f9609d12480088aee59f7565b6296a18062d97007a937,1764461519,1764461523,2479,51234,,
0xa86d8a290fae2720e844b8d131773337aeb9df32b571b1f82aa38a7a4ac9846c,1764461519,1764461523,2479,51234,,
0x5b4b3bcde6711645aba82afbaabcc4350c658ddd8bec668fba20a22c2499acc8,1764461519,1764461523,2479,51234,,
0x493ee3a1aff2d6313be3a302d048fb5700a9d49a78738211ae9acc7ab8bf742c,1764461519,1764461523,2479,51234,,
0x38d50f056d5437cf2b437a5cd13513f494fc757ca0d50df9721fbca4483167cd,1764461519,1764461523,2479,51234,,
0xa34744c76f48b09171846980828bef8aa273a7a7960d1fbbb8ba61d95b69940a,1764461519,1764461523,2479,51234,,
0xa939809faa4569a41cf9c7239118ae88417f0732478843c9f1418a193d4f6496,1764461519,1764461523,2479,51234,,
0x78f1ace765cc4f797b9a1a5a39d799bc6b2bc7cafe51e0fc45bbae177f1f7807,1764461519,1764461523,2479,51234,,
0x2103cc9af8847d57cfad7cb57fe640cdf19fbc6c0660dafeb3dc001e729f6d6e,1764461519,1764461523,2479,51234,,
0xba244f5764e651042c1c4b0ec13d25c4802f435b09a5a36f11e259210f621534,1764461519,1764461523,2479,51234,,
0xa1787f183db1a0a71fe926bcec3e469097b0b5a9220ae7a950ec24ecf7e45e2a,1764461519,1764461523,2479,51234,,
0x02a0eab89a56dbf8ea5c36718030d78f327f04fe87af41e50b0060db9c53da85,1764461519,1764461523,2479,51234,,
0x44f42a154039e70f316dd3e633af8ee6019b5027d5cc41985079d2b7a5efbd70,1764461519,1764461523,2479,51234,,
0xc01a9fd208525d654af5cb5498b125778e07096b4f4b88741a65e4096f6570fb,1764461519,1764461523,2479,51234,,
0x7a8d1460b3f16fbae1221153d93cae00e3fc416fe3736983f73978b6d31a2288,1764461519,1764461523,2479,51234,,
0x89e2f2e7b19138f3ccf98454faceececeaade7c9b9e4fea53fad8324446a7dae,1764461519,1764461523,2479,51234,,
0xead53199c5aba49b5d9fca3bb89076036987fa13aae129c104b59b9eb867afd4,1764461519,1764461523,2479,51234,,
0xf83d3fdbe059ede33b0259ba741547840ce652cc207af0d1eb505b7c11b32be6,1764461519,1764461523,2479,51234,,
0xd76f6fe0826196b385fe4de7f6c790168c2696a9772029e68932ba9e95305789,1764461519,1764461523,2479,51234,,
0x1d42ed219846a788060e203fa9a408d1a6a5a0a0b6272a2ea7d2cf1fa231ef33,1764461519,1764461523,2479,51234,,
0x8f7f4586722b0f63fc5eb05b2fc8587b30c4c5ea8d6dd42968105c72aaea1503,1764461519,1764461523,2479,51234,,
0xf2868d9814e6bbae385517fce9c9d8a31b4c0ac27dd6005fd6a50346f4b06f92,1764461519,1764461523,2479,51234,,
0x22b38ba5951e6ebf5b5e8f9046571e5130e5207ecb3e5e4d94894d9a04e20b5b,1764461519,1764461523,2479,51234,,
0x40b691035c119f2d9d05b9ddb063de25feb3ee2f28a80093096e00df4600a313,1764461519,1764461523,2479,51234,,
0x893e655550fd901f7a0bfe997c7871452bb474957025706efe3f2b680f8d3216,1764461519,1764461523,2479,51234,,
0x170e769f0db68fa5a5777ee9b8ef7a74f2d9a9148e47e57684076dbc9e4d5e0f,1764461519,1764461523,2479,51234,,
0x965958303410faa3c1ce6dc3210c9038c3d6dfa543f88dea7f54596dbd7b35aa,1764461519,1764461523,2479,51234,,
0x0058bf499faaf0107b5068bc0e9e07a1f8b37d2148d441d30bad030e32f88376,1764461519,1764461523,2479,51234,,
0x190193ffd10145c7f45a907bb92f444b8e8e7cd7164cbaa3f5c834dade354587,1764461519,1764461523,2479,51234,,
0x8509a347a83d0734ee9660ef701f2445d11c7c8d959805827f4f55d948094621,1764461519,1764461523,2479,51234,,
0x0f9a7c4b9e7edffded1adead53f7df51adf826b8a2e54269eef7b6095176c7dd,1764461519,1764461523,2479,51234,,
0x9af5745dbc9d50c83fe77053a695980460e277efc0ccecd8d9cd380757bc7739,1764461519,1764461523,2479,51234,,
0x0c6483cb0654bcc4611a6f1d3370657f2b796f078ae25176357cf0a1c112a773,1764461519,1764461523,2479,51234,,
0xa5ee4de84271f5f138ff4381aae18a26639029d3919d8dbeb976adbab48f144c,1764461519,1764461523,2479,51234,,
0xd1beffe5460c6721fe3e3e77ec8f03291e6234e08878d77fab12eba6571692ee,1764461519,1764461523,2479,51234,,
0xdf0a9ad9502d9cab3173f9c8f721b218b17225c6cd60d4cd415c222dcb99f3d7,1764461519,1764461523,2479,51234,,
0x1266b00cd8c9e95630f1ae43ece5af4ea7d2193a92fbdf23eeba7ca19c00dcd0,1764461519,1764461523,2479,51234,,
0xb2d00d7616286a3c96c7c7205a61871bfb055de11451afc006993655d72d7778,1764461519,1764461523,2479,51234,,
0x58f4064318f6d8ee995ceb6dd8e9d46d50457907fcfb234aa103a82e33aa56dd,1764461519,1764461523,2479,51234,,
0xc58167709fb4e99edc3eb169a2dd040392bc4c34de2b1fb77f2c821bd7cc5772,1764461519,1764461523,2479,51234,,
0x6d330355a6fbd14a2c3095b1999089367bc4e66a94e7d2369f98b915aacad363,1764461519,1764461523,2479,51234,,
0xbcf3bf1fbe62156b7322979dc38a8b28c2118df66a003ab28b4f967f38f5f1e2,1764461519,1764461523,2479,51234,,
0x57448467b43ed40617662e128ad865af274fd158300d6486b09934bf25256411,1764461519,1764461523,2479,51234,,
0xce1e2ae9a4d2e0bcf2dc755fe8f82808f99742fa30039c58a52657d847f4c1bf,1764461519,1764461523,2479,51234,,
0x34bf3fa4ca778d9c0a64e3a02fc27ff8cddf39a7bf9605ab8b8eaa7975f88ae5,1764461519,1764461523,2479,51234,,
0xe32f5a7ee666bea99bbd231f6f81a96fdc94a3a60e4391061f35c41a4eae921d,1764461519,1764461523,2479,51234,,
0x7f79fcf80dbb67e3c82b10f61ca5c9c886ce276f5e6e5410b2cc3fbe3b7dfb37,1764461519,1764461523,2479,51234,,
0x8c74a01fbef72b129dd05d4a09f1a7451f18c9c1e42ebbb478ff20f9671bc05f,1764461519,1764461523,2479,51234,,
0x017181ad80f8da0a6858e4ed83b5073612fdaac06839597c60c60162133ab415,1764461519,1764461523,2479,51234,,
0xb26f78c5f799c26bc15110985ab429bc18084c95fa7dca4911693fa82d3515d9,1764461519,1764461523,2479,51234,,
0x6eda8971897f079a72f0b463623eeb4b4c6135cfea2aba1da758bc69264645c7,1764461519,1764461523,2479,51234,,
0x732d604f618977b4b113a916d8e382b5e5837e71f62221b8a96a002d467e63f9,1764461519,1764461523,2479,51234,,
0xc1efd9bae979aa5162e6a360151990c76016eef9e1ce65add602e3e3fced6f86,1764461519,1764461523,2479,51234,,
0xacf540f20db23d9568755075b8e2fddce6ea910594e5e4187f4708f6b005ae77,1764461520,1764461523,2479,51234,,
0x888bcb4747dc7adb58d773244fc1225734343d61d93e375842e434b400dc7577,1764461520,1764461523,2479,51234,,
0xa086b94b7760c258d6f5e6507dd5ca8fec634d582d7035bcb928ca3eefe47f72,1764461520,1764461523,2479,51234,,
0x11c0063730678d3f4138fe8a1f6eebbea72c3d842aa77a6017844fdb7855a7db,1764461520,1764461523,2479,51234,,
0x65869ceec36a7c5670235e7729b9ba131ddd6a7c6d14bae8d684838d56dc84d6,1764461520,1764461523,2479,51234,,
0x96c4b0ae7237a92d8c004eab5e47a31fb27214c99418442dfc8f9ba3854975ca,1764461520,1764461523,2479,51234,,
0xb60a330a1636095937175883cf86e34dc26512f18af725d2863004e5ee3eef9a,1764461520,1764461523,2479,51234,,
0xbddc3659b68be6320c83bb8d402c6a1210bf3da28c3a22db734e02a92a14bf9a,1764461520,1764461523,2479,51234,,
0xf6da1f8fbd6e6d78dd89c320dc96b8391fb116408035d64ebe8b4ff72d1a4fe2,1764461520,1764461523,2479,51234,,
0xc349e23aa6081bce32ba68593acbec5eaeb28f67e90b54dd387310c91d59d6a8,1764461520,1764461523,2479,51234,,
0xe1568d09bb2d09434ba181eda868a5c71dc4c93ed48457fe21d68c5632f4b4cb,1764461520,1764461523,2479,51234,,
0xcbb1859c695ef5ae2f38e881b62cea1ef9f8cb3d46a051e6257e77be043e60f5,1764461520,1764461523,2479,51234,,
0x6b481c23fc527ec56edd60c8e44f28945927162488dca85e354a8b2517f1fd68,1764461520,1764461523,2479,51234,,
0xa29a84af9fa581fd01b15a6ebfc8f129bfe222d60366ee40f703c72a2a251158,1764461520,1764461523,2479,51234,,
0xd16d2470dcbed38e32af0d8178a5dc3ce52a08981a5df0c677ec7b54bfd6ffb7,1764461521,1764461525,2480,51234,,
0xa5b7d66aee3e43688c8fda39a2abaee32effb139e930115c73f0a6d6ed33a8c8,1764461521,1764461525,2480,51234,,
0xbc345c11db86ce4e3956916262416d966f621921045e7609b4ae0b237f8426a9,1764461521,1764461525,2480,51234,,
0xb4f7f61c949d1250219f18f94d5f92ccb30ee3d106f3dd09cc5206c571f38186,1764461521,1764461525,2480,51234,,
0x2217609f66f0582d7f2cb2d0a3794b16d4598814f122598b3e860f24c615080d,1764461521,1764461525,2480,51234,,
0xdc8c83b64dcbac0a8c203c4d33a9ba778fbcd7205bac0bd7a09a0a036f10edf4,1764461521,1764461525,2480,51234,,
0x321b96d8f5e3437c93cdce50145b7396fae14269af3fe56f297b3757c1b7fedc,1764461521,1764461525,2480,51234,,
0x3fedd25a14eb71d96ff57073f4f2d4ce3f817c22e334af0af976df80a25adf6f,1764461521,1764461525,2480,51234,,
0x51d9390cac1b1c4f51fb99cdabe1b39c115cc6b632256abe2ef7b231bead3df9,1764461521,1764461525,2480,51234,,
0xb557709e06816e5524c96bbc9a49b18d4b9a52916bac4ff30e0d94b43febb7fd,1764461521,1764461525,2480,51234,,
0x62dacf5d61b4b589d96ca383c501cc9223e2be4fad161a96b47bc969ba3206b4,1764461521,1764461525,2480,51234,,
0xafb7b9c3ac1b406c0b5d543f6089c2435ae24df00942c2a05922b0cdd6c14e7a,1764461521,1764461525,2480,51234,,
0x47a24ca4ec637c350920c805747f5257c9259b76eeff707471dc9f9a378dd145,1764461521,1764461525,2480,51234,,
0x014a242b20ce05162193d8ac089729f1f39165acd394770a46dcbbb35d921f74,1764461521,1764461525,2480,51234,,
0x72d367f0a6272ad3c594e8dbda374b1371943fbd1cd5d94d3747955c33b652e3,1764461521,1764461525,2480,51234,,
0xdf6bd75d1a797fd97a1efbdf215ed7722333aacd3fe9b27a30a48e43327d95ed,1764461521,1764461525,2480,51234,,
0xaf069b26d2f2d23bd4424d955fc43c064c6cb873224ca9b5f6f2f15be4997d60,1764461521,1764461525,2480,51234,,
0xff291a150cffed58727149e8a41a1b5f908a8b67d3a442c1ced7a69cb4628fe5,1764461521,1764461525,2480,51234,,
0x6a43d00924b1adffe71a54f9f087e9366870b215cb295e7fdb761ec88f73137a,1764461521,1764461525,2480,51234,,
0x6e07e4586f7db0219599f75d94390d489a31266ce681ac62f4f42be52bca29b2,1764461521,1764461525,2480,51234,,
0x540f60783ae58840411d3dcad8c1e36245296bbfdb03663578c8697d05c21f33,1764461521,1764461525,2480,51234,,
0xb7c202b1a7dd1184b6e9aca3c57cc0620cd8b5d610cb9eadfcd9329a382d5e99,1764461521,1764461525,2480,51234,,
0x6e6d67ef93a73961d4964a2892fb9622fcc1b5b74a6f8bb6e2a0febd055e2344,1764461521,1764461525,2480,51234,,
0x00adf7f13577e149e6c81f86113e5b7ce26b3c6d6d0910f84f57c6cd8eb93df3,1764461521,1764461525,2480,51234,,
0xd9b3bcaf3a89eb476485f21ce0953c64932ec10f0a0117e2cd8a620951b7f183,1764461521,1764461525,2480,51234,,
0x34d5dd080185fc865e9cbc83e2372ff33a14bf5b59da61155f6193861115acb9,1764461521,1764461525,2480,51234,,
0x2c6cbca0f6fa190dfdb4838f023410985046f3a2a808268be24fd0625ccef7ca,1764461521,1764461525,2480,51234,,
0x90539c646d7c066b7959db3f8522dc7425cd25a2044734adf6864ff1623dc0a4,1764461521,1764461525,2480,51234,,
0xe4c67325b8d65a2330e9bc4d369785bc2367dcbc796e4d0f03662eba92a45320,1764461521,1764461525,2480,51234,,
0x7d87b5e630c21f4aba590712312e92deebc3d8324eb0bf5c5df993d9523ffaec,1764461521,1764461525,2480,51234,,
0x9b604eaf75ff5f245c9465b112dc24c8e63cbc8a2b022a3c8b56514c422eb615,1764461521,1764461525,2480,51234,,
0x2fdbdad7080256eaa22b3533c09b36858ebb7e0e04ed2d6e93ff2367970fafe5,1764461521,1764461525,2480,51234,,
0x0998423b75ed87d6da3a3a4e9f791c4e73e499088e3b85457745a6101292a9b4,1764461521,1764461525,2480,51234,,
0x9f5393fabf7d192b8d1d4d4fd7e49fe9c47986a409bc4b6164e35809e9b49716,1764461521,1764461525,2480,51234,,
0x430dfd08b9c502cddb8ab9a882dc886d7bbf906fe8ac57cb6a3d799ec701c547,1764461521,1764461525,2480,51234,,
0xe6adabdf7617da8d69c62dbf630e42c90ed29425be1246319b17924702eca81b,1764461521,1764461525,2480,51234,,
0xd70991930880f099f6e14d0b70556ad4e72a6783561aae40964167e5cfaa9544,1764461521,1764461525,2480,51234,,
0xb042f46b5c8d31ffa297044779d261180c51cb3e399c53a7ebb6764594296a37,1764461521,1764461525,2480,51234,,
0xc45a665b35e49d941ed551917f41ed80dd47d6f5610bf200e6476a6276786bfc,1764461521,1764461525,2480,51234,,
0xd0620e53868b25bb6ba71f18ab372949416ea301b0b598521fb7aa3f37b015d5,1764461521,1764461525,2480,51234,,
0x0f43b9adb92213a2f04e615b0d3d53c24fc78f3340a29415cc80ddf1742adbaa,1764461521,1764461525,2480,51234,,
0xffc0f0bbbb1645cf02bece50f2a1544bb42f51aea11705175f917be60bd9344a,1764461521,1764461525,2480,51234,,
0xd724d2c50cba691c14465febd5d871834f0461a1610ba3337cedde1ba57f75bd,1764461521,1764461525,2480,51234,,
0x623b3e4d4603dd469b32679c422a6e1f8acb8f390c24a4a950261107750689b9,1764461521,1764461525,2480,51234,,
0x9df1e5a9eefecff27de1d4fbc1aec6577e2ce93d8155c6e4faba5c3bfe8cbc57,1764461521,1764461525,2480,51234,,
0x38902465853dd5769eec6d539aecf8135ac951dd0bb529881bcdc65fac0dea82,1764461521,1764461525,2480,51234,,
0xc2b004f9c03db6d6642a2ed04ebfcabde8a928b4a3ce71346e9acbd6962a88a6,1764461521,1764461525,2480,51234,,
0xbd883ce25befec5b8d363b9926912610a581dccf75f99eca01cca76db9ee9832,1764461521,1764461525,2480,51234,,
0x545b8386a70492160ef5590503646ea3cd9ac57231f15cc6751e516a6b6453f8,1764461521,1764461525,2480,51234,,
0xb303c8737aea12e44d20965209c4f477c25949ed132711d4d1560eece6098e9f,1764461521,1764461525,2480,51234,,
0x6e5279ab328c186917f60d7e6dc5c44fdceeab8bba2d05a362d32c4cd504fdfa,1764461521,1764461525,2480,51234,,
0x152a463f35a61099857def26ff7fe74c8119c5bc821f08fb476ab2e5dc59c055,1764461521,1764461525,2480,51234,,
0xef19041b19240fb6104cc034a32a569cf4876c26170cecdd032259ea4c8a2e54,1764461521,1764461525,2480,51234,,
0x4da4ae728e5df1ca0bb9c12c7dcd8b76a8aacf481ce8edc669db57814c8489b0,1764461521,1764461525,2480,51234,,
0x4de5e74b154cd711a42444e5eeb2c404f54d5712f7e1c12eddb2bc66ac2f061d,1764461522,1764461525,2480,51234,,
0x6876614a1f796915364999c45385866320610feca86411c02a1e6f9cfbeb26ac,1764461522,1764461525,2480,51234,,
0x50bf844424dfe994a0e1f3cc195d21c23e3e6869156ced2e8be26960925a5e93,1764461522,1764461525,2480,51234,,
0x777cf4fffa99247072d48ef3e0a057d897d9f38c1184d5bf2a4f2cb60d14ba81,1764461522,1764461525,2480,51234,,
0x3788f399328770b3879fbf9bbd862b1359b171f9a6e23dd1951b3139d71c0abc,1764461522,1764461525,2480,51234,,
0x3ce6a520987bd9d5bda5c993a5ed641e4febb6811723c23cf8569468fc5d90b0,1764461522,1764461525,2480,51234,,
0x9e1f1784c2ac39d2da38b8a7dcdd7e311dd81b7a2d02429cd692ea8ed3569aa7,1764461522,1764461525,2480,51234,,
0x5e3a0480e01172c565e8fcf80487e5461f88ff5bf7370a1804f8e1adda11f553,1764461522,1764461525,2480,51234,,
0xdc423a14af9b290b495b1b54c3bd2b75a662475c270e81c9866fb2b50e401ebb,1764461522,1764461525,2480,51234,,
0x962111c5032b19572715c9ab1cec4a656a5d1cb16c5a5b77a398e47529f59bca,1764461522,1764461525,2480,51234,,
0x306f77d8214629d0f90ef0107132b3cbd11a1070b12f8522e52b0d80dead7540,1764461522,1764461525,2480,51234,,
0x37e07fab69572fd07b4ed0d966b8b137a34060fbfd92aafa4fabe8ee58874944,1764461522,1764461525,2480,51234,,
0x8e578b2b705057e9d9b70209a1df92b630d20f5971f9d874cfec242ef3ef0874,1764461522,1764461525,2480,51234,,
0xed8b1735a5221d83bd2e4a26706713c1ae351147ac23c986f19263244d46dfd6,1764461522,1764461525,2480,51234,,
0x0d10c8008819f9483fb83e666aa8588e4edf1fd16984641ee4396586ccc9b8d6,1764461522,1764461525,2480,51234,,
0x03671b7b83875df371c7cfe81bf408787b2d3d26052067a44ef1616ce3ca6f72,1764461522,1764461525,2480,51234,,
0x8596b94a167901dfac98057d48f849af36882b008acbfa358870a2e717902e51,1764461523,1764461527,2481,51234,,
0x20c7c548fcfb9b97544ec4b2d1abd5bfe2764d2c708558335dfbc911de10d336,1764461523,1764461527,2481,51234,,
0x6602344ea825d05beaee97cc76ee93481e6605dea2fdf91abc8fdc150a1376ee,1764461523,1764461527,2481,51234,,
0xa4884148e76d9685cd3e3190f99e9fdfb0cb441ec4522778d37a5490c491535c,1764461523,1764461527,2481,51234,,
0x528f40c08a9457097e89f936c8537a921f4302e32f45cd9d01223943c4bb581e,1764461523,1764461527,2481,51234,,
0x3eb393713be0814a5af9a7a59caa74492966ee937d122bc2393d96cb08e305b2,1764461523,1764461527,2481,51234,,
0x955970bfdc137afe5d833925c01d4c8b113643881a58f95bbb362410a715c5b6,1764461523,1764461527,2481,51234,,
0x7b1b23c2cc6c4c2dacf0e49c6a84cc4f9d7c753ab056cc556607b9c0107e630b,1764461523,1764461527,2481,51234,,
0x8024f438525ed9e5520fc468ad4754f6c843560b2b63321d0f47f29eff92a2fd,1764461523,1764461527,2481,51234,,
0x12674d32b9177504a415e029d25c0cced0adfed33201d2bfa2b36aba649afae0,1764461523,1764461527,2481,51234,,
0x849a0fca0cb179703dc6f1817974646e3227c955811e483a68baef2c5279126b,1764461523,1764461527,2481,51234,,
0x051782807368a49f24218969db649ea5cf17a5c2f363be48a643306aba1a3acd,1764461523,1764461527,2481,51234,,
0x07510a5295139391af0705d85581557f54a817c3611253663d81c7e09fd5e41f,1764461523,1764461527,2481,51234,,
0xf1726524e6509ba44081f2e510b533e09a30e0c44bebce8eb1f24f8ed7321a05,1764461523,1764461527,2481,51234,,
0xf4102b05ec66240d29ccee7c6f999001b2e00563c4c12c12735e023eb4810a42,1764461523,1764461527,2481,51234,,
0x79f4b9419f6b33af8c00b4562dcdd75ec4c959a22f2754bfd0e237be35e69184,1764461523,1764461527,2481,51234,,
0x60429ae21792f90c3c6d8d75aad69fbad4d20841f5a6ae0b762b7b7279b75954,1764461523,1764461527,2481,51234,,
0x73293cc0ef8ae2f8a42a09d445e746c58a23b5fe848e75b2fdc1aafd8b02068c,1764461523,1764461527,2481,51234,,
0x3e2f0cdd2c5a82caef10f9c042eb887d2303632d6eadcd2c2112a029d7f3c7fe,1764461523,1764461527,2481,51234,,
0x98ef241ba4021de695d9545aa52a71f4a4d82c8177936c475a082cce985e36b4,1764461523,1764461527,2481,51234,,
0x31edbc276c5e65a20f104ca4d2f985cf7e0bcb904bc5630cf840ae153edbf93c,1764461523,1764461527,2481,51234,,
0x17d08a37dc8f62054c53fcb3475e85867029ccc44f123667d6150c0be8506a00,1764461523,1764461527,2481,51234,,
0xc6105171eb517b9569eb457fc7c7dfa123b5b95dab24eca216075233cb0f777e,1764461523,1764461527,2481,51234,,
0x9601af30a9d1dc554c01cbfd2df1833ce2afedb45da04a44ab20eabe2c65c0a9,1764461523,1764461527,2481,51234,,
0x8a60f24ddc7303cf85ae6435dba0311a2b9c3901bc32eafe4feb464160e1e717,1764461523,1764461527,2481,51234,,
0x0492c4c31a41ce39efc6f212d10955a60de4aee8194b463460ff924abd318803,1764461523,1764461527,2481,51234,,
0x1128097da64031b6b21d425978e494055500970fff7a0d4e45fca1d67f088694,1764461523,1764461527,2481,51234,,
0x0e90f9a84c3bd753855b1dbbd35da30d420e7b8f79ff385dcf55b9ea0002b2d0,1764461523,1764461527,2481,51234,,
0x41c191e96910a9668c8a466d2dac6bc07bcd0728b59089ff03f963e95f8590d3,1764461523,1764461527,2481,51234,,
0xaec64ea87c1804de108785d7571dc14ba0f3b73a6c62f8577bc256f95896616b,1764461523,1764461527,2481,51234,,
0xf036dc570b2a8f8c1a655ebd568cb632433e4cf0faca2e02ab1de278db31b82a,1764461523,1764461527,2481,51234,,
0x382d9dc6922d788f4bd7d4a8963c83d4ba673905c074130d05a211a9f7c660b4,1764461523,1764461527,2481,51234,,
0xc0111fa37182f2c4a5521ff616dc7da42d012a676ac6fb9d4687a0059fd1e2a7,1764461523,1764461527,2481,51234,,
0x6b8907fbdbbe55ab5c7c052ba32def428ce7b11a72a3cbb46642ce2328773782,1764461523,1764461527,2481,51234,,
0x43bb453d1f55e3b25cf6601630e598f6bb552e7d399b9a90fea6500dcc70ff9b,1764461523,1764461527,2481,51234,,
0xd26caef62b739c8269f3ac9d937c31cc16f546b7274b0c97e6b0d5515d1bc801,1764461523,1764461527,2481,51234,,
0x0507a6906681cc355e9bceb27ebade4afb6c7a0efae0056eb4d5d76a03d1cef7,1764461523,1764461527,2481,51234,,
0xb0844cd81365f9a96fd11cc2d5c381ba03964d8f1eb2445174452ec734d43b56,1764461523,1764461527,2481,51234,,
0xf4e9f18f7005fa8cf76af2a38b280ff32a5b4c14774c5b1821729d0bffbfcdf7,1764461523,1764461527,2481,51234,,
0xbb2c1b37a9975cc5122fa51f25808d92754b9d7237ee8e51c8134ecd38cefcae,1764461523,1764461527,2481,51234,,
0xed488841115a1857f5db921c5949f0d5035fd6752b00b9721ebb28faced17111,1764461523,1764461527,2481,51234,,
0xcc6df1e7bc3f973afc6b2fb90e1094836b604f0d96c27958f1626aec222d5a50,1764461523,1764461527,2481,51234,,
0x3160eb21c838c1730f525b00a163d022e06e538cdec288caae1aa01eca8b9fa1,1764461523,1764461527,2481,51234,,
0xee63e1bd49c43df8c64cd7b012c2ea36521d0b29e085f7df7f6eb92c8f5afe3c,1764461523,1764461527,2481,51234,,
0x028257fce2b35b68586cd0b1bfe5f2b7591b0c2101de3665719ba52cbffd18c1,1764461523,1764461527,2481,51234,,
0xe4d5bfa3dc8758cd6af05dbe2c09b5330d40f14b01381a1b1a5705113bbe96d9,1764461523,1764461527,2481,51234,,
0xdc5a88ee555d27a02079c8bfe06163947eaeeeaae59d960291b2da1931db1cb9,1764461523,1764461527,2481,51234,,
0x091247183e2f5a3ea9242b35f529b2ab37fddc81a0612296814c1da408df857b,1764461523,1764461527,2481,51234,,
0xd51a0b02ebc83b2489079b70cb1fb6cae3ed17971df3fa052b8c8c2e95dc2d40,1764461523,1764461527,2481,51234,,
0x589ea05ae922ef18b7088342951bc3c6928a95a7791c759c589b8f5aee844d51,1764461523,1764461527,2481,51234,,
0xe5e41203f06cc2643d54024a209159423273cd195cac3183888f70bc79cd7c9e,1764461523,1764461527,2481,51234,,
0x37b903cb1b3ada4937b89e8c09d8860d36f3094cec7beb98b39c12f4ba5fe40d,1764461523,1764461527,2481,51234,,
0xda6c2ede78ed327f1ea3493b88076686813cb0790144a0afed5485f95a59be6d,1764461524,1764461527,2481,51234,,
0x911cd81a5960ad29a3bfeb6c6e3cc302e1e02a4ba9fe6e8b8d453d3a95d832b6,1764461524,1764461527,2481,51234,,
0xbf637730a8402bc6fdb72429d9e862b28cd602066c892716fb7a15c30ed1cc41,1764461524,1764461527,2481,51234,,
0xf9032a3e671aec5023d402969a3428d9cf897b1e411b18813146a3e721b08e02,1764461524,1764461527,2481,51234,,
0xb80d6db65dd4787b3aa0d3cc7417f231c8dda06f9e565a091bc55b82dff02fbf,1764461524,1764461527,2481,51234,,
0x5ffca9f8bcde092351609aba2774e7dccb3c9fffe25a1395a5b87ef2c11bf1c7,1764461524,1764461527,2481,51234,,
0x02a4e52961ac7cba732fbd25e1bebd5f75ea46da901d354c1e87b43a6378a082,1764461524,1764461527,2481,51234,,
0x02f1e7569c7343cd6f9e4dc10b48fb5955834eedeed867dd17f1c3c176d04fc5,1764461524,1764461527,2481,51234,,
0xe8538eb371f9828f10e224afdd07621174235e73fbbb76552b5fa199789f75ad,1764461524,1764461527,2481,51234,,
0xf8051dc5407b791565a0c971838f991ac528966b257ede4415965f7ef977fa31,1764461524,1764461527,2481,51234,,
0x5ec1c7fcdc313f493c460eb0dd9bc937ff437d6001ad3211e38d6fadc766f10e,1764461524,1764461527,2481,51234,,
0xc4d012f08fb18d102d6d81a9398fd6d26c7bb978ccd0e843453742f9ba725237,1764461524,1764461527,2481,51234,,
0x5c9a197d9bca502fe4339ac5f90cab656d7b2ad192c6376807a97d3701a2bb07,1764461524,1764461527,2481,51234,,
0x3775a3d05be80f32db5b8da477bdef0d1900acf62b13863b940de60dd2dcca0c,1764461524,1764461527,2481,51234,,
0x5f86c5f5c1caa3603f5917d67bdcb69527dfe83b95746277a907ef2a4c2c9b8c,1764461524,1764461527,2481,51234,,
0x4d18f36e62d6030cc3bdf298e4ca8ccc50b05af68676b2b93bdc68f3ee4d2ca9,1764461524,1764461527,2481,51234,,
0xbb96c8205b13dbf3eabae7dd3b8e95a3e34886ab5f8427f526eb61f2bf758d4d,1764461524,1764461527,2481,51234,,
0x111caed783d6ae6ee0deef480574ffaf51f827b5e868c3da0f0648db2d630c7a,1764461524,1764461527,2481,51234,,
0xa755d1cbb940e3bcc5556390a29a8ca7c243e89c0639d5ebe8402973ae493f31,1764461525,1764461529,2482,51234,,
0x60e8f6a9dace3ab872ea7416a9712c8674e7d21768874682c600d0ddb0372f5e,1764461525,1764461529,2482,51234,,
0x8eeaa5af27f01108a407a1c408d35a7d1b57838fa07bedda7ae552bd6f0cca5c,1764461525,1764461529,2482,51234,,
0x9541abf76ca0d29526af879812d5a5491e0c4b0fad79c60069656727f1cf7126,1764461525,1764461529,2482,51234,,
0x4d8dac13520a1c5b45939d1303db40618b89630a8e4ea5e1637916dd9b84b2dd,1764461525,1764461529,2482,51234,,
0x720957d805ed1aa6544a0ef572ec7272a66daa89c9c5f97a1964b3bfb6d8f25c,1764461525,1764461529,2482,51234,,
0x5183cd8aa96c5849acfbce6192122939579f9638b8ea4a37faa60a96961f470b,1764461525,1764461529,2482,51234,,
0x0b6edbcc67cb758f3ba6c316f3f8e5708129344a1106a34175cbece4aa9f9277,1764461525,1764461529,2482,51234,,
0x6aaf767bbe6714c58d93307609a3b37cfca65c56f292031c21a7606cf810a999,1764461525,1764461529,2482,51234,,
0x2c9e3fabc6efb0d19a18c8643041685cb64fa1ce0917b28c8e9d655a587e8e00,1764461525,1764461529,2482,51234,,
0xdccff8a3a144dff34761cd08b7dcdfb489815e7bb3b10ada9f1e3e1fe8d1a154,1764461525,1764461529,2482,51234,,
0x7f9a22af07ab3ebbcc3b1ced46c8a52e14914054e870f13e5aafc82cc6ff54b4,1764461525,1764461529,2482,51234,,
0x9fa6178bfe75510a986418b52d5aa2cad27e5d22bb77df6434d9a66dce27cbf4,1764461525,1764461529,2482,51234,,
0x7cae597b20d839a870f8dd1c125479bc361b9e7db0b6ffb04c5c22373c1ef167,1764461525,1764461529,2482,51234,,
0x1bf7c9a1a5c5e31194b7293204a7b4b44feaedcb4485a6a77fa200f1efa16ea0,1764461525,1764461529,2482,51234,,
0xc88dda0745032ad6c295f0ee0440e06beb0e456d255c8fc520b64e9e2d4a60a3,1764461525,1764461529,2482,51234,,
0xa0008eb48f84c793b44474d62c4342625dbcb65b9c1624d4d2f7bb0e7eb53481,1764461525,1764461529,2482,51234,,
0xd0841c3bff5d17c228d62f89b376e2a03bf55c95f2ca17565e715f96a989d8c7,1764461525,1764461529,2482,51234,,
0x39ef7e63ba484eb6c167ed66154e6b91f41c1e2b50688c9c9902027b5866ef24,1764461525,1764461529,2482,51234,,
0x39655e557e5bae9a0c39f8856ca29a1432636e0579b693deb1501b94ab6a7371,1764461525,1764461529,2482,51234,,
0x93510388891d91ed51cdeaeed8a935be8c54c780b892b84b4fdba2e3802e1fad,1764461525,1764461529,2482,51234,,
0x529ec2ebac775b67865547b8f18049aaa84192610aa48bf2236471b39ca2307e,1764461525,1764461529,2482,51234,,
0x0553ea40fb539059b6103789458f61de008e0fed6204c073ace98fde1364ea9d,1764461525,1764461529,2482,51234,,
0x7090cd3c02ab7e78b07321b50eb673f9d1a69cf76f6da655a3de67b176cd6a65,1764461525,1764461529,2482,51234,,
0x9a4e39fdae3978014a9a118e0b0c13c22b885205dc8175ddd4d4822824fd48bd,1764461525,1764461529,2482,51234,,
0x7a2847193857f50ae411746da86f5679423a3874254e431d17a1866c961fbc53,1764461525,1764461529,2482,51234,,
0x6188bcb3f5f4b0bd403269647b778f7adaee47c3bacf23dc4bc29a47b68bda2f,1764461525,1764461529,2482,51234,,
0x6b04dd394fbf0fd1d8d92fc5e8ad5af80653e41be104615105032176e2735d3f,1764461525,1764461529,2482,51234,,
0xa010b37431f90c4e57b8325d38367fe03ad39d6cab4cfc83f4317f4959706265,1764461525,1764461529,2482,51234,,
0xf27b43b5a35d474e8aa18cd1deeb4328485aa7f3faf03f8aebd3054e4601dcc3,1764461525,1764461529,2482,51234,,
0x6b8f4313bd966f69e3d740e9d0dbc4614148fd15446a632dfb6c7de434c10096,1764461525,1764461529,2482,51234,,
0x669d2faaff77143689242dbfa55051f118f3cd8c3edb9652a1eb371a2839d0a7,1764461525,1764461529,2482,51234,,
0xeea41f2595e06510c8a9d0544eaebf3f29bd5843eecead083de72da21813bc85,1764461525,1764461529,2482,51234,,
0x1dc4e3a09cbea54b57f34b29b211ff6713f3cd2fe871e8ffe817a4dd3924a6ee,1764461525,1764461529,2482,51234,,
0xd0211f8234c54d3769fae544582cfec7728228eede787725171b1038ab5902fc,1764461525,1764461529,2482,51234,,
0xda5db27219c7fd768365fd302c913ab38ef3b3fb98d371a4c3ba5cd03258dd62,1764461525,1764461529,2482,51234,,
0xc01abb61b7db0d69ad5059bb649d8cb82f794f87d545d85f7204f752552e04e2,1764461525,1764461529,2482,51234,,
0x09eebd22576d32cddb6f4b595221b6ce952948127edb726fd9e4e2ad55c75e7f,1764461525,1764461529,2482,51234,,
0x9e08d325a3f32b98f8d8d73a1e1bebc6622efcd2f40af7579f508dc2ccfcb822,1764461525,1764461529,2482,51234,,
0x3718aaf5f27f3622aa45b1777d2b55112f830801251f105283d91e9b8b597a53,1764461525,1764461529,2482,51234,,
0x42f9b9a10fc2000e95ab86e1d9e1d41ef5345b335ce66b4445e05a3e3274c0fc,1764461525,1764461529,2482,51234,,
0x8535fe56cc95626b6ebb0381689d7c7efd12a8d7681c820da976f68c74f9e0cd,1764461525,1764461529,2482,51234,,
0xe6ac92d4821daa9d2f69438a901943228c2cdc200dad21474e080be58e7be91f,1764461525,1764461529,2482,51234,,
0x2796e45f4470d72577442ab78e24d73f33ce85863d92a62536b3b879037cde4e,1764461525,1764461529,2482,51234,,
0x7fd4b6f4f6e1a6aa62facc0895d3cde4af891eef67c4f8dba8d2ed1a735ce7e3,1764461525,1764461529,2482,51234,,
0x1671348416fe2af5f0d5d8a66416783189667e279d263f209ce5a902dd7b856c,1764461525,1764461529,2482,51234,,
0xe0d3784e86f91f591e1839d506fe1af226f60abb24096d86b54cfe29a0482b44,1764461525,1764461529,2482,51234,,
0xd24cc06a5900818aff28366bf1dfa0f3f43536f1025d61caf9291b2ec273dfd6,1764461525,1764461529,2482,51234,,
0x57edcaf8551e11ebb8b0e576855bca82117f4663dd063b03b5428e03688b6933,1764461525,1764461529,2482,51234,,
0x0c69168d69985918b9786cd8fb188e91d1a56aeb92bd5ce64539b41a98c32e00,1764461525,1764461529,2482,51234,,
0x4d8dee58b19d4d3877124cc760259d055ba29730b317ce7dd2c1d0b5d0cdfa69,1764461525,1764461529,2482,51234,,
0xc103ef33c7d8e5be8f50623f031e473ff208c6c10adbe1b939432b45c0f0c744,1764461526,1764461529,2482,51234,,
0x0a610a7e2cd93ae5e9ff53f3490aec6e56eac5b29221afeecd68b7f085b390a8,1764461526,1764461529,2482,51234,,
0x745db23f5fbc2f9a87bfc75d9a6449228b01661d934980ad3d3f75d1666adbaf,1764461526,1764461529,2482,51234,,
0x23e6dd0bb660961d99b0262c69802b343785e219516fce8e4a42205609017930,1764461526,1764461529,2482,51234,,
0x26fa30f313daea09641968eb0937cb3f09fa75926552d1699f2737a836251ef8,1764461526,1764461529,2482,51234,,
0x3b298c5d32d965039c289736b84bca85a22c45dbc038e78e4d42b66273f1ce9a,1764461526,1764461529,2482,51234,,
0xf183763192d612b1ccfaa3ab5af841c633baa18185ea55597a0ee9b99605c5f5,1764461526,1764461529,2482,51234,,
0x5a8e793d8b344101079338a18c14ab57a3a747660e2b5f07f5e602eefac549c1,1764461526,1764461529,2482,51234,,
0x5256effda827c352e03379f779c087c09fe05530d7bd04c128c21c0d2c5967ca,1764461526,1764461529,2482,51234,,
0xd5d56573c594e70a91a5b189ea489a93ae0711c29d867c080a891299ba314b09,1764461526,1764461529,2482,51234,,
0xdeb388ca6d093ca36d91994fd490d10d86234378b151850b89da187a868b1638,1764461526,1764461529,2482,51234,,
0xcc69503551a1e9ff3848d0bb9361514a8f5fb1b9cb62b9870c92af41515de4e7,1764461526,1764461529,2482,51234,,
0x6f68c9cae9cac7816f3308ff845e62b2e88af74acf9b81e48b45c9b9b2f2e84e,1764461526,1764461529,2482,51234,,
0xeda5dde15de54e50c473eadcda473484b1d646486ecea608544b786d64d866c1,1764461526,1764461529,2482,51234,,
0x6c3402a07897706e2a8bdf786fb995079fc3a88141eaf6b448a5fd5df0abe9a3,1764461526,1764461529,2482,51234,,
0xf8cd4e3585bfcf928f0aae19a97bef35a02e63044abd43e20ccaa8f93b3a01f1,1764461526,1764461529,2482,51234,,
0x23a269910cb062af1467d2e981964b9d4b66506b8b19fd6087ae760252ea8e2b,1764461526,1764461529,2482,51234,,
0x615e17a27076b8d55d379efe93d4ac230e75717f8096b73f79ed701c743baf14,1764461526,1764461529,2482,51234,,
0xf1236e8a4e4018ffba358157a5039c05ddf33cca482d82eaa01e5b639bca6f06,1764461526,1764461529,2482,51234,,
0x43befa234e4ee2cef6d2cadf35b06c7b82b37103f4d61ce95868e44b3e91289f,1764461527,1764461531,2483,51234,,
0x1c9bf007bc3c945b242b363e71c04068cd18455bb1c85a07b440fa15f175a84b,1764461527,1764461531,2483,51234,,
0x40133f0aa6fe29fb840c33bd39690c0fac6d4635f0c8d653f4708ccff3c041ef,1764461527,1764461531,2483,51234,,
0xcca4264f9a6e7db70f6eaac667a09599c41033d3d4e56a87068d29f5edcb5571,1764461527,1764461531,2483,51234,,
0xe5a5f9dae977736147e5bb1cc1c55bc90d8b5206a8317a832172e3a85321f4dc,1764461527,1764461531,2483,51234,,
0x65bf2cd46144908c22e1bcd38d478c4893f749d084700a0d1db5d73e6b49192c,1764461527,1764461531,2483,51234,,
0x0d9e6b3e26bfcd6da3c3ff3c0798f8c38600cad57f9726c4af5320b5e31daa57,1764461527,1764461531,2483,51234,,
0x8a4799cba8acf04beec319070e2b714974f87c22ef9b851aeb51522f676976d1,1764461527,1764461531,2483,51234,,
0xe432f50596dbec47da59368c7c699a0207b2ec2e3cf04d4402ee7f6aec47245a,1764461527,1764461531,2483,51234,,
0x0288799495b8665f1262692cc850f20eb36850cd772a3c1f40b4d926fc6e6a31,1764461527,1764461531,2483,51234,,
0x7016ad4da163c671f7d7b4bb4468baeb035aa7c12adefc24d3ceede9bc9fdb73,1764461527,1764461531,2483,51234,,
0xc6a78680e833bde54e9cbd48206e2f82e54bca9723d151918d519638d6b34257,1764461527,1764461531,2483,51234,,
0x83ea0ba2941c7d4eb6a4b24ee7c8a263fcd9fa4bce763fcdb4b609f28ecb1af5,1764461527,1764461531,2483,51234,,
0xcf5a44c6a1e5f50934038d80504f49d222684f1090dcce019dbe32ef57d4bac5,1764461527,1764461531,2483,51234,,
0x8b3892d6de0e35d89a37f6a86a458cc93c949016b48df3954102652433add16e,1764461527,1764461531,2483,51234,,
0xfda2de6a2bfb5292f03f2d1bd769f15c84bb333de2b81d1ff3ea3a3fb8c8a6ca,1764461527,1764461531,2483,51234,,
0x1f7c5118706adf7de42188fc3e0d12e6fa384fd94cf27d5b481ed7e9b6c9aa2e,1764461527,1764461531,2483,51234,,
0xc5331a5b3a65ce269ad2be79590c3038b2bce31168ecbe95478a5e1b15557019,1764461527,1764461531,2483,51234,,
0xb72eb5d4b84d970ba5f1ad5bf4e6e4c6aa3e2917edd47d3cd4d169e6413d9d4c,1764461527,1764461531,2483,51234,,
0x3f9d40ae82a1bb075396cd55a6034c6a218ef5b65edb7f335dcc728c14cb4253,1764461527,1764461531,2483,51234,,
0x94c52a231084066a344acfb06bcc9df0b710a3513f5c34451d40d26af39327b3,1764461527,1764461531,2483,51234,,
0x85886412b73ea12096bbb53eba01d34f827b762040823ff4e1b2b33a8aa3efd0,1764461527,1764461531,2483,51234,,
0x87112d79dd5269b73a237aee5cfe95c4fd5fe2f831267180ab23800767adbf88,1764461527,1764461531,2483,51234,,
0x0bd01dd0225e53ac7e8be187d533168e3f0a99c386da2ab666b0402bd3ea6412,1764461527,1764461531,2483,51234,,
0x75df136d83fa45941e72efd4d9652feab04b90bd823be9a9a6392e710e505add,1764461527,1764461531,2483,51234,,
0x6bb4e3151942efb2b2a458f193681b05afdfdfd0c178a1b326c199e91b86df4f,1764461527,1764461531,2483,51234,,
0x37d6d12d4b7ddcb1ef4fcea02ea4e09b2202bfbf2857de23220e6f094dc97798,1764461527,1764461531,2483,51234,,
0xf4fd32ef7be18c36bc3b2fb8348fa7ef8efbccffbbe39d12f83e2abf3a6d11bf,1764461527,1764461531,2483,51234,,
0x4f33bc7452b0c031b54cd7363ca29e1c835cecec0a11122b8847c2f9ad2475a7,1764461527,1764461531,2483,51234,,
0x8e3ad940754561ff66f19f9f3c2bd9f830b5f37715b79a36259868abd1ebbfc4,1764461527,1764461531,2483,51234,,
0x37e00b96cabc20543475b97b0d65c38c42c652dfd999a5b1b9e8d42a54848c8d,1764461527,1764461531,2483,51234,,
0x6a867f97009834ea37c75b5b0fc018567589e7027d576b2ecf6e588d4285e568,1764461527,1764461531,2483,51234,,
0x3819bfd01602abc35c18db6e0c42e66cbc9f887d8b6e508fa2dca24b1b763eef,1764461527,1764461531,2483,51234,,
0xcc280ea38ebaa54d7739ee4d278f5396a6ac49c7b0921f85e1def003cbe50ed5,1764461527,1764461531,2483,51234,,
0x2d1c671c2fbc6306782037c6f621caa9f303639b1884adaf60b2efcafb7ed432,1764461527,1764461531,2483,51234,,
0x8ce1bd75010a1fb5edd9d2e6d49452ebfe5e7815d921c80e40753f1660df42a9,1764461527,1764461531,2483,51234,,
0x972d3b6e12bba6248fe430ee9ff03c999059ed9728dd58d8918f4e6f643aa6dc,1764461527,1764461531,2483,51234,,
0x97dc72877305945d68343eb229cff913a06692a578ea7d0f8d726570db54524d,1764461527,1764461531,2483,51234,,
0x18395d2ed9b99744b6caf00ad306ee13d9bf413bf44d74bd707d705fb0b50a7b,1764461527,1764461531,2483,51234,,
0x1637ab480c6c1d844d575b868a004764f98d8d54ba47a1b323da6331ce84f040,1764461527,1764461531,2483,51234,,
0x709fb879cc3e7fc7fd8f8322b990096e20bde9d0e8b858aa65c3a815ced3c4c6,1764461527,1764461531,2483,51234,,
0xcf48a05aefc88bcb98b546e7cd339d1593a4c327b31b9aef1ca0a222e9f6a4c6,1764461527,1764461531,2483,51234,,
0xb9cc3089a6a14938de72c62c54f5d357ad889b6bdd2b245e6c122e77801c722e,1764461527,1764461531,2483,51234,,
0x9c6bca1dec2cd8e92261ecb14f2b0e954461907d916f7a9388a268e38bc1bc42,1764461527,1764461531,2483,51234,,
0x590aad7a5ee726dc41a49aa3505bdc5e372768a279b5ac09f2309c64ac9ccaee,1764461527,1764461531,2483,51234,,
0x2becfa8f6c7ad0a6cc75273503d5d9845feaaccbd3a6c5a5a59665c0e9d0ee2a,1764461527,1764461531,2483,51234,,
0x8e116257821e647831f1d6569b19bc0df4b4a9edd7f54a34d6c99ef3c3cdc216,1764461527,1764461531,2483,51234,,
0xc44c32a001c6496e97fe74ecf984dc2641c1dffa5354d5d1329283d292e396ec,1764461527,1764461531,2483,51234,,
0x4bda4dc58019ef62e1612cdb925fa459096e6842de51ab09333365251813f439,1764461527,1764461531,2483,51234,,
0x631e5a69ae52ebb1cc4b4d17a70c80232ffe2292816be5999bc1d48721e9444f,1764461528,1764461531,2483,51234,,
0x65ad86b2d03dee4f1d83f7f4bdff2f6967d70d51ff8dc969a56e157416151f02,1764461528,1764461531,2483,51234,,
0x5858d7e302b9d579c15ab542b88867992b4bf33311e8124d16b5a7af17a21b89,1764461528,1764461531,2483,51234,,
0xdcd8e938d689c288bc771ed67aa8f9d3def3962c72ee7e8bbe84cd35561bc9c5,1764461528,1764461531,2483,51234,,
0x6e082408bac16602d3d19701c457b75ef33916a4f598d0d85dd88093217f63e7,1764461528,1764461531,2483,51234,,
0xfde38efb316c30fef4ce6899a8085ff3738d90a7ae0c1caadfb7123612cd92c4,1764461528,1764461531,2483,51234,,
0x8c256f93901be2415fdf60b5569b61e3c16b51dcb3cd0dbde39e15b2a1d0db0a,1764461528,1764461531,2483,51234,,
0xeff5ee67d6170f587d027a9556472b890d9b2c9b90aa3a13391d51d2db663c45,1764461528,1764461531,2483,51234,,
0x1d778af18a8d2532103764ccf5c1233eb3794497301ca8e4274ccdb907e77689,1764461528,1764461531,2483,51234,,
0xcaffe16e2986c237fa36b5a344a7006939e3727a69d3180e38878d879df53ec7,1764461528,1764461531,2483,51234,,
0x61f62c6fe8091e4b2ce529e3a3e229fbab8a1643d87e5cfc3b2e984db5175dcc,1764461528,1764461531,2483,51234,,
0x85f45a2458b76953bc9fed6022546c3b9d7a5d4e553c595541f60bd743b199d3,1764461528,1764461531,2483,51234,,
0x51aa126ec941afd2e17048bf928ddcd3b7002adbdd746312bd40828d6bacef21,1764461528,1764461531,2483,51234,,
0xaf33549b67e1868763fd17d0676fcd8585b728bc6c770a643638fb951683239d,1764461528,1764461531,2483,51234,,
0x3d663a37d92fc092a63e8541f551140a052a461a66f2591ae53071a40f4c1cb5,1764461528,1764461531,2483,51234,,
0xbf554cc8e3dc3d17ebc04c1e62ee300f0602bdd073ff0bfe652a71e945d0f8ba,1764461528,1764461531,2483,51234,,
0xf2018ce9499d9b8571c48b2d5ee2aaa0f2a745b3f6771259e77a7fa9ba773de3,1764461528,1764461531,2483,51234,,
0x25e200b3bfec301f8bb0df462520fa7295c7cd50ed3544e6878d744f46372522,1764461528,1764461531,2483,51234,,
0xa7b52e6f704e20fb3d1cc9bc2aa927f1102ebd5d72e4064c0e0f3712d1be0055,1764461528,1764461531,2483,51234,,
0x027e399de67feee92c30e7785532d2d5826a2fef690fd9b9bf130f2fa5941bda,1764461528,1764461531,2483,51234,,
0x9da2c8f7e7130079605276f262aeb72c0f16c48aa4f09401b8843300f8b0aa73,1764461528,1764461531,2483,51234,,
0x0054778c27fc0083c9db68cf5536ad27636437f8e1a0e2d66b436da277926ddd,1764461529,1764461533,2484,51234,,
0xb1d4b052cfcdc04a8f5c42665dcf73c54fa20bf401d3c80bf78dfa71b60026c2,1764461529,1764461533,2484,51234,,
0x428afd6b6fc832ba8fe7fcdbe70a6080085634d4d1ed0789314deb1241787f70,1764461529,1764461533,2484,51234,,
0x0431097f4395f2f3105da70ddc1bffaa5a879e57d880514f3e3ae4c5ae79056c,1764461529,1764461533,2484,51234,,
0x30bedc3aa71a630b24f56cbdc712214577f808ba45967165f932ace5f7772ef9,1764461529,1764461533,2484,51234,,
0xc2efa60f0e89eac9c61671e1a78c8e4c44c7e3e8347c02f1ac9b3224fbd1ea53,1764461529,1764461533,2484,51234,,
0x3f4813ca865bd9e51a4ff5dcccb333df441d7360a363087c9f5164be183e1298,1764461529,1764461533,2484,51234,,
0x3c43d7a7d3334dde3ca069311e56e35f2cac2ef3aeccc4a4b73175768929d514,1764461529,1764461533,2484,51234,,
0x20f730b9a8328415c833a422d6b13f99305c066c7679cbd1831ca721415d0a68,1764461529,1764461533,2484,51234,,
0x303ee71b66a30d1a63e20639c53d8777871d52fe27413fac2eb14180620db266,1764461529,1764461533,2484,51234,,
0x74c3e6a9f0985f6f303ce31ed9cb439110aee011a55644cd047220d7c1c5d093,1764461529,1764461533,2484,51234,,
0x6ea0e707e3c5aab959324cc5952db6f38e7ee208fc076c161a2474a7901b0cd3,1764461529,1764461533,2484,51234,,
0xf98bb872696a7d4110abe9d20581a976860a876c0bee72363da196e2c3bc8a17,1764461529,1764461533,2484,51234,,
0x2cbb77b2f2c99e518664f7e9e1702e07827e6e8eac45163d39a1ab0401200bd3,1764461529,1764461533,2484,51234,,
0x62c2209c293c7ef6993577835292999761e7a0b030cdf5eef93256cd0a4124b3,1764461529,1764461533,2484,51234,,
0x6d898e46fac20eab67e3ffa32161311c2cb2ef1ec31101a5273c330e854e1e69,1764461529,1764461533,2484,51234,,
0xd8d41a61e6f164cc761378d98ef163b35cf1bb7d1e33437269dfbfcb19e6ef15,1764461529,1764461533,2484,51234,,
0xb31a142c1a47626271153d631f3e3ed1b5bdca3ef3cbb0ad78b676a8530d2229,1764461529,1764461533,2484,51234,,
0xabbbc2d9dc694d52156af11749a79d418306b14ea8f383101376fbe697a3f77c,1764461529,1764461533,2484,51234,,
0x30df54fb1322a145ae82f3bfdd991738a61f8e06abdf104e22f375f6269d4a12,1764461529,1764461533,2484,51234,,
0xc7aca525a3bef08936d8ecdd71aaa83e43784b5d10b325fb2074cef428a83117,1764461529,1764461533,2484,51234,,
0x6ce59a69772af6e464d55c4a95f38452d0e08219ecc88db52b74b5f688067f9a,1764461529,1764461533,2484,51234,,
0x6feb5be97a316f526f83164944d00cc51edac947f6c1f4ef91db818e4d2911ca,1764461529,1764461533,2484,51234,,
0x87f3024861141602d654d6fb7d1d2fe35e4bf10ea0ade5c2d5833b7a8af45719,1764461529,1764461533,2484,51234,,
0x61917719e8e12ecb6e27dc9fcdbc5290df3f625d440f3b84a0adaa2af064e4aa,1764461529,1764461533,2484,51234,,
0x944da7dc7f6d6446c7f19164e55c4f7ff8f1367803684ad8d131a45455ad6d37,1764461529,1764461533,2484,51234,,
0x5ebfbefbea05f41e8af3399d28b4937b76e946ac224284a14add25eb5e4168b6,1764461529,1764461533,2484,51234,,
0x4bba799770da26c1ff3d79f0efbf9b47341c48269df980eee08c2481b7d33732,1764461529,1764461533,2484,51234,,
0x189b07cba535d81ea046639040dd33b182c78f90375543a0b3bf37e8f9fa5cd9,1764461529,1764461533,2484,51234,,
0x6c8aa184aa69d346b93e31eb9dafbfe605aa192e415efaa5a512d9cc0cc0d358,1764461529,1764461533,2484,51234,,
0xf5c7943def377b8086dba46c5ff3e40a9b91dcd7ba58526d235e1c0bf79e8f7a,1764461529,1764461533,2484,51234,,
0x0eff1dc73c41e03f64861c645b58e1055a3cfbe20a9e74ff75f5672083188f40,1764461529,1764461533,2484,51234,,
0x60b2fd9ccdfbb41c23f7fe95500fec3a534a1a3d63922e6683655aef15a7948a,1764461529,1764461533,2484,51234,,
0x776df83281f31bf03d714dd6105f631df51239a89cfb08dc91bd18a84fd3d1b8,1764461529,1764461533,2484,51234,,
0x05fa65f3b2286886f3e7c462d152b80dcc3d463c3d9aa91fc81b64cbc5b8cc07,1764461529,1764461533,2484,51234,,
0xa6d09630eb24dbadd098dfca54ce61672dc63d77b2b085fa56d6f3ea0b0478e8,1764461529,1764461533,2484,51234,,
0xd01d55711cfada69bd886f83b8ad47f53ce6cdbd5704be13db44ef56aa7706cd,1764461529,1764461533,2484,51234,,
0x6f505f8f8724b766f8ddc9c4f091c9e870b99d2bbbe99e74024965ed9c78026d,1764461529,1764461533,2484,51234,,
0xd98f3150ee00a2c2616d0147276ba9e5975be9345b8e361120358d66a7451fe4,1764461529,1764461533,2484,51234,,
0xb59cfb8168f541c9717967b5c54623c8fe8dfa48925bfd0e21871fc64b59b9f9,1764461529,1764461533,2484,51234,,
0x9022808ab9b2022ad0237bd80687f4862cc6216063e1ac51ac7bca246ca9f43e,1764461529,1764461533,2484,51234,,
0x3d6b66e72d534db3be535d8a285758bf964d4dd19e53b54100c8ef042b6046f2,1764461529,1764461533,2484,51234,,
0xdf4fbf23efddddfdfd4e33044e1815d588b7c01965ec22a99dcdd45247cbcf55,1764461529,1764461533,2484,51234,,
0xacfc41ee8826c4ec260d2840e2906b0b165b8e36d56c50bdee8053bfc705b893,1764461529,1764461533,2484,51234,,
0xc497f2e8607eaf48e80c9d85d413af8effa09234a02a4273317f70bb77647732,1764461529,1764461533,2484,51234,,
0xc0433cb733c6b8d79071671e7026e726c326a634ef0e6dd94df59320b4c702f7,1764461529,1764461533,2484,51234,,
0xe670a021d188a172dea05874bf901c894bb3add0509601439bac944af09d3848,1764461529,1764461533,2484,51234,,
0x3c6249f1da1b1af4fc27d9e116c01fad766ddbe891c560351e8f6a396b908cb0,1764461530,1764461533,2484,51234,,
0xe262bc4b31fa5392b2d633f30522ac09bc08bd44dfac848453a43bc99f25a25f,1764461530,1764461533,2484,51234,,
0x2de535c7ffd834dcd93464b61d28e17aeb927e7aba08f0ddcb4a495851ffa04d,1764461530,1764461533,2484,51234,,
0x4163e226f8944676f5888e125d21d950208bc7448af29621e9be324cb1749e36,1764461530,1764461533,2484,51234,,
0xe40d5357635821be4512a7f72d0eac6228d0663ec5e5d79686b719ce0aba9e57,1764461530,1764461533,2484,51234,,
0x54158bbe40efd62cf0a3e493792e3f1e63596feddc7645e8af50f0f1892eeb89,1764461530,1764461533,2484,51234,,
0x7d9722c62c9ed547384c76b06dac50e32edcffedcc1ac2bdeb714ae92721dafa,1764461530,1764461533,2484,51234,,
0x8ffbc362ce286860531057a341c8d403452a4ae735da505b5deb61989018e555,1764461530,1764461533,2484,51234,,
0x343ac0a5a026ecee9663baec2e2452352bb989e6229fd7297425b8f325d2c955,1764461530,1764461533,2484,51234,,
0x134f0a80ec8609e3b00c4914087e62a30b7c529ea68046bdac5f1fe423c9ddff,1764461530,1764461533,2484,51234,,
0x2861369a047dcdc06a69a43ba0ed4bc69b0648c00e69f34fe0b3603611475b8f,1764461530,1764461533,2484,51234,,
0x376ac61827b3d5318694a73c79e6f300f01afca30ca3c6420b15591664ab708c,1764461530,1764461533,2484,51234,,
0xe4c319ccdfeea0c9a7bf68e37af16cd2002cc5acb7f24aea9c297b652506da93,1764461530,1764461533,2484,51234,,
0x2c264ce4838a999ed03f40fb3a70f17598dca924374afc77a163c78dd1192c18,1764461530,1764461533,2484,51234,,
0xdd0c0f75ba09d49aef5606980df2735ecf6d8ab515d7316c4f33c87be327d20a,1764461530,1764461533,2484,51234,,
0xc5a2e7b70dfc7730ef1fe6dc1a3ecc2e88e414e49b6433c6dc62f95cae2aa8ae,1764461530,1764461533,2484,51234,,
0xcc1e32bc71d19948738db242748a8260e87ed7bb7cb43a9d37a6e5555372ac70,1764461530,1764461533,2484,51234,,
0x4520a45d860edfa0454126919ee8d4a6ca2069792e610bce710dcb721d87d0dc,1764461530,1764461533,2484,51234,,
0x73bde9bac473eaad361da48549d0b6308ddd85ed96c1babab87812d5e4f232e7,1764461530,1764461533,2484,51234,,
0x0679f0ac26aad1e124088d31342fdaccb0c95d68590fe0677942e7cff4457dc9,1764461530,1764461533,2484,51234,,
0xf2e2584b866e8a6d023005fa3d4a9df979fb375fd77ea5e895a34c05ad820303,1764461530,1764461533,2484,51234,,
0x442f0b502fa578a5a6f4c4a6e2bd4d30efeb4a9ee0ada8344c64cfcee22cb438,1764461530,1764461533,2484,51234,,
0xd5cc770844d890ebf505e50530477c10e32e6a4eba3ce5376eaf9eae4885e9da,1764461530,1764461533,2484,51234,,
0xb503fbc2a0641a8bc4344f7cc5b86f9daf5489b7d6e9c71ae46ddfd7b8e2b3eb,1764461531,1764461535,2485,51234,,
0x9ce42cffd039f36951de44441edadc019304ed14700fce52de0d8fa4540f5875,1764461531,1764461535,2485,51234,,
0x0c238d296fca5c88f22d0c09aa29c54ab3b0c82dacd61eabc48bc042fa69441b,1764461531,1764461535,2485,51234,,
0xbff28f93a110e848e21c914d821914d168faa250ddc2f5fff147e3351a738172,1764461531,1764461535,2485,51234,,
0x5380f41eef3d8956ed3e95710dd10075bfd97607e9b29ea377075aa26f2d83c9,1764461531,1764461535,2485,51234,,
0xdb28bbf0ddf60e1004eb7681d6f80671d4d02d4f5e78cecb3b330e041b995d99,1764461531,1764461535,2485,51234,,
0x76e57d45d4609d90a6610c459c37e744cd6cd67067fb08a46fbf7a7f6a6c4007,1764461531,1764461535,2485,51234,,
0xc887d3707c7ccd5de833539a7efc5abdef26cc875b65337ebdd0e64ddf6fba52,1764461531,1764461535,2485,51234,,
0x7aa0246dc2870f1e9bbdde807ee9cf8af06967e76ea98c0e7db0a80d60faebca,1764461531,1764461535,2485,51234,,
0x931b262bc4d68c31d5ee3b461682a4c6b64772a1a1d1efbc28d49976a65db887,1764461531,1764461535,2485,51234,,
0x755f0e94d588c34ad3c790c438d5567d338465051ba88e2a2919ab443fb498f7,1764461531,1764461535,2485,51234,,
0x4054f55f2a14a18a87fa6066706b50ab5e2dc6a673d41c8287c44d9ffe266d86,1764461531,1764461535,2485,51234,,
0x764586a8cafb518d2c7ccde0736c278591cfb06878ea5a55c07ce6ead64ea377,1764461531,1764461535,2485,51234,,
0xf09d6a8e4065daf9412b34c27d9e62dc020bd637b94d6a589a5afc8c741fdd79,1764461531,1764461535,2485,51234,,
0xd6dc2787d46e749be2d558fce3f1a6ac71a90d28d718e30065f4d36b30dd5207,1764461531,1764461535,2485,51234,,
0x9214a11d95d1ad9c96cfe2618f6e3170f2d23e2cb114424bd21b1546dcc24265,1764461531,1764461535,2485,51234,,
0x7fd9d18f0e8136db53ac096f0c15afd7920d4393583a1fb0c64c8effc6cd7e07,1764461531,1764461535,2485,51234,,
0x70f2eefe96ea953c49e96e21dae8e375515dc2398e0d4febf5491987ec9b8bbd,1764461531,1764461535,2485,51234,,
0xa59d00dae8b0d626cf59f208f66ca7e81b660805e3487bc939acbfd1736b65d6,1764461531,1764461535,2485,51234,,
0x0eda9ff0599f8f79e2abf18e83b938e4640872d1af2872208fdfcbce21002485,1764461531,1764461535,2485,51234,,
0x5f048dceb701e7443d2b0824322a37fe0f323a66aa1ebb94f9da0e04add4786c,1764461531,1764461535,2485,51234,,
0x4a142b5e98aac143dec2ca59cf97570e82af0daff3324a6b287c4faf4b834074,1764461531,1764461535,2485,51234,,
0x6e2a74db6aa5fba44a33a629166d620d1a9da5a898e92ab0f1a3e96bb58072bc,1764461531,1764461535,2485,51234,,
0x22594b4ebbb0ef006e1b796d434bd2c74d995d15baaa57f57629e49b3eb98d15,1764461531,1764461535,2485,51234,,
0xedbfdaf1defa68fa67a1a505a51e82dc6eab8457b31e62edb9735b0bde461eac,1764461531,1764461535,2485,51234,,
0xa9104e27f92ed5a397cdf4cd1312e910716613412f496eff8978219cb5aaeb8a,1764461531,1764461535,2485,51234,,
0xe9d239a150140e38aa21e43a93ecf4710d68ad184cb45bfd2cd506849154a0fe,1764461531,1764461535,2485,51234,,
0x0f1f1eef07cfad5c466d26289399920f840181563aae75402d3b8a997b5cc9ae,1764461531,1764461535,2485,51234,,
0x3ff6b43b6a8a22aab2e83a4e83d46931ed488476d0752f357c9b34581ee50023,1764461531,1764461535,2485,51234,,
0x3d6d5e480ef53da3789782e25fef19bf15a584f4f1f1bac6dbc9d791b12e0b27,1764461531,1764461535,2485,51234,,
0xcc7d8e719689e5d757456fa0513393dc2f5fb2f857653007ac32f8a29fdc6bab,1764461531,1764461535,2485,51234,,
0x06ef92fe75d198940f37469a7cbb121e043c08ecd3aa5543f2e340537997eef2,1764461531,1764461535,2485,51234,,
0xa1161fac37dd10862afc4e3c92d459163715c54fbf3b4704323c3d7b25e4a793,1764461531,1764461535,2485,51234,,
0x9b9cc2c4e6cdc88a168f1f92cc94b7a28fda23c9aa2e4243487c75ce2e849334,1764461531,1764461535,2485,51234,,
0xc9b5e4844ce781addfb7774c1370ad9488eb4d17f1c4bb2f4b4af4c45f4d70ae,1764461531,1764461535,2485,51234,,
0x4d62af63c241283a611d016f691ece7e3a9f1336107fa36f08598d03050d89af,1764461531,1764461535,2485,51234,,
0x09d24a2152853764741992432144dcccfc1390866e0f8d231c5856ba3c06dbc0,1764461531,1764461535,2485,51234,,
0xa7043476fc98f6fbcdd7f2b65266debd698479cf5c9ae77f8bbaf364d0c1e79e,1764461531,1764461535,2485,51234,,
0xf0c6ec1068f8a7b10a50432e3128209405a098fa03d06dffefda842b07394b46,1764461531,1764461535,2485,51234,,
0x7378afbfc32c4a9ee94c3663077cabd5d2f08caa7d00844cbd1cf0915ddc4055,1764461531,1764461535,2485,51234,,
0xd68710e2dc2c3435e4368ec1554f424d0e9821d701d87f3dfbacfbb6c011245d,1764461531,1764461535,2485,51234,,
0x471fe2dfa6b17828b43cbf9c766bb3f132cca0b1cbf4c7aa3d2133063316d9f0,1764461531,1764461535,2485,51234,,
0xc1ab20ed8ca4edbf1770525e18fcdf0c44545cc89419f5a27599d193e809f096,1764461531,1764461535,2485,51234,,
0x7f351b5dd460b6d643c4ec74c1056a2a8814676e1aa5a87d609d86879939935a,1764461531,1764461535,2485,51234,,
0x215d4ababc9b066d1e92f950db8b75da0321e2cc2bb4476575d328e4efe904a6,1764461531,1764461535,2485,51234,,
0x655d158643f393ba3cc580453b726e69978951707dc81d61f03bd20e5015aff4,1764461531,1764461535,2485,51234,,
0x9a48774e19ddec0944d180947ba76cd7c25bc4c1f337b77f382b0d01ecf9e472,1764461532,1764461535,2485,51234,,
0xc490d046f867f3342788488cf2b79996d12f5c992eb2a5054579fa620748a7cb,1764461532,1764461535,2485,51234,,
0xca25ea4259b22e1d65fe20c2ca9ae04d372647ec85b5b67cd7cacc8dc2249d2a,1764461532,1764461535,2485,51234,,
0x899586f91d574ffd24595e28a68224c553df0d49358e531abf6aa03be827b475,1764461532,1764461535,2485,51234,,
0xfdca5e744cb7421a47c9e816d083359ca51b7204de37d6c9d06c6c28e102f39a,1764461532,1764461535,2485,51234,,
0x57c0ef8e664fc1ab2f12fd9111ecc135d063847856ab6fd9389b373334c30c94,1764461532,1764461535,2485,51234,,
0x66e448375949c07efe2ad70588b629bd7610d5484db9139b367156dd0492199c,1764461532,1764461535,2485,51234,,
0xa7e69b953fe0638b67865ff51f66901f19032e16ec4b8cdb8c599515eb1542d8,1764461532,1764461535,2485,51234,,
0xe1a96edaced47df014d0a5573dc33f960a6655b49618508238a4ac0c5a1e06da,1764461532,1764461535,2485,51234,,
0x15ac3202b01a5be1386d80db77770237546ed697dc849ee453da3bb9780cca79,1764461532,1764461535,2485,51234,,
0xcfe1081f9400d78771f0c588978294174f66de59499511d2b26b7427eeb02571,1764461532,1764461535,2485,51234,,
0xb19403b1d81b4ea0b80dd4ac741a80eb86441d023c4b17059c7813a811f4f7d8,1764461532,1764461535,2485,51234,,
0x3567de7cec38b7be931fa127c82dc71ed1834f9ebee76ef2232d874469ee1cb0,1764461532,1764461535,2485,51234,,
0x8877f9acdcc0160c8443deddd90ebc372ec5145be33021e9bc3140555a6c5647,1764461532,1764461535,2485,51234,,
0x5a0abc1950cfa779a941facdb279f35666dc5973aaadfdbfbfeea65241fe642b,1764461532,1764461535,2485,51234,,
0x1ec759d896fc96c1432a1a956a6c1a91d700f13cb3824119dfb22bebb3a2c006,1764461532,1764461535,2485,51234,,
0xfb6bd75b9a1977f4ec0e9d01f9a1cc86c26e2d26af9e7d7d1834bd1aa434293f,1764461532,1764461535,2485,51234,,
0xeefac00e73b4663080139c52d3f4bbd758e6496d3c46945bec58d25c052170f5,1764461532,1764461535,2485,51234,,
0xe0b7d7000efe8f3c4747d622594e54f87aa0991587513505c718257cd497ac79,1764461532,1764461535,2485,51234,,
0xe695b9c9e7957e25159b5cbd12f5f2e46549cf6772f9087f4344bedf8741f351,1764461532,1764461535,2485,51234,,
0x152a4110c2e59bfd05740286ddacdf86b71563f33b2dbfb0c595b721011aefd1,1764461532,1764461535,2485,51234,,
0x0c65ccbdf8f1f74ec33a4639ed084d1d93be96e802945cbdb0fa072ecf8514bb,1764461532,1764461535,2485,51234,,
0xb1a2f3d4ca9dfe176a736a97713d89e00daa1b8abd6b018c354033b469376eb1,1764461532,1764461535,2485,51234,,
0x9f9070929aeeb4d50729938096c16a21d783b2aafde802c3a3b3796a6564c015,1764461532,1764461535,2485,51234,,
0xcb7ddda18be82d51051d79e466951ccd817b908bb7ac30a63a8defdcf9153753,1764461533,1764461537,2486,51234,,
0xee910eca722540261804377ed7325cbe03018ac45b2ca3b2a69cef6a0506f587,1764461533,1764461537,2486,51234,,
0xc047d8c065eb47f3df586413e22acf96db0a76a79a5e2e79e48f5c875c8c72bb,1764461533,1764461537,2486,51234,,
0x28724e3a0ecae30a2778d32318ec701fae12750eaa6833c3f497bf193f6e8814,1764461533,1764461537,2486,51234,,
0x983e1c16f83dae08ca8d6a9bbbf6b8587df9c74e79a18d34568806b39f090c3b,1764461533,1764461537,2486,51234,,
0x695c73af71ab2684210b91fd9e42d6eb33867c0528b8c4ae24c21d09d3cf895b,1764461533,1764461537,2486,51234,,
0xed6561e3f1be75d46bfcd2ad18f70fe391a5bd70a85235c2ba214d2d70554c12,1764461533,1764461537,2486,51234,,
0x9f92fc90774cef5ff2480d08a24fe167fab0c9ddd487ed81a37d8e3be85fc86b,1764461533,1764461537,2486,51234,,
0xcd036e9697f49ce48146793540a835b52668b11b93966d3cdc12e025e71e355c,1764461533,1764461537,2486,51234,,
0xac81554a80929e6557ebea4b2a6eb70c36f2eeb9ff468d60b7ded314329ad6ea,1764461533,1764461537,2486,51234,,
0x02e437b00f6ffa08379dfcdac38e71ed944501b383371d930e1e076d42777c7e,1764461533,1764461537,2486,51234,,
0xc415b6b11b74d4d126a087e3a2f010079c10a5fd8c0e6d62e4fb124fb9851397,1764461533,1764461537,2486,51234,,
0x54c693a1a13701ae615f4efebbfda42d84ed873525b82fb1cb8e6b9724e7eb35,1764461533,1764461537,2486,51234,,
0xa0a8ecfbee43c977b4bd71b1efd41a190d8c20a6b78c967c0e64814d90b2bbe9,1764461533,1764461537,2486,51234,,
0xd76ba43e69f158dbdacb3da2fd03db546edef18684c1be12246e4b72cebeafc4,1764461533,1764461537,2486,51234,,
0xe3bdede5b7f3d9dcb768988b3e345aa9a040fcbf7ca6e9e7b9a1b8def473e3cd,1764461533,1764461537,2486,51234,,
0x06abbc57bbcecdb612d7f1a0b3937032f6d6cedfd3e15e494861bb7c00a1835a,1764461533,1764461537,2486,51234,,
0x57339d8882d97e96d580cbea64080e4cc1129f5b80c9bf64f6632898e27bb84f,1764461533,1764461537,2486,51234,,
0x5838af0fe6233fe1e453ab3ee8faa4220cf9d17c34a48e5cfa2adf7ad13810dd,1764461533,1764461537,2486,51234,,
0xa3390eeeb1d596b0da60e617e2544d672c53715017cc48fda85144abdef9adf7,1764461533,1764461537,2486,51234,,
0xc4577b3a7caa44b1461bef8fd1b07fa275a9f36f1dddd08f30744c3b29ed8d81,1764461533,1764461537,2486,51234,,
0x08b545a9b9bc9ea377d82405d1a651ae594dd6109953ec9d57057f081989dd93,1764461533,1764461537,2486,51234,,
0x6bed8ef7b94764287547206aa250c2f31e08b4b9fe3962d83ceefc4a84332275,1764461533,1764461537,2486,51234,,
0x574afaa59bc4b850acd604c6424d6432e3157418dc6b9f09bf6ab9b088c60518,1764461533,1764461537,2486,51234,,
0x6cc5403f340a2a5900e6ed0f93365c599ebab8b86333f8bb1da5ed1ea6d08d5e,1764461533,1764461537,2486,51234,,
0x72f7e778976380142549ce9f61cd11cba12fedc26d76c042f89b7c68283c4279,1764461533,1764461537,2486,51234,,
0x32c0ffd93bf572ee1cf0460700320fee9e031d0eab8bece358e972fdd38856c9,1764461533,1764461537,2486,51234,,
0x6bc0f2d42f526b667064c3d5957cce91dd63ac2d7bb2d95599c1fbf804ddb84a,1764461533,1764461537,2486,51234,,
0x6b105f0ed3a2ec14368cb6c86d5ca58206aa56fc751545477f556d7c94350056,1764461533,1764461537,2486,51234,,
0x39d58150549a8e82da68dd05fe091737a76d26097c2810bbbe00ec82b2d64b98,1764461533,1764461537,2486,51234,,
0xa614dbddebb0fb1132b95d198985ce680111020015f6d44a7422fc93893b35cf,1764461533,1764461537,2486,51234,,
0x01f82734d66e33bd81ee9dbc7445c4aba249a1b96fd9ec7062d6c8f4366098e2,1764461533,1764461537,2486,51234,,
0xdb3299b4f4ff721e1309ff41d7cdcb24a3ffb4f3ebd94490f6987580e56bc34c,1764461533,1764461537,2486,51234,,
0xc88b04c4546ca0f602671f96da0db63782998159e8a07b6f894cf8ca784d6745,1764461533,1764461537,2486,51234,,
0xebf4081277faa0a8076cac30d8b3c37d83fcce015ffa0545e3c9fafd6d642964,1764461533,1764461537,2486,51234,,
0xaca55e801f0b2a57262cbcb1cdf7f0f101317c6cfd5ad40739a0995f9d45eb22,1764461533,1764461537,2486,51234,,
0x1d50bcf58aebddf5e55ce5cdfbbe1798fac9ff9c3d95b38c63e03caa1a821be1,1764461533,1764461537,2486,51234,,
0xbb3b43345709e255d3cc5cb425d13c3f0c66d636061fe097e5a8ec5c2e7f3960,1764461533,1764461537,2486,51234,,
0xc5a9615ee728b698c1c56010ce642e333071ba5ea1bafdb891a08f702d9fd97f,1764461533,1764461537,2486,51234,,
0xc8a6c827e70fe1af3d2a1810b4fa893fc669f2b15b5ea44764823e759193c7b7,1764461533,1764461537,2486,51234,,
0x3b689f2931693219b5ed783b2e408318013febd58125b069b0d8ca6c89a2f17e,1764461533,1764461537,2486,51234,,
0xaba3294d15a15bd12d8fcf274678d13280b9560b051669881f2c2e148ccaaf7c,1764461533,1764461537,2486,51234,,
0xa4f978f7431eae2d21c75a47493384098c5f4980a6368279f0f2b578273113cf,1764461533,1764461537,2486,51234,,
0x92e8e33a5c1953fcd5aee1ed2ede92ce38747bc28f111ab8bdaf6f1041425e74,1764461533,1764461537,2486,51234,,
0xd5df48d764b1046896e2d0dc51c3036a0d2fe3b92e2066cdd9d569d687309d34,1764461534,1764461537,2486,51234,,
0x9014acf135889e781cf7a6de310301981aafe9e9a9412ea6c3d6af074b39aabb,1764461534,1764461537,2486,51234,,
0x0b9c6e829961613103354b3db4344695efa098785566e13d66eed97b81db2a0e,1764461534,1764461537,2486,51234,,
0xf62d53c83d900d80cae32400c999601dbb99ed1a1381124e76fc32b5c661e5b9,1764461534,1764461537,2486,51234,,
0x7ff2f61d84aec7c0505c76baf63d70c0d55eceb418bb8c3432c7f33d8ee5836d,1764461534,1764461537,2486,51234,,
0x8429c13ca681b5e6c2da9432b07278e35b68a645915e91985d08abad24d241c0,1764461534,1764461537,2486,51234,,
0xaaaec8d2b84ce9c2497f30ff3b5289c63bec0fcee4957b31fee698556e725673,1764461534,1764461537,2486,51234,,
0xca1ce357b61e624647385bf56ac134c30492a71fb576b50ab930a2503f177bb5,1764461534,1764461537,2486,51234,,
0x3a5d6e60bd0d9032a61bb3a68f3d4177ab2d6603cd6664317f3401a6967aa4cb,1764461534,1764461537,2486,51234,,
0x1ea71d3750e42473c599e843ebf9f4c1dbd04cb43d8347e15c53c65ac9f5316a,1764461534,1764461537,2486,51234,,
0x1c09d35ed445af1ddf16be472caee75a6e88c6fe8570e51c8312f84cae7f5e92,1764461534,1764461537,2486,51234,,
0x7d2b339ebd36814e355113e7574f185b689f5618dabe81e5e26f839ce9cf0390,1764461534,1764461537,2486,51234,,
0xf927742a197aa9e6c2862d0d33ca94c37858c08002c689a40807e46a56d94a01,1764461534,1764461537,2486,51234,,
0xa60724d0e1dfc06378df06637f98b1a1921a7adc1b9e16f42f104e5ca486dedc,1764461534,1764461537,2486,51234,,
0x94da4f0a12f51d48da91f1ddf28597de15017046e099a584b12037e7d70c118f,1764461534,1764461537,2486,51234,,
0x534eb6875e4f86d3abaae422807b341f51e8b3356b2ff48f5ec0826b8957ef00,1764461534,1764461537,2486,51234,,
0x592b3082a79f896f8fe41f56046aaa2ed5054ea36d83e8e0caf2e5c85014aa88,1764461534,1764461537,2486,51234,,
0xd3a39b2bc31cd6f96a0da8b5903ea60a58add78980ed2183e4b639dc4a29bbd3,1764461534,1764461537,2486,51234,,
0x2d52f3a54d4fd2823f547afac3b68a5eea5f05e43853ebdb6a509fd310fb34da,1764461534,1764461537,2486,51234,,
0xaf91f842c9b3be1b0cd1666873ca0aca4c6bc95f9bc38d5cd030a1c1ef73b72a,1764461534,1764461537,2486,51234,,
0xdcd46ff0fc0228d106f0cba427bb90ec5c3fd88df3d1aadf60d63483f52bf347,1764461534,1764461537,2486,51234,,
0x27cbe179a778314c89249e14e0e86a12a2875b0e4012668c3857692c26cd715c,1764461534,1764461537,2486,51234,,
0x7699f0374ef011619b937fc4036a0f87100266aaf3d75286228f69fccdf53f36,1764461534,1764461537,2486,51234,,
0xa2950c4312a58ec322039e35d4225db9ec884d49dbea48995bb7bcb06c47037a,1764461534,1764461537,2486,51234,,
0x4742a4765371210e2b434e31ffb9c32a0426fb2730e7b2576b4eb38ba2add852,1764461534,1764461537,2486,51234,,
0xbcfc772fcc8d900f939f6a5a06639f80139cc194be17ecea70f2e4d66463a2ea,1764461534,1764461537,2486,51234,,
0x390e98b25c4e8cd1636caa408b177009070232e4e38c3539cdde2a6d9ce6e8a0,1764461535,1764461539,2487,51234,,
0x45b3abe883e9a7cb7680d1e063d690c934cc5adc14e65bf6393d64adde4c1cdc,1764461535,1764461539,2487,51234,,
0x92cb458c2daaa052a383e6fae6030c90feead9cf06ae7742168786ce85da5237,1764461535,1764461539,2487,51234,,
0x3d5bbb432568fbb102cf1f3028d48732bf3e7b249f7282d730028845a8a49ebe,1764461535,1764461539,2487,51234,,
0xcd0616bf02916d90bbdf6da7a57817685d886d1096954f6245f7440154cf117a,1764461535,1764461539,2487,51234,,
0xb66e9e419694e2a71c90838d17f86183010d169b700f4e4876cdf8836a0c1789,1764461535,1764461539,2487,51234,,
0xf83f8c73b30ed7bda2d1744f11c0dfa254da3bd2afebe7d6fbc5961231db59e9,1764461535,1764461539,2487,51234,,
0x50c1a2887a3ebb231ad24ff08d6c34fd9de99f75b71e977f5d9a4bf0caed94b0,1764461535,1764461539,2487,51234,,
0x2513b2e64c4e1a85be875b293c85fc9624c8059b3eec68fabedc42b2b33997c9,1764461535,1764461539,2487,51234,,
0x4b89969f02926ebd5d1cb7bd555d9178ec0212008e87ae406ff46d4e61e6d452,1764461535,1764461539,2487,51234,,
0x0fe01ea34c511141531dc546960c8b44219571d8b249b0d5af59a33b488694a1,1764461535,1764461539,2487,51234,,
0x9e330b66402cbdad282bfe83289e64084a38aecfbe1b4f963b513c03e9d7e9d2,1764461535,1764461539,2487,51234,,
0x0cccaf430db6113222be758377531a616bb809a5d36fc7d03b4b28061eca3323,1764461535,1764461539,2487,51234,,
0xd5969334e96b15bbefdee4f0ab12d3d219955c89a933c32ca31fb43155527450,1764461535,1764461539,2487,51234,,
0x2a35d305a7df5fc3adc34d3b81816afaaf168f547bfdc67f345e42c3b09377c4,1764461535,1764461539,2487,51234,,
0xee89740a4405f9489e44752572af94a929126ff8f361ec277737311cee9849a5,1764461535,1764461539,2487,51234,,
0x229bfa9d60ab86452cf3b0ee7a9ce55d43dbe7c56f76e98d6f455cf50357d8b8,1764461535,1764461539,2487,51234,,
0x3fb0b41c050b7d555e1838fb62ff631ae914f17e8d8ffd37840e6c8aa9d483c1,1764461535,1764461539,2487,51234,,
0x8c92dffa797476c2f27b4a8ad9ec8b1eaab84b7e3b1eb2b5b2e3bbd88ccc8d39,1764461535,1764461539,2487,51234,,
0xc2b82e6835d87779499339984d030a5e5dc14c17741c31ddbab2599e64c91636,1764461535,1764461539,2487,51234,,
0x36a00f9853168e74b7a701203154652ac3980c9f3e9a5b01289ed91f2cae86eb,1764461535,1764461539,2487,51234,,
0xc06432130501713ac8b060ef0b9e05d2ac92a6cb0ab66f3596843bb47b081a5c,1764461535,1764461539,2487,51234,,
0x9c6a7d84d669229c2d1fff0a5351fcb8276a203c515088e3d768a2831c142177,1764461535,1764461539,2487,51234,,
0xc0290b494e4cbf4f458ad24a77da090724eab1368bd4aa98444459fe492a239a,1764461535,1764461539,2487,51234,,
0x520ae7a7b883210b8a85e60ee9464520175749f7e1792bc1f03b8efa7dfff661,1764461535,1764461539,2487,51234,,
0x42746180448dff2c25dc88d9c3c774b3fd79b38e97d745e6477516f3d307ca22,1764461535,1764461539,2487,51234,,
0x455662566f25b25f0001753de969490119998ab42b7bdd1e7a7256b0e88c6df9,1764461535,1764461539,2487,51234,,
0xf139e524b8c2c9c9d2a61403dc037be32a9bd5b847be6e006da142f638df2f09,1764461535,1764461539,2487,51234,,
0xff619fea596a20c00d35059a1be6a7574e0021a98ed731df484b1e502f17742f,1764461535,1764461539,2487,51234,,
0x5ef64dcabec7cf2a8bc2daf9647c974aa17041dae2ed7073fd5d32190f200516,1764461535,1764461539,2487,51234,,
0xf8cb60a14662f27be66b1752ceb3d9796ab34e352ebf50719e602a60831ca995,1764461535,1764461539,2487,51234,,
0x67791cea82816fe31a00f20d6b98a74d1fbb967bc0557c346b3a447b908c37f8,1764461535,1764461539,2487,51234,,
0xf4353965534081f664869534bcbd8ac45cd688c2f475c21e31e7d71dfa12fee8,1764461535,1764461539,2487,51234,,
0x8572856b0d396fd82b0f6b19fb47720108f35c79f9cd59edecde1fdee8a62b30,1764461535,1764461539,2487,51234,,
0xf192f50bc4881835700d0e14fc5815ed8d6ba53720db4538975db3d761232ce5,1764461535,1764461539,2487,51234,,
0x33c43d113ca9da2c83ef30260a3ea138de3d65dcb2f56e1ac94e0b0833928fc9,1764461535,1764461539,2487,51234,,
0xa1830068be865fc8f3c79ee75e392535f3a57be3f06f57a84f0c0f158887b819,1764461535,1764461539,2487,51234,,
0x1b348aea630244fa07eb657e9b280a1022350895763ceff44caa3ca32b9cf4c5,1764461535,1764461539,2487,51234,,
0x816727d5fe1408e67e38ef9458b0a0fc18fb0faf5ba2339424fa4e79de7d2cac,1764461535,1764461539,2487,51234,,
0x6ad2123a491f366c9374051d15b578cc3c1c5de14687cb109bbddccb1c393995,1764461535,1764461539,2487,51234,,
0x07940d9452b22cf4b71085cb5e36eaa0046b99aa8705e60f54c8992912e6effb,1764461535,1764461539,2487,51234,,
0xe814efe9c638510642ce92e75e730dda89e5c5951be1b33a5efc1a2a812b9894,1764461535,1764461539,2487,51234,,
0xac001de3c0ee1afa8db959e8615cf3dfa1bdfc42e6623b6dad7c8ed4f15278f2,1764461535,1764461539,2487,51234,,
0x919bf8bc50bc114d9508b69afa30efedba93597303214dec944fa5fb5995ab00,1764461536,1764461539,2487,51234,,
0xb53a963b6a08815e2a1bf21c3694a6ec145b7a53023891ac20f8a529ec860d5e,1764461536,1764461539,2487,51234,,
0xfc27c7fb5f486928511044a3c697c4ed40947e3fec5afd862400d7cf50c83e61,1764461536,1764461539,2487,51234,,
0xa2f99cf771652b3daa87acb3cc824515458c5631a038625a48c1de74d7314087,1764461536,1764461539,2487,51234,,
0x9c8b16bcc4c1f32af430397c26c8ee9939505759e55d8c649a301bef6c8fc6d1,1764461536,1764461539,2487,51234,,
0xe5acdc798dda26aa69f4be93471790cc1a0ffa5132b8e0828072cbbe3fbbad0e,1764461536,1764461539,2487,51234,,
0x6b312d1f53070627e47e8d2c95676dabd8f1d1d286a9195c179efc1df936bbb2,1764461536,1764461539,2487,51234,,
0x8366a4c3bb9dde95f102352bf9dfc1ed4768eb92f759f6a602e6fe0cb3e85341,1764461536,1764461539,2487,51234,,
0xbfae2bf534ee6c622692e7e3aef8ae108cf62bb3593c27aeef9f9b8a9daaecb7,1764461536,1764461539,2487,51234,,
0x073ef186ecbc6f0dcbb482acc470bb51d327b749f990150527c92a5f5b09b3f2,1764461536,1764461539,2487,51234,,
0xedb9abcb4b4ae82ad6504f610a539b41d9a8ca80475c9ccd65e0847fd615d4b8,1764461536,1764461539,2487,51234,,
0xf8813d0d9e699d7e5419437c7e65d793cd3f3e1cd6299d64704e5fc63c65c586,1764461536,1764461539,2487,51234,,
0x9edb0b73f60b8d34d9d5fb2d6015d3011277cdfaa4d60c72f2076181eebba69b,1764461536,1764461539,2487,51234,,
0xb84eac9e9a6880e89450c5c19beaac5d973f7e3018885a03cc1cb2efd2c257fd,1764461536,1764461539,2487,51234,,
0xef3fe8779a0da493b9ead2a1a7d32b1bb7b463ce3cf032b4601567a67f1cb2b4,1764461536,1764461539,2487,51234,,
0xda3c5211858e2984046b9efe780c36202eda377720bdeacdc506dd7ad4bbbf6d,1764461536,1764461539,2487,51234,,
0x6bbac4d4295ce633e58f7980a3bd992836a731b3a098d276d776a7e86cef9c31,1764461536,1764461539,2487,51234,,
0xabfbaff28bff7ff7e00d6ab923af60505c697bc5e6645510b6889f63d6e142bf,1764461536,1764461539,2487,51234,,
0xc41b71264c56addaf90e87c84e7baae64c07c905280427bc61a897f0d0f5d8f8,1764461536,1764461539,2487,51234,,
0xdbda76c75c2770ec78b994f7f62982bc9a38310bda4176a6841a64de7449d876,1764461536,1764461539,2487,51234,,
0xfdfd4f641b3c7f17d279e1e9ba9f5d58da0c5447ecbc8f35ae119b513e0b26c8,1764461536,1764461539,2487,51234,,
0xebc2babd772c5fa46cd3139af45db43d2b4788c91cd3993f3298d9e0f906dcca,1764461536,1764461539,2487,51234,,
0x4aaacbf5c1db968469023ca53cec354afece0ca89d5b219901c450c94e0e89b8,1764461536,1764461539,2487,51234,,
0xccfb90508b0e85324578f62f86e4e1ab0e315b3ec082b11e5117b21b2c85f57c,1764461536,1764461539,2487,51234,,
0xec4966b9f70b0b7d27a88139b504d7208448e333ef7a72ec3488293facef6b62,1764461536,1764461539,2487,51234,,
0xec317f10c7de4291fa90195100626d16f5f1a669d8976b1cb77fe365ef58874a,1764461536,1764461539,2487,51234,,
0xa1d72bf9e1dcac3e48e512aec28076e2273c4b5e8bc9c7d6acbc9c3ff338e023,1764461536,1764461539,2487,51234,,
0x1d510a3ee6bb6d10da27f13494c504d587bce536367ef8c27b10a14341e3b79f,1764461537,1764461541,2488,51234,,
0x4951b712c0680d740ca01895dcfd2b6319d45f8b1213f09ebcd8b08007bf3c4b,1764461537,1764461541,2488,51234,,
0x07cd7abf51b79fb8bf908050748f19589e497dc3f1623bf4e8f759d6c0395a60,1764461537,1764461541,2488,51234,,
0xed5e893010154122de5f9f2e902b64e498ab6bda84daf6270313d754660d2760,1764461537,1764461541,2488,51234,,
0x408b4a9056725881a4813faa1a8f8a288245de1ead2a7ba0b4f7825fa9123d2e,1764461537,1764461541,2488,51234,,
0xf51e0d483a420a2f5d8c5b00d6bd0287bd00819963a7a48c2f93db45ff14d561,1764461537,1764461541,2488,51234,,
0xd3cda36fc5a5dcd43c22843ce1c058326335fbec8d932f9e1a22ee30fcef1884,1764461537,1764461541,2488,51234,,
0xbb80a38208038a07c1f2d18deaa1356965c767f677d27faf1158415d8ba270d3,1764461537,1764461541,2488,51234,,
0x107c2b6d96a6241c4199091a87486f9e4526b4d9f8d20bb09b0a50b4d1810839,1764461537,1764461541,2488,51234,,
0xe7a059a3bd4d6fb5d8d6f65eff2be997d048cc28e6ce525dac8a2e8f0102b48e,1764461537,1764461541,2488,51234,,
0xeabc950271fc9827f0a05d19262b9c47924879a43b13a43b7343ae2c043e51ef,1764461537,1764461541,2488,51234,,
0xb8481df42c4c9fec046cc4f904248a8b3ed88989b65d0196565201f3755b3b34,1764461537,1764461541,2488,51234,,
0x202a087447747f23c80c4f895cd0c5f2056c8a1127b3a353ca8ee38ab9149f0b,1764461537,1764461541,2488,51234,,
0xb5baf63dd85b610f482bb4c2d5d39601918d6b35d5cb46410b9c1a30350c2101,1764461537,1764461541,2488,51234,,
0xb43789f11a7817d4cb753b71a3b0f7c9010eeaee407f1fa359d350a20902e6b6,1764461537,1764461541,2488,51234,,
0xa83a09331e34315c9dd7259b4715b1bfde158c1e2e2b7bf11d3e1d23d0ddede8,1764461537,1764461541,2488,51234,,
0x2f619496ce9dea469147ca2a6564c9c2a15e13f4834efe2be02fc9e663af03cd,1764461537,1764461541,2488,51234,,
0xa4f5500540f75ccababd4d297754c03094950ed70a6f2ae2375161422ca047a4,1764461537,1764461541,2488,51234,,
0x8c209e5e8c9d798b8aeae91d0ee8ae76b74472926fd70caa5368c7437c6fb7bb,1764461537,1764461541,2488,51234,,
0x9b039d5c2f9089fb288ae63fc54099a610a02733cdea8e30a6d9afaeb8c44fcf,1764461537,1764461541,2488,51234,,
0xdacf88c80269a9e36ba7e44959dcc36f2daf13aafb3d967b298d1bf1eea16d40,1764461537,1764461541,2488,51234,,
0xad517ccb794783f919e4a34928cf6cb215c0b1a41359e6eb59533b0be983269c,1764461537,1764461541,2488,51234,,
0x937aea12d57c3fd8cfcf78017636a01a6a1d75158a586b13457ffbc1f879e015,1764461537,1764461541,2488,51234,,
0xc34c26f0383164b8643f145e0218039e8440072047d018995939539219b2b4f6,1764461537,1764461541,2488,51234,,
0xaee4a54aaeecc454a2a333f35e36ac61d7c580715606ec940bbc59e3e5f02d88,1764461537,1764461541,2488,51234,,
0xf116ac7a003a382d2d2dec6241af547709daf2f8643f84c9c1d895f91e263514,1764461537,1764461541,2488,51234,,
0xa7a18b22d3f1be38d4e8b086ddb107ad93c12d8fcb302b84b61c55c6ce617b66,1764461537,1764461541,2488,51234,,
0x7b8c8876ac4cb7c1500a8060991c17578db41c3190b8ec4a5086be8cc7838233,1764461537,1764461541,2488,51234,,
0xdf8dd51cd04e160845f5fba64159c7cac90799610cbcf13d569e0bdc58bc402a,1764461537,1764461541,2488,51234,,
0xce567fe75853cffe072b6c4d7603b9be870d3a654bf3161daa480bf65b763a53,1764461537,1764461541,2488,51234,,
0x443b2770c098493af1de0d41eac6b13f044f093fb98e3f315161c09c8cba3d89,1764461537,1764461541,2488,51234,,
0xc16b280630df3bf83c8da1921dc268bd48e50a29a9dd1fc6f5ecd8154aeff1db,1764461537,1764461541,2488,51234,,
0x43f14668ef4b729384c7a4a44cca664fe7f48bf79461547de5081c728d7d120d,1764461537,1764461541,2488,51234,,
0xfa05ea8db1776d7075fc487b95d056ef5b29250784f44fa7f652e6199bd84dd0,1764461537,1764461541,2488,51234,,
0x9ed62b1188381c5354365a18b3cf27bf416c6fb74e8c8b6f799cc4c10e3a162f,1764461537,1764461541,2488,51234,,
0xc879f0b91c87dd300e44f2f670988c571c9afe936a97dbb40a9503cb6db88609,1764461537,1764461541,2488,51234,,
0x29839bb7372462f52ed1adfb25050db648b7694ffb826019ce32a2fc2c65f793,1764461537,1764461541,2488,51234,,
0x3e0f125361f050793a84f7f800f7e5c663ea32a1597a919a6449cc7080ce68f9,1764461537,1764461541,2488,51234,,
0x652de6e783a51fef883491ae3eb6a87777b2e8f216a8732a8235edfb195971ae,1764461537,1764461541,2488,51234,,
0x8759cd81318dc6fad7139990dda9e6b4f5b5414e40df1819bb6f83ce697ee9a5,1764461537,1764461541,2488,51234,,
0xbeeed492d18675c3023585175e0a5dbecfce7a042716f00817b7dd934e7bd556,1764461537,1764461541,2488,51234,,
0x54ac84aeb2b38f410c9c648bb67426d757a8982e2858723b3e775e65aedf7403,1764461538,1764461541,2488,51234,,
0xa8a448b99aabb602bb2dfcd244a19e8449990f9f62bf4df68391344cb48d61dc,1764461538,1764461541,2488,51234,,
0x544bc0e7a66e1979be87bf4c74d3dae2545f02dc76eca64267ce1fafd647bb69,1764461538,1764461541,2488,51234,,
0x3e58480e7af6f19346f6d64d5ee740bfaab5cb195058ffcc4a422f418a5371e2,1764461538,1764461541,2488,51234,,
0x3e25df07e6c800ae7fb1d06f0b9e2ea55a9fefaa248e535298d48a14db3b9e35,1764461538,1764461541,2488,51234,,
0xaba41b193df7e454a2aae8f3ce5f9ae52748410a729122d26c28aff4039e23ce,1764461538,1764461541,2488,51234,,
0x90aa87948404d630bab3da1bcb09261963dd14b68882073111411655f10cbd85,1764461538,1764461541,2488,51234,,
0xa3af78fb94d5910afc78f1a968196a8af6c47bdab70a3c81367b2e2c81b74e79,1764461538,1764461541,2488,51234,,
0x7875369de22b82b00aa669f6de5370f2ab428bdf4d7862cd38a7dd2a62b511c4,1764461538,1764461541,2488,51234,,
0x181b28c54a13da250f21c127ea54bd50f6159d3a4dd66ae8753655be3e72c21b,1764461538,1764461541,2488,51234,,
0x7767ab5dc818b47bec8f644905cb6e7448a48418a1354f58dac23bf12b735d02,1764461538,1764461541,2488,51234,,
0xfb648d588dcc8ce4abe4d47e37058b1cbee18438ec2c860a1eeec6c5c02dd809,1764461538,1764461541,2488,51234,,
0xdca8db87ccd696a1011b244bd3beb493bed9049859b1839d64f569dab6db2f70,1764461538,1764461541,2488,51234,,
0xb1a61c3c1d41a8bc9dde08f2c5a044276b625948bf19f8f56bd7581e89066317,1764461538,1764461541,2488,51234,,
0xc722f0a1afdb1925dfa76d043325cd0551596c178711e367cd0dd996f91d5256,1764461538,1764461541,2488,51234,,
0x37c405108924b78dbb415820bee8e6b86606679235b426668d9e7cb9cbd62d41,1764461538,1764461541,2488,51234,,
0xde27410ef99e1f719ec7eb06e9a324998f626b2a16faccbbc0c2b0ac983caa36,1764461538,1764461541,2488,51234,,
0xaad2da5c519971c9de08bf587af92a61be34e7f8842756e7e6cf795dc04d5175,1764461538,1764461541,2488,51234,,
0xfad8c08c5cd10dba1e6b9b5838c3077854615da11ab3d52225371917c2224063,1764461538,1764461541,2488,51234,,
0x1b7fde0acbeda89d379ee49a83caf125115a2174eca8205eba2b9a6e4680ec14,1764461538,1764461541,2488,51234,,
0xb1db930db064364060876903e0afdaf848adafa8ccd76d1364b430dfd3b79800,1764461538,1764461541,2488,51234,,
0x3fdedd201a26acbe55b8dfafd55dadd4e260102ecd4173bbb8fb15a08b0065b5,1764461538,1764461541,2488,51234,,
0xbf287f921ea15fcae298511f7412b8897d3ae93e13da008e83a647fb6e8cfa69,1764461538,1764461541,2488,51234,,
0x2c71bd4ff39955660af8d9af218cc9e5f21ad7f621cdbb13fe09e247f50963ed,1764461538,1764461541,2488,51234,,
0x1a2a9337fd742aee268b153fe54df88d38cca6bb311f8bd2e08c5c0df4df9580,1764461538,1764461541,2488,51234,,
0x8c169812d24da5b9385faa8afe7df2fb11738658f2f5abe8a583523d332566ba,1764461538,1764461541,2488,51234,,
0xc9d04b8cbb7d6f6e057631655908009957169204a51b94d96650ab757a5b34a1,1764461538,1764461541,2488,51234,,
0x9cc9d02b7f806e1f8b074d08c610c0062ce418a6d7728fed6302851dbb14b18e,1764461538,1764461541,2488,51234,,
0x8eee75c67664bf8ff5a743375384d66cfa780eb04bf20fe4ee7ba25efc6744f5,1764461538,1764461541,2488,51234,,
0x12edbafe340dfd5f9677cfecef674289a2b2af2b51930d7b7c471eafb5ea164e,1764461539,1764461543,2489,51234,,
0x4b571df49d4a0a121446705c326478f3b083ede895ee6e94b25bd32c4a839bd3,1764461539,1764461543,2489,51234,,
0x2035a028182d94e1b6d3d125e771e2364bf5b19d04570b28418928824fe75734,1764461539,1764461543,2489,51234,,
0xabbca9e7f5cb2e8ba8043f582fa67793439a7d00a88f3c1825f8fd1096fb6be7,1764461539,1764461543,2489,51234,,
0x150cf2e8e156e3892e87b5ff6120e6a6e86fb43043ea8147876396eb0ca784ec,1764461539,1764461543,2489,51234,,
0xbdc0797134a6a83e44ccf7f4028bb2d63a5547c41ae11359e6a93ad01b7f17bb,1764461539,1764461543,2489,51234,,
0xf65b39b8267a2234c2c2fc45f562ae9efd8570e03a60aa730f9869907ef7bd25,1764461539,1764461543,2489,51234,,
0xc363568e04a81e4c788b7a985cc4ca074d4c65fd5f9301aff373d55501c32c35,1764461539,1764461543,2489,51234,,
0x2bdafc1d4da0bf72eb05bc73d34bc685d8ecbf06b6243979403fa161d945cad9,1764461539,1764461543,2489,51234,,
0x55710110a37e3a9ee099d691513719202caf5aeb4c5a5dc67b05a78e307f8d84,1764461539,1764461543,2489,51234,,
0xf1917ceeb0e23e8b800044895414eef5c0f3fb3233887ae01cdfd52cb56164a7,1764461539,1764461543,2489,51234,,
0xaf820428c523beccbb0d7ebaee6d821eac721d31c6ee3c5bc327fe70cbdf0596,1764461539,1764461543,2489,51234,,
0x8916e2b8d866e30fdc9426cfbb425809ae7c8f362852bbf4376a824da5422e02,1764461539,1764461543,2489,51234,,
0x0792f089fc2ef161dedd238b145c9dc801718c8c3043386f0060290adf5b042d,1764461539,1764461543,2489,51234,,
0xe333adbc11abadd84bb961e78109a5c106204c6cafddbb1df100bff9335226c2,1764461539,1764461543,2489,51234,,
0x61cb4c20ddd61d64f73d9f7a2049255da8a3bbb4999f4a430f1abf0250d45af5,1764461539,1764461543,2489,51234,,
0xc79fad5d9b459c8b50f6037a1ad511f5db1ad4ccb3fd425cd4e1a5341c9f47b7,1764461539,1764461543,2489,51234,,
0xc9e00f7cba347aad1722b6bd0003e0e0fa14ac75f4923b7d294b442a7baba002,1764461539,1764461543,2489,51234,,
0xd7cd3236237c4eab4411e902dfbed7c0b9aa3fd11df4c264984b3950c3b62331,1764461539,1764461543,2489,51234,,
0x2962c976372a236d274af93899d4f8c5b01aac87d8503cc36791a10982882690,1764461539,1764461543,2489,51234,,
0xce8d6e8173d996a1a20894ceb7eb3fbf50957463b6b4cec591a2582edc0a61cd,1764461539,1764461543,2489,51234,,
0xde78de37b1916050e41e0e8ecfbfe736ba2fe07f450512b81193f5b0aa9ca6e1,1764461539,1764461543,2489,51234,,
0xe243d779f0d17ba290ac8b00506191050d90359703a38b28e6b37e7bb0049f0b,1764461539,1764461543,2489,51234,,
0xba7a1899acd2777fb424fc54c554ad04e2d2101fe8230f9f46f84c745b73c30b,1764461539,1764461543,2489,51234,,
0xbf63fa08fcdec51d187491c52ef96c9d5c312568450b72cfe03ea6736ed9b555,1764461539,1764461543,2489,51234,,
0xbdac8d77cb3a40bd7bfb2f1286916022ddcb2d878832123e939a8bc29d0046df,1764461539,1764461543,2489,51234,,
0xf5e1fe4879081fc8f4fc1421dcd9e6d86427b3552dc6ef1cf3b7993efb782d39,1764461539,1764461543,2489,51234,,
0xff27e4e2d91dd6f91a395c3ce14ac36a94c7e809d5ee746ff7d8bcd280f6c3ad,1764461539,1764461543,2489,51234,,
0x9f03cf7e4c6058c7550b4877cc2386c0db35a9b9027728770b56e17def818dec,1764461539,1764461543,2489,51234,,
0xe7f5cd72ecee8dfce457e738cc087c86c3d9fc55cc5d85c0097b63c5ef69a80b,1764461539,1764461543,2489,51234,,
0xfc0a4091c6b1ee11fce5dd9b3f3662f64ddd469013dce6a5df4bb889b25d72c9,1764461539,1764461543,2489,51234,,
0xba7f51203ef3c99aa7e6db377241d9db935d80059093dd7ed392dfb47a9cd88f,1764461539,1764461543,2489,51234,,
0x2af9b1026c0457f2ad32bac01245834b99853a3fe11954bd814f5cf7ef0bbc5d,1764461539,1764461543,2489,51234,,
0xef135742a56ba019aa1fcac1633411d124e13db7543175afee5ca277b15aff64,1764461539,1764461543,2489,51234,,
0xb2712cd91e14e2fde055c1a2d03856a3f72a48e4388e7d0ce54a07ac408f73e8,1764461539,1764461543,2489,51234,,
0x97eb48968509dc01e362f02624913f69d4d0f25b053cd2158889a41585ce6fce,1764461539,1764461543,2489,51234,,
0x79485fc53e06d689f51a50faa3776855750081a6608014b53c76769cadbeae3b,1764461539,1764461543,2489,51234,,
0x497262e6f3cfefbfc7225856f6fb5bad01b473de4f4e043962760e7956158597,1764461539,1764461543,2489,51234,,
0x788d733f6feb097dc0d6426c70e4d239a2b114cf75b6b93bc795e5102ded6c46,1764461539,1764461543,2489,51234,,
0x2c20033dd78eecd468fe99deb443516f744f7a648a52cbff2be929dc72c3fa4a,1764461540,1764461543,2489,51234,,
0x96b2646d7f60ee3f3de6b070dbc010aa3133f1a56a1634cc1983b443960eb520,1764461540,1764461543,2489,51234,,
0x8a1bbea050050d5f9259b2f3a1bc9e276b367bb78fca5b1cc7e72616a04c8960,1764461540,1764461543,2489,51234,,
0x8f0112789efcdb190727130a4188b1d2e6328d9697ebffc6c65cd4a900c5c147,1764461540,1764461543,2489,51234,,
0xa385ba3ca1d3ca2af225ac79d1bfb601d0c92f8548d2bf583e3a8213c946ba07,1764461540,1764461543,2489,51234,,
0x113c4b3266db962de29d14bfd58ba7558ee2cd5d3969c6c8f2085cb6dfa9c333,1764461540,1764461543,2489,51234,,
0xb6ab5b7f620f205352de0bc95a05a03220a90e58e9b1722af188c475f17c254d,1764461540,1764461543,2489,51234,,
0xab4ac06df2c65830aa3887bdb0074a3aa38f409b62f50aabfb3447a01e746f32,1764461540,1764461543,2489,51234,,
0xd02fbc353fe9a1fde33c2bab45b32326f55c657b52c4b8889ecf94106a81b931,1764461540,1764461543,2489,51234,,
0x5834b0dffd774f9e2890c93e0e3f2daae72e634dc34fdefa409e9604b0bd0e7c,1764461540,1764461543,2489,51234,,
0xf4a03252b7e33c630820a73da10ae7a1a6418460bb6c1b7c0d3e9167318ae8f7,1764461540,1764461543,2489,51234,,
0x3e28b3d0758e8a5a10c2f04a49c0f2f9b4fb23214eb7989c25b09d1a51ea55bd,1764461540,1764461543,2489,51234,,
0xcc2a417791ecb9935d5f489b8ae8efdceeefba82074d41a4f0d9b64829e9ee64,1764461540,1764461543,2489,51234,,
0x78bfc6cf122a1623ab9ab21e2b7090daa4f6119247a45956c74f4c174473bdd4,1764461540,1764461543,2489,51234,,
0xbbfd3e160c28bc91d5ff2899cc42fad9abe64663c7025fb1432918d0f0e2e476,1764461540,1764461543,2489,51234,,
0xd0cbbddefedf509a83f850e5831147fea5011be785ea83f98b456f97388d325e,1764461540,1764461543,2489,51234,,
0xbc6a50dc109df541fab0523f288d2ce715d3ce8d4238e04f3b3f6a0bada82f57,1764461540,1764461543,2489,51234,,
0xc2a019bda881693ab5bbdee9df1d7864a5c1d9cd3dc808e8067ddbd32bf0267a,1764461540,1764461543,2489,51234,,
0xff73e59120de07dd40ba3b4febd090b35ca0d88dbef9aba0c8ae38981bee63c6,1764461540,1764461543,2489,51234,,
0x3af1c8df7b780e9b22c3d3446489961962c89099b631a8082fb816a9134038ad,1764461540,1764461543,2489,51234,,
0x736f9e31808d74d26cc6d9f2457129dbb3fcae3d8265a2265a829606298606bd,1764461540,1764461543,2489,51234,,
0x4a7deb5f0401c8190c2ab8c56edb8fc15ecb3babe4df0a6901710dcb9c94b4f8,1764461540,1764461543,2489,51234,,
0x399c98b3881e23ce2c0484b92e45f8bcb444eeaacd3ea25e3648c539a537af58,1764461540,1764461543,2489,51234,,
0x8eef87a6c8cc5a9ffb93d17ec09561ddebf0958610b62294ad73e3b3f637b8f4,1764461540,1764461543,2489,51234,,
0xc6f365bff7109e2b4ac9f40b6479c1b11d671abc0ddbb83486277f169b9a3acd,1764461540,1764461543,2489,51234,,
0xbf12438522d1e4dd9505e1446fa5024da9e3aae8f42c77511f2d90a7350d9432,1764461540,1764461543,2489,51234,,
0x088c2198a32ae390f332ac64a498546ef29e067cc1a1478a20b40ed959751fc9,1764461540,1764461543,2489,51234,,
0x40273a0ddd657c83dadea64d6ed5559efdcff186a1355b5b58eb38bec92a6a94,1764461540,1764461543,2489,51234,,
0x3a49bbcca56761a8e4ef9849699cde3f523aa9e98f39d234edb06af24579e0b9,1764461540,1764461543,2489,51234,,
0x05f0d934ac7ea02086bd50d8d058f35e0810f501c00724768a9a1eb69149c716,1764461540,1764461543,2489,51234,,
0x112e01d6fc4bbd7bd8df5e9786d7b6bfcbc9ca074ea11ac483f52bf0e50471af,1764461540,1764461543,2489,51234,,
0xaac54265a8c9300dcc784032cd712320f386996b4d1663942e2913adf139435c,1764461541,1764461545,2490,51234,,
0xccddabf235b216edfa487d87b28460018f9a8eee2dd61c4e90102caa4374b54a,1764461541,1764461545,2490,51234,,
0x7592c8e0fc2263f6978cf62a3315b6e83c49f77db5162191e8a809662f00a5a8,1764461541,1764461545,2490,51234,,
0x2f5d8bed9b73a8488963f121af8719593680fdbbf202f250f55509dfa54a4f95,1764461541,1764461545,2490,51234,,
0x3a1068143ccf2aa18d511eb556ff7e7fafc8835f8c4cc6562d14edc840300843,1764461541,1764461545,2490,51234,,
0x41f90c8a538cab89a9d33904a13915de389534f3a8896dc4d3443aedcf7d188a,1764461541,1764461545,2490,51234,,
0xfb33e3d5d5b4e1eb69ad0a925bff2efd9f3e7b4cc94621aebe7b9a430d6a625c,1764461541,1764461545,2490,51234,,
0xbd9bbfb4660bc61a12c35ee2417831db493f3dc590fcb3521638ad75abbe86c5,1764461541,1764461545,2490,51234,,
0xa375b8dc29172150f340981fe6ea795fd5a67f7ec369148d6bf8a4b5419cc3e0,1764461541,1764461545,2490,51234,,
0xf0187720c07963b4ac0a10cd4958aee3f70d5ec9c504b78baca08b1bf4f38c9a,1764461541,1764461545,2490,51234,,
0xef132178a130352e5945ad902c7502584dc9cfd2c6da00f9e2b2f4ca5b61a9f9,1764461541,1764461545,2490,51234,,
0xd7f47790df6424b78e9b17dbd66601d7707f11c9c20e1df79fc2d4e8d6f23cfb,1764461541,1764461545,2490,51234,,
0x72af507b4b914cd5ba5aec43c4351b8a81fa72b61ed0a964ff69c9a98899f656,1764461541,1764461545,2490,51234,,
0x8b52493dc46c0f4052173d981d77e591452ac468bd932b1f77c98ee1871497e3,1764461541,1764461545,2490,51234,,
0x3e862b97d322963379028275c8a511c70de60f3444932afafcd3321fff3b6961,1764461541,1764461545,2490,51234,,
0x8bccebb83b4a77ab4d8da40273ee594c3b99398d7ed6b98d279f7304413bb284,1764461541,1764461545,2490,51234,,
0xbde6171caa69dcc2c0f88e94939f9d05179f54a717041e2bdebcf41c3304ab44,1764461541,1764461545,2490,51234,,
0x4c2bf5683ab3d6bdb30b05286d3cf4b2c8b79243aceac4644fca5a4324f03ecd,1764461541,1764461545,2490,51234,,
0x5898be15397bf98ad27b88048089efb23798dee04ece1ec1cd0b67f8dc7d35f5,1764461541,1764461545,2490,51234,,
0x9f618a45966e30d10498970b8c941fc927c7875679fb15a200c6add7133627b5,1764461541,1764461545,2490,51234,,
0xc4a82ddd3282fd7ae4bf9d6ca9b071cc7377ba3352e199bba3ed64b3fac401a6,1764461541,1764461545,2490,51234,,
0x19967d59b33cd9d711957312bcec6ce73dd65ba67034867fce0f6ab4870b967e,1764461541,1764461545,2490,51234,,
0x7526278bc383e9393ced2b2480e18a3fc35bd86cdb053c44d45900f7318597f4,1764461541,1764461545,2490,51234,,
0x937cf72cd07775bf5957e9cdf808276c32e8e592a293c143f599eaa29d41d6d3,1764461541,1764461545,2490,51234,,
0x2e2e79b94d3bef429daf8ed8765ece1b9813b1b2f6f5699ea9c19f279e12197d,1764461541,1764461545,2490,51234,,
0xa51316fabf6c04f95f24f08e9d650c1033b41685482b87a120c62b740a1f81d8,1764461541,1764461545,2490,51234,,
0x9ffd4f06206eb0ceab284c96919df3eac2ab96b1f092396eb69535b79b3621dd,1764461541,1764461545,2490,51234,,
0xbd16cb203ab481d4b01c446acea2d3ca90e3f652d34d7e151bca7606450d1155,1764461541,1764461545,2490,51234,,
0x22ed17eab19768238de1b97fd35af01c467b28147084e8affbfc7f50040ce967,1764461541,1764461545,2490,51234,,
0x5579d316e108645c148b639b3d59cdcc186fe1ce782b27b17e47b924a32deabf,1764461541,1764461545,2490,51234,,
0x64108f0723820715d402727dbda9ecbf4e70d7b05c99263696742bc672db1dc2,1764461541,1764461545,2490,51234,,
0x305f27592d1de31a60ff9064334be6637a39b7992462bed8aea9a8599fd1824e,1764461541,1764461545,2490,51234,,
0x5c5757678a5afd2f2407ad85f4211a15c0ad99a669090b6967fb9b4e57a057cd,1764461541,1764461545,2490,51234,,
0x84130cdeb900265d006bf975e4c59961304d00b39c4cab20aad2e754f52fdefb,1764461541,1764461545,2490,51234,,
0x2002016b192a5a95af210278ba82e07842b3713de23f0163fbb1c5b07eaa6fe0,1764461541,1764461545,2490,51234,,
0x4e0b5aadab6610d9d85df905324c76402f300a52ade88efa207a61cb11dddd94,1764461541,1764461545,2490,51234,,
0xd4d7eb6339e72d166bfcf43679e4f33a562487eda5e53bc698afbbd50eb1e9e7,1764461541,1764461545,2490,51234,,
0xf9c07b99c2f17b28efee328654dd9dccae1601c0977027ef59d6efa1f2d30f0c,1764461541,1764461545,2490,51234,,
0xcf1ee3a40ea8556028aeb8cc1318c3c81568c5090c0614704c1fbf4a6acc4f94,1764461542,1764461545,2490,51234,,
0x0172dedb3c8bea755cc350b3f16a8ea03e2573c239ed149fb8af093fc7637846,1764461542,1764461545,2490,51234,,
0x7007efb2bba66a8c1fd786e1e9836cbf247e9c61b3f60aab24154143375c959b,1764461542,1764461545,2490,51234,,
0x096d74631f3e9e0ea3455e5736e8dd9e3a41ba599df684e5f2145ca27efe204e,1764461542,1764461545,2490,51234,,
0xfa4a6f140a5bb14f8cd8986daf28e6f6da749698c03e1c5d7c56ba87e2a69798,1764461542,1764461545,2490,51234,,
0x4af5ff5e55ee93e241336b791fa45eece0051c0e0478a5833c96b4b689567e34,1764461542,1764461545,2490,51234,,
0x3bd24fc3e53d0076c58df548c368ac2ae73f7a107db5a9126cb5f194799e2ca0,1764461542,1764461545,2490,51234,,
0x0cbf0962108ac8c9441f56cc924379c38aa9d17160985ca40c78fc6bdcdfd9ad,1764461542,1764461545,2490,51234,,
0x67324c2f94368d8da32f809d1cafddd812e5482b8a030d3da3be71f68a76e1d6,1764461542,1764461545,2490,51234,,
0x245fd31668ac625ebb02f857a5e47b1813d9653ffa71b7207fc792bacff6e0bf,1764461542,1764461545,2490,51234,,
0xcce348338a07c4b19ecfc56721fd7069b3eac8e90229e4704324bc9c83d26270,1764461542,1764461545,2490,51234,,
0x4cf27565ea8bf7313072e4018fccebe43d545839f8348e2320ef9729053fcca2,1764461542,1764461545,2490,51234,,
0x0a48c1ba6314adee066592c32e56a0a830a29fd778b4bfd3691baa2ea9235eaf,1764461542,1764461545,2490,51234,,
0x3b9d057064c1974419627326c86e14ab1d54752d2025e6b5257f65177c3f6031,1764461542,1764461545,2490,51234,,
0x22b7f6033b3372cc0cf159cf2659142ec4da0103f6ab45c39d6a9454fd469422,1764461542,1764461545,2490,51234,,
0x2a8f9ce5651cf2bc0f5e8bf87efcb18fd0b06d77e81442f796c19f3dd9e5f042,1764461542,1764461545,2490,51234,,
0x3b4750dc3328a170cf0ac73130a52c26af483efba3362c7792ba1414acf89ea3,1764461542,1764461545,2490,51234,,
0x00699eab7808daf2c8ba1aad946bd5885b44ce62d67a17b87c4926078c1a3c34,1764461542,1764461545,2490,51234,,
0x7a80050175fde27b3eea4993d3856d83bb0a5d6270f7285e97aed8c9b56f33e6,1764461542,1764461545,2490,51234,,
0x67a14814e84633e7793175ab7dee0ff9fb49c6513e019d1a4b4a4c6f001af2b8,1764461542,1764461545,2490,51234,,
0x9b947bffdc4ac46b0e105d36ae82528595026250cb632122671bac5e2e5620b3,1764461542,1764461545,2490,51234,,
0xe86002743dbb74455f0727d20e66bde8eabf33447f33fc4ac6417a59928da4dd,1764461542,1764461545,2490,51234,,
0x83d20d7e24ac36c9263658b078e9867ffbb209f4b1ad273781f583e333f1a810,1764461542,1764461545,2490,51234,,
0xed0575fccab51027aeb6389229afa877a02fb3a1c154a83f4efe16d4735d88cb,1764461542,1764461545,2490,51234,,
0xed388128ca553f390f05213cbc8ce1f9786b4c00fe184a221a2a4edc3b6b2ecc,1764461542,1764461545,2490,51234,,
0x9a60b3c14361b3319726d9552494657ac2c1ed7f9867a3cff4dbbdc5b5deb194,1764461542,1764461545,2490,51234,,
0x1503f4e15498f6194e5695d984e2a0994154250dca687ce660220c302bee0804,1764461542,1764461545,2490,51234,,
0x20580d78baaca390a6bc2df24b3a962585afdf98f41e81a8eeaeb86990aa67ca,1764461542,1764461545,2490,51234,,
0x4964cc4336b6a6f52d91abb870a721084cabb1e7e05f223ada716d584db716e8,1764461542,1764461545,2490,51234,,
0x86b992b5582f0905d4a3bddb66adb14f2722f7352747ce2ff18d0faff0c4bc5e,1764461542,1764461545,2490,51234,,
0x7110629fe175e41569ab42869197fd4976e5a4af35307a807d66e272a1aaf155,1764461542,1764461545,2490,51234,,
0x187d5b71c4068f1bf8734971ae54a21ba75f1a3e88a1b0bccb5bf68dc7a2ade6,1764461542,1764461545,2490,51234,,
0x97cdef421ee0d0d50b36dd9920d74e01342c821eb44e94202d72dceec2fb336b,1764461543,1764461547,2491,127941,,
0xf3534cf1ad764b9c6b23e081e3d9ed40056e464b40d19af2e31c3789b6d1f1da,1764461543,1764461547,2491,97625,,
0xdf225fba6b964e8e7fb6613d627e12639bfea4320a070c42f3fe03f4d32d404f,1764461543,1764461547,2491,97625,,
0x2f65a8e074aab33618b3b9ba4330707df6b8ab4a7cff4d87a0fef098f5b2b6fc,1764461543,1764461547,2491,97625,,
0x15b94e140c809be2ff6e0a01d20d87fe6ab477080294981001a55dcd5adc6f74,1764461543,1764461547,2491,97625,,
0xb17fabc3ffd43a46ffea754fa4fb72b92639073333a019b3f5e77507e9dfb811,1764461543,1764461547,2491,97625,,
0x88fdb6629445decdb82dced4dc1aa82cff21513601834499168e973b8cfcec5b,1764461543,1764461547,2491,97625,,
0xea3ec31fd919b6e3289c50a7fb4659b884b4b86708f64050c01e323e269d2adc,1764461543,1764461547,2491,97625,,
0x865193fa6d001605e2b735a1d25d997e10c9f3510ef2bd575fab3a76fc6ab242,1764461543,1764461547,2491,97625,,
0x9dd40e90925aeb13ab79eb75b603fd44708016935ef5fd8c5cc9fec3ba92d56a,1764461543,1764461547,2491,97625,,
0x1d0bea53c33a501df467dbaa432b0c49c22145904c8e05c57db769e3bc6fa138,1764461543,1764461547,2491,97625,,
0x9998362671da507dc9fe20f81fa298a3312ef5ee92416a659294c8e57ab79315,1764461543,1764461547,2491,97625,,
0x7131ac81b7588a3eb173a09e50f86aa2c9833fe1b54b0416323be319c22191ce,1764461543,1764461547,2491,97625,,
0x1f2be190afeda1d9f12ee9fe7e0fa8071fecdbcfb2d237b21fa09fbf898577c7,1764461543,1764461547,2491,97625,,
0x2d7486591147988d0d25cead1c9bd48bce42a0ae742158f465392cef8f36b5e5,1764461543,1764461547,2491,97625,,
0x6adec5ef25a607896c53616a1de27ea07b8f90f58ee1759a2ea3b74b6cf79139,1764461543,1764461547,2491,97625,,
0x8ff17952c0d79aa5bea77a6fca4d60278102ad36f2bce4d8e5d06dc505010e0d,1764461543,1764461547,2491,97625,,
0xebc33ad1c7eb7742fe3e5e113b7276fdf914ecf2fc4fb25525c160e4edbe0685,1764461543,1764461547,2491,97625,,
0x952381cfb617fc2bd160f82448ad795d440764c68a34f46bc8c7190e802e02bf,1764461543,1764461547,2491,97625,,
0x46a46625ac0e0bec6a3ec1c7f1754d12e4511e75757041121415b5c54690d2f5,1764461543,1764461547,2491,97625,,
0xa9feda71236c1bef372d62907fcffc92e6ec4440af97ea709af7897ccd656e6a,1764461543,1764461547,2491,51234,,
0xfffc568f17a134560e7aab9e53bafc2a52c6bfcce8b7bcc3c3ec1b82fc61a6fb,1764461543,1764461547,2491,97625,,
0x27e063fb6900ef57c1ebcf0d20189b6f44abacf5f406e1a2e2aa3966d37b4827,1764461543,1764461547,2491,97625,,
0xccdfd99cb048b99dafb250715a3d7af684eecaf2728a622361a6c3437b37e520,1764461543,1764461547,2491,97625,,
0x6cea9e2d5cff61ffabd312b9a2329d35c18e7ae5a8287833585daeb89d48e344,1764461543,1764461547,2491,97625,,
0x6f59b02f9eabc6c9579bd1c10240404728f9949f897437b8e7f0e470f12836ed,1764461543,1764461547,2491,97625,,
0xdd5e130ee77197e81c5dad9aa64f627c94a6781bf545b63cabc754cfe18c1f3f,1764461543,1764461547,2491,97625,,
0x3a3a794fb196e6b18d76faceb3c8b76816ba4df4e61e2dfd05e1e932845cc4b6,1764461543,1764461547,2491,97625,,
0x097c7ae2fcd87b7516d53a685d56d525df9d6f4b154f5c20490c8bd81c4873bb,1764461543,1764461547,2491,97625,,
0xe5a85ea6bb82846b1155ae49240226cf66106fc908d201bf8d6d96fe84f31d6c,1764461543,1764461547,2491,97625,,
0x3e8155b7a426c84802092372f5a1074bbb49c4d754325db8321682c51b376174,1764461543,1764461547,2491,97625,,
0x25c82be7c1293369b8ed5451185c3f272a6e240d74c68aacc1a2fbdb482a160b,1764461543,1764461547,2491,97625,,
0xd58f270ce0ab423f1569ac043f1dd01e95f67cb4d30745ffe0ceff55cf47e5e9,1764461543,1764461547,2491,97625,,
0xbd38f7a86497430b7348977a13450dda4e94949082cf21dcbdfcfdd440cfb8f0,1764461543,1764461547,2491,97625,,
0x889eea0af2fc6c4c0245ec6ad2fbfb65dc8df75827b0beadadc3b69f177296a5,1764461543,1764461547,2491,97625,,
0xc00b08d3311426f144b1ee243e384b44e3568d3ee4813dee7024f6c6a7178ddc,1764461543,1764461547,2491,97625,,
0xc445b7218c08bcae93a74781ca6b5df25322ed4ceb353783126d8e1e49c7a07b,1764461544,1764461547,2491,97625,,
0xc96ab234a5408bd5e86be428ce11477abb6b2cb192345000d6e156db41894393,1764461544,1764461547,2491,97625,,
0x19cb561de485ec01a6a90ef17f0179a7f1bff7550d07aea4d05902bbae8c7a55,1764461544,1764461547,2491,97625,,
0x25bdc76f19b5128d7e5e464f713ae328512d74f16fe07fac9bcabad6926d9d1e,1764461544,1764461547,2491,97625,,
0xbcb605f2137bf6cb80abb5e557f90e0fe04d4b413bbcc2219deebab10c620a5f,1764461544,1764461547,2491,97625,,
0xad538b0541485ac834d55c8f14e71fd7276ad249cc104d3d4788147e9e9347ce,1764461544,1764461547,2491,97625,,
0x0d77cd37e0ee7015ab250ab8c9aa68dde65a31696ec80d910f2ad56b262bd2be,1764461544,1764461547,2491,97625,,
0xcfe48a79e86e722032a8a481275663a352239b0715e8742206821219d821c32b,1764461544,1764461547,2491,97625,,
0x6104571a1ae4daada0c8196d74d805c4ba6bc5f6464a5583d2676cc35ba74efb,1764461544,1764461547,2491,97625,,
0x2a31b82bee3e515d55227cc6dbad7a5fe39db60172f27f4fbc9105d7bb8ce602,1764461544,1764461547,2491,97625,,
0xe05754cd55deb45b68ed7e65d9f0ea4d5540248402a967e686d29df62d632283,1764461544,1764461547,2491,97625,,
0xf262ecf1e06d7dda6dfc3670b1f2972b27cda17f1ad3a37a2e81f2d3d9618bcb,1764461544,1764461547,2491,97625,,
0x49b5a526f3c7a55fc47943103c1fb816f75180008fe22bf86e45f3b28edb0837,1764461544,1764461547,2491,97625,,
0xc8ae9d74d38372cb0cb4921f8a9b08673d92c35d3dd62db8549b9e45f24739ec,1764461544,1764461547,2491,97625,,
0xa386ab6c70631d788083a70b643203f94e983e52aa0c6bf6d0a234e2398bc102,1764461544,1764461547,2491,97625,,
0x36add9f8b6365651496d595e3157af465a1b33e7694b9a113402dcf56a0f9248,1764461544,1764461547,2491,97625,,
0x6bb4ee34f3c1c5bcbe18a04a754a0dfbc20a7f331d1d3c61dc9ac4545b4a3965,1764461544,1764461547,2491,97625,,
0x309e7cd51ca5c1b9c3c286a5f726ad75ffcf306d86d63a524cc12ef0e8470b2d,1764461544,1764461547,2491,97625,,
0xc3da4eea35bddbc388df2c6a14e6569f567130a9da0cda9c69c2e16dd14cb905,1764461544,1764461547,2491,97625,,
0x1e627a6fdaef3e7c893ff0d3a0c4332a816724636924ef2d743220168a6fc587,1764461544,1764461547,2491,97625,,
0xbeb3a588c55483f94994ee97d937a5a445e6b2805398a6fcd8ad4a3be79b89bb,1764461544,1764461547,2491,97625,,
0xa99c8f2196c3db69faf7d4312f8c259f1d58a6ab8fa0c9b82e397b0ca1be76f4,1764461544,1764461547,2491,97625,,
0x189a3f3c181e025c409994b1079c9fe0f5f191f44dc8243c4239beac7ec973be,1764461544,1764461547,2491,97625,,
0x532a35b7f8dabcf9060242267588e172d52e52e8f0d00b2b59126d79587bde2e,1764461544,1764461547,2491,97625,,
0x5cebc1e9a774b6017cc826e50563e895f97a540dc526646ba9fa97e14c9c0af5,1764461544,1764461547,2491,97625,,
0x853087531e2786d9f8961a94ee6f61d3448bebfd5c5b41193548f94df47005b4,1764461544,1764461547,2491,97625,,
0xf0ec85c1e37a1b23880314d030c7d73935caaf92e0148a009d759545a22f792b,1764461544,1764461547,2491,97625,,
0xe7e101a9866f54ac2e1fcc454ea7e28728b081e89d43ea3b835b4544aaa29e5c,1764461544,1764461547,2491,97625,,
0x749a7afdbdaf81eaca6898fdb6cf1a176d0cabda1937abd0467f1403ff73ca56,1764461544,1764461547,2491,97625,,
0x7e2c6f25ddd45a52a110c45c38056f7a5c3681a850857d1e8c8bff573a065f18,1764461544,1764461547,2491,97625,,
0x529195758a08d9ab04d14b2feb31d4c7b5005a8036937c57c657520dcd4c779a,1764461544,1764461547,2491,97625,,
0xc6f7f9430841c17fbe33f375016fa296c2d07c7dbe695c71a190c456fa8211e4,1764461544,1764461547,2491,97625,,
0xafe3dfc92f68c75f08c8cf7ac18940d4eef9daa7fbe3698590982a8070ecc337,1764461544,1764461547,2491,97625,,
0xd18b6ed7bd8b7bdb00e48f7132edb81c3190e89dee045ef366df51dcd2aa16be,1764461544,1764461547,2491,97625,,
0x0fb8ce965e22aafb2a3b3e67c0fff41425c9a036c4e9f322858357edebc9a4e6,1764461545,1764461549,2492,108041,,
0xd424c110bdfeb3c6c20fe03af9f7c52c10cb768d1547cc85ef818890834dba39,1764461545,1764461549,2492,97625,,
0x9bfd59c4bede4080e2daba80b30bad3d6a7fdbb474725d27a250fed2af9cd03a,1764461545,1764461549,2492,97625,,
0x1d4b5cf218a36a5a23eef39b5478dcd230c9bc46987131c2477ad20ba96527a0,1764461545,1764461549,2492,97625,,
0xff0b49f84cfd04bcb91a80dc8b90d5bf9b856edda406f1331519dba8af8d0fed,1764461545,1764461549,2492,97625,,
0x84304acae1b2e6a89863b043aa4f5d5e0a54a4c8dd12df426065df5923add13c,1764461545,1764461549,2492,97625,,
0xa927b31b593e19ef7ab404fa704fd624c0195dd9f5e62d676dc1c610f10852bb,1764461545,1764461549,2492,97625,,
0xeeec3a25028ab08f7431723aa08c82ef4331c984aee4ff063e38b3a1418952e2,1764461545,1764461549,2492,97625,,
0xea8900550114c18ce9cd8db3a0d641d0fd3e51b40230b3344c151100e8e2a816,1764461545,1764461549,2492,97625,,
0x741ea675ffe7d2c4a910d0665f095174a1b012b7299ded236595eb4fecdbb88b,1764461545,1764461549,2492,97625,,
0x461d42e7daf828af584ffce20022bd76f325eff665b7cf02e017b884b53bd988,1764461545,1764461549,2492,97625,,
0xcdd67713701aec24a5f72d6b97cfeef43dd3655f74e5b7c37e31c730e5e7cfdd,1764461545,1764461549,2492,97625,,
0x7a753dc07389df5b3cba5aec9955896d5697ee4d75f92b6412e341816a006909,1764461545,1764461549,2492,97625,,
0x6c4ae8a0d93891ddea77ad0910fa9290c07a5ba468dcb7cc1e716a626e1dabd8,1764461545,1764461549,2492,97625,,
0x41e9c914ca701e2fec78b0627a16a09b0c550723f2e054c8cc0f9a16c6043d88,1764461545,1764461549,2492,97625,,
0xa41cc973a7a03cc0ca28936a06a0ac5da94c3bcbdb41626629f5cd9dd1206045,1764461545,1764461549,2492,97625,,
0xa0cc97cf0f2fee1de33a83740c9d8339f754a9e4a5f7855786b574161dfe3da6,1764461545,1764461549,2492,97625,,
0x5966f676e26424b178ecc37f178773685285f449dce405ef0e6d78197cda3d3c,1764461545,1764461549,2492,97625,,
0x31fd2a95175dcaa52f98746196a0837ea5c1713558225abb511decd1fa6768d5,1764461545,1764461549,2492,97625,,
0xff0dec9298dce0bdb9c9cda0fabb7cfa9872a176ae60075e2cf739b38ee94247,1764461545,1764461549,2492,97625,,
0xab23f1b6e4bd20f42e904a3d3d107376f1c6536c59ecf553e059289fc5f622ee,1764461545,1764461549,2492,97625,,
0x8f064c92ed8ef5c19b16ba08d0ba6714712fcbcc51438688d942001286fdfdff,1764461545,1764461549,2492,97625,,
0xe311fff1a7e494ca46ee70f02071a798c16d07757feafaa912837f8817ee7c11,1764461545,1764461549,2492,97625,,
0x9abeef29eb31e2b41b6e9a99ddb99bf325ace1b23e394a47979d14668bc27058,1764461545,1764461549,2492,97625,,
0x0a804cbb7bce60abd8d19b975e8e60b322ccc77fe30716984fc48c24aea02ea2,1764461545,1764461549,2492,97625,,
0x81ac2687de2c76c930c6134a6c320e80e44dc4bfc8bec955422b5565b6acc3f9,1764461545,1764461549,2492,97625,,
0xe262fb5219b75fb0dd932136b731d2d10e5e8f66a67b37c385771605d3e8cf3e,1764461545,1764461549,2492,97625,,
0x2dea9831402c3b864a6b939c38f807d97cd8164fee0756cdd140212d1863fb0b,1764461545,1764461549,2492,97625,,
0x7b849463f3972081d979b97424906a60030e847a4bb98691055fc97899d4cd84,1764461545,1764461549,2492,97625,,
0x8b8b1efe49559c09a3032d6f117524f34b9434fd03035de7caf728c5e8791ce7,1764461545,1764461549,2492,97625,,
0x884f9cecbccea433641ee70b4cf1f20e74814ea90f00d0063d7dfa2171067819,1764461545,1764461549,2492,97625,,
0xf66c3581a497313bedae27f68737d76868f4a2cbab246f1bf2b0c40fb951f5ef,1764461545,1764461549,2492,97625,,
0xec202a8dfc32222f8c15a50118e7254bbce386a546009232d92aa0f59e866087,1764461545,1764461549,2492,97625,,
0xe429a4e5ba60a470b80201c3cbe1c50b2682ddc2e51efd123dda565c8c244e05,1764461545,1764461549,2492,97625,,
0x21165807bd2eb6bab175e10e077ae39cb5aecb91d13eabea14702a18d21ba83f,1764461546,1764461549,2492,97625,,
0x2a9f4f5c48927f6f58a959ffb0e249589a0ce96b20db0b8c897eaca68d8e36fd,1764461546,1764461549,2492,97625,,
0x838398e38eb0b581d85f1299d8a2ca1c9c732c6068d30be07fdbf701c5b138eb,1764461546,1764461549,2492,97625,,
0xa546c8b6e21c79441876339b9bf696b9fc7125b8fabed9a1a1ee517aef0a2749,1764461546,1764461549,2492,97625,,
0x5a7089689d9056d9f6a941ad673f4ce5cb42e4aa37ac41970e5c687bf7786299,1764461546,1764461549,2492,97625,,
0x33d301692b47ed4a290eb73495f5f5b79518212aac847e35c103404db773f620,1764461546,1764461549,2492,97625,,
0x2a5cabedb573682428457d7ec7a333088e68fbfce2edd38939ef329e8bd2ffff,1764461546,1764461549,2492,97625,,
0xa10570e14864c62b157c6b6920982cf017c0495d3249020004a872d7149743ee,1764461546,1764461549,2492,97625,,
0x6addcc894760505a97fdfc932b5ba88b839ebc1ecd559dacc8ab1552f65e889b,1764461546,1764461549,2492,97625,,
0xe907a0ef10afbde3e38d89e213d2d2b701fac022c23f32f1029cdba0707978ff,1764461546,1764461549,2492,97625,,
0x028cbcf7f416a8ac25f88e1c1f96529b5804ad799f290e69d48dcb930f4d40f7,1764461546,1764461549,2492,97625,,
0x5f89f118ec7dde6b1b03c8a741bcc52a077a528974eca7e854bdf2b42c3e9a5c,1764461546,1764461549,2492,97625,,
0xeba815382b750bc9da65fbff76d374636f90a96aaabd01f593083cea6a791e91,1764461546,1764461549,2492,97625,,
0x6a0e0ea3931fc6e68103576115a60563ee5bc13f922ebd5463c8ad919c2afd16,1764461546,1764461549,2492,97625,,
0x020a3e13ab62d1059d6a1c552f1757275cf1452231199eb90cda9be58a17a3a9,1764461546,1764461549,2492,97625,,
0x59c4dd29545f950a165fe0d1fbf8d9aa7ed6714c22647f894aeb1ebea94b74c4,1764461546,1764461549,2492,97625,,
0x8c26ba1fc1ade82d459618eb4c78167977e16088c9b32212e88bac2d2aadd6ed,1764461546,1764461549,2492,97625,,
0x9d33320afb9d6dc76624175e0c2bba7d7693811dd74b43c95a6ed59b9fcae7db,1764461546,1764461549,2492,97625,,
0xe20c20a40f0c184c65fdedd667f56de89d916ca3f286f00b01f9dc9fea86ab83,1764461546,1764461549,2492,97625,,
0x0b9c8550a208eb336bb8fb6028550812d52b008b90a4c7acb870d760ac88244a,1764461546,1764461549,2492,97625,,
0xdd33e008c2e096024bdb40df5176b0e81d57075d3e7409029e6bcd27fae4dbcd,1764461546,1764461549,2492,97625,,
0x90f78dafe4562c241281199301932671fbe15c709e1fbfd4d32ccc7fa49e3d64,1764461546,1764461549,2492,97625,,
0xc9ef0d9713023bb87896c3f7145fe1b9fd1ae5440144e180936f573e40cd2f9a,1764461546,1764461549,2492,97625,,
0x62583624cedf97c1ad3b1c4ddcf75fa71acf27dc80a06346df2fd4d45d77d171,1764461546,1764461549,2492,97625,,
0x321229dfdd74cb7be004296d0167075690e46403cf6f6661c5a2a6c6784dd62e,1764461546,1764461549,2492,97625,,
0xfe0ebe99315785831c6d5bfaf18b03e1cc80347ec065c2d796885ecde391877a,1764461546,1764461549,2492,97625,,
0x035b8bdbe7a69c5925917137b19367689285913c4708c17a9d6f07ccdffc8cf1,1764461546,1764461549,2492,97625,,
0xbd46cbae23a6abd40ff3d39f039000097579a575812d3b322917fa44ec353cc8,1764461546,1764461549,2492,97625,,
0xb7415472aadac663a1f9458f5d32725215a1a30e265232da3902f60e30c78d68,1764461546,1764461549,2492,97625,,
0x94a47c8e9a3269ebb8cd989215090010a3f6afbd40e4434fbebbfbb3e7a135b9,1764461546,1764461549,2492,97625,,
0xbb768923d2c13f044a41b6af6f0cface758551d64a43c5f33934322e4c95e346,1764461546,1764461549,2492,97625,,
0x749b226b7a145b4e3a3473646a9f88fc3e6e7a58f2b63168440c25b7bab3759a,1764461546,1764461549,2492,97625,,
0x82ac216d8d5ad4f208187b45184be66d9cec13b2dfe3d8b04a10446f616fb0e5,1764461546,1764461549,2492,97625,,
0x2bc21d83407ccde3f6fad2f97294da226d010b42a9f5094095c27e726792ce84,1764461546,1764461549,2492,97625,,
0xbc57e71cc6b6c108b38344f4ff23a4fa6daafb19cf0501ff9c16114c6127cfd5,1764461546,1764461549,2492,97625,,
0xc4b4998a909800b8f0b4baaea0dec07efd8d6c6b81f57d8a438e38d49e6be7c5,1764461546,1764461549,2492,97625,,
0xfc67eec854ac6ce4b6e9e320669d5746ce2ff5dd29ec082143bca0e97eba4690,1764461547,1764461551,2493,108041,,
0xe9ef41c4b96092a8022fe9b9cd4f8fdeaf3548eedb1c4254802fd479b77c69fd,1764461547,1764461551,2493,97625,,
0x68e860e6bfef7ab0f73c85941864f01acb7a4744ed0a6560856da64dace3a6db,1764461547,1764461551,2493,97625,,
0xabea49afb8552a013a0a5aef8282434e369ebe85e98f8fe2eae75a4915de39c7,1764461547,1764461551,2493,97625,,
0xc4b9ca4d77c49ab779074b93c91b19e233b773753ce3a9e21b01b2011ec0df2c,1764461547,1764461551,2493,97625,,
0x34785076a3c7980b3307c12f53b7e349fb0c77fa8bd3eb0695d498bd7a375965,1764461547,1764461551,2493,97625,,
0x58bd6e2f87deffb271a7a1f8e680d72edb4af5f74e11679c16513b9740f771b8,1764461547,1764461551,2493,97625,,
0xf5e4c8d21a4d181a093e8461658b86b01e5292e367614823b18187ffd22c1c3a,1764461547,1764461551,2493,97625,,
0x440198f1675ab1c00e068658a6740c3f7ebbf0602287d2ac4a48d296c26bf29a,1764461547,1764461551,2493,97625,,
0xa94775776043344ed630153960ddc41dc9cd84a7e0d189eb4f74833a39f434de,1764461547,1764461551,2493,97625,,
0x599a69b9b5ae94619c77f57b3985707d2ddcc8f340ccbfbec27e74f9177272ce,1764461547,1764461551,2493,97625,,
0x85633cd04f37ccc3f39953d302f9680dc03d4ea3ad3da51ae48efdb86db41909,1764461547,1764461551,2493,97625,,
0x272788e94b42c1cdc83b82ba414c5b6b34771e8ccd3a2d764d2e601c4513b796,1764461547,1764461551,2493,97625,,
0x70e60d448225ead8bdbea8d5b0914bd1c014fdb390fcbda609655d56e1b01989,1764461547,1764461551,2493,97625,,
0xad4a177c3569236d4476f53616fa49fba6312d65acf21156ac520b23500e2582,1764461547,1764461551,2493,97625,,
0xb06b67a54596f943fe1854072210bebdff3f7d24a24f6f88344d73d5bc504c69,1764461547,1764461551,2493,97625,,
0x01668a374cef8d33b56bc14f704cb77fbb1e59e05f086b7809f31a2ae0131491,1764461547,1764461551,2493,97625,,
0xb77272665b68b6a240df6815cd82b6810ce1add2a285086f197c8eead2875f78,1764461547,1764461551,2493,97625,,
0x0802e384bd0d781b1614ab93adfb5f5127e87ae1decfdf51c0ad5bcbce756874,1764461547,1764461551,2493,97625,,
0x09decbb9c323887e99d5bb72640e8e20b8eaca386e6af9c278cb2dfb17dfb41f,1764461547,1764461551,2493,97625,,
0x4387fd0e2671aa06f91ea59f3001906be11beffca3648ab130680c1eb605e92a,1764461547,1764461551,2493,97625,,
0xd3c2886438bd452e25f8058ffbda6e02534c987128d63ca35bb446d661171721,1764461547,1764461551,2493,97625,,
0xec39be5aa3a0fb78012e313913548cac2594bdd18492ded2151f3e4456bd8788,1764461547,1764461551,2493,97625,,
0xcabc1b0af81e99f747d3abbcdd8db37643626deafb3f7b168077fd13fb7d4e44,1764461547,1764461551,2493,97625,,
0x391f0c8b47d1fb3fa470c2a7f0f090b2c359ba4943103851cd507a292f71105c,1764461547,1764461551,2493,97625,,
0xeaaf1bef7689eee0b151ba26ca4c601d4cf3e7307b48d2b04fcc77c336f9e9b1,1764461547,1764461551,2493,97625,,
0x5b9ffb7c6b96049583105763182489135c82c91ca65f3471f90b2899ff05ccfc,1764461547,1764461551,2493,97625,,
0x7b01f39f6459ad6bda2cd0fa9c9be467936bb1a3745326a92ee72f32944bf47b,1764461547,1764461551,2493,97625,,
0xeafc46f987a4e87ccae29822b97e8978f0a41c6c292a2e13ac9eb568b11bd970,1764461547,1764461551,2493,97625,,
0x2e7275bf3ec0beca4911108a7a595c1cbc73f076ee1312a6c818c9dfa465ef39,1764461547,1764461551,2493,97625,,
0x4541626f05780e72baf6805a9dce50d71f7e8cd9aeb81e5c528ce245f1aa3997,1764461547,1764461551,2493,97625,,
0xc9d396c1e5b375af7d24ff9dc68ddeea323f5fe56c140280798bbe3ff78fbe8b,1764461547,1764461551,2493,97625,,
0x57ccb07b2871f5259f73cd65e6eacd7dda038438affb5cc14b70e760a3a0ad16,1764461547,1764461551,2493,97625,,
0xf3147a51fba063377ef50a080ee03b9f9a976c8b18db9bc79f713e6246a3c7c3,1764461548,1764461551,2493,97625,,
0x96b1c530f26c9cfbb4d6b6c3ff7a8a2b95c6cd6de0e49c1ee85ffd8ad4a4a0b7,1764461548,1764461551,2493,97625,,
0x8d555988eadf395e8dc09be19d577ec2e3cd515db088c9a21363b70d45680191,1764461548,1764461551,2493,97625,,
0xc069249e837f0301c89150856c630ca1f352753fee4af45755eb1bc10be273d3,1764461548,1764461551,2493,97625,,
0xb1c0f3729d6b1f4ca6f0c03ed52e395f89405950d01229799b837e7e2ff9c485,1764461548,1764461551,2493,97625,,
0x90e1c6a43479cafc7e2625d671a92a1dcc7fb30156864c52f56194f425b1be01,1764461548,1764461551,2493,97625,,
0xab422b05a18f4c2b10960c7aeb48485f9cbf2770004997c248df70396fe27651,1764461548,1764461551,2493,97625,,
0xde1af79e3f3d6ba4658726c55599cb7ca7776fd755ac5af1c2c2a484008fb96e,1764461548,1764461551,2493,97625,,
0x5a82cd18df8002c8725f649289c55fbc089cc884c570b35d0288ea3b5581786b,1764461548,1764461551,2493,97625,,
0xf66702b8e90518d77195bd470eef9214c6e647d05755794a3acd0c91bd03e5ef,1764461548,1764461551,2493,97625,,
0xb535e03e0d598b1aae7945b392e6ea5d22708a024958492c8b211a0ce4736165,1764461548,1764461551,2493,97625,,
0xe2094f268bc3635faf3b0667faadc2e66d170f73eafab86d14cd35d85af8ef4f,1764461548,1764461551,2493,97625,,
0x221127cf1bcc0ed710549fffccd5c2d5ee0984b32314e2d7ff511087a4c1dad7,1764461548,1764461551,2493,97625,,
0x40f5e093f20a8bb281ee3e6cfcb27d7f252c5e1e3558586023e777b805bbbf9d,1764461548,1764461551,2493,97625,,
0x33751a079e670efc60e6bab0c1a79146155971f7baeb3252d4c0e0f50aa29fc1,1764461548,1764461551,2493,97625,,
0x7fdf0ef7a120b36fe2ca51d03843e9ba9c16527a141ff96285c056c5b495e177,1764461548,1764461551,2493,97625,,
0x36e22945751cbb1404dc6f434c0e743f51ca3a501ab94073f7ad9df99cc457ce,1764461548,1764461551,2493,97625,,
0x9673c6209a4f0b190b91c3f63f5f27139e22d2d351edb0909ea7bb3532b5e052,1764461548,1764461551,2493,97625,,
0xccfc248ebfe0726a3badd9ce4213257a965345ccbf88c5c610b5ad0fce50f37e,1764461548,1764461551,2493,97625,,
0x5d06d6659ef056514fa7fbf4a3da43e3598f63a74fd7b44551eb10f10186c08d,1764461548,1764461551,2493,97625,,
0x939fffadf81843bc1b57661f4e862a59b20662792cdb15ee9e1277a9436b4e5a,1764461548,1764461551,2493,97625,,
0x96522293d9754b873b9bbc400a2975a822039e14a77bd8291eb9d45ecec8f54f,1764461548,1764461551,2493,97625,,
0x68ec7b3d8bb12d007c094a290e3abd5113bd4ea9e6d9304f2b41b8d70f17c696,1764461548,1764461551,2493,97625,,
0x6b6c351cefde278fe1f2a9d25ce3613751601847ca93206fe64bb7abb400fa23,1764461548,1764461551,2493,97625,,
0x2a994af85e2227e628093d3cbf4b16456635393b99a7651fbcbeabf6f56fdb8f,1764461548,1764461551,2493,97625,,
0x125af2f3dbf7acaca075e823cd7e68e479c458533a3d0b1e6456fe34d5d323f2,1764461548,1764461551,2493,97625,,
0xfc3ebfef5ab1023d48ed82cb9c1cbcfb27ea46f76d7c098751ca2249e3fa0552,1764461548,1764461551,2493,97625,,
0x0edbec60d7dfd3f2f72e914044e0b96c9afbac022f3cc2c76eaf8c5fd9cb1164,1764461548,1764461551,2493,97625,,
0x540d3e5fcce06170e7c294edb7eab827b13a4af0ac19cffa046ece9dc1c842ee,1764461548,1764461551,2493,97625,,
0x93262eece16382858ac0fc9e2addb3d223a381b695e15f9c56ae6e2f9be1e20a,1764461548,1764461551,2493,97625,,
0xad1db95f02edb19064c31486d9b25fbc1d72024036c7077ad9746cfa9cf19852,1764461548,1764461551,2493,97625,,
0x16d18221c89c7aeca131daad83db4f11b3bce8ed2371a64e5b05a857e66b2b99,1764461548,1764461551,2493,97625,,
0xabc9c3ce5fabdd2384469277cbbe792a19f91baff20f91c6f0a24de76b4f5e4a,1764461548,1764461551,2493,97625,,
0xb5429f6befc4ed4d576b7c1abdb9e83e1cb8096faad5f913b25500cc75c80f10,1764461548,1764461551,2493,97625,,
0xe63ced81be84ff363f25d918f80f6e796e057d973cc94d85879db352e59dd3f0,1764461548,1764461551,2493,97625,,
0xeb56b9b457a6aa69f9921e049e4af397e604d53d8e6a644eda234473d95d0492,1764461548,1764461551,2493,97625,,
0x63e1576e40d81dc0342c07cedf5eb9f24e536468ee96e5a54e145fcc221c714c,1764461548,1764461551,2493,97625,,
0x911299c908b4cf52c120c454d783175865e7bfb1c38f73772b21aad90f3117e6,1764461549,1764461553,2494,108041,,
0xe7541b7f06b80efb47bee62fa5e59083b2c9c2d416d3dba1a7f2fd94334cbb54,1764461549,1764461553,2494,97625,,
0xd56fda834954ae66d4953fdca3b21b30846051a326d917a60b180d82be095a9d,1764461549,1764461553,2494,97625,,
0xb9c3a4a3c76f62f0867124f583a65c5deb5b0fd2c20c3dca26a8179b7919d7f9,1764461549,1764461553,2494,97625,,
0x18dacbc02eec398c202a06ecebd82a4c20d9152afc5d143d10bebe9b8c13d160,1764461549,1764461553,2494,97625,,
0x3ab4486915f5c737f4bf047858af77cc64a84eb77525d81310af5f9e136c70d2,1764461549,1764461553,2494,97625,,
0x750f3d6e7482637fec669f5aa8246c95a6cf07f70666ed06732ffbb6402d0887,1764461549,1764461553,2494,97625,,
0x3254f0511ee28a02e0dc60960f9c4ab7a0cc93fbf7371913f8e4dbfde8b70092,1764461549,1764461553,2494,97625,,
0x697618a6e7f744807d0b2a1a70c9ef7c223e84823f7dbf35c68fc49fde5bbc08,1764461549,1764461553,2494,97625,,
0x36d0fda7bfcb9520e82c2bf820b67988339faa620704f601f0f656c3c343603c,1764461549,1764461553,2494,97625,,
0x588952a5432a825001d44278908b0f1326322f3c1623d6b97e9f5429ea0fc390,1764461549,1764461553,2494,97625,,
0x6bfd5e32bea2cba5398d9d53a3a785203ead7c6c5cfc8b42b13afd4d2e43f911,1764461549,1764461553,2494,97625,,
0x3a4005b9dedb6172880d9eabd8addec5918fd7708901354c6a5ce9611b148005,1764461549,1764461553,2494,97625,,
0x8775bab7452ef0e52867c14d9b35175633031a5c3765ed7077844c75a70ba706,1764461549,1764461553,2494,97625,,
0x7baecaab85f782ec8a9f23e45e83e5d4c39eddeb7c72dc735a5175b80e6d53c8,1764461549,1764461553,2494,97625,,
0xccbc3091513a9bdeb446a53171072f3346d93504f9e0c3db186fcd1b2b4bbc10,1764461549,1764461553,2494,97625,,
0xcaec859e5d6d1bb0ae2703e807ff01308dedb3a39b3aeb157328c664f8a20489,1764461549,1764461553,2494,97625,,
0x42ca61d52d48842443f75fdcc2aab42c85b7bf546cb2c2c646a1ecc08343b298,1764461549,1764461553,2494,97625,,
0x89cbc72a098a6e7d4021f3e26bd9f15d68f290bf1c9f25242d68510e541de486,1764461549,1764461553,2494,97625,,
0x1e6db54bb0fc13f1b846684a89075144dd1ef1dc6926dc71d8a238d47d207de2,1764461549,1764461553,2494,97625,,
0xda0a57f009af20987146c32b3da8a06d1bc022ae59f5f24551cf2ce9e4dc941d,1764461549,1764461553,2494,97625,,
0xf7e6bf4bd6616eaceac9fe2576b62cc132fd3bbc9402afd8c62745e63a2cd9d9,1764461549,1764461553,2494,97625,,
0x12ba4222c019dafca3d256c5d8bdef980394288ab9a770c9b24b0ee4d54f386e,1764461549,1764461553,2494,97625,,
0xef7767e1a9b2d64350935127bd2c59e8e58f317d498f41cef8cd0b964dfad611,1764461549,1764461553,2494,97625,,
0x394390dbc9b61f53f2ae2ecea71895e7f5dc07749109281e7feb77c3b748078c,1764461549,1764461553,2494,97625,,
0x427b026392dd44e058f8447f44887e4411fc8e28192850924083c82ddfcdda89,1764461549,1764461553,2494,97625,,
0xb7e251c3c3503bdbe92ff78fd986ba8b541ab9ce095287f0e494f52374d6fa3f,1764461549,1764461553,2494,97625,,
0x383646b65c7a26fd7d892306b1db157dfebf0d48f4bbd3c0902135f2409fe74f,1764461549,1764461553,2494,97625,,
0x8714919c1e278c5d045d7dedd0c58a18007d1aeb3dd076c03f7c77dcce47d8c1,1764461549,1764461553,2494,97625,,
0xd81cb31dccd2c529d44dd1af908f904be84f4ed0c9759cc41aee2ee7b7ad9847,1764461549,1764461553,2494,97625,,
0x348d53104a6af4470f067bc1bd12bc57842c3127a8d7ac9c60e3c03695b596f8,1764461549,1764461553,2494,97625,,
0xf8d68baccceb4bed7d9df702132739ec4bd0ccfe502270e274dc8372666459c4,1764461550,1764461553,2494,97625,,
0xaf3ebc4b6fb4f84f186494c7f78ecc5cc64f9c98f4d9f0959a2fe0079a0c8a34,1764461550,1764461553,2494,97625,,
0xe2a8b17fb885f0366b3ece8aa9130fffa2ee75dbf26a5318010a6910eafa4712,1764461550,1764461553,2494,97625,,
0x61401965454999a4b80438fa70b559886f3f19f7230fa106680a178a8e84d0f4,1764461550,1764461553,2494,97625,,
0x662757288ee14d28530f3c4dee0f90b7e23b0d351a938ff712196f16bcc6e2a7,1764461550,1764461553,2494,97625,,
0x74e930b55ef178da8e0470a64b397a38c5acd59a5cf762936cda55c461965a35,1764461550,1764461553,2494,97625,,
0x22670eca188ef0baf2ddd4dc51b8bbbb77284b3d80baa8b85159b71c5b5872d5,1764461550,1764461553,2494,97625,,
0xd18628b44f21b71ad64965403fea163ebb0ec9c91616cd85cbbc1c649ed9d408,1764461550,1764461553,2494,97625,,
0xf45edbc7b1793d437640d5a84f331e8e50f50d041afd26f90f9eb970fbfc07c0,1764461550,1764461553,2494,97625,,
0xc4196765bce913105ff3a2f152a43d81b39722c00857c9822d8eaee0f34173f0,1764461550,1764461553,2494,97625,,
0x2e917315e2083432461bcceab7e624ecc41f4f1b3de6475cf1f1b2c15b11099b,1764461550,1764461553,2494,97625,,
0xf7c021d032d2efc9acf9da4337128f1d6759e0259a98d41a11a0adec0025c097,1764461550,1764461553,2494,97625,,
0x3e3931807ef10cfdbddec6917f4bfead98a07e05c19062089911a8249530e570,1764461550,1764461553,2494,97625,,
0xe75070090417f31a5e06cf16671c7944f8c7d6c492cff35b34d73879e51ec1e1,1764461550,1764461553,2494,97625,,
0x916604e32f11f6749979f87e5ad438b5182ee4a1ac2d71140163c7384dc68fd4,1764461550,1764461553,2494,97625,,
0x66c53811d917d7db0a9701ce54d1373e4023416f29f040d11275f57647233e2e,1764461550,1764461553,2494,97625,,
0x9bd0597586c6578d40a7588c3c13dfeb67b5ce1d3254ea110300a378e4815de0,1764461550,1764461553,2494,97625,,
0x56302d789517ab4b74014ed61de4bf8ebec3c802f6d9bd3f6aa6625f4f8d684d,1764461550,1764461553,2494,97625,,
0x827cdb41ea1180593e830c4d26ac4b5694defaaedbdcdb316364bd310ef0d773,1764461550,1764461553,2494,97625,,
0xa19469bcd7b37df210e3e3d727d693ce45ae19207d2e1caab62522106515f8e2,1764461550,1764461553,2494,97625,,
0x2d3e4bca62cae0008c1dd0815b6375b8698ab2f7201e1a0388198607a36f6349,1764461550,1764461553,2494,97625,,
0x397d6469c7829355614b0d75ff14116779ccc95674d88b9b3a168ed8b1f39b05,1764461550,1764461553,2494,97625,,
0x95d3dc1e502aff30151c870edc66c59f423d1e8159be939a7d3ac731b4fa4ee7,1764461550,1764461553,2494,97625,,
0x7ba2b1cc205a1914015b00d9eb92c652af4547e6fba3f7c376137af5bc4b477b,1764461550,1764461553,2494,97625,,
0xee6d51582bbecb2697e164c522f45b8b12ae5601a8390c684427bc6f054bdd4d,1764461550,1764461553,2494,97625,,
0x646c20a7892398b6bbdac446bf945c86f55acdb2cd05d2ae522c748a3efbeaef,1764461550,1764461553,2494,97625,,
0x03dc6609554c70bdaa47691f654568288077c167b4efd4a6b1417787c2fbb192,1764461550,1764461553,2494,97625,,
0x7eb8dd9b0f7817bd611dc43023755436c29ff3b3882444cad6a790e1c7cb2c24,1764461550,1764461553,2494,97625,,
0x377174b687f315fab846368d3d8fec327ed3c010b1353234f3ffa1db0d43463a,1764461550,1764461553,2494,97625,,
0x37f20a1ba3154ad60bb4be04ce0d40fef281f43dc506ab11311fe97440db8e82,1764461550,1764461553,2494,97625,,
0x042659901f3dabcfaf8e0da0706fbd40b9fb27ff0ded40a23c14c3ab11ea9c3d,1764461550,1764461553,2494,97625,,
0xeca3f9ad3e6dd5f1a2feb5e604c0bf606ccec2b0453b557222dd58602bea3b24,1764461550,1764461553,2494,97625,,
0x8a294d771ead0547aa12311c23dafa9f4e180fb39fc7205e3f7a5f872bf559bc,1764461550,1764461553,2494,97625,,
0xedd4df49b6fd40ffc7b7c3e1d6a3a60be22133841fa660dcf145cc43ddd1df7f,1764461550,1764461553,2494,97625,,
0xd3e22801c8cb6d9aa715ec3e482e6837a990d0f48e792ba930e12f2b06a2a508,1764461550,1764461553,2494,97625,,
0x5f4d58a9266fa4ce2a2a6471a705d7c82aa970e0f233ec9db91531c8a8bfefc7,1764461550,1764461553,2494,97625,,
0x7adbb2566376a0fec887ff761a4ad1ce5c4c3bed5cc6dd890c43aa311295bc01,1764461550,1764461553,2494,97625,,
0xe67f347f3487f8b5e8b1c92e96fb2f51181e8fa94654af7749d50492129d7858,1764461550,1764461553,2494,97625,,
0x817125a0bc1775f9e48c1f85f185f3ec845609f845eb8b6d93d02c9c73d30871,1764461550,1764461553,2494,97625,,
0x26ae6faed8adb7721ccb86c306c56ee399ce60a3f0f706f554bc31c26cf75810,1764461551,1764461555,2495,108041,,
0xf67fec5ee33c931d4cbf2cfacd743ddcf37d7e7c3e3fcbe394fe617d0e12c230,1764461551,1764461555,2495,97625,,
0xe23cd9dbf8d9bce3123f1208a6c1f9029d5fb44731a95137a5e3f309c5058c29,1764461551,1764461555,2495,97625,,
0x9e2acce09192ea9646fce4339106d6090c1613ce822568f857dfb561e7ce55d9,1764461551,1764461555,2495,97625,,
0xb99a8f58f6529a457af694097339da1d6bc6bddc6c028b790d99adcef2c1c2cd,1764461551,1764461555,2495,97625,,
0x235b6048d23e676a040ec7f6655051e8e27fe4fed1e61afb30e50b6be51e8131,1764461551,1764461555,2495,97625,,
0x6b213a3fbd2e15e0d88111400577bee964a3da3f0dc6ddb24188f1b157d24457,1764461551,1764461555,2495,97625,,
0xf9052db218de56e89c5c03a049e8c4451b342a9ff73893deb00488f84ec88ca5,1764461551,1764461555,2495,97625,,
0xc80764ddcab4b369a8c12ab9cff5da33e8e378b48d761e7147b9fee4438a502c,1764461551,1764461555,2495,97625,,
0xe14cd436ee34b575dfa3ed8abed4dcd9b7c43e53b31b83c4d8594afd1ff43a5b,1764461551,1764461555,2495,97625,,
0x3a6ebf3e30615b3c38da85645d3e307c3714cfdc11f1404f4db91aa98973241d,1764461551,1764461555,2495,97625,,
0xdb2052173495983804fc33d6069e6d13f1a86de5a5fbf372dd8fb5810134c875,1764461551,1764461555,2495,97625,,
0x39d4941383daa11206f9d9896d9771b2b465998e0591f1fa3d953726e534de87,1764461551,1764461555,2495,97625,,
0xc9e36c18586f27052828d0b4cf540871ab4d6bc91941be09a415ff11c4553447,1764461551,1764461555,2495,97625,,
0xc1868e6d89456ffeba236c3fb2f5bb87bfff94e548d71e17d1da5b76a4b7f759,1764461551,1764461555,2495,97625,,
0x6408c7bf559a98bd6deb7ebb7dcc4b838d74a1465e43c000c21bda365758590e,1764461551,1764461555,2495,97625,,
0x409459e2bf70e993cce72834642a796e10473625e85a56903309370183dba660,1764461551,1764461555,2495,97625,,
0x05fc9d6637b9e6a945fcf2b1830d5851e99cf61ac87c7ca25326af0418265671,1764461551,1764461555,2495,97625,,
0xb2960b910fc38f7f8b67355884aafe9187e687fd33c3292aad74738476a3a4b0,1764461551,1764461555,2495,97625,,
0xffac822f46f6a97b39171a059d769d57455531de5188555ade08fd3255f09274,1764461551,1764461555,2495,97625,,
0x90d7935d8fff3889a9692d744182768deeac974d30f86484d10d6eee93ba83b2,1764461551,1764461555,2495,97625,,
0x8e22147f8cc0007a9042505601d46ddd0d2106de357ad6c60b701edfc0ebc54e,1764461551,1764461555,2495,97625,,
0x3db7bbb91231e1a1da926eeca54bf235f9b2a71e84d65abf56d86cc93977bad9,1764461551,1764461555,2495,97625,,
0x2e6bd37a462c962278b74147059c8274cbb1b9ec45363ebc28e9aa25b7509aef,1764461551,1764461555,2495,97625,,
0xdf6ad77448246313a978d8149ecbd988004de0906a006eee73b1bff9d6d13268,1764461551,1764461555,2495,97625,,
0xf781c614a372b4a4a771a7614d54a63f5bc3a9de2531a8cba5d1a4ea7f42a3bb,1764461551,1764461555,2495,97625,,
0x1edccc01d5ecc9dca81c3e9fa4f6f837bf946597f50ca47fe7e0f8b81561163e,1764461551,1764461555,2495,97625,,
0x3d732891bb32010d630737d49236945e0c14f826972ed4453aa51f69c74530c7,1764461551,1764461555,2495,97625,,
0xd965ffd57ad6f8f0cfbb5d8bb70f01c757bb1e7a079439d64335d535eed1d0d2,1764461551,1764461555,2495,97625,,
0x815341e6c7b54fc150c819a3052cb74b040485ba879461e7c9d2531136f463d4,1764461552,1764461555,2495,97625,,
0x53e999cee299fb9943b07c589befc581127c0913fd3cd01a49522c003c91229a,1764461552,1764461555,2495,97625,,
0x3690ee445279bffd0395f84f2fc286500f8cf6e64c6252ee79e4121efafbc353,1764461552,1764461555,2495,97625,,
0x819b9fb245100eb1bcc1479dd33922bbe9b507106b6b0570a40ffafa1d9c2fd4,1764461552,1764461555,2495,97625,,
0x0cc63f8fd1b727a65a4b210ad1c0875fe43862ea0a8857331ec1da6cb4b25bfb,1764461552,1764461555,2495,97625,,
0x32fe5d02c3c79339da34c8084aaaf75ade746551a644405a2f79a66c59ac63f9,1764461552,1764461555,2495,97625,,
0xaf567b8a0d99b4a23187bb20d76c21104dae333ca08443d4996820d2a2bb8024,1764461552,1764461555,2495,97625,,
0x918e103223c338527ab0caec8226bbd2ee1858167d1255563b65c4f3ea65253b,1764461552,1764461555,2495,97625,,
0x47a57b6a6eb55ec953fe39805fabce87184318aee4773e739c14531129b4baf8,1764461552,1764461555,2495,97625,,
0xfbc0bfdb3324dc5e6a776741f1a738a6b12fb48aa44fde8eb1e99800b5cbe7b3,1764461552,1764461555,2495,97625,,
0xb47431928da84935f84e9c2fe3fb111948c868c4972f1c131b780c5186f8f3b6,1764461552,1764461555,2495,97625,,
0x33aff39a07e0a1ea8a51fb942b252345476a93e8c8c96170f7960eaa16581947,1764461552,1764461555,2495,97625,,
0x25e4a060f1d2cdb018e8e8e526e3cccd7d09d5aebe44217f80e69c631268b274,1764461552,1764461555,2495,97625,,
0xd06a54f91a7cc5b7cf7bd0fd3ba0cd25385eb6d293d8b1c4c1f6d1cbaed7c220,1764461552,1764461555,2495,97625,,
0xf96ed852737a1bb7d4eeaf10718abbe15ea8a744ccf93b10fb0bff5ec52c6706,1764461552,1764461555,2495,97625,,
0xcd14be3ea219107cea36bac44bfc9930a57be7ec165ebf9bdb71d9588258315b,1764461552,1764461555,2495,97625,,
0x3e03ba60f2c9acaf086b80ab9e8f565b879cde03e13966f2225fababfc1747ce,1764461552,1764461555,2495,97625,,
0xc16eb2d10b102ae20194f018258eb0eba6e93ef39caee8188be66a1192637611,1764461552,1764461555,2495,97625,,
0xca34e42f96566c4ff1fcc4f1e3920082170f6b224b75ad4c0a4d8dc6f2d85c28,1764461552,1764461555,2495,97625,,
0xc709d98d7ffc736fa9bde95cf0572d61faba20eeb1ca3626cc97dee4559ca3e4,1764461552,1764461555,2495,97625,,
0xc19ed6c88844e525716085c02ae58b5288be5cad42a1195841493af08add807d,1764461552,1764461555,2495,97625,,
0x47688b7e72ea16e31a0b5444796b634d283cb5cfaa83ed04a2a3e7cc41175cb4,1764461552,1764461555,2495,97625,,
0x5c668562dec04a0c30b768e7ff792104c524438577610d8f3e5aa484572b6698,1764461552,1764461555,2495,97625,,
0x7e1960346a93b261c28f36091adfff6e6b5a7ac73ff9008dcbac39889c41ffda,1764461552,1764461555,2495,97625,,
0xeef92316e9b6a6fc2df2f2c27a2a92ef3d35902c5e3b6e582110416847283ecc,1764461552,1764461555,2495,97625,,
0x74428c53f155c27aab7697953c5b3375651ce21b64d3a644659e289c81e29ecc,1764461552,1764461555,2495,97625,,
0xec82a398dd59ceb67ea757a9c8b878b4b41c0275fcaa0859e627fe3207be4f4a,1764461552,1764461555,2495,97625,,
0x0a84273b0f4ee948943b55ff987a0b0f99205e469b1c4b9e63ccb2f2726ddef1,1764461552,1764461555,2495,97625,,
0xe04418d92a5acb82da8b00e0438723db544df526b00f5626814213848dec7b4a,1764461552,1764461555,2495,97625,,
0xa90bdef5c2582877b24c45174c34b02bdd09d0670abb1ba8256b575d4daf8bcb,1764461552,1764461555,2495,97625,,
0x4c5c3cbb1b0872674ab8c2f18b532f269005beffc9256dbb87ec9afff2483215,1764461552,1764461555,2495,97625,,
0x2c2f94ecdd5df716d14a32dac0c1ddf6ea2d7c2bc03385a58a7babdfe9ff6166,1764461552,1764461555,2495,97625,,
0x2e2eeea0880e81fd5145ac0543fbaa0366b376b544d82e2e5694098493494f59,1764461552,1764461555,2495,97625,,
0x915d8e69ae976ac62fbdc54d5b222321d583219b930a5efebf2f4fe84c87bff8,1764461552,1764461555,2495,97625,,
0x2b8bda94d59415edc7ab37e749e495aec08cdee37ce94a6defb96535b6f42b44,1764461552,1764461555,2495,97625,,
0x36fb52f5de54f5c822aee60f8c8fedb2f7163817cb33cb28f8dceaf59b03b120,1764461552,1764461555,2495,97625,,
0xe802192ca4d795cbd03fdd8db403d105d712a869a9eec43065d71c0f0cecce39,1764461552,1764461555,2495,97625,,
0x890c7dc0f392b171fe86cc76d85a9d05c77757e1fda367ebc674e40abaa7072e,1764461552,1764461555,2495,97625,,
0x1eb3df9491fdfe793b02e645980d2c80411c75525f30c8a5a5681cdc0277799d,1764461552,1764461555,2495,97625,,
0x344ee9f2a1b5624de5c1a170ff6b6edfd18d678cc73297eb058d9a81ae266a50,1764461552,1764461555,2495,97625,,
0xe011c9418f79b1aded374c74ab89cad2d7e6d7f19e7f5b172f624abd64e86577,1764461552,1764461555,2495,97625,,
0x3d8f4af008ebae9351525133554688beeb998ebf456ad74abc4bb89a817a80e1,1764461553,1764461557,2496,108041,,
0xf543211915326a90cac2a889c289fe794894c393269608a6de4be1a530ac7060,1764461553,1764461557,2496,97625,,
0x170e34e767d3b9455c1d1737dd953b1589a9ac6e4919a135d1c197ac760f15ad,1764461553,1764461557,2496,97625,,
0x9ab9fc8237f30479598e802b8da08e294a6ce00936e8cb15dbde0f6c7eaddee8,1764461553,1764461557,2496,97625,,
0x5794b92fe444fe7775dd3b458559460d1a65f8bb30172b9fa94b0d550ae8d8e6,1764461553,1764461557,2496,97625,,
0xc2ed8f05c8de7d11ef5edbfa6d8d6aaa7dd6bc76f11a63df46ec0333915405f7,1764461553,1764461557,2496,97625,,
0x47772b14a809a7ef818cd7f59edd174a3b7b2d7f518669238e3d4ce3661cab9f,1764461553,1764461557,2496,97625,,
0x9d589ac33712ed5a4b26d348b7bf9d989054a56abe5d35452e94f8a09fb58bb4,1764461553,1764461557,2496,97625,,
0x802ae18480036cd8b995a21812445e676a0d2931b021d025dde008dbd007e1ef,1764461553,1764461557,2496,97625,,
0x4308e0b295398bcf9b1733410f29876da7a6dda9f16222a5c26f047d61fbccec,1764461553,1764461557,2496,97625,,
0x907fea1083481d48829c7a5e729f03fb37492a5cfbd81e16cf69f1d79339be16,1764461553,1764461557,2496,97625,,
0x4c3a454fe83f9910c815d6cccb4b953af20c3208c97df3e4adf46ee5bfa58747,1764461553,1764461557,2496,97625,,
0xfd76f1157ad9da77ad7897e370546c4b0706c96ea75e1f7863ac8ea7974d085c,1764461553,1764461557,2496,97625,,
0x5eadc2123359b9c324e32d94affc92f1c209c6430ae0ccfec1be16b0108536db,1764461553,1764461557,2496,97625,,
0xd630f86cc76916b79d741ed7760ec4724267126e1a165126dff9d7c6a8371968,1764461553,1764461557,2496,97625,,
0xf7bf1c28c0c36601e970acbc1146f0410ff81853cb20ce03e54cb52684b8d783,1764461553,1764461557,2496,97625,,
0x4d2d000f0ba9406bfb277aa2a46229b7adca05f44dac70f5b081315754d60db9,1764461553,1764461557,2496,97625,,
0xba012b7438af1add5d712921497fbf168b3d26a92e1d635ee5e8c317ad0417ae,1764461553,1764461557,2496,97625,,
0xff293063055dfbe13719d45927a21be13749dd796db0bccc6fd7fd2afbf91899,1764461553,1764461557,2496,97625,,
0xa3ea46e841b3136ba9f8fa8c94036a63dfba7c2081a9b93f4409c68b7d6488b9,1764461553,1764461557,2496,97625,,
0x204d816dcbf6e44c384b8c817fd476e205e525610f324ba212aad6f84d6d63a3,1764461553,1764461557,2496,97625,,
0xe24c65ff9a1935b3b4ec5189a36aea12ed837f4e120a093584db4395622f9b04,1764461553,1764461557,2496,97625,,
0x459a380f0e792d23802e24a6fd84e82727a4a1013f723a097dbe79370a00403b,1764461553,1764461557,2496,97625,,
0x21f25324bf5e74b6dbeb9ea1a216a5821f23d2f4c61f618ff3fc842dfae16d2d,1764461553,1764461557,2496,97625,,
0xeea1f1659929a4c4e12a7e55439c5651c0b5f9c7c3c9856eca79882e6e713108,1764461553,1764461557,2496,97625,,
0xee1362760d652047d53a4bdd2f5953a2f5fe76bc3e98152bc7e51f1e6c0b04f0,1764461553,1764461557,2496,97625,,
0x9de62155f3455bfe904d4896b64fbbc4a8efa6a4aca71f85eb855028a6c3f190,1764461553,1764461557,2496,97625,,
0x7fc234f0cf0e1ad7d1236a0f9bf6c0238904ab16333775cf365a1d7334963d97,1764461554,1764461557,2496,97625,,
0x44609d1490da60d434d0e3b907e79c770dce4102ce13a0f3acf8b9a0a69578ca,1764461554,1764461557,2496,97625,,
0x116a99912ab60f9189b8f9ec6831c984820eee1d5e406fe6180cd23a8c65e5be,1764461554,1764461557,2496,97625,,
0x63b1ce024b265031a0e0f9794fa3a1af1f691fc8ac32db60c37599408372b5a8,1764461554,1764461557,2496,97625,,
0x671ba53d40f0df991ab77db452281d0b59e28708edcd0f587fb66b2b01d88fce,1764461554,1764461557,2496,97625,,
0x790e16deef0507fad55b1d95fb63d168d97b43cc1707b693345bb10facec1160,1764461554,1764461557,2496,97625,,
0x74b588050f2f3ab9219e807a6ee95d75fc766942d3872cf086a58fde6ed2d9e5,1764461554,1764461557,2496,97625,,
0xa2228c7933155f61394ec124bfd228d7d7cc842e96663cf42fa953d58554252c,1764461554,1764461557,2496,97625,,
0x1f7f8cff71a2ea57c65c45b3e62d012f7d748a7c9925e0ce76a2ab8c9ac0f934,1764461554,1764461557,2496,97625,,
0x250de7d4fd5ce007588da2a382a03e5a6c59466b84f19ed88030914e4275ecc7,1764461554,1764461557,2496,97625,,
0xb797038612a2f81636d1d5a10cac60e7e812c8a01f2e6fcdcb68feb8ba62e440,1764461554,1764461557,2496,97625,,
0xc58b97b79b8255fef1701a706efd5a518ea14cf5d5818185ddd6450bf1224763,1764461554,1764461557,2496,97625,,
0xe6dc47009bd6dc92013a2fcfa28bdbbcf2a6e147d8ab7e643597723fc9935d14,1764461554,1764461557,2496,97625,,
0x8ae4d5c0b9b5bbaa4a8eb21c0a81f264162fb95a75f87b3d60a0c400b00493b4,1764461554,1764461557,2496,97625,,
0x4f8ad470aa110572ebf62c3d87c6b8b1ebf23bf4a2b056092f7259d2ff123bf0,1764461554,1764461557,2496,97625,,
0x35837a99e4448022a8fe9cab18498c345c470387e92f7419726b847b2bda9016,1764461554,1764461557,2496,97625,,
0xfa093c8a0cb2e32f1ab4714cded87a0c911f0093e69a45eaac8a638f48e88322,1764461554,1764461557,2496,97625,,
0x98e3413e8aa87dd2a98966975e38185c0deb6dee546d05de1df4eb49935180a2,1764461554,1764461557,2496,97625,,
0x66b0c2a5c2e168b7f6c1bca68a41aca4fb3bd201b49f7f7ff5582f53aa6189d2,1764461554,1764461557,2496,97625,,
0x8e6aba5ef88d72573bc55069aafd0bdc3a3721d9a0968869cbdaf80b1ecb18c4,1764461554,1764461557,2496,97625,,
0x3542fd4afb2f3080983ea1f497209404e12106caa38f9fc667cff17bad03f094,1764461554,1764461557,2496,97625,,
0xdd1fd5c09ff3e57dd053a5a1ce1896597ebb62a84ff304d4c8fbc63767c01cf6,1764461554,1764461557,2496,97625,,
0x98a67ab0bb6d99fd989260345579d5a4958bed494a340d80c27590d7c2995c4b,1764461554,1764461557,2496,97625,,
0xd4c1a3ddefa9665917beb1ce5e350951ce91f5115420d72d32472525532e580e,1764461554,1764461557,2496,97625,,
0x3b70f152f4798593645148a158bdbe919e3f3e2ec2328bf55b348355761a00bb,1764461554,1764461557,2496,97625,,
0x88338d7e07e960e45e9908ee26c4d94a14cc1343a51aaf3691870610ed8ec4da,1764461554,1764461557,2496,97625,,
0xe0068cb7eaa156b5c02140f21173c6fb49d41635c364e18311fbdaa61cc5083f,1764461554,1764461557,2496,97625,,
0x29bdec99b17cf3eb60e99f90f169135b0052078f867f48dee8b30be6940985ba,1764461554,1764461557,2496,97625,,
0xac4e41cad3507b5b138d246b23de6b52018c66d58421c5b8717e9d632e4a49ee,1764461554,1764461557,2496,97625,,
0x0e1ce18d460d901a88ed8d175f5a2ccad838fe00b4a6d2326060f36e853db836,1764461554,1764461557,2496,97625,,
0xf42ac055afb192917a6c3b396e4e4ff6e83523b11b9fe79e72b59a71ef502a15,1764461554,1764461557,2496,97625,,
0x0e35a5417ae54ae4bb1e08d789bff5ec99b862e1e21245950b5d37cd07708d6f,1764461554,1764461557,2496,97625,,
0x1bb8f9caf0cc631d93a4b94a2ba9996b4f04169689e64364e638f5ca07fe0255,1764461554,1764461557,2496,97625,,
0xb8c609a3d15dee3c42d35b308ba42a203e6e5eb82a51cd72f683124b2b6ecaba,1764461554,1764461557,2496,97625,,
0x6c8921163993840d76a2c574b9270411de8e90591846a51a4c3c63de7b9e6c7b,1764461554,1764461557,2496,97625,,
0xaed44abfc3ed890ebc7be4b5fedbaa0ef92fe1726033609a0d1f4d846888558a,1764461554,1764461557,2496,97625,,
0xe8222758bc681f1965c283e7fd754c93e0aa9804cd61838ce1db7ece64e344f1,1764461554,1764461557,2496,97625,,
0xef2362ff30ae56bdf9234deb735a830e0d27418e10198492f856b328bcb722c0,1764461554,1764461557,2496,97625,,
0x5fca44dc9d9068e7cb68fdee5f03d9bad0b876ba61df77ddda21ddcfd03266d3,1764461554,1764461557,2496,97625,,
0x2edfd04487beacd8521e21db06e42bd6f50d8c1ff232e8d175c20195628634fd,1764461554,1764461557,2496,97625,,
0x8efbb402d73fe878a695ed03cde5e16ddee5ae0ba7b66f38b7ed29ddbcfa1564,1764461554,1764461557,2496,97625,,
0x16889ee2a31ce5b165dc7ca3ce23a5f2971bbff0865aae87967b15ae2b060b24,1764461554,1764461557,2496,97625,,
0xe5a78013e1e5d1bf2f54cbf59ec2c0f49db8b3dc6579b57df3c8cf855021a118,1764461554,1764461557,2496,97625,,
0x029978056932289a885c5b7528e56ddfd4ebd481b3ee6d90db930c597e2e707a,1764461555,1764461559,2497,108041,,
0x118c6882a56a08761fbbeafa7b57e99948e2b4f4544f5cda80518a7747f2bab0,1764461555,1764461559,2497,97625,,
0xeb276e58dbe5f43b8beb3a727ea7c1923715e38a3e7f064c7efcecccacea2355,1764461555,1764461559,2497,97625,,
0x9834b0b54732ef57f0f68234a0464dd07e76d2887029622f41773fb83d7b720f,1764461555,1764461559,2497,97625,,
0x924d1296220a1ecde0d5f9144bacc8219cb905e549c643677f73982cfff76363,1764461555,1764461559,2497,97625,,
0x6331c14742ebea75003bc6bf132d2a1d67eb47ef23cce379daa8a452abe2385c,1764461555,1764461559,2497,97625,,
0x3d63fb48cca792c64e9dbb6010c784a6021fc506b986911b667ba9f68dedb313,1764461555,1764461559,2497,97625,,
0x55b2c72c9ae7d501b5cf7c48f5daa1bc563f73d4741f07b4d5759ec9468aad78,1764461555,1764461559,2497,97625,,
0x66145d7e83b79989da0bf13ff9117e8d7c7024d30ea7f66aaf046cab7240f82c,1764461555,1764461559,2497,97625,,
0xc7c0e69d171f52c20fef657cf59ef683f6d145d6c485d1bbae9f4783597df708,1764461555,1764461559,2497,97625,,
0xfdef342c045dc8e750aece818966b747d5aa5f41c63a9f1d8d1c684b0bb444cf,1764461555,1764461559,2497,97625,,
0xe5665eca32fa99083c13ece07f8c3ab79eb1f229c9ddbfa40153215df363e483,1764461555,1764461559,2497,97625,,
0xd436d2269c1f80e5686769b7b80f6d833efa6fb089776159f69d2011223da820,1764461555,1764461559,2497,97625,,
0x0d34e3b5672e3402a0a231f61b86f716d74f2925fb5b03c3ad6b4680aa5e10ca,1764461555,1764461559,2497,97625,,
0xa3c9b89745c03791fa6d2e63a1a6cd4f18bc64a85950a4f1081af88e76c20485,1764461555,1764461559,2497,97625,,
0xb175bc91820237b7aaafda45789fe2ccf35aab6aa6d01be5950bd32605873a85,1764461555,1764461559,2497,97625,,
0x6e34d640506932154f87acdf0df9cf3b57752e31c97f78fde352f9c2f2c7b739,1764461555,1764461559,2497,97625,,
0x8feedae28df43a7f9d72f3c4fe9b9046a5ea451031f837e23900613914be9123,1764461555,1764461559,2497,97625,,
0xceff52a106388ac907d3b47c32d0851d3b45fac0264e91bb76855f5b7efb63db,1764461555,1764461559,2497,97625,,
0x5927e8dcbbd8380583074a68ed0ac7b6c83e5a921aa75e1ab7eb5b8f767dde85,1764461555,1764461559,2497,97625,,
0xdfd54f2d9438e060a778b90ee131bc5dfe36ca956e8b73db356a63086980fccf,1764461555,1764461559,2497,97625,,
0xbf384a4ddb550b6bf061da682191a9a7b6805709750a09d557bb74b28e85ab23,1764461555,1764461559,2497,97625,,
0x1b65aacba8726ef25f9455f3271260cfa4f3ea6aadef99a6e4908f99daf683a4,1764461555,1764461559,2497,97625,,
0x1edaf95c53828b63dcc6f917b75178424c28b52e7c3ee18e176ad17835e816fd,1764461555,1764461559,2497,97625,,
0xfd8aa6bc8c716768db82ed5c6949f9d87e163a1fddb7ed08afa5ada2937fff1f,1764461555,1764461559,2497,97625,,
0xe51f78247f8562846eb34ab152201e0a49a089d89f63060697d8115634d896f9,1764461555,1764461559,2497,97625,,
0xb427fdd9af0d693a68b940ef3a3fd93d0d19949ea6cd7b98f89461a17d5d2dd4,1764461556,1764461559,2497,97625,,
0x36dca8a6df18228bb9092915fe496678dd6ddb8f0ee5420867ae7447ee8577ca,1764461556,1764461559,2497,97625,,
0xf6bf11cc5e8d9819b4e51d117d339be8af537793448b088d5d90934a43f738ac,1764461556,1764461559,2497,97625,,
0xbcdb2db902f963abfa2484142fe3ae8374c681768aba9edf8c708a677f8b556a,1764461556,1764461559,2497,97625,,
0xc237f85eccac5b37da312d7a21157f1b596cf69db23bb66d18da03a11f2414df,1764461556,1764461559,2497,97625,,
0x22b6312611ae46ea513274090b18d568f42e94ca64811c5fa476d6f3b48b80ca,1764461556,1764461559,2497,97625,,
0xdd36d913332837eae6e40445166fd5082316ca165e8ffeebc54d1eb20dbf085f,1764461556,1764461559,2497,97625,,
0x825e5a53af8884d3258cc38e7e718ba8c12ec774e13abf0adb11164751921a8b,1764461556,1764461559,2497,97625,,
0xaab3df52fc6a2c77daad0c9e425b377ab7a3233930a6eb865e7a25e44ed1c31f,1764461556,1764461559,2497,97625,,
0xd593c0cb2e662ab46ed2493d8ebf7cdc3d0d22462c34577b39dede26e6b9e791,1764461556,1764461559,2497,97625,,
0x00f55d7b8250f492f5dde5a43646feff244986d4a1d67c7df02fe055b32425f1,1764461556,1764461559,2497,97625,,
0x4b2ee0b7874c320156481af57604c8af6033ac4f86ff51ff313adf6e28674b73,1764461556,1764461559,2497,97625,,
0x186d484306b9c9d60d660acdb0a5c93e9194edf7b20409f5c9f8c6acb39f4151,1764461556,1764461559,2497,97625,,
0x6215c141b0935b336c236023a6e0519fedfd8051384fc2921bdbe8e2a61f638d,1764461556,1764461559,2497,97625,,
0x3472a854732e68e73445dc2807db77a126f7c00ca450289e133b112322ef827b,1764461556,1764461559,2497,97625,,
0xc2da0f312d5cc5d575028bcf852d8faaec307949d9ed921ce6faefa9ce26e464,1764461556,1764461559,2497,97625,,
0x37e94478f5a9b2b3533da1d8c1cdf70ed5a81e7a76bbdd4fdbbd50de7c73a999,1764461556,1764461559,2497,97625,,
0xed0007b0fae1894c42a292fc4fdc87a961c7c6467ffb0d41d4187f36c0b8693e,1764461556,1764461559,2497,97625,,
0xc455da6783877ecd0623f3575953185e5986d3d9962702c21de8af3cb92b6fc9,1764461556,1764461559,2497,97625,,
0x09ccf722df6f72470f53addb7470516af3f54244fc6705d7468e9fa0d060ea4f,1764461556,1764461559,2497,97625,,
0xc2ab0a4eef48712c3d94a23f5df921572829779c2c248113f20a03b0de0a299e,1764461556,1764461559,2497,97625,,
0x84851655d22e12af469e23e21f2b5fa3a4fecccd9b6f28fea019dc9737451aa5,1764461556,1764461559,2497,97625,,
0x30019b43f38549e50ef7315294c7491b6e41297db31e0e0cb2b7d10c38348595,1764461556,1764461559,2497,97625,,
0x119230a240dc8c2e470a328b20651b9fa2100391f162fa04a071e9b4ed920c79,1764461556,1764461559,2497,97625,,
0x926287a931bafd7d124cf55812b2a7db654d089baaa2062a858cfacbceae406f,1764461556,1764461559,2497,97625,,
0xd797e903b6eeed38832bf543923e591a9c6253e1fe8d08bd5d4865e3dc4cc774,1764461556,1764461559,2497,97625,,
0xdc3a719cf62bfaba4eece750edd750f15cc5ec25874aa3fbd8e56512b179d4b5,1764461556,1764461559,2497,97625,,
0x0fc1f5edbf707bd45c08e33925a6d7c15dd53fbdc6356079a28331dfab92db8b,1764461556,1764461559,2497,97625,,
0xacb130f3068e37846fec30744f6536288504f2745e9ed53b92925f37a0d3bb64,1764461556,1764461559,2497,97625,,
0x79d11a4ec68f247f7920dd080d3d942957e219a22752282984838ad3cee56b73,1764461556,1764461559,2497,97625,,
0xc56ceaa8f4d165c3caf3518f1c7b2a9dd832cbf01589a2fc5c363a1d2479a9fb,1764461556,1764461559,2497,97625,,
0x6cf4ebe7c227a48392ec9495ca85274303dc6366d3aab7db8b5234f341a06192,1764461556,1764461559,2497,97625,,
0xa18edf7175b2ecf352b31ed58d67fe26222b248049fa77b6257d49f4c72030a0,1764461556,1764461559,2497,97625,,
0x5ed242893a269f2b4382c7f8847ef873c3268f9d9a276397b90677fe2754f38e,1764461556,1764461559,2497,97625,,
0xd185ccc9741d1109703184a02dd40f389b8d794798bf96aab184ebee4507300a,1764461556,1764461559,2497,97625,,
0xe2ebec3d82d775e2ffee6d9ef019cc35ad7ade7be98aab7f540f4cefbd3c8af4,1764461556,1764461559,2497,97625,,
0x9039a32d8fcc39b5da8db6d491a004fc3dab81de5e9fc6f921a21e42e25df91c,1764461556,1764461559,2497,97625,,
0xf758c984e174b117b9977602c0458d3188e8a879468ad5b76c36e0a773ab87ba,1764461556,1764461559,2497,97625,,
0xf318aeae47b52c8f9edb96e06e6b6cfff7762f548da8a9603e6d3dea0256869c,1764461556,1764461559,2497,97625,,
0x79d2c249a354ab341c93dd38c64e4c30ce2aec24c171325b6711859ce340d107,1764461556,1764461559,2497,97625,,
0x849b8d463532e6ebdccedbad9ee07482b736e64bfa187d112a0a23ca0103b85a,1764461556,1764461559,2497,97625,,
0x5b176e92627c3b383f35c5792b6910fea37886f24c18bb39e5dd974e322e0f54,1764461556,1764461559,2497,97625,,
0x79e6875be1ed7744038d048bd760a13067806920484ac2737ccfbc17dd8a7c3f,1764461556,1764461559,2497,97625,,
0x58a4c138d3a8b35db1f6fd77e6b84057fcf2418d94e5af221b155924d0612941,1764461556,1764461559,2497,97625,,
0x6227944de20c39f3555c1a42e96598a6d692b14063efc3a2550628704f8cd56c,1764461557,1764461561,2498,108041,,
0x27ad0e0efd8e12019268df86dcd3e4c2839d49efa60b715f4eb0d3dd20f8fca3,1764461557,1764461561,2498,97625,,
0x043c96598996abe6ab593809861c171b21026a2db91aab4589ee6dfa2f74811a,1764461557,1764461561,2498,97625,,
0x57f60df8e3c5867c0e94291a7c93c6ee5a1d1c50540edd017fbdef179bad567b,1764461557,1764461561,2498,97625,,
0x4c7b33270aa46dc72a23884f5def42e44fa71edf2bdef4dc2e6c44ba7fae85ff,1764461557,1764461561,2498,97625,,
0xe57960c07576040e08353b76ef5b4e181f4a623f70b8f12916fc4b62d0bae7af,1764461557,1764461561,2498,97625,,
0xe2c19ee5f47e9c363366dc9660928e802f28b7cf0976626bdebc72985f259d66,1764461557,1764461561,2498,97625,,
0xdb78e974981ebfd70b4640d7adf5b08f53ed3bd6ac3134c3e4f91b7840fd59c6,1764461557,1764461561,2498,97625,,
0xc401153ce1b045b322fe5732a9b5dbe6eafdd4808341654a4d22f953e0add11c,1764461557,1764461561,2498,97625,,
0xf3d40137d2fa3af1542b06de597c35ebfcfce9a27d1745bb53145dca4300369f,1764461557,1764461561,2498,97625,,
0x345b068c21ea04a54a4b9c03e094bd7e3934d48978180e5c2eadedf3a00c8e74,1764461557,1764461561,2498,97625,,
0xb75a64ff30c75fc013ff19b209030118fc778022036f119af6d2fb50897fea74,1764461557,1764461561,2498,97625,,
0x33f5000386cab78fe5572c4940066fb783e5347a978895ae6c190fba896ed1f9,1764461557,1764461561,2498,97625,,
0xac43ab175fa36277312261391fd677d557e41894bd6cd4486182113b2c8a4911,1764461557,1764461561,2498,97625,,
0xd92cf2f4ea2182709bbbf475186830ab7c58f098910458208abb195992cedca8,1764461557,1764461561,2498,97625,,
0xb3ffe12ff6b19c15631ab74f889e6b4fdf4b0f4856cf9512c54c5e0539f5fc90,1764461557,1764461561,2498,97625,,
0xa028a946b04ce94ff637817a3e64520163f8013bfabf56db18d1ca534a362a22,1764461557,1764461561,2498,97625,,
0x31a8a2b7b5da5113128bce4db9cdd39aa996bdfbb05586e25bd6dfde6d201fb8,1764461557,1764461561,2498,97625,,
0x3a9a0eb54dd3f8d6aa3d470e2a098a761a218b21dce7aacc95a1be3ac3800dd4,1764461557,1764461561,2498,97625,,
0x84d8b4232eab2460d244b2e9ca77932074db48b1217c3419c306b56f45d7553a,1764461557,1764461561,2498,97625,,
0xe9d49e82ea554d18f13ec2ea25a9990824c63b63e9e4d6c430423ca253e288e3,1764461557,1764461561,2498,97625,,
0xeb82bbf04db3a652ed9ceea52cf3cc3116ea206cc1d4c92a77cf909ffbc999f3,1764461557,1764461561,2498,97625,,
0x49b53eb46bef89cc41dde4f9e92975143f7ddb25227b3afd00806f3314665321,1764461557,1764461561,2498,97625,,
0x1b721179e39ebc3e7907cf745cbcdec128676ba6e323c75dc8dbc447d66579ab,1764461557,1764461561,2498,97625,,
0x7b8ae4f175d41e67226aec78645a7b71d22f89ff2ad395da3f4885881642e022,1764461558,1764461561,2498,97625,,
0x0a226604e4e93cf87489a9e9306db3be1f2ce78418c1580dc419ffd074d5dc52,1764461558,1764461561,2498,97625,,
0x976d4890548d290aeadfd715959ebcd561edbc7722ee7631e9fa8e0f7a8361ab,1764461558,1764461561,2498,97625,,
0x004355b61fdec1d598106186bd639ab4623a86990f7c76faf1c871a3b9875c84,1764461558,1764461561,2498,97625,,
0xb9d10049cf9b436b30f000af9a24fa5262cb6e68ca8f0fc574fd0b44b27f06d5,1764461558,1764461561,2498,97625,,
0xabc97e9e36e0789fd905e6f79a5e5540e1b404223cc63a2825e974db5d851287,1764461558,1764461561,2498,97625,,
0x552eae4ceee2d1cb2c492dc268d56fa7ae1348790f53fc65328c3818258a8bf5,1764461558,1764461561,2498,97625,,
0x884f027a7414d6bccf959b7147b8764c604b5d861b4893a7d5544c854750b7d6,1764461558,1764461561,2498,97625,,
0x2f6f4f6b804b02d21980d269b05be62db2bdd5c4d8376cffdf904d86390e51d7,1764461558,1764461561,2498,97625,,
0x77c337a6191b99e2b725af97f0bb83240380bc3c51bac4e3f0fd8ba36f129da0,1764461558,1764461561,2498,97625,,
0x4140d5c4d91701d8f064f522d1cd8f8816747fd09da1f1bab78dc7337fde37c6,1764461558,1764461561,2498,97625,,
0xacea723ca04c189c8a8235fbfde8170d63cdc17fa4ed0291041914f26fafaa7f,1764461558,1764461561,2498,97625,,
0xd4cc27d946ba61f340ac702cf4eca7f51db292e23fd0316a3403a1898e192d4c,1764461558,1764461561,2498,97625,,
0x0ee430a571afe2de5eac0038297fea0ab542e892f1d32980083233075136c3c7,1764461558,1764461561,2498,97625,,
0x62a12e7303ed3d8427fd85f1a2f3fd855d1f0f2c6142b0a00c7ac5d80bf75c95,1764461558,1764461561,2498,97625,,
0x3e120456d6f50a97b8b1983de171074589034a1f1b286ae9d21348a27965b5d7,1764461558,1764461561,2498,97625,,
0x20ae74e976fbe2b661e0a0b5303d6020a272b60132e1c94be6041b74d0f1799a,1764461558,1764461561,2498,97625,,
0x71d15dc980ebc34a8cc53bd19d1a91fa118c348b853bb7818a6a77a2ad4318fa,1764461558,1764461561,2498,97625,,
0x0c7f893c65b3071034594c43df222813d9512f41b2c121a12e8b28a2701ccc2a,1764461558,1764461561,2498,97625,,
0xc0f260c039cfec52da89a5ae6ebb2294260bab25b02bf757217f4a62a3d68637,1764461558,1764461561,2498,97625,,
0x147698545340e039ec98713ae9a563a829f15be69be62cee267fc9723b3ce04d,1764461558,1764461561,2498,97625,,
0x0d11fe3af4a4a13beabd98d87cdf19efa7f155cf06ee4b09c5ca2b3fd853692d,1764461558,1764461561,2498,97625,,
0xe10a4d9ad0ca680623f7215be82c573c49534f072aab38ca4ce757678cb66213,1764461558,1764461561,2498,97625,,
0xc03315e548bcacba90a45cd76f95db478f3f6608584af7926fcc7879d1a5c8ad,1764461558,1764461561,2498,97625,,
0x9d7251af451b47d01a3fd5a12d4f5ca99dfe772d68ce1e3c9655bb4b22fc5d34,1764461558,1764461561,2498,97625,,
0xa1e06aa965065bdf241d999578b985f5f07063e515fbdb2c35bc15a6fef1c519,1764461558,1764461561,2498,97625,,
0x666e72bb04ea6ba171de92086f11f78bb2453e99615d41f8a087e1a8b64fd506,1764461558,1764461561,2498,97625,,
0x16f74332e2df1c3641e8aee19fa287054d792ae20ba45a7a94b941722f7ec65c,1764461558,1764461561,2498,97625,,
0xe7171ccd77bc756c648bbbbe45e35773723e5fc279ed26dfd13bfc129ee57278,1764461558,1764461561,2498,97625,,
0xa36a37148d74eda3a12518d215c2fd574b61a1d9fd2fb11303dd429bca19d769,1764461558,1764461561,2498,97625,,
0x27434772876011e56abc5d6ce30bbb71cda3e0c2dc19c8c299ab3de267408e6b,1764461558,1764461561,2498,97625,,
0xf7b12bd9caaeb41104c8c11b9f66183504e7df6d4c0b98e5a6da6b370c48703e,1764461558,1764461561,2498,97625,,
0x070deba8d1fbad2abafb2957e55d3668f3eac83492959d3e8e0ee53c76fcbbf4,1764461558,1764461561,2498,97625,,
0xb5a4b7832ae6d162a9d7e8897ccc87fa79c7a3010c86727aa1dd6b4cf9d4e316,1764461558,1764461561,2498,97625,,
0x1a3580e7bf20e582a107dcf5cc6de14171f6da0207ce808ffafec05604a84324,1764461558,1764461561,2498,97625,,
0xffb56d8f8b67d4f46e41b333600459d485380d081f6da36ba73a08b50269d566,1764461558,1764461561,2498,97625,,
0x4f1d426fb2c1249d8aef6f2f15de200c0ae3ddd70f9065b089cb0b08d3660d30,1764461558,1764461561,2498,97625,,
0x1f9f74e1585cbdc758d7c1013871b3055fa1f9b901edf4f2c3d95bac7daadf7a,1764461558,1764461561,2498,97625,,
0x835e9213488962aa0f3742c232ef112b2843ee4a6defd243da359e1642ebda47,1764461558,1764461561,2498,97625,,
0xd81251d19cf9ae5cc6ac6f81f8b37240d626b600b87540d0ccaa79da995cb85e,1764461558,1764461561,2498,97625,,
0xcf4d5b8716eacd68c9fb788324e0d420d9e286cf7658c4951aeb16f4a0d2bfbe,1764461558,1764461561,2498,97625,,
0x5826615d3e54f6f1cdb5e090095516df267713c8f829f66687dea5da53728298,1764461558,1764461561,2498,97625,,
0x209c75ccfdbf4fa9c50d206db45077ebc7a1b6b6f10cd35c49c67adfaf8836c3,1764461558,1764461561,2498,97625,,
0x618a31a2cffee44ed8e227771189c3ef6e46bc9ec5663d2eebe855d528d8d391,1764461558,1764461561,2498,97625,,
0xf064a7ec809b5f442ff4a15db4ff36e74225d2e196b9af2b5394cf23a82298c0,1764461558,1764461561,2498,97625,,
0x268a05ef4b54343df905d5b5563bf81b768926d28e439a1adec1db521389814e,1764461558,1764461561,2498,97625,,
0x86a784073ab6da1486abfe3a60709581c76cb8eebd508bac24d0278fee85ed8c,1764461559,1764461563,2499,108041,,
0x0e1fa4908697eb1e9755c2f43a81e4e3b928849616f275ed1ee3b1406d7246af,1764461559,1764461563,2499,97625,,
0x25bc152dc3eabeea521668939a5fa7ffcb420ffb251c646c96a7fa4f247346d7,1764461559,1764461563,2499,97625,,
0x68c585ae2e9e27ae740bff6123cccae45cb5d2e0588674327699689b0b117547,1764461559,1764461563,2499,97625,,
0xc06d24b9f705ed81193edb308d779eef745983f13982a3646a162874cc59b395,1764461559,1764461563,2499,97625,,
0xfdf947ad8b780baf48a8c1cfec84c59f9dbf70a1d129bcf96a8e1ce12cfe063f,1764461559,1764461563,2499,97625,,
0x8113b4b70b1f37e6c0b889bd1fedfcfa226fbb66367dcf08b18589bd03018028,1764461559,1764461563,2499,97625,,
0xabfc7b6abc9022b0e9ba063b18c1e11759d69bab8b443bf9b93af15e65e0df06,1764461559,1764461563,2499,97625,,
0x9fa4318bb74a17a52818131612bd4495a15163ed3bce8b0814fdb3b56cd762d6,1764461559,1764461563,2499,97625,,
0xf3a386f69278c29d7a2f36a3dd25567ab818495ebd117f868c2e6eee2ec5dc09,1764461559,1764461563,2499,97625,,
0xc75f3314f04b88d95524faad594a2214e8f8063458de244bcf7a9a8c196eabff,1764461559,1764461563,2499,97625,,
0xd02ba9d25113cb43934937f4f1727f84c315249c37186dff9358c8c8f9be49e2,1764461559,1764461563,2499,97625,,
0x8f07ba10ce8809aff1a81744d688d06db56ea0fad06d99c2c6bb45c22caf24cb,1764461559,1764461563,2499,97625,,
0x884189a2afde7e0e4979bc5f79ec304e9fd2dfcf0c88a262dfc4616a8e38515d,1764461559,1764461563,2499,97625,,
0xd0eace899160313f6b6786d0c652addb46248f2d52c8eccfced3376f62b56213,1764461559,1764461563,2499,97625,,
0x1c592e628d6c30040006d725c309df44902ffd5d768175573dabe377692d6c99,1764461559,1764461563,2499,97625,,
0x4639f03820e22d715a9f4bf4719304c28a7787ce4d33520e156ac086dc17560a,1764461559,1764461563,2499,97625,,
0xc87db46ca3445b4b048f1666e4aeac5083c5c787940320b3b9e13be81f028f1a,1764461559,1764461563,2499,97625,,
0x2b801c0d8396dccf5bc68c71fa5341fdcd1a7139315193a01d6409d29511a3d5,1764461559,1764461563,2499,97625,,
0xe0c63b9feb187c64c9ce3ca9507f8c5d568f14683d29c9335325dad535b37fc3,1764461559,1764461563,2499,97625,,
0x65b0011b8bba87ee8d43772ab0143568149992bbc3479064e689b126cd6277ac,1764461559,1764461563,2499,97625,,
0x25cd06bef58d219d5eaf22a3de108064c833e3d174ae600c77d56e1a617d9adb,1764461559,1764461563,2499,97625,,
0x261ed7e7bc0129dc9d73f9f1884441e607abdfe2852e9a04efdecae67a1fdf21,1764461560,1764461563,2499,97625,,
0x9bdb99bb2aab33492cad3c37545f505deb82fe7752be41cf6ca19a3abe1b1d67,1764461560,1764461563,2499,97625,,
0x4fd3f99e846fa2e3c0fef6edf2658f99a71d567e3a2d3ffa49e484bb78215017,1764461560,1764461563,2499,97625,,
0x510e77591e58628de5f31f0d734a4d49b659a96a6aa95fca75845f50a66bef15,1764461560,1764461563,2499,97625,,
0x14fb109331dd5405dc761c269ba66ac871730397c941a85c4323902028a832e4,1764461560,1764461563,2499,97625,,
0x4100cb91659bc085d82a72c80e5cc0b597087f3840e2a43ca588db9a01b61247,1764461560,1764461563,2499,97625,,
0x4b8d7f309dbf9f28bf020c82be186a1d7e76401ff0ae256be88569f9f1ea9007,1764461560,1764461563,2499,97625,,
0xb15eee9acc706c82f0341a70dea43e48bcdf943948a7889cca9b0c5733c2fee2,1764461560,1764461563,2499,97625,,
0xce958174a6cec052d545f83e52a86b5026eb9bd0efd8e2f4187566f9d3b7385b,1764461560,1764461563,2499,97625,,
0x795f63a9fe6377e8a7484c0d38a464d53c7a091dd64b13e3dda4229d3dbc944f,1764461560,1764461563,2499,97625,,
0x292bb87d83f45e1f8ac3795733ffb67deb32a80658ad67b3bce8cee6c57ff8d7,1764461560,1764461563,2499,97625,,
0xffe9622655d18ae12f671174f3b96c591fd47c02e1388c7455c94f65ff3a2424,1764461560,1764461563,2499,97625,,
0x96d4b0e06f34703c97e949a03563ed15540ff60fd602643010ada98c2517a490,1764461560,1764461563,2499,97625,,
0xa460b9a68645a69856094d62e1acf30cdb760aea30ba6bfaab7b818ddb22bbcc,1764461560,1764461563,2499,97625,,
0x98bdddf2ca5b8fc00faae1148afd46a2d299b61e3ba325d4a6bee09b0eeabd28,1764461560,1764461563,2499,97625,,
0xd30c14c770bd6c3783ff69e406250638ead687e249964bdfea56b2859f413afb,1764461560,1764461563,2499,97625,,
0xd95ee9a7e3d2920fdf9da52902c5afcbaeb906c5645748bf4619f1f7d43a0e32,1764461560,1764461563,2499,97625,,
0x7d6ae8fe5c337aa6349090814771e03973ef6a8a89ce98fc6f7b9d8d463c04ec,1764461560,1764461563,2499,97625,,
0xed7c70c4735e5733f5068cbbfb1a1a561a55397b48ac042d6f79882d013928e8,1764461560,1764461563,2499,97625,,
0x8796bd40ec4b974dc105b2d34b802de9c1f80dbad9b92340a0e02f9ea523b1f5,1764461560,1764461563,2499,97625,,
0x6c71fca51fea3a8ba971fd1eafb47cdc74df3e1d28d29987a1a808a985a34919,1764461560,1764461563,2499,97625,,
0x97f880c91d5c9c33043f8ae6a4633171e856f450b94ae93474b5a9c4f44cb654,1764461560,1764461563,2499,97625,,
0x593f0dd519a11f3eab9b25b68de1c56751a74b2f60bf5fc73be7e97956a373ef,1764461560,1764461563,2499,97625,,
0x0ecc6ab2539f52602ebd7a895a5357447511cc16f14d7dcfcd3f743b9f11cf7c,1764461560,1764461563,2499,97625,,
0x95e33155c73a6e85897c958ff906d9ce88e398f85402308459bba5dfdcbac54e,1764461560,1764461563,2499,97625,,
0x5adfd1b870f219b62dc0ddcca003944b9756092e87ca623de8de59d91d4405bb,1764461560,1764461563,2499,97625,,
0xc135be77d888a4bf70e1c6f575c10306bbd3403d9158aeee80c44ae4847e6dd0,1764461560,1764461563,2499,97625,,
0x6d0e9a4bd7341db829b9c65ccb5fdb894272d2039afb76cd91b90cdb8dfa1957,1764461560,1764461563,2499,97625,,
0xc1b137c578edb2a2151227f99c915194d74266f4420c81f39639ae8bcda43e81,1764461560,1764461563,2499,97625,,
0x962c519b85d08ea348ec67113a76b0246de5a711fe0473c579c390ccf2e82b68,1764461560,1764461563,2499,97625,,
0x0822deb1c0ae881c39b8564228ac6800633d7588967b8abd9908759867491b78,1764461560,1764461563,2499,97625,,
0x55d36c48670e5a1e81eabc07f84f46c8bf9a49acded47cbe5dd9891c56fff0b6,1764461560,1764461563,2499,97625,,
0xc9e1ca81d060580e2dca8f3462c5ddeb7a848e7922fc5097f4465147354cdf39,1764461560,1764461563,2499,97625,,
0x5edbcda5624ef91c57e3f4a8ace0063674b5ce018a3f77f711028e1627cf67ad,1764461560,1764461563,2499,97625,,
0xd62987824f59359817b5db2dbc78888a11cfe16a488d7c650f700264da004535,1764461560,1764461563,2499,97625,,
0x88d5a0670b58fa3d40113b053bd8ee090e055f7b163b5bb1006d3b5db8e84724,1764461560,1764461563,2499,97625,,
0xbb5f1de39759f581ed4dfe4fcd59253be7f5c19547b798d0dbe2015c90990462,1764461560,1764461563,2499,97625,,
0x3b462f34e8a7c57132cc09e33c58f1037bf8efe48319e852129bbb1e7b13c624,1764461560,1764461563,2499,97625,,
0x12e06e2b8440380d572d27a8fae217d753474a9f71d323803d4a2dcf19492859,1764461560,1764461563,2499,97625,,
0xd7983a562d24c6a2afb563ca38068cb7eba8023c62f3a52fb7724f63fb2f5069,1764461560,1764461563,2499,97625,,
0xac7169418f95c910cac18c35a31778da2a746b04e1dd2af0b48cd840d4d60963,1764461560,1764461563,2499,97625,,
0xdc0fbb721888d7433672aabaab5c1d03211c8e197057a42c9fda8daf05217467,1764461560,1764461563,2499,97625,,
0x2d54312accd9822ac739ef4e6d02a4993aca5c96ef9e8d0769ab79451b906b3d,1764461560,1764461563,2499,97625,,
0x1f4a4640157d22b3226923ecd8cd28cc6ede74cc9ac5a3ef20eaa7488ea27da6,1764461560,1764461563,2499,97625,,
0x94ccdeffd247cc10991f9e80fc9cca84447a9e70676b7cb0de56715ce3a8cd14,1764461560,1764461563,2499,97625,,
0x658d6323f57fa1535f1f5d13fc66a0cb0ba9bfeb876d699c7c3649d7c414d17c,1764461560,1764461563,2499,97625,,
0x60359fd723a337920f3029a39b444d423847969d43ea9304cd9412c014edee24,1764461560,1764461563,2499,97625,,
0xc5d70a02e47585000bf61ed5686c024017b2238d23f81a744ded12ed8473179f,1764461560,1764461563,2499,97625,,
0x9cb0c33d0f65ce53ad07920f90cbfee6bdaaf446a7380ba0d5bdc9a99bf1b658,1764461561,1764461565,2500,108041,,
0xc3a0d1aa8c520f9fcff4338c2333549d22b460678f9f86b6366cf204da1b548d,1764461561,1764461565,2500,97625,,
0x7c3ab4fe517a34224d0194be19f94e099af367d3a15283306eb3d8e67d8b8ee5,1764461561,1764461565,2500,97625,,
0xb6e1a1c2655772b0734c32c63c84adfec08c7a53999a73a51b10025ce788237b,1764461561,1764461565,2500,97625,,
0x1f8193a6761b2a56d9a1ad5223a9f53872313b537d736d281eb39134a7c9c1d5,1764461561,1764461565,2500,97625,,
0x55bf8abf85473863a27a06bb84648cf7fedc77af3778768e5246f6b82323be24,1764461561,1764461565,2500,97625,,
0xe23b6751b1e80dfa3316b7d70a6d6d23977e064c91488a8eda7ccb2f28b1779d,1764461561,1764461565,2500,97625,,
0x5b7a47215836205cb98e35d3008bb545d8f6df3b7158f3859a42e1330b8d4e7a,1764461561,1764461565,2500,97625,,
0x8843b0105240ff0730317e7e0375171c42e0f126a1be5608d2b6c191f73fcedd,1764461561,1764461565,2500,97625,,
0x1b8de863bf4a8fd5b6ce2703358e85b4c94067bc9f509784f2c1cffa581d1f8f,1764461561,1764461565,2500,97625,,
0x3a3380424758a0b7f78fb6a33fe5ca2f4d4afc7106fc8c09be28788f9db350cc,1764461561,1764461565,2500,97625,,
0x43872cbc8246d229e4102e18f378085aef5d98b44b092fdf2f6d9629fe15bb50,1764461561,1764461565,2500,97625,,
0x294eb406e92793b32fa2b8bd02ae2d287b8f88f37ac15351edf211a8e5ae44fe,1764461561,1764461565,2500,97625,,
0x71d78e6a57ea19d1ea0fe5d6ca1c3d390ea5557950fdaea151714a9b93537983,1764461561,1764461565,2500,97625,,
0xc0b1caa53c2a8daf629e85ebb03e100bb63c869ef74363ee2774a989d150640f,1764461561,1764461565,2500,97625,,
0x121d48329d885532083190bd45429cef9fe23e6a49000499bbc2cf8c9d33663d,1764461561,1764461565,2500,97625,,
0x19f89f19423510df42c599ab7cdd6eefdbbc3c738baba041f2109b7ddf76e545,1764461561,1764461565,2500,97625,,
0xf0d588e2a7f14ed71009f6fb05ba695e975a5b57e7c5d475a8a081e6ba9f19f2,1764461561,1764461565,2500,97625,,
0x022dd116fe59ad7db277b0b0a45081617576bcd6cf40293c538fc56d423118bc,1764461561,1764461565,2500,97625,,
0x4b4f3b08d069b6593dc95a59e1b245eeea121e0e32c3993f3d455d3c71291920,1764461561,1764461565,2500,97625,,
0x2db4722687c80b3753674914a25341304acf9b8742c1733404a0259ea91cb13c,1764461561,1764461565,2500,97625,,
0x73357fb922de9fef69e0a2a7ee24cf6f37911b5506202418801f6e4c3dc44edf,1764461562,1764461565,2500,97625,,
0xa7cac333501a7dceb9c314949f6fb271807f942885495ce2ae02194f0d8097d5,1764461562,1764461565,2500,97625,,
0x73a69846ab1a071db60be4b357bb9db504c23836e4206409c7f90e6f53c38baa,1764461562,1764461565,2500,97625,,
0x292c71218c276b0b0ed517a42fb0538c6335022924d17b67c5c54efc99a27626,1764461562,1764461565,2500,97625,,
0x726d6023b6ecd24019d8418272f6c79462fb0c3ac822cd50172ca7f610fc74fb,1764461562,1764461565,2500,97625,,
0xc468849cc3194b4804233288a326306d63262cd5fa27c41e3f6ae67af8257861,1764461562,1764461565,2500,97625,,
0xc322e77416a2722d1cd6073a29e8e46ce2c8b53df21f11345de453157c2603ef,1764461562,1764461565,2500,97625,,
0xde54f32e2024efca1ef33d42da04e2094cdfae34d8bb0fd3c8bee73a0820926e,1764461562,1764461565,2500,97625,,
0xb2d6a03739c0f5ca334667ea51c0ea48ad68674f29680064969c7eae91d51136,1764461562,1764461565,2500,97625,,
0x8fe7e1ac86138b1105ed5d4d1977b99688261e6a6d4e3bcbd651836504cd272e,1764461562,1764461565,2500,97625,,
0x690d0c2a2c23c5114075d5abbc806963f82ed189b54cb4edd7490b078a4583be,1764461562,1764461565,2500,97625,,
0x62592210f182a0004fe90a9bc9748a4a24b674dbcc4f2d963b18b3d0a6737a23,1764461562,1764461565,2500,97625,,
0x008654605cdf52aa0e4ae00544c2164318b6e9553eda9d7b00f2e7b735a6fe52,1764461562,1764461565,2500,97625,,
0xf6c81473c5618787562d84f28f20cf9a04800a0a3aa7ddbb563992baa88e8ec0,1764461562,1764461565,2500,97625,,
0x701e512fc3d8a5ac5acfa9770a3c5f36bfe4fcf7cfa5e9c7e8be1768f6d40f81,1764461562,1764461565,2500,97625,,
0x3719b2b9569cf5c979a79bf7767eb435097fd7089c7d7bbabffaa0fbf94181b8,1764461562,1764461565,2500,97625,,
0x8f5ee5ccb32104ec7b0d40a8c299f4304de9c364f66cd8bf28c03f7601c9cb97,1764461562,1764461565,2500,97625,,
0xd0b974d385a8e0b0137110e0d4611c6f6c5737d0993b9140931e6ce628b11680,1764461562,1764461565,2500,97625,,
0xc437a38b0e6010cae65f7db3397e780f14fad75dedb00b82291a273ac90e35d4,1764461562,1764461565,2500,97625,,
0x8ffe925f95090c9f1a3b9dc27fdf6980746764636c6bd8ea788156d65eca5030,1764461562,1764461565,2500,97625,,
0xded972a9d48b4a3351989a42d3dc3c708f42fcbe6081565929a170fd65cf88bd,1764461562,1764461565,2500,97625,,
0x08744113db0673c5538c82149cfe4edc700d18322d831945c16c87a2f49717c9,1764461562,1764461565,2500,97625,,
0x8df2f2f6a53aa7724c86bf06cf6b47d8af200af32989e431ac9fce81f2745f64,1764461562,1764461565,2500,97625,,
0xc853b79bd263f4b1d2899b2224690827dfe28db4c7a341e097a21038ab03efab,1764461562,1764461565,2500,97625,,
0x9798c8240878f94b60701e1047eb1291e72173714dbcf4c944b3e0e023d6eb1f,1764461562,1764461565,2500,97625,,
0xa866bb5f576ad1f879cbafe63912fb4a590dd7967eb10b980243079451ab0cc1,1764461562,1764461565,2500,97625,,
0x6d1ed038e81ac87837ce06a0e8e00863141b31140d39c93556f64785d7560159,1764461562,1764461565,2500,97625,,
0xd95c6127a0b0f344656fa8bbd19682130980519a2d6ecd73294a59388bb8ac6b,1764461562,1764461565,2500,97625,,
0x0e94d3d7964bb2a275fe249402091ce32c197ee8741b8bb2fda1a514f461c52b,1764461562,1764461565,2500,97625,,
0x579e527ab39a299516dd6dca95800dcc42795da10b01083f4760b551896fefda,1764461562,1764461565,2500,97625,,
0x1fb122191d05a64b577cd4c1ba3cd59b9e06a4f81a75f0f946f619a54a1fc189,1764461562,1764461565,2500,97625,,
0x62cfa9c9d773e4b4e560fddd0816441570078220940a3cb36247fd09f32790ac,1764461562,1764461565,2500,97625,,
0xe9556d4e1e233d0c680e0df057b049220d32f7019aca01a3ff31f2286443a9b2,1764461562,1764461565,2500,97625,,
0x19ea8e714aa197dfb16ccc8c0a64945e11042216e63d794566765f5138a0c53a,1764461562,1764461565,2500,97625,,
0xf2735a32f81011285938501d88f54e1c530ffe1d9ba2e379713fb1b6a1f8425d,1764461562,1764461565,2500,97625,,
0x2fb79a67d474ab6bbc6cfb4c43485598b5310c6ee3ec644955f6bd255a9ac5a2,1764461562,1764461565,2500,97625,,
0x2947b4518f40766fc6b5882a81d18dd3f1fea5b8ad99fd4f1042062779b369f7,1764461562,1764461565,2500,97625,,
0x4fcb73d3b3defe96124cffc4f6c2737a2374f91aa46c87ecc7933b523ec8db19,1764461562,1764461565,2500,97625,,
0xe518d799db467cf7f7779ea1bad34c4521b90988bc83fc9a12a759eeb416b08e,1764461562,1764461565,2500,97625,,
0x2f3a108add33373f07566185cd29cd1824413e28a3761c1dade597ee4a109e5b,1764461562,1764461565,2500,97625,,
0xcef972a20cd106fa7f06ebd9493a3894f9dd03a6c20990546a45b15eb51b3fc2,1764461562,1764461565,2500,97625,,
0xa4ce50b240e36471f60f9c5eb0b6d097e783e065e516930f12a6c088c836f6cd,1764461562,1764461565,2500,97625,,
0x020335ece5b9f2e68fa6696a6163351b0d014d6a9a29f7259a558cddaf718f83,1764461562,1764461565,2500,97625,,
0x35243a60e2a486ff7045b57a3a31bb37ffcc4911fde03903a697fa3f2070de2d,1764461562,1764461565,2500,97625,,
0x6b3d9cb0efa469c63aecb7725b4e2ff5929561398d6c79d1501182c04830b853,1764461562,1764461565,2500,97625,,
0x257dfee3abc64dc350a7a386067348991fc99ef8c1062aa8d270281c77256895,1764461562,1764461565,2500,97625,,
0xf58eed6e7f09969dc11bc6624a193200f7665dc1b6be40a3f9d660d6c3fe5b19,1764461562,1764461565,2500,97625,,
0x0288d04f5a8a80f795a5161c90e4033621ed4a5f600797a3e52f4ac22a7158b8,1764461562,1764461565,2500,97625,,
0xdd079c87dc450212cf923a108ab3f6fb48b1f432a43f0fa7d640c94797474b61,1764461562,1764461565,2500,97625,,
0x192a3af725de3c476118584c41a2dfdc3de94588a132c909397726c958fe2caf,1764461563,1764461567,2501,108041,,
0xe04cd922793d4833dda2d665e567ed6e65921332ba5c2f87ffdd8b4716e9584e,1764461563,1764461567,2501,97625,,
0xb15590554d0f385a63a336cdf69a47a22a3451218b56dd0ed5fb6d79d3bd1927,1764461563,1764461567,2501,97625,,
0x945d37b1c27615e52971b08ba218422f20569d0e04c8f8280d3f5a62cc89f02e,1764461563,1764461567,2501,97625,,
0xef56bc001767ab6edbe0c21038d7aee5162db9bbde96cd7ab50a1326659377e3,1764461563,1764461567,2501,97625,,
0xdaee4f91abdbf24c2c9091150bb1aba255170cf186afa39bcd5c839b89d05154,1764461563,1764461567,2501,97625,,
0x68467ca054e7bb9165c5deafcedfc259fcd56cd1a16b338f1680a2309f581658,1764461563,1764461567,2501,97625,,
0x0d23b3d3dbdb1926464abd9488dda7ab590532d903cb12dfb91480d956f6054b,1764461563,1764461567,2501,97625,,
0x4b4b091188c6d917d6ecbed82a1683c182809848478adaa1cfd30a243c540d2d,1764461563,1764461567,2501,97625,,
0x55fa34d1b8ff59ecc28e7444d1811c6d19800401814a128c89fb5a563e9e3259,1764461563,1764461567,2501,97625,,
0x878387eaf491ddb31ac40302ead54abd50190f8e107b4ba18faabba788f00ac7,1764461563,1764461567,2501,97625,,
0x611d84cc403e78de74b81ce3552ca5d3ec88e9dee0c709fde2bbdfe3ed5b1456,1764461563,1764461567,2501,97625,,
0x1c926db14325222a0d88f403db58a68a641f81500ac75cbd11174aa7a0df2c80,1764461563,1764461567,2501,97625,,
0x0b157dc2cd1ac351ea1fcda4cf18cf80c395c9b3143a79de62435cbb75da8e96,1764461563,1764461567,2501,97625,,
0xd6a458702be4d8ccdd87b20168a0f5dc3ecd6633557f21126e5ef9365d27d4be,1764461563,1764461567,2501,97625,,
0x964b0eb006fa5e6a6a69136f81972ef8999c79b6b80be18311f5b18c55b62ad4,1764461563,1764461567,2501,97625,,
0x3cab6f6558371b773212653d443aee9d4211b46f8bc3afc0787eff42947878d9,1764461563,1764461567,2501,97625,,
0x8d8197bc40d91d461a80049a38f6d2aebdaa276b8fc0708f11ed69dae7e6f43a,1764461563,1764461567,2501,97625,,
0x03ac8397d34ba074379226de7129b2751e1aece18a8757dc103683c247531fbb,1764461563,1764461567,2501,97625,,
0x33ed8866d9947387d24624dc13f61f22b352b0ae4c1674950fa4b05081c01de8,1764461564,1764461567,2501,97625,,
0x1636054d108fd433a427ec1e1b612f4d64a036c642322fcfedd1c093dbfe9f76,1764461564,1764461567,2501,97625,,
0xef1391e8278fd702fb3c89529e259dd2038a4c8fde1fcf2a33a85df3d743d1f2,1764461564,1764461567,2501,97625,,
0xd346fec5a10f9930b9c22c42ee644ec9f9daa46edf65dede003bf3674c5cc05e,1764461564,1764461567,2501,97625,,
0x726151eb04b05813ded2179713dbeeba08c4bea503fbd24f519ec2e664401847,1764461564,1764461567,2501,97625,,
0x7eb4c42d0baf65ded306e5514749c28a4c06313fd96cc75388c012a0f24d38ac,1764461564,1764461567,2501,97625,,
0x7dd5e392f73b7722dff9907a57d10cae4a7663454811ab8602ad97141980835d,1764461564,1764461567,2501,97625,,
0xde6fb82418253a08144501a3c529c7e8dcc67c677c38cbf0aee4bbf5d261f516,1764461564,1764461567,2501,97625,,
0xd0f3268568fbb1cc0666aff1b9bfe71ee18edc36b7812785733c900226387c01,1764461564,1764461567,2501,97625,,
0xca8ec107d36a6b801dc39aaf5f0ff32aae7a1b0126674996ad3eba640a6e99ff,1764461564,1764461567,2501,97625,,
0xd4d666d80083abea8ec9e95053467b467ca52550e7c46bca022ef60936512758,1764461564,1764461567,2501,97625,,
0xfb4559e457d46f6eb4bc128b9a17d6989e5912b8b6d304be36e9bc0982192bd7,1764461564,1764461567,2501,97625,,
0xbaa97ea1c6bfa0bd911582a256cbc210abef79f7d6207efef6ac0dd658b3f1cc,1764461564,1764461567,2501,97625,,
0x6a346a022db58034128f62d8fe704be391821d2124def68c2a398f9880aa113e,1764461564,1764461567,2501,97625,,
0x32452b2600a0b3b5a242d3f97fe9088919b2f16a60ab9272abdd84643f31260a,1764461564,1764461567,2501,97625,,
0xccabf9a66ba0bccd65c7478f2064a4e10a869e2df18cdf1082fedecf02d67793,1764461564,1764461567,2501,97625,,
0xcc74a5c647f0a34a40ac2e7113a05653010d03c13239274e7a72998b9b8e8cac,1764461564,1764461567,2501,97625,,
0x6d5cdbaaf8c84c3b3acfe204a7b93177391a1cd3c3c8f1c50ad8f264c59bedfc,1764461564,1764461567,2501,97625,,
0x8982d7d8a157fd1b3cce7b158143291bf3460d91f91a554ce6e1d4b76603cb71,1764461564,1764461567,2501,97625,,
0x3456f5e3137a1b8f964eaa9c6e9fac5c3af6ab85e679bb7feff6c29574c4d9b0,1764461564,1764461567,2501,97625,,
0xc151e2c1de30669d216ca260e1e0255a0634eca764f4f048c0b65bc976f3c6c0,1764461564,1764461567,2501,97625,,
0x0cc9f9af5218c77a02aa2a024ec91be613680f7d7ea3902c7a88f8c077b06765,1764461564,1764461567,2501,97625,,
0x095fdd8e3d5d76dd86a00aa51b15c0aa34df4283f26cb5723b2dc155073c9bcd,1764461564,1764461567,2501,97625,,
0xd9005eae0d50005fdbff15884fa15228b22a3f2a48159cb505ee3899b231e0c5,1764461564,1764461567,2501,97625,,
0x75f593f652ece49fe29e89734920540844ad3592bfe82b372b0174f59912cc13,1764461564,1764461567,2501,97625,,
0xe7f0450849a6caf28627cca4d4da229d4576cdd1486163abeb2e296ef80a4c89,1764461564,1764461567,2501,97625,,
0xe53ea3c851ebb7a6f556f93a5898a1a30d7ac64b07c450252ee95fccb238e602,1764461564,1764461567,2501,97625,,
0xe37966d84fe9fa70164b479f9fc8f7dbfa419daf06d2a86d74de33fe4de2c1b6,1764461564,1764461567,2501,97625,,
0xb68e430690c05ba8e8b35e2518059317108dbfb913b1ddaaad9cab45cbd972fe,1764461564,1764461567,2501,97625,,
0x5954311cb5f5708f4db59394be116ccb623e40e39612f1bdeca64dbeb1c899fc,1764461564,1764461567,2501,97625,,
0xb3311e2a86e64c442b2ee24f7031448fe4c5f9241542746c569b28c507c07212,1764461564,1764461567,2501,97625,,
0x89e1d1234dbb549d6ae9941533b34411113baaa2c33efe7da69fac527389d295,1764461564,1764461567,2501,97625,,
0xbe03e9931547fbd165f23f35ae5154ed723f0ca5453e48e5f87906bc20c654e5,1764461564,1764461567,2501,97625,,
0x4b18260a3e50134f528dbb5f234f46273aa9adbd1339708afc3149b01e981736,1764461564,1764461567,2501,97625,,
0x3ae9b0638f08f3987ea915acd45ed5d08eb7227c5c799acd6756612a8593c6ec,1764461564,1764461567,2501,97625,,
0x85ed644e086b322a67de543618816e97959c455ce173b96409f1d648aa654c09,1764461564,1764461567,2501,97625,,
0xc2e106cacb648983c857b3872720b3f8a201a217a41e7c112d4b6fbbf400c729,1764461564,1764461567,2501,97625,,
0x9266cda440b41f0b4b8c192ef578e1cf3a1411fd7442c4e6f72eab4765d07cfe,1764461564,1764461567,2501,97625,,
0x95915952e5463b945cf16418d7a9d10ec7f37fcbdb83467593e093ffc5eb6d30,1764461564,1764461567,2501,97625,,
0x1725be16429e882aa028b1cd0a08eacb1927192ff97e7cd8f9815e6120f5ff51,1764461564,1764461567,2501,97625,,
0xbb810474bd64d1514d89cad4fb9016f5fb200758faad9391685f2508dfdaad12,1764461564,1764461567,2501,97625,,
0x1d2344a804e5d581d0117a2064d13381a5154e1be324c4612abbedfe7543e4cb,1764461564,1764461567,2501,97625,,
0xbf04af14bca8cb8316fee652139c82d76336991ccd2702a93c69c6e4b276798e,1764461564,1764461567,2501,97625,,
0x0fea11850c8361f5db01b0a541118b7542e7e6966ecb12984ef2dc798e1f027c,1764461564,1764461567,2501,97625,,
0x0c6db2aed56431c7e6a34a33ecb07c97d6f83091958d50e5eb1c77c19d07b24c,1764461564,1764461567,2501,97625,,
0x136d57680a722e092d7efaacacf5626a092c3facc80d103ca395ae17d5dd3ece,1764461564,1764461567,2501,97625,,
0x9d0f548ec191015a7cda8c31a24b7a30ff29cab39cf8f45246a7ca816651269f,1764461564,1764461567,2501,97625,,
0x44c19f60210d34fb4fc6b680ec505e2b90fa42b5c0aed9b0a2a8fc4e322a0c6f,1764461564,1764461567,2501,97625,,
0x5c126748032207ec43484d7441106267bf297bcdf1d9d902d3902f5513bda555,1764461564,1764461567,2501,97625,,
0xef04e3823a20d49eb1e989fb82645147b7e19daeda14af19abe41ad7ee8a2ede,1764461564,1764461567,2501,97625,,
0x30458ba49fda1c88ab630c68b16341892b7972a4b24120b2e950cdd334223322,1764461564,1764461567,2501,97625,,
0x71b9a4b882367de025c36b10c5088a957bea04830a8a5a5d4c970d1dd9b7c634,1764461565,1764461569,2502,108041,,
0x9024c3428d7040ec9e1a7de3e695fd5e0bc033e115b898d05cc3900d4ba3e368,1764461565,1764461569,2502,97625,,
0x975d327fde772a77b58da174b97eaa1bf4ede0d671b575ce55433dff64293291,1764461565,1764461569,2502,97625,,
0xfb6a31f47c0eee8e4c0176ff5f0e152f69b0de1dfeb37954bc5ce4552160c31f,1764461565,1764461569,2502,97625,,
0xbc384de63b76619b13d3d6c0f21cf42d46970f6a6acca63bbf205002cca3316e,1764461565,1764461569,2502,97625,,
0xbe27ccfeecd524624e267dede20871819cf58708e35a494abaa35ce8e7f47f47,1764461565,1764461569,2502,97625,,
0xb1aaaa345c9cd1cf1c13595a5d103dabf45a0d55e3d43d2fa6cb1feec0a8c6f6,1764461565,1764461569,2502,97625,,
0x80863876a3d5515389beca3bb0de9b472491e3452dd0b2f9d45b4f1878dffa85,1764461565,1764461569,2502,97625,,
0x4fae580b3b32623b9dfeeaa2d8980f98f89fadca43bbba5b62b31e1dc916a491,1764461565,1764461569,2502,97625,,
0xac839a807fb371415f5a26d7a7eed90875d6630378a3466d00f007c5d5d07ef8,1764461565,1764461569,2502,97625,,
0x8b372a8adfcd128f5ee2db63806958c21c338949dd57fa8dda46740262e1ca6e,1764461565,1764461569,2502,97625,,
0xc9714e1d3349b74f5a0d0ead9cfa79ad0f0bb5f097e824a9b662bb666fb91c97,1764461565,1764461569,2502,97625,,
0x3abc0d7e3b35962642c41cf8bbcd1ff63c36d4fcd8885851081f2d468c3ec197,1764461565,1764461569,2502,97625,,
0xf236cf4304e8644bd3a4c3a5b65e32bbc6be33bb5f1655f0b240844c3beeccbe,1764461565,1764461569,2502,97625,,
0xa9c3af194498650361458ecbb9f8e4a7355e60ef8d6bb61cf108326d493274ce,1764461565,1764461569,2502,97625,,
0xbd2ffb7e216e8c8e6b20bfb1012546d86303ca87ba2a824a9dc8f19827180db9,1764461565,1764461569,2502,97625,,
0x27c0901611e4085499b0eb6de2d1ba3c4d1fd0d8a2737fdcc18430ed4ef6b31b,1764461565,1764461569,2502,97625,,
0x7d579193e154f82812f0e0e287166fa1eb1a536ce4d4e9ab12ee8669021f4801,1764461566,1764461569,2502,97625,,
0xd6ee6fba5b30766e4a548d98f32a0f7b44cbbdd3f498ec0a87e538e4ae7a96ee,1764461566,1764461569,2502,97625,,
0xaaff6ab7cc70817d73b038ac34042a5918918aa8e4f679d8de855e93f231b1ed,1764461566,1764461569,2502,97625,,
0x1c187a7f9ac5b56047d190e55ebb644ec8853790e880d699275450dea84cb4e7,1764461566,1764461569,2502,97625,,
0x132f8c5abe30b77693797450429ff1c08bb7a113873eaf495814cba3f7b06b1e,1764461566,1764461569,2502,97625,,
0x1202c9898c044e0ab8c34c656598d00d644950450cb5de2b675dcac3c53083d4,1764461566,1764461569,2502,97625,,
0x1f3eecba41af4140e5347977743005e899ead46ff2d187de08bd3f5613684453,1764461566,1764461569,2502,97625,,
0xee675642f8f0741d5e3dc1e94d3ebd585ea6c95802cfc3af3d692696c76057b9,1764461566,1764461569,2502,97625,,
0x4c3264d574c8ab64e67561342b3549e78e890f4b1d7147ba009d39df63791088,1764461566,1764461569,2502,97625,,
0x548440dfb34c06ba77f0780bb5f0be5d5023c694a67e7babdc9547c72ac6a2c1,1764461566,1764461569,2502,97625,,
0xf096c696014d573bdbb520c192601204d711a1b553a20f686ddcef666dc06c76,1764461566,1764461569,2502,97625,,
0x835d3040133df17478dd5384b456a208a6b8f28d3bdbe579629d27aec3655837,1764461566,1764461569,2502,97625,,
0x3b0bc09b0ddc4341da6eec5ad82d1cb425ddd39e8369b7839af94e3c03370e42,1764461566,1764461569,2502,97625,,
0xe368b0526ec2b704cf276b1c99c25afd10438b477e4ed41a679f53e33cedfea0,1764461566,1764461569,2502,97625,,
0x3b22ab72e1a7723c9919f03dec47ca0347a5d86f05364c3c2712e9fc58d49b70,1764461566,1764461569,2502,97625,,
0x8364577a5cfc4f7f918578edcee49aaa98a3cb8c05dfe6695d8b339d07abc026,1764461566,1764461569,2502,97625,,
0xe587b5d21b4caf22ebd9e970865e6cbf0b1d083f7eb8c70bef8a5c59e63c2a2b,1764461566,1764461569,2502,97625,,
0x1bb561b5316797f28286cccc43f0add0e93855eaa7fcf30a4751a3654379e0b7,1764461566,1764461569,2502,97625,,
0xdf29a31617b77c002a42edf6314708e2aeadca6e217fb398306875e738808957,1764461566,1764461569,2502,97625,,
0xbcead205925d0cac60f47fdcc555b92c5b75fb1f30a128c9ba87191c0a164558,1764461566,1764461569,2502,97625,,
0x8021491221ee44f96740815ae24508f0f9e428682fc0cedf1deb38af82671781,1764461566,1764461569,2502,97625,,
0xabe5057e7dfe4a29646e9de00b5ee6609199908b2bfad34d78bfd4bb7b978890,1764461566,1764461569,2502,97625,,
0xf2df30bfaf3b146564ecbd1d8bc76a2be76355ec3c81e2ac99f49d28b214777c,1764461566,1764461569,2502,97625,,
0x1b05d80a4e976f1f0f4c645b47b1693df6ba95e63fb2a5fab1f6b961ea9bbdc1,1764461566,1764461569,2502,97625,,
0xa239d5404f27ef668d57fccde3925ffcb46ad923a8aab72c52d3231a2af03ab4,1764461566,1764461569,2502,97625,,
0x947b05561c78f6f39fb886db6c2de0f32ce78b45f13a6ee5c4c0ece7c0f29c20,1764461566,1764461569,2502,97625,,
0x0127357ca7086f75d8f72d43ecd2ddc6bd4fcad6d685ca1f174393c9107f32dc,1764461566,1764461569,2502,97625,,
0xc7125cd94760c333ef24dd16fd72b14694646d90432515b639d36c97cffb7599,1764461566,1764461569,2502,97625,,
0x6d9c1b02f0760fc3043473bfcfcb16c98b88da465e230a993ce1d6f0b0d0a6c9,1764461566,1764461569,2502,97625,,
0x4028afeb5a0edead595e6328510ab4bf1d6ee8acb81485c6970ad48224997393,1764461566,1764461569,2502,97625,,
0xce8308b2d4262f23f4bf7c3ebb0fc47179843be12310f2f9dbd481f10ecf961c,1764461566,1764461569,2502,97625,,
0x0cbf97a5e5757d5f6f0cc2162dc37e3b2f6eb4c1dfbda2c61ca32804a5f9bfaa,1764461566,1764461569,2502,97625,,
0x956b4ddb7b85662f9847b293868a6f7924c2372980c5e7ccc9fab13c0e8655a4,1764461566,1764461569,2502,97625,,
0xc6e3b3791fb6e52c4a39c9b99e88faaaa82b72b3d418b04e8c1570eeee2267f1,1764461566,1764461569,2502,97625,,
0x90468d51450044254e095d96fd962fdf49e14d8858aac3c82f9c21650e7aca3d,1764461566,1764461569,2502,97625,,
0x48e4cc26662172792327a3319ca2d748524dbe6a1ac0dadcade60f80c1bf4110,1764461566,1764461569,2502,97625,,
0xbfb6e19fe9f43bf3edb010c6b1e7dec022ea43587d4999d35688c7551b376cef,1764461566,1764461569,2502,97625,,
0x3e6d59b5d1825675a8a0c2d9aeae5c24b6c5f1467266b9c0cd063146c2038143,1764461566,1764461569,2502,97625,,
0x4bd82b361d6eebaf9c5ccd63b0de6fc1fb28b3c905351d46dcffcf8d7b425635,1764461566,1764461569,2502,97625,,
0xbb6a07d60a7bd5213c4e0a85e3d1e6c6e058c5b4d4901f9cacf329b987f8208d,1764461566,1764461569,2502,97625,,
0x89932fcf612d5052976fad132c07eea22ab111d29ac15f04e86e6a06dbb54a24,1764461566,1764461569,2502,97625,,
0x5efa54101398726f690335da4f430abf3a830702e177742026c3c19b676a11f0,1764461566,1764461569,2502,97625,,
0x9077b795a5956394ecd7dac40027d8a81d023571cc9b2c12117770319aa2013f,1764461566,1764461569,2502,97625,,
0xac546db09a66dd95ee0ce2b48eec7f538fa6b61c9bd30cc2a642413a2fb5c025,1764461566,1764461569,2502,97625,,
0x7fc928c4e61eac3a94d7c392a1539b9b7afe00155203f21c3ceece5ae18bcecb,1764461566,1764461569,2502,97625,,
0x3a09f3c239efbb04e6654f719f1de0cef5548510fe0180fc7f4214313db628c7,1764461566,1764461569,2502,97625,,
0x2118590a2b83a8a411b6c28ee42a92d18f9590f312f4a513309e8b9fb10ba3c4,1764461566,1764461569,2502,97625,,
0x33f1688410d752e93b65479a01d55622d831f775c514f5dcb201b81e8cb93c2b,1764461566,1764461569,2502,97625,,
0x41cfeaa75791fa2b5054129da56a1a73429e9a20e5cdcfdc8cef4f44e43904c0,1764461566,1764461569,2502,97625,,
0x4b1bbf41cd254fdd924cd6b28886dc7e61748b68e113081ca6e6bf451acbafd9,1764461566,1764461569,2502,97625,,
0xcddf6c3675a85d860fc1a15a2af4245158e0f77d354b56a58b153fb3fd3d0e3e,1764461566,1764461569,2502,97625,,
0x19ccd2e8369b3d9ff14296ebb0cced42e7c2f9f553d852d5b884c44b302324a7,1764461566,1764461569,2502,97625,,
0x51dd317d506e049bffeb3ff6c5670bcf0f77389467dab7c6463ef9ee75398b96,1764461566,1764461569,2502,97625,,
0x5e82f5f49a80133b427e5df73f6d5964be1c6a7a3ca23febc3bf5940ede881bf,1764461567,1764461571,2503,108041,,
0xfb8d35f9e37adc07c89660258c6e1f189124b78a7c12b432bcafd8c43504f451,1764461567,1764461571,2503,97625,,
0x88811571199d1bfe879bbcebe72a43b29e0d3a80d37c8360c36a41f25d559344,1764461567,1764461571,2503,97625,,
0x6b1174729d9a8e2641459ad7e5d6d67f77e9169209d735db9133ed0325ca215d,1764461567,1764461571,2503,97625,,
0xafc0596b6f820677961bc221ca59a62402cd62f3bdc473dcbc75e61cde481a85,1764461567,1764461571,2503,97625,,
0x5270081f8e03ac0f76afd293fc29d66a32bc48e01af6f4c917da5da13722b231,1764461567,1764461571,2503,97625,,
0xea0ff5037306ea9f83c90e2a8611d6b7472583c43c87bca8a6c66b4cc9c19313,1764461567,1764461571,2503,97625,,
0x9521ee2f4878a35fae915ef0a43606a492662336a0558b2f1387fa86ad8a6938,1764461567,1764461571,2503,97625,,
0x01db4cf6dbd69b707d70924ad9081cd5c1ae0d917ba70b22734cf21014231117,1764461567,1764461571,2503,97625,,
0x446d631abf11b512ed71741d312dd429f75bcb0179c92e5c8ceadd92cffa7c11,1764461567,1764461571,2503,97625,,
0xe2915c20627500c4414ac6dae3f9ee74181ef17417bd192d76e44a0dc392f2a8,1764461567,1764461571,2503,97625,,
0xaa436163b91a3e2e5e000340dfe42211e91c73b4b2c63ba758b25f4473d19455,1764461567,1764461571,2503,97625,,
0xa41bfbc81a20582dc13e88b58800a278d97c6a80076f28c9d9874c1928590b1c,1764461567,1764461571,2503,97625,,
0xab9116be5b9e7599b6b2b77127cb3db4c767f196802cf8ef2fdd71495c95e9eb,1764461567,1764461571,2503,97625,,
0x1391ab79c6ada0551eee60f13863158e42ce046a30b74d216ddc842a2edeff84,1764461567,1764461571,2503,97625,,
0x6c092270647ec60e83aa8e0e6cef69cd23c0b3e8cf29b2bf3dfe69c1a70c7766,1764461568,1764461571,2503,97625,,
0xe078d520c8df528256f48e2cd50a6a9a5da53d76d0d4e66d5c53ca5f14885816,1764461568,1764461571,2503,97625,,
0xa5029100cd4e79d6c953d268ce894673e18616382e41001fc0afb17e1344be0f,1764461568,1764461571,2503,97625,,
0x40fb55c27bc7b2abb4d68579e7a06b599955d04765c66d09a8624e5b74e34b43,1764461568,1764461571,2503,97625,,
0x7989cbcfe21d9fa61a15100c3540efe71a40f4c656f3e7cb24e50171e7d44ca8,1764461568,1764461571,2503,97625,,
0x020274dff8ec41d9ff281e4a3833a30af639c28ff0e6fba3e563529ea8ffce50,1764461568,1764461571,2503,97625,,
0x9f8ebed2c75fd899be1f89401f7a8a2d48a53aaf75d6e555520c3a2824da1562,1764461568,1764461571,2503,97625,,
0x04538ddab71af912c0b5fadaa940b091deaa7e43cb50f0c6844f65e60ecf09cb,1764461568,1764461571,2503,97625,,
0x2326cb36896ce3db2c6600e06966779b65e170bbf8f8963ab3a3ded7f99e5c7a,1764461568,1764461571,2503,97625,,
0xe9cf103cb63c9244c49e0ca92412fb90800d67d6608a4cd3d75d508ec5a5938e,1764461568,1764461571,2503,97625,,
0x79c611fac43457cc1a357b6028328a03473fe46f21dbe8778571efee94bea4de,1764461568,1764461571,2503,97625,,
0xb3fd199013c406b2836232f76975a6fad4e49e3a60a432f546a4897930116ed7,1764461568,1764461571,2503,97625,,
0x99458b678480db7125ee3c3b942f61d963072e0bbbc3089b335459a4309fe243,1764461568,1764461571,2503,97625,,
0xa8207b0cb48a53b5391319791ec90aec81caa5d6cee2732f039ffbe0aac461cc,1764461568,1764461571,2503,97625,,
0x69485dc5a9350bbe60f93639cfd3cbab3c69f0e4df5b5d35d8fd4606f5b90a77,1764461568,1764461571,2503,97625,,
0x70fe76c70d614a3aad43e3582cdce787287a520f30d2876f6e983337ea1d43b4,1764461568,1764461571,2503,97625,,
0xe602c39c9a2da70600dce370d40ca688280ed6a5437db2e0b35fa50c1b7f5775,1764461568,1764461571,2503,97625,,
0xa8047ff9274e5cadd3b244dd1b01ed66884487281cc5468b1cc373e5c9ad9715,1764461568,1764461571,2503,97625,,
0x436097819d74b97650c03d68bd2d00612981da7be43fb217f2944ed475bec331,1764461568,1764461571,2503,97625,,
0x0ab4dbff3c6e1cce1283e9aa2858fb5ddb242557c676d5635c849710fc2a2b78,1764461568,1764461571,2503,97625,,
0xae1f106f2fa90ec8b2cdced6c9993c10db11745d786a9f32051eb5e676338ec0,1764461568,1764461571,2503,97625,,
0xb5515a1eb646f374f29edf29cfeff35ab2abdd3a093a79af51b68278676ea1ce,1764461568,1764461571,2503,97625,,
0x49cb68e6ffd2c3746235297919f29c54da9979523864d2f0dfcab863431a4abf,1764461568,1764461571,2503,97625,,
0x914e2ea11e943b72b528d69830b565d4fc429bbfb8ceb5e4a8cf560d6d6bf966,1764461568,1764461571,2503,97625,,
0xcfacb95af9dcd0c9e792f8ad17af04e5af134c81e41209c5b59e14dcfc4aadf1,1764461568,1764461571,2503,97625,,
0x88868a47849a2330f35b0a3446f471a62d31c5990cc91287314e395cf3ca4c80,1764461568,1764461571,2503,97625,,
0x54ca88a6fc10248a0a395aceedf5639c4864bfc36b30de2cb3f122c6f4b2230d,1764461568,1764461571,2503,97625,,
0x17040735efd0e3d6cc1f69861a2f9970ad0099f926e5a41f626e5961ba0129fa,1764461568,1764461571,2503,97625,,
0x54de091050360a286fe52bd12839dde931bae7fe06653077b22d8855b17a68e7,1764461568,1764461571,2503,97625,,
0x9bd37fae6b3b19f6d4f4e73e0207f81bb183ea633a485232b2cbf393759fd49e,1764461568,1764461571,2503,97625,,
0xf992157f1bb70dc6d315053c616a9bab7508348ab7528672ded0f5e2dffef99b,1764461568,1764461571,2503,97625,,
0xa79345f00ad7b4ad84b97ea35211f56631215ae728f7b5f768c325a29f61f3d8,1764461568,1764461571,2503,97625,,
0x67d8dc8334ba42182fefd63a19c0b829532ea7a545a29ee24903da5fd0baa50d,1764461568,1764461571,2503,97625,,
0x36da75367a13310c91ca6a3dfaf76143d05e274f7ee4e4532be1916160a0b42e,1764461568,1764461571,2503,97625,,
0xfbd9312aac2d756f9581ddaa729806e79d1f8cd6cbc2609c8fb4095e98def2b6,1764461568,1764461571,2503,97625,,
0x50e025ed69134238f7212ad22990fe7470e523d53f9b8ea8240ad973f93f6477,1764461568,1764461571,2503,97625,,
0x3cf53abacf54557ed537244a9ed78ddd3af9fa58f4ddadb15803172e55606f7d,1764461568,1764461571,2503,97625,,
0xbebb24eb21dcca33c9616f7e461befda03a7e85a1e4101d7da2e7f4723d21441,1764461568,1764461571,2503,97625,,
0x8f4ea8b1d7a92ef18947e840cc4b2c03617512bc513cc777ae45137bb2fe5a1d,1764461568,1764461571,2503,97625,,
0x4889532dacf7a271121646cd67d4923ff346cce09ee7385d09a4f0730d967f62,1764461568,1764461571,2503,97625,,
0x5c4a760d58cb8f2764ac0d2f383799d2a5e79251de96be627ff9cb782dda9dd5,1764461568,1764461571,2503,97625,,
0x4632de4e8eae405cf555c0b1143d48073e5c75bb23a924732d8ca3971869b4fd,1764461568,1764461571,2503,97625,,
0xc29ca736ab7e9c30c8f2a2e47f710ab64ed7fe91df9dda6850759a8b085ba085,1764461568,1764461571,2503,97625,,
0xf8c88008acdc1cfa2f4f4bdc3412905c10ac29f396909b8572708ea610e06547,1764461568,1764461571,2503,97625,,
0xc7334f66ff38734c71893c5e9cd19b9ad51fdc6f2593a4c85cc82be35ccae11c,1764461568,1764461571,2503,97625,,
0x0cd7221169609b2e6406af0ed9400a026a02d870b59fe942a301f62ef8a0f96f,1764461568,1764461571,2503,97625,,
0x06d064358ee17ebdaf99d8b734f2e787805d23a7304a40e531d6f9560ed4205f,1764461568,1764461571,2503,97625,,
0x3d4d1dcb58a11be87dbeb21d4fa8856363804b25f38ae826559820039dc50d21,1764461568,1764461571,2503,97625,,
0x739d7d9084d90c86c3e0fcb105a2ede795850535e01b2d745a25267e50d40d0d,1764461568,1764461571,2503,97625,,
0x33365e1a769e41d9118680b22ba5fc190ad0b9d68a0e0bfa3ce418cf0e2492cd,1764461568,1764461571,2503,97625,,
0x9e6a04ed18f2ada5a95270050e9acc687b34f844dc7f17897015c75e4415d29f,1764461568,1764461571,2503,97625,,
0xaf8a0049011be0bd122ebb81d5c019fae2b11a740999ad2052586f71fdc34cde,1764461568,1764461571,2503,97625,,
0x0f315b3a82c4da460c35d4998aea0ba7957cffba0ec8e07651dbdc3a4b0aa845,1764461568,1764461571,2503,97625,,
0x26da825f5445fba0804b378fefe681f15a755d459eecf26201c627f6d048dd9c,1764461568,1764461571,2503,97625,,
0xb52d86d2959ecaf314b675da00707188d654c593443b062bd46d8f14d05a09d5,1764461568,1764461571,2503,97625,,
0x3c8e0b434bc6046a7f60f5b86a11bdb245927100f3d4f31a1831d9269bc24bf4,1764461569,1764461573,2504,108041,,
0xd4433a678da27499c76f7ef0e61acf5cb3475b8c7b47b1c1ec09bc8e323c6679,1764461569,1764461573,2504,97625,,
0x96a316b2bace49f7f24e88572e6f6c9b4cdd218dd711ffe3783e07f3a3058f10,1764461569,1764461573,2504,97625,,
0xd29a64ede008a22cbf63a5ddc5f34291ffa432b2eb16bcf5077fd075b1dc81d3,1764461569,1764461573,2504,97625,,
0xa7733bff63b8958685f6681cebfe6edc2eaa87dca9ebbbbd912de44448b151bf,1764461569,1764461573,2504,97625,,
0xbb93376bc5ea35281e46f2b2e08693b726d7b93ee396db38bfb5a4522dba044b,1764461569,1764461573,2504,97625,,
0x71da89c2cc5a51128789126f78f0750dc8f9bdc2dca2b3e53b90aae2934e4175,1764461569,1764461573,2504,97625,,
0x82df17e2e26ed4e888a3857da0c3e373f841e19a51c4ef9c4b9cc20002a8a4d3,1764461569,1764461573,2504,97625,,
0xbb4178311b5ca27fe3ff226e304d100c11ebd57dc645858fd99c5f45ecff76a4,1764461569,1764461573,2504,97625,,
0xdb723f2dc8ff2e721a6690ee074dec1853d3cfb324af4d82f4b28937cdd0dfdd,1764461569,1764461573,2504,97625,,
0x5d110953d369a683110bdb2de898efa0611cbdda9cede56b9c73c22b58018daa,1764461569,1764461573,2504,97625,,
0x592a0ba99aeb2893fe471949a7c22af1e1be0bf1aae9fa29095375bef1010065,1764461569,1764461573,2504,97625,,
0x53457d4933471b348f8cc114e4f0c1b6816118b4efba406ed4219b1a04937142,1764461569,1764461573,2504,97625,,
0x3e8c47a6ef185fea40a9bf73a697daee9fc5b83792d456eca5821478855f3eb6,1764461570,1764461573,2504,97625,,
0xa2e99c7acac488d285d558263d26165354784a478d7818900d7e31ad5c47f4de,1764461570,1764461573,2504,97625,,
0x2137b69d5febaefcb7c5a8b423ce4887ab74f7efafa997005ee597d79c9a4b05,1764461570,1764461573,2504,97625,,
0x685df0b4f729d3345cef553137ad1e6d9ade23177287c1306ea23277658cb2e3,1764461570,1764461573,2504,97625,,
0xd194269e6caf71c923afe8dedb8cffd4de98d8ac8c8a0ac8bf3313c5b355b14a,1764461570,1764461573,2504,97625,,
0x10ec68a9c2feaf04d89373e8d79fc0564af3fb6ed1b3b6b56ec561a859c6a371,1764461570,1764461573,2504,97625,,
0x68ff581012c7934117a8f3438f0e6ebb737bfaa1d50febd56bbf0e372436f084,1764461570,1764461573,2504,97625,,
0x37c72ef167fc5030c6feffa1025802143a612143dad9aead3d3dd024db6602e9,1764461570,1764461573,2504,97625,,
0x07159e6bf59663deb20743e6db58ec41095ec332409159bc2d46571f96503d5b,1764461570,1764461573,2504,97625,,
0x99eddcd61573b939b80bbc2d01267f19da239010a0ec46ead79a250763405dda,1764461570,1764461573,2504,97625,,
0x98705c1c04b0a93a285809b74bf342fc81a4f6a16cb5bb5ae392e21936072ed3,1764461570,1764461573,2504,97625,,
0x3dc01c4415522fda5f47913a0bd4ba9b96931d78ca919909b297c7451a14849e,1764461570,1764461573,2504,97625,,
0x4c03faff924bb0af0625e4740c825078f70b5f1e36c8c1a66e1da0c105f0e6c6,1764461570,1764461573,2504,97625,,
0xedef0c17b508e6986cd28f3d4b14af262bf21decddd3c9f0e22553b01f997347,1764461570,1764461573,2504,97625,,
0xa167ec59ce63d50a265a906e09e1415cb2a1f737109341ca38b422d84ba21d19,1764461570,1764461573,2504,97625,,
0xda98f03cf697c9c280fd3dd4d9f11fadcf9869188c4958d490f94cd32a7c9b79,1764461570,1764461573,2504,97625,,
0x79c4c3af913093c580a42b92d8e81b58575f55c39a937bb23ab1913eea4ebaee,1764461570,1764461573,2504,97625,,
0x1c03a622c5a490be48c38fa6ebf05683dbe513851e8a81174915c729e4599d40,1764461570,1764461573,2504,97625,,
0x14bf5e212f3bd406c147b0606c01740ac22ad9efbb76c4bea8e46546d05b42b9,1764461570,1764461573,2504,97625,,
0x093d46cf148ae19c56060cb8332f206f5dc7e066b2a15bea6cfffd6d88331ab1,1764461570,1764461573,2504,97625,,
0x9f35821295eeb0fbcd68f651365c639b37ddd950ac03cd3ecbd0d9802b4b116d,1764461570,1764461573,2504,97625,,
0xb59ec5e5187f26f636bc1a0e2b8e0d08b6723d022117e8863a8c7f292f32b134,1764461570,1764461573,2504,97625,,
0x178072926905aabc8f43cb537aacd255ce05cd911c60a7f7fb951f98c9cf52d5,1764461570,1764461573,2504,97625,,
0x896c227eaa74fa05c338e489c70bccee544b526efc05854824d8befe3ee6c2f1,1764461570,1764461573,2504,97625,,
0x19316d7a8055f61e849fa2df221f4795380e7cf4481e4d023acaae95dfb19610,1764461570,1764461573,2504,97625,,
0x74911d6f74e98fd507cb02928861d3c45ab205002d3b498f6cf2905a36e0737b,1764461570,1764461573,2504,97625,,
0x552fbbcb63e634cb6fec1ca439af2ff018397d7e6b6e5d48ba369b44dcb7208d,1764461570,1764461573,2504,97625,,
0x3e18cd70961c12f839b623d5f80899aaf57490379a4816c0a780e25ee1d2874f,1764461570,1764461573,2504,97625,,
0x28b255f8cd56e3f2e4032f748161e45c7e93b79c5c65846b31a412b5917aadbd,1764461570,1764461573,2504,97625,,
0xfbb4df0c3f60d1a73ba9e7efc7d19861144ee2bdbafbc3a10cd10412c3a5f96f,1764461570,1764461573,2504,97625,,
0x7048e767fb5cc364c810b117660f54a80b13c692a1721c5d8ae98c12bc2b5884,1764461570,1764461573,2504,97625,,
0x0ee4eb5e5090f975b35b2504254e7e073699a425940c86d50872d1a05366f8f9,1764461570,1764461573,2504,97625,,
0x4903df50b83486e0b57754f9110bafc15774db42f8e6a1d04b08fb5cec7967db,1764461570,1764461573,2504,97625,,
0x2c680b7351a1f31c6ed3f5e6d577cd514db5712074f0dd29fb6451d3693fa9ef,1764461570,1764461573,2504,97625,,
0x686210062cdd282ea81314608ef0f26b4364c933f3828525ffc2ad6065380c45,1764461570,1764461573,2504,97625,,
0xd9f1eaf0c5f938b265521ac7820d86b7f1867b2e62aaa7e2916384e583d1493f,1764461570,1764461573,2504,97625,,
0x211dbf533924ff54f40f7c0f7568137c58a758f93297293c9cff7a2e32446efe,1764461570,1764461573,2504,97625,,
0x34c78ee297a8a28e1953eec71c79164a3259c36337473d1bebc18197106edecd,1764461570,1764461573,2504,97625,,
0x66c2adc58b1689528e833aef9d0fd3729c0956a8396ffe7a28a43c16a8324a37,1764461570,1764461573,2504,97625,,
0xe22ebc6fb5e0dae2dd32c2122716790da990a4c0d3db6f6f08a7dae6f47099cd,1764461570,1764461573,2504,97625,,
0x9ba00a7dccf219ce0e855a67de3f635fed47bddd3ecaf03cdcd05539e0f2edcd,1764461570,1764461573,2504,97625,,
0x18664aa64b9b21e844030b0e6d9eaab80a024c3fcd32f386fe552166cb612a43,1764461570,1764461573,2504,97625,,
0xad21a39bf8f548cdb577cf0e7437a78a2269e9d26e89d9888a948e64974f004e,1764461570,1764461573,2504,97625,,
0x3f24b6802eb440ffac6870d2efffd6750ed7ca1705ec939418c62151d3341560,1764461570,1764461573,2504,97625,,
0xcb9ddd18137c431a90e67a5f971d39f81de9d8b058a923106835a7b9e95db09e,1764461570,1764461573,2504,97625,,
0x7e7ded48fac8fe953e17f3f7949addbf690313a292adcfdac5fd8c7139e25972,1764461570,1764461573,2504,97625,,
0x64a6e64b5510c994441f459f6c4f73f6b49ba5815be59857f64aa24194c60262,1764461570,1764461573,2504,97625,,
0x4edce2c2176814cb943ce57b5a7e1f352ae463a0f98005dbea570c4f62447982,1764461570,1764461573,2504,97625,,
0x3a3cc0ed6925fa4e5c9d4f977b005250ee7f7c88d3e53c6c9beb47b9e06c64a0,1764461570,1764461573,2504,97625,,
0xa967e90204bba84cb23f916e3acb2c19f8d34af26fa6cb6f6aa75d425bf0590a,1764461570,1764461573,2504,97625,,
0x12f7cf695b08e76d5e1f3ac37664e53140b2e7021b9e5f9d5e32b26a4bcbb44d,1764461570,1764461573,2504,97625,,
0xa53d024812f90cc6328f93a9a309114a32ac1006ce735d60ba693fbc47fa276b,1764461570,1764461573,2504,97625,,
0xb537e56131b58633bd4aebf5e7166a00d0cb2563e2e1b84162e153d2443270c1,1764461570,1764461573,2504,97625,,
0x3342dc2a092b6e9c877dbc5cec095183732b2280fac47a27e86865c862c4c31a,1764461570,1764461573,2504,97625,,
0x6321cebc39d0d799e68ad8b71952d4b169941306dc5157232d2790d4a004b7d3,1764461570,1764461573,2504,97625,,
0x474415c2b7b5a3002aabd18ef1f01d12e3a60ac6faec5d968250a690d88c05cf,1764461570,1764461573,2504,97625,,
0x1e5c17cda73c2c7c7fd23442036391aea46d79c19777d95f473488cd1ac5a680,1764461570,1764461573,2504,97625,,
0x32629afade4661f809adfdd4885df67e5704b27362e529838bd3f8b175d9b628,1764461571,1764461575,2505,108041,,
0xe3aa13e6d44445d13cdd4afacecbdc1daa4f34b0daf4a243b57800cf91dc82a6,1764461571,1764461575,2505,97625,,
0x7f9326989f909af9c6d39c6a76ff4526d2e0a6119d34cc40b59ecc500e05a144,1764461571,1764461575,2505,97625,,
0x8b9f3db221b3e9701c4ee2f3449a91ec5a0412cde0dc4b4b2a8c76b48cb7d952,1764461571,1764461575,2505,97625,,
0xcb4934fcca552233d4007c986a0965e923eb8250262f7052c09fef48783e155a,1764461571,1764461575,2505,97625,,
0xf6941455a6ea4019b875975a563ec234bb7f6487652c91c9f511bae0084e67c0,1764461571,1764461575,2505,97625,,
0x109a274560e49b6860a83146bf840460635274d93d94e9d050623d00b9b962d7,1764461571,1764461575,2505,97625,,
0x8a81a7bc029ac68cff5d64a1d7bb41c0504f95b1378af6f8b2938a66a7c27c03,1764461571,1764461575,2505,97625,,
0xab7671de2b5229d19690299ec3821132efb61d1909d0dfd4c1e41be5c5c16953,1764461571,1764461575,2505,97625,,
0x93461b66974c94eba30877257ed8215f4bd0ff021152a121124c828955bce55b,1764461571,1764461575,2505,97625,,
0xf859ea53be3d9118aafc75c970709befcffac035a5eaa2a66ef8f4ad14a189cc,1764461571,1764461575,2505,97625,,
0xed4a7628860e282d16be212e5ddba6de61e7b1ba6a18bb857a8917f43a3bbe85,1764461572,1764461575,2505,97625,,
0xc752ed36eb39b568a963ccb72d65f2fa2b8b26460c40c7241baf085ff1bf2f1f,1764461572,1764461575,2505,97625,,
0xfb2a36cd5b61d03fabe462989482bfed4714ca1e87052d311bdadd44c1a35c9d,1764461572,1764461575,2505,97625,,
0x52c3791644c2c7cdfc7d9e130da87a4cc1233e31f27e5f1376017a25c09e19bb,1764461572,1764461575,2505,97625,,
0x4580d383e5a0704fe7aee99770b6d3f5da1bdc255face44a051bd28df757221b,1764461572,1764461575,2505,97625,,
0xeaaed5ca22c8f822837576dbd92ac3acec198da3ec9ffe33573ca4b6ffc1f85e,1764461572,1764461575,2505,97625,,
0xe5481262a63148a7260cafc1618f8dd206b8d03b51fd27e3a8c87d5465c7c282,1764461572,1764461575,2505,97625,,
0xf8e234ea316ab0595adbc169ba3756ef04a647e698adb2ce40257c7b736f82a9,1764461572,1764461575,2505,97625,,
0xe74ebc76101092722e29ea776f2e9aab91dd6ef0dff22ec73a056ef17acee395,1764461572,1764461575,2505,97625,,
0x7a9e94fba39d10ba3d5dc7f89adca719da0f23a0f535e8dfd071fddae407b3ad,1764461572,1764461575,2505,97625,,
0x3de824cc9b80befaf00ba7c4289b56c19f0b3af316105ea8a797a7d8ffd791bc,1764461572,1764461575,2505,97625,,
0xdf88a426eb04c1ca0437048c4a5c2fa64ab0401c2fb5cc8062cf6eb0599e0033,1764461572,1764461575,2505,97625,,
0x36ba86b2a5c35b8c414c8ccf615dd81eae24a4132f4e57a4e29eff280be35041,1764461572,1764461575,2505,97625,,
0x3d12f8062de850e71173ab80ae40a8972868646a7d693d7bbe78de9d84ae9b9b,1764461572,1764461575,2505,97625,,
0x0ee69cebab0ed5323166234811c99f06363c5a8604fcb9981afc9f87b6cc2d6a,1764461572,1764461575,2505,97625,,
0xe9e1f187db32dffef084bb70cf696e50ac01fce28bc7559b22bb701ab01b6dc4,1764461572,1764461575,2505,97625,,
0x66d7d4e0d7f31b2c10fae34bc1ea7ca4cf182f96eb43bac805a2aa7cc3c121c7,1764461572,1764461575,2505,97625,,
0xdbb7269aa787ef3a9e93cf2e2538a264dbf03792730a1fb0ea62c62dea49bfee,1764461572,1764461575,2505,97625,,
0x6f56a00f49892a31af4fa7944625c782def4f010a582ed4ddd93fcaeda4242eb,1764461572,1764461575,2505,97625,,
0x388440e52ec14bdfdd65405caeafc041a16fc5c2c018ef8340052a79af2323ae,1764461572,1764461575,2505,97625,,
0x9da90081b6db02c7bc55746d0867708fe864e69cd067467a1897ff2cf02bb094,1764461572,1764461575,2505,97625,,
0x208c7975f50ec5893f16056412d07412209f3bbdaa733b720a05472cdcdd7f18,1764461572,1764461575,2505,97625,,
0xd6ac9fc4be02bb7289503ba8b16d380831021a2738024f52dc432eae69aa1c04,1764461572,1764461575,2505,97625,,
0xa041e63234019bef5d7c757748c7a01f2472e965ab7989f623c901e89d38d7db,1764461572,1764461575,2505,97625,,
0x46d2c378a3b3b5d1683f2d8beaee29dd45d4b3418bfed2057dffc5d8323afa7e,1764461572,1764461575,2505,97625,,
0xd6c1f1c0cfce92ffecf7959a269444f351c6986d0fbede8a5d69f6b30990494c,1764461572,1764461575,2505,97625,,
0x8ecdae7281127fbe0cfab65644ab5375cc7368ed596e6905903c77a0c7d89ead,1764461572,1764461575,2505,97625,,
0x170f8c6953f8c0dcf6be0bbb044583c6915d3822e455b586d6d19a3e3b9b1381,1764461572,1764461575,2505,97625,,
0x3a9e156d7bda06e8015b167d468745e00dc7f0f92286a69be3869a7ffb6605ef,1764461572,1764461575,2505,97625,,
0x4aca7f7c4c7fc53ce2178c0ca15ed4dbf00d4de88bc10d7602f6fa37f11380ab,1764461572,1764461575,2505,97625,,
0xbd81e7fa04526c6b96c00e0a1b944db87fd88127c0188df9eba141b244c9bfab,1764461572,1764461575,2505,97625,,
0xacd18f02fa6500a5e08331cf900ce60629a9cfaa6f9cf1d666b04c2a5c3a499a,1764461572,1764461575,2505,97625,,
0x42dcbe7d0d506e8c9974694f96834f611324b5af06a2065b3e41be34344af4b3,1764461572,1764461575,2505,97625,,
0xea3f78c4f85bef06bd8cdd6cc71bf79fdab341f16336b86fd6087f909234c53d,1764461572,1764461575,2505,97625,,
0x3b12812f7c0eadaf8c278989dd40ef324ab65593b960f80e1569776cf1bf36c3,1764461572,1764461575,2505,97625,,
0x4a08e98097b4b9d7f1181104ff1731fbc966cc9058af5384ca1f15b103410144,1764461572,1764461575,2505,97625,,
0xb01e6b2b03cf4806f8900444c891e431c4584be6be6771e8efadeca19ddc419f,1764461572,1764461575,2505,97625,,
0xed3726b8eb325789602d707a5a040565667f0cb7a5b1488db122fb3669168ed3,1764461572,1764461575,2505,97625,,
0xfa381c4d3da3db0c67c874db7b3c9cfcc433be9e9e1d259826e21f1ac0bb4ef8,1764461572,1764461575,2505,97625,,
0x49430db903d1d00dd55f7ea29a51024c157d174b14b3ab29bf0cc281abed2e2e,1764461572,1764461575,2505,97625,,
0xe52cd4d32db5b6136031491d45fb65ac2507cd55dd42ff4e2e39ec3fb9c049cf,1764461572,1764461575,2505,97625,,
0x377173e578593189f4ff4262b8d830474eef7794a7ed614cd608d07887414961,1764461572,1764461575,2505,97625,,
0xdf3c3c8b0366ac75db16b6471d1cfd42083bc24b137f172019b9b4d09509954d,1764461572,1764461575,2505,97625,,
0xc7bf711692de01d924b31cbe2267f0f0102940c4d158b7c30cba3330f21cbf8c,1764461572,1764461575,2505,97625,,
0xae5de473d69cdfa20a19b8cc7353b6a8a20a899cd2acf35f7bb79d328486c5ce,1764461572,1764461575,2505,97625,,
0x0585eb686b12ca82b667d7f5608289bf832650c684784b8029dec2c0a8d46741,1764461572,1764461575,2505,97625,,
0xbda70680dd4f1a291c06aaa5b528dedeb554b76e306286b3dabef1720eaffca2,1764461572,1764461575,2505,97625,,
0xba2136a0b3e622875cef65da25098db2702d12db9a85b0d8246b4c390145aaf1,1764461572,1764461575,2505,97625,,
0x08caedf8f589efae4eec000650081327f2e81cbd12243aa9361da14fc4096ee6,1764461572,1764461575,2505,97625,,
0x6b94c00afbeb77538a57e364e7e3acd28183035359e3d2d42760453950e021b6,1764461572,1764461575,2505,97625,,
0x70f7c3e63d955c5dc54b8804f3c0f53161e4421c0ae196b1fe79d25d0486d0c3,1764461572,1764461575,2505,97625,,
0x5f929695b9c6cea77218a710b0d5279fd72b5338c70a33e160e5a567fdfa23c0,1764461572,1764461575,2505,97625,,
0x92b01dfb08891c5407bac0a83f27ec45e6f97a5907b3c4cf0eaefff7377734c5,1764461572,1764461575,2505,97625,,
0xe8e7c4a8eee1e03d7c6c61155deba7d99b744a87c136008985e23a9a5931f02e,1764461572,1764461575,2505,97625,,
0xf3c8c57bf0373fea36d7c95dcb0bf32d321f301ec1d69a8f596276eb9753e800,1764461572,1764461575,2505,97625,,
0x8318b121799bff050f20f44fbf0b28ee5cb29cc31328808c1ab8f04bdbadb244,1764461572,1764461575,2505,97625,,
0xf642621e5ff122c618421934e0e87073518e0061b954b8f63ffacc03b4ff951a,1764461572,1764461575,2505,97625,,
0x2cd61a0fb1483c0ab9649cfdd25a27fb8fca261dc220b0301cda4d4e51679775,1764461572,1764461575,2505,97625,,
0xcdc616348764457b1e7bb1ea9d23dbc5bad1f36b387dd4e8c1517d64b975b758,1764461572,1764461575,2505,97625,,
0xcd65659f5ede616277e547f50dbb40f3d15f00af1a96f9adf497f9951be65fff,1764461573,1764461577,2506,108041,,
0x837d31001d9b69d0afe6a6973d6e664d5f77e94d336b0584aacfa8f946a467c1,1764461573,1764461577,2506,97625,,
0xa8138bba072c92724b979fe040ad151af548fd2980a6bb12abd98eb30c440bad,1764461573,1764461577,2506,97625,,
0x5bff23c33c3c26f15c100e3b2c549dc10aa9b4d5fd211d3fef238bc3f0388642,1764461573,1764461577,2506,97625,,
0x6e5a8e81fd6d73a6053186321b9e46945697660f6f59dfcbb4ca35d718e95756,1764461573,1764461577,2506,97625,,
0xa5d75c11eeb9beb95f957ba888a1fab2dca828483c2ff5071808262516ee0cbb,1764461573,1764461577,2506,97625,,
0x312b8f9a9f713237339023d255698651e2a7b363957b0cd851edb70dab6dcee8,1764461573,1764461577,2506,97625,,
0xeed16e5cedbd8005b90ad2bbee182feb1547e2797fd39455e197d01259475f9a,1764461573,1764461577,2506,97625,,
0xa61300e32a08cc054cd689bf18eec26b329b90aac8dab9332f48f7400fec32fb,1764461573,1764461577,2506,97625,,
0x3457b053ac9bffe116a4909ac3ad7ee1df6ccb7befe2f3f804d9f86ecf9e4063,1764461573,1764461577,2506,97625,,
0xc75ff72d717c78007023ba5755f3980883e6f73be3aad4ba053c868fb8ed8600,1764461574,1764461577,2506,97625,,
0xeb04d06c061ed7db715300787a83b80d6303894753cece7c8ce48ccb346d4546,1764461574,1764461577,2506,97625,,
0xc29da014878ae0c17feaf87a540c5649a5a6ca1c0b6ceab1716b7b69793973c3,1764461574,1764461577,2506,97625,,
0x66476dd9885122ae46989bdb88e306d71d6fe002b66aa20de2a32b6598924a22,1764461574,1764461577,2506,97625,,
0x53bdd13b582e7ff845dcef415184c169e0980c131f3fe68229c6b1bcf5b01a30,1764461574,1764461577,2506,97625,,
0xa73fc3031e77d03460e85b9f488a9bff297cce0bb12650021eaa8560617966c8,1764461574,1764461577,2506,97625,,
0x8fc3e014093d6798c37ed6c56d5b7409e036935f00c28e629289b1ed309b8494,1764461574,1764461577,2506,97625,,
0x170e2de017ae95bf4cb627523db236291cb4772e09b44c24fa3d732b49ca8182,1764461574,1764461577,2506,97625,,
0xc0fb9d7c0fcbb689e27906476053af47372acd651b7a3f802b2b40068172f994,1764461574,1764461577,2506,97625,,
0x308794f528625e2734ad517557b594596eddf586230864120627f2ac989d2562,1764461574,1764461577,2506,97625,,
0xe89a6e464b918f2099624e2d090211c6e00155e938e797315b4064ce4840aeb0,1764461574,1764461577,2506,97625,,
0x7ea7e6e642f7841a4e5afb9cf6a1441fd0e59eefcf240c9c993b6d3cdd4e2655,1764461574,1764461577,2506,97625,,
0xf980acaed415ce99bc7f333d036d8da2bedf731ed3e9b033cff9014f28350094,1764461574,1764461577,2506,97625,,
0x80d821cc2c755f6e12301b9b817b9164e7140d0915a4290538a9756ee3b63493,1764461574,1764461577,2506,97625,,
0x3693ec219b264bd59db984b93ca12eeed1f7af8a9982fa66e7333bb4c806291c,1764461574,1764461577,2506,97625,,
0xd786920ed1cde340ab118b202db4f88f9e79ff6b6f115054893f26b8298ecb62,1764461574,1764461577,2506,97625,,
0x116ace49747588534ed49d8691045c04743809aa71cc7f3f0b8501e8a2e68fe0,1764461574,1764461577,2506,97625,,
0xb9b4046023e12b12cdd1b452def0f39e712eb5e5ef644e1ec3242fa80d03ec73,1764461574,1764461577,2506,97625,,
0x590a381f69658942fe59821f244bb2d9fb3acf2923175b4caba95b79059e8af5,1764461574,1764461577,2506,97625,,
0x1e9ab2a8c1e9fc050127ac21993e906a4478a33238142b93f95d76dce59c7355,1764461574,1764461577,2506,97625,,
0xe2702c3ff310e2c52608ab769c94edc7a663ab60559d24d51cc03db134161b5d,1764461574,1764461577,2506,97625,,
0x402859a8be5003141f8df997c73951027d4acd1f23fa8bf45285d12e76376b20,1764461574,1764461577,2506,97625,,
0x36d003a99bb5baa3174e594619284d180a77b83cf99230490b4338e565ca9d39,1764461574,1764461577,2506,97625,,
0x64243e79007842e01a27286dc332e3505ffad3721b567b4e27e20da595ae729e,1764461574,1764461577,2506,97625,,
0xdb39ccc3637bb974cae825332d53fab49d9da233f13d972219844fcd2362a16b,1764461574,1764461577,2506,97625,,
0x55b133a89191d1d3c6f8f7f214dae07a460a6ad4d6f9a9532f58ba064115cd2b,1764461574,1764461577,2506,97625,,
0xebeb81b66d1c619600fdf6e55b7aad7f15b0895bc89b3458320205a6a25ce386,1764461574,1764461577,2506,97625,,
0xb81513b990d29af2b37daed916e43920ba07e8169a447e752e9899f4c3963406,1764461574,1764461577,2506,97625,,
0x1c690bd3728a6a5b8c5ab232af609d0f32dec68ff127518f029ff54def5bcf1c,1764461574,1764461577,2506,97625,,
0x16b9302480caa5d5354abf8d427ca499777bb101442f3a860e28172390f55469,1764461574,1764461577,2506,97625,,
0x215133a7712474bdc5e52cf7b65ade83bb76b0906c4c6414655a1579e2322c29,1764461574,1764461577,2506,97625,,
0xf712a6040d599d1e488ca7d5f673e0beb3777e312af669d8347f93fd6cedc56a,1764461574,1764461577,2506,97625,,
0xc27aeb66a0b65443e79f36f8ba7a91e7ef584961a6cdc91e1dd675932500834c,1764461574,1764461577,2506,97625,,
0x83c4560b2e733eae658f29d1e0bd1c622041fdebefea1d1dbf265d39b0da3178,1764461574,1764461577,2506,97625,,
0x1f23df40f2b2bccce661c63909e45b7b993c017495aefe01518b82cab03d1adb,1764461574,1764461577,2506,97625,,
0x142230757d96d1b66156814e822792dde02abffd12533832cadbe490031f3c18,1764461574,1764461577,2506,97625,,
0x23828ad76fa8c576eb89bb2e71651c8e164ba331eeb3258303cb6dd8ebb82cea,1764461574,1764461577,2506,97625,,
0x4d5abb3cb2ae4e73cba4213f1451ea755e7f51403187896ceccf826242fbbd1e,1764461574,1764461577,2506,97625,,
0xd75ab43c65e61ce1fe4aa3ea2205894720a2bd82e5225d381e33e8ce00c719d9,1764461574,1764461577,2506,97625,,
0xe364dda013ea21ee5c4b5a55bc71bc1eb2fbd9911c4a805788ee1413663b6565,1764461574,1764461577,2506,97625,,
0xeb9e58b49f9f1e099657595338fce86b27c8d8da767e92178a0848c30a9e5d51,1764461574,1764461577,2506,97625,,
0xeaf1571e2b99f7d4a3a5fd3e633bc426a8b75704899f0eed1c751af763045217,1764461574,1764461577,2506,97625,,
0xe82e24fb362f9a38a4f5d11f361ffdfb4e84754db52d01132409ee02cbaf5ebe,1764461574,1764461577,2506,97625,,
0xc2590bae6e21dba3fb2ad6be03edca2cacb5313752b8da5ec42fc8cab134e33d,1764461574,1764461577,2506,97625,,
0x8f7d0a95c3957db0792fc15b28cb5fd0f9a880ffefb2dc0d5d4e12eac338f538,1764461574,1764461577,2506,97625,,
0xaa86f10698dd7059abfd8fb6314a37c5d09c3a2845307cfa9c4cfc55e9bd820b,1764461574,1764461577,2506,97625,,
0x587b701dc16b501644b6e92bcd207d225e0c3ec451e49e01e4dc5da72c5e6101,1764461574,1764461577,2506,97625,,
0xa947dc323b7a8b06365f2e43a7c9defc2608f1b0bc93da0111556259df282ea4,1764461574,1764461577,2506,97625,,
0x024933c9a791c5e49c7f9a86530efeb401e99716e38b95f220c01c66f5463121,1764461574,1764461577,2506,97625,,
0x923c29878ed15f159c6d02e14097b648b56d6fac21c9ea662b1f4454814060d7,1764461574,1764461577,2506,97625,,
0x52a0d4509fbe6227899b39dc8aa97a63f91818aec24858d0fcd0135bbad16495,1764461574,1764461577,2506,97625,,
0x3812b74045bf3ee1477de112b0296e5a859e60ca2a9a23d5ce17392475e7ef22,1764461574,1764461577,2506,97625,,
0xb8e5e8e960f89e05623779b20bd97564be02299b6c85a16ceb3be934399f5bd4,1764461574,1764461577,2506,97625,,
0x3c385d5c7b0058bdac4d40829bfcb40eaf89039f0c35292ddab90714248c9813,1764461574,1764461577,2506,97625,,
0x256e6dc2b231b4692a1fe229cc30ead0475fb9cc5e5a2a9b2ad1427eeba56551,1764461574,1764461577,2506,97625,,
0xfd8f74ba5ec5ea137d44215af124254a8c05438fd0f4361943d328c84934a944,1764461574,1764461577,2506,97625,,
0x59e1e5f85ff28165377f06610e0b4e549eac0afd23a3eed4e40333f9d5107ca6,1764461574,1764461577,2506,97625,,
0xdb81923c0b90f1028a9bc31c41c1e1d66584f672aaa70974e47b45babc0bcafb,1764461574,1764461577,2506,97625,,
0xefccf1c072729cfab7cf5e3b169b9c09b8879a70f369ec2393870bc90c2ba3a0,1764461574,1764461577,2506,97625,,
0x1dc158b62f9a0c338dccfe2afd97654de1407c28b4b2c6a1081c763200700dbb,1764461574,1764461577,2506,97625,,
0x6bd38d4de88d90cf563c9a8bcf692ab46877e955f881ac0dee1be580f947c8dd,1764461575,1764461579,2507,108041,,
0x15729a6cd76af72c3e158500ae679f74d90608045c9fadd873c6de2745e2447d,1764461575,1764461579,2507,97625,,
0x64e7ad2222ea7b0d3300cb58aa0a8962a25c2df327566957b2531820f55021a1,1764461575,1764461579,2507,97625,,
0xf6d70fd33250b4a2f09f77fa9a62101051bbcd81282a80423bc4a8660ecba5d2,1764461575,1764461579,2507,97625,,
0x33720d1cecd77e6ffbe0cad9e08fab174f851b075ab87cc53f10b164ed833c98,1764461575,1764461579,2507,97625,,
0x089f0272a2340591edd5b763b7aafd98b23d66b28b2681914655cf52283ff5a7,1764461575,1764461579,2507,97625,,
0xd8a0ee9d8fb53f68b04b2895acee3561834e0b702835df1f2230505ec0288a0e,1764461575,1764461579,2507,97625,,
0xb036b22b74288c111a7d62e6d261431870481c7f95510d354a9acfb9e27c3bef,1764461575,1764461579,2507,97625,,
0x82bbb8fa4d9a8361c9b17585e893efc74ed325c0dc4ba363e0a75e042fc0fa72,1764461576,1764461579,2507,97625,,
0x9734d07414411c8551b7da194625ede5ccf4c49627867da47cc30a6dab20bd65,1764461576,1764461579,2507,97625,,
0x36e6b675d599c75745c2d7eda8ddc0f095c202b7201f6a48fbfa293826bdb618,1764461576,1764461579,2507,97625,,
0x668300b7895be6b15e54bb66cb884ceaff10e00cd73e7025d5af63c60db567bc,1764461576,1764461579,2507,97625,,
0x85026d666ef5e42b8f4374f42d6838855d074911c85842f9f2e70c6b89784e42,1764461576,1764461579,2507,97625,,
0x11514b4a973b23de9d3160527dcad7e75fc650f156762c28b7e7e62f359418a7,1764461576,1764461579,2507,142365,,
0x319b2634bda1fb1cac921d5104a4acaa773c7634344384a746d18fc53fa54373,1764461576,1764461579,2507,97749,,
0xa1b7469154fc646a2d42a43e23ed91546cb773cc9e1b5bbf0c97862cf63d8320,1764461576,1764461579,2507,97749,,
0xc76038867657445ad13b0297b0b57fec083032d1740a483bfb79fa4c2e551ee3,1764461576,1764461579,2507,97749,,
0xccfecfa5d89526d40125d755dfa3815bc1a5a88f32668f67a09e3dd781ad31f1,1764461576,1764461579,2507,97749,,
0xaa15cbd0649d295e43a40d48562a78e96a31765166d76256d9d1fe72e185700f,1764461576,1764461579,2507,97749,,
0xe3ffcec4ce9bc1f358e5a1b682bbc0927b8beb9c2ffbbdae1c964b849a5f7f88,1764461576,1764461579,2507,97625,,
0x26134e47cc661132e28299c2e302f75a7dc79f955f75d9879b915a6e7287b7cd,1764461576,1764461579,2507,97625,,
0xd601ae7de8219ac2c6c3df3587e9c1ea861918ea9463a8c101b1753bd8558891,1764461576,1764461579,2507,97625,,
0x907063d880913e3d76432d440016bf953533645b020a47bd93f4b61a63e0ce5e,1764461576,1764461579,2507,97625,,
0xd7855da7633c2b0b6b6e859d79857942b4ab5069277ed50df41c6dc8efacab3a,1764461576,1764461579,2507,97625,,
0x8465c1851378bff249c8b2b08eb9c6400f7050db3c81bdf3f77db3a41a0dca5e,1764461576,1764461579,2507,97625,,
0xdddb11a479283918f20bea35760ef0c3f7edc0f3c9b3088f9be3de3f6cb5dbc5,1764461576,1764461579,2507,97625,,
0x2ba1200927e139f0d00d2df32009c68acae023d9a6f1a77714f616cf781250bc,1764461576,1764461579,2507,97625,,
0x9f05bc5a4fd8b63bb6c1a5a009ea97381fb4392f3cbee0c76b5476a8144af2dd,1764461576,1764461579,2507,97625,,
0xa4e0b221a377190607191f7317ecc724d236c86d864270c645b49beed322dc50,1764461576,1764461579,2507,97625,,
0x1967ac4563732c1ab980b49ccfab40157108759b6fa9eb7bc6310878110da5a6,1764461576,1764461579,2507,97625,,
0xd93557720a44d86199bdbc8bc48764e0a2404837e178291013f431f1137ac806,1764461576,1764461579,2507,97625,,
0x99e9516cfe4fb9faa4d5cd73cb1985779d3ed4ba00ba9ec85540eed9e693455a,1764461576,1764461579,2507,97625,,
0x75ac90a3268290d01cb77e43d4660f3fdc527f6fb82bdf1f8773da7d09140f0f,1764461576,1764461579,2507,97625,,
0x978a7a7d03fde384cdf66c35931b948081d75a88e4213086ea59e6f284578941,1764461576,1764461579,2507,97625,,
0x7c5d4c151f81e277ba486f12a211c2d321a8460be1d699866f40d7abf8c73dfe,1764461576,1764461579,2507,97625,,
0x010a0fe5f144b6ad903bd3c4c24a93e8f22ed6d4c2bf71551b205e09ed1947e1,1764461576,1764461579,2507,97625,,
0xc775ec98b80431c15ff18cd549d33b54ab08e1c7c5aa5b9a37f0e1318575f669,1764461576,1764461579,2507,97625,,
0x34de819b5b331b16c51bcd6531e6a6d0706a943416d7ddcc63d2a2408d51efee,1764461576,1764461579,2507,97749,,
0x11d7e75bfa4f41a29ff6c622b46724d3c45e25e3308092be1af8f37420c11070,1764461576,1764461579,2507,97749,,
0x5a5acd36b7786c8cf3f8732472be4abf844a1dac4bacb97803d88aaa9b77595b,1764461576,1764461579,2507,97625,,
0xbc71cf522713745d3e7194b3bb3677823ed4e0af8641caea717d11416b92b789,1764461576,1764461579,2507,97625,,
0x56a2dfd4a4a3255b5e4d507e7e984b31d579563566443b016b423264ea6eedfc,1764461576,1764461579,2507,97749,,
0xf493b3fc26fc0788f5f48eabab998bee57b3cd8e1ff6affa72062341fd3dbc45,1764461576,1764461579,2507,97749,,
0x3c9573f74403cd8aebe0d5e719a7076207861f02a96ffdb83b81d2e234d6ef2b,1764461576,1764461579,2507,97749,,
0x2a8f11d77f4ce37efd752b1295eeecdee018bc4c4ab2a64635c0b71fb9e8689c,1764461576,1764461579,2507,97749,,
0xdf305eeb0bb0b3400b202569354bfc8efe48374653f06ae01909e3d2f230d251,1764461576,1764461579,2507,97749,,
0x09fa8d5ca1ff0ba1f99399a4176b801c8901d2a57570df530a58c89ee4f4da71,1764461576,1764461579,2507,97749,,
0xc020d06f8e05236a2865b0bc289465810980d28c3231f8f590cdd36281b02719,1764461576,1764461579,2507,97625,,
0x541f987642cfd13c0931dd0902a569901360b233c7f388a78870c790a079aa48,1764461576,1764461579,2507,97625,,
0xe7d503a7e511824f4c9d35ec664fe1788a898dc67ff55334508fb48ed6b70315,1764461576,1764461579,2507,97625,,
0x7681b507211ed4483d4c31ae1f83d67e56a488c8d22dc509cb278ac22fc72ab2,1764461576,1764461579,2507,97625,,
0xad61c73d03f20572565eb1637890702236ec075c7784313dfc25d4d5256aca7e,1764461576,1764461579,2507,97625,,
0x73e6aa83a3724ba39e34e1b207d85fa89a48732f9b4e9684e66d63415a2adf35,1764461576,1764461579,2507,97625,,
0xa5c77b222b97d0211b8a6db808ec8417f3eba20dd14cb6fe88abaf068ddd6a62,1764461576,1764461579,2507,97625,,
0xefb796c7116d86cc0728b94c6e8fe8e937df927c17d5a4f5e9fe3e34be60e3c0,1764461576,1764461579,2507,97625,,
0x3efffe1679741f48d344211911916935d3c0c1749bae7e714493fdd0749a34d4,1764461576,1764461579,2507,97625,,
0xa60a4d52f6eedce3c2b9a164ce39161c7a8ff7847034ab91e27d5617b1d97ab3,1764461576,1764461579,2507,97625,,
0xba849dfcaaaab20124b39927f97465681b8ba186bffd96a9601475ce94b52a55,1764461576,1764461579,2507,97625,,
0x9063156139d4cc3a8db1bf03b256125e211f93fa8b0d72b4f025aec2cf114e2e,1764461576,1764461579,2507,97625,,
0xe37b3434a06dda057f991c2397bb8fc8ca24b1a50c2eae9a4b0dfdc4cd67d81e,1764461576,1764461579,2507,97625,,
0xa15b3a61bb30bd13c70fd6b5c11662b5b292563c098b72ac1e95b26650ac920c,1764461576,1764461579,2507,97625,,
0xbfc16faa40ea2adfd501e047f10049f7497ab3aa989274d486ff6ba729e163c6,1764461576,1764461579,2507,97625,,
0x7fa5a068c3d5c702bf6948f2d7598dff7df4b99f6953a5aa151ba4067d1f103c,1764461576,1764461579,2507,97749,,
0xb6b2cae1b48b32504c9575e330a8663220fd39466ce133e768fb8a11a0e9dc16,1764461576,1764461579,2507,97749,,
0x90349f80e903a2700fea0cdf1e34801646f363bcef0f622a11c5828e3ff909bf,1764461576,1764461579,2507,97749,,
0x2f9967981f65d72c6cdb548f35c5cd9cee262cbdcb0736bcc0a67b123df19a18,1764461576,1764461579,2507,97749,,
0xd30e632d2d3d7dc0c76bea2d8defe73397fb8216cb600f17f2dd16c5ee4fd187,1764461576,1764461579,2507,97749,,
0x673c269068d4dc7f05d2afcf8237991205be51a4076a69e5ba263828573f6bec,1764461576,1764461579,2507,97749,,
0xc231dd6050d6ebc90b65fe1fd7a12fe066a0da8db3068324e9af2271e3b34752,1764461576,1764461579,2507,97749,,
0xde7643e4cbb3fc1ee031b38970c23d7c8bee78f92137c2f73f880b5104035b02,1764461576,1764461579,2507,97749,,
0xc02e85ebae182d2432387b86ceb640e0acb66bc7b2470380d955bdb31e41d741,1764461577,1764461581,2508,108165,,
0x52c25a912226fdc2ea2eda7f1fa22a2a05880b9a0f02c9309131dc39c49f5e57,1764461577,1764461581,2508,97749,,
0x761b7bcb9d9a16ff38de55bbbdc8af41bcc0e431f1d8cefb63c5a76e0e8c2c57,1764461577,1764461581,2508,97749,,
0xf30f7fdf249424825dd027c82d717fcfad98898a2112806be45134f4a0cca1cb,1764461577,1764461581,2508,97749,,
0xb3b1031dfd9668ab1ea8c21f06eb9ee9ee8fe8386e44b082ad775b0e54566c67,1764461577,1764461581,2508,97749,,
0x34928f1f960557f3c3806b940e90925f687b278515b0ee35366c75b5cd4cea53,1764461577,1764461581,2508,97749,,
0x5d75d338fc800befb0564e0e80c36985ba0b83d50cda7345a0a17135d0366f50,1764461578,1764461581,2508,97749,,
0x2524a200c41c2e6db6ee970ff2cb7090c65d0b932d4a711e13019a71688d5846,1764461578,1764461581,2508,97749,,
0xeef1f506bdaf3228e8aca5de9669d9b49cfc01d5fd4c3d56a6387b8ad78d51a6,1764461578,1764461581,2508,97749,,
0x132e2a747493322e559fec5b7731851f2327ba9bffb11a4867986efe9bab4162,1764461578,1764461581,2508,97749,,
0x319ee4bf15ea4e525da861fc2ac207efd41762ea46ec4e317b037cc05443f217,1764461578,1764461581,2508,97749,,
0xc1f20e3df0ded49084e76d2b5bdbbed178cc2392b56dc5ad31562381a68c8150,1764461578,1764461581,2508,97749,,
0x0a64e593fd4dfd4cec531f0ae8770e475ad174bf58a91e0bfcfc7b7b19da11d9,1764461578,1764461581,2508,97749,,
0x0ed0e031b9f5136b5b65fe7e633f2f52636c371c46ca2599da7755831dd9d682,1764461578,1764461581,2508,97749,,
0x91ac7d02e76dd340e06c32cbba5cb33254c89becf4d356f5bfa45d51dfe714eb,1764461578,1764461581,2508,97749,,
0xc214ec3eea0f2e1b9ae43bdf57eb552d4f0d8875d4d10416846c38350d203cb1,1764461578,1764461581,2508,97749,,
0xa9f242a9a13a68b46c314d92b05819d77c2c03da0f834a9c2b5c57a075111d36,1764461578,1764461581,2508,97749,,
0x07941431345241aeac7ebf9f10898b67e7a26396e32eae311997e594087a0dde,1764461578,1764461581,2508,97749,,
0x5711820aff44f728fa46f90f9c80aa7e6400e17e187fb917f0fe46dfdbae7557,1764461578,1764461581,2508,97749,,
0xc0d2c6fc399d026eaea2fd19bcc782dc7c0f25676d135a14771c582b021898c7,1764461578,1764461581,2508,97749,,
0x15e95263d2e6695ae0bdd7572cda0122080e5e625ebcd607832e0ec8a87f999c,1764461578,1764461581,2508,97749,,
0x894dafe8770dd6559b94b2628fbc5ecb19969c4238ad80b6adf52034044988a0,1764461578,1764461581,2508,97749,,
0x9b128815f4482427cb033bfa4d29e2807870a36e77f81a5d7cf743dbed12fbe4,1764461578,1764461581,2508,97749,,
0xa4dc9ad6d8bf56e0979048a61af2eccc1684cfaa8948998684847334656399b3,1764461578,1764461581,2508,97749,,
0x5ccd0088cec4c193b6d374a81925a113063ab508f2d874928b8bbcc63641ed69,1764461578,1764461581,2508,97749,,
0x261909ef50b56624d4d562870d9341fd2ba067cfd6ebb1bddb3b4913b54a5428,1764461578,1764461581,2508,97749,,
0x39e3ce6b0aa82d91f1d8d314a7894248e73e7c3208138ae8c8decf04cae29493,1764461578,1764461581,2508,97749,,
0x92b50dc9729042bbb83f31862fc7671f442c132a83fc5af5d705f06cce4142ce,1764461578,1764461581,2508,97749,,
0x0eb33912451b87cbfaba5c85e87a6b6b209228797b7550dd9aa695611396da5b,1764461578,1764461581,2508,97749,,
0xaafdf41f63e0921aa59f7fd59b82aac59fb672dcd1c76ed4459d8751baae07ca,1764461578,1764461581,2508,97749,,
0x6d66812f10e74484b373cdb22a06a2b10094bb7f0d09f4bc4e5996a43138042b,1764461578,1764461581,2508,97749,,
0xa7d0bfc5761a9e552ee8882817cdb366e3b708a6bb34eacf704f6f1ad9cf209a,1764461578,1764461581,2508,97749,,
0x780beb0bce544c8709d64092e224cd3e5eb9f1ac99d7f20394a0d7fa8713eba2,1764461578,1764461581,2508,97749,,
0xfcad0a5d1a593147b4a9ecf4a838e64bbc4ac113cd209e39280b31a50030eab2,1764461578,1764461581,2508,97749,,
0xcdc29323c2d7b3dd158e2eb50b083477bff4488f0317085d0cc0ee44394f421b,1764461578,1764461581,2508,97749,,
0x81a1c12848498e8ccb6a6fc43c2f321e3850868d1216e888261024435aaefe01,1764461578,1764461581,2508,97749,,
0xe622a3f9d371f780aaad3793f201e7a16e7c2e1ab363b1afaf5bc40a41dcad2a,1764461578,1764461581,2508,97749,,
0x32663fed570e4c5a75a518d20721bd65f1c1aa933448f020b2d1a6b26748c48d,1764461578,1764461581,2508,97749,,
0x2245b9ab809354583971d0cce6a26f979dcfbb4179906b6d0306db49eb8bd2ff,1764461578,1764461581,2508,97749,,
0x6405f5dbc7837a23f2c2d1eb2e6c8c05bd69f293fddbd154559c9570456e1f56,1764461578,1764461581,2508,97749,,
0xad6cfbfd17b6492678d5b740f9ca54a74e9891fbf06f541e6875179a4df861b7,1764461578,1764461581,2508,97749,,
0x50a5a823d0f462275ff5fd455d922f001d1cb28817e351967db0fa99345ff154,1764461578,1764461581,2508,97749,,
0x92845897459abf69e107ffcd5be177c0e734795970affd063056ba78a44e5c61,1764461578,1764461581,2508,97749,,
0xe6fd5f0d0d8184862f0336fc54daae198ad688ea1904e75598a5048c5a628abe,1764461578,1764461581,2508,97749,,
0x00bb6e2d2c6de49d06991cbb0c60f5875646e424b015bb19037ff9321a8fd238,1764461578,1764461581,2508,97749,,
0x745c8e2cc87b0d1bf882bb655d0b1ba75179f7a05e88b2ee38d49533ba6fd0a6,1764461578,1764461581,2508,97749,,
0x8ede8ebce3ce178abbced54e7b422a30e08c0c151aa99e9d3c60e91d9c4fd320,1764461578,1764461581,2508,97749,,
0xd3f620753d282e2ba527767f8506ab2dc474fdebcc676543620bf1b3aa49229a,1764461578,1764461581,2508,97749,,
0xc37cec61bf43af1e2883880295e80baf541f4b09f5bcd1a4d2911d83fd93547a,1764461578,1764461581,2508,97749,,
0xb182fa6711f1b6b37626bf924ccd7a3b55e9500dbeabd77187d4d98579559223,1764461578,1764461581,2508,97749,,
0x4b85075f1d7eda25239861023c139111a70c0680b4184c7345d6e620850e4a00,1764461578,1764461581,2508,97749,,
0xb7a9d7080c2c582971ec10d5a35cb300ce7706617815e9ec41381dc9b2e81a1a,1764461578,1764461581,2508,97749,,
0x20e323c5021aa1c65109dc01fc1a8b98169c6c95d572fc828fe19cc312ec1cd8,1764461578,1764461581,2508,97749,,
0x53892461e942e7630f7beffe962f9e23517141b6d64d118221ddfe6f6d27c0ed,1764461578,1764461581,2508,97749,,
0xdb978a32d0c50250633c2fb3cf41b0922eaf04623f0e972cf4cfe1f4853bf296,1764461578,1764461581,2508,97749,,
0xd396400fc2b8245cafae6e9056d505176fb935acbde585a51643fb2c0291e35f,1764461578,1764461581,2508,97749,,
0xa04069823b2286fbe88dc9706cc7e30137c4ec4c9e78e0ff4fda9541ffb8913e,1764461578,1764461581,2508,97749,,
0x749010618ec4da7e572271ff6ba1222a8edce81da590597d0478bb5c91933796,1764461578,1764461581,2508,97749,,
0x79a60f90084e35f2489c67b3b931a93625191cc7bda94858405873196f78d6af,1764461578,1764461581,2508,97749,,
0x48f326f7a4f059f701dc08f120423eef3eb0809d4c68899a25025f755f8fa4b3,1764461578,1764461581,2508,97749,,
0x90d8a1ad47cbf7e087af75b5cc5f92f48973cb02f9895c12bbc6d558747c8260,1764461578,1764461581,2508,97749,,
0xafeeee3e31ea9122b3127e18936034643015b0c35b72bc126ebeaba7349e1ffa,1764461578,1764461581,2508,97749,,
0x4d82e76eaa8909b22eef506fd42aa17221f409f5891090ede5a644948e45bb3a,1764461578,1764461581,2508,97749,,
0xb14f0c27a35ad8987ee644c6a560ea41db6e3db519a8b48382801bccf37948ed,1764461578,1764461581,2508,97749,,
0xc271784d23f13dc3cbd18f953bcfc4945abc3cfec9d250c5038235eabc9de4a0,1764461578,1764461581,2508,97749,,
0x366ee5f6d632328f78abd78e274ff68773034fc86ea49094da0ee5e09d7b402a,1764461578,1764461581,2508,97749,,
0x5c19d02b9c1164e2d4dc3da22d5e4204834ab0beeb17f7e73acd34aaa62e43c0,1764461578,1764461581,2508,97749,,
0x53d868857f7cd1587c2ef8011031c6c879e2d60356b409147ab017c4c1135b91,1764461578,1764461581,2508,97749,,
0x3804de6668f73e870e9dc1b17e6f5bda302ec29447c502800c14fa67d4722354,1764461578,1764461581,2508,97749,,
0x249fde90a602739df6ed3790c483620284d4b14148df1d47a8ef34952b0a61d6,1764461578,1764461581,2508,97749,,
0x82a34b0de9b865f3aec1bd37f5d80b327951c913a8416d7e5a3fe1213d3a052d,1764461579,1764461583,2509,108165,,
0x86a8ca18750831db6bb04349272f5fed1e6d421c362c3ecd43e75bffc474025a,1764461579,1764461583,2509,97749,,
0x4d457a09b52ea951867b713dd6217f7884078ecf4c6ee5dba8c8cf2347f6ae4f,1764461579,1764461583,2509,97749,,
0x15ef338346396fa0ba4b209a1d1491b0466c036df3df00b66d6aa18c65e39302,1764461579,1764461583,2509,97749,,
0xca83d46ad202d54deb616a5ddda96a33ec031ced126bbcc94254a7bbd3b42db7,1764461580,1764461583,2509,97749,,
0xe4d55eb1bf9932af8f4f49e39c1d724f85be888d1e8d3da25c1d80fa22b5f856,1764461580,1764461583,2509,97749,,
0xb25d07eff1e184e03b5c15bfa31939771499db4095c7ceb038f90e91815e6570,1764461580,1764461583,2509,97749,,
0x4383adadfa1e69be2de6724be4a80b291916c4eafca029663f296087fe4ac740,1764461580,1764461583,2509,97749,,
0x25f0466fa58c8cd84fd59611554d9f07947fae082a65939eac2a88697e33d1cb,1764461580,1764461583,2509,97749,,
0xd1b4c874a1581453fa66da18502a2a637b728ae36e8dd022b1e0686ddff2b735,1764461580,1764461583,2509,97749,,
0x6b02251047e5d80d477fbb7fb64b200fbaac67c806695b9f5d14090f2b7631d5,1764461580,1764461583,2509,97749,,
0x518cafadcbff5f5cb64a2548c91095cac2a5205e726b4ec73ab5949fe3f568b0,1764461580,1764461583,2509,97749,,
0x9c484745023e0dcf9a9f82a496d8d1787f23ba57020aba9e8d4b7d339a6ae3bb,1764461580,1764461583,2509,97749,,
0xb33be44ddf753ef6dc19dc3a6de5de8ace569c836f314608e5b33bfeb4650303,1764461580,1764461583,2509,97749,,
0xcd635cc915cf3e8132ff1b6f95111cbb81a5c8686a1d14fbbb392b9ab0d07069,1764461580,1764461583,2509,97749,,
0xf800fd5242321c3f42a14ed171d243b7418d9e8aaa254676e9c8d0180dcc9249,1764461580,1764461583,2509,97749,,
0x6c48ce5dcb1838ba39f581fe6524add1c62561e5e42841f879672902182b76ee,1764461580,1764461583,2509,97749,,
0xfedac178ac9db8790a10d177b4ad44b0bbeb439d28a2d7115788b5439125f812,1764461580,1764461583,2509,97749,,
0x4cd925f3565f2bc0f71dafd86cd0c06d1ae51a0fbc1a15647871b8497a29bebb,1764461580,1764461583,2509,97749,,
0x27d1ac70373c86cfb9841d1446848169deca8c1368e1bd65a8489eddfa6f4304,1764461580,1764461583,2509,97749,,
0xc144bd042e483a6403e14594ed2b10a854e8cc19bb002cdf969de3d395e38b4c,1764461580,1764461583,2509,97749,,
0xd9e633d33e1045f0728ae0c2fa1956051a0736087e0d473907b92d5d6eae8f00,1764461580,1764461583,2509,97749,,
0xe43bf69718cbfd673faf69d6ca86fe1d764bd503c4389dde2eae4c7137f5c263,1764461580,1764461583,2509,97749,,
0x9d9a999dc043341938b7efa1d482248b1deb56b4eb9f0351040733cf3758c097,1764461580,1764461583,2509,97749,,
0x3c64a61e4e85b7a0b86055cc5c7c865f2b14a869493af2ceb159332bbaf485e9,1764461580,1764461583,2509,97749,,
0x205fd80855d2d3a8b8b5de31661110f6f83ce98f2a28f245201168859080bb6b,1764461580,1764461583,2509,97749,,
0x128c964f3c2759b9623301087d6f42ce728bf29ef93f2a3be1eeeebcdbbacea1,1764461580,1764461583,2509,97749,,
0x023e9fa4d1b6c3d64e1fbd1ef183d7f575490f88d5f3fc32905229ee7de459e3,1764461580,1764461583,2509,97749,,
0xc1e28d84c1b4a17fa1b311035040c7aaf19f90a8993ac5f6fddfb52544414f3e,1764461580,1764461583,2509,97749,,
0x4ed34648802fd079214303ec95f112d6b926f6b52a43c6d633d11e3003d7bf04,1764461580,1764461583,2509,97749,,
0xfb1225c1b22271fadd2cbdb020f9e31995186cde159aa2219339fe20b391a739,1764461580,1764461583,2509,97749,,
0x2bee053ca77529455a5becbba672e9cfb5d3141502bddd2c1c8ac5e09d667924,1764461580,1764461583,2509,97749,,
0x4234f43c0b97982840b34f83b0637b2170eaf746294167304476968f265966cd,1764461580,1764461583,2509,97749,,
0xddb254dff89a2c17b5d590a12a272eb13d553c98fad7ddc8bc081d227c4a9417,1764461580,1764461583,2509,97749,,
0xf227907f3ffa7a2917577467c2b710cb3f3398e5d61dc82a7cd57ca5f5a65ee7,1764461580,1764461583,2509,97749,,
0xe7d8866365e33586c4ccb83adb2cbe635654a498e2a3677cbda5338ee0cc1f56,1764461580,1764461583,2509,97749,,
0x5c95e062e2ad36fbd06446275a2d1f8ee1d3053c34e9ffc70e740d5881af0c06,1764461580,1764461583,2509,97749,,
0x3c989ed873b3c03144b40d44fea0a4f72d1e4df91a915334176aca7b2326ec2b,1764461580,1764461583,2509,97749,,
0x62d9ae7cbef1f226a11a44c4529bbdffc583d52d52b936ed25c585804b63dcf3,1764461580,1764461583,2509,97749,,
0xbd3da8093ed666dcde8699ce01b4de38e3c067f859a93470ff507ed3dd311de5,1764461580,1764461583,2509,97749,,
0x3f443aefc4c7ea75d2a44865d117ed29c4a86199976d6102b4854d63fa9fd149,1764461580,1764461583,2509,97749,,
0xd4f243358fef7ed9c093c5ff4f301078867750251599300eb1929683bae5839a,1764461580,1764461583,2509,97749,,
0x488a6d1c133bae789efdd3121d74ece1e12b28a9609879d3eae726bcc0122fae,1764461580,1764461583,2509,97749,,
0x060dfd714ab406485644d4ec8f125a34450befdde98f6d097463b2200f05fb99,1764461580,1764461583,2509,97749,,
0x266540f1e80d22043122fae0c332e7764baf6c1a369525c86204157a29a03110,1764461580,1764461583,2509,97749,,
0xa91830160df8bafd3196ca545c5db28a3147646ead678a52456119c3fbfd54a4,1764461580,1764461583,2509,97749,,
0x3d86152a79e81a9653ec3879e328e8da821cdc559c071c5cecce677bf73ad790,1764461580,1764461583,2509,97749,,
0xaf75066d7ce5323be7204b3269baefa24f852b1b069d934c4cc0768305331e93,1764461580,1764461583,2509,97749,,
0x839df74b837cffda4d3259ba2e531825c5621736e9ef3c11ab414a1a889a3fcf,1764461580,1764461583,2509,97749,,
0x5663e796bdf09517a4ab7826c40ea4fbe84ccfb3a07be5beb886c5766d4cea3e,1764461580,1764461583,2509,97749,,
0x19dce9d3c9159806dd925fb5f82fb537eda1fc902219b29afe1b5d7a7418c776,1764461580,1764461583,2509,97749,,
0xbf29c78533e6d352d3fabd35e9ae0c3df55a89e4c25dacf6dc78ad6ea8703bda,1764461580,1764461583,2509,97749,,
0xacca7d3e6e6ec66abf035db069965fb2239f637ba9f72cd5e7ecdc45508d23d2,1764461580,1764461583,2509,97749,,
0xe8e9781dc0a2cc2a3420425a0a55860fe70dc7bed997f226d8e7f9feb7269be1,1764461580,1764461583,2509,97749,,
0x3c448e41f7380e38fdeaace398f9b89328effe14f309782d75aae704568dac0a,1764461580,1764461583,2509,97749,,
0x05720d36fc296990e61b5b376cf3fb3e38d3042eccd514f0723f4703a41dba7a,1764461580,1764461583,2509,97749,,
0x609075e2d711b3b290e1f8b482721c5ee6a5d5992f10577f519694c43a55ad62,1764461580,1764461583,2509,97749,,
0x9b5152192eedabf11d5272cf870977d00b8a02cb33a84941f4b66b8fd7fb52ae,1764461580,1764461583,2509,97749,,
0x66f39c5f8301bb7e7182e54dfe3634d24f837e1642bff5a1941a1061b3c4954b,1764461580,1764461583,2509,97749,,
0x244d8d907da532380abf82cbac6c57fd7d84fed82571746c677ac1dbc1b142df,1764461580,1764461583,2509,97749,,
0x65913580b8a440232ba5aa1f82111caecfc72e7d90e9b6180fec429ec681bfc7,1764461580,1764461583,2509,97749,,
0x1ba43411d42ffd141562778f2e7472e139dec465bf80463af7c5895aaab06db4,1764461580,1764461583,2509,97749,,
0x4132bb020f40bb52bd71664f7046e129a5b478e2cecf2f79efd700051154d858,1764461580,1764461583,2509,97749,,
0x48f537b518dff3a04a13dda762b40a915235b43eaa6c885b029caf32f69e4dfa,1764461580,1764461583,2509,97749,,
0xe14dc977d470960746cdcf863f08fb3de2a822b02054cdb7238f6ce6401141dd,1764461580,1764461583,2509,97749,,
0x49067f9fcc011637fae425688d187ed015e10844a04cace1b29d18b87e98075f,1764461580,1764461583,2509,97749,,
0xf1b4d96ea66ac2537eb6a41763c933979548efabd9b8e67c326c464aecef8ef4,1764461580,1764461583,2509,97749,,
0x9d0cbbec3d13c012b9a161e73b6b06f48165a74ab6636a4ec24a12f72199b748,1764461580,1764461583,2509,97749,,
0x552ecad53af1da4939c55cc0403bc620f4489222ea777edb40e009d2ab229820,1764461580,1764461583,2509,97749,,
0x1088363b9dd53e51be3355081ee3d6d676860fb2decac980e184fcf8802c7c4c,1764461580,1764461583,2509,97749,,
0x60e1fd7efed18dd16fd712d89922271ac955e27e895c3a36c57e8c8967e8155c,1764461581,1764461585,2510,108165,,
0x114db42c2e16a64b1a96293c39d4173dd09d8aefe6971aec2b56c521d9f9dc04,1764461581,1764461585,2510,97749,,
0x25ced182c49573b9030a8f62e9cb7e0365b64f9b292178519f290a068a8f09e6,1764461581,1764461585,2510,97749,,
0x776d78b8ad8dc1f8fbf68a63a9a1e2974b20d08be7e738e63117b55453d908be,1764461582,1764461585,2510,97749,,
0x5f22bd21ee04ab2dd22c1334d64b7acc517dd5866c1e07ef1ee9e7ea7d5249db,1764461582,1764461585,2510,97749,,
0xe78925e89f373f264d8cb5d0a8fe8a1f5e5c7ecbdf7a083a50d6e06e64bcd742,1764461582,1764461585,2510,97749,,
0x0c940ce7d69c49e9e01a1d385bfd97e42a10034c89b2c321e5be2c796760e2cb,1764461582,1764461585,2510,97749,,
0x812c316abb42926dab4a26a702f14e09d4563f5f1dbad36b42d1553391ae9e0d,1764461582,1764461585,2510,97749,,
0x1a959a83da2e9adc87cb32ded26713c71c6f0f1260883b9d3d7734c40076a6ab,1764461582,1764461585,2510,97749,,
0x18ece8da7a569033c3fb21f344ee943087005b9afe1988c8013928db5277611a,1764461582,1764461585,2510,97749,,
0x4210b4d6934463217dde76ff1617b5f37e1fef66df12cb5cb4d2d6cd171ebc27,1764461582,1764461585,2510,97749,,
0x44427bd0ef3cd758edbf8c9d36a86be4ae333c46e43ebc2804e30ad6b6bbbcf1,1764461582,1764461585,2510,97749,,
0x3bef1c9e14fd2e71524d8bdc5d93142aa5a210bcbbd92ac55baa705593a96fa4,1764461582,1764461585,2510,97749,,
0xa0478ea62c4bc8d2aadf665eb583509815f0729f581b60d1ba0198799d3b71d9,1764461582,1764461585,2510,97749,,
0x0518a82bb90c8beac63f6854b51bfd6aa54743d3420f5c16bb59ca43b674ce61,1764461582,1764461585,2510,97749,,
0x18da1d5efeb997aba2e012ef667d9527aed06a9d4cb1e175f117a711131ca72f,1764461582,1764461585,2510,97749,,
0xb05c5df8885e5d67c4645ced9d8edc9388eb4b56414ab6b9a72658a4a35871c7,1764461582,1764461585,2510,97749,,
0xba725cff6bf1543a9eb6164a5d4956c2ab55163c378da084d8e9fc85675a5f53,1764461582,1764461585,2510,97749,,
0x0bc877804f8656e0361fcaf9044ce6ce8f973a4bf122b47f62098ebffcb6c98a,1764461582,1764461585,2510,97749,,
0xdbe1348a2f34c682997bfb55a748e5b3aea655c8ef7829d7237ed0c61833c51a,1764461582,1764461585,2510,97749,,
0x30a0d7ee4e694a19f8cdb7d5b840e6eafe3714610700a9d7615edc199e489718,1764461582,1764461585,2510,97749,,
0xdb501abf949a406dc776f60cf92347da0352c1ec7193932777f0a44810892c97,1764461582,1764461585,2510,97749,,
0x341eb7e6a035bb2a5c2ad38cfe2546e454fd3bdaa93259590af0395c0752173d,1764461582,1764461585,2510,97749,,
0x5bedd57d0ff6d73c5937721e8c4a2f5075e9f7c585caf1f603c29dc65da82da0,1764461582,1764461585,2510,97749,,
0x7f6dc3bada5b8de1677a177bab905fae0d4064815941e8243c104f8a652c4b48,1764461582,1764461585,2510,97749,,
0x3ef49180af1fc3ad95b97338559fe05b06e995551e0e26e5dd09ea72a3e9cee1,1764461582,1764461585,2510,97749,,
0x0b9d5349749b64b320941db952ecd9dbb0fd44ea31d4f15542008fd6c8dc25d4,1764461582,1764461585,2510,97749,,
0x8dbf2599fbcf57bedd6873cb4a7c58b84f9ef757a243904927e9cbb69b60e7f2,1764461582,1764461585,2510,97749,,
0x76c5f8208ea03305bf6537dc1f72d4bf23ce855b5c8a11c01f7e83a44ddddf1c,1764461582,1764461585,2510,97749,,
0xd9c1d9b838f15c077861aaad3f29c2f396212a5dd6ce87a3e1ee02b2ae4500f1,1764461582,1764461585,2510,97749,,
0x00ce2e1a157b0ba5e69271416b7806b6affe20e485d0779350ce2263e2994d49,1764461582,1764461585,2510,97749,,
0xe8ba0d7c69367c7e1bd797998d4a4d348e175a3030554bcf65928e9126ac67be,1764461582,1764461585,2510,97749,,
0x392015c408c226a46b6ee1c016bf175726b163e834b1b7c88586df6bc0a8aaf2,1764461582,1764461585,2510,97749,,
0xbecb1cd1cb1444eb6c21f9e4c199a0d085a724a6652115dcfdbc596ba62ba6d6,1764461582,1764461585,2510,97749,,
0x906736d1b6862e657b2ffe40cdd2029534ed32dfe2517fc0836d06efa203e6f4,1764461582,1764461585,2510,97749,,
0x8cc52208fab5e3f29da1d3933582eafeb361ca7dff1cfe2172e74d5b2ce1d66e,1764461582,1764461585,2510,97749,,
0x638fa478e45039ee27e420b1b6b763f14d071ad8b4bc6e11af3d94e840594761,1764461582,1764461585,2510,97749,,
0xedede53bb8fa3b4ccbee850f267fe701d718b103d2f696f838fa49ef2a3fb7c2,1764461582,1764461585,2510,97749,,
0xfe4e202404d10a4078fac010fe1a355e7142a00bedd5d0b4eb763fce22c10743,1764461582,1764461585,2510,97749,,
0x2e0593094cb3f64c77bbd3ebe013ac61270fc8508af2273c6f865324e86f6c59,1764461582,1764461585,2510,97749,,
0x66392995401a0f6c36db405bae667f95db0c6119a682af98a7173dc76cf1cf06,1764461582,1764461585,2510,97749,,
0x3e4a50cf25c22642044aab20b6af933977b8b41bd11fc5baac612e9e904845fe,1764461582,1764461585,2510,97749,,
0x75b3b5fc4dd8c64b95021c770255064bb751d1b0a57118c8914f6f571fba607e,1764461582,1764461585,2510,97749,,
0x3ba550fc55c5ea3bea9cc07936e641d276caf71c762de596131bc31ad3ee1ba3,1764461582,1764461585,2510,97749,,
0x4fd69ad7cbb61d3b427d33b2eb5a8318423ebf9456dde20e71a4f2845a91a0b1,1764461582,1764461585,2510,97749,,
0x000492e740b1cd95a9079906e86b059e99308868b5192145b1e04bdbfdd1bcbe,1764461582,1764461585,2510,97749,,
0xf55f6fc6f9bbcdd716b8cb187588f194f56d1b28a2b553d8079f5eda01bb3a19,1764461582,1764461585,2510,97749,,
0x66d23f166975a2504acdbfd082bd56ea211f7c6ea7b918beddf992a563a24db6,1764461582,1764461585,2510,97749,,
0x4ad466a63b0ec3f734c6a5b6fd064ab54ece35b9e1ad5a9aec2b23cd25a85bac,1764461582,1764461585,2510,97749,,
0xab00e5ecbc208c07549856663b170337c38ab3d2c6d9965ce4fa8d4c8a5e78c9,1764461582,1764461585,2510,97749,,
0x326e0fbf38e17a6dd4bc049702d845b449e3b1ada10f1d1da2a9e041c6be41ac,1764461582,1764461585,2510,97749,,
0x8501048b9cf07b70ac29c8f8a07e361327b91b4cd87513e45f675319d05e1cb3,1764461582,1764461585,2510,97749,,
0xd4c449f0c7c10ad63adb3ec41f31f8926f747dea0eee5ca544f03f39f1f40885,1764461582,1764461585,2510,97749,,
0xf5fa7dd12464cd1a713a9e05a4914360938b6253b9a4112ebe420a68cfd76813,1764461582,1764461585,2510,97749,,
0xad97c73fea6e4bb070a23b20a633146a388510fdf8421ae02ea5c748a6e8aca8,1764461582,1764461585,2510,97749,,
0x3c1f9201571297fe2d9d5f04ba374d2096f0541ffe27166b5e71d870a3e7e8a8,1764461582,1764461585,2510,97749,,
0xa6a23698b6d2588c30f39e636311c6583f76880415d775a2538382556031f85d,1764461582,1764461585,2510,97749,,
0x5ad875667e211be7eae1d45295695dba7ea65dc31dcb156a7e8218d7b607e11d,1764461582,1764461585,2510,97749,,
0xe93d3f93a323339e21a5687c1667ab7a60a0db3626028ab4098983a985a1453d,1764461582,1764461585,2510,97749,,
0x708a929b7dd47e2db9b4a3bfe4e64f1e13e0260cc9e9e583cabbff80a2ba5e2b,1764461582,1764461585,2510,97749,,
0x06b3557bde64264977eed1a60fe329d754fca27953944039764abd3865ada1bf,1764461582,1764461585,2510,97749,,
0x82895e7514dbb711579bb08626e5aac9ff9a1c927478a78763777b78daedcb52,1764461582,1764461585,2510,97749,,
0x46a09df4c189b8c0985a7442cb6ced206ba057092817d6d0fdec1d0c1635d724,1764461582,1764461585,2510,97749,,
0x500ae0c2419a1e61442bd0c4eb62ac3d165b899213a46c75eb32c914bd562772,1764461582,1764461585,2510,97749,,
0x84e6552edfd42372f73126a44cccd2b5b96c4643fa05a804d53c128d111294ae,1764461582,1764461585,2510,97749,,
0x709753317854f7505dfd3ff8082c8cd55642e713b12d5610a3575a825d4f5264,1764461582,1764461585,2510,97749,,
0x3069d7d0b089d710388cae26f1115bfe86823500e82db9ac0e1785dd860adc37,1764461582,1764461585,2510,97749,,
0x108022377da9bc4baad199fa18d563b8b5d9f93b6a834046caf7f91c535d591a,1764461582,1764461585,2510,97749,,
0x9652b0f479bc3914a882da9c4d21f70cd84a400cf1efb3a7756af1c04dc6eff3,1764461582,1764461585,2510,97749,,
0x243f183991bd37bab041660b6eb6b6e7225c5ac1c101a08631a9120f621a02c5,1764461582,1764461585,2510,97749,,
0xa564f4ade13c9061d9fcc988208f1d5259cb41c6940cca7e0d4e6ac11dbb0fe1,1764461583,1764461587,2511,108165,,
0xf5a22a53d2efef939e3653b4fbf2a535a985d3f7e809b6897d058d008da9842a,1764461584,1764461587,2511,97749,,
0xcb40c5ffe9cb6a03cba8daea2fcd556e5c8e72dba20ea43a050fb0d3677187f8,1764461584,1764461587,2511,97749,,
0x5000402ed2a27909af3a99ca09e4c3247669cc5bd05cac2c687d568aef5b583c,1764461584,1764461587,2511,97749,,
0x8a40061d27b2467adcb3d72dacf8f7a66c5cd8d63c913c920306f7d49ec359a1,1764461584,1764461587,2511,97749,,
0x115eb7b78688a791afe911f91ffd89ad9d3a822b2921c499daacb7b5d8cbd4c2,1764461584,1764461587,2511,97749,,
0xce37f38d9ac5e458ea0a3b78488f7bfea393eb9f7c8977f0744b0f578511880f,1764461584,1764461587,2511,97749,,
0xc7467b45baeeb61fef93a8e401de888d7615a1370c3fc11cc893d0004ea065c2,1764461584,1764461587,2511,97749,,
0x1f3beade0b5b2129adf4e3c9c3063d6e26b34377cbfbb9175fddc25de3fa3286,1764461584,1764461587,2511,97749,,
0x20fd85583f3fd153f0ab02bd18ba8dac69ce2cc669d4b4fb5a64b64c002ec892,1764461584,1764461587,2511,97749,,
0xa1c578f144fc541af8072958a9ffa4e4dfa3f356ef048105317a391f250f5805,1764461584,1764461587,2511,97749,,
0x72cec31249f30e525571f4a9d2a4fb60fc419777f7c19ba231755c207ea473a0,1764461584,1764461587,2511,97749,,
0x54aa85ed2e409d6fed5ee19873e433d6e949ce756c874bda4634bbab143a1190,1764461584,1764461587,2511,97749,,
0xe069dc1e94814ea03be95ef16e259204bdc67ccaf93c63a3c93ebe4f22846ff6,1764461584,1764461587,2511,97749,,
0x4495845f3d9ada0c8f89470fddc66b7ad65b616a2666a8847fbfc1ddd2681eed,1764461584,1764461587,2511,97749,,
0x030f6ab6d4587c990ba140f63e33a34fab352d050dcb0f0892cde4d2cb7c1d7c,1764461584,1764461587,2511,97749,,
0x7b86fbfa4f80a51b3436f07781cbc971aa6c9d54308477a8cb3906e5b9ac5b06,1764461584,1764461587,2511,97749,,
0x772cca789cbf30202ad2802fc4b482d58fc83d1f87d87bc8c1cdc8d12dcdb4db,1764461584,1764461587,2511,97749,,
0x716b317c687a78efbc0244c445f471b262162d067ce4554d7fe50ca77d86ed4b,1764461584,1764461587,2511,97749,,
0x1174709cae1f6889316206054f75a4345a5d4e6777189b31b9d21644919b139c,1764461584,1764461587,2511,97749,,
0xcbf0d515a3ba9ee5d807132fcf7490eba742ff4d8e414efa1a7cb2a15b9f5a3c,1764461584,1764461587,2511,97749,,
0xa611e787b697dbe3230c0fc1c229d1e1e650aab840b01c8466ab5504503a183d,1764461584,1764461587,2511,97749,,
0xfc91dfa6ff79179b428c99317ad157a89d5633edd9272086f1ee619f93a34a5e,1764461584,1764461587,2511,97749,,
0x860d7a07528aeedc9494991d6099625766ad0ea5f9dfefee8a2d682c9c3669d4,1764461584,1764461587,2511,97749,,
0x27915a914def88c24e58f27326f23c4a998e3d898013c4b69ef97bcacbbf6b02,1764461584,1764461587,2511,97749,,
0xced479a125a1b3831415ca5f3417f2d50a0f7499e76c33be3435eb2cd738f5bf,1764461584,1764461587,2511,97749,,
0xfa7481dea871e7b26a04bda15822d5d2ac3f70efa9595117e02021882324b13f,1764461584,1764461587,2511,97749,,
0x933136917faeee7e7314da71ed5bf7a8fde4aaa110a3503b677373db616b4f33,1764461584,1764461587,2511,97749,,
0x964e3699cec0a18595951a6cd51ba671fd0e0e6f55dea621d29a829b51e85d9f,1764461584,1764461587,2511,97749,,
0x86276f869e3c174deb661db358a64c5a664c7819de6662e7bcf5a4698051f601,1764461584,1764461587,2511,97749,,
0x45cf539678b83933cff098c8057523d591a3d9b3839aa4399ff00aa749a82765,1764461584,1764461587,2511,97749,,
0x135f01fc3611e9f847258add3b7a01bd0c33c90234dc08268fac40c8cff59395,1764461584,1764461587,2511,97749,,
0x376a6418cfea2dee1f4f4630dbb314442cc0834edd4ebc60a73f88a922a7f854,1764461584,1764461587,2511,97749,,
0x1afcfbd79232ada671750b307c85cb6e91443c448be400803fe41855b06a16e4,1764461584,1764461587,2511,97749,,
0x55956cd9bfdf3a006b12b3689718362c5c2fbe7a0e2ecf08089217457da67181,1764461584,1764461587,2511,97749,,
0x6b87d819b792c3d6a031776a46fba1cd0bd1857aba0354f28f5f51321ecbf3f1,1764461584,1764461587,2511,97749,,
0x28c9023d7e7c37475e88f191786584caee3a595e1a00a89e71ee16916388fabb,1764461584,1764461587,2511,97749,,
0x6fc9a02204fb12a2366a1a2ce26690edf20108f51e18e3f45fcaedca0ed9773d,1764461584,1764461587,2511,97749,,
0x16514fe0cefa5f74f9190dca2818125796be7066467830282b0bed4081a1ab67,1764461584,1764461587,2511,97749,,
0xdf9e30f6c407df8177432eb15e944fc09862825461932b72fec01204ae2482df,1764461584,1764461587,2511,97749,,
0xdf49cb04658c38e0eb592ecd17657f5f73902741101473660b89e5e1877f17b4,1764461584,1764461587,2511,97749,,
0xf37e6df7eeae929f103b5697b70bab54ee61be60abebe6b09df53fec96492256,1764461584,1764461587,2511,97749,,
0x8a31c52bf38fcbd8ebb5c6342b9009f01ba9395bded833b539f2b7388eb1feee,1764461584,1764461587,2511,97749,,
0x709c941281c57599d0676e18e610399d346479abde1f7996752d9d39ca425c93,1764461584,1764461587,2511,97749,,
0x28197b23f863f9b445db183c7f84dab3b7cbbc45ddb42e2aea52c0cbd1926016,1764461584,1764461587,2511,97749,,
0xb69993baa9317f972453d798c2e809f46449685caf1b86a536a98bdd7709ef96,1764461584,1764461587,2511,97749,,
0xae07251ccd2636cff500a7fe2776f4b12b93c104b35e041a5f11d30b6e9a5df1,1764461584,1764461587,2511,97749,,
0xba5ee8d3cdfbbe06d69fd92e2a87af08b5b5d7ac040af496c5e324c598c9ebd0,1764461584,1764461587,2511,97749,,
0x88d239615fa6b0845a61975db9cc9348c3b3b46eab7a7a3c530e5a23ee15c5be,1764461584,1764461587,2511,97749,,
0x4e3d58699a9074efb4d98b7caf0d17e5f38b58bbc945f812b3f830e1361cf72a,1764461584,1764461587,2511,97749,,
0x2cf5d9bcb1cfb3d1d1ce88b8dd32398d547b4809144c8a417f254d898864a661,1764461584,1764461587,2511,97749,,
0x59d088df13b33f6f937cec4d0f5724f66bd735f1cd8bc0d2f4ecd8794792fca1,1764461584,1764461587,2511,97749,,
0x7dd1cbab9d48975f4adee0ac5094ee95716f84dab14da3f566712dad28e3c333,1764461584,1764461587,2511,97749,,
0xba476eb6c60163f420306a41a713d68e9cbd0c49318487d8f80a11c09959bdc3,1764461584,1764461587,2511,97749,,
0x926150951cac20a10b625236ca46e826df01e701ea5ceb0ac2289351def6e22c,1764461584,1764461587,2511,97749,,
0x70e2bb71d99f201ae6440097b575f7c758dda33d52648695393862dd7a68c0e0,1764461584,1764461587,2511,97749,,
0xe37a34813c7c70265d722d84d7bf11346594ef4afa6880e35b8fdc71220702b9,1764461584,1764461587,2511,97749,,
0xbbf942a1d775382f70ea23fe03cd6927f2314256bbb2632a476306e9cb66f46c,1764461584,1764461587,2511,97749,,
0x6a6c0559e08539017cc8ab576185dd23614808fef4a80da6df7b00a24b24b639,1764461584,1764461587,2511,97749,,
0xc0d2d89b035abf406ecbfd4c3fa18b0893084d8edad28ca1ea0ce5e81a01bcb6,1764461584,1764461587,2511,97749,,
0x24a9b559af7d12394699f6b19a9566a081c63b9b6e065ff6d3cc17bafd2700dc,1764461584,1764461587,2511,97749,,
0x35bf870812b349767e6b33802344b421a4334dd113b0abe830c81736ae8107c9,1764461584,1764461587,2511,97749,,
0xa6003935816b7939216cf6062a10f6072c7a02c84782278837a577d03469632b,1764461584,1764461587,2511,97749,,
0x75bc9b55b22ddd44798a7ff7d9610f809cb2050a8c18d265ceef535836e316b0,1764461584,1764461587,2511,97749,,
0xa660aa97f62c9bbf58b4f31959d72f2a22959d2f07d48d5218dd7978ef4b4de2,1764461584,1764461587,2511,97749,,
0xe1e6729ee55475edcc7f33844b3b3bb825a584d66faad8c45874940ebca07a4b,1764461584,1764461587,2511,97749,,
0x238b3aa306ed151d84fae52ed681fdde3397adbac1469b0aae999c0490a1ceee,1764461584,1764461587,2511,97749,,
0xa59f40f77f6902d21eb31e44a525a08eba2e49a39cd2b89cbd63f83bacd715d9,1764461584,1764461587,2511,97749,,
0x3f5ef06acf4491db476e6d74fa57a9a64d6df2b67cf941c243919747fc4424d6,1764461584,1764461587,2511,97749,,
0x87a93ded9077026d96c2e627ebf6e99d976864a27a04de9dbe4eb67b6de33bca,1764461584,1764461587,2511,97749,,
0x6293ec3dd389c6c63a3560292b46a12c19b2290b7ac336730a2d1ce94d9ac5d8,1764461586,1764461589,2512,108165,,
0x078c51c58caca7446628073f594f13b6c0b7750fbc5e18fb246755e71a66dfe4,1764461586,1764461589,2512,97749,,
0xc6e1ff1dcf12715490a460aa25ab828a5b6cfa2c52599b76f66c8e0979cffc6b,1764461586,1764461589,2512,97749,,
0x68b5f860af644c5e16752558c56dd91cceafe73f248b4b8b0d91bc0166a7c6c8,1764461586,1764461589,2512,97749,,
0x3cf766b82efe56f391e037ad272f43d936cde2f8ac77282819d0975d6f6111cc,1764461586,1764461589,2512,97749,,
0x15331732a5030fcdb1a9f866fb829b166455ea229589a34fd3b005d3c64ace26,1764461586,1764461589,2512,97749,,
0x1632317d20d3995eec8d8488ca630aec7d1f03cdff9a9ebda06920ed567fb7ce,1764461586,1764461589,2512,97749,,
0xdca73f74dff532d3298791001b1e7ffcb0ec92abaa3504c2ee78e3b8122e8b85,1764461586,1764461589,2512,97749,,
0x8d02fbc241cce67f53bf9bbaa4de3fac45679f0161df34ca5183c81fde1917d7,1764461586,1764461589,2512,97749,,
0xf0944fa929d06bb3c22513356f29bcc6dce66895ebbee4ddda5bbfe8dc76060c,1764461586,1764461589,2512,97749,,
0xdb59b48624c05f2a3cb64e070553c60c16b201045a04eeed89af0b66368c6833,1764461586,1764461589,2512,97749,,
0x0c6d362823a8c75e3a6edfea3031f362f1bbb693a3a8487532b623514d6b7e01,1764461586,1764461589,2512,97749,,
0x07cc1b6f4bb1e004d1bfecf594e71fa53e2ebe80f88a4ad6f358c027df9c5f53,1764461586,1764461589,2512,97749,,
0x2f812afb37feb3f07c4f34f1c06ca731d76f3c01ca0f367a1feeae448258fb38,1764461586,1764461589,2512,97749,,
0x0ae3cd295a8af7a484cbf4c45fe23ee01dd1f53a4b29f2f8ca0d9af76ec91f3b,1764461586,1764461589,2512,97749,,
0xb59bd1abac67a0b4e3d41582e383c48ca28d1e69b2106a1d06aa2fd6f8a7bf2b,1764461586,1764461589,2512,97749,,
0x9f16f40345b31646acb3bd69067c7e35aed39b815ee959d8b7f627ebcf21baf2,1764461586,1764461589,2512,97749,,
0x25ebaf9eb9e1a141c8a64027ed0f20ee3988e9ebcb164d76391a56f6cb9dd9eb,1764461586,1764461589,2512,97749,,
0x83744111d650ecd77e01723f08aa3136116283600a358ecc15202d17ea805dcf,1764461586,1764461589,2512,97749,,
0xc95f6a0f4922e360579db06b35e8d1fce79c6166f484365673310dff917238dc,1764461586,1764461589,2512,97749,,
0x9f1f7462a04180bc4b08ea8728b4947f9a257ade7a3089aa625360cc63180296,1764461586,1764461589,2512,97749,,
0x9392d384834ce8a9219dcb623cc2c85514e55dce8f4a63dd48701efdd57f8436,1764461586,1764461589,2512,97749,,
0xe3c934ed4cd75312c613faa7cc854209c40196160c34df691a0eb17fef18fe7d,1764461586,1764461589,2512,97749,,
0xe88cc05149eabbb6771de86ac2f996606c28334a8f0da8865fcb609518575c7d,1764461586,1764461589,2512,97749,,
0x75e992b6fca778a1ad105664113b7709e66c31d951a1c0bb9f59f0189672bf39,1764461586,1764461589,2512,97749,,
0x729d49189bfca842dc9d4acb42c6a44a9491a8e7396ee57ef959ac8abbc99370,1764461586,1764461589,2512,97749,,
0x439d55aeabd12a1a1ea16cb99de09cc00610104e285ea06d7726eeb9511dd27d,1764461586,1764461589,2512,97749,,
0x79695609bedaf4806002f339757da684c5a22f7e29cb9bdd29cec5f64d7e1fef,1764461586,1764461589,2512,97749,,
0x5630d57b7126723f7bd931d56fe2a389a6991321524e33b5f710002fdcfd374d,1764461586,1764461589,2512,97749,,
0xb6c40ca4f63fcc31d08c1e294cb1f2907eba065c410d70d58462ea0b8ebdc7af,1764461586,1764461589,2512,97749,,
0x23a9a520434ac221ccfcf067596863c496631d3745044dee1d7caeb2b060678a,1764461586,1764461589,2512,97749,,
0xd0738929a005ead22a6e04feaba173194c9927ce2d6f81e4ed7619de84cfa64f,1764461586,1764461589,2512,97749,,
0x16cdeb23dd4af52b61b258690aca7d6febfb5c9015f41cb6d9f6d87958867984,1764461586,1764461589,2512,97749,,
0x0abe1a03d1bde874b443188c4d4fb91b4d06f78efbf0092948b6e6fe2532fde8,1764461586,1764461589,2512,97749,,
0x6c74e30806ce2f2313a64d77712ee6cffd67de1883cea5754ddbb5204369e778,1764461586,1764461589,2512,97749,,
0xc4b70778945a08c12aa066fc959cbdd0d432e05bcc3692fd1bc2af604b6d54c9,1764461586,1764461589,2512,97749,,
0xfc635bd0b17c6bb7b17988edfd9fa024098e77f31dd720a220463be4990fe124,1764461586,1764461589,2512,97749,,
0x2a06a28eae3e87450a0720599086773be0b6432e704ba551f606eac77283ba8b,1764461586,1764461589,2512,97749,,
0x7a1b5d34f36b7052436bbca03e681770afe2c6929795d01215e798faa5a0214e,1764461586,1764461589,2512,97749,,
0xe69aa06f5821de0065655a51cf5c20720ff3d529ec6aef773aea43c202568f96,1764461586,1764461589,2512,97749,,
0xcfcf5f82723b79cfe28eb905067111bc2943515cd32ff19cbac2e8a77f70b81f,1764461586,1764461589,2512,97749,,
0x52b944c4d9b90dce2b7d332cb1991f9433ee1dafcf5e53ecfb17544016305095,1764461586,1764461589,2512,97749,,
0xec3653dfa6b7f22a6c264995237ac47d943ab4b7598713feb27effeea9a94fb8,1764461586,1764461589,2512,97749,,
0x0f366cb23f7970f9e16a5722d248b24fce38280b617eb7e8dcc71d0432803315,1764461586,1764461589,2512,97749,,
0x79c6fac895d882edf7bf474d5718616a184735f80d8b34b148610c26e58b31ee,1764461586,1764461589,2512,97749,,
0x63a7a25861158c840d75b2fb0e480c149f3d0929ebb0f96f5a6f306ae16abf72,1764461586,1764461589,2512,97749,,
0x9a680d9c5c680ca76b218b09b2ee32214fed3079e5e80ed49fd43072be575a1d,1764461586,1764461589,2512,97749,,
0xc96b2c06c16d6d171ebdc6034896273acca459187debf571c1c83253373e3487,1764461586,1764461589,2512,97749,,
0x14ba52498ee30456f2006cdd7aab881ee5fbee66989d1f8a0bf7ade8d6978730,1764461586,1764461589,2512,97749,,
0x745869bcd0158e2b8e9d848b9ae4afb8a60ada0841a0ef0759851ac8d27fe92f,1764461586,1764461589,2512,97749,,
0x22232c38d167c8b1a39ed879d63aecc6a4ad0d6c5b4851454966c2278bdb1749,1764461586,1764461589,2512,97749,,
0x54dd1e52d343183f6deed6cc15df1d61296902de29ec8e7a1f547c7c1258c6db,1764461586,1764461589,2512,97749,,
0x603c3c5c5bcdbf8ab7bb6019c4ed071ca5ee668d89b8ea8b80c0e692c08ff64b,1764461586,1764461589,2512,97749,,
0x2957520ad2c65f0f5f077d2ac45b7642cef3f7e04598560000ea2167e7ca1da5,1764461586,1764461589,2512,97749,,
0x1c5e58032bd2a1b21383ecd2dc2e386e8f1d02dfae0d26bc90e85b50eda37c65,1764461586,1764461589,2512,97749,,
0xd3b54746dc810acd74fe11b4d1c0a881c626a14c35c79dc6c92963cb72cbe080,1764461586,1764461589,2512,97749,,
0x1f75b6569358696de399c9865675a5a4d751e081fef574738b903b255ae38615,1764461586,1764461589,2512,97749,,
0x56e2910026b0ce966be388192cf0e1dea38ede784e4081bcd70dd1a83c2cef12,1764461586,1764461589,2512,97749,,
0xd241aa5a3c883b1f641ec016bceb2c234438e5f67028dd2f36e760627907b5c7,1764461586,1764461589,2512,97749,,
0x4da71b90a2432759e2ba8e3c097e31b90bc49e80cd5626e14804011bbe137829,1764461586,1764461589,2512,97749,,
0xa076fb4344a830269eca538a930b0df00bacb63ad68ad4ec0604d19cecd0d43f,1764461586,1764461589,2512,97749,,
0x550b794fdac80276e51e6cea501358137669997b66ce7a4c71a8315ea860138e,1764461586,1764461589,2512,97749,,
0x6873c71caaddbd46452791d16a2e35b2c77476257c00324501ddc1fea41d9962,1764461586,1764461589,2512,97749,,
0x7fef56e228dd25e636557e5d379d442254cf84a7ec6ed34f73efff0fcaff1f1f,1764461586,1764461589,2512,97749,,
0x2d32eb6157ed46d286982ed96cd71511cfc08dbfaaafa6d7c783ff94d00316be,1764461586,1764461589,2512,97749,,
0xd25a235ce49a23d3dc3519f531177fb76af5304ea415dbea4d66b73cb9469995,1764461586,1764461589,2512,97749,,
0xff489a5cff80ddcc97e955291c9c1c097a24febb1acb6d143485aa9e52f56816,1764461586,1764461589,2512,97749,,
0x647ebb4d141aaf698ff33dc996ebf541a9396188e435a0ae65e26cc5e914eec2,1764461586,1764461589,2512,97749,,
0x36a8e8538bb3badfa94bee90185a31730908385e6f8e971e7ca0a2ff74574e6e,1764461587,1764461589,2512,97749,,
0x55c9732c56fdb16ff9e7470083d6db890dfd01bdcb0fb5bbb21e31d28dd53bf0,1764461587,1764461589,2512,97749,,
0x029bccc674623a122012f5024758ec9163fe8d63e33bc18593eecefcec9952fa,1764461588,1764461591,2513,108165,,
0x8039afb6af8c801d8753df34500ffa50eae125f3e4870faa22fe876cdef3f27b,1764461588,1764461591,2513,97749,,
0x53ee94383bfb60b81fc0cc3722682600db2c47b5cfa9eb2c39f5674145fb2474,1764461588,1764461591,2513,97749,,
0x58578e2520f0be6ec8dcff79f2f7463784098ef9347bf7877ec83316f57decaa,1764461588,1764461591,2513,97749,,
0xe78aeb87043419e1b1d193fdf75f00f34e5e49672ce1f16831b87dda40561324,1764461588,1764461591,2513,97749,,
0xc3796456e63741180b6656df6998ef3cc63140508746c72c0ce487c370a082ec,1764461588,1764461591,2513,97749,,
0xae7be077a0792ed9a94e6d89e916d6d3ffdd59365ec5a6ec7b18b70b3999fa97,1764461588,1764461591,2513,97749,,
0x2e6462c65261d0a6d7fd20efb66ada94e16b15e9400a2abec9fcdd7ff04d2fb9,1764461588,1764461591,2513,97749,,
0x28279adfcaa0f77721058c582c6f11eed3dd023c5ad898c51a1062462d80d524,1764461588,1764461591,2513,97749,,
0x9d1cef0db8c12ef7f0271341b9b6835b95711fbfa875953a9814e618720058d0,1764461588,1764461591,2513,97749,,
0x2c3ded59335553af7b8c7b70e8f8a4247c38659f0e4ba4b7e6d6c9aa12bcccfa,1764461588,1764461591,2513,97749,,
0xafbbdfe694b03e2e73654611ecc2cce036ad5ca4f3413a27e3ce49e278c0701c,1764461588,1764461591,2513,97749,,
0x02c117a9887dd36060fd6e6bc9048dafbf4a165cc19240416ad2a763e5ce8e31,1764461588,1764461591,2513,97749,,
0x644c105e6b416a1565972cfaa7831878fc46b257af25d40a784b1bd3651f31fa,1764461588,1764461591,2513,97749,,
0x1cf116a02791c18f22d14bd4388a803658cba361355b18eda8253e9793ec4715,1764461588,1764461591,2513,97749,,
0xf418c659a1bf35f527bc726d75db013304eb0a0ee70c5050d12f933962396dcd,1764461588,1764461591,2513,97749,,
0x50e56105b971662b7d985776c931a1e9aec35a1dff4ad8f2baa4e79e0391d006,1764461588,1764461591,2513,97749,,
0x8481b9d61d5d00fdcd0067dd05f6077600cf2d42a7c27ed2666784c79254968e,1764461588,1764461591,2513,97749,,
0xd87ce993f3ceb8b724573a0a8a884cd30be017cbf7ac3cfcffde705d20d5d95d,1764461588,1764461591,2513,97749,,
0xde93b94c46f484087e18fe49ec338c25c1cbd69a35fa9374ac50844bf6a49bd9,1764461588,1764461591,2513,97749,,
0x2a94cbb1c913ca834cd5734bc6e8ab5874f292c2e4a8345522527c4f8fdff991,1764461588,1764461591,2513,97749,,
0x44dede855fabfa6042ac8fbf47e72d72438383918402882b8f54fc8ce1806e76,1764461588,1764461591,2513,97749,,
0x0a7d631a94480ee944c6bd721a7db5327d7801e73702f6e712e9530452110c6d,1764461588,1764461591,2513,97749,,
0x73428abee2fe9bfe02c9d707cd95d756486b0210f1ab336679a40dc8ea8de767,1764461588,1764461591,2513,97749,,
0x0b09f0536e21c558c935fd2c8bcf04c5acee892bc84a0d65f175e6516f5888b7,1764461588,1764461591,2513,97749,,
0x82f70515e0026d65261a21ef0510b3299a2fdc4b2e1f3184f041f95727fd876c,1764461588,1764461591,2513,97749,,
0x4c460eb237701bfe3dedd2c89964349af61037f6b2b8fe32e0d7e9e261694282,1764461588,1764461591,2513,97749,,
0xc9b0a5d49c063b46d4265686ef13844aee21795a91600af1f71301962f384821,1764461588,1764461591,2513,97749,,
0xbf905c4465aa289216daf4bdeee45c36f9e14e9486556a4af3b6fd020e47835e,1764461588,1764461591,2513,97749,,
0x3e544c6b569c6111107cb083e26fb73f148d13cb91b594961800f7c78e651524,1764461588,1764461591,2513,97749,,
0xa3aed3e85d71ebc8a07bdafea289cc1ba1ad7d1bec4c6ba78ca0d4f3aad30f52,1764461588,1764461591,2513,97749,,
0x0ce469392f5642a61709462935998c524755702b6f9f858ec7a2a9778b8d2a31,1764461588,1764461591,2513,97749,,
0x1452092bf1a569a482c74f45851fac8ea1c8cbcf8723dec9c8744ac1525d39e7,1764461588,1764461591,2513,97749,,
0x3ebd420c5d0f574776e3f071511d41c05bb056c561de0e0f3ae476dbf43af396,1764461588,1764461591,2513,97749,,
0x503c105eb461c3b6786439f9a0c5fbe55b10e0b82608e2d56ecba1db6d580549,1764461588,1764461591,2513,97749,,
0xc57ffaf2e3ec16be1a36b2d33c39bceea8573fd9060c5216ac4e33c386e2e1b0,1764461588,1764461591,2513,97749,,
0xedf735bc96654d401b2f08ae4880eda5f87b1d3724e0df8ee7951be72cdf4356,1764461588,1764461591,2513,97749,,
0x282e36b61494f7561ce34b1483e81bf1ce33537bdeed29cdd7604fc65ad97995,1764461588,1764461591,2513,97749,,
0xe37619d1393429a751706b0cbbe1aff5f92401e13107a6edbe13a7f4cd28658c,1764461588,1764461591,2513,97749,,
0xfed51c955454e52df816d4526a4c915f5a8c27be0e71b12849d5418a62a41101,1764461588,1764461591,2513,97749,,
0x88e757b9c78a7cee0dca34341487a938b367cdb0ac58c27025d661505137c656,1764461588,1764461591,2513,97749,,
0x14eb9ed0b45cd41ba583a285e88a9ba45f7cb5a2580f875307538d1e770004c3,1764461588,1764461591,2513,97749,,
0x8bc96c29c82e931a5b6a95a3e9a1ccfc3154363b0359776286ce83e695ed3ec3,1764461588,1764461591,2513,97749,,
0xa8d75602757e8a7f0ff0f77696f95ec591b8fb52a32b4c82b32380d2941f3b7b,1764461588,1764461591,2513,97749,,
0x077affbf88734c1047b87030541372eb58a3b7ea09b42dfeef096bbeb66e7be9,1764461588,1764461591,2513,97749,,
0x08c88ed3b43dbe17123265d4ffd807b171239e8abbdf1cf4d5ce71270542132f,1764461588,1764461591,2513,97749,,
0xcc4861f0fdf680f949e90f8e79842b1494538382d9ca6820cd06f0eab97569a7,1764461588,1764461591,2513,97749,,
0x2cf29d76c30b8d291cb107eb33ae89d4bc261bfa7447dfad6863c2982294bf85,1764461588,1764461591,2513,97749,,
0x1116a5a11c17235cc644458195128c60adecf1040f42ca2934fe89317139f375,1764461588,1764461591,2513,97749,,
0x2348711d43cd9796774fef54accd6473704f7cac0f2bf54d205844774c5bb8c6,1764461588,1764461591,2513,97749,,
0x3be5adc3b20860fd916449e6fc019c7f1d0e417a1680d22750e7040edca8ce10,1764461588,1764461591,2513,97749,,
0xfa458d81fd22d6c397f38cc975de6be60d8c54e8a9d9e739484eb26f47e7f321,1764461588,1764461591,2513,97749,,
0xe8c6ded332c0fbba6ee4ffdc9d4f9dbda4a382a79736642cb5e46049d5af6dcc,1764461588,1764461591,2513,97749,,
0x2abd653bd288a9d8782fe2b068420ec76d903325e6228caa24ba73752b8f14f1,1764461588,1764461591,2513,97749,,
0x9c8f604d911e9b11078d347db307af5575598047187aa690db0a5da697b0ea1b,1764461588,1764461591,2513,97749,,
0x5dbff7a9f71c97f42aed3031de13a9afb218606ad830cda394912d218c1029a9,1764461588,1764461591,2513,97749,,
0xba5b6ccfa9c24606b247bda5f6169d5a707fcc457188abba8df4353d0d732705,1764461588,1764461591,2513,97749,,
0xef91970f24d16939c74bd2b91ba355fff90e1284cd80735260b55bac2532854a,1764461588,1764461591,2513,97749,,
0x4f5bec72bf2ff30b22f74af31eb7c24c5c7197dab62373a3eff5bc21fb4ed1a5,1764461588,1764461591,2513,97749,,
0x2d5121e673d55ea6932d0e1b61905e5249095b064fd6d8b1fc7b3b97a221e431,1764461588,1764461591,2513,97749,,
0xb3e0f6e22ac5540ae9fd98d4aa56980da595299a9311cc72d5ed74ff049f2e51,1764461588,1764461591,2513,97749,,
0xc66c2c05eb1bd3efcc19421a203b0ccb39d0b0601dee479b470f8b967b1be288,1764461588,1764461591,2513,97749,,
0x320ccd354ef6d204f637916d99873df92478156c1effe8fa33c7a449a8ff899d,1764461588,1764461591,2513,97749,,
0x6e31b000b03cfc2898334bbeb9cfd87ab72752c68304a3beed66a69648a50dd1,1764461588,1764461591,2513,97749,,
0x7c7fcff95d9ee4be7ed695f80095f912173c0c7166d5b289c9ccdfb61b28cf92,1764461588,1764461591,2513,97749,,
0x4e3725bf43a915628b99f4c44e62f61c0784565c8af4e02897124dbceedb9faa,1764461588,1764461591,2513,97749,,
0x05428fa7c1e09e4cb3454b5693310d6f6385e45ab356007465620e4e7fc4e821,1764461589,1764461591,2513,97749,,
0x69d0e85f8387b1166b527778910e1cf89cff109ab3e4728b6a0d2528fd2154a2,1764461589,1764461591,2513,97749,,
0xd43d3e871c4605c938564bface0c9b2f04ae9bc849de0d2ea0720b46b1b0b0aa,1764461589,1764461593,2514,108165,,
0xee36795c10aa5c65ae190cbd914f61cc44e822a1faa572138c0c13bc3149a888,1764461589,1764461593,2514,97749,,
0x160f91ada665a71968a9ade0570c3d27c0fb03329bc6f227095fb4e230c08412,1764461590,1764461593,2514,97749,,
0x462063d65e75e4657a06827786fe9509e2d5a4cfc44de6f85b9abf09b66730cf,1764461590,1764461593,2514,97749,,
0x92d9eca29d581ee090f730e65c61831eb49b6dc175e41b2577e47b8b08cd6836,1764461590,1764461593,2514,97749,,
0xdf583bae5f2db5c2a8c3c617061cca6eb8923077cbf5f7acd45959015d7d1b56,1764461590,1764461593,2514,97749,,
0x77409bdb2d705690415dc168df8aaf6f171abfbf05dd6f628aec2669e0b1b700,1764461590,1764461593,2514,97749,,
0xdb9d9e56f6f6de54e26b0bc25a8271177c080319309c7e67d15f71c0d2fb095f,1764461590,1764461593,2514,97749,,
0xbcd6fa8a02bed856cd5aea877872190d4480204394126fb17c25f65b83dae938,1764461590,1764461593,2514,97749,,
0xbe9220b756512b75f04b07ef0653fcd219cefbe463a92e5e6071f763e7e02b70,1764461590,1764461593,2514,97749,,
0x8f362a766663b3ac5024c81ea9e0b4fbd82d036c5662919821c00ff14fa70d02,1764461590,1764461593,2514,97749,,
0xe32f06b22debdefad0597b17335258596b6e76d780c8af985e3536196390e872,1764461590,1764461593,2514,97749,,
0xa909e40f939a4fde29c371b6dcab610c1ed35a549e1e4fb6c39d5fb63552be2d,1764461590,1764461593,2514,97749,,
0xa6dd6f2b3a2b991d3a5dbcda9e10b26c08f870e88b3734c368ec1755a9edcb7f,1764461590,1764461593,2514,97749,,
0x6a2adf73e758cf3e69d8ede0e4d6326385cc984c84ac36c04105dc01ed4941bb,1764461590,1764461593,2514,97749,,
0x7af4140132208d491cb2e332b770f146e7eed5be3ef5dce11469dc1183aa4d8f,1764461590,1764461593,2514,97749,,
0xd7842a95af35110ac321641a3f32f40b8fca2ddc370a0de7ba383bdd99b2f29d,1764461590,1764461593,2514,97749,,
0x08e143a4b751145015630f72657632fe18e8fbfdb40595e16df5a0bd1ea4da14,1764461590,1764461593,2514,97749,,
0x12ef89401ff767de3137204c2928049f32fbce33733d8f405227c99a1c358360,1764461590,1764461593,2514,97749,,
0xe497b2810f916d1fd2d6c9b1e58373837c03cbc1d944864f6b9ac95e167c5845,1764461590,1764461593,2514,97749,,
0x61a92ed45cebff1ada7a63739a17eb6d950ae408f850817d6e84bfe198e2b3fa,1764461590,1764461593,2514,97749,,
0xcc8b3c7884ef2ec2fd15dc336e2f708c1ae5654f4f7e863b44b2c89a20cfe628,1764461590,1764461593,2514,97749,,
0x854b05abddc3801b930c737e979151f82c1af21bfcc3e4be040d85926188d7b2,1764461590,1764461593,2514,97749,,
0x1a1d3e9f8b97439484bc5a2fb1241f3c17935effba8f36595991aeb04f3e0daf,1764461590,1764461593,2514,97749,,
0x19a69448b250f4d550a6bf490ee3bbab9d7ef90e04e28838a62758b0d9a40a9b,1764461590,1764461593,2514,97749,,
0x9aa9a718055512a18ddf1d470039a296cc457c3b949a75206ca8337387ad7cf8,1764461590,1764461593,2514,97749,,
0xb812f46bb113fb82e7003c55bbb815f387e140385b7ae09cf3dfaba5f462e353,1764461590,1764461593,2514,97749,,
0x50386f40b95b8fc7f000444d1bff527d887180b6972dda4f9e9eccce961acdb4,1764461590,1764461593,2514,97749,,
0x11f6e1e9c1957c182005c63d948784e5ef8ddccd91af05d859dea94a7c5952d4,1764461590,1764461593,2514,97749,,
0xfa0dca6d84ba8fb27d7f51ea4e22a5965eab83bb1dd74efb127078e19cd190ef,1764461590,1764461593,2514,97749,,
0x1df2fe36be0cb864cb670f70daa16ccdc03d0da46db86710efa2caa871be7b2c,1764461590,1764461593,2514,97749,,
0xfa67054d15bb5c7f4b5e29a4dd60a18466ecbe03ee6f25545de61a6daf39e8bc,1764461590,1764461593,2514,97749,,
0x0d008ffcb00a3d8f173a665ffdca9707f81f1c6cc61e251128612585ea98c052,1764461590,1764461593,2514,97749,,
0x0e151bb3aa49cb45feba4622ac49bce206f904277bc8fca92e3fe3271951e948,1764461590,1764461593,2514,97749,,
0xa65e2156745758862c53811a0f57ac3f4be152f837fbda8d88f0c35d219cb438,1764461590,1764461593,2514,97749,,
0xb4bd87683a40a10470f30f3fc8e01059e5bb87482376dc9ad28e0dda5f206c17,1764461590,1764461593,2514,97749,,
0x036c90a6bfde63ad7ef8eba1b61b24f1e9bb351a69d6fada3e0c32c92a900d0c,1764461590,1764461593,2514,97749,,
0xca0176b405a81033b42dc95abb95f91659b601177ef34815fbfa640d74c33982,1764461590,1764461593,2514,97749,,
0x57a7cf7bcb15d77f97f3c4874341a059b958a5f32806561f60e8111431c9560e,1764461590,1764461593,2514,97749,,
0x1285d6a5f1f397036f2d5f9d8802e822306076b9eb917e356771536ee3bcd593,1764461590,1764461593,2514,97749,,
0x9195340aa4baa51fafdb29a41d2f9334c4511b77f6ebf3f4f4712fc20d82e23a,1764461590,1764461593,2514,97749,,
0xbaf75b38a4453bbb6600060950d44a1ae557703830a313e086456a45c89ada42,1764461590,1764461593,2514,97749,,
0x35d25b70c68cc6d31e5d953a9d5363ae2de2bd187dfd8226005f3153e65514b1,1764461590,1764461593,2514,97749,,
0xb75b4af4f96843ae4e0f440076945e30207f055e436ad2e9a714692490a305a4,1764461590,1764461593,2514,97749,,
0x2e806a9add7854ff8381e1bb84438bfdaed6a7080ca09067e1241e65ec5d2878,1764461590,1764461593,2514,97749,,
0xc9f04d186af4834328975433e8eb3c93eb6e34888f90d2521304bed34f53668c,1764461590,1764461593,2514,97749,,
0xda151a6663e607801bfe5a7c73f4d8b57d0cb00911b303ac9215b4009054a56f,1764461590,1764461593,2514,97749,,
0x00be788d75ca281b9d82be2389da7500e83dad98d9956a0dc1218dba0074c3b3,1764461590,1764461593,2514,97749,,
0x001605348330a724db39acdaba4667fee938cc51d718bbe795a9290675277fc5,1764461590,1764461593,2514,97749,,
0xccfe68cc3e8e33b6be5f93326f408a7b333a5679686746c8230a5c9d36b9d40b,1764461590,1764461593,2514,97749,,
0x53591167e71ce0d30c66c0c038ce7733c72cb2cbf997d1023b2b4df32283898e,1764461590,1764461593,2514,97749,,
0x26602daeb02c1679d1e84757783609bf8426b7699bb56e0c422aa85bdb5208c1,1764461590,1764461593,2514,97749,,
0x0670df72fa3bcdf686c153471b397b3e2b6ace848339a21ff7eae0c4ebaa20d7,1764461590,1764461593,2514,97749,,
0xb74c313fae61fa9ec2ae404bb1f527fb8076a9c43a15690023a50063e017019d,1764461590,1764461593,2514,97749,,
0x3cc0f078abe91a5d5be3e4de1200c4bb5fbbdaedda83ef40c85bec436207ea09,1764461590,1764461593,2514,97749,,
0x2e72353a4b9b3c9936f1bb5170a868118df1fedb367e7c98bc7e840bfe2cf0a4,1764461590,1764461593,2514,97749,,
0xfa9496cc5fee1f8dcef5c2b37e123c55612a207eb537451353865c24b9b2c366,1764461590,1764461593,2514,97749,,
0x4ecd52e0efd62983f5065859c1a1217613045a6d5f235bf1ccca42e3c718e93a,1764461590,1764461593,2514,97749,,
0x6be0f5eeb036e50eccaa48c7610d40e789ac64c812cc329e68e58300c9968cc0,1764461590,1764461593,2514,97749,,
0x3f255cd62a61a002cb45629f269c8f6a17e575e4995c9723a5c486177a08aaee,1764461590,1764461593,2514,97749,,
0x7db381488feee8e04b5be919211fd5327cafd6071e3428571fb90048008f959f,1764461590,1764461593,2514,97749,,
0x853b1cff448032f6f463bad4419e8637cd1175471a8bb36b5ad82ac290e4554b,1764461590,1764461593,2514,97749,,
0xbf05a4df9901bc465437336886b914572511e69e4e08a8fc1f4f8a98040ccd10,1764461590,1764461593,2514,97749,,
0x0c0271cf86ede3e1aef62d945627869474cf4ed3d70beec900a49b9918d670f9,1764461590,1764461593,2514,97749,,
0x3f058af828779b83ca1bc11e4c8d5b7fc885338a3cfcd80c9da0199e972b49a4,1764461590,1764461593,2514,97749,,
0x53b08d835887b1e258b3a425ccb4ee5956667c4062ea6f3f93bc09cfa353d277,1764461590,1764461593,2514,97749,,
0x9a6da12985d0946de835ec9a0e30fb7e60c813dc5e2b4f2509ea11cede2d2b08,1764461590,1764461593,2514,97749,,
0x7ee43f8bfcbb2bd8604aa44c551f41bb785ff00d0b902aaa0762efe8cf7df5c2,1764461591,1764461593,2514,97749,,
0x0cf252d9849e1a4cf0237b8b70808b067bfc6f1d5182ecd2921c57e460f51701,1764461591,1764461593,2514,97749,,
0xcfc9bdca81cd72b16c9e877c20f32077a735762c34524c77f29e028d22d4c2c3,1764461591,1764461595,2515,108165,,
0x99e0659aa5a9eb82752dd92b56f027a3992cb3266df95e6e0fd44fe93d5b175f,1764461591,1764461595,2515,97749,,
0x272a19f90f7126f81afe91d090f9112db9de91c7bb49bd2508e8d1a6088ec2c9,1764461591,1764461595,2515,97749,,
0x654efb4666fb051c033f976ef7a2779e6eeaa0693046652d426c80d933bb51e3,1764461592,1764461595,2515,97749,,
0x0ca7b3ccca4e97befe2e347cf434f5c9ee099221c195fefa6d0974c4004ba760,1764461592,1764461595,2515,97749,,
0x4d176d4faef57b75e158aa227c1621cf6820a3c33752427a2cc2ae01d7ca4dd0,1764461592,1764461595,2515,97749,,
0x501cd437be3ce18bf0270370f401a20fad6b27560a30179228dfe69349e8789a,1764461592,1764461595,2515,97749,,
0x4de7ee24675b841422d8e0885e982bb315776ff8c705822795dfcdbc66d01b96,1764461592,1764461595,2515,97749,,
0x5ce75f355065e28b8656c5624b5274fe0c2968cf6c91f349a2ec1f34a91c764c,1764461592,1764461595,2515,97749,,
0xb3c89cdc981df415009529efac22ff344d957024f9f184814aaad2f38854185f,1764461592,1764461595,2515,97749,,
0x8e471cd8386fd4d2cd4265f194cd4c46e22bc34347393d5baf173e8376552343,1764461592,1764461595,2515,97749,,
0xe998c3a80362698682a0ba17afbaf4e6b0f95f449b82764e61752dc83083e02f,1764461592,1764461595,2515,97749,,
0xd6f7080f5cc99c86fbed98604931a019da557ea76a70f0c070e94f9a4c77eaa8,1764461592,1764461595,2515,97749,,
0x170d71fbc6332a4449e83f5b4ed2e5c0b2fe4bb8e20d2c26f626516652154fa9,1764461592,1764461595,2515,97749,,
0x4b3e21f04d7da1075e36f2efb2e8afb1607a26986c4d2b3c1fb25e0926896261,1764461592,1764461595,2515,97749,,
0x18811cb4aaf63c09a80d04716479f2b39177a51bbbbba89d88c33a41129f6a78,1764461592,1764461595,2515,97749,,
0x0c8b9547aa04d96eb9808d43d2ebf6f2a437cd7e09ccbc2230c3eb277a388fb9,1764461592,1764461595,2515,97749,,
0x45077148b39369726f4c5b55e42566b1d6dbaf6c457aea0a344da23311e368a3,1764461592,1764461595,2515,97749,,
0xcd0b1541ceaa565eab28a177f9ccfb53adf7fbed271ca098d1097cfd48f56c08,1764461592,1764461595,2515,97749,,
0xf708345681fe5f87f76c0431c2b27543c8d4420bb04b0640aa1165ee450c84cc,1764461592,1764461595,2515,97749,,
0xc7157ca403e46e595688095d1d90ed3e7cc4e0d7373b43238d180cfe805e6dec,1764461592,1764461595,2515,97749,,
0xffbb2799945d363aeb24c553360c0bfcb7adf2a8e2f18e59bb1384dc57df4f0c,1764461592,1764461595,2515,97749,,
0x0a65355dd535f77c8736c77eb64ff368be4b35e03103d9ec7d427aefa2640f6f,1764461592,1764461595,2515,97749,,
0xbad734bb860c12f6f7b8583326130c36959bec93ac51d88b4f6e6e81b7774a17,1764461592,1764461595,2515,97749,,
0xab91d2f7da9c7616777a08cceb00f4b6957bbd6599a7f58d66799e99f318fc57,1764461592,1764461595,2515,97749,,
0x1c19dc5dd5d6484478cd63f99781f27bf3fd38d6f4bb5335911d39d1991d8bf0,1764461592,1764461595,2515,97749,,
0xba5d092c1c8e0cdbc556a09d097d26f4d0597181580020a6a6134ee36a916641,1764461592,1764461595,2515,97749,,
0x3545125a440195f02b7821e2e8f37699e5dd16853a3a2096b207fc8f5b7d528d,1764461592,1764461595,2515,97749,,
0x0bc382ae2cfe3a464b2a0e4d1f218ba0ed9bfea9a51d761929ba3d887c930742,1764461592,1764461595,2515,97749,,
0x81e353a741741a51c2c86401b49cda7ed8e2f3aedf1901b1bf9bc1f0912c93e3,1764461592,1764461595,2515,97749,,
0xbfed176e037cd29ac2c6d8efb2251c280173739a1ae7d2e69a20d36a2af7c4b0,1764461592,1764461595,2515,97749,,
0x8fc89687b36f4ee93d3a7ece4e2c7785a66bb64053dedb1874a3ddce9aa57859,1764461592,1764461595,2515,97749,,
0xfcb17eb34cf9fa38925791052d7842a77bf0711856c3ed5678c19c9beb6fb06d,1764461592,1764461595,2515,97749,,
0x08b75d13690273bfbd9fb18442320f1a21c66a3bb86d7f9a620b1e2c857b4f96,1764461592,1764461595,2515,97749,,
0xcbf4517f3216837e2b181086091d190210113e65f04aa55f71505886c8fcc09b,1764461592,1764461595,2515,97749,,
0xab315e580d4abb67b57744970fa9be255966dcf6fb1f7e6ceedd6ca4cfa92394,1764461592,1764461595,2515,97749,,
0x2d8ecb817f15201c18f3b7347870ebb18fe0b465da2f4635b2d89330b114ce5d,1764461592,1764461595,2515,97749,,
0x27aa65fb32e8444ff9f22784cd83e9a8b8ddba4392ac16c6a99550dcfbb6fdea,1764461592,1764461595,2515,97749,,
0x65d8f5826af9e3dcc285e12e35d508821711dcbf4820399416dcc230abc4b3f1,1764461592,1764461595,2515,97749,,
0xda70ba5248ce479b8b51c56ace480c7a1445970781259dd5f2233ebcc3fb6e9f,1764461592,1764461595,2515,97749,,
0xc5c944127d6f4f4c0367391ca9fd5cf8f5580d5336beadc535b0062389b4fae8,1764461592,1764461595,2515,97749,,
0xd55fb6df0cd89f318c1ba1743854992d3038a014ac89669e3b0a598ead80f66a,1764461592,1764461595,2515,97749,,
0x6adb800327b71702bcefa3370b1dc190b0dae1baf521b5661196d1ba7cb71279,1764461592,1764461595,2515,97749,,
0x398e6ea3dc9d3c5c769b0fe8dbc85eb4a337313bb47e39c1bc4721854bffbdfc,1764461592,1764461595,2515,97749,,
0x93f18eb71b4703b6df4599777a9975c250432cdd13802417f1e04d5bba2d1706,1764461592,1764461595,2515,97749,,
0x192feb802f0cf56af210ffa2e92cb99d1257b13b07ae8e902653be7ac2f3d9b3,1764461592,1764461595,2515,97749,,
0xfd394035356c5baadddb15748023375d38bd30a5bbe37a6a57422dc2f807fce6,1764461592,1764461595,2515,97749,,
0x6e21567ccb1d575a91db9a83a5dee634ab90226506bc989c8e722e9506ef269d,1764461592,1764461595,2515,97749,,
0x120f86bde28bd5f4029770af246afae10fad4572bada7de4e9a68333ad9ae3c4,1764461592,1764461595,2515,97749,,
0x5e49b984e6985a5d1020738c19a31ee4f7c1901e83ede988d8e11184422ece7c,1764461592,1764461595,2515,97749,,
0xfdfb4faa81076013ee527f9d331727957dfab135564d89a6f2fd6bc5da61fd40,1764461592,1764461595,2515,97749,,
0x361ec0fb3dee1068221afc01c989be5703312b8107a0f8c0344879a0bdde1871,1764461592,1764461595,2515,97749,,
0x7d008bac6eab15f6aa8ed6eb903ed9ae7ff2e70c4c250e27c4a34fd13f08fdc1,1764461592,1764461595,2515,97749,,
0x5efc2d6c9ef270913a3c938354a7123074ee4210900cf134239aab7039b7fa31,1764461592,1764461595,2515,97749,,
0x3fab63e490e1d4d9773de81b132b293e51383a1bf00d05795e8b71fec260a628,1764461592,1764461595,2515,97749,,
0xb0e18d1b4270d84abf29ca4fdabb3cc3b1cc3411f26ce880c0ee85ef26e6e564,1764461592,1764461595,2515,97749,,
0x47c1c65585c7f6e2cf5ca6825da227c8742b068a76f6515d6cf3aab3bd0c0bab,1764461592,1764461595,2515,97749,,
0x01c4148a6fb7dc06fa1a27ed1394a210e86faa7a373869203c28df0f7ab8fbd4,1764461592,1764461595,2515,97749,,
0x200b7f97e4a92f1e6bf9ba99912013286025287a453e3fb96d90c861f1ba736e,1764461592,1764461595,2515,97749,,
0x3257817f00c65d03c0973141c1e4a0fdb90300c15e9fb9b40d5719e7bc5dd525,1764461592,1764461595,2515,97749,,
0x09ef281158348b5f904a4f5b8edbb1cc37b4e51a51bf262ae297155fa0fd68d7,1764461592,1764461595,2515,97749,,
0x13a9cdaa41109b4d5f4d10801621089a401c5b2b132bba11faddc73653895af2,1764461592,1764461595,2515,97749,,
0x4a18d88120406e797ac0141bef22f257e8c1c02c2e442e181fbc8e305fe6bb87,1764461592,1764461595,2515,97749,,
0x078e63c1728d2260e30401d59bb2561aeea066deb298a57815cc3924763c2466,1764461592,1764461595,2515,97749,,
0xa99e3908e69eb6af1bfb2eae2758aa419cb9e58fe0f663c0c22eb5b1d3804b56,1764461592,1764461595,2515,97749,,
0xe249f878cc994d645be8f48887b22114e6cf4bf275f849b96a80dee2ae2ad4c3,1764461592,1764461595,2515,97749,,
0xa08eed8684d312111c1c449c499899fdd86d3eb25afc62f0578df603d63b1669,1764461593,1764461595,2515,97749,,
0xbade80981dd991f88f83d8ee209896e1326b3e14cde0c4f13f38065418db1da5,1764461593,1764461595,2515,97749,,
0x27073b962ae5e39beb0605ed285842867c86c3327582b042c421cbdaa13e6c4d,1764461593,1764461597,2516,108165,,
0x335f747c2a8b63373172376702af39b04caaa30e743cbbd6c960be21173b7b7d,1764461593,1764461597,2516,97749,,
0x9001fce4b6339c5a14d20f39083c16c985ca68fb8cce3653cbe133486483565e,1764461593,1764461597,2516,97749,,
0xa8310058e9ff7061cba851665388a56c158bd70ec6a7a9424b2d8b3668366e3a,1764461593,1764461597,2516,97749,,
0x1a02aa55f9f7843ceb5aa81772980cbfb04f57e9a46835578c7301a6d62b3f1b,1764461593,1764461597,2516,97749,,
0xe5a485e52db652192a5082b02897f27d25e39cacbbdeed20ede85e2b9019ffff,1764461594,1764461597,2516,97749,,
0x15b1808200306f318b9737c4a47d58c85690528084e23dc9b390220f3b345596,1764461594,1764461597,2516,97749,,
0x6b36e3060e6d9521e003c4ed6243671b558f52ec43bd0c736e26cbc67d0db4b9,1764461594,1764461597,2516,97749,,
0x05206ccfd230f697b6449a2f3a5d7073466c86f678ce17c264574cb024f4e97c,1764461594,1764461597,2516,97749,,
0x4e29418c2cbc1919496f6ee7a0361d14c45279969f4a4b843f33f4cc133481df,1764461594,1764461597,2516,97749,,
0x599fc9daa2b9e658d9d17a5d82eef02545618941a2ff57cb6d8b40392118eea7,1764461594,1764461597,2516,97749,,
0xae2785b19baa74ce03f73cadc81c4c39a7293b8552d678ee39fe60f9268db4e7,1764461594,1764461597,2516,97749,,
0x05d073f43e2b83644288921b1fc3c06a143b40bf95e3301b57e4731a378bf76a,1764461594,1764461597,2516,97749,,
0x84ee82dfdc405e478c0a461a0260aaa0b85c4a63b197d87998f199b04a80f304,1764461594,1764461597,2516,97749,,
0x1b9bd4bd906b25dc793b47ba7ea29df792f3d71d36285d756dc977d1b462b988,1764461594,1764461597,2516,97749,,
0x41ededbb080cfba6f23ce0010d0428961db163360499b8b9a0f833d8ae74308c,1764461594,1764461597,2516,97749,,
0x5a28c666511d695015cb465aa39f837ab8ea0ea270b68aa7e9997e2bcbd6749f,1764461594,1764461597,2516,97749,,
0x0d0b057ad68f78c6e3c0af4e91b423f91892d6d4176cb3773d7b6dbe9bc1867b,1764461594,1764461597,2516,97749,,
0xbd18494e08f89f1e6e684d18cc9775edff1848d6400420e956568cd5a0b04436,1764461594,1764461597,2516,97749,,
0xf491f54bec10905d0db81fa936336ff0fd1e91ad4f025036e2989670dcf22f61,1764461594,1764461597,2516,97749,,
0x120a60267f2e6c8f09f54762445ceee849f369be164b1cc2e3f5156f71d36ae8,1764461594,1764461597,2516,97749,,
0x1572856ac41d9cf604ba9f99dfc021f08f4608b159ae47a62cacd6446929d38a,1764461594,1764461597,2516,97749,,
0xf22eee0f40604589ac2d929e87de1a9dd2ca4c3dd1feb49c38f34b9f5216b3dc,1764461594,1764461597,2516,97749,,
0x55a824a4fe9cc5298dea4b00178d9d01f60fd9d0fa9935be9f3f382526678dc6,1764461594,1764461597,2516,97749,,
0xf4b84f6db98e1dfd8a734c41b5123f746b129d128b27105fc3ed4f1349549b58,1764461594,1764461597,2516,97749,,
0xbfef5aabd4e5c66b7289b2ff239761728bf8c9753bea9def8a80c7b0cfef4417,1764461594,1764461597,2516,97749,,
0x46a5ec811ff44114976deb1ae344b22c209702d1aacef10f85d6b1c800ae2a54,1764461594,1764461597,2516,97749,,
0xd4c7aea63103ebb3971cc09a7dee09053ed68d3cb62335470ace0710bf4a5e75,1764461594,1764461597,2516,97749,,
0xddaaf03ea5577cd32be90a53ef616e512356434bb84114a87f2bab45810dfc35,1764461594,1764461597,2516,97749,,
0x57f0bcdcc6152302426d3f699a9ccc43375369ac3e46aa75f08cf660c127d77e,1764461594,1764461597,2516,97749,,
0x69d434f8e42f4e233159d9dd28ee22865663a4a906d50443afc33c6a7966b938,1764461594,1764461597,2516,97749,,
0x5bcaa0de5660dde268857c472b2d10f8f3256a865d2a4b60252a9867b5f63ce7,1764461594,1764461597,2516,97749,,
0x52fd45fd7f66402eaf1a228adf1f0eeeefe3c8e7fc2487494c6f3f7fd4be4492,1764461594,1764461597,2516,97749,,
0x72c9f5dc184a14fde7799c032e6dbda770840fc3aa1e86022b04106112e060ee,1764461594,1764461597,2516,97749,,
0x2d00aeca62fbac4c45d17230c202cb15a69fadd64d81012b3133f4ff6b0b32e9,1764461594,1764461597,2516,97749,,
0x2e4055484db800bfb47e15af929bcf08d8c4d0d53225cfc99945cefa24d04f1d,1764461594,1764461597,2516,97749,,
0xd1deeca15fe2fc3086df287234cba95441a856e64a80f84f394569cbc0a46f9e,1764461594,1764461597,2516,97749,,
0x593aea44af5a1e3e52de2a27ba2f9b5ff88743c2972eb38fa87bc77412fed2af,1764461594,1764461597,2516,97749,,
0x4f629b29aec86bad9a191119d29d6902722835578f4f43d7aa490075ba9beae0,1764461594,1764461597,2516,97749,,
0x0bdd969f497410d877227c84bebfd22722dd82ae3a783eb962de402d1ca0708a,1764461594,1764461597,2516,97749,,
0x256fb18bd70670eae024163f042de5773739685f0b2776fbfc7cccd57bb23fe0,1764461594,1764461597,2516,97749,,
0xd0e21099128dadd8edfbd4d90af0bb198c4eda379c6ffdf8efbe5c80931ea00d,1764461594,1764461597,2516,97749,,
0x09e070c7783aba9f40fe435922d696100a39121d58b477813ac4420cbe227619,1764461594,1764461597,2516,97749,,
0xbc0e30d59c8703ef70430237e7e30bbc8e4aab936b9f684a2252f393d14259c0,1764461594,1764461597,2516,97749,,
0x5434c0a87829700934bedc826c5e23bd4774693e598ab1c4b6753a5aa82b1baa,1764461594,1764461597,2516,97749,,
0xaf08957d10133a8aef696674a7233364d6f2f35d788b96b57eb2a0fb7d1f5201,1764461594,1764461597,2516,97749,,
0x7257c3a6774ea51f0deeab152e680d268284d80cd8fb03217141df9b31311bc2,1764461594,1764461597,2516,97749,,
0x1c511db0b085746a3ee751a07d7185849fa76d293e2a88ce4002c11d233301d9,1764461594,1764461597,2516,97749,,
0xd097ef3b0b92ef001c971382ac63358ed7b9357a59a2dc1ebc05eb336cbc6bcd,1764461594,1764461597,2516,97749,,
0x3d5f9e6a952bd60a07c0a0b6f9b371a9518f9f8430f3d27473a9a63842cd6f1b,1764461594,1764461597,2516,97749,,
0x507b20dbcbcb81370e58319fc20bceb26e900df29804595fa4b9e06cf866c861,1764461594,1764461597,2516,97749,,
0x80f4721e977b7fcf6750b91b6c9afa5ccce65eff3c60178f0623d384c639911d,1764461594,1764461597,2516,97749,,
0xa1dc8a9fe88fbcb7b68eadead2736e630b405b6e8a469afcc0a9fc24818e762c,1764461594,1764461597,2516,97749,,
0x8748f0ea3c131ad0e70b6676420468162f58790f82ccec0e4e11265260037bf6,1764461594,1764461597,2516,97749,,
0x760054673dd3e63942a6cf7025707feb3af0919e06e8a422d0c975c9b53f69a0,1764461594,1764461597,2516,97749,,
0x659b50aa6970f2ed7d32b0859a762bbc55bb094e1fee9b37f4379cc2a9672e4a,1764461594,1764461597,2516,97749,,
0x079129e4afc6f03b27f0d45c044b6fb869c9eb45bfad971dcea33969df9379a6,1764461594,1764461597,2516,97749,,
0xc7f48033c342efdcf045bf868cb17ff7f0a06279f3f9447953e80eac6544de05,1764461594,1764461597,2516,97749,,
0x92abc49bc5cef6b49776606aeba15280b8456bc17741e17b5e7ceb8f7df55f59,1764461594,1764461597,2516,97749,,
0x43a38ed2cbe4695337c021a8ed71be469796756755183c44473bbe293bf82336,1764461594,1764461597,2516,97749,,
0x905c3322a0f1200a0b1ad390389ff52f259f3d3fd0e094ec6585683ead1e12d3,1764461594,1764461597,2516,97749,,
0x0107b9dc52b65a1ea85c5cb76bb2c829430b6a28521216a36b88eabcf90aa258,1764461594,1764461597,2516,97749,,
0xb6dfb71d7024b9a9eb450204c743941ce26fc11c09ddbec385ed1dbf0c2139f6,1764461594,1764461597,2516,97749,,
0x2d7dadfb466191422de9ad80c62026ce637df1d1d7678cd291d12017cfec7bb9,1764461594,1764461597,2516,97749,,
0x195b9f25140dc1d5b19edc5c0d59ecec9376438f2d121ccc2c10e98ee5560bcb,1764461594,1764461597,2516,97749,,
0x7d7a7cefe7ca6f413dbfb89771aaf949f361f9f2f2794220faf3ae2e9a604bde,1764461594,1764461597,2516,97749,,
0x9b6bcb30a88df6a6e05b196b732f98c42cd1d68162482b45aaae4e6c9dea0d57,1764461595,1764461597,2516,97749,,
0xdd74702491d925cf0ebc52f4494b6ba6dfee4303be124dbdd0616d8d5ecba932,1764461595,1764461597,2516,97749,,
0xc1567d596155b0e35de43cc791af880c8a6ad2aa2a43ab8bd4d89382d9ac565d,1764461595,1764461597,2516,97749,,
0x4d1c500d975b1c4cef5834b084e4d14d655155c59fe5d2717bf17a99975dc7f8,1764461595,1764461599,2517,108165,,
0xab5325749da96d0a7f9c247287e15e950b3a86d647c0b481f51ec65bf6ef2a04,1764461595,1764461599,2517,97749,,
0x7aa02b477f5a47cf0bfe57024a29f562cfe1e680f566ee78d5583fb1698bdd06,1764461595,1764461599,2517,97749,,
0x2201f579e7d80514c3b2b7fe24d700231e3113abb8f3a05ca2ae70f852f7f51e,1764461595,1764461599,2517,97749,,
0x61b8f0d2811e88568a42d00c5107c7dd007c3897e7956b6ec8a5d802ec4dfde4,1764461595,1764461599,2517,97749,,
0x967038078101a3242cb1241622cd6b1ef6b7a199d7322664ff4f9f4da8f5399d,1764461595,1764461599,2517,97749,,
0xc63a6d6d0cb21531aa41dd915b1506d6b0626ea88af59f379ea2ffdd3c3db31a,1764461596,1764461599,2517,97749,,
0x841ce8f7d086bd288c09a8c9751a2ac75308543d9503ba98f985f157156440da,1764461596,1764461599,2517,97749,,
0xc28da8eb6631724b189edb3987bc60302a74e2901428f5cec875df120634c6dd,1764461596,1764461599,2517,97749,,
0x45cf3b0425fb1ded31ae5bcd6092381f002d0d42292f22998bcb9f78aa31e4d2,1764461596,1764461599,2517,97749,,
0x9b45971bfb02b7951aa82b9bf8eff03077f1b39755e63b53aa0eaffaed6825c3,1764461596,1764461599,2517,97749,,
0x402e8b46aa6f7f75d7972f4d2aee332a58350714f234260d1b66eab5504dd61a,1764461596,1764461599,2517,97749,,
0x406351fc838361d4acaa3a103770d476784698cc7bddbddaed9b8ce044bc3e0a,1764461596,1764461599,2517,97749,,
0xafb684cc6b2511819a9879b1c78fb0243737943714e0e21e81136b4e7141de34,1764461596,1764461599,2517,97749,,
0xb018bd21f45e18d03e887b44ec10fa99e6ad2833052e5e707d5c08e17ae9ce26,1764461596,1764461599,2517,97749,,
0x9020c519a6328873e6cab663821550c3e0021c42f2513da5e00e9804d242d28e,1764461596,1764461599,2517,97749,,
0x6e9cbcd4da434efba59e6cff26d6eaf4fd28b1966df4232c7a8634729a50e4fd,1764461596,1764461599,2517,97749,,
0xafee6b2a06b01a0ffd74ead2fb06d1b78b1b387b94ebd0cc3a5283afdfd23a0f,1764461596,1764461599,2517,97749,,
0xf597d9f0ecf3c808ca49be698978235ebe3fb8dc0ace955ec9e0bb02f13cf2c0,1764461596,1764461599,2517,97749,,
0x1aeae1b1f8168d3e1a1074abc991fdc9532597803ab637872bc1ed9743b9d503,1764461596,1764461599,2517,97749,,
0x8290124957ab3ccd169c2e4f44bae0977786e0c2c6a45b97fddddfe70a172247,1764461596,1764461599,2517,97749,,
0xc30fc894c5809eac8707a74ca525569817ac7e5f1f6da65f5aae0841488d7b02,1764461596,1764461599,2517,97749,,
0x48def71564afd9b85e55b87d8dd0267649691f2a4cf6811f59e1246b3ac3a5a0,1764461596,1764461599,2517,97749,,
0x6aaf534304c364f98b1c3cfaa53bb9c93365ac4f6e57eeb3cf15409dc7ca350f,1764461596,1764461599,2517,97749,,
0x1bf2a9c31b162f0fb164e8f001733bd669463d5d34d2964c84aa963e06e6ac07,1764461596,1764461599,2517,97749,,
0xaa81e3ef88fd602d08a7482fb5e863db47fa497c717b5d64d56e20133a342201,1764461596,1764461599,2517,97749,,
0x8482901cfad5c3fa4cf6b47a085e1323002fb03f8677e376ba2bebdbe56698dc,1764461596,1764461599,2517,97749,,
0x6af5ce1d897365945273750733a1af2c85059c1fc9ed9a0923be349977875ad6,1764461596,1764461599,2517,97749,,
0x5f0b854a703aeb8ebd946cde2ec1d9eb3afffe5545345a1044df3e2548f377a4,1764461596,1764461599,2517,97749,,
0xb53204203e49468c974f03ba925c66ff46b91e76d3aefb8f61089b65fdb463d4,1764461596,1764461599,2517,97749,,
0x03ed48bb9e4fa8cdfcb2982ed69a05af13cad1b4d84d82bac0cf72f8e8e209fe,1764461596,1764461599,2517,97749,,
0xbec540c4addab1a0b323d6ae5c875aa14977eba56b71caaf185b44b7c62489bd,1764461596,1764461599,2517,97749,,
0x33f81834e0f278f1ef95f9379ef239118cd483bb4f6185414e13642d68e74b8c,1764461596,1764461599,2517,97749,,
0x6566769a3d08ccad62e51d729d0aca70ab15d2ecce07d668ba5824964e8978f2,1764461596,1764461599,2517,97749,,
0xa9d46509d8660d1ee14c92bf5b357e26e1b688e9876e4ac088e362c0338fa1c9,1764461596,1764461599,2517,97749,,
0xed1239ee3bd92834653b6a717c4cca3dc574d6dd871d28e122d61a6c9f47f304,1764461596,1764461599,2517,97749,,
0x28b603040e10d56356747ffe531c087336b383eb50b8694046e4518c71f72cb8,1764461596,1764461599,2517,97749,,
0x1bfe38f9a480bd1339855bf4b08101d02135b51c2dc2ac6f95723979b7683bcc,1764461596,1764461599,2517,97749,,
0xcd51c2baeea5f3e4d62fd7663452431615ceddf776bfe56658f96578bb79d959,1764461596,1764461599,2517,97749,,
0x41c6c85f139e5249964fc579da639643ce598f1f5af8c95b1de52438b4441eca,1764461596,1764461599,2517,97749,,
0x8ff3e10633efbdf7b3f245d64320b5a5b5a7436d4ae8c88df02bbed96dde0ebd,1764461596,1764461599,2517,97749,,
0xe272af16d351c4a7ef7bffd3de0eb8201337b0e8e9c032b3a3531eb8ea8740fb,1764461596,1764461599,2517,97749,,
0x4b2f364154528bfa6fcb819bd37b40404572d900aed5f366ba40ed85d47b4b6a,1764461596,1764461599,2517,97749,,
0x454dc8228f3f5303cdafe7b2e2fcb8a73c43d543499587fdb765f99299b15d4c,1764461596,1764461599,2517,97749,,
0x2288dd98bfd4c86d2b5e0700d6dc1d296430a3bcff377681e9bfa68b7c052eb5,1764461596,1764461599,2517,97749,,
0xdca7d6fda0611645cff325c0ed6c7f89663a54292f0bc176a11ac855db38097f,1764461596,1764461599,2517,97749,,
0x7e94ed8c6724f6b1765fdcf5978fe1f69848e5837b8788ae391a7a9dcbc1321e,1764461596,1764461599,2517,97749,,
0x097cef07b71f189d569927b10c116302732ede11272fa6c340995c14254b5af8,1764461596,1764461599,2517,97749,,
0xfed9473fd94a42b7785275b2045a17d640729dbf2562ccea828d694d11b19c4b,1764461596,1764461599,2517,97749,,
0x98ae85682eb4f161c4d76b89814a601904ab9c3ee9dbc896291d6ab82f21c26c,1764461596,1764461599,2517,97749,,
0xf9786f37b51f9611ef5bf87fc501af9957da6340140cf9ce2a40f4958556e4df,1764461596,1764461599,2517,97749,,
0x46eac80c9f3c5da3018d0bc6281030bb386dfb281a8d28e5aaaf5aad8a0ba62d,1764461596,1764461599,2517,97749,,
0x29076d196174c2b1c754c0e88aa90b361690e0dda64ef9f0b57997929de62b35,1764461596,1764461599,2517,97749,,
0x10220e1f4079ddb8d39d8917918b1b0e0df142a18337771a6b733bef4bf6adaf,1764461596,1764461599,2517,97749,,
0xf9fe48e31ea6f6ee859ee710a46d6c7c542a464a0ab54ad00ce0c7058cf5c7b8,1764461596,1764461599,2517,97749,,
0xa95998fd6c74f13e6ce238b479859590118b1ca104d0b3bd091748b647a45508,1764461596,1764461599,2517,97749,,
0x0fc97a482b8fa6002a2beb36901e33c56b127d9bf7d651dc1526eaa77a92ddad,1764461596,1764461599,2517,97749,,
0x1c51bde446645e15cd4b271526de256ed6d91a21c8f9d5b89fcb0ab74e02258b,1764461596,1764461599,2517,97749,,
0x99457a70069bace67eb63b029bb438b52839394a0c6c691bbdeba53c0e7178dc,1764461596,1764461599,2517,97749,,
0x13d942674955c942cb636ccc4085bc6b328b357efaec8941be2855038236c3dd,1764461596,1764461599,2517,97749,,
0x5d7991619277a9c3f3635d4b2908f421346bd9b829956382506c093094d8e6c7,1764461596,1764461599,2517,97749,,
0xaffad73dbae675a4b874a6acc28ea6fba370f374c4a6c7c21ed72da36a65e262,1764461596,1764461599,2517,97749,,
0x8138fa2a8c2c3ac9a5bceb64ebebf26cd04d7e1090584db933df0931afb16e3d,1764461596,1764461599,2517,97749,,
0x17ad269be37446f5e3d482eb0b3ac74146d6d9e585170dc6c837489a4b42498a,1764461596,1764461599,2517,97749,,
0x72cec28aec4eab5d8f0df7eafbc6e864449727fa0c2bc20a2b47e093de807150,1764461596,1764461599,2517,97749,,
0xdff80310668dac41d96efff821aec3e4dd07a066eb821a4d7ad41eddee167a98,1764461596,1764461599,2517,97749,,
0xd09d1a72d866f70c800031daa0c47df64b3126ac568c360a1884ef7634d6936b,1764461597,1764461599,2517,97749,,
0xd4df950cc51bd368db409dab87be135275c65671c447d79e5fdbba0dc717f06f,1764461597,1764461601,2518,108165,,
0xb409409490e773ebb35ab123a25ae924253d6c07a4f01adf9f53d35740cb7037,1764461597,1764461601,2518,97749,,
0xa037fbba0744d582d2301726df3c51980c18c346c5af251c2d878476cceef222,1764461597,1764461601,2518,97749,,
0x9161cff4c5e2a01c4a5ec618672f244a6b6327b77cdd39bf45e205b9a80203f6,1764461597,1764461601,2518,97749,,
0xeb479e915ed45d07de7e1e38784b24eddbc77d2018fced42fedc52dc85b0aef2,1764461597,1764461601,2518,97749,,
0x45a72d19b4106a31eae32aacdb66803b418f15a6f1bdb13a483de075a89bf98c,1764461597,1764461601,2518,97749,,
0xc83247df50b8bd9fb1dae19cd75843072996f8e4b2e47017c4d59962a7338e6a,1764461597,1764461601,2518,97749,,
0xed088908ef2497f8b73d28175bed05fe1d7019ca98038b002ef247db4fe47aa7,1764461597,1764461601,2518,97749,,
0x15ce4c14c4931877ee20a9349ef468e16e2f5ec0c6a36f7840488cc106e91f9e,1764461597,1764461601,2518,97749,,
0x1b352f9eb4b068efd2b18067842527ed8aa5d45094e7c9f47dc2977b84dae66f,1764461598,1764461601,2518,97749,,
0xf653fad455343458d05b6b795ab37a8f0f5c9c77821a52e398674d8d8d43be02,1764461598,1764461601,2518,97749,,
0xe1e5857a80f73555090d048d84711c26f8aec85edba97a9fb1e04e6dfba9138b,1764461598,1764461601,2518,97749,,
0x24e401f5fbf5ae72586825ba7307127f3bc06e523c8d3cb1d18e533680d6b6e4,1764461598,1764461601,2518,97749,,
0x16d47d0b9e1930b6caec0c16c48b74837e0a97364ed428a2a1d83c7ec90c2f75,1764461598,1764461601,2518,97749,,
0x91ba378f0ac165f9ce67cfdfa6fbe2461350c57a375f9b87061d33ecdd8645ec,1764461598,1764461601,2518,97749,,
0xb9a010f9087be8af712a3bb2f1b55d13c8520e6fc478c5380268d832173ba444,1764461598,1764461601,2518,97749,,
0x60968de9b3077ed0578edd19dc50b2e50266d0623a5b0173a625d2d77385cb6d,1764461598,1764461601,2518,97749,,
0xb106a334f9acbf152eb9cc841891154d699970ee94bf3ff28b8835902b10c466,1764461598,1764461601,2518,97749,,
0x9b1db32d1aa7ce21b7fda78d5f5fe8a54ca9f638b092b3ebda24702b0a347d75,1764461598,1764461601,2518,97749,,
0x71c9213926a91b2314a8f277de79748ddc06a01cffc927f041bc49df470ea480,1764461598,1764461601,2518,97749,,
0xeb9ef02877b8c0c56ecbab23ab0e51b33ba469bb980cd0a5b22e52c9f1098631,1764461598,1764461601,2518,97749,,
0x5137cad2a8fc7ec6c4374c33feba17dd22a36c44b39d334bde30bea4cf8e54bb,1764461598,1764461601,2518,97749,,
0xe7f5f1a830c3b32003f76a8c2ea9e4e002a4e9c4010308b86399cb4ec3109a83,1764461598,1764461601,2518,97749,,
0x393546db51760e2f4f02779590435025f9c7ce4cef7dcd8f04a5091fc18b6a21,1764461598,1764461601,2518,97749,,
0xbccd4e8354439f6aa262ee980e88fefa07acd9b78c903a2c07c734553620c9ea,1764461598,1764461601,2518,97749,,
0x1bc060c35006ed0c51219762eebae561f8800735b91f7f88410e17a504dfa7b8,1764461598,1764461601,2518,97749,,
0x4955cf084b3b8ab61bfd24db3060d7dc45530c3fe68e7ac4ba3f4b39d39e4fe4,1764461598,1764461601,2518,97749,,
0x9b42f5dbb38ade629100723c0c137548d200c5276b10d6c2d3848430a0f621ba,1764461598,1764461601,2518,97749,,
0xb0913d5290452aae4d5b55f12659c4543bc18888874ccce19356328d97a4b0a4,1764461598,1764461601,2518,97749,,
0xd060c964e8ae2e7d7dff5314e6d4e966ea589a54943e1f308b62e11a19c6cd55,1764461598,1764461601,2518,97749,,
0xdaf008ec2671f8f482b93d9ac3c6bb9fee01a256acd973e2aed4d07a6ae26b6c,1764461598,1764461601,2518,97749,,
0xc50912ab8bd1bf8fc1d699acd961cc855f6568d3e1785aea94b0e2e2fff932eb,1764461598,1764461601,2518,97749,,
0xd9fe2461c160e7111a737fdc7440945527497b3a89bb76d6fdebdd22f59f8444,1764461598,1764461601,2518,97749,,
0xc1aa5038a91a3ba7f6649f8441cb1ecbd220acada8013ef5e6e8f66d41a30e70,1764461598,1764461601,2518,97749,,
0x9dc37e0bb9125bc5a8d35717c9ae736d37af177328046c7901fa2b44111567de,1764461598,1764461601,2518,97749,,
0x794579164b9967f19c3bccd9c7f0d7b90dc5885e2e436e1f0e81680a7be98957,1764461598,1764461601,2518,97749,,
0x2d4aa0f0d78b4727ca065e21fdf48a510ad74a3e3cf1b96a44e6d56fc4827d8a,1764461598,1764461601,2518,97749,,
0x4d361f7dc303472d141a9127e4360c9f1489cd58a4faa5e5d7d6b4f27c5665da,1764461598,1764461601,2518,97749,,
0xbc87e6a1270cb8383389480a54076a3d78b08ea6a1641f53d1a6d32575d2a927,1764461598,1764461601,2518,97749,,
0x2d4163fc3f1c482def79b16f0029b192a74f2a0dad4cd8948fb8083cc2a4b376,1764461598,1764461601,2518,97749,,
0xe88e3ff106c0800e726b546b011a9d131768241b5717cc8da518bc54db62f25a,1764461598,1764461601,2518,97749,,
0x663cc8496fa5e128bb6b7479db1d2f826f0536fc75c61919440a77b1e128066e,1764461598,1764461601,2518,97749,,
0x8199a31a95433da31a7a418d05e3cc41dc0b42c93009691ab5a3b0069dd2dbcd,1764461598,1764461601,2518,97749,,
0xf92566b2ac051e59706daa2088c997fda2515085053b520d7a03903d66396543,1764461598,1764461601,2518,97749,,
0xd5801e29d2b298d96e518a93e0f0de10d01e9f32aacd0c87766cfa3043cacbfb,1764461598,1764461601,2518,97749,,
0x02e9be51862495ac9013b1f0a9269bbc2c0892b5b7c071e442ce22ea1ddcf3d8,1764461598,1764461601,2518,97749,,
0x0cdde86204a966cccad70c6cb7919bf7f454721c379f6209dbdd40826134a51a,1764461598,1764461601,2518,97749,,
0xf0deb2d9823d452b78c73f3ef6458b0a0a5e32399a142f0297f479e187b5e988,1764461598,1764461601,2518,97749,,
0x29afb43e6a5149ee34e8ff58ed930ad52f3aa39ec4c77c0212a9447324e2a07e,1764461598,1764461601,2518,97749,,
0x5a032c6a968ef811e8d36a88eb301c4ee41a634ced9f2ff37e760e984ae01a27,1764461598,1764461601,2518,97749,,
0x240cc95cdd57cbba0c68e5b6137d541e59679a0378aa4ef4d1aa2db541522512,1764461598,1764461601,2518,97749,,
0x464fb3bf0c9b3f9b69a0088f7009fb5ce18408654eeaa6a1f54f3129191c3846,1764461598,1764461601,2518,97749,,
0x48bd0b0fd30832c372efa14139ac2120b547a6e5e0d707c445ae144f7de1197f,1764461598,1764461601,2518,97749,,
0x3281c78cf68e67ae134d7669dca2194a7c70e0feced93120362a5320dee7db80,1764461598,1764461601,2518,97749,,
0xf59e23f7f9545097dff23fd0c4d75dc316875bb65a0f331bf06f18f44695dbb9,1764461598,1764461601,2518,97749,,
0x5d6910a3ec9bf6a56f46a42a53c72335b900153cbffb11bd42196e485f260c62,1764461598,1764461601,2518,97749,,
0x9eba5b8b37918d3ba3bbc1510b43f1a225057e3a3f2a575960d2076a3f19046f,1764461598,1764461601,2518,97749,,
0x56938b6699f93fde0c7809e4e3eea440d5ea0253826a40734d30fc68c2242c40,1764461598,1764461601,2518,97749,,
0xb94698e1bf06c3145f9099320610c9de766f343a6206d646edb57527be32de3e,1764461598,1764461601,2518,97749,,
0xf6ccce26ac14fca1543149f41142dfc105e3749b36e895779df7f797e9260619,1764461598,1764461601,2518,97749,,
0x9158083bc02aadf41c1aaf212efdf4da62a7d63def1c084a46efdd6ef85a554e,1764461598,1764461601,2518,97749,,
0x605c0b58c9b77b925d83510efb09a3c1e9dcbc7ce228147d047a6a3cab8bff95,1764461598,1764461601,2518,97749,,
0x3702b44dd7f0d52b54bde7e6112900350d9a2efc248f73e25784d07d8e3fb205,1764461598,1764461601,2518,97749,,
0xb31d18d16cc4064bb474169ef002da19619e444649b50508b4f471ab3be37a0e,1764461598,1764461601,2518,97749,,
0x62f2fb9bf83f5b41799a3afc983e5b016d8d18e928fd89531e38d8466f8aafc8,1764461598,1764461601,2518,97749,,
0x5f302edd70b6661dbecb50c395d677cb3dd8d0407afb8babc35a59674dcbe171,1764461598,1764461601,2518,97749,,
0xa258137cde69b51909a3f8ca9fb9a2f94b307d02afa48567c15b788fd14841ca,1764461598,1764461601,2518,97749,,
0xbfa72bf09986ec9f7405b0914855dace840fb082a90f9e4222ae48fb113458b2,1764461599,1764461601,2518,97749,,
0x59b31f987ac7eaf502d1f55126f12a44a8731ba4e66e241f791388c3ef64f2e7,1764461599,1764461601,2518,97749,,
0x5464098a0b041871a9c91884c819955f70666eef3171c0d21cff746635a5496f,1764461599,1764461603,2519,108165,,
0xeaa90ac5f7d3ca010cab4dc28982a6bdb57a15383dfa12ac3cbb0f1cfe72f20d,1764461599,1764461603,2519,97749,,
0xd649ef53741b637fb8904c2385e313c408971417a08d0aa12cd99f83408bed56,1764461599,1764461603,2519,97749,,
0xf10d4371c6d2386e50b0c0763007cd03085c52d4738c218c950d0af51868e2dd,1764461599,1764461603,2519,97749,,
0xeec07bf84dc130a45e73b9f7c28a2a747047bd098a16f19b4ccf52fc154d7c67,1764461599,1764461603,2519,97749,,
0xe232732762be7ca5bd146d0d5d472be7ed7f0b67008976bfd71eec79640f3830,1764461599,1764461603,2519,97749,,
0x563579c2e4ff8609bc6a33ee7d21fd5a5164e180865e3f32575f17765b36c6a4,1764461599,1764461603,2519,97749,,
0x1ffd4b89e5d8769c35e9ca75685a0b04d715a2986ca1d922c68f1c37e0936a9e,1764461599,1764461603,2519,97749,,
0x810b3e943b16d3e44c7aefbc3d8fb642e0cfd1a77199badc44a83048b5a5f55e,1764461599,1764461603,2519,97749,,
0x8c5b8aa49e90aaf900aaeacfcd6cb1682e83dd27ec5d6e3cbf0c59993bc1b698,1764461599,1764461603,2519,97749,,
0x84741f7407778cf36dc056cc8007727a4ad3040763ee0ac2c61291b07fd0fe35,1764461600,1764461603,2519,97749,,
0x6c8342e624b2de096a7867fe562eeb7eac22ac2617a3f387f2f1da54304ddbab,1764461600,1764461603,2519,97749,,
0xf4484f41590f20ed7bf151dbbb4b69f31f3785d2a41ebe7a4a0363f52340dd97,1764461600,1764461603,2519,97749,,
0x61f2a9a732e39f8eef56644523450b95de2672c6517c72be1f32e87c8fd30582,1764461600,1764461603,2519,97749,,
0xb28a9cea7a2db9f2e1d752355dd8bc761b7fd8fbdb142b6bdc3c8c8ba181e759,1764461600,1764461603,2519,97749,,
0x28d8acba3c9255e2b5a75b2b0c4185a6b0a9e679dc9dabb66d3d241e39f19ec5,1764461600,1764461603,2519,97749,,
0x8003a2ecf2cd42ea05a4bcca6a1912a81368d21e10e376b9841cf6c2311f9eb0,1764461600,1764461603,2519,97749,,
0x977c165f85f9ff6a06bddaf4f62464f7fb2f8ef5e91f7aa7efab40897da7bfa7,1764461600,1764461603,2519,97749,,
0xd966c7a6af0ab9e875f10f35fad823f80d33b6a3b817e1918231a63989f02230,1764461600,1764461603,2519,97749,,
0xd2cea5575d1801acee7d6adcb639f125962b959e63759530e3859b7065b31fba,1764461600,1764461603,2519,97749,,
0x17e11e1cd45be9617892bb5eb01459c9bec15e2d1d7a425645442d3a1c6b09b6,1764461600,1764461603,2519,97749,,
0xfc434b83fbb1c73d0fd62ad399ae557739f64d92a3ecb89e4bea9815f868160b,1764461600,1764461603,2519,97749,,
0xc0327d324248a0a097425fa197f4e6d62642fc11e21007893a8406747e0e2d4e,1764461600,1764461603,2519,97749,,
0x56f1dd7c9763000ffa0c72c4f5cd1f7192da1b496324d153192d7428692b1539,1764461600,1764461603,2519,97749,,
0xfc0e375ba0833cdd818bb2a30b3272717a94733390c75a0765dd803defb4a050,1764461600,1764461603,2519,97749,,
0x7452f7cc10235407671fd2cfa31d71206698622450984ee9ca81914c3bfe8726,1764461600,1764461603,2519,97749,,
0xa1cab6969b2931149654d7748aec9d1a250f3edadc33fbd39aec49988dff018d,1764461600,1764461603,2519,97749,,
0x4bec4a7f7c1b365e51e549acd2dc9374a72cde91ad9b814934e03838470f1dc7,1764461600,1764461603,2519,97749,,
0xbfd016c82b5fd04c1ab7da9c8a9e9be2570492e45f291b8211f2ee0c2cf3baa6,1764461600,1764461603,2519,97749,,
0x46230bb9e648abb387b84156ed497a216e878a2dfa0a18644250e8a9788fc24a,1764461600,1764461603,2519,97749,,
0x28247676a83817f56fb3400b37c7aa4ac45b1bf755413ce1719f504db68b199d,1764461600,1764461603,2519,97749,,
0x469023c8c0f2e09db9d22911c72baacd923d9b1f2320688539b14fbd8f892e83,1764461600,1764461603,2519,97749,,
0xd8c268c553580f1ce98435f5e03810f09a36fe1a31745203e83391a2735f4739,1764461600,1764461603,2519,97749,,
0xcbf9dec3c6d6e1d4671adf161777e001991fdbb0a352496abd62db8ca5761a85,1764461600,1764461603,2519,97749,,
0x802d350e648dc41e2430772653efe48c95459545594c7722f542141e28fcdce7,1764461600,1764461603,2519,97749,,
0x2ecfdd04af488d9722f25a8b61517152c07987bca4997d1c4b73296b73d29176,1764461600,1764461603,2519,97749,,
0xbc2f3fcddeecee90d1ce89ea15ef2fa3c1946b323bc6f448f1a38df935bcde1b,1764461600,1764461603,2519,97749,,
0xb3d4c774162b51bfafcecd8855be2efb48551b33cc1eb567bcbc079cddce1bba,1764461600,1764461603,2519,97749,,
0x6c593de4c4323c6eb107921afa83d761cd5a46e70c563bbd342fa1d572e9c96a,1764461600,1764461603,2519,97749,,
0xe625c4fa2d16938857546df7381ebe96e4d3a06f9342ec172fb076379ac49726,1764461600,1764461603,2519,97749,,
0xa290a307100f2677736ff0cb396914b3d78bb12a41838637c04b9773310d7396,1764461600,1764461603,2519,97749,,
0xb7db04d3e4baf7d29f731554c50d179b8f1917f79f3c27805adabb804a157af8,1764461600,1764461603,2519,97749,,
0x837c2de4fea9c07ccadba1ac7db04414a2ccc820c66fd7cac34b246183247f27,1764461600,1764461603,2519,97749,,
0x080a87feb5bc4f3bfdb42630c26cbffe7030a78d11663cd43fda8f47e3925ff0,1764461600,1764461603,2519,97749,,
0x8826fc4c2652004da888606b6dae6def360a91fd4c8df84951e6c75eac081a17,1764461600,1764461603,2519,97749,,
0x8b580d75d33d2583b760e072c1d11fab08e259ed38702670bf35d78ca7154346,1764461600,1764461603,2519,97749,,
0xdceae7a36519251a8600eba86793f2a1ec6119188fb6bc795025a1322cc072fe,1764461600,1764461603,2519,97749,,
0xee4303003beaa1d610af53daac56431b9fcac0aca080893bfd5f64d817a27e3c,1764461600,1764461603,2519,97749,,
0x28382c78090d516698557f1cea90051c7917d664347d6f8ce33d4908f5de70f5,1764461600,1764461603,2519,97749,,
0x8e2e2b2cedba8ba5970988a9a8fd086d4707031bd91824b73a0594ef0d218aab,1764461600,1764461603,2519,97749,,
0xe836e6e77ba101d292f29e8419fdb8c8b57ab7af863265491d6212930429d781,1764461600,1764461603,2519,97749,,
0xad2eeb86e5e85a42d11d5f5552422682b745046f7203ab5591f1f6324d4ea440,1764461600,1764461603,2519,97749,,
0xf56dacecd320f825084014411b726872daec05b363c8c061bd0b184b8f60889f,1764461600,1764461603,2519,97749,,
0x8961b3f3adb379893317d92406a9b6bb64d8ca6c67ff2a0c855bc7268a26a20d,1764461600,1764461603,2519,97749,,
0xcf86d19fbb8e45340e96f868cc77c9171b8c86ebd43fe724c3a07ba3cca2df21,1764461600,1764461603,2519,97749,,
0x7d93e85fea768f4b2abec690593eb688fa1b41c5633f1b9687cfa5ceafa2cbf0,1764461600,1764461603,2519,97749,,
0x2d0ff913ab0fcfdc197cd3e2a24b6be36ed3364a1fe14e98b4132b2b392c5267,1764461600,1764461603,2519,97749,,
0x8640914b76cfa35e3cbb358fcc47b202ddab157ad6213227d3f89c069f621909,1764461600,1764461603,2519,97749,,
0x7ad2f6385d2fec2ed7ccfd1fe84fdb7a0f3286e605c5f0d0dc7cc2a5416ab00b,1764461600,1764461603,2519,97749,,
0x3e075ade2f751d5ee21674c766771fe17bb7ba28e7f8650760e14287877e3cc5,1764461600,1764461603,2519,97749,,
0x1be18a4552669c5d6bb3c060a8503c01782fc7b15c3698d4e84964b208f666f9,1764461600,1764461603,2519,97749,,
0x07e5fe42f14602ff3ffe234ff3fbc2efb03fc6c1996aa522cb638a01d9083e35,1764461600,1764461603,2519,97749,,
0x0a997f4dd1e0222cc949adb40b25869f455b60708a500f2c2c52aacb11f89642,1764461600,1764461603,2519,97749,,
0xd3948c117bf1304f4663f2453ed7f944df7abefb36ae0717eaa56e1dbbfbdc62,1764461600,1764461603,2519,97749,,
0x0f028f1524ec82ec4945e8719765f42139fd9250b04f108c669611c795eae141,1764461600,1764461603,2519,97749,,
0x627615364fbced946ce552e9e1afc58de9649ca7e7de517b61447bbebf5245a2,1764461600,1764461603,2519,97749,,
0x3e0f999c15b47fffc83fb422c46e54fbc7f866e732294bbbdc65ad1076f5428d,1764461601,1764461603,2519,97749,,
0x847b5be7bc909dc20dc665c7f901f347a68f0dabd6ddc4a26daee72fdd66dd24,1764461601,1764461603,2519,97749,,
0xd313c0b2484157b95740d44e2e8c3b4195268f5122a22f94452a0b8240399a64,1764461601,1764461605,2520,108165,,
0xdf7916b5d1780908d0f495162d5cfd395356b989270709062f2ed7d646324f6d,1764461601,1764461605,2520,97749,,
0x02ece716f8b63ba199dba8d613b692e787d80fa4f59c24984223f823b8d010aa,1764461601,1764461605,2520,97749,,
0xfebc9a8024511000529d0d9387d7426e0c4f83bd99ba211da61db0bbee9ec7f6,1764461601,1764461605,2520,97749,,
0xe4b683cd2a8c852ac6dd6c1693099d8aa4a36572b2d23a9aeb6c0565308bd223,1764461601,1764461605,2520,97749,,
0x2dbab02b8ff1fda9eb46b96babde1a53dc6fd01f25454522c50dd57389915347,1764461601,1764461605,2520,97749,,
0x0d8ff503971abb3ef1d836e6bf0b09df99cc4296ff3b3208bb3f5b0bf9a49773,1764461601,1764461605,2520,97749,,
0x5a2f5af860cfca4c46002f41756c3e2cf716f1f82362794c8381874dab255f5f,1764461601,1764461605,2520,97749,,
0xc54890a474aec5a7554243199f58d0b8b3336c58d9906dba9af7811dcf0ccaf5,1764461601,1764461605,2520,97749,,
0xe9391bf70bc88ba9c6f49938e5fc79147a32a84b5a781cdb90c7db42259f8744,1764461601,1764461605,2520,97749,,
0xe687ccc2ca5a908493296cf4be9257ce4c30a8a83afa8101b8f3ee17857ad673,1764461601,1764461605,2520,97749,,
0x90c982334871fa49bfab0c44e62b559d908e54455da997f9881a4733d01e1058,1764461601,1764461605,2520,97749,,
0x0cee88564957d0521ac22faa720b60ab51bdc2c1ac6914bd0c90aa59783a2e8f,1764461602,1764461605,2520,97749,,
0x195b22ef8e590b4ea34a5516cbf77467daafd5f2ba8e050804902d5e80d8c22d,1764461602,1764461605,2520,97749,,
0xb48754ea58eac54a7339018a625e630809ee30e1215c9619ca318922e239300c,1764461602,1764461605,2520,97749,,
0x88be3abfd4eef404332a9832348624c28912e99fd19562c10774c79161fd674b,1764461602,1764461605,2520,97749,,
0x7b704e7d3bc72f8977af33724bce326fd45b5130aea55b23f30b4c7dbbe28b2e,1764461602,1764461605,2520,97749,,
0xa57e10c06a672d9127eb76998b9ac501d934c5a185683c50b6c392591e2d1e70,1764461602,1764461605,2520,97749,,
0xa1d50ffd3e38352036276de8878f0605b6492249a201e922ddaef31fd7438a6b,1764461602,1764461605,2520,97749,,
0xe2f06858355df1df0a488040319820785e083585c2deddc1a148f9b332956778,1764461602,1764461605,2520,97749,,
0x92283e8e1843cb81facb28d5897b9dc5b76ff1e0364eab5a01242c033a1d2aa2,1764461602,1764461605,2520,97749,,
0x0e02b345f2016ed9b48a243ce7ffcba2505c07a8665ce86a19dabe782618bc6e,1764461602,1764461605,2520,97749,,
0xd768407fbabaf812346839f49c1df614a42c645ef86d4a7c59c12d8b54d78245,1764461602,1764461605,2520,97749,,
0x621814f29facfc9d0de06dc875963ff12b134fb6d681010fd7c2159ad6d5743d,1764461602,1764461605,2520,97749,,
0xa9b9f4a56c983ba14e74a1adde4a2236a5dc5d3f355810dbf902c7953fbc7787,1764461602,1764461605,2520,97749,,
0xcf19ac85eff49f5292d77f5f0a49ea7e102eff7705d8b004f6880caaf7beec07,1764461602,1764461605,2520,97749,,
0x61ec28dede40f1cfb11aea06bd4202c7e6fff0890172844eec357d9522c77e95,1764461602,1764461605,2520,97749,,
0x9e5284cb18f29bdda8d3efd58b8bb668f7b010be2f8971e96957561928e8f2e0,1764461602,1764461605,2520,97749,,
0x71a185cf41a4fddba68941be2d96075f76d0f6d7011fa26a13f093c0f969a2b7,1764461602,1764461605,2520,97749,,
0xde16d9dd2f357a250981ab0fe452d6b9c7d6a0d5d2b9ef2a4277d983173855b0,1764461602,1764461605,2520,97749,,
0x8fe883ce8ef25aeebc05804e8f21ad100dec821c56906ec040023c68670860a0,1764461602,1764461605,2520,97749,,
0x2deefaf6fbd8b688371cf0bd52b19766d5e5564f96f1350a91441cc18bccd71c,1764461602,1764461605,2520,97749,,
0xa9a8fbcd9a4ee974c86202ddd7afd86bb2900f8cf608d0e391db17c5ef559ae7,1764461602,1764461605,2520,97749,,
0xaa5de3bc803138815787e910ff6442becef5a2c11231a329b0d655c6282f3352,1764461602,1764461605,2520,97749,,
0xcd17de2f58de282e03cff214a8a65e9b59ea5a73859d8e38b8f4441391405618,1764461602,1764461605,2520,97749,,
0xa2b77dc28f7410085a3fbff0043a7cbf816b73995328a7dbff06e695efe8494d,1764461602,1764461605,2520,97749,,
0x7da5d61c427eaec72989d639c31464c6b90747253186f7f7ae66584d5ae18351,1764461602,1764461605,2520,97749,,
0x92c27e633221b1423eb13377e44cc040a2dca939fd10c56b3f94845666b2b3d8,1764461602,1764461605,2520,97749,,
0x75d413033734bcd7d59bd68ed6b24568816328109b3682984a8a9f2afeb126c8,1764461602,1764461605,2520,97749,,
0xfb7c7b4f2b17a278792343213e8c63d2071ba947b58ebba340095505a716f09a,1764461602,1764461605,2520,97749,,
0x7735269d9ef3fad9502e6631746b00b25ecc094db656661878ebc3f1071981fd,1764461602,1764461605,2520,97749,,
0x890dac50c736d7bf84433dccef34a13634d20c50b1db8e613e7d80d77f669881,1764461602,1764461605,2520,97749,,
0x031b105bc5739632ef5ed59538905930c3df648111a3a052fee1cac78c282726,1764461602,1764461605,2520,97749,,
0x07ff1eafc2b47dd80b9be68bee60c08cc8196175c1ac199a054ac1285450f2d5,1764461602,1764461605,2520,97749,,
0x59efc1e5a637028356d8b224ad9039e36c599f8ba3f3820060d402f4f95f7949,1764461602,1764461605,2520,97749,,
0x16eb77d3f3ac07ebd695ec4bdc803d270e28e6a46e3799ba92496ac30c2b80b4,1764461602,1764461605,2520,97749,,
0xf194cf0897586c2c99bcb47886c87e14bff0db217bedadfd170a20939b586065,1764461602,1764461605,2520,97749,,
0x7000a8c663c8cbe2dafb42e804c76b090ab9014fc2cf7d3d3ad75ccebcb6e292,1764461602,1764461605,2520,97749,,
0xd49995c39a7d5899fc93f54ec8b21a089d8f07378ea6105615746da6625c85f3,1764461602,1764461605,2520,97749,,
0xb0b2e78ea1887677f54ecac1af17a828d872367e6588fa35dd50b2259abaea0f,1764461602,1764461605,2520,97749,,
0xc9e58b876a6e12b74130f463029524afddfd1b0f4031ec5c9efdd9e7995ea46b,1764461602,1764461605,2520,97749,,
0x7c04759676554ff6df35b7117e6a239e7ca00a984ddf429bea6a0709c26787be,1764461602,1764461605,2520,97749,,
0x4844728f40b513dcd571b5a1a505852fef8d6e158ca9df5bbd7c7898e8c6d1a0,1764461602,1764461605,2520,97749,,
0x5ca95cdaa162926646980e2c54bece35ec200fa88ce920a242b5479763b3bad4,1764461602,1764461605,2520,97749,,
0x5d0ad9b4f23c5d91c20c63b2470dec7ba5ffef78a09629fbf0a5fe8387ee35c5,1764461602,1764461605,2520,97749,,
0x95b314aaf128c913e0e91e6286536764aa29f695b68fa8f3bbe8f34ed1b6daac,1764461602,1764461605,2520,97749,,
0xb7274b77d0f3e393f1e1fc9eb6cbf4b03dc59a0dedbf596ffc5facdd8afb7c2d,1764461602,1764461605,2520,97749,,
0x2aacc36056b78b5f1762b76b0a233206ebf4fd32d747b4f6d7886e2ad6d94d8a,1764461602,1764461605,2520,97749,,
0xf8ab673313c15d5678365938cb39db380d015da1c80f2929dec9153ab64588c5,1764461602,1764461605,2520,97749,,
0xa6309fd2fdcdf3503afd30b6a3d74ab6f10ec247c3fbbfc01415fd69d8a20188,1764461602,1764461605,2520,97749,,
0x98d5c98968607986c97e81789254f54a73b1f74c7fc28ee27f7141e82a1b584f,1764461602,1764461605,2520,97749,,
0x984031f0fb3947b4d2d070206c66493d32aa5343db8af1e4346d5526a9318aa6,1764461602,1764461605,2520,97749,,
0xd8c227606d28837238094fb166cd901beb9f450e3f7ed3d1ef4daf6e2848e618,1764461602,1764461605,2520,97749,,
0xda7df04f911e16960341a4b8819e693eb433d851683410db655c0be4e52d2f7b,1764461602,1764461605,2520,97749,,
0x3656141d81745f76eac585641fa6ce6ee136a8c50255e0afec4a5ec6eb80c9be,1764461602,1764461605,2520,97749,,
0x71a6f8d7dd6745f57de5657ce086ce90c66123c86cef318c6da85593e656ebf4,1764461602,1764461605,2520,97749,,
0x579bf96719ddf1ac4c2e5220f0afc62cca3d84bdd78e923f5e2aacd5a6de9e2f,1764461603,1764461605,2520,97749,,
0xadf7cc768b823f6f09e2478be66d04a2accb34084e7573dbca6fbb904188091a,1764461603,1764461605,2520,97749,,
0x2dc8931e7996b85555f636533d55afb777ddad9a547939c1202cfa69ab0b558d,1764461603,1764461607,2521,108165,,
0x902b112140b38d327d2eba212e75e7586e4df3019724c1ffeb4fbef769a6ce2c,1764461603,1764461607,2521,97749,,
0xb84e5193571bfc61261731a768c1e9e2f6186a983e4424d09ae49ce8bf1b2f8f,1764461603,1764461607,2521,97749,,
0xc3ee58ee0c9256572961a25323653ddd8499eddd61841217cc86adf1d907b111,1764461603,1764461607,2521,97749,,
0x75be54d2a9354f610832a655b159419b92b2f9ef1244f47804b6ffdd4656550f,1764461603,1764461607,2521,97749,,
0x25def6964b9dc4ad2b52f91f586837fe6e66290e493f302b6c23b09c73f9c949,1764461603,1764461607,2521,97749,,
0x3aaeb541164eac5c3f9b74e72d1aefec1aae9db7e767dba074e33fcbf5db73f1,1764461603,1764461607,2521,97749,,
0xbaf2febc6466744f89369c473c81de327190e2f2e103b0e981158d510700b04a,1764461603,1764461607,2521,97749,,
0x42b56658df6b379c8efcc52dc302dd48d41269a10896d37353c62802e732abe3,1764461603,1764461607,2521,97749,,
0xe22f1fb3e5466f89dec4fd459fd6521816c85d4c2b70882a9b3e1fceb5abc176,1764461603,1764461607,2521,97749,,
0xb3a8bfd2f7ffcc9296723d893557155d727103b8a5c64c31bdd57c00949160e8,1764461603,1764461607,2521,97749,,
0xe3d2dfe6f4c0e8ba49f0a6848423bc780bc61a68a9b57c5ad9c1db2bae4fc5a2,1764461603,1764461607,2521,97749,,
0xf491a0d95941f6a39dad17e0e662093be7b652ac55b79e2e0f5c439b421cff94,1764461603,1764461607,2521,97749,,
0x9ba5ecd9f2be0b03c7d29211b603bf500ee857d9bc54b416f47297f2e3abed1f,1764461603,1764461607,2521,97749,,
0xa786b7477799568f727cf57fbac70455d533009a8474a01aef673cfb7a9191ea,1764461604,1764461607,2521,97749,,
0x1a8fa04ba7539e5d656f89c8835cc12a579f4985c4b79732c8449358510b1e83,1764461604,1764461607,2521,97749,,
0xe2cd7befb77138e5e5af6a738c496f5b38fca30b27ef8e58597a43b8667161e5,1764461604,1764461607,2521,97749,,
0x5ead139df52d37fe330c3293f215b142bdb50e648b4a7b4411d665cd24aeb48c,1764461604,1764461607,2521,97749,,
0xeabe3038228afcc2c8041c7c7b69607432b5af0cb6eb0a33d99c6e161960b1de,1764461604,1764461607,2521,97749,,
0x2c3c72d5ace2a3dd72989c1af26a0ae2a5132b34ad1a3c6cc14efb31d5a5e541,1764461604,1764461607,2521,97749,,
0xf74e68e27558c918c27fc4ac64aa0dd7b009fe06e61f75c1b651580beceacaec,1764461604,1764461607,2521,97749,,
0x850213f82d74d7b5e409bb9c0e2328aac274f0145020cfd15ab84794860c8638,1764461604,1764461607,2521,97749,,
0xb6dec2db3fa4b71063a64917f8eab788d41afd146e61e9648871c9e8a14632c3,1764461604,1764461607,2521,97749,,
0x8c07cc988dcc56e27178cbbd5731696803fa7097a1deac60c5deaac6309e9940,1764461604,1764461607,2521,97749,,
0x4e36a2e138419906dcdb89400a4e5e312a9b6b82ed18f55f6357fd07b1f7ffac,1764461604,1764461607,2521,97749,,
0xd92d60b16e9a93da06655c1fd3d80b9df010028db6ff480877dedef40419c118,1764461604,1764461607,2521,97749,,
0x0634cbcdea0068868de38cc55c41679957ab5ef365a5000be7506811fdc7bb80,1764461604,1764461607,2521,97749,,
0x6dfb8ee669aa84719b76e107392b837bb484bbb215b94052b3b016be21711045,1764461604,1764461607,2521,97749,,
0x31ec7327a7fbea322dc06f166744db4b3dd919f7985f73d1507d37694eb06954,1764461604,1764461607,2521,97749,,
0xa3bd89fc976d23ca4e9fd176a63cff0ad176c7d9962e8a151d65d9f3bf8f8f6d,1764461604,1764461607,2521,97749,,
0xf34d26c187a9dbbc7f8886e9a8e9f7d6486ae57fa9c63a9f6723a82346aeaa2f,1764461604,1764461607,2521,97749,,
0xbd978ab062590dde3fcc0815ccc741f048090e3a22cb8b46348ea959c0d758cd,1764461604,1764461607,2521,97749,,
0xc672558c1255f53daf52f258c0779b31501100378a9b67a34b61d33803d0f454,1764461604,1764461607,2521,97749,,
0x33b47be3c8f4f90b2009bc5c4a0e0311ea2e6e0dc8e58b29d530681a5f7db03b,1764461604,1764461607,2521,97749,,
0x8a8a7ecc2c84c33533c7defa3c32704b9032b333f7bcca0b7e4059ce9f6715de,1764461604,1764461607,2521,97749,,
0x850ab419941513b0be84a75967d01af5ac2f1eed5b15778997eb93b932ad72d6,1764461604,1764461607,2521,97749,,
0xad3efb62b7cd0eaf34e767f9947003ba37da0e61f9bb944a7c8011c66c0cb1bf,1764461604,1764461607,2521,97749,,
0xbd9e0aae9889e3dd376af511f15928ddfec9f3972df9e763eee59857d83412db,1764461604,1764461607,2521,97749,,
0x83a42715f50aee3d06f33b8777696a3dfa14ded40ac277997e23da41b15ffd84,1764461604,1764461607,2521,97749,,
0x40993a63a37020d90390c83dd54db06b1c867578759646471559f3167f1d3418,1764461604,1764461607,2521,97749,,
0x18699c4f5c2ecbe85b9c99727f0ccd5e689f8daa1739ef68f9ded138af82c391,1764461604,1764461607,2521,97749,,
0xf5ee0ee56653655a30fd8fea5868b81660c7c7f7e53a9d13b0a02141de211897,1764461604,1764461607,2521,97749,,
0xbfda3b2005e565a018ba76449e44ef6604948f92962bb27dd6354c9738eba6cc,1764461604,1764461607,2521,97749,,
0x50b92093e5c7006032449cce4d75175b873febcd28214671c49d26ed546399db,1764461604,1764461607,2521,97749,,
0xb9e74ff0627104dd4ee4599edaafa3037132747f77f77fc6f57cb1f22448c455,1764461604,1764461607,2521,97749,,
0x9258fc933b435ac5991ac5a80f3c4c968b2a5397d66e3d98b6d1073e7815cc6e,1764461604,1764461607,2521,97749,,
0x714b4d70512ed0defe0de8d0ca6facb60f0ba79cba078afd3e26e28af7c36511,1764461604,1764461607,2521,97749,,
0xc1e87b2737daacd2a053e82ac33b61c85256eec2d6e430b721cd62b9b5efac49,1764461604,1764461607,2521,97749,,
0x3465a7c2574b625a4032530595c1d7ec94c255f0bfc09b7c4d24c0774a4ef7f6,1764461604,1764461607,2521,97749,,
0x777754c12b844d2f730bc20bf74b571d3fdb0e8518b2bafb645626731aa940dd,1764461604,1764461607,2521,97749,,
0x16ce2e0ea2e1ddce8229e10f0ac81fcb1f0b07e7ed42c9a4a034ffa4b0c71f8b,1764461604,1764461607,2521,97749,,
0x597fc24a01a5023aec3ec7cb2eedae8b7bb40fb4b177950bf9c279f8597eeaee,1764461604,1764461607,2521,97749,,
0x6d4520dc8e9307281f68d6f649e69c0ae657f4d361ba264a1d0de5bb32f39350,1764461604,1764461607,2521,97749,,
0x55c1712809cc1ee617ac36d7f03067faa97a29da61da608b8fd055329960f578,1764461604,1764461607,2521,97749,,
0xb85e629fa0c4da5be227f87d46fa7b34f993f1265355b51b9a08b9e6362e823c,1764461604,1764461607,2521,97749,,
0x1e1950827da4aa1e90328be4057c97367de6b872db46417839b763689bb87f11,1764461604,1764461607,2521,97749,,
0xfcafd4af14b03778dfa6c1d002697c68f9b2f4b54b1c8953a943e938c1cadd9b,1764461604,1764461607,2521,97749,,
0x772bc34455ce980db95b5596d88585a2350ebba77e3440faf3c656c6216e36f5,1764461604,1764461607,2521,97749,,
0xd0a486af3ac9daf9a472690e4a4c50c47ee5d75f3f69d30494ce1c3673eefbac,1764461604,1764461607,2521,97749,,
0x88f3bd592808c09ad51747859185a4378387348c5571332a3ec38ca498d06c87,1764461604,1764461607,2521,97749,,
0xbd38518f4d9aa0e673b20a528e39a05e912285c39cfc8aa62452043633eb0411,1764461604,1764461607,2521,97749,,
0x62c55024c164361c9cbc25012b4a5b8089fbbf080266c51f059420661a281b78,1764461604,1764461607,2521,97749,,
0x996bce57214b59a602d1c0b9d70cfb6c928cbfe86d0e6f144708206499840cb6,1764461604,1764461607,2521,97749,,
0xa753896d6d3959cfaac72aaa4a2ffc2fbe9ce317a93ecd9d70e069dffd0dcb51,1764461604,1764461607,2521,97749,,
0xebff3a82b3e91d0af367e24cbd2823f9542937ba946082f7a42990676a1c78f0,1764461604,1764461607,2521,97749,,
0x5b65e415945107cf478bf014aab7028ad486a596900547c4fbad3b1e697ceb60,1764461604,1764461607,2521,97749,,
0x91a2453e7032e5cb20854de0f9878ff0c2814aaa04b421ed794aac0a22d31e08,1764461604,1764461607,2521,97749,,
0xb4a394fc1f8fb18b90390bd35c7da17166a5e961c42d2c7252a62c28a8691998,1764461605,1764461607,2521,97749,,
0xee632f2103f3d6c9a1a749115da884b1d51152f00ca0ae611b39b524614df585,1764461605,1764461609,2522,108165,,
0x9bedf807e5c8b2f8a40a3f788dcb82ff2307832e09ba1fd1c057e7f2f6f08571,1764461605,1764461609,2522,97749,,
0x2ed2086b0b5cab8d4ba66400fa377a2e086443627afc0f58cdeaf9c01ca47b05,1764461605,1764461609,2522,97749,,
0xc1f44757110207a70275d9c79d7d5e0c63379fa4d847152ded2a718200d747fe,1764461605,1764461609,2522,97749,,
0x01d78d6261f8c450386e11a9defeb008e09c510221e94f5576db18431b239c44,1764461605,1764461609,2522,97749,,
0x699acdeddb4f58278b3eca057fe154529746b85a560749e3c23ffd3b2cd14cc7,1764461605,1764461609,2522,97749,,
0x21b9d076ed3060e5d7af9555c1b6450ee5a2615ef768572a8e0c2c472dbbbef5,1764461605,1764461609,2522,97749,,
0x499de45ffec45cc026e80d92cd4dab8b7a26ce4065ccae45420d46532799af43,1764461605,1764461609,2522,97749,,
0xa8caeb14500a17a316cb16fd2d20651adba54e9998a0686619f7a5afd636ae2b,1764461605,1764461609,2522,97749,,
0x0c57b6a4c07973fdc68f1b53d43f6afd5d2d93ca0c8ffb8f274085a2bd1e8c5e,1764461605,1764461609,2522,97749,,
0x2365fb8e3d95b4ad17009fc3602121002209de83668b2496b2753c78616effbe,1764461605,1764461609,2522,97749,,
0x30c5cc09e16dcbb411b91eb3fe5cf3269415c360c6883945abc0630e17636997,1764461605,1764461609,2522,97749,,
0x9144e4dd28348bf6519b56c0165e802a4dea6b311d1c91d217c0c4729f76397b,1764461605,1764461609,2522,97749,,
0x639121f620602fb88cec012a26ed22b123745f19418f4b461c024e03f42a1990,1764461605,1764461609,2522,97749,,
0x7f715152f6e2fc7f23d74768c66b0b04fafcd6b20c3144a256c0e6aa08e52669,1764461605,1764461609,2522,97749,,
0x3f44c3d87403330a6a996696817be49485269e7c2400a6ea3eb1a542916737ca,1764461605,1764461609,2522,97749,,
0x9a288bb4106c9df62a99d1092c7abc4cfdf5de8348fbb3f21ad445e4d9dfd004,1764461606,1764461609,2522,97749,,
0x936b89be53e9b532a93af19153ecd51454e8d456ff74a1aca1bb6a981cec5dab,1764461606,1764461609,2522,97749,,
0x5c38a08b0d0d0d052bedc8e396938009366ac03f485963820959532cfa70898c,1764461606,1764461609,2522,97749,,
0xa3b646c5e0041eea6cbd3a7671cbc54a268b9219aa7a1eb23ed40b295c001169,1764461606,1764461609,2522,97749,,
0xa81c838d9005bccb6ec2d8b09316a8b06f2e2f12b3611786f0904d5b3e8b5bf2,1764461606,1764461609,2522,97749,,
0x53b72a3415b13beb95ab0a65a12ce0efd45ccd0eb16d546baeaac6ed2ba29a51,1764461606,1764461609,2522,97749,,
0x0874f715c61b2c9cc022181f2f709b941b91caee8e0642aa245c106522b8c1ad,1764461606,1764461609,2522,97749,,
0xf7bbb02153300c833cda9642588b08c037b6b61bbee738252f486ca3ac640307,1764461606,1764461609,2522,97749,,
0x60f638e939765af9fb183365ce94b9a7f3004a2d0cf3ecf0fc13280eb896f398,1764461606,1764461609,2522,97749,,
0xc2d6926abd779f188956bcfc64156959ef9b4b2ad724c7e5e151ffc26abb162c,1764461606,1764461609,2522,97749,,
0x209a498ff411a4a65555e7ec1737a91116d232d520c7092fc089f4c5913b240d,1764461606,1764461609,2522,97749,,
0xe4c8c11f4e67fa8fbb16ea8e46a387e1fc7004fb71e6dd88cde545fa2a12d515,1764461606,1764461609,2522,97749,,
0xb7d8fa21badc08a7b1673ff4fafcf6bb371d6532c6831ec66217c24df35f99c2,1764461606,1764461609,2522,97749,,
0x1da14c84b1daca11daed37248f7b9764f661f64e8e1ee7dc75e9e47b3ee5f02f,1764461606,1764461609,2522,97749,,
0x043beba4145bb17ed095c3191ba327187fcd6b34cb562f9fea7477036a7b4e59,1764461606,1764461609,2522,97749,,
0x017a54a35c979bbf143d3a85fc6ccabda0978a95b25a4d0b40a42918fe1f0ed0,1764461606,1764461609,2522,97749,,
0xeb1a4391bc2f1e82a50972498ed50a85268240c358f5b3cb8805229a47366dbf,1764461606,1764461609,2522,97749,,
0xf3ad3f37904e7bb2a640270507c3429aa28d20baa45a65e8ffa6f41f11701824,1764461606,1764461609,2522,97749,,
0xfd7cdbd270cd36064db6dfc0f536332462867fa4f0c6511a749d88801d95d564,1764461606,1764461609,2522,97749,,
0x6674fa582e947691307a773edafe2b586513e2dbceceea6884df81b39bdd197c,1764461606,1764461609,2522,97749,,
0xa80653bd3a3e5f2a4aa32685bcd42ba34105b9422fcc8945a8d8846e110e13fe,1764461606,1764461609,2522,97749,,
0xb882749fe32bbf73c712b34e3b29f9d371ee57f1ef75c6ebc7bfdde2adb5139b,1764461606,1764461609,2522,97749,,
0x28565c2d05b75ab83c28b64e41923e379cffadea976b389a85ddbab048d805cf,1764461606,1764461609,2522,97749,,
0xd044302560548e5bb0e496f5a8f6c7219167ed0d13707989eef310aae90d0f2b,1764461606,1764461609,2522,97749,,
0x6b28ef669576128c0edde8ad4836f16b292f99e63cebad5183e1a5a70645d240,1764461606,1764461609,2522,97749,,
0xded56ecc89d1ea8a61aeb12948cbf6e2a1ec30e40f298e1a81c42f7e110256ce,1764461606,1764461609,2522,97749,,
0x9d0a1283a2ec87155795868e46b850baffcdf4b52b8551c3594d02fc88351fa7,1764461606,1764461609,2522,97749,,
0x6d3e0aefadddaff57ee97e140e906f83016eb34140ffc360b02a109ea7e0fa9c,1764461606,1764461609,2522,97749,,
0x1799b23ee5bf9bfad9017898b5a258a400165cb5447c38bc9d59e0feaefc6f90,1764461606,1764461609,2522,97749,,
0x5a0ba19c506fc7df0d1f8d5e4c4135258555b06985f53082f983612f3d1d17fe,1764461606,1764461609,2522,97749,,
0xf647ead61b7d9458a5fb260f9e4b3d6a6e9ed4208798ab29cfb8310247a9ead4,1764461606,1764461609,2522,97749,,
0xd664abcc6f10ae2c67effcb1d84767b6672615e5a6990ac304fb8dad5d5eca05,1764461606,1764461609,2522,97749,,
0x6f25098de76e0b703d01e9cee86e818fc62afa3dd7118500af91789ed9bf3ca8,1764461606,1764461609,2522,97749,,
0xeccc597b1911a9dccadd0841e770837d7f284a5489e580833299008c62ba3e22,1764461606,1764461609,2522,97749,,
0x4af1f9a07eba631a1926198b454c921eaccfbc137132e3394c3e5ac33e95e346,1764461606,1764461609,2522,97749,,
0x39bb49b9bf99a795dfb66b1e35a2f98af228002fc26ef77565d28fade4bac655,1764461606,1764461609,2522,97749,,
0xb9d769faf88b4b42c5ce6f8d80baa982a9012e4509c68459f2d460445aa7308e,1764461606,1764461609,2522,97749,,
0xb7fe0a018f618b7656417e30c4c012a35a9983a22e1596f140e6690a8e7c029e,1764461606,1764461609,2522,97749,,
0x7d723dd1304329e17716709bae1cd285c47e8900ace71f720734a42363a8c8fa,1764461606,1764461609,2522,97749,,
0xc0822d40e6fdeee6a57b6c16427b425e65f58d380d3566716f763a0998bb2db3,1764461606,1764461609,2522,97749,,
0xe9bae27235d342ef48170614654a9cdd9aea09c79a19b046eeacb3318ff845ca,1764461606,1764461609,2522,97749,,
0xacf38ffacb12884a76a2871991de7b23d2ed88ee00cbd279960c18a0ab7d0733,1764461606,1764461609,2522,97749,,
0x58ccb066174866aad17a463d0c5c97fef7f554334ee918c574b7ce3d28358ed2,1764461606,1764461609,2522,97749,,
0x86bcdb8e089e225e2e27209b9762a880175cac6195c44789edaf9d20bfc7d2b1,1764461606,1764461609,2522,97749,,
0x88db09d53dd1657d14d7f544c5c3ce482f1f2733dcca4a4003dd091d84e244a0,1764461606,1764461609,2522,97749,,
0x5960e68250a7d9f59463aadbdd9c95dd6ce3e5fbd8bda6219d1a4c21188d2750,1764461606,1764461609,2522,97749,,
0x0a7106f82fb7b781212b908bb485119d4556a0a0eb3e79e021dc23bc059200ab,1764461606,1764461609,2522,97749,,
0xb221b36c2163b30b2aa3b4acb3874c14f4313537ff72cd8d6a0620c7a3f4c76f,1764461606,1764461609,2522,97749,,
0x312a3eedab843c76534c6661cee4f2f74e7fab2696ac44a495a4f8841987ca98,1764461606,1764461609,2522,97749,,
0xcf1eb43916ab5edf5bc63c81521518125105b21604acb79a66099dffabaf3a65,1764461606,1764461609,2522,97749,,
0xd01910312dfa953db10492879bb7b8f9f0212c56e64dc877624f67d7b3613d1d,1764461606,1764461609,2522,97749,,
0x6e60a35db411cc538557c9f5b5eb693a923d91d124bafe6054a10ffba3a1664e,1764461607,1764461609,2522,97749,,
0x71293ceeebd68aaf9c28468d58a20e9a2ed5c37053623e3a1a45f4c4d05889b2,1764461607,1764461609,2522,97749,,
0x10026acd9babd94e7cdbb3c56ae8e521aabb5b876081b5e35ef48cbd34caa4df,1764461607,1764461611,2523,108165,,
0xfdccec10ac18c4561dda1090e075cf5031341c82ff47d8ad8cc1945efcba164f,1764461607,1764461611,2523,97749,,
0x389af65b4e5ce47d336d30d572afd1f490b4ecd832b5ca656951940200edfc9f,1764461607,1764461611,2523,97749,,
0x931e216c560266c1ddd6de015b55fdeef354a3e3ba1996ce2e98702b023947b2,1764461607,1764461611,2523,97749,,
0xeb0d8e5fc8dd71d165aaf85e87fafb9992e12316931306ecc954e0deebe48da2,1764461607,1764461611,2523,97749,,
0xc86d09fa5c08965dc2fd4058c2d6c9142c20f9cf332f9dec6e9ef667415ae0ba,1764461607,1764461611,2523,97749,,
0x2f54379341879000f206c364f4680b84003ec4790ba48958e9f870ced79245f2,1764461607,1764461611,2523,97749,,
0x5c695810739cb910ec831336ae91f6204291afcb3e2c4c231ea95991620612da,1764461607,1764461611,2523,97749,,
0xd7b31fb87c0817de02ea02ad89c279d397dc31bbc281a13d125a34934eabdcdb,1764461607,1764461611,2523,97749,,
0x82a5c8bce833ca57fb621ca25815b2b1d1852954aec90d1a97d64323ca2de27c,1764461607,1764461611,2523,97749,,
0x043b3765df1a0a90cd1a8f023ac6def616063e6167fad0c2150d7c6e54a213c0,1764461607,1764461611,2523,97749,,
0x0f999a42cc5319d673a98898e057f324cdd28553f0bd53a8e87010649ae0af74,1764461607,1764461611,2523,97749,,
0xca51db8c0b4751c72558506e3ecf0f4c309bcef6954cd9ab717d04cc7539e421,1764461607,1764461611,2523,97749,,
0xe9e7653e2c2020d851e36fb416932cacf42fb5a3e9069c0b0b9c7330e5732188,1764461607,1764461611,2523,97749,,
0x7d23f1ffed87b1bbd2fc5f2cd36968f65c7d1aaede949b34fbd66fdaf6dc94db,1764461607,1764461611,2523,97749,,
0x764a7f08ea30f9344cbe7154fbb875b89e4dc73ed68b718ddaaa3bb2f35d6464,1764461607,1764461611,2523,97749,,
0xe42a5c800c9a19ed985aac5975fa012e66fdb4d66808681f2ead28d689c4766f,1764461607,1764461611,2523,97749,,
0xab8808814b0cf0e1e0f32609259d186a8f1fad689807fd3f9b8e4a21259149c1,1764461608,1764461611,2523,97749,,
0xac7c3b58c766b712d12fc14763db6e3f7df79d971b2de704ccbe3751342acce4,1764461608,1764461611,2523,97749,,
0xf5728bddd4d47ec832fb283778c08e5e2c705786201f533acd834453fef3aa54,1764461608,1764461611,2523,97749,,
0x7f41f0efc0bc8d8ad64586210805486803efc54f2528540555580e66baa5b3f6,1764461608,1764461611,2523,97749,,
0x2a989efb23173ed6ce1a4eb097586e735e75dc590c62b6bfb52a8d30838c8003,1764461608,1764461611,2523,97749,,
0xed633b3950e8dc79d291565b08e0a351db21e3dc47e4be18290d64d108735c6c,1764461608,1764461611,2523,97749,,
0x71ed7d33a05d0a950970a4e2c8cb2b66435babc0cbcbd786480c29b0ac148cce,1764461608,1764461611,2523,97749,,
0x29b48e4d826d40fdf48a350f1d4a7ba05ec632dad54967e6789453b7f4035eaa,1764461608,1764461611,2523,97749,,
0x58c39b49c65d80f2a4533337b0b2176c0f7fbea46be3ed99dd8a16ac92a9619a,1764461608,1764461611,2523,97749,,
0x50d306a12140d1470279a171516d0f0263e8a273da021ce02d316d5da4102535,1764461608,1764461611,2523,97749,,
0x9e11976c417c978948eabd39754b14c75d544e49388482e966a7c218c87e6e7a,1764461608,1764461611,2523,97749,,
0x07d64591ffdc98ccae4b944ce50081c4079da8700969423c5bedb392082b685f,1764461608,1764461611,2523,97749,,
0x06271c418ed3e540f36d39f56b00c7169399867ab3eee2d89438a8a1a1856789,1764461608,1764461611,2523,97749,,
0xe5daaa032ccdb44f584bf439961331f3e0f43f89e6432ba0e2f9081377a1f659,1764461608,1764461611,2523,97749,,
0x127745d3e64bd7110fb95451519439c8db2d2addfaf2fb405caea659a6a7c026,1764461608,1764461611,2523,97749,,
0x5821a36be536dda2de3d53af2c98fb4c9590a1b31aa406d17c1a9eaf58bc6b1d,1764461608,1764461611,2523,97749,,
0xdc0fec913900679e0afb02e3cc472129196094fa7a7e72e26c92592668789b98,1764461608,1764461611,2523,97749,,
0xd9e697cfae9c9af0ea4691991965a5ac24f264035354bab4a5366274be7f96b9,1764461608,1764461611,2523,97749,,
0xa7eef6248bb6104956a023e4737a26c4a6e605e5c8e660392b4f77440f5e34bd,1764461608,1764461611,2523,97749,,
0xa32af56cd03c46a5636fdd9c85cf07670968f82faf20d1751d6a27096f0dc3ce,1764461608,1764461611,2523,97749,,
0x3f154683a568a5a20f4744329ce80a48aae9d8db7d2f9d8d29cbe14c313127ce,1764461608,1764461611,2523,97749,,
0x034ba834275926e09e766f310faa77b7e5918f899dc707bfa1aa979aaee16e8c,1764461608,1764461611,2523,97749,,
0x1bb4a84259346661da12d41c6a8856b02ed13f25e946fb8065e4a1f8c5464c31,1764461608,1764461611,2523,97749,,
0x3b4362f47a16f9fa3cbd7e2b461466f703813d316e221b0a428caed1af30e0d6,1764461608,1764461611,2523,97749,,
0x60b94b16fb96f3d621ab94573caab8fc6a0f934b62a8fa00d48763fe031e3202,1764461608,1764461611,2523,97749,,
0xad9b05b72cc72d6730b5f32d4b69838c0cfa394a91cae2451de829c84ffe086f,1764461608,1764461611,2523,97749,,
0x2df75f197eaadf7743766e3a061225fb76215890d3581e61e97e945e05d6d31d,1764461608,1764461611,2523,97749,,
0xfbfa2c325034b5269cb158c97afcd6dc7c873d8c920fdc1eeb371cc16ed7be12,1764461608,1764461611,2523,97749,,
0xac353be91e01ee65bcc2300dbc803df20c1cc79e0a5f2e02d129822777c2c275,1764461608,1764461611,2523,97749,,
0x45dd6775627fac7916a359edb8c550f84c5f3102b94c7ff5d94e038c72f6db12,1764461608,1764461611,2523,97749,,
0xef81725ac8d7ecb0b98f6dec7477f0d9002b20b7dbf591bed632b5d05a4d2e84,1764461608,1764461611,2523,97749,,
0xa89a66cea22bf7fdcd57ea17fc779947934d114a90f9a0c2a3480db740199495,1764461608,1764461611,2523,97749,,
0x606d58965f937730f1701d5154dc236391f5268af852e070d37b8b46ba133526,1764461608,1764461611,2523,97749,,
0x9258550481795f00032f678a3b8a74ef1d20325e0dfdea249cd2b6ee093616f1,1764461608,1764461611,2523,97749,,
0xf8f31a49f312cf69041c28e9932813a8a8e9e8b837ecc75c9e59b208afb7291b,1764461608,1764461611,2523,97749,,
0x66e6cafc65f94c3661f0f1a2946be670deb8421e76364590950ccc0eae16eb35,1764461608,1764461611,2523,97749,,
0x3a3c604268f56973a3f5b752d216100782ec8960385a9fb01a759478fa76d45f,1764461608,1764461611,2523,97749,,
0x95e141ae3894393b6c2cbfc676955c2cdce60120564cf7a0fad52c50e297f1fa,1764461608,1764461611,2523,97749,,
0x6a597cc10951561c2fc8a78a21278b5a1c58f559b8e36ae358d2af0468f606de,1764461608,1764461611,2523,97749,,
0x3bb77f1675614b26325b42ce882a03ffcadd69eeb32da784fe94eb27577cf153,1764461608,1764461611,2523,97749,,
0x4f0b34e1a0035ba9eb3c9e779226a1989d8c6a8647bd8e1290bb05bc3e57fc79,1764461608,1764461611,2523,97749,,
0xe06630316a245c71997d8012b111455a41c3f9f284c77d1b93991560c9150fa0,1764461608,1764461611,2523,97749,,
0xa37b601ef420f576df8de9c5affc123e8092f29addc8d328ad46e6d34075a853,1764461608,1764461611,2523,97749,,
0x59ce5455c8cba99d063094fee97932463808fdd9471479da884d2c4ea4c51b53,1764461608,1764461611,2523,97749,,
0x08c5e47322c20e47ba7bbc172db4cddcc2bbc3adb3527caf4501f894db5d7155,1764461608,1764461611,2523,97749,,
0xcdb0b4c0d343479348f7dff02a9745d1d22eeded8daea7df25e3eba706ad4cab,1764461608,1764461611,2523,97749,,
0x5d842e612a8dc986ad3c72a38e2dbe74cdcbe732864a7439338fcffc3d9b6f8d,1764461608,1764461611,2523,97749,,
0x2dcccb64f726bae6e540150e53c2e536c903d0e1058306687b56d881ad579e00,1764461608,1764461611,2523,97749,,
0x14123cdbaa6b838e23ace639c9e662006e7cfafb511258b54d9b6dcee1d8924b,1764461608,1764461611,2523,97749,,
0xedca78d33e2b7e03cfcfab0b45447d341d39310e583c8a7dad4e785344893a2c,1764461609,1764461611,2523,97749,,
0x35b7ddd0eec0cae5565cef098a2a790db57c69a120877c32806664040a31082a,1764461609,1764461613,2524,108165,,
0x4c29ee496aa9a0bb33a9950d0ae68d9b0d5b62f078894389001b9d32fe739151,1764461609,1764461613,2524,97749,,
0xe8700469562c4067b7daf0f3a02ef117eec411676f237fbdd4b828c07e0b5ef4,1764461609,1764461613,2524,97749,,
0xa85ce3cfe137b6e948690e72586bb39985286ff68974e199740897d54941ac41,1764461609,1764461613,2524,97749,,
0xbbd1200a1de4da3e0e74f208a4fe5ae41ad3b6f7d494bbd2fcc914e8aab0b0ba,1764461609,1764461613,2524,97749,,
0xe961e5292615f2e0d495d0cd3448863bc879bc91cf212a3f09becaf8c6675dcc,1764461609,1764461613,2524,97749,,
0x34bcaa2370e0e7a52df075534eb8c9315389f1f9585582cf0be43bd8d4e8422d,1764461609,1764461613,2524,97749,,
0xfec9763b7cee0a4618e422f5c5787ea653a941a1ac962c141d8af6695d0e5619,1764461609,1764461613,2524,97749,,
0xc051b281aa102682a16a0465a2b21c16d2b44bf8e3dd111d630d2ce14cd2d3ef,1764461609,1764461613,2524,97749,,
0x9240adc4bb43f947cdb639c966546f7a1008be02ef55a70d73a1ab09b9668f56,1764461609,1764461613,2524,97749,,
0x8697c7528676382df1620ec5da85f45e39805a37d2aba7dcb36c102efaa63d8c,1764461609,1764461613,2524,97749,,
0xdba095ac339ff9c411f3cab99df5f96daf45a38aa7e4b571b9664805555afb74,1764461609,1764461613,2524,97749,,
0xb5fe1b3b944096f5174ff0c270fec68eeffe980daacb22e2f2ec491140298588,1764461609,1764461613,2524,97749,,
0x47c4af7d56d021d7864dcae467a83bccde7b483c4845a13b06f3cde1a09b0a18,1764461609,1764461613,2524,97749,,
0x4a521726e305a423d8049f2fe2615f85665aab6ec857d7e5b5d3d00ae6946598,1764461609,1764461613,2524,97749,,
0xa00f03176e0ebf2051cdf30fd79cab6e6ba846fc66c494b2fc36a9e5e83a9ded,1764461609,1764461613,2524,97749,,
0x40a24fc72244d06fa3d93414e116cf1056813ffde84b1c68e9d329b226bd2e5b,1764461609,1764461613,2524,97749,,
0xa96695fbac7f5903de343652ec8c072a3db320e5b99fccc9830eb3b9f6f5ebd3,1764461609,1764461613,2524,97749,,
0x8266530a43ac97cf577e281b62b35fac3703c66cb4e96cb07c3b6f61e1c2bc86,1764461609,1764461613,2524,97749,,
0x0a0f694bdbcdb1d1ecd90f574ac8b1f50dab6793b69709a536560e3288a166ec,1764461609,1764461613,2524,97749,,
0xb295e68bcacbf4bf555f2f4681dae92b439d2013c73e3092281eefeef125212f,1764461610,1764461613,2524,97749,,
0xec70ae33a400c2b567d726c77b29ee3fa49c14ce9605dfd61b59fc0568b70320,1764461610,1764461613,2524,97749,,
0x90bcf93fe64e5d522e26272f1edd56e9120ef84fb579f90831e1969769f1f9f7,1764461610,1764461613,2524,97749,,
0x3179137f6c307855951c5adcc922acb9747a86d0a761ca8ace6beb36b9083615,1764461610,1764461613,2524,97749,,
0xf8dd8f6075d5bc57c1948df11754ed179abd74b26591259edfe3db5a828aefb0,1764461610,1764461613,2524,97749,,
0xfe9f0b1e1d5779c95e05c8ec74d05e4c0d29e8d4ea905eb16524f9f6694c73a4,1764461610,1764461613,2524,97749,,
0x2ee5729ceb325d072567dde774cba82397c0807d5cb33efeba81426ecf2cea82,1764461610,1764461613,2524,97679,,
0xcc803ba9ce43441b70e429d6b3c2bad604eb662986b76fed681dd3954a0df69f,1764461610,1764461613,2524,97679,,
0x120b0580e8ce2a4666257e4cd9ee7ce2fdc6273a6ddd2331b68778eaf6b5401a,1764461610,1764461613,2524,97679,,
0x10db9eb81d486e4a43ca720b1bca0b0d52c5cd2611317bd7e09704ff943c2569,1764461610,1764461613,2524,97679,,
0x970e37287f6f35f85e02ab85a2124d668b7ed0f866e48589898909e8ba0f1518,1764461610,1764461613,2524,97679,,
0xad07cc3f0496b7ee82557f7fb6d4211110c2560be055c2e239391f8c5db58ca0,1764461610,1764461613,2524,97679,,
0xf8bf62b185e70806019bdcc41d7f369f85c0e77860c4df3b67b331d58ca917d7,1764461610,1764461613,2524,97679,,
0x63244d5f6786b5e0fc53bf9fa6715a52182f5966c40568d8a102fb67544260f9,1764461610,1764461613,2524,97679,,
0xe1a2f16733b76be896dce66ba1035c3eed777994bbbe54a13100bd8657af6917,1764461610,1764461613,2524,97679,,
0xc27effa32d7450d247c0767b8d79e59904b0e9640f258906f8db316da789ede0,1764461610,1764461613,2524,97679,,
0x95a5024f086a8eb93d3161083ac53331c77ad5bc070081e8dfe32ddf3f50a108,1764461610,1764461613,2524,97679,,
0x9a664f3614bf247c424d5a807e903e93b72f418470db96c80dc9e9bea7ef7f6f,1764461610,1764461613,2524,97679,,
0x7ffa7ffbc043593e682f83c3d9249666c014dfa94c69fbe564e3a5cbf6506f44,1764461610,1764461613,2524,97749,,
0x0c040082fe3c6aa6d9d961e6220da100346b0e9ff3579ccd44ad8e73ba444fb9,1764461610,1764461613,2524,97749,,
0x4ddb938919c34dc22d55b4e83ea7993626fd679b90fa39e34e7f1505f313e7a2,1764461610,1764461613,2524,97749,,
0xd6eb34027714670d0de07754cfa9bda7d7feb555be2766f943673a5363891ddd,1764461610,1764461613,2524,97749,,
0x6c1fa2a9c7e133810c293969cc31daf460dbf01efd6116bc7e790783e054c204,1764461610,1764461613,2524,97749,,
0xcb26a923859d9dbc28d67e2f0a72e91bc45e2e8980baa83ca232d118c86bfb34,1764461610,1764461613,2524,97749,,
0x091d45fa10890a9b62ce0e307c417102b8c0702c552d59cf641b0d3e203866e1,1764461610,1764461613,2524,97749,,
0xe0adc142e71919b35123ec95de84ff7349a281165e8dd50e2daf849a6fc73d30,1764461610,1764461613,2524,97749,,
0x931ae9f97d718da5d6b36494d3638c3c6aa1e7432ce841f2933a4014b7dc322c,1764461610,1764461613,2524,97749,,
0x097a00266da5393316053640f2a7d2ab6e421e3538c5e8a7bbcd1309aaa1490d,1764461610,1764461613,2524,97749,,
0xa314d5d4083fcd6debbf300886789ff7c1f31afea5ba3023a47e731ce1368b9d,1764461610,1764461613,2524,97679,,
0x05efbec894afeae4c4ae5f6351ec92f384c6759d2f5ab1497cf8f377d03bb8b8,1764461610,1764461613,2524,97679,,
0x6a4eb27de12e4c5213baeb7fe1a38e08ac0ce0654242d92e567be1e63a89816c,1764461610,1764461613,2524,97749,,
0x901db9fe265e19f08aa3a47eac1ca340a4e08847d6931c8fe7f1f398dbd46b0e,1764461610,1764461613,2524,97749,,
0xc868362403aa60c3fd22beb9cae3e084d6b615ae60e7c9a148627d19bd5fea70,1764461610,1764461613,2524,97679,,
0xe240954266a2a45503cb7888f7365c82e10276d388b96664e73d7aae7f7659d8,1764461610,1764461613,2524,97679,,
0xc8ab1ae399c777157c4d91aec89e415cbd251a25bb6141f32693f9a30ee8274f,1764461610,1764461613,2524,97679,,
0x7b72cc3a8b0aaab6bcaf4a8d21433ec41f462b222d36a64e6fd3026e8d3746bc,1764461610,1764461613,2524,97679,,
0xcb3fe3fa795ef0138072667bb55fb32dc74f2565ad5a83e81ecd16b12fc6c2b6,1764461610,1764461613,2524,97679,,
0x3b54d75ecc4efc4bea350937b090711592994c4d7138003ef521f74c7edd8ed8,1764461610,1764461613,2524,97679,,
0x82ec48f3f325961505e1fe37dc4d0a2e2b2e0ce34da25c70fbe891646452a333,1764461610,1764461613,2524,97679,,
0xfefafb2395b04515b20e1d2349d53f6a9226cfb2dadaa96eaf24c1228008cb83,1764461610,1764461613,2524,97679,,
0xc00adf169dbbcfbbe38cab41bf4da26ba53d3f668ed3d8d17238bfece26e9edd,1764461610,1764461613,2524,97679,,
0x02f73b764235c6951683c802a5ecc2d8e11c1639ad157bd0956184cfc894c002,1764461610,1764461613,2524,97679,,
0xf896c047e1d0225ce15f9c6b2645e5e2dd5d45d570bc1264eb761a4018eff727,1764461610,1764461613,2524,97679,,
0x5fbce22f93e1226af541fdf8d835ff04b1774150409e41e483e345a5997c9f22,1764461610,1764461613,2524,97679,,
0x657f1e5ea380d62166acfcd7cbe08e6638d76334990d122d97be09f51214aeb4,1764461610,1764461613,2524,97679,,
0x79c1237f02430413f861b8faf5068ee0c769e663de6108a23fb15e97aa44c598,1764461610,1764461613,2524,97679,,
0x5a064b69988b076161bedfe5f449d9a63d5649a2fa9500ebdd03f688d16f556a,1764461610,1764461613,2524,97679,,
0x18a1f8bcb84c65710bd830517c91b40118f5cf5d348da4f6b11ed5b176d7afad,1764461611,1764461613,2524,97679,,
0x573c3a5783f186f897f50c8a432d22bbd9e5e36f094225c7196d6616058976e2,1764461611,1764461613,2524,97749,,
0x430aaf820e452774a03d67eb93fca840a15170110c8a239bc6b89b4c62f0baba,1764461611,1764461613,2524,97749,,
0x7e48446e021c39bfb2ea1fddbfa1edc6cfe29263ebb8fa6625543764247e96b4,1764461611,1764461615,2525,108165,,
0x41bcc495cce31e46825f266b06faaba93aeb520c5e85b074029e4dab5a0008b1,1764461611,1764461615,2525,97749,,
0xe4130ecc43e2b1d614d16c14b9c4fce096f160f1d91ff73b916889d7edca24e5,1764461611,1764461615,2525,97749,,
0x8d223313661be09fbfa37c3b59bebf79e726554760139aa2761ad5c35058932b,1764461611,1764461615,2525,97749,,
0xa2ba53232ecea1f4a09efb272ddd101a9b2a511063be409bc6070f70c8e192d0,1764461611,1764461615,2525,97749,,
0x02dd9c4f665e85927bc73bb90c27632b0a7234826850f7a2cb1936ad6ac9e92a,1764461611,1764461615,2525,97679,,
0x0103db8941c349574626c9227b00793dcbc724476f49f99923fcec2f10fce30b,1764461611,1764461615,2525,97679,,
0x813adf2e7f039346a083b4a94fb977ba6a6e23ae5faaa6165eb3ff9831d0c0b9,1764461611,1764461615,2525,97679,,
0x4c2af8507325c100b78d34e4ff65a50748a53edc8f32a3e142498cb3d9a01eab,1764461611,1764461615,2525,97679,,
0x2b96c01cfc395efd5667d8059f20f6922101bbf67cfc9fd723999f3daf7f3360,1764461611,1764461615,2525,97679,,
0xe845cc0506a237ce9b5ed21d6c5e6b28993759ec690a62f8ea07e894ceb4d90d,1764461611,1764461615,2525,97679,,
0x5e2c168c8db33854d308a21d72c85e1ddd29512095d6f29953baaca146b6eae9,1764461611,1764461615,2525,97679,,
0x63aef542c8591c3431f8a3f8948e6907e4d54bfe99d75040884a7ed58aee831c,1764461611,1764461615,2525,97679,,
0x03e5fa57eede736312f3e57b58c9898dd7be9eb5f1067516738764e264f0f347,1764461611,1764461615,2525,97679,,
0xbb39d3d6eb21fb95e1b9595a3daa70afa82146ebe67683f2caa304c78b538068,1764461611,1764461615,2525,97679,,
0x6fdb12d6d809f00304b881071ce95d1c0dbba0021437610ffe53a19bbd18a623,1764461611,1764461615,2525,97679,,
0xf68bcd9299d75f7a1b5acb31fca9bc2cfbf2e5627b01a581ddbbde90bfd80164,1764461611,1764461615,2525,97679,,
0x526ef399f7da4aece2221385f9429479b382341158903dfa3b135449bea4c7d8,1764461611,1764461615,2525,97679,,
0xece76368e9ac7ebfec84d9dd5b6f6d9e241920e4e5553a31a410540e56b795bc,1764461611,1764461615,2525,97679,,
0xf1939c696a5b41e1d8ef2daa47e011f66ab36e57eef704fd96e7d8c00701c4a1,1764461611,1764461615,2525,97679,,
0x0becc8f8916f523e82dbd26402819c449634f6d6579bdf390693141a9f094723,1764461612,1764461615,2525,97679,,
0xae6e313b9e8916370b1b6209f38ffa3cb8a58ff0aac4c6cc2951a20a1a05612f,1764461612,1764461615,2525,97679,,
0xb50f49051dc45d90d363ceb7316221b6d3a80cd10ac272b0256745d9bfa865a7,1764461612,1764461615,2525,97679,,
0x4ac42a6d369aa8d06aec3c8b3b3099795d3113d116d822ccccd1845b6192b2f8,1764461612,1764461615,2525,97679,,
0x5fadc235729c9e8c50f2a43225f9ee1a87717a7dae8e774a8bf57e11da748c51,1764461612,1764461615,2525,97679,,
0x2e04ad99dd242f234f4a8f64d19676df4e7c0d11dd4f8bf82e889997897a8517,1764461612,1764461615,2525,97679,,
0xdfef274ae3e6937611384113b8aac52e1f3f07ce3285f2b48af4aa16d25f4bd6,1764461612,1764461615,2525,97679,,
0x18da3271ae3452eb8c674465e49dbdb9b16e1c38241ae7e93925c8552ef7038c,1764461612,1764461615,2525,97679,,
0xee2d1039e406d4986931cd84f89f608bcf06f97d83f6ffb3ac41391eede74a07,1764461612,1764461615,2525,97679,,
0x9e1d5d8420c0ff66cf626ffe1ed99475befa26063f36378560629d0d028825a2,1764461612,1764461615,2525,97679,,
0xbb2606b6f146512e86c1c6ec170c4d3182890d97099ded7172f42e508753ef85,1764461612,1764461615,2525,97679,,
0x45107f08b74cdffba8edeede85b6e18ceb76d273074e6f2740cc7012a92d9a8b,1764461612,1764461615,2525,97679,,
0x50e56293427b2d6eea2094286dcd38069ba7e6f3a6e9530eded4ed7bc3d575d0,1764461612,1764461615,2525,97679,,
0x27413bc3a223ac5bfdb2eda28e3ccfdf64e04b1d597b963e07cb2bb2e56d66e3,1764461612,1764461615,2525,97679,,
0x1fd27f5cbbff77e4bb4ffb0fd9f99ea1e267986c4ab4e71548510549c39b1ecd,1764461612,1764461615,2525,97679,,
0xe96e99f814210e0fc94cbfac128d9689f7cc47cfdd10fce28038ba36993d2695,1764461612,1764461615,2525,97679,,
0x39a6fd7724dde76ee9e647815181728cf70aa5b3f2c4ef9b6bba7423889399de,1764461612,1764461615,2525,97679,,
0xa4139014af1e4d74681ed1edae71501495a28dc0a89b435f533c4c2c867e4795,1764461612,1764461615,2525,97679,,
0x6b0375a1ff293f7fac1932821086a34ef3b0a4a10a70e6f48d92146c1411f429,1764461612,1764461615,2525,97679,,
0x04762feaaa80b72b93aa19ccd36a28d1444311461ea2118051ad0771da485e9d,1764461612,1764461615,2525,97679,,
0x6913aac12c5452579d3450061b639e14a662768fc82df1be0c74f894dcb7780a,1764461612,1764461615,2525,97679,,
0x349eb2a9c8c0368294ff73f97c70d9ff9a3ab068dc5f8201f4e4d9df5303b8c6,1764461612,1764461615,2525,97679,,
0x7113c8a6f029742268ec7f876c55782db4433aec512b0480a5d6d5b8f844fdf1,1764461612,1764461615,2525,97679,,
0x700ae74798a0c4bde69a8adf1b4b0fc0931d9574b6c224c3cc97ce80ab55efe9,1764461612,1764461615,2525,97679,,
0x1836d35752d606da382a76932420d0e828f6fd4f3d198d61c0ba150bfb6610cc,1764461612,1764461615,2525,97679,,
0x10bc5c33e48c7ccec745b8902afe4b7c34a89a9210828f3a3e3b24d12325fd5a,1764461612,1764461615,2525,97679,,
0xdb653a9d012aa1a17d9c6015d558134cc43b1739b1e6e1feb66da1dd014b769c,1764461612,1764461615,2525,97679,,
0x4f6310467d93b5adcfe0f45723bf8ef18a25a2ecd945fb20c239054d6faa9b53,1764461612,1764461615,2525,97679,,
0x3babd09ddab71d4c622e5adfecaafa765cd6d4f3582465edc218825f4500793d,1764461612,1764461615,2525,97679,,
0xbec782629eb5aacd4f58f30e7a554f09ffb6cd0f7a50649cc5780e3bd00b1bbd,1764461612,1764461615,2525,97679,,
0x52b86e022f284c6592b7cc1a0fb6965a006b4904bfcb7bca96faacd7a3da43c2,1764461612,1764461615,2525,97679,,
0xeb24f9062d42ed07057a761c3ba051c8b15873702a15af45425a0a12c4f30fad,1764461612,1764461615,2525,97679,,
0xf3553875fa49a29ad450479a3f76e264f94d6b8b142f6dcb88e360f655fe9f28,1764461612,1764461615,2525,97679,,
0x3551385a2b180220718bf89c99c9401be20a2f46deb0b48ec8c57cf9e6b6fcfc,1764461612,1764461615,2525,97679,,
0x36727e15a5b3455666693197f243b9f5a32ae2288e757f33ea0d013a668d5bbe,1764461612,1764461615,2525,97679,,
0xfc6dc19582488c3c46823bbf357e3915c15d048d2a4c17fd4f8d8755ae290d41,1764461612,1764461615,2525,97679,,
0xc6a2c9fdf1a738a233cafc5e1f9347d699609242d859379ee288b1857c44ad67,1764461612,1764461615,2525,97679,,
0x7e19c8a7715f519335a03e4c5f22d79289581769ddff9bc71b89a08db40bf3fd,1764461612,1764461615,2525,97679,,
0x90f44d1ea97bd16c6215098cbd10b02b9fa5b70080acf945b3932ca7c1a63d3e,1764461612,1764461615,2525,97679,,
0x3e8d834769c63dc73235225123edf5a2db48c3e90c912659a129a6629e114bbc,1764461612,1764461615,2525,97679,,
0xa2f0b5c96d9ec312cf0a1e45e83a91f03789be623da2cb3b83d4f0bbd7d3be9d,1764461612,1764461615,2525,97679,,
0x2fc727c522da3644e64320527392adaf2e2e8a4c01e28d59c3773b3943786f8f,1764461612,1764461615,2525,97679,,
0x01dfd8d11e045d99b3394f0d6c601ebcaacf9f1be51878229c5536dc1110dc00,1764461612,1764461615,2525,97679,,
0x24c0817623a2f2b2d4348f3168081449d8283df4057706bf3ab64d0062d3f939,1764461612,1764461615,2525,97679,,
0xd7f0e04a3ffdc0b3a09ca5daa4d34feb3d687672a3f08df1ae4c22869747e5e4,1764461612,1764461615,2525,97679,,
0xf0b11018c5eafe7c2396730ce449f57e391d14ebd59b3865d9411e6b9616c472,1764461613,1764461615,2525,97679,,
0x910c8d2ea7a8ad97150d3114dc4f94eafce633f1224744daac6c5212668358c0,1764461613,1764461615,2525,97679,,
0x171456dff0e3a6456f686fef947f06198e198553fa9e12d4ed489042c49971a1,1764461613,1764461617,2526,104452,,
0x7af62b6d557d93d6245b31f2c876195a3d9b735e979bed257197dc0bb6ef847e,1764461613,1764461617,2526,104452,,
0x2400af3dd5273e95f3db35841aaddde599eb7289a483e67268c51e95c88c1d49,1764461613,1764461617,2526,104452,,
0x2801d0faec02cef5f635d71b69af82459bc98d6c38885d716fe394778eefdf5c,1764461613,1764461617,2526,104452,,
0x67c92e1fd2ab5bf328779b55e95391b82db4a35946a1ac38dbb5494833fe00eb,1764461613,1764461617,2526,104452,,
0xc7385f9c0296d661fd0d672a7ae48fe17112f04242fb2754a6417fc85b1eee5f,1764461613,1764461617,2526,104452,,
0xb7736bfb15d2b9879601a1976cf66070649fbda8bb107f2a71ac7295862169fe,1764461613,1764461617,2526,104452,,
0x5ac05568731d2139dfe257af62f92bc071b8e6af582887472b09ce824e4c7166,1764461613,1764461617,2526,104452,,
0xa4119a05d04fcbc879882542ccc0995ce0c36227442d0b59d73da8a53b1afe39,1764461613,1764461617,2526,104452,,
0xb265940e0ce13844eae1b9683bc4e2673150c872fc47821342884efa0b20e348,1764461613,1764461617,2526,104452,,
0x9a167f28170550099c72496675b5856b63c7015d3b645d61e6b3d4a23823190f,1764461613,1764461617,2526,104452,,
0xe537f7532a9197beb10ef95ed808c6552c08526b1937b957aa54830a16caf6cd,1764461613,1764461617,2526,104452,,
0xeb315153e4f5ec8080c308660238f99c4e1c3b46cca2e7887055cc8432211ec7,1764461613,1764461617,2526,104452,,
0xaa2900b3b2cb61c97e43b585c16c6e53d57bac5c70a90f6db5c9123301ec320a,1764461613,1764461617,2526,104452,,
0xe95c850cd4976599ea79cf0bc3e308408e66e6f297685ff636b2f7af293cc974,1764461613,1764461617,2526,104452,,
0x83ee9293ab57d05efb0453ff7aa78ccb863b4c66dbd93bbf80fa951335660e78,1764461613,1764461617,2526,104452,,
0xc6cd059d22313e55793707b455425f5b865d426e66bee82634a85563473b6e12,1764461613,1764461617,2526,104452,,
0xc75fa1d81d43ab62a59d445356b504c2e6cfc215dc5615640168055ae4230e0b,1764461613,1764461617,2526,104452,,
0xdf73512d2ed1352c770b0e6a09b94f0c220d531f8faeaf2d0e1b3a26b3c8dd00,1764461613,1764461617,2526,104452,,
0xf78023b974b073fbfcda1d4f1da3fd8e6f9fbcb86815fe2ef680ccaedca524b1,1764461613,1764461617,2526,104452,,
0xb848ad692e462fbc196f334052c1fced89d12443a175e9a8b4bc5c80640b0c83,1764461613,1764461617,2526,104452,,
0xef7c76da65ea03f161c3a952db5cfc0680e775bf8a1a71f0b8d7d8eb298e8e35,1764461613,1764461617,2526,104452,,
0x46e677f4bf3cb0ccb8ececa2cab6f161d883fae9dda2398b0ef0021cf26510d6,1764461613,1764461617,2526,104452,,
0xe208a6c35d4c5b05d5ec419f0f7d88f0831d5867064b5f59a597511a2302156b,1764461614,1764461617,2526,104452,,
0x6b9b6f0f1957cc3eef7d27c1d357c032ecf6392e82f57e6e1c99bca78feb76bb,1764461614,1764461617,2526,104452,,
0x62f28abf6cf888d07a5a4317a06156c64c8fc3fcc84f9627c59b2cb8c9d8ff57,1764461614,1764461617,2526,104452,,
0x3bd58febfcee6db86799790cbe0a8a04f70d73545445bd8cb993d4086ec7bb7c,1764461614,1764461617,2526,104452,,
0xae0defadcc222333928e9bc61979edbfbb788200c8f128d0319129847e709d24,1764461614,1764461617,2526,104452,,
0xf1ca99f40bdac3b666ac4ed86e65c4f50bc32eb9f81bac3b296a22f12621df28,1764461614,1764461617,2526,104452,,
0x53e57d51b8be74844014749baa601b05212ce0f9349931e649c2725372277652,1764461614,1764461617,2526,104452,,
0x614fa1d64685a7c0a82047d402db6400d9b46563ca22204a79239d2cd2301e38,1764461614,1764461617,2526,104452,,
0x2593ead4e713cf39b69e3c9c7bd6ff42ab3485c6283e77adcce71cc58b41f14e,1764461614,1764461617,2526,104452,,
0x56fa7ade454f110b10dc2b2c4a09add454c232125c107dbb761de55a681f51d4,1764461614,1764461617,2526,104452,,
0xfa284b6c08faa105df52af558899d1da657855a50ac2d9b6792bee99562ad301,1764461614,1764461617,2526,104452,,
0x0cdf59e14de69b014b98a4a4df62bb9c486ae3fdd103cc1821a4e767ded3af4f,1764461614,1764461617,2526,104452,,
0x42969c3c9d299e1d3c4ce1ac4fce0d231a55cc84c43d3cde82d100039fa982b8,1764461614,1764461617,2526,104452,,
0xfa46c089757b52126d7d41c3ab9852abfc8ca261278f51d1467639e9ef77462a,1764461614,1764461617,2526,104452,,
0x5f435e102e0c35545a3134d2e9e1a7ee5485e3f4dd7e1b6b6386c27d4bd98ca0,1764461614,1764461617,2526,104452,,
0x63105280aa46933fe0349569cac11bf5cea834572930288b92d4689383de6a75,1764461614,1764461617,2526,104452,,
0x8352a1adeb5eea1f14837efce301ef59cfa32e6c4d3a929234754c2abe4f9873,1764461614,1764461617,2526,104452,,
0xae6e5b04bb9c8a5ad00e7a7f34b0d5bf68a5025e7335e545a86eaf4f990e6101,1764461614,1764461617,2526,104452,,
0x55c2eae494fd44c4b8252dd82663c3feed84fbf4218b6a955f024d75892981c9,1764461614,1764461617,2526,104452,,
0x90c720f2cb4391236d377d1c34b7aa3016e0088f9a2d950d135e2c90d72b710a,1764461614,1764461617,2526,104452,,
0x69f2db1e3e8fcec1992bbc6ec1295081a6e0119110955628aba7327fef160d99,1764461614,1764461617,2526,104452,,
0xff0c3aebdb839569df1b55c750ab4247a8154f8e0c1df738234dbc638bd90bab,1764461614,1764461617,2526,104452,,
0x1fa4d13ca9183f1a6da49bf197e42f48c00006b7a018fff15853372ed2be5265,1764461614,1764461617,2526,104452,,
0xe16ca8c2f3c0e78c722de25c78cd546ffe89ea855b013a69920fca57194acd7f,1764461614,1764461617,2526,104452,,
0x1acd32993770f6fad4296897876c5eb4f532fc8011656a5cd8f8de052bd0abcc,1764461614,1764461617,2526,104452,,
0x660ed36d29502710c34a9fe56bc1280a082a174899369f8a319bdac54b73ce12,1764461614,1764461617,2526,104452,,
0x9f7e5579f4ae3c9d6b2db49cbb6b7c78d3fa496388bbd4fb76c6c504a4c52880,1764461614,1764461617,2526,104452,,
0x1476752d05570339b4cf2c7cb779ace96493b66216de18c1c1fee0a6de657743,1764461614,1764461617,2526,104452,,
0x5d841e668a88b268446db7aabb557d5aedd720439e60e9c012ff07eaafa680c0,1764461614,1764461617,2526,104452,,
0x25dd1523c8a3388d6ea42185de28746c44db30c52221e9575c47f14d1488870b,1764461614,1764461617,2526,104452,,
0x047644ce4e9c22daf8c8a8b35f7e7bcf8d256ce529919c2830594261a4bd16be,1764461614,1764461617,2526,104452,,
0x11b291a09f1e3fe0ee7b3c7c8c0fc0b85c558ee50f710c8119ffed3b18766d5c,1764461614,1764461617,2526,104452,,
0xd667c24e4b31223caddd425d97b88b8578b90311c4f755530bc2a1dc0ab07806,1764461614,1764461617,2526,104452,,
0x86eff033e4612576707f68174035f311ad0c9961d529f7ab7ae8ca09353e0b74,1764461614,1764461617,2526,104452,,
0x245db01ee36ca6c4aa50d764f8f309635ed04f8ec5fb892e123a65fa7bfe3542,1764461614,1764461617,2526,104452,,
0xfc214a3246d7abfb4101fa822d66e6e111f4917f38572cc2b74f81cdb53e42ab,1764461614,1764461617,2526,104452,,
0x210dad124c7bfb2ceba64adf082de89e42f94a3c0a9f5db4df0bbabf455a73fe,1764461614,1764461617,2526,104452,,
0xbf72d1b44b97eecd7339f80d7367a94fa2c68951179d760286aa795d8c39a1cb,1764461614,1764461617,2526,104452,,
0x25e8cadeda8ae5efe398ef25a22087a12219726bf51bd6fe98da3c972980fbf8,1764461614,1764461617,2526,104452,,
0x0ddf216249e01943e2f81e2f40f91d77b81f72a3fe81ff82d120088c08834565,1764461614,1764461617,2526,104452,,
0x9fc308bfa80f9ed730fffe8af905f6217a704bf3aef64e90b2c80ba526d051ae,1764461614,1764461617,2526,104452,,
0xaf28abc4716cc5a3719fc138c605b5f33669b64d4da1de7e1acaf2cbca5e2919,1764461614,1764461617,2526,104452,,
0x0fe5e6c739ef215dae6448701b45c04b56446d27f6f8e4848f4fffd9e15161d8,1764461614,1764461617,2526,104452,,
0x12e418a4d68976230650c3afd12651b822d723ff820a9f8154e3f33005e27b83,1764461614,1764461617,2526,104452,,
0x087e0b60cfead7b3ff20d15ae555b7f56a8a2cd3588182e3d4616e9da33a8bfe,1764461615,1764461617,2526,104452,,
0xd76dc9de9c7d163afe036270c33ab3716f0c23b28cdc0c14e648869126baeb3d,1764461615,1764461619,2527,104452,,
0x9c9c861be7ef4ff7ba527c9cd257e774beca977eb93ac824c48c0965002af2da,1764461615,1764461619,2527,104452,,
0xbf53e53607dc233f27f030a04a83b578a2970a59b143b5ade049fdcf9109b728,1764461615,1764461619,2527,104452,,
0x660a212935b805f6e6fcf7e31ccb023d62eb2585be9526a4c72be75405115a4b,1764461615,1764461619,2527,104452,,
0xd8fe4240ddc40424bbbb6cb1cf198fe958a026e0889a9eb8a351950b02c6159f,1764461615,1764461619,2527,104452,,
0x47ab36ad89c32db977416a6a6014668221009398bdab45e08519de4c550efff5,1764461615,1764461619,2527,104452,,
0x69ca5fb0f07d35587129f3ce5363e49dd6856f630a87f89a738463fee10d2708,1764461615,1764461619,2527,104452,,
0xd8d7c7e217d5b052a5ce819bc3f277c686b600b48ff7d8510176f53a36ef07b2,1764461615,1764461619,2527,104452,,
0x5ad99b9532f19ff1b4450390ea0397122430a120845dbdc1311195dafe9ea4ed,1764461615,1764461619,2527,104452,,
0x3f25eef2e30c49b5524432a342bbf41b78cadfa29ef1caf228c24ac55abf3315,1764461615,1764461619,2527,104452,,
0x143fff2b438f6d4f9d2f34127e583446aef49ae4568b5e5ba2837935104ceb1c,1764461615,1764461619,2527,104452,,
0x126fb00bff50a785c3db49b878cebc3d2c11f5733ad59e2efbbc688e32e04278,1764461615,1764461619,2527,104452,,
0x7ac082d05f8f066eefa09288022a1241e9034b38ca0a2a07f2279028db09ba5d,1764461615,1764461619,2527,104452,,
0xc487397a49de258bba73f7b2fbb298af706666423253c456d4a7a1dbe1c161ea,1764461615,1764461619,2527,104452,,
0x7f4647e903182bf087935b4ffea08594900d202fc565526a966a6b670f2fe05c,1764461615,1764461619,2527,104452,,
0x3b248221cf6bd834e811dca86fba800c263f1b825903fb06eed56815c9f81979,1764461615,1764461619,2527,104452,,
0x23de13852ecaf92476358aef377078b01a59bdc5b46cf00a661b8e63fc83f1da,1764461615,1764461619,2527,104452,,
0xd00b22e940dd8522dd064d90461f90dee70d744b80f574abdfdaecf35cc4cb8a,1764461615,1764461619,2527,104452,,
0x7d5c94c7439279a180e27e8cb8b4f4a1ca140220b8a756e89718e8df6fb16c44,1764461615,1764461619,2527,104452,,
0xbc342fa2d121903a0f94be914c0a766f07f9914a82afad25380ddf1e925ed371,1764461615,1764461619,2527,104452,,
0x4a32a140a708dbe3984e0077f18bbe20a944da0efbf576ef949d2c8b0f90867f,1764461615,1764461619,2527,104452,,
0x7ff9ca5a9984de7359df40de2872a331b8f380a92bb0d2dc8f156f8b73edbf79,1764461615,1764461619,2527,104452,,
0xc210d2ff14ece5593779fa89fb617561bc4be6478f274a473f18262d8abd8df5,1764461615,1764461619,2527,104452,,
0x78c1a13b518f2d13a41cebcd238264eefb7b2fb01a66d0c02d9bff74e57fc054,1764461615,1764461619,2527,104452,,
0xa4c483a288adbc09df280ecad3ec525b6f6e774b81854cd39f74f8e8ebfd9e27,1764461615,1764461619,2527,104452,,
0x7a5aebb62d9c6a2345beccba74b63b932ec09e7326051ed096505430dd233e3d,1764461616,1764461619,2527,104452,,
0x309685253118057d31a712a030cfd47c4e16d4ee477752bfc5882ef4f553560e,1764461616,1764461619,2527,104452,,
0x839d2b5ec7ffb7fe65c310005fc228b36a5c923423e0d8cbce6d0c998d108e94,1764461616,1764461619,2527,104452,,
0x085b946435612580c64489d034ebed0762f33ec77d70f31eb9b166b7fdec91ca,1764461616,1764461619,2527,104452,,
0xf135b40835d7009f1a50ca6907f3363a572eced15b16da58043381bd862eaa83,1764461616,1764461619,2527,104452,,
0xa04af0852189b36ff7af1e9fd0d4ae1c843e45b8caca521e5ee0137d5b5a4cdf,1764461616,1764461619,2527,104452,,
0x215f8bdf14b2200bf9fa3c262928d35a02325dcf2d2831690f936526e05cbb22,1764461616,1764461619,2527,104452,,
0x7472023ff12cf0988758006bd9bfaea693c99b23214d93863c17630fd9d42b2d,1764461616,1764461619,2527,104452,,
0x81f8f934d0d47d575bdf8f9c9b5d1462a9fdb35ea7158182fc2dc2f02e7a0790,1764461616,1764461619,2527,104452,,
0xc55de73607071427af4ad4f18512d7ce0fe1ae7be034e96ee5873727e6b808ee,1764461616,1764461619,2527,104452,,
0xa0d26afcce5bac6eb29b41bf906492b2307f0bce3e38356214205880e1eb5183,1764461616,1764461619,2527,104452,,
0xfcea0c0b70a66b4b03575fea3fe98d698f0166796d98558bc416e26a59344fff,1764461616,1764461619,2527,104452,,
0x4652d61b555fae798c3d0a5564248e6fa000d110e8dd5a3cc115b080d9539e90,1764461616,1764461619,2527,104452,,
0xb28b8ce493c3c43934519f594a76172c3d208c1373cd60370741f047847d408c,1764461616,1764461619,2527,104452,,
0xa710230c50deeb885a294c044bb690cc6f4fb24676ad2080b41a2ddefb8027c1,1764461616,1764461619,2527,104452,,
0x40fee7ac4440b86ac810690ad6aa157b3022cbb60aead3864e46eb5767a0d477,1764461616,1764461619,2527,104452,,
0x39f13ccc21d07ca71cc8993f82545a8caac021b0204799f6d41d8675591e919d,1764461616,1764461619,2527,104452,,
0xb8a6813fc6d91ff225d540b4d737187b43391cdcdf36047fda68e50544713693,1764461616,1764461619,2527,104452,,
0xbe6bca94875c5c3489aafdc0f98fb7a052c0846729581d8c973245bbd309e183,1764461616,1764461619,2527,104452,,
0x10d49446ee1756bd61f953e71c2fb19afa69658b07cde2cf717e102e99e939ae,1764461616,1764461619,2527,104452,,
0xf42d62c2f9af76a5513d09b869288e03ff5f661f64b903a68f3baab26e3603e8,1764461616,1764461619,2527,104452,,
0x2a2d1c5e46f15b1908f06d8f599a6df0aecb7380465c79025d38ed182dcbba94,1764461616,1764461619,2527,104452,,
0x80f82fa43bd2f2a3ac14354789f2d759aea28588423a0fbe253469e1b6171ff7,1764461616,1764461619,2527,104452,,
0x7cf9ba63e72841d54df5ba28cdba22b13037e3a7e13b2c95593813e37e1b2c4f,1764461616,1764461619,2527,104452,,
0x434683e24bffe1b015029f45958ef75ffa81237e5332e55e417aef667a445379,1764461616,1764461619,2527,104452,,
0xb7d3e70daa332176760e5a8fa89f61912ab39e1832200931f3e9acf4ab88339a,1764461616,1764461619,2527,104452,,
0x58728fc73a4940de4912b7247ac65f8bbf68b71168b15f467f727204ed44b768,1764461616,1764461619,2527,104452,,
0xab80151e6dfe964583a0283666af7130dcf951eadd1aa80aa25f7ed58daa33cb,1764461616,1764461619,2527,104452,,
0x4c8bb0f7aaf3fc87b06f3cdb32983fdd7119b55695d935be8c82ffe11137c392,1764461616,1764461619,2527,104452,,
0x9971081ebe0290ab71c5f1020df7ac5766c93a9d60563deee20772bdf5d6a9f2,1764461616,1764461619,2527,104452,,
0x0911b97f22d1a108e00a6f0cba07d5c1d46ed64fd54d92b32295926a4a85de05,1764461616,1764461619,2527,104452,,
0x6f05cb00d03ff7623ddc43422c3a84874166105bbd386a464447ea11cd7b15d5,1764461616,1764461619,2527,104452,,
0xa0605d5e55fd4a0f8e5af0351c2b07b90eb762cbdebb174245655a180937b650,1764461616,1764461619,2527,104452,,
0xc7acc559dc5a0cc1c77dff9363961bc538d99eb6b58868c106c298e6ff37d785,1764461616,1764461619,2527,104452,,
0x92e4b9612f2828b4a05165818c547a7c556cb592416f98be16ca373bb62ea7d9,1764461616,1764461619,2527,104452,,
0xf65bf73bb91da9d36700587097ab4fccda9393453314dba27c5d70f7b78105c5,1764461616,1764461619,2527,104452,,
0x7011c65a0db1a205e197dfa5ac9b152d3775ae58dcf73ed88ef9c78c8b99da57,1764461616,1764461619,2527,104452,,
0x6a418550f0665cbedbe03099d1f60eaa6b1d2fc87355c217c9f42d4134aa23df,1764461616,1764461619,2527,104452,,
0x66e67eba0a3c753cf9337858c9466f1cec1504dbc977c15be31f3574ab538844,1764461616,1764461619,2527,104452,,
0x71433845e9a3fbbfb424cbefc0adefd6e3e27935f64e30b8ede298c68f28af3a,1764461616,1764461619,2527,104452,,
0x0f25a85294545dc5faac812e6f46c3e5ca3c02919d18514d9a334ee6d3cb78f9,1764461616,1764461619,2527,104452,,
0xfe4e191e5a5fdd7a19d654561c254b39a13663b80cd3c2af76b6a7c60b5e961d,1764461616,1764461619,2527,104452,,
0x25b279cd8855581383224aac290fe2d09e7e225cbc09b812b05df718293bc5fe,1764461617,1764461619,2527,104452,,
0xc79670fa9d35dc927c9246c0f0a3811410d012d55133dcf557064eefe66ff6bf,1764461617,1764461621,2528,104452,,
0xe6fd901498cb2816a81c313a2f11c0d391f48fa2099a929120ffa34eecbdb09e,1764461617,1764461621,2528,104452,,
0x102d2b65847592bb104218625af4c0494ab04e477b5d0d2568d17579c4946bb1,1764461617,1764461621,2528,104452,,
0xa844ded3e674ba9ca0ed5ddc6999141a57dc382d3b2c5458015a367a90d4ce2e,1764461617,1764461621,2528,104452,,
0xa0e57dd21ed085764d19cc14b2daaa121d2911e47d8ce36e8521fcb349493354,1764461617,1764461621,2528,104452,,
0xfe9e37087aed0702852fe5378149f73a521fdf6353d86cd1ec573683d993911a,1764461617,1764461621,2528,104452,,
0x5d5afa1c5806a0ed819a907ee0102da4367534dc8aa7d16f4502c78006d690f5,1764461617,1764461621,2528,104452,,
0xb0c2db35d80b0ed4b5fa530c1265512279e4df41815bbb710477bdf4936b9046,1764461617,1764461621,2528,104452,,
0x1c6a1ce8ab81f6fc285cf31414f6a2dd9b39ed1d6a9e470af8c283a8f72f8e3f,1764461617,1764461621,2528,104452,,
0x16243df270b9a971af20a3903e6cacbb6ba02877ae5c1367fd9c2751707db53d,1764461617,1764461621,2528,104452,,
0xed0bedf81ab6a81d2e165df7617b80445386d48d61721a5e596eca45bb0ae295,1764461617,1764461621,2528,104452,,
0xbd1e1ace4b6e41e09c30fa042366cbfd2faba78e4123bb0699e59dcfde0201d7,1764461617,1764461621,2528,104452,,
0x4c65158deb6c9ecde18400a48e8780d3132a33d2c7432c311726e5808db895b4,1764461617,1764461621,2528,104452,,
0xe0d7abce7fdef0601e24e0160279c42e874cd2b0d09db0052ca1ba73bc00e438,1764461617,1764461621,2528,104452,,
0xf129114a5bc7404c173bf967d035a60ce750ed6316a39b56f32c45f75a5904ae,1764461617,1764461621,2528,104452,,
0xda418f22479f7b8919fcb22a137b10bdeed7c350effb0b6a8fe417288a897d46,1764461617,1764461621,2528,104452,,
0x991a1f9f72488d9ead7aebc8dfd8560ecbb767932b5d2ee40f0178ab343f0d3e,1764461617,1764461621,2528,104452,,
0xba1c41e3cf48f35119b353713c61cac005828e052a8ad22e3b09862c112f6acf,1764461617,1764461621,2528,104452,,
0xa6d3ab22ac8d210a54b51fa84c00331d25e51a296b93f1949a6a12f9bde22dd9,1764461617,1764461621,2528,104452,,
0x0e5f813ffb6e2f66f4071c4393196e48149c6524e27f251599f71fe11fec77c4,1764461617,1764461621,2528,104452,,
0xac6a81bbfaed0967212e715f6f98b1f6c17ed400bfd3690b2be25ed0b7821e0f,1764461617,1764461621,2528,104452,,
0x9e610053b5eb2469d36fe750c79742a5744339e167af712dcd06bd68700a0bc1,1764461617,1764461621,2528,104452,,
0x0c082a8fa3d6916a131774ea2454e3bc4ea885160401b88c459373b63f783ea3,1764461617,1764461621,2528,104452,,
0x96df47b4fe7bb651906d6e035ed42f2ffa33ef34a7f76fbfc13b031cabeb3658,1764461617,1764461621,2528,104452,,
0xa6d9e6098769f4156c8d70e42ddd7643b0726f21e90922b8430b25eb4783274e,1764461617,1764461621,2528,104452,,
0xdab9539a426ea4a902a7f214ebbbc452468129d221c0b15060870d90458243b5,1764461617,1764461621,2528,104452,,
0xa726ff6597ecfa59664409390e459fa3ea43b45c60816d97c389750baa415dba,1764461617,1764461621,2528,104452,,
0xd9a31d2a66888426eb7c28401c0cabbe58d067e3da4d0dce5e3329dec08b7e52,1764461618,1764461621,2528,104452,,
0x7a84d85c88f785672825d36a5d4546e123116403df76694040855459b1faf0af,1764461618,1764461621,2528,104452,,
0x36b3212bf86f977e240ac52e40f05f2498849d860326b93b5c5081c2a6088d55,1764461618,1764461621,2528,104452,,
0x6338750c8ed6b9c8d69dd511cce68c0893c8d2b9751c9ed3d1d9119bd1f9556e,1764461618,1764461621,2528,104452,,
0xe196c0c523b64a883660e6c5ac6eb033d0865b81b3990382452229c488250122,1764461618,1764461621,2528,104452,,
0x411d4cebd108a707cc25cbaa6f9fa0971043b0cb4dd55cad2a3f5bb72180e871,1764461618,1764461621,2528,104452,,
0xc2c4ba9f920028d1d8eb9e8132b50904e8eb81ca7ad9620843d7462477853495,1764461618,1764461621,2528,104452,,
0x366ea03ff05eafc1463e36484df68d23ac1de52dd634818bd6dbaeecf80d276b,1764461618,1764461621,2528,104452,,
0x093f77ab7f8d46e569283d2bafb25aa191966f2104ee71a83a8c575d143572a8,1764461618,1764461621,2528,104452,,
0x9e9f075197e8f4d20779596ed5c39ecd0f5dbbef6b7025106770af3e346d5747,1764461618,1764461621,2528,104452,,
0x47e11138139b1c798e826d52c5a42feb0890bb75d639583dfc61d95e0a3cd368,1764461618,1764461621,2528,104452,,
0x9ba5d268f1506be1f718dca8113e64642fca6765a3221579c4f5bb872e19831b,1764461618,1764461621,2528,104452,,
0x76d8e0ee37e00400e4a371edf8a2e642ccc2b3d08df36a2eb3e7f9c84a156a2b,1764461618,1764461621,2528,104452,,
0x21fe4538868ee50dacba206c01effccb87e9307c737a90576ac0dc52dc9eab7b,1764461618,1764461621,2528,104452,,
0x2e07c1d44620ce143602c0c292d1691dfed3e59266e6fa3d4277cb98e809e384,1764461618,1764461621,2528,104452,,
0x16c4764f0f74d1e417eb8bb7cd29822514a1cfee2f68ec9c3908afff615ad41a,1764461618,1764461621,2528,104452,,
0xb2a971593133d745f176c0f7219e499dbd4187c8c91f3fa588ed514d865aaecd,1764461618,1764461621,2528,104452,,
0xb4f19f865399e9b650d26376faba87d8ce15baaf4872ce1cd8a34acf22f880b7,1764461618,1764461621,2528,104452,,
0x97b4a5c775a580c27fb49b19c55a126c25ea002b7b4208e892b9e0b7147475c5,1764461618,1764461621,2528,104452,,
0x5482c7101f1cb5b7b41083ea0d0bc5985159125119e9694c4ce373e01f18bfbe,1764461618,1764461621,2528,104452,,
0xd857d0df31509754e9d4644087b0e31496909f1e26e43d75f19c7bb9f311d826,1764461618,1764461621,2528,104452,,
0x4308fd724ee9bbc231de1ec001445d0895656f5a4390c93dadcef30db2a21f70,1764461618,1764461621,2528,104452,,
0xa4776bf47103f63cc81832c3a170715645d44ed98a3617dd34bc121caae883dd,1764461618,1764461621,2528,104452,,
0xa48b96d1d536131eeba36f3c2bff2a3ea1f4f21188ae5c3d8d2a6cb58098420e,1764461618,1764461621,2528,104452,,
0xd7d2dcff4d53666e92447c50084e023ce37c7b91e7707cef5cd8b4043eeb556d,1764461618,1764461621,2528,104452,,
0x26abafcd82b128f0e6e15f851d2233eb10eee04bc0758d945dab0bf2b21c9cb5,1764461618,1764461621,2528,104452,,
0x4a76843b7329ba8e026f9ee090c56b073165d56af238f7b17426343a37f7427e,1764461618,1764461621,2528,104452,,
0x3acd44791c0792462f9e762449f56942c2d2e31ef7f37679a1260f457524d330,1764461618,1764461621,2528,104452,,
0x9ddfcec0c11356b46d20f49aa5ce4893e831fa1b9a2b09f26c92ec4f8ac29885,1764461618,1764461621,2528,104452,,
0x87a3554c927b37b7282823709741fea9a9b8da82b6f2027917bea56418d8f9f3,1764461618,1764461621,2528,104452,,
0xa508d929b50a32f5645a3ff469cb75fa9d3b853d0e4aec86e2f684bfe52611e5,1764461618,1764461621,2528,104452,,
0x3e8b7924bb99e66299908e273cd1709926bf4a4bd7912dffd76f3563d58b5670,1764461618,1764461621,2528,104452,,
0xbbed4c412d918f42d391b387727d5bb407e9e532381c3af67dc6c1388728b7d0,1764461618,1764461621,2528,104452,,
0x4a71dfe41172aad42a4bf774603bd985f4a742e64b5bf489f4a4e4fc9033f7d7,1764461618,1764461621,2528,104452,,
0xbc0babad4c3435f89d3102d83233cdd5f1faf3dae8baec444aaf8c7deb2880e2,1764461618,1764461621,2528,104452,,
0x9af2ff05c9f6b8726bfddaf88a479b3225bb5a2773944b01a0983ff9b08922e9,1764461618,1764461621,2528,104452,,
0xd6ae3a3dbdbbd9d1c9cb9e2e8825480bb180d1d9f1c00aa5bf65a7d8d3368b8c,1764461618,1764461621,2528,104452,,
0xc5fac0dc8a4c2031bf90ae3a65310d76d739dbad303b45274ca4119432003a20,1764461618,1764461621,2528,104452,,
0x702acdca2eb136aa7de7ac6701d31bd6ff20e1b0925d914b2a864a3040d01736,1764461618,1764461621,2528,104452,,
0xd9268ff795818f781c0a8e72d4e75dc2d12df13ba8c1dd48cb12efe57a641ba4,1764461618,1764461621,2528,104452,,
0x7f9eec1563d2cac6978c5faf12329e64f736fe1eccf19eae1cd90fc8dbf2f7f7,1764461619,1764461621,2528,104452,,
0x642d3a780305476b6be2b4e3ce2cad8d3eafce477e2cd67c4224545c6945ac5c,1764461619,1764461621,2528,104452,,
0xff18070c1cfc4c09e7a9d9cb1b76db507a3ce20ca9eeafb170f834ba0b881dd4,1764461619,1764461623,2529,104452,,
0x77b5cde554935bf169f1044750ee769e89b76d43401e17ff380e0a3428b07276,1764461619,1764461623,2529,104452,,
0x8f4e6caaad7e869600be1868b3a59bc9b9a5836067d78002b64ba63d12f8739d,1764461619,1764461623,2529,104452,,
0xcbc2557add589383dbbb51f9d9d3e2079435228d7842642c475bc32ff52b5f8c,1764461619,1764461623,2529,104452,,
0x91a3d4d75fd81a7c25ce12c4645ec6d2b3d10df6cdbcf3d7df293f18ff8ece2a,1764461619,1764461623,2529,104452,,
0xefc7093e0b1efb523b661254eca08077a2c54d010956e9f0cb3ddcae6f053857,1764461619,1764461623,2529,104452,,
0xac1ad62fb8dc97c17e9451d731841446b1e5b424ba97ae7f9c86cb533760994f,1764461619,1764461623,2529,104452,,
0x7b1f63159a9a9b09914c6e74530a19365573974f7b94a49b093f9b03f8728157,1764461619,1764461623,2529,104452,,
0xee975d03b7f1aecab991fdb53619150160cf5f491846620295770911c7e0aec0,1764461619,1764461623,2529,104452,,
0xcccf98afaf4a77ec30e06a0658d60ffa9b0f21e5d1ca155bce76d8338ac37efb,1764461619,1764461623,2529,104452,,
0x1505e550a19b7087e8a73115ced80465cd03a330743e3336f4125ec6a804d297,1764461619,1764461623,2529,104452,,
0x596558a668681cef03636d74a6d77b3e8fd26db6abadf24b6568a03cfb9a3c3b,1764461619,1764461623,2529,104452,,
0xaaff18b4ade8e7acc465396ad668ab77b357570f84ee21ea38587b71d30811f4,1764461619,1764461623,2529,104452,,
0x1002d268393f814f7bf94073c6366d7bba0944715e1d380666aba711160dab64,1764461619,1764461623,2529,104452,,
0x055a8f38b5bbe4ccac9e477efdbda73e6642aa27fee22f1ac0ab3655584953a5,1764461619,1764461623,2529,104452,,
0xc0be94439939859d689ee7ea6b945c3429ed43742a8991cba38f662ca39bd943,1764461619,1764461623,2529,104452,,
0x5892bf960492dea8db1937e4605a6092799135f68a8860713f02a509484b7f76,1764461619,1764461623,2529,104452,,
0xd8877940bfb156b595bdd41c980455d11b0f77beb926315c3329be1d9839b862,1764461619,1764461623,2529,104452,,
0xdb82027fb9d8aeb49b7909d2bb52442bdf067995ad36a69d97727c78c3c02148,1764461619,1764461623,2529,104452,,
0x3add6814c6082164c41700e5f2feb9dd8094c5b6861823e19af059121c3ee441,1764461619,1764461623,2529,104452,,
0xc2061da492a41fbaba4f8113a768cd2e80d035cf4a9c3148c48bde33ded3ce3b,1764461619,1764461623,2529,104452,,
0x923ca9a60033cb4254cbfe845a43ea1050cc8a91cec3a6a9abb8023ea04d6d1b,1764461619,1764461623,2529,104452,,
0xd2f910fff57e2e6b9760d904019334e8a2d5c5b9f51e647517daece2e9e2e6ed,1764461619,1764461623,2529,104452,,
0x6cc384aab7932bb53eb9498f4d02377e6b0a127a852b1e38b182b0dbd230fbb9,1764461619,1764461623,2529,104452,,
0x7c49e11ea0506af0d39eb090e9e32e1c627df38819c29d48e577b5ca6a442d0b,1764461619,1764461623,2529,104452,,
0x3ba489629b05d67dd8dc18a487e74ad233d798bdab5f15216b52d2c5e2ed92bb,1764461619,1764461623,2529,104452,,
0xf4afb32ea64a0a183a43e4d697f0f1afab8f9c495a44e1620ffed0a6e60117f7,1764461619,1764461623,2529,104452,,
0x5887b9a58485d2cad653a9aabf31501a29b71b1253b73b5ee0dad35babfe9814,1764461619,1764461623,2529,104452,,
0xd3d01aaa21ce5c25933d41206c34566278d25544d4ac951dd286eefe26cbb8b4,1764461620,1764461623,2529,104452,,
0xf381f6928df42c5e1013f6f5ed3a5131a8a2453e592169998dc38bffe71629a8,1764461620,1764461623,2529,104452,,
0x385d7c38f67c03d54568bc8adfdff80821ea38fb32b39f587e90e9ce72817d8a,1764461620,1764461623,2529,104452,,
0x37a95cd39446dcfe352face2c286aa1a40596dce4960bc0d420d86f4c200b3dc,1764461620,1764461623,2529,104452,,
0x443e9db57f87390ef4cec1358ef50ea203ed02e463daa34d7f7ec7340938de14,1764461620,1764461623,2529,104452,,
0x38546c11921b09af1921e91b34bc036ea10edaa02badb7b50d87b3b647fbe8a1,1764461620,1764461623,2529,104452,,
0x5f731c4a910d7ef385e682ebf4dd0244db46898b04a4e1f3e0684b58e26e9163,1764461620,1764461623,2529,104452,,
0x871624df71b20e1fabf401d82bc54b3040083e3e186176d1186bb9bd57b937bf,1764461620,1764461623,2529,104452,,
0x129e683b06f4eb95d39c23f9de05ae9d63be9059719343b7974e8c616748028e,1764461620,1764461623,2529,104452,,
0x26aed3a5e0edb4272fda4562c8b4f597df1e1905207861363d410a31726f7f83,1764461620,1764461623,2529,104452,,
0x927ee952f05d25ee027f9381c456ac51ae90fe14c5f093f50df169760bbbbf7d,1764461620,1764461623,2529,104452,,
0xb9753edb569164c663d5be1ffa19a20a9914c466753c1ca4275010f487b01e58,1764461620,1764461623,2529,104452,,
0xa396e925287c63e42d162fe1c78fb16b664419d4d22c8afad94152beb424a89d,1764461620,1764461623,2529,104452,,
0xd51d447384eb330fbbd97e9f7ef81a32a63bbd7188984d28f57baf11bb9c5db3,1764461620,1764461623,2529,104452,,
0x0842441ec1b80c2f6093f8035c00e236d6515707d6a3e365d56c27863adf7787,1764461620,1764461623,2529,104452,,
0x43b20e085390303c3b988a53ed731c89c2e02b3432424bf4e38176df08d3a993,1764461620,1764461623,2529,104452,,
0x7a3e3845140263dd7d8848b34f41a4a58e87803e00ff9862833f3ff1f6eab96b,1764461620,1764461623,2529,104452,,
0x916c966de03824552c27392174c6c20abca941d8f67654e780471c70e497abf3,1764461620,1764461623,2529,104452,,
0x3d36d2c995ed91f0e7f4c36785a958c070bd9124320bf825b19e7435d34440fd,1764461620,1764461623,2529,104452,,
0x1c64e8cbb475609551fa43ded8154ea10b8b2a691cecf563159f76f4d2fee45f,1764461620,1764461623,2529,104452,,
0x26472b009ea2370f63db15e8e7ecb9b5ac1fc533c3e323dc2de7fb6539f1f316,1764461620,1764461623,2529,104452,,
0x9c54160b022e3e3d49689288c78020e0f99a37262bca80bc468b52b46fd0cbc6,1764461620,1764461623,2529,104452,,
0x10c323072e0cb25f15148bb1346cefd04fa0b091c5ec323d89ca684087e6c46e,1764461620,1764461623,2529,104452,,
0x09e8f0b6c692f79852b8b8f631add7f0c844e4ef460423a40486ccd528115b40,1764461620,1764461623,2529,104452,,
0x2ceab24a9b751b9ec9a04a42393e9fc78967cc4407ba9283ca58a09d93e4c457,1764461620,1764461623,2529,104452,,
0xffaac2d608aa372110143d1b415b50ec23cd460fac8830ef8e3fefdde7668962,1764461620,1764461623,2529,104452,,
0xb132b80566756a1fb827a2a1fc5e6f1bb213eb854abd1d93b0ca15c33e711d8f,1764461620,1764461623,2529,104452,,
0xf5cbeb2c4e7eda27696ef7ca23e6be00c76f608b219ad3e10bf4077caf83518a,1764461620,1764461623,2529,104452,,
0x0d85d74af3cda24674684660e23eb668ed34dc53bdf112b2cecb8d0027c25aa7,1764461620,1764461623,2529,104452,,
0x79d5047a2c75221b696c6abc4c932601bfbc6e20d54c8618c29467e40981c813,1764461620,1764461623,2529,104452,,
0x9f3d1efc2865f7895849091370a0065d34e6f9d4179a3e7e15d98e3ae27938cf,1764461620,1764461623,2529,104452,,
0xa73cfe1bf8314c06bd52b725d8fa3f82654417906501bc5770e54151462b3c49,1764461620,1764461623,2529,104452,,
0x3b697b3b6ccdde753b584d12069a042efb80ae5d5a6c7c6f27a69dd1ee4e7319,1764461620,1764461623,2529,104452,,
0xebe7d961fbde3b139adcfb9f066ece9bcefe3d76adf4e6e7cb90abb79fded495,1764461620,1764461623,2529,104452,,
0x745bc37647c9d1fea8d1a36a3c99b7e7a8fb2148b4707eefe47b2ed6e88caf6c,1764461620,1764461623,2529,104452,,
0xcdd2ae06f4de35d9764cc259b1b4eeefadca7cdcae0da8b402b42ae77b93cf85,1764461620,1764461623,2529,104452,,
0x105d93ad3ab32f1cf103b7369a9b9b0da9462ace68153fdfd7e9f62785088a79,1764461620,1764461623,2529,104452,,
0x664103bd0237cc6f4e2b83f993c5137c2cf8798c8f6ec6467dbeef7e3030ec99,1764461620,1764461623,2529,104452,,
0xb18c4724ac44cd39e2ffbd1be37947d3a9e822795c664a274af76dbeb4fb77e2,1764461621,1764461623,2529,104452,,
0xabc2d9c55070c2a882799ecca4f6e2ea0d21e5229bf7a6179771fd7bc462d19c,1764461621,1764461623,2529,104452,,
0x1e11b12acf45c552f1932a6f1578cff0436f34728ffb1345c9713d8e0e33a479,1764461621,1764461625,2530,104452,,
0x540d6bb2ea1648f3c3675813632ff77db9fb6a294161af638e0ef7050ffd539b,1764461621,1764461625,2530,104452,,
0x8a3d5e28847cc5903c218602f3b1ef7a79f90f58c021b6bc12c0a5421a58bb7d,1764461621,1764461625,2530,104452,,
0x3285432d00fb6d08c9fe3f1352118ae7dc7c5ae4ae749faf5bcd4d925aa312bc,1764461621,1764461625,2530,104452,,
0x671c437d182e603e06e1c94d4f31db006e093e6e3bced186da39bed05bd9abac,1764461621,1764461625,2530,104452,,
0x391cda2546245ddaeb4abc93429c975cf72b6ea8723c84a775555afdaa23b675,1764461621,1764461625,2530,104452,,
0xbe6738fca1bab3d4590607dd816713dd02cf434240691cedd31da4fd327daf2c,1764461621,1764461625,2530,104452,,
0xbb58e50e2db3523a3441c101d7d1b75011c5452524e4cebeed3df9ad69148218,1764461621,1764461625,2530,104452,,
0xc46fe2aaa3a0a61d6a9e7da54d304e0220cce5f53ad50c7138cb48f2f53112de,1764461621,1764461625,2530,104452,,
0xded82d5d167d27c25c4a0e2f0b9380f9057391767e555e3c6c2d0551e53c73cd,1764461621,1764461625,2530,104452,,
0xc3d1a89dae8a1116109fe58aa36aac9f8109a22f01c4cf475250f7ec6b59fde8,1764461621,1764461625,2530,104452,,
0xbb6b714a5456d3b6a3591196c4eb70a10cd086c9c2da751614e4f1691c4d4a01,1764461621,1764461625,2530,104452,,
0xb9c8cc9a10f427e60598679e939de4244d261c7a530412600d70019e2bc37a4f,1764461621,1764461625,2530,104452,,
0x56fddb2f4d182ca0959130be88c0c8500e26a2ac5e32a7c9b6bc7778fe2b1efa,1764461621,1764461625,2530,104452,,
0x9723df091dc96dbaf6d018d0024a264670165d190ff78e220dce941281ca242d,1764461621,1764461625,2530,104452,,
0xb85b3b3a90ed95f2131a172f55dc965c96f44f882c1864ce949bd532e011648e,1764461621,1764461625,2530,104452,,
0x858f4fe5a97ccecbcbd67cd196ff6e731b50e58d78a786dd9195897790bb508d,1764461621,1764461625,2530,104452,,
0xb2f8bc4eb2dda52249595de269d62be80067567b5756cd5540c448005c717485,1764461621,1764461625,2530,104452,,
0xe6dc2edd10fc1d7e7fd0703775fd13a3a8e8516b192e6e3a42729685f301100f,1764461621,1764461625,2530,104452,,
0x1680e9ecf51a7ba312dbb3a58fa63585999bef9738c9fa673acdc64ecd51a9f7,1764461621,1764461625,2530,104452,,
0xce4de2552b7190e529511df812016371a055c0de607a1ce10df2e13c9d902fef,1764461621,1764461625,2530,104452,,
0x88ba89cd975350846de06eba95db4a92a6859adec7b74af2f39a3eed16b99256,1764461621,1764461625,2530,104452,,
0x48245dad9d3ea33a238c18ff1b57a46be0e50c16e182092141a9f206146af65e,1764461621,1764461625,2530,104452,,
0x9c3394298f4f6c63b3a283ed8d553c858fcc47a810644010296cbd6ad950b19b,1764461621,1764461625,2530,104452,,
0x1e63a6c7efd13b1299529ee580fc7ec45e3787d05fcd0f34fa021bde218f44da,1764461621,1764461625,2530,104452,,
0xea0df15ce1a01b69e9972ee068b362de77b7de6fa30a5bc7e045a6aaa3140087,1764461621,1764461625,2530,104452,,
0x38689861992edda8a234bc217148d7e79fa98c07dbb9ab0753bea31d5f38f6c8,1764461621,1764461625,2530,104452,,
0x401781735839eeba0dbb4d2ce797867348411d00711b1bd682dc4bd7a9a1192f,1764461621,1764461625,2530,104452,,
0xaab7e41de7c7fdbd7fd309298d20a0399219d4127fa379abb7c4b22340061087,1764461621,1764461625,2530,104452,,
0x0ed580362069ba814c1db30f96cf7777bc3fcc40fe7d1fd65db3bdac6cec3d80,1764461621,1764461625,2530,104452,,
0x3873ba3b12fb7f44768d7ef35b2477f142d30481a00f5b4b76e4b3b22752749c,1764461622,1764461625,2530,104452,,
0xc6171b7deb5c726aa6a99faa27a44873eb1591aab66df9bd9686405fd94b00ee,1764461622,1764461625,2530,104452,,
0x64aa5cee30b22f63f467bdcbf520f160a7051c7b4678d8f4827b7491dd98a6e1,1764461622,1764461625,2530,104452,,
0xf2f1df233ebf2ad0a7d0ffa4e091e0f53225fcd60b465102fc3f78c86a73f410,1764461622,1764461625,2530,104452,,
0xa1b04aafaa5fe4b615def7ce898294bda2fb0c32c7bcf2de03e40f6b56643e71,1764461622,1764461625,2530,104452,,
0x41168aa306e26ac5aadfe5f88c5599d055fd2d6d424fbf099aa221685d564eec,1764461622,1764461625,2530,104452,,
0x77296f143b3c76ccd07f439827094b5b5aba9247de032f01de67530d87369c98,1764461622,1764461625,2530,104452,,
0xaca831d2d908c0416ee85e4cfedcc4d6e861b5051d41ea274ad77f6df228658c,1764461622,1764461625,2530,104452,,
0x7dc02c348bf54b709092c806ab48516db1267cbd1a40241c5f883be263e4f5f4,1764461622,1764461625,2530,104452,,
0x3d28b52d6c448dfbf449ce40e8eacee0e7fd09d9bb9ccb837964039892476b42,1764461622,1764461625,2530,104452,,
0x7071b5761f4ae282f3ef00aa5b326470b8a7550b286d74a16137c35be1306627,1764461622,1764461625,2530,104452,,
0x2191e478686eb52f0e2a1394401049a6e585756b3ec13c9eba5faf158fbfb5f4,1764461622,1764461625,2530,104452,,
0xc8444b7f8d3933ddd2392356ad0853ec9656cd23ba14fdf9d111fc4f46ff0796,1764461622,1764461625,2530,104452,,
0xcb8c123af4cd39d2dd09e1174178cac422e3551b8d9d4a28137a34f1c6eea43c,1764461622,1764461625,2530,104452,,
0xef1c06e4cd97788ee753c7e2cf3dfa99e0c872804911110cef3e41d7278ad323,1764461622,1764461625,2530,104452,,
0x05b07138ac6315c6f9f969ffa80c6b1790cbc2f62b50480192b4d4d4340c17bf,1764461622,1764461625,2530,104452,,
0xa1c136ad4409c6a98c8e383cb87765e15901b1f11e9173be97a7ee01d4cca490,1764461622,1764461625,2530,104452,,
0x668be0999c0d7586eff0b764cd30181aeae3cc9b7c24ac510baf901322ec4550,1764461622,1764461625,2530,104452,,
0xd7d7752148845d3c3012b72637e92a0ce07246bbc8c4ca7010b27905f8db48c0,1764461622,1764461625,2530,104452,,
0xb2b705836dc4c116c319693cd8945d038ecec224a228b1284302f55f03ed0017,1764461622,1764461625,2530,104452,,
0x5baa1ab14e0bfd0527aa8ac0e3f0a1788207ca19786195da2de88fda060ab6ff,1764461622,1764461625,2530,104452,,
0x59146b33ac5f506148dffc1e70b2d7aa90997691ffd13742c7296a27b5e645d5,1764461622,1764461625,2530,104452,,
0x1282e9de4319381511299d581bac71f24768d79ad30d34ec42d868db51bf557d,1764461622,1764461625,2530,104452,,
0x8e56c1125549cb39ea0de2b55ed9c1125ea425b9ec072a0044b6eea6afd2e369,1764461622,1764461625,2530,104452,,
0x6f93c8d9f454702677ee8b3b6ca022700d9adfbb81c998fb612ba9a39445389f,1764461622,1764461625,2530,104452,,
0xdcd2b6ca2352f9e1fe95c6f3713751165d72ec4a409f378d7f5764027f0ea6ba,1764461622,1764461625,2530,104452,,
0xda989d392bc00b2978b48461ac58fe5ef7bce801580adf16980092d4e8e2dce0,1764461622,1764461625,2530,104452,,
0xe473e81494232c6d741b166ce34fa58b798fdfa6a0c4c490253b3a12780ffc71,1764461622,1764461625,2530,104452,,
0x718fb136ed600c5d4c6247d7da08442aacf407ecfb270b68589c43e80307e712,1764461622,1764461625,2530,104452,,
0x94cadd0f86a4cd79729f8a3f9056dce570d6dea1f8d20a6bbace5488aca9e46e,1764461622,1764461625,2530,104452,,
0x02ceeedc44bd68ee47b53b22bd4e187b673587e72bbbae3386dc7adbe9928622,1764461622,1764461625,2530,104452,,
0x269dc698a15504b48ed5f300a2e3404d6af7f8d5ebfe501f5e99b08bd682e11d,1764461622,1764461625,2530,104452,,
0x27104792e7f4ffdf15dae48d31e9ebecd4a0a25d77773e00773f12e928bf3db2,1764461622,1764461625,2530,104452,,
0x787d63d60288fdc35e9378211394bf47fd77e42e356d6012e6c70eb2d2b803e5,1764461622,1764461625,2530,104452,,
0x1eef9aeb6893ac750432ff4269dfd4c489052de4be3c0421d89f6e4adf9d5179,1764461622,1764461625,2530,104452,,
0x1e2d94b75736b9196422d046621e42c44a4a6b79dc58cad7e0e3df72fd05ffb6,1764461622,1764461625,2530,104452,,
0x217393d1d6aa6bafb740dfe30a62262db84024c75c35b54bf5709318341103ea,1764461622,1764461625,2530,104452,,
0xd23abb14b9f219af4ed428293d8fb7104b86716fb512226c7372fd4696a605e1,1764461623,1764461625,2530,104452,,
0x3882000276431759fccc621b6d9ec4dc137ff6ab70510f80405e3c1d930caf16,1764461623,1764461625,2530,104452,,
0x390c493c2dc134afdf9379e37536b5099f55ecde09ca4dbf956ff8f4a545a6a5,1764461623,1764461627,2531,104452,,
0x990c6e8fe61845cd1fbef7cd22feb1c5291626a612aff600ff0cbb856e19b288,1764461623,1764461627,2531,104452,,
0x30a0e745b7be8bb85f7505c8e9d651e2ae085b26e375d47556cd88ea88f5cb0b,1764461623,1764461627,2531,104452,,
0x685e315862708421e0086128c9d265e73d9301a562dda5a8839814823b2751c3,1764461623,1764461627,2531,104452,,
0xc1fbe06591fca15efad3ecbab0777b13f42ed6eb287cb811284b7d747465b625,1764461623,1764461627,2531,104452,,
0x7f26679d4283235579e2962f0d151100e508793060f52f0d27006404b2bba5bc,1764461623,1764461627,2531,104452,,
0xadaec61d04660e0f204457ff9a9e1f2ac253b32aab1e365b7239119bb75c0095,1764461623,1764461627,2531,104452,,
0x79b409411b17868bd01a778c9ea5b165b698d3db1533b81ec33afaeda4194ee3,1764461623,1764461627,2531,104452,,
0x84d35895ca66a0899ec3dc3e4fd0cd93e6127f452a21e2bac59fdbc324f84c20,1764461623,1764461627,2531,104452,,
0x820a9f0a0b0318be51f26e8201bf60f2c3c16fc10b3a1fcf94079863453d81bb,1764461623,1764461627,2531,104452,,
0xb6a2c11b8a3b276469901f73b5b80981cede7614d7e1a9ffbeebe8acd8cfac77,1764461623,1764461627,2531,104452,,
0xd5750e4431fff41eebb0d294735a03f88aca54b0fdc627ebf8669f845e48205d,1764461623,1764461627,2531,104452,,
0x9733e5ba48cfeb73b425bf5ece39a52d6deba756f8da62e2a2aee5227914089b,1764461623,1764461627,2531,104452,,
0xcee49127fc45d1b3d850403737232536655200fe5e9f6e430a46037fdbe69f2f,1764461623,1764461627,2531,104452,,
0xb2c599ecda2471f6a6cf4b4c8cd88e78f854767f02a5c1e1bed60524b7e3a62e,1764461623,1764461627,2531,104452,,
0x5b2267b79d929f200034a4417edcd8985b22e31de8458342a4895c68fb76a627,1764461623,1764461627,2531,104452,,
0xdeb431ca134f870827154909a9d7360d80227773f7b42edd29d890607ecfe083,1764461623,1764461627,2531,104452,,
0x65e747bda8c195da0f6554b4ef98bbb426f426dcdeec3b03908c47cc2c162456,1764461623,1764461627,2531,104452,,
0x3553ef6debb877798fb4cde96036da3dfc8a0fab3c9e418fcd13c460ccfca879,1764461623,1764461627,2531,104452,,
0x5f46d4acef1cf983cfbe05be38d48fb01483f78705c3e749af342ea253d7d5d9,1764461623,1764461627,2531,104452,,
0xb5826afc5f7a7378ee68b530d5b9935f4e303ae08def0a94341e01527c8d16eb,1764461623,1764461627,2531,104452,,
0xe178585b4ca202b2f5ddb75545c1e50771c054681ebb98be8003a69079cd0e67,1764461623,1764461627,2531,104452,,
0x4aa9c48b58472168361ebfc36adbafc67bcc80783a00d779c2ab47f00082e5b4,1764461623,1764461627,2531,104452,,
0x265245c558f8cfd9edcef31e34b7f8bfbd5fbd9f989eb55633a81acb1f5aa21a,1764461623,1764461627,2531,104452,,
0x112c72e3fa6bc0e3fdb376e9ee102b005de0d729223fb14cd4f7095f8ae4a31b,1764461623,1764461627,2531,104452,,
0x4477f1340f260e2f4329c3f65eb221e7965abf5d0c045a6e9bc94f310512d5c7,1764461623,1764461627,2531,104452,,
0x60ca3d205c31aa2b6466eafacfec080e2d5040c35e1e2db6ec8ba65b71c9a7b7,1764461623,1764461627,2531,104452,,
0xb72099468573e1be5b6dac535041693353465dfb658812fed501134b3209bda2,1764461623,1764461627,2531,104452,,
0xb658dd0372f410773bf72c1653ce0543b594a6bafb66748b217c5bbb8c55aaf0,1764461623,1764461627,2531,104452,,
0x88980e1d701c6477613ee9b7fca837a0b12c4921e74e7a3c7b6b2986293d3593,1764461623,1764461627,2531,104452,,
0x9943ae79f469782250c5bfc6757254ceb059ed9afaa8b9ad7bf0f46ec68fd17e,1764461623,1764461627,2531,104452,,
0x383707a794302a391f9b448aa0fe6198f620662f9608a904417eeae1bea3c90a,1764461624,1764461627,2531,104452,,
0xa8bbc56d66dc69d3c3787f6f5ab3942adec88e41cc5e4463a8bed2655f5a467e,1764461624,1764461627,2531,104452,,
0xe61eb373ae9640f133214bc43dd7fa6ee6955e7a030c03390ef17ae07720c6f6,1764461624,1764461627,2531,104452,,
0x00429eadfeffe4312d98b4e1d4c110c47d8be2d06f468ca7b7d7b611a1c84a23,1764461624,1764461627,2531,104452,,
0x8ec876ff0d2cac2071475d522487f1a7cc3d9de089770496c187380e15ef96ab,1764461624,1764461627,2531,104452,,
0xfb03132b1556ba81c510a0183c74cf2c7ed31bd9c3ec8ce3558f8176157f4405,1764461624,1764461627,2531,104452,,
0x6c77a2efd21cc4f195d58d52b9692c8adf830197d483436fcb8f28258bdfba93,1764461624,1764461627,2531,104452,,
0xd8a2107564f04aa5215836cd8f3986a9e6c187d1548b2583538732ce60522d7b,1764461624,1764461627,2531,104452,,
0x0d49f72da0d63d040fc55b520d1edf5adfc530ded43c333cdb7d8a8531b01e01,1764461624,1764461627,2531,104452,,
0xd5de5066eacaffede6dbaadab86fc397c8245946ea9de7ac70f104649b061a22,1764461624,1764461627,2531,104452,,
0xca1afbb8787daa60a915bcfbedcfd6a801519d180e95769ba790aac909c02a9e,1764461624,1764461627,2531,104452,,
0xd24d9bff228209b39847ee20100160ddb0f116135d40c1827d1a24f2b137d73b,1764461624,1764461627,2531,104452,,
0x51c47201f0aa85edb5bc22b4b3e639e80f36358e18526bf2527232c44d092185,1764461624,1764461627,2531,104452,,
0x7ca283f836aea1246d22814ba2a05d97113564d0517452227149ab7def89510c,1764461624,1764461627,2531,104452,,
0x52484ffa88ecc46f05ed50b96935bed596098a8ab5e125bf7c5631e81e0cd435,1764461624,1764461627,2531,104452,,
0x9af1b8cbc88e82d4cbdcbf77f08cd7a96a9c3a77b8a78c5d730213c815036a56,1764461624,1764461627,2531,104452,,
0x60212fdd36d13c4162579000c451e4b92cea01219f54eab626270defdfb4243f,1764461624,1764461627,2531,104452,,
0x1e2d037030f8dcb00717ce6f155544765511dff6831f24020b849cd7ec952c1d,1764461624,1764461627,2531,104452,,
0x6dfe972fbf6e6fbc8b3772c50e9ae074de51eeabe5f2a3496b13835a38d7093f,1764461624,1764461627,2531,104452,,
0xd01f9a12026ad682ed3a8722f521c9354f9492fbcbd223468d4790c231732988,1764461624,1764461627,2531,104452,,
0xa0764ce3db477a06ca4a9f6bd6ebacc4eb8c2d69b498068bb9d2e1e610cf9bc3,1764461624,1764461627,2531,104452,,
0xf6b15bfc8325564242f923d7745c08af8b25322663253b8c9c93be58d22cbb50,1764461624,1764461627,2531,104452,,
0x655edc4d032e8af0e41c8b5f7aeeab94ed1b7945bac5987370c2835a37058fe6,1764461624,1764461627,2531,104452,,
0x5e900fad5ed6fe2a96a34f925c19e6dfda836a1597006410f896fd369d760467,1764461624,1764461627,2531,104452,,
0x521f14404b138e1624203c12d7ed930c161e72882f064c3ed09d18103b7037d0,1764461624,1764461627,2531,104452,,
0x8589bf02663d5f9b6c8e81687af6975835c28372a9ce5ba0d3ead0e546d72361,1764461624,1764461627,2531,104452,,
0x116c71b9414d0cd0257299db40a26b097752211cc079eb8aa876ef5ed66cd703,1764461624,1764461627,2531,104452,,
0x0db159bf7a2d24ac25962b0aecfef15430f87470ff148befc026dd5c955082d8,1764461624,1764461627,2531,104452,,
0xb8393d35db482aa57e4f11bc2088683761de03915c4be3984a60580b31342508,1764461624,1764461627,2531,104452,,
0x597506dfcccd0eb7464c957ab1fd74ffd8e7bb7184fa7ac42ec8e0d74a11c23f,1764461624,1764461627,2531,104452,,
0x29743a17a8e3bd8603e57e2231753224619c88b86bd51c11ccbe77085eee4821,1764461624,1764461627,2531,104452,,
0x40f685fe2d19478978493ca87727428c29b8b2c0d7a63a2f42fe93264841d308,1764461624,1764461627,2531,104452,,
0x592212b2a7d4b4a97f5d8e1890ba928b12d806bbcba4396758f4a31ad2c464d5,1764461624,1764461627,2531,104452,,
0x171883b2e7ae2cab3f750c1377cf55fbb30bd0366a1fb7ee561116077e7a7b36,1764461624,1764461627,2531,104452,,
0xdbab50ad2190817202173fce7fdaa1740f1016d1662c4ae47d7a0acf2a9f9369,1764461624,1764461627,2531,104452,,
0x5a1a7e52a4890564eebf1eaf0f47e6ec9e4bb747f0610676d65ada2f3d5f2642,1764461625,1764461627,2531,104452,,
0xa2c808c3897e2279534ce660f0515446f19e521b704f55aed83249f802dc76ff,1764461625,1764461629,2532,104452,,
0x8bf683bf3879fd52e08cf4e1dd0a7f8c3b472c1fc7186d01be9961f20656fe7a,1764461625,1764461629,2532,104452,,
0xd66a494f22194d7bfe62c3ab040253f8a793e74dd9ae49daffcfba1752b50b29,1764461625,1764461629,2532,104452,,
0x23ad0e0b0b1d6092ceeea8e592bc4621ed56f2c0705c9d6a7b5eca6e841a89b6,1764461625,1764461629,2532,104452,,
0x3e7ba26c99f5ea9166e0fb835377eabf06eed72f358dde4a978c2d8ea02ccb2c,1764461625,1764461629,2532,104452,,
0x48d0074b01cb285620faa113750dc6f242da58020c3a9ef4eda4c6828a5b332f,1764461625,1764461629,2532,104452,,
0xa30457e46c82904ecaf4f971e801526b11dc320fd6528b2612f90cc2da158154,1764461625,1764461629,2532,104452,,
0xedd319a07cc4c4017c8cbab7b32ab1d0ba225a7e6a0e8d87c24344b210a1f678,1764461625,1764461629,2532,104452,,
0x7391fa41a0e51fa312b95502759cc9e49415f9f074b150a7c9ddfd2d1f7ba6d1,1764461625,1764461629,2532,104452,,
0x5f9c9785fe964d5b8d26888ea1c04483f0d22f71565b5397f41ff098bb29161e,1764461625,1764461629,2532,104452,,
0xff7d9f525601013f01640b0854e601a86158828ead0bd9d592d4a7cb60ebe417,1764461625,1764461629,2532,104452,,
0x0798a83018da3c2f953c1381014cf6f1058326fa368b92c6f27d2b75775a49e1,1764461625,1764461629,2532,104452,,
0x191367247a0860eff039995380885800792f23791291f2b2af66034c956135c3,1764461625,1764461629,2532,104452,,
0x7cbf8f9559999735c374926099ddee80de8beae95f4179784a244e5f50664826,1764461625,1764461629,2532,104452,,
0x3f0fa3d20d06597fad80199680550f3c70bdccd503761ca9b22ecab88086c8a4,1764461625,1764461629,2532,104452,,
0x71882d98fb7b88e7ed1eddf468d3845f675c6dafc0e4c961bf02581c7bb42047,1764461625,1764461629,2532,104452,,
0x7787673bc0792917057d85c34f6f3abd601bb6e633ae8b408d62be54bb647279,1764461625,1764461629,2532,104452,,
0x863bc20de8fdec38380dc2146117bd70743b81683a61970ae28e5a72c4b58bcc,1764461625,1764461629,2532,104452,,
0x3ff5c6ba52989b008c097eda2e88daccd2ecfbc40cd266774b218439359d847e,1764461625,1764461629,2532,104452,,
0x26a79f3b36ee3dc7260846c82d16470885da35042b7820de470004a6ac0e89ee,1764461625,1764461629,2532,104452,,
0x09100c1710eacc8892dcbd42e2c415b483dc6d05dc96f990306ced5e14828dab,1764461625,1764461629,2532,104452,,
0xf246c5204d594b30bd9c5370f6ae98a99777e01693c4afbcd51c225fee26ac22,1764461625,1764461629,2532,104452,,
0xd19e1575244621b60a3ca72074bee0360f35c2f4c76738691f838ab955fde498,1764461625,1764461629,2532,104452,,
0xcc28e9d01dcc4465de05d5d4819c455d5b12b409acb8a11178a8d4a4583775db,1764461625,1764461629,2532,104452,,
0x94bf62e685f1922ce73a82a997675f2fa7309940cea6dcde853543e6cf82bd9b,1764461625,1764461629,2532,104452,,
0x544fc6ffca043a8e2f239cb6bedbb50f90611c02bab955782714f952ff497275,1764461625,1764461629,2532,104452,,
0x4f58449d58888e054eb07f7450691e05ffb77afc6860db032f545129af9c4ecd,1764461625,1764461629,2532,104452,,
0x97434f7b5e792a90e8e0f7a6ad6182bc80d5108ac967749186417fce30d52c33,1764461625,1764461629,2532,104452,,
0xbdbc300c0418038bef7d9ba26f75c4dcd33e2d1925ce97476a9291a0e283afdf,1764461625,1764461629,2532,104452,,
0x02ef897559885d6db61faea79a5190613219a03e45ef76c2d007e0167d4ac042,1764461625,1764461629,2532,104452,,
0x6663b2229ae10a0351c01feb55f280d5b1c583ca1d9cf37a35d1c09da9942842,1764461625,1764461629,2532,104452,,
0x52cf45c57fb323efa761b906feec0c3bd82ae30d6f75719343ca33dd6757a7a8,1764461625,1764461629,2532,104452,,
0xc88f713d7fba3b9ff08eb85db96f09d41521775da27aeebec3f3a149d302354b,1764461625,1764461629,2532,104452,,
0xe300b23760ecd86fa0b6478174ac3659e68362a797b6c458cdbe1b9c096472a6,1764461625,1764461629,2532,104452,,
0x56280d69410d229854fefd3409d78845d1df8ecfb34eed95845d09a9f6ecedea,1764461626,1764461629,2532,104452,,
0xc27bd86a391036c390822db827e2b0b9ee5517d9d9057ababc692a3f664c0b7a,1764461626,1764461629,2532,104452,,
0xd58c8ce35f0842dda342fb860c8ea428af856acdbec758f615f887a40d1acad9,1764461626,1764461629,2532,104452,,
0x41571edd586c66f495d980d4dcabdcc0b5909bb77645d079bfe0d5f503290096,1764461626,1764461629,2532,104452,,
0x39ea04af1f985cb61d9b19656255319ac61b9188a6965e335bd8e4d86332cb09,1764461626,1764461629,2532,104452,,
0xe2565141d3abf10347069164c985091ab8b5aafd3b26d4ab9fb1612fe4db7141,1764461626,1764461629,2532,104452,,
0x1882b9f9791f0571c15239e30c291077b4d2d0e40f18e6ecd52b87bfd35d18a5,1764461626,1764461629,2532,104452,,
0xb6fd97b44d9387f77af97e1161e90ff3ca79585571d75fc11a6110f57c58d0ff,1764461626,1764461629,2532,104452,,
0xda56e5abb3c0486fbba7a2141f8a1575db10ba0766cf0d4bb155f4e7e9ed018a,1764461626,1764461629,2532,104452,,
0x5fc72d67d80e728aed4d721ebe1d47aeb32fcc6147a6c8338f486640a0c31b46,1764461626,1764461629,2532,104452,,
0x69a903c218788743764badabbcf83cb896cf43cad6d783ff8697c8dbb5593169,1764461626,1764461629,2532,104452,,
0xc69b50111cf7abccddc0a3e382145a496c65392822ce23dedc74a4034a6213bf,1764461626,1764461629,2532,104452,,
0xa69fa0f8f8777d698179a35a78ec997b973ca0194f1b9bbb933cfa903dd23502,1764461626,1764461629,2532,104452,,
0x027b0529c39983e0e93b6a1eb9aa9212cd1c296a382c476c3b13a353e79ec530,1764461626,1764461629,2532,104452,,
0xe905a6506c4ae9ac510db2d48e086d3476c59a157dcb1c3ab15996dc930f7ef1,1764461626,1764461629,2532,104452,,
0x17f3a10eba29167bc36364fe1047e1e50d8f7584324edaa5a5695071aaf0575b,1764461626,1764461629,2532,104452,,
0x730ecf50d7973eba8dc7370773177aa2428c6e6e1c55b8499c9669ef9ef64c50,1764461626,1764461629,2532,104452,,
0x638408f828b58a228b1370fb844bdc213fcb35d6300e2235ae593832c339bb7a,1764461626,1764461629,2532,104452,,
0x0512ee27fdaf31be5a17c9e243e40d7123f7de5c5778f2de5eb98f5f7d0c2dc6,1764461626,1764461629,2532,104452,,
0x9233fa7f8c558075b39ac197f31df15a481ec23560c1a69452d122d0c896e1fc,1764461626,1764461629,2532,104452,,
0x7f940041bdec1b0e3eb6df816059927595bf3a5e42f9ca738b6b61c8fb7f74b9,1764461626,1764461629,2532,104452,,
0x3407c51803fe57dc9582284d4cb2184bca8a0577bd368d666a25035a83e50ba0,1764461626,1764461629,2532,104452,,
0x2811529bdfaecd454821929b137fd389467b7ee9b17ce054edbb7992fa54c488,1764461626,1764461629,2532,104452,,
0x8edd1a2d5929101c86b10850f505955e010eb1b788b061cb0b460afd7493893f,1764461626,1764461629,2532,104452,,
0xc562e2fea9315fd5ecdfc829bedc68692847226db049f372dad3e7f346e58d26,1764461626,1764461629,2532,104452,,
0x23c251d3c2b9dc87a9dc555969774404e4db7d35d29d18d00a7a669ad4560597,1764461626,1764461629,2532,104452,,
0x920d91ed648499c8b2839fdff49396d7d29b1c026f743d697c4883766e28cf58,1764461626,1764461629,2532,104452,,
0xe287b88c0b1aa41d965c2352ea6b32c877e8ea4b0ce7204f93217ecb27abab13,1764461626,1764461629,2532,104452,,
0xc199b9aff21ef5e41bdbcafe2a8956000f59a1f0be0ae39a9c582b9de4234e35,1764461626,1764461629,2532,104452,,
0x59e1a8cde1b99662e883d05e5e04bf580457715a2e4ea7e716251f78bfe37da5,1764461626,1764461629,2532,104452,,
0xe80d576db2240ad411474a918e52c8186a26ab67878f47930814f8b5a7380893,1764461626,1764461629,2532,104452,,
0x7396540cff4b50f24a09c337be72682f23df624c02d07bca457c11846ddf46c2,1764461626,1764461629,2532,104452,,
0x13ae9e5fd7269ce70fb63275411dcc766e3a7e50951eb3c1fdfdfcd23e8daf64,1764461626,1764461629,2532,104452,,
0xec2db0b69994bcce0db1bce39b0fc25ea37b46debd07f14591c3b8fe23c436f0,1764461627,1764461629,2532,104452,,
0x400b2a5272e467e598740f82025c681967db4c9405f5a0472b5cc92b442eb7ae,1764461627,1764461629,2532,104452,,
0x26333fc6f494690523f1429e9c614fb6b3c0adee96b160c9253709c8c348bf7c,1764461627,1764461631,2533,104452,,
0x09630b2d80babb866497206e36197fbb58751f7d267a1a789fe76af06a900fa4,1764461627,1764461631,2533,104452,,
0xfd675120537c88dfcf1ceae474ecb45c04e516160dbcc878fda343d4b2c1986c,1764461627,1764461631,2533,104452,,
0x23930b1431f892a70ff98930fc605664d52bb481bc1ca8fd700ba700684039ba,1764461627,1764461631,2533,104452,,
0x3b77ca75bffc84dc6197099c3022fd5ccfec7b579244c101e7b0b9e650a875be,1764461627,1764461631,2533,104452,,
0x9584e92fd9f4b95087897473399bf9917e445ba195027dbe447d43beb6ce00e5,1764461627,1764461631,2533,104452,,
0x96a7a9883f9b9fc6e3498f64f6569047cf89f82b2d1b1fef964167608a6ab82d,1764461627,1764461631,2533,104452,,
0x9ef969a846df4e68729836031b5a83a924be9ba229ceadf54c4617b45581f4b1,1764461627,1764461631,2533,104452,,
0xd45e39fe6709619127373143a0a1b547162f9293fb39994b95fe6d51c713afef,1764461627,1764461631,2533,104452,,
0xb8591ada03efa21873b2926afe3814529b07dcb91a0da223a8c976f0330745e4,1764461627,1764461631,2533,104452,,
0xb5d4c75c047670b8011c2ed5b43d8761697193f0f509de1a697147a92a287fa0,1764461627,1764461631,2533,104452,,
0x4d6dcae33fe5af95c1b1642635621df3d3171c8ed1140760328e9db9c5be937a,1764461627,1764461631,2533,104452,,
0x0a7fdfd14c82cc40fc6a472c5cfc94c37cbb34d3afa390c0b9e0902082f48e0d,1764461627,1764461631,2533,104452,,
0xfcd990f4453b0041fe8f0e9938b99dd477ee1d0670091b844524887886b1bef3,1764461627,1764461631,2533,104452,,
0x575d8c555037e3e85f7d0e5897da4bfb5a4f7d567d961f1bdcba3d20e291b1c8,1764461627,1764461631,2533,104452,,
0x84a5c46c875e4e728e87555fca7e55eacad3c40b0696689a133e7c7af6bcf647,1764461627,1764461631,2533,104452,,
0x3222f8a2842beb4ab095164d72f0ce8864c8cc02d9b5a61ccfaa2f0cb9384aa9,1764461627,1764461631,2533,104452,,
0x1a6c4226a0c4a9f509a87b2743f40ac9a50857070cef6f02bd8ca6836c83de8e,1764461627,1764461631,2533,104452,,
0x866500dc7be066509362f1a4e578bd69b8b9c83c3e8b9493600471d8f1f2a079,1764461627,1764461631,2533,104452,,
0x67d388af8ba808bfb5136e8418a331a52b9e4618295f977aa7decc62660872bb,1764461627,1764461631,2533,104452,,
0x0b9acb0e63727f900a0c5f46c6be80d10e786306962621e50b85fe9d8f7d1f8e,1764461627,1764461631,2533,104452,,
0x13a7d25eb3d1e3b987467d309a2001e944976ddcc0a21239a4df5fe79f149995,1764461627,1764461631,2533,104452,,
0xa73004158e9445c35b2f8a7ce36f4ddca3654855e5a42414a50a4051888ba7f3,1764461627,1764461631,2533,104452,,
0x9a3b5ed8b60ff70e1ee07d8acfea85aabc73df0e5bdc5ddba62ef016edf42718,1764461627,1764461631,2533,104452,,
0x0bf1e8352084de067ee09633ec9dbeae8e95038d51934353242a85ae488f88f3,1764461627,1764461631,2533,104452,,
0x6791974a13b55e701709a0473bc5a1578f98a4ccd78791d3ff9e5282746c8c7c,1764461627,1764461631,2533,104452,,
0x185824cc7cbcb38df1ac94c0bf678148e2b0ab8e5621426045602dd72ea5e2d2,1764461627,1764461631,2533,104452,,
0x8903a6074591a4bd8a052c83a09108127eb6cdb87d8a05c15a9ae20fb7eb580e,1764461627,1764461631,2533,104452,,
0xe42bbf89471c2c6b9ecc008e72669f8087dc85abca8706aa2d0caeaf411ba1dd,1764461627,1764461631,2533,104452,,
0x4bb2a486f44678fb3c8d9b9c993728e89755c6e85a7c30d99bd54441164cfa41,1764461627,1764461631,2533,104452,,
0xa65ca808ec18fe3d66dad8b6cdec74684fcc82951bb591b897c88dc9837c9070,1764461627,1764461631,2533,104452,,
0xa35d92eba4156ff20c26392d1cc3f750473fcd6df971ef64a25b3339463c5420,1764461627,1764461631,2533,104452,,
0x0b0901773e977ef664f5c9c8404af7008928f3d9616a2f285046034523277290,1764461627,1764461631,2533,104452,,
0x4603b6da3b57379f174560e8fd0da3692cad6c5042dc108a8112818c93bf0b7e,1764461627,1764461631,2533,104452,,
0x6ea750d76195ba8df9f13fee52e5897b937dc46eb4b620485154c5d1558a88c0,1764461627,1764461631,2533,104452,,
0xf2ed7dba6ea861d08cbc8a3d1672324d60438a02ac9a19bcfed8dd75b376da71,1764461628,1764461631,2533,104452,,
0x183603f29084dfece14a98d2946f21fab8bfe992d5771ad307664fdd9b46cda4,1764461628,1764461631,2533,104452,,
0x1b983f986553ecedaa02fad294e46c9ec2862a46506d4e13bbff85e4f8fc3f05,1764461628,1764461631,2533,104452,,
0xc31c3e7f2b8e5251fbf07fe1144a68d21f939950f2437f1b0a83be22d7526c5c,1764461628,1764461631,2533,104452,,
0xcdd2ef46ed0347adaf234cdaf48a82cba6c8a347a9a212a1e09f297bed1238d4,1764461628,1764461631,2533,104452,,
0x47c123d685b22152e76ef4de7941f603dbcd8c3e7c231c13a1f6b89cd3e30a4d,1764461628,1764461631,2533,104452,,
0xb7fe5b34fbc98a1a3c8a118f44cccbf08b2dc8da22e7666932a2e9d55db70a76,1764461628,1764461631,2533,104452,,
0x3b763cea64b3a955cadb8b8e07127e740ad47cb1a10351a864107846f8d90563,1764461628,1764461631,2533,104452,,
0x35153f666224e993f937dc10e068fae5241053ae53d8e69f038258d1ff20c488,1764461628,1764461631,2533,104452,,
0xac8999d809d4630c2d2ce1094bde1090236757bd8f6dcf79fef088a68c7c8c1a,1764461628,1764461631,2533,104452,,
0xe1883fb3460580f08c6ce0ec7ad4da465ddcc04e0590b95cfa3a184185cedf2c,1764461628,1764461631,2533,104452,,
0x0e5db8c6678737063120291d545dfd044c582bf37e13904faa904595288fbb33,1764461628,1764461631,2533,104452,,
0x6c9bc9ec85d59159021cd71dfec1a1cc47a41722d219f8077c7df54ecdb2af04,1764461628,1764461631,2533,104452,,
0xf4eacb64fc6c59d52c6802bcd0a4c8ab75ee615bbdc7ae1d21a76d67d7b4f835,1764461628,1764461631,2533,104452,,
0xe2bd59d7be06c4eef72332a751d3e02710195d8705f3c0e6e3e3a1a55f0f313c,1764461628,1764461631,2533,104452,,
0xd2388b91e2e8494ca904062d289f0bd31d3813985bc991527dace9559a2e3c78,1764461628,1764461631,2533,104452,,
0x53351a9c6af9d370803ae227d6e5a2a1389652ee07b3963b0784b400fea4a1c0,1764461628,1764461631,2533,104452,,
0xbbbaa898be3bce7d45ccab3113d462abbfafdfdd90cd73934f1718fac5b06236,1764461628,1764461631,2533,104452,,
0x598bb22fe418be35f33ea14d2546a1cc383fb8b71aa97538c370f59e0675bc89,1764461628,1764461631,2533,104452,,
0x058e0618700ac8a1a5f4cc58df73ca5ddba6d46320135ae551a5c99bab905d4e,1764461628,1764461631,2533,104452,,
0x6aec3211082dcbe1279fcef673e029656b6a780e11d0b97a44627834d1b5e46a,1764461628,1764461631,2533,104452,,
0xfcc067a6f54203f4163da47056207e30182346dd895b3b1bd743c36a7f07e218,1764461628,1764461631,2533,104452,,
0x94b4c1c1d4054be6d64584713df4af662dcb321960ec40270d22a37824f39bbd,1764461628,1764461631,2533,104452,,
0xcebdef3964011b0f80ca75cf496629500408a9332c926a27be290f941df79c91,1764461628,1764461631,2533,104452,,
0x84934c0470589b3eece75162d5110dcf37a281342c658e0b6e0e04db1ce3d267,1764461628,1764461631,2533,104452,,
0xdd41563659a30adee7c23177f4dcf3554226e08859665a064272a3bf56ed259f,1764461628,1764461631,2533,104452,,
0xfbe54bdfed8984e2295523a2b9e19ba7ef4f3c036d322f02de5427a44f683ca5,1764461628,1764461631,2533,104452,,
0xf64da5816fe13fe8b19f62dd5bdef06f8e1db9690cc2e6387c72742eb40ce2ba,1764461628,1764461631,2533,104452,,
0x4e7e6faae01d8d149a2a3e531c193245a20ee700c50c063922e5beef32570d80,1764461628,1764461631,2533,104452,,
0xc77ab2fbe2db3fa8218d5cf4d8cb877c24a67986fa093fdcaa9eb3135e01b255,1764461628,1764461631,2533,104452,,
0x795ccc85a9a5f35c86d1bc21cfffb4920e469558c898ec6813e9cbe8b10f8f49,1764461628,1764461631,2533,104452,,
0x4d6776977f84bc2e2127834d411a5dba64a96f2d1c06e76f718e236b98a5d28f,1764461628,1764461631,2533,104452,,
0x7e43b8265803a40f1a8d6efa7ba1bad8c592d73e55678f823342a39f17ab7c1f,1764461629,1764461631,2533,104452,,
0xaeb3f78acfab31ddc43983a91d6f958ea44c9971f325b580a110ee50ee9e3bd4,1764461629,1764461633,2534,104452,,
0xce0eaedcfd5370d873043b5664db7fb4f35d2c7cd22d43cf9148da511c92dfbd,1764461629,1764461633,2534,104452,,
0x609b511d7c0d6cf6cc5426b8bbb6f68b9de7657fba9ed7918710a487552f0ae3,1764461629,1764461633,2534,104452,,
0x70f52ab6eebe9cf064bdcba5b94480b4bc648bc3814858ef75c29a390c01c77b,1764461629,1764461633,2534,104452,,
0x00db777cc669319ddab3688d36613f9d6dd6a7684d64658445975d95eb672a18,1764461629,1764461633,2534,104452,,
0xcca50789163c6131ec85fc231b87f78f337789e040700b1638bde8f5fae074c7,1764461629,1764461633,2534,104452,,
0x64ad84cfdafc3b949d29d368a294049698668ba2f51be71ec9998d8f9321209f,1764461629,1764461633,2534,104452,,
0x85e41b17aa8fdb576e3738964bb0d5f44133c4574ee9b288a56613fe6fd9e8cf,1764461629,1764461633,2534,104452,,
0x670cca80eb0bed7574a3b3af11c40d5624fc30a47d0ec0a0f8e35e306484ff08,1764461629,1764461633,2534,104452,,
0xe2f9c2feef40a8b7baedded6f7d714e19007310494a143012daeffd2561161b9,1764461629,1764461633,2534,104452,,
0x70c413315084a3619eac90aa709f6dd4131fab6373628f5e70ac54c48f4bfeb5,1764461629,1764461633,2534,104452,,
0x15a7fc56e81f6b98e3b84315168f01ed6de6284110301c54e66f3de681239342,1764461629,1764461633,2534,104452,,
0xe5988b70f25b14a764117d0e64695a76f13aeef6df48c7b2faef738ed7d96e51,1764461629,1764461633,2534,104452,,
0x786fb6aa9a9edcf1076ce51fbdfba8077b2f881915c12e5c13a5b5fa1f66a846,1764461629,1764461633,2534,104452,,
0x687c09a2be6746c5d53d675b3d31359e34a05d19b3553dba0238f8617c03fc49,1764461629,1764461633,2534,104452,,
0xae2f41bd0f4ef1477e0c90e5a7a1b739031bcbfae1c99af58d1ef2c4c20068cf,1764461629,1764461633,2534,104452,,
0x97eba8523ca97e95e914c936a95fbb05399257a01145586124dd266c868c5752,1764461629,1764461633,2534,104452,,
0x05836ac65114506780196f4c66c57f40cbad1c1f53bbace3212533450808c178,1764461629,1764461633,2534,104452,,
0x6069dcb612913baa8c7729d5c0c50ad06d20b5ca972867b90c12f278e6e4a413,1764461629,1764461633,2534,104452,,
0xf16af844fcceae89bf59c2ea8684b2f642c4ed2ce3a9c9f30df6cd52a7f7cb18,1764461629,1764461633,2534,104452,,
0x4bf80a613b100e849d265cf35f2c71caa5332d8c7cbb04c2b831732de783394d,1764461629,1764461633,2534,104452,,
0x035a658e307e70238ed1cdda8f6ddd20ebc2a83ceb9414fdd8a567a5fcc37b52,1764461629,1764461633,2534,104452,,
0x319547cf51e08ae76594de66e8b8259127456b5c642ce4edbeb36e3dc7eebcc8,1764461629,1764461633,2534,104452,,
0x501a4b789f58a2b0e51c2e79e60faf20485fa309301becb3519e7588014f07d0,1764461629,1764461633,2534,104452,,
0x32d3d79b28ea38adbd32b14b4e65b40a299e347d58af44bcbfeb1e79560d2553,1764461629,1764461633,2534,104452,,
0x3296a4b2d949c688a1829de3e8c9dda2a59e376e92c70f00b9ab9b400964cfc7,1764461629,1764461633,2534,104452,,
0x1ce60d2af1d763612afa89ba654a7931720675529ea67be33873ca9373fce2c8,1764461629,1764461633,2534,104452,,
0xc85a937ce8eaae883642e1caadc35cb1aa5e1df188554044d4310d67b01cf669,1764461629,1764461633,2534,104452,,
0x35f3e3a4858f7982e5424a7d96e1eb9acf963bcb25beeee7e99a04dc13996707,1764461629,1764461633,2534,104452,,
0x69df32846620f4fd1adeb1a8580b375c11540690ecb3e3cbaa8ae8543e1ab8e8,1764461629,1764461633,2534,104452,,
0x84e60ae74f0f321ced5d53091e2f146d06bcf49df20c32efb09ee9aa3c06d682,1764461629,1764461633,2534,104452,,
0x1fa7eabebf123d2df00b26d4c5d23c7993fec53f93ef89a5a6e4f13337684b22,1764461629,1764461633,2534,104452,,
0xbf1c2bdd60c6bcf935693a7381af65b1aae199064bf4dd2bdad165bc353c5a97,1764461629,1764461633,2534,104452,,
0xb36f21644cf01bcfc5f413e216d013778ddc76a62df8dc0d48930e0de8fc01f1,1764461629,1764461633,2534,104452,,
0x3a464fdb1ac20dc1560fb205d257e4d5291469f982811c42694676f4d63d89cd,1764461629,1764461633,2534,104452,,
0xa0b36a40956d854fe61e30ee7306d437c0aa1a4a63678cad69949a4fc55c2d61,1764461629,1764461633,2534,104452,,
0x7cedeb0f7c5c8eb5b13f1cf2814806323b2971defd520d39b4f8a1c5aa0ecf2e,1764461629,1764461633,2534,104452,,
0x68daa2fbbee0fc1b84f4a11b3ebe25bd9ec5899c48d922ffbb10baef2dd768d4,1764461630,1764461633,2534,104452,,
0x45a654ba8e1f644c7b59dea6be5592921c3f6dc8f20cf6c0829c8c27700acbc9,1764461630,1764461633,2534,104452,,
0x2740c7b8b5b60ae5f8fb0520990ef0db837ae212cd8b4a6ee68de5c1b58f7949,1764461630,1764461633,2534,104452,,
0xcf1de0e5def400f1ff2a1a585772f1addfaa7b646692814c828b2cf94cfa73fc,1764461630,1764461633,2534,104452,,
0xb29b9cc1d082e0ad99ce0055301d9c8c2a46edfadae22147ac89e0a8640bb9d5,1764461630,1764461633,2534,104452,,
0x1c9042c974e08c68feab2e73c58581f7738986fa690f99cde3b9912eb6d75050,1764461630,1764461633,2534,104452,,
0x85e35df9ff9924d5a48a4f886d23919789b2908c415f12b982621ff7682b94a5,1764461630,1764461633,2534,104452,,
0x8cfe2041d9efb3ba57f7d0488ea865e441e63e8bdf1ee3bb92d53050e9655d6d,1764461630,1764461633,2534,104452,,
0xbd34fe6d50d896adf50004d64e94b156be9abfab3ae25636420792a534e0fbcd,1764461630,1764461633,2534,104452,,
0x508508bd0737772385d7723201128b5450fa9279b35ff6b6128471ab7271061d,1764461630,1764461633,2534,104452,,
0x415f599141366f4f1c82b3d20e02ba04cb1d1dcb529c919a140e21bad0e9c945,1764461630,1764461633,2534,104452,,
0xac48236f4dd7535d39a88d99af803bf7204597c01571339352b430cff8a15dd2,1764461630,1764461633,2534,104452,,
0xfe18208bf43e3a2163cf080b22823bb8fe2788a639d1b683fc6aa6b8b09a3591,1764461630,1764461633,2534,104452,,
0x5b276a012a1aaf26cb771d4134bc7642a1cdd5d34c059fab9aa3f82eeb250894,1764461630,1764461633,2534,104452,,
0xfc040142b36d03d55bf32175ef23a7dabf2cdc912fe1e3cea38f9eda2386cdd6,1764461630,1764461633,2534,104452,,
0xbdfadcecf4bccccd8bc895f57320be037e783c7e87fb88672ce1f574f0a91bbb,1764461630,1764461633,2534,104452,,
0xd0c36e29aa9abffad245696b7320afe9d8551168bd909915d71de4f22b0acaa7,1764461630,1764461633,2534,104452,,
0xbdefc401dc94b5ea76005c3fd67fa890799691c0cd143e4c0a7cff278cfd8bea,1764461630,1764461633,2534,104452,,
0x0f8b3faa26490d32182739509b022d247f83c68f119d813279e157d130e707e6,1764461630,1764461633,2534,104452,,
0x6e59d6177fa23c266297a545140f43a87df080a4b0f965a3cc674ead9def0f69,1764461630,1764461633,2534,104452,,
0xd34dd7aa2c1477c0cc096d282995d36d34692338148ca104441f31119e133a67,1764461630,1764461633,2534,104452,,
0xe311301124be55b0232f3988a493dfc63bf18a89b52d3cc89973f67d6bf9861e,1764461630,1764461633,2534,104452,,
0xc06a5504b7da0b85c8f7cf9e09152014ffd49d91645585c697c76c84f19d1ba0,1764461630,1764461633,2534,104452,,
0x1ef664804ce9b1191cf6985e4b3515eb4ececb612ba25b8acf35540b9372030b,1764461630,1764461633,2534,104452,,
0x03762c42d873178bf471c97e59f719c9887136d30a1371bda52d8464a1d14e51,1764461630,1764461633,2534,104452,,
0xed96aff2bdf957aed828215759611550c8fce64d9242e0b726e063b102613c6a,1764461630,1764461633,2534,104452,,
0xe86a062c9e3145c2b875c6cc99f1f650bbf28d0ce1b09d5f5b2f7b63acedba6c,1764461630,1764461633,2534,104452,,
0x847ff28bf621240970b95634d21b73ca8ec8b2dda0c9a7e16bdad86fae5d5352,1764461630,1764461633,2534,104452,,
0xee4d5e4c056342bd2171a4baf8800fda684c0a1a72d9c804eb2d832642f2ac6c,1764461630,1764461633,2534,104452,,
0x17198321c0efb7faf8e1b6cf812e8b125957ddb2265ac0f2efdeab12aee8600e,1764461630,1764461633,2534,104452,,
0x2c7fa6d1aac7d631140f8b47200b5a7de7603a6bdd53ed075bdc78b1d104fefe,1764461631,1764461633,2534,104452,,
0xd651deffb6d4f1eb525991d930126a68107377d23890faecb392eecafab8a028,1764461631,1764461633,2534,104452,,
0x8ddbb2b78bb6c16e6653a9d58ac87983dff6af508e8fe0b83e67bcc165e15712,1764461631,1764461635,2535,104452,,
0x09c694680501251bbb67086ad02f647e190485f1c883593122ba59a0e23e6383,1764461631,1764461635,2535,104452,,
0x1c652c0c53559a9f4034fa3382228206c3e660b8ca55bace8a64d6eccf0a99b4,1764461631,1764461635,2535,104452,,
0xdfd18739504b775b76339c66933d79b8e3dbc739b6a6e2dfd9e778b76ff078f3,1764461631,1764461635,2535,104452,,
0xe2feb7bc51c0149baceeaec0a0acf3b4523a788ec5acab810c5e0181163c5165,1764461631,1764461635,2535,104452,,
0x2d0171e530583b75faa651e8b87fe9ee3c235e68955a5a4d278363134fab8dcd,1764461631,1764461635,2535,104452,,
0xcd30fdbf9f7e43a0035ad6d5220b2a7d679145b38429610b78b38f0283f7f7a4,1764461631,1764461635,2535,104452,,
0x8d1c9958a4d819e324d5be0f0f29d30b9074f441d29970ad67d34181b686add7,1764461631,1764461635,2535,104452,,
0x92d05e4549c6a05b1fd6080eeca2ccf856e1356275e3302a2ca47327964aca55,1764461631,1764461635,2535,104452,,
0x68b0aaf0daddc0aac3062680c4466fa8b3c8eca18efc555744fc507090363890,1764461631,1764461635,2535,104452,,
0xfd32631873e5ce1c42a241ae546d770c71161e6ab2356472806226ff0b30dcb9,1764461631,1764461635,2535,104452,,
0x72982fe9363f8ba7cbf236e9108130c025ac9d5b5068d3e996b9c392942921bb,1764461631,1764461635,2535,104452,,
0x9770bf00a89a7bbc2c97acc94c06464fa3fafc6e84763543cf5da5e5536687ef,1764461631,1764461635,2535,104452,,
0xf3ca6e4a5c3e05053dbeee9b7247464b9a7a3aaef6776623c137cfd94f916a3b,1764461631,1764461635,2535,104452,,
0xb06c7bc963bb013e7d55fe288e6019ed1a06d5f3c42ddeb45a0ae8b16d9c3ccc,1764461631,1764461635,2535,104452,,
0x1f0c16b751a0e74422d60ce310fa774117a1aa9fd3376c16714a021eac8e2eb9,1764461631,1764461635,2535,104452,,
0xf72269d6d6981b131e108d9af56df47b4e4f268ceb41a2d1ba17533bcc41c340,1764461631,1764461635,2535,104452,,
0x842293b59320e52b26e0cb665a4dc393db9d1653455b46e14482933b7d1ad093,1764461631,1764461635,2535,104452,,
0x098146a86428f28d5ab079057601266c6acc3775bee84701cacc36ef952175e9,1764461631,1764461635,2535,104452,,
0xdda81a9d96255c91b24e9852ac532f7d78f5b54ff3d59bad099af5c59ce6d56c,1764461631,1764461635,2535,104452,,
0x986845df8faa5a7614bd087086a8082c8a5841450c64c697745dff01015a4c34,1764461631,1764461635,2535,104452,,
0xceabb15552470188e886ffec4151e5e3292c4176017474f8a6a721a5ecb14eb4,1764461631,1764461635,2535,104452,,
0xb977141f3972705b559b2134ad4e4697f29a6d4a563d29a3452caf7bab4e4391,1764461631,1764461635,2535,104452,,
0xe068794c01f84ab597390dfa29414b66605035dbdd46502e77111f36766b430e,1764461631,1764461635,2535,104452,,
0x9d13701a29cd9eee2dc635dcd7e8e97aa7ae127ee58240fa4d0939b38eaa01a4,1764461631,1764461635,2535,104452,,
0x41dc4f40407f18d63a02d6cd754615a2edfa2ad7a2420e3a4582208540983f1a,1764461631,1764461635,2535,104452,,
0x7b13456e8cbf4b24ec4d9ecb0c1912b5a98632e4671bc3991dd6ddcd67fe7531,1764461631,1764461635,2535,104452,,
0x3a04dc509d340666f2083cf61faf4c76f0336055de3d5618af5474018507179a,1764461631,1764461635,2535,104452,,
0xebf8fbe49769eb01f1b0a7611321be0d458c5ee69d44f8a1a7a509d3d8f16492,1764461631,1764461635,2535,104452,,
0x6c9ca0fb6fd766da2bed5752734fb873f189592890ea0bb42814adc8391a5479,1764461631,1764461635,2535,104452,,
0x9aea21434563a9b9f2dc2c07ab53e226402fb2615a89c6a82e3251f0bd5b3db1,1764461631,1764461635,2535,104452,,
0x20f260ff0cdc7b73f2ed2a645084396c19946486d8648ff722e8b8c5879e85d4,1764461631,1764461635,2535,104452,,
0x31bcd105ca51ced818ef4649a643fb5eaa4cf3d8e7eaade0e84334369ea271ef,1764461631,1764461635,2535,104452,,
0x9fbf5eeef17feedfd504e8a588ba519378f3edb8ae78b6fbf30fb470f1e4b775,1764461631,1764461635,2535,104452,,
0x753d457b05b48bd9fd6f92d08a592397cfbce9f2b22a898573f31a09bbe679d6,1764461631,1764461635,2535,104452,,
0x15e08f53b063aa1ee96ebb65e35feccf9be9f349d3c9423f858800be60aa0623,1764461631,1764461635,2535,104452,,
0x7e5ec82501751c1b37e451dabfa70d89aa632fe32c1c4b979edc4689fc1da6aa,1764461631,1764461635,2535,104452,,
0x56814974d4bbc07ea0328d96a1708066450ac3907a6a6406040a1571de919075,1764461631,1764461635,2535,104452,,
0x756e75a80a360cd48c2fc2f7f9d7e3f6c92d44ebe9bf38e5c5362463520cb5bf,1764461632,1764461635,2535,104452,,
0xda42dbe042e3610852c4d63bc06c224a31ad61ec383a748c3d5989000322ede9,1764461632,1764461635,2535,104452,,
0x597bffa9b2f88424f5f091cbfad63ed5f5899401d127dca709c0fde918206845,1764461632,1764461635,2535,104452,,
0x7f0a64b25378fcca322a0afe137b813db6d521e242e98562a0f58fcde10e37eb,1764461632,1764461635,2535,104452,,
0xec9c9767116eba4bd6f52faeb7ad9f3f9de5cff6f32826f7210d6814fd3d4851,1764461632,1764461635,2535,104452,,
0x78cedf0cd0576b76ea47e8d050c49b4ff1cd228819fcdaa39a84f5cd8f17af72,1764461632,1764461635,2535,104452,,
0xa5be1349a1731c5b957133284e7ca5588957a66ecc2d12c2dc28c4efee63c743,1764461632,1764461635,2535,104452,,
0x4060afab57c3559678895eeca4f9364c534666831161ae778b87e05225ce36b3,1764461632,1764461635,2535,104452,,
0xc3085b0ebec6abf4dcc7ea5ae031c0ae618c42e2cd42c945fb76e6ddeec7d660,1764461632,1764461635,2535,104452,,
0xf47d82b750e83094cfa947719502419eaaf909b56c6f3e375ef0b199a8673bbf,1764461632,1764461635,2535,104452,,
0x5dfd11751f452c7a74506222b1ce1bfda8d56976a93e932268032bb36ffeca90,1764461632,1764461635,2535,104452,,
0xea3346031642b1fb65145df7cd4f9d6518a960de5435faedfbd9eb93ea8bd06a,1764461632,1764461635,2535,104452,,
0xec0465fab32254d5d10a5c26ef7096f1803d0ed8acea368c465c49beb94ade4f,1764461632,1764461635,2535,104452,,
0xf5520b7045f30edf7dee83a795fe9894b59292176256e48665ea823ebb8c4439,1764461632,1764461635,2535,104452,,
0xa0fcfc523c1e3214eb552170477e14981f7e24098a2ea2162e738820559ff736,1764461632,1764461635,2535,104452,,
0x08c1af6154a201dc91169684761250fecc684879ad1d9ae32fd6adf3e4e2c790,1764461632,1764461635,2535,104452,,
0xf82ed6c365b7cf75e354580e8c3b574c45a6e6b1811cc8a2345f114a6df25c11,1764461632,1764461635,2535,104452,,
0x001611ffcb3d0032446038a17b4ed740bb9dcb69ad0931de1859736f68dffe74,1764461632,1764461635,2535,104452,,
0x4011d8f59316691039618bae29b406be7093e316600042f3519e9f048e38a8c3,1764461632,1764461635,2535,104452,,
0x221b0fda281069cf500aa60dad0c77c4d408bfa08174b6dd433346e290691f5e,1764461632,1764461635,2535,104452,,
0x08b8d253f2ba08c180a6a4145284f345e8d02dd2dc7864e17f4e79baca074e5b,1764461632,1764461635,2535,104452,,
0xc4c268ebfc7ee00ca3a86386973b6d21c639fee328223a3dea35afd6d21eb5d2,1764461632,1764461635,2535,104452,,
0x4c824068e58cfbf349f19a3949e9b636d68cafe7673a01e8af7b9ab630cce0ae,1764461632,1764461635,2535,104452,,
0x864857b94ac8326fc057ff62f304a85541b01b093ff22fb7719b70598db4451a,1764461632,1764461635,2535,104452,,
0x6e8faf0480835d6acb5473be75d9bdabdd706c21699f187110a063da12ce2360,1764461632,1764461635,2535,104452,,
0xb0ca0c61ecf2acfbb4b44bb80fef1eb96e80495eee8202a06358a78eb0f0f98c,1764461632,1764461635,2535,104452,,
0xbcd487ba97036cde8b351de94efdc3aa0aa69cd6a13e4c75855366a35a67ec9a,1764461632,1764461635,2535,104452,,
0x24d9fa1831592790739072d4aea88d04791455a74b3d6102f7e3d98eaf50a9cc,1764461632,1764461635,2535,104452,,
0x3a3d2fc48ad16d03bedae4e80a0314e5a487be72be5383f5b87eba714c6e4b82,1764461633,1764461635,2535,104452,,
0x07024db1e415dde64d8fd6b3f4c73b0da0c6470f0675067821aaf5212cbaaa5f,1764461633,1764461637,2536,104452,,
0x18cc18890bdc97065400b062cec10752f74855fba5f16bddaab04109e565de5b,1764461633,1764461637,2536,104452,,
0x30c470cbb95a5017e55ed1ed0df3172221ad6979cb4e44658241f2cb833b77f2,1764461633,1764461637,2536,104452,,
0xa1ed808deb6e11295cd7a8be6eb3cca673038407927419a6a8b0ec4c1afaf208,1764461633,1764461637,2536,104452,,
0x449dcee80949e9583e5f9506c4ec90d8fe24f9645169d91641667f5f136d1404,1764461633,1764461637,2536,104452,,
0x3c4bd31b544d11025fba576ba67598d80124224acb73095b78ea31e1f1cd2d92,1764461633,1764461637,2536,104452,,
0x77c3e0d9cbd5ae041dd02b0c3098869f4971cb6b8b0138650c6ee54577e56bc3,1764461633,1764461637,2536,104452,,
0xb2a824b7655e9f4f3ea603e8f1dfd67c7f00dfb5c21fb27d5b526cc01b2b8976,1764461633,1764461637,2536,104452,,
0x70a233e3bfafe5f1fa9d52e2b0202a8e18cf77b3b6b7ab3cb8fabdbc646ad871,1764461633,1764461637,2536,104452,,
0xaf98a505f1f9d01678fbd4f778b31a68001c9b9018d640bea737111b972c95ec,1764461633,1764461637,2536,104452,,
0xcde59a59fce50467df655db1fc72dbfe5b4fef8a712f228d424c405ccc8e9b8d,1764461633,1764461637,2536,104452,,
0x9c170abfe2084f7885e2a9b498602569eb78a33a597dea9cebf3395318c6af19,1764461633,1764461637,2536,104452,,
0xb94872e361002713a49166802f268f8ef53cfbcf5d6f1a94bec6935af2d6e690,1764461633,1764461637,2536,104452,,
0x36f495b82e4df985d503a526198c3f74f0520786c1a80a9a0b871be99140b46e,1764461633,1764461637,2536,104452,,
0xfbe838e9e5b1a2ca499ab3ec486030421c9e3c661e7d44fa4b98600321075a1a,1764461633,1764461637,2536,104452,,
0xd9570b1acd6f132bbb1ae8dd3d96bb1dac6c0b37c3af60c59e05524e32432d2b,1764461633,1764461637,2536,104452,,
0x0df0cef120222c4b8c139e6caa5be6218059f056fc6ecfd42603e8582a8fb1a0,1764461633,1764461637,2536,104452,,
0x061220c41b00191f58a273229d6bd62a920e848a02e965c57e79cc1b553f5937,1764461633,1764461637,2536,104452,,
0xa11a61ac13d673516ecf0619a3c0fb73793e18f73a9d573094016ebfcd17a422,1764461633,1764461637,2536,104452,,
0x53f2877c41848f22cda847459696e8e308e18ba05e1a3728af472c1263e92896,1764461633,1764461637,2536,104452,,
0x46b147c25b04dbf2dc38294d85c5bb4afd5c3b8e8c54753de3b7bdb73c0ec29d,1764461633,1764461637,2536,104452,,
0x15a4f069624a3da3cf304cb347f99d0693901f30f4cc0fc2aa8beb9cac23b213,1764461633,1764461637,2536,104452,,
0x5827628c26c881daa1d095e5222a14491ff368839982017a31c1ac5e5fdf9c4c,1764461633,1764461637,2536,104452,,
0x625086d5b764042ef483bf07efd56f8befa403f7d0a1a8c5669bd55cd23ac59e,1764461633,1764461637,2536,104452,,
0x77ed04d0c173c4d25c7671330ae72a18ede5e98445152ee2b206b2d7340482cb,1764461633,1764461637,2536,104452,,
0x26c1b7c5febf3bb85f6f45f0faf8415d9edc63c8a9f42c90e5664490944aa55c,1764461633,1764461637,2536,104452,,
0x28f0c6512a36088ad7dca5dbee910e513dea3ef09c14e72620dc80cd5913ab8a,1764461633,1764461637,2536,104452,,
0xb73d2918f9153c9adcd51bc4a434634f8a5096313e5f50467a8e43ff620dd112,1764461633,1764461637,2536,104452,,
0xcdab0596b37ad153f42cd0d33b027eb93a96a26aa26a5755b205fc5902228e0a,1764461633,1764461637,2536,104452,,
0xc9f9e7c70c4e07762a9cab22f35b3de635b8fcd6ccd0da8ee54f4174e4f8f044,1764461633,1764461637,2536,104452,,
0x2ec008854580e0041f5a66e66836a1453769ce451982fb6a45902d7e6cc359f6,1764461633,1764461637,2536,104452,,
0x8fdc1c0d3cc890e644bbea9f1a2dade9226db9c9484e2ec9b8d49de51b47cdef,1764461633,1764461637,2536,104452,,
0x9554932cc32f7f01d1d8936eb9763656e21944e77077ea45120c258fba7e47af,1764461633,1764461637,2536,104452,,
0x91172b242139f0218d219128f2986bb18da6a48d50d04e6a40d856dd3a7c9bc6,1764461633,1764461637,2536,104452,,
0xff287ce7c0d4f70049f4ad7ea64ca610a1719cd8f5538709e520b4bf2ac801b1,1764461633,1764461637,2536,104452,,
0x6116864aa45347e6a377e95ab2c9df339323c98a1f0e9441d30ce8504e618471,1764461633,1764461637,2536,104452,,
0x66f525e22636e79de66da29c2e50b03da7343fb16362ef1683ace7185c2b8208,1764461633,1764461637,2536,104452,,
0xff535267705f1e8e313a4f860bec4dee03c2cc659754e11de0e4e393b6645522,1764461633,1764461637,2536,104452,,
0x102c733953bdb868ee2071032cdcfb48324cd675916e35875464483726f0c22b,1764461633,1764461637,2536,104452,,
0x4c9400e30068b3f62f07cd4ce5a46d6f7158def3eedaf1d6366aad54222cf404,1764461633,1764461637,2536,104452,,
0x01308b4368c6d21d8cf2295674b330744e7f9c8a5b684e9ed4ef403efba3837b,1764461633,1764461637,2536,104452,,
0x4d91fb89734f6bcfe563e87f65bae719ad099de5d3c06bdfdbacff3915cf399b,1764461634,1764461637,2536,104452,,
0xc676b3c198275e5bd31829573a622f6f096762db1be95ba97e39da9b29408bf3,1764461634,1764461637,2536,104452,,
0x3326b6d14f8e63e69375393a17d7649ed325f59eb0353bd41463a28014bf965b,1764461634,1764461637,2536,104452,,
0xc10b508363a8a68dcae976c6867cb7f3f68c26ceca6e734f2c6f65c89a6a03e3,1764461634,1764461637,2536,104452,,
0x1691286c9329f6529d49737558bba649a9b9a495babb32b22832ddd91c4119b0,1764461634,1764461637,2536,104452,,
0xae6a2a3058f31a78288154788d4800a08b3e4d743f63d4cd30116ff34b298d30,1764461634,1764461637,2536,104452,,
0x3062db8a3b1fcb6c609756b19c3e91979967c5935bd6041d0485f0dd14449eb9,1764461634,1764461637,2536,104452,,
0x908234dd9e6ba224582dbf8f4e0a76a08744a3fd99bddbd13b96d957b16d74f9,1764461634,1764461637,2536,104452,,
0xbe1e92eb8a833aa51e4fad4e4a0a51af29d5290b06ad9d8be0328ee94e7ba026,1764461634,1764461637,2536,104452,,
0xaf20ec17f3c645558d19c291c4746f3b6517373424f062e23dc2518664b75997,1764461634,1764461637,2536,104452,,
0x2664ac026915af1bacff79ad75ce3ebd4423f5577ea64c89178aab21814dbffa,1764461634,1764461637,2536,104452,,
0x7a74961f4d7e53efa22ee6f811b9af3eb8789a464496a54f901a138c454c1e09,1764461634,1764461637,2536,104452,,
0x9378edf0d242c9f64bf72eae7dd647689c8f12b99f5672545165fa2cc885abf5,1764461634,1764461637,2536,104452,,
0x7ae7ad2a8b1188b2575fc8e6e9681ac7a6fdec0d2a2bf9f1811383b80ba8458e,1764461634,1764461637,2536,104452,,
0xe40bec7a8375ef57ec9c0f7079c7ab6d9e2cd089af993fab552e706f122e8c4e,1764461634,1764461637,2536,104452,,
0x603cc1e2470d1522d437bc5918b4579f2d57d7c54f1d02680b8bb98adaa06aa9,1764461634,1764461637,2536,104452,,
0xe11c092d2946345669882875e682ac067af63f69e40a17bbf9e8afd2508d6821,1764461634,1764461637,2536,104452,,
0x636b2e20a78eed18bd7408e7f4151c6f6717ad45871f6615f2a376a916bd0e75,1764461634,1764461637,2536,104452,,
0x6446559db78c489cc867d78e78b402dbffe0e284d9727e833d3c3a8fc01af962,1764461634,1764461637,2536,104452,,
0x94d1d4193fa35d1ae985ba0fb6d94ff39612ff0b49f067da15a5862cc3b49dcc,1764461634,1764461637,2536,104452,,
0x73ff65c216b75237ef07b11858778235689ef9a4d0d7b3b4e23e183942cc52fe,1764461634,1764461637,2536,104452,,
0xc0bb4f7306d26d6ee20dc7ccd6ed746ff52be9cf13cba639bd08dd23d635b7f8,1764461634,1764461637,2536,104452,,
0x932c2d65b5665d16969ad96e471d7e7b0c9ed738172d98b1c000b7ab962896a4,1764461634,1764461637,2536,104452,,
0x7d057994304f810cde61ac8a7afb90e28082b22cfb7eab8b3b8a72e06787cdc1,1764461634,1764461637,2536,104452,,
0x82bb0cefa3cfdb759393126340a47d472188877b2ee330db66f2a4f8463eeecf,1764461634,1764461637,2536,104452,,
0x7f0a74a8d7a314f5a3b21d898e75ce0bdeea59b5c61a3e5322e4a10455dbb165,1764461634,1764461637,2536,104452,,
0x880aa9d7d060b2621cebce9805e64a279f534fa39a1ed1ced57c4d3570bc0174,1764461635,1764461637,2536,104452,,
0x11052deba0df9b8e49a6f513ac7edac613060c4384d949342224f474d02b12b8,1764461635,1764461637,2536,104452,,
0xc01cd4ddfb593435f92481318de5f7380abeef970be3515cb74dfae6c724d628,1764461635,1764461639,2537,104452,,
0x6c64e83ac4f4ba8a5653ddfe7211136e17c58d033b8194efd399fd3cf590f58e,1764461635,1764461639,2537,104452,,
0x5d713c2f1c1677cb2187ce9a9e5095a46a5e26a44140508e888acde4fcda76c3,1764461635,1764461639,2537,104452,,
0xaea82f3754791693d855a27edf434dbd182dffe9c4ae7d135183abf6ee00d7a9,1764461635,1764461639,2537,104452,,
0x0911d5ad3d8fd456e1d2130ccb90df640c1cb3d1c32bc876929489ed78f90a52,1764461635,1764461639,2537,104452,,
0xcbf22f254fb9c4f288c74121f666c29bb19ee3dbaa4579f712432ad74395bb7c,1764461635,1764461639,2537,104452,,
0x57bb516998b2db23db344ccbfaed27cb7847ac3b0b63e32ca6531cd816d84b96,1764461635,1764461639,2537,104452,,
0xdae2ad3d490cdc9e99583cd433159b3bd2c4c44a1f3056427cf4df818eea7869,1764461635,1764461639,2537,104452,,
0xd94afc98899157e36ce7e8396001f42f15034d7d18cbd7849f778bd7a7fff5a1,1764461635,1764461639,2537,104452,,
0xc19834eafa546c13119b3fa97bfd564b8de96310dc54271693fa658aa132edb7,1764461635,1764461639,2537,104452,,
0xa37815a8f829eaba0a6e86fe5582c362ff59c1e081d1266cde3d8ce0ce4bd843,1764461635,1764461639,2537,104452,,
0x636619f0f94afc4f9da2696cf3baa1a1af9900425e13ba94e96c4da703509f49,1764461635,1764461639,2537,104452,,
0xb6e8e263c0cf1097c5f2e2b16a122a7bd5dd9696e951ab7af1589ec46f9dced5,1764461635,1764461639,2537,104452,,
0xee58bc6819439eeb03915ff6b14c16cff6a76c09fef888ab46f9ddf34b52ec09,1764461635,1764461639,2537,104452,,
0x966530a3db02f13e247fc09a20d2c81e9463620ea704c50281a78f8f39b25d36,1764461635,1764461639,2537,104452,,
0x7115851062f1c3c347aeb9a2e577861d45799e469cc853e308c50a9f5afa9cb9,1764461635,1764461639,2537,104452,,
0xc856d3dc26c35efcc59da8adc02335e2df69c8e491f1543e5d762d30b56bb8ea,1764461635,1764461639,2537,104452,,
0x3ffa6507c3f73ae6b1afd8859e443d51325eb0d5cc89aad3de77fecc8db78a6f,1764461635,1764461639,2537,104452,,
0xb77db1d79a9d31cf8e86ceaf0dad2d1437109e211cc3617e151b138e08bb0143,1764461635,1764461639,2537,104452,,
0xb18ba5cb47fe44987b001e3531299a8cbc7a3867652239bfbb2d1edfba4e870f,1764461635,1764461639,2537,104452,,
0x4f091cfed6da6a09249b6b176e82330c198e8a9bc915e506ccaba5c177f1036b,1764461635,1764461639,2537,104452,,
0xc9499c730eec18444d4a2b30d7981bac5735a8430bf53cd65d50e911fc80379b,1764461635,1764461639,2537,104452,,
0x116e681fb4f4b705b860ffbbf5256ecd7d2af0a78a63b154b5a315de4d681121,1764461635,1764461639,2537,104452,,
0x21d542e22aaa964b41c494b1170f86782e38c41e1d846919e1b46eaa4848768d,1764461635,1764461639,2537,104452,,
0x9f0578fa770245af151ec29fca42907afcfe0764fef3927dae4548f88a94fb5d,1764461635,1764461639,2537,104452,,
0xf4f5ed3402f33bbf5fe3cfc0c075e8a2b28e3a248c52bf6a56db6185cf1f91cf,1764461635,1764461639,2537,104452,,
0x22c2665dc18a3b4ae825838e4c53afb1c240ff89b02061eb608551526c5ac9d3,1764461635,1764461639,2537,104452,,
0x41898aa9d579a42f7c64f01ebd9c418ae9b60d6324d2c88d698b850240087e17,1764461635,1764461639,2537,104452,,
0xce2ff9900423eef4427a6fe8478bd5d14243628fd198fcfa38a37d47e2d966ac,1764461635,1764461639,2537,104452,,
0xc2346fe280ff54348cfff9b6aa8b50286b53c57a3918a54f74c56fe578326e66,1764461635,1764461639,2537,104452,,
0x7fe106e95d6a8982caf74a6ec2c151d872c27350791f8ff8b56d5d9fcbca802f,1764461635,1764461639,2537,104452,,
0x7e37975464f70e0ff687cf6ef5f8ef86a9ca4e9bfcd74d0cfe83cae6cb0f5c4c,1764461635,1764461639,2537,104452,,
0x0eadfe38f762e5bbcbab325e60d401c49fc8a4da3a8f119ea673579f83908e19,1764461635,1764461639,2537,104452,,
0x850dc75b2e3c5fe7075420996838fe1d168271522adc9d85e5f663c1372b7d4b,1764461635,1764461639,2537,104452,,
0xeae09a2051124dc3b04c01ca8c93fdfb7f215ca4ff873015265f10a99d9f89bb,1764461635,1764461639,2537,104452,,
0x99fd558f201893ae03f11ac63bd0fde417c271d06f7d092b7608c650809a5fc5,1764461635,1764461639,2537,104452,,
0x92898a264fdcf49b87ac674454cb14db8433a66cf0953e74045102ab7fa27c34,1764461635,1764461639,2537,104452,,
0xc77f9d3e852da6a1ef7baa2c7d1a4436f6d75d68bb5e2cca077819f382ee7c44,1764461635,1764461639,2537,104452,,
0xf28863a98bd14a4bb4d393b01f5d673905ddfc8cf55a50ca38f22a43e2862450,1764461635,1764461639,2537,104452,,
0xc66e22af23368964235ef17bb8fb2d27362b8bab4cbfe1533f9224c0847905ec,1764461635,1764461639,2537,104452,,
0x7e30162c54b96625ffd9133ff25b862e6842d463d1f874c159a2ce3ef38a90fc,1764461635,1764461639,2537,104452,,
0x3e6a5760c98c35d6ebe7003e24173f08dda7d27a72a26e29877c2008a4f45f08,1764461635,1764461639,2537,104452,,
0x1512b6b70c880cf1bef6c7e5274e95f58275a307e82498c7fd61c08f5b9c592f,1764461636,1764461639,2537,104452,,
0xcf90500e7026d15f40e56f86fd748cbf52b2559a585d243c9ca6dfc979af0e80,1764461636,1764461639,2537,104452,,
0x46a4d14167cd411049c36351b1976c750c0c22730973d3f13ba64a43b9357b10,1764461636,1764461639,2537,104452,,
0x8f7a4ca4c05bc2185cc5224878f91237522112da6513e5f6a51cd4fc5788c7b7,1764461636,1764461639,2537,104452,,
0x11c6dca9f3b4d025ea423cb76d12bd27b0aa44d03c9985a0728407e41e40ff9b,1764461636,1764461639,2537,104452,,
0xfde78f5d7850fc9973241349db04156fc8f9edad0177c38e9dc68664025918db,1764461636,1764461639,2537,104452,,
0x10098742583eabb5d0d1040d34f2979994b180fac758f3cb50e1a796c20f28ed,1764461636,1764461639,2537,104452,,
0x6983d49b5c6c061a65cad991c611544d58c1ae61536310b453e07ae393d1c454,1764461636,1764461639,2537,104452,,
0x2b21e15fab2279dbf2d08207ac1b741fb68d5542a8e7b021b5166ca0f1767ba5,1764461636,1764461639,2537,104452,,
0xdc0ac4d9644e4a34a554a1e562450b8c6d07bafea07f81008963d65dcbadf57d,1764461636,1764461639,2537,104452,,
0xf0f8f3fb3ba238b4b97cfd9bf684107841426aaf8b5cb78001f3475fecbe20f0,1764461636,1764461639,2537,104452,,
0x7139dd0e7da342d7722e3884618c91cd8a65d005aeca34084d7c029c57eb5f14,1764461636,1764461639,2537,104452,,
0x9f975299629e4c4aca3415b9e613b9e441c137f4b87e071d49a0c4c9e476c99b,1764461636,1764461639,2537,104452,,
0x8d16fd7c6ef25964cbbbdd0791fa0c17f5e4edb32a6405c78ba982388f44a24f,1764461636,1764461639,2537,104452,,
0x0d5d540a6c60edb0e771c1f6d61ed39c715a2b1e87843948e3c22170a57455c4,1764461636,1764461639,2537,104452,,
0xfb9b935ef2c7f3f6889e50908ee49a9239dbcfdd19c0313dee49e5f267857733,1764461636,1764461639,2537,104452,,
0x9d05c7e03726c871ce60483390d9c9122ecbc25b4356e3ef94147265f8fafcce,1764461636,1764461639,2537,104452,,
0x343066d41419b834c03f76c122b011347f159dece5bd8ba61df65b5bd3607e7a,1764461636,1764461639,2537,104452,,
0xc079e05b87435890166c9f46dda1113acd1da00524082a6720eb6616da5316a5,1764461636,1764461639,2537,104452,,
0x3d05b3b9f6ea15986b27d84592609464fdf456e3cc23998df1abc6aa436779d4,1764461636,1764461639,2537,104452,,
0x9360669447ac46ffd0270e2cd07242d5dde0c77330c4cc5a0e736619893cb1a2,1764461636,1764461639,2537,104452,,
0xe4b2f78d517f25d02a3a18a249f69aeccbfca8da81c6f3362a0cf7b7ce84e0cc,1764461636,1764461639,2537,104452,,
0x14ff326a7abc836d5aa380b9a43267bc431fb737a36ca509b827b443050724c1,1764461636,1764461639,2537,104452,,
0x63f37c06f3a2f6973c96f0fff5cd0b57800ad5308f75260ecd76dc0d1d29bd59,1764461636,1764461639,2537,104452,,
0x37ca432f70572a008edf9dd49e028b9e8ea2bb677441dc08971bef61c4aef96e,1764461636,1764461639,2537,104452,,
0xbe705f4bad0a74f6a80239a2b2657cf6cf5080115fe2e6e2d96bdd0b3d9ee145,1764461637,1764461639,2537,104452,,
0x5b0e2300e5a616f2e3071d7e402a269a324a16a6f28cbb9a376593652c635ab5,1764461637,1764461641,2538,104452,,
0x6d77ab25048e146ea0c0425942f2ae2a47cdb2eb774695f7257bc3d4216c82fd,1764461637,1764461641,2538,104452,,
0xbceac213b8c3c47ea02e00ec671fa6a5257ddc0ccefe1f4bd96fb5ab1c682859,1764461637,1764461641,2538,104452,,
0x85433550544f5e87182f6902c733bb5d65a36964b0e74d366e6f92c58a6280f4,1764461637,1764461641,2538,104452,,
0xda270d387895d117657516e48ef2aa1522fc5f0709509ce0695f93696fc534ea,1764461637,1764461641,2538,104452,,
0x351d0dc97b0cdfed88cd97495cb206f582adfe31fc3fb8f8c3aea2ce7557edfa,1764461637,1764461641,2538,104452,,
0xba593362feee7c8b1fdafa683731c2f72183b256b37e77d3e6c2d120aeba1550,1764461637,1764461641,2538,104452,,
0x7e8ec5dcb800fbe988708875212827e927ee8812dbd4481163d3d71aa929592e,1764461637,1764461641,2538,104452,,
0xf7e636d102adbbe14ad2bb032f8d678449e49de7af49c545db8e5c8f0e910719,1764461637,1764461641,2538,104452,,
0xffe5750ae1297a062e6f25372d26b0d3b712df4068eccb765acfb654a554fb40,1764461637,1764461641,2538,104452,,
0x49ead0a95b686805ad876c743d4a884f16c1d120f50e6a7062fe84639f5c6a4b,1764461637,1764461641,2538,104452,,
0x20662dd66dd160d46ee97e6ebffc1c965952ca94cc5f5b4440c32ff7a3fde764,1764461637,1764461641,2538,104452,,
0x781712cdc8f769a259da6d61fd2caa5ab18d54a894d4464212590ea41854c4ec,1764461637,1764461641,2538,104452,,
0xba4e47e3a62fb181151cb0a1fdbdfa27e70e9e6394ff2538e52fc6bb80daa929,1764461637,1764461641,2538,104452,,
0x026d7f7ef23d089131b6f212fb53a94891294eba68a683efa590034717af865d,1764461637,1764461641,2538,104452,,
0x02ff1aa20856c3ed098ea749460fe194711f75c79c4f8b8cfeff98486d95af29,1764461637,1764461641,2538,104452,,
0x2b8117a0474d65bb67a25cbf63dd1bcf5a6a6a9ed0048f49732cd15a7b2c1183,1764461637,1764461641,2538,104452,,
0xd0939a8c0b20bffc37219582b17760bdf441ff894f34b4542633ddb155b302ed,1764461637,1764461641,2538,104452,,
0x15dca613a85e640e954734e3f630c3a42712d85371902d1dfe1571381004e880,1764461637,1764461641,2538,104452,,
0x6aede684575d6aa066b355b146c765fe398c8b79f56c5316c0eafc84e97b0cd2,1764461637,1764461641,2538,104452,,
0xbf1f86bd6f2357de5343a5deb075e21a565de0ea7858aaa408725081ed1a4d28,1764461637,1764461641,2538,104452,,
0xa49b55a7863ff2df365637e077fdcab3c71319d1d697a72847847ee795575079,1764461637,1764461641,2538,104452,,
0xcf022d4b24af79b76d6f4e1369a525e92c51f1a824ed1bfb70a06510de2353d3,1764461637,1764461641,2538,104452,,
0x33cfbea4b4edcc16a913fea460db5540ac73731fc8c656a6e02654d572ce9f7b,1764461637,1764461641,2538,104452,,
0x377999f98317aef97d0399f5844c9f8ad00042804a66de6a3427d71eeea5c4c9,1764461637,1764461641,2538,104452,,
0xaaa47d97ea66896fadda98252ec2a603ed4f1745681970c6e903f893e0304426,1764461637,1764461641,2538,104452,,
0x71b6a0eeded805c45ba68c086a94d28b861ff9e2c5a8ef96669644370b7cbf1a,1764461637,1764461641,2538,104452,,
0x728ab62ae771b8b90e3078bd8d6da89b0d2dd6f24583468e2235ef6d016a6ef4,1764461637,1764461641,2538,104452,,
0xaf66a7b27fbf6aa9c86c202462a02a48d5585dde4dbcec5a308a8e8052dbe7e9,1764461637,1764461641,2538,104452,,
0x89d79ccf1e55234fe18f7cc10499acccf27d31e5929e4228691a0f97e1102295,1764461637,1764461641,2538,104452,,
0xe30dc7d53c4439bebd32b6ebf1af557d86d865b6837f70a6f22ad17d567530eb,1764461637,1764461641,2538,104452,,
0x36169ed84f0bac6d018e5767d771aed277cdace14ca4abf127de37015e0f4d56,1764461637,1764461641,2538,104452,,
0x16756b7f5d673a0bade4c255d67fe1026557721efe934044918dcd975b6c585e,1764461637,1764461641,2538,104452,,
0x0b0a449dd8e283b5514c1c86bbd230bc9d877c0cabba05af30749e9fce98de8f,1764461637,1764461641,2538,104452,,
0x97896029c2de6f77db7f4fdb32c3e0b2f0f59c004db20b34b63103eb507d935a,1764461637,1764461641,2538,104452,,
0x9ed7d974fbbc6e256079bef78833122fd3f61b6fc80a928718c5b21235b0047a,1764461637,1764461641,2538,104452,,
0xe6b3182e018fbd97e9db289db5808a0a0028e31964163af474305e83513c3b65,1764461637,1764461641,2538,104452,,
0x52bbfc651b11116f0b717666b8fd37b6053736008e00c2cc3d1c6897773426cc,1764461637,1764461641,2538,104452,,
0x6297e81585ec318297c333a6a4bd0a190ba6ded59a42c708b9a7bf4871c1c876,1764461637,1764461641,2538,104452,,
0xee2017ac1bec75352b105a02d31904c3e69d83440446f585575bd62a80b6a366,1764461637,1764461641,2538,104452,,
0x5779a987f5e0cf5671ba0304fd216287386bef028426afd7fdbd61ca949f5f38,1764461637,1764461641,2538,104452,,
0x6ada5f07e93d3880fa238a2ea0a9bbb71e3ba5aec79cfaf796439e65cf79ea1b,1764461637,1764461641,2538,104452,,
0x452750a5660c385e207d7fba2fa7e426ca67fea403a2aadc067148eb90483a9a,1764461637,1764461641,2538,104452,,
0xeef5a4c5ec09a7d3c990ce9a92347637879d86116649642c19963ffb00e374ec,1764461637,1764461641,2538,104452,,
0xb7045e2c71f07246e8ee932d7bb16a435d6caff62e26f228b4f474d061221e3b,1764461638,1764461641,2538,104452,,
0xce1b25b75d8526b47b9471b07af41f3b66823fd3015b928ab99c462829827f13,1764461638,1764461641,2538,104452,,
0x7b85e2b05eb2c151dda331eef8d1110fd256b202f01ad78866633551ec02b5f4,1764461638,1764461641,2538,104452,,
0xa44d3c42bf850eff6f7555664deccbeb9ea6602fdc87607339356765f74f6c0e,1764461638,1764461641,2538,104452,,
0x5593b7b4c7ed501aa556ff2e03420c5d2702ca5c5a7b09c6f2a4c70382e536f2,1764461638,1764461641,2538,104452,,
0x5d89df0b8e92bf1c3b7da72ef57fade3a6d46562a366c214c4a5dda294e98c6d,1764461638,1764461641,2538,104452,,
0xd1eb90a01398e233473b515108e75375da5a59e07eabdd9f4c2cb6d71c5bd144,1764461638,1764461641,2538,104452,,
0xf46b9941ab12a0a64eacaa1bc01666be4c5cc0825ff7dab89bef0893ee767a95,1764461638,1764461641,2538,104452,,
0x09b96c16a862af57633f13ef7fc4630f1b662f018a1243d348bcd235b56cc43e,1764461638,1764461641,2538,104452,,
0x68477e37eda901883b5ac6ad80279255739e3a8d9d26a83364541820f5bd67e3,1764461638,1764461641,2538,104452,,
0x1ec5d01a1a2dab00233036d9c431f098de74891138245dd89f872d9ee7516afc,1764461638,1764461641,2538,104452,,
0x4b6c48c73c151e39231b4eaec1f0d0f3b6ac0aef4650104b12d75c3795bab6a1,1764461638,1764461641,2538,104452,,
0x47928485b5e69a16ca04fa367ce7727f395974f2761c10872412072d6d2e7415,1764461638,1764461641,2538,104452,,
0xecd8cafbcb88c4a3ce3ed9ac55999861be81b9ee7c433a39ef5dc25358485851,1764461638,1764461641,2538,104452,,
0xb010ea9b22317cab9e82ed1f4999e5ef34a2b446d992d42b88b17be4f38baf46,1764461638,1764461641,2538,104452,,
0x16f49d8fb3cf27ec5c5fd4d05f6ed8ba3b56e1f67c4c0c0f83cd4eeff84f3cf3,1764461638,1764461641,2538,104452,,
0x6583ad2706d11bc2c766df2a11f4acd1810247fb3d123390f6e4688b4a68f218,1764461638,1764461641,2538,104452,,
0xc91e03d4925f5c61cc0f80a5bb230f8b7361b1264f1ea0018acac278ee0875dc,1764461638,1764461641,2538,104452,,
0xf501d4137471740b528ab19d49c9d1e7f06756ca787b28251f15bd6cf2db6e7c,1764461638,1764461641,2538,104452,,
0xe4cc788246a6808ddaeab38b233869a13a23689caa2a0768c4276709de6a8b25,1764461638,1764461641,2538,104452,,
0xd86bb7efacc32e3ce32f971d65f5d86092768c3b769daded5193fb792513c6a7,1764461638,1764461641,2538,104452,,
0x007156bf103343beec57dad1cfc70d25c4fc860ac055fa8d97f2c69e7a5bdda9,1764461638,1764461641,2538,104452,,
0xc311c02113d1c7182dfd0fa228cd82d4da8bbb8f23187f9b9b0f5e87e76bcb3c,1764461638,1764461641,2538,104452,,
0x0190acfb2217fa854f66bbd774c4a645bfce5254df17b1fd0c88b747ba7b791c,1764461639,1764461641,2538,104452,,
0x036520df4cd0abfa1e497e32a8a4ac9284e88050f9b8c777259e762ca71722bc,1764461639,1764461643,2539,104452,,
0xf3b4d82e5d732f7456f55e5a67c4640fd30e10bb096d9667e553cba5e49ec5a0,1764461639,1764461643,2539,104452,,
0xcbbda0fdc40a5b55e2cd73d436987f1deb044c6daa9b4ea7a5857b05ce469e1d,1764461639,1764461643,2539,104452,,
0x79649828f565a61fc1200620ef8f35402c362a2805084c9b920895b173922ca9,1764461639,1764461643,2539,104452,,
0xc0bfb38b0c47d56b7e4085ede9ad48bb0475faf7b12917ffd5f3c9f335c046e7,1764461639,1764461643,2539,104452,,
0x7e0ef88c98924dc1297ea1cf695ff5d24f4343f28e75b50a6ef76df7ec6b1a79,1764461639,1764461643,2539,104452,,
0x20def02482fcd94483230cfb5b59b15cbaaba9d4de21d86ae87fbf5438607b7a,1764461639,1764461643,2539,104452,,
0xd559fc2b18eede6c1e2e0d5a4df8a247710dad4d19804f4145d4eb5e4036c4a3,1764461639,1764461643,2539,104452,,
0xae79f9731e78f8d35ceee1c578e5e523c2ee8bd5a3a3570c4ae9559065e15d65,1764461639,1764461643,2539,104452,,
0x365ef0133d48ef2338414f1c2c209f3244661bc0a07c0abc63dd20fc647aa35f,1764461639,1764461643,2539,104452,,
0x4a9a0b5481c8bc23f699ed2d23878aa9e7a8387f2cc5016e65a0c58f47d41c9d,1764461639,1764461643,2539,104452,,
0x37ade2790c519ba3be37b6e9920d696397aded4039a23eec02256589abc76a8d,1764461639,1764461643,2539,104452,,
0x82fe7be7d3742928d6d6e3fafbdeaf688f42dc16384409b271e1b174aa75225c,1764461639,1764461643,2539,104452,,
0x8306e41b83f77a4e81e3aeb44c13dd518f866bf5fbe93a21d483ea0c08e883b9,1764461639,1764461643,2539,104452,,
0x794e8be54c40dea402e33affdaf4cd835d597c277f1711975baf664b31172a45,1764461639,1764461643,2539,104452,,
0x471f96e1e3ab143169cc06f857f362003e45d4822d1754507ba34015e9bc989f,1764461639,1764461643,2539,104452,,
0x8cc93304bcdc82a076f338385c0d2844a48316ecbe3e508624ae8a3b2e04d731,1764461639,1764461643,2539,104452,,
0x25f18a4860eb9290c1c56bdf746b822ff40a2eafc02dc20afdd8aab726df6f0e,1764461639,1764461643,2539,104452,,
0xc0aef219837e6351457c1351ebd7dff3f241db85da1ba0bb27b15344d3a5178d,1764461639,1764461643,2539,104452,,
0x1b2aa44aaacea00acda476caa117e26cccf9d9947950fb68111ff388a81176fa,1764461639,1764461643,2539,104452,,
0x1cd29eaf88801ea611602deac1d3dd811e8488005d1dc45c36a86edc843bb144,1764461639,1764461643,2539,104452,,
0xb55c80843e6f5fe2b6ff63adbc49389671741301607f7edd1672bcd22e5d15c4,1764461639,1764461643,2539,104452,,
0x36c9a43bd8e816adccf6c54223bd4f15c676df4eeac473c6691e44a25061b3ce,1764461639,1764461643,2539,104452,,
0xcf4d7b0c93613e95e19f0b08efd6f33696d57759ed008bde26f1ca26f0c5569c,1764461639,1764461643,2539,104452,,
0xf32d92416b9141a6459f5d7dfb61c934a668eb6a85b01e1cd34521d638b3b745,1764461639,1764461643,2539,104452,,
0xe42eb019396a238941f773b0e76a1c181e9f12925a9330661be0a7e2459d4b8f,1764461639,1764461643,2539,104452,,
0xba726f8625eaa18e5a4cb7a27635658f2c9984ca4861cdbe029362cfbe86bf7d,1764461639,1764461643,2539,104452,,
0xb21efa2d591d6034549fdf1bd7e78159ed7f3313a89bd8e84824eb9d5094fb42,1764461639,1764461643,2539,104452,,
0x4ef2d8d6c6032525b99788fbabc11cf07c154c241a30cc1c4d8af482f5bf0d45,1764461639,1764461643,2539,104452,,
0x7c084dd2e2e5ab8c996e8b49ebe931205c6a8038d7c841e4d9ebbeda79307943,1764461639,1764461643,2539,104452,,
0xbbeff88f0e1fab1c1f6b79d471492fcc2c5386b3f6001d82c09f279c49a63cd2,1764461639,1764461643,2539,104452,,
0x47fc063feee967e06e1284212b6c14a0f4bf20e213ebb887f33b13eabe3ee8d4,1764461639,1764461643,2539,104452,,
0xec089907b4414ba96b272c964d7ad6b813d71eaa6fa54a8c730c915b054a9470,1764461639,1764461643,2539,104452,,
0x6cd6fe922874113503755132c5e4530d08932d0fcc6ed7212a9f4a047eacbb2d,1764461639,1764461643,2539,104452,,
0xca862de8d4bb3a99ccbcd9b1540a4a6037761b47b4108bb393f49f25d409158f,1764461639,1764461643,2539,104452,,
0x7437c5d88f2a48b1e432034c2ce536e7a5b98e87869dcddd69ccbfb1582c7787,1764461639,1764461643,2539,104452,,
0x8a63a281551d57ed45eb6ee385d9d97e11ebe7b950ad59a10011099498de4b36,1764461639,1764461643,2539,104452,,
0x44af95d1440300dee526b963ced05d54b99f7e0957dac058b0e05ce25efa2589,1764461639,1764461643,2539,104452,,
0x76c59b0298547cd3b9ca321fb5b68f9fa9e7491050306f6f58675e192731e155,1764461639,1764461643,2539,104452,,
0x63f05fa2096434948ef38e1507c63f3b07c8581d69ea61a4f731e8a52ae968ec,1764461639,1764461643,2539,104452,,
0x341ba5d6d3a48892ec42fe568fe7575ae01bbdf620f47ac444b510ecb071533b,1764461639,1764461643,2539,104452,,
0x6aff3f177d1847beed6e856893778f11a228bd8d4a8952aa314fbfd66367e883,1764461639,1764461643,2539,104452,,
0x21cb3b12266da3da5fe891154acbf11b9883a0f3d6ee3e2d41e1139bf865119f,1764461639,1764461643,2539,104452,,
0x15d8ace468bdb2c393767a6a19409c8a22b2ef3f7ddefd0b516ecab79db32524,1764461639,1764461643,2539,104452,,
0x36d567d35f774b5a7ac4eb175a66e7377c692daadac1e5f1cb25f674b28a06af,1764461639,1764461643,2539,104452,,
0x34dbdcf9034800e1c1d5b5649859f68c82f6f2362964fbcb37ea8c970e77d59d,1764461639,1764461643,2539,104452,,
0x351f7060aaad2bed1c9e588755809c3e445eca341ee88e62d3113753bb179cdb,1764461640,1764461643,2539,104452,,
0xc5bffdd8898186513f2fd7641b6168201e4236036731712f83a86140816370dd,1764461640,1764461643,2539,104452,,
0x41b7a3971d29cc868cf17a8270404e7ace2eb1431187f26a8dce9395589a6216,1764461640,1764461643,2539,104452,,
0xdcf05b537f1048c84dfa91f747b644c6362350171c5d0992195d3216b4e08177,1764461640,1764461643,2539,104452,,
0x3c9a401161125c5e0e86428a779311c28fde108226703e079935025a72df3c55,1764461640,1764461643,2539,104452,,
0x162a3a4d46f43289a867bb11ac7d530011a1742c6c62abdd60de45f12fc0d62c,1764461640,1764461643,2539,104452,,
0x22e30f3faec7ce80987393b44cf4744c8464a8b4f0e4c17ad9042120657dc44b,1764461640,1764461643,2539,104452,,
0x2f5e94f2dfe6f345e00d38af16da670e958fdd0c6db760b127ef0526cde0c0a7,1764461640,1764461643,2539,104452,,
0x185495ee494c48c1ddbf5ebf5fe5dcd2905b5473c1303f0dbe0347050868679c,1764461640,1764461643,2539,104452,,
0xc61078dbf42510be92218e01469eba1375fc474b47abc3d5192bfb7636fdd213,1764461640,1764461643,2539,104452,,
0x8446b91b43447478952bcbd58b24daff8beefdf7b47cebf06479ee3c3862cb94,1764461640,1764461643,2539,104452,,
0xe8df1677cd340319346db28a004cb71355cdfaf191448a85aab338a335883a17,1764461640,1764461643,2539,104452,,
0x6638a25c1312d3ac2bf1de36dc8fedf42ef63cb622156a547eb2a4d9c3a224ee,1764461640,1764461643,2539,104452,,
0x36965b0493e2ce5d1a0c7fd34fa60e88c556a73e4ed2c935d5cf8b7beab5405a,1764461640,1764461643,2539,104452,,
0x57384cf4fb1fee4e193abdd90afb7aa567d91051536c9f80d9c415a86020c909,1764461640,1764461643,2539,104452,,
0x19a90d0ca42c012926010de279bfbe0f9c3d70a3c903fbf270b7a785820394d3,1764461640,1764461643,2539,104452,,
0xcc89809e426c3de01a7cf1ef10dd07ba05f83e0206c4e0b3293783ace731b7df,1764461640,1764461643,2539,104452,,
0xc562361088799390c0de2ee553f506a2506c462f3576732bbab92b4fbe696c17,1764461640,1764461643,2539,104452,,
0x6570e8ded4a1606a9e94a948463654107d1bec5619c266a1d49f970863a8d591,1764461640,1764461643,2539,104452,,
0x1a9d132f6deca64ad0dd358c0e4e6a6395e45d54c154bd1964efbb929dd51dfb,1764461640,1764461643,2539,104452,,
0xf8029f43f133da6a6052591ac422be51bc8089ba1923aaaef8093f187b852d52,1764461640,1764461643,2539,104452,,
0x98d372407488554e622313ec87272ef6a3145411ec3ea48001611df316a58d74,1764461640,1764461643,2539,104452,,
0x98a52233e491cab415ce7bc0d2d3c80adcffb2a8f3389e566bb36e41f4b4f28a,1764461641,1764461643,2539,104452,,
0x2bab0e83d29bc6f94801633f51fa8a794101cab8a9d392261b24ea2289620621,1764461641,1764461645,2540,104452,,
0x02bd23aba5bfe1b4161070afc9c715e1af8fdfe4153c3ad40d82a01ed1b4354d,1764461641,1764461645,2540,104452,,
0xcc64c39529e1e4cfb7d9b27a0ccea58695f83caca28f8e613a61876564aa1f32,1764461641,1764461645,2540,104452,,
0x66b3cf5d3c67b51344d8c74825f2077f28d6634ba38017fcf75e1e43a3b2a875,1764461641,1764461645,2540,104452,,
0xd59ab85ffa692fac7a1df2f3c8079f737d756bc033546bfd81e25b073fc102ab,1764461641,1764461645,2540,104452,,
0x9732b4e4ebc8b6a8d3f4ca05712e08d962ce46633a7333df6aa72b176a1f8ade,1764461641,1764461645,2540,104452,,
0x835d35f8ca7b8ae83740379fc34543db707030f94b8a0938fa3b2e786c861453,1764461641,1764461645,2540,104452,,
0x17bbb2cf626e88f09905077916022cf8adcb498a71da72d5b5c18bd0cca413cd,1764461641,1764461645,2540,104452,,
0x0aa9eafd134f696f0fa50be0ee5b8d4abdba787979b805ca8b21d787284c4ea7,1764461641,1764461645,2540,104452,,
0xf2696697ac31291e83ec49bd792a41261b00ee1626938e361e169eead76ed233,1764461641,1764461645,2540,104452,,
0x78223e05e24a9cfefc0125ee14df60b8ea83fa66c674c02136c130cc39d17f04,1764461641,1764461645,2540,104452,,
0x0423c5ef1d9179b8a67d718b9fd5e298e10e9c765b411be10eccca5980d03664,1764461641,1764461645,2540,104452,,
0xeb60551e54cab7c8915dbc3b089a199c99d10e8599168ea1b4a298bdf50cc25c,1764461641,1764461645,2540,104452,,
0x860d4b0c78b54c38b8c4699694d76cae8022ceb3a9793eb236a1b6d6856540dc,1764461641,1764461645,2540,104452,,
0x2698d68d875a019e083b07134719e2c80814078fd5c9e45ec5cdf36b9aa87ea0,1764461641,1764461645,2540,104452,,
0xb8aee7dbc08da06a2dbd4616481d27b133dced48619e6bf4e66b0fbec31f4260,1764461641,1764461645,2540,104452,,
0xbb9153943ba52d0e49c9717550da109be127dcc0f6d20bf96e7858e3c49a1d83,1764461641,1764461645,2540,104452,,
0xa01e5c94c0b89b442aa2dd1f3beb4d88c37828969d758745874be2ff3addbdd5,1764461641,1764461645,2540,104452,,
0x24a6246df2f9370391c763e062a6f86a9789e79c7cc87ff8db4dd4b8d5f24a73,1764461641,1764461645,2540,104452,,
0xee6d80104ee31e31e4b78ba687f7cc695c84dded284af5c0d38e77f0901baefd,1764461641,1764461645,2540,104452,,
0xbed7732480be4b88928b86d770e6020ca9e785d3b819c9886228646193a922f2,1764461641,1764461645,2540,104452,,
0x511cebd571c03f7ba680bea9464972842e0ca8701863986814a57913f596d69d,1764461641,1764461645,2540,104452,,
0x6419a0eed49eca3c082539e6a210784a2db5dd7c9ea0cce32499b7a6c9c4bce9,1764461641,1764461645,2540,104452,,
0xdd73e727721c3e9b747068e2e94638774756bdbdde8b2a469b50ac139d189807,1764461641,1764461645,2540,104452,,
0x3aabf14195341a99293f98c8b410cde5695272e5f841e8983c5afb966f588415,1764461641,1764461645,2540,104452,,
0xc4adccc833c4306a58e5b1b14fdfff015123bc6b53a05731aadcdd8744f1769f,1764461641,1764461645,2540,104452,,
0x29791b58b121b982aa15449b1034f14f14d300d32234e0cd76aa8c211b625847,1764461641,1764461645,2540,104452,,
0xfd88862f569af2cfbda83795421333c071f8f50c1c0d4815e40615be860c92fc,1764461641,1764461645,2540,104452,,
0x48fbc4488d7684915b0f3e25beb91efb1746380df6068a550eae3d8b62e3ccba,1764461641,1764461645,2540,104452,,
0x092f6641e4143b3661e446cfa2004a0eb8a9a7981c196f7380e569e05cf1d541,1764461641,1764461645,2540,104452,,
0x7712236ba05fa3b7db1af5e0ae97b5a877eb81f6383e5647554482ecd1a159ca,1764461641,1764461645,2540,104452,,
0xf443c9e3d6ae2a4c9a633efde753ed3202a1058e022b913d95bd119962b99124,1764461641,1764461645,2540,104452,,
0xd5d33e2f0fcb33e12228d6dbe759b98129198a7c195121b013a47bcf6d0c9fd9,1764461641,1764461645,2540,104452,,
0x082ef310b095ece5929e8ec2b6809dc94b869f190e449952444f17c1cee0c820,1764461641,1764461645,2540,104452,,
0xdc456849927841984958a41969da81c90b030a1c14a406baca581771fb762a1d,1764461641,1764461645,2540,104452,,
0xfdc9779e78c6f14ac3b10e2eb1eeffbb122d0b2a8ada4ae276e2b4349f1a1b31,1764461641,1764461645,2540,104452,,
0xcf09c60114dc2cc0907a6d3f291d8a441ed6b7bee33453f85ab8e499da3880ae,1764461641,1764461645,2540,104452,,
0xc7ed3fe61841846f7e7dde7068bcb2d8691a509e2d47eee860e617ef20e3b7a0,1764461641,1764461645,2540,104452,,
0x9aec9047ca49668ebba00a22911fc5fce83da83f31d10ce7fe7931261fafef34,1764461641,1764461645,2540,104452,,
0xeed9d204a272993ecd4db82f5da71d124b3d358dfba8418344e3b1d25b4dffc5,1764461641,1764461645,2540,104452,,
0x077ec6e3d81ab26ff1f6ef449363f86310936626393eb6bbd6d471451e634310,1764461641,1764461645,2540,104452,,
0xdbef9ca676d89a00a65d7d3efbe18842d7a5dd3c7febfd7a64b0b987a12d1d24,1764461641,1764461645,2540,104452,,
0x802a145c328e5579afe4bf338016e84f28909bc07c1177ce20b7032faee2c9b1,1764461641,1764461645,2540,104452,,
0xda4576f495daa976dc075d423a6607a97fd16b2b4cd4b9290d8e8ebd92d3c250,1764461641,1764461645,2540,104452,,
0x26de542cf6234d7b01df5b87838f2456d87b9d61f0ae7e787b1a9c5a4cc6631e,1764461641,1764461645,2540,104452,,
0xa21f572ea40c931f0e5126b387a385f24a4ed2345470e4c52ed6e9fc43103f06,1764461641,1764461645,2540,104452,,
0x501e6397a4a2b5f7d950c6792c068fd08a58a208e61f1ab3b36008af019de488,1764461641,1764461645,2540,104452,,
0xa60c4169d5176121d8166cc9b9d63340fdd05443c5f8774c5cb9b9428a18cfa4,1764461642,1764461645,2540,104452,,
0xc4b89e582f3bd3e7d5bc76a52af24c4414468b1f2a204009c71b9217a40d0269,1764461642,1764461645,2540,104452,,
0x01e97bdfc64263c266718f90f42cd081508c804ff41326253ad4caf3071fd1c7,1764461642,1764461645,2540,104452,,
0xa598a318d23bd967741b6645d0947d0940b1bff79202bc97048dc29f5c3bf501,1764461642,1764461645,2540,104452,,
0xb84fd1080140522db4b1dda5aefdd86b4a2f8b8260b97f27a4e82ea1c89afbab,1764461642,1764461645,2540,104452,,
0x1a958e316ac6a93ac8439196fe61d6523996272f97b362d4f511f1738ace9d57,1764461642,1764461645,2540,104452,,
0xbdf5337d386e4342f52c2c5c5a7b6e42f649b511c2ac7abb1049e3f338b6cfb8,1764461642,1764461645,2540,104452,,
0xc518d205675ebc59abf5fcb1cc5e6620afb41b04f26153f094889e9d717e2981,1764461642,1764461645,2540,104452,,
0xed1d3fab3efaa787fcd7f90cb3f4a92d09c3e3122ac0d81b923d7cd54508c2f0,1764461642,1764461645,2540,104452,,
0x3c45827668e9183ff787e37fcffdc5a3927f66d2f152a9970f0b8fb3ff981c1d,1764461642,1764461645,2540,104452,,
0xc715b6f9de3ee160b36512e503c453f9253824e8d4c03bbd54d2f7273f4938b6,1764461642,1764461645,2540,104452,,
0x9b3ca5817210b23f4a8532af986bc92e9511e966a7ddd7c0e1b14796b19f6d2c,1764461642,1764461645,2540,104452,,
0x3cd3125932da0bd781d9c354846712e0e2fdcdf4da42181e175143a6cf03e93a,1764461642,1764461645,2540,104452,,
0xe3d3099b8ce6901193fcb6879c1a64cee113033db17816236685de6a356df5a0,1764461642,1764461645,2540,104452,,
0x8de4dc361ad6c2e1705282a0859eaf086eefcad3f23a30f60747db839101012e,1764461642,1764461645,2540,104452,,
0x44fa796cb7e828f281f3663f1b62e4a8d55d5de35179484094570b93f9404226,1764461642,1764461645,2540,104452,,
0x38895056d214975ed6c9b0685f91ed6fbb594f8b26f0bd04e8bb0069fb7f1842,1764461642,1764461645,2540,104452,,
0x2c422cd5d3190f9fb25b904e250d9505cf7bd4870d1e11424006fefd0072ddb3,1764461642,1764461645,2540,104452,,
0xa2ae63a085409100cdbe149ca3448d36227cf35fad38ef202275eb425dc07755,1764461642,1764461645,2540,104452,,
0xf8500ac73ccce2c164833c150e50efe065bf250be9b58908e2ae4084ef0847f5,1764461642,1764461645,2540,104452,,
0x6fd3cb86227b0c0b54970f93162f80402539dcae2f8a7af171823dbfe65c1570,1764461643,1764461645,2540,104452,,
0xd1fd7652d383639c795f1648306f400372d1ea30999294e365376199eb895ddb,1764461643,1764461645,2540,104452,,
0xf106bffe710ba63fcd9312cf69993b6aab59208533a258fe557e8dd6232f5c03,1764461643,1764461647,2541,104452,,
0xaab8f0c1f0a381c4fa312bf966d4fb97a724f39dc53646e2543a9c0abd486158,1764461643,1764461647,2541,104452,,
0x531b2b61982a1d465ef1c53bb6444ca904e27450be7f667cd4e54eba36993478,1764461643,1764461647,2541,104452,,
0xe7e1c55b6abcd982b11166203b12ac1fd7ab40caef4a1fcd811fb909150c6d4c,1764461643,1764461647,2541,104452,,
0xe85671cdd11a66b43b35b9d1886671639f731b52af01417181a1ff4e11c1a591,1764461643,1764461647,2541,104452,,
0x87856ee9fa6e535a9a452bad358763850d2c6c16c5b677198a56cd6b9f2afeaf,1764461643,1764461647,2541,104452,,
0x8b7f2a8baf0a958713de83d66c2ce482e1bd440b3d489afedc38f509951feb10,1764461643,1764461647,2541,104452,,
0xf7e0d12e8d6e1e7602a24117d1516498093d4ebc074f429f654839a9e6232d33,1764461643,1764461647,2541,104452,,
0x4c6797f562b0d9edbf566d670dfc7a145be6d1a3d99debf252090f2fa41385a7,1764461643,1764461647,2541,104452,,
0xbe218fb4314980375e44b4e780e03e5d0a10f4dc9e4b4edbe2fbdd5644fbdbff,1764461643,1764461647,2541,104452,,
0xccc40d7c6cb13afa98075d9a2b71bbdd9e87ccc6075752cd7dce0c30d310d09c,1764461643,1764461647,2541,104452,,
0x6e50640700d549c4a8d27ee78a1a96b9049b9a6a5eb4eeef6f1b3c2becdc3ccd,1764461643,1764461647,2541,104452,,
0xaafa9f10cdd0ea5aaa4e98a1197b88a6fbdfbff039a7369a81ebc5274d22d062,1764461643,1764461647,2541,104452,,
0x46c3b5e99f97e328062e4f2066d424597398ce6a410a62bd5f08887e9f40b244,1764461643,1764461647,2541,104452,,
0xb6afc8d0a5c41b9798f59b6f86830153665ac9467f02ddde40586c8358890afd,1764461643,1764461647,2541,104452,,
0x81b4db3f0780f232679da835507df78d8f4abf0205f6a20b8735f781e78ab53d,1764461643,1764461647,2541,104452,,
0xa7bfc03d3f9a47f08196ba4b626fe79e413ce5eba496c2f226943a6bc7cc4d8a,1764461643,1764461647,2541,104452,,
0x6012fb316ae4c768078cb199dc3b1404ce0282b857a744044a31db573fbc43b8,1764461643,1764461647,2541,104452,,
0x54cb83b4484ddccf3c80c73cc2303aa73a419e0124d10b63ae6073de3bc6cc14,1764461643,1764461647,2541,104452,,
0x056cd5f600ebc2b67c2f41c0b99b920952f2064bfb2ae42e847048a9e5df4c40,1764461643,1764461647,2541,104452,,
0x2c1ecac015a1eb645d1ab178a8853836815d61ca087c93f2c7050596a5092174,1764461643,1764461647,2541,104452,,
0xccc8cb29222315bbb091f6d3d46041dd04f213f0a840d8e9e616281314ea610c,1764461643,1764461647,2541,104452,,
0x0fa77034383e4183b5f8345ff3853393beca41855f5f00872b0af7b013f0c5d2,1764461643,1764461647,2541,104452,,
0x814a77c7837118dcdcde2d42d482b17d067c010a748edfa1ba47d70dbeb0bad9,1764461643,1764461647,2541,104452,,
0x2174437345cf25821cc716ee0ca5b46915de11f7b58773e9aa71e4b4a41823c0,1764461643,1764461647,2541,104452,,
0xe94efa5fc82a52656f78500d68a1e5acfb95ba30243c239e25971eccd8f4b27c,1764461643,1764461647,2541,104452,,
0xd3de670e478d787fe08d53a5d191462f5458a7b211dfb94df85ef3b8d49eb1b0,1764461643,1764461647,2541,104452,,
0x49505d4dfce589bb9d4efb3b25e7d3a1b78ed4862a81d92e481cf5028a903655,1764461643,1764461647,2541,104452,,
0x1f7f04f79ed87215b480fa28afee1f1631a70bb75ce7e2559e545ae4507068cb,1764461643,1764461647,2541,104452,,
0x419184776f3fb85baa943f84378656c91224bd281803a805bc411c379d09ee75,1764461643,1764461647,2541,104452,,
0x808b7350c403040dc205584af9714b93165a9a88014d2af84687840780247010,1764461643,1764461647,2541,104452,,
0x133a11686bfaa42aa2cf2156ebe648a2b98b1d5c7e23312392f9f87efa83f1e3,1764461643,1764461647,2541,104452,,
0x8a7b43445d7e8998f7cbca5c254c304433408257d9a30d787e9fe0b30aa762a2,1764461643,1764461647,2541,104452,,
0xe902be7c41f98d308bf3500ac18bd5549143e7dc3352e9e7af95956b7e6146e9,1764461643,1764461647,2541,104452,,
0x4f7acf9f24faa2a9c966d59cf3c564202b62536ff812a844bcc3dc8d0d01c8f5,1764461643,1764461647,2541,104452,,
0xdd7525a97713913a06ca4fdd98047b67bd553a381ea94513507bec8473afca54,1764461643,1764461647,2541,104452,,
0x0d5afcf162a37f5e409d2553e7f031538d5a5fdd164e8860f923462f5fb5dbbb,1764461643,1764461647,2541,104452,,
0xea9be7df966175c2e49af244f886f584b221293d23be9c866d05f86fd810a112,1764461643,1764461647,2541,104452,,
0x7d670b8aa26d3646447baedfd6596df116da92718ae6410820e9f93a357a2c82,1764461643,1764461647,2541,104452,,
0x4d0d7175a6c90bb96eb85ab1fb510e515e3abc790015faf3652a303f5c9f39fc,1764461643,1764461647,2541,104452,,
0xafc7938f9768cf885088d01548d029c38901e4ba1381d888d644730fe8e5b59e,1764461643,1764461647,2541,104452,,
0x2f1c41e43c65ad542b97fa4561599b5521ab2bb74e20817c5e5440db5a899ded,1764461643,1764461647,2541,104452,,
0x2b1f99a2f24c0b607c2eec9050bd5e973bd37f993e20ccb3f4b2c7614bcc8277,1764461643,1764461647,2541,104452,,
0x3ca052680e1f187f3908bed4657ca7a64cabbbf728139606c69d4d9dbaa5c813,1764461643,1764461647,2541,104452,,
0xbd39246d97a465dfabb792d08bf1897fcf873faab9dd785e7349b287ee96278b,1764461643,1764461647,2541,104452,,
0xd2833e8411b56a6d990aff30c34c6496d250fc7d048fe0ff4cfc37672a32df5a,1764461643,1764461647,2541,104452,,
0x0f49bb838d12282902bdaa99a558a6befeeca27ef8d1762636960769f07ca488,1764461643,1764461647,2541,104452,,
0x933e6e5c1d021fff1bc56a7b3f5f974bcea492aea1bd5e6c2b7db5e87cfd0399,1764461643,1764461647,2541,104452,,
