tx_hash,start_time,end_time,block_number,gas_used,kind,error
0xab30c0ee8ece030b6136769232b3b012dd96ed939bd62d35871c052821b9da4b,1764500258,1764500261,2161,34508,,
0x4f16f21ddc9cda2d2cd8aeaf133738e6dea73a4ae361218a4cf733402737cd40,1764500258,1764500261,2161,34508,,
0xcaf581d9b07bdb344d10d59c5f83f8ca3b1e2750533bddd564fcf68591b675cf,1764500258,1764500261,2161,34508,,
0x6abbb0f11a824b54dd791d478f4f42e976d1d2d9adf0180c98e3838d89713f2e,1764500258,1764500261,2161,34508,,
0xbb7c96aa863fdf5fc2074e97943baf6fc1b2c7f35364c4ef65f06fc86dae307d,1764500258,1764500261,2161,34508,,
0x9146f43ab64eac6c00f242425b4dd58bd2c02b4e7ae5f10410e90a6a386b1000,1764500258,1764500261,2161,34508,,
0x94f1336133b40fd6f74dd0b157d0a24945e0579d433f0abecc20cc5c39a86be8,1764500258,1764500261,2161,34508,,
0x1792cdccac1d67177958e16c79337b0abf33de59e2070943564c66be0badf771,1764500258,1764500261,2161,34508,,
0x912ee4a2afcbf50146e00bd943359418a190391e5142adec330d6ac889dbe33a,1764500258,1764500261,2161,34508,,
0x1cf80659292aab2b9913b84a8193cfbdf883911377f316a354c5eed4c3467e29,1764500258,1764500261,2161,34508,,
0xbb74dcfed8a23e0bc01e193e8d2dbcac6d08e45de85ebc9c99751f8266f0a8bc,1764500258,1764500261,2161,34508,,
0x2c96e7f30e92aee7472bbc93167ecb8fa144dbce50471078882f51fcd7826b6c,1764500258,1764500261,2161,34508,,
0x30ff8068e1302576da296ab6aafa04bcf77cb710210ea56ca5b6eec5f70cd45f,1764500258,1764500261,2161,34508,,
0xe7458f97fc0d5f9e9eec919263389b367e29effb89fb42715c85e94dee8ac7e1,1764500258,1764500261,2161,34508,,
0xc589a4655374e6b25711395d7e22ab23770f7ece6bf3ade1dbef51a8dc8130e3,1764500258,1764500261,2161,34508,,
0x3b71bafc92405ae5242b4a368a48598d5b11a7c55e13f5b3d9ee452cbc4dd4cb,1764500258,1764500261,2161,34508,,
0x5f9cd903b1c35cd87c1082d6f722f15d2429975305c5f1d4b723bf4e89e94974,1764500258,1764500261,2161,34508,,
0xa5e9b01e36a7f0f424bd1da9b258526e90ef23e8f49239da6c59cf845933dd7e,1764500258,1764500261,2161,34508,,
0xadf24e89d30ac2d896ea4bab1db0c163c81e0c6b25ebc367698e09b6cff870f5,1764500258,1764500261,2161,34508,,
0x571846e5587f6be2938d1134c38bc52e5667ae61b5a2a69a1d9e5c8b0facf8de,1764500258,1764500261,2161,34508,,
0x2e2acf146c96ce961e481583f76c2ee277bbbdf73b9a53e47da28b4a362bc448,1764500258,1764500261,2161,34496,,
0x115b2ac9274d9bef90fb2b247ed11bd01cc7028fa6f51b81f636134311d2b9b5,1764500258,1764500261,2161,34508,,
0x622d7b3c482849628dd528e19e6d41cb5ec1a2b41ef73b99a4c53da872931786,1764500258,1764500261,2161,34508,,
0xa7f323b48eba56f29ec3f7e560eef146c2569942d3a3bb4a5d89e4712e997344,1764500258,1764500261,2161,34508,,
0x33a92359555c04bf2bd4ea2cae57354717eec4b0e6d6305116b15ee0d57a0a20,1764500258,1764500261,2161,34508,,
0x74bc8733e820147c4dddb0783f0f0df33670c45f9199b912302484ccc968ab52,1764500258,1764500261,2161,34508,,
0x8ccc42b8831f7a29757d768b858b998e54354dd48fa5d32e89d77f3fcd4d6e44,1764500258,1764500261,2161,34508,,
0xda362fdece64491fd9ae6faa690720a0133eba7fb68cdcd4d5a716b05cd5fdbc,1764500258,1764500261,2161,34508,,
0xca4b43b55d03df89118cb2d3469e00d2a2592f4e096ff0f9704612fc58c86748,1764500258,1764500261,2161,34508,,
0x8b0d91cd8a9df88a2ebab7d239edccc22bbde5b0ecfde3d33953f178f19921fe,1764500258,1764500261,2161,34496,,
0xb4da47694f686cd4df4b4925af5057a15d98ac39a5e13793a3183dc9f28ad2b8,1764500258,1764500261,2161,34508,,
0x4aad39740bfdcae0f123dd3530063edd5fba3717400542173f9b4454b22316e2,1764500258,1764500261,2161,34508,,
0x8fcf7dc7d94a440a5de84f0d210cda66c48236a7277eb267f2266775047eee2b,1764500258,1764500261,2161,34508,,
0xd8a895d3289f7a0240a56f13589d886a029d4a131344d3c8756afc130b9a085d,1764500258,1764500261,2161,34508,,
0xffea9b7434660cd9c520d2d4abaf2d3be1df49babffa7fb650805049b3d0aa4d,1764500258,1764500261,2161,34508,,
0x76609c5673b8bbcdb4fcac6933a81e7b9d7ffcc0d9066923b8185b9dbc4d5951,1764500258,1764500261,2161,34508,,
0xfc9d153801dce42f6963d22ebad44df79084a893b04bdebaba9d014f6ec68c51,1764500258,1764500261,2161,34508,,
0x7c3bc11cd3849ff59f461277e8df7ba22a125daef05ef45625dd639bfbd963d7,1764500258,1764500261,2161,34508,,
0x4fec01958cf95a2a4ec7e99726dd1aa42161f84ebab34f6e39a29a0ce83894dd,1764500258,1764500261,2161,34508,,
0xa49e359867dd0a4954dd4c8243060025978e713e9ed8fd99f9f87a853751f27f,1764500258,1764500261,2161,34508,,
0xc84419bb0d474bde0a42623aea6cc77cbca8ab2b9bf92826f27367e7b0bcc3b3,1764500258,1764500261,2161,34508,,
0x6ad52a5ebc18fa40ac96dc162c66f4b250b91447608e38507378697d0b257113,1764500258,1764500261,2161,34508,,
0x7ef0fc81ddd7c311fa8720f9ce0ffdc0ae9adb8ffe065aad586498c3a0ed2903,1764500258,1764500261,2161,34508,,
0x3e23bec095ac43fc4c8d5875942ce8bf5f83dcefa981fdf70cae4d95f835227e,1764500258,1764500261,2161,34508,,
0x74da8198584f9953bdce386febf168609878bb0890be6a9fb710fb8ee4de4414,1764500258,1764500261,2161,34508,,
0x29c09642d801e10bddc1311dbcb0c233d23ec444ebaa8737819fc3536c2fce69,1764500258,1764500261,2161,34508,,
0x7fddebec59dfc3c45b1620525444e4cef6b15feab631764de923ba77b4d35d9e,1764500258,1764500261,2161,34508,,
0x8683ae883bbfa257d8c552d92310ecc5ed3fe3a085c843ab5cf4167a754b082f,1764500258,1764500261,2161,34508,,
0x3f6232e063a8224b912e9ec67097174bfa918e719792545b7778e9d189d43425,1764500259,1764500263,2162,34508,,
0x2a04f50c82834db1e920f87ed4ec741e31094b44ba1ee4d31cb139ee9e900aed,1764500259,1764500263,2162,34508,,
0x61b3e1f631759dfdb735df60b345cd60b19cae233c137bb435cadc4b82669552,1764500260,1764500263,2162,34508,,
0xb80c6f0ed6d4b100f499e8491b81824218050b684ea37154e09815a308ddfd1d,1764500260,1764500263,2162,34508,,
0xb314629c08c0dd2254f7126c6b9454bb2c7684f160ef2eba44f96cb1b39cdd9e,1764500260,1764500263,2162,34508,,
0x30d4b94335e6d30aa4a25b4e902154115dde0d7989c5e5b74257156748b9f461,1764500260,1764500263,2162,34508,,
0x93c055e73767f6acc0e9ae07242a3531b4d60b1f392a0776ed4b4cd3267a1bc8,1764500260,1764500263,2162,34508,,
0x9260afb8e86e9cad6531d66bcde6589cb29c0072e0552d23f3091ff6d835fccd,1764500260,1764500263,2162,34508,,
0x921d9d1b9bcd3b24b0cad343047382a22bef587fe2f4409fc6ed0267755ead72,1764500260,1764500263,2162,34508,,
0xaf58a3c1bede84e3ddeb469e5884c922e0e065fb88c9599fe3db1c57ca72f2b1,1764500260,1764500263,2162,34508,,
0x4dbeb91261f53b99d0220b32341a5d1b7842c101da2d435f3a411ad09b579636,1764500260,1764500263,2162,34508,,
0x298857c2834ff04cd52000f63153ae81803ef6ca82946f3955567de0a2b419f1,1764500260,1764500263,2162,34508,,
0x5e6c8e4778d7b677df013494d0e5a413e31e96c5fa7b3c31c32bdc294dac8b87,1764500260,1764500263,2162,34508,,
0x37fac4fe21278206dd23fdd251be885d2b04ae4d61e6d1906b4bdefabb1a40e6,1764500260,1764500263,2162,34508,,
0x95bbea72df05a481b4565305177c43ba4b95a7f9854c4401827238a637ba6705,1764500260,1764500263,2162,34508,,
0xb0bf84cc49ead2519a1e5a06100b118dce4189f4bb1e2c0b04bbf09ba4a8cb3b,1764500260,1764500263,2162,34496,,
0xd6223c70796156370fecad0268ac09ad9c6bf0d5dc3aef67f064ee27f9a73574,1764500260,1764500263,2162,34508,,
0xad560e0286d98a451ca16946176dce2ea5a149c61e4fcd323720e6baa9039f50,1764500260,1764500263,2162,34508,,
0xedacdb4bfbf44fd47652c7304fdb303e318e781d4b7d44d2a5b7eaf3f177bce3,1764500260,1764500263,2162,34508,,
0xbb208ba14809ce1dfc7cd92593960303a7ae17a9b06e7d4e9e28e15ae16a4a6c,1764500260,1764500263,2162,34508,,
0x98993ce6c23c482e7ea1c11818fb4a28f2cb7f0bdae66a48bb49548c7df38a7a,1764500260,1764500263,2162,34508,,
0xfcad3da9d22d1a355d0f0bf165f57f50105cad226754018aa74f68119401da1a,1764500260,1764500263,2162,34508,,
0x66f857d36fb344b550ca8744b0aa60db15b32d533a0e0c3cca6afa151b3b27e7,1764500260,1764500263,2162,34508,,
0xce384517f44a60a88f15ef9601a8c29f778f0068981311dbadbdec718b835eac,1764500260,1764500263,2162,34508,,
0x11d6f2587a8e20c17bf85eaf501e2b589ce1ab6823c639f5345614ebaf98d326,1764500260,1764500263,2162,34508,,
0x262122736c470e71dcabd349d124181cd7c3c64e6c91b43e81c6838c9422906e,1764500260,1764500263,2162,34508,,
0x14388db5e7e760cd4309aaa06dbc5ccccdde2fc0416149596b56e6db990a9559,1764500260,1764500263,2162,34508,,
0x28fa5eccce9208ec85e98b9e6382080ad27bab0894ce09c94a261cb83453eb9f,1764500260,1764500263,2162,34508,,
0x9d0667f01caf92123b3fbc870c89d0e1446a9495ffff9aaa96c23ddcbd498010,1764500260,1764500263,2162,34508,,
0x0b136f494b1fc6514c6f5679acf10a93adcab4efb3e32d6c404ea0186c111f72,1764500260,1764500263,2162,34508,,
0xa061fe6ca9292df50f8f5fd5d8c041b63ef6c6a68abec5c56062f93c87291667,1764500260,1764500263,2162,34508,,
0x6f5f42a6b741f67101465605793c92e27506fe35765337403bd8916fae7aa065,1764500260,1764500263,2162,34508,,
0x0cb04b3e29261b9ea65a1dd2e4c0d987a8205b2064f1066c813c012795674d8c,1764500260,1764500263,2162,34508,,
0x9b6332dcf6fd6676224210c6eae13e0688d6fdf3f1d4a1c54591b1d7deb9f46e,1764500260,1764500263,2162,34508,,
0x6b6a7f89e5ef4dfa2f40f22ed6aec198bdc58184a006c87740d90641faaaf6df,1764500260,1764500263,2162,34508,,
0x65585f699f31e937d9e5a5843332379154b147f1246a8399f618765413496433,1764500260,1764500263,2162,34508,,
0xafc9a181a58174b0ade5c5bc223656a5e8f821ddb4dca3204f1f3e3c1b16bf11,1764500260,1764500263,2162,34508,,
0x85b478aa0590a8e7acdb8904cf8a329d2961c29094f241c13b8ced236298d3f9,1764500260,1764500263,2162,34508,,
0xaee1a9a8188fd7cc7dc56c4300a5e2e3591ae08617a881b090abbb54d38d53be,1764500260,1764500263,2162,34508,,
0xbef33b07627398d3b3175ee73b91166a3097e7cedfab106ed2aadf1554b96364,1764500260,1764500263,2162,34508,,
0x83e09d9d63814454218a9570c568615a5de49236d4608e9b8c0fd0730e28d925,1764500260,1764500263,2162,34508,,
0x839865d373687f2f80e83c065f68b6837bdccc2a9a6032830edf5d254b770f1c,1764500260,1764500263,2162,34508,,
0x365f90833640d05378750b3f21b6f2da7461164386ec59fe2ed46cfafedfd3fd,1764500260,1764500263,2162,34508,,
0x49bee98eb5af2193a41092fbb399526b45ac2c6c0259432d2838a422a43c841e,1764500260,1764500263,2162,34508,,
0x205b4128b22a230df588e9727899e616596349e09a7e29d1e33598f52c14ff47,1764500260,1764500263,2162,34508,,
0x284153571e54ecd8d79291623b40da3b7146da768b26d67ebac99193ff4d278c,1764500260,1764500263,2162,34508,,
0xe6ef17c4254a4ef22b28af47e4b3b6d9ad0a9c2cfc20cb4f730b3b34b2dd682e,1764500260,1764500263,2162,34508,,
0xd6e99975a56823989520d8697acb9dfbf738b1be249d22017aeb34bdc246ac50,1764500260,1764500263,2162,34508,,
0xb66f5c2da3a1ee78b21851844151acfc0cfa28f2e512aac7663b9951cd3afb36,1764500260,1764500263,2162,34508,,
0x139cb79a96dcae75f695aca6addcb819ed15c430e6d11c78ae0d242f03ac910d,1764500261,1764500263,2162,34508,,
0x99ff04958ff6fe82bbacd97e38bcc14546829a498ac56adf61f5f8755adc42a6,1764500261,1764500265,2163,34508,,
0xc19bcc14f3eb1d9b8935178c37b528523bbe5487a80b70f3ca45105a93de86c9,1764500261,1764500265,2163,34508,,
0x80bdd56274ef8933e6d1a8a3945f8954dd694c48c9f2d49e9e7dd42d7df774df,1764500262,1764500265,2163,34508,,
0x71e14e2565a914afcffb8f61304b9b030ee62be09f95885ae50345f685dc717b,1764500262,1764500265,2163,34508,,
0x8e00b363344bc9c9b9429532ee814430060d16d4d26099abda6ea75032c69624,1764500262,1764500265,2163,34496,,
0xb55dc92813f7a340003a728ca0912cb89c69578ffbdbbafe3ddaef75eb76b73e,1764500262,1764500265,2163,34508,,
0xa3facd4455263e6455a009467e33de11cb6932cd02a287f3f76a9a151ca22263,1764500262,1764500265,2163,34508,,
0x13aaa5a77064f2ebc60fb45e14fc2fd2006853d5069a11f061b709277181dc8a,1764500262,1764500265,2163,34508,,
0x7be4faedece1e5d6d48e73dada6e17292cd4e7195a7bd2c54a714e57e7bd25d6,1764500262,1764500265,2163,34508,,
0x28c991289fcca030e98e8de6507566371349fbf528d7c9057678188b92798be4,1764500262,1764500265,2163,34508,,
0x90d52503f0e206d118b58b50b1c868c3d57b7cdb387e716ed6ac09508439414c,1764500262,1764500265,2163,34508,,
0xc5cf1b7115f7ee97102bf94d4034723124a345519ff0336a5fb8fae16ce38187,1764500262,1764500265,2163,34508,,
0xf6af9894005e0606d2649e5113480e1abd629ea75a3c70272fc583b8384d97ef,1764500262,1764500265,2163,34508,,
0x1e28e8f9b007d9b29d835550c11927753c90a318c3046a4495741f8f5323a191,1764500262,1764500265,2163,34508,,
0xcaf3926ad19b87e6be44dfd50d78d5993e111cc69c137ca75674da0592ea9bc7,1764500262,1764500265,2163,34508,,
0xe704dea7d03183d09169666e0389ef3d2024f2f48c67056b0122443676685151,1764500262,1764500265,2163,34508,,
0x49236053e69f98686d4939e26f9d34320ee9bb76441a9d896a79256c50890d2b,1764500262,1764500265,2163,34508,,
0x4613b3ac6fd99393be6a31e3e12b4cb5634a4cdd3455186f7700e7a9bf9290aa,1764500262,1764500265,2163,34508,,
0x80888cebe1af0a089e22a9945623fdcfa9927a5a4193e2776d048cd59fce6175,1764500262,1764500265,2163,34508,,
0x95ae3f5ed8ada16d5e9529841ddc0fd6365b143570ca552df49538b987e5ee6e,1764500262,1764500265,2163,34508,,
0x9d44e48a634b6cbde7e94f624fa196440792c2dc3e4d3675baa70f33b870e115,1764500262,1764500265,2163,34508,,
0x9f703119c0bf5b6e3f6cc323235741d0cbc6946089233f31addfebd84b398c06,1764500262,1764500265,2163,34508,,
0x5f62aca327e92c1aee693848f7931ff54fca327f07f0800f88660bab43b678d1,1764500262,1764500265,2163,34508,,
0x9f7fa81aec92c66fe5704cbbe2abcd3a2059bab94ea26484997d68a4414687e2,1764500262,1764500265,2163,34508,,
0x6054f1e0467d030258f8b82a0e279977ecc7489cba5f6ad0d44335c2a3f1c2d8,1764500262,1764500265,2163,34508,,
0x68b42318d9c7a36c45cddeaa256a8f41392ddf6ed30715aa4b2156b7dd661f44,1764500262,1764500265,2163,34508,,
0x0c1ad39279b8cf1bf54b3c199da68263df69d34c7efa270c26dd2fb0e5a81fc7,1764500262,1764500265,2163,34508,,
0xcf8c3dcaf1d99191fb7c97d68c15fb031ffea31063023d9f8084d76672bea7bb,1764500262,1764500265,2163,34508,,
0x598b2c310c2ea27dd26eb5b3c2739cf3e69fc37696342889542c006140ec7558,1764500262,1764500265,2163,34508,,
0x976fb05b6dfcd44fb25a98c9545b15fc4b78ca75d4cbac34f0b8f5ebfb6349b4,1764500262,1764500265,2163,34508,,
0xb8d786f23f2ef860f29d6a7d0dfe267fe1a0163f3ab86a8cdfc6609a95590e53,1764500262,1764500265,2163,34508,,
0x9957ec166fe8f86c52fb3c6c3d03dfaa5d183aca9553330f7b9e1a13098f6189,1764500262,1764500265,2163,34508,,
0x6093198874dc1299136d0d369065a6d9e9328c4cb6b16e444222c53b039d7ef6,1764500262,1764500265,2163,34508,,
0x16ceba50462fb1051eddfaede63e29171262b49f666fc87c5d82efaaacd79787,1764500262,1764500265,2163,34508,,
0xd52158bea66f7a93913470886c5526679d4915c29771bb4904c299e945135539,1764500262,1764500265,2163,34508,,
0x32e99e60ef750536ebb7a04446066ac947884e245862c0c47969ac35e7d8e93d,1764500262,1764500265,2163,34508,,
0xec661e171a8ef0931b3f036d665b51d26877d8677f078c9345733704ac67d992,1764500262,1764500265,2163,34508,,
0xfcb8111d2fbb92cdc90c9851b3dada20c2e6ef125ab137c100e8407cf7cf0773,1764500262,1764500265,2163,34508,,
0xfd3321ad22c3fbce776462277084bfba897e4cbfb07d807596e7c1b1a1ab7bfa,1764500262,1764500265,2163,34508,,
0x80bec1488b6b09e4fae6d93ed737ab3f053a0bea410dfeeba06f751ac6b60f8e,1764500262,1764500265,2163,34508,,
0x16d22f5739192e97e524adf217137b92ef87994dd93ea0b5e80b478af2c9c06a,1764500262,1764500265,2163,34508,,
0x5f1ca71844c0be38abea0e08eb74a78dad28deb0aae6ee595024b976aded9250,1764500262,1764500265,2163,34508,,
0x8380473b86dcd285816ab4498658d430065d2a5f54a8d8b374e92b978f3bf49b,1764500262,1764500265,2163,34496,,
0x93b81af69ad539c866ac7f1f90428e611b86c1ed2ecd8dfbdd44773ffdebddfc,1764500262,1764500265,2163,34508,,
0x7a1850944c8217e86dea82f448e1a2673155b9ccd8cc7d0872dff1797fa82ba3,1764500262,1764500265,2163,34508,,
0x7430dc271c9fc3932a9161735ce8a7f52cacc437a411566fefe72cd07918b49d,1764500262,1764500265,2163,34508,,
0xeb81c79d19363ebadd5f0dd85b6f79f077ecf1d7d112889ace5f82abfbf8fe51,1764500262,1764500265,2163,34508,,
0x10871868a58b28f355a0d423c0ffc85741167a7337aa97d120fff9f027e9e9af,1764500262,1764500265,2163,34508,,
0x83b09996e4bb625b1305c8090d6376d29876a5d008f42f747fda480aca0ade60,1764500263,1764500265,2163,34508,,
0x30c61b304d38c82bd2b929f36106a7e5eb795546ae526a4434bd1abfcd552bdc,1764500263,1764500267,2164,34508,,
0xec18dfc5bf614247e242f3d74cc08259e99db6a682fa8f2c9ff3e129eb33a8c1,1764500263,1764500267,2164,34508,,
0xb85c591638016572ed030bb7425beb9a9c02b3683ea40398f3cc01b383a1428f,1764500263,1764500267,2164,34508,,
0x2c0dcd46e477df05fa9968e125abc66d0d0f10cfb92e973cbadabe99a84c3370,1764500264,1764500267,2164,34496,,
0x4d150df967074b7811d877a3d0566e8e2201a96e8ad288155fa8c8fee02130d8,1764500264,1764500267,2164,34508,,
0xb5128282d3fc54c286ce6b36f55c8bb4dd2b05e54556be86c27fb3f2757c75c6,1764500264,1764500267,2164,34508,,
0x1043d015b350a841adc7a7bde956079cb50140604204a999950f60a8a08d9003,1764500264,1764500267,2164,34508,,
0x1890a052e653198ee48ee5e1cfcdca442e3a131c0b4ca65ca982ce80c7762c01,1764500264,1764500267,2164,34508,,
0x9de62dba855ceadb68aa1b709d20ad4f584d0ee6e6b37e02a5b84c29d3b10292,1764500264,1764500267,2164,34508,,
0x3ba44038e5c3eb39180e64deade0bccaa38710ad3b90882843529ac66ddbc392,1764500264,1764500267,2164,34508,,
0x58337e45b6f7e66074fb874c1177d4a04a8883b93a9dfcfbd9e6b6b5d2e51631,1764500264,1764500267,2164,34508,,
0xf56b22afbe9b7b1dfaf40783dec546201a05d1231005f6b25e5ac41265df1018,1764500264,1764500267,2164,34508,,
0x3e155efee6fc7878f059f96ea96e771e6fb2d639dc7ae8134d584aaa3a3edcec,1764500264,1764500267,2164,34508,,
0x7020e11365251c5ad1c172e4ed968bab723ca1bd7d225c9796c552d6f44394f7,1764500264,1764500267,2164,34508,,
0x6881c6821ee2df7e4e73a606465659875fd208f659ebf19084adf5217963c11b,1764500264,1764500267,2164,34508,,
0xce1315c526c7bbf39ac7af5465076c3882fd24e4560c59ef19865bcb7f1a8753,1764500264,1764500267,2164,34496,,
0xb586655e612649629ac956725a3166ccdc17a32f0df1ad24d416811e0cbcca8b,1764500264,1764500267,2164,34508,,
0x50deb3d256389bf5715759328ab0340786b4cb29034e08c670f1ef1b5ed2b001,1764500264,1764500267,2164,34508,,
0x7e5cb066ec30927149a714d770c77beb89937cc8cf533ddf3d9f566f1a9137dc,1764500264,1764500267,2164,34508,,
0x324dd27db55826b23b5e1d945e5530c03941519f42efd5f518c916fe8132e258,1764500264,1764500267,2164,34508,,
0x2e3cf089a336700039f8944471acc313c8d8c306e9ee5115b548ee328f15e11a,1764500264,1764500267,2164,34508,,
0xd9fef39224b0fea3c234e4f2cf4ecde5901b14aa8496b0e0262137cc49cb90ff,1764500264,1764500267,2164,34508,,
0x3918258c6d850dd8a0e973b267b8d3477813bc93802fd36c83e91195088ab48b,1764500264,1764500267,2164,34508,,
0xfcaab74c9b007a8eaad87facac58121895a7b485f5482ad61245e8d7a74ced0a,1764500264,1764500267,2164,34508,,
0xc1f2702e2ad7c35dedb0dca4154c9f4b3a6d39f4bfa1030a8be3d48bbac467bd,1764500264,1764500267,2164,34508,,
0x996940596f9a0fc5ca79616068102ef0eed54733c0eb77ef231b800fb357ba13,1764500264,1764500267,2164,34508,,
0x9b02fc01fe0f7403d6387cc319b0933ef6466b53e8fca29355d0b718bf3a3d86,1764500264,1764500267,2164,34508,,
0x24c43c7aef41c6c788818f687fccf36b5950f445d080982313725d3ed0609fe7,1764500264,1764500267,2164,34508,,
0x80350bdfbab386377c5cea0f46f9ca5eefcfd4f9ba318f5eb0bfaaa5aa4cd433,1764500264,1764500267,2164,34508,,
0xe18065ff98c91518f30a1f977488bece70da1aeb60eec4b3b0b1e99afc5ebd12,1764500264,1764500267,2164,34496,,
0xd6e865acc846703a08d68317b7756881f4372c02e8bd10aca2a628b0561504e6,1764500264,1764500267,2164,34508,,
0x96e3b2ac40bd0c22a5881fa35b51987ea23d5bd9bbb43f61e9e104f57b18fda4,1764500264,1764500267,2164,34508,,
0xd1bb40601171e17cc5f8976a642b25ad4933b4d3516da59822e958b25b261b75,1764500264,1764500267,2164,34496,,
0xbc8a936f65b15ee98cc28d275bfef9083024dca41929efeb2b28afb8869b16ea,1764500264,1764500267,2164,34508,,
0xfafb098d70c64ceb4efb2cd096313e15521ccda9a79329a633593eeec1e75b5c,1764500264,1764500267,2164,34508,,
0xe3961a44197df7c3b1257bbc8e3a37c4cb4f04584ef4694b7a37fd3e6c92f5fe,1764500264,1764500267,2164,34508,,
0x261deabd7c427235959f3311d8b9105a5f5e046505e9eedb871ab468dd3bc15f,1764500264,1764500267,2164,34508,,
0xb3842f1066afc66fbb270d669545b2ff482ffe24e63f2dd04010aaf447f4a553,1764500264,1764500267,2164,34508,,
0x0b4f8f8931d9db469ee314c71b58fe708b005c17b77a9c65a6fe6aa2e1439ed7,1764500264,1764500267,2164,34508,,
0x1d7974298a161aede2ce727f3b802f13a2ce85f441e666ee9700f062d010a01e,1764500264,1764500267,2164,34508,,
0x15a24da12df3a080f759d2253a769b7288ba79ba9698d74cabcf5cbe264d52fe,1764500264,1764500267,2164,34508,,
0x75c1acabe3e8280daaabc9e7802224f0a5b0fec4e63c91617c8760e8e5f3a599,1764500264,1764500267,2164,34508,,
0xd761ad878459521cea8c4f0349db26e1c7e9b1d1ee68202006f4b2e5105e53c3,1764500264,1764500267,2164,34508,,
0x2c0d04a7f203b4c005ce54089755e6584b0d0fdd4b02a97a476384beba62321b,1764500264,1764500267,2164,34508,,
0x4305d808543a1b04dab892c2a23e6b5b67ae96453b7867500287ccf92c66b1be,1764500264,1764500267,2164,34508,,
0xead6bf9d9e28574bb9e9a03101a94929e244853b3ffb3a9796d19ad5559fd958,1764500264,1764500267,2164,34508,,
0x9c7a40cc57ab980545f55458126a72a6165381e53fd50986e57505e09d11fd3e,1764500264,1764500267,2164,34508,,
0x972e1081a47762343c399eaf8487e207561c9573d19859a41ea088b09af90ce8,1764500264,1764500267,2164,34508,,
0x6bc672ff1c84b70c542fc540489b89a6df9c7886f2d1024fb2cadf5820668e37,1764500265,1764500267,2164,34508,,
0xa398d22d34a22f2145e03d3ae19dbfb94aa53d0b3112d05d0ff1adbc7682adaa,1764500265,1764500269,2165,34508,,
0x0e8c942a32513a19f7960f50842f40efb509873f15793463e8721167a0809a28,1764500265,1764500269,2165,34496,,
0xaab91530b43adbf5597ed3e8f2771e637acb069ad4a9220ba21fbc6bf1c3827c,1764500265,1764500269,2165,34508,,
0x5cc4a783adbfe2d990164f81ec15de27748feccd9f09e9a64f069656c346ea98,1764500265,1764500269,2165,34508,,
0x9ffb39e75549664fef3dc8029e5899e09d22ddf41a92e56af7af9c433a094b2d,1764500266,1764500269,2165,34508,,
0x0e7f605aa301353b175fd1fc629b92ddd7cf6113032979b1fb840739522cfa79,1764500266,1764500269,2165,34508,,
0x9f650bd98b214c5d127fcea2e2a70ebea85e8d1d659189d172dc35050050984c,1764500266,1764500269,2165,34508,,
0x20b4750d2510cd76a50c201134873a44b5cb674860d2b86ee7f1d4bdd676b158,1764500266,1764500269,2165,34508,,
0x8d35898a97344a881105b4340fabe79449b9c88652818d475674caf9d364442a,1764500266,1764500269,2165,34508,,
0xff126b7e7f727ae1d6d70b468d5c7336dc2baae86d0fcb4bfa3abd69d7ec439b,1764500266,1764500269,2165,34508,,
0x54dfc37e1e7586f6b7bdcbb554bb0a3e572ed78159a39eeebe2c668bcbb52389,1764500266,1764500269,2165,34496,,
0x9051c0475b9fec9e431582273333bb4295c5135ae0575cdb0863f164fc4d39b7,1764500266,1764500269,2165,34508,,
0x2a8ef15e504e308e1af062e2f838e3df2528ae65ca92385b4f42fd7176a8afb9,1764500266,1764500269,2165,34496,,
0xe519038ff78ffc63be789420c497b95536a185560a3ed4ae0ec70b45285dc913,1764500266,1764500269,2165,34508,,
0x0311f00b38f5e5149978ab884385f315e76d64977cef824c4e378a8ea1bf3085,1764500266,1764500269,2165,34508,,
0xcb9a33eb10e2ca36285262f5044c2bf539822fbda987fc0cc946833a428902da,1764500266,1764500269,2165,34508,,
0x4076a7d227652720898783ed0e5844f702d49ad5a79bbeff07f17e95dbcdc5c6,1764500266,1764500269,2165,34508,,
0x6d19b5ffb37e5eeeec7f3dbe6d625c83ec34bf3e282d91d3ee81c40a4627cbb7,1764500266,1764500269,2165,34484,,
0xc6e2ae540852ba8201853307f4f915be940f95b155a70e6343763c575078505c,1764500266,1764500269,2165,34508,,
0x92812b3e4e74e80ef18ab6904847b97eedfd0fcc65ffea501cecedc081ba60a2,1764500266,1764500269,2165,34508,,
0x87a052cb66ea1feb416784cf821086ed72fb919b0be1c4c2fa1a84b33f3d99a0,1764500266,1764500269,2165,34508,,
0x2bb2e83a3a0de0c470ffcb0358f1ca3a091fe0db32dd034eae878065f82ff223,1764500266,1764500269,2165,34508,,
0xc927b0aa6d7e986923cd90315fa914a87b1a1bce5b24504dde30125f6c77c423,1764500266,1764500269,2165,34508,,
0x9a7f203d64869be3ae4eda8e82fb32066842a461bc03f490454f8869ccfb10cc,1764500266,1764500269,2165,34508,,
0x03b2bf47d85709d45ff7fbbe6109a5c540dd62d7860674b1086cbcad7dea7778,1764500266,1764500269,2165,34508,,
0x350a90a07d3432d04936833032f87e71fcd8eddf0b67693123c5549cc5374dad,1764500266,1764500269,2165,34508,,
0x9a04fcea8e9a4c88304c7448be83b7adc15b0843a6a9d99e36d3028f01f44d05,1764500266,1764500269,2165,34508,,
0xdaafd6d9716b6b23cf7bcf982469e4fec07e69bd7c3c14b80dcaafff8505c60d,1764500266,1764500269,2165,34508,,
0xf2a0bb99b8745a5be57a077320db5a964f392b1f1e4bbb1a4089d3ec6bd35771,1764500266,1764500269,2165,34508,,
0xc59f65bb06ba200515c4e8022d65f205e5c03c760a1a2abcd35eb4022fa41686,1764500266,1764500269,2165,34508,,
0xa696abca8d6c386b1b1465ddcf9651a97712ae5e07cb7335be6c92dfac4c497f,1764500266,1764500269,2165,34508,,
0x2e7d9d1f62c57172c400f992aa1d327ea2144d5162e00954ea204bd65d776d9c,1764500266,1764500269,2165,34508,,
0x8287651807b7bf1ddac0aa507092db5770bdef4e6474c1ddff7033fcecd33dbd,1764500266,1764500269,2165,34496,,
0x6d1790644ce572aa514ef5d2ff2b99257a6d135bdbc7d9404a3598ad07d6b295,1764500266,1764500269,2165,34508,,
0x56e8d6182cd520da0b8baa8b1efebe868eb26e9aa7ff3614caa15d5ce96e5620,1764500266,1764500269,2165,34508,,
0x5b5eb83f238f6ac9e2955e47b4cfaa8037a56e02461745f3a14c26d2fdca106a,1764500266,1764500269,2165,34508,,
0x43cb0798acf75300b80e53c4849bd21d0dfb29ef6e5738a27d8a0d43f2469862,1764500266,1764500269,2165,34508,,
0x1fd7d0a60c567e829ec983f4807e48122786dfd39d6a43b35a938e49d2cc9aa6,1764500266,1764500269,2165,34508,,
0x02fa46795b20f74859e6ae08dd147ada71f2db39173cff6b72b482d4a45c9856,1764500266,1764500269,2165,34508,,
0xd7acd427923251321071efd6ebd11697c7fc0f247e6e0f82c14bb3348126df49,1764500266,1764500269,2165,34508,,
0xd643a94d83ea32a590cc552f85786eb462e96f89da10452b6c4208ecd0bd0fb7,1764500266,1764500269,2165,34508,,
0xb97b6aff1bd7d326c64dd25c4ec62db4c71ee936e40acabff3730eb492fa625a,1764500266,1764500269,2165,34508,,
0xf06ae1990c7f11d71a304bcaf7b5dd574ea8e84d6ac74b29d134288fe3ddde81,1764500266,1764500269,2165,34508,,
0x46ec732d3e7c4524fe438412c0f77c16baf8a5ef76ceede71830174f23809d2a,1764500266,1764500269,2165,34508,,
0x99019c58a30b82ecd37f66106fadbbb76dad2368ef34e6a4e9139f0d24cbd3e7,1764500266,1764500269,2165,34508,,
0xceba194c47a7b6a8e9252d01e66fbed899ff8b7354100b2f580e4728ea0fc919,1764500266,1764500269,2165,34508,,
0x71995926dbeac4793c7ecada6a6c5f3fa58472c545096f82ed7b3610d4d5ddb2,1764500266,1764500269,2165,34508,,
0x7f0225cc7b4b29f83fa715b95c0184ce04de1107b1303b675481240f68c6a917,1764500266,1764500269,2165,34508,,
0x6eff163a88f320ed3d0b610862015055682482ad2631542c4d2492ddd70ccfcb,1764500267,1764500269,2165,34508,,
0x6ccbb3b71788b9063e58f82cfb32438e1a44c7f2de2bc694a0f37a356a147a56,1764500267,1764500271,2166,34508,,
0xebc656bde3043be7159ec25d55487debeb90aaa198638fc08ebcdd2af1b4c6f4,1764500267,1764500271,2166,34508,,
0x8fa468c159ebe0dae9e3b5a507651612e76cac5748091be5bd00cbdfc9867091,1764500267,1764500271,2166,34508,,
0xae7fb1c69a1275f602e77681b3250015212d8aa8b7b4d121c759b673093b1a7b,1764500267,1764500271,2166,34508,,
0xe87fcc226f94530101aa9c37b04b668757b18dced58a9a2be6b8f483fb487f4d,1764500267,1764500271,2166,34508,,
0xf663a7b3e40b7787efaad67b4ed081dbc3be491c377fe744561882792cc46607,1764500268,1764500271,2166,34508,,
0xa13a67487ee3964da3b04fba62c47645dd0f8ab9c49433eb2b2e5deac93e571a,1764500268,1764500271,2166,34508,,
0x2df38af3c2c76e3adb9c0bac014ab69c938281e6e6f96520d2ba518248867440,1764500268,1764500271,2166,34508,,
0xd80898e10bcb5f4846744ae824720b1c34c6d291dd3b6a49a9677c3c8c4918ad,1764500268,1764500271,2166,34508,,
0x03d93a77a6c1e771b421f62e4631611a9e769886ee890cef06a37dec8fc48fb1,1764500268,1764500271,2166,34508,,
0x00536e7707aab144f354e78fa43e7ebda5520c9eeb72df211d57653aad796fad,1764500268,1764500271,2166,34508,,
0xc9c5eda716f4d1bba5beb77510059b97ff662908f95e04b96fa47b785c8546c8,1764500268,1764500271,2166,34508,,
0xb62901dd2a932733bf9db6dee2fca7fd5c8634df68af3c7b2451abccae1d05d1,1764500268,1764500271,2166,34508,,
0x9f1262f33788ceb24f79c0494029ba6ddcf9fa23ae3908f70688e9c1166cade5,1764500268,1764500271,2166,34508,,
0x0dd874d0036e5fb49226b904051acd83cf5642b7337471c2224a699bed79feb3,1764500268,1764500271,2166,34496,,
0x51945e82aa981cfad1de73d81edfcc233972f7438de5709298f30b7defd99b8d,1764500268,1764500271,2166,34508,,
0x3e0da51a9c4c70d1987e2ede8d71534c188f55a468b1b14b0725f06aca2669c6,1764500268,1764500271,2166,34508,,
0x9460f1b90636a7c2333bdbc157f53b0df8e886da906c6a8bfceb8288d18d761a,1764500268,1764500271,2166,34508,,
0xe73bcd56c9c56aae9c9aa394af433400d3fe719514a8c0dd1ca9662381d3088e,1764500268,1764500271,2166,34508,,
0x7f722f80ab397eabfd58f4a22216272fb74f1e646287c4fa3c59ed4b83cde29b,1764500268,1764500271,2166,34508,,
0x45c6e94d979fd5b18b8fcb5c5cbb5c11902a6bd36d79ab3316bc82d07b7f7eb0,1764500268,1764500271,2166,34508,,
0x26af70308bf32310c44fe3a612f23ee83d2bf469a161e0ab5f5b3d78d4ced9f6,1764500268,1764500271,2166,34508,,
0x5d11727583043d93a343d28538910b78931262f7d9b5b3098c573af4bfb79414,1764500268,1764500271,2166,34508,,
0x12e67b5983e5ce721b5dd7e952bb70fa899aa750f8e071c68d8e97e5013097a2,1764500268,1764500271,2166,34508,,
0xf102d3912a0fffae421d1b677a84719612ec325120168d93656690f4ad74fb96,1764500268,1764500271,2166,34508,,
0xff5c706f78337b1d4f09c478803a0a6109c5728007c4a2b9c353bc9d459bcfb1,1764500268,1764500271,2166,34508,,
0xa4a0b498ac6c8bb905da248f99e6a43a8a93c830d52c32113188ff2d66280a14,1764500268,1764500271,2166,34508,,
0xed340db59d1d59360d80aca0d11b8e5893835e9ca540cb652981ba675489cef8,1764500268,1764500271,2166,34508,,
0x532b40126c39edd1f50907f3568741d33166358fd13b9a4d6669e30c702d8398,1764500268,1764500271,2166,34508,,
0x58479ac7c45dd49d2d25f6b583f2cb69bd245bf0a8895fdcb1c6f09d19b61d80,1764500268,1764500271,2166,34508,,
0x80dd96fd22826446de6ce41b41517f188f5d0c62ccb43eb527509fed701ee9fd,1764500268,1764500271,2166,34508,,
0xf62adc2c52f7df9ed681d73fc1416f3b7d57a5b265cbbfb490980073955a6940,1764500268,1764500271,2166,34508,,
0xa52fa0062458683f8a1ed15037aeedff2925dc79052b2b7ffeec985379567e24,1764500268,1764500271,2166,34508,,
0x361f85b58a81ab855f29709fe27cee61d1005842200393c6bc9545958e5b7306,1764500268,1764500271,2166,34508,,
0x9c18af60ec862838c72ebd2f08ff3d68952cb217781f565c6db0b57ec1bb4a9b,1764500268,1764500271,2166,34508,,
0xae1db5eac1ac1ae9064ba560bd052a009c9cb80588d16b06c88ff1e68f2bca77,1764500268,1764500271,2166,34508,,
0x972308a4a9d7365a737c13d5d20d7f89b493cf503f69374ebe13de6a6da5ba16,1764500268,1764500271,2166,34508,,
0x885948bc1baa640412f65ed116a4970de892bc15df7551e2332927b362109f76,1764500268,1764500271,2166,34508,,
0x77add53ff9aa565f0842944510c75da59f8a7674a518a14ad67894cc59dfe1d4,1764500268,1764500271,2166,34508,,
0x6239c3d08e65a75e7268a397929a55ae01bfe548ee16ef74a59a76d86fd3e180,1764500268,1764500271,2166,34508,,
0x4debe274e2c40b9e04bd5e46589c692e057cf8442ebf3a46aefe2b1e9db2d3f6,1764500268,1764500271,2166,34508,,
0x03c646e8f6bd65122db4a37f31a43f11977a447b57d77f3ed579fe96464299e1,1764500268,1764500271,2166,34496,,
0xc1533c84694db3fa083b7d011a9f4798dbbb2ee9ccf10c9f139eb83aaa013dfe,1764500268,1764500271,2166,34508,,
0x9bc6ba47bd2bf4c0412975fe48d6f0af9c1f9351af720495a6cda8718273d4d8,1764500268,1764500271,2166,34508,,
0xa542d742339e1a0ccf9a470155535701d92a57eb223042df729bf179dd10e40a,1764500268,1764500271,2166,34508,,
0x1ec43a87602d3e228f9241a515942306cf97b62672ee0cabac20fa2dd4e31144,1764500268,1764500271,2166,34496,,
0xf4456fc0ca18f1936c4733625b19ab66cbba99b28ddb3cbc641c62f8bf86357e,1764500268,1764500271,2166,34508,,
0x87e6b99e4f9bf8ecacdec83bd79ca5599a2cbc6060f02e373eba0a7539a594bb,1764500268,1764500271,2166,34508,,
0x9f4164a67d62b1a71600f7f26c1394910827150a596c3b2d1d643a160f6a3eb7,1764500269,1764500271,2166,34508,,
0xb67b6f960240b50ed3edd7164243dcf6ae7f8bed2d23e3ecccdf6910c0cf1088,1764500269,1764500273,2167,34508,,
0x33f37421869b746fccb7d483b99660833a7f4691830cf59e0216f02853484f33,1764500269,1764500273,2167,34508,,
0xe2c9593ed1c365b415a9c5cccd68cf63626061c0ba17fcc4bd582e516ca49fd9,1764500269,1764500273,2167,34508,,
0x2d37ceca6c7e11addf3c0258d9d289df8266ef06f051e1946dea0ca237a2d436,1764500269,1764500273,2167,34508,,
0x174b7702ed965ed382a453c3bb6e1021ac285d6e0494d0aab494c8f04c9214bf,1764500269,1764500273,2167,34508,,
0x4af9f69e0e09ac4fd6f0f8dbc1a49c95464c72f3fc3a15532ccb9c4719e075bf,1764500269,1764500273,2167,34508,,
0x4eafa5c4d8f936c3ca9d731b591e295750d156c799db58d640c77cf1eb727e1f,1764500270,1764500273,2167,34508,,
0xea1b2ad354d296a80f3c2507c3d5b07adeb14516a74724d21531fa7fb690134f,1764500270,1764500273,2167,34496,,
0x0ba6dde262b9c331bb90e93478c755185750767007269a6a08a1d056a8e411ed,1764500270,1764500273,2167,34508,,
0x263af467fa4a08ffbbae2b5fa8380b3f96c3df9d54ffd92bb7ee5eea2585fa82,1764500270,1764500273,2167,34508,,
0x1187090b5008ca0eacd694577ffbf919e8ab3081a8a4f6ec5d2fc7fa1dda6825,1764500270,1764500273,2167,34508,,
0xcc33bf82461f223a4a166c09554e506061cbec7cfd439fe8c4f3cec15880ca7f,1764500270,1764500273,2167,34508,,
0x4047871a00c2bb63ebf99fa31ee45b1a4d6b9ec4c18d737720b8f716b22eb12b,1764500270,1764500273,2167,34508,,
0xdd634913fd944db71115d566e4d30f8bab5aaa989ee55f69ca446cda155245d0,1764500270,1764500273,2167,34508,,
0x13c8e2b335e0e21ac002d461a2a41300574ba001c91e7ef2b92f2b2d3c0ba8cc,1764500270,1764500273,2167,34508,,
0x46d3f6d9e72324b63bb2285074aa6db201f1e8bb1d01b73c1c7a9090050ff2da,1764500270,1764500273,2167,34508,,
0x0aa3899b5c243dcfd7148d2474854d919b1024fbb21764a6be1679dbba6b2511,1764500270,1764500273,2167,34508,,
0xe84f4b5a70bb9425aee481d82c15d2028de025a7567ba8cd04415b2b81f64c63,1764500270,1764500273,2167,34508,,
0x4564180cdc6a7f6daa28416417dc991aa60376219110f67cf1d6cd6616a953ba,1764500270,1764500273,2167,34508,,
0x8169c64af4ffe1cbcc154f778f0b877ec577f1a09fb70802efbbf2f289f88046,1764500270,1764500273,2167,34508,,
0xe36a7315cf0f98f64daa1982528a9147e41f7c93af1ec7fd5ce86186f62194f1,1764500270,1764500273,2167,34508,,
0x43022b5e40b52b83ceb3999d8adb3b8c86e0f2dfcce4e4b331a43c612e0e60c2,1764500270,1764500273,2167,34508,,
0xa974202b8cd23686932136c9c586e82407fc6cc5105e5db6acf3a3e6c32aba27,1764500270,1764500273,2167,34496,,
0x0bcbc58795e8811dc801a19d4111171eac9353ae185e9504f2a6f7ef951ce997,1764500270,1764500273,2167,34508,,
0xaca7b9cfa20412c5a5358ef94d72b615a8f6829b42a9c04a5140c839996d468f,1764500270,1764500273,2167,34508,,
0x40e9b0eb7d877b0b9988dd35b5a38b4d9e72d82364135bc5a4dcea7e0d4278a5,1764500270,1764500273,2167,34508,,
0x8099d7d00c9c36e85110c0cb915ce764b6e13c6aa5236c0de65ad0f1cfbcdbb5,1764500270,1764500273,2167,34508,,
0x39f07354c02ad40ff5d45d7eee5d00ac92a3df8ffe412b13cabb71225deadbaa,1764500270,1764500273,2167,34508,,
0x3dbb81aa4dd6f118159fabce4b21ed3cff6c30d622ae1ed692b19074f6379543,1764500270,1764500273,2167,34508,,
0x3660026f148a156a6d2f77df2b8fddb662ca34515fa79d1eff4cf8cbafc2aed2,1764500270,1764500273,2167,34508,,
0xfa3a80133b458a557a4bd606522a1ae4423e5a775f3deb1347ca2616559f0a18,1764500270,1764500273,2167,34508,,
0xba776f00d18be3ee7959eeba00e016697c1afa040bb1335886a6db87dd35dd2f,1764500270,1764500273,2167,34508,,
0x4bc881a3ac1d4e30202cc86baf6bd05f5d00e294abca3438dc3b770c4ad45e05,1764500270,1764500273,2167,34508,,
0x3522b58d4f1174196a1c4bafcb66acf700bc8cf484775d7091e09953d42598de,1764500270,1764500273,2167,34508,,
0x17439d8705c18b95eb6741e70c7a4f5c10636a9d8116a1190ef9c4a9376264f7,1764500270,1764500273,2167,34508,,
0x94df77acab34149eeb7f7a6b0d852f0a8e84b219be0694aa79e380b525126ca4,1764500270,1764500273,2167,34508,,
0x0b80bc4d8f7eb2282ce4017f012791de9e548a4d75c5c40e43943e67e817b713,1764500270,1764500273,2167,34508,,
0xb37e93a1b1e50b34215373d2f3baf46bc95e9fff0cafdc55844647e976707ae7,1764500270,1764500273,2167,34508,,
0x3aa62b5aa8acd6e20d16e81f7402fc626af9b61a5204f8afb7cb3ba14f9fea05,1764500270,1764500273,2167,34508,,
0x37c4123069230fa6c765b272353279ff4f5b47c8b8b2610ccf5d9a4066cc59b5,1764500270,1764500273,2167,34508,,
0xbfc4e49ab78757e4c6e44841e60e8ff8f98d2a70cef57ae606131071980e413d,1764500270,1764500273,2167,34508,,
0x879e3f3ebdc11e00b753cfda8bc849153095640c90f4bfcb763ba05e7d8f7727,1764500270,1764500273,2167,34508,,
0x95bbf81a77be19ad298f9e12336d5c5fe85042fc0801ab09fe12a292dd848df0,1764500270,1764500273,2167,34508,,
0x5f0818c217ce48f68c527f9fdde8445e5badb8a19bf73b5f61a2b9e725adba32,1764500270,1764500273,2167,34508,,
0x194ebd091e1ad7bc945f230ef1b45b6536da04602ef01c45fdbdf76a2ee9665b,1764500270,1764500273,2167,34508,,
0xec19daec82ccb8894a8d92bbad8052dfc117350754dc7f81cc50334171d8f024,1764500270,1764500273,2167,34508,,
0xc460f6083f34556b7c35370f767ccfd8122330d58474b620d188dfd256897d97,1764500270,1764500273,2167,34508,,
0x863835a6fa6768b85ac0f2b98c0512b22aefe1232d63f79cf86e19f7bb584614,1764500270,1764500273,2167,34508,,
0x124be27609e739f6cc3409e865b5ad36f5dc6c181c0e40cd647286a1498ceb7d,1764500271,1764500273,2167,34508,,
0xe082c04e21d8abb979db3ad187862caf1bcccf4ada3f76fdf744c07ca71b6770,1764500271,1764500275,2168,34508,,
0xd4a6de5d79eacaa2e58f340baf64e61ea97d19312725f05fdf8b8588a809dddb,1764500271,1764500275,2168,34508,,
0x20b8e3e09c896431c1042a09b88c56c69562a56eacfc5d23d0724d340e4149cc,1764500271,1764500275,2168,34508,,
0x35812a0d6f8ea1d1615973e7a442049eceadb69addb4bfb980663dddbb5e89a9,1764500271,1764500275,2168,34508,,
0x2a85a9598a45dd80c5fffc1fa9550ce23ce3f4d0b44bcf8e2fc34b3d8faef96f,1764500271,1764500275,2168,34508,,
0xfa888a3c802555b8dcb5deec4d5b35b6f9365903abc76febeb8870f9e001ce73,1764500271,1764500275,2168,34508,,
0x1bee804bed55b83df485390d1e0ff80eb80e24faaf2f70118521df43daba29b0,1764500271,1764500275,2168,34508,,
0xe6278ff6f71816f17fbc8faa9c856c607171a3297a63474a4df1dcbd89294f93,1764500272,1764500275,2168,34508,,
0xb4fe9002876db00e7dbe90771a4018f62f75cb0d8c230b4dc97e42cf60d33e8e,1764500272,1764500275,2168,34508,,
0xda48b73b8198ad402092e46308f9dee20f9654fed245a721dee058e2de758a82,1764500272,1764500275,2168,34508,,
0x4efcca56fa34968de1019757961a5c00ae171a5993ac3d8cc35d06a62e3247d5,1764500272,1764500275,2168,34508,,
0x6e49b7d8d085747d64db04a156a356ff7fb85a8374619efd36a70cb40973864f,1764500272,1764500275,2168,34508,,
0x6258cf63099a0607392cb1df9d18b839d19ed855476d203adbfb76bbf4cb32ca,1764500272,1764500275,2168,34508,,
0x157bd9062169e2289545b6e384ef1a8452d5d5d5bcd461f943a9461e1bc21a59,1764500272,1764500275,2168,34508,,
0x77feb616c2cb404792b69f010197aba0f971e372130e15ebd40aeb804624b140,1764500272,1764500275,2168,34496,,
0x8798da3c98435f770e1dce5370baf9523098016a895f9a0823c88fcbdd7a8b71,1764500272,1764500275,2168,34508,,
0x9c8fc4703b1d007f9367a0ab7f67e5e456acbd4df8830a02362b2b2054534b6f,1764500272,1764500275,2168,34508,,
0xc1613801606cc0469ff77489d42efb78db91662d0f83207634a03b5f4da67c40,1764500272,1764500275,2168,34508,,
0xdb9fcd2431d966e37f392138cae0787a60b3be5d66c0d5a3f49d7430264dece7,1764500272,1764500275,2168,34508,,
0xc942acfe014a4493472d7588a750907a2a069b43358903607f02df61dc49a741,1764500272,1764500275,2168,34508,,
0x4b2a57257ac6ce427e88301d322643426090ca7f2321c7559d1e02ea3c999f5a,1764500272,1764500275,2168,34496,,
0xe9298602a69d24fb79ecd71ceb434603b0cfc2b026932295d0c05bdce0880c78,1764500272,1764500275,2168,34508,,
0x51016f3e77eca42009fda0eee1399020d7c1833716d39624e2332dfa9cb8419b,1764500272,1764500275,2168,34508,,
0xe42ee0978687afbfc104271bb35a707fca64c4d92f741bad4ce9a5ad399786e5,1764500272,1764500275,2168,34508,,
0xf224fd6438cc71388956de0fed90a1cc80b4a34d6974205955d3720327c50dfc,1764500272,1764500275,2168,34508,,
0xed389247a7174d1349f76d36195853e4cdee60a0ad9bb37ed48575567102e73a,1764500272,1764500275,2168,34508,,
0x40c71d915b9e5e85d0d556a073634f47ef4b4164aeb0d8ab4ee4607be7f79666,1764500272,1764500275,2168,34508,,
0xf6848c1129664cae5a3b1bcb26d753b295a4244ae94184705cec8d6b1d60beed,1764500272,1764500275,2168,34508,,
0x4d26f1333e8d7607d600cd85783ef9a0668aba37bf89ab5ac2e80fd94991c7d3,1764500272,1764500275,2168,34508,,
0x9ba0176b2363384b043f76bbef0a371a03d896095c3c5deca7ec8a9fdfe7a42c,1764500272,1764500275,2168,34508,,
0x7fb51030f9ddec6b346f5af4912d754a83e8a1632a17e94e42b0f789b1cb388c,1764500272,1764500275,2168,34508,,
0xbff960d9865f0b5140995622e1a6fe93ef9d5702453dee27121c86a61b6948de,1764500272,1764500275,2168,34508,,
0xd7a936250d142e4fb2e3395bbaec20b14a65efede96fa806958aeedb0ab70d09,1764500272,1764500275,2168,34508,,
0xb4df3d2efad426deedf4b2e8bd8cc4335886cc823a66fdcb2c24277430a864e7,1764500272,1764500275,2168,34508,,
0x8d4c71dcde034ff03340d6c247870fa64dabb0815b48c8eb77eea1a58bdc75ef,1764500272,1764500275,2168,34496,,
0x3f4174c465ea30dba2f07bebf3418de09fca8100466bf3ea09b7a2553fbaacfa,1764500272,1764500275,2168,34508,,
0xed680d061741cb2f70a89dc0f3e85152a9e3e1243f8476da2b70c7fb3420d9c2,1764500272,1764500275,2168,34508,,
0xfb0dbac814438e1bf64b25dcb64f161b7c6a5ef22630d1ae2de9863273ee076d,1764500272,1764500275,2168,34508,,
0xdae5863d1256910fd8ea9405182b3d17ca3ec434b1388e94d87399fa68712c53,1764500272,1764500275,2168,34508,,
0xed6a9210094d588a6918beb93e4edeab12c908868c819da612f421cf1d443486,1764500272,1764500275,2168,34508,,
0x14675de97edfd519c8c8c0476b9515701f204eb1ea548bdbabd70d2f21744b3e,1764500272,1764500275,2168,34508,,
0xdcc98fd43ce04c374205b97fdbb6ae534ce8a49e3c10d7d76da9e415ae8ed918,1764500272,1764500275,2168,34508,,
0x27dfc3066715623004ad6d3cf56d5f243ba75490517185c1ccbdce4c871a96e0,1764500272,1764500275,2168,34496,,
0xb7b7554aec1ed48505aa07b30f389b8a550b63b34a995bd5f96713b74f9d95f5,1764500272,1764500275,2168,34508,,
0xbbec86f2244d4bb0ac08263cd00ddf61b31a9c065e207b3ebdd99b6c92b8c343,1764500272,1764500275,2168,34508,,
0x5329546b6389b5c053f97f2f3cad8dbaa8c7e745f7491ae77be96a4a658a9ea6,1764500272,1764500275,2168,34508,,
0x4b488b5301b5e011ee7fdf8aba1564629e1bc543881dd45ee564d38ac5a35daa,1764500272,1764500275,2168,34508,,
0xecc37811ac2b6b92214aab7f4d2c1153167ce8cc5320d775bb826142f305a389,1764500272,1764500275,2168,34508,,
0x5d5b825d724ff08a110aface34a38e4b71049a044656ea86b0010d34deb5dcaf,1764500273,1764500275,2168,34508,,
0x1397eb2268ae99a25c4924d72fbaa408c674043fee28063da255f05f5bb5e3fc,1764500273,1764500277,2169,34508,,
0x7dd781ff364192ccffb72446869d2b63bb9d6de2d3f73b8e30acb906f8baa2cc,1764500273,1764500277,2169,34508,,
0x5eb9ec58c3a7777c0de44e1e0a9d9518f54086587e43b6262a9af0f155f5cb23,1764500273,1764500277,2169,34508,,
0x803f657516fce92c6ccc4938c441845b7ab78a9607996f3711e989219af16336,1764500273,1764500277,2169,34508,,
0xc05f49e8528b1f9222449f38118c0c4f0faec9358a510deac5b94a81b74e2434,1764500273,1764500277,2169,34508,,
0x7f6412a3fa02d271d0e2939e4d6c9af34cdc9bc19651551bc268f129fd80b55b,1764500273,1764500277,2169,34508,,
0x2f5ddab5355869b7757ef3a84f075f38eb85dfcaea6ef2c80ab445bd048060eb,1764500273,1764500277,2169,34508,,
0x04dbe9150c028c7ce2dec12e7e8b7fc372eed21bd123921795fb20610a0e8fa1,1764500273,1764500277,2169,34508,,
0x1472d0bc6ad7d52ca00af40e404a970d3857ba77fd5fa9b8fc174064c96a8dea,1764500274,1764500277,2169,34508,,
0xfd125bf20bac0ee77d343b34862cf7eec507ff377aca1a3ca8c14cd0f10cbe57,1764500274,1764500277,2169,34508,,
0xd13d5ba41c18d5de64512e435aa7e45498da85a78f1db0a17363068f603f2d58,1764500274,1764500277,2169,34508,,
0x9e4b8c006019803fbb92058b8ac8039bdec47aacc54608288fdcda3e5a3178d5,1764500274,1764500277,2169,34508,,
0x0e3ab7e2cf58efee32f9135d93b87ffe3571516813dbee967bf71f196b140ab1,1764500274,1764500277,2169,34508,,
0x06ded1cb162a4c7a03fae74b9d9c77fb17df3b2c8668b831db01dcc22a2e5674,1764500274,1764500277,2169,34508,,
0xbb018eeae25d7bf0c3388b53468cbd8276508b0ee3ef0f89c38654cd1a417c30,1764500274,1764500277,2169,34508,,
0x8e2315980c01c56f932e70445e46972dfd0a12c4dbc808785885faeef5db96aa,1764500274,1764500277,2169,34508,,
0xfa7baf207ec17798e80d629c38e555058a087ec572a69e077f5511924daa7ade,1764500274,1764500277,2169,34508,,
0x30e8936d77a125dff5de088fd49c58deb0c530e7bdb8c542db584e5789ae7a2b,1764500274,1764500277,2169,34508,,
0x0ac15c67a9e759d54a6c9a8d3fffc2b680a5438088bb73c7a80745514fcc6696,1764500274,1764500277,2169,34508,,
0xd5c18123b6e31a7801ccad0fde2525140484ee979f4b54ec3af43011c1921be2,1764500274,1764500277,2169,34508,,
0xbd9d6c168d8aae277b5afbe1af8559bfc9c9ae579a7df621499d2ff969f04b10,1764500274,1764500277,2169,34508,,
0x97a35624993cd55dffa1b35de3b646f80d3022a3b60ad8260b0a45c8d6955f87,1764500274,1764500277,2169,34508,,
0xea41c41390e35217e268a3675cae287f9df3c4cd8bf35aedd8d620d7c09ef327,1764500274,1764500277,2169,34508,,
0x4953e5ec74317ab921454fe01d3017c6fcc2d2915309a96f760d9d5f3dbeb4d8,1764500274,1764500277,2169,34508,,
0x2bf9b20847a5a18796ab7c36614959a4eb44fe8951a6d56d026f940f1abc4265,1764500274,1764500277,2169,34496,,
0x60f55b205b7d56072a0bd7d06cecf0b5f5018821cc2fb6ba6ba02b2eb48ccf96,1764500274,1764500277,2169,34508,,
0x27fc53e3b5caff7352a5462d4b487ea889e312a281909cba1d15d4f0234011a6,1764500274,1764500277,2169,34508,,
0xc6e9cfde20bd3b8875b7b393140c85f90e784bc5c4c02cced8ac40201b8cf9fd,1764500274,1764500277,2169,34508,,
0xf3e6464e80783dc194f8b7abbc400012f0ac4820ac2fe0b992061a4cbd00366b,1764500274,1764500277,2169,34508,,
0xb0a9ebea1221ee7ca4f14cdc39d7ef420d40b5369f8a4b7272361043cae18f8d,1764500274,1764500277,2169,34508,,
0x4bada9cbd06bccafb5b006acdaef3b5e44dd9a0ca981c6563681d9b3eaed8b1e,1764500274,1764500277,2169,34508,,
0x26f56b12bb58b24ee5e1bdf59eecbd48096004b478019081fe1a3cfb3f6247aa,1764500274,1764500277,2169,34508,,
0x2f1df15cd4c72db8402d3ef56422b93d6993c2d6134d8d361c149482b8527c0c,1764500274,1764500277,2169,34508,,
0xd8d7a7af0b16a230c8947001d2d3906f25e4ab195152f951cc16696039db473c,1764500274,1764500277,2169,34508,,
0x6a93be83f328f8c8d4b7c60d366c391a1e2b2162665229ad974ac24dc02ec11f,1764500274,1764500277,2169,34508,,
0xcca7dd85e5bd77ebe6928396b47ea5c318904a74fc85190e7e055407d6854f82,1764500274,1764500277,2169,34508,,
0x07cb3d4d34e485c5330490aa31baddc9a02bb98c87e4683accf70ed860120681,1764500274,1764500277,2169,34508,,
0xa0dc7f431226f6628ab8a4f56fb4e65381757f7c384e96b0f2e2979ddcd6ea01,1764500274,1764500277,2169,34508,,
0xecdd9cefa6c8d2a63b4cad46720699d1ff85cf46f0808fdd5192b474c9e2b95a,1764500274,1764500277,2169,34508,,
0x5c0ca15b12bf4a223c47db3e4b413759cf4aad8d0be47730b6dd14888b111036,1764500274,1764500277,2169,34508,,
0x8dd6769c94f348909dca6d34df1216f83c00772942418a36261ad938d76f91dc,1764500274,1764500277,2169,34508,,
0x46a7b1e422cd55d94958b3d859122a29a9a60492c9d0714963f9ea1746aecca7,1764500274,1764500277,2169,34508,,
0x0b01973b8be80a312a7cc00841f911392bbf397fb0e9cac2dbcded138f703851,1764500274,1764500277,2169,34508,,
0x2bd091b169bdabe75b5194dc73a4e2df42adca5f700410fa1d61fedb03b6add8,1764500274,1764500277,2169,34508,,
0x31500d524576002abf2a61a7ce800353f691fef22486bb54e448bafc697fe18e,1764500274,1764500277,2169,34508,,
0x056d2b6b8a647afc45625ed69042129e77c9c263a6b8ca1847f11342e6fe04b9,1764500274,1764500277,2169,34508,,
0xeede0748f7d8c1b370b7d07fc4ba1913c7d3c67ac3c231a015a5003bd7e39c60,1764500274,1764500277,2169,34508,,
0xdb6a2c00df38692210999ea116b81c882c6f067a8dffbf8a0668eb5b0a0ed252,1764500274,1764500277,2169,34508,,
0x57653d24068a558381957d993886b27e2d3c5c0d8f0a05a2052a8695bd33917b,1764500275,1764500277,2169,34508,,
0x504c1a9b2c75c415d63493767d357040234094b69b1c2d36a91727811a9156ef,1764500275,1764500279,2170,34508,,
0xc85dd2907240ae9b949dca94b75b684fe87b7c6b4e78be6f3ba4887ec60f212a,1764500275,1764500279,2170,34508,,
0x2f1f492ef90477a6cccc2a8ef25f70519d9f1d046acfff2e24f7233a298b103f,1764500275,1764500279,2170,34508,,
0x05d9151cfeb8212feb4d0347df7042fb05160b009d75a5a9a8b45c01b161e8cf,1764500275,1764500279,2170,34508,,
0x7a513bb8a5b0a35f845197de3aabc18930e3fab5015b315591d3ceae4231d7b8,1764500275,1764500279,2170,34508,,
0xcfafa99eabb072ebe86664e589c155552b5f65ea8cfb9ce689b5818540135b11,1764500275,1764500279,2170,34508,,
0x9eb69f56f3a693c2a40c264843b265170256fb8e8774d9569392d7ca9d4448e7,1764500275,1764500279,2170,34508,,
0xf3c9255a06ef94a48a30a19fd7bacca157f5a4afd659672d9ab8fbe3860e6597,1764500275,1764500279,2170,34508,,
0x16a96b59557471477ab1c3753a0290344ce1f5baf0d0bd2c0101cc250ba7281b,1764500275,1764500279,2170,34508,,
0x245b4d1a509933457d1f1eacb8eb4ab58c500ab3abfa75d75b0026b702ad0072,1764500276,1764500279,2170,34508,,
0x49429355f0504ed9e48e34f690d1035188d5c4dfb829a11d07e156891f559c3d,1764500276,1764500279,2170,34508,,
0xbaa90fb9dbc2875ce73768a0ad4c6e9eb6cadf47ef71a053b8a9ea96c5b56c70,1764500276,1764500279,2170,34508,,
0x2101d9b2f5ceedcda9759e63b7a2ce601f0c84a68df1ab266c69a5867991d799,1764500276,1764500279,2170,34508,,
0xe3057e742966137145672d8e8855c1c9f8f54abe73c020b4c3cc36e19991a6f9,1764500276,1764500279,2170,34508,,
0x902fdf546389a1ebfdaade964dfe1ec9aafa417ae45eb5896763ba04fb2091b6,1764500276,1764500279,2170,34508,,
0xcd7684ee29ce227ddb5339cbd4aa1f86be1dd4957e06d8be7542bf62dd2d0bc1,1764500276,1764500279,2170,34508,,
0x1ecd51e9acf8963efdde631a1737b4978edf5b466c2850d1af05acf09f82faba,1764500276,1764500279,2170,34496,,
0xb93015fecb10e5bbc95dc4964b5e44ae2c0444ffe86f5400f16cd93f60ce25cc,1764500276,1764500279,2170,34508,,
0x8fc15ecb9a9e6a68b1466513cb5ce399e39435814af0c89855583af5c9515423,1764500276,1764500279,2170,34508,,
0x80dd08476158d8ae80303f0df21c06a0e0285bb6b655c0b75cb62cf125b93303,1764500276,1764500279,2170,34496,,
0x0275e3db7e1089fe6caa123eb660bde938b6c3ff8894a914272a9aa52dece9cc,1764500276,1764500279,2170,34508,,
0xad7b63eff6d7ef68173ae89c506a00ca1d12318ab533e61ac8fd522ca1cca3b1,1764500276,1764500279,2170,34508,,
0x23ec00c0af38aba66a44782d5456837a8a1ff6c297f7f6d89f14b9ffc7e9f3f5,1764500276,1764500279,2170,34508,,
0x320ec2fa821684c845903b939ffb86af786ecd710f4120c9a188a14e97dbbba9,1764500276,1764500279,2170,34508,,
0xe1b880017d6bd450c6ebd29a1372141b69ad918031b5d30355adb5ab7641a271,1764500276,1764500279,2170,34508,,
0x70bdca389f8da2b1a62af1d9025b7920af6077ce7cdd859af7c61af77f52cf88,1764500276,1764500279,2170,34496,,
0xb06900444448819b2ac8e3cd462b284993ef9b002cbc26298119f39499c9f16f,1764500276,1764500279,2170,34508,,
0xbbd4bb8e3ed9243dda6c0a8f67c81701e680b7971d9078d6077e2bad1fcd825f,1764500276,1764500279,2170,34508,,
0x8cd97d7ec6ecebea34d2aef859f060a66bcee95160939a5d7a418772026704bb,1764500276,1764500279,2170,34508,,
0x3a65ca0e53d990316c2c94e0ee1ac331ed83258b234ad1394314d190dab92a66,1764500276,1764500279,2170,34508,,
0xcca804bc1d4bd9b1f6d40d032f59ea0c0740bf41fa4446a801775c8292f12f8f,1764500276,1764500279,2170,34508,,
0xeee54ebe52cc7065ccaab59ac39049ae0f7c7082e511378d61277d5b8fc0d65b,1764500276,1764500279,2170,34508,,
0xf418d30e1ff46bc5d2bea58362ed721a4fef01628b3d9b9ae65c5689ff653bd9,1764500276,1764500279,2170,34508,,
0xd3b60a0a841ae7c20c5b0fdf63cba1801661be4b24fc221ab0778a586824ad6c,1764500276,1764500279,2170,34508,,
0x550085693419b9777a52237fa0d675d386181e5c298e94b7e3fd8c7b2dd0df19,1764500276,1764500279,2170,34508,,
0x0e2415f1f4c3d4887f529406a620aa4d5e9e798c395d0126c17e67ea7ced339b,1764500276,1764500279,2170,34508,,
0x87038cffc7aa2e4290f420d954167dbd1bc6db3af64a1edb3ef62f3578965d34,1764500276,1764500279,2170,34508,,
0xf3cddedf3ce5d368c279f7783e96b03070ef10111029646276d72d24f63687b4,1764500276,1764500279,2170,34508,,
0x84fb6ec9bdc97ef2144906267fbcdb9291bfb6385bca4d6a3a9d93c44d0c2bbc,1764500276,1764500279,2170,34508,,
0x389a288280ef95cdaebc2d43a4261a34d5124ea674ac2941987837fe01af89c3,1764500276,1764500279,2170,34508,,
0x72eb0a0ff806b8cc21937bbc0da18ded35052285b82f3c45603897a82219e840,1764500276,1764500279,2170,34508,,
0x373b4aa55f32582a4d19ab9e8dadd02262bae0a2c628d8a7b691f99d6733e4a3,1764500276,1764500279,2170,34508,,
0xa9af63a77a9e8b771850023b7ee01b2e55a4c28e83dd5976dd695f45c34a6aa6,1764500276,1764500279,2170,34508,,
0xb9de3aaef0295be5446230dc2645ff7edf8fca27680c82135265c7d4198e75af,1764500276,1764500279,2170,34508,,
0x031fd2247fb3758741123409999f371e864a947aa11a23e0fa4ca7a027bcf2f8,1764500276,1764500279,2170,34508,,
0x7efcab46f190a3e65eedd6cb481b3ecc46734e098589a69391fe0f2c4fd0613f,1764500276,1764500279,2170,34508,,
0x5863f8068baa3b083165d10ae46f426c778096f68472f5580c9250f8fbc129af,1764500276,1764500279,2170,34508,,
0xe29e93266509d44dd535f7424d8773e4b93fe595efed4abe8b88d3145c1c9d3b,1764500276,1764500279,2170,34508,,
0x9451028ae88baaf21685748fd297d5a517d6250699698022a45635bcb7d46037,1764500276,1764500279,2170,34508,,
0xaf0af9755549dd52cf48b4d8bb629962c44fbfb8fc1569a40b8e8e70069a3923,1764500277,1764500281,2171,34508,,
0x92ccf7693c57497d9a1ac3a13a8292274550d1274dca7419dd43662c444cbf6a,1764500277,1764500281,2171,34508,,
0x02c5c6022f285f442e8b18bc118466974e6f567c486bae1cbf94bc87025153b3,1764500277,1764500281,2171,34508,,
0xe863d0cca4af2dffee0b139bbfb221581905323cf18b8a3576916f7ae29d4378,1764500277,1764500281,2171,34508,,
0x56c0606f22768e0759064ba0c5f0db17fe0248308786538de39a887d80abe07f,1764500277,1764500281,2171,34508,,
0xaef9481f4cfef92eee9749885347e8293989dd94840e187cc532f71c076a5070,1764500277,1764500281,2171,34496,,
0x58b84943a7c4fb9f90f9a7ef64eac687ca9b242312526920e11ab6580ac9eeb4,1764500277,1764500281,2171,34508,,
0x46478680d6e3dc8bd30b5f2675307c62211bc907c363bb768caced961d4a4f64,1764500277,1764500281,2171,34508,,
0x7ddd62f84b199320cbf64ac489418bf564b9e316c1b43cb87f2e059d08b9eb16,1764500277,1764500281,2171,34508,,
0x76ba74cbeff7dac05a611d75936ed2310da9896c52a41fd7b9214839c50dca72,1764500277,1764500281,2171,34508,,
0x2fd3816584902913e2a6c80dc3ee4916cb92db10ab48d31fb01705f5c230982c,1764500278,1764500281,2171,34496,,
0xd620e91add5734373176b0c2d9f71538377163f7a254df62e309d4c3efc9232f,1764500278,1764500281,2171,34508,,
0xb956f4ca9821feb7db994b184dba4421ce25f39ffa1c0744ac1034f62b976ae1,1764500278,1764500281,2171,34508,,
0x306ae5576b9a32e7156efe8999ab5f8fce4fbf2a01bb5320ef58b1d2351069c8,1764500278,1764500281,2171,34508,,
0xe9676eca35f44d55a6af2ca762e04a33d04db27809f941a6b689207e292098a1,1764500278,1764500281,2171,34508,,
0x31b0165a215b25eb5bb5e3b2909bfa986ac9d732f055c88ad694af3114066f11,1764500278,1764500281,2171,34496,,
0x341db214c362d1456ed574d5aeb13eea43fcdfa3afefdf59c40210ce759ab2c2,1764500278,1764500281,2171,34508,,
0xd4530fb4e20ed87463b4b499402e7a06573c3d773382ab078d10ddafdca99919,1764500278,1764500281,2171,34508,,
0xf4b61bc37e22dfc90e2bc102b334828b583ee0ea38229f666fc837b41f61fc74,1764500278,1764500281,2171,34508,,
0xec9a9f5d1aff7c8759828782722960138a2aef5faa1bda8ff6f5788660d3444f,1764500278,1764500281,2171,34508,,
0x105003feec730ad8442e0d4b7e827e2b3042f600f09a04331a4fe1c5a23cf906,1764500278,1764500281,2171,34508,,
0x61fb4bf0bb11233e22eb93c0bffb4520a611cd0c363cd1f14533a238189f3e70,1764500278,1764500281,2171,34508,,
0x9bee1499740102bf61489640aa1d8d32c25c6f25e54d9c2b86fc72ab18115ab2,1764500278,1764500281,2171,34508,,
0x9dc5bb1769b7d2555c53cd77d3b090d7d5290d04889eba6e001e8e7ced08ae43,1764500278,1764500281,2171,34508,,
0xe7091ad00b081476bdd49e57ac0d60a9cf04d4855d55915897626900f9e8c162,1764500278,1764500281,2171,34508,,
0xe7333be8c52b59c3caa23865cf37476d869116ffe3b1aa51a8fa2d1d31d5b8c0,1764500278,1764500281,2171,34508,,
0xc9241c1ffe286b336d574e6dcb8ebddf559ad7fefb8a1cbfebac533d4f05fb66,1764500278,1764500281,2171,34508,,
0xb3d8ae504f7c317b0512efaa8aa949194d82265930c83268df106f7d166a9f00,1764500278,1764500281,2171,34508,,
0x67cc19a902158aaf1f67c58b512301b445e61401cf39200fd03c34754afbb5e2,1764500278,1764500281,2171,34508,,
0x03fee370fbe28f41e07a269d81d4bedea6ada6033ad92062878fcb1bbdbff8fe,1764500278,1764500281,2171,34508,,
0xdd0bf02da791f3d01a84af7e6c653c69969f06a64d813416a6a547c6b1cf510a,1764500278,1764500281,2171,34496,,
0x9eba48f7965a92d2581e9f3cf005ad580535e890628a22baeb531f000083c681,1764500278,1764500281,2171,34508,,
0xf0138e3edd164eb6081f02b5b9bbfe5c232cd11c7e9af55c44d14c0b9db952e9,1764500278,1764500281,2171,34508,,
0xef80b523de16d0537e5ddbc92d614565f546faaf6cca8c695189c23b00c83375,1764500278,1764500281,2171,34508,,
0x315e2b285ac7de096ef189834a182934b151cd45abe780add210878eacfd1bed,1764500278,1764500281,2171,34508,,
0xa9fca65df5d30e77fa10f1357e3b97b508126675475f836eab43c467c0db0d63,1764500278,1764500281,2171,34508,,
0xa2da98fc3178c8c100cee67be5c7c34f41309f4cf448c7b16fe3b10fd3155b3b,1764500278,1764500281,2171,34496,,
0x5e42c38ecd61e008b3ad31cf29423757592103cb00cd04df205f9d1a75299c98,1764500278,1764500281,2171,34508,,
0xa112005553ebde30345e10cc71355537a7ba182df96ee0b39ae09ab3e63a02ed,1764500278,1764500281,2171,34508,,
0x7bb74522d063c1c2e42152a6680ceb9fe530ab7f7569cc3fee319335d20735db,1764500278,1764500281,2171,34508,,
0x6cc017ef7d51b265ca3d5181d75aa58ea3317fca09682422ac61a8bdeafc65fa,1764500278,1764500281,2171,34508,,
0x7fb830b18fd5b1e035d2c26509ca2f3ab722873e64a1b13f50dd8cd964daeb89,1764500278,1764500281,2171,34508,,
0xad6de8147b5537742d2029d5d1aba0630b475ab01dd98ea063401c7ed2ab0f25,1764500278,1764500281,2171,34508,,
0x26647be234b90e292231771fd86cad09fb63cb80f122f318230488846c59c7a7,1764500278,1764500281,2171,34508,,
0x9d23d3daaf989a43547a2c4de1dd9579c423c8c2689ae77dfb9a82ace161d77a,1764500278,1764500281,2171,34508,,
0xdf8794810952eb4d5f04caf2dc10568ceaa145b61f4fb6f9f87f5360fbafae9b,1764500278,1764500281,2171,34508,,
0xabafe5ce1720495d346bb7c859ac94907f3bcf3e3004cf3a6862c1170cba95c6,1764500278,1764500281,2171,34508,,
0x50194dfb08d10445480ceab0000a620839f69f979b660f67f73de33d14443bdf,1764500278,1764500281,2171,34508,,
0x19ee0103152f906a557d6fcb1fcaa5ed12741c384d4866ac73ca23fcebf3c993,1764500278,1764500281,2171,34508,,
0xeb969a6ea3f617cd538f2ac6068c8a7c01276417ee4a0dcbfb7a5848730ceaeb,1764500279,1764500283,2172,34508,,
0x5e773ff71101a16ee242ea75f229d6b240579d7621b01aa86d3fe702587789ef,1764500279,1764500283,2172,34508,,
0xa1b39a4dd7250af90f3c8a2f98178d4c0edf25176d50564c5408eb403320e8ee,1764500279,1764500283,2172,34508,,
0x3f0b1cc5a167fae68e20fd1a2ccba2f45fa48d5842f3b08c7e21083fcffcc092,1764500279,1764500283,2172,34508,,
0x36d5d90f6520a9e0dc43dd2ed087be2113003cf00d1bc7b1c92976cad04550b7,1764500279,1764500283,2172,34508,,
0x922ef75cf533dcb7e1f178396309c53c3e5943d4584e677fea3b31997840b0b4,1764500279,1764500283,2172,34508,,
0x6c624752909aff8449227d2b4bc03165ee73e73f2f669bcbac454e9cce0bd221,1764500279,1764500283,2172,34508,,
0x51bf2fc5aa0692f857c0696dc7abf1cf8cd2bcfa4c73d18c271efeb1fe66d7c2,1764500279,1764500283,2172,34508,,
0x40be71806485854bc5ba1c20a7318b3ee7deae95f768e62160336f83e9b9ac87,1764500279,1764500283,2172,34508,,
0xb893fd4b8538a965d6f54d716f6a6cf90aee72ebd6a5c2781bada9654a871b91,1764500279,1764500283,2172,34508,,
0x9e2b81b49aac2154bc3722d4bcc343c8812d4584ad2a0aa73d41b8c27cced2e8,1764500279,1764500283,2172,34508,,
0x85aef8a36f2aec94fef2a3871140c2a73999b67f5659e9d6a06c9741885c0149,1764500280,1764500283,2172,34508,,
0x1b3ab3c2c189977cafc3541a57867486a0d83884949a6ab3bdb8fa336b585e6b,1764500280,1764500283,2172,34508,,
0xb5c25ead944f5d11e8baedc94a551d1b5401da64024289cd8154c58c6eb149bf,1764500280,1764500283,2172,34508,,
0xd43e0b07abe655a260d0887d217d221973024e99e92d128e4c2402a7eaee406e,1764500280,1764500283,2172,34508,,
0xa9518073c02b9ed10043e1054f5a977c930ef48a8d0e1b222afc107073398065,1764500280,1764500283,2172,34508,,
0xbecf0aa6c5c83cdbcfa4d089dcf25fbb8d2e9073b5b7787ed123ecfb4aa7529e,1764500280,1764500283,2172,34508,,
0xc923b9ab68f1ab642009201be90024663900a1ebbc4b8a8cad1729cb103ecd0e,1764500280,1764500283,2172,34508,,
0xeb482f8760547d8d9235a53fe4f475050493ac1d9d0fc891e7b6fdf6da83768e,1764500280,1764500283,2172,34508,,
0xfd9ebedd2a29eb0c10b7cfe9e8f0d84e0da6fb29a1d2c2f61ee0edf142067929,1764500280,1764500283,2172,34508,,
0x683c1df81b8a90de6a446e1948fa5b629a8fe51ef91baa52240736a34056da83,1764500280,1764500283,2172,34508,,
0x9f7153dcb1250482f99d0e56eacdcda0c78fde9fc3856c4563613942bbf4f6b9,1764500280,1764500283,2172,34496,,
0xc96447524830a69af626dcf1a977bb70b89f74d43cb85ab820474588f0703011,1764500280,1764500283,2172,34508,,
0xc9a8406cbe502d1cf60f0eccbb59674bdd3cc1e9a025a73f6d28acf043a902b7,1764500280,1764500283,2172,34508,,
0x172f225847bc7f52348d94dbdaf721dd3c428d3ffd722b4db961c30fb948f5e7,1764500280,1764500283,2172,34508,,
0x8e5bf4693c83543bc47166aedea61c6aca2bbb0ba74ea1d25132c4d6565c0520,1764500280,1764500283,2172,34508,,
0xf2ccab74d1bd82d6db93b9e6ae5b5a71152dacac71363eaa61fc758b80e16643,1764500280,1764500283,2172,34508,,
0x84415d40dfe08937dc85d5e41ab8a6e6d3d42ca063c32347d6b9e0b3a6c57859,1764500280,1764500283,2172,34496,,
0xcc66715191f1337157b5f55ae7d2239daccfaecc4447079beca8f3a0b1c3ad9d,1764500280,1764500283,2172,34508,,
0xbd21ded5a9b6663d0e598f00bfe79d21cd407fc4ec8253de08a2b063da4715b0,1764500280,1764500283,2172,34508,,
0x06f5cbcffde7c07456bcb3ebe72df14d9f8cd41c5793e5d6df2bab73773838de,1764500280,1764500283,2172,34496,,
0x6f23e0ce6782eed5c847a32f30fcf203f466919ceecab3641eac5dba0da6e409,1764500280,1764500283,2172,34508,,
0xf6c806bf29da2fa464c0f51d87daed36da561b2a442bb7df986f7aa62ad678e1,1764500280,1764500283,2172,34508,,
0x4df71d4b0195d3653f21f377364a2eee237336572d83b483997c360eb91cd136,1764500280,1764500283,2172,34508,,
0x3109cf83fb098835408620ad9bad36f20f5aa3179f76cf4aecf32cd9654a5406,1764500280,1764500283,2172,34508,,
0xf564648ed2d48a098ddf7364e95420ad8c5f80650d82571aba7492a48e67bbed,1764500280,1764500283,2172,34508,,
0x29590149fef7605425e49a63d02871e51b0e0d9a71dec8f50b006634aa6423e1,1764500280,1764500283,2172,34496,,
0xbc20a9c28e8ba3e05da7d96a28f6c3cb6c580896e9f5841e1f44fb44d8ae6e88,1764500280,1764500283,2172,34508,,
0x6ac6e7e7c79a2cab37c3d79f54f802232ad3b5ead98376b3a1a547ec1e5c0fc4,1764500280,1764500283,2172,34508,,
0x6bcc9ddce9a6cbf2e1e3e39b6d9b51fc7f0a7e52531b7296a10ace6b8b7b0e4d,1764500280,1764500283,2172,34508,,
0x2b996c1af19bb3fd62e5f7523ed9f515586d4d25b346ada240390c79d62a3803,1764500280,1764500283,2172,34508,,
0xa2146229a32b3e55d0d0e8cc6da3cc79bcdae5ea3b833d1f1c4b281f81cc02e7,1764500280,1764500283,2172,34508,,
0x5214998d19a985a8a8fb94a4487094638271f4f3e0f8462cb077eb708853e02b,1764500280,1764500283,2172,34508,,
0x039b2ea06a6ce8c532320d3300bc368ec9892643bfe1bcd18d1937130046750d,1764500280,1764500283,2172,34508,,
0xafb9f76bde3fdeb89dcdc54aa17dc38aa99521a3ede09d5a7ca3cc6438d1558e,1764500280,1764500283,2172,34508,,
0x0f2222473023b31004355df85b2606cc9a541db43c9d076832bcf821dea5cb7b,1764500280,1764500283,2172,34508,,
0xd558d3660cd3d136f5e3831ea684689dc9a6b012443e648859a1acf57961d1e7,1764500280,1764500283,2172,34508,,
0x2636e9b1ea9e092bc1495d63f12de3071ff3d6f78601e8dc53ed12de58dacd51,1764500280,1764500283,2172,34508,,
0xdbc875ef78821ae46a58b77879a3c032da51d879f02fc2882c0b86d23555d481,1764500280,1764500283,2172,34508,,
0x102991e28792edc8e1c6703a8e5ca6a0deba110fc4a2bc4fe5955d81d25299b3,1764500281,1764500283,2172,34508,,
0x48f8134d4710cce70728b3d439aec404da1ec29eede0ab951a0a5f9fc77f09fb,1764500281,1764500285,2173,34508,,
0x11416c1b148be3bbb14e48ee260aa66d704d88f7123d26c5c0c0e4c5d42c0329,1764500281,1764500285,2173,34508,,
0x0f2eebf314563dfa3371156cc4d834c793232f34f9291535c456706cf9c285db,1764500281,1764500285,2173,34496,,
0x2bbca69ed103aa63e7860728e107fb65c00688bf56c74837265c84986df67cee,1764500281,1764500285,2173,34508,,
0x7e154dae2e0e2040224fe9033a332b39f9a779051be3cd39a0b58510483d4c56,1764500281,1764500285,2173,34496,,
0x6cb9061594e9a0ee48fba2dd598b6537428cf3fb1044a2da52549aca655fdfb0,1764500281,1764500285,2173,34508,,
0x8e9382677a247e03777394fc0f3ee57337f4010931261be297caac3bdb057926,1764500281,1764500285,2173,34508,,
0x05d65e229fe2b17d7bbf0ab3dfef2cdf106f04247e30c7698ecacbc3dd2a83df,1764500281,1764500285,2173,34508,,
0x6b1249e639966bb970cdec13ef25eda4b1f70898881b88d7987f5fd74a5350cc,1764500281,1764500285,2173,34496,,
0x30c8cb5b5cf81918e51bf78c63db66def42acdbbac04e7614e90d09be7eccae4,1764500281,1764500285,2173,34508,,
0x862e5eee19fdd64de61073bad58a08d2724b293ced909ba5fe637281b893434c,1764500281,1764500285,2173,34496,,
0xdddc117f54c06e3fed43f4a3de815ccd018b9087ba5b50abeb9f2a626dda0d69,1764500282,1764500285,2173,34508,,
0x673efe6a5cb4260bbf01ef6242a3a6228658f749d6e76fbf43b79d2a4a114b5b,1764500282,1764500285,2173,34508,,
0x509946f033385a3e15b9d7079bd8c4d04d9b5f402d08797e5519e42a39f1dfd3,1764500282,1764500285,2173,34508,,
0x8251d7396069861f972d6560ceb33571d5a1c404dd16e29c91970fafddd0e328,1764500282,1764500285,2173,34508,,
0x60fcf0b62a4683a594ccfb32da680ed7981dc7f9ee36e40ecd25e5a71c1ef604,1764500282,1764500285,2173,34508,,
0xe68a6047c512bdfe19accb9c922ccbc60ef99a03d86693a81b54fe08872b8888,1764500282,1764500285,2173,34508,,
0xc387f6de2087b414f8b8dea398e1dd3f499333dc1f62abf21c0d1faf659e7005,1764500282,1764500285,2173,34508,,
0x5aaf331b5816599c264975f583e7be8789dc553a99f184017d81772e68647692,1764500282,1764500285,2173,34508,,
0xf40b2fa2fa8b43bd262548b2a0ec010229b69d467d2d1499264ef6fc16d9f799,1764500282,1764500285,2173,34508,,
0xe301fc3601ec293a0d5951479cf509c4e49a58e55799e67c31e6d383814d89c9,1764500282,1764500285,2173,34508,,
0x0e5339946f17d1c24cb960dd17c78f3bc9fc4bfdc1e3658cf0c68d4563c980cf,1764500282,1764500285,2173,34508,,
0x9b0db6b2236fa837144c0491d8d7387b9238537bb9d7e3e6ce5e4029101dd8da,1764500282,1764500285,2173,34508,,
0x100b259df7b902c33af45fdece3476f69b9576bed9a99f736eb00470e0018587,1764500282,1764500285,2173,34508,,
0x8c3dfd2fe0310ca427445e148950660d4ed51c08389e6ad32f2420fbf144e63f,1764500282,1764500285,2173,34508,,
0x19b1ea0cd0b829a2ae691c57d72c7c76d75b8e806ab76c2ed24557b3c5707beb,1764500282,1764500285,2173,34508,,
0x24d74d35e84255737e7d8ae254e9fa0637754cc86be39d974a2a429b5c7192c2,1764500282,1764500285,2173,34508,,
0x7d3d32ed37dc5d3c80e6345311b059db9faeaffd8d002fd215a0fd5bfa6de005,1764500282,1764500285,2173,34508,,
0xca0863706e1adb0b923bc578886e108ef0f09b6b574d77151077152a41fef582,1764500282,1764500285,2173,34508,,
0xa5fcb18aa84f2eeac9e1c95bb4e33528e81a7934a109bae72856bb1d7e905f46,1764500282,1764500285,2173,34508,,
0xbee77ced51332f7571083161cf95365f42d82d205980ec6a2f185c63ef24e998,1764500282,1764500285,2173,34508,,
0x7962bc190c2ac216a49c9e490d5dbe93a7b9d2db76e32123559869848a9acb67,1764500282,1764500285,2173,34508,,
0x5ce709caca367bc69248e1756bb02f19f7096c97da66f677304c5970d574d714,1764500282,1764500285,2173,34508,,
0x49d396eb9f38b0fb10675521b6047c12d0a4752ba773138b6e92a7c0dbfc013f,1764500282,1764500285,2173,34508,,
0x3e31aff5be1bf25697184ae242a55a6f545dc439ab42df952bc587398cccfa49,1764500282,1764500285,2173,34508,,
0xe1926c0d1e0b96f4327f29528cb09e2710c7f7d0eb827045f09a323182a586d6,1764500282,1764500285,2173,34508,,
0xa7e6908678fa4f7c675dffc3572dcca67266b1608e38cde7221bcc1f4289ef77,1764500282,1764500285,2173,34508,,
0x19888d12dd75e3ea9d27a348b45f2cd47cc83c14e9240b162c4933cc364e07bf,1764500282,1764500285,2173,34508,,
0x27e0647711b2e1186cf0f74b20ddc5fdabb751b867ef4b3021b5f173f3164b9c,1764500282,1764500285,2173,34508,,
0x683e9d96e0222582e2ba3e8cd6c2b509cd8a6648d5cef7fb0815f2b9b7fa8dbc,1764500282,1764500285,2173,34508,,
0xbab44386ad32ec8eead50ebde78829a73bdc7dc9f59741966c0c1bd963472579,1764500282,1764500285,2173,34508,,
0x82b62471d8ba0b9c5b85e13acb8789036ba3dfc7ec7d59af65d9fc93df812ee8,1764500282,1764500285,2173,34508,,
0x697c2f444f65f48309b09bbafb61a7b63ccc57fd2f98cd651440e3a2ddabeed4,1764500282,1764500285,2173,34508,,
0x59807ff8718f711724517e2fd0c526e349c322fdafb55c6ad27087446a1bf4da,1764500282,1764500285,2173,34508,,
0xc5f916392386e62b2190b6d339a2bd133eaa1612e3eb6d87092001c737fa8f96,1764500282,1764500285,2173,34508,,
0xbf612a27f8c6a9d9354178e9d0a19743211c6cb7d848001192d299933fd45107,1764500282,1764500285,2173,34508,,
0xd390ef6c7e847b0aad6b9e45a6029f080e813a72734725a1abb2d9a149113672,1764500282,1764500285,2173,34496,,
0x50c8d72cdefe3b9d77df7383a5a4810b2f93313c98e4788b225501b80102dbf4,1764500282,1764500285,2173,34508,,
0x37d1c4e035708a548f282500566970c235e3a4b7ae3fcac343a28893e6686d1e,1764500283,1764500285,2173,34508,,
0xa0abcbf6b306a1f3b64827e2772388b59b8b0dbe063f854ed269557c1f0ebec4,1764500283,1764500287,2174,34508,,
0x674cfae8e6327e58bc18dbb5067c11d0a4803c9feff652a8ea4ff9f62a885993,1764500283,1764500287,2174,34508,,
0xf6d1318800a96f6933ac8b1b510da37bee45bd85a1c92bcaf07afb1e7268a23c,1764500283,1764500287,2174,34508,,
0x6666f696e0f75221415b4c3951a3954fbf43e35cd5cca7b9c145adb98e2faf86,1764500283,1764500287,2174,34496,,
0xadef41275e2117c83aab08aba1be5e148f42a6744d87144b8b3d15bce7556c86,1764500283,1764500287,2174,34508,,
0x8e9482c25691e7d4ac8cecce21af55666724312ca8205fbc7d80b9bdff49a4fe,1764500283,1764500287,2174,34508,,
0x8ec59150635d313cd36e24d922a1695667eccd73aecf1975526978cebca5aa9d,1764500283,1764500287,2174,34508,,
0x55ac02e19615a1520299e7b45c768f90fca9ca72553f95c2740b51f797a06c7e,1764500283,1764500287,2174,34508,,
0x03e9ad314a9698132430e285af4334cfdb335e68c5a577d880884a8484acc81a,1764500283,1764500287,2174,34508,,
0x1ba700b1cdcb8a9b354f2042aa1cbe85e52f94be5e7b5265a58e50a2f2aca71c,1764500283,1764500287,2174,34508,,
0x6293f6cebe53db95f4035775542b8ff30fc4627e74ec58bd4e4595fe2e9e1bcc,1764500283,1764500287,2174,34508,,
0x243843f930e64b64a8a276c3d429e44228c3bdfda5085584c79312df440ad0ea,1764500283,1764500287,2174,34508,,
0x36d287a3184479225606883936f2f2fb93e42913bf85473fa0905e992faf7d1b,1764500284,1764500287,2174,34496,,
0xcb545171949306b0c02cf7d7fdd292932127678463a3f88ad60ee94f40c99942,1764500284,1764500287,2174,34508,,
0x8eb30aa94c93a918d5cd518398983be2d4def6b2b758a8bcb0d72c228b6f1566,1764500284,1764500287,2174,34508,,
0x43db91065a2888cab1e02ca9347f503d1a9d61fe38ff35d2956aaf91cb98f242,1764500284,1764500287,2174,34508,,
0x28a880bc369bd12d3a80fb6fcaff2d0a75c957c523d42acc33e0effdab21662a,1764500284,1764500287,2174,34508,,
0x4786d7f711f1a946ab13801f2768161c782c1103fe968b395a549c7b22bf77ee,1764500284,1764500287,2174,34508,,
0x4718fcfe285b35b140fca032d3655269899dff56a4a1148813575a1b643e3bb5,1764500284,1764500287,2174,34508,,
0xa3aaa5f03020fe4df0e87c379409fc99d1f4bb28ddc7e5475f2725d38e282437,1764500284,1764500287,2174,34508,,
0xa06d9dfabdc312955a307c3749ae389f3ababcf366a8a91f08377f0825c01759,1764500284,1764500287,2174,34508,,
0x2e869f7067027a81ab5485afd2b3d9ff3a3897c36c74cd5bd610ad00b00eff08,1764500284,1764500287,2174,34508,,
0xde2b34d587ff770496798302fa30c8bb3a81ddb8f4d5645696c82acf87db2884,1764500284,1764500287,2174,34508,,
0xe09eb344290e026a47a9467317f4845624eff06bc53ab754d17320a05732ab70,1764500284,1764500287,2174,34496,,
0xe7a4f2bf39c2d1204254ab3e45390889af307360930757635532e9ea2fc48514,1764500284,1764500287,2174,34508,,
0x9af5c63edd7b50c4490a80c8b350fcf5de8780eb828e6c7b0a5183ff7a16b978,1764500284,1764500287,2174,34508,,
0x3cb6565c49c5a990700944c2dce62616a1c8f966c10f376b96fc55ed4f3d8c99,1764500284,1764500287,2174,34508,,
0xf8554576cf588ba3bff628298b4691d6b95f66a2249c870d19512fbc3f619d12,1764500284,1764500287,2174,34508,,
0x4b82059b75a976f0efc9cd604ae1c37f9b638838bb450531fdf94d02179e0bb4,1764500284,1764500287,2174,34496,,
0xa456cf2ac3018196e324e88b003e0866a2714c973253d3bc67009731e2af094d,1764500284,1764500287,2174,34508,,
0x68feccccfb3bbe08e184eb619b1cce3e6e29de9760829cbee8d569b29dad3948,1764500284,1764500287,2174,34508,,
0x10644fb4592ede1ab52f0603fc89f17d18b60dfae0ba35409c5dcb606460cfb3,1764500284,1764500287,2174,34508,,
0x7aa24606a82589c7dafb6bc6bd7f913724e192aefd866c8a7134afa533a6bf84,1764500284,1764500287,2174,34508,,
0x507917adb29323e040460391f3a2ed9a527df4618901b87f4ce362ac6e25ce5b,1764500284,1764500287,2174,34508,,
0x533160d01dd088a997e46856f5cd6996a2012c1b636046bbc59f0c36d5602868,1764500284,1764500287,2174,34508,,
0x19012475fd7de08255c2c661551f4811cd9487160730a4d7577e6475939d0c77,1764500284,1764500287,2174,34508,,
0xd8ca7db94b5f7e0b1efee4d0c7c6d73a8c3c807d1bf72ed9d3314ddb0ece8d1f,1764500284,1764500287,2174,34508,,
0x241777365e0a15dc19c9d64489fabff873a466db75023444de7cc9699019d571,1764500284,1764500287,2174,34508,,
0x89f2a557f8af79aea51f45bd99f05f18cd7e0c4cb6f85ea499bd5a16f435245e,1764500284,1764500287,2174,34508,,
0x234d6df53f973c4dd9c4cbf0003feb48e7ee07e9ca61ae3aea0bcb89b4f27599,1764500284,1764500287,2174,34508,,
0xac6909f88a217666cd997708af8771c18142fa1e56c2453307ec974d62eba3ba,1764500284,1764500287,2174,34508,,
0x8f988e0cd6364a6b329e518d203fbf2bcd288a6456d8eb132858439de5e41841,1764500284,1764500287,2174,34508,,
0xbbe1c15f248ab59606ceabe00a7086fc48da8659a83c768db99684e9800b0e8f,1764500284,1764500287,2174,34508,,
0xcb04f76a902ef69d0560399896947b024150b001bf9cace7c724debc4e89024a,1764500284,1764500287,2174,34508,,
0x71633467a6c9b3680c2e6a8bf522fb101e242dcecdd31f55768e7691192933f0,1764500284,1764500287,2174,34496,,
0x425f3e99bb7ce54c9e3d833c63af784c04225b14cd586b0fc6a62585adc9a221,1764500284,1764500287,2174,34508,,
0xec564592e5b7d1e60be797f8cd226949fecc04497a5d504e29ec17b6eff7eb82,1764500284,1764500287,2174,34508,,
0x863d16cad0260b87af012caa2f20534549c2425ac1b551e590db32ffb04c20f7,1764500284,1764500287,2174,34508,,
0x9f3fd18323e52e7020eb6216da43de56cb65fdbb044df0653d15cac8186e06e5,1764500285,1764500287,2174,34508,,
0x8524c59fff95533c93be6815da478865542996450b98abe919b9a9d2e24b1da0,1764500285,1764500289,2175,34508,,
0x31ea0f4402c401bc94ff91bff3931b49b9484702d17785abe97df3b9eaba983e,1764500285,1764500289,2175,34508,,
0xf039084424938e42bdd48559cefbd6ade6a69e4fcaee56817942cb6b0fd11dd6,1764500285,1764500289,2175,34496,,
0x1c67645b23a3a402a99d9cd1afaa26a69b1ef7c46c03fa792c3a5719238a5684,1764500285,1764500289,2175,34508,,
0x77315e8a38d36295b357669829384150fd541604469f525aaa302974bd8c8975,1764500285,1764500289,2175,34508,,
0xe2cb5d347109322aa57dd2d0b8fb104beb3041c4fb55df86e7fad1fa58d49e89,1764500285,1764500289,2175,34508,,
0x02f6e12f9f0c0f6cea288d7113144e3897428e96b81b2616a0545c7a7ff03cd6,1764500285,1764500289,2175,34508,,
0x4d1ba77cf314119c806bb1ac9f63e66d961bd32cb351a6a05fff3dbfbf484ea0,1764500285,1764500289,2175,34508,,
0x7daaa9f0d9d2f3f12ed2c97453357da6f1c6f680712b25c416f6c504bfdefd8d,1764500285,1764500289,2175,34508,,
0xe367cec276074cf4ea4ab6ebb14981bc44b13c8a11aa8f8dcf04d8d84cd4366d,1764500285,1764500289,2175,34508,,
0x614761331eec53f46a726c0adc5dbc37caecafcecd78898058c222386caf7fb4,1764500285,1764500289,2175,34508,,
0xc75dc230d344347a18888ae8ebbf93271ff686a50650096fa7dc7e9b4ffd5a5f,1764500285,1764500289,2175,34508,,
0x1f0ccbb843e19dc5854103a465d896ba9ac493686eb3f4aafc32f0e9b1429871,1764500285,1764500289,2175,34508,,
0xb8308131cfcb37e7f20e462098545fa4dc765806528844475901cbc2c876745e,1764500286,1764500289,2175,34508,,
0x20ea352d34c83b65ce000b46cd5bb85f011c12f653f2f26c0f6ded03c5e76800,1764500286,1764500289,2175,34508,,
0x23ade387b9b45362408e93b54bb52842544c7343741b4dfb6a329772789b1a31,1764500286,1764500289,2175,34496,,
0x93e387e9e6a49b22ec9cdd2c1d4967a46ec331f0e78f87316d55b5503bcc2f1c,1764500286,1764500289,2175,34508,,
0x7906cf3541e21559c46506cb6aec4d64eb9d20cc84ab763bb53fad399fa14401,1764500286,1764500289,2175,34508,,
0x322f3c2ceab3d488e8beae1d74e383371686f9deef483b9ee44a3a854ac88d06,1764500286,1764500289,2175,34508,,
0xe561058725e398cf5e030a7ab6fe746f5052f189f18704712e89b3945be43453,1764500286,1764500289,2175,34508,,
0x1a7709a7ac122d98013bfb0b892917d43c458aa0d2fd6e5a500bc7823dfe5ff2,1764500286,1764500289,2175,34508,,
0x9fe6940a54fa6be3b637baf17723ba3d354a799893c1cba66f5eef1983fad6e2,1764500286,1764500289,2175,34508,,
0x495ca6076721d377a310df70b353edd0434d7eb16691cec6008c0f46fd70cf6f,1764500286,1764500289,2175,34508,,
0xfdaf73d39fe979ffb00a65c13531cbfacbac5640891959482d201d6b1a9c9d7c,1764500286,1764500289,2175,34508,,
0xa1de352783317780b542e2b810e2d7fa00676cfd94dd95ac20a8eb2e889aebff,1764500286,1764500289,2175,34508,,
0xb2dda97a7a1aa4a60902853c18b6d8c79a09a53a5d825ac49a6e2259e3121cec,1764500286,1764500289,2175,34508,,
0xeff9279cb774364c6bff68a178349e0a212d287300e681693bf50e44f7b1457b,1764500286,1764500289,2175,34508,,
0x5848ae003fab7c03a8c5ffeb812dc660b4206e404995f1336c9ac61117c402bf,1764500286,1764500289,2175,34508,,
0xa639b696b245eff2629a325c4b1680ef5382d331c1008e933081058d7c675f41,1764500286,1764500289,2175,34508,,
0x692aac2ced71985c1c8f396410eeed5976e9148348b32dc52e474febfad24488,1764500286,1764500289,2175,34508,,
0x67a57a34c7298959b55b9c717e4e283ec1af6703c2bd54bade01a2268c54d20b,1764500286,1764500289,2175,34508,,
0x23f11bd27d65d001511395d068eca11e5bae98505330e14f5f32472f3011d33d,1764500286,1764500289,2175,34508,,
0x635e32003d7f0bf0b1d40aefc124804d8c7e28d5fb560dd0a1c9429c800bb5f8,1764500286,1764500289,2175,34508,,
0xb4de3fbe42e262b94ffabcc0e74fb32561e0cb4bb6b7cc6bbb668d8477a8d0c1,1764500286,1764500289,2175,34508,,
0x4d1c039d9185e8d5e8d48fa60895bbb6d836c0486e5e2ae52d8fabeecc8b348f,1764500286,1764500289,2175,34508,,
0x621e9b1ee02ecb871ea32be6bb32e08eb036844f12ee778143edbc2c85da3e7e,1764500286,1764500289,2175,34508,,
0x8d6d80f929ba1b53d756b118e2005d8ec965d9171e5c3368cb8a163139f3aba9,1764500286,1764500289,2175,34508,,
0x6a0d7707a3ea1e7dbfa7cb55a5f9c4dd548cb5c4a10e1cb5ac0850a34604d99a,1764500286,1764500289,2175,34508,,
0x967a427d89d92e10b4bf0ff4230a44e4127460a33d369785ac5d5fa5c9b88a05,1764500286,1764500289,2175,34508,,
0x222c27c647e60392f604d439d50864561dac228c3d13530abea67d532b64867f,1764500286,1764500289,2175,34508,,
0xdc437dfa937645ac83902cac5b8c06fcf4e8b8085a705485628dcdf4c542424f,1764500286,1764500289,2175,34508,,
0xe3d45644936d7147190c9a0e8ddaeb6adb865ce3ac3610f59f6e983160445222,1764500286,1764500289,2175,34508,,
0x854751cdeff52fbb4ceeb08dd9bf7f95a1f3835436075645918fb4edb58d0fc3,1764500286,1764500289,2175,34508,,
0xf5fb7f30c77622953973142cca4d30968daf023ce9d221b750e2a7dbfd52094a,1764500286,1764500289,2175,34508,,
0xa3e898f9955397ad9f8f485d96f457f1b850cece460fa3b3dbb67f394cff4fe3,1764500286,1764500289,2175,34508,,
0xfa3ff991f32477982bfb1cb932f3ffbc7c9957bac4f0cd771d915161f30a8696,1764500286,1764500289,2175,34508,,
0x79c9d502c6c69c13fcf1a26deb04b6988a5af1aab7fb55959a078b149cd8eb53,1764500286,1764500289,2175,34508,,
0x913668dfc9125c715908d18f7b9bce42ab38736a05e8d8e28835db17b85f07c4,1764500286,1764500289,2175,34496,,
0x4b065bd55991522687e4acfafae5e1d91e97ea86b5d5ed8301a0a9c1e881acc3,1764500287,1764500289,2175,34508,,
0x55059f1da64ac29f7010779afa9c1419a86a21e7798f7b969cd199b5d1ea9a16,1764500287,1764500291,2176,34496,,
0xd126e800db1dbfcd390b58a95bb551f71cf2c0a715d761415773b403434e0b8e,1764500287,1764500291,2176,34508,,
0x268ed4ef0a1c0b419babf9ad8b75848557d9035d425dbca3a2206b8b36ced3a1,1764500287,1764500291,2176,34508,,
0x65d159f2f3d838ca19843ff0f9d09f3ebdc3da61ea1e1bfd54aba98891c85dcd,1764500287,1764500291,2176,34508,,
0x6ca8156ea578fd1f1dfa20748ece3e0ef7a40c5449e7b74e6732ab4a9e4d43b4,1764500287,1764500291,2176,34508,,
0x8edb928d4bb521f43e1efde4c7e598653b6f751cfecb486f309371dce07579e6,1764500287,1764500291,2176,34508,,
0x7ffa3eb31a607961c22edb941d6eac42b156d71e799e0193d51c0401fe3e82e5,1764500287,1764500291,2176,34508,,
0x9e44ea6b8af030b8ea70a4b58e24549fa61b75278d23ebcdf8c6ee9fb331b59b,1764500287,1764500291,2176,34508,,
0x0ae9477d88eb78e0523ba352e8f69c1a8d033fe43b4d4dcf885a45c41f73423d,1764500287,1764500291,2176,34508,,
0x6e2e686f7de6636ae67c7f62dbb0221e94345b08815158f614aa19bf8cb16dcc,1764500287,1764500291,2176,34508,,
0x092c22cf91a382f471e6f6b39a08b56c68f00e53eca382a25cb5ada2be9dc451,1764500287,1764500291,2176,34496,,
0x1ad4b32b86330624f21a67f2eabd56528a79103eba04b9396a1c2421ee9131f9,1764500287,1764500291,2176,34508,,
0x127b40a1a1839466770e990b84740934971bf157dd5b9273fac08c46d79ccd1b,1764500287,1764500291,2176,34508,,
0x3cc797bc61b3556e83888e7c76d5fa1ed053ec33afa770ff505110d3216e3106,1764500287,1764500291,2176,34508,,
0xe743893064e496d2fd6e6e72790f073d4f875d6ad121fe0b98c231e2bbca3415,1764500288,1764500291,2176,34508,,
0xbac363222d764093c56c05ae13f597cb7ac4e6c4dc58f4d95d58fb0875236fea,1764500288,1764500291,2176,34508,,
0x4110aa304f9230ef962abffcdb783983579e273128c71591cc785ef7fd51b909,1764500288,1764500291,2176,34496,,
0x989f2a3cd2ad6523580daad4e28a60d280a93d124d61e111e11a2f65416eb0a4,1764500288,1764500291,2176,34508,,
0x0b64136191c37d3f210dedaa772ef676543ee3a942d8de3c8591b7c816326bba,1764500288,1764500291,2176,34508,,
0x7cafce42d8d96a1eb6199829b01fe0878dc0e4af2f72b8b08ed715026863c9c4,1764500288,1764500291,2176,34508,,
0x4e612773bf74a2566d64400994c6389b1a37ad3dc87f6072999a8d77a184d6cd,1764500288,1764500291,2176,34508,,
0xbc06c02626764be61e340b58642c8a0339581708aed8030052afa263b9ea1623,1764500288,1764500291,2176,34508,,
0xa446076f530cd976fa21d8fbc4175762afcca3ef0166f59d9eb9c9c80d0eb902,1764500288,1764500291,2176,34508,,
0x9e4f2ffd3268ca5f104249e7b07bd4c59e0b10be553d653084d74242327b3f9d,1764500288,1764500291,2176,34508,,
0x41a6f1fb79a47e245169678a9d45d1cfbf7155e7f5183ca27728bb50581dc0a2,1764500288,1764500291,2176,34496,,
0x2e463b58d9c4a6f29181a0f09085053d45494e9e47afeed6a62211deb49083b8,1764500288,1764500291,2176,34508,,
0xe46a5ecd5f41b13fac98ec2ab7bd217c78af40ef2682174e71d1e6d7ad40aecf,1764500288,1764500291,2176,34508,,
0xbf6a98c5bbbfb00473f7b0380f7721ac2c013809f1bc7c638968b511263af58a,1764500288,1764500291,2176,34508,,
0x41c3e8fec49aea7cdabd059678351d38fef5b53abad771ae8c072a6896a9cf80,1764500288,1764500291,2176,34508,,
0x9bcd9cb985a2169a1268e5078aab5af921cfac1f77f42a6888fc56586f81da0d,1764500288,1764500291,2176,34508,,
0xd79f836a3bd6a3cc7c811154573d250882d22833c66c08fcc18abdf6f45e8732,1764500288,1764500291,2176,34508,,
0x5c2053b325af0186136f17dfb8cde224c67a3e67ef158b560120e0254bea054c,1764500288,1764500291,2176,34508,,
0x3d4e5f1426aacfc20f439db0f1749d1be68aaa4466fb800bd7daa46e575886e7,1764500288,1764500291,2176,34508,,
0x5d247d2c422371bca1983853f28fc8129f0928cc7f2cb7099e94a18b333f6b0f,1764500288,1764500291,2176,34508,,
0x49f9f24b46292a8c464b4c5522f467e104bcb6ec2e98e188da50d7ff346ab904,1764500288,1764500291,2176,34508,,
0x6eb48c85e89eb4675010db86f3ebe04c1ce50070c86272131a463afceab15982,1764500288,1764500291,2176,34508,,
0xe0e1e89de478d4e3949d2eba48932c3e795f05c12e29dfc1ff587c819507bb8d,1764500288,1764500291,2176,34508,,
0x28cc0d1fd88fc1296156de46bc5fe1f32e9dd644656519d3618317ce1f8ecd7f,1764500288,1764500291,2176,34508,,
0x4a66f8ccc7a95a70a9e1970635dcc8d56519b56bb8f8a3cdad8457aa0f86d6e0,1764500288,1764500291,2176,34508,,
0xac636490a1b01aadfffebb9554423bc9c49dbaa4368e69312aae59338a3a2df8,1764500288,1764500291,2176,34508,,
0x98afb2ace61544e892774128192014ef6bc55ae7ea21d0e24e878fc02f5ade49,1764500288,1764500291,2176,34508,,
0xa6888dd8398886d6b67dce21216fd70e7c5b538f250967bb4d8fbdc0bf0961d0,1764500288,1764500291,2176,34508,,
0xc8f7f42c114efea1caf8374dd9edea073c1468175bb70c6a0084563d4d37c2c7,1764500288,1764500291,2176,34508,,
0x5980be6622a17f75804173c0f67b5eb88615f5d6bd136afd77523825843c18d7,1764500288,1764500291,2176,34508,,
0xfa65cf2f43578bdca767ffa4427ad10dd15bac84418acfc2c2a25348146f57ae,1764500288,1764500291,2176,34496,,
0xeada60b1cfb6388b0205dc78b73580e26e6afe93a025348b674932e265726417,1764500288,1764500291,2176,34508,,
0x5a370a1821b24437b8bb1595d1eac018bd06e539ec3c95bad29d40a9b26f9aeb,1764500288,1764500291,2176,34508,,
0xa39055f5515fc938a18be3a8deae5470ce87c4e0ed2b2d7df8dc4d083b3b37de,1764500288,1764500291,2176,34508,,
0x1ff215991e05386abe66fafe90206d9b8614b8d9223fce378b6b0a46a2d1b61a,1764500289,1764500291,2176,34508,,
0x55f0073fe150d4f70d6d4a3750e4063c7ce46b71c2860ed353fbc0f7a3fa59d9,1764500289,1764500293,2177,34496,,
0x79411480489713ad8f34fe39fc6358cb9d37743f1a5ac199637f944fe69d9974,1764500289,1764500293,2177,34508,,
0x7a6f84f3654632e3031141eefc086e4855d3fe41c619896c54051aebf590faaa,1764500289,1764500293,2177,34496,,
0xffc96e3813376996a04e8476b2ccabaf40a53210d7110c915aa651b5e3447b12,1764500289,1764500293,2177,34508,,
0x69059c688826c42a17e7a697b673581d1143716280b7f3459e3c0a1b39a8894f,1764500289,1764500293,2177,34508,,
0xa9ee6523450a6ccb0e706a2d06dc78c6454ed9baf4a363cde98f668b8a1e6a32,1764500289,1764500293,2177,34508,,
0x72d345f46cd54f9b6f0dcfaeedbfe20628b82afa27eecf396866cca38d3da203,1764500289,1764500293,2177,34496,,
0xed870a390b65c9df1220ce3860f973f4527bcfc330995c43974db9cb3a31ff31,1764500289,1764500293,2177,34508,,
0x6a459c9e536d29f6446e1d6084adf1b29a556395c9cbb2a9fe067c31b446fd43,1764500289,1764500293,2177,34508,,
0x1969959a7cf98cf6846f1e944d54a5b73d21c304fd2a1fda7e3a804872edef70,1764500289,1764500293,2177,34508,,
0xdcf946f905bc338b9eee50a83d5c68b6a0781658f4f08c6a5f201056a1e18106,1764500289,1764500293,2177,34508,,
0x516cd155c1d8b174a89a39e7401c1503f802d40a038f98f668c6ae7ff7d46ea5,1764500289,1764500293,2177,34508,,
0xc307efb0c507cf56bce6156623db946a44a1cb7c2a9f2634cf99da4367652067,1764500289,1764500293,2177,34508,,
0x4036bf3c9ae24c388dbb5039735d99b2b0382988b02778d352afecf5778eaa39,1764500289,1764500293,2177,34508,,
0x918d181a7f2a433729eab6d3ce98c20b1a3067d42bdfb093520ea67c2b3ecf17,1764500289,1764500293,2177,34508,,
0xd7db3094b21a8387cfad0c52e16e3dd62ceb0d5c24da9051b059ecc7bce28e6d,1764500290,1764500293,2177,34496,,
0xb018115fa8fa34d81cd27431f1a2940403fcffcf2dee635b6dc6fa5694531c7f,1764500290,1764500293,2177,34508,,
0xfbaf6875c78cc7049062d9059d203dbe00cfe258f159fb55ee2a6bc4fe1b26f5,1764500290,1764500293,2177,34508,,
0x5ccc8dd92d51e1d586536671081be9210d32679225536697c2f6d2c12e96efa9,1764500290,1764500293,2177,34508,,
0x785780a7f09575932fa6ce04473fd76621615a002f959506b7145d79470e3916,1764500290,1764500293,2177,34508,,
0x2cc0105c1c170906b022d3e07c98896baf99353bce91e272f2d60ec9e5adc714,1764500290,1764500293,2177,34508,,
0xd3bc2a9d91e56d66d801e4ebad7037804d50c5b6d55a939ef6ed2b131c647ff2,1764500290,1764500293,2177,34508,,
0x79c8e860ec6e642e1479e2921796d56ac36ec108a44f14829be8a29d78220a7c,1764500290,1764500293,2177,34508,,
0x93896efa7ea2a4f7a89af24f263db816f93ace64edb3413e797ec9d179740706,1764500290,1764500293,2177,34496,,
0x342a5b9f28b80c055892ff88e65cabc815d712a7bca6f834a4302fb5d18f015c,1764500290,1764500293,2177,34508,,
0x8c2fa55bfa7e206531b2174400fec160c29156298ae25074fce9b75c97401c1f,1764500290,1764500293,2177,34508,,
0xbf0367047ad0cc96a899e5cf0f5571737294e8302f3fadcf45be3aad700323a6,1764500290,1764500293,2177,34508,,
0x267381f2bd81c12dd3d027236a2a2a63e01c285c7ead19ce0af8ec2ec1b53ed8,1764500290,1764500293,2177,34496,,
0xd1dd60a1038828f9ea50b33b72652498fdf4fd150229e1044820475a71618638,1764500290,1764500293,2177,34508,,
0x833aaa2ee31a9c1368d09b21e7496ce32cc6d8ecd6e792698ed0641fb81054a5,1764500290,1764500293,2177,34508,,
0x8ee4acc5e6d213163e91cbf8b7bae41dc3a63e785067e3112c480ab3a3403bf7,1764500290,1764500293,2177,34508,,
0x227853b5059b3ce5b73ea0e2a351ef15a671e8c85a8b5ef58f61c2e713cdddfb,1764500290,1764500293,2177,34496,,
0x10b13d4423203023cf04171fd738e5b826616570b3ddbddd6be3783e456e1a08,1764500290,1764500293,2177,34508,,
0x49c8eac55547174db17c043b358499081442de181e8ef32cf26959e05db20456,1764500290,1764500293,2177,34508,,
0x4834749653c89d07b1d45cd0fae8a597c8ad2cb43998b9229e37148cd7e74e27,1764500290,1764500293,2177,34508,,
0xd544b306a45975ca877b21b55d61490173fbfc2a86417517b4c9fd65ccb6b07b,1764500290,1764500293,2177,34508,,
0x4662a7688745617c5c887ea4cb7e94c13ebc11edd907502d5adfdad14c64b773,1764500290,1764500293,2177,34508,,
0xacee280058e600988863eae11097927fab9cb6bf6b6efa3351b323dc3914ce77,1764500290,1764500293,2177,34508,,
0xa6f379b4d1c16e0b559bcc9cfc2ce5a9ac0185e88e2c591301e0ff073345a908,1764500290,1764500293,2177,34508,,
0x6ea7ba56f7c028305078391f6e11c402afd432b94dad5106ba3bccfac48dd930,1764500290,1764500293,2177,34508,,
0x53466197a6b2873378a9eb7ea3d19a6f2af5bace6ed7bca5645920ccfbfd71d9,1764500290,1764500293,2177,34496,,
0x85e9f5dc893a4a9d579716201673e99ca1a7967d3c23fc75db2f0483af9bd4b3,1764500290,1764500293,2177,34508,,
0x0c2712fd0b86ffe4b859763b9ec0ad7b4fd435766cfb19839179c4222dca2be9,1764500290,1764500293,2177,34508,,
0xd5e06b41776544e9ab8a6c1ddaf20979296c47ba15b842b9545406a35189ec98,1764500290,1764500293,2177,34508,,
0x5f0bc050a4808844c0f020930fdb478155e0f18eedd8dcf872550c2af5964245,1764500290,1764500293,2177,34508,,
0x9fe014800bcc09c2246b7532762b8dd183e3fad929be72bd4f8cde12cee98b38,1764500290,1764500293,2177,34508,,
0x892523780359375b8e5322ed7c1e16e3abbded1afb88db4c653c088dd5633d47,1764500290,1764500293,2177,34508,,
0xdcf8bbc7a21d23daf3cf7100292f008d231e8f646ab8ec0ab9403f56316c315b,1764500290,1764500293,2177,34508,,
0x0eac894cd679354ebb79dee7eae04a5f1365fed8e439c79246a8d7d5bbd8f2c7,1764500291,1764500293,2177,34508,,
0xc4463bb17f6c57983b46380c0ccbbfaa0cd5d21108a90f9580f77564cae38b1c,1764500291,1764500295,2178,34508,,
0xcc9df68851d09ce019f064585c7c9cfac3b97f0107568196cfb05af58b6e340e,1764500291,1764500295,2178,34508,,
0x084df534b16155f952c6aff1b6de52e321a82d4d35c2561ccc13a1c932bb97ee,1764500291,1764500295,2178,34508,,
0x5888c4f768b4c93701df68b3bf96859ce426699948706e1550f1c7e2b18bd123,1764500291,1764500295,2178,34508,,
0xcbbfa7d95d66376ffc5e76662b45e23ecb06746d6eb6631bf5b944d715ee05bf,1764500291,1764500295,2178,34508,,
0x43d47b8998a7ecd4df8d09e19b78312d730523d98c25e6915457961b77782596,1764500291,1764500295,2178,34508,,
0x68ed5e0b332afc8adb04678856d138201b4e74a0f1989215cd634ceae4eee213,1764500291,1764500295,2178,34508,,
0x6e71ae09dd2d60e86bb3f7a4b2284028f311f803eb6e0a6e730223001bc994f9,1764500291,1764500295,2178,34508,,
0x94237bc44ddb95ac0f9bd5d183127333d19c30206021ddeea7947fe769c2de26,1764500291,1764500295,2178,34508,,
0x47bb19f53ef6c7c92116f4fbacdfad33e891bc2f08b712fa1fddb1115bd3a827,1764500291,1764500295,2178,34496,,
0x99d9b95a3f5c1a1d6e893d0e698119521b1a1f3ea1b777d9ffe515cbe675bcd1,1764500291,1764500295,2178,34508,,
0xea422bcd7809f41ef3f169a3fd52f46f0f3ffab6fd5ccf47e515c970c04463af,1764500291,1764500295,2178,34508,,
0x3cca8d265965e00b90f18a8ca0ddddb077da88fc87b9a531a038345c59e6d4cc,1764500291,1764500295,2178,34508,,
0xa5087b54a6effa84b6310625ec6e6aeaf2f3a303a5dd8d36d48fbf03a5494bcc,1764500291,1764500295,2178,34508,,
0x23a95b38ab33a6510adb75a0ca203b1db4f922b46c148afbe2604c342ea9f794,1764500291,1764500295,2178,34508,,
0x8290121df0b8fec1108a886de5fa74be2777f0b38f6a2d3faef9b40d8e627470,1764500291,1764500295,2178,34508,,
0x6892a7a7893a8c2c71a6fff611554f016d952d40b3c69d8a3afc7fec9a10fe65,1764500292,1764500295,2178,34508,,
0x36994547d552454aa168a26e9fe5be10f5cb73904b4f13d4c155d7d35ed6ac40,1764500292,1764500295,2178,34508,,
0x96aa5a021cc9c9be8c4113ad70461560f58b78bd3ce3ec6798f11bb9db25e008,1764500292,1764500295,2178,34508,,
0x296a733977283844dad02779011dbb9542b941020abcb909f20e060effc00399,1764500292,1764500295,2178,34508,,
0x8e734714b068413a4677cb0c54a676c9a15047de11dc5b13808acfc815b4220c,1764500292,1764500295,2178,34508,,
0x9bce9540d31c635163c31472c58990bacacb824dd86df13013f3a446088880b7,1764500292,1764500295,2178,34508,,
0xf15178ba5b744ecdf7da868a107bb311965eb9d415c100cc962d176f68838d90,1764500292,1764500295,2178,34508,,
0x35f3f5242c875848ca05415654bd7cd0527c60c94cd09fcd28c7c6ae47804cb9,1764500292,1764500295,2178,34508,,
0xfd61251f71b9fb01a74a89d48620a04a0a79e407c4c4ecef24b286b32eb8fe0c,1764500292,1764500295,2178,34496,,
0xa1a861d58260fb0e8f153448d03440d92aef7e1c6ced73f393b38a577cf5e29d,1764500292,1764500295,2178,34508,,
0xbc295e859727fb8418d37ad0eefb97dfcb439dc5677785653e4bb6d38745cf7d,1764500292,1764500295,2178,34508,,
0x3f95cd0b8eedc1485f85c9f545a956f91c2a29e56809f45994d2a5261e752287,1764500292,1764500295,2178,34508,,
0xfb3b5638d71d5ccd41a1766b8baf97cafc998520860b49d77ef68a6041c376ea,1764500292,1764500295,2178,34496,,
0x2f5bed4436ff8f6b19249e132a37bbb876cf9f40cdaf575556042ff68aafb2ea,1764500292,1764500295,2178,34508,,
0x5659d0f61ac4e6f09acccb6275d6fdcff63336ca44c0a8dd198fcc1bc0cf3560,1764500292,1764500295,2178,34508,,
0xd4885e556285502cff0108bb859219b791cb575ee7a0c74f154b6eaed2ecd52d,1764500292,1764500295,2178,34508,,
0x5e45daa2f4eaf52106ab455b52b8b91839d67675d29603ca2493ddaffacd538a,1764500292,1764500295,2178,34508,,
0x265a39bab944bd795446fc6fefc3cd86047779b4ef1a151ad22046e271832937,1764500292,1764500295,2178,34508,,
0x3f77c4f7b57c085cdbdd783cedccbc8c91826a3a26f5b39c8867f8d794955016,1764500292,1764500295,2178,34508,,
0x8a8a15fdcc11c83c13f8a66ae8e2d7aa2434b214d8229dae6c3059997373ffd8,1764500292,1764500295,2178,34508,,
0x136a5f39c207275bc0248bf64f1d1a602bab19fa4a730351c122fde7d6937631,1764500292,1764500295,2178,34508,,
0x9830b85f9739e6db2795861f84cb896a68f3be33e8946882dc939c4062a0a6dd,1764500292,1764500295,2178,34508,,
0xda62fd4ab4e4f8ac2729d901f66966524d7672e522ac990df7eb1c0f47df404a,1764500292,1764500295,2178,34508,,
0x8e88ae7074f39a9249bff2ce48bed1c4e95a659eeb7b89db986ac6dda129bd57,1764500292,1764500295,2178,34508,,
0xd443a01a1c451b5a23322aec9cfcea0c899db58e1ec3a28e6da80cff82f05e96,1764500292,1764500295,2178,34508,,
0x9d33ce8792a71684a986d9a7573eb56117c632d17a003a44ff651d0b79abd41a,1764500292,1764500295,2178,34508,,
0x4316e37b22edd7a1974dea87644b9b9db5a869df429f609c87ae5ff7770897d5,1764500292,1764500295,2178,34508,,
0x0efe518b7a5f15f87015d5b7fea9beecfa03415ba2d470c6e3a3e454c1790cef,1764500292,1764500295,2178,34496,,
0xf6769a8550b4b7a35f3b1eb024411035ef09373f90e85ad4beab7286bb5de503,1764500292,1764500295,2178,34508,,
0x0a59bcab5ff87d156f8731ee711e8351888273534796ab37b439d60c66ea6216,1764500292,1764500295,2178,34508,,
0x9ba0c64ff5ba21aafee64d20b865d3decf1536cfffafa6dc0d275e03626a467d,1764500292,1764500295,2178,34508,,
0xded4310df9050ece210ef9a12b1a9943af017025360daf4bb6bb7f6b1731a1fa,1764500292,1764500295,2178,34508,,
0x00d396cfed171bf187502dd68f7d8b9c43b18018d04a51f47d6a92f73fb4f61e,1764500292,1764500295,2178,34508,,
0x006e0f7e3e0a169aa09ecebf1b4d5b41990869caeaeb63e3c096c1566808a834,1764500293,1764500297,2179,34496,,
0xba17613e523fc17b81e81132f7f8c6612b52e9a1ebda12a362248f6173a6f38c,1764500293,1764500297,2179,34508,,
0x72cacd7ade2c0fc8d277c508fe6d8fb097ccb65d6b2c864c4285680b2da63c35,1764500293,1764500297,2179,34508,,
0x8a7231d4b73769589ead156c2bf782e7e24a33fe9bb47da724ca456dce2aca76,1764500293,1764500297,2179,34508,,
0xfb1c295636e3f92b9cfc41387f1455eae42af847d21cd49d4e0d904e9c90e560,1764500293,1764500297,2179,34508,,
0xe5438e47125e65a3c3c2603ecc5a83c359011054856b617c0f0c633deb98a805,1764500293,1764500297,2179,34508,,
0xccdcdf04777167bd118d9af5956222715a149e4b5c88a430a31b17cbbf70faf0,1764500293,1764500297,2179,34508,,
0x6c5cf5b450e2ce38467035e0c47e8d970dd9f7913f1c4f8ffb003e5b83acf742,1764500293,1764500297,2179,34496,,
0x63836634d55ab6ce8ec4651c2607899586d492cdfa49b915f2c092b28e102f0b,1764500293,1764500297,2179,34508,,
0x3fe8c6d0bb4e6eba079ada085fe86b61d2b6f1ec19e02c00e2e9c285fd964cc4,1764500293,1764500297,2179,34508,,
0x07b07094e21291b951e08946469d5383f36c2c324b46ab416c551d21b77801d4,1764500293,1764500297,2179,34508,,
0xbf05f5a0f79a49aef2d99222ec6382449fadd34679d03e6280e9e675f0284f0e,1764500293,1764500297,2179,34508,,
0x820b3e9a5cedd5449d23607332a42c3c19e4172906c7ae5a26bbfe5b5cc1fa1d,1764500293,1764500297,2179,34508,,
0x86aa8471211e216f87f40ecdd6c44b562ab33fa78c6b29c0df28207bdac60d0c,1764500293,1764500297,2179,34496,,
0xae2f8311cf62fd219cf4c46cf543d861764495af8acc3bb68704480e31ca4c62,1764500293,1764500297,2179,34508,,
0xe1ced3807635d198b189bee38bd36787282e9a51f9bec73fd2fa9d041961365c,1764500293,1764500297,2179,34508,,
0x835a4c4b0f987ec25e25c8fe1fcb0247f7d534c2628001ce2293e3546e21c943,1764500293,1764500297,2179,34508,,
0xb6ca912c69ea6e0bef2c07e3828934ac6af3df15ebede7ae22569f94325f11f4,1764500294,1764500297,2179,34508,,
0xde8a352bf2e22c911195555eb999a675b0ee2992e4a4205b04052c90ba1ed150,1764500294,1764500297,2179,34508,,
0x3e90bb271f88a79c172cc110b2f6d1c8ed2f2bbd2e6a189c45848f30e21efeab,1764500294,1764500297,2179,34508,,
0x92fab3aa83561bc47c69f6e7cf336425423ff6251e4222d5a3e270c0a210c1c9,1764500294,1764500297,2179,34508,,
0x7caa695c76eac7f2add8eb4071f1b150c620717499737df8909ad5a000aef9e3,1764500294,1764500297,2179,34508,,
0x722e8e515b193478886672b6415c71fd645306ae6003da955f16bd3d8d8f5466,1764500294,1764500297,2179,34508,,
0x53b03681991a1fbaf1b8b3588bbe7027fee2b4d2a412a70e2b3ae83c1fd2bc8c,1764500294,1764500297,2179,34508,,
0x786c676ced10679878ce8327f2becbea963ee58c27b32598316fb3d12f882c7d,1764500294,1764500297,2179,34508,,
0x85f111758a0e525bf60c2463402d85316752b7d3d8c36cc5a26d835d31808517,1764500294,1764500297,2179,34508,,
0x1eb3f447c930b293a0fc77e7dbcb918a0b5775bf0e250cd20b12c06e5c9b5e97,1764500294,1764500297,2179,34508,,
0xe8e54f2b6c75f8de95808dd07b907656c50440582366e2e46ffb527140d80912,1764500294,1764500297,2179,34508,,
0x2465a3eefaa803c929324ecb09e81013ef26d4a1ccdada034cc1c6482a51b5c0,1764500294,1764500297,2179,34508,,
0x329123faeea428645cf63e48e3b714fa64a0be43b6e057509842d45d45d0a23d,1764500294,1764500297,2179,34508,,
0xcbd81e65ad751a86dbf3cc225afe1357396895d4740cf8dba9ad654a8e1ade83,1764500294,1764500297,2179,34508,,
0xc5d7995eea926bea7cd116d1116bafdd48f00ece19e62611ad09c93c9d78e293,1764500294,1764500297,2179,34508,,
0x2a094ff18eba52b39e80e61b3003114c168250a12a1f14361f6b095f7b25ebc6,1764500294,1764500297,2179,34508,,
0x1192e5e36130d1c19888ce8c9833e7b6a8d30db5b1248a6597160d36c6055db6,1764500294,1764500297,2179,34508,,
0x87953c00516c71c45cf7cb3ce269bf98bd98e007411069f6d1d5c4ecdb986c44,1764500294,1764500297,2179,34508,,
0x10a34f1ba045f41e69ec6a8e6aaae3d2332b9204f2b946c3e052c87259d93666,1764500294,1764500297,2179,34508,,
0x26df5edacbef8dff33d3a25d9c22fa846f2f901400519095d19251876bca04fa,1764500294,1764500297,2179,34508,,
0x54e04df2e5f874a4c8c95b42f105d5680160d501cc6020f69d662d10c7017741,1764500294,1764500297,2179,34508,,
0xd1a37883be7c4f44da1994dc956e6bb4a469803fecd5be99f20e3eccb9d7e148,1764500294,1764500297,2179,34508,,
0x1c2b53c97ec4a6a0b2d9b1be95280165c5e0588e9e10acfe41d6d7418963faf3,1764500294,1764500297,2179,34508,,
0x9507b10547a71ee7dfcf3f758259b1ad1ab3275fe759b24afdae01b03dcf5343,1764500294,1764500297,2179,34508,,
0xbbde3739437ed627c8d7b7de76e08baf7315a0e3415a6f71db40792a0d7df2e8,1764500294,1764500297,2179,34508,,
0x829eecd190b5b36110b5c1ba64d951aa0659ea2943a342e4b9a623713e70b456,1764500294,1764500297,2179,34508,,
0x981d2fb1cbaa6ac9291dba7433efefdd0511092d79484551ce58a500cc3ea29f,1764500294,1764500297,2179,34508,,
0xf6fd60064f2e751bb45aa6f91fae4adb8aa4573dc86ffd9d601d8bb4ca433500,1764500294,1764500297,2179,34508,,
0x7819e44c3aa0b681332d9e64074df263f13a2af6c70f36397ed537d24a28397a,1764500294,1764500297,2179,34508,,
0x9f58b113d1835f77432e8df03a8f986815e9be76019a2e6b65b676d1eb619b8a,1764500294,1764500297,2179,34508,,
0x5623046072462e7efffa75f43ea75d931db91bb486b6be480118eb7a6b42c999,1764500294,1764500297,2179,34508,,
0x5ab274080a8f93ecb0b17d1f7355fb300f4d4eafb39fae9eff2ee3bdf15c6933,1764500294,1764500297,2179,34508,,
0xf195e82fc5808e6b1ee0aa0e148357f5d4a88eab0527eed9e697a080d8b3e3e4,1764500295,1764500297,2179,34508,,
0x8fee088b3f86a899eb281f55d543c9e131a4f757c86828fd065886a65d1b70b2,1764500295,1764500299,2180,34508,,
0xc9fde1e8d0fd2e71ad252ccf8319eba441462359f8e3ae4dc23c30ff5085fea8,1764500295,1764500299,2180,34508,,
0x6d837b9dcdf196c311e9e7ce99e0839734821d15ee35e6a85f232c17ce1f45d7,1764500295,1764500299,2180,34508,,
0xba446246bb9f6d9a6ac7158440b85fba23d9ac68de1e313925eecdb21bc9922f,1764500295,1764500299,2180,34484,,
0xfc198baaca2b00a3fe558365f60f64180644b2e92e19d6fd5efb723b66900df6,1764500295,1764500299,2180,34496,,
0x99309d95b88ae3aecc4f9553d190a125125de09e517a2514219889c58e098785,1764500295,1764500299,2180,34508,,
0xe61c0ef212b310e390d8f994a05666dfa00abdc58ca15b2aaf4fabf934fe7ec9,1764500295,1764500299,2180,34508,,
0x98bab80915a2ae6c8ed036e4f62fb05c05f77de426515fe903bb7c4b700882ae,1764500295,1764500299,2180,34508,,
0x97e30cf6859671dc43f52dfd8a70a1802b1b742260fd6c8c944c22eadc54d760,1764500295,1764500299,2180,34508,,
0xb893c08d9494a31ed0df8951bcd0b4724f96a89a2cb189d24b47018db5748afb,1764500295,1764500299,2180,34508,,
0x587391588a5ab0d54d4a7a766babd20728f13ac9c9320f9d8462c1ab28d40173,1764500295,1764500299,2180,34508,,
0x92d6abfecc02954caa4fda3618ded8f2dbc6cb8b9c6e2a3b14c2b90d27844b65,1764500295,1764500299,2180,34508,,
0x272e443724d773f555a5671d69ab3cdfcae34d25843b684bffbf23f54e937a2a,1764500295,1764500299,2180,34496,,
0x307dd19a1bc9b9ae591f131b7b0ea09a1f594fc838011a4225ed733a2ffc0f4c,1764500295,1764500299,2180,34508,,
0xd6f6c391bf6658272533f815c303caa57b853254616f60becd8e75c10be1ff8a,1764500295,1764500299,2180,34508,,
0x3f4fc50e25338a9e948bdcc8ff6d31f3a2b262cc2eeb2d2abb278347bed3cc18,1764500295,1764500299,2180,34508,,
0xf79c9ec11ab95bf3ae1f62b0116dd0c34c107a2680c132c02fd3908cb2b74e6f,1764500295,1764500299,2180,34508,,
0xf1ee49db90f1bf5eea5b51a91f0878c9814ef52cf0ced4cdd911650915ed79ee,1764500296,1764500299,2180,34508,,
0xcc5c8090ebc3cabd337734b4d5c7f9fecf91fd9276e9d6e7426b409a1f9ba50b,1764500296,1764500299,2180,34508,,
0xd3aec833d467613d9a653f4b92a730506ecee44c60c501dd04f8421e22010e59,1764500296,1764500299,2180,34508,,
0x87b9725a03872de6c4209548c2c25fe04cc0c329f81dd3a5f21ec288949951fa,1764500296,1764500299,2180,34508,,
0x272b10a263ca91d7f59463aab1539f73fd51a42f4a1fb9c97bfb8600416daa76,1764500296,1764500299,2180,34508,,
0x8b1b9aac3baba98b5c447220229cfa020eb7ade04d7b318376394fe0f03828c3,1764500296,1764500299,2180,34508,,
0xee6b7cc7247663c4b551413c2df8d632b1a4b0e9293b9092bdf2bac6425b6263,1764500296,1764500299,2180,34508,,
0xe1a0538f39ca125690d08b7cf925feed7c4f2385ee0b96c2133fbb22cb27172d,1764500296,1764500299,2180,34508,,
0x98f4883534f8a6e3a9f0a9a6c110d5efe8d7fde6f1a9aeffe6d0666a3c75adeb,1764500296,1764500299,2180,34508,,
0xd5312132ac3a1a04957c04da3ff804dbf0b174918ab3d43ca7b1b1157e103ba0,1764500296,1764500299,2180,34508,,
0x83bff9579e9e07c29750d685a9b7ea425f75407591e9504a7b2a032a947ad226,1764500296,1764500299,2180,34508,,
0x7f1b5bf4c9a05c7fd3ba729fd98272925a7f549f096b2cdfa8488104d3e78c8a,1764500296,1764500299,2180,34496,,
0x8c40d04ed5c5d3b1db7b0a459ff92163fefc02170c830d7ee2c2c799ca0258b2,1764500296,1764500299,2180,34508,,
0x234b0e30bc472f5427ccc29953739dd056c02050d096d798aee0d600075b931b,1764500296,1764500299,2180,34508,,
0xe5a7b60313582ad8b52084eb2e109fa8e59d341460ab1c781baabfa0035cf962,1764500296,1764500299,2180,34508,,
0xa220b118c19c6694884b4ac6d0f090aea9984bb3058ff33deaf4e1a0f3a19c3c,1764500296,1764500299,2180,34508,,
0xaef57c16222137b9224423ad8cda65d0c1d86f37c6921b547c5a775a4f3c475f,1764500296,1764500299,2180,34496,,
0xe9103bfb98a7dec0816ff60887a944353b4293c8afcdf13aab2e65e99fe1e760,1764500296,1764500299,2180,34508,,
0xc4c9b36c2a153fe241ab785a287771294ba079d40aba0fc4199c378d27b531e0,1764500296,1764500299,2180,34508,,
0xdefd48f43a1b671bc2bf4a344492dfee31cff019b6286e2e80d5a91baefb1c97,1764500296,1764500299,2180,34508,,
0x61c6657298a5886df4dfa98b1b394d000ba47ac03de57c0275c9d1cbeb4ab3c2,1764500296,1764500299,2180,34508,,
0x44648d15cc912ec0775a1f4183e61a672e7a565c806e5a3eed3bf936b9367c1f,1764500296,1764500299,2180,34508,,
0x957952a98b08eb15492a8cffcc6153325d7fa6ed694a24df6f8650eef9be29c2,1764500296,1764500299,2180,34508,,
0x58a64df4ce986f83207b8d2bc58acca5534d950617c203413e42d2952a5992b5,1764500296,1764500299,2180,34508,,
0xc9d95238706f675fd252d2cdc77e30d879eb277b2168b64517f92449e6a2513f,1764500296,1764500299,2180,34496,,
0xc9f3116afd7b47619adf310800ea5c8eccad0214e7791401bf40b2756cc64717,1764500296,1764500299,2180,34496,,
0x23447db74a6a1d8caad88a7be86a28200268312a19d042e634832c2ae44a1dc2,1764500296,1764500299,2180,34496,,
0xa614e27c0139c98d7f0dad5161d51fb495dc85232b74011d3b379433191238d1,1764500296,1764500299,2180,34508,,
0x90549705276692a25225eda7b9987adc2f520a439440838bbfe3789beb69dc6d,1764500296,1764500299,2180,34508,,
0x766ed8774985f156743c1708149dd07496c8a1c1372de69f340132138402d664,1764500296,1764500299,2180,34508,,
0xafce4576dfd69b485147408902d0f8744ab5f3873f60ea6f5ae03c298aca2ee0,1764500296,1764500299,2180,34508,,
0x9d3b220d3a64cc0d24de9b176f6c648f680079d5f9c1ac0fc09d1de3e57d92d4,1764500297,1764500299,2180,34508,,
0x604ec705aab1880029be3508766407b3e91dc87568ba16b8f8c8cfe756e04ae3,1764500297,1764500301,2181,34508,,
0x50af1a06a8cdc2cb35864c75b1118d93678f8e0e92f12d8d629c687a4c129f5a,1764500297,1764500301,2181,34508,,
0x6dc3bf1587cddb057871d1fa36198a2c537a9a6cafd734c0822277a1a1d2432b,1764500297,1764500301,2181,34508,,
0x474d57a93dc3e8365e9a555f9c4ab1b476b95bba21fbdc2d522d9e1fb3436469,1764500297,1764500301,2181,34508,,
0x7b9e39ba4668b1123b80ed4960a1939b453bab86a307f5738060248558a63418,1764500297,1764500301,2181,34508,,
0x7645af796d5162ece12725f4004f72f19c2b75c50f0929246c5c62320c70adc5,1764500297,1764500301,2181,34508,,
0xde7cb085f74506ae650bb1dd12ad492e3cace272ea669fdba7d9145ca0cc2d00,1764500297,1764500301,2181,34508,,
0x3a12be3c69c79cbe82639df365d9021aa739f5a89c3d57f1c1201d9f22e0456b,1764500297,1764500301,2181,34508,,
0x300445e6eeb911b43f35f690bc2580b270da62161c0029b9cc3ee2eb3375b2cd,1764500297,1764500301,2181,34508,,
0xf961b1a10e81191d50fa76e5a2c684ae396bd81e88165dafe9cea12c7dff6ca5,1764500297,1764500301,2181,34508,,
0x137c18fb5a545063043601b7284c0aa8820eae01f83ae8793f84dfe8bb58bdd5,1764500297,1764500301,2181,34508,,
0x01398d233a42da5359749702214a1c12e229da9b647e93e1470abac7822b513e,1764500297,1764500301,2181,34508,,
0x999d968eae69e5cdf24b4ff72b69d3c80e57815dd0d01beaa0a9cce58201cdd1,1764500297,1764500301,2181,34508,,
0x2e3499cb74435ea5845ee77efcc295b522c7256c5bbaf1ad4b22fb6b59149e5d,1764500297,1764500301,2181,34508,,
0x33be9df623845681b764ffdfb8e3bf8fca25ae63b00ecc0a086eecc0b90997b6,1764500297,1764500301,2181,34508,,
0x81dbc0668506322d0ea4a21c58da0776639be50cbef2a79ef11686934157e107,1764500297,1764500301,2181,34508,,
0x0735ff7f23930cb2ea6645dcb53e250e7487d008e0690a07368727074a7a0592,1764500297,1764500301,2181,34508,,
0xccd80fae373a164db677dc2f0302e0c92adddb0e759f79ae0fc986129a42ba40,1764500297,1764500301,2181,34508,,
0x1fb51b31c917df9c278ee27e273e3a37a46cded52fdedf05c867a3e660fe23de,1764500298,1764500301,2181,34508,,
0xd831ac69383317f63e625c385eff152e11a57ebbdcc3c755b44335c2be7d3abc,1764500298,1764500301,2181,34508,,
0xf5f7e9248bb0b93be0e84ca6f410d4a331be88b3ab21ad0734a73d99b23ca10a,1764500298,1764500301,2181,34508,,
0xefe3d60b94fc5342968ab5b75df5614a3c1ba3d8f8cc2f343a80f9c6b9a180dd,1764500298,1764500301,2181,34508,,
0x1769febbb696d894f5a50331feaea3d9b63309336e2bcbb5e288e5e08fcaee8d,1764500298,1764500301,2181,34508,,
0x72e591ddacc84db5cbc6cacae7f5a1a33a24fc7ac0e0441770bbe41a857d6680,1764500298,1764500301,2181,34508,,
0xe14faa0c58bdf0d1e81019e8041e4d3d6939e2353bbc71fefe946589fc9821eb,1764500298,1764500301,2181,34508,,
0xb0d555b0f32f190b76da2c9e9bb43da5f725c6d7b19292bb5385822c4d63ae24,1764500298,1764500301,2181,34508,,
0x2a04862f40a2bc69ba3657e06fd7087fc5429c98f52787abfabda70d5adf9c91,1764500298,1764500301,2181,34508,,
0xc1b1823783777a86e850c4419038fa40597b9f8b603e7acc87ef3aca8ee23192,1764500298,1764500301,2181,34508,,
0x021f394ff6eb2558cd7ece7eeb8a126fa6fa482b8c1952246366e577fc94d42b,1764500298,1764500301,2181,34508,,
0x27cd45aa61eef92bbf82083d639bc3d4b58ca2c16edf2d3a48ae8fe45a65dbb2,1764500298,1764500301,2181,34508,,
0x2a7dee32af682b15536b74e64311a37cc28b93a928dd9fe4119ef23deeea60cd,1764500298,1764500301,2181,34508,,
0x098a0c606d41b4724005db046d18029196828c46a0105d6b5c68c0053332ed50,1764500298,1764500301,2181,34508,,
0xc62f816c7aabfae34dd93d2b66c0f9887be73c2ec4d16eb2d595ee97e0980321,1764500298,1764500301,2181,34508,,
0x20dbd4e24ccdc95d2d22d3a2a2e29181c6033788c008aaa28739d0cfb038d964,1764500298,1764500301,2181,34508,,
0xd4ce4742f09fcff7208e032c7f2e2fcd987fbe43288c0721eaf8f18cde520927,1764500298,1764500301,2181,34508,,
0xa78e2c8c5deb69b334f590616d9a9beade888e07cf6e4c0e918fa6d62827310e,1764500298,1764500301,2181,34508,,
0x97310c2e9f009fe28535b5b7d2100ed337276667f3a94bad0b0cfb5bce4b25b9,1764500298,1764500301,2181,34508,,
0xb78bd80b347cc4ee6eb89807be79cf55f879c0269b7cf3255a144d3445626ada,1764500298,1764500301,2181,34508,,
0xd6b4c1f333ee73d22b8216a7ca5dcd4661b4f7acc0b48384debafcc56c5ca026,1764500298,1764500301,2181,34508,,
0x6b50dacc7e29b8e94098e5c4f167fee36639943401ce65038097f1fbef686f21,1764500298,1764500301,2181,34508,,
0xe524c3bf80d039c5d6e23f0b24ddd96531c8e95f0a3a062b9fcc35149174d027,1764500298,1764500301,2181,34508,,
0x355119d468f1ebf8c6839f473d5f8d51bcea3ae02cb4b8dce3d55d1d889a5506,1764500298,1764500301,2181,34508,,
0x75f83051e0aae8894feabc741173d1a9939ef40d627ccd8ca2f47e11ad6cd1f2,1764500298,1764500301,2181,34508,,
0xceb2418ffc0bc0094a4a03f71ef95459c39fc983157a4dbd5d1eaf37dd2f8c1e,1764500298,1764500301,2181,34508,,
0xdf194dc17507e8b6cd7eb4b2978fec0d8e66f878a31d5077a2fc878ba0e6f377,1764500298,1764500301,2181,34508,,
0x1bbee341dd4ef755abb0cb7b412bcf5546c61382e19200e249b376402cf4041a,1764500298,1764500301,2181,34508,,
0xb32decb295e0a76739ced6978e271a47d6daee13861ebcbee819fa7fc051f88b,1764500298,1764500301,2181,34508,,
0x9dbac2f098e6680bf6f1273d20df123e11a74cc9228c0d17d75d86009f599136,1764500298,1764500301,2181,34508,,
0x4def2d7ef05983147f9764b7445f84268a3c62c3d768e3c289b39de4437a8cdc,1764500299,1764500303,2182,34508,,
0x54dcb90891875c75ebd22acc91088acd70284ba29f09838558f9dbd6705663d0,1764500299,1764500303,2182,34508,,
0x14fcd66217a0057ed041193be9df0488a973a34f2bacd1add718e8f866d448e8,1764500299,1764500303,2182,34508,,
0xcac104b9b7e66d8b7579b8e924d26a16821d9780bb890ebe2bc377a5f7ab43c5,1764500299,1764500303,2182,34508,,
0xec406dd87e28440942387bf2a3d72e601207e720b9b38d2a4e234b0ff53ea7a8,1764500299,1764500303,2182,34508,,
0x5076c91fd3085505339aee5668d7ce5a6ad0d3d25476dcb7f42ec1ca29fee3ae,1764500299,1764500303,2182,34508,,
0x1a3ee3de7d35dccec88f29a67cc5e11c39332899c8daf1a471871d9b5cab0189,1764500299,1764500303,2182,34508,,
0x12535a38d2fb9ccdffb19c874fd4a02356be5e6d5fa66b24227ebab2a7f446e9,1764500299,1764500303,2182,34508,,
0x9392baac0fc2b0e1d75ff82caeb38b420d7172ade59992358fe61e4bb7122aa5,1764500299,1764500303,2182,34508,,
0xf2719808eca889ce8b500763960c567a20f8cbb3b3fd0cd661535b4d41ef6a16,1764500299,1764500303,2182,34508,,
0x5a76bfc0a4706c001d2b5642f8198735ac3fe33f1b4fe1ae04d7bc63a0ec48e4,1764500299,1764500303,2182,34508,,
0x74cd31e5bb5fc37924c6222eff9620a9bc597f1971b99b2d83053a17857e2f0a,1764500299,1764500303,2182,34508,,
0xd8d09bcd3b1b0f1c599166c3fc02784166b6f24c0d640b9154ee1c546730b46e,1764500299,1764500303,2182,34508,,
0xd8f3b35d67a0679d713340fbc80e3ba85e207d083169ad867471455f486732d1,1764500299,1764500303,2182,34508,,
0xc75e8502e9512e8dc3cd6f7b7441d521af39d95b4819e4e6e9c0f111ea7250a4,1764500299,1764500303,2182,34508,,
0x379da7aa27921c9908caa2c7b8ac6b54d6e3bee05ca1b8790967d91d68472e6b,1764500299,1764500303,2182,34508,,
0xc60f3e1d3ab81bc52965dd24a56ee93592c4d8aa020fe2824c2027176fff341d,1764500299,1764500303,2182,34496,,
0x0d18bc4de15bd1f644e7ac66adb6b6682b673c97d48aa58af9248616b8bb6c44,1764500299,1764500303,2182,34508,,
0xbec27b361ead8c61fa539de8eb0b385de9e31b1ef27208ce9ab4122f126bffc3,1764500299,1764500303,2182,34508,,
0x998c1298359bd9fd4a79fc7c2eaf903a3fcfa2feb6d2ab775415403f2c1377bc,1764500299,1764500303,2182,34484,,
0x8cdf9a372f8d6be646207d70a80547261e14de3dea29a085fc4f9c6905bc40e5,1764500300,1764500303,2182,34508,,
0xc8e57869cbf0f92716b303bf830197bd1df39964aa9f609782712f54abbaa87d,1764500300,1764500303,2182,34508,,
0x17d988c322d9f63971b225e64ffc052c30a8aae2262f2008a4053e59323a45db,1764500300,1764500303,2182,34508,,
0x4cb16fb69b39e4c1180a4ba743bf9830a41c56d57d24c7f7c01d8f54c6066f2d,1764500300,1764500303,2182,34508,,
0xd66c625bd9a47804d062a56c30ebe04ff690c14919375cf3f511bd49ef75c23a,1764500300,1764500303,2182,34508,,
0x742ec27d677e9a8846f871d6d941a6a5bd1849d946cea86fc9967c29720d1f27,1764500300,1764500303,2182,34508,,
0x5ae20ba75b246d5dafb7e4f270f7ab6aaad38138a547c22a99144a62775d0d39,1764500300,1764500303,2182,34508,,
0x39ac5aae9b99fed6ac22b8353d8293289cf979f81fc16a9c5527d278f1119dec,1764500300,1764500303,2182,34508,,
0xe2e60535d5a81d4be72051151cd1a16173c388b959e6007cc916a4078e91ad92,1764500300,1764500303,2182,34508,,
0x3f3a0fb8ae22f8f5f76321e2de0e28e1dd859e45c762cdda86d011c8c2bcdd89,1764500300,1764500303,2182,34508,,
0x84fc70a7095efc4145c9a63b72257641527e36fe73bda0caa759a8c66686a20e,1764500300,1764500303,2182,34508,,
0x93f1953f75ac62eeba4a93ff527d85bbb2ece496d3ea4c7494fdf1830a3a8276,1764500300,1764500303,2182,34508,,
0xb6d412f85dade5192f82f38992524e5f7092024d2f436ea3b7d94f07e26e9301,1764500300,1764500303,2182,34508,,
0x3277c2fa8b6ebb0093b568a459e50169035ff146fb393d2cd794288c3e0e3234,1764500300,1764500303,2182,34508,,
0xca0061c01bdd040a09f7d0b40de11ad83e1b6632736c164bc04f7290ed4f9b99,1764500300,1764500303,2182,34508,,
0x498bd6a4a7b25875c79ef6249fe66c1e4690dc7dde447e4e80f7b020405d36e0,1764500300,1764500303,2182,34508,,
0x0716841535c6a0661a9c50ee8ca62672e1f0175e02c1a92d55baff01862acf7c,1764500300,1764500303,2182,34508,,
0x6a7624e430d51f11608f681ea19674cedf1902f5b4d05f7eed16fc584162925e,1764500300,1764500303,2182,34508,,
0xcc151492b2458db608496e4142e953bd401fff247131bed5c4037a8e0ba00e2e,1764500300,1764500303,2182,34508,,
0xe054c537247a99f1b782c5978a2e0756a9a00ee012c470545187f1c3d43fd297,1764500300,1764500303,2182,34508,,
0x0eb68b9da04ae046362ba40ca4b36929c2d51b1e1152abd29668118d955f8460,1764500300,1764500303,2182,34508,,
0x909406aba5a77e47d940a431cf92b90b741268392fcc0aea4388bd8877c8cc93,1764500300,1764500303,2182,34508,,
0x61e74de0c26d1fbeb1346ce42d96036f79b7d6003eac13ebe1dcb43475546291,1764500300,1764500303,2182,34508,,
0x885abc8609139bee89b0661f25fe843062ece00d1b4f7eccefee0ecc8538b228,1764500300,1764500303,2182,34508,,
0x35adcf49fc010a75d06a7dd746ba9148d6d65982eb276bb388bb379f5c245787,1764500300,1764500303,2182,34508,,
0x9d56098a93986d78e6961b7391257a51a57fa8ac9545d47b3bc395fde01f602c,1764500300,1764500303,2182,34508,,
0x2dae7d2fcd279c9349c58deb9af426b39051113b85f3f726382624e5fb48bd42,1764500300,1764500303,2182,34508,,
0x33e998234b5fae4245e219dd9a78e99527d63d03cd4eb5ec20b1c1ee46013ecb,1764500300,1764500303,2182,34508,,
0xb21a5e930d6c8b9b2cff9edf27a98f54f84b9c12cca483f7ebfbe4d2ddf7c65c,1764500300,1764500303,2182,34508,,
0x5eb5e2e7deb7328621e6bcabfa680d1611e01a7669c928c437a05eddf0d9a412,1764500301,1764500303,2182,34508,,
0x2d07655e938881275815398a43b9626faf7a784acfaface04c2bd14fe57844cc,1764500301,1764500303,2182,34508,,
0x38a020b3ae8db20f2ae4a0369eb4582184dea94f71cd53ad73a4386011250d0f,1764500301,1764500305,2183,34508,,
0x6092a5cdb853060a344b8f4004d359406241c27472e808a94925a185c1c04532,1764500301,1764500305,2183,34508,,
0xf8cc396b012be4d792f2cdc3b519f098bea9e518c0ce67f0e318f9aa3983471f,1764500301,1764500305,2183,34508,,
0x0fb958864fd1e742833939f9bd8eaf8d72ec8738bcefee701faab7cd08edfecd,1764500301,1764500305,2183,34508,,
0x99add8755805fe3ae38a919927120f59700a190333402008f4f8139a19840c39,1764500301,1764500305,2183,34508,,
0x93dfc96a1c0849eda4c46e571747bfb0d4af7c7207dc901c954c46adfb659e42,1764500301,1764500305,2183,34508,,
0x573af82c34fdc176ad0e0b204277add2317cad64255574867983ac65465a6816,1764500301,1764500305,2183,34508,,
0xee031fc495ddceb997f9c3c6f707af2176d47842e24f992dc1eb4776d852d309,1764500301,1764500305,2183,34508,,
0xb0ba3eb747779c145a7317edba7f6e5f3ce8d3cfce6553968fb494ed5448496c,1764500301,1764500305,2183,34508,,
0x141f45340fbd9c1d783134c7a221960adc9f854bbabdb93f6fe504be687a6cb3,1764500301,1764500305,2183,34508,,
0xc62a91e23a38d6a9e8bb21a059723decab73b0ae6a7dcc9d73791d039770d091,1764500301,1764500305,2183,34508,,
0x2bdf49546000f7928ca2c6a3c7da2e8ee0ed1bd51f43e74f9aedef2ddae70318,1764500301,1764500305,2183,34508,,
0x893f980b8b45be1570749451a9225aa80b6525714fdf8b057e6f8c2d99b7ef91,1764500301,1764500305,2183,34508,,
0xbfc9160740df8820f653cface7a0b05af2ba962e6ab9048a860bb124f17156bb,1764500301,1764500305,2183,34508,,
0x9033bc5e95ca84e86bcb8fdc4e0939a87e3bdad4c51a2ee082fde601f4f48e7b,1764500301,1764500305,2183,34508,,
0x2bcab08fe42f2cfd9b16466b67f59df0a548c25571436b6d3f4328c9d2faa17f,1764500301,1764500305,2183,34508,,
0xb93320cd1c59272050024c7b948653004615582c392293eef691ec3faaa5dceb,1764500301,1764500305,2183,34508,,
0x8cb3204303ce6a86df0950a4af2e0ff649b952e2c6ddc0803c8dff4762d8ecca,1764500301,1764500305,2183,34508,,
0xbeb540420fbb3d76be93b9b04ba4a36ae681fc1c924364fb2ed6fa14552e5531,1764500301,1764500305,2183,34508,,
0x3431c7ccaffa58a925f3a44c68443dcc3a486b247f5f6cf9d4c10a6c99d8e197,1764500302,1764500305,2183,34508,,
0xa57d9fdc5c79ed8911d190766c75b38987e297bfac2071ceb100968f7aaaf326,1764500302,1764500305,2183,34508,,
0x0e88ab792b1b2a37952fdaebee6c7fc24d949c262afe5c9926ee5c3c64031754,1764500302,1764500305,2183,34508,,
0x174625113c4c48c3995556c45307fb6275d05c9b715fc90cc5982c8f3ae745a6,1764500302,1764500305,2183,34508,,
0x31769ec438a4de3b48e8b2fef94d8862fc2127ade7762bd8cd8ce400439cba32,1764500302,1764500305,2183,34496,,
0xdb7d8acba36c99da91b357e7c0382c3e2d0039321002eba0749216eaf822eabb,1764500302,1764500305,2183,34508,,
0x1a2c1e9173cab89717b4297d5e4925952495b0a8ab034bbffea2b17972f4b696,1764500302,1764500305,2183,34508,,
0x26140339f77928bda3957818446c6b1a29ff128815650677a2586d9dd8704774,1764500302,1764500305,2183,34508,,
0x18ca4e1ece337b21e24d88b7d6e91ad4508aa243bf2f5ad3d8c273f8a880bd14,1764500302,1764500305,2183,34508,,
0xbf38d6ee3f24d900c2092143c1a8a7051546946245a581ee9ed67ebf2bcf4c3d,1764500302,1764500305,2183,34508,,
0x9cd950752ec6e38cc88a08f1107bbfe05317f822f25595da0d5257d4d5d446da,1764500302,1764500305,2183,34508,,
0x152d53a4c6820c35b25fd0330885d62483d31213b1051bcb37d997562c2cf43f,1764500302,1764500305,2183,34508,,
0x92ea2033a5e96aec17814a44bab3ff5482f8dad4bde07c5a5b3e93d08f2a207a,1764500302,1764500305,2183,34508,,
0x14c261e29e4fb09769fb55ef1c4cc6899c8d9febdf82900b9892c5cfc3ad7832,1764500302,1764500305,2183,34508,,
0xbe7b5874f80203d111f63f7fd59bcd7640702d3d5d9b6c953a5b78f747e82280,1764500302,1764500305,2183,34508,,
0x85963350fd04c8dee6fe2630bba9cdae89e321f8c029d1248043557876879b20,1764500302,1764500305,2183,34508,,
0x48558c1a7f513532e380003cd9666fe14f9c10188402e4f911e052a3ecc304e6,1764500302,1764500305,2183,34508,,
0xfa5408404a33e9b0fd9ede59e9e7efddc161c497bf176d21253d2ec4ca027272,1764500302,1764500305,2183,34508,,
0x85c65c230a49a199dbf1b324b0c87627018ba27351526ba3c03082d8a6f075cd,1764500302,1764500305,2183,34508,,
0x7bf27487340439d1fedfd13c22bf5de93aed6de0a3c6a9988cc68fb726181222,1764500302,1764500305,2183,34508,,
0x46579c52f47574f473f54d7d49f494c0f2a2dff3905cd56a9fb8ffef4be88c53,1764500302,1764500305,2183,34508,,
0x3bc906e38a60c3535395be8e2fe3aa087a69c7a9497cd84663be8fd83fbd79b3,1764500302,1764500305,2183,34508,,
0xb29f9d1dad9eea9c42f7b57c7c335fe68e14e52a4b5500a2e3abb46b6ed6c471,1764500302,1764500305,2183,34508,,
0xbb96b3849ce64cdd88267d0427b540ee2d72f81972d158c7a902e4e277ec3d4d,1764500302,1764500305,2183,34508,,
0x426cfabf60f1b468929a01e155b84feb26978c76dc1bba592b2c1c49f1ecee81,1764500302,1764500305,2183,34508,,
0x533d90a32a21e14d9ef2d109ebaaa5ec1c5df303c69cc39020edb7134992e601,1764500302,1764500305,2183,34508,,
0x7046054ee5761ac3425ca960f0e5b5947c9ac55e3806d32b76f83ca850d66e9f,1764500302,1764500305,2183,34508,,
0x7ae9bf07fcfa617d12ee638f1ca4a748dcc198b08678ce6baab5e043cfa4ab10,1764500302,1764500305,2183,34508,,
0x48c3872925f2fcbb961ee39fb6dcc1fdbd8d3810af979f990175204d4818246a,1764500303,1764500305,2183,34508,,
0x564e87afa53f7971498f02d8b669b29b2960e84bbbcc4882b8e0f9472e2f1371,1764500303,1764500307,2184,34508,,
0x3f36efd7f67a79158b8812500412210487f9c5f5c1a1ef4605e2726f7008d6b1,1764500303,1764500307,2184,34508,,
0x203572ece9e19eef22ca5a5fb33cfee7c1e15c40c64bb31358ad7a6b10a73578,1764500303,1764500307,2184,34508,,
0x854f5f9a3763fc1abaaf5a5b32ed52f11225363f0c55094511664a79a28534a1,1764500303,1764500307,2184,34508,,
0xb8d34fdd065f28117115b94769ef8277d0b4a0d7b02fa9c065c5bb94a2738ffb,1764500303,1764500307,2184,34508,,
0x94f0c31f2264388dd1325eb7169dca42db9b96066666f49a39a8f9c4105f82c5,1764500303,1764500307,2184,34508,,
0x7a870e85539455380a90c425944c99fd941b3c7ea818cfdb8928808528cf3bd2,1764500303,1764500307,2184,34508,,
0x540f7d665e148f0f9f13ed19d8478cbacc0b937cf05a24bc5cf84a0890942e30,1764500303,1764500307,2184,34508,,
0xf182c3bb5b4b179f3a38ad9a0155839a0d1b61334ff169360e76d2a6cf5e4890,1764500303,1764500307,2184,34508,,
0x85a417f19d25f3388706a30e5628c2d42f2cfe06a62dcea91240baede096038e,1764500303,1764500307,2184,34508,,
0x99e07128bbfe04b7a1e115bb4007e8cd430ac51449e29cf5909342feea6d54c5,1764500303,1764500307,2184,34508,,
0xa6e55ac1a36f5a4f80e072dbb59783403dd82b09a8b5863ed4985d70d728bccd,1764500303,1764500307,2184,34508,,
0xd29f9989ae384cdf53daa9a247f2895a4379ec8131990ab404dec415ce94f570,1764500303,1764500307,2184,34508,,
0xf93995d64fb40285259c9081ee8cb2d91c48c79d824dbf42135a2a037160fae4,1764500303,1764500307,2184,34508,,
0xf960c35ccadae997dd9e910d94457f7693c98b6b07ef063f2f3227d00bab4f28,1764500303,1764500307,2184,34508,,
0xcbfa8f826dbf5178876be86cf1588c1122591060d6765020e850a29c47511b80,1764500303,1764500307,2184,34508,,
0x4028b47dceda9b05924368e6c66b07cdd2d1e9bae8b2dd16b7e94785ccd1e4a1,1764500303,1764500307,2184,34508,,
0xaeba4a619808607bed866b7d81b85382e719c94cfbb476f4caf8ddecb223e4d7,1764500303,1764500307,2184,34508,,
0x0194c6b71bc787049a2e7ffc6f599ddbbff0a43754ee0d3d17322c12c020a256,1764500303,1764500307,2184,34508,,
0xaa91eff6e0558f039695ade0019af392309e1414bb642a3c37cf26e81f85e2a1,1764500303,1764500307,2184,34508,,
0x803f2904733d2ea92c7f1b561c89800e619b351a79c4524d788b44d423e1a876,1764500303,1764500307,2184,34508,,
0xb94a35782e47b43c60af70053a90b82e47f948ed37d12bd20cb1b7b213726b6e,1764500304,1764500307,2184,34508,,
0xaf0ad21121ea06ec1997717b0c76821802ae684a2a783da7f31df0ab25455ee5,1764500304,1764500307,2184,34508,,
0x06d00222965488b23524d81660e42b070a8813ffb33454fbff0cb4df9f0ad3dd,1764500304,1764500307,2184,34508,,
0xc424332cccfe6a912826a0cd95f6734f1670089e93d2ec90f9830b68c679ce34,1764500304,1764500307,2184,34508,,
0x75fc96bb7657d2293b85ff57f0c019486cdd88ca129418b7b1408ce9692576f7,1764500304,1764500307,2184,34508,,
0x75e90a4decb5af638680c5d0ea09287ba570dbb2f18bfdda28f0be17fceeb8e9,1764500304,1764500307,2184,34508,,
0x4a30a541750fcd112319cb7c5f0b10c8791e9d15368d1ec0f526f7167aa410b1,1764500304,1764500307,2184,34508,,
0x87d849ece92df6135570c1126172b0d289a7192750895a82f563a1c0b9f3af5f,1764500304,1764500307,2184,34508,,
0x8d3e2455578c3ba9067288ad857a591750d5a6ffc27635bf1fdf7a4636d27fd4,1764500304,1764500307,2184,34508,,
0x4d5dfce0be7049289af2d42ba16166e9cc83288c8f3f7ead3761e21f1a3a92f3,1764500304,1764500307,2184,34508,,
0x799ac146b54a748fea4a5b30233b33710ccf94d5b0c30af42d598edb43392a23,1764500304,1764500307,2184,34496,,
0xa96ce821183a9aab8014e6dca0890bb68ebb6dd9915bed8e29100b7fd55a6554,1764500304,1764500307,2184,34508,,
0x319ced5811a8b92ad63ba351408e13800845572e58cbddd02eb85259ce8d4ccb,1764500304,1764500307,2184,34508,,
0x08a9e6bd301faf621060b6e2fb6a6d4fdcefb69ed78b34ac6557d6c1ec4a0539,1764500304,1764500307,2184,34508,,
0x72d01dce8153eb6d08284ccd72cabeaa84cca9c0e9b774a6a018d922de0ffcc8,1764500304,1764500307,2184,34508,,
0x9cbbf578f7aa0910ed2b0e5762378584445306182abc967650edb616547521f0,1764500304,1764500307,2184,34508,,
0x9dfc099b85f6bc495cc8e662e845083d4ffdb8e33fe86f6c7803e75af40f0baf,1764500304,1764500307,2184,34508,,
0x0aa6f1a29ae5af6c1cb9de27a1644b8d426b640b4a2476dd38c2071cadcc00c3,1764500304,1764500307,2184,34508,,
0x684b09f8ad7b155b07e09871d8ec69e95dcbc0fa1a3d28e429784a616f5bb9bf,1764500304,1764500307,2184,34508,,
0xf0530342e06c05f62a73c2121726bb5ca6695c152084402d69185190d29a0238,1764500304,1764500307,2184,34508,,
0xeb1c0bf921b3a818c9a37628865f5f69eaeca655e50eb73ee51a45cac9440420,1764500304,1764500307,2184,34508,,
0x2339a8d5a30b964cb489c8dca09d92d772e24c4d17f8eb87157a88fd0967c110,1764500304,1764500307,2184,34508,,
0xb1ba8a7293ba32cae6ebf5616fb3bd83bdc6e085c58c383a1767d71f2f396533,1764500304,1764500307,2184,34508,,
0x7907088bd910e2ea3bad8a2401a3b0b1c7ad1a649e6e292eec55d925ca14a703,1764500304,1764500307,2184,34508,,
0x2f418e619bea9d225e551485846c3fb2f141d5bb355967d99691ac47bd5f0acc,1764500304,1764500307,2184,34508,,
0x3d7c6e16fdb992f69898f7df714d18585ba6f87667e0337c7ebbc7713e9dd0de,1764500304,1764500307,2184,34508,,
0x95fb0eda18289bf7cc5efa5c49c31b54f066b4be3fbccdb474b3291b9b1dbd84,1764500304,1764500307,2184,34508,,
0xd4066ad17939eeef954b21b53ea2c11189cf410ba618cbdfe419c58bae271690,1764500305,1764500307,2184,34496,,
0xf5e91443732bba47e74040469ded977d29ea073bb90fda71d7216a4983de0a74,1764500305,1764500309,2185,34508,,
0xb6edee6d1df8beb549cb4f89cdf95226c7dfbff8e10fbf6e5d8b8a1930c6aa56,1764500305,1764500309,2185,34508,,
0xd9f41737ce731205faae587a87681fc65d9ff62f2f2a34b761784caf5a9c6bf6,1764500305,1764500309,2185,34508,,
0x7e2ff92714bf20f777a1fbd44bddbd64c098b14202caa9e86f071d4ec28b8c23,1764500305,1764500309,2185,34508,,
0x037a69ae21e852b9f6eda4c659842a00364c0f33c1b2c354519ad174c8bef443,1764500305,1764500309,2185,34508,,
0xb399b04957a732a372efb445640a2422f8a78601620be75d53ad7a8cc7f77bc7,1764500305,1764500309,2185,34508,,
0x5d7d73c23dc8d25353746b9feb83362ba7dd4f86a9d42844388c5ebb9cc12c4c,1764500305,1764500309,2185,34508,,
0xf644dfbf51a714de71586232fdb3186d59b265160ef2ad29635d4e566b575120,1764500305,1764500309,2185,34508,,
0x95d5c3ba57a42e4734c8d9b7ecbcdf18e3d16d19cb8c87222d5367a5394346a8,1764500305,1764500309,2185,34508,,
0xc3f83e5f664406661b677b62c597e5c8fb78e138e6886563154c284c32ddcd86,1764500305,1764500309,2185,34508,,
0x3551b516eee719ba559301995df4d31a9bcd248b33a738839e68c51ffd64c272,1764500305,1764500309,2185,34508,,
0xbabff32198ff3ee33ce825102ff400bf63bc759551542cfcbe468e239db37f28,1764500305,1764500309,2185,34496,,
0x0b6f9531c02fd8e53476e0b2c13a785797f90c5748488172d728afa144d00004,1764500305,1764500309,2185,34508,,
0xa4d38c04560faaca084fb8dfce2cb28f532b86a7be6897a277c31a783fc25af0,1764500305,1764500309,2185,34508,,
0xa012bd684a58a9b02495f4fc2099e6959d5d08626df66d9ad8d1cc530d73b766,1764500305,1764500309,2185,34508,,
0x2a2c870cfa5c506fa7b4865c9fb02f0c5f4825526880d49937d92de40d15718b,1764500305,1764500309,2185,34508,,
0x4f79cfd90dcaf6ab23864c896b3573e486233650a767f6afb8f5d92abeeed16e,1764500305,1764500309,2185,34508,,
0x3c12dd73adb0bcc6530c06256b67bf9f1e4cc47bfad1386f4999aaedb07ec003,1764500305,1764500309,2185,34508,,
0x0e2da8cd05ac38f8216cb004ce8da3cdcca094790444d8747bb55ec90edd06f1,1764500305,1764500309,2185,34508,,
0xfbd359b2ee39dd8958818a713f6cc7b4264fc81a48f7beafd493aaae28bdfbd9,1764500305,1764500309,2185,34496,,
0xae23cb859761659f6153aaefd9217bf782105e514357e9da3a78d53ab3535263,1764500305,1764500309,2185,34508,,
0x0e5b5dfad15b8252ed7ee729fc7d2f4af6d14f4dd14790e9bdaa8285b4344506,1764500305,1764500309,2185,34508,,
0xa84e8a5bc1fd9980d447ad8a53e1a21d16ab9bbdfd3fccff50172798f0bf70c6,1764500306,1764500309,2185,34508,,
0x647271c89a2a3d72c02a8141cd3cf4c9ccbe8ce957265b468fb99a99aca6827d,1764500306,1764500309,2185,34508,,
0x237f796888f0e56ec05dfedf3d815a8732e38d1201b867e74ad5859e3e03e69b,1764500306,1764500309,2185,34508,,
0x409d9215a3ba705da420bd1225916ae3c62fff14253e867187e69df417fe8258,1764500306,1764500309,2185,34508,,
0x3615576b6b93bb596995b162ab10bd8a74590aaae35a5b2be6a0b20669ade00d,1764500306,1764500309,2185,34508,,
0xe598df35db8298bf4c688ed6496456a84675523db668e5aa833e1aad78226b21,1764500306,1764500309,2185,34508,,
0xc80cbd3fe4ce12d9fd69f1ecc7c3eee85ecbd2e3221b1cc375df6aa2f41cbaca,1764500306,1764500309,2185,34508,,
0xbd95509b6ab20d81950e838c810ff08ae804f0009fd5b1ef7016f2e02736bdbc,1764500306,1764500309,2185,34508,,
0x165617c6306d70f215b8e18a462d529a44a76d59c9dde9db42835465f73f0064,1764500306,1764500309,2185,34508,,
0x36130871ef10ec7a431bdd5213556b49196f8d0b2cd015566c0fac6d08895a35,1764500306,1764500309,2185,34496,,
0xa762bbedce783913ebb0a036a5541c065f5b347b89f502d89095519ed7961421,1764500306,1764500309,2185,34496,,
0x98e7126a5b85b354de1ec9b916931cce085156ce9db626ab0bce51e8c08a524b,1764500306,1764500309,2185,34508,,
0xc3866ae8cbb59513446d92f7ab4df9e4d2f44f1929493a8038b6608acff9437d,1764500306,1764500309,2185,34508,,
0x513944ba215aaa4f0624aa6b02034be7635ed785f4d120b0cb664ba4c7a3708c,1764500306,1764500309,2185,34508,,
0x6b97da159d88e8f727dfc5d6958ccc8edd7ae42369a8421b55b0ee148edf268e,1764500306,1764500309,2185,34508,,
0x166440dc29daa6bba7a1dbedb2a505ac7cd032ec126a21a6f44c9ed3f4ede3e8,1764500306,1764500309,2185,34508,,
0xe114028afc36d21f757751637d712837ba1563e18104a8aebf0245f4d29ae8d8,1764500306,1764500309,2185,34508,,
0x17c7c65d076d30859357b44b8565fe8c9635ff3bd3fa5d59695adfb041f2cac0,1764500306,1764500309,2185,34508,,
0x53cbe40717e32831195257de96eb87a4fa090a2c36d4b151b0705e0de8803d95,1764500306,1764500309,2185,34508,,
0x67d4419b7b8caefdbb36274669375c3f723fa665c9ab0840a8836116d8c29d73,1764500306,1764500309,2185,34508,,
0x6cc489eb48c5c1546e218bfa5260e1afaafd085b3841fb8431b7c3c7e123c977,1764500306,1764500309,2185,34508,,
0x6d712932bc5c34612a462de5e5a5d9904c8ff2157df6b97050d80afee0be8253,1764500306,1764500309,2185,34508,,
0x8482e5f40488706f118e6af89a941237a5d92a0979574349ecf2d21ca783f6b9,1764500306,1764500309,2185,34508,,
0x91b7c30ff53814bccd84ffc5164275e572936b76e83d586cb09eb1422397c06b,1764500306,1764500309,2185,34508,,
0xb3f9ffaed08a881adde1c9274387fe944a65aa735464f00586cddfcbdef2274e,1764500306,1764500309,2185,34496,,
0x62d3e25baf707149d7cd380b6f1f9d32f8887691ebe24ce1c3b3fa25bc76c745,1764500306,1764500309,2185,34508,,
0xa2806ffc729a0e17e2dbc14366dcc021bb2bead1b998a3c88ff6169083439d30,1764500306,1764500309,2185,34508,,
0xe59217f2d1da632003c84e2ba71f31798604755216418d061d229d9cc2667959,1764500307,1764500311,2186,34508,,
0xf94bea4c6855c0ae5031811dd76c8555d146c26c16ecb7f33319923e695684fe,1764500307,1764500311,2186,34508,,
0x1b8b844dbe790b2b588d562301b011d86f685e40a0795222b23f1b36978e4259,1764500307,1764500311,2186,34508,,
0xe59c082a44a976466d6ec93b72a040e3133951694523708741af4a6950b1968f,1764500307,1764500311,2186,34496,,
0x243d32987895e3b661bd191b7cdd2129ad7b30fd7de1e4ce4604f45999019882,1764500307,1764500311,2186,34508,,
0xb0917a4ec961e1c378a4cb61c5101484f22ae3ef60e0a2bed6f29c3c863add53,1764500307,1764500311,2186,34508,,
0x9ee311f477829f410fa36f97d24c8c1dbb562594617720c5759eeb16fd6b3e80,1764500307,1764500311,2186,34508,,
0x9cef2a239b5d6599a8607bc4e2cf9d6457f6ec88d0caa7a53a6df7f839cd6644,1764500307,1764500311,2186,34508,,
0xbb58ef164ef195a4c06743b93fb7ec702e2283f0c77127f9cd6392d1c4905977,1764500307,1764500311,2186,34496,,
0xabae81909fdc5e94cf820fd5222978d0925357c92a57ce195412fed46ff7a04a,1764500307,1764500311,2186,34496,,
0x496c3c9b4daacde62e6322194bbfdf599c9c08b3be4f672e8d06af0322d6e0ce,1764500307,1764500311,2186,34508,,
0x09e59e08d87ff3e21b9a16f05ba9a394e0de3ae5344fcc9a63ca8a3e5d39725d,1764500307,1764500311,2186,34508,,
0x6c02294ebec89fd8d185c8dfe7e27c1fcf3b0c31a4cc5bef63f4a69021ac8fd4,1764500307,1764500311,2186,34508,,
0xdc7a5511eca8e15100b9d2facdd78f0467adbe09f948d0b8a567415d0f687cff,1764500307,1764500311,2186,34508,,
0x5a7e15af163f2aedecae942e7983f38e0660a157b60758ea5381b0bb81005be9,1764500307,1764500311,2186,34508,,
0xcd99a2f7cad7a7c37c2756b90aae7936b1ccd0fb6cf66e592d4854ed0388ec78,1764500307,1764500311,2186,34508,,
0x49e2329ae70b3d5d98af435b4d648fa368a22a891a65069a81135e26acf63634,1764500307,1764500311,2186,34508,,
0xccf3e280d32e7680e0da416f91cbfe8e0f90e10c764ba0ae1617927d05ef082d,1764500307,1764500311,2186,34508,,
0x48cd3e5989c7d653b474ee8efb868f9c9f3115259577f2d1d9b8aeebd1ace51d,1764500307,1764500311,2186,34508,,
0x77f6b060b555e8b18ff2e4cff0c0c17cb607085ee132206d42ce2e2b9949f258,1764500307,1764500311,2186,34508,,
0x906fcbb869bc41d06602ed904f26acea9853515ff786458499bae54a47be12d6,1764500307,1764500311,2186,34508,,
0xd400a1e388115d5cf5b46f2657e1f64f7cf9cd00b4ae621fa2676cef51a4a23e,1764500307,1764500311,2186,34508,,
0x2c2fd4f5c5f7b71caabbb9de7ff668cda817c06ef354f5579ef4b538f5674ed6,1764500307,1764500311,2186,34508,,
0x29209fd803886997792103d9f05c719dfcb6abbc2bfed9fda485b5438a05680f,1764500308,1764500311,2186,34508,,
0x08d3bbfb0bbea282c2055ad515f17b5aca8d4e47f3472add8e99578051b670c9,1764500308,1764500311,2186,34508,,
0x0cb77b02f72d984b5c2cec7a790c36f15c09535578e6e1be5f89dd9ccf01d35f,1764500308,1764500311,2186,34508,,
0x87bf6f2f5e88b38bb5761bdb4f6d4874e25125f1fc7e7974878579856eb4ac14,1764500308,1764500311,2186,34508,,
0x71cc6e9ad14609fbb7265d5a8f134d6742c670156740e8b06a53583ba366ed39,1764500308,1764500311,2186,34508,,
0x07cc5c60d1eedd55c0022a285fc40ea9ad677de85ce6dd8df63eddeb1025526e,1764500308,1764500311,2186,34508,,
0xb4d103ae9fd817c2b86e4f3c1388c6803e862cb0764f6f02f11e14dea3379fef,1764500308,1764500311,2186,34508,,
0xd8b613f928f587903965efb1c3f3ce0237172e7cc979fcc8da3122fe300d0f2b,1764500308,1764500311,2186,34508,,
0xa50248b66ec38bcf5aea85d2c1dd92549c3e277d23d56fa883c00a79bbd3b7e3,1764500308,1764500311,2186,34508,,
0x36a710e161e9350dc45dcb3650ed69c85bdef0b12a136dd860b7dd9b46138321,1764500308,1764500311,2186,34508,,
0x84fba8f80d64afd1d3f2f94154e5c2458df73abde3c72e83837d5ca8f6835024,1764500308,1764500311,2186,34508,,
0xc23182070cb126db580d8d161cf7fd425b7171baa3d5b6374323f4906df5cb7a,1764500308,1764500311,2186,34508,,
0x9797ae2d2420c0f1aec885e128d01641a7300d3185870839bcfe2584ecb5c41a,1764500308,1764500311,2186,34508,,
0x955acd2f62b8cc9d781a7c6c7a05d0c4f8063508d12539d5c58c6477b9e2d187,1764500308,1764500311,2186,34508,,
0x6ac199f54626d3e4c6b2ab59ac65c4a842525a9a41aa4aaf1410bd5e187f69d9,1764500308,1764500311,2186,34508,,
0x6fa74ca54399950515a2bc58a7a5c8044df23f95ce0c39459f9a7f737b2d461c,1764500308,1764500311,2186,34508,,
0x2d8a0cac56629d036a6bb9ef84f9563f67a30c7a565910b23ed4b6e1384a69f9,1764500308,1764500311,2186,34508,,
0x968fb935886d202aff78b0b45aeba5fa9af55169b7689c4cb0c05d4a564faedd,1764500308,1764500311,2186,34508,,
0x74323d92b8907b997da3715cfb3521f16a5082d8caaa463fc1c6956b1c4726e0,1764500308,1764500311,2186,34508,,
0x1034ce8a7952a02031ac5493e8ddc3cc4b75011da85770dcd15f6944c2a2fcef,1764500308,1764500311,2186,34508,,
0xab1c91c9955ce78233c74e0f30b81e186f31ec4bb033fe4ea96c14f223c76ba3,1764500308,1764500311,2186,34508,,
0xcd03648b888f609fd962e56eafe48a8dd18a8c6c6036e9d20f1a3c648d35c096,1764500308,1764500311,2186,34508,,
0x833165d245eb64d728ef222279a433d85bab920b894292ae0cb3ab5e8e3fa2d7,1764500308,1764500311,2186,34508,,
0x41ad26054ec616e9b5b5824b03c8452a8115b4b4d437e0a4ebeb0717c587560f,1764500308,1764500311,2186,34508,,
0x9822b1d064daf4f76e1ee7dc26ee52c92e8d40f9af95d2b5841604a4267d3888,1764500308,1764500311,2186,34508,,
0x0dc2efc1f98e417fcbad2af7ed2427eeab8baf352a659fd7eb457393e1b72158,1764500308,1764500311,2186,34496,,
0xdfa80153fbdbba3c285db0e5c64915cf1af5e2bbc7be6feaf3d2183909505322,1764500309,1764500311,2186,34508,,
0xfc22939202ca67908e4115178bd18f0f54ad5cf3ac65e199ea3ea499d7da5480,1764500309,1764500313,2187,34508,,
0xef2d7638bcc054b1bd355ade3fe77efd84157f4eb598628a8185e6edae0500a4,1764500309,1764500313,2187,34508,,
0xddd3ff266123cc87ad36f35ec76f0fb8c60ec283749da6f679288dde0ff2fc5b,1764500309,1764500313,2187,34508,,
0x5832e90337be6d7e960f43120f27a7a0daff18c6f33b6c191bf4054427b7f679,1764500309,1764500313,2187,34508,,
0x2c2250020426d3f498cd17c785e2c7f2ca45ca6a257d089ace9a538ec41c2a80,1764500309,1764500313,2187,34508,,
0x49adfab3f565e6c6053e153bc6d98af90f94ec93fb35e11edc025d334a7799b2,1764500309,1764500313,2187,34508,,
0xefb2c7003283b2ef56d1077194536b4ee9d5fea6ec550a77ca0bf62b1bc35da1,1764500309,1764500313,2187,34508,,
0x9154f140e90364ca48f6a726dcc11cd5f9ae97c226c4f12aaadbd6770404900c,1764500309,1764500313,2187,34508,,
0xa2d7c3f752c6ee5b2c6c355efa29e7855181bb1be3419bbaf001e0878b7a851a,1764500309,1764500313,2187,34508,,
0xa054a9eec25e885d445a8b5ef646243639267d6790c35b4571bfa52f3e421f26,1764500309,1764500313,2187,34508,,
0x76a9ad8d0757d6622a70638e38cb04a6de3e83323196ad0d21695f95b75b19f4,1764500309,1764500313,2187,34508,,
0xb1d2ceadef164672d9e56a15aa7d715e345a575944155c8604ceab22f55ff5a4,1764500309,1764500313,2187,34508,,
0x28601d2681c47f1e3cd1a6baff3cb6ceca223d41e0036ce133bd90696612762d,1764500309,1764500313,2187,34508,,
0x65aecf06d8b8a21751e2301af61ba84ce20439d0b1179b843bf5a663538f571e,1764500309,1764500313,2187,34508,,
0x4b5a77fba60fdfd5d2e4b108b51256cbd027258cb04c9ef1b9b42b0537e604db,1764500309,1764500313,2187,34508,,
0x2d14cafcc19bb120701eae4931575c24cf96ec9575257441814a74d5e7e8f2c9,1764500309,1764500313,2187,34508,,
0xec3aa6834f5b8f784081f8f220d1c78198377cc52afbb9dbfe6a5696654e08ad,1764500309,1764500313,2187,34508,,
0x56f131cee9cf92696addc71950d2280f32dd6c7f3c8f03b0050a53a560fa2f85,1764500309,1764500313,2187,34496,,
0x34e6402e6ecc2cf91a19be08209a9b41106d75c769d622cd6e716a7432c42e00,1764500309,1764500313,2187,34508,,
0xc19762bdc7e9d3ce013a6660ceb2ffd50bd020ad403ad3cf7e85b6014d73df0f,1764500309,1764500313,2187,34508,,
0x0e35d549420f074114d49a94bc54044438f2e41e08eb3db913534d9e073cf6c6,1764500309,1764500313,2187,34508,,
0xdeacd81d6f95ee866f810e140e0be273db405b2f88fd6ffb3dff8e7bd3e1028d,1764500309,1764500313,2187,34508,,
0xfaab46429f47dcc08f47822978093abae6f199c768666c227a8930c385c9368d,1764500309,1764500313,2187,34508,,
0x4b6bd9d019db2d74132dcf786813fb46b7974c8aff8cb9a3fe35b457cf49e4ad,1764500310,1764500313,2187,34508,,
0x59b77793fda7e666295065200df22ebc5f42787e40f73c287238437f80ec32d4,1764500310,1764500313,2187,34508,,
0x9dbf2115b27c4b53672b4887a76430c1b01b76ff736a1155e68c253286d52a49,1764500310,1764500313,2187,34508,,
0x213a20736ef54058d7fce3d250fadc6c9bca3c457023d2ac694ed91bf096e562,1764500310,1764500313,2187,34508,,
0x734fae41d759ebe7f417542495f689a07c89ea85e6583d0a61b0add88b90f6a5,1764500310,1764500313,2187,34496,,
0x4dc3fce6859002b35211dd736d1999168c60b0c7fd39a7d4cee7445f15147da9,1764500310,1764500313,2187,34508,,
0x035445e120b6d414929049e30c393bfa86cfcae2f7d3afa6d3ff3bce438a9884,1764500310,1764500313,2187,34508,,
0x9fb765f7355df6a6944fdd0069d95f4c2e47a52e08f0a8bd4293b8bb55512712,1764500310,1764500313,2187,34508,,
0xf56a8b09272509746a7913e8d2a85572a9cf75cb3d07f63f458a211b84e8d655,1764500310,1764500313,2187,34508,,
0x0c90ba533bd2cb5731ab27fc4a19bcfa92ca239b3af0481c7d84aac70689fbb6,1764500310,1764500313,2187,34508,,
0xdd8d096040859dbc4664e2d1583c7991a5217705adb9c67822d227d612ff2124,1764500310,1764500313,2187,34508,,
0x3b33f29f23c3fafdead78c6552449952adb0345e4b6421e8acc07a7b50274264,1764500310,1764500313,2187,34508,,
0x61ac00332b4e55c08e1b7fec105343916fa85838574cb794f419654a38c8c14d,1764500310,1764500313,2187,34508,,
0x368c8d3a4c15bf26ff0664085a0155aa05a501212150f792f16e65f5fd3121aa,1764500310,1764500313,2187,34508,,
0xdc724f8fb938ad984ef0dd16a5f457c651065902b66a2b44f8334271448d7413,1764500310,1764500313,2187,34508,,
0xb47386ab197cd3fc7716d0e44cd75686295ff63768989322a610ea5d29538031,1764500310,1764500313,2187,34508,,
0x6f9479fc4c9e75016787e9d721b9aba9092a3317f6fef3e75f9b4a8d8ab63f81,1764500310,1764500313,2187,34508,,
0x705dc5f3cb5c77e9a465346acc32ebd2d88657555be240bc92f3a6b44a55d543,1764500310,1764500313,2187,34508,,
0xe8d7df2c7b3e3879af9b6315d76b787216d2f4bad2c0c43172a15a8466fc79aa,1764500310,1764500313,2187,34508,,
0x06b4112189a20f92baa5577306fd2afcafd85c237d95fcc7caf628cece98bc34,1764500310,1764500313,2187,34508,,
0xd0bd2ede8768fed3d90668a523000dfb07a616f8b04e8cffccbcca5cf9baa568,1764500310,1764500313,2187,34508,,
0xb461ea3b988c77e47d09575829c361f4fe2c5069c79769a0a4c467bc9247e6ea,1764500310,1764500313,2187,34496,,
0x1f9d1b15a9f2fd40e7ebcb04bf1244505a06e1c79f029fb537922d32d9868d45,1764500310,1764500313,2187,34508,,
0x5fd4bf18ea66463e1050458866f72597cae91e0ed719951cdf2c688dc20d764c,1764500310,1764500313,2187,34496,,
0xccfee2437dc25d59533cb49079e07f67ad2cb72c4b3c9c5664f3aae2bd7343f2,1764500310,1764500313,2187,34508,,
0xe39aec1d9d1a8084b01821d2c5445f0637943dd58e6889dd92b1cfc2d7e5f6dd,1764500311,1764500315,2188,34508,,
0x8e6e36a51bffdea70c6faac7c5cceb5b08fce1b02b35e9e4b60670f5f2f56265,1764500311,1764500315,2188,34508,,
0x11a583e5ffca0e1b9dd27e97c890a0d78e215b250d9d6bdba37f21abec36519d,1764500311,1764500315,2188,34508,,
0x7f79e129d60facadca33277ffa37fc011a313916c73c6af82bf27999c9d2c0fc,1764500311,1764500315,2188,34508,,
0x6823df027cc31e3a5355c538098cc0ab01a12c25f2f836cdb9a11cd2a4a2cc58,1764500311,1764500315,2188,34496,,
0x5c221a4fa48bb51c273f2b40db0f3963d19c123c6c66e3197ef86081a293d2a7,1764500311,1764500315,2188,34508,,
0xa463e6a4907962b69c9f86618d9dfe3a2d15891f2b59488a79c910bddc6c5007,1764500311,1764500315,2188,34508,,
0xdf1a07ef0563a899fa48000589004bca913b528c197df0ebc2354ce7fd100d0b,1764500311,1764500315,2188,34508,,
0x9a5df4ceb06f9ff4ff95e11dc300d3c526e727edae24c4413eea72f4e25773e8,1764500311,1764500315,2188,34508,,
0x34554446cd191c7f6dbb0f05cc65247428267e7e132c012b4963667c8fbc6fea,1764500311,1764500315,2188,34508,,
0xff303b44ce88012b1b994e2b6749cf9fc94cc10ead8f33145c374571c7636f8c,1764500311,1764500315,2188,34508,,
0x51ed466f55aa74854dce043bd0eca3c32809e6ff88bb5882a6580148618191b8,1764500311,1764500315,2188,34508,,
0x50b6f6d9851becd32682aed288352cfdc66a7d39f2e2af890558567f485bdd25,1764500311,1764500315,2188,34508,,
0x0da4d668770ecf49c8c78c5b843cf94cdc586d61a21ab5e49b52aadf8c474176,1764500311,1764500315,2188,34508,,
0xf3d041a39cc456bdcf8091d8e03f00bfd19689c07d75128739ee5d902a15883c,1764500311,1764500315,2188,34508,,
0x088b5cae6748df7bcc33525e6ba13da93f2c2f5de16af221e83db2fce7dfa480,1764500311,1764500315,2188,34508,,
0x5a6c34b9fe27c7bd1d9c27d7eca2aa6aa89619875854cdf067754e18e014c8f4,1764500311,1764500315,2188,34496,,
0xab91f5b30d01bd076ef512cb4d972aca1e148ea8797ca40d01e80980a9fe6e16,1764500311,1764500315,2188,34508,,
0x6bd48ba5c058120f0eee702bd94a4e4c07481aa178115ce3127683434b2ec1cd,1764500311,1764500315,2188,34508,,
0x888d8fe2ba49881bd03ec8e350600df0b636795712331ac4169b263293327d0f,1764500311,1764500315,2188,34508,,
0x0e3a7acd5b6b38c6aac76176fe9e40acd75e85d652d50c5dc35831bdad8e9739,1764500311,1764500315,2188,34508,,
0xe423cdb92ebe113ee0a0a588ccabd212835d2a2b43e896c0a720412f47ab1f5a,1764500311,1764500315,2188,34508,,
0x228e46ff06209de4c5246e00c7e29772d6bd3ab15230588ca82f54a5dd4b1c69,1764500311,1764500315,2188,34508,,
0xc0737cfe99220bb0bf1d27c02e6a14f4684d2ca9b202baed9f15dc1ac0f70c47,1764500311,1764500315,2188,34508,,
0x4c136048b224da7aa38be9ba6ff6e827cfd9a84289688c988a81e9fb35fc8b02,1764500311,1764500315,2188,34508,,
0x29c44d74e2893f0aca43e5989a0fdaf0477ef6acd5947a63487098d90b8d9097,1764500312,1764500315,2188,34508,,
0xd4c37ecb43fbe59b75ea65b78c859daab393118a177d698639a00885a79cb925,1764500312,1764500315,2188,34508,,
0xb34cb68d64043b6d4808c8c29e08978e76d39550ae34a49d1b08a371d4c1715f,1764500312,1764500315,2188,34508,,
0x9b6f12e322a6fdbd7096a6857510354bf7e0c95349388772338ec2f630e52b05,1764500312,1764500315,2188,34508,,
0xf22f34dd26863a26795a6aaa3cad0c380a3ad55f87e303c1d0df0392e519e4d8,1764500312,1764500315,2188,34508,,
0x9623071f93deeecd1b7fa0c27a654aba388e6bda93a27da2045bbe3e50d3373c,1764500312,1764500315,2188,34508,,
0xe8684968ab06b086bf4601e784f20a90ad7e837fe03d32f1c2a777d573ae61ab,1764500312,1764500315,2188,34508,,
0xad664a3e818f79e5ec0ac4e0012d73613fba130c692ea27be7d42f4f96438764,1764500312,1764500315,2188,34508,,
0x0557d0bc3de785afe57bb25d557071ece73d7b5edab28dcd616ad0faa79a0ceb,1764500312,1764500315,2188,34508,,
0xc9535fe6fb00c4536ddf93d2c64dabeda8765adb255a83ae0af721d4cf9f5607,1764500312,1764500315,2188,34508,,
0x11d8d0ff3fc06c19c230ed761fe4a36e3fc50803db760f3180976114eb7e8c24,1764500312,1764500315,2188,34508,,
0xe9a68ccf2fe06e3079d7be0784a0fe13c16265a16a409274e6c8246b471d2057,1764500312,1764500315,2188,34508,,
0x87596f8f6607e919f0cd1012c43aa9aa3448302852ec2b3c85e9085d68fc152e,1764500312,1764500315,2188,34508,,
0x1f600cfef6259fb69b944f0de3f8b1c77110d32cff39f99cef463754cf6afb3b,1764500312,1764500315,2188,34508,,
0xcc6ebc9904f9f2bcdc7f6b40118ab09fe92ec067a010aa47d194e43e9bb221c8,1764500312,1764500315,2188,34508,,
0x598908fc19dbcec4b8731abfe64ef89024151a54bb43fa67ff639707d84a5fc1,1764500312,1764500315,2188,34508,,
0x9a914e88e4e65e62fb0d7ab93fac78321db02299f85793f2889a34113ea42fc7,1764500312,1764500315,2188,34508,,
0x5b76ad2e15fad99840fd3f3f6873f4160ec5448a1bee8dec89196e80c28512ec,1764500312,1764500315,2188,34508,,
0x4c63cd1f645e55a84c7cee30f1a642e26b7be00a93b691e430e3669dcbd51eee,1764500312,1764500315,2188,34508,,
0xef2a8db3d169a54eeb953e8f5059cd5893bbc9213676f826d53fddce68ee7510,1764500312,1764500315,2188,34508,,
0x19a9b36bcf8ca7b7d3c8c5c6a730762c3403dbdd630da0d80b4f7b1bb449df8f,1764500312,1764500315,2188,34508,,
0xa968cf26b6b279550eb3df6aa0ae7eb950c83345699a0e4edac6d6189d23aa96,1764500312,1764500315,2188,34508,,
0xd7d5d5703592a7dfb232176a84178cf8c90d2b8c48a01ece9b2d3cede22bdded,1764500312,1764500315,2188,34496,,
0x8117d5495c55199208daab2aa8e07d58b1c6663c2e2dace9deae1ebb0450488e,1764500312,1764500315,2188,34496,,
0x9b66d8ab9a8d87e34679ccd2cf012290d0758bb3e81842d19e1d5cd536a57629,1764500313,1764500315,2188,34496,,
0xd4c4a3df5c820ea907236b21040baeb48c6fbea4bff17f05351ef59292e533bd,1764500313,1764500317,2189,34508,,
0x8e0b303de0e3c423f588c8da493cc1a9c1039d93b2524da6c61ae2540ce3ede9,1764500313,1764500317,2189,34508,,
0x224e5f506b67b3ad64b0282b84e66ee3003f4450f6b43c98399efde1096577e8,1764500313,1764500317,2189,34508,,
0x665c2d245f1e12ff15abda63535ad954ebc3a5306ef336263fc6996c42b6fdd7,1764500313,1764500317,2189,34496,,
0xe2e3da73fcae31ef064de6523fbf341a0c5ba80e1069576fcb737457b2c4a90c,1764500313,1764500317,2189,34508,,
0xe347429d2d6c3d7c5fd3911b3638693c24bcf84879ebec62e03d000da6ab99e4,1764500313,1764500317,2189,34508,,
0x89fc7aff973e72533f7debd41c59e358060625fb5759e2d214e7992b61af164d,1764500313,1764500317,2189,34508,,
0x48174364b153152ea97d964b2ba8de9ff12a23f2bcc97fdc853bb3c466bf38d5,1764500313,1764500317,2189,34508,,
0x9183709691379d86480a3289854dc3d5ab2270d87daffd1687a55b43a5a0f2b2,1764500313,1764500317,2189,34508,,
0x6ab6bce34fc3c1efc64b82fa9c6cb43c312fb3144d3ba255ad9ec1c9dadba011,1764500313,1764500317,2189,34508,,
0x4717b871bf6ac2fe383d9a1096f17f21ad3ef6da045e8033b490c4847c560b3a,1764500313,1764500317,2189,34508,,
0xc8b248f1779cae1baac814a95a3915e22ed42f07b9775024f686ce65e8eaf0f5,1764500313,1764500317,2189,34508,,
0xd3c828578f05c7bc69e9543b994718cb68d02976b5627fb8e58d6928d00b31ba,1764500313,1764500317,2189,34508,,
0xac781d57909febfa8e8c74a386caf30ea8bcb85cd78fba9dec46d43bf48a94b3,1764500313,1764500317,2189,34508,,
0x2a325bdfffe91be92a27361247ced8c8cb91ebb883750daef41984c70a202c0f,1764500313,1764500317,2189,34508,,
0x86081619d776ec1e77ce127176e584ca3ffe72012c8c8469e73afd34b667dbd7,1764500313,1764500317,2189,34496,,
0x453f977fef812c395f6322b0fb15291054d55a86f73251fa5a4bf8edf05eb36b,1764500313,1764500317,2189,34508,,
0x2539e34a2e65221f77f458265e96e4ed92079df11878fdc572b13fd10a8dc332,1764500313,1764500317,2189,34508,,
0x3b499086001760f914260ebe9b33259491e9229de7555381cdd6a3b10fd659f1,1764500313,1764500317,2189,34508,,
0xd7d6eb55ccf9995bfc8f29e46fc6b1d0427dae037d50abc09be43ad2c1b56ab8,1764500313,1764500317,2189,34508,,
0x4a660b4933667f8d9d6c1e8c5e1e67b2892f7309c4b748cf0f5b3711b4be02a9,1764500313,1764500317,2189,34508,,
0x751af561c64cd0714eb49f0d6eaf6d17e7fa2bb231fc3a025360f19defd37137,1764500313,1764500317,2189,34508,,
0x35bcb7cfb20274e7d49dec29e129f1e037b48e2c750b88521aad37b88eff4358,1764500313,1764500317,2189,34508,,
0x85d7621d5d1a5b0efde079ab6f4c2e1918d1e9ee002ddce774058fa386a24762,1764500313,1764500317,2189,34508,,
0x50f6019e9c0fb5af6ddce08ea851528071e49c84e33fdd7ac50f628cde390f77,1764500313,1764500317,2189,34508,,
0xfe8416a9d43f584dffce4fee05ca397fe5eed25e62c998e7bd20581c4e3cda51,1764500314,1764500317,2189,34496,,
0x095433bc6199e5768581c161c8ca5a6112a3b96674991598803d3418916ce8f4,1764500314,1764500317,2189,34508,,
0x8047fc85839d91f971d610c59a7c90eea8d516781780de0b5d3f9ddbe61e753a,1764500314,1764500317,2189,34508,,
0x0d618d988f38a93c0be3223c040b04ae020f43bed17b357296b08d7e85cb1aed,1764500314,1764500317,2189,34508,,
0xe2c56feef148ef51bc8d1be3313d28469c6dec1e6c652df018aad7c9bd930fba,1764500314,1764500317,2189,34508,,
0xe85498b4fe51d7f7869ff27abd2c86c1dfb1171159a1ea75c423b1f596c225a4,1764500314,1764500317,2189,34508,,
0xc8843f5046c9133e41b5b09247f69b432353639d54ed40b050720e9a1269b5c6,1764500314,1764500317,2189,34508,,
0xc6982a9ee742c408bf6870e81b84728e83d9dd179eee7941e22ab8f126431523,1764500314,1764500317,2189,34508,,
0x8add6c75d3144ea2c569c9e2acb50ebe6ccc6705e03d48aa57a2bddc19d1e876,1764500314,1764500317,2189,34508,,
0xb429a96fbd7e06b973d97f843f7dada4ea703c9b0ed7ea76620d14d3eacacb40,1764500314,1764500317,2189,34508,,
0x0a35ab5f514efb3a97536f97deb07e3ab273fae3e19beb2a1a19bc203c75b001,1764500314,1764500317,2189,34508,,
0xa67ff8140c6d62ab2e07ceb5f53241aa742dc6df08563d231c5b907d21ad453e,1764500314,1764500317,2189,34508,,
0x4d18b50f66a8b91bfe5b4afbfcc520d8431ea96bfebae29b6cd3475ef85d43db,1764500314,1764500317,2189,34508,,
0x52122826f40ff3cc6893ae57fca69e50aa2464a7e343231f10ea4b320d011479,1764500314,1764500317,2189,34508,,
0x267f3d009c23c7bb978ae51e0a76eca52837552348836ac2d8c08ad8b2f9f7fa,1764500314,1764500317,2189,34508,,
0x32c27340c008afb1560396b3b05c4f840b9024a7f0b80f8c2d4a7e849f370bde,1764500314,1764500317,2189,34508,,
0x274ceb7b107e5ad1e8c776775c4efeb6d067c8ef7660a2df3be77ae5684b3160,1764500314,1764500317,2189,34508,,
0x2532710798f33ee5613113da6cdd585559592a2b90c97a01420cd0c8c63833b9,1764500314,1764500317,2189,34508,,
0xe75496aedbe5a0ddf4d41695c94a2a4c9d795569d3975e0226bbfaabc8a05ad1,1764500314,1764500317,2189,34508,,
0x25a61ed8b68ed6fe11d622385fab8dff098661495ea7db092ee941e3cc36c62a,1764500314,1764500317,2189,34508,,
0xd1aac4c23fce2c09d53f07e9f4a688b4d9e02cf10a5728ecae5503e45465554e,1764500314,1764500317,2189,34496,,
0x55303ffada9dbbce09e8c0a994350a976b32f8d45824c09b3e8d1f06ab0eafbb,1764500314,1764500317,2189,34508,,
0xc75621b40b846359d200105d131692f1f4ccbcf9456676ea47a6f73d27ed1575,1764500314,1764500317,2189,34508,,
0x68e8cd4d44e2138a14a4cc3d92a3db1ef3d76837bfed841334b59e05605a4b12,1764500315,1764500317,2189,34508,,
0x7ca05e9cf66a474a8277654598e9fb8c8b67ea0f640f5b7607d88a3fc814a186,1764500315,1764500319,2190,34508,,
0x999f77ce7e73d435b4f389d74f25934e92f30ac7a322ea9a432d50a84e5fe767,1764500315,1764500319,2190,34508,,
0x281a15d65961058f8ee54d629352d87f597f3a45bc23a72fcbf3e65eafe3d981,1764500315,1764500319,2190,34508,,
0x325585fccb37f7bbd0a3ecfc6da1beea36dad021c2f1170b4ebcec89c0fdf667,1764500315,1764500319,2190,34508,,
0xe04cc1c82a65eb59cda50947aacee052d0cae1452a64ad62842161ad30415a87,1764500315,1764500319,2190,34508,,
0x552dbc7649883fce1bcb0cb3f4da9fd5ce260168e279f5f65dc9c9c85f95dd7e,1764500315,1764500319,2190,34508,,
0x7ae91a9150f95f4a552c8f5d84c5c852b74245e4715c02ec241d8b2e33e16b54,1764500315,1764500319,2190,34508,,
0x35387b3482d0cebd5d17a2eaf1974ad1b4d290769eca9094e5a294a74f29ae16,1764500315,1764500319,2190,34508,,
0xbc4a413e806c3b183d90c86b6ce5deafda67655a4f4fd2bc9d05d7235b9b9398,1764500315,1764500319,2190,34508,,
0xd0ed56c8d6bf3fd7dee29ff7c53a7d88bc24f9c31ee22f5ea2625859876a089f,1764500315,1764500319,2190,34508,,
0x1dc665d69ef8569a505a7d9e4ef95cfead0c933fd4361d62a948aa00b0b73e8d,1764500315,1764500319,2190,34508,,
0x977216f5c26b3364f5e06d92696e45107a5decfdb1a438f73c9878c2eb4e1b16,1764500315,1764500319,2190,34508,,
0x35d72650a78f73b967087afec85af39a6108800d527f85f555cfd9e2703466c1,1764500315,1764500319,2190,34484,,
0x5091c30420a49321d6523bb810b77c00f3e847b0c3ca83d5fd7d19d122d13dc2,1764500315,1764500319,2190,34508,,
0x7e3dca123da69762e0e6c1fef6cf67cc4fbc121121a27e20ae88dcf8f2f13fb0,1764500315,1764500319,2190,34508,,
0x95a0ea7ac038aaba394baea52dff239f9e7c7d9a859395ff195a102334444540,1764500315,1764500319,2190,34508,,
0x60a088c92708e19440d25349bd963a3d8abfa25d4957a1fdf9cd77accda7a76c,1764500315,1764500319,2190,34508,,
0xf75e5e4fef1cabac7854827fd33cf51044efd1be922465e14572838717054245,1764500315,1764500319,2190,34508,,
0x6920e151822071c0c80d2a31c104bdb9a9d7982559f2ded6e223c4d6ab21f35a,1764500315,1764500319,2190,34508,,
0x1f684aa428561a363dd9349d4f008799a551abd923bd7150cec55c4303e9ffff,1764500315,1764500319,2190,34508,,
0xd3d52837de7dd91f46dd14d30f3f3f902ffe4c20ceed245cd2cb92cbe61292e9,1764500315,1764500319,2190,34508,,
0x7d860c7da191e232961ae802bdfe9e688cc34019454adf211fd3bd7771caf180,1764500315,1764500319,2190,34508,,
0x8c6eb7ab77d9fe2b9dd1af017db9907419f4f7830a4d9bc282630352bfa42a12,1764500315,1764500319,2190,34508,,
0xa74aa084eccb1076efedf2e8c072ff431309df8da23e73f4e5325cfec9a1a093,1764500315,1764500319,2190,34508,,
0x6fd2d6efa3fd378584b7ca1358dab31acffc3e7363e8ee72700aa1e5e5e3d642,1764500315,1764500319,2190,34508,,
0x502bc04872eb7c5b10d81b02097899cd04feaf1933d8a8599650373d6d8f4b4f,1764500315,1764500319,2190,34508,,
0xfaf0cf6fd6acccfef9514eefad85d92e0dc9703e835c9e2fbb9beabcb39d610e,1764500316,1764500319,2190,34508,,
0x9f8768501aa48de401828a8d24f2e52eda443372fd5ab25efa7a9bbdf5492918,1764500316,1764500319,2190,34508,,
0xb69bc5097972f22be2f192d6ee63799f0eaaabdfc83e88c7c0ab70955bdde823,1764500316,1764500319,2190,34508,,
0xa104fe1c6137c72eafd8a04da7f40b2158b7543bfcbe0ec2913caabf0e663b56,1764500316,1764500319,2190,34508,,
0x77794b1233d952b733abc06e0040623a87af648fb471ef3ba878aa64c1460aa5,1764500316,1764500319,2190,34508,,
0xaac5e5cab983d545f2e1c50d2e892cc0c3f2d8a75ca488a41946790a338ad917,1764500316,1764500319,2190,34508,,
0x30147b55e4bc4a418ff03238e2f02012aeb15513c3e1c562ee6b518055b6d878,1764500316,1764500319,2190,34496,,
0xfc0007d8ae6127a99d751059bc8560915d300dfe04108086dcdfd099c30b078a,1764500316,1764500319,2190,34508,,
0xfb1d40cde9032fb344485e93dcec0ed3cc304a5f0598e636907c109677d81077,1764500316,1764500319,2190,34508,,
0x09cbb292c407ae1e935cb1cf1e88da705e25636398d9545857af3b8d8cce5dff,1764500316,1764500319,2190,34496,,
0x9512f816cf41336b1ad468bc7c33e155e005ac0aa84199c09a537b7d125cfbbf,1764500316,1764500319,2190,34508,,
0x83c75eb1e7f65ccb65cc3bf0929ccb5ea9713bc7cfa8003bdb14fa38c885104c,1764500316,1764500319,2190,34508,,
0x489e6e746690377f610b46b0c3850731df2a9c7f6cf028ef917214d361c95f07,1764500316,1764500319,2190,34508,,
0xbd0f944e4396c571cf4a9ee1637d8cc0213d84063e003cc92f95875c12bcfbb7,1764500316,1764500319,2190,34496,,
0x498e1fe6cf261bc2b61473cc062616de163a36dcbe504f4864e7a200eba6e922,1764500316,1764500319,2190,34508,,
0xb932f10276129a468d3f63ef6299e29656905d3c8b569709c72e4834ac62f218,1764500316,1764500319,2190,34496,,
0xb19b1f95b52ad3dc3de6a7c207a24571f8f85ff38736b0d8ed5018fb116b9718,1764500316,1764500319,2190,34508,,
0xcfd7fd6277e9d6d9fa64f211dd14fee8410cf06a1c0274b9561f90ec526c0dc8,1764500316,1764500319,2190,34508,,
0x10d0af9c2a40b637a3a1b4f8017bcfc5011a1d09e47a246fbbe01fef1c61d135,1764500316,1764500319,2190,34508,,
0x1caeae0ba84a96ed4a57c8ae1cd3ef137c41211f21b3e4a11c246a383cbcef2c,1764500316,1764500319,2190,34508,,
0xfbeacdb7a15169978145fb72f40b59d50d81681a20fe461502a8e9c5d8d93f9f,1764500316,1764500319,2190,34508,,
0x1dbb786d8533687b39f9b3b8506951a4772c98cf249db61965b542301c4ac7c1,1764500316,1764500319,2190,34508,,
0x7bd2268bf90e71f6b74a1c532df053b78797a02975d01312e4e52e2ce04c9b01,1764500317,1764500319,2190,34508,,
0x988118f4de0cd39aa863fddf824ffbd7ad24406c98fc34d8f8c6ff31e9e8ce2e,1764500317,1764500321,2191,34508,,
0x6d8a26d557ceb859b15d515fdbdbe0a51e4793643404247b750a1a2511e0f9b4,1764500317,1764500321,2191,34508,,
0xec101cb31a4e5a27979e98d2270b04d8a493c6e52d63cb4a4f4616a6debda3fc,1764500317,1764500321,2191,34508,,
0x5c89dbda5b4aa17c6f2e482e5b6537a4e6fca0cc845539b543f65e520e62ca76,1764500317,1764500321,2191,34508,,
0x822ce58bba7be0e609c70aa2ea29ba5b42623f0755a3deb322f51203a23f35b4,1764500317,1764500321,2191,34508,,
0x9005be679ede899ddbed41763ac3ffd93c788b4b83765b6bc0772d4108b0ddb0,1764500317,1764500321,2191,34508,,
0x3a16d98b1bc82179e6a3d4f9261e3b7f55121f5c54e2a0b59be8c2850e335364,1764500317,1764500321,2191,34508,,
0xf7b325e2a7d761e4337684c115a356aaa3be8c3fdb44a40fdcd28101599d758a,1764500317,1764500321,2191,34508,,
0x85285ccfe1f98c9232ae3be621b4d86cb4167b539520507bdd0371491c9b74b1,1764500317,1764500321,2191,34508,,
0xc3d79a323a5b9341ef39b81092d7e2e7ae64d71736711b761b1bed7d88178015,1764500317,1764500321,2191,34508,,
0x96e2be5f41ebc674b582710092bbec41b07e3aec52f2ad8b454dcf2e58246b8b,1764500317,1764500321,2191,34508,,
0xeac86f577d26adeb46f1b7dc6cf40da791fa4a16d5000f5bc3932b3dba78c04d,1764500317,1764500321,2191,34508,,
0xae46f89bd04fb03529d6f73bbe92f53bc2848817e0d8cacf5dda9f00b9731721,1764500317,1764500321,2191,34508,,
0x076088226f9ee4271b5bf87f6a4fb74f5f2f5f4f2f7b994f2a768de624e227b8,1764500317,1764500321,2191,34508,,
0xe27404ce7bfbe61f897030fb48548df9033bcca19d5a4b2537a3be2006461fc8,1764500317,1764500321,2191,34508,,
0xb75ed5853c979b05f6c1fef41de992e05733c049001914ed429db1a4de35d373,1764500317,1764500321,2191,34508,,
0x7d60ba97965e37ee7bd958c6643841c5131e450de229ef8385c1438005b5198f,1764500317,1764500321,2191,34508,,
0xb101dfce7685b258b37ac2de535838cfa90a833311c5ff4605bcee4abe75f5c5,1764500317,1764500321,2191,34508,,
0x2b6ff9b2806af8cd817fddde4e8f326881bae9a786697a8ecd5d3c395739f2df,1764500317,1764500321,2191,34508,,
0xebb803d7a24e00616d4e9942496ed6985ca5abecbad625f8eb49a3b727f3694c,1764500317,1764500321,2191,34508,,
0xbdbb9e248e1597bb5c714b1c5307cac57df0211f85126701f777aa6ca1ed35d0,1764500317,1764500321,2191,34508,,
0xf0670e410a74a41162f25f88e37fc02e1a7ccc947f2c7afcb02fc1245998ac8b,1764500317,1764500321,2191,34508,,
0xd6dddfed8220de901717ad029e6e03581599df60ad642a52a52ede75a467d78b,1764500317,1764500321,2191,34508,,
0x7539c8130d5a76b8ea24f680dfed94eaea8561e957408a1694348383bcf05fb6,1764500317,1764500321,2191,34508,,
0x8f4d38bfe8c2296b9c30fd5a73b139a46f9f33de75b1b3b74587d37e05d96873,1764500317,1764500321,2191,34508,,
0xe3ae4dd09a798424e9c3e72d6aa339053c4a9634fe49c5175f70bf6029bd2933,1764500317,1764500321,2191,34508,,
0x4696ac4713e0dddfa90e3294533b9e6ad661fcc82bc5a7ba6877e4c5e1090da7,1764500317,1764500321,2191,34508,,
0x7991c602c986580c3f64e17925fd5efcef5411001201020a18e17ef511e15697,1764500318,1764500321,2191,34508,,
0x7616f7201cabe387f0c453ff1afe9479884ff3af88cd87a7eb967797387ae383,1764500318,1764500321,2191,34508,,
0xdbea483ec722ebd01a118029b8448769857026b24b3e98beca603f138aa8a146,1764500318,1764500321,2191,34508,,
0x599b3b224b494bf26bac0b8f0c4ae4a7c90283dbcc41e379061a01abd28f57a9,1764500318,1764500321,2191,34508,,
0x23c2f2fca0e890f4ff25fcb0ee5999c4ae48b9a95ac4ddd310d3298117517269,1764500318,1764500321,2191,34508,,
0x34a0fb0cc09e0d3e59f54395b0397d71bca99b647e4911d358f8299d4ade6a49,1764500318,1764500321,2191,34508,,
0x538114d13e2341d0efb2716c50e1cf8bdc0be260347ec9e401eb3dd1532c9744,1764500318,1764500321,2191,34508,,
0x6c407edde5e49e27ab4742560d1a0605e05b5ec6b06535a2ad8e2a03c76ca445,1764500318,1764500321,2191,34508,,
0x766818a17f25160ff2ab9a378799543bb51d17a280214fd746a49aff28e5071c,1764500318,1764500321,2191,34508,,
0xf9048d9aec91bf74055746f901f985391818dfacaf19e6c769d325dcf5fb0a62,1764500318,1764500321,2191,34508,,
0xea4a32b2a83125e21c5d47ef31e6d46fd6417e42bbe07948891cd043d888b456,1764500318,1764500321,2191,34508,,
0xc6b4ecceff19c5b19fc56dddf846aaf9cc14dc8abee1e48914cc72a7c9ddc604,1764500318,1764500321,2191,34508,,
0x88a9c347bc499f0b298c45c9cb1a18cf48b7f8787edb41047c0c2f847ec7deac,1764500318,1764500321,2191,34508,,
0xc787697646e1bcb83443c01022c08eb7ab4b52667ef8fe9ca0337a1833c6ee92,1764500318,1764500321,2191,34508,,
0x1164b4d5f7fcc661be0dc89e28732661d50ae2452e60bb802e4fbe64a1b083f5,1764500318,1764500321,2191,34508,,
0x8a1b95fe0a9141b1f3e6b172b477d0ea2eb3ff7e8ec39bcff6dd352cba97563f,1764500318,1764500321,2191,34496,,
0xa207aa2a93a7e27b8c7707a54736ea8e42ac56f8d7011a55068e68424445fb51,1764500318,1764500321,2191,34508,,
0x820cced62df9d2c7a80bcf1d9aaebfad56a380441fd69fd2765f3f61cb2ce389,1764500318,1764500321,2191,34508,,
0xa5421dd82981d30c9895ab2d0c96a23dd9e6f502013820fded701fed12b4e507,1764500318,1764500321,2191,34508,,
0xc1b8055f72d4c255b3efd48f12fdfba4cbc95c7f46389712fa2184c2a9b8feb3,1764500318,1764500321,2191,34508,,
0x3a3b8fd0e864872b31703cd704febc3d9c29336b505519de65d3058c72a36a50,1764500318,1764500321,2191,34508,,
0x3987546753f7ed2018e1d2106d5b1d436db1a33f09f73a857f4a7b17bc00e73a,1764500319,1764500321,2191,34508,,
0x7b0624afef7c2f710006d51c0703b1a2b4ba0a68bdd0b217c253a6b9624dc55a,1764500319,1764500323,2192,34508,,
0xe10e628d2724b77916b5f00ec6bae0b07100e53903e0f0c3a7c8a4ad4c44a29c,1764500319,1764500323,2192,34508,,
0xf73b9e77048cbc150b746c92d583affebce22b198a67bc9fb12df7e27ab9a9e4,1764500319,1764500323,2192,34508,,
0x35f9f47e75ef78dbee7134db06972e2ecfa8f0937983e630727e19d277bdae72,1764500319,1764500323,2192,34496,,
0x1c7354a9d7b2e924d23c0730e188c887eaf6859ea0214fbeea9e38d74982406c,1764500319,1764500323,2192,34508,,
0x2557d38eb482e5e754f8929bd4dbabf93c7519ba1601e5890679f4b419167636,1764500319,1764500323,2192,34508,,
0x0f95431bc791f4796eb573d861e51e1760da4bca9837b3059b5d8d639632bd53,1764500319,1764500323,2192,34508,,
0xd1e80fc6e1e500229a0215252ac047c41bf306a8088646c010c250d2d504d937,1764500319,1764500323,2192,34508,,
0xda7c0bd2095e6e4cbd0ea4f14cdd663982540ebe5b4f4ea0a78857a4f78d1ea2,1764500319,1764500323,2192,34508,,
0x850b4155854b515af79e04bd08e0901f85e3c2694eda1f8bbe7961c6e9af3eac,1764500319,1764500323,2192,34508,,
0xffb423ff63d544265bad2988085669415d7d3f952fac8d02351f21bb8db54208,1764500319,1764500323,2192,34508,,
0x662888acc2dded1405adb802f43f28372cda9dbcc26851d6de80c72203610e69,1764500319,1764500323,2192,34508,,
0x31a707e51409bd55ce2baace9be7c1a11684595cea25aefbec28af89adc66a07,1764500319,1764500323,2192,34496,,
0x3e77cb1bdd843d05c4b1a9df233141186b6e50eef07c62aec8eb26c5dd5a488d,1764500319,1764500323,2192,34508,,
0x17cc4aa71b971024b549dcffb97cbbddfd73c459af17fbe1c1776806f1dd64dd,1764500319,1764500323,2192,34508,,
0x8d075cd4e68c14fd94ab438775465039ee301d9775520072c7ad4f4dba85ac8f,1764500319,1764500323,2192,34508,,
0x13f206daba99cb24e280b88c6ba32443e8e009181e25c92eac987d399f8b2831,1764500319,1764500323,2192,34508,,
0xadd1016258c14ecbae58a597b60f726dff7eb3928057f58a00107e1ad5c0dbc4,1764500319,1764500323,2192,34496,,
0x57fa1670aacd452bc449164e83aa0cfbed12f97057ac991b0e89a35d6e7cb9e2,1764500319,1764500323,2192,34508,,
0x6fe5628997d137326c0983904dda2c87020d4fdefda412401f2d09a91598442c,1764500319,1764500323,2192,34508,,
0xd61ae3d35b0e4d0e10915d33690dcdd94078a3ef8733d2ed2298bbd1068f783a,1764500319,1764500323,2192,34508,,
0x60ae1b596a7e39476db6a1ebe7467405cb1214b89539be6ad4e90c8e7374eda8,1764500319,1764500323,2192,34508,,
0x28894fbe51f718f4c385a084a7bf718062d7d408d4c29cbe8b0b57f03d8bf443,1764500319,1764500323,2192,34508,,
0x90bcb942af3b27fc68c37254046d5b20c82c5f5e65479360b78c114b12a001e4,1764500319,1764500323,2192,34508,,
0x553f377f2406c8467b8392261f0f5a0a4cfc8b1b13ef3b88d801ec22ec50b89c,1764500319,1764500323,2192,34496,,
0x42f3f0ee7f8ed46ba0546948f501d158696f9ee94eca4f981d3404b62f66c8a7,1764500319,1764500323,2192,34508,,
0x008e99e8c8ffba9e5f076822db1508e39c39af1561af4435fd52513ade85c629,1764500319,1764500323,2192,34508,,
0x2f46737e20e02d0ec561511171499bd3cf178a1e304ced15c284549ccff4e039,1764500319,1764500323,2192,34508,,
0x0d2baf6d7dc103bc757780e1992b69e8297256e0ead47be8b3d91b235c762bba,1764500320,1764500323,2192,34508,,
0x260739970e0e90cf0d43ce60d64bfb5f6199eba622999bd2294443265e46a33d,1764500320,1764500323,2192,34508,,
0x89bca45979505873633279439419826851dca8d5d2bf3b00ec1fc4a3b59eded4,1764500320,1764500323,2192,34508,,
0x16b8a5fff834a294ba805c47871e8d604f2c144b84a4a691fe953dadd6c0bc8e,1764500320,1764500323,2192,34508,,
0xc0a57b4c49112eb9fb89258097fd7bedd391d767f2187dd6efe7b1ce6edf57ae,1764500320,1764500323,2192,34508,,
0x91b8459d0d009753dbdbe19c018b0e741e0792d4b94a6649edd12cd5c0ae1bf0,1764500320,1764500323,2192,34508,,
0x603832a7d87f507920207122035653d2c90abdb900c7fd5ce8f5d14032305c62,1764500320,1764500323,2192,34508,,
0xa2cb09f1cf0e01c4af1ade843ab05f613667b92ad1348f3c8a4137cec4bfb149,1764500320,1764500323,2192,34508,,
0xf143689dadc4f8eb10cba006ab8b184c6b826eb46b1fbf0a5e7b3aa41e08eb96,1764500320,1764500323,2192,34508,,
0xf9f2eb4949ccc7b21131b7a11ac6fddfe175c02398bf4205e6a21cf446b37701,1764500320,1764500323,2192,34508,,
0x1ee5eb3bcc7897a056155ad307333c6f2649f1a8b1b1d68cd40266469ccf8f80,1764500320,1764500323,2192,34508,,
0x5106db788e0a814131033f42e068504fe0a438678c76fd921606e6159a2fbfb8,1764500320,1764500323,2192,34508,,
0x785969006c362201b05e19e1092cc55674deb42c6ef22b5c7b0a5d4236afbabe,1764500320,1764500323,2192,34508,,
0x09b24106b23635b9cbb22c16eec7c6337c6a4f4a50df7a04ac3aa71238283e9d,1764500320,1764500323,2192,34508,,
0x6d9c620639f26d356ec8ac99e91d367d3bf9cca0b83e87a023de9f2c1abe71d4,1764500320,1764500323,2192,34508,,
0x705031cbf959db6d2a015a1add6cd5440bf0937e47de4c9f9684a64b7de10c25,1764500320,1764500323,2192,34508,,
0xc50a15e9476124675c5fa3abe6a8f938bbf21650eddc4598084f46794c919503,1764500320,1764500323,2192,34508,,
0x431b241935800476e372f7f9fd767e0ad652613b946968607c2eb71272c7e88e,1764500320,1764500323,2192,34508,,
0x63f8c5b9aa2e7bee48a8c8f7ac6970b039dccabff77d979e13e8c2bd6a516807,1764500320,1764500323,2192,34508,,
0xa7e1cac585b664467573a4ee9ecc0b63b1067f3ddfb2d2cb58c329b62ce0c835,1764500320,1764500323,2192,34508,,
0x1ec7257445e54976a0ed7a4f8bea08d82241d859d88dfc985434610e474f6028,1764500320,1764500323,2192,34508,,
0x5751eba58da8b0c086aa86bc0540399cbf3ef75ba0e35f4edca72823c0615195,1764500321,1764500323,2192,34508,,
0xf3b063a2a33a923fcf5f1b38455c35cc946d69ca09fa6d04a0ba30d47eeb30a9,1764500321,1764500325,2193,34496,,
0x0d639063ff4b0cbc2285db0df9bab4dba7d57de4a79dc137ce02c3022bb32174,1764500321,1764500325,2193,34508,,
0x5804cddd03bd39cdc09c5e6b3fdb4016c15c34a3fc83b0a30e37594b714a380a,1764500321,1764500325,2193,34508,,
0xde44fb6b337703d50bb182b81408f4f788ed7952eca501a06e7d1d6e39d47d2d,1764500321,1764500325,2193,34496,,
0xde75af6d241ba73b18945144d65f8d47e11dc9b30c15bbe74850ec723ee82715,1764500321,1764500325,2193,34508,,
0xe61703489c5f7635b2608c7860e59e8b20fddcb81396ea3db14d1a0d210ba819,1764500321,1764500325,2193,34508,,
0x0b489f6b27031d011a26c125838adbec592851bee7610aa81ab9f7878e314f1b,1764500321,1764500325,2193,34508,,
0xc45c0a972b65fd0d25b365831904a13ff23d3bcf333f79be2d643ebfb0413889,1764500321,1764500325,2193,34496,,
0x0cfefc0cc49cc62f6ecc0000d0b8ea494eb811ace044e33ef67d03edeec7af1c,1764500321,1764500325,2193,34508,,
0xccaee2ea1a9c7d51bdbd62ce9ae5650f70bddb19381a8ab666ece5316c133ce8,1764500321,1764500325,2193,34508,,
0xfe134725eda23b43f3590e050c53702331f66b96d556084424a1ffd414b1667e,1764500321,1764500325,2193,34508,,
0x0fb5d223ebf9cacb2cacb45e54b5728021fae569332a6ebbf05d2e953982ee41,1764500321,1764500325,2193,34508,,
0x7debee92ddccca3ba951c69efe03ac4d8a875384608dda03f6b140e98e98af3f,1764500321,1764500325,2193,34508,,
0xbd0f5cb77995547ace1610be42a489f6fc69c7dbe39412e92c422104a69c1c9e,1764500321,1764500325,2193,34508,,
0x29f1c46e373049372e451fb546c89d30ced8393f853ce586bf986b8a716fa9e5,1764500321,1764500325,2193,34508,,
0x132b4aacc4b5cacf2cbe6c934ec0a33cc1a8f2ff2d652c49a429bb4f562eb680,1764500321,1764500325,2193,34508,,
0x54ea22208dfdd4eb86f485678e06c2cbf2cc92392a7e8450ea95c549e2ee01ed,1764500321,1764500325,2193,34508,,
0x8e9bc5a201fc60937c0250b49d5e53566af526bdab7b04f9c2e03bd2ae05cb80,1764500321,1764500325,2193,34508,,
0x97e6e827f3091a8ff381fa081ca6940054a8ce360233b5b4543cdbdecd4ecd4c,1764500321,1764500325,2193,34508,,
0xf44070a54866344098fe4e2cc8c2069e0ae99d832696bb672aa165c699d593e9,1764500321,1764500325,2193,34508,,
0xe0cef066849d5171601ede723c63717dd032354ba8658daa80098af0209e4e49,1764500321,1764500325,2193,34508,,
0x56ace12cff7dbe9758e3dff769cfdd177d9b6050bbc8e32b9675f8ca3df5c811,1764500321,1764500325,2193,34508,,
0x0607165c4cf81590b8e7d6476891749c07b5559a04ec07300ddd5a627b9f7e2b,1764500321,1764500325,2193,34508,,
0x4a085435f9dae21244c470ad1a78c2f763c6ca0df049402376c93e64f8a1f8cf,1764500321,1764500325,2193,34508,,
0x648025cc89a0ee0590d80fb1df9a1eca47a34d7dbea1e84dd81a207014781586,1764500321,1764500325,2193,34496,,
0xd8ab95237e75876ed06aee2bfd2ab8692c67e67172870925be86317f0f52af8e,1764500321,1764500325,2193,34508,,
0x9ead37a06a5dd277914e35566c187cec7dbed2a680dd06957caec6fb97c1f1cd,1764500321,1764500325,2193,34508,,
0x3b7fd3e31c35e4192fe5aada0671183518e11a4481d641c5ceb5562c3c97ff9b,1764500321,1764500325,2193,34508,,
0x6961825c6824ab3acee7391f9d6a796c1d811b7cb0450555efb99547c2b706b3,1764500322,1764500325,2193,34508,,
0x33a4fcb5551cea5760df17e46acceac33af9434a239c81932420a041aa2cd4b4,1764500322,1764500325,2193,34508,,
0xc6ddb2ae6f33abd66946932e39fbd0f351082e2cbc7d6d673acd002497c411b6,1764500322,1764500325,2193,34508,,
0x9b8f88ca0cf8b973f31c91cdf230f3477077fca69c5a2d5119548f89e9838214,1764500322,1764500325,2193,34508,,
0xd18c6ed8eb9896b03b667ed0585a5b53989e32e1cfed1f76559ab0c61f094f3d,1764500322,1764500325,2193,34496,,
0xa6737de03296c5c5c2197c7db8f003a6bae35ed1afd45d31420bf4aeed8cdf85,1764500322,1764500325,2193,34508,,
0x7086eaa5f01ef297277d4791cec4147b0f2580e4a25e938de4a04baa71bea97b,1764500322,1764500325,2193,34496,,
0xc44e937a7719040091fbd0da9560361efe702d501e0efab75a96ff31d8be3a93,1764500322,1764500325,2193,34508,,
0x0b4d9a241eb34dc2530642e17d4cfe12d17c5eab6eea97169425da3765f577fe,1764500322,1764500325,2193,34508,,
0xb2a8036ea4c37c5f4174f989522cafc2179c7615604d9f5b1e3b887c01edb897,1764500322,1764500325,2193,34508,,
0xe91719c4ab42c7c834b20e12e163b9a94dbea013ae62c3beab9cb0497d8a92b1,1764500322,1764500325,2193,34508,,
0x9cba66429482e1af77f68073e775b474f9ad1957fffc2d8a597b6cd495c81f86,1764500322,1764500325,2193,34508,,
0x71878157764d1a20bfd9549a48beb4d2c7cb89ab49bf439164b7f9329676e97f,1764500322,1764500325,2193,34508,,
0x7409d5a8f77d01121d86f88e48d8d644f12c0bab4e4a0d4d400d54a06f9d08b9,1764500322,1764500325,2193,34508,,
0x53d1cbf126e7edab595c5ae38c4e09296e87bef60cac7eeb6c961a59b6891926,1764500322,1764500325,2193,34508,,
0x99b1b12fbd7d0d8225147d47279e76f2c24567a0c87f4b5eda898b633fb26c57,1764500322,1764500325,2193,34496,,
0xf2afda5abb99759735ba23c4b5a4121f757a6840b3be5876a10644e6b9b3a05b,1764500322,1764500325,2193,34508,,
0x2f7c1cabb941aa5692b2e104f6d03bd0eb487526e1b7a8845f87cb369eb2253c,1764500322,1764500325,2193,34508,,
0xe2f5caff36a72bed030d93ff4f4176fc4a0b76558b4d3d780aa61e09caff52e9,1764500322,1764500325,2193,34508,,
0x5fce4350976db69953e49873279533001f228fa4e7c6feb158e038a9168e190d,1764500322,1764500325,2193,34508,,
0x2d1d1b5b3bf51df2f9218f4198a5e3731bf6016122960dab56e03163f7a414cc,1764500323,1764500327,2194,34508,,
0x96eb1039e2a821976f5c3575cd420610d9890bb72fd1e4c21309c0a30af53377,1764500323,1764500327,2194,34508,,
0x3a4fc479c3361b3e4c45efaf23bd02cdb9488e55cafa253a111c3145e5b5e84e,1764500323,1764500327,2194,34508,,
0x9ca1ec3c897e3b2e3f5044793afa0814c94d490f6f76aa9c485421a93c796b3f,1764500323,1764500327,2194,34508,,
0xdbd36407ab4bf5f4ebab656a65c06e8fce6b30cfae2fe7d99950e3d104cafaef,1764500323,1764500327,2194,34508,,
0xa4587b5ce3b611f7879f61deb4ba10303930dc322bafcbdbce1519fa1acac000,1764500323,1764500327,2194,34508,,
0xa7f604a43945c8f6ea8c266be8bc1b97ee2e7bdd8fdab6ad97fba9e5a2f113a9,1764500323,1764500327,2194,34496,,
0x09a7ebb56a1b57bbfebc0f23ace97842950fa58642e694f000ceab90108af2bf,1764500323,1764500327,2194,34508,,
0x3a70702dcbe97857aaeebec457b81d24cc8687da243d512959d7da6ab242074f,1764500323,1764500327,2194,34508,,
0x528ea400320e24477f319f1ffe794da27a54bb09824d7a0e6a7b313352cf2f09,1764500323,1764500327,2194,34508,,
0xb248bf83d20138f295aab8ea7967b05944cd602c75b3604d78a1f20331bee77f,1764500323,1764500327,2194,34508,,
0x8fd841b522cabce4c59f70a446b06d24ffeae56039506fcf3b5fa43f3824cc8f,1764500323,1764500327,2194,34508,,
0x31ee8c47cb5da93bbc8f1bbadfebbac10fdddde794b9d67b241127600b45e497,1764500323,1764500327,2194,34508,,
0x6aa8949d32998886be1575649d689df3bb062123c2b4f051fcc7a6587df47ec5,1764500323,1764500327,2194,34508,,
0x818e2b9d302c1940849a5f30730bdee9de086dcba144019c12b2d3ec50917487,1764500323,1764500327,2194,34508,,
0xc3979e20409baeb8d6fbd46215cfb3e121850444a185810ce482eb8af7a76e41,1764500323,1764500327,2194,34508,,
0x8fee860baf3ea119b267ed9e1929b4911f31b72333aa16598a149917ab5c5e57,1764500323,1764500327,2194,34508,,
0x98d0c5280380f4518eb9ac3798c5e8b3848bc3d07a6433193a736e6a103a5ec6,1764500323,1764500327,2194,34508,,
0x94fee2bb085670d5938814774f153a6956f1dfaeb5229ecfa6dac903c86994de,1764500323,1764500327,2194,34508,,
0x5110fb07373fa9d74e7ae6610c4346607b47a043b2b0ade01ecae91dce15fb8d,1764500323,1764500327,2194,34508,,
0x99b23905a52e3a554be95a6b319ad0632619e5ae8770e795a80ad733a173e0a3,1764500323,1764500327,2194,34508,,
0x9374b2f795299f3bd81998c7b8f90e5b7689ed5a559337783a7d4d6e8e2bf97a,1764500323,1764500327,2194,34508,,
0x7b002d0d5a863eb2dd56922bbcf56533bb4c6bd9fdbbdb682bf4f827e960d453,1764500323,1764500327,2194,34508,,
0x15b54211357ab924e7605ef44187d4dc3957abcbd3d93d154542d34f2c136152,1764500323,1764500327,2194,34508,,
0x67bce9c13820c9a823d72031fdfb418a958b754a680ee283a88e6494490fd39a,1764500323,1764500327,2194,34508,,
0xb304dc846986e3de84e4ae2fcdfa11b9566dabc13cb0a9dc12c42ec5ace4a647,1764500323,1764500327,2194,34508,,
0x86ca29d1af61a6356c23447702cd6b655ecb48ed3b57f4289a2e28fb1e85a280,1764500323,1764500327,2194,34508,,
0xe52ef57ee32e96ac54e92e1c15d50456ee9cf5c8d58ca55ba102ab228df1cec1,1764500323,1764500327,2194,34508,,
0xd01b6b3afd73ab26ac5c9ecd3c0e790d02284cba38e52594fe5b46b5ff6c0915,1764500323,1764500327,2194,34508,,
0xd5ae0e91afddb35e5c92959b5841135461dfc46aa6eb8fbc16b9af5e878306d3,1764500323,1764500327,2194,34508,,
0x77e1e72f3fde6104d0e9ceaddb5b896fb1c39b024349abb11ed8e5273240c03c,1764500324,1764500327,2194,34508,,
0xf626b3125ea693e86af6e9c14771290b6e569769afe010c70e9bcd3dc8531ee3,1764500324,1764500327,2194,34508,,
0x2a411a694dbd52268a434a444b407094a91da22160f3086ada21e8147ce7c877,1764500324,1764500327,2194,34508,,
0xed3d0b001e6709055bf37cfb0778b861c0218d6dd5765531fcb6074271f1b689,1764500324,1764500327,2194,34508,,
0x21c30920c6c6c4b0dd2741f7a88f78896871cedddaf033888ddb461a58e4d040,1764500324,1764500327,2194,34508,,
0x2af4df1852d86e2996b605210c0033de9ecee3bbbaab73794e7e53c633fa2d0a,1764500324,1764500327,2194,34508,,
0x7a5d4ecb14562a91959687c72ed4335a434bb36b08356330ea807865bd2a2c81,1764500324,1764500327,2194,34508,,
0x7eeda764aa3f40dc2c070003aea8185d8479c2dc0baab76953de747301ca76a6,1764500324,1764500327,2194,34508,,
0x099fd9deaf3c3adc16c3da9d7ca575089c22df2b7f6f5cc58f1926d130f3ce7f,1764500324,1764500327,2194,34508,,
0xbb01fc155767a2f0fc36c226ddadb73da23e0f29bd9cc824882104a5fdc3db87,1764500324,1764500327,2194,34508,,
0x389083b3110f340722a2786f9950290c8bd22aeb77fa76f2aae434047e80e708,1764500324,1764500327,2194,34508,,
0xa21d9a88ec08b01ee0e5f6174435572794165a67e36dbd6dbe04c442f63f96cd,1764500324,1764500327,2194,34508,,
0x376a3bb08abc289090c3ddf0d789e43dd7ed0bfe74a6d944d28df1277c575231,1764500324,1764500327,2194,34508,,
0xb793bfdc9613eb6a469b639ce3f6c2b1fb45ccec6b30174d7d0b6aa5aad8b779,1764500324,1764500327,2194,34508,,
0xb2493142efd8fbc42b046c1f8efefe141dc5571b4e6a5bf0de741b134b5bbac1,1764500324,1764500327,2194,34508,,
0xe8dd4361c45cd63a97ac7b4070030defbc25a38ec494e6940a7a6f7224f651ca,1764500324,1764500327,2194,34508,,
0xba2c6520e3719aca1526778213bc3df34f7773823b1a7c2c3879d84a8b0f71c0,1764500324,1764500327,2194,34508,,
0x11803a522af36c2ce05041c0c7ea2bc33d8aac500ca03b766ceb65350c8882ac,1764500324,1764500327,2194,34508,,
0x1dad873be9c0f3d7de12e0e84f6ccd7342de91126b7d8a3055ab20496452a240,1764500324,1764500327,2194,34496,,
0x631ffeb3577dc99c956cb7a4c59b4fc446f72c2c5d2d1a49f09e8b09f05f548f,1764500325,1764500327,2194,34508,,
0x592e998fadccdc9bd2faf4a1e5e1243687918bb2ff680f57211727554de55fb1,1764500325,1764500329,2195,34508,,
0x45bb08ceb96e6f3f204ff82ae654a721d9c3870e9660476e29324ebdb590ba4e,1764500325,1764500329,2195,34508,,
0x36c1c958439ceb35b96ea9edff64e97939b1025d7ca246dd544c3051ce0034df,1764500325,1764500329,2195,34508,,
0x0c2fc38d495689eba6fd7f18fa72924282fab7196dd8f05998a237e708edef92,1764500325,1764500329,2195,34508,,
0xcd0d84a232b8e476f7db45982828756a0646de0ce874a24acebbb7a63b58f108,1764500325,1764500329,2195,34508,,
0xabff245fd0d9f41dfdc9336b84a48ff2f8e1e75ff1a1258b73aaaadabb7b8895,1764500325,1764500329,2195,34508,,
0x80a398bf0e2631400c919624c0bc67c04441d3a4a05f9dcd76904939348b70d9,1764500325,1764500329,2195,34508,,
0x4a3bdf6b7a0b656c280ef24cbf7e778bfd8e13d53f272888ed87fb1aa2dcf593,1764500325,1764500329,2195,34508,,
0x588b7d684bc232ff2a3d73138bd4d71966f11962a7e92fb732c9245f1e83c9b4,1764500325,1764500329,2195,34496,,
0x45d22bfa5912a0dc7fbed21cbabb499d8b03783786b1b15824432de530a718ed,1764500325,1764500329,2195,34508,,
0xbfc211ce44df05ee7edb22752edcbdc72853f9f2302b3b2d897ebb80ece8e8ac,1764500325,1764500329,2195,34508,,
0xd8651922a336e70093d4724031d5f7e7e7c27c3218067b3649e89a7b0127b3ff,1764500325,1764500329,2195,34508,,
0x361a421dab10448303ed45208b5e85d45d7c55225cfda532cea6bef3b11018f4,1764500325,1764500329,2195,34508,,
0xf119a2ab4ff3ffe85ccae8c3d2f40a22fe8d339f13177d85493b7b5cd0aa3c55,1764500325,1764500329,2195,34508,,
0xab840dc799ff81298b39e371145fe7be8c7dc0c3ce2157150fdf355c60cac506,1764500325,1764500329,2195,34508,,
0x7399c017bbe1b37613b5f80918bfb5d6f4363fe938a2f253e141fc9afc514596,1764500325,1764500329,2195,34508,,
0x2514ee7b247af910a3843a03b2c852ccccdd6599ccc02235f6d01b64cc1daba3,1764500325,1764500329,2195,34508,,
0x958d6000b66634682d35eb6284af05458b38ae2f38d9f2334b5398631b4a19ec,1764500325,1764500329,2195,34508,,
0xf7d2251014c3f269fd84fafef91a75b296cac2f201b31040d784e5bd6875deaf,1764500325,1764500329,2195,34508,,
0x7f9ff692ce2edf2b143456f2116022355fd082e9b1b8fc9309803bd009270ef0,1764500325,1764500329,2195,34508,,
0xb79168d0f371e4232dc1dfa8cad5def11eeefb9c9fed804c771d14e55670a57a,1764500325,1764500329,2195,34508,,
0xe0ef0ce15d44ceed9750c3becf3c356f313f06970787834567b123d723e7d36a,1764500325,1764500329,2195,34508,,
0xc00110ce07ccd8c3f35df1312aa0273f66df9c5b8a229479423b47a020c432cb,1764500325,1764500329,2195,34508,,
0x29c5304b1b360b53f45e99e2f2c2f47460ab7e295cf371229597184b9c296b82,1764500325,1764500329,2195,34508,,
0x857944ccda8ffe8d7d5888a815d4ef40ddf2f8d5b95066fb168fa8273d31ba5e,1764500325,1764500329,2195,34508,,
0x08b81bd7b2337df9a83049d5b2dbfbb0ff6b109e4a869dedc8df99901f74291a,1764500325,1764500329,2195,34496,,
0x05190bc35be5deaa009d0243189259472aea05d49ce7d9c4f5f3cf8f785b8e35,1764500325,1764500329,2195,34508,,
0x14448206a9fbad544415995daa442e06d503d62d166abe4dc6cb9b5df55d1466,1764500325,1764500329,2195,34508,,
0xb0795722a06caa7731ea36e8ea1ee019cd4aec5261a9a618ee5bff97c7df2692,1764500325,1764500329,2195,34508,,
0x776e2d5d76e1caa1be06383625b3726dd0eb33bfd53432864dd2f30c8ada88f2,1764500325,1764500329,2195,34496,,
0x6002f40b591eca0a416fa57c5bd1de4a7ed98a0d34218104667c523575c144c3,1764500326,1764500329,2195,34508,,
0x380013bfd8c650f904e1cd4f8faba7f1ee16e06274b9e5050b892f33d2e09324,1764500326,1764500329,2195,34496,,
0xcafa1f4081f88f1053543ce7f9c8574f52eb6e055c5448eebe32744a8820dabd,1764500326,1764500329,2195,34508,,
0x4c75a35ec057eedc1d4aa5df5aba414f610a7e6cbe731fc731dbcb928108082c,1764500326,1764500329,2195,34508,,
0x525f2bbdb23213faaacb8173af65bbcc2307a4097755b5fec5d542404abe02a0,1764500326,1764500329,2195,34508,,
0xd25bdaf3b8ad8bde4a28f440292c15a26ba09495d25f9aedc7d9fd5eddc2305f,1764500326,1764500329,2195,34508,,
0xb5f31c2d0a72f4d28e4dec9ac3c33cf2e5bb27655898beef5b7ed350c9afa393,1764500326,1764500329,2195,34508,,
0x94564fa69e50d364650c6beb4a44724180e3d5b6c74e9fb3c67ba282f7b0f1d5,1764500326,1764500329,2195,34508,,
0xf7021c8c477a2becd3f0868876d6e08cea8252dfc32265ea8107d28cb2fa2a59,1764500326,1764500329,2195,34508,,
0x29330039dcae310e9b14ff234289679d0dd1873714e984025e732ac26cc5e5bb,1764500326,1764500329,2195,34508,,
0xcb481ae8f785f48ac420cf1316d19d170e5626aa9e590316b49c5aa922f00032,1764500326,1764500329,2195,34508,,
0x2079d0093e3fc2cee32fc8f9ec2a372f0a0c06093705127ed7dfacd2ad887431,1764500326,1764500329,2195,34508,,
0xdea3e48f9318c668879df8acf0a89b5da68b5a7d342848bfb51920854b29aedd,1764500326,1764500329,2195,34508,,
0x97cb79901a422aaf561279dc618c4bcc3dd76dce4684506be00dfc20bcecd811,1764500326,1764500329,2195,34508,,
0x25fc0997721be2f4164862942c1f24306828ad0e7aff86461f5d47365d94c106,1764500326,1764500329,2195,34508,,
0xc6c265d7c414bd3f0199b4c5c29ea3cc5d344dd5b19d6c781c6b216f4dd3b55d,1764500326,1764500329,2195,34508,,
0x3ec4c6d754cf63476d29345f646f050f6336ea0ba46a6f599e24b05416803926,1764500326,1764500329,2195,34508,,
0xecf353f8d9bdbb5a2a6a50888ee11c655c28064747ca55e6f9816836ae050c6d,1764500326,1764500329,2195,34508,,
0x006f5ee81920691a2162abedd45584408bc310e7fac5492067531523e7bbe5e2,1764500327,1764500329,2195,34508,,
0x05b4234cc42d80ada3d6455b242469d71a4ed2fc9ce06cf3e4a6dbf4d2743a63,1764500327,1764500331,2196,34508,,
0xdb53f76a98e49a25a645b76956cbe967ac57ba5cbd703fcd290385716a450612,1764500327,1764500331,2196,34496,,
0xc4da8ae041ad3652572dc092ea23522aa798ec4188d69cafb4ab26979e224d16,1764500327,1764500331,2196,34508,,
0xcc43b42655d60984ca9035eaad3e5a17d23bf6912141387b19e243d5a66f1d57,1764500327,1764500331,2196,34508,,
0xf3b5fd3e7805c841ba97e5b53d4b2353cb4a852a2e12058590b86d422e90fc45,1764500327,1764500331,2196,34508,,
0xd6234c9ba51d60d004ab572103d7488e3058fdfc35fec32350c3d944498458ea,1764500327,1764500331,2196,34508,,
0xed46bf8bb0be3260da90bced82b11858b76b81bd9f9d5f1c27743563d9e4cee9,1764500327,1764500331,2196,34508,,
0x96fc1b91ddf97c40afde9ee3dba3d38b35b747483023f443fb3e843d7e386164,1764500327,1764500331,2196,34508,,
0x448b2a5c2ce8f699bc3cfe1c3266b061513615c7bc65434a08d8ca4eaef15851,1764500327,1764500331,2196,34508,,
0x0984a9cf51ca3c036d843e3c75e791f90b8bb555ab29ddead52b534a4bf2602e,1764500327,1764500331,2196,34496,,
0xcead8c3db78fb40b5fcd149d757b9c916fccb739b8fb6c2017ab3b8483bcb69c,1764500327,1764500331,2196,34508,,
0xd84ae70b29be7a7eb47a3a94c7f486046e54dc98b0ee8d7bdc1571e4ea8f98ca,1764500327,1764500331,2196,34496,,
0xace71778220bd1733e650ee50c597f7e72509612153a91157d7e84c074e8dae8,1764500327,1764500331,2196,34508,,
0x81c875f7beaa9baee40edcd673a9fac72108705aeb332a3100c6afaf50ab7665,1764500327,1764500331,2196,34508,,
0x5d8de5644cb431ce7e5c1fe7ef4315c1eedf14fc67e408e870300c83549bb567,1764500327,1764500331,2196,34508,,
0x6cbff59e67615cee370e0e06225fee8e2b6500344ac7dfbb820e045755bb326c,1764500327,1764500331,2196,34508,,
0x643798d89431399883d8414601da63e2939dd8648373b26c44fcc07c0f3cab07,1764500327,1764500331,2196,34508,,
0x43babd204cb6f35635485be71daf2c21c76035a58983c9a6e5da637e28c73cc9,1764500327,1764500331,2196,34508,,
0x9ff09665da98e16bb469c61490d23cdf0b562ef47c9384fd7f06ce7b0037591e,1764500327,1764500331,2196,34508,,
0xeaf5c5ff358acf4bcae4540622600dfd1142b85b1cdbb70017f672c2c2747363,1764500327,1764500331,2196,34508,,
0xd40639df6f1ed0efb514d30624f85a960bbd4b88c52e9fe8cb479bee3648de24,1764500327,1764500331,2196,34508,,
0xa07e31240ef3a1c3557b49b591afcba3baeb3b5ecb1029274bcd672ba73e40a0,1764500327,1764500331,2196,34496,,
0xf297509b9db9f32c2a8816a022ff3b2630960018df93c0d06b2d8598635d7ee0,1764500327,1764500331,2196,34508,,
0x28c57172487d28a7cd8d8092e099a8549b72e5090f5976c4ba4ed2c4a21e21f0,1764500327,1764500331,2196,34496,,
0x2f16262c34fe21bc6bac15d4d4e73ff861b7a984fd3478616ec69c80830d2bc1,1764500327,1764500331,2196,34508,,
0xe028897c4a282b6b148b1e4f9e16f7ba673543fb5f5e5db519d8a71425f8a485,1764500327,1764500331,2196,34508,,
0x399bcb5ddb75c9848b49280be802a816b8afdf42201d1ae5a3b57df0cc2fd2f3,1764500327,1764500331,2196,34508,,
0x4549efc654e4c7b09f9ff12d0a752530d39db0c259f7227ee0b6a9874f6a40c7,1764500327,1764500331,2196,34508,,
0x913318b13a1f2a1c783ef01a03db83c7dfc749e4fb7fee3efd9a336ba3398d6e,1764500327,1764500331,2196,34508,,
0x44cf7f20f13233bf8d1b534bd377380c3dc4f382ce6dafc41c5145ff8cfb9210,1764500327,1764500331,2196,34508,,
0xf5eff188b173a48e97fa56fd881d33184e77bf5d84df9cba5ccb13a70c3cb788,1764500327,1764500331,2196,34508,,
0x319b9ec3954fc3c0f2d371923005f7183d7587b7c415e9345d09cb45524b6268,1764500328,1764500331,2196,34508,,
0x7ba0689d55a777e69162c4f2750b75eace7589232a17dcef68680c7e87fd7855,1764500328,1764500331,2196,34508,,
0x41868653d43c21ab7e4202a0db78492e2aa02321ea48566c085de609844a254b,1764500328,1764500331,2196,34496,,
0xb3fc1a71f12741148dd57fe55b6dc4d2e2ef78ecc93d90c8bf2a2fdb35671a65,1764500328,1764500331,2196,34508,,
0x3b9b87d9dbe9a58432cd4dd5f2c44eb34783e669d01afe7f3bb0ce4ee5ca1220,1764500328,1764500331,2196,34508,,
0x60fbdd64d4a7890ba7ac069875683e13d358eab746984e98416c727b41611e09,1764500328,1764500331,2196,34508,,
0xf29045e6fb59f3a7bd0bdb7e00f57a12b4608cc942f82dfee1672f05de7dbf99,1764500328,1764500331,2196,34508,,
0x36e19f551d6789fede84192d5111a8f95e3ff90757d30a6e3f22deec06396021,1764500328,1764500331,2196,34508,,
0xc7646f43524b7d4b894fd4430e9d7933055bbab27c7d8eecc704c228372b663d,1764500328,1764500331,2196,34508,,
0xf86037ff317f6d5cd71864d3a4094e54b21e9c14d4430ba22d1a08fe875c28fa,1764500328,1764500331,2196,34508,,
0xd0c52ee9ca56992188830cd8752615de9a659e46b80204dd6524c405db2bd6df,1764500328,1764500331,2196,34508,,
0x158f1f1a44973712f6f30c501197daad9fa0a1746171dd248dd742b6c183b203,1764500328,1764500331,2196,34508,,
0x4d5b14cb555b9d0b1ea15b9b483718ea3f0f2903d39070958afe7119cb35057a,1764500328,1764500331,2196,34508,,
0xfbbc1a7ee01623c73e1751e8ba20d4dadf1fad271ff03c57b1244138d587ebd7,1764500328,1764500331,2196,34508,,
0x277aafd37f7c44822cd04c2f3a2d58602a66c6092c593d585ebfc8d9a89c7de7,1764500328,1764500331,2196,34508,,
0x99c3d8b46002812b755e2fb411587f0f052034412a75cbfcce31d706b4ef7718,1764500328,1764500331,2196,34508,,
0xa340759b16bb150877763489cef341d6cf557547913969a3158be2f70ba5a0f3,1764500328,1764500331,2196,34508,,
0xf0b2ba48a30d0e3c2b9f1b6f37e59be34b696455c0b29b7c2296a55415331af8,1764500329,1764500331,2196,34508,,
0x3e2843dd1558f45b794716e308740ee8040f309ada149c3df7fd7410808fbf55,1764500329,1764500333,2197,34508,,
0xd27a53d9e6b948b7980e225b28a0e8421ca5e451ab139b6e9cad5aae564ae083,1764500329,1764500333,2197,34508,,
0xbf0a1e1c4c8367d5576113a5d9215537e7d4da4e3bad0f6f74665d1d5ea85f26,1764500329,1764500333,2197,34508,,
0x64cfd8eb201078efcf7e6d4d463d0cd402dc77e02d51b7ed53a5763d9227c315,1764500329,1764500333,2197,34496,,
0x00cf95803ec50da679cd740fafc8d9b361fd85b97476a824e2ebaaf8033053c2,1764500329,1764500333,2197,34508,,
0xa16d34036a7dd38958998739287f13110a3a85a13ddf31b41fb78eb3c284fd4f,1764500329,1764500333,2197,34508,,
0x940a7d08c1499665a8a220ff91585a7a89e4f4173fbf8dab129961570ef03f60,1764500329,1764500333,2197,34508,,
0x7cefb0103f88d88a4e80062a4b41e002115a2ac33304a5766d74292b492d581a,1764500329,1764500333,2197,34508,,
0xcc31a28928d37418e840f1a04a46785d2d24d189b98cd41bc7c349d8e9c23194,1764500329,1764500333,2197,34508,,
0x787373862f26c5fc7baf563c68255faa431986ccacc33030348fc29db8364aa8,1764500329,1764500333,2197,34508,,
0x87d51d2636222b8045140e8b7ae3903c487f07b596a7902a59cebaad1cc75eec,1764500329,1764500333,2197,34508,,
0x121d27de3b2a5005942c4abd64c139ff872014eb9fedfaf5666136c74cad009b,1764500329,1764500333,2197,34508,,
0xee1c5187e7b5e35a229d86323c583f58f4e048ddb274f0612d84c1eb7fb20111,1764500329,1764500333,2197,34508,,
0x7f13ad50a6a2ebd360d61a442833a5434e848aedc0c4928a5f8b145d49f3b8ba,1764500329,1764500333,2197,34508,,
0xe84f7b9b3c0762167b9c88886e5c067fede79bc2557a2155f2cab10184af7c19,1764500329,1764500333,2197,34508,,
0x3b507c8c8420575789016a3f10e8dfe17ba2d2191fec31220572623e17be737b,1764500329,1764500333,2197,34508,,
0xa8896397ebb003015fce944f2d29446fb7c90be34e2422bd1cf30997c954b797,1764500329,1764500333,2197,34496,,
0x6d46e057ccbcc3d31cf29e0a30c62fc1426048516754796e24d3b629e43d9f81,1764500329,1764500333,2197,34508,,
0xf11d074a3de9c3920b710b6b64f29d7a89137dc42dc231e969cc504d08c03766,1764500329,1764500333,2197,34508,,
0x4481af76e7e18136d18e816cd68c6ccb02dccc64bd54b75af4a74290ec2c4e55,1764500329,1764500333,2197,34508,,
0x91a48f2b084b9a7525fd4f689dd95e9f2084f30a80ce95dd815675aa3cf183f5,1764500329,1764500333,2197,34508,,
0x012a12065d8ff6d1eec09a184fd07fb9167cbc04d7dfd575240a48e6f2b475ee,1764500329,1764500333,2197,34508,,
0x3cb290fc30bed2eec6195e7e618fcc335950fe009bc75c184ed0cf5ecbc67369,1764500329,1764500333,2197,34508,,
0x671da53dabf961cc0ea06cf8f16c8b30bff1610ea4215c57ff6c62d52ab4ce2a,1764500329,1764500333,2197,34508,,
0x98b9647f57bd8a04e926a67587816dac89e4abc9cc7afeb2a159e453b4e5c52a,1764500329,1764500333,2197,34496,,
0x622bcf7c6ea7be0e14741c0439d5a1d72f55ebc6136052e3fb290545a27eb598,1764500329,1764500333,2197,34496,,
0x55907c7520047094369da86a592e90289c938be913364caad51878c738408a20,1764500329,1764500333,2197,34508,,
0x99b7c62f114c7daa13baed1df829832eb40830e2d1d3603c0e59c2780caedbbf,1764500329,1764500333,2197,34508,,
0x33ca54623d9b7e1d9ca1fa5a42f16f6646c11b53ca5e8f5efb56b560bf725988,1764500329,1764500333,2197,34508,,
0xc930e11792101963ad9c4546b40b20b0fe26f0f48b7d4b17337ddf47b29711a7,1764500329,1764500333,2197,34508,,
0x33b3b9c0980918a82ecf7e2e7b487c4d0997f6183857da298d3de145d8a24184,1764500329,1764500333,2197,34496,,
0x0acfc3ac294496095c5e7c5b4a2be524daac28133843f3688a504508294dcac5,1764500329,1764500333,2197,34508,,
0x348de6d2fd9e7ccc962d62c20b9af9bec0e12794303e0d072ab4b7edd5fc1bff,1764500330,1764500333,2197,34508,,
0x9d16aeac0f30715bd616a515b03879633dc47ffbad2dd5354b1bcab089887d46,1764500330,1764500333,2197,34508,,
0x3bc06a6b084f364e76522f69de840444f5c63d8b3b3902cbc6f114fb04660af2,1764500330,1764500333,2197,34508,,
0xb055e4c1a053bc0b7e953cb0db49a61beadcb325abd056ccdbd9a4616a78abc9,1764500330,1764500333,2197,34508,,
0xcaa94c916348048d481679622d0bed19684b3f74664c7b305e52914ac72a5263,1764500330,1764500333,2197,34508,,
0x15cb1d73f533a1c7a96d406f09ac0152ec5ba7c390670e543ff0e89b9ebe1b96,1764500330,1764500333,2197,34508,,
0x833dea18cc06ae1d6808724c7a0c84e48bf29bf34606dad9321065d985967a66,1764500330,1764500333,2197,34508,,
0x6441e2c783ea7e84ffb3381687fb9cb7e71e41e3e3603ef558198fd6d50d998d,1764500330,1764500333,2197,34508,,
0xb628320642b81de50160b5ddd5aee16969ecbe19d7f2c38cfbdc4ab12972efa2,1764500330,1764500333,2197,34508,,
0xa79622c7e8949c7841f49029139b050f7401f255d50c93791a1de7c0363aca17,1764500330,1764500333,2197,34508,,
0xf1ac3e85ec41444ebc0cd4fb06908e6fa5f4f38f25643af42beefa49920f7382,1764500330,1764500333,2197,34508,,
0x1d0e16c32325b97d9354c70fdcab7c568c9d3b84a4c21020ff028aca6972adf9,1764500330,1764500333,2197,34508,,
0x73b299c7b56038bd7904011405235685909c20f66a123bb9c24a822d3e627ca8,1764500330,1764500333,2197,34508,,
0x6192ca04a8218a7ce9f47107782df6a2791ffacce7d2e6bca3544a55aac8cbd9,1764500330,1764500333,2197,34508,,
0x198def01555c4dfb5e944c911cd49dcc8b8f333b4773d65523f0f0d55c6f3889,1764500330,1764500333,2197,34508,,
0x1de144b84626efbf636dfb536b2c5095ee6aa3781ff3cafbcf81453b6b6ed1ac,1764500330,1764500333,2197,34508,,
0x6fceecb23ae0d4e08c6d509e3ac94be9bbb9122732223f6a612663092d9f0e18,1764500331,1764500333,2197,34508,,
0xa75e53f00e9da84f28dfba6b21e95ca7d6de1fc02f88dac846e851c86b6de740,1764500331,1764500335,2198,34508,,
0xd7393fcfee6956413ed2505c8f62ede1cbbd4acc7b9ab0ba8ae94bc45b604cff,1764500331,1764500335,2198,34508,,
0x72940106c55e3414597143b65834f9e2841c6408e3a28d60062105e31fb90952,1764500331,1764500335,2198,34508,,
0x3bd8fe98fbb33cbfc3d12f4f4e4be7a1afaef9134fd522f183acb84ee54e21c7,1764500331,1764500335,2198,34508,,
0xd02c8cea43e05b962c4764e1bb95c3c00e37162faec21ca38beb33a1137b91dd,1764500331,1764500335,2198,34508,,
0xef1c9d7b1d7f04928ecfd59479d1aa0c09afe4c49284867dad6717cae682330f,1764500331,1764500335,2198,34508,,
0x4bdbbabdcfa589efd58a2b8e26bfa6db40d3e30200e8cbadc2aef71909f35430,1764500331,1764500335,2198,34508,,
0x79d98ebbf8217e7350ea4c9bc0b891a135ac762f24b8fb7e37804b77c247a7b4,1764500331,1764500335,2198,34508,,
0xc87dd97e5755983ae63c18ca5f478b6b707cbbb4d3f202fd4b65ea3ee99dfe88,1764500331,1764500335,2198,34496,,
0xebb3d66a2fb09425e56a0c9015b17fc46812a59925fc5207eba13a43fcb4601c,1764500331,1764500335,2198,34508,,
0x372304e3da637258987bf4d4b39921aac99b884a4283f40b98698ab0c8420042,1764500331,1764500335,2198,34508,,
0x5847c695fc5bba7220e3d98460d5ac315789c452c490aaa268ab518c733e3463,1764500331,1764500335,2198,34508,,
0x84919d598f5afa8c3caa33ffd5bda44e1a5953296ee2837d9f53d96cc4a5b52a,1764500331,1764500335,2198,34508,,
0x6b2c958bcd2c8326d1c9b455eefcfaf284609126c083dc4588aeaa53d2fccafd,1764500331,1764500335,2198,34508,,
0xac2fd9142472c4d70cc10a5e9d524e1f29aae8bef81043c441a75c04ae9bccab,1764500331,1764500335,2198,34508,,
0xa91eb53c7cee0156675d0ee07b9dd425a70577a36aeda51080db29d59938f90f,1764500331,1764500335,2198,34496,,
0xc795b3cb9358ec0bd95a4ac78b58195bf56ebc4c4fd2652a7154a682560a4963,1764500331,1764500335,2198,34508,,
0x46b0ae297cda34dda4104b6962b4f4b7d617c369e2856e565e67cd914a680cc5,1764500331,1764500335,2198,34508,,
0xbe2b607a1e2d1072b70fe8c5265879797e28511a701ce8cca68ac7ed082f89c4,1764500331,1764500335,2198,34508,,
0xdcd08354f37827efcdbbdb02108d4e4d5293cae3a8f3573ce99beceaf645dd18,1764500331,1764500335,2198,34508,,
0x206b41c3b30edb88edf4881b77e324871ea45c9bf5b70b524f30b19f94ef8666,1764500331,1764500335,2198,34508,,
0xa55983c26273c164ed6a529c425992db48b01fc1966cdf24122ff02ce5db5827,1764500331,1764500335,2198,34508,,
0xbba3ceda2f8da8fa71598dd9d33a06b86071c7c7915718f8430eb87becfa2ada,1764500331,1764500335,2198,34508,,
0x9a1230309b5ebcccc5f06d9c67501a37fe3e683061db2bf1350398daa794c2f8,1764500331,1764500335,2198,34508,,
0x5e7472e7feb986add8bbcc0912946e78b05b9df76c88ab8e969bfe1470877a82,1764500331,1764500335,2198,34508,,
0xac0a0417914c1797eab6a289af18a8a00be54058ae239183c2fdf164adaa58fc,1764500331,1764500335,2198,34508,,
0xbb8c47d822e84b2f36264da0f43b0a4af965e0f03f030704741e9334434316ae,1764500331,1764500335,2198,34508,,
0xb3003be9f9a234348b2387206f7098a040e01ca0723d37ab37aae2ccb253ffb8,1764500331,1764500335,2198,34508,,
0x61950dbc5dd03d953d495e8eef4c3e3ab94b752a2d1055bed4a9a07d7d6a3527,1764500331,1764500335,2198,34508,,
0x50713ab554d44fdc5a1f9f4059943990a74462866be94949fa008c7b2c1bdf4c,1764500331,1764500335,2198,34508,,
0xbfd08eba590b59240690e3630756122e1043f0523f1469f7513027712bf71f48,1764500331,1764500335,2198,34508,,
0x97cc14215dcede7a23f64e75f82f46faddc2b15681d8be9ab0c72fc72506cb16,1764500331,1764500335,2198,34508,,
0x2dd3e3bdf092cf5731243d183a309720e6946c4aa83d5729ad92a1637bc2ac55,1764500331,1764500335,2198,34508,,
0x592a7ecb9ae8934e72db152dddc70e214cd14f39dc5ff3e3e65cbd30bcca68e0,1764500332,1764500335,2198,34508,,
0x45f1210d9ab523f4650dd41ad6422e5297842d88f43736bbec1d072e316e9933,1764500332,1764500335,2198,34508,,
0x854a36c3ef4618a25ffad79da98e5b95250337fb9002fcf6308bc34f67af8ab3,1764500332,1764500335,2198,34508,,
0x2a8e524e84753445509dacb5e68f7e13dc061acaf5449807644b0bba42bcaa1a,1764500332,1764500335,2198,34508,,
0x17438f0df162ce050d83f427e0a8aef1a5da1b45b744ad4e4415401105870a02,1764500332,1764500335,2198,34508,,
0x03951d188313477a7fc86c618f74c225667af1733e8d4c4221697e60bbd69a94,1764500332,1764500335,2198,34508,,
0x4ff8bfad23462ea16765c3033fa6a684931d72160acb1fdde66051752ceb25bd,1764500332,1764500335,2198,34508,,
0xcb1a0f8d920d71cf141ab85f746399c0b93fbcb8bb2b88dfa8a4ce8beea947a5,1764500332,1764500335,2198,34508,,
0xf8ace133cdab91bed2fffcd4a496a1133a09151244b4cad11277f45e0fd1cb71,1764500332,1764500335,2198,34508,,
0xd35a4f150775e16f37f1b2d885d4bdb0eeabf4980670cf647453d30468c7984d,1764500332,1764500335,2198,34508,,
0x99983d2151d3b1e640d5937c99717118ecc76020b28e345859693d3cf004e9fe,1764500332,1764500335,2198,34508,,
0x907499783810f5247adea56268a7702fd44c6b5e73f4f866e577024d824f4c0b,1764500332,1764500335,2198,34496,,
0x8edf631bade3aeab43bd3f0aab68b7db38d8d3ec9a32e22eb7a981352d1ead43,1764500332,1764500335,2198,34508,,
0x7bf1439e3f008bee55f57e2ab0723a93b5000d2ebbe88dbc4f9acd441daf25dc,1764500332,1764500335,2198,34508,,
0xa46455de8ceea86355d0648dfc01dc4a069892566edd51977deeaf8c0723179a,1764500332,1764500335,2198,34508,,
0xea20c76aef82a007b4cb396b5f1366f484983c110462ac67977e08e63a699dfe,1764500333,1764500335,2198,34508,,
0xfff639c53003f2930a5eba777616b08a349cb9ef5330f6551d8c0f48f0d647c8,1764500333,1764500337,2199,34508,,
0x346b045f06a53a7449abf3c4b502e3a837c41d614ef8ab34d43de07a0564cc47,1764500333,1764500337,2199,34508,,
0x6c034e4861d18b0a3332febed6d4fd2bbe2e8f502a163be806056e386b88d1a5,1764500333,1764500337,2199,34508,,
0x033c4bd3832480e22e3901b0ccc2b31e00277e9b41a45f394394718c92ab7b4e,1764500333,1764500337,2199,34508,,
0x392c5b925b4555fa1d09f7482bad9898398c977ba100fe38f80c076ceb478b37,1764500333,1764500337,2199,34508,,
0x9b4d9ccacacbc99cc9fd5ac7e129785e45c515d10ada4479c4de3eae0f502771,1764500333,1764500337,2199,34508,,
0x606c728bd9e0b17bb0eb312c1a49b404f6eab4bc2d3e31d930b28895fa2ff1d1,1764500333,1764500337,2199,34508,,
0x41f7b9d321caef73e69303595c34fde1fdedd09c097d8d8d300cca95f0745544,1764500333,1764500337,2199,34508,,
0xe151004e661f5990c13daf6927f993cda24a8ef7dd7b6731a665f69a0d06649f,1764500333,1764500337,2199,34508,,
0x5636e16e067dee800bec85c884680513a664af0041b7bd431ed64ab7210711c2,1764500333,1764500337,2199,34508,,
0xe8c5d0d595800e86955cda0b30be3608f86d794686a13da160e6b9e96694ae6b,1764500333,1764500337,2199,34508,,
0x969dfea12c137dd4a03c4195921032c4f1266f10436eb236083649b6956c9364,1764500333,1764500337,2199,34508,,
0x262f84af635c523631efab7594db0684136304b1c14629951e15cec8fb40f9ba,1764500333,1764500337,2199,34508,,
0x3c02377b8b9ff7f88619fef135980e5a21fb7551a0227ff498d5f3ce893491ee,1764500333,1764500337,2199,34508,,
0xedee363d2e547d8ee700987f9091ada0ddf7c4433646d269d7d1aae92c843b2c,1764500333,1764500337,2199,34508,,
0xfc7cac4f2ab50b40a85f722625d8729dbff411699f0988544ea1501e0531dec9,1764500333,1764500337,2199,34508,,
0xe7f8a8ff3d7ebea0d81e997c240ba4c0658cb7d8519715d7c07f30aa21e85720,1764500333,1764500337,2199,34508,,
0x0d6cba90d6f66636bcfb860066356a8b45f5105ad63e01d6c6ed60ada260d42f,1764500333,1764500337,2199,34508,,
0xb89113df2379dd826cd717786c03a8b262736e7ee4a4289bc5e148e1c7aa4f8e,1764500333,1764500337,2199,34508,,
0xe02a305b5242cac409b52ca13e6f546abc1943de54ad5696e2d246cd34493210,1764500333,1764500337,2199,34508,,
0x9b19e468605133ad89347550136c611a1995fae21f8f2b15294558f1cbdd5ac4,1764500333,1764500337,2199,34508,,
0x16f77bec8fe3e822d4b6345588486405e2f27da2f1862e5d2783e5cf8083301d,1764500333,1764500337,2199,34508,,
0x48f47d4b2c57983c41c64115ae7f09ac60a9786d31dd8a7f3228f029dddaa345,1764500333,1764500337,2199,34508,,
0x6b66e867e50c5ce2628befd6d232b0b932c75933763fd17603ffda8a1323eefd,1764500333,1764500337,2199,34508,,
0x80b5660596bbbbab85a0fb462e101d08f170c980519e0b83f7d9be0cefd9fac5,1764500333,1764500337,2199,34508,,
0x00335d365d89de8da610d0978597238567f3573f110e9775313f115cb054a756,1764500333,1764500337,2199,34508,,
0x51f9c54ee4e961a3854a7d2df765eea40c35ef03ab8ecb9e241f83f38657059b,1764500333,1764500337,2199,34496,,
0xf92d8064781ea12b4607b6ca180ca383e1a8350ef03714ed81d0daf92010aadb,1764500333,1764500337,2199,34508,,
0x9530270f2799d7b762367a96b8ca6e9063de1f33e2f3a678d49dafd3c87a0b63,1764500333,1764500337,2199,34508,,
0x68c37f1119e501c391667a30d3d96ea4e89b7b0b34cc5dcba83d351e8cc8b3f0,1764500333,1764500337,2199,34508,,
0x501bb02dabe309720f0a6190632e071e40ce28473805d83ed3b434712e647fce,1764500333,1764500337,2199,34508,,
0x67c03ec81412f39149977c2818802b1e841d0881eefd0db537b0a83e0974f39d,1764500333,1764500337,2199,34508,,
0x99004d814cd6561c2d56274d8d9250bc82df0a289d4ffc8690e5ed5e95d7b4cc,1764500333,1764500337,2199,34508,,
0x61046b6de9b8c3253b6d8008b79dad1a8f3411bdceec31f166d8a03f882da04c,1764500333,1764500337,2199,34508,,
0x0efb497a64764e76fb0fae417f67e3e42adabd8112f06474c99b842973fae562,1764500334,1764500337,2199,34508,,
0xc412b48bb0daeddc14accac28c6d4652cffa5884887deca66dd8fe9eacca63eb,1764500334,1764500337,2199,34508,,
0x2cffa7e1318c29598e3b4d03eb3b01ff43d82bb5de3b5de49f44188c151e2270,1764500334,1764500337,2199,34508,,
0xdf8c5e284a8f1d45478ad9b33d9ab52282d010401a500456b6df9395a7498119,1764500334,1764500337,2199,34508,,
0x8509cccc21ca9bb027dd537bd02465be269c8694d5bbd838e11db79ca9aa4038,1764500334,1764500337,2199,34496,,
0x25e2bed554f94b6871468bcbf21a4a3a40b32bbe2c9a534bb53ed5cf79a6f775,1764500334,1764500337,2199,34508,,
0xc3b6c052dac77ff82ba482794869a7c4c8f26c781f431a8e0333a62b76602082,1764500334,1764500337,2199,34508,,
0x292495eaef171030f484a2d1e52937e0dc4a5f024aa528d5d911fcc120a5d096,1764500334,1764500337,2199,34508,,
0x9431e3d2544bfa0b4f6a53becc9f243ce503c2fa3e0ec95e060b0a3644868440,1764500334,1764500337,2199,34508,,
0x9328db52e0d67f69947769485d853a20894ae9766aede32b11780633a0416294,1764500334,1764500337,2199,34508,,
0xaf9bedfb76a8e94543a98309e341e4e37b327d0218273c59a323159043e3774e,1764500334,1764500337,2199,34508,,
0x6683f288a2257bf5a24f91caab75f7fb826425869999e0a5dd49e6322fcf2447,1764500334,1764500337,2199,34508,,
0x5f9b974411d2b3d3808795c915699597b83d72cdd47f63739c70e330ba6dd72a,1764500334,1764500337,2199,34496,,
0xf13ed648fe461f1a5d69f1f49573d515bf7d50d4f754e865db32c80ae6450731,1764500334,1764500337,2199,34508,,
0x8b615954b9297d80cbb1041b7ad2e5574bd9039fbab0b027a377faea8f2dbfa0,1764500334,1764500337,2199,34508,,
0x1af5d113b843e1091a1ba4c82f8579ab2f4862997cfb5c6e4599e6b54deb99b4,1764500335,1764500339,2200,34508,,
0xc56572d91155f64007cbdd9401b3e90cc99c71576df2daef9b6bb273d47900e2,1764500335,1764500339,2200,34508,,
0xc8a8c902b49f400476acd6ba6e476d3a4d30e303dd2f4e0515050abc70c53b13,1764500335,1764500339,2200,34508,,
0xf485ba6a304ff5964b7486fee3d80f87583add7a4469700fc2afcdc70cacef44,1764500335,1764500339,2200,34508,,
0xe5254ccae87120d4e9052c51519ec6c64ca487125e0cb4450b0176a81a3ba1de,1764500335,1764500339,2200,34508,,
0xa046c00ec9d8415d5d862998987a3a84ce1644c425a2df3969e2bc063df11c8e,1764500335,1764500339,2200,34508,,
0xcbdc34437cfd175ca4e51fc7f7b12dc11444a71be4028175e32fd6f33eefa1db,1764500335,1764500339,2200,34508,,
0xea7ccc3f4b83eebaae2721545900465efc1e040ad76d16eae80245ce9026cdf1,1764500335,1764500339,2200,34508,,
0xc96cd86661c743d90f15ade630c9a7a63b5a5f19ef038971375eb84c3fe41dcf,1764500335,1764500339,2200,34508,,
0x64af07a38cd263f30cb8996cdb29aeed98d4a7bcc684b8f54ac0a8ee3f5c4baa,1764500335,1764500339,2200,34508,,
0xb989ad52a46ca07d4e94ef2d6969026ccc9a7f9fb51674366058f3417b3bf217,1764500335,1764500339,2200,34508,,
0x4ceacf9a862b68e0c40d1d4423755d9566dc07f81151644076150d2e9dbbb7de,1764500335,1764500339,2200,34508,,
0x204b48094b1c7b89fee441d1a5335473b349fb9e3556745ff3e3867815fab533,1764500335,1764500339,2200,34508,,
0x69712e0b025372620ea42d8dd2989e287f5f85e3ba9a32481fab90a8b7457b41,1764500335,1764500339,2200,34508,,
0xd0bf09fe09a25a6618867e9f66a1f9086a4d4a6f1d2ff33bc483c57f18e1b137,1764500335,1764500339,2200,34496,,
0x57abb1710bb2af1dcbeafa4322021c0f94bbc7b99e4a605156f792c0bf5a51cf,1764500335,1764500339,2200,34508,,
0xc971d5e43b0b70699dc8ddb15b951b79f6d82366aafa595804ff8bec3d22c176,1764500335,1764500339,2200,34508,,
0x4a4b44abb56923c588ec66c7a6837775df49de48932fe23fb3e2f5b8777cbc35,1764500335,1764500339,2200,34508,,
0x1fecb76a4bb778ad5918945fa95f652b767bf18c9ffd80eea762cc1d3b9b22fb,1764500335,1764500339,2200,34508,,
0x6e8ae621190ce63ce929152826c6df4a3626ad5fb6f542852a52187ede5b9406,1764500335,1764500339,2200,34508,,
0x0815fcee892a5eb44de440ee818e59eac53ee79359cc45107656806005f92e60,1764500335,1764500339,2200,34508,,
0x10c91f6d3e790a69f115d8ae0441fcfb9586eb14dab7f32168c2979a6a8a4658,1764500335,1764500339,2200,34508,,
0xc0129990c6221ca3d8691f81397c85138e40f35ac6dc5bba22f07c73df347629,1764500335,1764500339,2200,34496,,
0xba85b8aaf44898deefda94b226a452b48f2d406655740882e30aa0d639c01c54,1764500335,1764500339,2200,34508,,
0xcb7acd0e9ec85ffdcfb607b4430fb56b4ce90af7a16d31616364b5dd1de4fbd3,1764500335,1764500339,2200,34508,,
0x6c5f56d641b47927cb37de14707a9d11fd2f36d433dead9ebef50c85fdcb5301,1764500335,1764500339,2200,34508,,
0x1a4981bcc4f4e89e61dd5e2f237b2d2187439bcd5e86707e5b25795c47dd9675,1764500335,1764500339,2200,34508,,
0x28b28e0f2b40769ef49d1e8cfa113536662864e1879b17e6ce0cb1665424d042,1764500335,1764500339,2200,34508,,
0x79c17844b261de81aaa8ad7dd222be967b8ba35879f3925b30b2f91e43a9bba6,1764500335,1764500339,2200,34508,,
0xb7d981bf38d9ad736676774e3cc6c65fa084a92e2a61cd641f55edaf2f1517d5,1764500335,1764500339,2200,34508,,
0xbfd48fd5c35e1afe4ceb74a4534af39736d04b874429400752f16feabc817c70,1764500335,1764500339,2200,34508,,
0x1bb4864aa29baa8f2374fb8f93f2815a07ac67f288d24e4546c0838c39fb1be6,1764500335,1764500339,2200,34508,,
0xbb325ecfa50d542530a7b2132d8bf9fef64a15863a408c99a38d807db37e52f9,1764500335,1764500339,2200,34508,,
0x34ad066bdf14c2b4aa8dc77f74682ba2290b0bf116496241fc8ffb7388250f36,1764500335,1764500339,2200,34508,,
0x88cabc6954c471a6c03d38b7341b19fc147bd60deeb1db036004fa6ae84ef2ce,1764500335,1764500339,2200,34508,,
0x122ee5816ea65a29b05ebca6f4eb029b70f04ec2bb1f61c9d5cb8d8a2b7aaab2,1764500336,1764500339,2200,34508,,
0x805d3c7ddcdbc2397603bc974992952370f73b45117f646c947135325afa3748,1764500336,1764500339,2200,34496,,
0xb859a5c50f4e012f56258fa739f2bbebdf665f91aad4549abb70e58f4df1ebe5,1764500336,1764500339,2200,34508,,
0x4c2a45bd50b1478a6030b31e11950cb573768cab2416d1a206dae66ef538d51b,1764500336,1764500339,2200,34508,,
0xaa2d74fde40b4348869d35dc11a99cc493aa9c68eab960265529077d7c4116e5,1764500336,1764500339,2200,34508,,
0x9df116a0195f3a8b51dab6129d95b7a2d8b4297ca087a8271208efb38f3f1e1e,1764500336,1764500339,2200,34508,,
0xb47006aec33735c7e5298bd928203fc17738561a0b4d4edf4ebe4cc485600d2d,1764500336,1764500339,2200,34508,,
0x3d6d28dfaacac706623655001aaedac4f0b49027575401e254a2af1510c5ee18,1764500336,1764500339,2200,34508,,
0xf8627f676d5999bbdbfcec5346bc9220ac466a8b5fe7aef33f88c898ce53b796,1764500336,1764500339,2200,34508,,
0xfc63e6e321d399226eb834e6bda3d29b1a3b150883b0801a5cbd691ab79f8f68,1764500336,1764500339,2200,34496,,
0x7e7f67b6d4e0ca8f023f77dd3b5c76dd0db44ced08c97a2d222fa577c4f11d0f,1764500336,1764500339,2200,34508,,
0x50fae73480735c26a6d71ca6213a9a650d684a61b66922ed4b19b41acda0ffbd,1764500336,1764500339,2200,34508,,
0x5e8f7ad65c1ebe76e10c6ad2839da0aa574db909336245051076a073785605ff,1764500336,1764500339,2200,34508,,
0x042cf4ca9151818a1268299dca5943d94935ef4eb17af8c4efa133525f41df70,1764500336,1764500339,2200,34508,,
0xb100f130a6f9af2766a320481911d202eb980e304871770f938557b873d5d794,1764500337,1764500341,2201,34496,,
0x9fa14c4f9a0c97408622a38bd7b13608dae0e6975e39eee3a1117ec341b3622a,1764500337,1764500341,2201,34508,,
0x77b440144ee66d9a262fd1a33a359396f4aee3774c11c79f18238c39cd1e0d55,1764500337,1764500341,2201,34508,,
0x850aefec1fae4763a6b925bcfe4263793d6508fbf05f1d72d88cd09b5f6dc501,1764500337,1764500341,2201,34508,,
0x56ac00c1e7cbfc27597613337f6e4da38e8d4ff38c09f600753c5559dc6b880a,1764500337,1764500341,2201,34496,,
0x60c3660ca1b73f05f7488bb9e463459ac7d37ea66cebe9f337d6cc93a3277c2c,1764500337,1764500341,2201,34508,,
0x0759bba25d858ee3d6e5867beef66f6555507ae389c8fd0230eddae68aa9a154,1764500337,1764500341,2201,34508,,
0xbb9fe1b4abcb2dc0aa569f6b5dc2f4b301cdc207d1b68ddd3f2c28399343431b,1764500337,1764500341,2201,34508,,
0x8d8c2dd8ca7c7dc8f98026127ff1a24e7e85cf6cfcccbe7cd1b0c27d74eb3543,1764500337,1764500341,2201,34496,,
0x739e9af9e27f94c52a06d8e5960b5fa2c79e025c7376f905baba7c34b6a24143,1764500337,1764500341,2201,34508,,
0x6679219a75a871d39b36e3694631361e1ceff21744c5cd9e47dd60c4e29cf722,1764500337,1764500341,2201,34496,,
0xb484810bd9fcc6846eb2eacec8d68e9e12bb59931c605748f816b9515ae3c691,1764500337,1764500341,2201,34496,,
0x8cc7a85216ac19f3c7663e1ce028c00daf906710ba9e653c5841e937ffbefbbb,1764500337,1764500341,2201,34496,,
0xa4c29ad345f27d446483afc3ebb64bfd1eb3f51ab68504ce67bf5d5fbe716b46,1764500337,1764500341,2201,34508,,
0x039137bcbaf8039f0276dc520627520cd71d2689c52b4316955132b802625d62,1764500337,1764500341,2201,34496,,
0xe275176688584878952aba3c3cf2585e2155b3f52b7990645cd72689f578b1d4,1764500337,1764500341,2201,34508,,
0x72454115c5870ceda832c8053cc0caa8653d3033c9af6acbe91d066cbabe612a,1764500337,1764500341,2201,34508,,
0xe1e50025000fcaba069f4c30f547daaf203bcf69f37b39d9b4bbd26860619c31,1764500337,1764500341,2201,34508,,
0xc9bd54788dbdfb4c3ef37c0f0fd9779fbea06ee60f324a6d579ca47c598fa581,1764500337,1764500341,2201,34508,,
0xd403dc90ad2cf26bcaa911212cab92882676f5b97bcbdbe1e73f932563fcfede,1764500337,1764500341,2201,34508,,
0x889caacd16ca83bd3cbae4ae3f4c3de59452a8ff8f3ecd4167b780e8a7ce3cc1,1764500337,1764500341,2201,34508,,
0x75024fac1cf3a02526bb7b5639be77ee718e52e2332f6c707d757dbb024a8d4e,1764500337,1764500341,2201,34508,,
0x128036ef915ef5431aed76fd0c81a36ef4096d21f7554e5d46e4cd32adce7fd8,1764500337,1764500341,2201,34508,,
0x85fd4c2348ce19dcba7eca085a6475ef8ce78d6eac4d60070326042685b4d571,1764500337,1764500341,2201,34508,,
0x9bb91f1e15e3fade14cb84b9474e13ed6021adec25532698d50078a2d290d065,1764500337,1764500341,2201,34508,,
0xcdc9dfa598fb58da6a0f6576077e504bb8531b79d1abfa555c3cc3cef114cdd4,1764500337,1764500341,2201,34508,,
0x36b6aaad208124c025dbf67750f5f2c98d11769efc08f84523e8df269278f40c,1764500337,1764500341,2201,34508,,
0xcefcdbcc08b513dbd7d5c4ed03e7ae9b3d5ad8788fc5e024a0eb4095d959968b,1764500337,1764500341,2201,34508,,
0xf7eb6a559b055a64c29b8f3babe71299eb41ddfbb075fc1b9cfc61255427c9e4,1764500337,1764500341,2201,34508,,
0xa652549cefe1ca3112505b6290b6c945ef0fd3a583eaf8c42d4b5db7ef89f83a,1764500337,1764500341,2201,34496,,
0xde9b586c8c909b07360a5a26ba9a460b1d1d8fd3e70cdac323f02c886eedbed8,1764500337,1764500341,2201,34508,,
0x560879b9655e4718b2b11fed7775d7c798b756d4cc6241439754c2dea4ecd61e,1764500337,1764500341,2201,34508,,
0xb1b60b033807e64d8c05a2739870b65674e20742ef2d5d3cc97decbe8a80dce7,1764500337,1764500341,2201,34508,,
0x416da2ce875f546789ecd8e007d50de9bff69152b2fde8b46ce1c56d4991d219,1764500337,1764500341,2201,34508,,
0xa549eacca6e5845d575ed9d20de3c302aac9e4e17096a59ae8e164aad695ec94,1764500337,1764500341,2201,34508,,
0x5d8b1af6e02d0deaf9dbb8b838c9ab7d6dbf67dc7e063c148d3046fc15ca679c,1764500337,1764500341,2201,34508,,
0xb64a326510f360c618d0e56281bd36011ab9b21914a287b7e03321ea9aa9d4c0,1764500338,1764500341,2201,34496,,
0x59eb42f2b4c5632f341ec0386bd1886fd8cb427db8ec2ddb35603a244f6315e5,1764500338,1764500341,2201,34508,,
0x3047845e61cd175cfab4f4843380afae2d368e90a7866f9aff978b9e1f2f81b3,1764500338,1764500341,2201,34508,,
0xe32a91ade43d559aefba7796c824b42874861c9cf9466795860bbd43e0790ecb,1764500338,1764500341,2201,34508,,
0x8dd20070a9522f202098e3773cca868aa1fb03b2e1854127ede03244bca796b3,1764500338,1764500341,2201,34508,,
0xbcaab9bdd504706e0b171b283538527ec7844739412bf6fb8d669b2fd56cd65a,1764500338,1764500341,2201,34508,,
0x808b1cfcdde610e53914302be940f1587a59f0bdcc62c872790c1901cfd23e10,1764500338,1764500341,2201,34508,,
0xd083f7a24398ede281a6f8db16f9f3cefb3610d3e621ca71c3a21fc26cb7834f,1764500338,1764500341,2201,34508,,
0xa87dc48d0c8cb6efa80924457022427f1568a925c4fcc5b7d219cc49f7e77f43,1764500338,1764500341,2201,34496,,
0xc42b04833c3c32fe63ad2359cbcdd4439c24889940a65f6468d25af64ced650e,1764500338,1764500341,2201,34508,,
0xd1d373f943bfff637a712331b8118531551bd4ab858886af80cd51b34573438c,1764500338,1764500341,2201,34508,,
0x6935fa522c38293a9ad78c49a0e7468acc56eaab0b0dc740704ea9e2f4fed538,1764500338,1764500341,2201,34496,,
0x851baadf5bc7289b84e9cb06c832108490c3890726ddbe568083e04a26f7c4ed,1764500338,1764500341,2201,34508,,
0x4c2628ff8fa7bb1fb6119c705ddd8f473eb0569dfe1b0960195aa256689523a5,1764500339,1764500341,2201,34508,,
0x710c07fc53ef51e59a58afef97b02a42944a1e55935f1ab910965d18dff329da,1764500339,1764500343,2202,34496,,
0x6bc9f4c525b9d4ac078fcf930df0f448333235d1f317d774ef19bd4e3e45f439,1764500339,1764500343,2202,34496,,
0x48ef8aa3bd2a92340250dcc9937884e14a9b576d5187138b3adc3dbedf98d632,1764500339,1764500343,2202,34508,,
0xaf7cc4998d20fa1b94ca08581f868f36c7405d7a24682fd9f6b9e5c86a5711ab,1764500339,1764500343,2202,34508,,
0x02900d9762911360b5cf8fb0de37a45f6f2f6dba258ef436cccdab6623dc26a2,1764500339,1764500343,2202,34508,,
0x86fb819474fddbec2e3dce3bf61761f5b4eeb1dcd75f48c4d346b976545756b9,1764500339,1764500343,2202,34508,,
0x45430b33bd27cf31d8773814442b5411acce024f58a8572ee82ce91e414d56a6,1764500339,1764500343,2202,34508,,
0xaed8df85e0b24208bd48dcbe2fcc3c5cf65e5555d2013e5c83e9ceb56f45e14e,1764500339,1764500343,2202,34508,,
0xd54c0910c4b64d5c22d92bbdb473c1f6514137ace2a7eb6d6f782c86042c1105,1764500339,1764500343,2202,34508,,
0xf4f3a01920e0e99a99bce26a614666fb7f8986bb8dcb3cd0db277dca68767c01,1764500339,1764500343,2202,34508,,
0x7eafd62997d556df39eb4868bd36d7109a43148f7c9737b189e667600b528c20,1764500339,1764500343,2202,34508,,
0x2e610ce3a84e739393834fa2c2578e8e45461ed136cae312d79b1102a380c500,1764500339,1764500343,2202,34508,,
0x4952a8dd3f861d2ff78f22d16821502513508f35f2a2b21dd038cef71660c81e,1764500339,1764500343,2202,34508,,
0x70a65557a10f83ee7d9978d2671efb6f825aac3131488475cd69cf9eec157d61,1764500339,1764500343,2202,34508,,
0xccad9173dc1eaa628e8fc65096d82f19bd46b799b4659e9184731a0a25cc3e54,1764500339,1764500343,2202,34508,,
0x70066392abe9181c80d93e8a4f54181f91eeeb791e633ed2b3a3a219140b08a3,1764500339,1764500343,2202,34508,,
0x22d805f27a8ac7d5486990b7e4af64442e8b2f04be0e2e4e6d8b55331393f191,1764500339,1764500343,2202,34508,,
0x6b8ee92c4c01a5d602d20843a20a50f257e0eebe8cfedb140160ac0483acd5c1,1764500339,1764500343,2202,34508,,
0xe304244e8678c68ae166334f2d82d7b82f686bc7393c54608dca76e90b831228,1764500339,1764500343,2202,34508,,
0xbac53d3e563cadbb7cec9b4fe3111fdc2f177fb42df3a9628ba7bb115cde793f,1764500339,1764500343,2202,34508,,
0x42535153336e1a29960a4676a8b962383e4b2bfc5144eb34ad303c7e314befa2,1764500339,1764500343,2202,34508,,
0xd1c468e4424b64b2d4dd9ece95d309358ed202edeab644600320ea8eede4f676,1764500339,1764500343,2202,34508,,
0x2bedd28b7ea8b4a67206468fad32bd8ae502f9116bc340de82de1ebea9c15eb9,1764500339,1764500343,2202,34508,,
0x0f960e39d3dd251a76ec2e955af7e8ffd9bf1d5e7e6482c4308a4af1e9b18c0b,1764500339,1764500343,2202,34508,,
0xf7b52484786d28dc54c7ed8170629b1adb7d758a16b7e70aedf85a69187e80b4,1764500339,1764500343,2202,34496,,
0x66209b4be7b89c0f7a98fd5728a4628d6c3be879c409991e7dc95f06dd6e685c,1764500339,1764500343,2202,34508,,
0x53939f6d9c56e9d8f8d8a0ccb0ff178ed8e54adc6e3bfed839f6d61c0bde740d,1764500339,1764500343,2202,34508,,
0x425975d3bdd2feed30180a52c1ae5d65c714760da46438a21ca43e776bf8a5a3,1764500339,1764500343,2202,34508,,
0x72842c84ba933002b85d3daa3a50f741ced6116801c7180c276fea825a424a0a,1764500339,1764500343,2202,34508,,
0xdee25baf4151217a5d3835ba18b1d0be80938dac0848a18d918ca06a7eed512a,1764500339,1764500343,2202,34508,,
0x6eb45e20f94ca6612837a3d99cd122e565d29001f208d5d91f358e2e9531e034,1764500339,1764500343,2202,34496,,
0x483ca1a76c7d691fd55559b7049009aafa523443c4fc64ce11af468b0dc68087,1764500339,1764500343,2202,34484,,
0xac85840fc5817df989c861955bb9eed3e4d36fd8783abe3cbdff7470d1094221,1764500339,1764500343,2202,34508,,
0x928cda17b42fde3fa0f28d51e22d1f1aa56f08df26e64aeeace9a779ae600980,1764500339,1764500343,2202,34508,,
0xa538a68cc92933b40414ec7b40c82892440650649c4736036d1d56d797d0125a,1764500339,1764500343,2202,34508,,
0xd7ace40eb56cc83593794289f67e9409562ffb835d3864b5b1d3ac68d85ae0e7,1764500339,1764500343,2202,34508,,
0xfedfa3718c090d349fa6b43f39dc81004ab20cbd032ff05119a20fba4f1f83a0,1764500340,1764500343,2202,34508,,
0x008be74ce8b448e0320a5da81bbf531b395765b5320623766829dceb3e18502a,1764500340,1764500343,2202,34508,,
0x5fd9e6bbc6414d07ec5db6a6bdfb7de210f8493874767ba9537ad7bfdee7eda8,1764500340,1764500343,2202,34508,,
0x8b18822e8d72894f722dbdd2167ce583b55e9365078e480d03d4dcf7c9308408,1764500340,1764500343,2202,34508,,
0xbcb90dbcf5e274bae682f3db3b85a4b5511f4eacc4dcc2b79c3da8fd61a4048d,1764500340,1764500343,2202,34496,,
0x9b41da9ff0b4152d045741abe2f4323b38ddc6614cebb29db2ee5a01e9ec12ad,1764500340,1764500343,2202,34508,,
0x1c31c2a23d96b3d8e9bae1c8fcc104d6de7d8a2cd0480636e322b4b2ed638fd1,1764500340,1764500343,2202,34508,,
0x34877cc89f7093087519cbf1b2643962b8d2808c0759e7ba18e2def5fb1a829d,1764500340,1764500343,2202,34496,,
0xb88d86321f3f9309e0cc76b91f8879c8485426d7fc18e92aaa2498f3ee097f3e,1764500340,1764500343,2202,34508,,
0x22da37f6925fd2e34b1d328d798f605e4781992e3a85c9bbcccb1e4cd9bf833b,1764500340,1764500343,2202,34508,,
0x65b1ab920ae68d05d33ca0d6f705c726579de883f9bba8329d6efc71a7222290,1764500340,1764500343,2202,34508,,
0xd38ed2389d32c078fcc4f4a75b8b1b5c8dbaa465ef9010f5763459fca235dc85,1764500340,1764500343,2202,34508,,
0x4a29d93882396994e283f4313c412a67c53ccb5b77be6a001ce5baea2ac5fb39,1764500341,1764500343,2202,34508,,
0xb311071d141c41c0743521dc3e44408988df95cd12452b08fe81742ac53b798f,1764500341,1764500345,2203,34508,,
0xc79af12b2c03bcbfbb80337d5309e7305173375eb2dfb6e2192bc61c890d7b0c,1764500341,1764500345,2203,34508,,
0xec9fbfd32f28834ee0274ddc2452808ebbabe2f41bcf7d2b69080159c3bdf90f,1764500341,1764500345,2203,34508,,
0x2b2e26c5a4ff3e7614533351fea0479bed2957ca3c7ce94a7d7eefec883da56d,1764500341,1764500345,2203,34508,,
0xc8d37f3cf00d751569427a4d57b00aa927f6e7e90eb2b21c5388d0a680e3a1e7,1764500341,1764500345,2203,34508,,
0xb2956018bea6074801fc72e5dacbe0e999fc65990de16579fbc8bdcbb32a69e5,1764500341,1764500345,2203,34508,,
0xb297bf0af900c54888713dc610c5ed9a4282bc94b613443e76092612066f9456,1764500341,1764500345,2203,34508,,
0x720466e38450b3af082f8eb92cbb468bd2f762c014d78fde3bb3dec6970e64ee,1764500341,1764500345,2203,34508,,
0xf06acc1384c2acba5a7c5ccf78e61bae832263053b6a74527cb62432d7c532cc,1764500341,1764500345,2203,34508,,
0x52c3e750365ed6982caf729f12091b9f34a00eee209a065548b4240a1ab4722b,1764500341,1764500345,2203,34496,,
0x250d78895e70128c04c729d4d1ca6b57e50339cd27e7895c23a7974f27e7d794,1764500341,1764500345,2203,34508,,
0x57f59973f65593873ad59ce36518e14aacfee1fadf1dfb02ae9beb09aa0fbcc4,1764500341,1764500345,2203,34508,,
0xd49c71f3b5dc70f29ac772eb82545e3699370cf317d84c6693979816f459645b,1764500341,1764500345,2203,34508,,
0x19fee141fd906fe957023054189783c652a99b05ab9dcf091305efa3cc9dbbec,1764500341,1764500345,2203,34508,,
0x20f86b3b6b109163c6a3663718b6ef5c43af495359891a7b77acf21157560196,1764500341,1764500345,2203,34508,,
0x95768b225d9ce107c18c3d7566f690e08f80352c0b6be483f2d2a26fe65955e3,1764500341,1764500345,2203,34508,,
0x14e3d523ca41fafcd598b824e06c95196a2b2ad5ecb0fa09ed0478ca9a0a53f9,1764500341,1764500345,2203,34508,,
0xc9ca989d5b8e2cf2910a1e25ac59ed227899568000e513eb88db0348dc8261d3,1764500341,1764500345,2203,34508,,
0x9ad47baaa9804f765466aa8a14bad74aa5a940bf2b1b50cceef1cecc2dca6a9a,1764500341,1764500345,2203,34508,,
0x8428780e3000073cfca83eb9bad1b5823a87dfbee9c2ac1c5e80a3b71b972f28,1764500341,1764500345,2203,34508,,
0x4525ba00b392a3ec40745e191ef52208cd6678b642e4b095fba627ac2d16a453,1764500341,1764500345,2203,34508,,
0x73b6a08bc988381e05206afc62f08c12b8a8813c4d41ac64708bc42856da51cd,1764500341,1764500345,2203,34508,,
0x04b875b663ff4f6385bf709716be7531d4b2f3dddce4928e34bbc8213fdb60b0,1764500341,1764500345,2203,34508,,
0x4359b8d29e5891360b120f5a9bf2721aad32cce231d0f4cfbd9a22b38d5be1da,1764500341,1764500345,2203,34508,,
0x4845e87b505d925ca9f8dec6f7f73b87e81a0fc70aabb1d7aeb22381b40adc48,1764500341,1764500345,2203,34508,,
0x15282912e21bee69465019f663154cf8b6e658eb4b615ae456970d8f348eaa31,1764500341,1764500345,2203,34508,,
0xec7d58a8aa76e2d39e90ef468f23a504243d94e915ab47c9967113298e1a456b,1764500341,1764500345,2203,34508,,
0x36eb7571f29677a539806824e90ef68faf46505eb23306fcf465b93b9149c54d,1764500341,1764500345,2203,34508,,
0x1437202ec4a6326b473cc21cd9b01bcbe128e1d8ae2774a32256e0b59bc006ab,1764500341,1764500345,2203,34508,,
0x25943347cc04c95bf5c69246a2f94c0c9dce8c736149add7e74d177b7cca79b1,1764500341,1764500345,2203,34508,,
0x9600be48ad3c4d96b341bb5b0be2faadc058c1dc19c7cfd56f47f2d4245eace7,1764500341,1764500345,2203,34508,,
0x199a2985ac73a7f407e1b36e9b42780774782d46d1cefcb4d475cfa1347fd898,1764500341,1764500345,2203,34508,,
0x95eb1d57fc9f04405976421a9d1147397fe4f2fb7b4a1aa6ce09dcf6b8152dd8,1764500341,1764500345,2203,34508,,
0xdb78a77b78c79442c19dc4c3278f5d282d1e1b3267b608deb623dc4d1f7a1628,1764500341,1764500345,2203,34508,,
0x4cfb1debe4ba384696acc6be4d4778ff202f19ce51ce761b85a8d82adfb4a9e1,1764500341,1764500345,2203,34508,,
0x33c64094757aa5747d22abb4374066fc98889ad090d35222dc5588dc9c6ce1f1,1764500341,1764500345,2203,34496,,
0xb4ee1278deb3ea85362055b6d7850ec1401264f6186cdb0f2a97e18889bfad21,1764500341,1764500345,2203,34508,,
0x9d93a6c2ba90dc1c489375b045d45e630a333c20e86fd67b8534b4efb9c57b5a,1764500342,1764500345,2203,34508,,
0x28f70edd6b55e5e556c583fc4b0b6490535fba6c592a3d02038890cc95338be4,1764500342,1764500345,2203,34508,,
0x24872fa0e45d065b745bb69c45e70bfa317e68e7c25ed16e2524c21970071533,1764500342,1764500345,2203,34508,,
0x2ba9e3e25bd010eeeefcad8753fe6471e496716b9b3fb7256965af77277b181c,1764500342,1764500345,2203,34508,,
0x2c7065a211dd18f76c57f616448dfea85f6b9fe04cc2b94706ecb0d6c77ce8c4,1764500342,1764500345,2203,34496,,
0x19c91609f8fda86abd454362193d12778c58d5547145fb50a1337ca0adb49efd,1764500342,1764500345,2203,34508,,
0x81612195bddc5e0b0df6cf4495fbd4eae4884fb08c09b427d60da6bd4c690e54,1764500342,1764500345,2203,34508,,
0x580608e3bd38d8e9736747eeaf63ec2f3488246af33e85e3ebe9ea0697c7d7b9,1764500342,1764500345,2203,34508,,
0x45f2791d4f6c7a5dfab70295ec6c8a3a87393d799adde00350fc24b896186ff4,1764500342,1764500345,2203,34508,,
0x9ff98834fa4505c26bdd0a58a9c23076ab14a042e1dfd9225c64472aa7008257,1764500342,1764500345,2203,34508,,
0x7c144cb5e569a79e5ed5f958a576efd9df2af20ebd7e646231658dd651da62c9,1764500342,1764500345,2203,34496,,
0xf2fa766be9acca34c3596b286edf8e47b94be7f3f72839bc787d0b8dffaac61f,1764500343,1764500345,2203,34508,,
0x303c181c1d72fe11c20ed687cad7a2e78600ef15e7d0ca70110f29d51d07acad,1764500343,1764500347,2204,34508,,
0x8e454e24fc1b1ecccaf8231d3fd2dacc02a970beccff914ba0eb8077d1f13d45,1764500343,1764500347,2204,34508,,
0xe955158805581776b56ed0380c9d0440e286e6f502f282ac953b8005d56a9d6b,1764500343,1764500347,2204,34508,,
0x821cf998db133771877019218aea5329eb9e68bace3b2f1764a96c6040e98218,1764500343,1764500347,2204,34508,,
0x5e6f88176fe819ccdb75b9e8c39495ce8df662e90e2087c50ee9b070bac611b7,1764500343,1764500347,2204,34508,,
0x0d45165f904794e2611cd075d92cbc19d5c1042fc2c035f170117701067b3d9e,1764500343,1764500347,2204,34508,,
0xa48d3cf8cfd01f7f7832650b4858f3eb7d759b527ed6105a9fe196ae2c5f56a9,1764500343,1764500347,2204,34508,,
0xddd252ab06c0c298b444a3d84df30c0fb590a9a9d53d86fceab87a516c9749b7,1764500343,1764500347,2204,34496,,
0x125f86eb0f590ec03a26969643b276d5b48ce640b06ec321d28cd76aab1a90e1,1764500343,1764500347,2204,34508,,
0x3c9853171a22f9f6dd4985e30ed0580a47fe9ba68e9bbde81b24f9c2737b5570,1764500343,1764500347,2204,34508,,
0x186b1fc8d8fd2ffc108b8a91061f61ed2bef7e777953b4089d8a933943511dd1,1764500343,1764500347,2204,34508,,
0xb8bf10342a845da9052750290308ab7905803229a4f7eb62ebe1f3f8ee44eabc,1764500343,1764500347,2204,34508,,
0xe1996b207bb59a9761dcb3c5654fbdc1506d158df7f79f8ee45a74f90e8c8396,1764500343,1764500347,2204,34496,,
0x9e45bd895a3daa70704e24cabbcfde36cbf386d7c469ab613087b648c867ec23,1764500343,1764500347,2204,34508,,
0xdc7eb41af2289424268c0894ccd44dc540a5735f2edef1d479af90cc7bc56f71,1764500343,1764500347,2204,34508,,
0x1c3443c66fc2762c79e7f23f00898d8e80c6bf9de93a974e20341d18e8cbfa9b,1764500343,1764500347,2204,34508,,
0x5a144b84b401f6509faf2166ffe362440035263f1e99c2e26925ecc26beb6610,1764500343,1764500347,2204,34508,,
0xa758db130e8d1172fcb1549856a11663e5802d2bb773d4db67a53e6c2ff1b931,1764500343,1764500347,2204,34508,,
0xb50b465fcd2fb721af14efbe5148507ce51bc2806487f20209f04598803ca2da,1764500343,1764500347,2204,34496,,
0x75821d8cddb144bef692b6614c757132d41fec7c9b730a0b05b304a53f13dfdc,1764500343,1764500347,2204,34508,,
0x8835837d5ccb6357b8bb011ece0000c2eb953a8c56874472dac9069e319c0963,1764500343,1764500347,2204,34508,,
0x3f219d62c8b68e1d1e711f133d7a0879e4b61bb432949484a40e1744e06f20f9,1764500343,1764500347,2204,34508,,
0xf32e9aecad5990bc4a4e99e2165a02a83a1c28234fa43b8a8d63cf65cad94ca7,1764500343,1764500347,2204,34508,,
0x719fe812058c2fcd4aadff7afa074b946d47cd057ec117bbb771d0aecd5bce50,1764500343,1764500347,2204,34508,,
0x03739c9485025c0916abdd09c04760fa7120a77bfdd8e5549c269f653f5ee05c,1764500343,1764500347,2204,34508,,
0x278ecc29295e231204fee264bd2b178f399944dc94bdcac41896f79432b30a3b,1764500343,1764500347,2204,34496,,
0xdd24514c6b0c040283786eb088a791c037aabc3bb40b4c28f25396d7494586d2,1764500343,1764500347,2204,34508,,
0xf6f0ab53dc5fced735705ec2bf1e1828bca49633b6d167b81fec6c8bdb569485,1764500343,1764500347,2204,34508,,
0xe738326904c8a5bbc5cd02c5a09210f8811d567bece402fe1935b3b760984b9e,1764500343,1764500347,2204,34508,,
0x064d42f0fb800fbc904290544a1299ea7c1ec8ee1b6249a6f574d66bd38b49c8,1764500343,1764500347,2204,34508,,
0xc31a32ec945f57bf93bcbee77594a5bad89c89d24f7f2c895e96a0fa7ea489aa,1764500343,1764500347,2204,34508,,
0xd8b588bbb24495102090f9fb96147b2cf1d1498925306a7ba4e69fe1767131f0,1764500343,1764500347,2204,34508,,
0xb7508a01111143a4de0d0e5b5263f1873ba7cff2c5679ed4b5444bddbedd334b,1764500343,1764500347,2204,34508,,
0xda0f517f2c88c0d1dee1abfcf7d5c36da030a2fe3bb067e6c330e334693dacbd,1764500343,1764500347,2204,34508,,
0x0aaa5093ee3eec3c5aeec62689d326ad26832eb57e50b81f2edfc052168f6207,1764500343,1764500347,2204,34508,,
0xe4021a298af2cbd231e1b32790daa57d649fd8d735300f1a49a7bcb4476cc7e0,1764500343,1764500347,2204,34508,,
0x964a894f5923deaf27bbd81bec20e5340f2f976c85a7a71085e6c310ff3bdefa,1764500343,1764500347,2204,34508,,
0x0ebc053222e56629ce68857da5cc07de0bcaa52233e8eacc1319605416385616,1764500343,1764500347,2204,34508,,
0xf676ab6883e54ad7b276c33b85eb655d8644c52c2493d70219338d4d3a5e5033,1764500344,1764500347,2204,34508,,
0x86441bd024b7ed7b2ece34eb6080b0f2954fa5f14c54689c5b7298f7d0aa5477,1764500344,1764500347,2204,34508,,
0x9dc4a90d9e0013403e8cfee18a05cfac53d218f6ff9ca15a4456f6c013f088c8,1764500344,1764500347,2204,34508,,
0x79a462757cb8aacabb900b410007317918a7b525e4de7ad4ed007b48e5fc355d,1764500344,1764500347,2204,34508,,
0xf12e9d2ee7966edeeaac49f011dede58d5e2f0b2dcbeeb8477ea421e325d0bc1,1764500344,1764500347,2204,34508,,
0x043b54ff8cdb6d85516460434d291b54939652b79dc169663d4bef30aabedb45,1764500344,1764500347,2204,34508,,
0xe908baf1a016271480c51f95efb69e447f27d51efacff582a6d727d62f9aaa01,1764500344,1764500347,2204,34508,,
0xa47211413fd1b36d153b36f3f82bc3869f06606d637ce494ea38b8d917fc7e11,1764500344,1764500347,2204,34508,,
0x5b084ecf0ce5b6fb0b44954adb1fe8d1a34aca63362dea1492bd59a9ee5be80c,1764500344,1764500347,2204,34508,,
0xaa51013880041565085dbc2b066df37be658954204ec8bf90b5d4fed148eb4aa,1764500344,1764500347,2204,34508,,
0xbd60901bda8a50beee78d0a98ec31bd74bda3696b911fec2c62b18bb9256b212,1764500345,1764500347,2204,34508,,
0xe925894b467ab61036aafb5fbb6b042e65a90eae64903d65127a156e57c273ea,1764500345,1764500349,2205,34508,,
0xc7afdd420f91b75905582455634f0dd660eb4fe5e79b6025cca287ac6decc714,1764500345,1764500349,2205,34508,,
0x717f588e980f01770824de9d86a6884f9986331689d76cae80dfffe63ca7373d,1764500345,1764500349,2205,34508,,
0xf8c166671a1fe469c87a8005312930266ea6624c4c598b8e111c1cb2f2b22fae,1764500345,1764500349,2205,34508,,
0xd7bf7dcd53a80fcaf59c91f182dc603f73a012b6561b77e41ec39b370d51e10b,1764500345,1764500349,2205,34508,,
0x445851c9af32ee3a0e268587c9b23b6eab0a701b13a5956bff9463ce101b4929,1764500345,1764500349,2205,34508,,
0x761ba494aee531484774ab337948ef0aee54eaeabc6d99e7a5b599e852c5adbe,1764500345,1764500349,2205,34508,,
0x1df48b50d07fb65042387c4d033b01103b80971c62bb4b831bcd3fd6ee60e513,1764500345,1764500349,2205,34508,,
0x4994a111d122b408049726cbbb0b09bde3a2e9a50e7a5da2a87f7cd122050533,1764500345,1764500349,2205,34496,,
0xb7f2777f3bd1865ae78e76d0bb21bcbbc9ace6901e0aff834b70f6912c8f7af6,1764500345,1764500349,2205,34508,,
0x1de987150ea84af3a31efea966ae21dcf94ff9b0d82e21adbb05ceb5f5929561,1764500345,1764500349,2205,34484,,
0xd3f8fd76ce0d7acfb6712fc708688ef1a2f56d88bbbfd3c83aa3046a622a4dbe,1764500345,1764500349,2205,34508,,
0xb65b8bff931d41097a1af1ca7b77de1723e975b4ba973d43d3e32df7c13806d9,1764500345,1764500349,2205,34508,,
0x6b82ba73d2eec00bae09ec473dec177462e5218fede98a096f7b2cc538187c41,1764500345,1764500349,2205,34508,,
0x4a2ff8b63007ae174552f708681c1cda9031011dc83ae4bfa1556814705baea9,1764500345,1764500349,2205,34508,,
0x2b89245ae4da21f14eb379e7212f2e2e04f3c5e589b54930bea926db5b2e8198,1764500345,1764500349,2205,34508,,
0x0070a1c1e6a28b5fb383f2847703a03329987cb5a93ab39b89f4f8571bc7e634,1764500345,1764500349,2205,34508,,
0xc37d6ae3b6306928a310e01d4311741e951b99271e9fbc47ba277035b29aec4c,1764500345,1764500349,2205,34508,,
0x97dc82e2fcb19af04e2ea7b9e8a9a94a658e658e1218905eea31b847438c3f70,1764500345,1764500349,2205,34508,,
0x770d6360b01f31bb183f34689abffb542852df701f91481c58618bc20133363f,1764500345,1764500349,2205,34508,,
0x5ce4da5482ea3cf8d3092413b383667da2d7ec48650750915d6f685d3b146c66,1764500345,1764500349,2205,34508,,
0xfa201192f80b39c8c321102baaabaa5b48ad9cc68d20dbfbfc64b8f046034755,1764500345,1764500349,2205,34508,,
0xaab2b4ea20fa75a17f2797dc0806c4a0a205e586ca6ba4718a81be953d25fe77,1764500345,1764500349,2205,34508,,
0xd9baf3184318f18eac69473d2d7176f97a36f2053f8e4f9fe4561c231e1525cf,1764500345,1764500349,2205,34508,,
0xfc182a0905311291a0f9dea952c3a2ac5734fe98ac3f8a48ec618722df290455,1764500345,1764500349,2205,34508,,
0x16025492106282d6f98dfc385e882be68f824ac3e0297cde471f583d2c5f1211,1764500345,1764500349,2205,34508,,
0x2a72869c6d3e0b849fd6f8be559bfd2181e8597aa81704ad4c207ee732d57ce9,1764500345,1764500349,2205,34508,,
0xd8245b52245474560856348639b4584fa199edf6c695f3bf29290b5398952b9c,1764500345,1764500349,2205,34508,,
0xa4a0b909dd8213a4c00adf05f7a2147b066a161ed15497a4c71dfb0121affca3,1764500345,1764500349,2205,34508,,
0x4b486628b87435046bfe48e1fccde14d1a1e8848926587d2819e0412911c89d4,1764500345,1764500349,2205,34508,,
0xd1947d868e6f8e3adccae0e7778b9e55a01b6799a9735c0bfc072b3fda9b9b29,1764500345,1764500349,2205,34508,,
0xd89a5f189eb1f901c83b95c477c4b5de276121e7bd2de663bb8a74e588439a89,1764500345,1764500349,2205,34508,,
0x3606a6099182c16279f50977cb700bb9c6e0c35a151289866fa783c3576e07b2,1764500345,1764500349,2205,34508,,
0xf9d1cee5b37229d40aee5eef302a25a282d40d28a0937a13406f45d99666736e,1764500345,1764500349,2205,34508,,
0x81958bea5551de8d17249faa69ea752cdd5a1de37ce5f33b56ab1bc423ba9458,1764500345,1764500349,2205,34508,,
0xb77875d6e3d10141374a4bbd91f3c215e1b11bb4bb1c65d3e58e81cd40eac81a,1764500345,1764500349,2205,34508,,
0x452b7b16acd303f4ed52b808b9e0d7bd8ad164c39dd6e1d261198499e8908801,1764500345,1764500349,2205,34508,,
0x2f494c51424b1ea06010f663940440c19d4b09152e6f9d52e426b7e88759856a,1764500345,1764500349,2205,34508,,
0x527949a132c2f35eb9b22995c4339d2e4e1c271e14f623beed6aa423888d0348,1764500345,1764500349,2205,34508,,
0xff30b7b5dea4231d56ceea51a5765c8c9bdf2224277475f7db7ea923d13ae9d5,1764500346,1764500349,2205,34508,,
0xb6d5db8aac75d0e8fa528ea6d47970ac65c8d4c35bdcfd111943c3b78d793f84,1764500346,1764500349,2205,34508,,
0xd54c35f6a20be661c6ee088800605cc1aceaf8188333cda41fd61ebbc1d8206a,1764500346,1764500349,2205,34508,,
0x53eb0ed5baf0fd3db8771ea8c7e90cead02d325b637864c75181e54834eb302d,1764500346,1764500349,2205,34508,,
0xfb7c9b053308881051eea4903543fc46efd545ef028bb92d547d0435fd3cfa9c,1764500346,1764500349,2205,34508,,
0x0e460a3f038416ddc8126e6df407034c19d2868530547bd7c5cf2035b998bbb2,1764500346,1764500349,2205,34508,,
0xc75680b5f8bcdfd3d3aee3a654461918b65f36f0e04d5326a830ba7e21be60fd,1764500346,1764500349,2205,34508,,
0x1ade1caa3c84f837f433ef9eb7b1581ab0dbcd3f3ea387b15b8eb3a082c5fe8a,1764500346,1764500349,2205,34496,,
0xf18624ddc9c4112eb2837a3dfadcb67ff4023c66b031e4570ce3cf138854e707,1764500346,1764500349,2205,34508,,
0x0b597cf2380457287a9f404eae1723bff0ab8b83e3fce1a09f55b68fd25aee53,1764500346,1764500349,2205,34508,,
0x424a42938b97d70703cd3eefce23cd42804e1cd6e3fddb28489e4efc3dd9d79c,1764500347,1764500351,2206,34508,,
0x884000718336e960dcd0a7ccdb9ef6b6fb011d2a234198605ca86cc420f911a3,1764500347,1764500351,2206,34508,,
0x6f0bf1d127b1ea2355cbd1ed522482a441c63fb14b7469450019b5da6e5227d0,1764500347,1764500351,2206,34508,,
0x7a8cd86b27b88edae36875a3b62a142b70338baeaa4130c27b185851168f4ae6,1764500347,1764500351,2206,34508,,
0x56778311f2797ec436d1188d31cd44cb5609be14cbf96bfaefcb7d1abe78b442,1764500347,1764500351,2206,34508,,
0xa8e7d10c93199759703033f653bb146dbf16baa80b42e343d5efa4b58cef4fe8,1764500347,1764500351,2206,34508,,
0xbbe789da9fb28606872120b10b1da4c41e21972f470aab7571650b5647fb9ea8,1764500347,1764500351,2206,34508,,
0x4a0ec015cd979b440cd30f1ddc33a41d2da22c813395e83c952ff3252fac8f87,1764500347,1764500351,2206,34508,,
0xe7c8d00bd86e143d9b236f5e7feb0b44deb7b6770884193171d766574e0644ec,1764500347,1764500351,2206,34496,,
0x3a1faa09629c36b2c3d0a23003e5b3bd489eb56627c7196885f8869c5930a401,1764500347,1764500351,2206,34508,,
0x4c5fe99b4e19672a0e2839020749118842f21157afbf046a5b67b0f8bd56b603,1764500347,1764500351,2206,34508,,
0xd78a1d5876c6ba26b65c15b2193d9da65da3ef74a5c1744e5654b04918db898a,1764500347,1764500351,2206,34508,,
0x1adc1283510b708e43b9a1f4fe6d6066e0c16aa6248765e54d88541b0250ecbf,1764500347,1764500351,2206,34508,,
0x913f09d5dd0d28a98a8c171969977ee6fd9af728f29a7581b3f8715e67b47280,1764500347,1764500351,2206,34508,,
0x329b7ab6c0f4dbd4606ece10f09d26b2e1d6f97e538dd26c0f904674eaa600bb,1764500347,1764500351,2206,34508,,
0x806f5fe8cd3ddab084d2ef9ad698f672b8c7f1c8d8aafe3cd23378d224d103c0,1764500347,1764500351,2206,34508,,
0xe2338ff439b2f7cbe51d6987b5b8ac8597c9344cb45677c4036837c3bfad7a53,1764500347,1764500351,2206,34508,,
0x46087118ba6d4d916bd3cd11811484881428c180113f677364bd7273b6b19979,1764500347,1764500351,2206,34496,,
0x915bf1b90c4a4c6fa0e7be5052e781de13a0afe8d67fb67a5af531873f54c0f7,1764500347,1764500351,2206,34508,,
0x52871af6550ea43cc030a66783f84342022386901036ef94048e3079480749e9,1764500347,1764500351,2206,34508,,
0xa27240dee98046ee3e7994d2daaae3d8cfb2b56436eeeca1936ab3e5f378d8a1,1764500347,1764500351,2206,34508,,
0x5b5921f3f209fc04fb26026056196466a44c23a07a109552ee7813c7c5ddaa91,1764500347,1764500351,2206,34508,,
0x860f8e7568fd3b684b708a0dbe571b101a7aa54ca209160c02f5cedc4a77ddbe,1764500347,1764500351,2206,34508,,
0x0070a94d8317f2528e75032bbab217c04d8513ef1e08145c0dfa788b7843a1f3,1764500347,1764500351,2206,34508,,
0xe36fc8aeca3bcf38797f736743bb38061a92f134240fe0d23f11f471b2f6340f,1764500347,1764500351,2206,34508,,
0x5a0507bc9e10b947bf6bb0243babed3d27c4d70eefce4865af292c7dda4d886a,1764500347,1764500351,2206,34508,,
0x9093354d5356bceea5e2e6d6e8dfb3449f9b2a01068917684dce34bca73095f8,1764500347,1764500351,2206,34508,,
0x91acf72ae9eb11bf5efff9c7a78ac6475b0ae9650fbf058983b817b2f5dde2f5,1764500347,1764500351,2206,34496,,
0x6e5044a62c496f1d4bb99a37582e10804501c4f08e978669f3a7081edd813b38,1764500347,1764500351,2206,34508,,
0x8fb2e851e7083343ddebc87e6a238b6da3ef3f9998e757830a10694e6d33d4a4,1764500347,1764500351,2206,34508,,
0xb74b9facae20f5bc6b7eb14d605da80acd9555f8ecc4970924d2e24487bcc85d,1764500347,1764500351,2206,34508,,
0xf0232b2afa9aaecd0ce64898638ddeec7237b14fd8ddb88aec85db7578713561,1764500347,1764500351,2206,34508,,
0xd8605e793e0b09a6375805aebcb072aed0717ff87ea0f99a85c08ba3e67dc74d,1764500347,1764500351,2206,34508,,
0x58107adc526a062a45bf48d4ac4ed47ed792ecafe4e5bf949db6102b5ca9b2a1,1764500347,1764500351,2206,34508,,
0x2d7efd8d1350f74ed89f0cfb306f63c716b942f5660d6268d679b11f06e9644a,1764500347,1764500351,2206,34508,,
0x28c939cbc2c10561fa6e3c10f2adf2c4a049f1a9500011f9605d87a65b6a6e4b,1764500347,1764500351,2206,34508,,
0x1410e9c5138db6333adbd7f4cacb1eb65f43b6183016c47045b06e34b418b404,1764500347,1764500351,2206,34508,,
0xdc5c350171dc853d3dc3c2dfb939e06107e42cae01b31f60cac522051cc02bd8,1764500347,1764500351,2206,34508,,
0xe30cbf9fdc337f3360364e6081640e2f802b5c0cd119f78d5bc8a4b9591020e6,1764500347,1764500351,2206,34508,,
0x8d6cb26fd0ded3f49bf2af36e78c568166589ed657f542d0204c8f14c48ec493,1764500347,1764500351,2206,34496,,
0x591d3f15e9205d8cf3dd4db224518b01ad17d5924ca55f96894d2dfb573ebb75,1764500348,1764500351,2206,34508,,
0x5ef30d8ce53a1ddd2355c3df33d8c756aa456619207fda142d21eda8bb8eb04d,1764500348,1764500351,2206,34508,,
0x6911fc9c9fdbf68981460f173020ff12405c5e03e369a36254cc6522a4012fdb,1764500348,1764500351,2206,34508,,
0xe70ac57e747b75aad89ff8d16f59099da1f0ad671bfea257f123ba0eb832232b,1764500348,1764500351,2206,34508,,
0x073c95c88933f40435e4520fd0a3974fb7fa8dcf71158bed499e17f4259ee9a6,1764500348,1764500351,2206,34508,,
0x85d1ec33e1cfb7fdfb93927785c70923ba6551cbcfec5ba31919cb7decdb5632,1764500348,1764500351,2206,34508,,
0xc39641a7a4c5805a871be48fa0b9f934724aa5497dd2df8a570d0335add019f1,1764500348,1764500351,2206,34508,,
0x2a1457682fb21c0fa36a55eb61ff02e91b6802d5e36aaa46f69cdfcfea04a958,1764500348,1764500351,2206,34508,,
0x4fb5ec35d1914e8de5e7e1445d6163b09d38092dcd0edf721a1834140d066d1c,1764500348,1764500351,2206,34508,,
0x5bbfa6630d96d80793b5f87e54460087fc2342095d959686f39cd620978cd2cc,1764500349,1764500353,2207,34496,,
0x7d2ef77f3b9f4931dd0eaf9b5e93ab5394184944e37e965df7a031bef4ad7306,1764500349,1764500353,2207,34508,,
0x84d36717805b11a1569c46d039edbd03f7ad7ce44aefba600794d7f8ef802a55,1764500349,1764500353,2207,34508,,
0x97f3724e5f12114316b5b15b4aab2488697a6d9f919d2651ceb1577254237565,1764500349,1764500353,2207,34508,,
0x797e91a51afaf54e139a037983b8756daa7c68771fd4392917f0359a77bc9b27,1764500349,1764500353,2207,34508,,
0x80f603f0871a9d3e22b76cb44729251148212d3a1b979a2b876166fb6a4f9ff4,1764500349,1764500353,2207,34508,,
0xaaf6d22e064c3e575757cd50fef0fb25336c5df04f3196d1cfc136047636398b,1764500349,1764500353,2207,34508,,
0xfc85e642ab2f6e63ece44622047c75dfc6e6ff035059dc18372c2d6d73311820,1764500349,1764500353,2207,34508,,
0x452d64ae2fe46b28a6878dde5850d13ef608c5fd779e204370f38b20b80ebffa,1764500349,1764500353,2207,34508,,
0xd3914ed049279b0b6f879a423b32cba4a2c53e90b05b181c0c19ca93b87b0d56,1764500349,1764500353,2207,34508,,
0xc20693e2d6f7db3a12b91cc7859bbef7cfa9ee332086e6abf8b76eebf0bc03c7,1764500349,1764500353,2207,34508,,
0x20998a350f4909c63d31356e611f3dee22ab09dcc615118cd84d41f8a4f44dd6,1764500349,1764500353,2207,34508,,
0xb56471226f5e13244444a9e21c822120afa2801d4947f79cd812d1f2728d4821,1764500349,1764500353,2207,34508,,
0x5e4b7450528566bea44e11a30557b0978cea0bd0b9f968ad038dc4358905d4cc,1764500349,1764500353,2207,34508,,
0x89ae4cb8a0e5f7cf6ce2c28664703a7598ea93a51c7590c10081be901d443505,1764500349,1764500353,2207,34508,,
0xcc805c890950afa35eeca6bfa16d2b465d782c65a0fb49edafc48151f704ce96,1764500349,1764500353,2207,34508,,
0x50debaa256f0d2e946177b4455ed42c23ed1d70b3f9dc49b955679f29764880c,1764500349,1764500353,2207,34508,,
0x7f3e0ef6b140a4b80a84376510dbc96d05b94e7421423251ec0ab6ac71bd11ab,1764500349,1764500353,2207,34508,,
0x35dabefcf6550726c7c71c352eb09c585639f15630e703e72ecb85982aef8134,1764500349,1764500353,2207,34508,,
0x160da8a2c9738c27c242eb066db04b43948f00b7dc7f66eb032bfd8f509299cc,1764500349,1764500353,2207,34508,,
0x84f2ae48c10587202910f3c8ed649587c85e9847f8d366e92a0853365ab008d4,1764500349,1764500353,2207,34508,,
0x4157b908e63a1fd2ca990e627c3b114569987a177c885070ed6d6586ef3dc57f,1764500349,1764500353,2207,34508,,
0xdf7825d821730082c7db8c56a7be3fafc147f55df6fe07998506a78333ae6009,1764500349,1764500353,2207,34508,,
0xc7f48e01889986c68e02487350ef9784adc14df7df3059f176f7efc86e9b4061,1764500349,1764500353,2207,34508,,
0x776d822c82dd440c2d7ffc3fe09398c1b66acfee6eb5c84c98857987397ff788,1764500349,1764500353,2207,34508,,
0x9d46437446f7daaf5b9ce1817073928c38e14c8d8003ff8c3b21b31306b62231,1764500349,1764500353,2207,34508,,
0xa6d6dfbcc5eaa50364720c2f4e9daa3afa00563c83ea1c2c09b5710982f2db5b,1764500349,1764500353,2207,34508,,
0x48b2d4c7deb255c57d866042b61228e31794e7ab2720d5ab13f967281fa5b197,1764500349,1764500353,2207,34508,,
0xa42226fba0e60bb7b4b06a191151767edf534744fa98f88c35e4b8e279b5bad7,1764500349,1764500353,2207,34508,,
0xd00f3933b0f503fd0663fb8ba84a06bf5e298df26c0f0c9f6180330ae99db077,1764500349,1764500353,2207,34508,,
0x044f5e34f5a6c928d6d761e01c18723a80ef690ea88698188f45c53b2456b730,1764500349,1764500353,2207,34508,,
0x031af5a0591de1acf1824c725c6bfd6641c6ddc0958e7aee0d67538183fa1bf8,1764500349,1764500353,2207,34508,,
0x721d2e58d54c88410ef2ba7b4b35caafe2addfbf17005ba677a41b878a5fc67b,1764500349,1764500353,2207,34508,,
0xf80fa40022703fb4aa98fda49bd2d0109ca0ac2646ab0ab0914ee10f2a1be09d,1764500349,1764500353,2207,34508,,
0x5fd9f31d4f324ee76410428327517135832e89a71756a0913c2674a38961d01a,1764500349,1764500353,2207,34508,,
0xdc8cb6955d24285d3e47616943174475e17bc27520e4dd6b8159976b07718dbf,1764500349,1764500353,2207,34508,,
0xa318f7493e803b7e0156cffd23126c982a9beb56a9791c34225fecae3f3b522f,1764500349,1764500353,2207,34508,,
0x3bb2bae5d494c5edc1baea5ac3d194809df7c70f4967e1f59434ab70dba2a963,1764500349,1764500353,2207,34508,,
0xf9d6730a64fee47e980e8dab596c61624309e9c4bc7966a7f62bb9689c06a963,1764500349,1764500353,2207,34508,,
0x8f8969798d65c6b99657ba402568c957ee458cf0577530b2eb47d93b546482a5,1764500349,1764500353,2207,34508,,
0xbed8a468c0d285451c94ca72e44af831f1b345ece0489a15d68e2fb8d0bdb992,1764500349,1764500353,2207,34508,,
0x0ec86289be7d88aff4abe2301b6867fbf7e90a23de98d58d8a24e316bc0bed71,1764500350,1764500353,2207,34508,,
0x184416cd56ed3f18cef1cdf85874ac8a1d0eabeefe450806ce04c221f24a59be,1764500350,1764500353,2207,34508,,
0x261c1e1b7c0beccdd0af8e7ce89c29f27a3b6ecfb651d3d05e65ba10f8e6efd6,1764500350,1764500353,2207,34508,,
0xb3caf27a9394d078d3b5fbd6384562902184236a9291b1734cfa4aa97a2b6843,1764500350,1764500353,2207,34508,,
0x94d94f4a158c18020b59310239d73f630b27f36be68948bd35e7f4bd1df84900,1764500350,1764500353,2207,34508,,
0xdc5bb7dbd0bafffd9e9497a53d02575dab3980beb73844d091bd9957460a7be7,1764500350,1764500353,2207,34508,,
0xe9c482d89494d6f1f0da6dc0b113da8edf534a0bcdb9e3d662eb5cbe76ea25fb,1764500350,1764500353,2207,34508,,
0xd830342500cbcd9e3d85eb4eaad7a7840f1854ccb3683da9a7678217f5e90b43,1764500350,1764500353,2207,34508,,
0xb6e6db3431c6180cda41c2ec630de17adf48bb289700c8d6e94889fb7f11c265,1764500351,1764500355,2208,34508,,
0x8683dfeff4c6f772f825ac16714fece8ab9baeae6a2081c3addafc9cd2991438,1764500351,1764500355,2208,34508,,
0xc3319d6ae22c387585d86354cb5c3fc6cd1b5b895351d758bfde05ebb5ba6c57,1764500351,1764500355,2208,34508,,
0x9751bca25aa818c985643423854a735a7151b981512413083ed0c42b87721be6,1764500351,1764500355,2208,34508,,
0xb586fdcf6316a557fa1a10152659d74665a33a602424a915326ccf4175c08dd1,1764500351,1764500355,2208,34508,,
0x951dbdeb1a0a41c82b8ee610eaa74d8c02b08a1a55b5a7af8312a2aa2cdaabc0,1764500351,1764500355,2208,34508,,
0x32d0d38a38a2f27e09c9756e61b027d9a1c431b15784f126e3c9c45e2035f1e7,1764500351,1764500355,2208,34508,,
0x1fdbf6ebaae6dfb71f70a5751a58400669665bdc84d5b1f31c22d3a844cd59b4,1764500351,1764500355,2208,34508,,
0x180a524944a89765081b09a3a4e70e442567912404b64e87584c330e1c821db7,1764500351,1764500355,2208,34508,,
0xc3e965bff0bc0034a732f1465824d9c0da88d6cd159e60d935362affeb2396a2,1764500351,1764500355,2208,34508,,
0x5da5f70ed499770ebb4ce889d845e544e60f5d67c6b6f72afd28d5347f3579af,1764500351,1764500355,2208,34508,,
0xaf21470afd695dd51deaa9647f54b6d68c0d8718c5c80a32d0e24f2d533b03e5,1764500351,1764500355,2208,34508,,
0x18b14cd8415a3d6cb1b0c2c8baffbd0667b55d4015344b09126f072682beaaec,1764500351,1764500355,2208,34508,,
0x2a25b8857a6a270215de92a68f62a40205a09c56d8266a8b6b3d7ad8715fd0cf,1764500351,1764500355,2208,34496,,
0x91ed945761272862815d64266f373b2f27bc0e3b8a909b2ed7d79fdf07ec937a,1764500351,1764500355,2208,34508,,
0x7d7f837fe3cbed1a3ccaa20c6ef46ee783d84fb7c7035e79c7463340cf2c26b0,1764500351,1764500355,2208,34508,,
0x3e624afec1742bb4b830bef1351a48888249d2b0e50cfde8cae74f8fe9251c9d,1764500351,1764500355,2208,34496,,
0x57849a060e897e344a7ff43066351237d64281cd042d2beeb403c8e735641684,1764500351,1764500355,2208,34508,,
0x20863772ae6c89ace36b8b8f848f5d248f4532f7c61ff509053396fb807b21f9,1764500351,1764500355,2208,34508,,
0x691f2b1f30d77cfb0cb88699e5246da9d271f53af2777713cf29cbf3f567d241,1764500351,1764500355,2208,34508,,
0xcacedc7e99320b86d10e5f0e18c557831a8c80d1b73e77a307acd81c7f1b0657,1764500351,1764500355,2208,34508,,
0xa7b189cc20556be9c172ad32fcbf24a0f5c31a576d5c92f173ffafaa939bf1c2,1764500351,1764500355,2208,34508,,
0x9772d04946a9511f46d43410f5b77bbc99c15c8a4c79de1112d4f659a8950eb8,1764500351,1764500355,2208,34496,,
0x1830398adfd37b0ab099b3a3de2efa128cc8d2ce2b65b2960cfb3e133826afb7,1764500351,1764500355,2208,34508,,
0x3780835fe1eb4a237b7f99a8c0e09a1b92852d2513e498580f021b2a00318bab,1764500351,1764500355,2208,34508,,
0x2d1f6030e8d6c1d5773e048bf72aef60f29801e18ffe078e1efa86fe7641f7af,1764500351,1764500355,2208,34496,,
0x1ce0ccf9836f8543b2e0ded631b5fd2aca7c2e7b06aca9e6eafc5220cc4faebd,1764500351,1764500355,2208,34508,,
0x7d7986b9b22513e81f3e5ad07e9f55fae2c25a7da22b9eea3f42000404246799,1764500351,1764500355,2208,34508,,
0x811bcdf3ef3a0834764c018d9ccf8e0cb702a98fe11600e58b280822411b0ef1,1764500351,1764500355,2208,34508,,
0x1fd72c91e2adc60e7fd5f97daaf539a1382d82df0b33c5ae7e1a8dd9269fc8e4,1764500351,1764500355,2208,34508,,
0xfb2b8d7e3f3aa12fb510d12a435f81fe9927e361cdca1c9cdb516251a9fc1aae,1764500351,1764500355,2208,34508,,
0xd5ddbe5a2b826ce1ea752c3c66839b2d4984001a588d6fa2c5b58c1d5bc48d4c,1764500351,1764500355,2208,34508,,
0xa887d76430074d5b6fea28cd69424016d3d59ceaec1161feace675be542a87b8,1764500351,1764500355,2208,34508,,
0x35a68a8849e02384ae3196fd2863b973b286377ecedd549724f42cc571d9cd71,1764500351,1764500355,2208,34508,,
0xf52205ddc16c53fb968b8b0b60a20faeabe66cbde5161a54612303ee78bb4596,1764500351,1764500355,2208,34508,,
0x75494f7f7d9694522616a7c2792383060bc36f2c687e351238f779bbcb62e46f,1764500351,1764500355,2208,34508,,
0x32b60f5a62130598634da8c93ff2e991720db240dd3b1252d6a0cd5983478418,1764500351,1764500355,2208,34508,,
0x4b618621e3720d47f8e15b3e08db212d878f0b9e10c2eb6830dd105fd8cce638,1764500351,1764500355,2208,34508,,
0x2c9adc8ef385667c11541b25dcdf120a99973307ba7cf06367f2f873dc1c8ac4,1764500351,1764500355,2208,34508,,
0x60dfcee4d0c2fadc97a292d4138fdfc02292524eef05746ed3237ca41286daca,1764500351,1764500355,2208,34508,,
0x4d7a510e95622d6333304d4c3acaa136c5e39f698ff4450be7183d6a2d8b406f,1764500351,1764500355,2208,34508,,
0x4c17b6359d9b00750dd2ea1d4c3db8193234ea83ddadb913d333352919c9dfd6,1764500351,1764500355,2208,34508,,
0x4d066a2478f6cf2b841153a9ea81802ecfb9881808877b85b073ea27b63313ec,1764500352,1764500355,2208,34508,,
0x6bb5372b1327f46bcb21c109521632a0176255eba1faa833b3ca900b457b64f7,1764500352,1764500355,2208,34508,,
0xea104ada8516288433253b0d496b9546e94f3c800aaa14feaf4aef49862d0ded,1764500352,1764500355,2208,34508,,
0x6e6d1dd791e7667c2464b9d344c9151d86042fff53ebc2916a41983c9a0e7806,1764500352,1764500355,2208,34508,,
0x86b024cd255ec0ef294d89d65cdf6354420d011c4fe61cb303c5641f2df815ec,1764500352,1764500355,2208,34508,,
0x197570c96f914e2fba8213d73fcc41b38dab718c199e9d3086ab4603eafa09f7,1764500352,1764500355,2208,34508,,
0xfd060bc9aa42d3ee5f4834c742cb38febf06985aebe390e15f690f4fda41b4b7,1764500352,1764500355,2208,34508,,
0xb778d3e7bb7209b9b2a781621050ccc5a8184dcf8cee85725a10ce211492e36b,1764500353,1764500355,2208,34508,,
0x0966a76192a5af537f86319ab962790a4120e3c4822b3ba7d8f2815774a65893,1764500353,1764500357,2209,34508,,
0x6fa158b477432609dd4f40cb6f97ee056365795b6c03142683de3db295454b62,1764500353,1764500357,2209,34508,,
0x1c48e68224e6ca5a89c73020ffaaf5da8a9e794e32e5938b90641d221481471e,1764500353,1764500357,2209,34508,,
0x7388e6da80ba5f71912d39673fd7a29391232173cbd6c98fd25ff5851c8e566d,1764500353,1764500357,2209,34484,,
0x58b4ed7103817640ecc3e5c4f73fa563a85d3bbeac201cedfe54beab7e8eb62d,1764500353,1764500357,2209,34508,,
0x6c6eab80d4e68c0dd5681f86ff8b917b1b87d543f368f59bb3d98971c8176612,1764500353,1764500357,2209,34508,,
0x7805a08862de9c4cca30d1fb19f0b16c472cb1a86a218a1cc270cb5d8a7241e6,1764500353,1764500357,2209,34508,,
0x90f58d6a768643a21586f958a2ae4c20c64e17e6f499c12a1e7e0e2c60c71e17,1764500353,1764500357,2209,34508,,
0x3874708fa17808a9382328131f3777e6c7e53793b5cc8f733e05038c8baaa91d,1764500353,1764500357,2209,34508,,
0x711f6b12f4c5390eb00e1b67e4549d13423aeed8a8fd117d8ac3990fe38f91f5,1764500353,1764500357,2209,34508,,
0xcc295394aa5b734d1fcd94ae2b1f2db723716e5e69633b2ce95899bcd11a2834,1764500353,1764500357,2209,34508,,
0xfb8591116c948a89635cbba7d759791bb7031ea5220dd106ff05ca8ffcdb73d2,1764500353,1764500357,2209,34496,,
0x68148bd184d4a0d888d5b641981f41af6fd3fcae9861b79706db3a28086c1112,1764500353,1764500357,2209,34508,,
0x4a6c658e03dde76b3dd3f65258902aa43712e73756f4538eca1d64e6cfc9273e,1764500353,1764500357,2209,34508,,
0x677f640141c12f5291e4817d5c5e9e733579082dfc4943f4565b8d95cb91acbc,1764500353,1764500357,2209,34508,,
0x2f414ca3b7c263fb1e13edfabad4b1ab68f8d046f8a845a60d96eab6be9b1fc7,1764500353,1764500357,2209,34508,,
0x8035885098c4b13f53c57f7f2e1368818cea666cc7d756a6c1f236982083a1da,1764500353,1764500357,2209,34508,,
0xad3281db91f56ca72217c694177f0480fcec743ea3f32ca095ef081d80ac88a3,1764500353,1764500357,2209,34508,,
0x822e92e05ae4ce7c21fac2223bd6a09d50e4d45959ec1a111195d097dbbf1e32,1764500353,1764500357,2209,34508,,
0xc064ef453b71334234dc70b3cd8216934144651ff8dad7858fc2cff2c3fca1a3,1764500353,1764500357,2209,34508,,
0x8659734e0ac5088ea3e1724963b36d45c126cddaca2f7d96d4f559bd53a224fb,1764500353,1764500357,2209,34508,,
0x315ed83d5e38bcfcbdf968e6e1ce170038e711f3b1a13b09b8b869c3424c89a0,1764500353,1764500357,2209,34508,,
0xe944ec14905d6e8f686579d6c1a02e9aae45c2dc4bf0cec344bbdf145dd1b51c,1764500353,1764500357,2209,34508,,
0xa1d7461a4e6fe8f36492e458ff9eb8f7ac3fce709ff512df1cf1b43b84433a91,1764500353,1764500357,2209,34508,,
0x26ea4389ba654f7e68a7f9df7ab4ecf7e29e949bc12b331a6e2c4ab01596cfc9,1764500353,1764500357,2209,34508,,
0xc38acfda3babeb3fc4524de5c260d4c6f0364622836df5b7a201634b425aaab9,1764500353,1764500357,2209,34508,,
0x91c602e16491fff8d0e68047186be7a3a925931d193e59eb2c500a1be6606010,1764500353,1764500357,2209,34508,,
0x61b1c474d0eca32804c1f2036fe9a52d5147cc325b50580140c71e62008cd911,1764500353,1764500357,2209,34508,,
0xee7efd0ace86e15bb72f2bbb5a64d090ed2e39defc27c6bc4061038b2d52d44a,1764500353,1764500357,2209,34508,,
0x9edda43a7e02529851c9033c7c5ce62083015bc04301ce4e750a74a3209eef1a,1764500353,1764500357,2209,34508,,
0xb2f9cad0dbe38eb2513c75435bd49a32f2da4919d0dc7c3d33eff72ca4f98409,1764500353,1764500357,2209,34496,,
0x7eb10a37a94997b8bca27a3838f0a0f2ae1a73e62982e3125f199e7117f956b4,1764500353,1764500357,2209,34508,,
0xc540408509e8d645e3fecd602f2c232fb8a229ff8024f3a5de0303b3b3384e5f,1764500353,1764500357,2209,34508,,
0xfba81fa58abf0a0f1a7716a3c28f9c8188ad26e6103d6abf42ac95ee86d9e143,1764500353,1764500357,2209,34508,,
0x12bd78ad964690e0fdfa769f44776e0fd4442846299379ba730dff58ba1ae6e3,1764500353,1764500357,2209,34508,,
0x56767992b74e7e8ecee4d5919997ec658afd28e0856c66992ff8fbb514a96f59,1764500353,1764500357,2209,34508,,
0x8108a00b0894b63c5b26e676d6f4f8def0054e26c3b08c9a6a2e192c374351d6,1764500353,1764500357,2209,34508,,
0x4d492553d3c4d3f789755e0a6f87bbf7a8e76d1a0ef3872586727e0da77c436e,1764500353,1764500357,2209,34508,,
0xa5207dc1bc9b997dd4593475250312ce6cdf6bbb3f141260cb0659c274770cda,1764500353,1764500357,2209,34508,,
0xb76b2a6d10149b6cb869733ff878f370b1fb8283f3be43c778627d9442191061,1764500353,1764500357,2209,34508,,
0xfe22364a28deff1a81b83ad1e34091e2ac24caa5634307f9c1d65d979d0d2e24,1764500353,1764500357,2209,34508,,
0x9a135f6b6b1aae77ee5b4d9e85230d4a1fe0f94663f91fcedb67d348ebff148b,1764500353,1764500357,2209,34508,,
0xfb21533b03d344fe3be0d1eca8ef59810e8c78fc0f70f56939484855092a6c2d,1764500354,1764500357,2209,34508,,
0xe6ce4db76e595fee5b3bc511bb3944c7ee2b7ea3980d3a6bf0c7869fedec8165,1764500354,1764500357,2209,34508,,
0x8ac3052d37523cb055514fa7feaee1c71240d7baa18ef4a99377ecccd3f82ee0,1764500354,1764500357,2209,34508,,
0x5d2bf6042c3f551e41c34eb2fb0ee6be291769d1d26cc5a56e94404cb155fcfb,1764500354,1764500357,2209,34508,,
0xd7475a214fb7498f6d934eb17a2835919a33b7f15c55e7f10c0401bf531e76d5,1764500354,1764500357,2209,34496,,
0x8fdf4cae98d011d720748437cf08e7e8aaedd92610fbdf26670f80865a49947e,1764500354,1764500357,2209,34508,,
0x1af2732bab887880b15d6ac89e1f4005de17dd93764af5a2f2e6da986986737b,1764500355,1764500357,2209,34508,,
0x739db0308dbefff7d4daffc63dcd22c02161913b0dae6dfbe94915da184d07c6,1764500355,1764500359,2210,34508,,
0x393cd35f65f559c29ce45a8638f7de44ec4a683e6db8c7fc844da6e32a467a7c,1764500355,1764500359,2210,34508,,
0xa827d0e96f904ea63d3d92f956cd3be63f65d82a98a0678220b7c81eebea0c4b,1764500355,1764500359,2210,34508,,
0x8812cb2d58a8cb00cacc37a3a78a5c50e1ef00a00aa58ec8f5aee585c062bb92,1764500355,1764500359,2210,34508,,
0x22c1bca22d034ad0f4dc9bdeb091e570a0ad8cd237121d22f1c5e814a1ead5bf,1764500355,1764500359,2210,34508,,
0xc02143647b6f4cb4b6908a5fae0273565d01dc30f8eee11f191288c23801b9db,1764500355,1764500359,2210,34508,,
0x412cacbdc4e67e230c3485cc2782e9a4be15504c2e4b11de867ec5049aafe6a2,1764500355,1764500359,2210,34508,,
0xe8a8197007501a4bdd142ddcf06f3dffac96cf58fd72ccda39a50c2357701a73,1764500355,1764500359,2210,34508,,
0xaf8e3ca6a77194bf1dc04f2e6ba736967cfb099832b78af662a9874114ffd2e5,1764500355,1764500359,2210,34508,,
0x05b190b62e98769747000fd21149de64b54efc9350b23a7f142fad5642a4e377,1764500355,1764500359,2210,34508,,
0x00068b5e5c3e54b5042637d70566243b0ca599c925b76fcbd13b11460b509b43,1764500355,1764500359,2210,34508,,
0xb9e87ab7c017f60f031e519d043038e1400c551791c8b068579b33c5c5794f20,1764500355,1764500359,2210,34508,,
0xd2566ffc640342f927ae50db729fed03c59cf419debd083823afd4ddfc861c3a,1764500355,1764500359,2210,34508,,
0xd7f1da3c0495053e2c808f3ccfbfb181baf264be6ce241eaa223b6b8d0e4dc80,1764500355,1764500359,2210,34508,,
0x4701893c9042507d763290e32760a79d748c575761ca2e5988e71f354ca10d07,1764500355,1764500359,2210,34508,,
0x765f8fe9881fecbb8a58ffc7340943675e7798a4f768715af8d19ea078691d6a,1764500355,1764500359,2210,34508,,
0xbe9e7b3de2f7088ee79e62e0b7259ed398fa2e74b7514ecfcf9f96423a93aac1,1764500355,1764500359,2210,34496,,
0x347aa17cc30f35f3f2ad800f1f3423d76c5ec7c0c0d546a5e1eef0309f68a6c8,1764500355,1764500359,2210,34508,,
0x08056e1c1700320d58d39e98d224fbda2f6c12972b63f0bbbcacbb7a843e43f0,1764500355,1764500359,2210,34496,,
0x0ec3b67c1efc7496c253a6d09d82a9a587888a080371c54803495481b42efcef,1764500355,1764500359,2210,34508,,
0xbaeef404b928e3d4f0f3db14cd91650b0da6dc5106917fcef2fcca92c6ae9b8e,1764500355,1764500359,2210,34508,,
0x7556b25105808289564ec934d587ea72466e9af89f11ae19800340e870844b53,1764500355,1764500359,2210,34508,,
0x0bb2b91cbf01eb1a4f540c3ab5fc9bd17bf085c5d12c8727bdc8b16ce23a0761,1764500355,1764500359,2210,34508,,
0x16ab81839cb8b8f7459072a3092459041071759aa5f70a271fb6ce6a7ee845f3,1764500355,1764500359,2210,34508,,
0xfb4628ebae21c362f089b1108a5b8e1a2f3c111349b045d95ef824714eae7b26,1764500355,1764500359,2210,34508,,
0xdc7413e3c5d99fdbab2724e14efe205122f421aec93b2ba39ae5be4126efbf11,1764500355,1764500359,2210,34508,,
0x1059bccf467a19099c8ddb6a31215342e8708935e58a215f268695998388d832,1764500355,1764500359,2210,34508,,
0x8c1d5b987858042bab00ef170d7bb73ad42780ad88f3a958218a69d232ceee02,1764500355,1764500359,2210,34508,,
0x7ae1cb327da696208c5883e39a18e671607d2cff32b0f143448ccafeee6006fa,1764500355,1764500359,2210,34508,,
0x98206bec835e0174eb6b0c34509b5d6ed514f5d17d16cb51e2b8394c7d09f289,1764500355,1764500359,2210,34508,,
0x6f5a9a636e0e9bdec93db89f89d3ef60744fec19548b42aeab1c8c99fdbc5968,1764500355,1764500359,2210,34508,,
0x90ab9cfe9e6af991126f5e0eca8c604c888c85d14b688840f41c30728a144d71,1764500355,1764500359,2210,34508,,
0x7983033970ccba8161c1b006ad1359e1036ff4fed1aa6b3e778ff37748371cd4,1764500355,1764500359,2210,34508,,
0xb35e48d404262872fb67dafb02ae6132343db025900087efd0aa4d58e7d1c73a,1764500355,1764500359,2210,34508,,
0xcb9411318e4b8338ac0d661e649ff33741f68c4bfed074a0c5080bf08c4a096f,1764500355,1764500359,2210,34508,,
0x476ee784464f39491c5507c67c78f8f5ebaec2923163054236d2d7b27e7196f3,1764500355,1764500359,2210,34508,,
0x06cf07848bbd2c5d8822e1a699d9d5eabca3e22bed8e6a1ee9930aab1d54cd5a,1764500355,1764500359,2210,34508,,
0x819171f4afd4fcb03245f8c0cc6ea7a2bfe07dac104b6b62d9c2896e47fe42c1,1764500355,1764500359,2210,34496,,
0x69ed82b789b9385cfd9153c27a9cc218eaa7aa6c3fd184fce52cdcc03ba1188e,1764500355,1764500359,2210,34508,,
0x49fdeeb6444c9ca7502e50075141f48131dba826db152d828d724ea7f608c8ce,1764500355,1764500359,2210,34508,,
0x80a258eb2cc0c8291e7b7ef22db16c7cd42bbec1ed1966ab42299462f1cb19dc,1764500355,1764500359,2210,34508,,
0xbe65c75cef4bcccac2ea360935e582e50ac047eb20cfce70d2dba9e9db08acc4,1764500355,1764500359,2210,34508,,
0x15c31c0744a14e5dc45d16c667243222bef81624de8639d605701bd128855de2,1764500355,1764500359,2210,34508,,
0x25865fc74b5687110bd51df586b04210830285c3a38709bd1803b55a2a980842,1764500356,1764500359,2210,34508,,
0x834f3819ff434e6de4981e4a6c70f23b16930a6f5e00526f456d7a0b766ce015,1764500356,1764500359,2210,34508,,
0x1e01199979de76cd8f89e73f6350422345cc71982c2ff09c719abf5d6def1415,1764500356,1764500359,2210,34508,,
0xff2066086fc40929f45e1def3d412360fe2ceeb3e93569d632f649f295dcc2e8,1764500356,1764500359,2210,34508,,
0x2f4111c70167dfc1083581ffe48589b1e4526f878a7b6f6832b44ba0d4d369e2,1764500356,1764500359,2210,34508,,
0xb037b7fca380cef02d51e74d988eeb38d720af3c24c5422272a2268e689d5a08,1764500357,1764500359,2210,34508,,
0x71f3d50b5fe341763690de5ad4c36d5fbb628986ee4184e96b14833ae0cae203,1764500357,1764500361,2211,34508,,
0xcbbfc8cf39b51b176cea670ee688e5c4ec4281c8b1351448b9af5bbcdc37d755,1764500357,1764500361,2211,34508,,
0xd27769c5cbe096fa981fb6e2cb34d48d51998496f5f29463fd17a7195dff3bdd,1764500357,1764500361,2211,34508,,
0x8480fb67622a450ea00d0e0590170d7aa2328dbf779e8f4a8b9a8563e0f91440,1764500357,1764500361,2211,34508,,
0x3eebf576cf6d5984d955fa7143586dd9bb907c8dd7247ba1937233e577b3c83b,1764500357,1764500361,2211,34508,,
0x5c9d3cdd06fa52a72e01caf5c839c39be50731b5391bb932eb77a3c7b7b93471,1764500357,1764500361,2211,34508,,
0x0f22246fccd7c74663c6e3db8452d92610dbb33f5849159becb14a029c6497e2,1764500357,1764500361,2211,34508,,
0x2a36ec373c689ce1dc778afa982de2c7dc0219b4d3a7a65423cd89b35fbbdbdb,1764500357,1764500361,2211,34508,,
0x1a16a349c73f0a97487cf6d9bff6ee95add4fe02e4ca6bdf1cb26c22ceb15283,1764500357,1764500361,2211,34508,,
0x73d62650b504a250099629201e8baaae117da0c415d539122cbeaadfb4fdba32,1764500357,1764500361,2211,34508,,
0xd6e61e3d39dfc461472cfc3f2ae215c3cf3a0a0de99df3608fbfa85e772c4e41,1764500357,1764500361,2211,34496,,
0x00335d70126ff4536e228326e4987de029152b733c67c3346760061d2e5b9520,1764500357,1764500361,2211,34496,,
0x9469d87adee5508d322946e94d3de74dbe7f4b02f3ddac2dc02c0d70ac4bd10f,1764500357,1764500361,2211,34508,,
0xe7f1efbdc342362032f7a669c9a3f7e0368540175e7fe623d5556700b4820d32,1764500357,1764500361,2211,34508,,
0xe5911f5811adb4e1f837a81bdaa346164913464a1374807b7738a1b4ba2488c7,1764500357,1764500361,2211,34508,,
0x49131104ce2d4e066a1502b5e13bc5c0fa23454a64420a219056e09009ab37b7,1764500357,1764500361,2211,34508,,
0x175c4a79ffbef70ca3e5b6df99e78f5550af6b4820de73cb17995e15364611eb,1764500357,1764500361,2211,34508,,
0x04314a1a75d76e97c3e28fda2131392cc5e93284dd06e1615288067d8df338c3,1764500357,1764500361,2211,34508,,
0x3ac081e4b605b2f99069b086ebe7ec3cdd89cc80e8b7a115bd0ca3e7f6a128ab,1764500357,1764500361,2211,34508,,
0xc1518de8f39d767bc221557baa0ee164395b1c8c7fcfa2c06f06e7996fb5f0a4,1764500357,1764500361,2211,34508,,
0x71d311027b8617e4a55a57f6b27e1a44f2101442e505c29b2046192be21b93ee,1764500357,1764500361,2211,34508,,
0xf1fcc27c3b5c8cdf216f81d6e77f09ad32590941396c5141cabdfe202396343c,1764500357,1764500361,2211,34508,,
0x3810e6297d6bca403b0717ce6644d3b98180ecf65682ae504520267719209a44,1764500357,1764500361,2211,34508,,
0x7b42283cb4afc9c3d5e4d7930baa82aec59e123650f0cb96875f72ff85fbed34,1764500357,1764500361,2211,34508,,
0x73f8f4fd35d7b355e94cb9a8daf9bf41d76825fe98199862059a21722c9d0e16,1764500357,1764500361,2211,34508,,
0xd0e17e2ef4a48388ea6cddbcc5d8ff726578077500bb98965fd799c55e01e2c3,1764500357,1764500361,2211,34508,,
0x43541e9196f5f7a71587ba88226de8aa6303037aa0ce823c037019af413b3dea,1764500357,1764500361,2211,34508,,
0x0e7f793e3b6a6d49d952ac3406e37d56a1e595430f27fd24a70e37a863e9f948,1764500357,1764500361,2211,34508,,
0xf9fd3a41340b7958942c1b3676f3a43f3944441f645191e5ee3085a96bc6dfc9,1764500357,1764500361,2211,34508,,
0xd3b7e255a21918472677dd6c3bab7085e6bcf98aa1419bfe16e06ac299a9b301,1764500357,1764500361,2211,34508,,
0xcee6bfb8900a1b732cb22c9e4dad3d0b53e8ab64c5f300c5b846ff1782d351ae,1764500357,1764500361,2211,34508,,
0x2bfe85be6a3765930be5f648e801654baf08d99e470b8d363bcd43b41ca310fc,1764500357,1764500361,2211,34508,,
0x77c891b15cc784aab52322b928c659b9e6c9d82a43d7e1c1666ceb569a16c81c,1764500357,1764500361,2211,34508,,
0x17cb900f7e40d0b61b8638651edd1bef3b31f7d774837c6d0367ccc7cbc866ad,1764500357,1764500361,2211,34508,,
0xb9a83082c61984c1a684508eefaf8bdd2752777f01eec258e5bad08e22d4f6f3,1764500357,1764500361,2211,34508,,
0xf1b392ed55d831ecb6073ff00efb455a585f479ca2fe448b7c27108b7434fc66,1764500357,1764500361,2211,34508,,
0x1d8c6cfd78576f905768b8c3d600ac490c2c9482159f93d0f2c17c368b8d92b1,1764500357,1764500361,2211,34496,,
0x3fa2c75b55385ec656beee1eecca321d7d4d32c5916b8b5c4e1eea6ff2502242,1764500357,1764500361,2211,34508,,
0x41b5cd2bf234ff2465af00b5e808d10daee3f31f10cd41ab260a30776c84ca01,1764500357,1764500361,2211,34508,,
0x04f980b82e432bfbb97ad303cb6d243a97914035a3084ae9db60da4010b94325,1764500357,1764500361,2211,34496,,
0x0f5adb3912729f082ded87b1dc991266d58e15ddfc4b7fde297e29543795ab75,1764500357,1764500361,2211,34508,,
0x44b58ef0b169f498a6f2773ea242a826e1b0476707cd8fbbb5571755f24c5592,1764500357,1764500361,2211,34508,,
0xe6dea0798e86c2139c3dd3794e0bea38fd867c03b799ccda93ab95a13b3c8b96,1764500357,1764500361,2211,34496,,
0x5caa1b0745cd7fd48564ac94800f5800e54523f05f682e6f123422506c848928,1764500357,1764500361,2211,34508,,
0xe7f5c28bffd5a99a3978985f70ec445b7a7bd79ca1c4d8d5d1274f2c510e1e48,1764500358,1764500361,2211,34508,,
0x3fec97a5a20a756664922c43fde70d45e65ffa046ea016c33a1147b6180d5b95,1764500358,1764500361,2211,34508,,
0x484a3995e08ba3040959cbd2b64e2f9b28cc43aca8f90e6f90499fcee2be9a2d,1764500358,1764500361,2211,34508,,
0x6e0adc478a5d0637e88cab234a83a1eea79ef51ec06f3e5da507cc193de25d2b,1764500358,1764500361,2211,34508,,
0x785db567971e78e89cf008e1cc8de051ec233f8a6d51a338addb3a6bba9a2207,1764500359,1764500363,2212,34508,,
0x00bd7f606d832aff4cc090a2eaaf7caf3985050a46cbbdd2f6b20d9a516fda5a,1764500359,1764500363,2212,34508,,
0x759563eadecc58094a6bc1857f2609d900931d8db539c7bfe58473cdb1cdb99c,1764500359,1764500363,2212,34508,,
0x72f3fe66646779ba09dbb140add2f2102efe6bd5d7c4ecdbd24db265010c399a,1764500359,1764500363,2212,34508,,
0x6998543a5362c0968e5e132b3c39907f3b6d65a1cb4597b186b865fcbfb96d4d,1764500359,1764500363,2212,34508,,
0x2628886c9f1dde94a73a9e4591b3c27a0e60d864a563eaad2d2249219eec4dfd,1764500359,1764500363,2212,34496,,
0xf19ce0d3cebd518cdd45b25216922c430c074c32abd3e531e70b190263e83c42,1764500359,1764500363,2212,34508,,
0x8ca108bd9f792cec3db24dfeba391d488619226ca84d24feb3898b649a4a3601,1764500359,1764500363,2212,34508,,
0x4a69dff6fa41bff9672656ca65dc0e53c38af4565fb266faba57cd4c0cab5ea3,1764500359,1764500363,2212,34508,,
0x228773039bd8edee0a364fba39a831a7b6422c1dfbb1e7f003b0fa208269648a,1764500359,1764500363,2212,34508,,
0xe882e3f8fac4ad5c1067f7b328dc5d91698217788c81a3b713238f4054c07019,1764500359,1764500363,2212,34508,,
0x01a3fc9aa86dcddff5fdf70a53880bfa62341aba88c033ad05d09acbaf504c4a,1764500359,1764500363,2212,34508,,
0xfe2ed9cd06efd499fb92f6aee2945e3e2648926086b750692e508482608b03a1,1764500359,1764500363,2212,34508,,
0x4cd13e398ab0ca49bf086636ba18214a96e88f0dd0e03ad313d46f1e532f8704,1764500359,1764500363,2212,34508,,
0xc1bf3e4bca3a4890d05d485884c063a3f50d019c0eac193235c8629e29e2ed36,1764500359,1764500363,2212,34508,,
0x0a86130cef1f704b969bfaa7f059fbb2fa781a0e8ed31962e0f1e8dcd5571bab,1764500359,1764500363,2212,34508,,
0x7bb8a6391e0e6d44b0eb9c29fe7dc9594317990b157fb96c20cf916d0d090dbc,1764500359,1764500363,2212,34508,,
0x9ffd67a755d8767f3e6db2ce4afe68d4cad37c427c28b97616c420bead5ff8ce,1764500359,1764500363,2212,34508,,
0x129f435cf3d0ec36087fec4046bb8ef24cd7c13e3a1dc9faeeb03e941a2b5dc5,1764500359,1764500363,2212,34508,,
0x1844727ea9373462249852347979890095c9993362d6adb3c64365a67113e3cd,1764500359,1764500363,2212,34508,,
0x60fa894d90092f9382c5a11a61b32bebd08ed92f0428edf1170b55333a47c4a3,1764500359,1764500363,2212,34508,,
0xa9810a2ab3b5e72887974e0d41695cd2ea0d8aab59a028bd0a8f65016c23e85e,1764500359,1764500363,2212,34508,,
0x836780f7480e983ecc861c82f517b7b735ce160c95f4e2648c0ae9eb565acc4e,1764500359,1764500363,2212,34508,,
0x55a3692c439ea1ffebe7bdcb0f9daf99cc426ab6c865a2d54ee1a5452aa26916,1764500359,1764500363,2212,34508,,
0x74daa58e579d2776a29e12c9dcf9ae504279f47996523200c3abf46609a76400,1764500359,1764500363,2212,34508,,
0x3c8ac4ebba4c65d7ef8b16cc726471c5c5acc7118bc9b7ca72a39b32bb36a89c,1764500359,1764500363,2212,34508,,
0xe2b5df0b0e649d08e45f9e09f55689dcb20d7880f115f3e27376f1701b3c99a4,1764500359,1764500363,2212,34508,,
0x0df9b933d9ffb0b5de35a0cb3cefaf9c600cb224679ceef3e90481ff572a4bde,1764500359,1764500363,2212,34508,,
0xf9e43e9dade35dc4a9db384819adb7f0fc728fff360b3ba0760439449cb025b5,1764500359,1764500363,2212,34508,,
0x0810b91c35ca5298943d9ecdfc14cf1695d9b1051bec27d0249e48307cc171d0,1764500359,1764500363,2212,34508,,
0xdc7b7774ba8ac288f85b4c259f0314547e2213a4934ce3d90c1a961f887b3906,1764500359,1764500363,2212,34508,,
0x6b2a9cd4d3bde1065e68e3399be9c3a75e673ed1553c46130695391e782ac9dc,1764500359,1764500363,2212,34496,,
0x60f4f6b759a3027074a8f37a31926ad6ea06a8cd2a3f5a8473e7b6afd472d4a8,1764500359,1764500363,2212,34508,,
0x95f636fc9f094b9a14c635cad1425a62eefe4daa12708e524e7ccb071eb5f6f6,1764500359,1764500363,2212,34508,,
0xeb55bf0747afdb43a6d34d9b33a9d25654260c273c198c2194cc2a013609d664,1764500359,1764500363,2212,34508,,
0x14423e2921192c8072f9f393e85fb6c30400df66ce175f19265d711c7a090085,1764500359,1764500363,2212,34508,,
0x31202ce04202c459499664b89404458038bdc15d0e0afe29d9883b1fce51f1db,1764500359,1764500363,2212,34508,,
0x5b39260da5865e9c67d69c3ab4412a1130a47697c47d7244a2750869de7306ee,1764500359,1764500363,2212,34508,,
0x2fabd12b0f331ebae01ebd50ab2c2bd52db655f4ce2a05996cafa57dc1a3d7dd,1764500359,1764500363,2212,34508,,
0xae7649d223802b1d568d1d3574e3dcebcb217af051ff58d0b595e8d7840ff5b3,1764500359,1764500363,2212,34496,,
0xa91d3623c023f7ac47ec243660509d9e61dfee74ed987c63e0a5895d62dbba53,1764500359,1764500363,2212,34508,,
0x1227bff128f5eb24f0fbc599f08640ab58d369db8df14b284ff0fcd1742e784f,1764500359,1764500363,2212,34508,,
0x86b0492216bb9f2b50c03d4976016190aa9312ab51cf82dd6dca114603fcd6f6,1764500359,1764500363,2212,34508,,
0xca4642aef7638f4f6625e2b431e58d6584eb3895aa2e54fedf91c4854e65d409,1764500359,1764500363,2212,34496,,
0x0ad2cfe4ecc8135dae8d599cae29d4b9fd0676f1477756af9fb029bb75f02268,1764500359,1764500363,2212,34508,,
0x7ecae14e1e438492fdeb7118c13c8e22221a47e5983b37185ca342829a39654e,1764500359,1764500363,2212,34496,,
0xfb0e75bc28dac2adaeb95a67641a4809a0d9765818e8328422362343f7fc7ead,1764500360,1764500363,2212,34508,,
0xd780811840d4d2e5fa2b92d378fb01cb3ec9a27a0bae8f3fb1b4e2fe3884bbf8,1764500360,1764500363,2212,34508,,
0x9ff43822affd1509f7fc0d1d6cdab9f0397cdffba67b6fdfc98e06a5c4a157ab,1764500360,1764500363,2212,34508,,
0xc79041bda680fc02ee2d0dbd0e2cac82964c1e0c61e0e8141a19af125da6ca59,1764500361,1764500363,2212,34508,,
0x5846fd49ba9371bf2b9a852066b699897a1ebff05d84eb357f7191cdcdce9a36,1764500361,1764500365,2213,34508,,
0x68eb2fbee6ac0b876726a4b2e206df1b63f41b13380497573aa702ad629c0062,1764500361,1764500365,2213,34508,,
0x487575304b82edc2019ebbbe9d53bce986e640ea535bc779e261fb9237e3af90,1764500361,1764500365,2213,34508,,
0xbb60dfce1f71900ddacf2a6607d41ada3510291f14180c224bd18c8bd6543f9c,1764500361,1764500365,2213,34508,,
0xc3315b2aea607a05135be11e6bf51451026c3c47264fe68bc3f5702b30dd8b44,1764500361,1764500365,2213,34508,,
0x2e3228a2966e35a9dc6169f1f7b3254e22c92f9be7c17a968c03b4e80575d37c,1764500361,1764500365,2213,34508,,
0x236d46a2f5c04d9f2e198216b7879d222c460e7ed982caf3ceaf4ddc81a09f6b,1764500361,1764500365,2213,34508,,
0x41deb304ba513e0df3f869e35c2c41956238de032639222b801a9d04fee366a8,1764500361,1764500365,2213,34508,,
0x28f93a8ff747a5810e6985ea8bd847b246f09ec6b44c0570fbf0c4492d37a8bb,1764500361,1764500365,2213,34508,,
0xb1018f9d936d45402c76bf47099ea91b3809a805925013d30e55cc1899b49d0a,1764500361,1764500365,2213,34508,,
0x2077cad1d61d9ebca7b9b6084f4c84aa2083aaa8df11074142ea1b448adc2dee,1764500361,1764500365,2213,34508,,
0xf3701c9b7f9e6698cbbe628188bd4bae0ebbc3f3569159d3c4c9015be5741d25,1764500361,1764500365,2213,34508,,
0x9f7357ceb3a9553e3c6fa78230e139e30f1f97a3a8e8c55cb0dd65e9f059d775,1764500361,1764500365,2213,34508,,
0x7f52f99e92a1ff48058031dab3fee376585c8e32c9bfa6bb930ddd05247172ef,1764500361,1764500365,2213,34508,,
0x049bc9358a8221e51a76dfba6321a5d6a563e38045acc11384ff23ac7fcb8c57,1764500361,1764500365,2213,34508,,
0xf5a790d2580631e3a7a63b5d4590d25546ef70e6543bbba1bd6d8fdf1d3acfe5,1764500361,1764500365,2213,34508,,
0xeca619bf15471fef8f2c1e1b3ec9525fbb20fd3c7c9bfc21152096c7d867f89d,1764500361,1764500365,2213,34508,,
0xfce9d3d2c0cd86df4ce48a870688ca73b54a5fcc9cd14a6a3201afcaabf70883,1764500361,1764500365,2213,34508,,
0x6877b31b184207924c73bdc616405b7e303326b644fd653c283e3de9ac57d3ee,1764500361,1764500365,2213,34508,,
0x00eb8edd975ab7bcec59cec0fe6f75e561ac919e94cb0fd68fe04848b47a0337,1764500361,1764500365,2213,34508,,
0x82be1bde11d97ad65070e3eeaf01b6e3aabe742bc74dc331ec596e6a416b8c5c,1764500361,1764500365,2213,34508,,
0xc6319e6f79b1b2830d6c0a5abac19eefd604a0b075f9a524ae1e9d9b6c963ea6,1764500361,1764500365,2213,34508,,
0xa246919e0d3b6f3a781f75db73b3641f2b3c253df9b5fc773bb02963fee25c79,1764500361,1764500365,2213,34508,,
0x5565678d4ffe6109dd2ad51ed94671074734db89b8d0f1c23b2b0232616f7368,1764500361,1764500365,2213,34508,,
0xd6bd5cbee4dcbfcaa1198bc08e36fe6ca90766967a2fc4ec3eabc7f24d05758f,1764500361,1764500365,2213,34508,,
0xe91f3a8c8ce9761b615fd98dd1eb8ce24324657c4f1705df2778164768cb0466,1764500361,1764500365,2213,34508,,
0x9b2a1320ea636a7cec5710e24cb3c77d8a0f725db947d1a8318f2ca14e09f9a5,1764500361,1764500365,2213,34508,,
0xd3aea4390576b9b1685fe4761a77e6b82bdba2394e63b666f041bf53257ec092,1764500361,1764500365,2213,34508,,
0xf0250d699ce6231e54651337a759658723779fb9712c7d53742484bc32b6cd32,1764500361,1764500365,2213,34508,,
0x206960b936e4f282a15a39e1e78548556bf02b4e21737d064417f4a1df6371eb,1764500361,1764500365,2213,34508,,
0x5fa4f377718a3f44c3c7cf6932c62f15612905c6126d7d3aec321e564dd7dcb2,1764500361,1764500365,2213,34508,,
0xcea9be5bc89409123353d743e15d6200bbadff138e38a9f9c517d0eb4e90d977,1764500361,1764500365,2213,34508,,
0x3fe345ddf8f223aabc1a648d9db176cf79346e4f4bf319dba8d1dcffb14a5f90,1764500361,1764500365,2213,34508,,
0x49cbf4d65b285e298e0fe1100693cbb799f362c66ad1737eaf2b84d0ac615908,1764500361,1764500365,2213,34508,,
0x4500d2a20d77d864621853eb333dde8594ac6c9a4fcc1bc5730ea87ab6eb05c0,1764500361,1764500365,2213,34508,,
0x09cd8e8ab631245f26df7f9cefadc32a77012f802d40d8d449f2126c94f2059e,1764500361,1764500365,2213,34508,,
0x79e148f7f1930ea765bdbf290dc3130f6d2124900e8c439b56a45ffa1dc5d1d7,1764500361,1764500365,2213,34508,,
0x09fcfb2dd3de06e8417143de48218915476ce5a03def9b031ffda5c35827fea9,1764500361,1764500365,2213,34508,,
0xa6395702f13896ebb607e69f227ba22f76b0a5670b078df189ca0e856e56d438,1764500361,1764500365,2213,34508,,
0x297433111b66329fc9c1f18914d91e79f9871df86399f7a5895dc14c9d037950,1764500361,1764500365,2213,34508,,
0xb72e92c72616e6a89779f4a6673bd2a5f3ba326eacb871e69229cd879e63b358,1764500361,1764500365,2213,34508,,
0x9684baaccb253133c796f1990cb90b801db90e15f6c963f61d7a6d4e726c74cf,1764500361,1764500365,2213,34508,,
0x3b75f975612471012207a24dd98b0890099df39045f1577cc395aa1e852f06e4,1764500361,1764500365,2213,34508,,
0x0f7ef81f772093f157822cb0c8312a9df55e360f74b53b6c82468a4e6cd71ef3,1764500361,1764500365,2213,34508,,
0xd336f1bd9179cc053d94b7f79fae6e949325e5c11d98637e32eed4076da52eac,1764500361,1764500365,2213,34496,,
0x299b2c0fc434ca48cc97bb2eb05d618aa7551d5ce7d7f6b69845c4d07d631724,1764500361,1764500365,2213,34508,,
0x42879db1f6a011524c43c011a959d329ac66bbbc1469b82b99eef9f8478d43c8,1764500362,1764500365,2213,34508,,
0xc72519e59f0e1e59223c7a4f13f78464adb2910b4e97093fe4d31b2c0f1bf87d,1764500362,1764500365,2213,34508,,
0x74e0bccf848d0f31c4aefbfd7cfe1eb71d5914bb23b36642ba74471795284834,1764500363,1764500365,2213,34508,,
0x629826dde58f5e1a051214c73c58017e5a236894f3a29959dae5f520890adcd6,1764500363,1764500367,2214,34508,,
0x04a8e6fe6417d7ba59588eff4f891d99405ce7950c56540bbf3306a44fd19c6c,1764500363,1764500367,2214,34508,,
0xefa98778ffb39dce778ebee5e639939fafc4ef3dc3095ad872ebfd03541ae922,1764500363,1764500367,2214,34508,,
0xde5bfea1d176943b6a67c6fc1b28b410187ed43c1bf7f47cbbd3b84a059d6061,1764500363,1764500367,2214,34508,,
0x4c0d8b06e6770f7ce8c4bae0b141e5a61496e5f309b6a7918c93e74975e5436b,1764500363,1764500367,2214,34508,,
0xaf094bac9681ff9772944fdf507acf103622e531767c3b989ef6ed217a2d303d,1764500363,1764500367,2214,34508,,
0x5ddc1ed331f7302709033e345251021df96adde015b08a71519f49839e78b8a0,1764500363,1764500367,2214,34508,,
0x4bdcf4187d1f8f00d45120eb80afff71fb7ee3338fdab928cfd58d04cc06b8ae,1764500363,1764500367,2214,34508,,
0xaa6f9d2eadefa1d1faa4d1dd10f32baa462109b3d070ca1d60fea26870a730ef,1764500363,1764500367,2214,34508,,
0x25108983e3c150adc6846565544e36cc9968bb0e0f96c99b553ebf7cbb5d3128,1764500363,1764500367,2214,34496,,
0x48464264af6f414336e6a0a5e585ecb68a2dc14f62bd9cc40a6b0a204414c57a,1764500363,1764500367,2214,34508,,
0x639c4dd14f6835b9e54fb84fce151c67fb500bad3e41e173ce07d44a00bd7cc5,1764500363,1764500367,2214,34508,,
0xad0329affc3f4b8b3da1f76e32dcde61566d8acf6f3e969b4ccab6e250bc9c33,1764500363,1764500367,2214,34496,,
0x94ad3982539ac16c20b34c5d5a2178660f704c41be1aace28e0915445c0b159d,1764500363,1764500367,2214,34508,,
0x885263aaf3bc33ae6ca3f287b369985bb1386f3ea29f4c0fb669d8f462c8511b,1764500363,1764500367,2214,34496,,
0xf3af5dd63415a72a3b1d41bd3e8884bc5f6113229c10f16f220bbe1d001905b8,1764500363,1764500367,2214,34508,,
0xc2e2fb65b43a48a54d5f95ddbb96c9a9b9a8edf67cd6c8c37f90b1a48d81c9a8,1764500363,1764500367,2214,34508,,
0x930a265e0ae56a98eee24aefbcd844c061bb4a3861aa3cca2255da76944d6f6a,1764500363,1764500367,2214,34508,,
0x50e9be856fff8d97e66f2096e64c08567a5ef59a8d62cb6f2766f402f9986600,1764500363,1764500367,2214,34508,,
0x9a3dc3f022e3bed163f123a2839947c0ebce51b628c6b2920d1faa5f936809f5,1764500363,1764500367,2214,34508,,
0x900dae663051fdb8b1b2cfb9ba3ff6e933a68e82e149940160fa88f46702829c,1764500363,1764500367,2214,34508,,
0x2f7753e8f3a84c1e24d72852159b7c6378042e4186f072bbb8720b646903ec06,1764500363,1764500367,2214,34508,,
0x0fb9d54086cb68dec2233a17ecd0824da1742570a447a81baaf1d931196b8a80,1764500363,1764500367,2214,34508,,
0xfdf3e3756823edab0786b1e2861cc0770fc1317b428cb56853e819ceffdc49b3,1764500363,1764500367,2214,34508,,
0xbb334596b0bc59e03c9c90a6bc163d08da689ea4918b7da40760006bb947b414,1764500363,1764500367,2214,34508,,
0x9855ac5702faf8f363d8f9415534bd9633ea08087743da5d8d8714a8dfa02f81,1764500363,1764500367,2214,34508,,
0x3fc335cc16a4cada22b4249e62019e522b9f31e88eb69b06eada9bf141dcdb55,1764500363,1764500367,2214,34508,,
0x7772059cbbfad13be70ba872040d3dc3d282cde30735f553bb21b7400807a203,1764500363,1764500367,2214,34508,,
0x71dc181581cdcb9b5f25d664c24d995f5601ea8abf0fb53f8d9f3c4eab5ec937,1764500363,1764500367,2214,34508,,
0x4ffadc63954ef539c095a59498fa983903ddfdf77d83f7c5098f11a6520032d9,1764500363,1764500367,2214,34508,,
0x1cb6e46ba74ff79736edcfe495c358679fb8c9d4a7ad4ca739edc0f727419e83,1764500363,1764500367,2214,34508,,
0xde33012a56301d87d412d1a6f146e651971cd2764aa12ace45c68a7703158228,1764500363,1764500367,2214,34508,,
0xcb7cac34d176c1adc5a164f903d80b92bbee57649a8ba57d365b5db6d789e83c,1764500363,1764500367,2214,34508,,
0x581bbf62bc3b998bf03b9c6c5a23b3aed90cc4e09faf320fad1332eadb678c9e,1764500363,1764500367,2214,34508,,
0xe8f902caffe41b065ac1623970d28d3266875b9966661388b97946375432be52,1764500363,1764500367,2214,34508,,
0xd0d8fc34cffcb4899b2f61aa824aca2c55fb99ae393db2aa7622677552528fd4,1764500363,1764500367,2214,34508,,
0x36aa022968c855b9c5bc463f93e53eb8bd4e8e80359b98db767a82a4c9eebef2,1764500363,1764500367,2214,34508,,
0x068c7183941713c837c5a28a6446b70f58a3f00a3fcb587f3579a3a1e941e4e2,1764500363,1764500367,2214,34508,,
0x1b12e416822d890febdad215819a3e942e139e5129eb47c98ea76e3b198f64c3,1764500363,1764500367,2214,34508,,
0x75edb5a33e7c72fdf15be5bc8102a401afb5969df2f3f1b7e6e21b651802d6fe,1764500363,1764500367,2214,34508,,
0xeb0657595a78a759541711d26ee1e01a83739eeecedacfab520e915c680b2f58,1764500363,1764500367,2214,34508,,
0x7133a7dd9f7b8b8af015629978c0c57bd2b57dbbdedd2844f040215f50553e94,1764500363,1764500367,2214,34508,,
0x943b31c84a79013019a23dbe3c625c430f71b6e7808ec89f9c3a71442a458bca,1764500363,1764500367,2214,34508,,
0xb6ad6087d028aa4838916b7083d7837d461f8d94dcde78e80cade5408f01d3cb,1764500363,1764500367,2214,34496,,
0xfd9976e0d38e8687c8aa74f7098e2d3bf006b0d439f0b88a60a3505095621f96,1764500363,1764500367,2214,34508,,
0xa0fe8fb9a115021c12237d184975b1973ccde84c573276cf7d7e7b32b458eccf,1764500363,1764500367,2214,34508,,
0xe3128a0054c880dda47a46f3b9549a7242ce04fca0bba5ae97fe61fe71e4ee77,1764500363,1764500367,2214,34508,,
0xfd015541fba95f83e23b343de6d7a59b9b8f927134138b84cfae7f269ed60d75,1764500364,1764500367,2214,34496,,
0xcae1023693d297088fcb5433ee4bc5a916148ca0a2aa7d09dc4596bb4744a37d,1764500365,1764500367,2214,34508,,
0x96de155e0862449a6eff73930680d69c07d63653b360fa8419fac2d79cc8b52e,1764500365,1764500369,2215,34508,,
0x01f65cbc4be0e7c14ee07ca01b0658703753185298f6829796d017cd21280528,1764500365,1764500369,2215,34508,,
0xe232b9256a47627067810136f626756072c5458ac4093b9865019ca6acb72763,1764500365,1764500369,2215,34508,,
0x5b64663ee728c789d22bdaaaa1134303bd55d7148a72b6ab96c7ce319b3cb501,1764500365,1764500369,2215,34508,,
0xabbc1c950ab3aefb08aef599688c58ed48fa0032ea34f3ba363c7f546eb0e7fe,1764500365,1764500369,2215,34508,,
0xb2b2446d2e218aad467f80271253a84f3b855a94325bbf1640468bc5fa16aad8,1764500365,1764500369,2215,34508,,
0x3d9d52e0afdd2ad025fa137c8ebbcf842c5c4f93dd0876761e89550e8772f97b,1764500365,1764500369,2215,34508,,
0x84b0a7cb754cfd29b3d47e78872978008a9fde534a7f49f3871ef3f497ededfc,1764500365,1764500369,2215,34508,,
0x7d5b54df14f208650893203d2ef10ca45f38ebe63659a28bc0ed7b112a21dac3,1764500365,1764500369,2215,34508,,
0x02c8f5c1b13a2e7d0c6d4ca80576aba31295f0cb34e76fe6784725898baa2508,1764500365,1764500369,2215,34508,,
0x70bc13179647292330950bfa85d9e012d4ba41d12474676c55b5947ff2ce533c,1764500365,1764500369,2215,34508,,
0x7084181f5a98b32eb3da3ee7fbe4ea1dbb1b3baccb260f7c5e3b0a6ace329514,1764500365,1764500369,2215,34508,,
0x4df894f8dc7c04a2a34bc4929695338f0f9dfd34423cbe969a8e999939b3aea9,1764500365,1764500369,2215,34508,,
0x957678fe64df5e3202a3537c9bd9f258bc3be9cd9a4e71904f2d475497759f7a,1764500365,1764500369,2215,34496,,
0x303c59587aefb4272b71aa4673c8b9ae7a72c8a3949678fc287fc7fa8c24eaa3,1764500365,1764500369,2215,34508,,
0x9ab7e16f6d2fd845f1eaf8905c51350def8aee2f5e799c33404ad4f74bcd0a42,1764500365,1764500369,2215,34496,,
0xdae822a231f1f2390738d772a8c61abf12eb121b9b956df3d4847c58b84463fb,1764500365,1764500369,2215,34508,,
0x53214f2dd6799edb42ad0eeca50d791e6da691ddafef47c0f59c5c826339166f,1764500365,1764500369,2215,34508,,
0x83bb3a7dbcb2c6e54daa390bd4578119b8176c98ae3ed480c92737620b599649,1764500365,1764500369,2215,34508,,
0x758b8d3a5e77b2ddcf5895ebe0bc8cd13244d185d8e74a1394b517224dacbe12,1764500365,1764500369,2215,34508,,
0xf1dd72448f0965f4029126914f5f61c484e36926d84135cac679c43f6522460a,1764500365,1764500369,2215,34508,,
0x74f513296b7c3dbc2f8f54eeecfee2c34df42e86c03375649db746c85b9a303a,1764500365,1764500369,2215,34508,,
0x84ffc024877911d461278dfdcdffd66fe78cb3c395580d7d42cbc7284eae00dd,1764500365,1764500369,2215,34508,,
0x4b13e7ab6d7d0169f70df44309ec51c66564c43eae2fb84eca483fecffb105ec,1764500365,1764500369,2215,34508,,
0x3984e3281047b5f670276e9ee375a673ca8f18788fdbd5dd84ff08f99b734238,1764500365,1764500369,2215,34508,,
0x9b7099e4f9a69c4dc02f8052ed18c263f376be7aceb5cd1967a6215cf2b1b3b3,1764500365,1764500369,2215,34508,,
0xdf9eea62bbb79d6c0854922e0fe664740f7f54dde8f2241f98f8d00d076a7286,1764500365,1764500369,2215,34508,,
0xfba78f647fed6e6c9fcca63bd9252d10ed0b4725d0da5b12b0ac8a527a625204,1764500365,1764500369,2215,34508,,
0x6d2d13c473abd8d99ec28ef014d0de94ec88d3d0255763ec41f11953f08959e9,1764500365,1764500369,2215,34508,,
0x9e93f6a949f501851de4adeff3aa81ca9c54eaf19d6c680bf04ea1fff8326d0c,1764500365,1764500369,2215,34508,,
0xad2f9c18685105329c0923d286007eefd27ba7c06fe5a9d28e566e0868f5e930,1764500365,1764500369,2215,34508,,
0xbc70b3c5b717176abf3010cc56f75b5e8a0aa15438d03be80dcc6096bf51b70d,1764500365,1764500369,2215,34508,,
0xe114724431ad186d3bf8bd94f4f3fd8d9bd34cc2ee3fa1aeed26be5623f88c87,1764500365,1764500369,2215,34508,,
0xc4d6aae6b0699fd5f8963ab57864fc652484f29905da089dd46e24b66a25a1b3,1764500365,1764500369,2215,34496,,
0x2bdb00e1b12f7cc2c467fd990558afd9cbf6393a994115bc3e16a06c44826d7d,1764500365,1764500369,2215,34508,,
0x4eba4ebc941f9ef9115ba4e5d4a7f650ad578ad5c941e28ddf9b10ee64b16632,1764500365,1764500369,2215,34496,,
0x18140f5e7f697237757eb4f4aa7b637f465a7426e2d1aa43d604c80258045cff,1764500365,1764500369,2215,34508,,
0x45e551813394ae24d183a97d0dc41ece0c59973125969b54e54cfeb391f5ccb1,1764500365,1764500369,2215,34508,,
0xb86a71a3f239f850760dc696b9d7cc1e5f08995f52e477bc96be004a0a760241,1764500365,1764500369,2215,34508,,
0x4945ca65762c959baaf41cda8e2c8a4f7b1945b67330fc087dca80aae495f172,1764500365,1764500369,2215,34508,,
0x841cc4baf2cef02a17df27f4d9c40c9370d03da435463e33312335e52184771d,1764500365,1764500369,2215,34508,,
0x399b2c3fcda4bac5a0f555db96419c13afde105bea66f256124ef828b76c535d,1764500365,1764500369,2215,34508,,
0x72a159021cd5e8c5d7a5e2813cd3e1697d4aaccca953aef07361bd3bcfdce789,1764500365,1764500369,2215,34508,,
0xecbb7e2204ef569cc15d1be1e3647999403861f339aa6cf8da374ac63f5546dd,1764500365,1764500369,2215,34508,,
0x86df81e805ec27b02060b28086bcae0f92bdac164e6bf1891eaa49fdcd2feec5,1764500365,1764500369,2215,34508,,
0x5dfca4e61fc2564f48f1790591d8b5e39d29b0fe867994166006aed1f5f40c60,1764500365,1764500369,2215,34508,,
0xace57e91ea836edb2b91c9f840ad29a393726cc61748e2639711ab5fd1571ec9,1764500365,1764500369,2215,34496,,
0xa7a73abd88e85ceb514f1a558e860555f83fba7746f8e83a6b73e160c6a4dcab,1764500365,1764500369,2215,34508,,
0xe628e737a88786b9b608a11950ca5070b0c5ad6754797f4f70c356c50cb727dd,1764500367,1764500369,2215,34508,,
0x18d2b2f2c9d4c6e1b7f59f452155a133d64d1edf6d65605c49dd412ff2776f35,1764500367,1764500371,2216,34508,,
0x98e98df6c6f21be822aaea5a8ed4e6159ad77a1f6d78a9956298d4ee9d4396b9,1764500367,1764500371,2216,34496,,
0x1903af0cd0db032665b3a95ebd68b7e506e7cb62c0d2a3025c68142044232484,1764500367,1764500371,2216,34508,,
0x8394c9b648abae66e613caa06ac03e7a0c742315a500986b2a49bab4bd2cad1c,1764500367,1764500371,2216,34508,,
0x2cadbe4e63887441b957d86f835514cae7c01a16cbb3459a1023f98e200413fa,1764500367,1764500371,2216,34508,,
0x1716b3db56dc67b2c19363b7ba020a72d09bd12d5df334ee803e567cdfaefc20,1764500367,1764500371,2216,34508,,
0x57353bbe8f7a15cce9d7397f76ee6c7ec1ef5cef2db6af1eaf66383596778fcd,1764500367,1764500371,2216,34508,,
0x94d14bf0903bd2fe1e0a5c4b3ce341a424a8c9aa3e701900ae024ef3fa1faa94,1764500367,1764500371,2216,34508,,
0x80a448d1879298347c6b68c7f96104b365eb39d1fe539f4f3d7b05940618362e,1764500367,1764500371,2216,34508,,
0xe0cfa34a149ecf4380812bdbdad2bd48ecc038cbaabd4c22d944351784c9d2bd,1764500367,1764500371,2216,34496,,
0x129f6f01f742d6ce497f4c27c3b226b5f85ea60e4ef7b163d7615c34954fb563,1764500367,1764500371,2216,34496,,
0x9283ba80fc12b7fdb6004c9c98b955dc0bc3bbbbde5821a6af76a2223733dd41,1764500367,1764500371,2216,34508,,
0x037da4fc3071baf78f1f69b477935e77a1fc7245f4bf7e053d4c4c32f1309c27,1764500367,1764500371,2216,34508,,
0xd910d23bf041566a90f8c587c73b55dd6ab9bbedc9924a6e2f0c3dfc2e2bd222,1764500367,1764500371,2216,34508,,
0xf2c1566c799318c9d7c152ae2128b8ee838aaa5eb8f49d7f5bf0a5e852ec09c4,1764500367,1764500371,2216,34508,,
0x213b32ee6281153e95ae5af02d7aafcc669b2cb43e025b350a346a77980c0137,1764500367,1764500371,2216,34508,,
0x8c0de87525c8edb5703fdc51215f36c119a6aee0ae07b8518fd09a5e8c769a49,1764500367,1764500371,2216,34508,,
0x9db5a2867926e672d07ad9f7e374dd5243052bf71ffdc985ad25634389f3e0fa,1764500367,1764500371,2216,34508,,
0xd4da3a08ab11fda17f7c279949c954bbc40e0c5701f3a9049bcc668d2d17b37e,1764500367,1764500371,2216,34508,,
0x26b13eb374f33f18a1256e62b0d497c8cce21cb5226a4f6430e0d84d0f4dc143,1764500367,1764500371,2216,34508,,
0x8d4e2c07eccbae7596a2aafc30df1a767aec43d36df3c63c0b2f34dda77ec5db,1764500367,1764500371,2216,34508,,
0xc02479f36f2fb5715056992f1c834def6e0c229a2279bc3d0718190a5721bce3,1764500367,1764500371,2216,34508,,
0xd3eba53f50b690e36856acfff93f405057eabcb76b8ac9e68b69062848c38266,1764500367,1764500371,2216,34508,,
0xa7275242a3d1c95e848f4620b395fdaa896f5fdac1db66c3c21969ec3c82e90a,1764500367,1764500371,2216,34508,,
0x6fcd1b6c180f9af84cb7d933b0e581556fd8a08b792544f5b5cf17754cdba0d8,1764500367,1764500371,2216,34508,,
0x549c1242c5533d1caf6efbb188e5517be45e2a2baa8f1de6c1af840ac3b8fff9,1764500367,1764500371,2216,34508,,
0xbc13e97c83c3ef12b1b3f16e1c03e9d00a55b2720c799eb5455ae456dd4d39b8,1764500367,1764500371,2216,34508,,
0x2240f9b695a782fe5c0ddeec09cebdb59cea6b770b9e8a60ffdd52550b5156ba,1764500367,1764500371,2216,34508,,
0xd5a39e111cedd5c6ef4374af63aaccc7df1129110ecdfe21bb8a7693d2039f8f,1764500367,1764500371,2216,34508,,
0x8b7c7aa21b62cc1ffcef967856cb5caab86fd4bb329b3bd5702d5223702ef5c6,1764500367,1764500371,2216,34508,,
0xc7a02bfc1aa34c9b49add2c8fc4c61dca7adfe5a1f0595087fd2a90f4bb4d2ee,1764500367,1764500371,2216,34508,,
0x49dce433f70f91e40e343c9ff772365a6c9e8a5c9df8111752ac57dde88f525a,1764500367,1764500371,2216,34508,,
0x837c14f9de76582fafbe6e7772a6baeb4e6120f3e1b6b90bf8769a59d36d84f9,1764500367,1764500371,2216,34508,,
0x7b69bf4fd6f2cbfd7ef6403be62dd9f8c3eae6e740c8bab43a733e049518cc33,1764500367,1764500371,2216,34508,,
0x55b64fb4b1ea0b21d33d5f23ce141aced725459860a5573cfe11cc7c5be14c48,1764500367,1764500371,2216,34508,,
0xc3101ea72f4dddd3ba61f7a99ae1cdf11fe5e10b678ec9591e7179f201faf42b,1764500367,1764500371,2216,34508,,
0xbc8d941786539461f9f0c7776050cd624151cf8cef15c9af98b11b4fcb6bd182,1764500367,1764500371,2216,34508,,
0xe53d116f814ee70bf1e1d363e93148e3a610d5dd6e189859e523a08855e78b1c,1764500367,1764500371,2216,34496,,
0xf5a4b0eecf1cd5c6797a20e1bc508475f91d9d25e7a9393a1e60cd47aed09b2a,1764500367,1764500371,2216,34508,,
0xb86b01e26b5fa916ad3aa71d2fc4fedde0ad5f051ded9f05dc221266ecaae36d,1764500367,1764500371,2216,34508,,
0x8c291865a84b5fe999a604dde2bf154af42bb7bd25491ae748742766e4c4a0a4,1764500367,1764500371,2216,34508,,
0x5cb6b845dd7ff2747a37bfc21fb0d8b4f89b6c088eb62dd709b3cc2e89fa03ff,1764500367,1764500371,2216,34508,,
0x3679107c3a9530d66129d56dec349cdefd34a55ce470edbd8ac17af4b6969756,1764500367,1764500371,2216,34508,,
0xb566e3c009e264c201a48de3443a8bf81b5da7d10272bc52f49b1556b8392963,1764500367,1764500371,2216,34508,,
0x53741f2f6b4a236e3ab1a282145d4bf491dbea17f90ddab085a505c568232a65,1764500367,1764500371,2216,34496,,
0x19593fcced765896b22a2badc78b7ab85f536036b618e3a945f5163eef0fe115,1764500367,1764500371,2216,34508,,
0xb64e01432383c62d345a9ca130647d5030f7f1a09dfb65146e56fc79ef55d0e6,1764500367,1764500371,2216,34508,,
0x0e5264805e944259d65644f004eabe056739b12ba90f4e68cb5e18a81b09b440,1764500367,1764500371,2216,34508,,
0x23a08a44aadbfb2d7eed6b457f7d652880e7687846c26641fb83355d3a00db60,1764500367,1764500371,2216,34508,,
0xd10d3427fe3224fb90447f5e66e0fc0681bb129b60129df2d05a10c865c46d43,1764500369,1764500373,2217,34508,,
0xeac52c99d108021dcc64f902be6fb8706960310144cca5bc6592390214feb939,1764500369,1764500373,2217,34508,,
0xf02ca34ef11f2c00715bc8867fdd9bd3478e2f1f30f2860e1bb7562085e25814,1764500369,1764500373,2217,34508,,
0x21928d79d7d189a502995c77aef7d2a8aee4d86b07f1ee3fb92ae67ea562bcd1,1764500369,1764500373,2217,34508,,
0x770d10c712554c9c1837c8eef29e6fed349e3c29cf5a8e1b360095e555530f44,1764500369,1764500373,2217,34508,,
0xb6c70a7f0f6a8748a85b5a7beb4da11e67c5a89a92de6bdb01fd8c890c148893,1764500369,1764500373,2217,34508,,
0x5615eee691f6635b05ba9251cac1867884205b51bf50d1405662aaf1b6cd3abb,1764500369,1764500373,2217,34508,,
0xcbd1f5a325b37ef6575a1f12098f4963ee9dd298808766a4244d2debeac2b2b6,1764500369,1764500373,2217,34508,,
0xf705d876cdcfb6bfa7c2e2e23047652f1cfd1aea1e7660714b5aebac439e608a,1764500369,1764500373,2217,34508,,
0x19fe550d83d37ca85e39d1ea84b6cf30a98d331fc5fec42a97d30d815c2eba85,1764500369,1764500373,2217,34508,,
0xf9e30bde91ba42910aae6109988419534156bf0b9329b4fb4e820976e5e589e5,1764500369,1764500373,2217,34508,,
0x1530cc80fcf513d673dbc925c5fc628e16df118959e0bc8cfbe213d48c991c36,1764500369,1764500373,2217,34508,,
0x5f37698657dfc427d675e47cb82f48ca599b018d2181ee6a32dde66ab714ab07,1764500369,1764500373,2217,34508,,
0x6e9335feae04cf7cc7323c5ae84f5bd241c81fe632ff5c635cf11a08fb981493,1764500369,1764500373,2217,34508,,
0x2b2489730b565dd3b7963b6b33de1819f85d15a5e0cb5d5f2d7c16caab45ead1,1764500369,1764500373,2217,34508,,
0x497036070b6ae091893583401feab6218019fa4d1a9ccfd85a6d5ae872e32b1a,1764500369,1764500373,2217,34508,,
0xdf51144ccd1f24f962ff071fa32c7c65da9054b9114e565b928746007f6a265e,1764500369,1764500373,2217,34496,,
0xfd4e33d30542da65a64d6b36f455d87baa175b98a4865c736315936fd99211ea,1764500369,1764500373,2217,34496,,
0xbc5dafcec1ad3eed1383a052f01709b8d77cb85478b3b3e72ae0c9481edf0f27,1764500369,1764500373,2217,34508,,
0xcf8f447755d5068ba2139c22b892d6f5b0b66e1ee2488eb21ff01e4533efe089,1764500369,1764500373,2217,34508,,
0xe01cd462deb4ea1b946f4696dd1a06490f24f15804ca73b08305553613e91c5d,1764500369,1764500373,2217,34508,,
0x9b7df34b4f5301febba31588e8d2300d8b7727f731a271a23e6ab34b7695f971,1764500369,1764500373,2217,34508,,
0xe01b07870e0ac6b3105a74caa601f02fb954378285fd19b316b3ae6335b3b26a,1764500369,1764500373,2217,34508,,
0xaea02ba5ec46ac03dc784ac569fef7dae710b7e54a491913e794ff8be8755537,1764500369,1764500373,2217,34508,,
0xf2345b844b28a2444f243e8e34c46164e0499d2108f424308e0f12e9e6ca2058,1764500369,1764500373,2217,34508,,
0xb30894e643e182a81af1e848b38a21e7e24f576d25e47f25a6e40e328cb6c798,1764500369,1764500373,2217,34508,,
0x0c06c491fff73e58c378bfb99c79e076783b0130f67fdd399f5edb15cc51f6de,1764500369,1764500373,2217,34508,,
0x4f8ec4db87ddc86bd3847d80fe9a119f7ecd6ba5529b812c857d1a5f52981cef,1764500369,1764500373,2217,34508,,
0x98ae42750aa60370d3eb26e65506d28304275dfe37aaa092781eda7f3b40ae48,1764500369,1764500373,2217,34508,,
0xfcd343c91bd8fbbd30251c8d6c71c3d7d162c2c222a38af3d7f640300017e7b4,1764500369,1764500373,2217,34508,,
0xe92962785cfe9579af532c276d9682e297dc435c0a8b67b2bede521d8c98731f,1764500369,1764500373,2217,34508,,
0x3492151f373554a606776be65f630b2567c12b723d2bbc0de40e3c5a897ccc64,1764500369,1764500373,2217,34508,,
0x06918de439913a3ac8dce784e43914d53ae29a8eefc5152a81a0e638244401b7,1764500369,1764500373,2217,34508,,
0x2de1b733002068d0eb64c2f52499e43f85af5b4fa6af8223296e0949bb591f5e,1764500369,1764500373,2217,34508,,
0x0ce024d45524c5c5a7c80a7792e55d9ed7a20a700e3553b20d4c72a6bacb2c06,1764500369,1764500373,2217,34508,,
0x732aac4d024ea91b074dd71f5434265c7bcf7840a7932e8612fbe9ae0c00f929,1764500369,1764500373,2217,34508,,
0xf2b21b3eeda50b4da600be8014394659effbaeecd59d36c416ef5b7faa43207e,1764500369,1764500373,2217,34508,,
0xdebf1df8b6729a34801924d5e8c8fc1bc796503e6f97902643b099ff05a4f71e,1764500369,1764500373,2217,34508,,
0x3842853237380988883bb604b4d536a5856b92efd077eae2822aff19de296a1e,1764500369,1764500373,2217,34508,,
0xb7d5c0123234264e9c40ffbf497958ee621a3cf6e07aa1dcab73a6d685ce1147,1764500369,1764500373,2217,34508,,
0x83c9dd2a4f5058a36ee8aca4eb7fe305dbf2eccc48478307ea09d0417e1c820a,1764500369,1764500373,2217,34508,,
0x9b7958acc09662754faacde1f8824eec86b484fbdea5c95e3038d09b5043316e,1764500369,1764500373,2217,34508,,
0xddb6f131d30c31137e15731a55407ffbaee3520f4c5b3c25469dcfd6c713f4ec,1764500369,1764500373,2217,34508,,
0x75d772386b2c951bd5fc2ef6f511a61c7a936c73134410c1e9652f4dbe5032d4,1764500369,1764500373,2217,34508,,
0x33f1253db4310ca8fde94fccd17a52132cfc0fbfa9799372cbe9ae76a30d5de6,1764500369,1764500373,2217,34508,,
0xec06b875d5a9021cfb513a2b0950d1b46f4af5ba7f8b9719cd370079eb16f9e7,1764500369,1764500373,2217,34508,,
0xc2b65d793fffc1fcc356235e51b79189cac3dada6200900487015e5509aaad47,1764500369,1764500373,2217,34508,,
0xc39d619e1b84dfdc11036a1498976e0a16bc04ebed448b8bf1b37bf02e34d680,1764500369,1764500373,2217,34508,,
0x56c62e90a78acab32b16068a122f3f5909c14f7de502dea6eaeefffe3bc03a83,1764500369,1764500373,2217,34508,,
0xd9e743d60e11139e97578ff16031a288ac56be0c2c70469cd115f2d7707a11ed,1764500370,1764500373,2217,34508,,
0x0a3cb64338c293ea0493d056dd7453b6d6db6560e26f01c4c55a34a3830e8107,1764500371,1764500375,2218,34508,,
0x18ceb2cc3ea5c4a1b7ea0e0060e9a8ab032152721db1a5cab469c6f1520eed17,1764500371,1764500375,2218,34508,,
0xff223e11406f01641142aa9bf0de07350583b57bba9b80ce1e26a041e059f671,1764500371,1764500375,2218,34508,,
0xadb4fbeae160723568c93363f3443b66b3d834dffb8b81f82da0f98902326e3c,1764500371,1764500375,2218,34508,,
0x22c12a51d7acb5cacd315954ce37b2e757d54a016ec1feb1e0be31b80d6df900,1764500371,1764500375,2218,34508,,
0xc4e4382c20ec17a96accdbb2c2422643cb1dbeec224538dc5f36094636c09420,1764500371,1764500375,2218,34484,,
0x522385bb9d71a1778fb3685edb69837f01f62a171fe40460b345750f6149e036,1764500371,1764500375,2218,34508,,
0x8a3d07c94e02daa60dfe155f1c58cf8b89ac39e55a28610ff3db813fab054798,1764500371,1764500375,2218,34508,,
0x805fa9b832ae5dde2934ad50e5a639d7ad7ceeec3f77db89121e54a49f60483c,1764500371,1764500375,2218,34508,,
0xec9b4ebc2ef99c23987fc1811fd7e1d826cc9f9d0aab0154025df8ee833032ed,1764500371,1764500375,2218,34508,,
0x00d38e4e7da7fb25d64a1a606c874da3821425385420e4ae3076997617fd47ba,1764500371,1764500375,2218,34508,,
0xd0ae5075dd2ed4aa3dd3062e211a2212b8c5e2f0f2a2cd6269d29c862c5ac1e5,1764500371,1764500375,2218,34508,,
0x9ccf93abf2ddfa78c4c789855ca10ef053a7b231de3173626d0c60270bf906e5,1764500371,1764500375,2218,34508,,
0x0abf5b6a5b863e1e41318eb0330cc46be860fc21b0df9677283b06b98914b6df,1764500371,1764500375,2218,34508,,
0xaeb4ba62dc867ff84f7dce304ff6bbd9fe0983727c05c2cd13c67f850e464975,1764500371,1764500375,2218,34508,,
0x7c37a05b9cc32b1193c94973128a8173d105807fdbf2eb65e81fa324b0a339c2,1764500371,1764500375,2218,34508,,
0x3d06c692bd1f5715e6b96472f6721cc6d09f2467bdf819842209de5eac131e23,1764500371,1764500375,2218,34496,,
0x9eea2a88f79517dc186bde078f0bc1a1110dec382bd37939bd9a955f8862eb91,1764500371,1764500375,2218,34508,,
0x02df11592ac9242ec8224afd475121b8d95b7fe2587d3065f343c8bdce136a5f,1764500371,1764500375,2218,34508,,
0x46e9a9e5e0000da521d78bcdb54993e830ebbe059257730457d3baf8076dfddf,1764500371,1764500375,2218,34508,,
0xc6367b9f02f3c1ac55b3ad2417d8ec6fa2bd358116c1fee6ca83f67daf9b74b7,1764500371,1764500375,2218,34508,,
0xbfc6c1978b6d343b748a3fb9fc35168e996740372e2a158ebbde61447cd16f7e,1764500371,1764500375,2218,34508,,
0xbc826da51c10ceb9893407597e62dad4e806788cc50c03db5f73dae7bca0640b,1764500371,1764500375,2218,34508,,
0x8172b953fc78766f8aa4fcba30900e2a4dd2e256baefa0bcb1504df6ab43b29b,1764500371,1764500375,2218,34508,,
0x1df0e6e669bcd7bcd51f031b6d0495d37e8d03ae63e8a630bdd5598ee343ee61,1764500371,1764500375,2218,34508,,
0x60e38035211cd8b0d4c4f71c91983c73768dbd5dde75308fbe55bf171c4b0ee5,1764500371,1764500375,2218,34508,,
0x524a02e620bd1b0429a3e2834656ff948b4c5c25efc033a1d1818806430c053e,1764500371,1764500375,2218,34508,,
0x6b5e3e08df118b24a621af25c0ceaddb24bed2609c2c3eeaa6c6ca66d04c42e6,1764500371,1764500375,2218,34508,,
0xa9f3b25f728620d3dd880543de92b329e0455fc736cd2971cfbd3aacf711f533,1764500371,1764500375,2218,34508,,
0x4bc884691bd0682c6308e4f6e1e99b3b9ea58e4bae2d47759062b0cfad4ac7c6,1764500371,1764500375,2218,34508,,
0xf7df2e5c6a94de30d6a4b1a501be7b7f635774d7f0c9242319f8ae9e5cecadf4,1764500371,1764500375,2218,34508,,
0x5584ac97ea8d3f896e506655803628944ad3db7fdc102a9b9fd77b699e93b0e7,1764500371,1764500375,2218,34508,,
0x27ba9f8ea16ec47ce25430dd6f63e0ab3aa3b67c0076276567611efcdd6548e8,1764500371,1764500375,2218,34508,,
0x38023c2f7aaa0c2d0ec2de3276c280ee5998dc67d117629044fe7d6c0dfb07db,1764500371,1764500375,2218,34496,,
0x47cde23ca109ff9429ad5b056b8bcfe92bc7b3bc60328b45c3963f86df4acd81,1764500371,1764500375,2218,34508,,
0xcaccb0508bcc3df6f07f86fb3f8e1837c1496a5395de2b6c6d40fce8bfcb1326,1764500371,1764500375,2218,34508,,
0x5b5e9817904c3cf8f443a07d29d9357e4028368f793e9bb22bfa64d5b000f7e9,1764500371,1764500375,2218,34508,,
0x8e9a478af66a7a6f876d10aa71cea5a9b6c1284438ddc4fa640b60eae9f97360,1764500371,1764500375,2218,34496,,
0xe3c4aea791c60c79ddf625c675f63826ddb890e7b633ed24c08cfcd66d2d095b,1764500371,1764500375,2218,34508,,
0xa441eb49176038df187036ce17d9fc54cb7d3ae4d7f0f4690570de260d347a9e,1764500371,1764500375,2218,34508,,
0x09a15612f2762d93d87c5534f8ee3f4fe30490617cc1f5d0f0170f7727ff9fda,1764500371,1764500375,2218,34508,,
0x2d9a6091093be0e0d918bc6ee7d7a7077cd3c0f6115514ee03a92c9b8b2f1c05,1764500371,1764500375,2218,34508,,
0x1c43322a4f482e820754fc5b448a5695c326cf6e8667da952d8a34a5726af8f2,1764500371,1764500375,2218,34508,,
0x61b1e5243ea63fe0cdc70c22124b0f5ae49dc6623a90150888fc9d124412e2e5,1764500371,1764500375,2218,34508,,
0x5c1c3bcbc432019aa5f1a868180b9b57f1280b3c73212a6218daf08e8076bb50,1764500371,1764500375,2218,34508,,
0x94075aef5c521039ce97b05ee577a3465975429b45c004b6af5fdca3d33d16f4,1764500371,1764500375,2218,34508,,
0xd46bca4d17d41aa001d71f87a57f79b806c7498238ff85199ab3862fc033e85d,1764500371,1764500375,2218,34508,,
0x16c9919e126d326ef9497b2ac50eb39fcb49d6e6a72fde2aa9acb0b5bccb4b3b,1764500372,1764500375,2218,34508,,
0xff1f2a12eceb2c58b9e4ecbe06e047c87580cc8f0e4b656ea520ab7fdb7dd2d7,1764500372,1764500375,2218,34508,,
0x33254152628064b0d22461599d4c676b821f57ea80eb679411f52a47a69428cc,1764500372,1764500375,2218,34496,,
0x4a6e5c1fb9001b1c1ecdd1c38caff54b556a5bd0f9a9c7896d918dc7cd006136,1764500373,1764500377,2219,34508,,
0xf892e2a0797a058f48622355c88bb5a41826b3b1e44e663608a34948c86016d0,1764500373,1764500377,2219,34508,,
0xdee2fab8c8ab5140381e2c7844c91eafbfb4b67446e0ee890fbd7912c335347e,1764500373,1764500377,2219,34508,,
0x5d4f01c3fb887ceb78ab79a1676b751f02c884ab561df1509d09ee9ec7eb046f,1764500373,1764500377,2219,34508,,
0xbf38f988d4fd93fcb33286144d3494e27c18078647836b7bbcccad0ab8eec072,1764500373,1764500377,2219,34508,,
0x6d1e7dae0e06b63921b0cf0d589dac795eb3b3fd4c907ff881ac874c904c59d0,1764500373,1764500377,2219,34508,,
0x4f09668f2e1577839b91af08eb270bd277fde25cce2b915e05fac0c36759154b,1764500373,1764500377,2219,34508,,
0x31632fe427df6e4f80ca11483115e2cc35c91e3e1abdf74e15f8617c222710de,1764500373,1764500377,2219,34508,,
0x01a4e4d93be654912a0bfa724bb82345260483afe3e4e1d7374bd3246badcf5c,1764500373,1764500377,2219,34508,,
0x7724a5bca15f6756e0ecee695e5870a63953ed4f3e304d549d150dd068c8cc1a,1764500373,1764500377,2219,34508,,
0x378fd3949f5feddc606b65b57be481f103fe7312118def67f474acda4a5f4bf7,1764500373,1764500377,2219,34508,,
0xd5ba644598d05e53d97f9ea44c12ad0cea5ad3be434a02bb4e77700db57f72bd,1764500373,1764500377,2219,34496,,
0x8a317394be07a31b5c90021cedaccee331869c0cad245fef543ca33b26e934a6,1764500373,1764500377,2219,34508,,
0xdf5eaf7063e1058fef3d833d203a1ca036af76227f2582c64bf237ccbf2d2ec8,1764500373,1764500377,2219,34508,,
0x5dfbd53597ea4414f7630a6f69977f8720ae283f67389774d2c405f3ded6c7fa,1764500373,1764500377,2219,34508,,
0x0fdbe22cbe320bc805376b70fd8d4c90ef8c69f5e58ed8723470a5e77ebad002,1764500373,1764500377,2219,34508,,
0x59a879ed6a1fe07a43245fcd953c995885d92581304fec84333d818e87f9b06f,1764500373,1764500377,2219,34508,,
0xe8b252ba506613fd5998bbe26cdda8a61325fb7a5221bb650d59958ccbe9c9ee,1764500373,1764500377,2219,34508,,
0x8f4d10456b1bbff748a670e989858b0f5034d349b91ffbe1a52dc9d321d3edd6,1764500373,1764500377,2219,34508,,
0x3976465f3e7a2fb6ee9a9974f634fadfda9f13e4d1dbbfa25b70673c1804d160,1764500373,1764500377,2219,34496,,
0xbd00fb82df7549ad2e79ca1c92d9a2e8a3429962d585117815b0f4f0453eba40,1764500373,1764500377,2219,34508,,
0x254cd3efe6963c231289fb06b86cd391901fc97f1149219ef2168e4e1306104b,1764500373,1764500377,2219,34508,,
0x28065873633047db9f404eec60a61abc5341257bb166b46643690a97843a780f,1764500373,1764500377,2219,34508,,
0x0cbc34a5f63cbcbe0477777afb325486814a958a91ad6df1a35bda03fb69e73a,1764500373,1764500377,2219,34508,,
0xfa0a197db098bcaa39054aebab55622a9483a8bf6057d5c9c8d499f926431c08,1764500373,1764500377,2219,34508,,
0x1cb292920dc6296fa95bd3480ce68efcf8cf39284b0dbf2579b7141116ab3dc6,1764500373,1764500377,2219,34508,,
0x33bba4dfbd9b65457c983f146b875c7f7a5d3220188c3fd37f010b718a8977a7,1764500373,1764500377,2219,34508,,
0x5b4dd86f2c76d0956b0979f94712b62d8faab522e547c820a3cecf21399e515f,1764500373,1764500377,2219,34508,,
0xdfb61c8aed45d8adbc7a8be4c7f4409911a0026dfe79bf976f2fddb135e22151,1764500373,1764500377,2219,34508,,
0x36843b7d8f5321a77f6030f5bc8c945ee42ed14523f2b9eab2c5c18a5919c5d9,1764500373,1764500377,2219,34508,,
0x09f0acc57b765276de1b43c13b53d481bf644d946bb68ec25c83708c544b91c5,1764500373,1764500377,2219,34508,,
0x34889024f9bc3df32e6c78207909bf3e8f6bb64861889d6e4fa1638d6ee31a49,1764500373,1764500377,2219,34508,,
0x9b3c536462737832b33f47f85bd60e6515928083c5e822bdc68ace3fda25a2df,1764500373,1764500377,2219,34508,,
0xbf338a71d16208b3725de698cc25a6ea622e28218ef7c6b1766ed4e4e4e7bf96,1764500373,1764500377,2219,34508,,
0xfdec4d2ab5898960f24af4db914951f25af21baf73c3f480c193742d240d32d3,1764500373,1764500377,2219,34508,,
0x4dbda3258302c6bbf2585c111439ced6a7f65d9964034390951b7d9beabf38bc,1764500373,1764500377,2219,34508,,
0xd46fd71c294267816527f6a01f9c4f27b7eda1de809d08d83113bcfca49773fd,1764500373,1764500377,2219,34508,,
0xbc91a1aad12fbf240553498035aeafb326bbe7a721c9c37823ab62658a8f9924,1764500373,1764500377,2219,34508,,
0xee31b98e243a1a19e9121cd3eb0b6582f318ebd35b7566e122329566b4992935,1764500373,1764500377,2219,34508,,
0xc7c3a03523178ad7dc5b41a778310721764819b24a8144aeb9b9fd2187e2165e,1764500373,1764500377,2219,34508,,
0xcb53a40e5513d1c2d49d9f243c96b6eeb58b5bd645b367d591eecd2f06f01c40,1764500373,1764500377,2219,34508,,
0x763e8d014fd877ca3c452f3c981a2159b34483012bb552d26071f88150418f20,1764500373,1764500377,2219,34508,,
0xb3e9743e8100f11e04560f748b37ac70e4e3dcc8513a4cfa84ecc911b91f7b61,1764500373,1764500377,2219,34508,,
0xae69194d0c311c5d6bf42fe61c6d09640ece79821d0229703bc3fdcdb41cfc41,1764500373,1764500377,2219,34508,,
0xc756f5770af56151f688d2f41421d364cb27e3d306d3a3fc9b98b56d34101f23,1764500373,1764500377,2219,34508,,
0x0c1f1e225a0b8a521f70786bb4f7cfb23772700660aecff6dc4a4a3946d63727,1764500373,1764500377,2219,34508,,
0xb9642af1d40d75f80307c154023609e23f4aa80445d9b7e0afec8f9c3b1eb1bb,1764500373,1764500377,2219,34508,,
0xb84951aedd5fae8adc9e967d76621d44041dd094013748dbe53b19451b8218c7,1764500374,1764500377,2219,34508,,
0xa20ab163083197e4cf75482cf244a9ba937391a90d70bec235fc35da4c290b8d,1764500374,1764500377,2219,34508,,
0x5bc8cc9cff788df4f3fe2bae3da01a3786fa9bd2455d379c8862a271273892fc,1764500374,1764500377,2219,34508,,
0x5ce6f77d72a34010057ebdc8d191c73ece868e6099385d2ef41b93dabd9800ea,1764500375,1764500379,2220,34508,,
0x83fb3805929d24958cf4eaa9f70f771d587fe9ab593451f5a44513c28efae891,1764500375,1764500379,2220,34508,,
0xf30ad6152b7633b9123a6528dd7a5eb72b7828b217a43a83f7f63ca068e43f4f,1764500375,1764500379,2220,34508,,
0xcef5ee1f0b34691d6a1c49008fb03ce843353425f487a1193ed2f611292cf570,1764500375,1764500379,2220,34508,,
0x3b7d8473bd6310fb9b01915b7f4cecb5a25b727e91ee037c1b50d87da0083af0,1764500375,1764500379,2220,34508,,
0x3750fd9edb3134694fd3618ca72464dc4631374dbe5bbb1b88a7cfd49dd4a67b,1764500375,1764500379,2220,34508,,
0x796caf31a7cdabd9fe6a29db09f6c713b134b1153f2657d189397b7a480a9517,1764500375,1764500379,2220,34508,,
0xdc65ed55edef4b637f40299428952017f6a6d8246e5c540ca645ce2c7b7f50e1,1764500375,1764500379,2220,34508,,
0x11d6f38806b8222ce089961748db7b5b39ee573e68612ea375d2b09ca003f772,1764500375,1764500379,2220,34508,,
0x9b9f1d8fd09f79a9dcf587afd1ad4bb731ef3bc015ee04ed6b45921ea364ab26,1764500375,1764500379,2220,34508,,
0xf0e0905bcc18f30e34e4b34d13722c188ac01d9f32f7715c634e450f12a2a04a,1764500375,1764500379,2220,34508,,
0xd733b023b2e77504efbaa363ace6ae81fd4d578eaee012205a5b32ec5d7ed43d,1764500375,1764500379,2220,34508,,
0x29a4b474375c1ad483ce2369488654a22e63fca683b29e027b2802bb28f8a68b,1764500375,1764500379,2220,34508,,
0xf9af090f885284f2cfe4bbe5d44ac418f9e0206bfd9bf92edab3df5ac0e863a5,1764500375,1764500379,2220,34508,,
0x3a65089b911d9b1c7e62e421eeed8b9ce4e6e86077be43fec1ac4eae04cc52ee,1764500375,1764500379,2220,34508,,
0x99c8ffd3f3c777362343b912ab43c1d8185194597ddccf454cb664db03a2e455,1764500375,1764500379,2220,34508,,
0xc57deaf6a67ed339b4e7e7b37c1f862e7b51066cc061fdf8d8ac71625dbd6f46,1764500375,1764500379,2220,34496,,
0x4cad52b558e50907d8b653fd4f9e629fbbceff1c83faac14cce96f3f961507ee,1764500375,1764500379,2220,34508,,
0x6d64e628de427a2cb65394513e48b214dfe8760a27c24b8e7f19ef975e89ca01,1764500375,1764500379,2220,34508,,
0x403362846734dffa90743503ec9e1747ee6af023400f1d4c059bea43421c1923,1764500375,1764500379,2220,34508,,
0x27c6a8915d92e9ea579eb342c11036fca77f2e27f5c737b613155c56d261ae2a,1764500375,1764500379,2220,34508,,
0xa412130de4593889c251f894ee91af0b0c6d7ffdce7da0fdee85dbf30e877f31,1764500375,1764500379,2220,34508,,
0x665bf095ae8302e384625ddee3cb45e27f1e6ad7cee9f1c16c0350fb3c1cf638,1764500375,1764500379,2220,34508,,
0x10856d2a625c1a15d0db5a07feb17e750794349e30f5608fa701b6c01e8fdb1c,1764500375,1764500379,2220,34508,,
0x7127074291818b42ebfb2afc146aef8026e218535c58759dc40b360fa848d2c0,1764500375,1764500379,2220,34508,,
0x3673f30e92838f917ea1b9a3c84e2e487b68e08182a3eaa47a537ca66508356a,1764500375,1764500379,2220,34508,,
0xf8169369e0f6689a4aad4153678b3b26914892658871b7de992c977cc01df8df,1764500375,1764500379,2220,34508,,
0x9e8d618090a192cf352ca95d631a9a6bf9ba577678e0afe35355ab5136d1f527,1764500375,1764500379,2220,34508,,
0x7203120afe25bec0d299e0ebd192af64022322cfdbfba32e457cb25e6944eef2,1764500375,1764500379,2220,34508,,
0x546ae61b6ee23d703f63c6d9f7b483728a30b97f6c020a30e240e8a69b46ee28,1764500375,1764500379,2220,34508,,
0xb1eeb9f8be2bfa65edd86f1f0d8caa245916f1244b7565b5f3dea958c537e599,1764500375,1764500379,2220,34508,,
0x53d5030da7ce7d29490d54931bff395043f8a555056204a75ebeb23e33bb63ec,1764500375,1764500379,2220,34508,,
0x739b6a1a2f41b95227f8fc69c63b21850a818c33170dc390c1f40ae733b85635,1764500375,1764500379,2220,34496,,
0x32ff6a23ec12ae049c7be4087be3590c90c3dec7e6382a38387af26a330f31b4,1764500375,1764500379,2220,34508,,
0x01cb7ea33dddb19927fb74312b2a76b9fe1ac13de4f23c74126cf18950b2e033,1764500375,1764500379,2220,34496,,
0x5bc77e91dcb69ff1d5eeb53d05a15483a419318a690b323d66a03f5569adf68e,1764500375,1764500379,2220,34508,,
0x34f425896d50f493585f81ccfb1c5e1f003d78f051d89d920e8eb15e3a678e55,1764500375,1764500379,2220,34508,,
0x6c4ebee7e5823e18f7ebe850eab36a4445cdb061bee08f805ba2bf02926608d1,1764500375,1764500379,2220,34508,,
0x51fd29f5a433a86bff7d515b879b663972623ef8722c5747598ce7f46fabfc93,1764500375,1764500379,2220,34508,,
0x4f1d4d20df643cb35cb0f353107b18fb20c86960c5fa704efb6357fd41974558,1764500375,1764500379,2220,34508,,
0xb55dedb8d81cd12488e63f55621d25417c548b6aa70f152e8bc02453490ba014,1764500375,1764500379,2220,34508,,
0x606daddd58080d613478190454b3f79795d9067633b7ca1c5bd0039a19ac4cbc,1764500375,1764500379,2220,34508,,
0x0d3be897274bfb6e7387d9fa4317043990f05910e9693d80e681192393669645,1764500375,1764500379,2220,34508,,
0xd29dd7e028b75346170d9b617d9e349b5cb22799e19519c74c336d95ce2ff8c8,1764500375,1764500379,2220,34508,,
0x5e3c675247fc71ba2cd63d3bde9513880e1304e53bc93f3d68a058213d85728f,1764500375,1764500379,2220,34508,,
0xaf2b73b1f80a484af45bdbfc3ef3c89aaee9973230b121e73c4a78f26d2e18df,1764500375,1764500379,2220,34508,,
0x1ee2c33561f39e9a4c3edc65570859f115072a8e999bfd9904b5eef9208ccdbd,1764500376,1764500379,2220,34508,,
0xe98119f5332c06b8dc8f0a050c3400f4a9e7e3aeddd5a47f01c6a25004c1f3ad,1764500376,1764500379,2220,34508,,
0x1bd41686271a1f63c901ab0de01f749888797d204cd26a0004fa70ccc3e501e5,1764500376,1764500379,2220,34508,,
0x9a6c459ee57216a7ad3a51bb7710860a9baceb21e55c2f56cedffa34819ae552,1764500376,1764500379,2220,34508,,
0xc163b5c92da5f5876533f84471b2bf4d8b7bcf6a3aa5acd8fafda98832146862,1764500377,1764500381,2221,34508,,
0xc8d65e3d973dca243186c270dc5993ac3a13ddecd7b5a0d02247dfa31db4b03a,1764500377,1764500381,2221,34508,,
0xe559876906161ffe16c03d3b33158cae2b3e14c0b729975139606658071783ed,1764500377,1764500381,2221,34508,,
0xa0b0090836c40ca0d70cfc086eb78d15f3d0623b36580bf7ecaa1bceb1094b53,1764500377,1764500381,2221,34508,,
0x652297dc5210ff4b418ce57233e5b490ff81c04f9cf0072c74f87b727c0bcb96,1764500377,1764500381,2221,34508,,
0x438e21a43f59e1dfb49374be12624b1c978f7827665e0488bc4ed1f9844441d7,1764500377,1764500381,2221,34508,,
0x121e3c630cd0b097d7300a9ba7d64c2ab96f13fdeccb20d4e2872bdcd899e602,1764500377,1764500381,2221,34484,,
0x69bb53cb2a47c7b29f319eba25324820c773b8d5633655f3a45db4f202c7605f,1764500377,1764500381,2221,34508,,
0x4108debd60235bec31340be6c4c8aa86069c3dac2fd0d62dbcaee736aeae410d,1764500377,1764500381,2221,34508,,
0xbcf762d1a8dc6f3eae7da644ec940125b61ba9b26d33530d854b776cba4ed76c,1764500377,1764500381,2221,34508,,
0x86f4e74f2dc5fd871e0d26ed60196b532024760269d1095cad7d5f9714db3de6,1764500377,1764500381,2221,34508,,
0xeec944f46c41aa656f47d724fc3d6b880c2c1a2b47f201d589f6128c8b2b6ecb,1764500377,1764500381,2221,34508,,
0x332f976aa49002a8cc31a800807bfdd00f685f944a8ba06182c98b5644e5b192,1764500377,1764500381,2221,34508,,
0xe040def185423ea78fb2c88e00cd761b5975c059ac4be413daafa10344a0973d,1764500377,1764500381,2221,34508,,
0x210214dee2be8fb2ddbde53453ed4c6b09328f86f4f7534012de7107cad1b4fa,1764500377,1764500381,2221,34508,,
0x5322d1e4e3a6c06952fd2f442024af42d9a36f9ab51b97d512164f623cd78706,1764500377,1764500381,2221,34508,,
0x162071346a8a9c080128365530b2da30616a217df207c66094e6d635377ca7a2,1764500377,1764500381,2221,34508,,
0x7acbbade1942968d3beb9e418762d6d1fb49483180655816c7424f5750bea360,1764500377,1764500381,2221,34508,,
0x568cdbbbea4ee138b37b784da6d6de8bcb8bdc9756b20abd1409b64f92603619,1764500377,1764500381,2221,34508,,
0x86389a05e51d90d1ed104b7f067630dda092c17b4aedc59a1e3c71ffaeca43a4,1764500377,1764500381,2221,34496,,
0x6ebc25073f9a07df7896b49b64d54a8214e02b7c0a0cb7fbad618b938bd0ff4f,1764500377,1764500381,2221,34508,,
0x9b5f4289a3b3afe94574b3f6431ebf5516a7c912c0323a4344078b4b93211441,1764500377,1764500381,2221,34508,,
0x543d2b9feeed7413a8cbd79a166a460f21f61c72d1f691ad5ee2da5a4e2609fc,1764500377,1764500381,2221,34508,,
0x18293cda22a3673cc0ddbd8d11654444c5fd2db3b181b47810a23f52b96e292f,1764500377,1764500381,2221,34508,,
0x0710488f16a598f6d4071ecb6defe538fa750f6321ff77baecd2cf5a781e7860,1764500377,1764500381,2221,34508,,
0x64cfe8ce1e2d7b6a8ff6115cd91c5f5bc57bb291d8ea27cfc6c66ee416577cf9,1764500377,1764500381,2221,34508,,
0xbc94fa32c469af6beccd445f26e66c529af1ae30fc570f539bcb0dbd58527d04,1764500377,1764500381,2221,34508,,
0x3765be9aa13e3e0c7fd70530f773d8e1d34dcc92c288895073cef826eda83f5a,1764500377,1764500381,2221,34508,,
0xcd9c95b4dd664d1130e0f9b0a614e0950cc2a7e729744a400c218ef00c4cc5c5,1764500377,1764500381,2221,34508,,
0x6a2cd147e445ea5032bd185e53845f76608212ecae563174fe76aaf7facb7059,1764500377,1764500381,2221,34508,,
0x33b7c1be639dec9c272a30738268c5a9fda0c1f73ca8fbfc9c6af99fb131e6a4,1764500377,1764500381,2221,34496,,
0x3be7e12f7e41b764ab0b6b13d62dc65d6f3ce484e4b77bfb412ad90e8615f252,1764500377,1764500381,2221,34508,,
0xd6e220f75cc7e8df96a336c8984bb38c4d7941b27e7ef3b88a860004d304b4a2,1764500377,1764500381,2221,34496,,
0x66d1837478bfe5ddeebf709f14cbc109d9e2e837ab893b04c05f8f1fb1beb4ab,1764500377,1764500381,2221,34508,,
0x5afd47690397a63b7881e65c66d1d6ef13270dcf8b03844f27d51e5a529d86f6,1764500377,1764500381,2221,34508,,
0x9669ec302939aa4694e88d91be56d532f37babf1fb54107480e01c0431faad6a,1764500377,1764500381,2221,34496,,
0x0c96fb5377e2cb8b9d7d78e99a890665eee30b6501224a68309ae7e7464fb38a,1764500377,1764500381,2221,34508,,
0xf09ac9e12ef17cad2b6d160e29e97b16797630ff07d6197cfffe05f59f37afa5,1764500377,1764500381,2221,34508,,
0x763898ad0d113f757ae279da04b388ddd2f4d34a41b3e8902e034d94ee786895,1764500377,1764500381,2221,34496,,
0x23f3c523dd3e75e13c79161c583e8693eee0f98f78612746c617006227ad94a9,1764500377,1764500381,2221,34508,,
0xfe589523159345ca3b423ccc711af98c35b728021481b300401609f2471513e5,1764500377,1764500381,2221,34508,,
0x831482d04ac396326b0ef94030acf849dadabd9e572a7de3407d4da802d44e04,1764500377,1764500381,2221,34508,,
0x0ea0440a1783a1c79d8f375b875f784be52f4855e8e4c14811a314ef09465d0b,1764500377,1764500381,2221,34508,,
0x06e8919195bfaf1d8e2cc28365822d97ac8ec830ac5c68802b20130478aab2db,1764500377,1764500381,2221,34508,,
0xe47d56a9e670fe950aac1e67f15aca5d2f28e9802183b190ce824c3e1e0df99b,1764500377,1764500381,2221,34508,,
0x5f4c17196f4cafff3c6f9549adf4f298d9975fc75165560661b358998d11c019,1764500378,1764500381,2221,34508,,
0x2f20864f3c20e2468ea0c468010be87e9c1f5947223c93ee95baac56902f168d,1764500378,1764500381,2221,34508,,
0x4e09100714a444f13d20fb609a848a13ca6faba9439ff5d39aa427d075e0efd0,1764500378,1764500381,2221,34508,,
0x57dbd8b1f5905521defae81b5cf85900817c54a0655802c7a46240533d2dad7d,1764500378,1764500381,2221,34508,,
0xd5cda122c75588c827525b1e7a27ce4d816fcedeaf91ece38c65beaa63da5c81,1764500378,1764500381,2221,34508,,
0xe1df34e86973293d2b85b99263c549732f1be4208b3fb45ce4989ee5f8878b74,1764500379,1764500383,2222,34508,,
0xab2c53715e4569f177e3b0e576679152235081a19ba3eb9d87603a06227c0a44,1764500379,1764500383,2222,34508,,
0xff582c50b593dc198685f19d1b3d87d9e31532d020f56ea762e1b9e5662f12f0,1764500379,1764500383,2222,34508,,
0x273d4acf614112dcb58a745ba997e997e60ab0ec9665b3554bab264da3747e5c,1764500379,1764500383,2222,34508,,
0x0a5df959f7bcec08db6c13151b84c1651bff9022640c9c401a166d533e16d8e5,1764500379,1764500383,2222,34508,,
0x19a79e8bdbc6b03aa5a587e20add7d71da4aa5806eda71567c3b41acee04f7ce,1764500379,1764500383,2222,34496,,
0x4920af4f7279e5dcb2b93530c77ae12e584f9af4387e5f85ce17483562f18e82,1764500379,1764500383,2222,34508,,
0x3e50e6b8e4c6d9246128a665b3762a7e614329f384064e2bd0d9343bfb20fd67,1764500379,1764500383,2222,34508,,
0x3b685603aaf517eee0b08c940ed8c5b87a0754d5470d9626f537ff357e4ab74d,1764500379,1764500383,2222,34508,,
0x458a282202dca3b90ef8eb6dcd42534141c5087f3d9194cb2ed04971c22d553a,1764500379,1764500383,2222,34508,,
0x748424bf0fbed38ca2564d461b57fad4aa45fefb99a0306b1252d658ad0edc07,1764500379,1764500383,2222,34508,,
0x1f4bb586e9260544f82a9719313b080831a5f808b24a53231aacce72f3c60d7f,1764500379,1764500383,2222,34508,,
0x7808fb01ae8a0e16cfb885dff789fc049c34af4c1b492927236814c8beda114e,1764500379,1764500383,2222,34508,,
0x697a7f0877b131172471db6a6873c024d860120ce0d40dc2e20b6d1e73db5d9d,1764500379,1764500383,2222,34508,,
0x0fda0f9093745fb3a96d04b2a56364823aed9f59fe646a2b5dd127690a364c31,1764500379,1764500383,2222,34508,,
0x564907bdddf67f8dcdfebe9ed5d7aba9c4a83c2528232aa2abaa5407fd922ea6,1764500379,1764500383,2222,34496,,
0x3ae3893eebb4b819daac5bc865c2bdf83d3fc0181ad643a70949d430ac62eae8,1764500379,1764500383,2222,34508,,
0x3755a3b6f489b38bdd8841ed0bb75d4406932817586a93c0f02843374075bf1b,1764500379,1764500383,2222,34508,,
0xbb91881971288377ea77d7585654a133a6a076b43098f25caa1a8ff193596eb2,1764500379,1764500383,2222,34508,,
0x81f902db5c3e6ce574f178e4b8d8d41a049b155cf4b4d61e2a36393a6816af61,1764500379,1764500383,2222,34508,,
0x86fa1ee58fb440bcf2f252fe3fa283f0f033362d351a755da63e74a4e4743db0,1764500379,1764500383,2222,34508,,
0x032d0a04767896b480f21ac532f8fea3cb33f127d656a1d04b0418482f3cdf85,1764500379,1764500383,2222,34496,,
0x8179c91c607c632bca0bd7c71b591a6bb844a25893946edc057d4bbef43aa975,1764500379,1764500383,2222,34508,,
0x73eef0d4db08064ed6ea2124396c52820f213ac016344d5cff2544cb385d10b3,1764500379,1764500383,2222,34508,,
0x035e911f15566b5a381023ef4ad9833b6233018da423fc6922789cb983cdb0d9,1764500379,1764500383,2222,34508,,
0xeb8053cd6de716a8e587dc142d0d038540a6f853fd2c702b8e6cb0132263b437,1764500379,1764500383,2222,34508,,
0x28a61b0508c0e1627ada321f9508a33b9b158fb5e7c2e1fe92d120b7538b4fe4,1764500379,1764500383,2222,34508,,
0x0ece5c504f53ff073a334d25fe3433d20d8bcf1351ea8b5aa8a04ea2d58fe1ed,1764500379,1764500383,2222,34508,,
0xbeab896a0b1a5c175cefae98d9195ffa1c491b18d2873224e0dc37fc1857b4ee,1764500379,1764500383,2222,34508,,
0xccfa7af5e81356b36f7279a008c511db7b746c7007a2aaad78b5fd38f391b23d,1764500379,1764500383,2222,34508,,
0x6dc79691f021d6029d13895e90d4e6a34a2ada9d5db888c266a9e062750de518,1764500379,1764500383,2222,34508,,
0x7e8c9ed5aea338b7ad6cc9859ab92fdf87dc38033bb92b66289e266d6e1ed312,1764500379,1764500383,2222,34508,,
0x879d1ca13963b66a51c1d3bfddfcb2a9014dd887b856a9f862b7d68d34df091f,1764500379,1764500383,2222,34508,,
0x6d426b70bbf597a554a7c85870feac821599d6b69bcd7113ab4f5c66c7dd0611,1764500379,1764500383,2222,34508,,
0xfec393eb58d3461c99ce02ce455996ba2c753ce729c4634265ae68ed377ccdf1,1764500379,1764500383,2222,34496,,
0x1f3a0b6b5bd412a9d87f167b40b7215868d84c27a4f55da5541db0a06075de24,1764500379,1764500383,2222,34508,,
0xfca238ac7e42ac1db6ba2de8d708e8a0d7399faaa8ec07ef9230eb3dcfaa22d8,1764500379,1764500383,2222,34508,,
0x544bcc34bbba58fae69a7619ca0d29a0c1c64900fd352de06fdc1b1bbf5103d6,1764500379,1764500383,2222,34508,,
0xe08f1762ea6b26ef532d166d2b7a19933fb8002302374a2a7becc86b66eb3db9,1764500379,1764500383,2222,34508,,
0x346af68aa113d58d6b6db5ac0890dbb6adc2c3e4b5cc6e39c5b7113b87cbd798,1764500379,1764500383,2222,34508,,
0xf1f67ca3576b5d0788bdc837f8a7e28e57efc3c58ccc772c517a8c0c219c2fb3,1764500379,1764500383,2222,34508,,
0x34cf0777999aa3747dc31ef90a962a3d14e134eeccdc84c834b83fa7ed470125,1764500379,1764500383,2222,34508,,
0xa5252137cd5c3b50c27df0dc86e2167ec27138e542d08ddeff51f78313a83cc6,1764500379,1764500383,2222,34508,,
0x120ad3672d4e5a64b79fb304f22175852f332ee5237a6d81a60c045671f87249,1764500379,1764500383,2222,34508,,
0x71345d63c641d959601f5f0a77934d3345fa7841b68485eb496cb0f7f3d2dc5c,1764500380,1764500383,2222,34496,,
0xc18cf631acf700743ba25c1ef3b5e4cc130a619d06059678f813f63ee7c2a2fb,1764500380,1764500383,2222,34508,,
0x9cc47912fa31bc1887430b357495a7766f79206d5d14b51db2fdb6207e08f812,1764500380,1764500383,2222,34508,,
0x934cd6d071002485114ad8cd6d9f24c00b89c08a345866b94dbed1dc48bc95f5,1764500380,1764500383,2222,34508,,
0x2a7187444b666ad993480cf6113d17ad7afc9ab4da76dca1eacaffaba9b26fb7,1764500380,1764500383,2222,34508,,
0xc1aa3c4d75e371f9a67e4a758ea270649e4b96893d40d01d432a3a9cfb3c2fe0,1764500380,1764500383,2222,34496,,
0x61689e4fbe661026102e2485d04017b74e94104c2672d9c16d9c75304c1cb799,1764500381,1764500385,2223,34508,,
0xb16669dae73e3ca64237a3343f981ee600ee0bd0178a75b852a86d3cff8119d1,1764500381,1764500385,2223,34508,,
0xe334f3254606c96d44d1f65bfd668a693b2b9392271c1237863fb939bb3b947e,1764500381,1764500385,2223,34508,,
0xb3138f58e4b9fb6d6704864b64df2ed5c1a683076b93c6a61a8aca4fcd63fa6f,1764500381,1764500385,2223,34496,,
0x7a73f3176fd321cd6648541454052908268093f576ba345d3be9f7219ec0ccbc,1764500381,1764500385,2223,34508,,
0xf86b7dc8bfb985d91ecadb5fea0bfc42be31bc0db67adbefbded49f128fadb82,1764500381,1764500385,2223,34508,,
0x5e48961143967351c2a94f3225395c658b552b23b11d6b8f29e2b4db8446a315,1764500381,1764500385,2223,34508,,
0xf518955a78a0ea1526e18a22e944ef19cff5b1b3c6790eb6102db7decb336a11,1764500381,1764500385,2223,34508,,
0x7a0394180b38ffb8def3d3358cc55dcd9410abf767e32f59b29f447411d2955b,1764500381,1764500385,2223,34508,,
0xd83d2d771f15b8f24438507284005b0e3e97d36d0ca8bdc2548d500927060baf,1764500381,1764500385,2223,34508,,
0xf65959f1994f5229589acc48a3d7bb76fa380cf793b9fed0c5a7264504a1ab30,1764500381,1764500385,2223,34508,,
0xd9b645d5bf09829c2fbcb594c9de6f8b695615dadf9e27d2a0e23f7f3178ad78,1764500381,1764500385,2223,34508,,
0xf3a125b91c8d865cad544787660bce6f9cc20985d5b5315d1461c0895c4a6018,1764500381,1764500385,2223,34508,,
0x3cd92bc56f130092e2799f81a939e77d7a631baa4d16116277e3dac892167e6b,1764500381,1764500385,2223,34508,,
0x712a97fd2a6ea890fbc3f9a915634d24468e993958b6b9cc7947a9933324e2e0,1764500381,1764500385,2223,34508,,
0xa9f1923adf84f71daa9f5e4471e46acbd0e9e3bd5719bd204cc195f15651f0f1,1764500381,1764500385,2223,34496,,
0x1d46a2bf1a3f2592b855eed9016a7f3c6af92efb19182b5308436b55f08bbc46,1764500381,1764500385,2223,34496,,
0x2af52a8e3d6d283d29c7065aa9b32799e487884ad50553f3b4b08d685a425461,1764500381,1764500385,2223,34508,,
0xaa411890982fa49f85b8adccda8896682af94e4a0e91c65472fc6750dfe95e09,1764500381,1764500385,2223,34508,,
0x18ea9a82a5ab40eb0b6ccf92a487ec4ad97e6ee1cbf444cea9aec430a553ffde,1764500381,1764500385,2223,34508,,
0xfcf31352c02c492713f58bb0d01d83cde71320b98e89882becdcbcccfa27b1b0,1764500381,1764500385,2223,34508,,
0xef1def741125cb9a9d8c13a9f075fa5d2bf68f9e5e421109e52c63a192901b82,1764500381,1764500385,2223,34508,,
0x0cb0b578afa776c58a3e95c4f2f849129f1380d8fb6574929b1981936a8e8b65,1764500381,1764500385,2223,34508,,
0x1724061b2be587448ed602322f6c79797bb0170c682e499a09e1da0fda5d1b49,1764500381,1764500385,2223,34508,,
0x5dba3bff12dbaf7af3e85d6a324af5d8838b0af5eacd1a6ee0704ff84b297652,1764500381,1764500385,2223,34508,,
0x935a06be5e301d47ddc4a2efd9a23869e6402563c2441c01af2f670e559cd026,1764500381,1764500385,2223,34508,,
0xbd631ed9d3af9c07996e3d20bcdb31ec1f8bff3039cb8dc6a76d0e0e4ae028cb,1764500381,1764500385,2223,34496,,
0xb1be0d570cf7db97c06f02580f43b592e4a0dcc4b0348cf30462c6d9812a7c47,1764500381,1764500385,2223,34508,,
0xd88c29b457f670d7af8987c45947c7b2def41ceb0c1ca3368d27fff9f505b23b,1764500381,1764500385,2223,34508,,
0x841865e097b5930191071aa5fbb42247e4a0c6d162a5648a304611dd7908ba3d,1764500381,1764500385,2223,34508,,
0xfb1fa55b72e778f5a78449f23befc828dbe41829c80aa3f1e343f249231a91ea,1764500381,1764500385,2223,34508,,
0xbedfeafa27fd0fbd31f14c6d6b82007bfeff7517b9a219ff5050d007fd5f6cac,1764500381,1764500385,2223,34508,,
0xbfa998eba4c58176e9d1c4af891fc581c5b7f92b088e07262300eeb5d52f1896,1764500381,1764500385,2223,34508,,
0xd6ec0dda73066c53d58cb0a420bacc72394c72cb5d54d685c0290566ea2bd577,1764500381,1764500385,2223,34508,,
0x00a096e129c8150a0a6becd58c0517d4bd8a9cd0c196efc50e7dc9a691740d1a,1764500381,1764500385,2223,34508,,
0x19075b228c048b940059580a15ef46e8acdcc6a47a9deb3dba5189838b5eff3b,1764500381,1764500385,2223,34508,,
0x0d000c34741bbc920c47736aa4de4ecebf39bf84742a219ee548c183551c0ffb,1764500381,1764500385,2223,34508,,
0x0ac8ff1349c30c972fd945b446a26f4d64188c407ff4355915fbd4cef3c1334b,1764500381,1764500385,2223,34508,,
0x3111382d154019d36fab9a4f84ac5f9c67c434acb14968e952aa72b142fca8c0,1764500381,1764500385,2223,34508,,
0x7fe22e3950ac792ab19697faafd6820333c87b3d4dae03b86e05c6199a423ddb,1764500381,1764500385,2223,34508,,
0x9929a1db658a89a1d71eb585febef03947fbf7d0b903380ebd73f40db66bc58d,1764500381,1764500385,2223,34508,,
0xfdf524284914cd84d153754620d7a44d970bf2daf2d07d1cea8c7a6c31f16661,1764500381,1764500385,2223,34508,,
0x7274eb8d1c098a4fce3580fdf597d9d4b56892f97850b20852d803a4e497c575,1764500381,1764500385,2223,34508,,
0xc9942ee6914d4534df36ddad5ca36586d89b54698afd8ef67a38b7f6eed680dd,1764500382,1764500385,2223,34508,,
0x97b36b46a8b2c7f8eb2ef443507703631e2874956884e5e61eb4172ebb1b8c91,1764500382,1764500385,2223,34508,,
0x92e80f66d7b78c5fc75f5008377d721b67c9a6a5fb6a0583b03186235706bd2c,1764500382,1764500385,2223,34508,,
0xa21873b6efc25659b8e31a8bbf219a47df113aa67c2070b3f5203e460f835051,1764500382,1764500385,2223,34508,,
0x9d03ef511a6da4a45a3a9978a96c8cfed0c8c5bd7ab7793cd3a162ff8e66367b,1764500382,1764500385,2223,34508,,
0xf8d4d6d8b91b7d44fafb036757c83b2f88b14fcf90a35945a3b6584a77844ea3,1764500382,1764500385,2223,34508,,
0x8e939857fe41f30fe8b08a6196fa4e55f5b4c122de37563b377591fc68cc9880,1764500382,1764500385,2223,34508,,
0x58184bad0c9f775e9d5e76c04b435fa7f0b3f5955fd1896d5636cefb1d4ce6fd,1764500383,1764500387,2224,34508,,
0x8d660386e8dc0b89eb77684a50c45e17c7c366eea8135c77692e34223600948e,1764500383,1764500387,2224,34508,,
0xa04f8906c1d1dd5e253450b4c78250a7b51d3378b276dd0ad6abff22752661af,1764500383,1764500387,2224,34508,,
0x25e4f15bb1e8e17a1ddb31e66af92c2ea020ff8daefd719da1b5cad693b7f4f6,1764500383,1764500387,2224,34508,,
0x9e4ae27aff45cb2bed6d3de92645ff236f05378cce858c43f9cb2a4766033895,1764500383,1764500387,2224,34508,,
0x7685bb5196d337b92fc0bf9a58ed391ed3b2b61b0379563e0e1fc2583e2f0bbb,1764500383,1764500387,2224,34508,,
0xf6c0935e8aa0aca3d1d97e7a97aedc1c04544fe5b8ad1a493b76237cc1ea50d8,1764500383,1764500387,2224,34508,,
0x7db666543e5e0997448d4edd5f54e242ef4ad6ee4c49f81663d1c8677ccdfc0a,1764500383,1764500387,2224,34496,,
0xd08bf116578edb6d1f65bf8fc3553df531fb73d050f824e2c871c2c0decc30b0,1764500383,1764500387,2224,34508,,
0x8368d4f1031e22b9a2aae944928100c995172ec0bd3ed2b61c4b21146faf0e82,1764500383,1764500387,2224,34508,,
0xa4f6ab74ca5a20817ecaceb04f5d42892c0dca7c1397b87c3af4d83761f2c095,1764500383,1764500387,2224,34508,,
0x310d1f754df8906cb9b1f6c943d854195e357b87a253270b58c846bf70954865,1764500383,1764500387,2224,34508,,
0x0626b57faf7dfd1cd09576c1051e72db1af7b37503698732b75c5adb9e88c125,1764500383,1764500387,2224,34496,,
0xb4f46fff1aed76dc7abb90e924bd48fc003ed50ff1226c7bad594806e3aa31c2,1764500383,1764500387,2224,34508,,
0xe61b9ffd66466d61c8c5e4bbc8c4682f83824257c78f892ba6de8c496ac11dfc,1764500383,1764500387,2224,34508,,
0x3eed6efc86c3ac77abae3e502b7950c129a1e16b30ddc4b6becf5c64fa484d84,1764500383,1764500387,2224,34508,,
0x161a9195631d6edf7686543fc6d62f6239aaa077765f93802ac5348a2f648a45,1764500383,1764500387,2224,34508,,
0xee7846cad892d4d0fec518d3a1f607e08184ebccfbe6f564dea75da8823e4f01,1764500383,1764500387,2224,34508,,
0x3985280f58484e160d184296997673a780cfc882625c61225adc7d92e48a2a8c,1764500383,1764500387,2224,34508,,
0x839ba15d89ad21becff38602d76223ec8f5f6b3da5e54880db207fc2f39625ac,1764500383,1764500387,2224,34508,,
0xf6aa5da7ed54dcac90e972ac41a3a981f53b701782d7385d1ce1385b82f27d5c,1764500383,1764500387,2224,34508,,
0x59abca8f66dfee256327753af308874013f065438d12669274e4e0ac91c492b3,1764500383,1764500387,2224,34508,,
0x638a548d476fd72d89d4408b8d66a0a615f4d164479c2ca482659193cb32d758,1764500383,1764500387,2224,34508,,
0x79ad7c8d24df374f17a359b5b919b67ee287c2e0b4b142dfbac8951940e72f1e,1764500383,1764500387,2224,34508,,
0x3817dc109686038f84eb6d01ca423536010d4b2c2e31cb527075599eacf91fa3,1764500383,1764500387,2224,34508,,
0xcfe248869ec634127f35690cd50b61e6d01c5e5ac42b0dd329cf0b3ba701fe5b,1764500383,1764500387,2224,34508,,
0xa608e8bea421360a156c8a87acd1ac81c0c43a643ebc1dbb06e30a7ba4fa28dc,1764500383,1764500387,2224,34496,,
0xf283b2757e318ea927c354f9af4e9535b9aa3ddde41ce1ab7f5eb3b92fadf283,1764500383,1764500387,2224,34508,,
0xb22ef11961cb1e3dce79c615d48fbcf961857c579200568ea38c996956a16f66,1764500383,1764500387,2224,34496,,
0x88f05a771a346be2126801914632066e9579add865208e010f050a8b952bdf8f,1764500383,1764500387,2224,34508,,
0x1ee5d61ca01428346dc912b718bf263d3206534618cc45910d17d5c11d4b4348,1764500383,1764500387,2224,34508,,
0x09135a9a384da1a62147755a20bd783db67303daf81fc8c811b02844d278c025,1764500383,1764500387,2224,34508,,
0xe71ec54840f0f725165f0b5cc174be131faf7da2abc16e3bbdfa59c132d7947c,1764500383,1764500387,2224,34508,,
0x192330a71c7b62636c07be58307435b855e30b724540d424e16178fe8c0c2efe,1764500383,1764500387,2224,34508,,
0x4365b52537015f0564615f2de328c41c63180c5699621eb6b51dc0cfb0d994cc,1764500383,1764500387,2224,34508,,
0x6160700ace4c2c46c65c5214683e585b915a111f616024d231e5ab1864a4f176,1764500383,1764500387,2224,34508,,
0xabc69b160d1450a105e73efc1e3985ef4efd1f4f717add5ace0274c215ba63c2,1764500383,1764500387,2224,34508,,
0x044baf69e7ffa5eaecf9e77bc5c27283bab9b48ac76f43480e039fe13a460ffb,1764500383,1764500387,2224,34508,,
0x59ab9df92224054bc7ced3727b9cdbefc627148159170f1bd348808371505f2b,1764500383,1764500387,2224,34508,,
0xd58f44f1c07052c192e26b7a7a69193b986a7857379092866ff41fe51f38cfb5,1764500383,1764500387,2224,34496,,
0x2c625c841227f80a77f2806a8f2cc515f3097c361d6cfa7e66f1f15d0741c3f9,1764500383,1764500387,2224,34508,,
0xa7963ad42ad34bdc118aaefde58c5e702b64c2b9109c00504084a6accfc60f46,1764500383,1764500387,2224,34508,,
0x452da7685dfb8ce060673d40cb286a1d002c7dc05e4e10f5b70ce633bc79749c,1764500384,1764500387,2224,34508,,
0x76ec099d951f62fb435c10dc159ca6aab8ed33cfebc5f50938b317e78362db03,1764500384,1764500387,2224,34508,,
0xddff4028afdc3bf7a1f8ae9f3e232efc9b631eea41bd9176e4054d8c24f3faa2,1764500384,1764500387,2224,34484,,
0x8ca733d7f79d736327a2fc7dc9903306ada33b32f65efc988bf1ee305aace493,1764500384,1764500387,2224,34508,,
0x343d3ed306e08e4efcd6b3fd88909efe82fb3b5487480fa00febfca45ad0c31e,1764500384,1764500387,2224,34508,,
0x221fc6fe3bee60dfc693bb32b328e3bb8b5f555846ba667d6a2140f8c3738eb5,1764500384,1764500387,2224,34508,,
0xf5b32312a32ba3c4f29e20537b9cb77413d22211cd0e6eff81d254ddd0b09c09,1764500384,1764500387,2224,34508,,
0xc3718b3ec2af3053abbc427ef6c5e796657fe19010aca00ee03ffb1f2fa8992a,1764500384,1764500387,2224,34508,,
0x09c69b66e22778e6c780e5fc5df002d2ab2014363294d51d0875b796ff2abef1,1764500385,1764500389,2225,34508,,
0x337075f46a16ca1e78c79f934ce8764c824e20c14e9e73102ca7ab09542a7328,1764500385,1764500389,2225,34508,,
0x199d6f59ed9157a9b2fe4ef704b0446bee53f276a21bde9bcd7e41bab7c40c44,1764500385,1764500389,2225,34508,,
0x8ed19622829d2f24cd74c5ab989d127f1ed023cfccc9f17749db24f1af8c8fed,1764500385,1764500389,2225,34508,,
0x970657581022280012b099afce5ce9d83ced7ae0091cc949c314a527212fb16d,1764500385,1764500389,2225,34496,,
0x01d24801dc945df01c733a5157d6063fff3e9ce66d592fe229e7650f1c6ae390,1764500385,1764500389,2225,34508,,
0x210b842face5b3146c309616a97320efc07a61fbe51feaa2d30a9f719ac21d5b,1764500385,1764500389,2225,34508,,
0xbe5ba3280b30748f5aeb6fddce49dcf97bdade35c8888dabd084d752485a2361,1764500385,1764500389,2225,34496,,
0xd8a990860701ce2fca071a608cd47fb3f5227bdc3b073fa5f0d4d242d7b798fe,1764500385,1764500389,2225,34508,,
0xd148f4db1712644e0dead18fb3425127138912562790ba56deb78e1733999275,1764500385,1764500389,2225,34508,,
0xcded266dce3f6b85b36f38746f1e16e0a7951e204f5c7a5658db2f166da65c3d,1764500385,1764500389,2225,34508,,
0xdd666aeee5319c09826f6e6779718b422dcfd52221ca1905948d002ecd358db2,1764500385,1764500389,2225,34508,,
0x2d6dc15e30c794bbd1d697b6dcdd3f55c5a72474292d4e412eaccdf0e93bd9b5,1764500385,1764500389,2225,34508,,
0x2cdb86f84e9a394dae583b33d23ccb90ff77df885427a75d41386e6ae5a43764,1764500385,1764500389,2225,34508,,
0x9d2bf0222b16cd6c1c6e20e2726f863554607a6a4c446c07829a86c336a28255,1764500385,1764500389,2225,34508,,
0xa7e40ef416f419dcac98f6ed39a427b4e958469a68dc351aa42caf474f784c27,1764500385,1764500389,2225,34508,,
0x4f52324076722a7e527e5d635209a635c67738107731f319445185f3b7c77261,1764500385,1764500389,2225,34508,,
0x71140dfd0040f1261db55b778abda2dd77e91490ba818e20b926ad6f12528f81,1764500385,1764500389,2225,34508,,
0x881af6054c81ae224866afc833dae9996f0964657b250442683fa0e30de2e03b,1764500385,1764500389,2225,34508,,
0x3c61d168c8dace63de600e1a84f5507d0384996398ed08ddb29a3c2e21da7c19,1764500385,1764500389,2225,34508,,
0x3e280f0d2424b3f6fbc79d3c6a27c7dd668ad4de05f7f0ada886ab8802aa836e,1764500385,1764500389,2225,34508,,
0x1f2ed005a2daaf878f196c14dcc267ab921e4d94aa629dcb0dcd08b1174380be,1764500385,1764500389,2225,34508,,
0x23663f3e309a0139cb0c3fe07e76aea50420bd67708b147259bb7dcd4baee365,1764500385,1764500389,2225,34508,,
0x33f98333f1530c6a0ad9cd9a75e1db0d81f8a4ecb23cddaeefdd3f90af58cfe1,1764500385,1764500389,2225,34508,,
0x26571e5fca97f1b48792dc6c25685ab4c17b147370c3c92ff19e7a7bcdbd075c,1764500385,1764500389,2225,34508,,
0x5c5b84247e40377e89173af86a9029642d14b877b9b0ef71db9ea416556ee1be,1764500385,1764500389,2225,34508,,
0x1160a227e6358b1421d6c3dd82f8fbe181157753ce238cac7cf8d8e5e161f268,1764500385,1764500389,2225,34508,,
0xc8e155bc4d66c29dd4562dc73cd1f19d1f374bde82bb6738c2a2bd507f55911d,1764500385,1764500389,2225,34508,,
0xe57c571e534e42e9990d18148b2e1affab633971bc79093eb7426f17cd42e5e0,1764500385,1764500389,2225,34508,,
0xbff6819dd05744529088072042f49e1cac399688c8196cdff25153601658e19b,1764500385,1764500389,2225,34508,,
0xa9ccebefe184157a979c618108c6463dafaf6d710f95bd9b5abb6126cbddc0d8,1764500385,1764500389,2225,34508,,
0xedf420db5459415714e5d03980dc18237bd6d7f4d40327ddb8e0e12e27379a3d,1764500385,1764500389,2225,34496,,
0x2192d55271212577dad938d0ec0de5df5d270a6b4b56238289221a7e5ad14c40,1764500385,1764500389,2225,34508,,
0x3b24411d0c7467706797eaa72da1a36c2fb732699e52cc21df1b969ce97de66a,1764500385,1764500389,2225,34508,,
0xa33e865457e7fad7f1d2e4a6be9e2e6867d19e553da0d7e2c98a6926af68107e,1764500385,1764500389,2225,34508,,
0x88687bf89bb845135c65257e7cb8bf4da20a24f119a01522a1b44a077037fe45,1764500385,1764500389,2225,34508,,
0x5c6d01dc756a9f8a0bce4208ed69a5689514d30c73355852812fddde765b336c,1764500385,1764500389,2225,34508,,
0x5a7d48d427147dec6b5ac7551772350e97d46804c5113b4c5bdc6ade4efb96f7,1764500385,1764500389,2225,34508,,
0x2b840011f48c8cd668a4cfaa6ec4febc27a1f584898c62b8287d3ea77a4f4cdf,1764500385,1764500389,2225,34508,,
0xc6dc4bbb4d9e92ec7ff1f4d6604849638b883bad11beb573840770e9e8cc25ff,1764500385,1764500389,2225,34508,,
0x8e72dae083c5c0187baf910b1cb5c601e9e3fb6ae40eea8f802da819d958a619,1764500385,1764500389,2225,34508,,
0xf0fccca22ffa4413fbe5bd5d87829097383ae4fd00acba6d8ac93dbc085f1199,1764500386,1764500389,2225,34508,,
0xa21c49475b76e56a1db6513313f35aad03193800fa8ff0476a46dfece4200227,1764500386,1764500389,2225,34508,,
0x14cd10009023e911a7483ddf2cec1c7185e8fb947ec58faa3792a868a9b40085,1764500386,1764500389,2225,34508,,
0x4753dc945635e0064ce11302b9b4dc3632409aac0765aba8dfd1b30ab2becd3a,1764500386,1764500389,2225,34508,,
0x938e4e7254a04b6648edc70ee66850fc99d9d86d06318e30f98e438b4b0496cf,1764500386,1764500389,2225,34508,,
0xb54e76a65e0bd63c6ed177e805e65984d7c36441c0a07c6d0a520a3bf37ad056,1764500386,1764500389,2225,34508,,
0x2f569ad9cda4d6b66d973b0476d2275b6285a34b39d3e947c993063626edc4e0,1764500386,1764500389,2225,34508,,
0xfae4e4c18ffe8a1955e3658dbba4436a89c94529f98e3ebc7771ca1e22dc3a6d,1764500386,1764500389,2225,34508,,
0x401b098cd77c0c83460facc894bf69eb1980d63840c83efa5efc2d304a8e7760,1764500386,1764500389,2225,34508,,
0xb3731bcdfd2d4865a060c69dbaf57fb316d5069b1743f28cf2d95d26763e61ee,1764500387,1764500391,2226,34508,,
0xf4770dc3538d0f6b49267399128751ef09055c92daed730c63f7aee9ae6e94a7,1764500387,1764500391,2226,34508,,
0xda0772d7d96af63a67d14582bf5a0e401158cbb68356e4b24371c53aae24f2c1,1764500387,1764500391,2226,34508,,
0x67562e102629e183847ffd69ac1e118325d6396388331940caea0842e886bf5f,1764500387,1764500391,2226,34508,,
0xbcb581ebfdee86612656ac42830f7f53aaff21dd6fd4688259899e89eb0bce2f,1764500387,1764500391,2226,34508,,
0x6648c0ee493f84caa1e5ac61dc878a729f1abe5bb6c478509f9181ac8378aef8,1764500387,1764500391,2226,34508,,
0xec671911e61a8db1f2c7b3bfbe7350745a098938c3974c240adfc57e707eee9c,1764500387,1764500391,2226,34508,,
0x8e649c3d43184df318cf3379ee0ef8398151438aaf6b49116673dde8e393870e,1764500387,1764500391,2226,34508,,
0xcd4b14fab5884edfee3836a2c672243604a7eb21a0e2d84dc6c32b9787e0242d,1764500387,1764500391,2226,34508,,
0xa49163e0f1d077a7560ca387a37fb88aeff9d4d2e813857dda3465bc35b108f7,1764500387,1764500391,2226,34508,,
0x684194f1bab905bc37a817f8d54389afda931f18c7e5445cf00a105c986de88f,1764500387,1764500391,2226,34508,,
0x36189a0a6288574270a50e0a3f655841197e2c9dbe961418a3907d6c9338a467,1764500387,1764500391,2226,34508,,
0x988fd92782a6a83499fcfa7a30e814338968f887bf540366f0cc11bc1cd1c307,1764500387,1764500391,2226,34508,,
0x8a59e36bbcf17443d8dc68c1f85d326224f27f85d44d9570aa024d578af0328f,1764500387,1764500391,2226,34508,,
0x5452f0cc737e1ea3d717f872cc17d41b10b220075497f3bc1d508cc099eed86b,1764500387,1764500391,2226,34508,,
0x378c607b7c485eb8358c0fe19301ab9cb3dfaf3b37deffef9ee26e0ecc051694,1764500387,1764500391,2226,34508,,
0xd655e31ab9c0f1b4553989dead1d486ab9779bab250bb13f1d8b1b3836c310de,1764500387,1764500391,2226,34508,,
0x65c7f0d2f5260683c9ab7aec0e3bd215851fbd64bf0ac3940c6f462dd18c7965,1764500387,1764500391,2226,34508,,
0x08235095f72393b613cca67ed165149db53da2723c8528fad2ece910931b4470,1764500387,1764500391,2226,34508,,
0x5f51260f08404894cea7f66e051239d0e9d0aab137d451aad4e2b389f9992502,1764500387,1764500391,2226,34508,,
0x65ad9e4bfd6605d03c9d4a1ce121714d7ad7c291ed7b5f3f81f5f5a17684dc70,1764500387,1764500391,2226,34508,,
0x6a40a15548067436c8eee1983bd19dbb96c9a92f6014991f141f279634852223,1764500387,1764500391,2226,34508,,
0xa9e8e5407689cfe3831bac6bd2b214375c7d186b9cd6d668792afd7bd5950fbb,1764500387,1764500391,2226,34496,,
0x69b2ff5c832912010428cd66e450c309cd061c856a451a865f3ac4adc977307e,1764500387,1764500391,2226,34496,,
0x507ddd7ae5d58b6e36bf0526bf1694e05ca0a37abb47c9b749e01d2de6147b5c,1764500387,1764500391,2226,34508,,
0x7ccb54c78046420f2003464c6c14fa4c8fefb5ee1e8965a5e92dfe7b564b3035,1764500387,1764500391,2226,34508,,
0xe3ca9c75e54b8505f1e1212ce58b46698f16251d6a9238dd3681491dc6e5ec34,1764500387,1764500391,2226,34508,,
0xa7fac8173b79c1a1e8554a0a5b5ca693fe583c2b646d46e26ef335c844bb0dee,1764500387,1764500391,2226,34508,,
0x37d15e8377869331275ce2a2d55554dedf43925d1397a79ad210e54095f61bbb,1764500387,1764500391,2226,34508,,
0xcd1d874d01dd47ac75ccf60a1b3220c1e1eccc08d124a420683728a74d1cbb66,1764500387,1764500391,2226,34508,,
0xbaaa4c4656d9e8dc1243ffda70818863a4cabf4a38294751fe04f3037ed69256,1764500387,1764500391,2226,34508,,
0x4dcb14f1cb81d02d9ff0cfa924ab5a8aaee3a9a9df0eeb26d18be297e8ff40cb,1764500387,1764500391,2226,34496,,
0x536299184b998633255f6cd274e037b07b93479cf416aa68a3bd44e585023a07,1764500387,1764500391,2226,34508,,
0x456fe84eadada1dda7dab53c50af1f2711af6af2f1682f07a7a5b748da87385b,1764500387,1764500391,2226,34508,,
0xedbace2771940eecc5dce14d65cec2e8db810f4dcc55317e99b0fd5c5ac14669,1764500387,1764500391,2226,34508,,
0x5c8984357da1168283ca66b1bbcf572082ed6d27d890021e1fb2c6c2697bc9da,1764500387,1764500391,2226,34508,,
0x66ab10f41d4ed0805b43557d6c9cff7735775c65ecfdeeb9043f633813bc42f4,1764500387,1764500391,2226,34508,,
0x9dabdf7255bd59b005e238f6c3bceaa317f3920a6d2df5df5e526bc9255740df,1764500387,1764500391,2226,34508,,
0x12f829dce1e36bd4378921344b57c94e9c14bb385293368013c21939ffb33a6c,1764500387,1764500391,2226,34508,,
0xc8f67299be82d4c0414deb17629bd7d354851aa95f4dd5ddba9b098f6ab53288,1764500387,1764500391,2226,34508,,
0x259aa3b475e66e7382420951cedf039b89a33cf7a9fa4c4f9d8d15b25df1a104,1764500388,1764500391,2226,34508,,
0xd7656c86faff953c82e8f90fc783818b11558eb3c43bcb1202c7d850030cb6a2,1764500388,1764500391,2226,34508,,
0x40dc714221ce1ca51524320263f09791098021e86be1b19a87c1d4108d355e8c,1764500388,1764500391,2226,34508,,
0x287290167c0c88da17ab4b07fa8fa0e4b4a1a5ca4ffd63df0c1582c3de8e0214,1764500388,1764500391,2226,34508,,
0xfdaaf0b0fc9ca40d850cff0a8a12a22133fc5bec1df9d41b79112242c320b819,1764500388,1764500391,2226,34496,,
0x48387a8143376e91ce498372e076f81a419b1359b1c81eeb53c6a00dff9ebf62,1764500388,1764500391,2226,34508,,
0xe227b613074d5c91077a5e25c1c4ea247383869558d8f85570535077e4b831d0,1764500388,1764500391,2226,34496,,
0xd27db6678ca28c638a93e6e5c57874b3a8b42802be84ac21974f373c9e12fe29,1764500388,1764500391,2226,34508,,
0xd6a948fbd516397dfc7190b06658dddd5523eff856c91914dfe05b9add042681,1764500388,1764500391,2226,34508,,
0x618bfdbe19af5935e6e2a1c7a738c06a0e18d3b70e8be25a9693ca14603e4e5b,1764500388,1764500391,2226,34508,,
0x17b9256932bdc2e7aeca1ef6832e2de58c91e3bd3a8b99e9f8300b6ae4dedf32,1764500389,1764500393,2227,34508,,
0x8589bf5f95d84eadb08ff77c5ef0bb1ec4a72e5de018ce93408907e8ceee7843,1764500389,1764500393,2227,34508,,
0x270e1f2f4df7b5aa3dca8b12896e915081a01c14c4bc808f3e2613838ac65112,1764500389,1764500393,2227,34508,,
0xf23bd7f9ff5d4af960f5056af7e2f3a0b724e704faa8106d01d80c571c112da6,1764500389,1764500393,2227,34508,,
0x76340678dc94c6462f5f410dbb2176e5c026819f545414cb168bf1cec71432c6,1764500389,1764500393,2227,34508,,
0x4281cdeea5e811e1975e97afc08184a3b07a902019f364ff56d57666da0a1ff4,1764500389,1764500393,2227,34508,,
0x393a84defb84f29121d8831bbf0035feba38889c3f7a791d07e9ee5c0372f328,1764500389,1764500393,2227,34508,,
0x905ee77abea1623908ce8a4d382568aefb4fca40bff0748960f9b9b7d850ef61,1764500389,1764500393,2227,34508,,
0x0dd11593bf39b9a464b0b03bfc33baec5a23c04f71f42d2608c80edb5e846566,1764500389,1764500393,2227,34508,,
0x0e28aaf719b88499ced0134ba06f92720bb106c33b3270859558e09e8bcf4cba,1764500389,1764500393,2227,34508,,
0x6c342cc2ca841f2f8950d25ae50da41afe9ad4607274a5349d78506972233619,1764500389,1764500393,2227,34508,,
0x363fe9ba585a9894baf94bc28f4db61608ef6c071b95d153f0295cf26c974bbb,1764500389,1764500393,2227,34508,,
0xbf721999f924b79e1f79b8ab8ed4813f7693d1e4d76b0325e0e77870a919631d,1764500389,1764500393,2227,34508,,
0x741ef04e1aa08373827f339e7dcd610ea717da567ab2bccad1c5378a94b21d12,1764500389,1764500393,2227,34508,,
0x2526b82bd3d466f204e107b562d0110590459027554ec0ed2e655aa16238babb,1764500389,1764500393,2227,34508,,
0x3b477bbdee617b8a198b34a8358a8de36bdb362387b9a6de43f01306f7b564a4,1764500389,1764500393,2227,34508,,
0xe89e76604f8792ac7ff8971a74771e78ca0d8ff604314265e0edb1121e32e620,1764500389,1764500393,2227,34508,,
0x41a8c5962acf891f8a72c928e9c0493772346643d373419f137bc34763e169e8,1764500389,1764500393,2227,34508,,
0x7883e372bef2773d0c7dbb028ff85bc6cc2709be951f44f0017f96971614612d,1764500389,1764500393,2227,34508,,
0x8498a2bb0bece2d9a2a756c883e73225d8f4ea758f80deeceb90835fcfe50013,1764500389,1764500393,2227,34508,,
0x7e9e64866e59e0f5cb630b65fa4058736bd61b1ddabeed0838ecc890b234cc02,1764500389,1764500393,2227,34508,,
0xc9d74b703b1c08356df3ba2e15dd88b76225f6f47a6cad53c8256352913f8149,1764500389,1764500393,2227,34508,,
0x8776c1a0ab0a787a9031dd187a496c69062009ba358518b862e7f452424f6b29,1764500389,1764500393,2227,34508,,
0xb30fb421725a9025467bcf08baa9beb24403082bb3eee02ce45b225d10a02ebc,1764500389,1764500393,2227,34508,,
0x6a64fd9340915e2f18a84d52c85d6dcfcd8d954d386f01d671242d7b2602c554,1764500389,1764500393,2227,34496,,
0x04483a7a0d86836c561b6ebe2acb85ecf200b7892538c2c24192205fbd9e0789,1764500389,1764500393,2227,34508,,
0x1cf78a3a7c49a0aab340ce7702868bf6620f887adfd8a3247cb7a5bbb6f9e7d8,1764500389,1764500393,2227,34508,,
0x526d2a6ee6089359f3cacc790a57fa5c48015da2b1bee74b4aec3cd2ec1bb1d1,1764500389,1764500393,2227,34508,,
0xc045107ec00d98747b0098f815e7a1aa657238960405a953022630339f17dbbd,1764500389,1764500393,2227,34508,,
0xcd5c10e4313c6f0e2e1f3c75160a8143523f69b7680b33e6be84040b5db13b16,1764500389,1764500393,2227,34508,,
0x30bf7ad0ded7fedf86d607b032164cffc9e7d4fc110f4bc6dc2a5e1677d3a076,1764500389,1764500393,2227,34508,,
0x9d820bafe6bff9e8cc168a834ac3f2506416333116e308301b7a9244eff18e86,1764500389,1764500393,2227,34496,,
0x50c06ffe45befe8fe22faf5b0fc9ae3fac36eb3c8c8142136a7e62e23313261d,1764500389,1764500393,2227,34508,,
0x002f73df4fe7056963014ca6639bc85081f371d0842bb0b65c77296446b227a8,1764500389,1764500393,2227,34508,,
0xf54ada5d8a664ec8fbac416bc44e21bbb3cf0300232c30db9267adbcac503f4a,1764500389,1764500393,2227,34508,,
0xa25bffc6a63d638e16a5d24547f6192aec6be7cabb81d5d31b1ccd8c4eb04583,1764500389,1764500393,2227,34508,,
0x8ea15edaafeb05995d55c8b327f2c920d2c1e729eb7588c3b2ac2e99d5680c81,1764500389,1764500393,2227,34508,,
0x8f1c40943e696d15ebab5e5b18d24aeffce8ee5613db51c3ec78a58edd930a2a,1764500389,1764500393,2227,34508,,
0x83995a2f1ea800b26c2dfc864cf773a89def4ba7e2c0cb515b1026be1f19f1c6,1764500389,1764500393,2227,34508,,
0x391ef96cbd4cfe5b3c5d6ec5ee499fde18c2d7067186af494af58416e726c4eb,1764500390,1764500393,2227,34508,,
0xa6114b5080bdd3b6633638d323454d58e551b00c9d83a911a2078bed8668f181,1764500390,1764500393,2227,34508,,
0x5919394361c7366c8f5f74435939fcc76a5a84caaa970d9150f03919a8b5f338,1764500390,1764500393,2227,34508,,
0x37a8e3bcdd9d37733fbc598e9036c69ca8b8fa5ab2da08fd45b96ae8dc23094a,1764500390,1764500393,2227,34508,,
0xe9d853a8e891b2b6ede81fd1f1d6376a9e06a66231ab6f5f7089c178e80c561a,1764500390,1764500393,2227,34508,,
0xcb49130ff303ea9c91a47932cf5d4f4be0e72c15ebaf23eb24cfb07ce5ddc4e7,1764500390,1764500393,2227,34508,,
0x091a81c445c786387f1b3a54b3bebcea09e363cdbc9e2fff5eb34dfff4e71500,1764500390,1764500393,2227,34508,,
0x4bf5bf1542d71a051f2688ec3d4c9a4f665b4dce2ea1aae563d055c20f333323,1764500390,1764500393,2227,34508,,
0xe6aebac173a049a0c0b869534b08310175ec0533fbb9139e1c6c00cb9982421b,1764500390,1764500393,2227,34508,,
0xfa80d67373829412e1a50751d070872cf1e23b81382501a8d025949802ff432b,1764500390,1764500393,2227,34508,,
0x85a142ed06e18f32df1d727c7d00afc69bb54510b16a0fcd7eba21ae01509816,1764500390,1764500393,2227,34508,,
0x15ba3efb71a12ff5f2fd2739b99cc6a809c77cd6b5193d6888ddbef691c8df79,1764500391,1764500395,2228,34508,,
0x48fd5312ac0c6106fe806dcb7e180f1c80470548e8d9bbfe177aaa74809ce753,1764500391,1764500395,2228,34508,,
0xdb7be3fdf6818dcbbdfbc9dbfcfed0d4ebe96fd306de24e5d9f63ebc5924b788,1764500391,1764500395,2228,34508,,
0x209586222fb8d9c7112c0c7cdf1fdc5c4b6d8b4605f8d7a3c22a665f43af136e,1764500391,1764500395,2228,34508,,
0xa32610c8dc535b94fcdeb7aa57e43a85fdb6c598afb8f6ab42e1476e71dd48f8,1764500391,1764500395,2228,34508,,
0xb598279156777ca0df5a504b6ad3389f25782b662eff3d93af8d504a2949412c,1764500391,1764500395,2228,34508,,
0xa618d80b082b11694ee3df04c27d7053678ec658f66acc6955c308867730d5d7,1764500391,1764500395,2228,34508,,
0x43e1e8873d212c5315fac391f3cfea44af5ed9aedfb1dfd1496c11261b08c50a,1764500391,1764500395,2228,34508,,
0xf7f18a53404877b7473dd075c512dbec282f8e648785d888e56c459e3db696df,1764500391,1764500395,2228,34508,,
0xcfafb4dd54505d48f22986ff789fc9ed4a1ec97a538e4fee5cfcd46ad017417a,1764500391,1764500395,2228,34508,,
0xdfe1b820a3dd3dae90fa0b484db39bf4f9858c10493af0649cb49a28f9d0f6c2,1764500391,1764500395,2228,34508,,
0x97684bd5813bbf12ab2bf89e2291323dbadabd1baa0620ae4acaf21bca2784c7,1764500391,1764500395,2228,34508,,
0x583b697c255a24749507906a6a178e05585f745800ab13b85f9f163c80b3e038,1764500391,1764500395,2228,34508,,
0xf8a00265f591f712e1714de72e66a9101a483ec4d58c064b36c3ccb174b45d4e,1764500391,1764500395,2228,34508,,
0xb64dbe5cfcfb58a55ca70cb03cdb9e2719c1b098a1e53158ace3c383b1e229c2,1764500391,1764500395,2228,34508,,
0x52beabf32a039eb7d6dd43fdb78091e658148b0bbf447f2df28784f3e7c83c36,1764500391,1764500395,2228,34508,,
0x505e886c52895aef79d9dbed18cbf94148fda1385f817ae50e7937e570c9dead,1764500391,1764500395,2228,34508,,
0xfb307e17ee083c5828a5834e574e046df2a11026504d78c5450729a98439f4a5,1764500391,1764500395,2228,34508,,
0x84133557920cb721b5b6cc62f3fc6fc1ae5ed941e7ed8deae4441eef5ce98d77,1764500391,1764500395,2228,34508,,
0x7601a0a881f0f933073a0a68143dc3a5738d0aebd1da1b1ccae72096a64ade60,1764500391,1764500395,2228,34508,,
0xcebb8250d4a4c3c16a25fd0610e3113149b779c661d46e61906744f329a77a04,1764500391,1764500395,2228,34508,,
0x44fd9898c57ca2e9a93a17775dab4fc58832259c0aa4c65388ac96f05d1bc3da,1764500391,1764500395,2228,34508,,
0x6183f5b8f2604c3a8a38b3356fe978033b290bf9545eb3ae63587c35e4aab9bd,1764500391,1764500395,2228,34508,,
0x786af62153eac1d5cd8c08e07b1b6a10bda88fd45983d6e3c7a75a6bcd1bd923,1764500391,1764500395,2228,34508,,
0x96e198f5627a2d9b9d1a8b5b3d7511b6f09072873a8a38280a96ebaae0d37d5e,1764500391,1764500395,2228,34508,,
0x1ccef13e467e5307e6b3778d6b92f9662dd3d68e0142ad154f59305891278b7c,1764500391,1764500395,2228,34508,,
0xc2fbc488ac278c9967c625af82c37dcf4e75dd0093a0a67dd6b232cd64141432,1764500391,1764500395,2228,34508,,
0x8b8fcc54dfb00932701edeebebccec08371aa81ad51d079ee9eaaed0262a3292,1764500391,1764500395,2228,34508,,
0x2c7af22eaca519c21b70395222386287b3837d95b9dd64988ce038c953ac746b,1764500391,1764500395,2228,34508,,
0xbf60a7c6d12ca17e096df0c527f13ddafc66b60cce7297018945b8a30bafe611,1764500391,1764500395,2228,34496,,
0xde030088f634f41056c81e68830bb62557bfae1d9c424b637a66697c928f97c5,1764500391,1764500395,2228,34508,,
0x35b67a0b22d4f0780455d0ecc99e4260b6926513751ac512ef85f4f1ee52be72,1764500391,1764500395,2228,34508,,
0xfb42f82f4dc11c75e56548ebd5e8faf72af08c5f052dd1702562d2eaa290c7c4,1764500391,1764500395,2228,34508,,
0x9bba116c8762b245be7cb04867e4ebca8501a525db09fbaa44ef9b97bf59eabf,1764500391,1764500395,2228,34496,,
0x9960efda03c711c9eec471ffc2d6a4e58993292914ebc7e44bf989ec806d68f6,1764500391,1764500395,2228,34508,,
0x80a1cf843ba5d0609f90eaac2ec6c3fcd76ce4986b0ae0e42d499620b531e741,1764500391,1764500395,2228,34508,,
0x94bf72a2a0a8f0577869d77fa54864448ee0db768949042114c9f2adb167317b,1764500391,1764500395,2228,34508,,
0x3f736af2bc906e6a4914acff194f34800621f2f734de2ebe5f1d249309b5bd6f,1764500391,1764500395,2228,34508,,
0xd97654855f9ff3adc4a037a51ac09aa05d020b537e2c063957d9978e38e9155d,1764500392,1764500395,2228,34508,,
0x5690440a4e6de9daa2113342c08b17272a894318a0e67c26c89fed0752a98b3a,1764500392,1764500395,2228,34508,,
0xb4ad99d11648cf490aeb38981e23141f287f8abbbef71049aca72ff1a94d8749,1764500392,1764500395,2228,34508,,
0x7ba5e5b25ebddeffef1eddaed9896b453650a96714c65b4662e9691cb840a4c4,1764500392,1764500395,2228,34496,,
0x597871330b40efc079be290b070a378747350cc3b1b9cae1633d3a2c771d3ee6,1764500392,1764500395,2228,34508,,
0x4c74da333d3f1fe266ffaeeb5dad3055515e11d3cec3739f569ec5295d728fc0,1764500392,1764500395,2228,34508,,
0x162084f4744151420a12a7da02328a79e528269d9323499ccc06a0d898029463,1764500392,1764500395,2228,34508,,
0x815f90940ef82ecd67a1c445b28f12fc91fd24b38d8d5b6fb616ca7c2bf58c3e,1764500392,1764500395,2228,34508,,
0x3024d0237e3ae842792590052927a4dee1280c9f23c17637b91ab6a59fd8da5d,1764500392,1764500395,2228,34508,,
0x6092234ec2bece23c6a27fa36f15e455072b59ad98df57a2b7234b55f3fe28fc,1764500392,1764500395,2228,34508,,
0x03ace190206c0badcc1d0b87710fd9914f0db2f6b6726d6c8a07a7dc51c3560a,1764500392,1764500395,2228,34508,,
0xad8753beb452214f8602de9d7f3490ac67592f6761d6df84e4cd7b178ed11d7c,1764500392,1764500395,2228,34508,,
0xa34b5265cfd3f4806aadaa9ddc54d73fc94d140c814fdbae6203858aecdcf00b,1764500393,1764500397,2229,34508,,
0x84143669fc9512fe546b76dfab23ca57d109ac3605a6286ff31bae174c77be25,1764500393,1764500397,2229,34508,,
0x8fc8e2b9e140dded082a3739c6780ba3a6b1ba1de5042e9340e2bf1730cf3717,1764500393,1764500397,2229,34508,,
0x3f802c74f8b34beaaebc82dd9cb4f6906ffa511a8bd5201cef00e27423f39ffb,1764500393,1764500397,2229,34508,,
0xd73de5e84989fd171afbdcbaf9d724984ca226a1f01cd0d1c3567ecb5ed42bcd,1764500393,1764500397,2229,34508,,
0x62f5dc49e24505d38f36fe68099f18c66786ea35c77c3f7d4bac852709165bc3,1764500393,1764500397,2229,34508,,
0x1294d3b37d04e45950918a5b5e63a170c49ca5593b5abe98cb7f53e67a7c97be,1764500393,1764500397,2229,34496,,
0x25a1fcaf9b095007acee318d38aaa5b7e82b752ed9d8cdcbe3652784687d6a28,1764500393,1764500397,2229,34508,,
0xb1a35b09e8974352b1f8fc8ce11642660b9bb092a342486270e0bf888598bd20,1764500393,1764500397,2229,34508,,
0x1363fe2e2115b4aad26f1dbea5b71b0d0e9f3e045181ef48ffb3fa7f68be2477,1764500393,1764500397,2229,34508,,
0x20e6176bde4d0e5f8d4dae8581d5c6c380dabe01fb3116a4b97a67f73f2b973d,1764500393,1764500397,2229,34508,,
0x8be40b135dbae2ef9b2bd610bd51b9cfbe0338b5ddd62db4ba986b4d58be5bd6,1764500393,1764500397,2229,34508,,
0x7a4659aea8dc405912710e29ee657fcdb6f3b8f8dc3bde49e7f7ea0f3b00b457,1764500393,1764500397,2229,34508,,
0xcb0e8ab8be1ac6c573834ee7ac2de859bfacc45a305426a059a1f8b673ecb372,1764500393,1764500397,2229,34508,,
0xf2a7a9615a89c00e13e2a2636b3852e3d04b606a2f891e286551d6595fc3942b,1764500393,1764500397,2229,34508,,
0x2ca117677ff4dea2269bfca1e707ee95ff320c2a03281a88d7183dcfae930203,1764500393,1764500397,2229,34508,,
0x7904ad79a1223534fe904baf3b7e1f378d242594604a5a0fcb7a358ef7845e3c,1764500393,1764500397,2229,34508,,
0x859083238c060e2843fa7f23844e4be378578d1b2fd71f83c8d067ca16793469,1764500393,1764500397,2229,34508,,
0xd6052b58b89d2139c149bfd8c57858160ada17c6e99c60462e7bab610fdc1d17,1764500393,1764500397,2229,34508,,
0xc5d7e4b5153aa1628097f86dc5f569aa07716f98a3853a96187aa2f8f09a0f7e,1764500393,1764500397,2229,34508,,
0x25aaf46ad5a91856bd7d9f7f64fa54d1b7d8c6dc0bf9c76b46feef901036bf6b,1764500393,1764500397,2229,34508,,
0xf40f5c6e8475d7120fa31c6704cbcd0dae1b4c0226a66bdbc9e4fa5c745d1226,1764500393,1764500397,2229,34508,,
0x1090418479e02cefd473c441aa013a5bef3a943ff54ad35b42ae9f095780c3ae,1764500393,1764500397,2229,34508,,
0xc5bdc1f9d9e20bb1260e20057112ebaabaa9a7a19798559cb2aedbd650761614,1764500393,1764500397,2229,34508,,
0x29233cf7af5ad1a8374a706739b5340e98d2099e902054b00e08135f79c715cc,1764500393,1764500397,2229,34508,,
0x197fc373906e43ad3647c87c86bc4158568549d87bf0f5e8fca346bfeffb5f58,1764500393,1764500397,2229,34508,,
0xae44f7b40a40a9ddba1860700f967f8032e1198153f0b5ec0d16cb26b1cf8d39,1764500393,1764500397,2229,34508,,
0x88d1171657a97ebd834a44965495f256e4a8d7113b0b3956688529be5a1b3d06,1764500393,1764500397,2229,34496,,
0x665af2ae1480472eeacca18a3bb0f1ecd6247c7ab87fc7ce98d71d3ce22207b9,1764500393,1764500397,2229,34508,,
0x83a4895b61794cf47273bf2662edfabe6be9856d54bdcf4b758c7c9fad7b0fbf,1764500393,1764500397,2229,34508,,
0xb780e82da09977c378bbacbdb3c66feacd06cded9719370d27e35b489c181256,1764500393,1764500397,2229,34508,,
0x7ce60aade1a6de84846ba40d4a6677a01ace88468e0e6aee9bc3b93504f768e7,1764500393,1764500397,2229,34508,,
0x1765f03251f1a2cdaa32281372f94260b3169eef3cf98ad29a0343df01f84ba1,1764500393,1764500397,2229,34508,,
0x74be8bef2f24fd1d7c9aab38cc054650384419b081acd290b51a44db4bd3fbc1,1764500393,1764500397,2229,34508,,
0x4155838e020c595ca53d9f260777682566a1ce0839acb845ae1639e326b6ed1f,1764500393,1764500397,2229,34508,,
0x8e8c766b2111776b40db58dd00706e29da7c25e901dea29e1e09a02aec0988f2,1764500393,1764500397,2229,34508,,
0x838c78fcfd9edfc58c0a6934e4e64080c7fccf843bee4e3ffc74086b3d1d4510,1764500393,1764500397,2229,34508,,
0x7e479228ae996ae5a7bfdbe4a104d144a8b21c54778e13d3f1aa328096fa72c2,1764500393,1764500397,2229,34508,,
0x9fc0c4a6cca800d0ac85e047ba3938af6c4da11e66bdff24ce45c9c533056b3d,1764500394,1764500397,2229,34508,,
0xa8cba8e317a2d20cd3ad114bc76df9fb4932cd75a9af808ec3e64e75b5cf627a,1764500394,1764500397,2229,34508,,
0x549daa2f4c219d306a1a5fac59a260ca8e1f70a74b06f5ba20d5ee68003128e5,1764500394,1764500397,2229,34508,,
0x040e794c33f4e56f30b7d393a8fe2c650d964c710721e9555660f054cf4db74a,1764500394,1764500397,2229,34508,,
0xda87929ea4b2e9a337b80ee1429e4c199ecca67b3cd56bf97abcd56ea0a0bacb,1764500394,1764500397,2229,34508,,
0x1dcc82f2a05177310ce7113781a206d6dc4d91e4d333c867eed679b5c519c3ac,1764500394,1764500397,2229,34508,,
0x01fa41af468d1c5149585b40a89bf866acc40cfccd60542f4c0c9ef2a07f4bf7,1764500394,1764500397,2229,34496,,
0x9d37665cc616a9988604601ce5f0883b1d341e162fdb3e5a05e656df2dd2ba5d,1764500394,1764500397,2229,34508,,
0x01d10ad1c26f85887ea6f705efc06d15b951882c2a336f0373394133cf79a45d,1764500394,1764500397,2229,34508,,
0x974b1179c5c434acf71144814306ca7faa88e99e86e231571db1fed585994385,1764500394,1764500397,2229,34508,,
0x58478dcf5c186ff35b15d0c993b86d40e8b3e08c398a0331fd9d4bc20b9224ef,1764500394,1764500397,2229,34508,,
0xfe3de47bb29379601f6e164eedc78aeb4695867b81aa9b7339216968d9174bdc,1764500394,1764500397,2229,34508,,
0x04ce90f8e86305e6b2f9ff10e38927a69486acff48a511f211590084ac5b3ed0,1764500395,1764500399,2230,34508,,
0xd726cb90e2cfd2a52bb08300a717b3cbad9146f41e1a56b14ca79cf29ddac373,1764500395,1764500399,2230,34508,,
0xf22b4a902017cf6b6425a327728d4308fc43fcdb6f01a4b8729560073436de08,1764500395,1764500399,2230,34496,,
0x06e5d912c78f49f6021d53cddfb1c56f38a104712cb8b2b16fb211ed6936a077,1764500395,1764500399,2230,34508,,
0xbe636cc78f901c6e8643ff05e5c0fe7bf9b75758aef3f662b386edbce65b9539,1764500395,1764500399,2230,34508,,
0xd9f2b8cd9bf270887f870ca839400d0ed0849014c942ceb7085235b6d08e2a70,1764500395,1764500399,2230,34508,,
0x026dafd388d9a2d36d10f32824b53b244f247fa25b0a4ccbcece6f2c2d906a3a,1764500395,1764500399,2230,34508,,
0x65ad8c8f9930bcfc2c4a65179dc831439648965dfa1a3f7468ec504a6b36cd6a,1764500395,1764500399,2230,34508,,
0x3e561f640b244f6a02668cdd8611e6aeafa85dc694f7b8553e9e19d5306998cb,1764500395,1764500399,2230,34508,,
0xb8678037a138e6f6474a3c909434e5d9a497e6b661cecbe7b73d4185c37b8fcb,1764500395,1764500399,2230,34508,,
0x897177df8b4838ac70405d14f516115b1325f0c9c0dcd46e8ca34e25c3d16867,1764500395,1764500399,2230,34508,,
0x9c8798ed03805a7d946ea88b0a17cf4ec8e0320e166b138ca7bd4a4f5cb2122e,1764500395,1764500399,2230,34508,,
0x1d012217c96d22300a9fec05728b0b9576638e65876b7747dac807306313b26e,1764500395,1764500399,2230,34508,,
0x55938c40b75c6115642c267b77f729fb8cbe3eb10aaf4a46b9f81f27b1323608,1764500395,1764500399,2230,34508,,
0x9136952042f417d74d7cbf89c48b3cbff6333b541dab0c9e5efad93f61211e30,1764500395,1764500399,2230,34496,,
0xbf871bbb9fec98ccab55ef383f1d542c14416a29b7756403555cc11898f4ef19,1764500395,1764500399,2230,34508,,
0xf2b297bd22ba4a78aa2d14f9288498668a52673146ef82ec9cc354f32e498732,1764500395,1764500399,2230,34508,,
0x2bf62556b564f8d928e33a5ea4b2baa6e1e16d969bfb7cbb957aa272f34c484f,1764500395,1764500399,2230,34508,,
0x35eae0d79b38fa4d6ff2e2779e5cc804f7b41b4786993ba3f5f65b04bb34840f,1764500395,1764500399,2230,34508,,
0x57bf6dbfce8af9d2ea0ac119d8fe74b4a3721bd2336e06c7df9f82e0aa7b8c5c,1764500395,1764500399,2230,34508,,
0x5f116ae856a6326aabb605b559df6a31116347484d4c8a0941cb60c407eaf9bd,1764500395,1764500399,2230,34508,,
0xf4a4e37bc6ecc7fd9d4f2670144d8dc9d80bc4ee59e3308b47b47dce08f4c857,1764500395,1764500399,2230,34508,,
0x2ca6b897d606c4e45f3c1286a987b5db92f57dc187addd3889128d3e516517e7,1764500395,1764500399,2230,34508,,
0x99a8e2c5e98c9d75df5c79a7dd0322c45e79d53ff4ff335f21a007c7d620a295,1764500395,1764500399,2230,34508,,
0x64ec58e81ce1b54a2a31e58982e1215cd2344a469890d8fd8f9d5726d276dbb2,1764500395,1764500399,2230,34508,,
0xe9372f83182cfc6d504348b3778c5ac60a1332a35d8a93d57b75e4f2f8001372,1764500395,1764500399,2230,34496,,
0x4946f5184680f468a1a835daa3942483bec251b7da3c3fbb87f289ee5dcf32ae,1764500395,1764500399,2230,34508,,
0xaabe1c567dd4f45d28c23e86125f9668e8b3e9061980e1b46749d1b1a3cb27ce,1764500395,1764500399,2230,34508,,
0x1bfbc0bb5c5ed923dc5ff3ccc44d8529a98b613722b2637d05be212e7e686466,1764500395,1764500399,2230,34508,,
0xafe4e0080c08b465f2d247654dcf0077d748e943d0ac02ddd724694f67bed497,1764500395,1764500399,2230,34508,,
0x838a70cecdeeb93ce8013aed3411705f67cd695c46c8f0f99612d5dea575a1a4,1764500395,1764500399,2230,34508,,
0xaf5fa2f85e1fe6b03d86216d56a5aa4d3e2577bb848041b1a27c8718bdf6076b,1764500395,1764500399,2230,34508,,
0xfa2aa81d4657fbd0a8e733ffb8107d5ee49aa8d81d2e2eabc8899b8f5594da43,1764500395,1764500399,2230,34508,,
0x0270b002e587a04deae37689285e45713192b1579ed340f5577d9a849fb714f5,1764500395,1764500399,2230,34508,,
0x7c3a83c1efe0b272d39bd4ccb50538963f33538f35bc883e331ee8e988ff53e0,1764500395,1764500399,2230,34508,,
0xb678d192fdeb5c4d9be625754af46c7a1d45b2c275ab87e9f05c6e6ab78b15de,1764500395,1764500399,2230,34508,,
0x7247c5635b84a7d851c8e8e6abdc6337b12e6f0bcf94f7d4ea3030fc59b1363f,1764500395,1764500399,2230,34508,,
0x803f150a2e9aee9888cf4d9c90e99a16239dc76208118546543349ed3d409b25,1764500396,1764500399,2230,34508,,
0xb77871f5659e44067c0ba6cbb2536f5fceb242762d11eea016106ee36bf67819,1764500396,1764500399,2230,34496,,
0x27b3c969f5f83f7abaea2f721c937c8900a4e39700b0b991154dfe27d2e7b197,1764500396,1764500399,2230,34508,,
0xf82b5e99ad0c7caa496fbe312ef3b7413dc71a077883f6780f4d531d6aaf5dfc,1764500396,1764500399,2230,34508,,
0x45f6e932ca5c67921c7d15c89578f4e08322f0639f8cdd2c10b369aa82e345c0,1764500396,1764500399,2230,34508,,
0xc871a17d1186b01dae209668eeddf7ffb3b6423c65f80b4de5b682a369085ef5,1764500396,1764500399,2230,34508,,
0x55b1a3e56deaf5ba46cb53d21a0ee684541fb1e4ada19a3195a2e6b8ecbde734,1764500396,1764500399,2230,34508,,
0x599c72d8fb5a3eea1495a81a913c4df71b347dde9a11f48555a353fa8e7ff9e9,1764500396,1764500399,2230,34496,,
0x0e0c9ceb8d49679dd49f5ebdae3b38b4292af67fd9b18b40e3c3eb6636777862,1764500396,1764500399,2230,34508,,
0x9972caa8a0055246992a29d43e35bf8a1576a415a3cedc6e8529a87828bbfbf6,1764500396,1764500399,2230,34508,,
0x8fefb31dfcd5b3f14ec10d44bb3096cf86132e575a3f8ccca384031d9413bd6b,1764500396,1764500399,2230,34508,,
0x63952497a59a366b05a7d78b3017a822e50a8ac55e5382a80f51e552855f04c2,1764500396,1764500399,2230,34508,,
0xda1a6aeaac08de45791b6d1258a072f316ae3e7a4ff60421e999693fc4876537,1764500396,1764500399,2230,34508,,
0x8860233b3a41575cab55ef15c9b3009174b59e796dbf5962e95bf71be0fe6d2f,1764500397,1764500401,2231,34508,,
0x1fc4f7e96f771c25663dc8460c49ef0307c58eb67cf16bece01f4ef56d350c0c,1764500397,1764500401,2231,34508,,
0xff5acda3007bcf1d7fd1e68d8ebf969e35dc77d773f24b0983cc7ac3de193928,1764500397,1764500401,2231,34508,,
0x5197a9c4b7791034a886bc04cb9162c7d3ff944bc2981476e739588f75c29e5e,1764500397,1764500401,2231,34508,,
0x0c850ff75571da1cd26949c731ee4803f1caab9012b93ceca15f4f3f3e24f7ae,1764500397,1764500401,2231,34508,,
0x1bd94e7246ebcfdf7d00c392589ebb3a320a17f15541bdf4e66059558c5e917d,1764500397,1764500401,2231,34508,,
0x01fe5bb4018f2ba1738cd02bc666a8d378b9804840d737305c409c6ee5d47f3d,1764500397,1764500401,2231,34508,,
0x3f560b61d6588fe666f2409af721f21e07c4bd5dfecd2edd37eb8ecac5b262d2,1764500397,1764500401,2231,34508,,
0x0188f935dd94ffd7bc78b30a5c478ff6ff5410fe871e0c4e5fc483cac10f3425,1764500397,1764500401,2231,34508,,
0x097a7955b78cfa5ce9cc42a85dc76ccb2757119349128f93ff7bca550116f0ef,1764500397,1764500401,2231,34508,,
0xb29076bbbcb01d8abb7e42b0871a5b0f2f7a456bbd4a49b303e7dc518e6a54c9,1764500397,1764500401,2231,34508,,
0xe5ee4d2565664cbc275efb2b99daf602e8afcbe773822c2a21e46d35ccb18f7d,1764500397,1764500401,2231,34496,,
0x3dd5606267359f8bce147673808271d1ceaae97b208919295e305d4b844067b0,1764500397,1764500401,2231,34508,,
0xfda5825431050b1782731d9fe7ac1e73c39ac582340e3cdc1b34742c2185d4c1,1764500397,1764500401,2231,34508,,
0xafc01acc46f4610e79ed95ce141da961c0f60807c7490ba8f59be2a44436612e,1764500397,1764500401,2231,34508,,
0xae44c0284f6e56bae9156bc5671a0006e9c87ab304bdb95cbf64ed025c1ee4c6,1764500397,1764500401,2231,34508,,
0x01be3343d8d0017edfdcba1566bc229c913c6e2d524e572d6b30c76d7a9158b6,1764500397,1764500401,2231,34496,,
0xe6495ea38b5ecdf92b4bacfc500cd8cdf5d402a7c7fccb7ba113720a218544a4,1764500397,1764500401,2231,34508,,
0xe92a0aaa4410cf33b1a0e0252442dd9ff6aaccf0063c1697ba45f8991d1cd1de,1764500397,1764500401,2231,34508,,
0x341502c1221dfe63553db9ff760bc0e09bbf179597d106d4918663869972e9c5,1764500397,1764500401,2231,34508,,
0x4ce93528e3d0e55fb46de0fbf5399ccd442ddbf0baa110562438ed490d9bdd80,1764500397,1764500401,2231,34508,,
0x387bc569c01ec2245eb1f6e1059f3c6ae7523132a7f8004e0a37c0e5df3a101f,1764500397,1764500401,2231,34508,,
0x50e04a70fceb7f822ab8b9b25441b0484a4c767a3564d540dd2cb0dc8f8795f4,1764500397,1764500401,2231,34508,,
0x61125642cb50a7836858fa6afac7dffc200d48f679d0a0d0914f2b026cb0ad11,1764500397,1764500401,2231,34508,,
0xbf070e51328fe7c9df53be85945978272ef1f9bf7ef6f3ec8a6dee21bd809897,1764500397,1764500401,2231,34508,,
0xce22a49c861913ad53ce2493561561fb5f27224e7d8226c304c7c602493c2ed6,1764500397,1764500401,2231,34508,,
0xf4d7093f48d5433f975b919a906008aaace26aa65e2fb01ed42964d6706e18c4,1764500397,1764500401,2231,34484,,
0x1d58d7f814f4dc13c60fa673e3169af25b10b3bb24c8063633eead5e443fbe44,1764500397,1764500401,2231,34508,,
0x8626b80b9180b16c34a774bc889df8b518c48441099bbd1fccc38fb4b5393ee4,1764500397,1764500401,2231,34496,,
0x184485e38ad7767eda5edc55ae8432c6d692c94967f760649acc0ebd0463d9eb,1764500397,1764500401,2231,34508,,
0x6721978ba42aef874a9669f80bef01be80db393a09240fb1389fd77b70acbd2e,1764500397,1764500401,2231,34508,,
0x1cbe1b61db221e14eac5592511cfd53d1110e4372e1ad5e770cee75c9d5f511e,1764500397,1764500401,2231,34508,,
0xd844f56808f3ef466c533fb8b458fdd5d2b1a65a13b1c1f83b2ea3fab0dfab5e,1764500397,1764500401,2231,34508,,
0xe20d4bd5572856ced0e8987b1826ce75cd476038277a238592150d94b048faa6,1764500397,1764500401,2231,34508,,
0xc88f34abfe41d28c04c21ffc68e4d238cd83ee8392b148986bb925c15e22847f,1764500397,1764500401,2231,34508,,
0xdc0f2751f57854f693c8308fc0695b8761d970197d67b691db6b7536d94736ed,1764500397,1764500401,2231,34508,,
0x7e154e3fe300ececdb63511ab28f0c496d66de08366388b199224fda81b1d356,1764500398,1764500401,2231,34508,,
0xa5eb146e55780d7ddd4a329b8b2826a21cbd1e9cd6484e5954f0da78abfb518c,1764500398,1764500401,2231,34508,,
0x609a17bdb308fd98933ccf42014c538543faae65edae4c9e3fa779c0ddf1fbba,1764500398,1764500401,2231,34508,,
0xc1bd1e19e0f4f6ae1a867c82a89fba627240550adcb6e635d29a9cd352d9c5c7,1764500398,1764500401,2231,34508,,
0x5fae22dc805b574851c9fa9bbfa65ca14f25fb8dde232766f182bc7059df261e,1764500398,1764500401,2231,34508,,
0xa86d423e47562d577fa629c95ef1bd5e95d225fdd767429f1e20703e37947049,1764500398,1764500401,2231,34508,,
0xfd68be968f875545a5da091810b6f3dcba1193552f5a33d1172793b5981b8e02,1764500398,1764500401,2231,34508,,
0x1eb9d4fb119bc047fb497ca9221426f9cc8e3b20ce739018591c46eaef8df8e1,1764500398,1764500401,2231,34508,,
0xef5d6003b43aff4f3dbdad3349f6846d220bdf34ce862aeeae56b7f9b5726cd0,1764500398,1764500401,2231,34508,,
0x0b2241edb332875c119ed52ccb52a688696274415485775cb3198bbea9cc4cee,1764500398,1764500401,2231,34508,,
0xdda843fff7e93a68584245fdabbf429590b086fbc17254ee77d692ae75787948,1764500398,1764500401,2231,34508,,
0xe764fbaf02c4ca45b953e014fa4786faabb587b4391e9dd58bcf7943080c84bf,1764500398,1764500401,2231,34508,,
0xb9e80bc999293388d65661235e15578853a450513a510303b9db878aac7c6db8,1764500398,1764500401,2231,34508,,
0xd4d46a36d24000922b1ef7b8881f7bb093cbe3dcfd03d0a94a76d0bc120bdb04,1764500398,1764500401,2231,34508,,
0xf31af4461009588b195db3ce47438669d0ecb0a74750040d78e2382f293f6221,1764500399,1764500403,2232,34508,,
0xd3f02e41ae0105f93c368690b3d7492fa5faafeb87e20a0201b314ad194b2dd5,1764500399,1764500403,2232,34508,,
0xa83efbc0f02a157f8070556c336adbc1acc0745a72004aca8930d34fedc3c847,1764500399,1764500403,2232,34508,,
0x4d6d0eaaab303d019ca50f688a1deb0853f8c496611e7b10f09902ce7bbd3bd0,1764500399,1764500403,2232,34508,,
0xd4888e94e238b5e8e461cd32678c9e6bb9ac5452fb2de6358f7e86c44d3d5963,1764500399,1764500403,2232,34508,,
0x0e83db30fd3290ecb4de71774c5fe28f9d1b0b26abac4762efde722314c88b4f,1764500399,1764500403,2232,34508,,
0x7c878eb030aaa7de5b527aa468b305a7192ab9359438b53edc67bef1c902b41f,1764500399,1764500403,2232,34508,,
0x4dfd55acd4be157ac5d669ee4d1c1eaf0523b098100a6a1cfc35c2c0883f7e4b,1764500399,1764500403,2232,34508,,
0x4fc0e4d6cc9188009a06b3b13ed614583d6264a58b185f448c48d17376269d71,1764500399,1764500403,2232,34508,,
0xcf6955a307acd3d8a36aacfc701e035ef07058bbb991053c45cafca930c2c39f,1764500399,1764500403,2232,34508,,
0x297154217ff7ada4146f1da0ee02bb710b0b64659f3dce0c55ef71ef916c198e,1764500399,1764500403,2232,34508,,
0xca1eee2717cce923e9a7a1f86c5d7ecb18b9a8c2393424281c1882351a7f3515,1764500399,1764500403,2232,34508,,
0xad77b5313d3ad942ee28835092b5f04cc59b1fce0ecc3d34bad0cc1371930938,1764500399,1764500403,2232,34508,,
0xa5534b21ddc82e395f52a0b8b811d30658e7ef927d9534e95da864a582a96cce,1764500399,1764500403,2232,34508,,
0x2d46f3f50dda48f1c65af035547a7dce41fb151fa435fffc66347634648415d5,1764500399,1764500403,2232,34508,,
0x29b11caee2009c005226c67b6216ac5d58199c2f7213ae52b36ac48fff0629ec,1764500399,1764500403,2232,34508,,
0xc1937f42cfce948ff44a16e026226061ef1c67ac69d9da251a09a54caf4b1316,1764500399,1764500403,2232,34508,,
0x761d7cef591d2777c9983d6e92c2ce011b5b76356be9fc950970fb7439c1d296,1764500399,1764500403,2232,34508,,
0x1f2d66ff87c9591b7c07013f1908d7f77e09906bf9bc93ec28ed315e8e926476,1764500399,1764500403,2232,34508,,
0xa85ea3a6509f041c7a0083f14172e79a7d0c670f75e17e0dcd4cd174079616ff,1764500399,1764500403,2232,34508,,
0x265682060fe4bce74c12db1872cd18785055d0fc255311fb1501dded0eff993c,1764500399,1764500403,2232,34508,,
0x249923d10fc995180dc3b71154f19d80ab502e5ad74ba8bf0af0b3bec17f4e34,1764500399,1764500403,2232,34508,,
0x9e74250e9b8da13cbd2285646589908b310c02960d87ed69473a68b74005b34f,1764500399,1764500403,2232,34508,,
0x2b3109f9fb6699aabf702c580e220747d2d4683b1920ed2d75248325eb212fd9,1764500399,1764500403,2232,34508,,
0x69bb69c803f50f3200fc49382fc4d8ae9147801cc0fc598775929f9c9e4d2dd8,1764500399,1764500403,2232,34508,,
0xb4f894048e93ccd9e8f181559eeed6ca66692c94b0c2e0b31c0b13e1ab458452,1764500399,1764500403,2232,34508,,
0x3794fdfed3a1226b55ae040c87a504e8347feda0909146283ff374be8a001eaf,1764500399,1764500403,2232,34508,,
0x3bed73326914b9ec4be84e6e55786ac905175a6368cd3bde645bc1657c189dc8,1764500399,1764500403,2232,34508,,
0xe0e05ef4dd29f337a5a2dd89c32c7ff206d3c2b89515c7042f8a81173064527f,1764500399,1764500403,2232,34508,,
0x39bf305fcb85197e0137447ce26da5200cabe5d75ce69422c859118129fcc1d7,1764500399,1764500403,2232,34508,,
0xac3529ff7bec3d050976f048106fe9b004762cbfb21c98d90817ebe733654364,1764500399,1764500403,2232,34508,,
0xa94a6fa9cdcbe035bc9b1b1aa670daac94da9adbae16a43a11363c851d06b48f,1764500399,1764500403,2232,34508,,
0x485ae9a254aaf8f15daba1c50595d0f67abeca33b268275c30154b56f30a28ab,1764500399,1764500403,2232,34508,,
0xcb2d634e945f636d4cc8a74b00cf15eebc4c22879d19b779464a9ba479c35ab8,1764500399,1764500403,2232,34508,,
0x39b5b1939b4e3345cc69b7d7b7e7e371a27bc83446277a18825420508f2398bf,1764500399,1764500403,2232,34508,,
0x5bfca21b5c55768d057ebb8de51204084755b114423bb2c419edd81e3b7cf9de,1764500400,1764500403,2232,34508,,
0xf5673047c19048384681d6b51a33791576d808f6bd9cd5e919dde51728c68021,1764500400,1764500403,2232,34508,,
0x21223b451f343e6c34a8b1bc4eae9dffd19321e720cf2a07d1e02f52e559acab,1764500400,1764500403,2232,34508,,
0x42226800eca1b6bc34b74a1e357f9d928b402ca22dc2d80c6c3fbabdaac85f3f,1764500400,1764500403,2232,34496,,
0xc9549319fe10114501eb40cf825c576788a8baab219715f3def1e14cdb21175a,1764500400,1764500403,2232,34508,,
0x9a572a3d398b4172a004db7f9fb551141f29f8d89ee86e2ae673c2c4e605af1a,1764500400,1764500403,2232,34496,,
0xe9a8576cc427c097f0255f7089582496cbe327ce09686ff981e889ffc046a825,1764500400,1764500403,2232,34508,,
0xee6dc0c70415a0624f11cab0055f7a17f605b041a5ae63c75cbef60366f5ebcd,1764500400,1764500403,2232,34508,,
0xd29b342f98083de2ac0a53f429e0b332426da95c12a198eebf0b7c9f5c870233,1764500400,1764500403,2232,34496,,
0x3bd7f0450315c6a3a687ebc26ce2b261f98c2e8792d8d49afcec581aa811e6d4,1764500400,1764500403,2232,34508,,
0x67eeaa4f493726569add2d52244c5687d7a66c90d28512570fa1711bf391715e,1764500400,1764500403,2232,34508,,
0x5550b324d8bd6d5564d0266375a95006e6631fc422d8d2256dcfcced620d1b6b,1764500400,1764500403,2232,34508,,
0x73b474212cae92ca7d28730c729a4c796fc9bac6a63007ae380cd898001ed9b4,1764500400,1764500403,2232,34508,,
0x16f98d3da98b98227d54c565a61500da4f4fb62e58899d2ce8e6ec3a2ff87d1d,1764500400,1764500403,2232,34496,,
0xb82deff410c95339d520dd41d2333c04d245528691f9f0d45ee180c78d5a9b54,1764500400,1764500403,2232,34508,,
0xef19a430765221f9b91048979090494942cbf34ef6e644329b43189a21e6ad7c,1764500401,1764500405,2233,34508,,
0x120c42e972cfac949931096f0dad19b5c50df2f7aeeb877a206f80cc678c0794,1764500401,1764500405,2233,34508,,
0x5764eb803f803579d75e30bab60c49cc4a5e80c8b4104dc5a7fb57f66bbf5090,1764500401,1764500405,2233,34508,,
0x3c968201e999def1176fd459fbaf7e679c4f9f527673be05db4b9864774575b6,1764500401,1764500405,2233,34508,,
0xad063fe19b42add846f5acbc23949f2886322c505d116445d04a7ef3156816bd,1764500401,1764500405,2233,34496,,
0x389b566d6cb3a3ed05b4c195989a2b269fa82bbc450d4cd0901ab792f5d7c939,1764500401,1764500405,2233,34508,,
0x06cfff21543f6efccd8bd8916e19a36e6b15535bf120dc7346469abddb4bf85f,1764500401,1764500405,2233,34508,,
0x9c00f5664472420beedc47dc4c128b1e4118f6dc7924bf26bf46cd70827780a4,1764500401,1764500405,2233,34508,,
0xb04280e8515c28e0791374d4d54b145b58b4fc0a09b1e7bacbcda3d617628167,1764500401,1764500405,2233,34496,,
0x15264e8bd0737b53a1590848880d88a2a9821eac83442f2e4b4a38078358c967,1764500401,1764500405,2233,34508,,
0x072a4fba8487edbcddebf38617e71a80301d04153ac3553352a54bc12db37d4e,1764500401,1764500405,2233,34508,,
0x177151dd4abb70dbc12444125b0cb8d8525b8379508597186a8e28cb174f8fb6,1764500401,1764500405,2233,34508,,
0xce4b777dd46983072ef978d3c4f923ffdb69fcb105f19ec2234e0200d43a47dd,1764500401,1764500405,2233,34508,,
0x27e1682a684933832c7a9ae259e49e4252b895f50f034ad2f2c5f3f977e77d31,1764500401,1764500405,2233,34508,,
0x1a2f85702d1b0aa9c908208478c36a1ebfa2d3c218646729f9f968fa1312065a,1764500401,1764500405,2233,34508,,
0xb7c2a2f05d1214e2173a801251259c89b736a4843f142f49a08e4109b0ba57fa,1764500401,1764500405,2233,34508,,
0x2666536a922dbbcd34bd69c4f274a72202de69c14bbf0b244a3da786329c3359,1764500401,1764500405,2233,34508,,
0x9a15f78c8ad8085d223b1413b8b2cdb5c2876a444c317f1a90fdcc4f3200490f,1764500401,1764500405,2233,34508,,
0xff2ecbd6b850081132d6c222d8c58088fc030df645a81f2909047467fcd8eb38,1764500401,1764500405,2233,34508,,
0xcc38d995fb1e74808b738d342f6c03dd354842365bf655ea76808e53f8050859,1764500401,1764500405,2233,34508,,
0xcbdccfa6bef0011648d97ac8d3bde8e79e4d8e772909d6954c796a22ac3de1a4,1764500401,1764500405,2233,34508,,
0x9b9581a58e106b1e3573b2b0a624a0a45e0e69380e1604a4abf39ecdae2c5590,1764500401,1764500405,2233,34508,,
0x4d94ff7f2fc9e5bf7fa6ce6d7e9b6962e05e39e7c1795aee0c1a48f783c1a7bc,1764500401,1764500405,2233,34508,,
0x5b5d47629ca776b82de82fc0ab83d27055d43dabe575f7d7c5561c62bf386338,1764500401,1764500405,2233,34508,,
0x12319a711cd401ad1856f54b48a33eb47da1253ff3dab65a990ad56361e345cc,1764500401,1764500405,2233,34508,,
0xb146d9a29a6b20c66ec55eeedf4386b9293d16dda392b208bfff3fd0c9c97d96,1764500401,1764500405,2233,34508,,
0x831ac5141b6bce47d47452f14cdc35e2811272e9cd16603ef16c2ee05c1d0580,1764500401,1764500405,2233,34496,,
0x2cd8dfb3435778289234add4e965e86f3ecccdfb916b24d2cb3e22c07ed86b2b,1764500401,1764500405,2233,34508,,
0xdea0cc7e7356d026eb4a2967edbe1fde86e53bb316ab7f7caddd2b0d1b6b2b55,1764500401,1764500405,2233,34508,,
0x270dd83031986ebde7a4fea528da23e532907567e538f843b0a6200f53ba461b,1764500401,1764500405,2233,34508,,
0xf82f4d695d611aaa1fa8a2a7153887d4dede22edfa8389ef3459c2453a3d5dcc,1764500401,1764500405,2233,34508,,
0xac06d27278417907d256cbe41446fd25663de52ba6a75b81637e0efa42551249,1764500401,1764500405,2233,34508,,
0xa92e281284c72e3ee72673e769de560130918139420622244253188705be6689,1764500401,1764500405,2233,34508,,
0x65ab68d8e8063ae1ac56c7ee5e924fa0351ccbfa749259c78589643cf1f79c7e,1764500401,1764500405,2233,34508,,
0x19c4f2b6de48c984bcda18073e5f60518e53fc1a665c914efaeb9b652ed2bd09,1764500402,1764500405,2233,34508,,
0x04bf28bc7606373c06249b61e47fa6b8847fadf56ef30e8c470d99935f1dd146,1764500402,1764500405,2233,34508,,
0x47c43965169b316d84073242c5284c6be763bb6cd37e31b0f89e35e284ae2b28,1764500402,1764500405,2233,34508,,
0x47e399c7c64bfb1269f933114b8b9ee18853a8b855fb56a6cf669ac21e9d8762,1764500402,1764500405,2233,34508,,
0x526a1ab2122340e230fcff3b2c26f59aa861419bd32080c3196b679918fdbc33,1764500402,1764500405,2233,34508,,
0xcdca1aa608eae69d257274b83cd37adf50e22feca8b1d3536d1c5ac6f9c3bcd3,1764500402,1764500405,2233,34508,,
0x38bc10995c550a2e306a6044471f272ebaf2d106c495adb707d1e916b8105151,1764500402,1764500405,2233,34496,,
0x9bc2e9e269dd44c807a126d2d2b6ba651d9624082a298cb3ac3072b931e99ea7,1764500402,1764500405,2233,34508,,
0x5be58ef48bb4830b688a0d0c9f863838e172b3d892ac5a206b79ea8fb185cb6a,1764500402,1764500405,2233,34508,,
0x00e0689ae8be72594f526297950e409a92d5b07dc078be721a66ea5dc8933a83,1764500402,1764500405,2233,34508,,
0xd985878fbd3cbf5119990141c682f2ffad77c3b8f5014fd974dbfe3bb39f7d4b,1764500402,1764500405,2233,34508,,
0xb24b7d461fed8360ecc92dd60b4e40db30ffe625290809ec4e833c886dd984b6,1764500402,1764500405,2233,34508,,
0x0ef08af2508f951ed510510163cc1f48cdeed11c07c3aed9fefb1f19cdbd6ce0,1764500402,1764500405,2233,34508,,
0xa21e5b001c5ff4ec86c80a088ad858f044c609f8a9c0de809f4ac1888a656d30,1764500402,1764500405,2233,34508,,
0x3ae1421d94164f6ec15469052e68288534c12c2e1719ca0195f3b27321840efd,1764500402,1764500405,2233,34508,,
0xde7650d4eb35363f5ac63189ac9308c0fd51c84b09ca924d0090faf793dca540,1764500402,1764500405,2233,34508,,
0xfb4a2f3660eeb100501b5715ebba043bee3953306763442fb7b471e7f4ecdd1a,1764500403,1764500407,2234,34508,,
0xd4fca2053ed27552a794cd934a875800ddcb75688928afce8aa55f008e0f438f,1764500403,1764500407,2234,34508,,
0x7ca6824f6af4302f9a7f08ec03a1fee79c58cc65406ebe54b0cfed72a775394d,1764500403,1764500407,2234,34508,,
0x7037bc20fd3de87a9fe5cb41c59e0b8035a2d7e6de43b7775a8e572853170094,1764500403,1764500407,2234,34508,,
0x11ad57399b15de0eda612e4a84d38ebc2a3b34f3e41439db840159d0415913e3,1764500403,1764500407,2234,34508,,
0xa8da2c0c7ed8bd739d3af93edd7555bd2b498a07a31b533a779a33ea407fb8c9,1764500403,1764500407,2234,34508,,
0x465d8651b6b91e62995cebe22180ae8feede25e8ed277ecff10ff4a0d19d163e,1764500403,1764500407,2234,34508,,
0x3e70e8f54fb7214bc9ef8b404d7485916f0dedb28bf975cd5e97b09ec6663fa6,1764500403,1764500407,2234,34508,,
0x41fd220ffac9f9ec871e0468b68e85b6706ccc1a3d7e3d0a79958f09f7fd2c29,1764500403,1764500407,2234,34508,,
0x83ed0134cd94f174eb52c5e197c24c365ad33e1383976a434439299f765bfcd7,1764500403,1764500407,2234,34508,,
0xa8e19f99be39bcf259f014a18ffaed39f50140b09d37806d48da4922bf7d2897,1764500403,1764500407,2234,34508,,
0xdf9c09897f23265bd2f42e4949286c8ae2482226e35e545b3bc8e1d501a66de0,1764500403,1764500407,2234,34508,,
0x07a3cd0bcc3f0efcc0e2838a6a4566c2e266cbda5178bc38dcf6a85c323b1fc4,1764500403,1764500407,2234,34508,,
0x69843d268e8c254f90cef41f17e6574ab27e0af340641b44e8220fce8c6a64e8,1764500403,1764500407,2234,34508,,
0xb13c1927e806fb646c6815fdd0da204c2fdb7ffbdf8d30ca08829f156a0d3405,1764500403,1764500407,2234,34508,,
0xe7401b3da2c1e6524b99e7cdcef9a550a65fa50c732f18c9a941b34f152eac15,1764500403,1764500407,2234,34508,,
0xecc76d64e6832a931a1e4f0606f4da7384b9525390cda9475b7d04625f68ea0e,1764500403,1764500407,2234,34508,,
0xd865d04b5ea92f23537121c73783272834c101f1903c3c1dcf1b6020405d40f1,1764500403,1764500407,2234,34508,,
0xf734aff9bc120588d9856139ab76a9b1a691d3b49f43d5a24c1b61cef69e5e28,1764500403,1764500407,2234,34508,,
0x862e81348612b681d801405cd79f288ca9d972bcc44a6d1182ff4ab288c0f34b,1764500403,1764500407,2234,34508,,
0x8084589f223102294a06cc5f4964247255fb7f9916097a74b29edf53ea13e63f,1764500403,1764500407,2234,34484,,
0x74bfb6c20751991a877fe6127ed8fb2ed06258d424760b931a55cd8467773078,1764500403,1764500407,2234,34508,,
0x91dcd4500573b9610256e0f6fe2609121e36d9669495c36f5b28cdd6b5a92a0b,1764500403,1764500407,2234,34508,,
0x1a1c9af5f75f2aab476f165ed678fbd8e7a5425de10b0a59eb7022541f5d5148,1764500403,1764500407,2234,34508,,
0x2f443f68b134383a6c9eff2735154c1175eb3e1d524c1d8720012e1365d852b9,1764500403,1764500407,2234,34508,,
0x10195f6d2fc963825ed562260833ac86a0342ab387b7807643ba492c3bd4e8ac,1764500403,1764500407,2234,34508,,
0x79ba321d5d2fa5c72c9f1ea3f6338ca8ff1d27c4f82612160400f7aa09f4900e,1764500403,1764500407,2234,34508,,
0x0e18c5a031b3ab4327bcdf75b2562025dbcb0c610347f9b022f593985a9a1b60,1764500403,1764500407,2234,34508,,
0x661ff53fa3d00b7e7336b3d12bbc380ec129929f5258e52f343a12ae98a11adc,1764500403,1764500407,2234,34508,,
0x111ca31968a7bff1a87d803efce2a64a18ba4f9c389f92b2ce209faee4ea34f3,1764500403,1764500407,2234,34484,,
0x51901480d1b11b55b036e9f1cd9e365266495b092c87faf045d96f5d3e5dc93e,1764500403,1764500407,2234,34496,,
0xad25ee094442c0f4cf6726f171b57db35ddfa8f6e8a236b1d86db3ab5a5cdec2,1764500403,1764500407,2234,34508,,
0xa5b908d6a5cf7f57d98d001353344523680e550d16465b57a6fdb07559f1a41b,1764500403,1764500407,2234,34508,,
0xff0ecc01483a2a76dd90794e104326afa7d6fca41ee9151f0b0441a6ba76eca8,1764500404,1764500407,2234,34508,,
0xe4523984974e18882bcab23cd8bc2cccffa34deadb48408439cc28925430cc18,1764500404,1764500407,2234,34508,,
0x2b57b5995f4614a0da12b592b5de0f1325abe497131ef60990488eb2c3d72e73,1764500404,1764500407,2234,34508,,
0xe57468f08a7537a4875aff1f6d8dc03219a32edb26260af291696da4d11ae4e7,1764500404,1764500407,2234,34508,,
0x10668f701ad1c907c3e6bd3a80c76c59ba97f96a8b53816c668d3ea5b2810113,1764500404,1764500407,2234,34508,,
0x5ee5b4240e583894496936315085e39c2b29bec00eb3b1f84eb2b3237f848576,1764500404,1764500407,2234,34496,,
0xab102c5000d89dfc6929b5461f6fd33d259de66b2ada8ab52c7e685a905bae2e,1764500404,1764500407,2234,34508,,
0x90ca562205d95d86034ee41e0d95df3ee640865a8527f7569bb6f78c05e78df2,1764500404,1764500407,2234,34508,,
0x87a1ec96bfcf0d8bd7c263ad7da9c0e82c9e533a8733f1c803e8dc1171659dbc,1764500404,1764500407,2234,34508,,
0x80ebe41f7a4c2879fa7803edb83e83cf05e0cfe1305452a18db8712bd30a3da8,1764500404,1764500407,2234,34508,,
0xa94e9a47c81eaf7f8f17f0feea72a96c4c5507a7dfb4f329250fdb4a9056bce5,1764500404,1764500407,2234,34508,,
0x1657762cd76e34df009a7674efb42f09045a172359edf62ba7e12b84862dc49e,1764500404,1764500407,2234,34508,,
0xd9412d97941d1c4a96c54ac30e2185bd0fe9de5f116c631ead1ca091850133f1,1764500404,1764500407,2234,34508,,
0x9bf274ae60cf15bc9a6fc4d83ebad8b1fa695d8e5bf1e9287cfac189b2c2f892,1764500404,1764500407,2234,34508,,
0x51760faca60ed5f48212ce11236119fa7b2ecbf8b11df98d6601c3a6758bf2b8,1764500404,1764500407,2234,34508,,
0x0b3bd581da23b7347fb7ebfcdec26740f939e458752577906a1c068ba4b20a4b,1764500404,1764500407,2234,34508,,
0xcdcff43731b3d7c0f4074e52d379e84d18b9b2f8bc0657f2313fb8c69f6e0916,1764500404,1764500407,2234,34496,,
0xf2a15edce51a2e168183e066e294502ec0c28b92901f703ee0f09e40e2510eb3,1764500405,1764500409,2235,34508,,
0xd4197ddfa70b3cf8339953cb92e9cead7d94bbb5d4a1f614ea7b0f0bcd08f46c,1764500405,1764500409,2235,34508,,
0xc51eb86be63ba098205a448e34c35341f34e25dbad00d3968c6b7b2501041629,1764500405,1764500409,2235,34508,,
0xb1cc7d93bd3a8e6c73d5ca3ff93bbff7fc90ac59d9e3cde98eb8ff6bd595e116,1764500405,1764500409,2235,34508,,
0x7846d183c9310ddcf16972e4ceef5efca6fe5a911cb4eb993b1c76895b049d73,1764500405,1764500409,2235,34508,,
0x7c24f854cb689fb2944bdaa84dd0c11d9c217d999d8f4a1ec99f96e5147f3c3d,1764500405,1764500409,2235,34508,,
0x3e96f20aafd5769eebe5851e7a19fa0e416026451c44b2a58bd4d16783739236,1764500405,1764500409,2235,34508,,
0xd21be4fe77c80bd0ace37256a40837322b8d5e5b6940282cbe54883a47c38a6c,1764500405,1764500409,2235,34508,,
0xf45be176a505e60f7dc7370309af59b135982a619a83177b7a3e031e8bb7cee3,1764500405,1764500409,2235,34508,,
0x911772afb83293003c43399186f500747244ea3ba3764d9376d37c612b8852d3,1764500405,1764500409,2235,34508,,
0x939df53d16118d5c06580333b354fe127b4d096ac8e85938767a1323afdf1d32,1764500405,1764500409,2235,34508,,
0x7a93d7f54a0875b43a92480e1614567ccac6d04ce79db65dc42e43180a7c380a,1764500405,1764500409,2235,34496,,
0xf50fa9bdc88fb6e249c4ad552eb2868d36da19f777bbdca3511a3440ca7bdaf5,1764500405,1764500409,2235,34508,,
0x381e9e0339f0fdd66927c02adef0127bea72f0417ea6d81e674c77838f3189ab,1764500405,1764500409,2235,34508,,
0x5b4fe54628d91958bc9b52634a1e467c3b957f1676c52527ea0cae0ab1db245a,1764500405,1764500409,2235,34508,,
0x2fb8b1a94fdd62084e8581546fd5dd7d576ff642e2f90df24c919b5d38bcf329,1764500405,1764500409,2235,34508,,
0xc1a0012933080bd0c347f83a1e215c4c7ccbce5a9d566c1b55a452c89cac3555,1764500405,1764500409,2235,34508,,
0x5dd4aaa8436ab1723877799f229a240af57dbb479c9bb4bd846be535606f2a4a,1764500405,1764500409,2235,34508,,
0x0e31dd4c53777cff099170ed7dd7f2edf40c9c0c040895a4a3ae8fd827c72094,1764500405,1764500409,2235,34508,,
0x49dda428019f91d4d96d640c1b30f6744fc43ba7dab6474816070f2122a034b8,1764500405,1764500409,2235,34508,,
0x582248316297b23b41142fa9f7a556b71edb0172aefe902b5dad611aef3c90f2,1764500405,1764500409,2235,34508,,
0xf41ebc0de0a8f9f0b15d409ccddb7b3c3f913b2058be0c9e29ec7fe922ce6546,1764500405,1764500409,2235,34508,,
0xcc21004ebfa4a3de8af72ff454c1f78d89cf0e95a76719cc202fa1415a904a0f,1764500405,1764500409,2235,34508,,
0x13f43210a23da64c1858035eb165426012dd47339b4a4ffb8cd56a34e5ee0ae3,1764500405,1764500409,2235,34508,,
0x1055a22ec9b88a6ed0d022ade99033d3ebb62d7b5f86efa8c19e9d3320f89611,1764500405,1764500409,2235,34508,,
0x32b5d2c316b46409b09c439ea92f9a03c1785b8d07a7bcb4bd081b23d1dc4837,1764500405,1764500409,2235,34508,,
0xeb1521233b522fc4807a671263a18e41320200829362b721d8fd4b5e334eccfb,1764500405,1764500409,2235,34508,,
0x9e9379ae2ef347a8ef7549e649dc87620429b1643400764c02d22bfdcfca618a,1764500405,1764500409,2235,34508,,
0x3908a4aa7435b1f0df56fd041bfb88ba33f75d9681ffc26e1d131d34946f8dce,1764500405,1764500409,2235,34508,,
0x9c52134019e7f8489bdebee3e21adc152bc8b593841e148d1d6f3ac85ad92641,1764500405,1764500409,2235,34508,,
0xc6979fa89048ec87358527657630ffd591202ec6ac2d3e6ee56843132d59fbc0,1764500405,1764500409,2235,34508,,
0x3374dcde127b29e0f5638301bd784a0c540d0e2e535930f0d490f8b0dec2dcbd,1764500405,1764500409,2235,34508,,
0x001584f0255856acfcd03cfbc44f4f1cf00e4f34b7740e75e6a565b9ccac33c7,1764500406,1764500409,2235,34508,,
0x59c1aef58ac18ff3e819064e295b2228d8cb1fab22cd4ced69eda30addb01496,1764500406,1764500409,2235,34508,,
0x08135cec7c0473762dd2fed19b96cdbd9d68266a08658d8b83f4caa334491ea8,1764500406,1764500409,2235,34508,,
0x26f76cba9682d3227dbada71997ca520b1b76373a9e3bc08e6195f129b831c67,1764500406,1764500409,2235,34508,,
0x1308f541ab282da606f63b856e8aa0301abcc8b7a133260a97a5255341f16f6e,1764500406,1764500409,2235,34508,,
0xad6e5149a43917a2340677f5e72dd070908c2da1fed97b7fc52a01db9c39e888,1764500406,1764500409,2235,34508,,
0x95164bdd54c10471553f77fd6990042236572129e8a85d8ede50b3d9beb340e3,1764500406,1764500409,2235,34508,,
0x9e6bd526448bc8fcb702f1afabaa3889c19736ba47acf3439ae16a8e762034df,1764500406,1764500409,2235,34496,,
0x051583a45ecf0774f0feac314bb30a596869cd3de12938844c9e7333bd444908,1764500406,1764500409,2235,34508,,
0x236827e6bd74e1c70f92b441f1960772beeb50cf8a75c11c6d68db209a73d3c8,1764500406,1764500409,2235,34508,,
0x7fb9548b703014c25e03139fe81e986c99fce6051f8abb3e8b0e3a2e3d9fd6a9,1764500406,1764500409,2235,34508,,
0x3a6400debf208831eef6a1466b2125a861ab12d8729297da5ebc719c25c0bd8c,1764500406,1764500409,2235,34496,,
0x10ed8dd3adde0d31cb198e6c27d872f6fca5d05f9fbbeb4716c5c6b3c216de68,1764500406,1764500409,2235,34508,,
0x74fea5594f841a193981d3218ff5c705830f0df2997350193589142045a84e21,1764500406,1764500409,2235,34508,,
0xbb1ba9261e57bc7a30d8cff5456e730296d3247bb9823942de6e1b6cd17d899d,1764500406,1764500409,2235,34508,,
0x61bc57696ae1b4da99e208efd306159bfa72be9849b8c5165d3b2974dbdd9ea6,1764500406,1764500409,2235,34508,,
0xcd77a89640b19abdc3f5c30558f1cad3bb09cf6635e5ee3b3edff13d2d1d2a69,1764500406,1764500409,2235,34508,,
0x9dcb3ffae237fee084fb57c2b63e41eff9422c0b7ae472f33ad724c47d377ecf,1764500406,1764500409,2235,34508,,
0xea3e7662cc10152a11823686bc20424e55e91ee58a693939162a3784e53a59c3,1764500407,1764500411,2236,34508,,
0x8b9109eddc7df69fcd22f697d441a62791eae663de6dd7328b88f3fd7942829b,1764500407,1764500411,2236,34508,,
0x60c1d922afa5faee6d3efb693d5effa082c169baeb4f8687b9f6d77aa3b9e042,1764500407,1764500411,2236,34496,,
0x47394f45b29ed2ad3fb8aa051780e32c07a08e0cde8ad1f8649c6bb545ccb8bd,1764500407,1764500411,2236,34508,,
0x8b5a323adfe29f253631a90635bd2f168811f9f293d82dac4b7d8f8686e7fb79,1764500407,1764500411,2236,34496,,
0xf6f4f7f7ea6714cc295ee17de7b8c7aa189bd063f6397a2567c6a5bb5cf68165,1764500407,1764500411,2236,34508,,
0x23096c0b37c2a1721ed39da03e2fa657effb484799bfa84b4c7e11ef0c50bd2a,1764500407,1764500411,2236,34508,,
0x90253be3f58bc78016a48a1f588861615e0abc14a31015ccbca6350c9b04553f,1764500407,1764500411,2236,34508,,
0xca1e0e0c09b67b73ca38794d8614ef4827e33f419b5cd4b8bfcc934402b431cd,1764500407,1764500411,2236,34508,,
0xbf6a7f5b6c53ff35b0ff97a37327011961aa1fa464ccc72b1bbdac3b026ba015,1764500407,1764500411,2236,34508,,
0xf75407f76debbfc0580e3af326ca9159c67ef1a0c127f3b1ad91e3852678ce1c,1764500407,1764500411,2236,34508,,
0xce49d00379d6d6488afffc51b4a569889c8145996c8a131d55f507b7c8f36c6c,1764500407,1764500411,2236,34496,,
0x700e6de663cf02d4e474665c20787712959c301dce6d46d129778a7f2d586771,1764500407,1764500411,2236,34508,,
0xcc98b2db7b8e0433547f73c7f714fb3ec88009298d067c7b3a3741a44e616aef,1764500407,1764500411,2236,34508,,
0x88dce8d0a0a54845e995ef5c0402e947664177e11c42ab2b08765e583a2a91c1,1764500407,1764500411,2236,34508,,
0x0f78e7a316070620b9987cc15956974eabae2da4b96f704a728a90c455101d4c,1764500407,1764500411,2236,34508,,
0x5507fc1e9b1f7a2df4c0f7e89009952bb5d7345c8409045035bc441229c21d6c,1764500407,1764500411,2236,34496,,
0x31ef6fb543e2adb107c0f1df13d492489973811337742f211d17cf98b028c84d,1764500407,1764500411,2236,34508,,
0xf84fb5d21cbc5cd92f8f4c15d356411cd5cb3012048d7e51ccf0b527d929d3f8,1764500407,1764500411,2236,34508,,
0x7c0f032d44cfba14232b8bd754a04d6d302e7c25db28e84711fe8d2a7eb271c4,1764500407,1764500411,2236,34496,,
0x4ac4f8e8a7df5854bff226dc07902033ca06c80e47e84ac50e060d59427c4e17,1764500407,1764500411,2236,34508,,
0x8918d9a1adf1ba79aaf2ec5de50c54b4b113d28d3fcac6c18b0edf78ff69554b,1764500407,1764500411,2236,34508,,
0x6af6693fd4a510a9bf04818a0ece66eeb15fd0b0edcb10e60bd99c0ea5596b4f,1764500407,1764500411,2236,34508,,
0x50fbd82b9a72270e236a56c4a1ed7d69993ffca5baa9621e411fed21c63445ae,1764500407,1764500411,2236,34508,,
0xa17e36626a8a207371519d8b32fbd14a5b64d49fb606ae45d5c4db6b7ac5636c,1764500407,1764500411,2236,34508,,
0xc23340c40caddd9ea531232091243ea703a845be60acbb773ebabfd8c847ecaf,1764500407,1764500411,2236,34508,,
0x191d5452edb005262b48e18ba0f74f7675f5edf2a0aa05cb927390bd51866e7a,1764500407,1764500411,2236,34508,,
0xa91b1dec5007d5e14d06d28e40024c77a3189dba85eecf947d17664e700a5941,1764500407,1764500411,2236,34508,,
0x3dd0248887d07ddd21e618bcfdea35ce098a9764474a03345bb0545ec8a9d225,1764500407,1764500411,2236,34508,,
0x3bad4736f1b7722177846af4e72ef4b91d973922af38c7f96c7734cb914cc4de,1764500407,1764500411,2236,34508,,
0x2a022960a7aef1c2c13930b4e7ee731c11063a86823e4e2cb7c7dbd56ce411ec,1764500407,1764500411,2236,34508,,
0x33ed3b90a4c5a6f0948bb727925f16c6ffc8752d0c1b2d82584d9e2afdc48161,1764500408,1764500411,2236,34508,,
0xac24681fcd1781425b0675acda811ceae59aa84a45e33758e40faa2c4e61e75a,1764500408,1764500411,2236,34508,,
0xee049ac3e829fe59618751baf3b0c5f7d1c6060cfe4d71528677f31c3438c0d8,1764500408,1764500411,2236,34508,,
0x5b65b64d7d10664ef9c22039c1527bf6916d537634b97df2e8c9846068d9b21d,1764500408,1764500411,2236,34508,,
0x0efe5bcf4920eb3303abc9dffff54b1d93c88bc25acb78cd5e83212705fa0410,1764500408,1764500411,2236,34508,,
0x24c2679d6ebea3abcff2e03555c198b91bfbedea9cf027a708dfaeca49ebc654,1764500408,1764500411,2236,34508,,
0xa1e07ab7b007881aa3c53ee2f8dd3280534d53a459b0533ef5ab00c9bf922d13,1764500408,1764500411,2236,34508,,
0x5ef20106738d0bc329565030513e6f971f104e68339f0f1ab30cf61c2c48e8ec,1764500408,1764500411,2236,34508,,
0x8db370798449e159f796d79b37887ce8f0ea21a9111b829108095f84476bfa5a,1764500408,1764500411,2236,34508,,
0xa23d51adc3ddde8017d04917f825c0209b4adcdf12a2532e3ee9e2ad16dfc37e,1764500408,1764500411,2236,34508,,
0x8092e6ada9f8f0c593e0f58917f4854ed6dcf8a3b705e7ebe1551ef882b0b4a5,1764500408,1764500411,2236,34508,,
0xa0584935a2a33a7192bfd35fb8a4bad9282c621089ea48dd52da2295dc472437,1764500408,1764500411,2236,34508,,
0x82c44c33ad8e54b833da9b3cd3e66330c35d6add7cd833c3ce80a26eb8eddca1,1764500408,1764500411,2236,34508,,
0xcdd75b4d184ce076113571fb9dd3f602f151dbc41c2242293788fa41e0d57460,1764500408,1764500411,2236,34508,,
0x07da63da42fde62209d4414d1a416fd6119dfca08f46a8055e63295ce43c222c,1764500408,1764500411,2236,34508,,
0x80d568a3123c5381c4178a3ca233c5395067ddc25c21ea76b0ab18f02c90fc90,1764500408,1764500411,2236,34508,,
0x7ee566f3847311ce07681fd20973e92117a913e060c44880a1ff412e2d358db0,1764500408,1764500411,2236,34508,,
0x15e18d73131aae6557fe2f1869a506812579636f5e20932f36ffb70bf8df0185,1764500408,1764500411,2236,34508,,
0x5d640504aed4d13706ae5c642565919823c332d0261018881ab16fa0433661b1,1764500408,1764500411,2236,34508,,
0x5665aee24c8980a2c00fe4acc95dd957f5045371be7ad549ee33794f0653ecd0,1764500409,1764500413,2237,34508,,
0x5ad98d655fab181371ffe3eab4f49fa6ae0d343877cd9c288ce05dd1ebac0abf,1764500409,1764500413,2237,34508,,
0xfec0e3782b541dfd0bc3e1eed952e8846becf454f3c4efc7bc9c6c8d25ae1167,1764500409,1764500413,2237,34496,,
0xc2591a50c66132e785d3dbc191fdaec63458be15c7cf5bed7e7a358e104a0cc1,1764500409,1764500413,2237,34508,,
0x28639e54c61731ccc09e171634b76b5b2c61d90a5e65a94ab4db5be08d4db9ba,1764500409,1764500413,2237,34508,,
0x26bfe8c47e59b46067d2d2e6c842d9c6a949bd6dca7d57528d2e8c2763ad525c,1764500409,1764500413,2237,34508,,
0x6211af15323e386106ed26e89dcab01adfacd3f9266e76579422ae9f0ba63ff3,1764500409,1764500413,2237,34508,,
0xa7f5b9ef03e01899e3d3e6a9794d1f67d6cda23fe3c26af9d0e1bc01e73a017c,1764500409,1764500413,2237,34508,,
0x1bf3c18a08602c53ba778c39ad74a9df60272b135010268b4f055b9274d4537a,1764500409,1764500413,2237,34508,,
0xc17850dbe0f11da6681bec32d6d7525a49579d86fd17c6f80b1f79d93d904f6b,1764500409,1764500413,2237,34508,,
0x7db0a15c4907a34dda8a5c976d173089a8b2c73197c0a0a60eedc8aa2eda18c5,1764500409,1764500413,2237,34508,,
0xaec712aa466acdb34619d109e45a46200fded6761aa21a20c53e538782c6092f,1764500409,1764500413,2237,34508,,
0xa4231ef3d9f952ed114a54f74b5aa31797e31f6d7b82d748351c12bebc49e1b0,1764500409,1764500413,2237,34508,,
0xb6bb0b40c869cf82b9728e73e83d84a2fa56644b4d6f00361eacf58464a3c750,1764500409,1764500413,2237,34508,,
0xbb0877430b8bad650487dabd0c1041fa9bf1bc0a6698c9a6784080e20d9d6002,1764500409,1764500413,2237,34508,,
0x040bd608aba28afb02492c737228d1431a098cd9ec11e0863fab676b48b323d9,1764500409,1764500413,2237,34508,,
0x1562d1f28a0ee3509d50be6db2e2e65525cf7277c4452bbe9ad4e76dfdbe5a5a,1764500409,1764500413,2237,34508,,
0xb7a2777634ce62989bc6bcc8d863d013f69e9cbb3ea4f959d675e3ceb0604ca4,1764500409,1764500413,2237,34508,,
0x01a0d6b0fbb4515ad995c428df12ceebded70b31ff18b5bcbf2ce79cd189fbe0,1764500409,1764500413,2237,34508,,
0x7e26b5cc6ec693f6af88f2af9bfc4a101ae460889261c89ff8bf5de8a4fff31d,1764500409,1764500413,2237,34508,,
0x9669b30e578141605fc4ac4c5ccb812e4acfa79f05ab863d000b38359a67b517,1764500409,1764500413,2237,34508,,
0x012e7b906f80fc880d688e4601a4cc249ed07134c96e6918ffa899254f57f94f,1764500409,1764500413,2237,34508,,
0xf5a352399e202864f4b9abf4c60009f29ea5e84e053594e93d7108d19bc463ec,1764500409,1764500413,2237,34508,,
0xc5fc3539892dbe67073ff107a5498c680c82ed5c8350faeb5b347dc49394e1b1,1764500409,1764500413,2237,34508,,
0x5234b42e0f0fdc5d98f97db03e03268b5bcad29e6210b9032d9127d3d7dc746f,1764500409,1764500413,2237,34508,,
0x6a75b9e0519b89f57261a53ada9aa8e74529c394a69c449afcda918f3f0c4a90,1764500409,1764500413,2237,34508,,
0x3db1d73e0579f26274daf91ba6672f6e9f08767a3c03a563c0784d6f8378226e,1764500409,1764500413,2237,34508,,
0xafa8de46b6395d94c383ce80962868125f11931655e4bf65472ac5febae9a69e,1764500409,1764500413,2237,34508,,
0x1f5b12ea937899124b0e958b055f956c090e2751a194c62258160b25cedebac4,1764500409,1764500413,2237,34508,,
0x29817703bff2ddd209e096830b40bdcba08e98649031215ba9e7d4ab7d95b3f4,1764500409,1764500413,2237,34508,,
0xfb5f73503e83ad9bcd8a835a9227719430ba7b4b0411150e90fa0568b828a21a,1764500410,1764500413,2237,34508,,
0x1269bec7bc804af30ea49ca35587180f9cad6f766aac4b7ae8a94bd38460aa0f,1764500410,1764500413,2237,34508,,
0xf718aeb1b6ed76e526123867c933a47f5c95d43b0625eb40ad4392d2bf3d440c,1764500410,1764500413,2237,34508,,
0x53c97de79070b714e293c14540e8471defdd9deacc1666407f3bc9bc7b808b26,1764500410,1764500413,2237,34508,,
0x1d0bfa5c73b445c57e549a09d78f727d35178c40baf2a086651eddb12d231f15,1764500410,1764500413,2237,34508,,
0xb80f5a3f8ec3fd154ff5676167bf4fdf6dbde42d1754de9ff5369fabb3db1e30,1764500410,1764500413,2237,34508,,
0xcfbb3bf3685f1a92e5b67709a090e9381130e9d210f301d9b1f8c1f251a5f521,1764500410,1764500413,2237,34508,,
0x538c2c971a22d09f3e4934aff1ed8a8d1548e0e70f400c4642380f239fbf93aa,1764500410,1764500413,2237,34508,,
0xd78cc1c2dae7c50ab0066035a177aaf597588f9b99ba42cb546afd537a8dbe99,1764500410,1764500413,2237,34508,,
0x99f001bfbed995ac0378a929511a00b34eff82a148388c28e15d98eb5d3a0f83,1764500410,1764500413,2237,34508,,
0xd14702e509882cef34ef48de2bb703487ce1dd7f4395ae1e83797a671a23253e,1764500410,1764500413,2237,34508,,
0xb38710872a5d5b7146099c33ef788c30c77fddbc56946ebd67a464a4d6c2f0f0,1764500410,1764500413,2237,34508,,
0x2a62ed18eab60f1f151cf550fe04cc37840d3fed5c12a2682359d346efa69003,1764500410,1764500413,2237,34508,,
0x0041b4fc8c4506dfcf6076bffc76d71eea3230e77a4ce96651681cb8028dcd9c,1764500410,1764500413,2237,34508,,
0x4fd214633f0fe41cec864f23f1240b52214577fbe9081a864858d922c942acc5,1764500410,1764500413,2237,34508,,
0xb632f4e0477efca614dc1710ee07df5d6c9e85548d28a8c843ad218b367d5ac2,1764500410,1764500413,2237,34508,,
0x3c715816a5c19d4193706bf12d138f0b65287a91062ff8cb1ffa2eeae588c2f5,1764500410,1764500413,2237,34508,,
0xd227072a119ab4c79738a09fe11226138ef1c29986ab33ff05beb730b2dfddd3,1764500410,1764500413,2237,34508,,
0x855783c585525a004e48f2fce4a2c7563c2b008ac040d2d122970a90ebd6da5c,1764500410,1764500413,2237,34508,,
0x78fdf1aecc43b92c0acd96a795be5502b8b7c98fe4d6f5d031de39b72765182e,1764500410,1764500413,2237,34508,,
0xd795fa9e716f411f27efb9946716ec4806e25cab6e76ec9e9155bf126c1b027b,1764500411,1764500415,2238,34508,,
0x09a581750aef21cfaf603175a097bc3037aa779700a6ce37a59fd6bb0aa6f93c,1764500411,1764500415,2238,34508,,
0x6fefe2005bd44f0f0edc6613fe0a10191c5f3158d5b8aa3947939bcaf08f5ce8,1764500411,1764500415,2238,34508,,
0x028ee10a5fa6deb42c0e4e069a64d887151db49f7ccbacf8b9439146073d0f56,1764500411,1764500415,2238,34496,,
0x00cc92253358d6554c62057850f26cc562e30e4e34edf49db4a6706df4e79647,1764500411,1764500415,2238,34508,,
0xf7c075e1486c3063029ffbee63a9701cef45346022ea592577ea1dfb8f8e0395,1764500411,1764500415,2238,34508,,
0xeb41827152257338c21d4f58b86ea0a9950f8d560c947276ec11ffc6131bdfca,1764500411,1764500415,2238,34508,,
0xc0bc5d698b275daf32e18d435e4d54b92eedc3c09ff5f30ee1c281fbbf567cd4,1764500411,1764500415,2238,34508,,
0x37ce70f3e0e50175881516e31867009d221800139ee9f2f5c0ca57d1867af9f7,1764500411,1764500415,2238,34508,,
0x8a2af14d0aac7caefd2c591214e590973f367e0d2019334e7fa571cf4ee749f8,1764500411,1764500415,2238,34508,,
0x21a5ab5bb17aeaf4201c7b963c9c2c0fabc900bff52fded70ffceebaeceef75d,1764500411,1764500415,2238,34508,,
0xcacfbb39615e5232e3765ab87ba72c60d9069db82d18e197151e7f8953319221,1764500411,1764500415,2238,34508,,
0x19724aa47081807aa4f538c4618b9bf85316baeda8ca45f0f0ca935a090b0d3f,1764500411,1764500415,2238,34508,,
0x1c4306ad298f410fa6d8ac2116a8b7ff8ea7934470fa8afbdd9d9b8dd27ab229,1764500411,1764500415,2238,34508,,
0x7c5dfc53808be43624e523490e407577186b65211f6b44e734ee3b4d2317904a,1764500411,1764500415,2238,34508,,
0x703cf051a2922565a4457540fbc298264ae1f03e24d00cff0d8ea2c2dd523e53,1764500411,1764500415,2238,34496,,
0xcbac87a411b16587a1f9b29e6013286abc5d3bccee10bf672c2541dff6f4f5a2,1764500411,1764500415,2238,34508,,
0x0d0258a87a599a2043f8b81466ec5acc532c6011df6766d7da707bf165a9cae5,1764500411,1764500415,2238,34508,,
0x65e1ac0ad9a8bafa864718fb217c1a7091c2506892d3200bfabd3ad8b126c324,1764500411,1764500415,2238,34472,,
0x40988add8ff3c795df15ca17da364057a9358744f5037f27e6b8ffa36f147100,1764500411,1764500415,2238,34508,,
0xb8b4b0d3468b3b634749454de34512c015aa5129abd832d8c239679ce7dc112a,1764500411,1764500415,2238,34508,,
0x8f2bb2f96ff81013ef6085633f568d61416a892a32f6b72c261ffa8df8abbc79,1764500411,1764500415,2238,34508,,
0x002ae03252c08fb22554dd4bbd8e20f44e9de385e2a11bccf07c09bb2ff22167,1764500411,1764500415,2238,34496,,
0x20e34f7e7b83ca2d4f77592822c4b2e8ba741c9b56715718902225f88b3434b4,1764500411,1764500415,2238,34508,,
0xc4622d45cccea05528aee572469f7338c8cc2c2c5feebab75ef9fabdd51949c7,1764500411,1764500415,2238,34508,,
0x9fc6f90eae39dba0624b0ab5335cb3b546db3e961763a53434b6220ba5fd395f,1764500411,1764500415,2238,34508,,
0x86d9d3aacf13f5624b6c9bbe2ae2f826bfd053b2484ebf0efdcb2dd69dd4889b,1764500411,1764500415,2238,34508,,
0x7b7064e01d64ce46dc7891d1a66eb8f104301aa129bdc564472031ee2d74d4fd,1764500411,1764500415,2238,34508,,
0xdbe53d405547cab7aefb9e7ca57fa3d66b51555cdcd381cd3502d02142e4e484,1764500411,1764500415,2238,34508,,
0x9bdc80cb0b6b230811a93aa79dce64677af97f7dee3568fce0af25e874c1e036,1764500412,1764500415,2238,34508,,
0xe346e6d8746d0b5aeacc6ee3e4c691514d381fce4d5f6b386809f8661f76de76,1764500412,1764500415,2238,34508,,
0xf3c9d250a62ad867d650b998ed9d1fcf74cbe5f13b505f176fc57ec68e143587,1764500412,1764500415,2238,34508,,
0xc74007e7f39f9168175d5e1816fff05cdad0573f7cfe2cc9ce2b995f5344d9e9,1764500412,1764500415,2238,34508,,
0x0a78048f152b2a45871000c3fb05cde2acd71a1f274de80cb9c2f7159a6e8a56,1764500412,1764500415,2238,34508,,
0x33786da01e6a2ef26de2ed2c3bd91c4cfdd159d52c87e00c6806263422a2ef3e,1764500412,1764500415,2238,34508,,
0x6197a4670c9a51aca6f314a20ce3467b24f0cd4561d911d181641ac8da3125ea,1764500412,1764500415,2238,34508,,
0x2a871b2743288e54897785bccc0ae4065be13adbb174c27c010911d7dacedbdc,1764500412,1764500415,2238,34508,,
0x80fb32e95da35c7a3c92e0b49f5e8bec1a07552712a13536f3df526959b890a3,1764500412,1764500415,2238,34508,,
0xeaeea42a47743a991f6362bef16378ff1ffb1ad76d8bc5f866513e8c70993fca,1764500412,1764500415,2238,34496,,
0x99acfcb8813e464bcb9ae14c6ff4affc4021404a3db62108e2a7ce2f54f47950,1764500412,1764500415,2238,34508,,
0x4d8e653fb2226bdba12688349bfb9c926142d2e1d247671f8a7083fc78f28f4c,1764500412,1764500415,2238,34508,,
0xaf10c9b2cc3f56e927fb716460b8dd3fd0d559e54320af160d0fe12221a2ed5b,1764500412,1764500415,2238,34508,,
0xb36c9cc7edc8cc7d1724423be1cf66d06401a41323560479f9005065a853d573,1764500412,1764500415,2238,34508,,
0xd53778e8d0376628059590148d6ba119dfa6f2facaaeeb2b8b46691c1a6d6b10,1764500412,1764500415,2238,34508,,
0x4f0ab0860129a69a2127da63410b1764d118af015a191603b1c54070d80c9926,1764500412,1764500415,2238,34508,,
0x6fa819fe07ae3de447f008bc197bdbb19ff8e5b5fbb28cec35128db57a462388,1764500412,1764500415,2238,34508,,
0x373c3f53b5be6b60327eb602dcfe536f1b471ee280e478c7bbb5ea9a0c596516,1764500412,1764500415,2238,34508,,
0x82adc0742a91d01f82a0903a3301defc68431d11ca3ea21603c5952eb013d4b1,1764500412,1764500415,2238,34508,,
0xae996508391ea5f4c61806d543ace1086ddbccead2756fdb1b6dc15b71aec09d,1764500412,1764500415,2238,34508,,
0x1e26f49055e5e4bb94331105e92578a5fae02660103c5d6dce8d5d19794a3ab3,1764500412,1764500415,2238,34508,,
0x00564673bdf4fd3954ee1e97f5bd91a2cda66aa0049fa80c255967aac8362d2b,1764500413,1764500417,2239,34508,,
0xb728e1824891b3a4914dc852b43d665d6119fac758c9ed8018f80fe687683512,1764500413,1764500417,2239,34508,,
0xef5adf52aec1e43ba33031640c5a2a0688ca14b2bad0b0c0319002d6da72c2a6,1764500413,1764500417,2239,34508,,
0x766807c59a4e7e1e7dd77186f98f0373587531b37f09f45ec69ae3614c60dfbf,1764500413,1764500417,2239,34508,,
0x8752b5b228b1db67747e6498180da3c25828813f423015960d9378659aced5fe,1764500413,1764500417,2239,34508,,
0x97b1a92b5963227e7fd23900cf8b2fc0ea4198409020c69ca773c7710087cef2,1764500413,1764500417,2239,34508,,
0xad7390d7c95460ef846050d63b487abc0f4b2a9cacdf7b9bdbc6acc51d0c1ef0,1764500413,1764500417,2239,34508,,
0x45571de663ba944a87bd01da1d0f5ca34ac94b011e2e00b9bd6e744c81899531,1764500413,1764500417,2239,34496,,
0x3a50f6a9e36096ab3f74b852bb3d7104645acb96439f73006f09df8126bb12d0,1764500413,1764500417,2239,34508,,
0x4b5f82d2f9a682a3e491f898b2ea0515b9103d9ebdb7e4d265a9e5461c18a3d3,1764500413,1764500417,2239,34508,,
0x2192412173b9a7dc46d738ee9fc16e7e1aeb9aedbf38ab6deaaeda582b7f2f29,1764500413,1764500417,2239,34508,,
0x22cfdec709b483cc2292d61cb2d2721736015dede1fb74fdf8bab2efc159c98a,1764500413,1764500417,2239,34508,,
0x75de631c17e83536c83945801e8ea5df1a4a04a3fadd9b266a86e792448abaa3,1764500413,1764500417,2239,34508,,
0x5fc47f5b556505134578581b16c3304dc5a4e1b30c8cf70d8aef729e8fbac881,1764500413,1764500417,2239,34508,,
0xbe258d6d385f8bf1d96e27e00ab4e6c47c4f9cb7885075af655566f941ab6aa8,1764500413,1764500417,2239,34508,,
0x1384d350435338287f5606121c78164788eb29ffcd6f88272a23d27e24afa4f4,1764500413,1764500417,2239,34508,,
0xef1e56b55bffd1c3c4cc90b17cfd4723c2ab26b5470fee36f0874948936bf61c,1764500413,1764500417,2239,34508,,
0xcde68bdbf0a4b7ba574c603d94ff8a8fc8fcb2bf4e0cbd1cd29c8dd870564228,1764500413,1764500417,2239,34508,,
0xc7693fc74bfdd599e5ac6c33ec44e826a12f65b40a1fe5353f112552df5a2426,1764500413,1764500417,2239,34508,,
0xc901a409ade83b348726bfd441dd512f1be88c1e47b275244eba3947fc4a4574,1764500413,1764500417,2239,34508,,
0x8a6cdab509b8da710f938ba210b244e4c9b240abe9573748c3cb8a62301fe2c6,1764500413,1764500417,2239,34496,,
0x6a83f0d525f595479f2b5140495804850c2cc43929219e1810dffd6d08987e09,1764500413,1764500417,2239,34508,,
0xa81d9d558a0b3f1dc2a0e7c3ad22a6b97b17d8faf135a89944ed2b3c54043af2,1764500413,1764500417,2239,34496,,
0x91996d066ee0a2e3c9ee174e6f7ac05d63976a49eb6f1969a08ef4a0386c44ee,1764500413,1764500417,2239,34508,,
0x6b8780592a634277a3ebd15e94afb045c3e24d9b4a79bf66c509a3f9d024c1a7,1764500413,1764500417,2239,34508,,
0x03db7ef6e7d849e5e3c718a9736cf15bbdb3deaf53f4bfe640179ecd8315c38f,1764500413,1764500417,2239,34508,,
0xcc180edd9e79ed244a69c2c1c5168d46fcaa4231572365a2ecd3bf82fed83900,1764500413,1764500417,2239,34508,,
0xf01e6669d6385d720340fca9fe2645eda9558f5cd4122770944b8e94a900e71f,1764500413,1764500417,2239,34508,,
0x9942eef666e06a7a612fdab333476e9e1eac840594bc13fd820b151dc40c7187,1764500414,1764500417,2239,34496,,
0xbef11cbcc490720df6077865af1bf03926aa19e68754d131dde577fb128ff43c,1764500414,1764500417,2239,34508,,
0xe95db47ba2ce87e618c7b41083c489294dfea0a047211e401fd2ce632498beb4,1764500414,1764500417,2239,34508,,
0xc21ccbe293fdbdde821db9a728bf81d27c07c2d430973c50976895d214b72203,1764500414,1764500417,2239,34508,,
0x3549e2814c8885f02d52bdae53a46728e10e4db6fd4d99b8a9fdc6faf114f0e3,1764500414,1764500417,2239,34508,,
0xa697ec6aefceaa31deefb7f07e69790abdcb93232788304576c3039c18588ea7,1764500414,1764500417,2239,34508,,
0x06bdd2e9bfc803e71c3316824f0b1c2239496f001542a4cb93812dc6e5e35c19,1764500414,1764500417,2239,34508,,
0x1207e4beccd8a1c1300b35bcce377759f33d35668ad86ffa95717f6e9594a678,1764500414,1764500417,2239,34508,,
0xdc1c599afe002d1b9e7fd9ef57d475e481715e6f0a3f12433d86f9a8a32b7ccf,1764500414,1764500417,2239,34508,,
0x80520349d17440cc0a2bb3caeb18a39c97ef75037ffe6e37f9e2ec96dc4f20bb,1764500414,1764500417,2239,34508,,
0xca80f4358b805b358ed7978f0069e696a1a3b2bb9f38c786eb5a07f6e0c17c25,1764500414,1764500417,2239,34508,,
0xc9e288eb3acf05216060d664b337a4e019083b0342f55f0fd42dcb09172e143b,1764500414,1764500417,2239,34508,,
0x4842be7e8c8bc6d1808d6bc0cc935065a509d442220cea2e79a56ac7d224bccf,1764500414,1764500417,2239,34508,,
0x151e2f82cf435c15b391f60403ec272ed208416f0011f16d69b6b183a3c6d8f5,1764500414,1764500417,2239,34508,,
0x3a06b9e53ab52dc7d4a035f6e2115e353dbd229ad1400af294ab9456aed2ed63,1764500414,1764500417,2239,34508,,
0x4e41b69f8d5a94ea202d13c802b2838e0cc87b667323824b088cdef2bc7e5da6,1764500414,1764500417,2239,34508,,
0x5be1220862886868585b81a1f33fccacdab068a2e93161e38a1153cdf88f7924,1764500414,1764500417,2239,34508,,
0x2394e26a542aaecb3560f1f521f6be66f0bb121f9eec3ac9b14ec6ce4440b8db,1764500414,1764500417,2239,34496,,
0xf731de2ebb4889325c23e2cc86d46a4b2530854eb9b081604bdebf8dc140e4b6,1764500414,1764500417,2239,34508,,
0x2b0b13c2b1f150cc33af1449b9af75c61ea72aa2db77a191d2ba1f621434f8a1,1764500414,1764500417,2239,34508,,
0x9e4f098eba4c3b186086654bd698e74af8594c2a5d383c0c5aceb6bc5278bf70,1764500414,1764500417,2239,34508,,
0x0b7cd029fa1da8fe15392f44f38c3da9edd8e7692fcda12cb8bbe97071918125,1764500414,1764500417,2239,34508,,
0xc7646112cf6319db1977144a5a9e4d2860e0ee7c263a26bf8ba123fa41de886f,1764500415,1764500419,2240,34508,,
0xd493e999f45908ea61f14f9c1dbc089eafde173829458b118ddb602acc7c0892,1764500415,1764500419,2240,34508,,
0xb41c4b7ab1929398153f762693f283b066997154f6c6bfad7fb93e4f041da788,1764500415,1764500419,2240,34508,,
0x27f74689e73d1b5221385566c39f3f05e99ff867d6276d586ccf3d5e37a490bc,1764500415,1764500419,2240,34508,,
0x7e18d41ab9dc3ad1240d9a5296a45db06579477ea0b9172b8028ef9560fcf68e,1764500415,1764500419,2240,34508,,
0x7a33f2f8dad52d387106453470e2344536970cda4090afeab8ee64221fdbc3dc,1764500415,1764500419,2240,34508,,
0xc48d49bcee22738ba505b0f7fca4877774ae8008d087b613360f8368e37eb791,1764500415,1764500419,2240,34508,,
0x24a8335cd77b8cf4641e9084ef53b3ec27106a296385631fe47cdf511ae3901e,1764500415,1764500419,2240,34508,,
0x2c1c9c57c95e23c71ea24bd30f44297f53d401d16316c800fe2c2a9bd39a9f37,1764500415,1764500419,2240,34496,,
0xbc1bcc1ab59c0a0ec1c8f2213d7abbc86ecdadcceae6a94a65f9405e26dfb8f6,1764500415,1764500419,2240,34508,,
0x9929e1b83ee05a882c8651bd233b2582ce1762973c2b4b148ebed1ba8a5d2695,1764500415,1764500419,2240,34508,,
0x657ff3573bef49cf4845558cfb7a7c280390d098b90fe511156d8f250b067416,1764500415,1764500419,2240,34508,,
0xc0c7035cc2edba53dab45331348c76776f57dc7553132f7e52c688efc609f6e0,1764500415,1764500419,2240,34508,,
0xd72d15b5200a62d26bdd23eb037b516c6b5b84406bed6b7615fd476f4b86835d,1764500415,1764500419,2240,34508,,
0x66d45ffc9c3e56252b56b0213c81bbe16d137fc290094e2d969ec0dae93d54cf,1764500415,1764500419,2240,34508,,
0x73960e4d86f5b024d3e2355f84950aec4b0055c3b3a411f434bcde7418c784cb,1764500415,1764500419,2240,34508,,
0x42190beb46dab559ab9f6a6e4ef9b0a63aad0ca44e7f972ca4ab28c6745d8bbe,1764500415,1764500419,2240,34508,,
0xc6bb8ca8d36a16a6131479c5113a066235382a1820ab525be3970b995f634558,1764500415,1764500419,2240,34508,,
0xf9e4481a024603142606587dfed4d415bf55f573435e881ac034dacb054c8b57,1764500415,1764500419,2240,34508,,
0xccbeb55f0599cf114acd158dbe44d7da2e6f30547e592087faf4141bf4c2c2e5,1764500415,1764500419,2240,34508,,
0xa1959daf25fbad275fe93b807b1b95317529ee27dff5e383a6969bf3af867769,1764500415,1764500419,2240,34508,,
0x6f3819429c82b8852dab00cf61f6e778267768f82deff45960730955e076aced,1764500415,1764500419,2240,34508,,
0x23976d838496f93c729bc302ae3010f9cd743261884bbdb8058e10490f726954,1764500415,1764500419,2240,34508,,
0x4dd2e3d9cba9408882dd14d7309cbb6d1422f6705371fc277d59a7aa9d792c52,1764500415,1764500419,2240,34508,,
0xc0d2a964b852baebf61db646c08d3cbdb30ce85d8fbf03e6dd8b37fc3f39332b,1764500415,1764500419,2240,34508,,
0x1987997cfd00ff23e7fade1b38c2ccbb85ea25e1c4dda2cb4e824bdd92b21407,1764500415,1764500419,2240,34508,,
0x630e23e49352e09f221941db5bf58d6d3e5715a020a0a521bed5674f9c310f2e,1764500415,1764500419,2240,34508,,
0x81443b2e8a77fff42d4debf29747e6ff42aa7d0689d72f22abd18bd6cb382d66,1764500416,1764500419,2240,34508,,
0xa51c183065e2a315ef8fd38592a27bc79a933999aa6b49f1f857f86ab99dc98e,1764500416,1764500419,2240,34508,,
0xbeae51d8ce4f6cba9c5d698024480db249ee772dfbc8879081d5d64677707fb6,1764500416,1764500419,2240,34508,,
0x6a74fea80717d24bbf4b0288b828954ba379b61df74515f86acd9b668da024ab,1764500416,1764500419,2240,34508,,
0xe17c3f987db2a30b6780b2e400bc0fd41e216df4a5f38dacecd5e2e78a9cece6,1764500416,1764500419,2240,34508,,
0xb5ee8c75760f94354a42e75bb70da6f1b8bf5672d126a81186a4adf6b2ec0c8f,1764500416,1764500419,2240,34508,,
0x02171fb2cd4ba27098b7fdd19968294e8b864ff6f0c472f27d851e0dbed0821d,1764500416,1764500419,2240,34508,,
0xe4eaf75b9e4b8e3cd9e94dd2f382b1b85b3b1100d7a6795c604d6f6834581c43,1764500416,1764500419,2240,34508,,
0x8bb73f5e88ae3446c2cd94a5470afe2ddbf8e3302f601da21e6477b771383e1f,1764500416,1764500419,2240,34508,,
0xd84263d6ef4dd213d5d4ac19e8a19b746d42a79a9dbac3d92c6d15596c893837,1764500416,1764500419,2240,34508,,
0x9ee6ea3a82dbaddda17240d91ba515602584eab9b9bf965efec8225a82aa3c5b,1764500416,1764500419,2240,34508,,
0xe80f0566002fe5f54694f4c7b7f6b9b988610516716408ea0777c64037c679ad,1764500416,1764500419,2240,34508,,
0xffb43a315b30380132d905f7ee8c8d552f2e5d96a79ebf00964858987ac9396a,1764500416,1764500419,2240,34508,,
0xa89dbbee62acf0dc26b72b622c0168d2762963c8bb7275d04558d743694a05cc,1764500416,1764500419,2240,34508,,
0x10367135807c181477476131fd19239fa438aaba8a7967d1e28e018991a28527,1764500416,1764500419,2240,34508,,
0x0008b42ccba2e57b70d7ce8bd9c3e4f83bd4e17d6c4d38c8b5e824223a28023a,1764500416,1764500419,2240,34496,,
0xc2ee85bcdf5e652d0200f6eaa3c55c7aee7c9727d9f2c79a83536280ab17dd05,1764500416,1764500419,2240,34508,,
0xc1e124d2a3e828ecaae46f3886019637af487f307a61fa4aa81f4bfade869a71,1764500416,1764500419,2240,34508,,
0x70ff272b721533fb91491babc0a681943e0277a50533f0887f1881c6e765d2c3,1764500416,1764500419,2240,34508,,
0xf6adb2fecefc5c801ff04b6fb618c99684565c4a701d6b2348f1dd3fee9a6502,1764500416,1764500419,2240,34508,,
0x57da891a91506476d8ca93d06e3c2bc93a88353280769c4a5b29759342ce7ebb,1764500416,1764500419,2240,34508,,
0x87d6673fcf8ac526a312d98a7876a4879662b31dab42053b7d143b5936e5b1a7,1764500416,1764500419,2240,34508,,
0xfdf16fead7bf5cfde138189b64d8182062b27ce9153cd347b1205a178f0dbcca,1764500416,1764500419,2240,34508,,
0xfa120eec1f252e5efb1b4917d874890066743a8b489797fd0853118b1e499a67,1764500417,1764500421,2241,34508,,
0x019d4815ab0773f4c790d7f8f137edda63d50182034ef9dfc8f258e95b1dfe97,1764500417,1764500421,2241,34508,,
0x5b0868504877eb1a82b6b83983387ffc67c929f9be599cef8c0475fd040923e2,1764500417,1764500421,2241,34508,,
0xfbd779100eba0a214e1fb3356cfe6d930fe2ef4743c5489215381c64c3e4f755,1764500417,1764500421,2241,34508,,
0xf931e01cfa1139c55a676c63db7d9a7c052747484223e8d59940de91d87eb911,1764500417,1764500421,2241,34508,,
0x9b7b39c0097a57f43fc5eedd53e5311e24d60477708ee6317a15a3c0eb7ed690,1764500417,1764500421,2241,34508,,
0x96ca48dc75e4fe6c058ae62c4b13195b071442065051543de1e8c2aadee2747c,1764500417,1764500421,2241,34508,,
0x31ffec464d9dcb59440c69588b32f1b28b3f5cca7759dd8f0825504051537773,1764500417,1764500421,2241,34508,,
0x582ce678f4f5556a95be5ca300a6e00db68effd2d52076c0cc5bce1358420c16,1764500417,1764500421,2241,34508,,
0xef79a0d36f7d5981621244e9b603671402edf8650d7d397af89716bce25935cb,1764500417,1764500421,2241,34508,,
0xe91a65c7271c0c74b1b4763537a48f645d309dd72c5a0f1d60a45d30c3ae0366,1764500417,1764500421,2241,34508,,
0x12ec8a7dafadfe1e7daad627e9aba84c5edd8fd3424266be1ccff1dd4936f683,1764500417,1764500421,2241,34508,,
0x1ddf2e887c6b5d5eee1335188a74039a2f8c71ab53e8cf226f7840727c5cc436,1764500417,1764500421,2241,34508,,
0x85c02c4327027c4f5b1ffe29f953936d5edfb2700487db696ca7d7cfdb567777,1764500417,1764500421,2241,34508,,
0x1d762a6f58443170980d9f52b234c4a8075ffc10140a299f1fd28a002182df18,1764500417,1764500421,2241,34496,,
0x8123aae46a0e1cf0e91a059e848bd2d07450c4c5d97319b2ebb101e9b46ed745,1764500417,1764500421,2241,34508,,
0x92a1ef1cace43753198357c2eb11aa671c7d0f8c4bc4a5cd7b52c46a572375a9,1764500417,1764500421,2241,34508,,
0x7154a054ebbb832d029e4a7c7f7ebc1df9dd2d31903e7b1b6c6dce6e84c9f302,1764500417,1764500421,2241,34508,,
0xb09ef5a4deb8d4278479274dcde4a4875baaeaa0679309ad92df86fd283dc094,1764500417,1764500421,2241,34508,,
0x480c8cfc2282060d5af9317582bba252c7b351fafbdf2439ab69b8c84ccf0a8d,1764500417,1764500421,2241,34508,,
0xfd6023b1bcd842f6ad1cc14388d681a7ef86fcf8f763d3e703833ac0ef9ce9e3,1764500417,1764500421,2241,34508,,
0x13b1cacbb06ec1497f79b7ce35731f98145a73d715581069249b2383cb1cd0d2,1764500417,1764500421,2241,34508,,
0x189b642d882bb300b037ab65e26266bdee9d1c6f696c8577fe3a8c5a79bced1a,1764500417,1764500421,2241,34508,,
0x924df5ea2b4d9bb74f2679711a09b209d87beb5b3ef1940a6bf358dc04ca12bb,1764500417,1764500421,2241,34508,,
0x8b6c4fcf7b5eeaf2516c4f46d46843d0cb65951ff283831f0c810cf4561199ee,1764500417,1764500421,2241,34508,,
0x643dbf79d0a4374f7d8b2efcb7dffa1cdd959c19cede6617e27850833ed6c495,1764500417,1764500421,2241,34508,,
0xe4a63bff07fcc25b9bb27bf6f731bb0007805a3152d500adacc2f493cc120578,1764500418,1764500421,2241,34508,,
0x6426ccf9c1913a7011e56156498c2ee1a615ba32d1385e38252eb9a986db3ed6,1764500418,1764500421,2241,34508,,
0x4a247afbb67b8eb11f5a2a7e18c3fb2a74b7c5d7feb46fa7228cf088fb455a80,1764500418,1764500421,2241,34508,,
0x87afe9b60ca3f4524162167b4d40f6867b45cba61482c03c0337afaa744c0e1a,1764500418,1764500421,2241,34508,,
0x820cb6bb49d6702009c74d51d835635d536eca91658075985d854bbe6e7cf250,1764500418,1764500421,2241,34508,,
0xf857e7a8f74383fa5b18362e54a62f594beae04d663f8336b70e0c140a76c67b,1764500418,1764500421,2241,34496,,
0x1f580a360aea1371f14c259e3a50beb1c36ec14d41b9119657eaf729d594896c,1764500418,1764500421,2241,34508,,
0x8f88ebccfe2cfb01ab67b9ac21d8d7351decfdc5f0b8ec4a543d049566d0a6a6,1764500418,1764500421,2241,34508,,
0xc76f268679a23e2163538e651381b5f613bba01c593e75dc8f184def1bf21a44,1764500418,1764500421,2241,34508,,
0x21be0f8c1e5193246ffb94aaebba60a2afe97bb84f14c666c516955ed180dc0d,1764500418,1764500421,2241,34508,,
0xe3b363760d537aea95063e52f2362716bfed6556ebb54990694b9ae8a99a5cfd,1764500418,1764500421,2241,34508,,
0xd41eed7d5cc8e2880ff476475c5ccf5031fbf00ab10fcb53406915bfb1433d6e,1764500418,1764500421,2241,34508,,
0x34368820de68db98c4c20dc93f19d98b50248317278d3a81525a9aaf53cd5d4f,1764500418,1764500421,2241,34508,,
0x0c7769fa6c7eb7aff0e554e5836a55665d1e3c168a1222351259bab84691505b,1764500418,1764500421,2241,34508,,
0x711856dc9e4f350ccfe6cb267042224822f8b44ee6105865b8dff1f5473eb58a,1764500418,1764500421,2241,34496,,
0xc0af4bf3a4f24830c03021ae410234d000a268965479e2581ae0b1f289a0f8fe,1764500418,1764500421,2241,34508,,
0xdc2ffb2c153a1c3910a428dc1ec8782acd8da4e828be709abeacaad8bcb4a674,1764500418,1764500421,2241,34508,,
0xdd874beee3afaf4d8166a5be8ea7bf6fe153ec88fda20b53d8877cee5b3f04a5,1764500418,1764500421,2241,34508,,
0x2b3aacee073f4f17a131e6412ff100c3da69f1975f18d60bd711dbc5a5cf6d0f,1764500418,1764500421,2241,34508,,
0x837d1e335e7473264b0bb9a3a86e9bb6627c4011dfe5306f02f7edbeb5b12316,1764500418,1764500421,2241,34508,,
0xaf20141fb6bcd2e7e60c15b92a76a0a8fd70a9b394f0f4ea22e5a8668135f307,1764500418,1764500421,2241,34508,,
0x1d9238ff18f390be544615c70857468d4eeee3c460978af71a35b3c22762cd68,1764500418,1764500421,2241,34508,,
0x744e009b920dc7ba77a519aaa63868c7e24da6a3cdc6c563bad851ba97065c97,1764500418,1764500421,2241,34508,,
0x90693783347bafb0418de11fadfc70d1487b5361fa79cea85b4fa4ad6304bdf7,1764500418,1764500421,2241,34508,,
0xadb826ee03b3d8235b4f24e237eb60742ca099e5fc1b8427878a653eef618685,1764500419,1764500423,2242,51608,,
0x62649294575b935eba1b5e1543d2ef59222b70e0474b8179604965d594b7152b,1764500419,1764500423,2242,51608,,
0xebbb9b06811b1ab4279f2bde8e5cf6def9c07436382762db679a8bd8a2eb5c94,1764500419,1764500423,2242,51596,,
0x1ec5204ce742901af83d8dcc5d6d5cd34f2ad01b43c6904592c5166579cc6781,1764500419,1764500423,2242,51608,,
0x26a577dbdcbaf22c454f7d58ceddf25908f51151f807265e085adfeaa24e980b,1764500419,1764500423,2242,51608,,
0x6a82757fe8dfda095d38646725233858b9ab71a5566a627cbf0c6eb04f13af04,1764500419,1764500423,2242,51608,,
0x59f4b1368efb1d65eb5ea16a481047d0c7298cf86fb31ad87e3d2b552485d131,1764500419,1764500423,2242,51608,,
0x1f254d749107c9326a7c3b9a3f1a5fab110d583cf7157387b7bbe586c63ce791,1764500419,1764500423,2242,51608,,
0x9622fb2fb249fc43cc6c6234156baea980195d58a914764c16f909d396469b52,1764500419,1764500423,2242,51608,,
0xe5000f4bee8a65901322b69c38fc0395560687283c98213013f5996184938743,1764500419,1764500423,2242,51608,,
0x5babde6b396304ea69c7fe6388286d20d916ee39f123084f42ea9269e1038228,1764500419,1764500423,2242,51608,,
0x415c918285c2fa77f9cd1b8c435c403e81997a6d965163543519992b185c6154,1764500419,1764500423,2242,51608,,
0x5853d1c3153f5edbf29a602a3756c57d4650573fd9cf754a1d3d37f14eaa3556,1764500419,1764500423,2242,51608,,
0x2a5c7422cb25a844c18bcd1a427d712af9c3afb921c18132b2112ef7e5817bc1,1764500419,1764500423,2242,51608,,
0xef5933bd4666dccc75e8325bf392f3b4880d84da0e721f4933f2a5d34a631bf1,1764500419,1764500423,2242,51596,,
0x5f0c333da71ad1e78cee78b2a33f077dd7b9b6c9bc4806783d22e4af27f9135f,1764500419,1764500423,2242,51608,,
0x934c1dfd3c7199926949432d2d0d524c3a59974adf35a5cff034e46d673aa045,1764500419,1764500423,2242,51608,,
0x647b9805c769c9142d8691fbf23fc8e2499529874ece9051d65e6b05ef087b14,1764500419,1764500423,2242,51608,,
0xfa8a302aa91f5460d0ac2263dab09d58c437544a58dbf8517424fcfb378d428c,1764500419,1764500423,2242,51608,,
0x29ab740aeb95faad9d6ace6145e18c33e7c402f91cb6bca42815cac705421628,1764500419,1764500423,2242,51608,,
0x1babccd3513de11f6f8453d4ce1472f4c3c0ca0019fbf7e646c20be733b74840,1764500419,1764500423,2242,51608,,
0x56860cd17063ae8e4b850c42bbb70ec4fa226b4ecee4b9010771a24c5ee98b13,1764500419,1764500423,2242,51608,,
0xaabd4b07c4a311b4d3cf145c8aeb8509153f0180a06af3cf05ce511474c40278,1764500419,1764500423,2242,51608,,
0x768d7b0cffd36e10cbb61489e7baefbddabc71ef1ec2d162950494636e864110,1764500419,1764500423,2242,51608,,
0xac81a2066d97dcc55bb776788f4546568730915da012bd037ced8e5755238e33,1764500419,1764500423,2242,51608,,
0xf5fa2b7db75b7ff7f6ed3242797fe358958338c0f4e9f216a66991c831925e46,1764500419,1764500423,2242,51608,,
0x82e6a3dbbb137055a0b6df1d111afeb924728ff79d6668b16fb9cc8a375e68d5,1764500420,1764500423,2242,51608,,
0xf19e62ee1bbedf3097cf32224e8f01c0b35e8c2d9c8c9b3cff369f0d1abc41ea,1764500420,1764500423,2242,51608,,
0x56c35cf8b5b7bd3c24c95708611408477f0e60825d36f5b8dce33a27dee6b58c,1764500420,1764500423,2242,51608,,
0x5902a4e6254e01bc5c9c2482fd21356edc6ba0922ade3840e8d1c9285a2e0b53,1764500420,1764500423,2242,51608,,
0xe01854104a2f620d064c774417466776d070d31a83b181531b809a446a1096ae,1764500420,1764500423,2242,51608,,
0xf9ac03032f7db300eaa450ff2e21fdfcf5ab4440962e76a1aea6cd8fac810453,1764500420,1764500423,2242,51608,,
0x2d42030f24e801882d37f2e4be72278b9d7e07e024d73d388aa4dc6bfb42ca2c,1764500420,1764500423,2242,51608,,
0x4aa3fe9353e0d7ffef63bfc32c698cc4450e3d0514212aba139b403424b2d040,1764500420,1764500423,2242,51608,,
0x256c4b0fdc20e8b80db78a45df497df0d36b5b5615333cbe1efb37806f5ba9b0,1764500420,1764500423,2242,51608,,
0x6648d2db5b7ed3edb81d756712c2d09126291278d1e788643d897160c1a781e4,1764500420,1764500423,2242,51608,,
0xd1ae93beb491795c7c0d8370fec025e0fa06e04a975ad6aad096679b9d312dad,1764500420,1764500423,2242,51596,,
0x52db46f882a05392eb0d8c96f7ab1801a4f326bd3123ed258c6b7426d0108540,1764500420,1764500423,2242,51608,,
0xa251c69df47b91739b775e00a946c9d9706981f2cf1574a37fbc1f678ecfe4a0,1764500420,1764500423,2242,51596,,
0xd18a7a79d7b911c5e6ca8be83ec8da8256d7dc29f8f67c00f64b9ce2d69a11b0,1764500420,1764500423,2242,51608,,
0x6b9e455c8383a1d61c769600c50a5b772d92d07e2ad5ca72eccc5445c336f653,1764500420,1764500423,2242,51608,,
0xb94c44d1f7d92e5686ede069e7dec810f99e616ca691d512cf66da8104b8d5ba,1764500420,1764500423,2242,51608,,
0x5d3b69401c91b569b602ad0b881be865a6cce8d918b3c9fdaf6b090ca3baff29,1764500420,1764500423,2242,51608,,
0xe95739431d03a7b28aab0fba2758a7eda7001932e552ebcfd31cbd3075e4bad3,1764500420,1764500423,2242,51608,,
0x8e1f723ec417b14c1b0099831aef03b86a392ed5345eb7e9eb61086a740acd19,1764500420,1764500423,2242,51596,,
0x437a07ce5f04e9178a60a731b8c9b09a687562e2b548d25ac70f0ba1e49f3d0e,1764500420,1764500423,2242,51608,,
0xe80114fa0ba0b8bd8ad1459c75846126d29d6d7ecce2a4d3f6b65f88df6fe5bf,1764500420,1764500423,2242,51608,,
0x317d498b3f77f56cf215fbda37f77b7ac201c4a4e06129464d8e2814f2c7bdb2,1764500420,1764500423,2242,51608,,
0x3d0b0d8b3cf94fe54b5f6612f611982751783299f6e3ddd4db43f4eb65df185a,1764500420,1764500423,2242,51608,,
0x16a600094511ae9dbb54d655b102c5187501574ef4a5c02ed54218da3047b823,1764500420,1764500423,2242,51608,,
0xeb81d75d57aa2519b5d67a7d06f0b5526e890b17e35281b2bf8a19b78762c988,1764500421,1764500425,2243,51608,,
0xdf2ba9a539ffc90363c07aa2cd073d0f1bb5025a7cdbb130a85bf0380c105592,1764500421,1764500425,2243,51608,,
0xaef4623d4b01ad9dcf40b46ad34caf16609a61603c7c4068936dabc63c92fcb7,1764500421,1764500425,2243,51608,,
0x22f30b623bfb9d62a505a40540c94c5d84b457adf54b2d05d9745d9e21c8eb10,1764500421,1764500425,2243,51608,,
0xa771486c678f520a4c21f91c4e4c9504c71a49606efdcf8b4d6bf77f3758289a,1764500421,1764500425,2243,51608,,
0x7ba1bae89227ac203a9e707fbce6db55e561ce240cd193280888f22fdbe6ba09,1764500421,1764500425,2243,51608,,
0xbef06fe6cb62e8f71a8e23ea229663d181958fb496b335c7cab3ffc77a3dc2db,1764500421,1764500425,2243,51608,,
0x8666e1a6a7a6cfceb82f3191477487c59b5fa5606e7e98ce76b2ed78f610d463,1764500421,1764500425,2243,51608,,
0x850afa8d844fc75e96ad20292a6d16b1bce19d55d06b7bff393d83bcfba55211,1764500421,1764500425,2243,51596,,
0x3f1f9cbd0629cdd4ed68e3459a4b3ff55548e890bfc1d8cf84fedd2a41e7f495,1764500421,1764500425,2243,51608,,
0x9172f08948a7812b1a130462f82b9a11b2684e8294fedd2b1f0e7c37a27df27a,1764500421,1764500425,2243,51608,,
0x0579be6ebd2b53b896deab5d0b17343a83f60dee30b920430caecf68c5947f2f,1764500421,1764500425,2243,51608,,
0xf42f4e94d1d79080edc256148220f71a05e3b48985e5c74a1bdb23208491addd,1764500421,1764500425,2243,51608,,
0xd389f0aa562123b0f33fbdd915487b988ffa0d157838dc8fa5d16176cd5812fa,1764500421,1764500425,2243,51608,,
0xb1cc1e53836b13a5b822d222531f9239b8f4b6ad622b92547b7b9cb59ec507ab,1764500421,1764500425,2243,51608,,
0xb40e009e8ba7d8d4c575beeefaf4a3100d606bd6a1139f32d4824824905cf33a,1764500421,1764500425,2243,51608,,
0x8dff8d44fbdc6a4b850f45c4ae39568e480d2ddb9ec57acadb7c956719c82748,1764500421,1764500425,2243,51608,,
0x3d66b45d97b93ef4e1fedecfee98c84679f9679385de15ee8cf5e5ccfa555b4a,1764500421,1764500425,2243,51608,,
0xb2ce98210db2f6894ee893c036e094e723bf6c84f90a61715c26a46fca802092,1764500421,1764500425,2243,51608,,
0x9cf4165cce1e1576974cad33ef6b5d54a63a529ee98c3ce8606976ca97d43e61,1764500421,1764500425,2243,51596,,
0x158252b993dfbccb271acf55807b6f2cdc974a686a5a0684b5cc24c5359503b3,1764500421,1764500425,2243,51608,,
0x463375efb6dc4e5b443068b7c7ad273f4ca617540ff0c02afe6785b5864c75c4,1764500421,1764500425,2243,51608,,
0xae4382d8020cdc727529c7b8502f62f3357e25001ded2df03450bf0f042522ce,1764500421,1764500425,2243,51608,,
0xab41edc4543224ebb3a229a1173d35e7b432c4ee4cbc7e7d8587cf0853e4d148,1764500421,1764500425,2243,51608,,
0x8cb5d8c68336c5735e12f337cab8e94dbeb9ac5afc58f76538caf9d70475e9f4,1764500421,1764500425,2243,51608,,
0x5773b7fcc94951bc4d7ede49e19f62631c46ee2ab0c2dc05ced8574b0593ab32,1764500422,1764500425,2243,51608,,
0x022f14e736708f2790f1f4b38f9408a82d482738849b597392f6bd8e362ef1b2,1764500422,1764500425,2243,51608,,
0x75fc99fc80cc9207aadb50ff21793a5ca00d9c7dbc6d6b36dcbcabaed6242c80,1764500422,1764500425,2243,51608,,
0x1a03d27456d537b4782ab36314c4ce4f101f20b47f4e57c9892f8c70b7dd8351,1764500422,1764500425,2243,51608,,
0xce2ed1419bffb74cedc9e55b2fb2a86d097770f30ed0378c14ed20b2d8ae02a5,1764500422,1764500425,2243,51608,,
0xe2d1e31471fb4543ec23767a667dc16311641a677813826c4a16920439243c95,1764500422,1764500425,2243,51608,,
0xc55a7e27ca1b86baaad2a88aae102c527afbab62ce131195ba4f5245104d689a,1764500422,1764500425,2243,51608,,
0xa46db62c005587f42c8fd73e5aefb85e563a51e584e18cb8ed1cc78df62f83ad,1764500422,1764500425,2243,51608,,
0xaacedd61d88d55a691e476c5c2984726e5a8b17b4b3ec3612ffd694e0d10fe52,1764500422,1764500425,2243,51608,,
0x6dcc0bd61e23d386e17b33299992d12cf37accaa4d76e2549657f488858db9ac,1764500422,1764500425,2243,51608,,
0x6ca7ba50d7d083b35f05512e38ad9cbb2a8b1472844036670694417a27187d43,1764500422,1764500425,2243,51608,,
0x18dcd84b600ca782a3208987f918f192d3a48d144c0e568581e116c18ce65e6a,1764500422,1764500425,2243,51608,,
0xd5686ed59fd6f1cc0393e7c1f25962edbf22732ad11a2ab670b1ad4d365aa312,1764500422,1764500425,2243,51608,,
0xe31d89b43d308e461c9aa1a35a705e2ceee22d923e022494a7167b14f4742a4d,1764500422,1764500425,2243,51608,,
0x802c9274475cbcbe3727f2a8e6eddc1ab1dc6f8833d896e11ec29f97190a2729,1764500422,1764500425,2243,51608,,
0xa86ba462dd666d1c3768526ed8284089ea92acc357f33dcaf10714bd8fd759f6,1764500422,1764500425,2243,51608,,
0xc276a884d808c152e67a9e1c1b4c7bbbd5ec8744090bd2a62ad113679fbefb1b,1764500422,1764500425,2243,51608,,
0x8a440b113c61d126a63db7af85c680acfb0e655730a4dd7a0efdcbe5fc039af4,1764500422,1764500425,2243,51608,,
0x74686639dc06a511bd1e958a8924ca8c1dea4ec61ced69cc81fb601f5d224713,1764500422,1764500425,2243,51596,,
0x5cb6074867184f809c138f01e5a5c595e415126ce9443fe061b1093ce698628b,1764500422,1764500425,2243,51608,,
0x8a4f279dd9839be9713240e9c0ca07fdb341bd8ad866d0833b70f12889fb4e18,1764500422,1764500425,2243,51608,,
0x816a81da6c1bae9da001570ca7a7fb95c8ab6bed36633ca1af99578abc2a62a7,1764500422,1764500425,2243,51608,,
0x083a2a4c874780561660c698299c73a2983cbecc0404011c92efca2ee124f550,1764500422,1764500425,2243,51608,,
0x3f85435dcf511dbf94ec78c97582d1eb43422c3c8948785669b55d32463d84cf,1764500422,1764500425,2243,51608,,
0xb06f0f9b91a5d4a2cd1ca19e6b54832031f3d81a476f30c4a57c1b79fa00222b,1764500422,1764500425,2243,51608,,
0x796abe3a7195f3f1a876f70e7450c53d6ab20cbba73277ebaacc6047a9c21057,1764500423,1764500427,2244,51608,,
0x0f9af9d510d12908f4d257a5f0285a4989276082648bb22a740fc5bccdde5e6b,1764500423,1764500427,2244,51608,,
0x17b38f52d1be4a906bfe9052753ce79ddc7089a81e105e485f1713d801f255fc,1764500423,1764500427,2244,51608,,
0xc6157c550770ea556238c442cea09a8b6cb97474b3ce7e9b099c7fa6edc63493,1764500423,1764500427,2244,51608,,
0x1e92794152c2aea74649d5fde21bd1e11849d772aa2462ce5928b28435c89766,1764500423,1764500427,2244,51608,,
0xa286729c26bcf8561774b3d341dd9daa97b930e1277c8deafad6f7296b246d2d,1764500423,1764500427,2244,51608,,
0x0c4a39efca0588b905abad0440b909eb350fcb547c15235d9cf2f81d7d9b40c7,1764500423,1764500427,2244,51608,,
0x6f7747bd7be036adcf86f366fda626296c7a2ae08e6e69943be47c709f281af2,1764500423,1764500427,2244,51608,,
0x97470f6b216fafc710873875e027ba540780ab25a7083064f1f6d8ab5d52c1b1,1764500423,1764500427,2244,51608,,
0xe6e27dc6f0343ef68f4ef7fef973cf217ea9615bf27bca1f417c76d0905dedae,1764500423,1764500427,2244,51608,,
0xf2474cf4da1b42d81a57245108613a16a7f844357ce4b21d494cbdd950594408,1764500423,1764500427,2244,51596,,
0x88d89d4b57e2fc3092770432dc9921414e0f165cffe335ef2d652108933f3999,1764500423,1764500427,2244,51608,,
0xea099bdb1b1c7b4df565561b702b0a14939481e58eae33d9c4c82586e93b36ff,1764500423,1764500427,2244,51608,,
0xb7dc70989c4fb95437f3a3888a791eac3a918805ece0d5814ac9067934f50f5d,1764500423,1764500427,2244,51596,,
0x2206538755a78dde4b24999180b19ddc25c8069d3ef416d8d886eb20e5f06b6c,1764500423,1764500427,2244,51608,,
0xc0ca2e0ebbfe17c61117a96f918d40a160aa5f32c32dfb8a4b482a306ec568db,1764500423,1764500427,2244,51608,,
0x0302a7f4b577e3a11ff448473aa364f8c3ed44954ee13d7439328e59240346f6,1764500423,1764500427,2244,51608,,
0x3677c3b6617fa2ef7a8fa8347613c06da44c792bac49487a57740584142c5aba,1764500423,1764500427,2244,51608,,
0xa4d759fbbacc88045fc502f58546c921311fc1b3555900f9306cb67bdc508de0,1764500423,1764500427,2244,51596,,
0xdfc00c6ff0bf90df1eced65a724ffc9ba75918046389020777592e1574be7cea,1764500423,1764500427,2244,51608,,
0x028377c2cc598615a3fb0332c06dcdda6465fd0746af04657cd33b4ed8907cd1,1764500423,1764500427,2244,51608,,
0x73e501b6d1da63c134ebde69b5b8a9f7a6a3fdd47f32f1e2a66b20404ce35f6d,1764500423,1764500427,2244,51608,,
0x22e5b6c76edaf42de5342f3b6bf2b0a258efffd8c188fa852f2728870776c525,1764500423,1764500427,2244,51608,,
0x4e488761e3f8b75dff23c7cef91d5b4e3a627382e8e7e25c87451a93ddfa602b,1764500423,1764500427,2244,51608,,
0xc3f51e850c4b43f538edc44e65451629d42189f50b3150e8799b498a9ebe344e,1764500424,1764500427,2244,51608,,
0xe3e10a8658434f1ac2b8c36e16974bc8940bb63a46c0bdb500a78818258ed528,1764500424,1764500427,2244,51608,,
0x5a57f73b66dcffa3c67dab11b99282e825e5186054c9957a3102ea4be702d99a,1764500424,1764500427,2244,51608,,
0x9679db7e9d9868f9b339972fb6737af1c56c71918af201d8eb6ca2a0aad540fe,1764500424,1764500427,2244,51608,,
0xb493b0e9248e71a4e7f159811d2ebb1c4eedb4d24ecbc4bc840aec0681d63b42,1764500424,1764500427,2244,51608,,
0x878cf47041d57fdaa0c2b042eaafc2ef64c8d8f2f2f28ffb56b36a47b46652d8,1764500424,1764500427,2244,51608,,
0x0f41b12b9b3ab13b6380098ff1059a1b41bf795072c46591352b6867045df3cf,1764500424,1764500427,2244,51608,,
0xdbbddb2fa57c950027c8b138aa23ade2c6ac37c8977604a5b14db0bfca1054bb,1764500424,1764500427,2244,51608,,
0x49b83902c72e7898bd80fd5e12f5ddb568966fe8b38e80a9e18678d165b2a619,1764500424,1764500427,2244,51608,,
0x2c030248e7824304a22dc3d68b9fdc145672fb3e91937a1605dad510f1c3e40a,1764500424,1764500427,2244,51608,,
0x6b2baefb60c14e5c6d296da9a6ed1354de3b2b08d4e67ac8f567f12d138501c4,1764500424,1764500427,2244,51608,,
0x0640077d0ad8f2f2137246f057987e5a602c73c90cbe27189425c6fb77917213,1764500424,1764500427,2244,51596,,
0xd4908446e90d7a900b7d894583910e9c528a6a32b688314df2e029fcf875057a,1764500424,1764500427,2244,51608,,
0xda81f0e75315eda297e44e7e54428f5b5d7927df4060fbaf1e4b11baae197efb,1764500424,1764500427,2244,51608,,
0x58e664cdeb12f4b67ff9027133637f4a958b47ab3f24f85777ac247b52c18f3e,1764500424,1764500427,2244,51608,,
0x75a9e617508ee1b3ad7568715422226bcdf4af8b1824101b3a965f89f8b9ea6a,1764500424,1764500427,2244,51608,,
0x8e12c0d384231d1ebad6b2fcbcba46df2d0b109b2f3cc7fec91e8e25252db612,1764500424,1764500427,2244,51608,,
0x109e7b5e88275c95a05368a3645bd24ead3c6be4a3714f9c787149f7d4e86a8d,1764500424,1764500427,2244,51608,,
0x6a903f21515ca2f26637df080a96112abb2aeed48114762676497f317239e7e5,1764500424,1764500427,2244,51608,,
0x683c8e5bcd85eaa1eab4a64a2b2f389779f742a2edb274e5ada871ddda9d3c01,1764500424,1764500427,2244,51608,,
0xfe468c0863ce8c9fe40df34363c44a3fa030101a3cf8660205492806f755d846,1764500424,1764500427,2244,51608,,
0xeb4f4cd80068fed646b3f7d98a2a3b516a572dc6f24661919ccc1cbef2ea1a83,1764500424,1764500427,2244,51608,,
0x60657e100ce6bfef1bf6b21ee2796cd7a16590b1e81c36011e0c949ea5230f31,1764500424,1764500427,2244,51608,,
0xe3e1c85bde13fe7f0db88a0dbfee504df2dee52e0ff90c95aff940f12370d784,1764500424,1764500427,2244,51608,,
0xc341564fa35872f7dda57047d033a69a1f782c67e27ced536e5dd17eac30534e,1764500424,1764500427,2244,51608,,
0xc5a6742f3b9c1ea5a57505c6a4240e2259479b0535de957f9cde63f11a71a4a1,1764500424,1764500427,2244,51608,,
0x4f4f0c3bbb98773ebec3fe95d5f10c8889976e2cbaef0905349a9be06eb05e4e,1764500425,1764500429,2245,51608,,
0xf14d7125035c096d8241715b523f29812b05d2ec2a1094ba0f53e0b73b1a1ca0,1764500425,1764500429,2245,51608,,
0xf6ee3ed944e9a8af019da9f960e6f51d92f2957d80d4dba90bf994eac875902f,1764500425,1764500429,2245,51608,,
0xb839b28b961ce2291fdb75407aa409745e76df172fef6c9d8b6492a10ba4e9bf,1764500425,1764500429,2245,51608,,
0x5db6b136e9c229009b8e12a2ae04b539736e92129fc0a7b47227e27601011f78,1764500425,1764500429,2245,51596,,
0x78f690021de1226edd4b97ff2d59d9b39080e14366e6ca60ebb1dfcb8d74e889,1764500425,1764500429,2245,51608,,
0xf33c77c9c4ad1c1a8b9241fe6261155ba995bf52ccf1dd745070274a907bdc7a,1764500425,1764500429,2245,51608,,
0x004ec6f615ce9f1bebc3518dea1d7749827b17c85b02987e1bc7f468510e12e5,1764500425,1764500429,2245,51608,,
0x331f699813aeafff95a56b9a16fffae20076fe54867664390305f9f0d0c582f2,1764500425,1764500429,2245,51608,,
0x0bc520ccab5a75e8e978d3d0d86bdcdd9b1a2e4c79dc6ba955a282ec5bc07463,1764500425,1764500429,2245,51608,,
0x3cf6ee07712b9197f4d2c1b4eeed5a4749d22a9a2faa35c43643170d3fd74b30,1764500425,1764500429,2245,51608,,
0xd23fcac9a6d10a0a0b3623f662451b1ac97f36e4747238628e1b5cf512e4adf2,1764500425,1764500429,2245,51608,,
0x5054cb9172ffa1d86acc593b2ddb5cb15eeac6ee64e3989221c6cbd5383c7472,1764500425,1764500429,2245,51608,,
0x4393baec7ac6675f9ce2ef44fe0f3dfb0c1d19f6e840c80a2742f6a8b5eb3a17,1764500425,1764500429,2245,51608,,
0xd8f09b53a5ab6ea6866bd1e71cb83ad49ab089b2d796d64b47f67ba6dad2308a,1764500425,1764500429,2245,51608,,
0x9952a4158e2bec3f5b36f66a00dde6cd0ee1b1539c03b803d96a62a88c7b4506,1764500425,1764500429,2245,51608,,
0x8b0d254d3fc4672c0f05598d0eada2d2a02a1b825a65e6b76a9b0effa22527ac,1764500425,1764500429,2245,51608,,
0xbabbb4b8f41c41f01528ec166f6d0a59beb8c79ebb3a1b71d831373e207d5896,1764500425,1764500429,2245,51596,,
0x68c0dbb9866bb71c7738436c823a764df3c753faa17123c499b9db57ec9263ef,1764500425,1764500429,2245,51608,,
0x564093b8270b1cff412af4941d438311105ca87031994d91221dffd47d607180,1764500425,1764500429,2245,51608,,
0xe639e63b74593bb3c00ab1cc6697c217390c9f26ce39f8019985e177335f4c09,1764500425,1764500429,2245,51608,,
0xf7a736888ea68a11e4cb5671d665afdc9473077f1d3e8fde17dc6a962bf328d4,1764500425,1764500429,2245,51596,,
0x10edcd529375c353acd30c6aee4603d6aec54942488605d0beb04417c738ce43,1764500425,1764500429,2245,51608,,
0x8081ecefab0da8eca4056e4f47824abc3e8fd186836d431ea2a1f5d23a454322,1764500426,1764500429,2245,51608,,
0xab92873bf8a6e91b94f22ef9d21d60dd10037d368cd10f5d417ce997ea6931ad,1764500426,1764500429,2245,51608,,
0x95c8488ca871f5e47edf7323c9bbd0fea880c1c1cad3dd87c78ad30fbc363f11,1764500426,1764500429,2245,51608,,
0x4e2688915be190211c9dfb0053a77e4b43fd95519c0fb2f0cde31f9f835d59f3,1764500426,1764500429,2245,51596,,
0x7396ce0bca0d50f80e932c53762b4281e1768fcf5d4af0e0bf9286592f1df1c7,1764500426,1764500429,2245,51608,,
0x0eb24f04cd0c646d7caaedef5b0792b43cc14616b58f68f23cf7a5c25dded26f,1764500426,1764500429,2245,51608,,
0xd5769c2ed05ec0f20a2ec81e52f6571add4714b5ed3be32bfbd427172a603bf5,1764500426,1764500429,2245,51608,,
0x06b719106a7fe6c09f1b42f65a68d1e46d8e5e6edec07b9cab4f45361df797d6,1764500426,1764500429,2245,51608,,
0x54b91a6055628d9cd89f1024b34a42aa702ffcdefcb60b99e85e202059c54cee,1764500426,1764500429,2245,51608,,
0xff143196eae57ffc8457d278a45fa705208b297b55c28038cd66097acb4091f5,1764500426,1764500429,2245,51608,,
0xf2ea8c33745030ad4f24ac410a1808b85701261c86d1724b98f5aba0862890e2,1764500426,1764500429,2245,51608,,
0xce5e91c20b5ed652a8ad39843b61563673fcdf479018240d96c5d4d52c08ce9e,1764500426,1764500429,2245,51608,,
0xc3962af461780562bd5de489c82fdb10ae5fcb2f740470ee89e9f0232649a4b4,1764500426,1764500429,2245,51596,,
0x3ecda05c19c91853e8cacf923bc8e552df8fa6c8ec3ade788f09d2400f189de0,1764500426,1764500429,2245,51608,,
0x9e5dba0f43d51010b2c539adafe592d079bac9f0d5e5597a740d8f6e6b419ece,1764500426,1764500429,2245,51608,,
0x624d445367ec46f9cffbb2610e271e53cc2d5020239c4ad9cb272a4d6bd0aabb,1764500426,1764500429,2245,51608,,
0xdf7aa1493324fcab97b32ddbf903dbee8e9e2fb450fe01d1b36eb2f8fd0cbcbb,1764500426,1764500429,2245,51608,,
0xbff79b160bfad9405e5eb093278ebe75ed3f1e9c7d6d52be6976c4ec65333817,1764500426,1764500429,2245,51596,,
0xfb43727872d612a13eea641afa263843ad856f605e819d5fdfa456ac44e7793b,1764500426,1764500429,2245,51608,,
0x48f28a7d9d393282902a7bfc56e9adc92f59b33662784ebea5605e2d59de38ca,1764500426,1764500429,2245,51608,,
0x66013059c1b6ee67f40bceb370eba7602554e2dad96cbf979747438d30c0e727,1764500426,1764500429,2245,51608,,
0x37ac6283e3bd6ffb28750456e6c7457eaae5c795f4eff8bfcb29e696c2b71c31,1764500426,1764500429,2245,51608,,
0x466f8ea23682af661feba14542c393caa92d53f559a297539b3917ca8140ca24,1764500426,1764500429,2245,51608,,
0x71d0ad37be7e06028186dc5322e1f06cb17f60bd563fa722c3dae1785efbba4a,1764500426,1764500429,2245,51608,,
0x4e9ba6c6a24318e9684fcab1db41eb88a9347d7337aa70abc67362c91c539665,1764500426,1764500429,2245,51608,,
0xdc1e90996864be1e6ec2d94734a67f02727acf875ae392e27c946d90ef13b40d,1764500426,1764500429,2245,51608,,
0x55c76577d5f3b411509ef23db2a000de373c573c88e5d76ba31484a675f413cf,1764500426,1764500429,2245,51608,,
0xa5f3ceefa8e2354d44df8fa4564b5b7f8d80308de287763ba5c30842554d662d,1764500427,1764500431,2246,51608,,
0x43a1a704ddf60a763c063a673ed2a52ccee4617666d8eb99ca1906c49beb5b3c,1764500427,1764500431,2246,51608,,
0x2a65ad190e02446c9f4192d2124a70194cfaf5b43afa069db777aec55a08ec0a,1764500427,1764500431,2246,51608,,
0xfda8a95a787333c6294b5bd15768b29139a119f0f9317889ff753b31027c0b29,1764500427,1764500431,2246,51608,,
0xf6958990044f100a9f707bbf62629d9f1567f71d40a1f9f74621fd8a91a068e2,1764500427,1764500431,2246,51608,,
0x610e706af049c7ade7687b1009979e8ea3da2190f62c15406cc93cb5ba904083,1764500427,1764500431,2246,51608,,
0xeead8be06645d61ea1558b54572daa28274ba4fc82ad4ac67fe3fc83f6bfe1ad,1764500427,1764500431,2246,51608,,
0x8d9be3d0291cebee6d8e01b4cd0ed31b199ddb24209194499dcdca158bd1e984,1764500427,1764500431,2246,51608,,
0x12272936fda6f6417de6c6da8cfa8c203d436cfbf142f2dac4062a955f05ec87,1764500427,1764500431,2246,51608,,
0xdf8ab0465e991f4368c14755cf0289c85de276b6b2f2b00bb070f4a013dfb435,1764500427,1764500431,2246,51608,,
0xa8e0fcaa31e4c2ac6f6ece2abcee60fb4140966dcfe3a4551905754ce3485761,1764500427,1764500431,2246,51608,,
0xb3cb6001a50c14d37c6eb7993c15c88df3c5d726248d307564e9335a379f5969,1764500427,1764500431,2246,51608,,
0xec2b17a93a334360486f8e4b2672588f5ab52874d1d6141908f0e4f019bffdbc,1764500427,1764500431,2246,51608,,
0xe07ad5a964e1ca8922912cf05e5c7d255af349641b10bcc9ade308ccdbfe0b16,1764500427,1764500431,2246,51608,,
0x93bbd9c03498ef2389a7a0b8357365d51b39b3c5d9a04d7f0ed3713f8f913bca,1764500427,1764500431,2246,51608,,
0xed662122f4d6a99ea78129f718224b66a09d817394bc050b96e787ab429621e1,1764500427,1764500431,2246,51596,,
0x914f5d760deac63e2d28892be1a009d75e68bba9fcc6febfaf05962deb7b331a,1764500427,1764500431,2246,51608,,
0x68a978a9ce59927e4ec031eb0922b6edf3cc2ed89cf8453bac03c5df086333b4,1764500427,1764500431,2246,51596,,
0x15d96fe6a59d9a5cc5801e57d055f1ee25287a1459b233d05f31d11739c9e433,1764500427,1764500431,2246,51608,,
0xb32dc33cf9315fac0eb6270afcfa772ff77ac58d8c826092290a6081eb55b082,1764500427,1764500431,2246,51608,,
0xd264c9108640a2c650758e80f83dbcb3716e4f83182beaba62e5fab8a6bdd8e3,1764500427,1764500431,2246,51608,,
0xe2f4ec22e1fd5a7c82d3f41c5de906ea67a5322731ffde89d200fa702f46ca45,1764500427,1764500431,2246,51608,,
0x673596b938fedc4722a972a7b735f2e242c46befd58d2ed496f54b056ab810e1,1764500428,1764500431,2246,51608,,
0xd2ef3a56b0bc8d482db5dd5ef07216d8c262c65dcaef69da972831ce34553850,1764500428,1764500431,2246,51608,,
0xc075ddb17c4b3024ed631eb41fcf4bc265e439d2ab7d3c099093fce58bf11b25,1764500428,1764500431,2246,51608,,
0xa1e54b308d5f811ed721a1080af56c2024f00be9cc3db74a604ab43e2555c09f,1764500428,1764500431,2246,51608,,
0x0f5d21df761d2d06e34b5956f58ad152d9964c63e5f3a5ab212a4d36849d9fdd,1764500428,1764500431,2246,51596,,
0x5ac27b3a7e77ea7ea75cc2cdf4fbeaf5871e8486cc47d73d6519477e647a09c2,1764500428,1764500431,2246,51608,,
0x4fab90c3471a97d889c67a150a7f9c3026e63c56b3d28eb44569db142df377e6,1764500428,1764500431,2246,51608,,
0x578898f43b3d90ee585a9495c0df617c9f1369053abed926acd5a3a9cd23c447,1764500428,1764500431,2246,51608,,
0xa683d0a41714d364e42d6a491ed9cb51031ca3a4d625141f37f75feab0a7a02e,1764500428,1764500431,2246,51608,,
0xdbf3b0a6c9d58c90386770d804c779ad94680a7c968df307ba72a531cdbd6e6f,1764500428,1764500431,2246,51608,,
0x6f84c14406522e7d2851ebfefc6836f0d154a9b0774ecf43d9d8dc168ac2e684,1764500428,1764500431,2246,51608,,
0x913851de82a5fbb6e0774fbb758df04f273249b203e5ecff22364a8197212399,1764500428,1764500431,2246,51608,,
0x17429b14580074e49b9485c899953e109d4d6a1228faf076d285814d64f7e256,1764500428,1764500431,2246,51608,,
0x138524c34fdeac0fc16ac1de1ec0d36f149c0f7076ba4fadad72a2ffe2d6309d,1764500428,1764500431,2246,51608,,
0x2aa3342b7cbb6c98cb95c6cd7fb296aa9fdd9b6f64443ff126e6841437b20cb7,1764500428,1764500431,2246,51608,,
0x750a0f5f00f19fcf7cb0af8a30392245e6dfdacaa9fcad4d8871f02a7955b6f9,1764500428,1764500431,2246,51608,,
0xd3e9144ec13e29338c08209b528ca18921213275d3b96263808434245b35043d,1764500428,1764500431,2246,51608,,
0x1a1aeff9968f78a3a6dbe83174c3f0da769b7a39297631f0b41fa2810bf62964,1764500428,1764500431,2246,51608,,
0xd99cd86e2c6125a5116117135c761b6c722deb4c339a300b7798658a62b24295,1764500428,1764500431,2246,51608,,
0x023c38f5b9eb6caf54ab9610107421deaf6b6454cad7a1f71f869e5a9575e5f2,1764500428,1764500431,2246,51608,,
0x8740de1f090d639277652e66b0f9adbc52fd2c7bb371ffe03be73db6eec79207,1764500428,1764500431,2246,51608,,
0x2a98ce91b2b9c38d78970c5b50081814ce21818a21d236277e216cb4b0945675,1764500428,1764500431,2246,51608,,
0x1e773780449d17e1ab4478702ba83ad2545db1ab13ac7ff1d241659a0f93d1c7,1764500428,1764500431,2246,51608,,
0xa13d0e87ea6ad6385c1ee9a1a700434f4c5e42d204566c5ecb83e3106fc1d338,1764500428,1764500431,2246,51608,,
0x1ec2014f4eeb86df0525ca78e551f0aced0b7b7c24e6258a21eee155330da953,1764500428,1764500431,2246,51608,,
0xaf78281753a42f039e4267afb77d1eaa7cbb3e2ebfaf7025751d47f00b7cdbcf,1764500428,1764500431,2246,51608,,
0x0a23eb8e6e027555736ed23b49efd856b2e30e9f48849475691978347e248c89,1764500428,1764500431,2246,51608,,
0x24d8b2a0ab04827d4b1f64af3ebae9b28b177d5ebe40b56f40f9627613d20d2b,1764500428,1764500431,2246,51608,,
0xf9817ca44b30e55208a81492f9fb85f7f9fc25e97bc81b6fba3d36eb9a896f8b,1764500429,1764500433,2247,51608,,
0xc8594ef2ef3d88d77a781127eeecfb2bd7e59a759a488e3ddfb31666b0c6153b,1764500429,1764500433,2247,51608,,
0x85c7a55d0f7c4ff32576afea213523694a74aad761001baab331c0e2d8cbb72b,1764500429,1764500433,2247,51608,,
0xdedae5be09497b0c18c87de53cc718ce7b19e99d4d0fae8ad3fb4a6889cef86b,1764500429,1764500433,2247,51608,,
0xbf2dbeeeb7dae7239fa7de202f856b1abadb691670d41da945cc0edda40b6870,1764500429,1764500433,2247,51608,,
0x74861d5a28ec704ac0382b26d188619a2bf53c999c0f3fa595328e0ddaa0e654,1764500429,1764500433,2247,51608,,
0x374146d820e274ab399fa393af766918b5373f22b446604c336fe9955be16813,1764500429,1764500433,2247,51608,,
0x8c78cbdf191ea2a2cfe018ea51a866367b2c5cf908af3b4eba38292ecb406128,1764500429,1764500433,2247,51608,,
0x8194f143078c6956272c510c2c5c023bfcfe0680e1fded23e6899b3809cd5a91,1764500429,1764500433,2247,51608,,
0xa0127f3a8447b1a0206595207203c357dbd9b925d86a34ddb4a3fe4589830f05,1764500429,1764500433,2247,51608,,
0x7c5211640cebd74e6eb27685e35013ad2844600f772a1286b7b84e63bb5d9603,1764500429,1764500433,2247,51608,,
0x1620d25ab26972e80ee06f8171cd0837960d1d5663928f27886d200cc6b99db3,1764500429,1764500433,2247,51608,,
0x728b5de7ab55866a930447639117710d0df90d790b57620a13d3b63323c4acea,1764500429,1764500433,2247,51608,,
0x6db5b74811c459f6d6a66fac708f1f9669782a85bf853749b0e604e1a3425825,1764500429,1764500433,2247,51608,,
0xf2da3a5c758bc13655295c1f32baa7273efcc19a7facac1d6b18ddf5ea508c59,1764500429,1764500433,2247,51608,,
0x15a850ead9ee79988cab91fabff0f4b1e30fe68dd677f2ef8e82dc3d3c290fa9,1764500429,1764500433,2247,51608,,
0x22f562d68ced537ae547ae98c558c911698a57b3c74f3b84f0ccb8c863c62668,1764500429,1764500433,2247,51608,,
0xa76166124a7e824be7abe58382f354a3d9e239a7acffae1e973c09df1171ec95,1764500429,1764500433,2247,51608,,
0x0de71a4416aa09fe0c10f3ba8a04f922058ad70ce908679c210bbe131d305071,1764500429,1764500433,2247,51608,,
0xd6b25e63a41ee05fd67c7d7ed563263bc6c5d6ab673423d8cef696bbd542b209,1764500429,1764500433,2247,51608,,
0x320a8e19ecbdfbb59e802454cbd8d7ade1e5a1dd55d7083344a8010a53e387f4,1764500429,1764500433,2247,51608,,
0xfba963d4956bbb512fe73a432af2a8eac034df1d9ca0fa664bc4f15ed455004a,1764500430,1764500433,2247,51596,,
0x38149944100bd80ffca51573f4c0eb8677b6f4bcbb8fe47cf56313b9612c7cae,1764500430,1764500433,2247,51608,,
0xaf55e86602f23810666c9e6071052d26e91c171bed08971e385ae3822d29c476,1764500430,1764500433,2247,51608,,
0xb7feb9d909030f5771c64aaf6a2140b850a6fd099cd6fad8157c456f4fe04104,1764500430,1764500433,2247,51608,,
0xf08eb170be985227704c7fbec265854eea554147f8b05d7e6895a880ceaf86c2,1764500430,1764500433,2247,51608,,
0x8f5ee60b4291082401daf781ed8a75fb7f9faa7dfa97c2df85b5187f61cfb88f,1764500430,1764500433,2247,51608,,
0xecb28ef2e9b9cabc0ace57ba80b7cc5cfbce55096e19bc232a6805a9be463e2d,1764500430,1764500433,2247,51608,,
0x0d0272d0bab09ef038e8c9045d0083962a0014f32dcb12793e862f70d9daff44,1764500430,1764500433,2247,51608,,
0x15be45a5eaa3a504abab099e414d929d28c64a5e1cf107cd1380015431e1f79a,1764500430,1764500433,2247,51608,,
0x58ba9f45cb1287c4b211ca51c4f45bf2d1109f07b081cb86bba98cd5fc8f07ef,1764500430,1764500433,2247,51608,,
0x286958f5eec5871b40b90e58f0a1bbecd071c68e0f77b27ba5ca8b8b1583f33f,1764500430,1764500433,2247,51608,,
0xf6348869ba2a28193e32fb1bd902467b09bc0bc42797117c48382a56be052cc1,1764500430,1764500433,2247,51608,,
0x4842d3919aea794968020bdab41e83fe34103eb6828efff3d096d9117104fef3,1764500430,1764500433,2247,51608,,
0xcf9f57e8efc740ccd5c989a908269db09ef4977abf0301731ab5ee0678686cd6,1764500430,1764500433,2247,51608,,
0x3e2ba39e86c0ac4ba938137f6de974a4d10caced76f988c060c07c33fc7aac35,1764500430,1764500433,2247,51608,,
0x8292e44b8b642f871f01979387481762ed5f73cfca5cb24fd6598d054695be02,1764500430,1764500433,2247,51608,,
0x43e9a2b0b2bf332304b1a30305b137f06d5c996c5ca4b24096e36258db9b207a,1764500430,1764500433,2247,51608,,
0xf5ff0fce4539b562e5a611005aa86853ddc5a1f638be1a1c41e6613f4000468b,1764500430,1764500433,2247,51608,,
0x4728ef9f42753c7919e481be5553e899b05db4cf39e312ad3bff2bd91404fa08,1764500430,1764500433,2247,51608,,
0xe9589d4a328e30d344c848e7bb8d93d5596b4b5595627850c9c70f2cd2b28383,1764500430,1764500433,2247,51608,,
0x13a50ede7ae284a06f188dbe894e0b1af6e4eeabbad6343d05a8ee21a7602dcc,1764500430,1764500433,2247,51596,,
0x8e66d5551aa7ececda13a3f5eb84091fbd212fddf1162aaf09ce4c75e26a6071,1764500430,1764500433,2247,51596,,
0x30c0ff8694da1a538b4fbad3ab9d2f1d194ab011fccd81b777c1a13541e1f104,1764500430,1764500433,2247,51608,,
0xf2cf9b6c269ea4b10d537ae00edd0e6505e720e79aeaebc07cc935b90c25ab4c,1764500430,1764500433,2247,51608,,
0xda55601c0ced47447a2b83c43a37dfb3a1608a49c98f710706a0b2a7fd19e010,1764500430,1764500433,2247,51608,,
0xf35ace2a174e4626a130ac59d7e3873c751753d9e098999339d0c0cad11d2b2a,1764500430,1764500433,2247,51608,,
0x6ed2b444e44d233a97283d61ecc86cc71d52e99524d9e8ceb46e60f4fdd4c93c,1764500430,1764500433,2247,51596,,
0x5383248fee829c20dff2ef3a5ace8cbf86a9cde977b10d6cd9f71165c83bbd0c,1764500430,1764500433,2247,51608,,
0x95c80070586b47151b1387081a13ce491ac9ba374a5d27f8a0d2084e8abbc14a,1764500430,1764500433,2247,51596,,
0x3a7d265995792a1c68d9d2c5f23c6db70cb59b68d50de19200f1cfb68233b5b8,1764500431,1764500435,2248,51608,,
0xef45cb239ca4410debf5bf3e13f134fdf9d5ec117dc5b2c6e6fd7e93e234bca0,1764500431,1764500435,2248,51608,,
0xed922115402904d8d086b6d2b2fe0bbfda3605ad664a73db56c1b57c674c3ac4,1764500431,1764500435,2248,51608,,
0x5c27ea42eea933fe78dce04ef87fb286a637e814ce4bc584e39c1c07258b854a,1764500431,1764500435,2248,51608,,
0xfcc8803e168c41621199259dabe8d18bdb90be4b0998493d3c6fa6ac9fc8d9f0,1764500431,1764500435,2248,51608,,
0x8b18b3a78b1783ded803b8c074750e060b239894dfadd8cba442019aa5427113,1764500431,1764500435,2248,51608,,
0x11d86e8fdaccdf65e80e891964b79aab70b24ba303227c256eededcede773c12,1764500431,1764500435,2248,51608,,
0x71c953105b11e8613c97d20d4c51998f3076f9049fa4c41bcba45da9ef1d67ce,1764500431,1764500435,2248,51608,,
0x4e59de1e873f451819597d660da4e33d1aa15f0e3a490254a889df8c63aa2c8b,1764500431,1764500435,2248,51596,,
0x86d4624779914b887f689d0385841a31654989bfefec1cfce447f0e17d56c812,1764500431,1764500435,2248,51608,,
0x9fec27309fef84f9504a70e79392bbd9e4f0094c04522a111c2da0d75a70b3e1,1764500431,1764500435,2248,51608,,
0x2959b85c3b61e8ee4fe722de0741518b157aa6206b02e6f62bc4e3d4648ff3b8,1764500431,1764500435,2248,51608,,
0x681b597d4cd1a6bebdab3f3fe1a9b7f72b0994a17c3e9df45f3cd19bfa75c70f,1764500431,1764500435,2248,51608,,
0xc4d063400fe62a7b3f712757f3bdde26ff037605404318f1d025af2642953e5a,1764500431,1764500435,2248,51608,,
0x54abd329a958c34a4df76bd28e29224f19070831a5d861df5300ef66871fc1e9,1764500431,1764500435,2248,51608,,
0xf978b157880ae5170791cc08903dc8c5cddf2d1c91021437156fb73deb093237,1764500431,1764500435,2248,51608,,
0x013ea5abd72dd3142519e45b3736819f1c47056f30f174b6757e895294d6ef49,1764500431,1764500435,2248,51608,,
0x0c6b8246c6224e2a98d4a828f9116f9c48789650f4d4be797192baf053248e02,1764500431,1764500435,2248,51608,,
0xb3a65cb8e0ad0901c0adc947ee79f2519b416211d75ef4d9b2a333a135725ee9,1764500431,1764500435,2248,51608,,
0x04bf838904e93f8c28a9e71049523e405a40fda358f6e2aef3e249d4af1af861,1764500431,1764500435,2248,51608,,
0xe329bec74a722608386ec144ce4b198701df950221b227e2815cd7b18c3ea0cc,1764500432,1764500435,2248,51608,,
0x573146b7f05b11c62f9d6d4c17cb75773aceab53d1c1b2df6ba361bb863a45aa,1764500432,1764500435,2248,51608,,
0xf78440555c91d1d12abef960b3a70effbc4cad821c1ddb5dbdbcaf00e262dc38,1764500432,1764500435,2248,51608,,
0xac06f9e16f6e6ce6a1a809d9c6cd67a2666fe6540121ee11c0bc7a6db3a8ad58,1764500432,1764500435,2248,51608,,
0xf720d35f3a0208ff015d4ef03be76febb981b0c0fa9f16eeceff4f21df702b1b,1764500432,1764500435,2248,51608,,
0x297a98b95bd2feaa2131a6f549d39ef928c9a366c78574d59af5bb2e3f6fca0c,1764500432,1764500435,2248,51608,,
0x6e56ec1eb47ac62a9b53a9d9826540de25b98fd91e60436cbcb9bbf9adc3778e,1764500432,1764500435,2248,51608,,
0x139e93c2997514047a4a2cd4f796ef12e9ddc7941b79034bc39342d2168e6486,1764500432,1764500435,2248,51608,,
0xdcc9c377f4103162bec7d9eb2707436906195234c9305dd7655bbe1b49e82913,1764500432,1764500435,2248,51608,,
0x1bc9de2738c24df47d273c94f837a93e78a9a4c166751101aea33214617ecf8e,1764500432,1764500435,2248,51608,,
0x6f47f47e0212427db225af0c9c980e94583200a71a489de174b35a525eae0469,1764500432,1764500435,2248,51608,,
0x104b069dda830ab4a06e140cc553f804cc69ec7af32b1a4697c9b73f216779bd,1764500432,1764500435,2248,51608,,
0x5b7c995b8dc7bef30fce4485223c7dca3c747d7c29d6d3c68d8b3be80036965c,1764500432,1764500435,2248,51608,,
0x7a24c01f2820f57f7f7dd8286dd9008a1505220eb4275f414983f638e2f3459c,1764500432,1764500435,2248,51608,,
0x99deb74c704342b9f709a56ebeba20d27ca27b87cfd47c755676d3879459b63d,1764500432,1764500435,2248,51608,,
0x98d61016fb43f31bb5853e2a63fae2001cc016e188cf7cd189838fb67ac489e6,1764500432,1764500435,2248,51596,,
0xbb56dbf321cd31b87aff1fa8d58076d44092ff1b87d47231288df0f047173057,1764500432,1764500435,2248,51608,,
0xe330eea948351cecf9a4bbe81ed2cebf73981494219dc0bb3f3c8d1e222ada21,1764500432,1764500435,2248,51608,,
0xadcdf3a063a238957c78bbcd5fc329cbb287cace46449a3dfee581aaea1781ee,1764500432,1764500435,2248,51608,,
0xee8b5af7dd588eb05508f06ffe8a949821f8fe95361071387b755e89af652c30,1764500432,1764500435,2248,51608,,
0x327c40c3fd5aa04885520010a0cdd3a46a4396da707140cc382bd74bd88d08e5,1764500432,1764500435,2248,51608,,
0xb600d157720accb578d794daf0636797419e20f8308fcdd76a187d7e2f3771d6,1764500432,1764500435,2248,51608,,
0xbb231c8abfd51472c375a725938aed98e1b4c3ecc575c6864b4ab33f2702055d,1764500432,1764500435,2248,51608,,
0x59b55d79e0c1848082204c6d26668109a7fbbb1b7ea1fafee87e19ea71423410,1764500432,1764500435,2248,51608,,
0xe004c68188d501ccf62b185b2f5a45733b0b92febfaabe81b023fdafb6251b45,1764500432,1764500435,2248,51608,,
0x9595e8956d1a7590bf04d049dc4179123b8f7ed2b4824bfc0a4d50ad18cab9af,1764500432,1764500435,2248,51608,,
0xc19c6a8e897447fb259d92c2c71bf8d7bd1f159b4434a43948c1495b3bc6f088,1764500432,1764500435,2248,51608,,
0xcd5fe975af43b1f7e9dd6318a47d9c53d608c2017349d6ce1b81e47fef7599e8,1764500432,1764500435,2248,51608,,
0x3685a0c04f51f481956cc3f8ddc5266b1da3d11810a35265f22eeba3010e3114,1764500432,1764500435,2248,51608,,
0x09cca9d134cbd2df6a944a7a1ca262e6af316a4e881e6daf9c8a0ef6d773ebe8,1764500432,1764500435,2248,51608,,
0xeeea4515d003811b8a5a37593bf1708324e9910b81b8d958ee3935055dce4ba2,1764500433,1764500437,2249,51608,,
0xff931519d65b26b6de01c8898d023f5307f124de43a41eee9e59ff67aa804ec3,1764500433,1764500437,2249,51608,,
0xb42e20b30913b060a51ea9a5bfcd5a52bbc6ce995c575e5f06b6f1c555005e0a,1764500433,1764500437,2249,51608,,
0x3312fbcb9e67f42811a5969999241820185fa97f8f524cb4ef13e8427d0aff0a,1764500433,1764500437,2249,51608,,
0xffda5bf6dd3c1700549805773b0c6c1dc8a98489e55b7ea6ca38ab5dd39ae66e,1764500433,1764500437,2249,51608,,
0xd01349b1eda19ff6d35287306ea6c9acb0501b48d24d6c67e43620ac37d5e008,1764500433,1764500437,2249,51596,,
0x34b0f04c0f09626f101a7f6068a8a9e1f8c3c09786089cb0bae2698717437fdc,1764500433,1764500437,2249,51608,,
0xe2740c52a4a81392b76fee06a1b080ebe67c2af278f037d5680cc9ffab0afb15,1764500433,1764500437,2249,51608,,
0x1c4f6de8a9c69f6e6657a650f938012c43c51ca389659f2700aeaed976e7c3ee,1764500433,1764500437,2249,51608,,
0x32c5f9669b50a46b2527ef6c48b9e6f338098c15706b5298a5c41ae862cdf52a,1764500433,1764500437,2249,51584,,
0xbe5ffe454f600bb8a04c59047f231243c0a312ebdb57787ee1220f61fae047b3,1764500433,1764500437,2249,51608,,
0xc321e0021980f799bbf36604ccb95c7b6233acd85f29cd04be68df5c21d7d0ae,1764500433,1764500437,2249,51608,,
0x577de03d4a5232792835feb5c998499d0cbabb3b14d10ebf81966f0ae1538f77,1764500433,1764500437,2249,51608,,
0x57dd00eca59105817bb1ad2d1eab4f33b2df357d833f1aff9a45f83cefdcba15,1764500433,1764500437,2249,51608,,
0xba65d5cbb9b4e571be930febc87522dd771f21d82d0a42ca9c3ef874c6ccd16b,1764500433,1764500437,2249,51608,,
0xe12809b3db93709a923c1d4922f09a926370bb99bfbfa9194f0a3382dae8b051,1764500433,1764500437,2249,51608,,
0x62f4cb06a08e4ec954946bc15c654dc2fa7e34f34ccc052d71a9cc275d533ba8,1764500433,1764500437,2249,51608,,
0xb821f29304c18aa77d2d334e90f8eecf730ae46532baed4b672a1b33bdc79caf,1764500433,1764500437,2249,51608,,
0xac598ebee10da03d24dc2f007ead9a28c3b38ded42a7d64c8a6a31a85be07c51,1764500433,1764500437,2249,51608,,
0xdecf9dbdfe89571696bafc38ab89f64e3b46425ff5f3d7ba5768c5bb98f7e0ef,1764500434,1764500437,2249,51596,,
0xe56f447f1dba5d1c5eed55b21bf468f121da482abce8800b17b7e49a811f4c4c,1764500434,1764500437,2249,51608,,
0xe12885694b1c24b1e4ee8bc2a6160094b2dd9a65e49591f98fffbab9aa9e80e8,1764500434,1764500437,2249,51608,,
0x8a80c7d8e1cd1dd00fbd0d0ccdffc7afb495e970fc77259c56cc83aa29f57dd6,1764500434,1764500437,2249,51608,,
0xcf076f38d161429bf7ceacaeffb9f0a087967044e61bf8c5b58c101109662e4a,1764500434,1764500437,2249,51608,,
0x95220d2acd50fe49028790c6528e13c96847f69e0d36fb1a1dcda5db3adb9f16,1764500434,1764500437,2249,51608,,
0x7ee2a7835dcdf109f06f4d75ed610e06276d0c725d3d4285e63097453a0d4ce2,1764500434,1764500437,2249,51608,,
0x1a5a3d2d763bb77f0ac18effcc6a84a9ddad336196caa32571a9b4c230e6acd5,1764500434,1764500437,2249,51608,,
0x23ed913205687ab22aac156f49cc90ecd3f8ace6a0b2e9bf22856024ae74625f,1764500434,1764500437,2249,51608,,
0x573ed2b8e26d513ed05eda95a1c25845dbcbac7bf69bfdbe7eeb7cbc720a0b5d,1764500434,1764500437,2249,51608,,
0xd32bfa6a20ce73bd174c9135bf031fbbe5e7142f59888bf2a24060f465d9e506,1764500434,1764500437,2249,51596,,
0x82bffb5edca0c3f20403809b5528525aa31a06a374b2eb5b7884215f2717060b,1764500434,1764500437,2249,51596,,
0x38ee0c9dd21b78c407d5b4f019d42a8ded2350c90f398824ff261f76c3a8478c,1764500434,1764500437,2249,51608,,
0x461371ca4d8a4620cfe22c700a7364dd3ef089aaaab18a75382970613fe0ce59,1764500434,1764500437,2249,51608,,
0x17b0b9ba06fd9c0245922c80714d4451d0b8c6f7246dd2138673ee26cdefaaf2,1764500434,1764500437,2249,51608,,
0xa23902f2c13edf610d6d2f35bd8a43841a920e427cee216411c10d8abe773ca2,1764500434,1764500437,2249,51608,,
0x34d8c9ce03f71ecfec62ff641ecf4a488d7dff8f7ab6a28b56929a8da9e8681a,1764500434,1764500437,2249,51608,,
0x966d86c615e0fa47affdaf9c146db740253291db36238b116a786ceac822b567,1764500434,1764500437,2249,51608,,
0x1205e6c2d2d30dcbe20b35d10278a2cce9a787e939d7f6dffc17c2c193d803ad,1764500434,1764500437,2249,51608,,
0xb118b4a0a05934d9e7aaeea28761db8fa3b12ce86300f3ee868780e332262e74,1764500434,1764500437,2249,51608,,
0xe42d50b0060518cb10f773dcdaf65d26004ea72fa1990b0066ca857a985c26e4,1764500434,1764500437,2249,51596,,
0xcf2e44ae73d4834f165109e5509bd9166e715f9b732635fba7a812360d1f41e7,1764500434,1764500437,2249,51608,,
0xa6600b56749736ce1334b8f00f8788418bfba0fabe28c8dcbd05f161fc8ba6b8,1764500434,1764500437,2249,51608,,
0x932c5fbf9f950dbf17b00446f5a3e34a865866a22d4319a32fa1a7043090cff4,1764500434,1764500437,2249,51608,,
0x4f6b67f1d305d9a1b395ddc25dbcbf2b813ba55f103f8529c333a343f6e94b66,1764500434,1764500437,2249,51608,,
0x36be796c0590ac612ad64d0e36da88f95f3c62bd33a5ab201b23b6d6b1de8ad5,1764500434,1764500437,2249,51608,,
0xe441f4da927632a12b30d4d3f318dc246a28b92a0e257a5302ef09662ca1a7c2,1764500434,1764500437,2249,51608,,
0x02b445adea41301441b5d959ad0d27d53b5ceee2da5968a583ef28a2fc30bc91,1764500434,1764500437,2249,51608,,
0xbeb989931b6f496d5345f9c557a02ec88b7ebbfc352f28d65085562a25c1b36b,1764500434,1764500437,2249,51608,,
0xb90c0b9bdb305082ab5de51601ab411886215686e4a03c68f6f943c31879a0be,1764500434,1764500437,2249,51608,,
0xc4d1f9c20e214e7a95e33015dacf016dba84213b2ea497e70b6d85f2ab586efd,1764500434,1764500437,2249,51608,,
0x3096c178c22f072e7ef9c0ce96e9a0ec50d88103dab3e93af376d3d305d1fd26,1764500435,1764500439,2250,51608,,
0xa23e095f07aa48e0a4f0373ccf3096c4cac3c895aa3609b9da1ad1b0fe08918f,1764500435,1764500439,2250,51608,,
0xa55a8fe962b14438371cd8d6009dee2eedad4f7b16f352e87dc6dcac8f2b5317,1764500435,1764500439,2250,51608,,
0x7ec99f5ccc7217cd2ffa70811dfbe1373afb582b46da6a4e57ef3b8eff3442a7,1764500435,1764500439,2250,51608,,
0x5b38c874de7e7d8b5d53f080900b27d4bbb413d97304b1c1141eb9971205faa9,1764500435,1764500439,2250,51608,,
0x884072444ea01410ca8dfc3cb1b12e0b892cea08d3b3c5c671e26c376be0bb9a,1764500435,1764500439,2250,51596,,
0xa777f908b6d084f8ec95428afe6e6217fedeac6d9d95d8ad5becb5be3088c2e0,1764500435,1764500439,2250,51608,,
0xfdb10ef5ffb0a950ecdf63ae857844a753a432e9bff03b4a9a98bee081fd8c68,1764500435,1764500439,2250,51608,,
0x7e8daf9631cf0e3bb6d3c3dc10a4d5df21de155c094ec7d272fdee2e72265765,1764500435,1764500439,2250,51608,,
0xd0373cc31b2d7814a8d1cab4a84e3166591ee9e72390cad633571ca313244e6e,1764500435,1764500439,2250,51608,,
0xd01b9bcc8aad03ea0562fb73aeb9a3165b1f444c550d8f27f2372f8e928e2526,1764500435,1764500439,2250,51596,,
0xd39854710fa69de98afce598b4e6f02ffcd92a347bdd37bec6e215f89cfa6c68,1764500435,1764500439,2250,51608,,
0x92e4eaf96d7940eb34c53ba4f98b773694683f2ebea2262473471ef3f2c735a7,1764500435,1764500439,2250,51608,,
0x0db152606bf76e4b66f29667f401a7c07f468107ab6326205edc656bc32ff473,1764500435,1764500439,2250,51608,,
0x795c0a9d54d2e13c1111d1ec25631699dbd0d07941634a7f13e0266bfbd7b665,1764500435,1764500439,2250,51608,,
0xe3fdcbd87ce0bea6c635d27af62ec823576f5316fa20b2dd0c0aef02f265b6e6,1764500435,1764500439,2250,51608,,
0x7c938371c9fc8a228a81560498845acedc5856c7e0025f5aff99e4a75838133e,1764500435,1764500439,2250,51608,,
0x654c5d42d37ed545eaa0a518827b82928eeb4cabe1fbbd55097bb5c4df67633a,1764500435,1764500439,2250,51608,,
0x787dd49660a7d9c21d18aa72644d37dff8fa656dff1798c0a9ecca01520501f7,1764500435,1764500439,2250,51608,,
0xe91dd3bfc4e3443e4061c89dca0f30740a0781f60aca58c980308a10bcb52a8e,1764500436,1764500439,2250,51608,,
0xcea03bee8b52f95442eb2b3c85a91528a7c9aacda6d5dbcc7c5a0a5ba77c0230,1764500436,1764500439,2250,51608,,
0x8ccd19fe66bcb2b8338137d17da88f4f136213900c19e64af2c6dd9427c4e527,1764500436,1764500439,2250,51608,,
0x6429e81823a80157606936736026a8a560f8993541eb68c273db1e51f921ec68,1764500436,1764500439,2250,51608,,
0xfb2fedb497a5eeb3f567c6f244a76da04a71089416758b1642fa3ec85bbd0fbe,1764500436,1764500439,2250,51608,,
0x2356d32fccdaa26e942e0df46afb099ef66eb747691bd5916d1a9bd1d6e7cad2,1764500436,1764500439,2250,51608,,
0xfdfad29d961f41d9d99c44e74df86076f8238d0d1569d41843323038a27f1a8a,1764500436,1764500439,2250,51608,,
0x1eae5451a775b890547a418eba0301247b5e59f1416b0f33c23047b11832fd82,1764500436,1764500439,2250,51608,,
0x4c652ca1dc0e2e284ecbb460067d362240ef25d57bfbaf5db2b5a988a9ef05a5,1764500436,1764500439,2250,51596,,
0x3a40cd5011ec0c068f5e03c7a2dd7958a4fff62b7f0025e0542b6f18aed18075,1764500436,1764500439,2250,51608,,
0xadc84fe6ca7cce4441d63e3b1d18032f716f232e5602dcf635703ea30ac2111a,1764500436,1764500439,2250,51608,,
0x70ad44f86a66555b17275169083046a302b67b4ba1c121249f1c364a032149b8,1764500436,1764500439,2250,51608,,
0xf432cb6031e206d5b6fc30b2b7f60162670b16a903b32a0591f19d91049b9475,1764500436,1764500439,2250,51608,,
0x61bc3307d7c77507c1782988ce015ec46920bcc465c8ffefc5f37ebe5441812a,1764500436,1764500439,2250,51608,,
0xad97b5cfd88a94edd26048edd34aaf316e4acde240bbe5f0beb95572d1d2ec8b,1764500436,1764500439,2250,51608,,
0x1595d6dc831e4f754453a618c525090e44d711a1062e091134624d034205d318,1764500436,1764500439,2250,51608,,
0x5cab8e89eacefc02e4fbc07e66c7bda4482372f9e822a3289052d68465fd5a9d,1764500436,1764500439,2250,51608,,
0xdedb038e7d7fed20cba77c2247ff2ad8da45403c62bfdde1e9da8fb6b306d47c,1764500436,1764500439,2250,51596,,
0xe524bc3ae7cc074c9c727bd4dba9a5b98f32f05c30e1b2602fb4e2a527631d57,1764500436,1764500439,2250,51608,,
0x877ee42aab37b9042a154a759b332f01282589f0474826eaa0c6faa1397d37f9,1764500436,1764500439,2250,51608,,
0x50fc62138d08375eeb4dceb94a13186b1241d7fd0e567ecb9e09f4f9e67493f7,1764500436,1764500439,2250,51608,,
0x40a11611ddfec65abb07414a767c64fc7df7a1633abf0d534916ab93078bae42,1764500436,1764500439,2250,51608,,
0x7b4fad6ad394ada7cd26a0645dbf6ebcf437870220b44757d2e69ce9142aed3a,1764500436,1764500439,2250,51608,,
0x177dc882de41c5ed9b0fb7c7b9b4e0717e034ff65db286ad9be8ddec28c63887,1764500436,1764500439,2250,51608,,
0x783d3d5b4e9232c1940aec848220aee6227c81c5b9043bece84147a801bd80b3,1764500436,1764500439,2250,51608,,
0xcc90291a7651bf6c2cf4ddfabdca2f38f8a7db0d1943e7b6afdcf30a163c4b59,1764500436,1764500439,2250,51608,,
0xd7555d6f259c4addaac1bb35048d1767aa1429931195fee9fb467d0f50b107d5,1764500436,1764500439,2250,51608,,
0x630639b5d85702cd55d15db29861793fa0b5675d723f7d91fb4ea126529010c2,1764500436,1764500439,2250,51608,,
0x98cb6aa9bf4513b233b999b730e117d4b5c30b4420817ec691b1934170249063,1764500436,1764500439,2250,51608,,
0x86ab3d7738d0e18d0631d3fe9fa7e7a16959c54089b635dee3a193f6a648a16e,1764500436,1764500439,2250,51608,,
0x308ee5852ca7e882d3961d875c857a12e46f82208a404ef3198c086019ac1c31,1764500436,1764500439,2250,51596,,
0x71ef5503ad4babe0ce06d0829168bb0ba208bf5d7522a57d7feb95dbce94bd0e,1764500437,1764500441,2251,51608,,
0xaa8c71751dfdb0686f30c1688fa14b4b70955a48caacf3be62126fcf7cd82929,1764500437,1764500441,2251,51608,,
0xe67ba5812c849b4498acef3a7b06124562f392f1fb2409aec76f848ad107db20,1764500437,1764500441,2251,51608,,
0x8d7e84f6764b42226928075a1e144f9913620eb1e572c7464d2d5426e1d4cfde,1764500437,1764500441,2251,51608,,
0x1c33553d474d69d34f9d552a7b61cb79c0df79603a4453d27986ceddbbe9583d,1764500437,1764500441,2251,51608,,
0xf65dff8269008416bd2710083a0bbb013dbdd42f3423a3c829a8fe28514f8312,1764500437,1764500441,2251,51608,,
0x1c170f631b612570e80b119170a05667b3cfec52b6420544ac9535f073762ef6,1764500437,1764500441,2251,51608,,
0xcf1f608e6dc007d7dcbd9b028dec6080d13851337b935197beac5ce611150cd4,1764500437,1764500441,2251,51608,,
0xd3616089f14872e60c9a4c35c3ff1d4c2ec0a607d40c1fa3282fa8a93c04361a,1764500437,1764500441,2251,51608,,
0x73ccdc9238a1ce9b45484598d6705e0c02e2103b5def9a352bc9af3075f36600,1764500437,1764500441,2251,51608,,
0x925c1b8958626f5a5f2265c525a8d738a50d2af3552f13fa68ab4e8e029799d7,1764500437,1764500441,2251,51608,,
0xbd160f5f92fd2947e933d0bc1efbd6a7743ae5c6ca7075a5f846af4a865165fb,1764500437,1764500441,2251,51608,,
0x09e80409995ecb5d1c89b2224d957468c7dd0ad4513fd86c1096ef0fef2bcf0e,1764500437,1764500441,2251,51608,,
0x6051658ef4f3fca6778cb188d7ab620c9a7a340fc22c0383159a9d0a84441725,1764500437,1764500441,2251,51608,,
0xe2781e45874ca3cc5b3004c83872cf2d010101360ddc1895f0a4e695744ec4f6,1764500437,1764500441,2251,51608,,
0x66db8a936766347f7befda4d4aceeb8c9c2dd3b98029dbcba9f45ba56fdb4876,1764500437,1764500441,2251,51608,,
0x7df541c961529d37e476226bbec0366b550991b0b3b345b4eeafcabd5dbe4442,1764500437,1764500441,2251,51608,,
0x1e12fdfad8b7c37b023efa20f71afda9da5a9a100799620321f3bb27d5b0e896,1764500437,1764500441,2251,51608,,
0x8b0f705c0b93e57c4ced9406a5bd30a16e8d9c79781752711c424d2e6a1fc9be,1764500438,1764500441,2251,51608,,
0x6a981abc2ec8063017f9d952ccebdb175d429058d81d05f14fbe8baffed5ce81,1764500438,1764500441,2251,51608,,
0x51afcc2e85aeb580bc41fd1961821a3c9177ba6f10b179d5a7b9a001e6e45173,1764500438,1764500441,2251,51608,,
0xdb200d3b5247546c712dca4bc828ecd2b0394de2c0691386535a1f32fdf8eb15,1764500438,1764500441,2251,51608,,
0x48923d3e1b0e8bddd5ca2212c1eda1c66de82a85782308c1ed39524187e5c439,1764500438,1764500441,2251,51608,,
0xdaefaaa8f10b2cd8612659a7e7b33175955a1d098bac6e5183091ee5027cc107,1764500438,1764500441,2251,51608,,
0x805ada93607d49dc06992c62cfc274ff08fe37879ba00df92e1fef45a7b8d14d,1764500438,1764500441,2251,51608,,
0xa873aa0b9d23dd2351bc1dcb527686923998f0c026323e2e375e692007fb9483,1764500438,1764500441,2251,51608,,
0x1b42d9f56e068753057e27f73c43b2b97e0c42d6833650f0d5e812c9f7df8aca,1764500438,1764500441,2251,51608,,
0x716dfaa89ff8a4996adbce80c03d5a407b4ffd4d5da8f36971ecad631859b983,1764500438,1764500441,2251,51608,,
0x3cf929ef9a235ef44798547b2199edf4de18b28fbe064dc72744e39cf447e505,1764500438,1764500441,2251,51608,,
0x45750b089f510c423365e50b683fb678a48cc1ddd8b36f96b895ce345998801f,1764500438,1764500441,2251,51608,,
0xdc2a7c3bb3faf71dfa571206ba939491148cdcbc1a96641ec343ae204d6aa033,1764500438,1764500441,2251,51608,,
0xfe2728cbca977addc5415cfb8ed561bab2c82b528fc33b3c2941a8383cc7d9ef,1764500438,1764500441,2251,51608,,
0x6d71a2b7149eae4dd953e1cb58adc59180314394144751563d6a6f3b9327baa6,1764500438,1764500441,2251,51608,,
0xde01109cc93a5b0b7ba98e368643507f11427b0166160e1a3e9d82827b7386c8,1764500438,1764500441,2251,51608,,
0x28204cb90fbaf0dfc30d70b3045cfc46a6298fe380c8cf8ae220ec6df4c01ebc,1764500438,1764500441,2251,51608,,
0x1da0392f2c6ba0a5705cc1e70db003d15fae2667b7568cf2b656f7607364b085,1764500438,1764500441,2251,51608,,
0x76ebb44616df5b8b9696c5a69d98ed385081e3f346bbff7bc366bd5a8b0bddf9,1764500438,1764500441,2251,51608,,
0xc44922521a774ba9b9384ff29eae37bfd6f81e4d31ce11db8a4bf7ba36091bf4,1764500438,1764500441,2251,51608,,
0x75dbc4a4d4e4745fbdfaaa38a45d4847ef2f87fd97680ec638f593fc296b0ba3,1764500438,1764500441,2251,51608,,
0x63b6e63dc92e2d06b5ac1818473cbbb07aa2c626fa3277458b2fc105e90b60c1,1764500438,1764500441,2251,51608,,
0x80cd509425372fe5bd4f243bfb01fdf084d5aa9ea284db7be4d07fc0de1ea0b5,1764500438,1764500441,2251,51608,,
0xa44e3bd570856ca5d06ad06e9262becd651a96ce1608f28409303ff6b1ceea5a,1764500438,1764500441,2251,51608,,
0xd2eb5224416bb0651bce61518a14e2b8dc433762a1234ab1ab8244e859ba4b5c,1764500438,1764500441,2251,51608,,
0x4b99537472c91fc5e72b5bcaa4b92b548c8f54c65b20e30dff47cb3055f8c149,1764500438,1764500441,2251,51596,,
0x90436dda0677f5af2ba66edd89a759829c557ddcf899a536d5b32f5a7c9aa888,1764500438,1764500441,2251,51608,,
0xa175337763b9cf36025821db8554fb46a4c5e1811cccadd729c7288bb849a050,1764500438,1764500441,2251,51608,,
0x885dbec6b7e8685e522981c604892a21e8547f5cea9525a10f237a43ce933e58,1764500438,1764500441,2251,51608,,
0x78843661b9566340b238997248b17b00b899cdcca2b3fa0fe70b5ed6ec8d332f,1764500438,1764500441,2251,51608,,
0x12f405c0ab604c8e94fed9b2e5f9b1ce69067b5ba96a643d9dfa69569647234d,1764500438,1764500441,2251,51608,,
0x3b786eddc55221e3a263ddadb976bc3d040f382ba81d9f7b76ae01cd7383dcbf,1764500438,1764500441,2251,51608,,
0x5bb9b8d8d9b06409a0b1ba13dacb73ea787f02a2bdd9354107a189331c87c661,1764500439,1764500443,2252,51608,,
0x46f63184e6f48bf3e2429856a14a800714cc7457cc6e125a13b8367621d49a60,1764500439,1764500443,2252,51608,,
0x7c30a1503451c353f244dc4415821fd6c862932bfeb75cb89b5da9fd94fed60f,1764500439,1764500443,2252,51608,,
0x1e0a6ba9deff776030443d527bff748bca1d6a442e89ed1e4878547db57a4d0d,1764500439,1764500443,2252,51608,,
0x5be8173289af924c9ce1a0a49ca9cd65434a5d7e8e7fc9facec4d5d1f939bf51,1764500439,1764500443,2252,51608,,
0xc6ec5f22f33554ab46da8e6a2953258140e5d503a63fb65ad588c02ec299c3da,1764500439,1764500443,2252,51608,,
0x786770a890ed865cd6f410b86a695790e89b713a2e6337369dcb1d54111b1008,1764500439,1764500443,2252,51608,,
0x57d85ebd5bc46fac0b192dee812b1d9785874596e0ea0b9d780361c7531e8b55,1764500439,1764500443,2252,51596,,
0x7fb26558912e6dc609f263721c50324914695e6492f3ff92cd9fa66b39b31eaf,1764500439,1764500443,2252,51608,,
0x9f68ef03ac365d72962457efa0c496638f2046a9b02dd9cf42671cb324709458,1764500439,1764500443,2252,51608,,
0xbbe6465c8a19295bdff1693c76422134dd9a96328f330d7369e73904d8c2b2a9,1764500439,1764500443,2252,51608,,
0x0eb3509a075bc434a1dfa22d3b024ae857f3fc7db3dfb37eb43637cedf256a25,1764500439,1764500443,2252,51608,,
0x96674d2a4f8fc2806dab48677d0f1accf0dd81fae1ce1bbd40f6c02a2ef9b159,1764500439,1764500443,2252,51608,,
0x0fec1e52b14b7447e64a069139994a162f3bba7cf2e9f42d730dcc2ad98a4a7a,1764500439,1764500443,2252,51608,,
0x51ed0b8108ff8f33c6391785ba29d50c235d28a056b3710dc1b3cea79eaaf8fe,1764500439,1764500443,2252,51608,,
0xdc31d963005eb36a7b38be0cdcfb50b91fcd65579b23d07fa843e1cf3d54ce27,1764500439,1764500443,2252,51608,,
0x3e2e4ab8e1ff5a8d9cdfdc6632040fb29c6bd888e6fad4db413af363d5e5a93c,1764500439,1764500443,2252,51608,,
0x6885e20148cea4122102a0fc8ed7a8181ec161a9d8d8c90dbffd1edb1fe579ae,1764500440,1764500443,2252,51608,,
0xb2a039f444f3234ac3eafb5fe8db7194b9263c1e59528735418483d030130f9b,1764500440,1764500443,2252,51608,,
0x76b5dfc01c32d9e96289fa5d09e0293cf0dc7168c615e1c93d33473e4840fa00,1764500440,1764500443,2252,51608,,
0x0ab7123bd2559b00dba46c6ed90b0b6f8fb3ca508ee006307248a91e8d9ec564,1764500440,1764500443,2252,51608,,
0x8ed35a3f77808755a74f42f67315960a17b280dd7511d7b02d8d29593e74959f,1764500440,1764500443,2252,51608,,
0x04fe6f478f8fc0383c1579e144a8e96e3a4469d691f0b5768e189c7e25f48724,1764500440,1764500443,2252,51608,,
0x6bc49cd1fb80989a0cbcdd1986605aaa7f028528090d76e86a62f12229ae5e7e,1764500440,1764500443,2252,51608,,
0xd6b07bc0e78124510bc1f2ce6a37203a50ff60395e9bb0e87e20859f7c001de8,1764500440,1764500443,2252,51608,,
0x068d3bed05f7287cc737a78de77c103c27459bfe6adc9e3d2a8295ff2b115bff,1764500440,1764500443,2252,51608,,
0x9bbf7288d5670d98982630c73cf64a0ebd35eb3e4b5cee7d37072da90e5c5178,1764500440,1764500443,2252,51608,,
0xba7d4e335d12b2b516574c4ca0db0062c70107ac981981ea64d4de5a85556419,1764500440,1764500443,2252,51608,,
0x6f88224124f602fe5fe72670902233c4410b4d8b19e0e5bc3bd8fb0a0d7ca946,1764500440,1764500443,2252,51608,,
0x20459cc82fec40eb545817917fc12dbb323bc545aba3842632d5c82c647f87cc,1764500440,1764500443,2252,51608,,
0x0d095164cab9e4a6c909e4fa6680b87b84fa9bd26dca25c2f9ed97405e0152e2,1764500440,1764500443,2252,51608,,
0x2cd5b81e33448c98cd31c0b749a2e2a0efae1ba5b6740dfd9585dde9c226871f,1764500440,1764500443,2252,51608,,
0x37c22d108fda7104e62d2f942fb71124a90ccc8d68d496fbe8082707f11d3cfa,1764500440,1764500443,2252,51596,,
0x67b90c4f93f0543556208fe5486ea23cf58a82dc32084d767df1227a94af2c3d,1764500440,1764500443,2252,51608,,
0x70968f5d9d19deba59464c9be41b0418108c0f75e392bec9f2bed8ccaabad6e0,1764500440,1764500443,2252,51608,,
0x7dc382d7f4daf48dd94d8596bb8ebc3a02be075109ac5cc2c3f2778d7fd3a0e6,1764500440,1764500443,2252,51608,,
0xeafe980f575f8b0789027d05a872e95758af2ecf3a4e69f69e2f8133b2d7fea8,1764500440,1764500443,2252,51608,,
0xfb960fdc20d1eb7ee468207fa242b6403ea1eb898833494ed48beed79041eec3,1764500440,1764500443,2252,51608,,
0x087c0845617739833ad804d1054b525327e2ab0684ba823335629af3ec50ae71,1764500440,1764500443,2252,51608,,
0x740a974b23a9c9b5893fcebf77d14ffd8f2ed2436630763cb6c5d85569bc371b,1764500440,1764500443,2252,51608,,
0x16be285b747377132330b71331afb48302e4523417c670cf9aa3c35e788a0e9a,1764500440,1764500443,2252,51608,,
0xfd6096c3c5c200b3d2d9a48f86740cebd4c9daf1ea50b169a7b4cd4ec1061b15,1764500440,1764500443,2252,51608,,
0xce8247088c0139cd57127f4092c9da7a9a3b7158587129754c4f8c1a205e332a,1764500440,1764500443,2252,51608,,
0x0d89792d26048096b490fd5b2aeaf46c8fe46af30406133fdc8dd29a33016f8f,1764500440,1764500443,2252,51608,,
0x4e18bd90d64d62b42dda46fa9aa33414c1cbd168939e8a9ba3210bb497582fca,1764500440,1764500443,2252,51608,,
0x057731b5f75792e6d04bc9988c5fb414e86279eea25ad8d8b15b2756adc73daa,1764500440,1764500443,2252,51608,,
0x1702a6bb6d7a30e159a7447353778ea588e4f8bc29b57eafe05fcd7bb5e51113,1764500440,1764500443,2252,51608,,
0xd0159cb58f93a686b509d3b6f713f383a6156a60761c3af616840b2c55ff6b07,1764500440,1764500443,2252,51608,,
0x512bba1f24adecb0c0116072eddce6b5f19d4e19985552963bad17ba51819072,1764500440,1764500443,2252,51608,,
0x3216072210e4ba62612f32dc8cab54caea55bd697f19eff8abab5494daf46b51,1764500440,1764500443,2252,51608,,
0xcfbe0a1d2ead0e0f6a9d96b8a351478c3be223417ae953a39a86ceb400f54756,1764500441,1764500445,2253,51608,,
0xa4cca947a54e719da3f6bb11160ce2160213edf290ee092315836cd4aebe0e24,1764500441,1764500445,2253,51608,,
0x5e5227fd696d27fff1cc314b48770e835b98b7c063bb166cb046665a30f70ebb,1764500441,1764500445,2253,51608,,
0x2c51f5dff89dffa1e7e7f3d74378c6afd63ed609b5d5a32dd95afa5eaa14950b,1764500441,1764500445,2253,51608,,
0xc05c836a5d05a393f0412a82776574bd6407b66769ef2a8d7993921a92b84864,1764500441,1764500445,2253,51608,,
0xba6bc9e09d8b63fb1ea86d08e5384cdfbafbf2a390ca17d53aca25fffc319a64,1764500441,1764500445,2253,51608,,
0x8df88e57200878b8c7e77e50a93b9efbd942a2c2aa5e888f6b5378818caf5323,1764500441,1764500445,2253,51608,,
0xdd1034ffb654d6f2cd65248b4696c12a487612de79e1f814c5753f898e64ded8,1764500441,1764500445,2253,51608,,
0xab7c265d30f7acdc5a92579a11eaa66a74e90c4c3bc58b1a5168835f81051c31,1764500441,1764500445,2253,51608,,
0x5c7de4118d145b53bebc39c0dee8e70f0cfa88748119540675d5859f5b4455b1,1764500441,1764500445,2253,51608,,
0xd06871992f75a513ff5bebf04fb9406a1775348f1983ab285913fe64aba4163a,1764500441,1764500445,2253,51596,,
0x62354f8e560c5b0e3a08a6fd67e8d852146a7aae2a57f1a97084a41fe64fd2c2,1764500441,1764500445,2253,51608,,
0xca50d77d066680ea13404aa46c75b8dc5e60c776f3c4c97f29f377fe948ddfcc,1764500441,1764500445,2253,51608,,
0x639b72e1254c34394e35481d82a25bab63f53663d6439bec05f3ed91fc8b62af,1764500441,1764500445,2253,51608,,
0xd56b5122f2da9c4196e2fe2ce3731ee26876e5c20d41a55f074d20fad5f80698,1764500441,1764500445,2253,51608,,
0x247855e9fd0bca57a158d7e79bbff240c12ca7feaba76357d82701ea4ab76466,1764500441,1764500445,2253,51608,,
0xbfe3f2f1e532271433c0e6e09fac98b6be8f27cfc910fb598263aef855b969c5,1764500442,1764500445,2253,51596,,
0x1a5e9efa022348e2c63e8387872cc260397a20dd96294f96067b73edc85824d4,1764500442,1764500445,2253,51608,,
0x7733d31e7a9b740f3c16ec52360ae75d115c0e32980db2947be715d170a968c6,1764500442,1764500445,2253,51608,,
0x6f6f1c8cd220e26f363a949d30b53670f8b7b48590584d43337ee870863abd69,1764500442,1764500445,2253,51608,,
0x2fe01a88bd02b4b38fe870fc9e2e64f30f2bfb58dd3549caafe3407baa5ac592,1764500442,1764500445,2253,51584,,
0xff8df092fc12f90346fbe79a69d0e18b440929c4c4756ece5bb443dcc9da1287,1764500442,1764500445,2253,51608,,
0x90a4d2de06a50757dfd524552bc29984c386de39102dcec2a942e54504703b5b,1764500442,1764500445,2253,51608,,
0x50a50b38074aa83035f7b9dfa433f8ce1c67f89925077ec3f9509e55ac6af586,1764500442,1764500445,2253,51596,,
0x812e93b51d812f6f2d006bba42ac2168ad066bc793fa438b5b395261858fa894,1764500442,1764500445,2253,51596,,
0x68e534779e657971069e025d7026ec9509d3bb26bd3c6cab76fef6640bbd54a9,1764500442,1764500445,2253,51596,,
0xe5006910e46e35664a01ee69847245f28b308e00f56e0b2915cc694b01f4f63d,1764500442,1764500445,2253,51608,,
0x61988910491c3789032b1a3f6709b8b5d1761a4925a612ceb3ec4ec89a18c97c,1764500442,1764500445,2253,51608,,
0x9097ccfcd4ccf6693c27dd01257930fbd2f4265fa5846320a3ad5ce51f0087b3,1764500442,1764500445,2253,51608,,
0x670fcbe5130c0885dcd67cd13133c63403031ac418eb3ab4614f49974c2bf9c5,1764500442,1764500445,2253,51608,,
0x647354cf714fab1e3360b1ddf3c45394cee230a3f715eaf0578da7796c162ad7,1764500442,1764500445,2253,51608,,
0x5b7960ca50bf256ce025bcdc4695e4d110d7c7089f9710649874f90f2729fa2e,1764500442,1764500445,2253,51584,,
0x798200a8aa70b3b67852cbaf7e1c997c0aa3a2eaeff68a08cec3e33349e2ea74,1764500442,1764500445,2253,51608,,
0x43cf2be73c4fbe135761b32d9472e7a06bb00e64269d02ed56b039f785f225f0,1764500442,1764500445,2253,51608,,
0x7f2b10b468fde7bd289c7fd5e61a92e09dd218c5fc324af1b56bd703712f371c,1764500442,1764500445,2253,51608,,
0x38bffc5bdff57e0042ad3b25055824f5cda0c963b036ee7e8ccbca74c1dea657,1764500442,1764500445,2253,51608,,
0x0b71d19638c0dec0b950fb5f6c72483f69a029bb3a16ccd565edcbaf82660976,1764500442,1764500445,2253,51608,,
0xf9eb1b908f248e1ac4ac6eabad3900e3e50a724255a00eddf5e6a10c0ac7462b,1764500442,1764500445,2253,51608,,
0x5455f5367b0860404f435d4b4cfd83c35a45e1a74e4a698b4018ba0b28f285f9,1764500442,1764500445,2253,51596,,
0x46d4c3c2049d9416d22ec3911786af3c3c8d5781aa900c3d9688cf4bec7a407e,1764500442,1764500445,2253,51608,,
0x5aebdf42d80866a87e7fd883a184a651c1ea28ef79799e3fa84e10d825c66232,1764500442,1764500445,2253,51608,,
0x53030f59e8d62a478815ebb897ec161b7b49a385cf1979de63ab301d47f5c26f,1764500442,1764500445,2253,51608,,
0x8b7e5384b5348a6bdea8e249c5a3307c991cf3ba42af65663664c7a8bcf5def5,1764500442,1764500445,2253,51608,,
0x5aaf13e42ac48f5b293547e6156fb642a4e7021e069ece206218e3f43d673fff,1764500442,1764500445,2253,51608,,
0xa880d3dabe500d1f840f978e562fd9483b795b8146f1b2cf804f88c3b7f45e36,1764500442,1764500445,2253,51608,,
0x3f70823ea57f8b55b61d7c54f26da6a1f5801a7841798e9e4791bd0a789c0f06,1764500442,1764500445,2253,51608,,
0x9c1ae8f93b2392f0650db75881de54b140dfe73cb12a24e51f43aa63370a2474,1764500442,1764500445,2253,51608,,
0x95e694ce129a2247608e5032ce184ff4418513d46c7f9d42def6b014dfe95805,1764500442,1764500445,2253,51608,,
0xd45da3e76e2fb7826285a13ab3b9844e71a7b25df9c8ce32ec45c5b9f302c41f,1764500442,1764500445,2253,51608,,
0x7937a0d31d45d5503ff33ab492da8eae7f0421d3342f569b82ee889deab7c467,1764500442,1764500445,2253,51608,,
0xc8b32942147f86058cc88a905253d47113e09047d063c9052b470e866d13be5c,1764500443,1764500447,2254,51608,,
0xefd518a8639356a49410f70c0f4067fe769e65f055d50467ba21c6f0d6499922,1764500443,1764500447,2254,51608,,
0x3d52aeb905ba7351903774268afa65e10dba33eb6eeee65b82328fc4691aa2ab,1764500443,1764500447,2254,51608,,
0xfa0e6a957c7940333fe673ffbb587eba93ae68d9f89a37dd11411996c1d31c5d,1764500443,1764500447,2254,51608,,
0x64db650fd9a2cd2a0aa7437505dffe561e7aad9bb7e3e8737f7ce442cced5633,1764500443,1764500447,2254,51608,,
0x664058f18990e5bbfdc7b62270f4d8b0fbe0db55ab56ddfab5de4e184a82ac21,1764500443,1764500447,2254,51608,,
0x3fd213019892e73f08acf4adf4e717207e377120dfa2c930a9bf68280323482f,1764500443,1764500447,2254,51608,,
0xa00b5d5725537dda40f89ba0c5e7f18f653932ae40fbccfb597ffc373441ca93,1764500443,1764500447,2254,51608,,
0xa963af29072812925eef47a54d14d02d4a8f8e32282908194ab4eed325fec2dd,1764500443,1764500447,2254,51608,,
0xb431f1191862830d918ab35030cfb0e7571522a0ac08990b1cf79ce488436740,1764500443,1764500447,2254,51608,,
0x66d34e62d02fde4f5a84d78d5948185344222158a8852245f6e96d9ee8d47559,1764500443,1764500447,2254,51608,,
0xb0123845bf1faa6a94b1ef14183e842ef55254fb7755710bcbab0fd5f8265572,1764500443,1764500447,2254,51608,,
0x79875c934d7b333654f249a7b355af23f5b830f671c8007df6dae4791b6f5ffa,1764500443,1764500447,2254,51608,,
0xe5d0cb70cc79ba7d72c97163660a665d98c4c9b2763318c9d912f6def333f1eb,1764500443,1764500447,2254,51608,,
0xe53bdd992e906c86dedb426cdf5ebc38a2b08de2d3a15bfd433b54a0ee89b39b,1764500443,1764500447,2254,51608,,
0xadd127114be330b1b8df1ad242bfe6611fd83dd6b3a51c195de62f2bd2fbcf7c,1764500444,1764500447,2254,51608,,
0x30c8ed775d283f08ff8e024748ce8f4d156f2e928400b81a62e5b5378a43bdc9,1764500444,1764500447,2254,51608,,
0xffe2162ce57ac3bdbf646b04eb35c62bbaaeaff70a1e70477b71f418da177eeb,1764500444,1764500447,2254,51608,,
0x8331e5f6868bdc29c77ea2fb93418b4234c8fbfbce88bcd3ff493467abea8073,1764500444,1764500447,2254,51608,,
0x8f0d7d6009cbdffb4cf68a31e6d7a7a0f1fd3cfcae60e23a8c00f14e2f3b57f9,1764500444,1764500447,2254,51608,,
0xad25e111493fffd0e86c28cf8ca4dc2ead32d82ac2c54557479d7f328ec12c93,1764500444,1764500447,2254,51608,,
0x8f69edb3ad92a8e828bb021205a6dc21fd4afa8d65718e3ff74ac961084d1056,1764500444,1764500447,2254,51608,,
0xcfa2007e878c3b7697971250fc79a4a0251aa8720de11a44056b0af5afde07c8,1764500444,1764500447,2254,51608,,
0x268efbb7c387626b831bee76340db89e517c4530526a814354ef3010d6f0539d,1764500444,1764500447,2254,51608,,
0xd3fb892338f913d21f4593a093669e912776cbc0e993bc7c28665f5feef8026f,1764500444,1764500447,2254,51608,,
0xf77354f7346a6776cdb2e23ec45e8e2433306289537ca01edd8886311d89b1b7,1764500444,1764500447,2254,51608,,
0xfb7d6c2bcd841b5d9b6a73345b5491647514338433a993dcc3624c5441ee8ed8,1764500444,1764500447,2254,51608,,
0x70da534f615742dd05af361f71569be0ab19c027f25d805bb68c6958b7ec739f,1764500444,1764500447,2254,51608,,
0x97026ff0f9c229d521d9d66d2f5507e37736a424a0371cf243e13b34c1e7d622,1764500444,1764500447,2254,51596,,
0x0c6f4253b2848ca9212c360c6043a3102617fcfd9b33add27cae365958b078fc,1764500444,1764500447,2254,51608,,
0xcdea038cdf6ab0dbd2f200ed371584ec2e888258320b2c656480d3e83b14c7b5,1764500444,1764500447,2254,51608,,
0x0c33320ae31fce37ab66bb804b320b568672abdd8294f3078406f6ec4b6ddbe0,1764500444,1764500447,2254,51608,,
0x6a88d7b7e468bbc8242b79338595b1bf43682b17bfd5db284d9b0e8571166175,1764500444,1764500447,2254,51608,,
0xc6b698a274e4a23c9461d1240150321574db5b76b974a607691e96b74c259aa8,1764500444,1764500447,2254,51596,,
0xa56f0ae405aaa3c00f7e863fa3a6c29334d24974193fdc94b4da0923e0f5c5af,1764500444,1764500447,2254,51608,,
0x52a72009b13e639fcc93feda298909743962e9114642d9ec709de802632a5923,1764500444,1764500447,2254,51608,,
0x561dc16ac1819758fc544c307bbce91825bc4deff035c572ad9bfc0ef56970c2,1764500444,1764500447,2254,51608,,
0x11a0e2f13f0f52447c82b7af846928696c3e0277c7e90d7a74324e6b6c7930a3,1764500444,1764500447,2254,51608,,
0xa21ed01bff78aeb98f5123a1694f01752b1f1a606f718132fdde3775655973ae,1764500444,1764500447,2254,51608,,
0xc383c9891ad2cc87b70660ba3ff34bcef1e687d5fbfa5d626dde71e973db2d26,1764500444,1764500447,2254,51608,,
0xe45720de6c374abe2539a2bd16ad98b673103fd6adbb12cfc1fdbeb11d7157c0,1764500444,1764500447,2254,51608,,
0xaa244a4de0bb3690dde876d90be1e5fb0121af64727ba7a1d32fadcbc6fb7678,1764500444,1764500447,2254,51608,,
0x09836860e4ca19e20dded441ed54209be7f1615913a4737752589bfa4d80770d,1764500444,1764500447,2254,51608,,
0xe50a1b3bb89f22c49bde4de934e990b6a30b7dd2587ff2dcd1b0330eec5f2ec8,1764500444,1764500447,2254,51608,,
0x2d582ff4ef3726b04100d2457bcbc3a5e2b68728297f01acad8aea6c972764d9,1764500444,1764500447,2254,51608,,
0xb8948ba85b71354124bad36254d7e12d412102b873af8343f2706f2d5c23fbb9,1764500444,1764500447,2254,51584,,
0xfe5d0dae6f83966ab762ddf9f6bc16c01e67083c4236f7f426460fcc486fd481,1764500444,1764500447,2254,51596,,
0x4ad30366ab961301c119634abee1841b5af984abc84bfab8d3160237236a49a1,1764500444,1764500447,2254,51608,,
0xf848cf3ff3079992312e26002c4ea86629e3c6f99602e20b0198f3ad84bb0c95,1764500444,1764500447,2254,51608,,
0xd9ea54b48ccdcc53024ccbeea5f301b4268e5df13579b5688aace5e787529810,1764500444,1764500447,2254,51608,,
0xd541d1a2c3b2a5f439a920579f0f5b88d6a715a29e1dd75057efe0d484fc1f61,1764500445,1764500449,2255,51608,,
0x909ec819ab9a48e79ccfdc326fad9bff65aa35fa498cab4438f17c68f711cba8,1764500445,1764500449,2255,51608,,
0x979a5aa88e6cb7ad556f64e4f5a727a6b8a0eaf86ffe77f38739c7bf8b1cf340,1764500445,1764500449,2255,51608,,
0x944e783e33f2e8982a558ea0f18434f0223882edc564e64018cb49dd18c486d3,1764500445,1764500449,2255,51608,,
0xa1964a9080785c5afb4fe0cd581d8dc2fa1b34c1fd8fd652ca00583ecff39e67,1764500445,1764500449,2255,51608,,
0x73dcb7d59b7e0c10b4f4e6a1584321c1c8ad91b83a918228c3cf74eefec475cd,1764500445,1764500449,2255,51608,,
0x457705a516874c3acf8f90170d8bad080ff19e37f03a2612eb3186e15db32cfe,1764500445,1764500449,2255,51608,,
0x158cc15a2015aaf8c981afcfbe524bf71316e95842ee18c8e17c5c132243260b,1764500445,1764500449,2255,51608,,
0x87553399a9a92d3dc98c1640675f10ad96d4f0ee2620d8d56449e83d653bc267,1764500445,1764500449,2255,51608,,
0x9884540ba378b5f367c0e9b9c4ffe1235ad1f5c17cab2285bf715dff03bf1c73,1764500445,1764500449,2255,51608,,
0x1df3995641ec1bcf13a4ac858930528b148112f97d86502bffe680cdc1f78006,1764500445,1764500449,2255,51608,,
0x11efc25704765cfe6c5c91fd2ea445d5d14098f4c4b33f916fe4e7ac99f18450,1764500445,1764500449,2255,51608,,
0x39c4aa437ad8dc31ad0a5d57b0bcb17c600cc0a4522879d4a33d7d0add642529,1764500445,1764500449,2255,51596,,
0x1905469b01fa0ae0127788a282164781e2d26e65735ce9a4d2a89722d2d5328b,1764500445,1764500449,2255,51608,,
0x899102c723232fba8bdb262a2de49be48f77d104914ef48b54401752f8a7b0ba,1764500446,1764500449,2255,51608,,
0xce3f7d280cc77dbe774eaa443829e817e131d4f2d687e7f8d9349214e319abe0,1764500446,1764500449,2255,51608,,
0xed8d59bc01d6db9452ecb3fa756266b2c4212dec18cd50a9f06f065cfe83c5d8,1764500446,1764500449,2255,51608,,
0x70ef657aae112cb027b7a6ef66122ffa8095febe33de81ac2e1f1df807e2ef1c,1764500446,1764500449,2255,51608,,
0x5637a7eee06ef1195213c7696a99c1b681d14c1d1338a04f04dfbc02df3312ad,1764500446,1764500449,2255,51608,,
0x8211dda85bd9542e771c25e8532297d1c5d52f7242870bd4379b9f955013dea4,1764500446,1764500449,2255,51608,,
0xba14fbeb252d598e5509c2df5ec9fb1a884af520621e1bc7b652cb6faaee07ef,1764500446,1764500449,2255,51608,,
0xefcff8023ef0fe9b36a5b95c6ade91522b1495a6b012adfdc10ffbff08f743a0,1764500446,1764500449,2255,51608,,
0xb912563276994d0aab9ef55fad11c94ccc42a6cdaa5792c32397a2e1bbe24f7f,1764500446,1764500449,2255,51608,,
0x8d30d74ecfe321cc3ece29ccd1c9750ca04c2e060a3540477ee4cc12c01980cd,1764500446,1764500449,2255,51608,,
0x436eae4449b33d5dc9179d3a2396cc3d19625acfd6d244465b9bbc2a62bb00a1,1764500446,1764500449,2255,51608,,
0xdde604d0038c9d9365092555615c0e5fe05e34feddf6ceabc2a0903f3807a75a,1764500446,1764500449,2255,51608,,
0x151ab52a483cadc60eb5ceee4730614722548a6c4b8798dd8142b3c699f3325e,1764500446,1764500449,2255,51608,,
0xd0ba6f9e7260e1e2f2cb07f65f797fe74f9e8f29755d59ecbb2e4938a85ef0a9,1764500446,1764500449,2255,51608,,
0x9026a49d7a4b3f999ebf45767b8fc889b4aa9ec6d54546e83503ec813aaa42b3,1764500446,1764500449,2255,51608,,
0xe84866ca6dbc48bb407dad6443b2eb2b0194cff7632a7a76010ce86f5492f210,1764500446,1764500449,2255,51596,,
0xa272c151e9cd8763ea893e1942862c48ba0e15391b40ad122a699f548f41f94f,1764500446,1764500449,2255,51608,,
0x7c69895d385e5467a68dd287e95b0a36ed7398ff0d7dc68238cca4c3281d7be8,1764500446,1764500449,2255,51608,,
0x4ed33950c469ffc892d4e194e52a8d591904a6485a854a37e9b07d3296023454,1764500446,1764500449,2255,51608,,
0x18e20a17c0641d067506f36ba43fd29b18364329f4b6372053cb7cd0cc072f36,1764500446,1764500449,2255,51608,,
0x8c24a1f631fed8ae66f97a654892c491571197de583a31e29f41e29ab8792bbd,1764500446,1764500449,2255,51608,,
0xb91a39c613068438b8ee36c5f6664d68604531dc59507d5571e2c3fb28cf5ef7,1764500446,1764500449,2255,51608,,
0xba422982b0f743c2a6532d0dde7b72ad3a93bf702abe187ced6a9cdf161fac56,1764500446,1764500449,2255,51608,,
0xc65021e612d42bd719e0d9b2dff3ca16c08b40c7ef7cbaacdc7ae742262b69d7,1764500446,1764500449,2255,51608,,
0x3c9e77d69b182fe5e7ad4734003d4f03e70fee2439fff807d1ba6c8217daf6c7,1764500446,1764500449,2255,51608,,
0x1050fe836154a5485018ccf42161178fe763787189bda1a3ba8a592a76dba2c1,1764500446,1764500449,2255,51608,,
0x00311a48e0b2f03bc8bfa9f145769847dd3559d818aba94d2fc75ecb3820f517,1764500446,1764500449,2255,51608,,
0xd17a5058b1879532a85e8c6ad41851fef260e269d6e63540e42bb6618f269cbb,1764500446,1764500449,2255,51596,,
0x2d33257ef4ba5e63bedbf4c89457064e6de5ff110e3cd4cf699102dab72bc728,1764500446,1764500449,2255,51608,,
0x518dda27897c4a3e92806bdc7afadfa949db9deb876c01f52956c9361b95e150,1764500446,1764500449,2255,51608,,
0x048e413ff39f5dc01c2891902a3c51c97cda9e05c2a38df5f63cb194ff73a1a5,1764500446,1764500449,2255,51596,,
0x30bc1fd58f1662d86cc2b201bc61a2e9699d9ce91bcc71a8d0f6e063b10cc474,1764500446,1764500449,2255,51608,,
0xfad1a3f98f6efcf10fc93fed842b22aa4e371164fb868a33455f9c99ce4db720,1764500446,1764500449,2255,51608,,
0x849828af8459999ebe97a115cc42a33ff7d8837a8a82a8d8066209991d815cbf,1764500446,1764500449,2255,51608,,
0x88786764151b99efef11b171f7576490b737c3971d59fcfcf3bbb62322bd149c,1764500446,1764500449,2255,51608,,
0x71e28610b8cc4ede2f64ecafb53d642ec9f1a208614d94d8b48eb973a9c5a9a3,1764500446,1764500449,2255,51608,,
0x600961f668204a2359805387b8cf77b6dd76b8f2737486be7d6d0a0d707b4473,1764500447,1764500451,2256,51608,,
0xd9ced9a3eaeee34a929f82c00a226f3d7a059d5c412cc93e6a3aa1df28b61d70,1764500447,1764500451,2256,51608,,
0xd0aa48309522832e5d0660fb3f7ed3db65f148009bf398b15f72792eb652b588,1764500447,1764500451,2256,51608,,
0x312438f21851d6cc12bc9b401b9289c13beb1f736145e78e762c504b580462ab,1764500447,1764500451,2256,51608,,
0x99e32758f4c33a26c2aa046c98b494e65d0797025fad1bc629223b1471bf87eb,1764500447,1764500451,2256,51608,,
0x10ca1f418dd6dfe94c631ebd8cac6af5374a349eb25ea92b0a5e100aae1a66cd,1764500447,1764500451,2256,51608,,
0x249b2b67b194074a0d2702be18e7ec5594d725da7bb47c6658f3082f8bdc68bf,1764500447,1764500451,2256,51608,,
0x253eb7f5a2ec4467a0822f0e29fe0c22b5f53440153ee85ad8a8eaa90ed63564,1764500447,1764500451,2256,51608,,
0xe8bc6def9ca3d6011c185b9f3273a9dbbaa7818a2aed6440848bd2666aa070b9,1764500447,1764500451,2256,51608,,
0xcbb632862f7a50f83ef9e6097a92329b041f16acb1965807b4359d71104e14d9,1764500447,1764500451,2256,51608,,
0x4af4f634aec6a1a36ef56793994dbdf4ccab475b2c354c4c013e68e1f1791487,1764500447,1764500451,2256,51608,,
0xaa7b943ece8369a8d9c8f691f259127cb97511dc5bbef366cdbaa0e8c6b16860,1764500447,1764500451,2256,51608,,
0x79aa0fb31099573ebe27c298f572fd2682dd350eb1379e15394df234b1d2e755,1764500447,1764500451,2256,51608,,
0xb2d189eecb4c23f31ae61202f61abc8e0419157dcc9001a559fada805f225195,1764500448,1764500451,2256,51608,,
0x0cb0845019cc98e117fddd0bfbb24350fe7ec326fbf1af712f2527d5ffc6f476,1764500448,1764500451,2256,51608,,
0x3c72375e57b7d0bfff3c9aee67f41b392b92ec85dd779f02d039890d2d693d51,1764500448,1764500451,2256,51608,,
0x43a3aa1b5a35ed8fef07732781afef9710d5b946521ace9324be131a4c057201,1764500448,1764500451,2256,51596,,
0x0858e12116cc03abc75fd7a4577fceb133733c5a0f4ccb242d5d4db06a43628f,1764500448,1764500451,2256,51608,,
0x06a8abf35fb824d20f95b03ea94f20f0a7c824083c42e5706f8c4fe38ba2781b,1764500448,1764500451,2256,51608,,
0xe4035c6edb4053c746522ec2d8a722b7f922ef613cb8cdbcc2515a170cd0f1c6,1764500448,1764500451,2256,51608,,
0x4b8f7b5b4efe421f9c9af8c054df473fa535585b8f9ede021c39a82d35d319b7,1764500448,1764500451,2256,51608,,
0xaca0fb72a75535a2ce4cc24d3204adcee07e527e75c21f7313ade18e1605a22b,1764500448,1764500451,2256,51608,,
0xf849379466368ab06b75d2aafac5ba8080863c87db149a7138375934ef27a1f3,1764500448,1764500451,2256,51608,,
0xb4274a05b950b1457fe7639381533be73e177fe28c98a9903ae91196cd19e2c0,1764500448,1764500451,2256,51608,,
0x88e8fe8b83abe8df7e1ba40cb0387d03e7d13bb9bdd6c2c33182331e2f0ae589,1764500448,1764500451,2256,51608,,
0xc9b1c5360179c909bcd4534058a3a3a719dc66fc787cc6f4c2d40e098c792cec,1764500448,1764500451,2256,51608,,
0x8285a34a114cf0abbe18429ebe4a9857ee88ca71f74d22765ef42333c690134e,1764500448,1764500451,2256,51608,,
0xf203496940a135f5fdfd5c5c7850c4f2bbaf40c257853ad10968b6f3331944ed,1764500448,1764500451,2256,51608,,
0x5df71747bfd5e20292ab39d5c2f389c2640bbb8af28bf04d0a9876013df2e458,1764500448,1764500451,2256,51608,,
0xc809f3a0a6d51ef148107f9736fbe87ee55e5c1d33cea5d0430919f1469e222d,1764500448,1764500451,2256,51608,,
0xcd5884f6be7df2bdaf5a9aa0a2b30f9a8f264d1b4cf3a917ca927abe55467a38,1764500448,1764500451,2256,51608,,
0xfc9426304d06c3c1bd1b04b688292e6b7c02beb0679a845d0bacfeea97a365f3,1764500448,1764500451,2256,51608,,
0xba8fa2bb44597dc276b006d274516d445a5c11066662d894d1b5954c753e538d,1764500448,1764500451,2256,51608,,
0x21fe179f9a09f1a5bfdc1a1b1473f9cd91d1edfdd1b7fcc93534b33c6ab48e1e,1764500448,1764500451,2256,51608,,
0x247fa50b1aedc0084422f46720121d171f74aa79fc3cbf242e2bdc126bf7dbe4,1764500448,1764500451,2256,51608,,
0xf977fcd448d177d24393396283e0d096dd723010ff39684579abf9a1882d47c6,1764500448,1764500451,2256,51608,,
0x4b87c292f95455c615feb2018ecc143507577645a83252238d110c34435b71ee,1764500448,1764500451,2256,51608,,
0xe7769fdf7d02621533f2aaa1ea6b5b26ec9b8c8b90583550a28740c7fdb942d4,1764500448,1764500451,2256,51608,,
0x2d608628bf6ed4c6355e146e2e04ceaac6ef0440692100c2e8770d23c2011af0,1764500448,1764500451,2256,51608,,
0x237a5d74e1af89031c7fe8aac13c82666059541982eafb1e99de6c0084e1f5f5,1764500448,1764500451,2256,51608,,
0xac44a8543c01344de27a9ac1af6e7790fcf43944ea163820416abe79b6ddc431,1764500448,1764500451,2256,51608,,
0x2cc6a237e901e858daef330af569391d6caa0bebbb2c6daa04fa8f8f7c955cf8,1764500448,1764500451,2256,51608,,
0xdaaa5ab50e7ae1656ab8bf542faaf11cfff0a5e3fe26351112e7c629954d64f1,1764500448,1764500451,2256,51608,,
0x9f7ccaf8b54bb190aa552efb31afd05e691e52bce0531fecc5da9ea2df2feac8,1764500448,1764500451,2256,51608,,
0x166c3104f8a85639b0ed5ea0a72afb1bef34885036c0a57d2cff5bc55e567b6d,1764500448,1764500451,2256,51608,,
0x8b5c7a6be261de87d2b8afc0542fde63417d73436509a403683b1e4ef2f9f5c7,1764500448,1764500451,2256,51608,,
0xec0f6b3406b7827ff71ab2bf9d5588c7dd77ab795868938728632bd5dc6258a9,1764500448,1764500451,2256,51608,,
0x98503a5cc81e2e1acc4c0592608317ef51d5e9679073c46897c8d734944070e0,1764500448,1764500451,2256,51608,,
0x09c9c1ceb842181e192807e85ad36333a98a63c3afb4a22a59be211f42da533a,1764500448,1764500451,2256,51608,,
0x2b56c2e71a45dae8a6536e312982f492d373151c9438290b31175aaacb237fb8,1764500448,1764500451,2256,51608,,
0x9f66d8359a0b8498ae49d3f5b4999db0f3f0fc3c9ccf606e69ee6f41aae18d04,1764500449,1764500453,2257,51596,,
0x9f0b10bc3284f5492f347e858935e6e3c2e735a161811fc98e1bcdf3d62432d8,1764500449,1764500453,2257,51596,,
0x4dbb38c530b53d7fb7a0432e44a9581004e5517bf6071ca4e94027f7e5434213,1764500449,1764500453,2257,51608,,
0x32bd9117e6790dc5dda2fb07e3406488c25b1c9b819268fc12a05f7160febae7,1764500449,1764500453,2257,51608,,
0xbd5c4b5d39e06c124dcb5340872f6c43eccdb466a7e751fd6f81040d33406965,1764500449,1764500453,2257,51596,,
0xc25002914dad69a7ab0ff73fdee5593b308b0aa3e73dd656aebcfabc6d151951,1764500449,1764500453,2257,51608,,
0x0c55a894d364410c1a832f9b28165fc28f73fb6d25453d2cea36b1ce33ddf762,1764500449,1764500453,2257,51608,,
0x70607aa0ce463016833f8a6066b731094192f29a8f10d6b156128cd86aaa2f1a,1764500449,1764500453,2257,51608,,
0x0f988278f6b93ab5e3ef1223cfd813c9f52979f16ebadfa44e04949c642c9e8c,1764500449,1764500453,2257,51608,,
0x0f4d4ebade8c2b02553a13c1ed52001569ea88e8160229cfb525a0794059ada8,1764500449,1764500453,2257,51608,,
0x2289e312807f909b6beaa5a69a7b87404d23ee9a3bfc32f6e79dd01162d0f0f3,1764500449,1764500453,2257,51596,,
0x0ab0144316437445c6cda6bd412136dde033479994e43c725775e54006c1b829,1764500449,1764500453,2257,51608,,
0x0ba0f979c407d7413f600268b479f6e0cd070d9262c7b6960240b8dd9cdb832a,1764500450,1764500453,2257,51608,,
0x4980194e10ea366034411e4f233801939c1514d0bf72a95738b7fbd6c5b72a7b,1764500450,1764500453,2257,51608,,
0xa5754429aa3dc043f18de132bb94a44bfd0dcf0f26706179833a0659f4ec621a,1764500450,1764500453,2257,51608,,
0xe6f05d7dee79980243b2f12b760ec090aae1a7ca9d45e33553a3210ef95bf194,1764500450,1764500453,2257,51608,,
0x9d5e0ab56a352841d1b68b6e454ce1a79694176da06e5a2c10cc3ea861fc6a3e,1764500450,1764500453,2257,51596,,
0xae9b37e503e28753051ef13885445c4d0aa7b5fc5e0138ad3019e75c358a5ac2,1764500450,1764500453,2257,51608,,
0x3f64179d6fb8d396ea26c0f07cc7d0b8be1c3aa389cf22ad3ffc4ab6dc21288a,1764500450,1764500453,2257,51608,,
0x6b7a126a29e877467bda9cc2d806444dde8c7f7a353ebcb74e70493f4bba5dfa,1764500450,1764500453,2257,51608,,
0x14386fd045bb896773e1bdded645881b77ed86b6ada8ea477935922451a25b8c,1764500450,1764500453,2257,51608,,
0x64c9911d883e846f269a6311bf64695aaca628dc2f36a274e02f6b63bdd1f676,1764500450,1764500453,2257,51608,,
0x3fec798173c2b96fc702d2141ccf44c5645850228d43cd92d626d47f98a8a0e6,1764500450,1764500453,2257,51608,,
0x8e907ef1325651d47dd5a29a7efb7c57de623dcd43038c74824c8da7cb66c623,1764500450,1764500453,2257,51608,,
0xdefe6c086cb8b9bdbec8ff51c0a5c494babac5cb21f72f5474bdac5b8dd8ea76,1764500450,1764500453,2257,51608,,
0x91a7cd8dfa0f19398be99ba17d3d83ac61b0b3ae2711c2c12d1287a5a309ecd1,1764500450,1764500453,2257,51608,,
0x8c669b47bb5cfa8676ebbc2bbbecc533cc15af4f6803905b62ddd8ff2681b844,1764500450,1764500453,2257,51608,,
0x0da5bfdc762332f2d8d0762db8cb54320d5fa739911205876b1cf2b6c6709257,1764500450,1764500453,2257,51608,,
0xc1e093716debdd88f2ca7db6ea838f8223e67ca5ae34621bef8dd5db042d881b,1764500450,1764500453,2257,51596,,
0x83bbc58c77c2ec4939e795e0ec5bf39b0538c4820d7a5ce7119d92c3181d193d,1764500450,1764500453,2257,51608,,
0x5a798082c328a06c8113e383b61c34bada0084aece8ae4bc02b985d3da18664e,1764500450,1764500453,2257,51608,,
0xfa32e0fa414cf94d3adaf281f53b0b60bb1c4bd8cdcaeee695b400ff6f090ae9,1764500450,1764500453,2257,51608,,
0x5efea6f192fe38b931b8d13fabfe367f0f3ecfb5545c945d1ea99746534598ac,1764500450,1764500453,2257,51608,,
0xb3b5c6a0c1d80dd85c5609c9864e77f12ccbc40df98103f738e5c7c92e280208,1764500450,1764500453,2257,51608,,
0xa05256b677133cad83aae717aabfb604b19d74b7e086f6f6f9d41891a03b1b1e,1764500450,1764500453,2257,51608,,
0x9ddeb4f38aeccf72b6afc373d4038a5dd520ab6e6b4a184ab3e7ba1bfd337795,1764500450,1764500453,2257,51608,,
0xb022ed37b070392fd1800c186d9f0d8db9792e09865e642d70d639bec6ac03dc,1764500450,1764500453,2257,51608,,
0xb01cf370bf06ebb737ca32befd1d69758e7bc802a18ebd2f9e4037f3a28cb6d6,1764500450,1764500453,2257,51608,,
0x3466387b7f9f0a8c32b792eaee80f95b163cd70d53a0e83ed44cb93e0c11c8f8,1764500450,1764500453,2257,51608,,
0xcacb821ae1844e29f43d9d5991a9a4b7529346326df83ce0b1c4c1daafc74253,1764500450,1764500453,2257,51608,,
0x57de6d1caccc085dc452adc48c405849783b949c0881e0d8514ff8f16556cfd7,1764500450,1764500453,2257,51608,,
0x8e50d23ebba9f33cd8057924ca069ffd188661b4ef8dd6f841286be06728f08a,1764500450,1764500453,2257,51608,,
0xce1301dba60127b9f3be6645e2f366e0fe417b2d8d723741e73c7a1a751d5cc9,1764500450,1764500453,2257,51608,,
0xe08afe566c26a59b2e355966bde3d67a521f31698637b06b02de2c51b80d2d09,1764500450,1764500453,2257,51608,,
0x088f456143a07032520e6aef635dc56ff54319ceed799f1279d5abeed893aa2b,1764500450,1764500453,2257,51608,,
0x6210a6dd5a9a8c16e13e806a9f4e9fe6731093ef50fcafdea5dd30cc5901190b,1764500450,1764500453,2257,51608,,
0x29e202852713404ad67df8d0f6715d5bedd1f37d544f2e9ce020a13f345c64e8,1764500450,1764500453,2257,51608,,
0x3d8314e1eac3da81cb23b5e13afa1dce971aa630ee168f2efb6676db0801801d,1764500450,1764500453,2257,51608,,
0x504b21d4543b8c0431e63f7126aaa83e7f5c0fcda231051768c419c1098ffb8c,1764500450,1764500453,2257,51608,,
0xcced07deb3f7efc37399e19c6a1ae00b3b719c3f86401b61d76d8a72e85c1c60,1764500450,1764500453,2257,51608,,
0x39ac7db1b3f4bf4d14361eb80439ec2db740aa95fa2602265e23902201f115f4,1764500451,1764500455,2258,51608,,
0x399f0db7fc656a85c5a905480119881cd6cd210f3d62e7d1809033fb321c243e,1764500451,1764500455,2258,51608,,
0x5537c0be7a3a98e0ddb08997a82893bdd787c0c88e2728c53cd2bcaf1472db33,1764500451,1764500455,2258,51608,,
0x99da08ecbf04a0ddd25587cf4081497384bea7f4b036c23515f6d3c0f1beb58a,1764500451,1764500455,2258,51608,,
0xd451462452070f146083c33606884c66a2a3b0fd55610e9c82e20c93a5d714c9,1764500451,1764500455,2258,51608,,
0xed22201d62f90df8d56392b0e99d1f34d5fbfff6820e3181010154cd37f727b4,1764500451,1764500455,2258,51608,,
0x9ca7d4aa8b8864ce39036e4d3f5df83ac8451d7d22c8cbadf2343ca7e2c9a8d5,1764500451,1764500455,2258,51608,,
0x5e164844ac5857c57d73fb4127106533ac6f707c33147f04ad3b0934f4662f60,1764500451,1764500455,2258,51608,,
0x524040ba1b68b4faa98cb42a66b8690e176297939ccee654f509ef54ab21da6e,1764500451,1764500455,2258,51608,,
0xc1d00f5762f1a1fc29b752797621a98ded18699acc286263cb3552005bdc1477,1764500451,1764500455,2258,51596,,
0x76920cc8ce7dc00ea2ccd76c7b66056a01fc12100e3e906cd1068e8d6f8449a4,1764500451,1764500455,2258,51608,,
0x83a339baa5058cc0d0837a412c802fbcd75bc03f9fa335e25082525c7cddeea2,1764500451,1764500455,2258,51608,,
0xa249b3dd7f6f2b881ba9668b7dd83a48a025aab276eeb6d70a3783bec1152828,1764500452,1764500455,2258,51608,,
0xc032d754af495772f618cfb2d838beaf4134ea1e3281e49f351a895f8f31bb52,1764500452,1764500455,2258,51608,,
0xbbbb2494231c9bcbb628fa20202e1f9cc499d48a619e0e6f60bcc9888d1b53c7,1764500452,1764500455,2258,51608,,
0x6bbf1904ffafcdca845808e5e41497120549bce688f25531277ecb24c24a261f,1764500452,1764500455,2258,51608,,
0x7cdb20064f690fa9eecdaa12309ec77d315dab1a5e617da1ad7b198f3e607a6f,1764500452,1764500455,2258,51608,,
0xdd648150d885963725db8d0ee3bd4e36b268707a65596a5c88eb66ccb3fefec7,1764500452,1764500455,2258,51608,,
0xe3df6ce326b8344766f9551252040cadf4b9025e3f98be10e309ab2904112571,1764500452,1764500455,2258,51608,,
0xa9ec7dfe2f4f98b72d5f00759a2396f18f0d31954a165fc65dffc1fa9600a9a7,1764500452,1764500455,2258,51608,,
0x790736bbf2efec81db8048b3cfce8e303fb1ac990a1fc8adc201dcc62a7ece57,1764500452,1764500455,2258,51608,,
0xa2eac5c9b0b543607cd745de11a8dfa4090b6529aa5986250b1f1f216cd489d2,1764500452,1764500455,2258,51608,,
0x20c19022faddebf8f64a2d4344645dc415b6ca7d3f7e92166231034b6274f74e,1764500452,1764500455,2258,51608,,
0x2c8defa8cc1421b0a6310ba279c100fb6f76d54052703e58b503040b70a137cb,1764500452,1764500455,2258,51608,,
0x1902a6996007149c7e2fd95d8dbf38fde74b407c0e84110be824979d7aaaca25,1764500452,1764500455,2258,51608,,
0x0e0433d2d1d3998e432539fef22d8d2f491f575d8aef75d0268c23758dc7b4f3,1764500452,1764500455,2258,51608,,
0x6670bc39e629bc95398d7b99cceaf27ca616a37141a20322cf5c5426f1f188c1,1764500452,1764500455,2258,51608,,
0xe6c5b94493c9718334a0af48712239007f7724dea2eddac3d0b8c192192bc49d,1764500452,1764500455,2258,51596,,
0x2016e03373a744a8529dc053e605845369e2bbad8d08eade03134d95ff3966c0,1764500452,1764500455,2258,51608,,
0x0c4a96b703a92df08fd46c1c4cef941c94cb03d360c1e314deb743cfbc0838c9,1764500452,1764500455,2258,51608,,
0x2deb318814e1fa9bdde4164466af955ff67f8c7e1f93c5be5448329b07b38d0e,1764500452,1764500455,2258,51608,,
0xa61e2a77134cae8488167662bc56e44a2bcbc3579201a7012b1782afc60a2125,1764500452,1764500455,2258,51608,,
0x56f8829df9dcbf6f19cbc454bfb8ffbe9be7c6b65b7bafccaf11dd7ddb9c2981,1764500452,1764500455,2258,51608,,
0xc83e08d46934ee30eed64240ca5677bbe8f43e5ce5665b3c53683333c18125a1,1764500452,1764500455,2258,51608,,
0xb2e180ff6bb58ac6783dbce3b07e1b3c2504a85397a1d868b0d1b4acc3de2042,1764500452,1764500455,2258,51608,,
0xd32b61ae2ebff9c5912efaa652ef141c356c95f5fda54daa16dcb0437128ead0,1764500452,1764500455,2258,51608,,
0x4840380130346d957b1080e066b7b47a1de9cfce9fc4e836156cfd728d71cf2f,1764500452,1764500455,2258,51608,,
0x9eb083c838b54be4342549c812f509d45c59d91f62c00761dcf0dc5e1c22d31d,1764500452,1764500455,2258,51608,,
0x474ed9e9103f12b7426adbcfd1a7c1d9080cc9315fd097fa6500a1448190cec6,1764500452,1764500455,2258,51608,,
0xd2cf21d81391ef8bb97a30786ce8f2f9f78acc61416d98e0bc4c89f29c23f14f,1764500452,1764500455,2258,51608,,
0x36ae6fc2ec02d1398a4e6cd71ccb8c7e4efb86a89ae10efef678f449977642e3,1764500452,1764500455,2258,51608,,
0xf8c9c0099abdd09e4200acae0e454cbb2a9db35051fb5cd37134d493af277a73,1764500452,1764500455,2258,51608,,
0xf4126cfb2ba5e0f580f2b37e446a65ced214d16c219f3aca7f2c9633cf27159c,1764500452,1764500455,2258,51596,,
0x90204399f67395fd20a8352944be6a12da79b1b0692b812b5efb700a2cd2472d,1764500452,1764500455,2258,51608,,
0xd8fb24fc54306c7fbe7ce13331fe6dc63fbd00cff956bbdec8f4a6771025bfdc,1764500452,1764500455,2258,51608,,
0x37933832c72d389e720639d58fcca7d9e5a5f278dcab039386cfacca24791728,1764500452,1764500455,2258,51608,,
0xb2077abb6bdce755e4923a0ca069f64bd2aceb68b1150dd49f1787cd31c029c3,1764500452,1764500455,2258,51608,,
0xbf6441f08931003030ba83a0746604410e35ba86969918d1f193bd0e62f46957,1764500452,1764500455,2258,51608,,
0x3b752cadc25f94c00ddb3192633b201d683c2c6f16ff4d6c5ee74d97c88ec958,1764500452,1764500455,2258,51608,,
0x78b394f173be13a222bc8341080a820828ef241080d613e98a7827e8a504aa33,1764500452,1764500455,2258,51608,,
0x4455846f439e29ce7321b119a042ef77fc5a20a1fe004b06daa458fe0787b90b,1764500453,1764500457,2259,51608,,
0x96ab2cb7d78a72b713a5a0179106542569067fac4d61c1f09edf8d9b2a647669,1764500453,1764500457,2259,51608,,
0x16c3d2cea643cfbe26f2fb82919625ae2479253b86cb9ef2d919cc1de85d7e51,1764500453,1764500457,2259,51608,,
0xdbfb4fad3fbf77c3329ccd3ebd394577f4f4e759bc2463f24ebee2107a86bb11,1764500453,1764500457,2259,51608,,
0xb7218e29bbb431cd886575d6b6cee2783854aa023a655df00cf993a593c99a07,1764500453,1764500457,2259,51608,,
0x68b4386f165a0762faecddad7f3002e8d93abe1afc71f0aa627fcf90d9813e5c,1764500453,1764500457,2259,51608,,
0x71207641faffd0eaeb11740ed7c8086d9333138c717128b773218ea09a46a045,1764500453,1764500457,2259,51608,,
0x3fffb2a823c26199b0c9a4adc04f68a0c49f1bfb516fd302d717f98fb2c38a85,1764500453,1764500457,2259,51608,,
0x14562e71aa74329e09fb51d9daf1157d9c4a92e9083c999f63121dbadde4fcec,1764500453,1764500457,2259,51608,,
0xa92dbd991cd8a0a85aa50172768a6170e98f22cec4cef96e7007a3f83f4d543c,1764500453,1764500457,2259,51608,,
0xbf1b0708f34c2153dbb6f69f6f279db120b88b9da6abb1a23d1ba72c2e12e600,1764500453,1764500457,2259,51608,,
0x85e3a1fd158edd9feb7fdf8660724ce2336872a158240e4b319d3837c97d7c3b,1764500454,1764500457,2259,51608,,
0x22228ca94ccc47040d7949936dc0150cad2f6f90c3cc4977fa39953b9738472f,1764500454,1764500457,2259,51608,,
0x10af564cd2e40eeecdd97df04a38a2e8c78b608a3b8535b815eea315cdfaf606,1764500454,1764500457,2259,51596,,
0xeb0f8418f0e4a14de9952db58d0ad2225b8f6fdf1ffb9a6a714e2ef55e66169b,1764500454,1764500457,2259,51608,,
0x09a0ae265aeabb201f57e7ef86515dbf8f09d2230bc24e42fc8db8a0d2aa3aa4,1764500454,1764500457,2259,51608,,
0xe4402f8c32c63cafe2eba09b2b5f19b86c14511f1f696cf2daf61e1e5226566e,1764500454,1764500457,2259,51608,,
0x618fcb8a838ced6ad50122ef10447c0c74529657a715d0841c9ee1688365df97,1764500454,1764500457,2259,51608,,
0x01618d74a5abdf2ef5c2140ed75338aa87f489414c97cdaf095b9be586b6ba33,1764500454,1764500457,2259,51608,,
0x1f4a437ae4a16b142e6af347c4b7417af5afd48313ab7dd74dfa0f4937ac900e,1764500454,1764500457,2259,51608,,
0xccb53ba1cf5faa98a2522482204fcc219315e2ebc1e5cb203e0fc7b744666449,1764500454,1764500457,2259,51608,,
0xa2b59c181ebd991b946e28bf80ad59e9c66e1a9cdca3a5c6a9842eaf29584971,1764500454,1764500457,2259,51608,,
0x34e6991f1b5864a5d6a4a886f879db673c3400ba19a2b01ace15d481d528bc74,1764500454,1764500457,2259,51608,,
0xa098cb738fba9044ad2f7c74c81a14c0f8ff11cf665a446c0e84859f046b77b6,1764500454,1764500457,2259,51608,,
0xdaa0ed67573e2183719ed38d02d1a83509ee16d86cc04eb5bb9f60fbae81e633,1764500454,1764500457,2259,51608,,
0x2030f8595a38f807d77026834a417b73664f2e6310441d15b5de5fe7de8c9632,1764500454,1764500457,2259,51608,,
0xf270f8d5b065027fd49696878f70766670f35cda15ba2a6acfd3f0aa0934a8f5,1764500454,1764500457,2259,51608,,
0xbc1dc56c13b86862bd130e9e66d1d090e6f5c0ea5e866ceeff27dda9d75ad1b5,1764500454,1764500457,2259,51608,,
0x03e577382d00df10f433c16fd7d8953a3186bbd80982844a44525453e6c2d82e,1764500454,1764500457,2259,51596,,
0xc604114be8e3771d8c201fd29cfd1d2599422af9fa15d3f24d9c1a932a3dff3a,1764500454,1764500457,2259,51608,,
0x67d4f822f800829e1e6b90b4001dadcbe94a86322ccf4e79cd81565ecba71dde,1764500454,1764500457,2259,51608,,
0x3cc426078e20524b73d7a6d0f56b27afce42872da63e1af223999a27640e992d,1764500454,1764500457,2259,51608,,
0x86843561adbeec01c25bd7d4894d426d68ee37c36acd5ed4c539bb4fd8b9c55b,1764500454,1764500457,2259,51596,,
0x910c600b81023adcafa8cfb6d491d4737dc1554241d316ece98c383739619dc7,1764500454,1764500457,2259,51608,,
0xa3d81d5670689acfce8f23755e2706e5493fcd226770c6f50e51e7c93761a630,1764500454,1764500457,2259,51596,,
0x848ddb7ce3e18df03849e80d70cdcb2c04024bbe5dec79182c004432625d3828,1764500454,1764500457,2259,51608,,
0xb802fd107667a56622367be90928bc45a79ef2b9e83281ad8ab5c3bf9ffe33f6,1764500454,1764500457,2259,51608,,
0x9f54685741256655541cd555664c3554904c087f8a73047fb266fe519de58093,1764500454,1764500457,2259,51608,,
0xe3fdfc4e5e01e7bdca65af0390834fe3de4b632c4ecfa22e83736c4eec372c95,1764500454,1764500457,2259,51608,,
0xbabb6743944b4acc8a2fec0b4832535a03781d4028828b2653d8d6edd2bb749e,1764500454,1764500457,2259,51608,,
0x997ae4127784b8da64aebb75b68469171bdf1f2093e596f160384abe873de2ba,1764500454,1764500457,2259,51608,,
0x3fcae25dbee1370197786b298a361aba6ca083d148f2af6c77b604259925df39,1764500454,1764500457,2259,51608,,
0xbb8b83161db8083f6d86a7e5179c2bfb61d2e1ead91a57a0acc1015b0a63e5e0,1764500454,1764500457,2259,51608,,
0x5fde15f762034a9daed8e92b45a5e160bce14858486780bdfba9ada8335db842,1764500454,1764500457,2259,51596,,
0x9e7dee86094cbb68bb555c6206425a62fb521eda616a6f27832c22fed77546dc,1764500454,1764500457,2259,51608,,
0x81a3a6631478032e2e40cf3df6c7f1ab6feb72fd2914843025bf587664c1b134,1764500454,1764500457,2259,51608,,
0x1130d7ce017cafd603d337da24e5d3eb1fc67513c4d8eef11cefd8901ab8ac35,1764500454,1764500457,2259,51608,,
0x111b4ec6a5e7edb1a8534c70892fd66672363483c4754d138ee9a18de6666160,1764500454,1764500457,2259,51608,,
0x5da4343bfb1046968ddf97bea5f2cf522e49bb8332b9a4783df85046b1660961,1764500454,1764500457,2259,51608,,
0x418372b38db5e585a1af41059981822b8e69601079021228983968e64cdfc95c,1764500454,1764500457,2259,51596,,
0xb948da5c82adcc0cc5fe715167991ede0561693a5f83378911a964364f9000fa,1764500455,1764500459,2260,51608,,
0xda5b968d59be8bfc338079d7b20fba88e4c4e7c1c6de8cf1b2ea44473584a8af,1764500455,1764500459,2260,51608,,
0x799b00499991076da8613b83ff3dd3209a6bcdffc94f07cd718508a3f03f0ef4,1764500455,1764500459,2260,51608,,
0x9f6f79d398d4e4cff9930c238f1a8aca33d46286b6fca81965d1c46c203e520c,1764500455,1764500459,2260,51608,,
0x7caaed1b73167e3cff28d2bb035900933877c66cb778ddb34abe14ea2b34ef6f,1764500455,1764500459,2260,51608,,
0x0847ce94534510d4f2a7a2acfb868ba2b7f68c4fc9c4977347698c6b2e9ef211,1764500455,1764500459,2260,51608,,
0x9e4b17b25db14f7028a1343e0bf86be40336a8a8a0064f1c790a83f277886fb3,1764500455,1764500459,2260,51608,,
0x04ce4302780d3d93035f89c74ce11793cbd05c9a89f32b4c1061429b9c45a53c,1764500455,1764500459,2260,51608,,
0xa848490e6244652cd99190c3a778c0d5cf702e7b5164281411220aa7ce44d4fc,1764500455,1764500459,2260,51608,,
0x5a0778c2c52a02b93621401fbdda0851bedbc83e8832e5a5dbb96f49e25b36c1,1764500455,1764500459,2260,51596,,
0x6e2f0d66380066d6bc60e9eb00cf25856db200bdb61377be00597606bf088751,1764500456,1764500459,2260,51608,,
0xac9846fe796c69eb2824ec02ab625320709b8bcfddd548bafeb27d3935cee871,1764500456,1764500459,2260,51608,,
0xea5e3721cc7c47ba00f43e071ef2d28aeac7ece38780811958b2f56acfd3739e,1764500456,1764500459,2260,51608,,
0x4d9c81a7c99c87b3aa471e460374b42a2e427c3c9b38cc1ce0c02620f4d20a9b,1764500456,1764500459,2260,51608,,
0xb39d58344eace2f64f311edeb31906af3a650027041af4247df3c6d72d22317c,1764500456,1764500459,2260,51608,,
0x21ae6f5940b325c8362d2e7f0d667f95a7e9211f08d92d06f2b42f9cc71722dd,1764500456,1764500459,2260,51608,,
0x423c9810a120e591bf97e551be745daf866a2b0a386302b102653d32798fbf6d,1764500456,1764500459,2260,51608,,
0x8d421db30e63eb3f51ed2b5a30b41932b837fdced3b9180ed1f032da8314c21f,1764500456,1764500459,2260,51608,,
0x9666fa54c276b32c8b081735eeacec75f7ccdcecfbb3829df409c4cd19807b4e,1764500456,1764500459,2260,51608,,
0xf7bb14f67d5931bcc761569d53fca1627a3cf60d6ac3d9d01de288ef51c9e660,1764500456,1764500459,2260,51608,,
0x6ed4dc4c69f5d06cded4a153752bdd7f9c6a6b7c56037d17f65eb72296ed6ded,1764500456,1764500459,2260,51608,,
0x1bc895fa9a818394da790d2670c33e0162d3a2656938857411d59dc5d66f8fd1,1764500456,1764500459,2260,51608,,
0xf25f5ddee120d5027af5da9fc441b09b98b1a6520a3cafc1da9b6ea69757bdc7,1764500456,1764500459,2260,51608,,
0x124f7e7d73298b838e804ec5ce0a67184ce172d66b5fd550e942bfe7cb74d205,1764500456,1764500459,2260,51608,,
0x220f06bc681326f924b26baedcdf0b2349490d30d126e09831ade44f24eeea59,1764500456,1764500459,2260,51608,,
0xfd5cbcfe9861569c68e1e6c8ce9e49fcc7780e07ec6385ab41a9ca375fe61133,1764500456,1764500459,2260,51608,,
0xad423c5d0a1c255fe9c3cbcb8a44746e9be17e7c654c172cc49852c452facb9f,1764500456,1764500459,2260,51608,,
0x23ce98d67fa2b58b63c77af2c8d9e26229fe226ce6b4e906c7ad447417f59d9f,1764500456,1764500459,2260,51608,,
0xffb5ca06c655fcf165dad1d2122925793b792e8cc2f716e8c59773735fdcff70,1764500456,1764500459,2260,51608,,
0x16cedcd334bf47c632875b92c2ed6a2998ca9a9cc3bf91978dedd1ab803d641e,1764500456,1764500459,2260,51608,,
0x22de06103d1ce4b6d4112c6c499393a069bd976efa549669a749599795492434,1764500456,1764500459,2260,51608,,
0xb0f14b8a16382d01e5d5b90b89d57c6f22a371d7150a5f19c35c21c23183d9ad,1764500456,1764500459,2260,51608,,
0xf086c563cccbc6243a2d2e4e3a1fba94c9272100c9ecbd71edac4e7befc7d91e,1764500456,1764500459,2260,51608,,
0x794d4bc7cf48cab6e714ffaf21f7bdd3f4815a7ba3321e55d0aa6393ba62dbc5,1764500456,1764500459,2260,51608,,
0xfebe2dfbf49b4cac1fbd31f2206e0df21975912bd13557e6c193ad043432f32c,1764500456,1764500459,2260,51608,,
0x25142e6299d59d4cd819bbe2a08ec628fe9d98ca650132c9ccda29253c3eeb6c,1764500456,1764500459,2260,51608,,
0x489a8c239964b3e454e4e74779072ffdb74df3f5930ef6b7882ca04c6dfc8746,1764500456,1764500459,2260,51608,,
0xf61325c8cb44d144dd234c3dcda5ce68b56aab660321a18188080c2a38d2d2b1,1764500456,1764500459,2260,51608,,
0xac1ac364d58bfdf2a133935870032d7ff9ce7ffa472f4d6ed6df0b742c7c585c,1764500456,1764500459,2260,51608,,
0xbe048f286766c53da073517d4f7d05ccc6c4d23f4fc0e2045c5ff17d805ceb86,1764500456,1764500459,2260,51608,,
0x6e5b7a46fffa6e591ef5cef1dfd435a0f2dfbb44621cf212bb90308a7fcad780,1764500456,1764500459,2260,51608,,
0xabb2757f2afdd7a75c71b1106943023dd07ce62291a07d04beae990b07cd4e46,1764500456,1764500459,2260,51608,,
0x22aca7fc980965ad8e8b9e13f82381937fe5c6f3526fc51014aeb3d83e32e7c2,1764500456,1764500459,2260,51608,,
0x79549e4aca657126250ff2d13b89596bb88143fe50f108a60031e8cedc43e6af,1764500456,1764500459,2260,51608,,
0x160315f5833230b43544c8b7d04e117828c15152698022f1e589211cc9780a48,1764500456,1764500459,2260,51608,,
0xa0093443f6d57d146a8951d59e7347da9e44ed006e0a1a442ea874a338e1e1ac,1764500456,1764500459,2260,51596,,
0x71710c2a9101483d1e0db0f67ddf388845b3683f924194e9d382b4efb73beb27,1764500456,1764500459,2260,51608,,
0xfb1cdcdcdfc01065ab1d7b0628a761f9add26546f173b6dd7dc640040bb2ae3b,1764500456,1764500459,2260,51608,,
0xb873b4f40c3306e538cfe985cdca7b23f135a108319ae345d3c63433f2dd0af5,1764500456,1764500459,2260,51608,,
0x17d0e9a3a46de6365e1a22a33239855dfe6c15162bcab69ef161b00f451b15bf,1764500456,1764500459,2260,51608,,
0xe583682dcf7fac5e94cfaaa37460f279adb59319c39799e2d66eebbdebf54d41,1764500457,1764500461,2261,51596,,
0x458818f7b23d9ed7cdf35c5e18b4aed7160bbda56197b04d4a0aabf45a07957e,1764500457,1764500461,2261,51608,,
0x3e8957082989fb00af0247e77d9310cb092592561ab6041ae2ada953dd1d18d5,1764500457,1764500461,2261,51608,,
0x0641b490917488774d3eeed388c6762d6ef9d373c4330dc98e487943320a9e6c,1764500457,1764500461,2261,51608,,
0x42fba8313e25f915984d39b24c6e3e9a64b08bd67cf35d91b4ef40aaf9e12abc,1764500457,1764500461,2261,51608,,
0xddd3125e4039246393d39b3d5e5b83d891d816095281619ba9cf91b2d02c7789,1764500457,1764500461,2261,51608,,
0xef2f3e645f28dba361797b537de4975037ef8097f50cd57220aedc78531f3611,1764500457,1764500461,2261,51608,,
0xabf16107dbe912d3d304f07116eae999ab0c750c8c3c6d53d9241ad29468a34c,1764500457,1764500461,2261,51608,,
0x5e371f5a9ee44ba5550c27604aef05212a7d468d552e9f3213b874b8d4c2c5ff,1764500457,1764500461,2261,51608,,
0xfe75363b7c9edb3cb019749c8b716df47c0b3b0249bfc274a453c8cd02214db2,1764500458,1764500461,2261,51608,,
0x5036bcacda8e3a6e4e51c2824b941492156d10568a576b89ab94fcfafa66a701,1764500458,1764500461,2261,51608,,
0x900c524dfbd59394adfa3b23f0a1ac1669b12e332964bfdbc2c556541d426739,1764500458,1764500461,2261,51608,,
0x381c121eaef40dde059035b67507ab54a67aa5508c950b3562f8ff66150385d1,1764500458,1764500461,2261,51608,,
0xaeb570f85298e3ee255fa8eadbdc505fa466fc4d8677f47c87e8eb879bf48f29,1764500458,1764500461,2261,51608,,
0x2b7ad74264d0ccb688c1c2430a4d8add7f0549763dd5eaa0f55a411f0a7cb639,1764500458,1764500461,2261,51608,,
0x81f083514e92183fb19969ba19e4b5a4f0a5c5ee375d0375bb5e2cb089316cb2,1764500458,1764500461,2261,51608,,
0xcb76e579f3b4b11da530cc5936c4653e1e0596dc0614ddfbfa9185f96370e7fb,1764500458,1764500461,2261,51608,,
0x413191f824bba1da7ae950fb3ae03b8224b69a93990ecfb4474557cd2014bba8,1764500458,1764500461,2261,51608,,
0x732306115e96da9536af88d5cbcb2a9db7dbb9782817d51329c4a7a6d9d07203,1764500458,1764500461,2261,51608,,
0xb6295ee460c2d5d10dc728fe0a34b965a7078f93c1cccb2544f9f0c27d8fca73,1764500458,1764500461,2261,51608,,
0xc3c590549494469a266d2c58364dc319e8f54d70ddc6f49bf9992b8f462fdfdd,1764500458,1764500461,2261,51608,,
0x0731dc3a640976c741e5d75f78c9f79b9f0908eb31133301aeb5c40dea06f398,1764500458,1764500461,2261,51608,,
0xd4db0062971c9422bf0741e113b81fc535671ea2b4b2d7a4301d6e3df939718f,1764500458,1764500461,2261,51596,,
0xc4df6573d2ce6b2c6d8cfb2d8772df79a98d4d9a511f38c538f6f5684abeed64,1764500458,1764500461,2261,51608,,
0x4caea5f8a70f96f064d7a3806f7349e581a075cbd6160cbad74933cb9f09d81e,1764500458,1764500461,2261,51608,,
0x640bd7a2a4a51748b16f7b794d3b510d634ec32735e154b7ad75b5be6e7d2eb6,1764500458,1764500461,2261,51608,,
0x59e5156ab6915f8d6584947f29929bf05dfa23d84e1cec94148cc56dd4e1fbfc,1764500458,1764500461,2261,51608,,
0x1b045a38aa4426d493f39797a98e88235dc503958d9bb814574afc344751a07b,1764500458,1764500461,2261,51608,,
0x26e60ad6810c81fa5010074632cc6e5582ddd1dff15854ed0794f72bf862d27d,1764500458,1764500461,2261,51608,,
0xd40c54351e42667553a8d737bc069d17bd317a2eb7515a49d74ca314d9d715fa,1764500458,1764500461,2261,51608,,
0x13dad2946e221268172678881c583c8bf3921dae4a80d15da409c13033745e0e,1764500458,1764500461,2261,51608,,
0x212693556b1682f5d77d49a9a485a0b31e9fdcd7413daaa55dc4389b52f7ae5b,1764500458,1764500461,2261,51608,,
0x98bf932ec12aaed5af3156d931617f53efdfd13f8fee0f871c0d96688a152b74,1764500458,1764500461,2261,51608,,
0x2e73231ccd3e6f7cb26228368bc8fb5cb248b31495936027e05f919ec1a9b60b,1764500458,1764500461,2261,51608,,
0xa2f2bc781605d2d097b5e94b164cb26067897b5e298845fb650ace19ffa57622,1764500458,1764500461,2261,51596,,
0x232dcba20ff900ec3e328527513ceba1e9db4a1efece9e1201b67c62a411fef2,1764500458,1764500461,2261,51608,,
0xd318766cf19cdb1e7cd78d9daa65d273c57fb2529c4d80ea3519e656773d47cc,1764500458,1764500461,2261,51608,,
0x9dd9812fd29727ec5dc160e141e6c32c1a10861791b9cd08a8e47f053307e63f,1764500458,1764500461,2261,51608,,
0xd9d70f174602d31c584b7d2161990018f6b312328ed30ef3aadaf4ce244a2405,1764500458,1764500461,2261,51608,,
0x77f74fe9d9fb45a800361bca469061f73cadfdb5280feff32ac53ba7357fcd65,1764500458,1764500461,2261,51608,,
0x9792cf1ff36d92b6bfd41b855b480119f8984bb964dac765487f048e7dd0796f,1764500458,1764500461,2261,51608,,
0xfbfcf24e8554d8516edaa1c792179a85b9f59770bfbfc6cb65a5aa50bc4f77ba,1764500458,1764500461,2261,51608,,
0x69bafac8c283a8d122238f29490d84520cae4b1dc99702db5e676b042114cdd9,1764500458,1764500461,2261,51608,,
0xa2728c19b39a97915f50947928d9aa8828621ca7602ff24a426b4ecc494d755a,1764500458,1764500461,2261,51608,,
0xddfb4f6a09da2719c91c821ad677cc4caf77c86d0a1eaa39eca3207d8f44daf1,1764500458,1764500461,2261,51608,,
0x74e85edc851a6ab139f38b288fec61e60e035371e584a74bc259596a31c2fd8f,1764500458,1764500461,2261,51608,,
0x0b778c19925721d792697582e31ef62cd5356b044b4ef95091af6f1388484e88,1764500458,1764500461,2261,51608,,
0x665cc74a4f084fc9500628c4accc44b1bd0bdd4619c343c508829aaf26053191,1764500458,1764500461,2261,51608,,
0xba95dfda06b9fd83932bb3f7436c7d9beb7a9a5afe8ddfa69ac091f12de2b468,1764500458,1764500461,2261,51608,,
0x9d14c7faed3de1c75c63b0b49c98d76657e3ce4e7df6f76e7d07b9a7e6981518,1764500458,1764500461,2261,51608,,
