tx_hash,start_time,end_time,block_number,gas_used,kind,error
0xedbd3a7d2d3114571607ae51fb39349c45bceb7cd71b2eb9233a70211e85e2c6,1764497438,1764497441,751,51608,,
0x9757647e1b8179452bfc3b0a84732bd44a3148bf9c0ceee753267e4cf3127dd5,1764497438,1764497441,751,51608,,
0x7a87e06e0ab3151c8d82912326bfd5061e33d5cd00056d683fc77a03188895cc,1764497438,1764497441,751,51608,,
0x096094aab554f2e6238c9a82c5164fd90185798c95cb2f8d249aa272975fba11,1764497438,1764497441,751,51608,,
0x9ef0e00248e4b1e2ca067d002bf9efd86ec2c39441658e1f96003c10437e2c39,1764497438,1764497441,751,51608,,
0xf7f0cad6a31e07818cdbc2f3f6da002b74d8a78fbf2953c55619bbaab7669d36,1764497438,1764497441,751,51608,,
0xa6038b8eb9e6543a76b466a0ff9c3c9c83d49088abb779d4ac51da20f30ae4ed,1764497438,1764497441,751,51608,,
0x6f3acf9fcf134bf0e342e6ef979f95a7cfdb066bab8c8a7f721ebd7f00c2af49,1764497438,1764497441,751,51608,,
0xb89b07991412e8428f61d4b7652f880f5f2ec68e5e5677cf035a761a2ffaff86,1764497438,1764497441,751,51608,,
0x83f09a0c025705f3e9e8dbc82a7cca774ce404a3ca0ce2018f8e7b1594cc6d6f,1764497438,1764497441,751,51596,,
0xd642d4b83edb60989c09203c3eb3ccfb69f8c73e64cc0e8552dabf355fef7e4c,1764497440,1764497443,752,51608,,
0x17734f76fc7d62abbcfb97951a36b286a8a2f8cf9aa8773f36b0aa7ba3a069f5,1764497440,1764497443,752,51608,,
0x6e3cd04aab6c3ac4b0474d096c6479fd9d4419e0dba4c098999919555ce231b7,1764497440,1764497443,752,51608,,
0xfe6ea1097a73347621b309be24be6e96910ee57ea9bf03f1a2ba881d8bf73ab2,1764497440,1764497443,752,51608,,
0x39e08a717b6310323708198b8b4e0b147f3038d2bbcd9664be7389873066e96d,1764497440,1764497443,752,51608,,
0x9c2ba04ffa73b6b651972dfd47dd7b2dba4b6ce0fc5958174fcf72b8865de019,1764497440,1764497443,752,51608,,
0xe12eaad36fc8f91a22ff7c2a9918a0570ccc0d324e8e385be4bae5ae5a7b60c7,1764497440,1764497443,752,51608,,
0x2e0d171e78f280d820bf809cb133940b62bb812069ceeeaf87d3c4c3bca13ba5,1764497440,1764497443,752,51608,,
0x982bb7802d6f86aad4e5fbf1b253556961a5d71fb5d39fa8a85ca984c3680e2f,1764497440,1764497443,752,51608,,
0x68bed50ae151799a3ea41eed1dc9e6fddc9f7254e6c360c39a9dbfe851e206d4,1764497440,1764497443,752,51608,,
0xb2f2b54d2a7f1e20a8e668a2035d9591b013242e983dff41e06bd6e1fa421697,1764497442,1764497445,753,51608,,
0x242407313a8b98c284dfaed2c8f69d6fdf43d61c2e617b0effb2186b524543e8,1764497442,1764497445,753,51608,,
0x5802ae90cdd5417ba3a88ad491520e6ccccc81198499b60644dae06345ba6182,1764497442,1764497445,753,51608,,
0x57f5527041ebe027911ce0d6034d8592b5e8c05f3e4b0c8a0cc2d99a30b749ac,1764497442,1764497445,753,51608,,
0x2031084a7e1a500b28837b2e209c860267a5ac1ad06db92a7e60cfe3c63fd9ab,1764497442,1764497445,753,51608,,
0xc37c1daffd1eac027a53a8795d7ab5b1b5acfdd3db198a591e7001e1e21e804a,1764497442,1764497445,753,51608,,
0x3730ce74b997041b7758463cbaa633da0a43b10f4605d3695929409e679c9a37,1764497442,1764497445,753,51608,,
0x23324f2b914a433d43d317858f2f3c9698641131d9db14102f31dcb1c1db7e25,1764497442,1764497445,753,51608,,
0x11abc19d38eae9afa357d3af6bc617bd3cf88db6fd4dd36a6f865071db00293a,1764497442,1764497445,753,51608,,
0xeee6646b521cd6819af61168d4acfbb8e49b3d8dfd3afda62d972386cbc8793c,1764497442,1764497445,753,51608,,
0xfbc0f58214238377ca01f7c269c3416ff82a66b6069e3730a4dc9bc20c7f740c,1764497444,1764497447,754,51608,,
0x18fcf3cb3e307d4751b6cbb3e3ea7d536aec7d0a89ef3aaaf5e8a86d930f4fd5,1764497444,1764497447,754,51608,,
0x5efc9f63c094b259e2ba5b169be85997254feca860ddfd35adacb7e31df72a3c,1764497444,1764497447,754,51608,,
0x99d2b2f5125199ad791d7924061f3894cdd33ab7170d15a0f500421ce350ff17,1764497444,1764497447,754,51608,,
0x718b8cb879b59dc4bbcd90378771b10e21df9de5f588968b2e9ee11315197d41,1764497444,1764497447,754,51608,,
0xe1ad95ba50a9a81d9b949fce0b72f82d88daeba8e511b932b338ccd63f5db24c,1764497444,1764497447,754,51608,,
0x7c49b70e54f924b7701e615bf349361dbe678497eee7be9396bd24c519136c0a,1764497444,1764497447,754,51608,,
0xa4068641d094107ef0add681444b7ef8b7314acc2725f388613585e4b5ac24ba,1764497444,1764497447,754,51608,,
0x1b2f65785b3a25b0b5874db81bdd02b115ec2f12931b2336f334f42bd3f4e66e,1764497444,1764497447,754,51608,,
0x8d2643f9d8225f23d6f9994ccc9e04cf455d809f902131f5faa020e7842fd423,1764497445,1764497447,754,51608,,
0xdd778efd9cf2d0733106ac311e5107ace7d30795fce3f8d02fc82aad0e47234b,1764497446,1764497449,755,51608,,
0x32dd46bca1fdf467c8b86cd19f3c9ac687e6b0e74bcf5b4b6a2ef83324f2e516,1764497446,1764497449,755,51608,,
0x5e48ed937b5b877cc6d51be5d6d3c9463bb1ca6124bbf316fa7a894b9546a709,1764497446,1764497449,755,51608,,
0x771b4fed6498ad1f3a4ab55973de3c8c87ef9a38fb384dd7e31e28241201dcd0,1764497446,1764497449,755,51596,,
0xa19b2142f8a93d9113c31486455d559f6b1435f8463084b93b7d23e552bf94fa,1764497446,1764497449,755,51608,,
0x5767375e2d3b1b0ecb5fb169f8d32e916dc45399705b37ef545028f7fff78478,1764497446,1764497449,755,51608,,
0xbd0adc698b28005e9273639b99b1823a7ff86743d0731a0c3d54e0ceeb06f0cb,1764497446,1764497449,755,51608,,
0x5c09f418bebe4352ea5f81e7cb9b960ba04f8cbe0f6f90cc2d8b8c4de30f077c,1764497446,1764497449,755,51608,,
0xf2d67671fe05c49536b23300933b998acc42e2926dc7eab01eaa3684435a36ac,1764497446,1764497449,755,51608,,
0xee86840afb9891728ee7138dd51d771b4d5314c2f08a978875facb8c7cf161d9,1764497447,1764497451,756,51608,,
0x3993403102f1c9f8b13be68ce0a66f2fadd8e23245b72275b77caf185d43dae7,1764497448,1764497451,756,51608,,
0x67e82f4f635ca3aaf8d6405a2c2257920d342573f3337b874c61252fb45a5e9f,1764497448,1764497451,756,51608,,
0xf478421c4398ed102ca71bb29dc6caa5a770309a9f27cadadd1cd8fcd52f4870,1764497448,1764497451,756,51608,,
0x337750306f651f1ea350e7c620e49532f842664d62aea92a3148fdda6125b68d,1764497448,1764497451,756,51608,,
0x83bf7e304a64a05483de86b01089bb2b5c7d2c998221b6d490ae1b9002630a78,1764497448,1764497451,756,51608,,
0xc495d874f1b15c7e4253378d7a5205e69d3439fc6e7f6dc62a2fae8ea175ff53,1764497448,1764497451,756,51608,,
0xae51854a6137e2d9969e8b11520bcc4f2a6837401c5d7937d5e42a821165b02d,1764497448,1764497451,756,51608,,
0x0c81982ced58d1fb03c40d7251c0431c628e1d5510ef31a9498e52d070ccca8c,1764497448,1764497451,756,51608,,
0x9b2cbebd3aac3f8d2e10e878c0a31be79012343f851f30ee1cf23c078a6be5d7,1764497448,1764497451,756,51608,,
0xf7470b8ecf123e36eae76e4c1b76d1a68a84787c984b88714d65142f6cc6ecf2,1764497449,1764497453,757,51608,,
0xd08a7d7ffe85df1cb2dfeb2f346a696e7bb712f1bf4a7b555914b5c43afcf4c2,1764497450,1764497453,757,51608,,
0xc8cf81d54831b3bcaeb32d35c83d205c9afa3ae1e36896bef3697211500211a9,1764497450,1764497453,757,51608,,
0x81f46b39c22e33e6932df9a946cbf4485860bd80d5c981ef6728c11b79c4fb5f,1764497450,1764497453,757,51608,,
0x5fc8612f7e02043ae5e8a77234b7a1fc1a63d5292f914efac264424856c032f8,1764497450,1764497453,757,51608,,
0x6461258833c2cb867dd3d3ec88cd0619186004abc1f30f3c68759216027afc96,1764497450,1764497453,757,51608,,
0x04276a0f3643dcd2256eb4f6820af4a1329711b8fbf6ce8b49feb3dd3476c550,1764497450,1764497453,757,51608,,
0x3ab9447d155f78ebce5b3a0d85a3a5118c21627b9af8a270329553769fb573df,1764497450,1764497453,757,51608,,
0x1aea2da3e5e3eaa63b7a38779c9cb5d6efbf60add843a8b42b927de25b92e263,1764497450,1764497453,757,51608,,
0x61c01b358e5e58b65b56f90ebdd3315cd77472005b3fcdd4328f4cc33660fc60,1764497450,1764497453,757,51608,,
0xce04b4b4745c589137338118529154e1c101757d33988d4de8e02b4416a6280d,1764497451,1764497455,758,51608,,
0x016b7f3f4e954dc691175985c3c01205bd820db6181aa90310cdfe3212876735,1764497452,1764497455,758,51608,,
0x30b4fb088b74c7d6307248f597f91edfbd547f974547be06b9465b1f4d5a3018,1764497452,1764497455,758,51608,,
0xac2b6351de8b4e6d2c09d29f7c24621183d645e65cae4e393d1bdbb0a9664aeb,1764497452,1764497455,758,51608,,
0x01d7d037a414ae92999b5ba71e9e1698ecb71b7df7985a7f09c466513f41ae87,1764497452,1764497455,758,51608,,
0x12ca49e296b1ade7fb370635ef3a5e9bcfd1bef8df767c27f12ba4b5b5ccab5d,1764497452,1764497455,758,51608,,
0x092fd0ba1400d4187da096995068efa7b4ad68a990ef6f9a35b4ae8be010c3fc,1764497452,1764497455,758,51608,,
0x1462d5907eff93fe98d4f2d03f49d000dd465d73d119518a648fe56f13aa6c59,1764497452,1764497455,758,51608,,
0xff09cdd9bc489161726cdef9e301992231abd8ed4c926406591300e3eff5f5b8,1764497452,1764497455,758,51608,,
0xc419ddd33dc4d70faec115c508325bd300fad28d6b86691195d83a593ff5cbbd,1764497452,1764497455,758,51608,,
0x9aa18ed73acbe9d0b87afde1458db935958e30d6a09981a9698b171b63540b7d,1764497453,1764497457,759,51608,,
0xaa77a2793556def5b61b0ea748982347fbdbad3029f622d5f6d88df140585756,1764497454,1764497457,759,51608,,
0x2faea3bfb8c851b6e996557d32619cd78ea41091a57c48a330dff9b01adaaf37,1764497454,1764497457,759,51608,,
0x8e6a73a030458e8ff5dfd30d72bb80a9a77ba01b4670dd8b710e8493f4a63aeb,1764497454,1764497457,759,51608,,
0x72778e4b3ed57a665c511da94b9181ad47b3ee7982c15697d808689aaa52f70a,1764497454,1764497457,759,51608,,
0x55a2c67206a99c84892ea9828f5b3a609ae3a7def8f85e30c79848a9f701e1e8,1764497454,1764497457,759,51608,,
0x4119b708441e3f6a9a455b0b4224e025ea224de12e0cfc219e81937286012cbc,1764497454,1764497457,759,51608,,
0xce13e48bba7b58d8e0ad63707fb8d7b3971b38e73b09ab8e70ab77d09ee02f98,1764497454,1764497457,759,51608,,
0x1b3c30e70a43b48fd14d4ccc4bc2febe4eb1d1036c5cca0b844ef9a3d07daae0,1764497454,1764497457,759,51608,,
0xe7ed1787f4661c5ee03bbe78f81b69a0f412cbb18b6ada6b6f1a1d0b34fe37f1,1764497454,1764497457,759,51608,,
0xf00761f338dfeadb33e46460db881e19df17477863fd76b84a058cfe34582da1,1764497455,1764497459,760,51608,,
0xb92d4174dd96f4a799885da55b6d049faae60365ec96e32bd1cf439cd3d85b84,1764497456,1764497459,760,51608,,
0x9b346295a70bee5749267d090adabab6c18a8fcd4a47485e27813e429571921a,1764497456,1764497459,760,51596,,
0xa0e582b0bc410ed9faec1beff637efd741929b1181dab91418e05f1c0fab09c6,1764497456,1764497459,760,51608,,
0xb70fbbb97d48ac5d4ca46f5c7c3c97359a3a4f36f18bb577632a37cde3dce6db,1764497456,1764497459,760,51608,,
0x41a0828dcf0512c42734090fb69e1a27cc56ee755852de0cb7e6a38c08df02a7,1764497456,1764497459,760,51608,,
0x9ce995d5d5aeb120d9383196a39faffdf822971b08ba3923108f47787e9bdd3a,1764497456,1764497459,760,51608,,
0x099d564b7d9a9678bd79ed8365c280d3971000c76590a92e546d675d48843c54,1764497456,1764497459,760,51608,,
0xbd2bfcb190b5605a517ac698260cd41e9a89a00f0d1b91ba42a94cc08f287e9b,1764497456,1764497459,760,51608,,
0x276014a94589e55f2ce68ea3e7b7fb12217b698d98a3a794376ca12a33a6f2c1,1764497456,1764497459,760,51608,,
0xaaf60885748b37d50c8e12456a3566ffbb1f7972ebd27b93ebb7e7b4aa19b5ec,1764497457,1764497461,761,51608,,
0x65eae0de7eeacc07c79b3ee618076f73f7d1c75d7011c0e1020e9cf33d03f3ba,1764497458,1764497461,761,51608,,
0x36a460f5f5398d2412482e6ce91fa8c8940bda75fb7a2687bcf2ad71b5ec3a82,1764497458,1764497461,761,51608,,
0xb5d3bfbfc5731612ec26decfb5a389c456a47b75c52f091660d6812bf582a5c7,1764497458,1764497461,761,51596,,
0xede0806ef22f85d42d27d08a23c30e4f04a10485968290f7a67ee53fec3249cd,1764497458,1764497461,761,51608,,
0x7bb91af95a460557aed776af9723760f923d9385a3ba4199f4d130a7ba0a7e06,1764497458,1764497461,761,51608,,
0x386a557a7c4f5c289f1b0dcc64e1ba4c14158523f463c377980629da8a1cd2fc,1764497458,1764497461,761,51608,,
0x7e04a921ce524fbdb677c525bb6e48d6cbaf83a8f7b7e01765cca873757edeb0,1764497458,1764497461,761,51608,,
0xdf9a822d1a1ae1e879f16002a8895c32fe13e3979c655650320aa19957679835,1764497458,1764497461,761,51608,,
0x79ef29cb2c2a9016a44d6ca0b5c7f8149aa7504a2da2ca45c57b7b0299849e5a,1764497458,1764497461,761,51608,,
0x0bf8e5c8b03f527da788ad2f1b640c876b90f718ca60535fd774a9b7fd77704d,1764497459,1764497463,762,51608,,
0x0f9250a6b3ce89e608b78c950762225ce8721c76aa0fba7afb23e7381b74cd4f,1764497460,1764497463,762,51608,,
0x42ffedff04afbe5d4a723ada732300884d1153e367bef9bbcc967077ac0947e7,1764497460,1764497463,762,51608,,
0xf3cdec310cb30ee3c931173c891357af8ee86b24cfafb80d8518951f51f07cad,1764497460,1764497463,762,51608,,
0x47e9ce30b0a2a2acc1e0bdf917949d078dfaf8d3b0b125a8af2a9d9fed0f9c1b,1764497460,1764497463,762,51608,,
0xcfb8138e488979adcd440ceb0d380a52aa0c59c80123709a496796ffaaf32dcf,1764497460,1764497463,762,51608,,
0xf04b4e82bb878c34056f8e6b5bee8329564f39f8a2db2b79fccfed2b59d63c36,1764497460,1764497463,762,51608,,
0xa7a368fe793c5fc6be17e459e77d3f0bc272d042fc0cabe84d8dd81fdc8f34d6,1764497460,1764497463,762,51608,,
0x71bc9f4695980e6db6e822f05d5d6f8e47dddcb097b819e49dbce8bc46c3581d,1764497460,1764497463,762,51596,,
0xfbdf13f422daf217c745aebb16b8b42e00fe926cfc0bb35b4ae1225ff262a556,1764497460,1764497463,762,51608,,
0xb598ea02303671b185bb64a383b142510d54dd993d6c5e64d38e1679929ddd1a,1764497461,1764497465,763,51608,,
0x911c6131f56778efd6558416ad31c68423c92b9b11134c6eee00c16260f0176a,1764497462,1764497465,763,51608,,
0x7b41def3372e1056aa49147d589483c7be75e39a4d58a2f391c41c8df82b8789,1764497462,1764497465,763,51608,,
0x7c0fdd9e18e5ff83591a487fcaafc7b51035b60f260483d55b0ca7d0089e7f14,1764497462,1764497465,763,51608,,
0x2a0a613b7d745b954cf27653d822510618fd79a58c554fb5bff3ddac08b381bc,1764497462,1764497465,763,51608,,
0xdda21be2e1118b978730c09dc2d47e33f01f0077636d523b1546fb8ed67247b8,1764497462,1764497465,763,51608,,
0x4f0f0b84bffca04f762dab4053349c758a99eb476cfad7f867d9c1785b84547b,1764497462,1764497465,763,51608,,
0x6858936940fb5b469bff69e0fa8a05afc7f36707e8bcf3f374137de25605fc93,1764497462,1764497465,763,51608,,
0xf3b8b24fd948bbd2c11ed2592d28d6c8f36601dbedaff3590bb25b20450a154d,1764497462,1764497465,763,51608,,
0xe7a43d6a6089083017d1ea21131441d96a4545a4b84cab35b6f5de9c6468583c,1764497462,1764497465,763,51608,,
0x78bcab151e15392501863c70ffa4c7ead42c8dfffc9c14d8972e655fd5a02cf4,1764497463,1764497467,764,51608,,
0x441a8f66319ff768d0769c264705485db3a2f167faab5b8694cf4590633cdcb6,1764497464,1764497467,764,51608,,
0xbce188854804482f2cdb9a6e49187e3b7dc4435436b31ee47066dc156ab1193a,1764497464,1764497467,764,51608,,
0xac028d994ade8a2949259c163729ebecf57ac0355555a08489e527a35035f026,1764497464,1764497467,764,51608,,
0x00f0b37dcc86f343c3e59c99238fb733aead958e19db0abdaa968311d5635499,1764497464,1764497467,764,51608,,
0x90f6527427233de5a5c5c40f24a4c9bc929a7b11179b58f348e68f0a2b596f3e,1764497464,1764497467,764,51608,,
0xf7daa00d481c648b1096ce70523d29994e6ab4e8b32e2569b8722e8e1bd6af2c,1764497464,1764497467,764,51608,,
0xc5dd0a9ffdbe2809693cc61171c51334b0b37e1aea0f3427689505354dee81a2,1764497464,1764497467,764,51608,,
0x8c13ecbbeeb1252f421ff5b53569ec3101c3001d5eceb0618c0f9b0599160647,1764497464,1764497467,764,51608,,
0xbced7ccab846181f04dac408d4dd2b7fb1bddaa107ed499c5ce55702d019693f,1764497464,1764497467,764,51608,,
0x6d579d67092abcf5925341eeb8a7129caf6c45065f2041f2e2569dc9fd29bd12,1764497465,1764497469,765,51608,,
0xc00e7de7ea3a88f03d320c6573d8419e3f857e5834b6b88d14e0b44f3c4a21a5,1764497466,1764497469,765,51608,,
0x06cce2238079bae40bfdb079f68e132eeea0a2cd592625d5f722b1da321df522,1764497466,1764497469,765,51608,,
0xda8008f09e2e0b36a55b2bdca9df79a629608469b4ef9d0aab7e958fe2da7fb8,1764497466,1764497469,765,51608,,
0xf4399204f08df115db1b15c417fd309bdfa40e07b85d5f56bbadb3ed2d034bf8,1764497466,1764497469,765,51608,,
0x3aff58f19702248b6d4ac9e37e9e67365eda16e03ee60d6855fc8e34889e94e8,1764497466,1764497469,765,51608,,
0x9b95215dba8d5bf6325d989ea89c5bdbc834dc0d078357df3ef8260747a581bd,1764497466,1764497469,765,51608,,
0xbe104f50be26b8ab2b5a20f84622b8c108b79b9f606972312ba3ba49fc24f7a8,1764497466,1764497469,765,51608,,
0x6e8014a3d517e822a5dc03ba256a16d8068800b8a166abcc70119d2366e925b8,1764497466,1764497469,765,51608,,
0x6f983e81a3437aa033f43dbe8af360531225932b57ebd7f9c42fca2dc1662ef9,1764497466,1764497469,765,51608,,
0xe9a78da04950481f64fa3445a5665ec431f304c67b3df04efaba4f2c4626169b,1764497467,1764497471,766,51608,,
0x4784c7b60f8a490bbb21e3cdceeeaa3929bae0cb4cbae461322796deb6bd5fda,1764497468,1764497471,766,51596,,
0xa0ca4a8bcda027b3ec66d79ab200dfb80c382d56ad3eef314d475a2cad352be1,1764497468,1764497471,766,51608,,
0xb6d5c980fadc4bba6b14aadc6704fbe963a1eda747cf9dfe373ec3abc37d55d0,1764497468,1764497471,766,51608,,
0x67af456231dab72e90d4260eb0453c8993356edcdc47bfadf82a0cef1e56c6cf,1764497468,1764497471,766,51608,,
0xfff10d0c3514ea63dc52b12a07c37e18e321aa61e4d44db37d2dea1e96192dd2,1764497468,1764497471,766,51608,,
0x2d01547737de85cf65930a9f9b7f91617d25ae38fa39938d0be598bfaf10281d,1764497468,1764497471,766,51608,,
0xc7463d1e26c27b19a0d721d9a84d223114a928d8b81906f48c204b9c024f201a,1764497468,1764497471,766,51608,,
0x7b4d5dba670f8ac2583a2a8844e10fcded1a6dd31a8de5fe85b97bdfc5bddce5,1764497468,1764497471,766,51608,,
0xaf9cf85db17dbffabf81b85987c9373158b2c0d84be632acfe98bb16ac50ee22,1764497468,1764497471,766,51608,,
0x63c4e8cdd5df9643a4e53f5c08bd3fae1014ddd41b6584ab948e9e0de401ccdc,1764497469,1764497473,767,51608,,
0x3ff0a09a9937ad3b4a549ea317c7f1c656732713a5a5d22b5270cd9ed3b94df9,1764497470,1764497473,767,51608,,
0xa6a6a10a076a1ba6ddb51090c7dc394e10d45d9d2be92ec6cfee601aaa429227,1764497470,1764497473,767,51608,,
0xa93fd29edd4dd431633efbd09a11d537b09c6b2024ba0b703eb4620a63db80b6,1764497470,1764497473,767,51608,,
0xfa8e24045c558f13bb6f623fb7fc82cab1463ca3dc74b2960dc66a048acc5875,1764497470,1764497473,767,51608,,
0x6036d618dec15248fc4f27c631b53897d864252ca01bafc997ea9546888d669b,1764497470,1764497473,767,51608,,
0x33eae65a84638bfeb1c599afb610c1619ecde9b3285c65bdd802811fbf26192d,1764497470,1764497473,767,51608,,
0x2f0b2e57e9fee782fce94c2b1e7d1640f940157621034fef81bc77cbf8dc0654,1764497470,1764497473,767,51608,,
0x2b34f8152a1126e135b8f502797d5ae00c21b90c1947b9453729e1592c8e7cc4,1764497470,1764497473,767,51608,,
0x61fdb751f43908ca657ba53d7c10775c958ac6c1173a7aa20e979da2a7e115bf,1764497470,1764497473,767,51608,,
0xe7edc830a4f4cd12095d3433cd6c5efd64d958946d7f154913c181fc563078ce,1764497471,1764497475,768,51608,,
0xab6e522d84ea3df10f096220f24b12705d7c12172edfbccbafa787eb1d148759,1764497472,1764497475,768,51608,,
0x4b760db52a94601f1a4489c15c4b4b570f1721ef6b75f52fac1561bfc8b14d7a,1764497472,1764497475,768,51608,,
0x0ec5ee400edfcf737a880e9155b7e619816d35bba7526066f94eddbbf2122a25,1764497472,1764497475,768,51608,,
0xd4cb0747ab79706f2203400c6996d7d71971fe3a287a6edc7eb69c68899aa11f,1764497472,1764497475,768,51608,,
0x407784352889cba1e5dde1f4fe55b6d222374cafd99b82eb892e3ba2473776e8,1764497472,1764497475,768,51608,,
0xd9018c4bf561f600615e39686a9b04748b6ae50a91f36d34e3c944259f9e6f76,1764497472,1764497475,768,51608,,
0xfdf99878719e12f87c3a887b0af3b9915239c7331b5b3bab5a42a230c2ff15ba,1764497472,1764497475,768,51608,,
0xb0ae993b5cb1892cbbb6405257bfbe5afb7b9fea237df0e9197850d09a68d73c,1764497472,1764497475,768,51608,,
0xd70dce6d66d0fcce1a56dd16c916f139b8fabce7fc16aaaab5c153e97efe963b,1764497473,1764497477,769,51608,,
0xb24c8c794e954f12949ce8b344be81336829a425a96e63cc297240f1b3f993c3,1764497473,1764497477,769,51608,,
0x49b5275baec3fbd89fff1e9c88a50743503d7f102a1a6556715446b0a0d397a5,1764497474,1764497477,769,51608,,
0x6fbcf0508bbf154f51297009b9cb533a320b41c25ee2b0ef67b2a905a88e143d,1764497474,1764497477,769,51608,,
0x958c1645fff587cc37d932e5cfc89eeec83cb5211e3e93076b707937f272c961,1764497474,1764497477,769,51608,,
0xf0dc4a97f0536784154b3bd5db04bc7d404ee4a174c102a7d8bb32373dd05faa,1764497474,1764497477,769,51608,,
0xa85a33a7c5795d1766c68268d6f0642de61fed4faa75707835be933d7f46ace4,1764497474,1764497477,769,51596,,
0xf4e56dbbaeaa1b8d62c788c836dfcacb1dd0949f51d52e82e99e0c26430c9005,1764497474,1764497477,769,51608,,
0xa70951a43a3a2436c97b323464aa924de5ac77a913051111e4f2d8749337cb91,1764497474,1764497477,769,51608,,
0x189e10ab86a3ee13abf0d475acb0d0f07e82934e229f8fac647c7d18285c9fdc,1764497474,1764497477,769,51608,,
0x5310fd9bdf7553435ca16dd6ae06da12da06147c49561bea759aa02df814ec72,1764497475,1764497479,770,51608,,
0x4c73664f683dd0a431c54368a05c275b9bdd48bc0d8f25796c5d5c40304a1777,1764497475,1764497479,770,51608,,
0xd636af22930a7432f20b01a0f6a85ec89bb52aa29122edc843d6c071fd21a17c,1764497476,1764497479,770,51596,,
0xca9a4beff3bad37aef0ec55c39adec19f2522fb0c920f9b92e7a48cc4f8bc96e,1764497476,1764497479,770,51608,,
0x299c4a02d7a58697800f81be1bb84615a6bbcb720b3b1ab2aff9fbed73b48d5f,1764497476,1764497479,770,51608,,
0x684dab4a19f9fec735ce9876f40c17f90ae356d5b6c7d59805e86bf4431d0576,1764497476,1764497479,770,51596,,
0x92e97f6e448814bb16f9fb9da5e3208a8a39cc28d224d021e058995242abd82e,1764497476,1764497479,770,51608,,
0xdb2a6cda9a2948c937e65aeb4d729425900e89a0654df9f5b7fd66ca204046e8,1764497476,1764497479,770,51596,,
0xca83c86ac4f369a1035257be3e68b40355fa9edd656cc42b2e83db495f9f899e,1764497476,1764497479,770,51608,,
0xdc9ef5ecab911721177607aeb3fcc9cf1937befb77ffb8be18631ef08b75136a,1764497476,1764497479,770,51608,,
0xa7ac43b3e9684a6b91fca608b8514569db0e2141ae644244a889aa1ee428e93f,1764497477,1764497481,771,51608,,
0x7e21640be4800117d130867fd323db58011dcc7d169a5f2b26865f56febf58aa,1764497477,1764497481,771,51608,,
0x72c6ea88c4fa4588f21cdea1bb518be3ddf22f91aaac00adb37f833cd3a52962,1764497478,1764497481,771,51608,,
0x544cc18b1ad512f2779dd2751a567d1359c844e01fd58700651ad3268f41def0,1764497478,1764497481,771,51608,,
0x64d8b36a85f4a200a20042c0f1ed0569adc8b43f4d44c62c3c7f9cc42904c042,1764497478,1764497481,771,51608,,
0xb39708c128e6b10c8ef9fa4b188e819a0032449a218336bd2b3579fb37cb7d5a,1764497478,1764497481,771,51608,,
0xa49465145c5b71e74f088c80973e6aba6fd2fef9dcc870a92ba342cb30dcfae2,1764497478,1764497481,771,51608,,
0x6134fcf0084d67671785ae0887f1fcd04b351bfd856a3ba62fe8bba05a6c19ac,1764497478,1764497481,771,51608,,
0x8fe4d51c81cd57d7fed53886478cde357b59be20e63c95eb2fa752823509d1ad,1764497478,1764497481,771,51608,,
0x4a957ecf4349a3041c9a56d1722b9c05d0cefec443a0ab5510c954f642604cf5,1764497478,1764497481,771,51608,,
0x3d08b46541b3d1c45476bc1b6853774bb863144606cfda73fba67d37394e00fd,1764497479,1764497483,772,51608,,
0x1348115619dea37f521ad882010a90af5e245b109f6004ece32cc4a027a4fafd,1764497479,1764497483,772,51608,,
0x692bc82fd288ff1fe31295cfcb85bacca609384d9b9d2128f40db76b8f1acbb1,1764497480,1764497483,772,51608,,
0xc08f253f3623e69cccf086775fd23befacaf7d3d86118fe94a7caa744ae66a98,1764497480,1764497483,772,51608,,
0xf36e76f615615e33db34584b753df3df355ba54fee013565288696b2a62f6a7b,1764497480,1764497483,772,51608,,
0x066b7fd8c5b5cb1822629fb85aee897862fbbdac19f47bc4cfcb3a86c9d70c77,1764497480,1764497483,772,51608,,
0x45b3a4ce420b4179a1a2906510306335c8cf32a67cf7f9c64a868248f19d1d3b,1764497480,1764497483,772,51608,,
0xb738f6fa22d30cf38f3284e7151e0c7235c32935ba09d29dc864a62dd7561903,1764497480,1764497483,772,51608,,
0xf10d6187df901975c688dd88dc9ffcbcccad27e919407ba1db420f137f28bf15,1764497480,1764497483,772,51608,,
0x9fce9cfc75c830a800cc10c60c16940c8cbca37d2b679c2bb7bbbc4f162feb46,1764497480,1764497483,772,51608,,
0xf712ca145e1f2c2e85a71c29eca5778bc617eaa86630d75681c131c5a8ba9d27,1764497481,1764497485,773,51608,,
0xff8f2440907c0a655948ded20350559b85394fd43cf01bab8739e13573b21495,1764497481,1764497485,773,51608,,
0x3e3bf7a75ab566de974e3c0cc5a3a62e9913e3a763a176b9dfc32254c4812cf9,1764497482,1764497485,773,51596,,
0x787c9b34a20aaf8f92085a0961ea43c631624befe84ed15f0df3e50380f98456,1764497482,1764497485,773,51608,,
0x2c221be850a01eff6a7d56dbc3278a31de20b2af52c8287c16481ee1eb8cbcad,1764497482,1764497485,773,51596,,
0x8486b5fa3d57f42d289f6b08f3b62bb7e4bc1eebfbc50d05c241213fe54acab2,1764497482,1764497485,773,51608,,
0x1df9a525b686257ff530764ebc31adcd98e94f77728c5e6fa689fe8a2a1e8cba,1764497482,1764497485,773,51608,,
0x1ea5ee2c3f1ea4fdbaff0b5556bc743f522f397789448fbe137c26ecaaaf549c,1764497482,1764497485,773,51608,,
0x7de1d7addeff4643f2dba7fda745d6281c29dcb9ea49a7dce2dab923e1943621,1764497482,1764497485,773,51608,,
0x35477af77397e912edaaaef1828c2001ff4945da7d10123d745a768689ba7e35,1764497482,1764497485,773,51608,,
0x6b7abe9435f207290d02992fd0023621b4a224110265fb9d454673c8be3c48ff,1764497483,1764497487,774,51608,,
0x110a77a170738756065db4b53c69edf55d191ed207cd91b3be2aaabf0a583e32,1764497483,1764497487,774,51596,,
0x74ab352a9a91c0863559fc4ff71fa8c0341ceae574c036a0bf058fa032741af3,1764497484,1764497487,774,51608,,
0x33e97de44dde66754019822968e47cbfc4ff8bd2121f4f0b26df6e7b170f53cb,1764497484,1764497487,774,51608,,
0xe6d64baee1edf5c1d64294871e34cfe60a43426c47508ce76fcdf6f20624ef04,1764497484,1764497487,774,51608,,
0xdbafaa4f2ba6741ef83d4a560f3dccceb7b8d95f8fcacd9d7c0986604c62b2c6,1764497484,1764497487,774,51608,,
0xd4b26f9d572340850dfbc2d8b751acd2712842cbd2b11ec4c41a5b21efb7defa,1764497484,1764497487,774,51608,,
0xdeec3fc6f289a5644b31d6003d7952a533088de03fb27a0230129643ed24ac3a,1764497484,1764497487,774,51608,,
0x60a2e3b961c3e92f4e97ec8ed242702c75518f51f65ed43fbeb4f7465f27750a,1764497484,1764497487,774,51608,,
0x0a486b8e6a2d83041efa86d36302127a51de5fdccd29b10c751f12fbb68d6767,1764497484,1764497487,774,51608,,
0xd5223fef8ebfad7c29b877b0c4bd4da9d32b6e70e0ca1ff48d82d2ab04b9854b,1764497485,1764497489,775,51608,,
0x15cb8b750bb65c874f989716a27f45c470c56e479f22dbf4bf57ec09cfdd9890,1764497485,1764497489,775,51608,,
0x72687b29248fc388bbd8d956fc81b27ba83bffdc1d60eac9055c03d53b23c8bd,1764497486,1764497489,775,51608,,
0x8ab5905383a20b7af9812721e43c52a1fa852f5f0abb278990d6c36040a312ce,1764497486,1764497489,775,51584,,
0xeb7c20cc8077843ba6a20910627375f62fcea8bf796ed57b2c9cc165b54280ee,1764497486,1764497489,775,51608,,
0x35aee0b31a28b8340802e10c2ce3aa55bee9c158c0034caa5a85664a2bfef38b,1764497486,1764497489,775,51608,,
0xc9474b18594ca99b8bd522825560ef74a6ff2b25b9db826da793ca659ca49920,1764497486,1764497489,775,51608,,
0x97b9adf2afddddd35f61212e8d287579157b8546ea97bd05ed95f77fce10ce10,1764497486,1764497489,775,51608,,
0xf346be36f1d7d2968d49e12c6eb0c7a767788c61690afec4ba0c3130cbcb65d2,1764497486,1764497489,775,51608,,
0x789972a48e9e9a63aad3b406711a9cb184ab175095e58e20f83e7f4c126cf047,1764497486,1764497489,775,51608,,
0x628920827ceff85213b4f7342273e7f07922e28716949db8898e88be1c23a407,1764497487,1764497491,776,51608,,
0x185eb7d5b90342288b1664c00a87bdcc4fa7f9a1e4c9d188144678785b2c8c46,1764497487,1764497491,776,51608,,
0x436015676bc4cbc59684ca4fee38cc3f35fa8e493b2622b9434332630868b805,1764497488,1764497491,776,51608,,
0x9bcec3a3d63bebda0eae8acfb1f5f0bb495240371989a243393112f0203a9f26,1764497488,1764497491,776,51608,,
0xa8980562eeb068747775347dbcb8d3bd725d479ea21f6c5e8219123b540012b8,1764497488,1764497491,776,51608,,
0xb45bf3602df737b9c4aed021dd066bf695c422801b26a283945fa9555f8e5286,1764497488,1764497491,776,51608,,
0x3e239e455a4f0def14cc1b193a45f564d4dd9acfe911c68354aa88ee230220d2,1764497488,1764497491,776,51608,,
0x774d5df3fa6965e00e94828ea7e92b71c746a42ad67492209bcdd2d29f4f1bbb,1764497488,1764497491,776,51608,,
0xc8d20adeb917756ba23e0947dfbefbff5e5ece596e5c23e61e5dedd7efe29053,1764497488,1764497491,776,51596,,
0x9b378037d2f905cc86e044c65c32147cb9756974c66f7f90b46d12cf994f954c,1764497488,1764497491,776,51608,,
0x29d73bbe6b74d4613126f8d20d433f649c4336dcc09c7616f2bea5b8bec1e910,1764497489,1764497493,777,51608,,
0x6722d7b89d301de64b5133ec28c572d54110507c022712d5a623aa24a378f515,1764497489,1764497493,777,51608,,
0x4eeadf1fb7200786f9c163adf114f8a8e41df71b98e0eec7d58bd67e69b28dd0,1764497490,1764497493,777,51608,,
0xe7227474af3012d12e60ce05448853a8d4537cb51f77bcc4aa103eeb3ff9d176,1764497490,1764497493,777,51608,,
0x9b2ecd3e865ef72734b0bb53206f03afa5e344ac38ac34c31381e02dec722ac9,1764497490,1764497493,777,51608,,
0x9fc8a6d160d92271bf2b443a4736af69bcc97a554a77d1ebb53058d6b42ff965,1764497490,1764497493,777,51608,,
0x675800ae72ef0fecf251d9aeb3f32d65cd4220a2349db194ee04cf84dde67f84,1764497490,1764497493,777,51608,,
0x1b1ec365b5b616c93d6d5f31e597ef7302135b12b41e7f5e92ca9b11753ab2c9,1764497490,1764497493,777,51608,,
0x9173eefe086265bbcf5acdc40250fcace77a9dc9455f5ee4a338dd085a5e7fb6,1764497490,1764497493,777,51608,,
0x172b7236f08fb9326108a1e6f250d520f4a578812e39d457cd0ae0a5119403ac,1764497490,1764497493,777,51596,,
0x8103a325c456ed07691091e749b697a1801059f68a9f6c3ff19aba3bd1ce5404,1764497491,1764497495,778,51608,,
0xa55e2c288a3c098bec702842ed465c712c11309e5bc1799f41a511948b0d1936,1764497491,1764497495,778,51608,,
0xcf776970b31cf24f548b12c093957805f63227e992a5a06cdfee1c775a7b302a,1764497492,1764497495,778,51608,,
0x298e4737fded6cf0bbed3ade22996113fe4963295768a6c7b6cf3bea6af6a004,1764497492,1764497495,778,51608,,
0x05c0cab8afcaf89eb94a46f4ae2b5c019ebb816d9fa33988bcafd0990993c7fb,1764497492,1764497495,778,51608,,
0xe8f69097e41f03d6d47c4886b12fb4ca8fefd7d35a39cdd70acb6750be5de9a2,1764497492,1764497495,778,51608,,
0xec97159fe963ce20ac6c5732fd827c10dd510b025b5303eef9295f21cf3f62e5,1764497492,1764497495,778,51608,,
0xd229deaf844508a893f1c6942313bcf924abe0c84bfd79c6e42a049056e7064e,1764497492,1764497495,778,51608,,
0xb757e2276feac5c275c37ada8e2acab48aec188fc4f1af1e153c1f6708a50f8a,1764497492,1764497495,778,51608,,
0xed45c0af2e71e164b1f826c9a1bfedbd6091e2db5b7d6444a2ef687a18acea9c,1764497492,1764497495,778,51608,,
0x8ae3c6e2cee61937e1045f48f82899f95ae62d6e281b7f6e73fe1d55acde53a3,1764497493,1764497497,779,51608,,
0x01f21791bf6c5c941bbf92ac2d152c6129a89e657e9ffe4dd41d7c895ed99f1b,1764497493,1764497497,779,51608,,
0x20edc21d615c2f51939dffd1e8835e3fbf413c774c99f3899d9a3071c5e406b7,1764497494,1764497497,779,51596,,
0x3575ca11b22145a188dd281c14bbe286bc9dfcffd6b73cf5ecef9a04b7ca2bfd,1764497494,1764497497,779,51608,,
0x2be93087e6c2a087cfd8be95d466805e4db05f39a809dd32da8a066215120e78,1764497494,1764497497,779,51608,,
0x25d32877fcccfe387e2579df1451d7b3464998430b0996c7efd8cab400b23819,1764497494,1764497497,779,51608,,
0xa319fb9d5b3bcb948df44415c2b73942103565a91f948e239bf0166bd4466e92,1764497494,1764497497,779,51608,,
0x22208436aab1333586ddef625846b9e478e23b9696d5ff0c718a0ea2f9561cd7,1764497494,1764497497,779,51608,,
0xba0a0af733897088f73d418e9f6f895c85e2140ec78346424f69925ac9809767,1764497494,1764497497,779,51608,,
0x4e25bd53d0c8ca1ef8870198d20449ce99e21d398d58463964854a57bacdcb70,1764497494,1764497497,779,51608,,
0xd431f1624a05bacfd8ce31d9bbd451a3aa08281c0e5f64d3171b2ca735f9bc3f,1764497495,1764497499,780,51608,,
0x96396760dbc4a281864e05dfd98d4ea3e1a8bee81130e9412cb09d33f29665df,1764497495,1764497499,780,51608,,
0x1b5c3f7b7e83a99e06576f23d274bb29c3d4da01a226e067884b133bf75f96af,1764497496,1764497499,780,51608,,
0xdf2cca30037bb848fa7a88c8e1ae843cbb3e62834e0c2b41730527cca87c2c84,1764497496,1764497499,780,51608,,
0xde2297a913bfb3038a1764f4ebd5b8d61be050bbe2b9debbcf76c023acf24ddc,1764497496,1764497499,780,51608,,
0x149805075df85f210cc208978f50901b555153ab4fa528221fc866fbba9f4184,1764497496,1764497499,780,51608,,
0x96a6bfe8fd57e73f9299ff7ced0735c122e4ad61a08bc5a23b6e6a0bd656acc6,1764497496,1764497499,780,51608,,
0xac09ef8441a397c9e2e952bd0bd799f3a0183f2b43f5ee61f68e48da826060a3,1764497496,1764497499,780,51608,,
0xf13c15c91a52889e5abd1ae6a679614142f700fee792cbd57368df2b5c5befa6,1764497496,1764497499,780,51608,,
0x76763d1e6c16e9b3b31010d1e501312191bf0b0774277a73b93c3aa3a64a6d55,1764497496,1764497499,780,51608,,
0xc393d6bcda9c83000156f9be6acba82dbf22102f5cdbcc6da8c8bacc7fb28a9e,1764497497,1764497501,781,51608,,
0x28b9b3e688522943929ad02f23c361d931dce61ca094e9543ef1a6520a278b2a,1764497497,1764497501,781,51608,,
0x0b7a00dac8dfd7b9164a6f30049602670b5ef40ffcdf73f523439771be6bdcc2,1764497498,1764497501,781,51608,,
0x073a0b69156225ed27fb94889c666ab18ea04b1c7429401615f55dcd76b8b5c1,1764497498,1764497501,781,51596,,
0xdc7ef2e0d67b4e3f44d41d429bb2f73f8f9c2206e3891d9058dd5380ba0d4423,1764497498,1764497501,781,51608,,
0xa4cd6d25c9a9aa5e182758e7c19c758525caf4f9e6d1eeeb7309bca1f0310671,1764497498,1764497501,781,51608,,
0xfdc48fac15fae8a9d2c6c673f1cf148e5fb5676b87bcfe530a5e5c08e64d09e6,1764497498,1764497501,781,51596,,
0x490583f7e5f82343a7ab1b1e4637dad30f643b1b3734cb5766ab2bc13b05a6d7,1764497498,1764497501,781,51608,,
0xfeeeb99a69a674d21ea0ac783e0a92e99d027168761fd9beb1b1215f3da80c40,1764497498,1764497501,781,51608,,
0xe75973f51b9ac76e9fb0cf51521a3849e1a86c878e73879651a5954cb640ce55,1764497498,1764497501,781,51608,,
0x26992ec205916dd5f61db61db5782b439535075cb327b29758cda1b9e12fdf4b,1764497499,1764497503,782,51608,,
0xa18e7e02b968377366ab99926852dbb44afa6115a6f77f42523122ebbc570e2a,1764497499,1764497503,782,51608,,
0x171820d365a2ac8c5df24bb4b174024f4a1948c9d32722ce254c64dd321ade61,1764497500,1764497503,782,51608,,
0xfd098d955d157374e2b635f5b87b9f92acf382870f12a0c885cb429b8dce6918,1764497500,1764497503,782,51608,,
0x15df40db9250d363fd3d6cfcdc366889c0b041cddc3240cf5431746b99090796,1764497500,1764497503,782,51608,,
0xf51170e7ab527d65f91204f719f7616e295d4f2f56286f56c5f4aa81b0840e8c,1764497500,1764497503,782,51608,,
0x82ef84dea6a5c720f8ddb777bb52ca85f9179e03354ebf6f1bb522ed91fb158d,1764497500,1764497503,782,51608,,
0xf84e3dd93f679eecdc8b6aa3cb56bfd93a197a249daf516fa70f0e032b576fb1,1764497500,1764497503,782,51608,,
0x7985c345cec08bceb4368781a1748584ac5be8ce66445e092d0dfbef4168ed29,1764497500,1764497503,782,51608,,
0xb89deb7090614baefc09d21ab692a4c3c471fabbb8baa8748159922ae3d46678,1764497501,1764497505,783,51608,,
0x14956e285b33bfc53eb57ac67c889037d654f53eb20f3a6d76670b4d710f5c9e,1764497501,1764497505,783,51608,,
0xe0f5a514b8d257a383578b5cc39270d9acf18631db5402fef713ebd2cf2dc287,1764497501,1764497505,783,51608,,
0x2966c620f265fead0ed4db33ad8dbfc05c3e46cb34ae5c129e34be5ed79562cc,1764497502,1764497505,783,51608,,
0x8719b84dc9ab732af94fb826838f08f5ba4cb226a40e10b34321aa12a2250504,1764497502,1764497505,783,51608,,
0x8204f5d26c9564368f6bc6866b49fa0e8ac766281091c09de77b99ab8f82b9a6,1764497502,1764497505,783,51608,,
0xebb9b00f3a9acbf78a42c54ae6eb669e53452c61459e18ec6f95e03a3173afea,1764497502,1764497505,783,51608,,
0xc24e990d07ee1303a9c0f80297c2967b397dd769c955515b3ca43e989d8852fd,1764497502,1764497505,783,51608,,
0x4495640042b431ee762531aa7b5fc5363ff14d773b03990abfadc81f478511d6,1764497502,1764497505,783,51608,,
0x4e05f85ef9a2c0342ff2d68dd5011055d536ca6a3d89f440beba618c4804fcf0,1764497502,1764497505,783,51608,,
0x65eeea682dd5d2aa1e18f3a5a3546663182b458061ea4f1316b84b22eae59632,1764497503,1764497507,784,51608,,
0x6e353e47658827c6fac0ae63a57911e2985e7b64c0615230991bddd40e7f219b,1764497503,1764497507,784,51608,,
0xaa143b7e57880900e93293607b49f06dd517056c85e4d65fa4111c87509287af,1764497503,1764497507,784,51608,,
0xb6235bd90f9ba12e7c48e6af01d9658da2ab56d83b9f54448bc42c97a8b2b563,1764497504,1764497507,784,51608,,
0x3f84b409e6fe88fd86a451f386a0ac70d08815c8eee23e58a61363ffcc1f36a4,1764497504,1764497507,784,51608,,
0x3ce955839203579ad5d2e0aafd97be9e35f3eae8c598ac93ae9993303d5e8156,1764497504,1764497507,784,51608,,
0xb4029a29affe6b851eaeaae9eeaade24636ed0837152009e0e7931f21bd3a0ae,1764497504,1764497507,784,51608,,
0x2140afab11aa417df2960563670e6cc7b5b656a385cad54651f0ba597909ae1c,1764497504,1764497507,784,51608,,
0x6f1a0810104e29c1772191bc90fdb27d7f9cc827722b141604636c8297c5a3da,1764497504,1764497507,784,51608,,
0x8a8d078fe59bc96bbf547e90f3118cb54c1f5b16ce766d7f3bd4f23eea128340,1764497504,1764497507,784,51608,,
0xca6d491920d176fdae3195237d60033dd7f876c0ec86ce4c3519fdc46fd02547,1764497505,1764497509,785,51608,,
0xde890d11305c599fa530d10d33e4a4d9edb823059f440d20613c60efaace48fa,1764497505,1764497509,785,51608,,
0x355da727ebc4ba5895c7cfb0c74c1420da61763525ac8ee90e75769f6833e3b7,1764497505,1764497509,785,51608,,
0xbbbb46276adaa24806517c2c4df612fef1fadcd825e8e9cff6bc8eea2436e268,1764497506,1764497509,785,51608,,
0xc34fdabcca13c3d5615e37bdd7d29cdc962a3baed61d5f5eaf52a8c1bfbf737d,1764497506,1764497509,785,51608,,
0x7c4e63ff7bb5089e7c3b8fc971079ec15685f9cd15dd5e2aecf8d383541d70d3,1764497506,1764497509,785,51608,,
0xb5a92bea396a293d15b46fd5ab13b49c582e646444ac37a7d58aeb61b93865a5,1764497506,1764497509,785,51608,,
0x46d51e1eac0bc4f76e1a87f8e7f1999e78cbf59ce6dc73a8533b2f0fdd48403b,1764497506,1764497509,785,51608,,
0x10bef1ce9254b16280dc8d2057ac3a6d4da1b6c82dd1d50e5fe81a7e5b691c8f,1764497506,1764497509,785,51608,,
0x5aecd7e7f998a3512f5f50a382ad807adb14636dd18aeca54a91c2031b034ad8,1764497506,1764497509,785,51608,,
0x44dacca6cc8d56a7b70b12c3310d3bc17928224841608c891e1596e83c4cd47b,1764497507,1764497511,786,51608,,
0xe521214c26b75e157bb626003c99f0fa2eff6a1345ae18faefe2eef353a850b6,1764497507,1764497511,786,51608,,
0x2003983a4e389a3b2ded0d248138410cf3b7e5e1324144018ea815a09b5e4ec0,1764497507,1764497511,786,51608,,
0xf4b7dd4743f767cd70c155f4fc0c534458072ca98c282aff6bba9bc212cb8509,1764497508,1764497511,786,51608,,
0xa90f4b7ac69a9e9460f266875ca9960c43c8767fafcae2937ace8beb1b5d2e18,1764497508,1764497511,786,51608,,
0x4e69bd4d629923bebba521860a772b5ad186b53f7b8720a0cc355a6e0be188ef,1764497508,1764497511,786,51608,,
0x295ace817ce33fe293c72f2cc671b7d5b0f89c9f3da4d27d819b397952ebbe28,1764497508,1764497511,786,51608,,
0x6224a9dfca59156f2dc00e2ac03f207ba79ea8a99f0f950a94c72c0cbce0672d,1764497508,1764497511,786,51608,,
0x54d7768ffd5549f0024ccdb16678bd3e40e419800dfd5c428e3f06c1fd633907,1764497508,1764497511,786,51596,,
0xa2b9eda0907de9a8ed28a5c4b61c3183deda4483a286b7fe8e205626c8768749,1764497508,1764497511,786,51608,,
0x886a82458d2eab096488493c697c6f2207c62120e0121813528d47f3c134da89,1764497509,1764497513,787,51608,,
0x06f877f35b1a32af11b3dd6a0ca19ae67bfbd51eccaf1a1bdc2418d2b82ceec7,1764497509,1764497513,787,51608,,
0x6653a9bb2d16eff0f17f852e3f7a1f7c0d5f3e408c779cf3f21de25dcacc6fa3,1764497509,1764497513,787,51608,,
0x9cb269133e6974e8d5e870d30f99f7470a60a1ca11aca041184eb3aa72579187,1764497510,1764497513,787,51608,,
0x08074e6e319c435abe0652eca94842faba72a9008f33f4d359eaa1bafa1d723c,1764497510,1764497513,787,51608,,
0xe6cc8ace4f5ad61cb71cebf4cf00c9853c417dd0bafcf52da74f39603ce2cb5a,1764497510,1764497513,787,51608,,
0xc794b02984f00dd719cd1e9803c5dd90e047aaf4e5ffc4d909a7867ecb3fc12c,1764497510,1764497513,787,51608,,
0xfb227eab3ae7ca819883bdfa71663ff2bc410fa35dfb0df9ae20eb07e1616b52,1764497510,1764497513,787,51608,,
0xd160e2e74b54a1e8f39a833ce508ff48f468300f2f26617898e75a3f1e17c23c,1764497510,1764497513,787,51608,,
0xdd3c064f4d646d68450c4a1cacd3d80eb89a5e8ef35a3a0bb2f7728efa21f4ed,1764497510,1764497513,787,51608,,
0x8d00d94d1c5c3f00762ed46e8c13bb19f6d42a79de4c2963de1e156b05a5fdb6,1764497511,1764497515,788,51608,,
0xdf113222cc7bb7ce06e04ef5ff64d7d1542de23ff5af3a2af81d5cb03aafb088,1764497511,1764497515,788,51608,,
0xa811c352f0a4312237fee4699afc921f6a3cd12be2965346def9a8c7e4d3c7ba,1764497511,1764497515,788,51608,,
0x818efa2f5920cab52e08da0a1db1df2e98862bea96d34408dbd9b1c0d24a749d,1764497512,1764497515,788,51608,,
0x9441936c50ec7709b4c361b1ea4a81fcb77cf35ba5f0ca494efa9c19975575ee,1764497512,1764497515,788,51596,,
0x1714e3bc46aa81c5eb3b648ff8fa374634dd55b821618bbd3bef72b06e1aaf89,1764497512,1764497515,788,51608,,
0xa6a3c979f7767917331ec2312fcd3a85c45814fba40eaf028142c9da14e5b9d0,1764497512,1764497515,788,51608,,
0x80ee6a63736bc9c000a66f20d7fe610aff4342efbefe5613109ea8e9e47797cb,1764497512,1764497515,788,51608,,
0x45280518ef0a7be2d21f7d9ce1c396458cfa282a34c589a58de57272ed989ef5,1764497512,1764497515,788,51608,,
0x35fc4c70daf701934d02d4feb3dee5004da0e7ef6e2d55f86140f9d9df551918,1764497512,1764497515,788,51608,,
0x552ce7044d0554556e595bf111db86ea6451759068bb77347df0e2c237713e07,1764497513,1764497517,789,51608,,
0x71660e5b750fe6c65a7425d3a6508c6feef09e2b85d513b4b6f055143039df97,1764497513,1764497517,789,51596,,
0x7e28de279e3c9fc0457505f8fc71de57bfaeb8fbf2f8fab255bcb446f3388887,1764497513,1764497517,789,51608,,
0x7582ba97e41d9cb5406071c74d9221cbe7ac6296b3706eb36702634f732f85aa,1764497514,1764497517,789,51608,,
0x8212ce6e8be7d9c5f82587c85ed23d6ffa438ba234f295b08fea07708259f11e,1764497514,1764497517,789,51608,,
0x3a337fa7d1b14d947cf041fa665f3aea8eddd9b6dbee22ee161d60aca37894ad,1764497514,1764497517,789,51608,,
0xa5d32d1cc29d151349fe269e3b848673f397ce605984d452529171d5b0da865b,1764497514,1764497517,789,51608,,
0x2be480e3f96948ff3103d2dfeb9a1b24173f62cd63c9eafbd72057e1520306c8,1764497514,1764497517,789,51608,,
0x1d9dcc551836e59ae27d1b9851c518783bc88fb9f12756ad358b9d27c9c25e66,1764497514,1764497517,789,51608,,
0x353fbe7a3c6df40ab69185aaab5ce8801b7c20596128cedc357a24591eca53dd,1764497514,1764497517,789,51608,,
0x729beca94eb6464cabc220911b4569031ab02da2629043e80d1862cd06e1d96d,1764497515,1764497519,790,51608,,
0x82f615ef4dd206fe0b73be59f7a93dea07339774696d431bb3e3f08491a6a942,1764497515,1764497519,790,51608,,
0xa0443418c7b0925a5ab30de692c8f4b9803d82b1a6d8c6b3ad18bdf99ee67775,1764497515,1764497519,790,51608,,
0x9c1252cf7f5b7ac194ee70d89b69f5582ff0ae86278bff5c5d9565a4e69debe0,1764497516,1764497519,790,51608,,
0x5321fb8f5453e482776cc8193f99126a37784c8afce88673347f7a846a1d96d2,1764497516,1764497519,790,51596,,
0xecca1800a42dea7094f0f1b3a493a756b8becc3fbbc409cf324c80a336510d90,1764497516,1764497519,790,51608,,
0x24006a69514fb219160c984b7442778c2026fc6939c4e5acd33cf9765d28a773,1764497516,1764497519,790,51608,,
0x0ef9d0554b19f718635fb3dcb43eb689847d93f6210545751ed6a33daeb82b7f,1764497516,1764497519,790,51608,,
0x7cfe3ab2d52a680dba432cce54d5e07c4d591c19d59c5fa6d1e70792a5feed08,1764497516,1764497519,790,51608,,
0x675847b74113a03636997210ddb8eca75ffb1ccaa734768ec997e60a9ed23ee1,1764497516,1764497519,790,51608,,
0xe8217cf18db0758061959c1e1bce1f59318c7d7d5d527362c9bcd674f77c671e,1764497517,1764497521,791,51608,,
0x16b2a941bdd6ca8b91de00441d27856a92d1438210e4aab3a5a76c7966316067,1764497517,1764497521,791,51608,,
0x08b3854b5283980691539e39985a0c1d620957ba0a0c22582e12a21af9979b37,1764497517,1764497521,791,51608,,
0xb0dcf8b8cf992a1e8d984a0cfb742a3461617aa3f4466edbe636cfe36f373604,1764497518,1764497521,791,51608,,
0x6242372a16d03d2afaa095f5b7f4261d3397471f5d9bef374bff94a11c981523,1764497518,1764497521,791,51608,,
0x6e57858b3879b6bfd4066894e56bfb2c2d6138522a8fa99c236887526d59ed51,1764497518,1764497521,791,51608,,
0x9dae3b5e7e70fe638669d9a493e74ac912e132bdf16c353bc978c932c0ff4749,1764497518,1764497521,791,51608,,
0x8714f7130704bf972f736013e456b2afa8be37f9b2d05ebbf91d6e412037a441,1764497518,1764497521,791,51596,,
0x07d5130e9d70ae64bcd2379f8937af276b6e803c4d3ae4130bb2a953a781b9b0,1764497518,1764497521,791,51608,,
0x59516329e2a1fc33ffb2e9250df9ed299527315af6e0daa3a3152c8943749ac3,1764497518,1764497521,791,51608,,
0xf0b4f8d29121077452bc15276e10ecc0e5a836e019631df2c481c093364627a6,1764497519,1764497523,792,51608,,
0xc16d7910517436c045c1f855bda8655b9a399e3aaa98d7cb774027bff4597b16,1764497519,1764497523,792,51608,,
0xe711c3290757b22100698a512526d764101996eaacbaf8daa4840e3993228377,1764497519,1764497523,792,51608,,
0x931ad0dd3d3800f8271d2cdbbda20bc011c71d6c56c32fb4a54e23c515fbbd22,1764497520,1764497523,792,51608,,
0xcd33794cb89933466d5eb30a9e86a8e41d6ba8023dc974e091c4fc29b41297e2,1764497520,1764497523,792,51608,,
0xe148b8137526174b65ce0ee139456e21bb5d65a1d3b120b6ad41cc06c139a4ab,1764497520,1764497523,792,51608,,
0x3e0e318e52043de34988218257aca31a67e8def0bfc769b51c9a05550e111d7a,1764497520,1764497523,792,51608,,
0x191334f3a1fed4e1404cee4cdc712ca62955ad7876b90444c5ada9c7849bc3fd,1764497520,1764497523,792,51608,,
0x117e5dbd97de789cd3b6bdf9fc63debc7e31ddca2a8a853e3e37c8d97ead8f47,1764497520,1764497523,792,51608,,
0xff7ba4844d50e9ec4bfb862bc8fecf8d2ebea42bb1ff72b209b280088501ce31,1764497520,1764497523,792,51608,,
0x0db55ab6c97e55e9a5440206742869df14c7d6ef14b7d3e837c06b097dd38497,1764497521,1764497525,793,51608,,
0x23f9197b99374f19c040513a261a758e79e29650a417e71f373d7a6a76610d6a,1764497521,1764497525,793,51608,,
0xd52f9d965d7d892a8d79a096b22b4fc4f352e339ec993d56ec3ea3f4a0575454,1764497521,1764497525,793,51608,,
0xf8447092e7be629dcf84cab40a3aae52332c769f230e327006c4ded3aaf224e0,1764497522,1764497525,793,51608,,
0x8869cf35c5a2906d834948ba37285a1e0a9e3d39b430e8f01242485c9f46a09b,1764497522,1764497525,793,51608,,
0x7ac01741bdd957f39b17085b1a0fc94d1bbd7a8d0d4b681e410e37b3807535ab,1764497522,1764497525,793,51608,,
0x31112489d8edbf1401508432c01cb0c7c6aa3cb716ba9ae9d61922121bb1187d,1764497522,1764497525,793,51608,,
0x7248526c36d3195e6bdbd3994f389d70206c8a6bdf6c4178d981ca40eb040582,1764497522,1764497525,793,51608,,
0x53f8c5a1d01dd3322be0a7e9b14756d4e3f2aaaf49f4195baa0b752617545e9c,1764497522,1764497525,793,51608,,
0xf4d4010c6f669da8a5836579eea68dc8c0f0d9df770eaad3c9fdf704ae280e9e,1764497522,1764497525,793,51608,,
0x560df8849e07580d38efa9e282d7a2c7a1b048085c606ae24b2db9f52030a093,1764497523,1764497527,794,51608,,
0xf2d41688d856c95deae63e757ededa1d7dcf2d22f057a7cf1ca46deaa735a477,1764497523,1764497527,794,51608,,
0xffe3fd3f4b3c16f07653132e5de98b51147dc2e8aabda36f8e3cfae838c39bf3,1764497523,1764497527,794,51608,,
0x526e1ec02fba1ae5ec924be3bc0f90083cce48fbd1cdce77a484d25b66201bd0,1764497524,1764497527,794,51608,,
0xec8d8b0055452c120d42e9afca9bc096815550c02b92a953c95c60dfd68f84c4,1764497524,1764497527,794,51608,,
0x483647dbd7af34a0b3477a9f20aa7dc01b195e184dc487015f00ce474e336f9f,1764497524,1764497527,794,51608,,
0x7ab5a35804c9a132dfbe78d33bde467f54d75a36a3d6a659727f6967f970af5a,1764497524,1764497527,794,51608,,
0x7258b92d669d1f9cfb8e55fe1f7e618932151d9868c022dcd1ba4770275a3159,1764497524,1764497527,794,51608,,
0xe2d0f3929f2b4ec1a5725cccf52ede69578ea827786fbba7ee033bafbe6f3e8c,1764497524,1764497527,794,51608,,
0x264d4520688728a5a8a4b898678b0ed1e87c70bb3218e3d0fb3aa85bcc3837f7,1764497524,1764497527,794,51608,,
0x4a4b868781a76cfa9a4c253e67d9239dd8dcc6d59ad44e4042651d71242ab77d,1764497525,1764497529,795,51608,,
0xa1237ab6d6282d472cedfb71c1ada77b6d14e7b841f12140055ac2571035b33e,1764497525,1764497529,795,51608,,
0x07d3eb98a01499662c27c49595597fb4466433861745f5b04a1a87db26f90e3d,1764497525,1764497529,795,51608,,
0xe19dd6758f785e468f7d5b8d2048d65b04a9ece42c306438666aea9fc75994e3,1764497526,1764497529,795,51608,,
0xe4f336a47cca3d89f814a13faa6a28fb22dbaacffefbee85528c39f178d8e3e6,1764497526,1764497529,795,51608,,
0xcae59e432dddb55baa60b9ad5607c74daba65df3a0d439937b12105c2d62dc01,1764497526,1764497529,795,51608,,
0xff5384f02abc3013d638b15b1f90e8dcff4143be778c37b846b477a77a299d46,1764497526,1764497529,795,51608,,
0x0052643c2f4560a5bf1bed874cffda276b5d29869cb6067942c98c58c7834158,1764497526,1764497529,795,51608,,
0xe636ba184a6f4f4c2881f2e1a9fd35629433596f9eddd885c609b26e17173044,1764497526,1764497529,795,51608,,
0xcb5d7a35ef3c5f0007cb4b66766ef633ce32796660f62254a0040fe960be1fb0,1764497526,1764497529,795,51608,,
0xe39b06f61bc6a123f8abaee14b204194e23397a5e3cc5087011939d3741752b8,1764497527,1764497531,796,51608,,
0xd256112a2826f56e7615381c45453079f813cbdcead630f27b97e59868347b27,1764497527,1764497531,796,51608,,
0xf3360433e8fb2f96fd48e8e7a9e4c031433e8b5e70c28c12e30690a159d2951e,1764497527,1764497531,796,51608,,
0x1ed4d62ac689cb27bc41082c4ab051eb95e8702205b02415a68bb5ecc547b212,1764497528,1764497531,796,51608,,
0x20d0ca19995b631af43b555c29f48b016b61e7797f73ca90056742813ec93e4d,1764497528,1764497531,796,51608,,
0x68461d70e5f7a09d50b2aaeabe8b52603d76a28b1b36739c3cf4fdcabb2b1d33,1764497528,1764497531,796,51608,,
0x72f79973eb041bdf6e7adcc6020be3d83d51754146a8281fb57c4b3e8ccd97c4,1764497528,1764497531,796,51608,,
0x3e6a7dd48374efd245462773ec92f76b609d11f2445009ff863b2851ce33a60c,1764497528,1764497531,796,51596,,
0x64741770c985d7cc43bc78ffdd862e41cdb26292d39e0c216007d27762b6a695,1764497528,1764497531,796,51608,,
0x8c265a14c3dd261d83bd2cffcf770a7703ae9ff7e9e48c75868c742f4035c083,1764497529,1764497531,796,51608,,
0xfee76f1237647cbfca28170510b6d323d8a0abe4c893ca7ae50450d0c2e85902,1764497529,1764497533,797,51608,,
0xe8c99279e29ce4764867e9bce99a1be6b21963846105be9b59ba7ab856947395,1764497529,1764497533,797,51608,,
0xa7339a35dcce9d0390af3e0ce1bc3aaea728b8c90b667144fb346b2cb8e88817,1764497529,1764497533,797,51608,,
0xcb24e12cb4f64c8c26f7b733f651a66f30de3d9b2dd6f8e79deb078c32503657,1764497530,1764497533,797,51608,,
0x729f865009b0f7444e8b85f4125dd38c0069af9a95da49b5ac3a6b5c2c1cb33e,1764497530,1764497533,797,51608,,
0x9e11bafb56af725da3ce9f55a2072fac4031104461b32888a336d4419cadea0b,1764497530,1764497533,797,51608,,
0xc3cacd9021bf4c120c11f79157ae295da781efa8481a4db0c481aef5000bcf9d,1764497530,1764497533,797,51608,,
0x83aac326c58f2baf66cb37eeddc47169adad651c834d6cb21d1557437736ce6c,1764497530,1764497533,797,51608,,
0x6364a8e87d58de749a62b8d65ab83065d165f47aa3f0535f23fe6b94604ee38b,1764497530,1764497533,797,51608,,
0xdafd52181ef73aaac57a71deaa6b4a03111dc66fe1eb714761852a897c9f0aa5,1764497531,1764497535,798,51608,,
0xb0f8b2ac0d1bcc53012ed8770338b4922dd33218a1bbdfa10ec4fff6499f25ce,1764497531,1764497535,798,51608,,
0x3ed58f617e5f794c659eb4886bdf6d4803edfb4ac34aa612ceb5f9b00ef11721,1764497531,1764497535,798,51608,,
0x055e73b2e6d1f951336b1a5bd7c57b1a62eb4c42556c087401cbef8a6c455426,1764497531,1764497535,798,51608,,
0xad11b9b6ee978ce8cc5cc780f410a7f0a59ab73e53aceb97356554492b5ad84c,1764497532,1764497535,798,51608,,
0xa1b64c40b48b0d0819e85acdde2bcc53f1c8e7ce8a2502a905e1b4aafb8ca6c5,1764497532,1764497535,798,51596,,
0x9f235ad5db6f4259db94d67e6e9e0a7b9380a0ea1a2de6811d66304ee84d4bbc,1764497532,1764497535,798,51608,,
0x332164c3d6a20a607830270ad50dabd4a183cd80bab57e0bd1475ea47a322caa,1764497532,1764497535,798,51608,,
0x2c2f2c30608db1d24e5b84bbf7bfcd2e12c30b3329e7f496e85a217f06f3ab7e,1764497532,1764497535,798,51608,,
0x8fcd02ecb0bb27f46e9633aad27b2fea04074fcac160dfcf9d37ab8368b6003d,1764497532,1764497535,798,51608,,
0xd3047a07353623a1b4b87c856d56a7e4d19f0cdab4e0d81b534efc272fa3a4f2,1764497533,1764497537,799,51608,,
0xed2da6ed7fa6b4a49677acd371138a87690f32c443f08f3817be4a4c4a946b1d,1764497533,1764497537,799,51608,,
0x8a5b59783d3e29943c8181d704c1d72d6c5a7389781a180456cfd41d755a78e6,1764497533,1764497537,799,51608,,
0x0d1e62594155692fd9e543bbc9e362a42c5ded61623c75e3dff50efde4450dae,1764497533,1764497537,799,51608,,
0xd1feb45ec24723a21c59101e7037b20b8b6047b8dd6592603389f7eb45e293cc,1764497534,1764497537,799,51608,,
0x7760b3d7021c36a6081b975c1ff8520f9897961975511fe2a9eb420a3e887698,1764497534,1764497537,799,51596,,
0xa754087962a1ab7cca3a6295f2a111f718d28a62dfdb2fdd3afbb413dba67abf,1764497534,1764497537,799,51608,,
0x504990d38d51ff7e0187fa1b9972821403794cd56f594a1c3b2e1675cb0fa8a0,1764497534,1764497537,799,51608,,
0xa139348cfab56f0778cd52f9019084c7e765a6a2bf3bef2f66ee25cef24e60de,1764497534,1764497537,799,51608,,
0x0b260eee2fb2f8ffc9bd34560124ce9d6aa01e7ad46a44902fb774e7982dae1e,1764497534,1764497537,799,51608,,
0x50899d0f5c91ed7fd526e1d97e1a79f1c7e4d947a6575d2cedacaedc4fdda937,1764497535,1764497539,800,51596,,
0xe1bd095d563608755f89f38e6e430d48309508d1b2165b82265b9f93f27e1292,1764497535,1764497539,800,51608,,
0x5f4d2aa6279a5e52555fdb76a0e487fc98e9417a4190b909c66fc4a1565f94b0,1764497535,1764497539,800,51608,,
0x481faa71c1f0b1c0c52c8276e4081c874b0a262f6dc06ab032c1e2031240cbae,1764497535,1764497539,800,51608,,
0x13b3343a44d7013d590caefeb50d9cde800a6219ecc2ac29198d200b02d9b4e1,1764497536,1764497539,800,51608,,
0x85cfbd7f77f660bee1e50f4ed31db63e292afe0377dae7bdf1e4f653291f0e33,1764497536,1764497539,800,51608,,
0x271dedb7a763d719af69c471f25761df2c44e6615cb9925ac661867c324c39ac,1764497536,1764497539,800,51608,,
0x4928f38252ee60c78a01458dd843125d2c86fab9f2c9996e806c3977403e3728,1764497536,1764497539,800,51608,,
0x99c5f8adc2ab618c10295698ef53fe71ac9254e75bb16fdf3635419ca4abdc45,1764497536,1764497539,800,51608,,
0x95ca23402ecd6ba489ce930ae41f2bdff566199988c578e2d3fe9ba30cb755d8,1764497536,1764497539,800,51608,,
0xbee0a05ee844722c7683a494708c604fc0e1604c635bf27c4d45db849bd4fc4b,1764497537,1764497541,801,51608,,
0xeeb55f9f0d5967d10b00ab4c6df7726900e4d814439f7e5f981e826b6bad0939,1764497537,1764497541,801,51608,,
0x09762e5a807b024dafc77248cbcde21e487a6b7a70e511d0c9b7470750924ee1,1764497537,1764497541,801,51608,,
0x3ad6a990dde7541420ab5cbb08b462bbc5d5be401043989950ca94abe3e5aa16,1764497537,1764497541,801,51608,,
0x4cda94577289ca3062b81eff7a2babc53217fbde8653ffd6fbfd782e34458a1b,1764497538,1764497541,801,51596,,
0xa10cb372759271119b62a3462216bc7704313cdeac495918ff3634c5e174e10e,1764497538,1764497541,801,51608,,
0xf71e4102125e5482ab5669fe01b33930b180436a3af127f3dea1f7cd40abbca6,1764497538,1764497541,801,51608,,
0xac535c9ef9c3c5523203cae09be011ba81980832f568b34752616930131d35ec,1764497538,1764497541,801,51608,,
0x1ee3b324ed4efe9fb7a200de9cddfff3c3098b139a656536de9dd78c8d60c22e,1764497538,1764497541,801,51608,,
0x8afc22e6fb678d3d375eae34becfcb5db9f687a00baf4f1e5b6ef9a5366a7114,1764497538,1764497541,801,51608,,
0x496d12f9e23a86377e9644d07454517725727fccea6117c92e41202682c9b91c,1764497539,1764497543,802,51608,,
0x1c360f7e0a52f44c85cdbe528323810421f658d401128479c8d866cafdec9599,1764497539,1764497543,802,51608,,
0xe5111b8007d290d9ebfbd6fa9521a4735b6e34d9c02937561b21ed4d56d1522b,1764497539,1764497543,802,51608,,
0xb45f36ac12c02df26481c6c0bf9a4c9f65e1bc7a04ebd923a51fbd53b43d94ad,1764497539,1764497543,802,51596,,
0x7faaade9e0b0d7bb68168c3deb35a09fc8c23007cd0eba848e59e4b45d1d7643,1764497540,1764497543,802,51608,,
0xed744cf4b9f3af364d8bdcfea4b18be4b6465b4ef269092e38ff4f3149ef0ed3,1764497540,1764497543,802,51608,,
0x162082dd649c4a22b870fca951c441addb681eb73920a3a47892949dc43b04b5,1764497540,1764497543,802,51596,,
0xa3c39ba24825e908c9227aa0572db45e71313e21bf8a4a08f4ca5530aee8b1b3,1764497540,1764497543,802,51608,,
0xe462d5468b31df2f8bb208798036b4759bb029f3254882d70e6d50919c9f9f5f,1764497540,1764497543,802,51608,,
0x8dafcd0140997b764e4325061d87a663d9318dc6b3c3872bd23a75db2ae182b8,1764497540,1764497543,802,51608,,
0x45baf7ee64fc49ad48de5dcceac0764e1e66fd84f69959da0e8776ae4aa32aa4,1764497541,1764497545,803,51608,,
0x4acced775b5c4b59f4e520f8d5f720455cbca38cdd349ef9cf90cd95bdd7deeb,1764497541,1764497545,803,51608,,
0xc25035bb8860c580800e0d87f9875e5b3baac22f5668e4402a84d74a61b1b0b4,1764497541,1764497545,803,51608,,
0x5e6c1c001f03f72fe5107d19593783484937b942ef558188d7bf5163e2b45261,1764497541,1764497545,803,51608,,
0x36dbfffbf819a82bfbea635a3f75980dc6b0229db8d67ab3b5d353aa1834edb8,1764497542,1764497545,803,51608,,
0x7c80cddf099e798658961e44bcbf845a1edcbe55433d77e06f9ab9178fb74abb,1764497542,1764497545,803,51608,,
0x000d8126534fa37ff5497e2330792e79585b9884f1886e2782bef6efb7ab7a6b,1764497542,1764497545,803,51608,,
0x19e02af2fb6c68a60fddae987d45a9d704f4ebecf4c2a0e2c717f82a3e710db9,1764497542,1764497545,803,51608,,
0x9cb16828745f0fd1231e157b0cfade4d8ecabecd6741247cdb78f56a3763389c,1764497542,1764497545,803,51608,,
0xe8b64e64a1ce219e73127443eb4adee010c76accdd988bf0feeb16c825ba58a7,1764497542,1764497545,803,51608,,
0xf9018c3056c4389c3010b9d02344e8daf7dbf90c6f073e845dc2981d71278998,1764497543,1764497547,804,51608,,
0xaff3ee8efee3ec1f5d2592331cfae9999e8b4690f6d05098aceb552c65daa7a0,1764497543,1764497547,804,51608,,
0xa9af2d5400e678568330e26d4f27e553e0c763efad82dff108b17c3b5782069e,1764497543,1764497547,804,51608,,
0x2dc9563235efd1ce8ef0c67123e91e402b06683372fcbec2c87901bbea97a41d,1764497543,1764497547,804,51608,,
0xb2bdc92056ea9084f3266333116e185c31fb8bbd5a50a75c3ad01594df4414e9,1764497544,1764497547,804,51608,,
0xd5cc006809f87cb0b97646b1d97be9ef925532d4d501c6f284001b7818efc043,1764497544,1764497547,804,51608,,
0x46ad90dca3d75bfe151ff30b8d9772d27fbb7fee099142f5647677f42327eb0b,1764497544,1764497547,804,51608,,
0xf97386a54b844018dac291ac0a1147631f777c14310320c518f0f20634e0a4d3,1764497544,1764497547,804,51608,,
0x5d080bea50d2c47c9c2c5db85ab9c4b499d7f5ce2f7e4c0380e0a0a79c46e6c3,1764497544,1764497547,804,51596,,
0x2613620f5e1753af0e5eb032db8b46e2b0301c9021db29e05a1645d3a0c9abed,1764497544,1764497547,804,51608,,
0x140b6fe22618e8abd0a1936a6eb504a7c85ab4afc60f11df13ef5a8559be2367,1764497545,1764497549,805,51608,,
0x625691dd69d860fc579c95f005c12b69b8fa08d800bf0d2841049da4cc4886b4,1764497545,1764497549,805,51608,,
0xacbd30f1e878e8ab11b860154ea15e344f0460c11057573fff7211777f1cd6f5,1764497545,1764497549,805,51608,,
0xadb58d80ecb362b0bc1cb03869a50645c18ebf59c5bb2f782f1828cb0c23c0c4,1764497545,1764497549,805,51608,,
0x603002dc3f1f3b7d19ade768c23df418c93f037925a9faff1f0601724d96dd00,1764497546,1764497549,805,51608,,
0x8613f8935f13b616f0d2cea0d157dd1ec4600f28c40c736e6a318e7a3537154b,1764497546,1764497549,805,51608,,
0xcc674d8c2b5d43be7ce5a759eb482886d73a9e5bc90606d5e1910d93a57b6456,1764497546,1764497549,805,51608,,
0x69b300c2e5a3f7ab2aad9064d25979aadad19bb905372c24c6f54a700d1c9fa6,1764497546,1764497549,805,51608,,
0x8a9fd6486d49edd781ebec4327704b74e83c2629bc3b1785ca1a55a0d95f3679,1764497546,1764497549,805,51608,,
0x9a29d52db7117224ba56e4e6224dd891e5a6ccdd326c3eebf8a462c9ff7cb1c1,1764497546,1764497549,805,51608,,
0x07445375ee4bd37be613dc2f5f99f51c9ce710295912dc9c8330a8a30860024a,1764497547,1764497551,806,51608,,
0x8145724676f4b57431cc0c8ab827ae41d7514b4167952cfbdfe6348b65444c1d,1764497547,1764497551,806,51608,,
0xc4f8887c80f95fca7ac427b492a64e19ed23b86a3f8d6036732f3b4cc78b4613,1764497547,1764497551,806,51608,,
0xfcabf5f988554e717f8328ee9eed74d29ba707c96f049b3af7757c768f275aaf,1764497547,1764497551,806,51608,,
0xf3e3011662f6756a6e9f7b90090e9e1f37a7a4f6dadd28890e779463f8634028,1764497548,1764497551,806,51608,,
0xabfd46e54786c7f636f13cc7ed1b0b55f0d7564150ad46a0279949dde7030f91,1764497548,1764497551,806,51608,,
0xa59142b9e29d3f8a3ca66cdddf043fe832c4b18d985e83460a58a8a04727bc8f,1764497548,1764497551,806,51608,,
0xb7721e61b4b2f0acc106324aa768bbc900d38065ff136da8d319dc4892b6d891,1764497548,1764497551,806,51608,,
0x70f21cd48308cd6b1460cd8be931cd8f250a3430e876a06dbd88597e0e5e1a05,1764497548,1764497551,806,51596,,
0xff1bb9abfcf22e29630d30c684faae498b9e77e5c84c5855ca6e52b14b6c0cab,1764497548,1764497551,806,51608,,
0xd1398f9f69f5d616d044275196292c9d135648602179963e978d91b5de5ca428,1764497549,1764497553,807,51608,,
0x98669397f458c51d6ac15e5b00b58a2c76fafc11a733ad58b0eab95f5994a981,1764497549,1764497553,807,51608,,
0xd01bf4441978a466750cd715a1495571536d880bfb211e1d1fa3c438cd699d73,1764497549,1764497553,807,51596,,
0xb845d578fa2bdf625e80ab13401d0a73ea23af1e6a9d5ccd8707cbb852cb90f8,1764497549,1764497553,807,51608,,
0xdb5ee8a25eac7ec29092160a481fb26130366b508c68dfe8a16e00a2615a1db6,1764497550,1764497553,807,51608,,
0x5a0feeec1e3e64c541f4d16e7bd17e153a4eba976b61aff5129d01d76085e68f,1764497550,1764497553,807,51608,,
0xefdbcdcf56744dfdc871dabaf637181666532c5092fdaca353b1a0df9b499297,1764497550,1764497553,807,51608,,
0x1cfd6f26b2a7443ac8773356caa2010f140904cd8a106a15468b2ccac518a51f,1764497550,1764497553,807,51608,,
0x9b7907efc31b576afa2a824f7ffa3b69ddb5c3199fc2265648044f185d42618c,1764497550,1764497553,807,51608,,
0xa652fd63a0d54f2baae41ceeae324be97db8e66ea45eceaa843eb199878de587,1764497550,1764497553,807,51608,,
0x9f86f134d4943a5eb6f3bb2b464d37aedea31a6c8bab43c314fbff07a3c18925,1764497551,1764497555,808,51608,,
0x18c8816d019260e73c239a72d0988a966bbf4612f7492383855b07e0ba4aa88a,1764497551,1764497555,808,51608,,
0x83d7dc0671e306cdad01907097abd6563c4db7cdbd14f1e4e1e11041ef62c55f,1764497551,1764497555,808,51608,,
0x1527d722065d17c8bbbb2a1ae9ce480eda57edd80049fc43dc889af938d5fb68,1764497551,1764497555,808,51608,,
0x589b3e959f0ff92aba381d62203af7b99c97f33edc2cc05a572684a31024d01b,1764497552,1764497555,808,51608,,
0xe8ccada52af76a854c76588434434278ebb58523fac6c04a145efed0ef76c316,1764497552,1764497555,808,51608,,
0x4591232cfd48ec4af244c06a74caf615a907637728d40178352345fe60abadef,1764497552,1764497555,808,51608,,
0xc50ce67c572ca33a70ecc10c7b01fce60e6ec38419c10186fddcd4583cd10d99,1764497552,1764497555,808,51608,,
0x9a0c2b638a38bace09dbf29f59cdcef3793d21f2d7603538c85c399fe6fdb201,1764497552,1764497555,808,51608,,
0x5b57a15bb4e99c6772dd02ae3aaf1caa8848eef3dccc487315a0a2b783e92ce5,1764497552,1764497555,808,51596,,
0x53f3e81113b02fb96d4848815d15039d255eaca7bdbfea491543ff8423773b4d,1764497553,1764497557,809,51608,,
0x4822f949f57b05da182bdc97ce32f8f7d0c23a7766140194189968622e9a853b,1764497553,1764497557,809,51596,,
0x3251898ec32db7f2c9bbe805b3ac8a633df761f4f4843c8cd096db6af7a4c7bd,1764497553,1764497557,809,51608,,
0x7d7eef3a68c1268d0e4211a21dfc8857658e06db42b6eb3b534dbc929a1a6dd0,1764497553,1764497557,809,51608,,
0x316ea1c9ef68e3173af35e75ccbd0bd8c74f021100feb420b747acd909de0119,1764497554,1764497557,809,51608,,
0x1be72b96e1f2db4222798631c47e8e7dc2767d8d2562376e65fb74e7be53d156,1764497554,1764497557,809,51596,,
0xee9ee2a1de4a6688cec7661f867cefe1e5dc7d450877f9c7a1c9cb708199510f,1764497554,1764497557,809,51608,,
0x5eff4ee81e412a8a52ac0c855757ac3c416c434d17020218e54d7339fb2d98e1,1764497554,1764497557,809,51596,,
0x75e6d6cca577ad6d7b71e173749f582c975b80c712c0672b4566212da4436c6b,1764497554,1764497557,809,51608,,
0x2148ac4330cba10dd4a35c50d8720cd490a1e64d879a397d3f74880ee7cc62f4,1764497554,1764497557,809,51608,,
0xf99b0f6fdf34a9aefba2fedef096e55e2c1f7edccf5bb2dd42cda9521a406462,1764497555,1764497559,810,51608,,
0x9ef34424ec7271e031f106db0f37a8844888bf25f41ff5178d0fc80329f978bf,1764497555,1764497559,810,51608,,
0x87e8ee0a6c7f35088a2dfb1000645da1c957e5d9d3e532e9edc19f0f82cb62f1,1764497555,1764497559,810,51608,,
0x0a9dab323b50deabaefb29a320bbc69111fbae567f91a7603f79691cfbde83d5,1764497555,1764497559,810,51608,,
0x8404dc331520aa94036c6dd833f92d384b3b20aebd777e33d790164372f3fd40,1764497556,1764497559,810,51608,,
0x1db69c944e7c3d651fe453cb7788efac97d517983aef268db0a900516daa1802,1764497556,1764497559,810,51608,,
0xc5bdec276b78c9e919cc39b177535c98d44fbb1dd0b7d53af169df1d49007be2,1764497556,1764497559,810,51608,,
0xbc2d7445811839a30394354647552af210c92696a96d83726ee6f9b65b4e8e52,1764497556,1764497559,810,51608,,
0xf0168a1e18a38063e2d73a51cccc0759124b9487d1a9ca8ba66aa3b03f2bc39d,1764497556,1764497559,810,51608,,
0xee7c826d75338462e00e82f48044d354d78a6785b99b6a1c3b4cb29241ebc59a,1764497557,1764497559,810,51596,,
0x419569acb854240b3620e14713f2e5c7d834ff2397062cff6ce3d03e719529f9,1764497557,1764497561,811,51608,,
0x8b697df91a4031deb7f8a5e7c3eda4847604d9ec0414f1a230fdc0634f383276,1764497557,1764497561,811,51596,,
0xdbf0989bc7e8f27ac901fe912f83b2a782450cbe7b5a3455d04e7f0dfef4e35a,1764497557,1764497561,811,51608,,
0x665f386976fdce27fe1f20c3360ab93e1c5b4edebdd03a5a17ec6cc7c023ba5e,1764497557,1764497561,811,51608,,
0x91b3936a8a55b05aa6cc41755b3c6819f8fdb62fa039173f704a665f1d84ae5f,1764497558,1764497561,811,51608,,
0xf6b80fc961837b099025e440797e595aeaba0bf956200923c1f7dd2d60b2de0b,1764497558,1764497561,811,51608,,
0xbea5dccf5c95d2c916ae0f6128b452a87d074222a563dc1dd2e46faa90e8659a,1764497558,1764497561,811,51608,,
0xa6f440fce4ec88b66334b643156ea5fd9884c00b5e369c8bb1c79ea167addb76,1764497558,1764497561,811,51608,,
0x2c05c37b2639ff98f4d285c13b57533508f1abb307452f875836778c4e20d220,1764497558,1764497561,811,51608,,
0xb1b9d45a430012e773049312351eed26ec5db8ee093af6bf8819e6eb9c664193,1764497559,1764497563,812,51596,,
0xa61c95443bc53ac9efe3f8fb45b926bab7d73576adb7a831234dfaa6cb7f57ce,1764497559,1764497563,812,51608,,
0x04b58ed01b216df63afe110ccfb94ea08eee3f3d10c6738cf9ae891fdb2818f8,1764497559,1764497563,812,51608,,
0xc2c549326c820845d9e6a2f4ea098d6bca045f46196c1a1f7f4f35d47379e34e,1764497559,1764497563,812,51608,,
0x0a91ac8ae5d76c8e39291c699c2434bc949c04cd1749e50d8a978694eff2ae0e,1764497559,1764497563,812,51608,,
0x6c508eb27a07298cc129576785b7da77a9ff8e4adc5247ca45ee966c68ca86db,1764497560,1764497563,812,51608,,
0x02420f8164ac364db3efac52b5a285b6cc44f8d762dc4c65b45ef0a0c71a65b1,1764497560,1764497563,812,51608,,
0xe50bbcf7d46a8dccf847b6974cdabbff96a375e1b44279010757ce8ff9f382dd,1764497560,1764497563,812,51608,,
0x27a8b274bce68f0df6f1f1398a941b1406ef1aea0a437664de2dc2a03164186f,1764497560,1764497563,812,51608,,
0x9f4c729b4f04bfc55d4706131cb8e903e58e3864947f2a3c627ce6f05ed7e2d0,1764497560,1764497563,812,51608,,
0x531176bcc51dcd528e0c342f73e760eec662608920c26aba19ae7d9d5bf53bda,1764497561,1764497563,812,51608,,
0x116cd98381e02bdbab26854e4233309825863d6ce5052bad0417f94db6e73436,1764497561,1764497565,813,51608,,
0x062b0a5a88e38eaea38a560a702b6210027f2b1e1f6095e834ae9612f4cdb320,1764497561,1764497565,813,51608,,
0xee22e8d4157eaeffa5c42d74acddf05163c78e78db4f500b87e181b09e18dec3,1764497561,1764497565,813,51608,,
0x920ac0447e4564d61abaaef44e63c42ec725d50070fe333ea7b261b716826c49,1764497561,1764497565,813,51608,,
0xc2838a552d8878eec3ede4237290f60ecaa40074f179e49f7625103cd739786e,1764497562,1764497565,813,51608,,
0xac711ee44c8cf75eaf8aeab0815abd6383c8df2049d5e24a55d219099332921c,1764497562,1764497565,813,51608,,
0x171f8442a478baa64a1365410d39e8d6d45223bf5714e324375f869ef25d9ba3,1764497562,1764497565,813,51608,,
0x146da14562130b7266108616dbc1e1371996bde0054d851f734ef2990bca733d,1764497562,1764497565,813,51608,,
0x7902e7f203a1d582762bbe3f05472377b84e022a5519da83335d793b1c313a7a,1764497562,1764497565,813,51608,,
0x738108518032bffe896982a382699117c0a2cd7081741baedf14a07bfe7822b7,1764497563,1764497567,814,51596,,
0x78bceb9bd2b4b19fcac8a7cbea3adab76f11fc2a17c4d64e61067efc97ad4a3c,1764497563,1764497567,814,51608,,
0x0ccd30477183cae4e1e4254d2244ccfb50c62673ab0a5d595fdd48c7966c7396,1764497563,1764497567,814,51608,,
0xe455df4680a59dae6128d6eed4ff0d4f59dc57a87a4cc676608c645605abd96c,1764497563,1764497567,814,51608,,
0xe91c32cd5522c12178cd30ea2135e16fbb37b0883af839495519a341616f09ab,1764497563,1764497567,814,51608,,
0xefacdfdd98f58f109c2ad6d1fdf00aba6d3f2ff8bf35a303ad3a84a8f13185e6,1764497564,1764497567,814,51608,,
0x971875eb061f9caeb91d658a82ee00383606ca5763ac1516f5211eb0f5c098e4,1764497564,1764497567,814,51608,,
0x41fb5017f7eb597b3073537fadf50e42ec2f9ec56df75a240f740ed68249c93a,1764497564,1764497567,814,51608,,
0x9dd07770d1ae11e30b96780948117e9bcc66d5241eb4c1a52e01674207a2a5f3,1764497564,1764497567,814,51608,,
0x7e7f7f71472dadbba8c5c94aecbefe369c246b293e34dd9bb43d0ceecf049447,1764497564,1764497567,814,51608,,
0xad6a11987e1257a759448c3376bbfd67f5041f56d254578d021ac7d27fcf79cb,1764497565,1764497569,815,51608,,
0xcc0e958d25e835542665de0768bd57eb64cab8b7c6150e643a84b0b5e52a4f21,1764497565,1764497569,815,51608,,
0x53f3df64fe9048704a30658a484779face66893ee9116153343317d1032d0616,1764497565,1764497569,815,51608,,
0xd7862d181baa1986879619e813f65addb9345b7391af3d95f3d4121579dce880,1764497565,1764497569,815,51608,,
0x8b3361f181891ae245aae483cca9f2953088bf11f5430b80457ba81513cf14c0,1764497565,1764497569,815,51608,,
0xc5c82b60de52a477734c57832251105ff8d7dcd4e12dfc2abe06233e9acf9b21,1764497566,1764497569,815,51608,,
0x0697a2f311d2b71e546d4456076951e88f11e269a30dc976f50cee51bc61cdc1,1764497566,1764497569,815,51608,,
0x8b6ea945bd54c9d9f36fd914913e0d45bb5db069ffb13f9d2a7ed95a85e1fd9f,1764497566,1764497569,815,51608,,
0xd7bb521090a7152d56850a0f6f641e417a3c984f2ad1c0ac8c2515d6633c65ed,1764497566,1764497569,815,51608,,
0x8145512b935655c3c5ff2a90d70b0c9f1d2a0ff349a43a1dc2f32caa094910d6,1764497566,1764497569,815,51608,,
0xb4389e87fe3fbca95657d2adacddac18d9fd58af9310998d2c76a07e55dab531,1764497567,1764497571,816,51608,,
0xa0583e15d6b0a02ba54487ee443be9ddbde339183739977f15b56723c661da23,1764497567,1764497571,816,51608,,
0x08d5e27b99c7b1e160fedb64e8b98e54601cc23b88606e916a1c418bdb0e7d06,1764497567,1764497571,816,51608,,
0x7fad730c332ed216eddadb985277bf22d3e95c3e3701ab98798ca46d1d5b6daa,1764497567,1764497571,816,51608,,
0xed946b15ac1c5ae3c9e930aa947008e54b222893d52146b52d5544ddc29fe37c,1764497567,1764497571,816,51608,,
0x5184404c0f6d0d911597216d6d3606ab1fac3b577317fda8c1638b98a5b99384,1764497568,1764497571,816,51596,,
0x81dbc329f2ee3b3bf2fa43dcbda80cbed4579c4ca1ae73d221e6fb71ec74ca14,1764497568,1764497571,816,51608,,
0x24ba9a94073e5d32fed09a5c6f52b4c30882df66032656df68bdf10f4066b6ef,1764497568,1764497571,816,51608,,
0x47d9608c78dd4d0960e05cccc136e680e49f291132c473cce9668af1dde3deaa,1764497568,1764497571,816,51608,,
0xf16e1eccdf60a492c962290c92d6ec1d253b5f3e17734a7cef14839cc1b4a1bc,1764497568,1764497571,816,51596,,
0x0ec695fee4084dec08f130fdeb1a7e1c855103e4a919be6b9dc7dfe0606ce478,1764497569,1764497573,817,51608,,
0x9c793b5f94b290ed44f27f2ab77e06218e624983aa39a1294c357391f084b0b8,1764497569,1764497573,817,51608,,
0xacba50e321290951980148b3a872740b0a8d13034c35261c3b338927fabd7bc7,1764497569,1764497573,817,51608,,
0xf9ff0399a8d93c1631083742dea28325239b9795869dc8cb9205eeeee283a518,1764497569,1764497573,817,51608,,
0x3629bb41c7f6cf5a086879afefb5e54c6f305d61044a40286fd95bfa15ac5de4,1764497569,1764497573,817,51608,,
0x78431e1a66d99c049d47ac2cfc4b83a7ed2a37ff4b4e89539745fb5e21a91068,1764497570,1764497573,817,51608,,
0x38f4727bd788184da9186ed566b589205fc6b02f6f45bb4a41de6130a43f6064,1764497570,1764497573,817,51608,,
0x4f030a6b70abb9357462a5264aeb2cca31f29d13b95608538f17950a6acd417e,1764497570,1764497573,817,51608,,
0xc425bb2aeecfd8dd8d226c6251b4119277ca1ccec74819cad0d2315a5624df48,1764497570,1764497573,817,51608,,
0xc14342c96fb5acfb4bd6bfeb02d224767d7b5d0637798b62a16f5e6695e58554,1764497570,1764497573,817,51608,,
0xad6104a79e8479f7b43a75a2a363067942102edeb08c4830067c58f3d9c0fb3d,1764497571,1764497575,818,51608,,
0xaa411ab08ff4abebfb0669c0ce062d150d917d924cf2a214595f255e034e2c37,1764497571,1764497575,818,51596,,
0xfe17e444cd575fe4a8111e00d2238ea2d324a0baa64d5a0e429931cfa2e4b76d,1764497571,1764497575,818,51608,,
0x565dd6b2f7165d4cf55b578e7b2e8e59ad5fd5e167ef2a6e63687d403ce5c731,1764497571,1764497575,818,51608,,
0xfb715bd6547c57fb3cd755f7929ba726ec4784dba0f22fb71c3774ea3fdb510b,1764497571,1764497575,818,51608,,
0xbb18b2b33ec7abf6e14a10692cc5f0fb56c03792c84b02bc151cce08218ca42d,1764497572,1764497575,818,51608,,
0x60b0b5360c32fd7a8355c2488313f5140f4cc8f1964099afaa126d2389bd875b,1764497572,1764497575,818,51608,,
0xcdf0fd8171e095692c3ce35734d75521115f3d6a1dbc078cfe0ee0f04c180f39,1764497572,1764497575,818,51608,,
0x7a44917f29f06a4abc98b932aaf2403bdf72db5660afa9275aea35a7b00fb228,1764497572,1764497575,818,51608,,
0x8752fabf7ab8a405b4483a17e7705371a95fc80ebed220ce1ab142101de366dc,1764497572,1764497575,818,51608,,
0xbd33c47c98c57629df0d2da12ed899cd2ad81339353572fcbdd9a07203ff30b5,1764497573,1764497577,819,51608,,
0x8dd62b61abdeb32632488071ccdbe7a8d2d4c3e874731efeb8dd3bb422295666,1764497573,1764497577,819,51608,,
0x309182598caa211fe2182951f564494b77179c6f03c22a5b0935aeac0e0f0ce3,1764497573,1764497577,819,51608,,
0x1cf20226bbdda0803316366eb8a2bd05927d806fc43730bca4d06f8b71fcd38a,1764497573,1764497577,819,51608,,
0xf731577277aa7f489605c48f3d4eb142c3880ecfc152073e859f35a9e7d635c1,1764497573,1764497577,819,51608,,
0x2ad60f60952ed8e670f7cd522736e9a5d160336718f1c5476db1f3592ef67d9b,1764497574,1764497577,819,51608,,
0x6ab0c96d27f70cef0b90f5980fc2d1654c77addec52f9054836e484636183522,1764497574,1764497577,819,51608,,
0xbd37730312dd6b1aeecf3e0e22b9301e1a6a82760ddc2ee73f03f96fe824bdc7,1764497574,1764497577,819,51596,,
0x4eb1cbda28d363d11fe3df8636480bae5d823e77a0657b8b99b7629c99ac1f89,1764497574,1764497577,819,51608,,
0x77de60773b3240c93395995b52e38067e666e291f6cab8215c219e12e1033133,1764497574,1764497577,819,51608,,
0x1184a7ab721e5252229314d3c1049b06a93c59ab9794deca77ef6f2f826cf010,1764497575,1764497579,820,51608,,
0x6b43f32f21e7d7a205eac9fd410b4572ff191dac502fcc904af0a996268d7bcd,1764497575,1764497579,820,51608,,
0xfe7e3cc5dbf0c5171698e07e7113598629ad75254d516e45edceb669b914857a,1764497575,1764497579,820,51608,,
0x0beff7285d599be9c20690b6034dbf1d92f8f7239b623eb145b57ed3b05b8434,1764497575,1764497579,820,51608,,
0x7361e42cf00ffd67892c95d5ece912be1f1d280484cda2c9af9cd3d65d8bfa3f,1764497575,1764497579,820,51596,,
0x7f34faffe34e98c1d464f27afd3d3c2554a601468467cb3d2ee45bd33b822812,1764497576,1764497579,820,51608,,
0x197c8c7be6675ccfe8af81b2165286ab2db584fc3ad9b2ce2815f00b2b92bdcc,1764497576,1764497579,820,51608,,
0x01cf735ec1890e3c5e0cbc2ea950dfb29413c0ae04e3512c5202c07e85033179,1764497576,1764497579,820,51608,,
0xca323d47cff0d7efef83c812f59ed2ee20ea1bc1865972747289605ae620e40a,1764497576,1764497579,820,51608,,
0x8b06c5956ed4e7652c80e7be3d5bca3e1d70d5ac9cd5061d5fcd9c30e5a552a2,1764497576,1764497579,820,51608,,
0xc9e04f27757ad4d3409f8661bae5d7a49aaade6edb5aacc14efe29fdf79c3f38,1764497577,1764497581,821,51608,,
0x247274f666bea0fc3a2a38caff6470c8286262e04498757d161918b5c236cdd4,1764497577,1764497581,821,51608,,
0x0ef7f6129ad89bdcd8f0268f6bda234efdcadc949814145f453a83671c20bf24,1764497577,1764497581,821,51608,,
0x8088485f3dea824bca17f393511f4b61b679de7770a4281f98b8daf68fddf103,1764497577,1764497581,821,51608,,
0x119cfb58c5e53e51fed015dfb289cc2bd44074aaf7749959a1aeb24f99bd1111,1764497577,1764497581,821,51608,,
0x274e82754e8c6081819103a7e11fcb18034ac829ab80505d2306a373d88db812,1764497578,1764497581,821,51608,,
0x27e4f776f42cb755a0d61e703966558e62d4f74d5a9fe5821b472f38a16c8de2,1764497578,1764497581,821,51608,,
0xd2d9e8a4f6aed9afe3c384b0cd2d79d441da9624936b470a5ede7c48bba692fb,1764497578,1764497581,821,51596,,
0xc3d522fb2e865ba28083b8754e538098cd8d8f5a139ec52a4e79c5d53c6079c8,1764497578,1764497581,821,51608,,
0xc47475564dc43c730b83cfcc4db2e0b7e8bcdbb82049f2db003ae4ad76ad2f5d,1764497578,1764497581,821,51608,,
0x3e9be73f5ad7c6b7dc55b5f3f5b272106e71331e6d95d41b6f7f8a7c1da4a88e,1764497579,1764497583,822,51608,,
0xef6e83550c2adada87a52c679ec1e0652e84c8b9f2e7485d009d77002eb3917e,1764497579,1764497583,822,51596,,
0xaa68ec62aa3b9c6a1b2ea8198a446efc73216a9fe1f71ad6281bea5f4aa112b2,1764497579,1764497583,822,51608,,
0xae2e907340da6a6e86104c94f4f782fe5c8071ed141475c5d449936683df40b9,1764497579,1764497583,822,51608,,
0x4be3c66478a3133cb427b005e10a3cb90021b18cc674f609e595462425a76718,1764497579,1764497583,822,51608,,
0x7572a1cc55b27addb2c5b73ed2b6bea353dc228e47e9a3fae7a3916410ba276d,1764497580,1764497583,822,51608,,
0x07e6b4a444b0de93bac13cf6cfb114143d61df11d3772863b127fee65c136b02,1764497580,1764497583,822,51608,,
0xba28336170fb903f0a7e6faa4eb7849204e89673b9be897114f6943051290472,1764497580,1764497583,822,51608,,
0xd02f879e6b9d01e2cb60aa98f93935929eec68aec5d8229704600e96c890356c,1764497580,1764497583,822,51608,,
0xece76fa81bcf20f579803a3f67589c29899fd775d516ff09dd8fcf84b88a47b2,1764497580,1764497583,822,51608,,
0x6b099fc3dcf74b7eabbbfb4e82fcfd7ba00c1069c1551c2090543c5eea9c6776,1764497581,1764497585,823,51608,,
0xa00948e2d4c61f27bc6d3ce65c87306db6c7b1aafe2f9e8c3a4f1ffe65de9e0c,1764497581,1764497585,823,51608,,
0xfb57c601cd301c63f3e60d5373ffcad7ca880137efe6fa300be0b9ecd7384da5,1764497581,1764497585,823,51608,,
0x1d3a9e7b24c02ccbd05a669a42567db14acc32f19aaa92f812b1eedc351a3a0a,1764497581,1764497585,823,51608,,
0x61fa90f593f44b17053134d5d1617491a5fc40dad9f9c8760add830ee61af78f,1764497581,1764497585,823,51608,,
0x3020ddec75395f31c8c0844ee251992bc443dc603377c95c12f2ecf526445466,1764497582,1764497585,823,51608,,
0xe813022b2332928224fbe756d8e48f0987bb57d6d52d82f26bdd4679d63adec2,1764497582,1764497585,823,51608,,
0xc2e3a994d05b1d15ba34c27d2c7596d66fa555454d7872ddb13dbf22436096f3,1764497582,1764497585,823,51608,,
0x44ab72b83e5f9256f42af345af370c3c31a09774cb969948688287a313b3bf81,1764497582,1764497585,823,51608,,
0xd7b286c08b4f3f5431990c210a5bbfa0cf618e54ebd5f3e9219bbba728002caa,1764497582,1764497585,823,51608,,
0xa52668060f4b87d580a0d698d41eff934b9d5c62cb41abdd12e8e16c1ea3fcc6,1764497583,1764497587,824,51608,,
0xc141584d2eabe046e4124e1996c75bbf283585267aa5f546c1a1b97fc6a89608,1764497583,1764497587,824,51608,,
0x58cf632e9f2c58f950dc7cd1de9240bc40eede72f9a57838f1602c3d026f9ea9,1764497583,1764497587,824,51608,,
0x6cb1e7125476be6296e41ea9e7eb6a671b87fb9cd57a577d431f096cd740c863,1764497583,1764497587,824,51608,,
0x308a140b0bbc01b70f4541a37476468db023e7238af98fe5f79a9ef67b85c2b8,1764497583,1764497587,824,51608,,
0x9a81594862ce038d55fc404e345eaeab06cf31e7c0dc979d910164f6ddcba8cb,1764497584,1764497587,824,51608,,
0x715174284387f962ced2879ca9f09d7e3d6a957e5b45b36030a3b9938b46aa5e,1764497584,1764497587,824,51608,,
0xa415f21bef162c1b8812b3ba07d801efa33dd8a334f2140c4199044814bbc498,1764497584,1764497587,824,51608,,
0x901484e52c817f7f304ed1ef662ec48e7d8f9e3e1a3ea7697454f75965276430,1764497584,1764497587,824,51608,,
0xb172ebca43827dad94c0e48a6e5b5af8857a98f7a6242213e59577a6f264d42e,1764497585,1764497587,824,51608,,
0x42d7c503c97b0702bc51d1614c9e5a5266f58e9acddf1b44e650c6e837954fa8,1764497585,1764497589,825,51608,,
0x689cd47fc4714c41ff2aa4ad7c37272383b5e3160c8957ada371d5ee9b323be1,1764497585,1764497589,825,51608,,
0x8861dc2295b062c49baea2e71fabad1164598beb114cc8157622f5e9c9fd4cf2,1764497585,1764497589,825,51596,,
0x4c7a8a1def140cae5636bd75ed8a1ff352cf2c18cd04bd872a9f628d061ea591,1764497585,1764497589,825,51608,,
0x01d176222d3c2c4ee9d4eac359ab578704d54c5e83e642dfd165d9d7d8128e69,1764497585,1764497589,825,51608,,
0x25c968674ce7335ec1bee388906b90e0d00f731ce6874668d7fe45b532a41006,1764497586,1764497589,825,51608,,
0x33d4d2f237207ed164a96c8dd4dc2c706093bd4da3b39cc1ce039fd13964a2de,1764497586,1764497589,825,51608,,
0xd899fc0a230148e75e602a06eb1828956eb0720d68446ccbbbecd501f800ae4b,1764497586,1764497589,825,51608,,
0x603142f9138d3cb461bba3c37d2631513d3decb7c151319ffbc031a020829214,1764497586,1764497589,825,51608,,
0xb28c4cc9101116288265562ef795b44a204bb78a9cfe0c644416bab308f3c1c8,1764497587,1764497591,826,51608,,
0xe422957b48084bebb76242980285089157cd288c11cf247d001236686add7632,1764497587,1764497591,826,51608,,
0xeb7bb9925f75934a71f2afd93b24e60303445921e9230e68e07f4821945364b7,1764497587,1764497591,826,51608,,
0x67d216119416becadd0fb17f1d01981d59ce2aa324c6cd61024357908889ea51,1764497587,1764497591,826,51608,,
0x9e65f958662ecc72a359def678b0504d4e64fedb1f44572f6013c9515bb46727,1764497587,1764497591,826,51608,,
0x7fb77008368475655ec45a181c278f2da02f6a582d9192755a4adaab82502a13,1764497587,1764497591,826,51596,,
0x25ab02337b1c20d9329df0feab093b6d7ededa7c44234770deef10ee8b5ecfee,1764497588,1764497591,826,51608,,
0x2c4de9ef51557f4d4de5f57745df1fc7392d66047f358c07ab6f7cd908968efd,1764497588,1764497591,826,51608,,
0x4759285a8ccc4eb9e0c3da78041d4f47f679ba027e673519178e17839316303a,1764497588,1764497591,826,51596,,
0xcf436f9e93d73f2f44631188ec0c945f7957b41590053f37eb32df4c0eb7fc82,1764497588,1764497591,826,51608,,
0x7a88fc47152908edd5c06bb93bad4e7517b772b0239becee6e52f0cc379a699d,1764497589,1764497593,827,51608,,
0xe37efbf762f412bdcc9d57134e4e564ea8573b48b9dc46a45025747e720ee4d8,1764497589,1764497593,827,51596,,
0x13238a09d835c229748512b4174f9ca7c5d714c79b7688132f4269193a7b16f5,1764497589,1764497593,827,51608,,
0x30b1cebb6b54b9abf66736d956913309b7f657a037fd0880d7b1eee445ac5dda,1764497589,1764497593,827,51596,,
0x1e27aeacb677efb9554bbd30ddd47b9c937c84255ecf088905d2406bf1ceb653,1764497589,1764497593,827,51608,,
0xad34d4b4c537bfba6b9df2cc9d565fb6ffd3fbffa8b61a103ebfee6140a2ea67,1764497589,1764497593,827,51608,,
0x2f6c10941c148cfa4ac19cb4a47217d7c0922e6dafcccf57fbcb1b317da885be,1764497590,1764497593,827,51608,,
0xe6d7186eaeccf16952f32ebb5d0d9c9ee77536583a77f822ac666a7c04d1ba96,1764497590,1764497593,827,51608,,
0x3534b837c80788c243113159299adb989dc421a95f4f096d80cd06d875f21c50,1764497590,1764497593,827,51608,,
0xeb94d40285a0cb46adc5f57bc5af8965eda2605a89e792224b36a80d9c2074d9,1764497590,1764497593,827,51608,,
0x99d77215844973dc7ed90b037e547e16097902551327d379b20f0613944e5a4f,1764497591,1764497595,828,51608,,
0xfbceb495b9aa52b5720768c4b3be14f53cc6147fee6d88926d6822ab9e83d192,1764497591,1764497595,828,51608,,
0x0c64e86e94a834fe89f3312292e6a4e7b1ca1d643043cff95c01bd44736e25fc,1764497591,1764497595,828,51608,,
0x918e1aca22fca62e463849ec0698345f2272c9e2269f4365221ed47fec9e6b41,1764497591,1764497595,828,51608,,
0xfc815d94b39598dc2ee509aeba6e189bea38290133159fc0fec776ead6036503,1764497591,1764497595,828,51608,,
0x54813abd90108e6a0854c94734152a7d2b5104546828ea87813d5dfa41d088ef,1764497591,1764497595,828,51608,,
0xca018f2983d9ab4e739aa85b3d4c790197a5f3be8bb66a92be30452a631ba704,1764497592,1764497595,828,51608,,
0x3d2bd106fc1e6196f1e79c5724019f8476971699445f466eefa28ffe8c2a159c,1764497592,1764497595,828,51608,,
0xc56d6770a39e4899e74271977e59ae7225e1a8701bb5e70a240d8c7b86007cac,1764497592,1764497595,828,51608,,
0x60adc8300cd6a557cb16bc1dd131b6d5ebe44d2e0033e73e40144d9192c9decd,1764497592,1764497595,828,51608,,
0x266c39a636b6b58b5fd010829719669d27fc7a45489df0126de7d4e7ed1d34c8,1764497593,1764497597,829,51608,,
0xb55b78b4bf97b98ccb40f7a86bda4b9fcf8d8881c8e589417d75c4fd15dea998,1764497593,1764497597,829,51596,,
0xa7833d827c3992da4415cbdadf65e77d1e34307af75ec6c85960845afad39f21,1764497593,1764497597,829,51608,,
0xa482e8b7b3fe28360ecff181795afe48c8503d22380bf51b13c1657199eb9042,1764497593,1764497597,829,51608,,
0x960a21f6349fec52436a10a9e79da73ee5fa44d3eb35ea1ff2d6247919457bad,1764497593,1764497597,829,51608,,
0x0b9bf6b0f536bc1a4e6687a61f318251f7d7d4b4e5f7ede33f03e7ee07388bda,1764497593,1764497597,829,51608,,
0x071670e50789e964e2f9edd06cde2ef51a0685975bf84a4ed25972d309ce4882,1764497594,1764497597,829,51608,,
0x98e6e0eab6d9c110ffd50ac89355fdc0c18fa0f118a9fce44c89e6e1afc3314c,1764497594,1764497597,829,51596,,
0x64064ebb522978d70b46cfe6c009885a4103a402e5673eadd07e17c784919aa3,1764497594,1764497597,829,51608,,
0x03a32bd47c0c41b5acfbb8282e4bdf2cd8645f453b2f799ff2d0db70a5438c9f,1764497594,1764497597,829,51608,,
0xcfc421bf333a715690ce4915e14ac78284593624b32f555eb416116d7e7e13f0,1764497595,1764497599,830,51608,,
0x16d05b0b598805436b23caf3e5999be3e2356eb6c05a598258cde44991221435,1764497595,1764497599,830,51608,,
0x2b8bcc664459539488ea941ed00d07bbcdb254da7be575d3ce4b0a4a6bc8e3e1,1764497595,1764497599,830,51608,,
0x95d02863cbe4b664a9c124fa0a9327479a8f5bf66b7fbd7e9d5f4927ef9a148e,1764497595,1764497599,830,51608,,
0x21fdbcd6120130bb5965398c4cd5a343239f1feb2afd7980eb281bdd6cbb1830,1764497595,1764497599,830,51608,,
0xd98a1fb3c3df855884d217a27a2470124097d63582a7cbac3477dd9293e24508,1764497595,1764497599,830,51608,,
0x2c84074535655989d6bd0dfd8aa20a518e2be872e1da70f4760b050119cd405c,1764497596,1764497599,830,51608,,
0x8effc15eb6c3757a4db9b72f13763589ea2a0f698bfef89ddb49efe5afac7556,1764497596,1764497599,830,51608,,
0x5583f0fb6d11073be9c77b2ae5055c4a94bef7729546d293dc57b14e9cadd731,1764497596,1764497599,830,51608,,
0x4ab24c4d6087521690d04ce1a880f1a7b6a1c5683932f9fe279fe2b418e16b1f,1764497596,1764497599,830,51608,,
0xd26f22a890bd991cd341fb598c5c284ba3dbb1cae76e495dc818bf5d085a7c8c,1764497597,1764497601,831,51596,,
0xe0eb17aca187886d585227607b4c0461c847dac90b49c073aeddd7f092ab7a4f,1764497597,1764497601,831,51608,,
0x944c779ae8b9c3c8030895a6cae2a9d4eea4899d1de39b5d6583adca0c175c4b,1764497597,1764497601,831,51608,,
0xb2578d3e5bd10603d906c8cfe1a2330d70c8b206cfa6cc8bd4c8a539a6ca45a0,1764497597,1764497601,831,51608,,
0xc0c4c192bf2ac8edf4d4a97f6d15cf6142c058157617cfdbbffa87a7c58fe093,1764497597,1764497601,831,51608,,
0x1d806ee713e485e296f5ff7e0910927cf2da959018e2f84e186e89d958da96e1,1764497597,1764497601,831,51608,,
0x3d6ab25812e5e2619a6df2af3efdea033fa715a8fdb5a07ec860669ab4ffc104,1764497598,1764497601,831,51596,,
0xa870a045ddc7e5c50a1fb1adcf68caf28f87b76be67baff81582fee918162766,1764497598,1764497601,831,51608,,
0xaf9323bdb97914bdd27a94066a4d7d14745169ca280d4950d6da849ea315e5e1,1764497598,1764497601,831,51608,,
0xefd049ae4c9dda24c235120e11c13b4be74b98cba3a573ea84faa5fb74bfa2e7,1764497598,1764497601,831,51608,,
0xca2f5f6f83059e4f901e2c4de035aa41ebb45c79c0324cfdebfa894a73704e74,1764497599,1764497603,832,51596,,
0xb1f3f2fe432784278de1fa545803a43b9d499ad4358cc8177a76a5a22976a4e8,1764497599,1764497603,832,51608,,
0xa2b1aebc6ee91308865437c393e118a635a2f416b28c8f95c207b62a22dbcff3,1764497599,1764497603,832,51608,,
0xb42d30c4fbe03ebc990eb70e886597d0e669846514ef7edb09d9a044c7771b78,1764497599,1764497603,832,51608,,
0x66a8a737beaea1b3501026c7be78efe54335544cff170dfd46f2c9cd96026264,1764497599,1764497603,832,51608,,
0x6145477e377a73a7124f83eaa57bd57356edb2883457ce37c113cf770a034e91,1764497599,1764497603,832,51608,,
0x1eb540b045aba93244870337e0e6051b1e636ab8d5f4fe1711a5898ab4bcf49b,1764497600,1764497603,832,51608,,
0x39a985554df55cb253a0e2bed5bc500972083e2ab405d197218fe9b31fcb6150,1764497600,1764497603,832,51608,,
0x0d08f4eaf09d5f640534c93af0158372757fc783dd91e81caafc989f6392f144,1764497600,1764497603,832,51608,,
0xe352720d8e3c0ada25e11713abbd619b32f8c9ca0a3f0adbc1c18ea92db23fc3,1764497600,1764497603,832,51608,,
0xb408ab6ddf17499862cf13fccbc94fe887f6b93d2d8f4873546cebe2ecf0a65f,1764497601,1764497605,833,51608,,
0x1461dc15e95d806fca8e1f0bc7425a6557c5046d4b500b067a7fd6c348055029,1764497601,1764497605,833,51608,,
0xf29389df667ccfeda17c130a4184228d766bb98e514d72fae01cb68a369b5542,1764497601,1764497605,833,51608,,
0x27f41b63f2b739638c4fcf45b307c41e037fc7158bd0777db21dbfc1c8244577,1764497601,1764497605,833,51608,,
0xe77109ece9ee478c315c1705a7b6ebaa541aeb99a0569ceaff44d305cd66dedb,1764497601,1764497605,833,51608,,
0xc43f0b331ca912cf9651cc9d98fe8d3e9a77a105e03c4458e991d20b85a45734,1764497601,1764497605,833,51608,,
0xd48fdbad0457bd06a30793f9e6b1c094072b44be8932adcfe4316cb4415b407d,1764497602,1764497605,833,51608,,
0x9df8136a202232779a0b7692cf1b5a216cb51ecea388a6e890c94bcff07db29e,1764497602,1764497605,833,51608,,
0x1ce4838598ecb40eb0d240ee7bda3ec03779e4baaf7aa6e669c34f8eb19afab8,1764497602,1764497605,833,51596,,
0x2f3e5bb2a2bb5ac8e5108ee3fe9ca38a02e05141301be3b91e8cec92306a9f7d,1764497602,1764497605,833,51608,,
0x26a160e8dd714254f90eb28b1d6b184d98a3b01fc4f3924e1b70f5b64fe702cb,1764497603,1764497607,834,51608,,
0xf423bdd772b97517230c4b7e17af0e803095e94ea02dd83309157099451f4644,1764497603,1764497607,834,51608,,
0x8670c71dca1b7eedd8bbe2be8fb6d4aa3389d3dd88261b20bf1942c46ff8214f,1764497603,1764497607,834,51608,,
0x157222cd03fbc64f894fa75201d958c4ad2bea9839dba546d9b5509857914e27,1764497603,1764497607,834,51596,,
0x8a395ac89ec26ea167620149aca63670c834741d83abf844777061203bad394c,1764497603,1764497607,834,51608,,
0x0d8db68c52ee2011ba63b700bbeec9456901a15029c458a525f798348033a232,1764497603,1764497607,834,51608,,
0xc7303bd99e6b1ff6ef9eadf9fc5e2647750685d5dcd1f2762f408c2c534fdef6,1764497604,1764497607,834,51608,,
0x008eabda355cd1afe12cbb684cbef71b0c3912c8f884c8900a49f344cf5eb0f0,1764497604,1764497607,834,51608,,
0x54e8ec60c014e23316f06b79acde561f5946bfc58543a2f6363854f2cbe61feb,1764497604,1764497607,834,51608,,
0x4302612e2be0690123d133250d1952e8dabdd5884d47ef3ca6f5207ac45ee9a0,1764497604,1764497607,834,51596,,
0x2bfdf17f30f7d8ac384e40ac382ce8b45daeeba24a2bf9376ceab7dcbe36d25f,1764497605,1764497609,835,51608,,
0xf172107eda2a8454460adda48cd4b4402839bf706fd5cce8d6b50880a9efd705,1764497605,1764497609,835,51608,,
0x10278928ef7a08c67884b1a7cf015aed3425b2e74499f4827c19e4a995c460cc,1764497605,1764497609,835,51608,,
0xcf20e0c24a6ed0f32997f6661e64f4de4a666fc2bae017a1c630adb318c298b3,1764497605,1764497609,835,51608,,
0x1b481c405eff431abfb48ad43c85b23f7b121c9604a4be59c5f868be928b15a5,1764497605,1764497609,835,51608,,
0x24e55ee0610f71a118847f65bed06abd5e3b4771506f418001449d8186979910,1764497605,1764497609,835,51608,,
0x9023fc376d8cf5b660ccb1043ab7af97541002779a5807b68c5297a55e76dbb0,1764497606,1764497609,835,51596,,
0xb99b140cf62597f33c625ea9b5f3745cc14dc8e77a64e54eb8350fb904054964,1764497606,1764497609,835,51608,,
0xbd348a766f3de9725978d96819bbe3087cf2da1a95e84b0251d366de9cae0703,1764497606,1764497609,835,51608,,
0x27c838bc716b666d4da25d382087120b8f43e06b4173fdcc2f13fc9bca43c1f2,1764497606,1764497609,835,51608,,
0x6395e9f2c63942915d12b62b4174fda6bb302c94c3a12d66cf31285ac44fc0fe,1764497607,1764497611,836,51608,,
0x6c45c4077b7e6af02bffb454e8fd7e1ad1d2b8cee0d1327bd56f326502f9927a,1764497607,1764497611,836,51608,,
0x7f3b2ff65cd4cb4831aad435b2670a4a111d20c2177e41304fd35d62f4610358,1764497607,1764497611,836,51608,,
0xc06ee148602b8281febf787fa4344916bb81f102294bd0b876d9fa15f22fbd17,1764497607,1764497611,836,51608,,
0xe45c10e46156467c44235eaf583a613ce27f91967aaed9982e5ebdec206431ec,1764497607,1764497611,836,51608,,
0x650772119e4177c28dd71aeef9c1c66b7b917ade679b1797150c764ea1631547,1764497607,1764497611,836,51608,,
0x7fe9ae5440dc72c957ee13da4355d352697fca38ad8ea486b1aeab27dd0d81dc,1764497608,1764497611,836,51608,,
0x866a33947e884a056370c06806992d7cc3c378a383337e26a9a54d279926c774,1764497608,1764497611,836,51608,,
0xc13e65199a9811a4a8c02f7914286c8fa377e38b8a3817ab4e2d5c27a3ff057e,1764497608,1764497611,836,51608,,
0xb1f1b35fe355a98c4236d060078c6c25c293080b1f0c9e916c04878aebfa54b1,1764497608,1764497611,836,51608,,
0xf7d7fbbbd969f8fedb34093670a44b1375cf16fc40746afacdb372ede91fbcb2,1764497609,1764497613,837,51608,,
0x8ac245bcbe0750c43c57423b9431a2a26a94d5ff11e803ec5a99969b6e3c4945,1764497609,1764497613,837,51608,,
0x343ca7a482a5d480fa9ff16189b741e795169421423149f99c709aa2e654694c,1764497609,1764497613,837,51608,,
0x234d6e4a35dca5abdd536d6c5b98642684b2b298b11a5998e79d6bbaf96a9a75,1764497609,1764497613,837,51608,,
0x17c3ca657ac9db5ca64b66d2604e17ab600a05857bd3b6f830d207048ee3b14f,1764497609,1764497613,837,51608,,
0xaac84c068f58842cf199c03018616744e38975005fc5a74e3e17cd955292e0db,1764497609,1764497613,837,51608,,
0x964bceb733b3366b67c75a20d2e526bb18d1dc52578a713919177bbec40e3a05,1764497610,1764497613,837,51608,,
0x721d2f8885ab983fbd315dcf1add274df88770610af6a7b203352a8307f3d75b,1764497610,1764497613,837,51608,,
0xaf3ec5cd0d1d5b8afbb7b372f73c2d70058c976b90e3fcea18aa834757692ecc,1764497610,1764497613,837,51608,,
0xb4dd1bf809a7f1c47d2eb3b87cd7baecdf13aa3cba3e2a057efd1c8b851819cf,1764497610,1764497613,837,51608,,
0xe22282ea51ca90b619efe630f8ea1e40f1b57e4ff97a22840dbaf6abca5fed56,1764497611,1764497615,838,51608,,
0x7dce99038e03fde1efb37598c4ef6813fb1a2f621c3a3d77c69693e8a85c1d1c,1764497611,1764497615,838,51608,,
0x6479865de8fc097576ee485b6ad77c3376a886b6e32cf4256d68975c06d64728,1764497611,1764497615,838,51608,,
0x6e5645b163136efbf599dfcaa05a6d00ea00147f59555dad14ca9a3e2187abd0,1764497611,1764497615,838,51596,,
0x9680062f25b5e71437ca38e76f3fda90c37e6b75b5418483d84c9beae9b0b6e2,1764497611,1764497615,838,51608,,
0x5564cab8ac268adceb2174ba511187c68723e3f663e97c71d2844447fddab317,1764497611,1764497615,838,51608,,
0x2c7346a84135f27b93ea668a66193dda828580d9d8033b1a604262430d17fa66,1764497612,1764497615,838,51608,,
0x00b73672946b236543e327682c23c0fbb84f4cacd0d59a9307dcec5bb2edcf66,1764497612,1764497615,838,51608,,
0x31b66fac608a33b4dc219d06256ba981509db200880ac0cd15e8f67bf06cfd63,1764497612,1764497615,838,51596,,
0x78a9081bd81b6599d18ed374e3420cac78efd86c289b525bb7f9e3fe80df614d,1764497613,1764497615,838,51608,,
0x5d18c2c347d8546ec22252d75b042b1d6e21e36bcfbc23792cefc1f5fa0cbeb3,1764497613,1764497617,839,51608,,
0x1905975ae1bd95877b6637629ca25cf2bc8792d91adf04c5cb43c46adb50e8eb,1764497613,1764497617,839,51608,,
0x91cc4f270bcb1bab1b27db51f8cd6207e3f6ce957324512ab083466ce3a6def2,1764497613,1764497617,839,51608,,
0x28fc30e7ecf29c778fb63a5e89b8d62c9df5ebf812cf74b23d2e2c34ac120c69,1764497613,1764497617,839,51608,,
0x131ede5da817047da8155a400d0e64daa10055513e5fb029f09175c815bc1ccb,1764497613,1764497617,839,51596,,
0x205127743ea0476c970e20d82d51ec15018555f4853567cdcc13f8b524bc49b3,1764497613,1764497617,839,51608,,
0x884377e0caa510c8638d69d84da4bf59340ab7c92ecf615364f63fb6db81abc9,1764497614,1764497617,839,51608,,
0x38de7aa20b29a436efe800f968256d36a63b4a77370191a3ddc60259a99e35f9,1764497614,1764497617,839,51608,,
0x787fe4e8897091b7ce062e3b47673faf54cbebe29c31ecb0c1dbe00415ca1ab7,1764497614,1764497617,839,51608,,
0xf3c53f81ba6088508ef47a9ee8d9690ad6e5da09391336cd044086168f3c1053,1764497615,1764497619,840,51608,,
0xa6dcc8f5b1a68bb51e63dfe492c074f388676e4650eeba978e48f7ed98512b5e,1764497615,1764497619,840,51608,,
0xccd24b713371f42eff35585fa450d65769ef8255975486f251b7bfab1452b439,1764497615,1764497619,840,51608,,
0x7e26ba5aad9913014f2546ea0f6b918529cb4f75cb7efac53d95ca444df60f26,1764497615,1764497619,840,51608,,
0x343b85da2195553ff0a2ac787b7eacbb61fcb5dbd8542ff3758e61193cc05498,1764497615,1764497619,840,51596,,
0xe68b5a27451e266439477079a30b6b87260b2d3d4ca82ca734ebdfb9e16a1f3e,1764497615,1764497619,840,51608,,
0x33b893be176fa91238a9a3c6bb0cdcc285773d1e9bf01072ea28d7ecac00edda,1764497615,1764497619,840,51608,,
0x9d8ab8cd840366e423415c0edbcb820ad032de895443c4e663462994751405c8,1764497616,1764497619,840,51596,,
0x197c350e3faa266d4f3b05c58030b19a42a895e84d3bf203f930813f1addf2d4,1764497616,1764497619,840,51608,,
0x84c46fa095eec784319320f881b7a7e3f9a6be39bcbbc3d90c0bd324e59ae6b5,1764497616,1764497619,840,51608,,
0x4dd875b9fb360469583bf4557415e120e331bba3116d84ed3ef549bba15c9052,1764497617,1764497621,841,51608,,
0x48f224e7b0f4dacff840390f33e517464feca03b6edbb60800139731402cc75c,1764497617,1764497621,841,51608,,
0x67e6999ffe1207ed899cbd1a89c581b6da5fb24083e4e21b92cfd8eee3d9fa39,1764497617,1764497621,841,51608,,
0xdba06dfe60f74796d31b61a5d9be99b256a4095265fdf50e6d611ebcd561ed9c,1764497617,1764497621,841,51608,,
0x5bab0d1c7230d7e27023278107bb39b626cb41474cdbe26d89911f71a9d43c31,1764497617,1764497621,841,51608,,
0x608c264f6350ab057459c1327baa92a0125dc09bee465a1984b3c4641f43fbf8,1764497617,1764497621,841,51596,,
0x154906386ea05dca243de8ae8c6a0672ab4c1fabd0aa3afe3e79f42fe90454c2,1764497617,1764497621,841,51608,,
0x74898702bc9fdad07b2c6d00a73ea7379bd15faf80d1d918f96b1cc6af28f166,1764497618,1764497621,841,51608,,
0x0dc5e30bb4a8bc4c95ccab2aaf229ae450b8ab5f775256332b12197b80e2a550,1764497618,1764497621,841,51608,,
0xab0bfaf355bbc85eaf62cd877fd92a9a9698d315f5d0fbbcaf621dce94fc2278,1764497618,1764497621,841,51608,,
0x978a5e38f0e64f4420448b76cf564fe04f0bb0417363c560cefa291ca1910b6c,1764497619,1764497623,842,51608,,
0x745de24cfc7aaf0aaed89181ad5ee6e63c8bd7543be76b3db2249c1322090389,1764497619,1764497623,842,51608,,
0xbc338782d6a2668af1e9364c620ee6b0500baa78587a97b5e5531cf6a74461d9,1764497619,1764497623,842,51608,,
0x56c4c2675eb17004c164b94a67288777c08f6ee531f6a503383415403aa5c823,1764497619,1764497623,842,51584,,
0xa21895cb658274329e348ab955314b7742d3fd755ae2403540313aec8445ee1f,1764497619,1764497623,842,51596,,
0xf8ed375fe380180907a505adeddd5107edb4c9d3f85db86479c38d849b1a37d9,1764497619,1764497623,842,51608,,
0xcf389da277fe267ad0441cec43ca0245659e6e605079871aea4ce07506148966,1764497619,1764497623,842,51608,,
0xbee1071de125bc6b59a0f141c819d28ab2e0d4b11e2f5de8b13141aa5756845b,1764497620,1764497623,842,51608,,
0x84be99053f5e9cc91920c4ca0cc29554b5ada193a732a3cb37824e34f5dba395,1764497620,1764497623,842,51608,,
0xc7d4f9829e4f51f84e08c30369fa81bcd3773a739bc2d119a63773b620622c3b,1764497620,1764497623,842,51608,,
0xa276706543da1e4a1f598bdad3c114f7a8fabe2c7a9610bcfd19a3d573081458,1764497621,1764497625,843,51608,,
0x87d6d519260db2e33f630a6dbf911689a138de5caf13db654aeafc5e8bed4a06,1764497621,1764497625,843,51608,,
0x120ae53042b78ac3a97307f5948832a6216d0045fce893f93fbee6a1f805b774,1764497621,1764497625,843,51608,,
0x2126f405f767be6a4b727581dcb2fc330d284abcd6054699e86c4a92708a5ac6,1764497621,1764497625,843,51608,,
0xa210f4f36ff8a48bc833e12b7c8697f58a3f3930f063bf0689114c35be1939d3,1764497621,1764497625,843,51608,,
0x84120e55447cd53bd2758f24ec1e32b2f2a3969b8d24a5b6ae9e3e46dca5567b,1764497621,1764497625,843,51608,,
0xaa19d51dbb5f0fef2f3a2cf2cf7d2d779edfae1886e7059882efad77fa31be9c,1764497621,1764497625,843,51608,,
0x1a270ba61e6168d3cacd06365712aa3026cc4b7c8d6dad13663c9907026abff2,1764497622,1764497625,843,51608,,
0x8d7818e23433534171e6106c321ed9a58d7ebebc066068840f351ed2872ceef3,1764497622,1764497625,843,51608,,
0xf37816f08cf8d4023b4147c510109ca0710c8629e33b8f15632b4a8365dc358c,1764497622,1764497625,843,51608,,
0xba28ab0939b782a2e358975e5687ea29faf0a1da434fd29f3f0d60fb0da259a2,1764497623,1764497627,844,51608,,
0xa3ad75dfa6956b7574c2d20b76a18bd533f9b9eda300e403ba3caa6fb2f76309,1764497623,1764497627,844,51608,,
0xf91ca53c954059b6699a6c0a9eb3a79c02b47c2b1722dc899283db806b3f313d,1764497623,1764497627,844,51608,,
0x9005b5c13b473dbf435791cf1646d2b2ef6b20ac849ef875b952dc17f559818c,1764497623,1764497627,844,51608,,
0x7223c21560d078bbe772027a4c12f39c36c57fa12e8ab2f49026d7cba478dd70,1764497623,1764497627,844,51608,,
0x1211cace4bc1f04fb2e65e0333d79e557fc30cbf15dd414cb9d092d10142c116,1764497623,1764497627,844,51608,,
0x6b404470f68d21e87c0c73f6904c8b69f86ba2613a4c4c534162ea1c31aeb5dc,1764497623,1764497627,844,51608,,
0x646a7e864114e425f20f3645b555632a9bfdd1925d324259e01bbae65decf5c4,1764497624,1764497627,844,51608,,
0x62712b215ab860777373a73efafd6fb9c22e3c0ba999add5c4b1b438556d8263,1764497624,1764497627,844,51608,,
0xc03cace1fb08faf193269de5f56b33e974bdf1f0bfef1bc6f33d3047e922e512,1764497624,1764497627,844,51608,,
0x8039ac61e5098dbe91613b9c37ada8bf1207c12093eaaa579ea2509493f5f240,1764497625,1764497629,845,51608,,
0x7ae11be1cf5535da5dcd831a1bd9bc6071aa4452d8cf0d76bfe66dff13b8b35d,1764497625,1764497629,845,51608,,
0xed2d22e45fabf09e13a67c06d5a85d8ad92ee38ad88b7af19ee06331b3c6dd73,1764497625,1764497629,845,51608,,
0x811ca281eb277b39bef37a59ec61b500289d3a1f9a3daa59f6ddc16ac1c74f02,1764497625,1764497629,845,51596,,
0xcd521e20747af28d8abdbdd3ca49eca8a2ee26ab3caa5460eeccbd65901c5ab2,1764497625,1764497629,845,51608,,
0x0233e33f047af0371b31f19c6bf5d9830044ea681a793efcc62a3c2dd0ffa87e,1764497625,1764497629,845,51608,,
0x95c256fb74c532695993b64e8ea113732a9e57c406efff239a22cae06f5fb256,1764497625,1764497629,845,51608,,
0x2088cbab020abad0f4bd276822a365a65e8f8aa9e605c2e9ccc961075468d99a,1764497626,1764497629,845,51608,,
0xc9ceef567944f9d0dd2f02a54c4661a26a40cae2a88940d3a6db9d4442e557bb,1764497626,1764497629,845,51608,,
0x377fb4693ad35d213ac5efbd43875b69b8056379e2ca6689120aa7bb26d13bcd,1764497626,1764497629,845,51608,,
0x7b3b9f13faf200f700a7efc0a6fce7f9d0dd912b9ce9775cf17d85225bec25af,1764497627,1764497631,846,51608,,
0x2cb55c5689baa76bc10ffd0dcfde99249faeeaec1f5399db6c5968a547218a67,1764497627,1764497631,846,51608,,
0xf1add4b8213b57aa9c3313a91d5d9518619c9d2d70aca8604e7a9aa5ef335166,1764497627,1764497631,846,51608,,
0xc8ea07ca338da60f182b3c2d4cc52fff24361027b8c5205e2b09446e1c2c1100,1764497627,1764497631,846,51608,,
0x1119304fe982739603eed8c7110124bfb5d6f7af15a4aa93f169c9682c87d16c,1764497627,1764497631,846,51608,,
0x06550af9170a9ce51131c4f7a064a1142fcf82fb6a8cfb8b3f8707474125cf38,1764497627,1764497631,846,51608,,
0xc4d1c9d76a370c38b6f803d24919e955d33d2822a6cc4364c747a5545796fef8,1764497627,1764497631,846,51608,,
0x843528b32a7e78035837da2849314028c8d5d7908bfdc1b22c864439b1f92949,1764497628,1764497631,846,51608,,
0x17e779ac5e58aec575e547a120697ceacd377b6c55a51e682954dd2ff9abac5e,1764497628,1764497631,846,51608,,
0xef59497b3ecd406243e034a4a68d542aa61de56a0b2832c0417e8134c0d773b9,1764497628,1764497631,846,51608,,
0x9d8f4f0418edae7b431e4bdb253720467bd10deb4cdce85f78347ed72508f6f2,1764497629,1764497633,847,51608,,
0xe349b416947235c390c480b875d97101ede49709d06d9900f1ebb872c0b2dd25,1764497629,1764497633,847,51596,,
0x37925fb78732b8d68031334c5c0d80aa0e5d860d3fb179e29cbb4e723e260719,1764497629,1764497633,847,51608,,
0xe6b0a438c40bed7f874b520d65164e62c2407f1ab50c5f7620f25e72acc7ca4b,1764497629,1764497633,847,51608,,
0x5c3adcb2a02e3fab89bbcf7a55b0da17d8807536ea0908f1f651faf2f265d43c,1764497629,1764497633,847,51608,,
0x41b08ed2be2a59b75c155285c57b18a53dd2b999210edcdf55b9c5c0a265c245,1764497629,1764497633,847,51608,,
0x9d4f03db68c46b9a0d58b35c2c0a835a3b7b08bddfc49b11c86a32dd3dd51611,1764497629,1764497633,847,51608,,
0xad746ce3a77fbbc9420bc5142c76164bb42ace8eb954e45d89d33f58c7249a2d,1764497630,1764497633,847,51608,,
0xae1656faebd9fcb512ab946c16c8df1f887fb3e6a29517ef07fab5626e8a21d5,1764497630,1764497633,847,51608,,
0x17bb78ec4b6941dc82f6d825c28de982a67d25126546858ae2bd8b2b96b8da59,1764497630,1764497633,847,51608,,
0x3b60f04c979f97529f94df614f35c376f04fee1bca082b9f847a9d31cfbab38e,1764497631,1764497635,848,51608,,
0x6bb70cea5a39299ed674c44f093859db5965682b541c4d31b58db656f2dccd39,1764497631,1764497635,848,51608,,
0xb8689c1eccd4670c0fd434e468f75a203d3f7817f99db842c4326c47d2f3068b,1764497631,1764497635,848,51608,,
0xe5b85f31ea34f967d19032e003b4235976edfa0b2f0e60cc63e4ca83e0b6c043,1764497631,1764497635,848,51608,,
0xaa997fa527da397ddd983815b25fdb38b5bdec84888c6ca16c6f998d17870180,1764497631,1764497635,848,51608,,
0xe49b4a512bb8335be5eee2e58e2a6d2bd1cbca1a034adc18a913d936ea9051bb,1764497631,1764497635,848,51608,,
0x2732080ba9873cc99bda599288ac3969c54280ae1f2f58c81d6743b148e9e2c6,1764497631,1764497635,848,51596,,
0x0c125c4cccb53c87e3048eb02c73be53aceb93c3e9ee57ffbd3c19cd2396a393,1764497632,1764497635,848,51608,,
0x69fb87f044e9b849d35862f3875d7e5879045720a9849f724a9cf68a439037c2,1764497632,1764497635,848,51608,,
0xcfc6ba8e9ef15f495ad6c9d0771ab81e5dece699cbcbe9d38086fd26d83c9835,1764497632,1764497635,848,51608,,
0x27d0aa619134b9c97518f86cd352aeb252576cbe0c203d94ed30892c63c89bb1,1764497633,1764497637,849,51608,,
0x5590c928bf4420bccb0c82b0288cb6a530898d3829bbc97ca069673acfc294f2,1764497633,1764497637,849,51608,,
0xa9efdd34a9c9fafcf394b415a9be8101aa68263a43d12181565f32b1f41c3ec7,1764497633,1764497637,849,51608,,
0xe0dfd41b978c92051594ecd51679c81b8de3ce0deab2a6501c5eb1f38d76b39a,1764497633,1764497637,849,51608,,
0x0df76669e329bc30da2db639f32a1582830992fd3503296612c3d28b585d6e5d,1764497633,1764497637,849,51608,,
0xbd39f5cf0564a0d70058a9188c8a403653c40fe722a9917c1abf98c0f032e1ba,1764497633,1764497637,849,51608,,
0x9402cd9c598d08af355365f664abe588a8d6ded289260c7a379cf14ba35a5cb0,1764497633,1764497637,849,51608,,
0xf0849101b1f40c9409f2304ae84b8f41d8e2b3817a35f451067b15c2fbb16056,1764497634,1764497637,849,51608,,
0x9b2f0fde6292167aa8401083c601eef8fad93e9a090135a193a6c3f2306fd662,1764497634,1764497637,849,51608,,
0x62c1938c1be1815f3a2d1db5f76d1370eafdb36d98b683151c2b036330daef22,1764497634,1764497637,849,51596,,
0xecc74d895bec432f0673917d8830d1a2c0bec9c6162168b6c6acdce69ba92152,1764497635,1764497639,850,51596,,
0x9e012176ab505b35c6e3b33885e1692ca5f49aa34213d93c9f3d7ad030509135,1764497635,1764497639,850,51596,,
0x1fb5de86ca8b530324507b829e3973cdb22d416a3b853c4313577940c1295a2d,1764497635,1764497639,850,51608,,
0x988572daeac63ef46fe73682d7a1d9dbe065104f8ab2f6c7355aef8bebc1db03,1764497635,1764497639,850,51608,,
0xd13c690d63a5f31a2edd6d02607bbb561021ec6072104a3322a3fc35a174fa46,1764497635,1764497639,850,51608,,
0x16950b9d91b51aa36598142367ae54ca836c9cda4de926473942763b116426f1,1764497635,1764497639,850,51608,,
0xee7e65b55fdf478654bfde33be2c218f6eb424b13bb65f23a36ae499a69d2d43,1764497635,1764497639,850,51608,,
0x13fe9e9ff2379e1dd3fbbcd5efeee561cdb9c49b07a05d6c10ad6901103e3e31,1764497636,1764497639,850,51608,,
0xc2b60af77be7ab45899a7f66fd16bb3fb0f29466760c8c394da46293ccded92d,1764497636,1764497639,850,51608,,
0x25ad1995d5c8555feef4917a35665af04f106ecfb0a1bae061c38cc4736d54ca,1764497636,1764497639,850,51608,,
0x6d9e52ee46b98eb561fdbda8959f430464d8788a9273dda08e0d8e625dbc5a0b,1764497637,1764497641,851,51608,,
0xbdeb8782fcacab48e23e32c265bbe9c6b56c4eadf15f1537acad0dc99fca27c9,1764497637,1764497641,851,51608,,
0x81e2776b24f090bfbae677e8297d70ad25a189d9bf7ac4b2f83a1ce991d101e2,1764497637,1764497641,851,51608,,
0xb13f17691d62a98dc14f5b49cb3afa8601b177e1b253b1f921bcc9de7a8d02ec,1764497637,1764497641,851,51608,,
0xbaa39479a5a50ad7698e3d3496556f7dc67cad3182d57a2db9c73c5cad1d29fe,1764497637,1764497641,851,51608,,
0xfd1a2b6bae428ec4b6c047a443ed73801e0520895854b31769592828a3296eec,1764497637,1764497641,851,51608,,
0xacec8f0fa1095bc98c3762ed122093d22645688e7cec9648a28bd054c443761a,1764497637,1764497641,851,51608,,
